date,open,high,low,close,volume,value
2011-01-03,87.6198,91.4999,87.4234,89.388,599996.0,53913956.85
2011-01-04,90.3702,90.3702,87.2269,88.0619,219858.0,19412834.05
2011-01-05,87.4234,87.669,85.7044,86.3429,161480.0,13999835.5
2011-01-06,86.4411,86.8831,83.7398,84.1327,135901.0,11505256.3
2011-01-07,84.1327,84.2801,79.3195,80.4492,159727.0,13065589.25
2011-01-10,81.0876,81.0876,77.1585,77.5514,182085.0,14312603.3
2011-01-11,78.5337,86.834,77.6005,82.3155,1148779.0,94887339.3
2011-01-12,83.1996,83.1996,79.7124,80.9403,336115.0,27230435.55
2011-01-13,81.2841,85.3606,80.3509,81.8244,618377.0,51699738.6
2011-01-14,82.0208,82.3646,78.9266,79.3686,207613.0,16748511.3
2011-01-17,79.5651,80.4,76.6182,77.2076,138529.0,10778841.45
2011-01-18,78.0917,79.5651,77.0112,77.6496,139788.0,10930997.95
2011-01-19,78.5828,80.7438,77.4041,77.7479,185835.0,14590615.6
2011-01-20,78.1899,79.3686,76.7656,77.2567,108169.0,8407151.55
2011-01-21,77.6005,79.2704,76.9129,77.2076,118294.0,9237532.25
2011-01-24,77.1585,79.1722,76.1271,77.4532,236291.0,18355709.75
2011-01-25,77.6005,79.074,76.8147,77.3058,103124.0,8051180.15
2011-01-27,78.0917,78.4846,74.8992,75.2922,91580.0,7028818.75
2011-01-28,75.5377,75.5377,70.479,71.4121,271369.0,19733375.35
2011-01-31,71.7068,71.7068,68.76,69.8405,130048.0,9065962.1
2011-02-01,70.0369,72.1488,68.76,69.1038,179126.0,12639554.8
2011-02-02,69.4476,70.3316,68.3671,68.76,103507.0,7177350.0
2011-02-03,69.8405,71.1174,68.3179,70.5281,147103.0,10304685.2
2011-02-04,71.1666,73.1311,69.3493,70.0369,172616.0,12337981.55
2011-02-07,71.0192,71.0192,67.9741,68.2197,82613.0,5675393.6
2011-02-08,69.1529,69.1529,64.3397,64.7326,115010.0,7609830.0
2011-02-09,65.1255,65.1255,60.0176,60.9017,176195.0,11034643.1
2011-02-10,62.3751,64.6344,58.0531,62.0804,202152.0,12099370.1
2011-02-11,61.7857,65.9113,59.0353,62.6698,181965.0,11293199.5
2011-02-14,63.8485,67.4339,63.5539,66.8936,163077.0,10820298.25
2011-02-15,67.5812,68.4653,61.6875,62.1295,506922.0,32460652.15
2011-02-16,63.3574,71.1174,62.8663,63.7994,2432422.0,163297744.05
2011-02-17,64.5361,66.206,62.6207,63.2592,858121.0,55432418.55
2011-02-18,63.7994,65.2729,59.0845,59.5756,565731.0,35177130.7
2011-02-21,59.9194,60.8035,59.0353,59.9194,342227.0,20521737.7
2011-02-22,60.4105,60.4105,57.7093,58.2495,347428.0,20437153.6
2011-02-23,58.6915,60.607,57.2672,58.4951,401261.0,23609505.0
2011-02-24,59.6247,59.6247,55.9903,56.6779,258132.0,14831358.45
2011-02-25,58.7407,59.33,55.7938,56.7761,469555.0,26973937.8
2011-02-28,58.7407,58.7407,55.9903,56.2358,234241.0,13357434.95
2011-03-01,57.6601,57.6601,56.3341,57.2672,201785.0,11504730.9
2011-03-03,57.2672,62.8663,56.5796,61.9822,1386697.0,84960828.4
2011-03-04,63.2592,63.6521,59.1827,60.7052,557657.0,34655081.15
2011-03-07,60.9017,60.9017,59.0845,59.5756,149115.0,8887438.8
2011-03-08,59.8212,61.1473,59.8212,60.6561,124933.0,7574840.85
2011-03-09,61.2455,61.7857,59.9194,60.4105,116725.0,7072045.95
2011-03-10,60.9017,62.1787,59.6738,60.4597,218681.0,13329898.25
2011-03-11,59.9194,60.3614,58.9862,59.1827,215784.0,12856192.25
2011-03-14,60.9017,60.9017,56.9725,58.6915,122082.0,7155895.95
2011-03-15,57.9548,58.0531,55.9903,56.8743,127505.0,7261514.05
2011-03-16,58.6424,58.8389,56.4814,57.4637,120734.0,6992674.6
2011-03-17,58.446,58.446,56.6779,56.9725,120593.0,6888707.4
2011-03-18,58.446,58.446,56.4814,56.7761,88687.0,5053103.85
2011-03-21,57.9548,57.9548,55.9903,56.2358,73093.0,4126721.3
2011-03-22,57.7584,57.7584,56.2849,56.4814,92184.0,5220178.55
2011-03-23,57.7584,57.7584,56.3832,57.0217,102965.0,5867423.9
2011-03-24,57.9548,62.8663,57.2672,60.4105,838330.0,50940550.25
2011-03-25,61.5893,61.5893,59.0353,59.2809,212156.0,12645777.2
2011-03-28,59.4774,60.7052,58.2495,58.7407,197471.0,11715597.65
2011-03-29,59.2318,61.2455,58.5933,60.0176,390777.0,23557066.3
2011-03-30,60.5088,62.6698,59.9194,60.7052,397215.0,24290060.4
2011-03-31,61.3437,61.3437,59.0353,59.5756,196841.0,11803273.45
2011-04-01,61.4419,62.1787,60.165,61.6384,341559.0,20930349.6
2011-04-04,62.0804,66.0587,61.9331,64.6344,705172.0,45521236.25
2011-04-05,65.2237,67.5812,63.1609,66.5007,563615.0,37058971.25
2011-04-06,67.2374,68.4653,65.5675,66.8936,448962.0,30106148.0
2011-04-07,67.5321,69.5949,66.3534,68.8582,520307.0,35759835.6
2011-04-08,69.5949,70.3316,66.3043,66.7463,322435.0,21908147.85
2011-04-11,66.7954,66.7954,64.5361,64.8308,178159.0,11648538.65
2011-04-13,65.322,66.5989,64.3397,65.9113,162441.0,10655299.15
2011-04-15,66.5989,66.5989,64.4379,64.8308,134371.0,8767016.05
2011-04-18,66.6972,66.6972,63.0627,63.2592,144880.0,9343576.4
2011-04-19,64.487,64.487,62.3751,63.4065,123815.0,7804009.15
2011-04-20,64.2906,68.5635,63.7012,66.7463,671471.0,44872342.0
2011-04-21,67.3848,67.4339,64.6344,64.9782,208219.0,13632813.7
2011-04-25,65.322,67.925,64.5361,66.1078,285013.0,19013504.05
2011-04-26,66.5498,66.5498,64.5361,64.9291,101456.0,6597399.85
2011-04-27,65.6658,67.3848,65.322,65.6167,176218.0,11670328.4
2011-04-28,66.2551,66.2551,64.045,64.3397,87242.0,5643216.05
2011-04-29,61.1473,64.9291,61.1473,62.4242,110302.0,6973866.85
2011-05-02,63.5047,64.2415,61.4911,61.9822,83925.0,5206969.2
2011-05-03,62.1295,63.2592,59.8212,60.0667,141189.0,8651988.75
2011-05-04,60.4105,61.049,59.33,60.6561,93364.0,5591590.7
2011-05-05,60.9017,61.5402,58.9371,59.2318,101077.0,6054534.4
2011-05-06,59.6738,60.4105,59.1827,59.7229,84909.0,5068324.4
2011-05-09,60.7052,60.9999,58.9862,59.3791,64965.0,3865765.75
2011-05-10,60.607,60.607,58.6424,58.8389,112538.0,6652887.65
2011-05-11,59.3791,59.9194,58.9371,59.6247,94167.0,5601887.55
2011-05-12,59.8212,61.884,59.2318,59.5756,145390.0,8799431.6
2011-05-13,59.1336,62.0804,58.2495,60.5579,144047.0,8777334.15
2011-05-16,61.884,65.322,61.8349,62.1295,522388.0,32907686.75
2011-05-17,62.768,64.3397,62.1787,62.6698,419268.0,26452992.35
2011-05-18,63.1609,63.8977,61.4419,61.8349,297668.0,18536530.0
2011-05-19,62.326,62.6698,59.4283,60.2141,132401.0,8049609.2
2011-05-20,60.1159,60.6561,59.2318,59.7229,120180.0,7219664.7
2011-05-23,59.0845,59.9194,58.1513,58.4951,98884.0,5810938.5
2011-05-24,58.888,59.2809,57.1199,57.9057,103126.0,5968359.8
2011-05-25,58.2004,58.888,57.2672,58.1022,88738.0,5149378.8
2011-05-26,58.5933,58.6915,57.9057,58.0039,69371.0,4032772.25
2011-05-27,57.5128,59.7229,57.5128,58.888,119361.0,7009118.35
2011-05-30,59.4283,60.4105,59.0845,59.9194,81428.0,4851563.45
2011-05-31,60.8035,63.1609,60.8035,62.0804,252079.0,15685852.2
2011-06-01,62.6698,62.6698,61.1964,62.0313,88302.0,5459917.5
2011-06-02,61.8349,61.8349,60.7052,61.2946,120921.0,7382299.8
2011-06-03,60.9999,63.0627,60.9999,62.0313,289288.0,17944340.55
2011-06-06,61.884,62.7189,60.5088,61.3928,81625.0,4984759.05
2011-06-07,61.3928,66.3043,60.9017,64.3888,2152632.0,140177555.3
2011-06-08,64.2906,65.7149,63.4556,64.045,358945.0,23161477.45
2011-06-09,64.2415,65.2237,63.1609,63.7503,194480.0,12500410.6
2011-06-10,64.0941,64.0941,61.3437,62.1295,129873.0,8128764.85
2011-06-13,61.884,64.3397,61.2946,63.8977,497109.0,31545615.9
2011-06-14,63.8977,64.8308,62.9645,63.3574,167662.0,10726680.25
2011-06-15,63.6521,69.1529,62.3751,66.6481,2651916.0,179108878.35
2011-06-16,65.7149,67.2374,63.7503,64.2415,508468.0,33349453.8
2011-06-17,64.6344,66.2551,63.0627,63.4556,206733.0,13340122.15
2011-06-20,63.4556,64.1432,58.446,59.1336,297227.0,17866260.1
2011-06-21,60.6561,60.6561,58.9371,59.0353,154291.0,9177141.5
2011-06-22,59.0353,59.8703,57.9548,58.1513,146586.0,8564694.0
2011-06-23,58.3477,59.2809,57.5128,57.8566,126007.0,7322839.45
2011-06-24,58.0531,59.8703,58.0531,59.5756,172237.0,10187076.95
2011-06-27,60.0176,60.7052,58.5933,59.9685,125235.0,7515729.1
2011-06-28,59.9685,60.8035,59.4774,59.6738,93408.0,5595480.0
2011-06-29,58.9371,60.8035,58.9371,60.0176,110890.0,6665447.5
2011-06-30,60.6561,63.2592,60.0667,61.5402,287933.0,17814099.25
2011-07-01,61.7366,62.6207,60.9508,61.1964,96394.0,5940829.35
2011-07-04,62.6207,62.6207,61.5402,61.9331,80051.0,4967725.6
2011-07-05,62.5225,63.2592,61.1473,61.4419,93760.0,5819283.45
2011-07-06,61.5893,62.2769,61.1964,61.2946,56762.0,3496719.4
2011-07-07,61.2946,62.7189,61.2946,61.7857,104773.0,6486437.75
2011-07-08,61.9331,62.4242,61.049,61.2946,60775.0,3751220.2
2011-07-11,60.9017,63.0136,60.9017,61.5893,109879.0,6800388.5
2011-07-12,60.9508,61.5893,59.5265,59.8703,70457.0,4260354.95
2011-07-13,60.7543,61.3928,60.2141,60.4105,72191.0,4383469.6
2011-07-14,60.4105,61.2946,59.9194,60.4105,71908.0,4361922.45
2011-07-15,60.4597,62.768,60.4105,62.1295,263111.0,16291499.0
2011-07-18,62.768,66.0587,62.4242,65.0764,882787.0,57054369.5
2011-07-19,65.322,66.9919,64.6344,64.9291,452918.0,29834289.9
2011-07-20,65.3711,65.5675,63.1118,63.3083,163283.0,10484857.15
2011-07-21,62.9645,65.0273,62.3751,62.4733,143188.0,9119981.1
2011-07-22,62.6207,63.3574,62.0313,62.1787,74782.0,4681066.85
2011-07-25,62.2769,63.5539,62.0313,62.326,73117.0,4587336.9
2011-07-26,62.5225,62.6207,61.049,61.1964,87872.0,5415495.9
2011-07-27,61.1964,62.326,60.6561,60.7543,91402.0,5612882.35
2011-07-28,60.7052,60.9017,59.9194,60.2141,54895.0,3310244.0
2011-07-29,60.4597,60.6561,59.4283,59.7721,42651.0,2562701.95
2011-08-01,60.5088,60.6561,59.0353,59.33,81828.0,4893373.75
2011-08-02,59.2809,59.2809,56.6287,56.9725,100319.0,5759677.65
2011-08-03,56.4814,56.6287,55.4991,55.8429,108808.0,6086678.3
2011-08-04,56.3832,57.8566,56.0885,56.8252,102777.0,5859512.1
2011-08-05,56.2358,56.6779,53.3381,54.4677,125790.0,6825864.4
2011-08-08,53.5345,53.8292,51.3244,51.8155,101806.0,5285592.5
2011-08-09,50.1948,51.57,49.016,49.4581,129904.0,6503845.15
2011-08-10,51.0297,51.9629,50.5877,50.8824,55244.0,2832908.65
2011-08-11,51.6682,55.0571,51.57,53.6819,274403.0,14700540.5
2011-08-12,54.5168,55.892,52.7487,53.0434,129318.0,7002572.2
2011-08-16,53.5345,55.008,50.4895,50.9315,61151.0,3199053.6
2011-08-17,44.3502,51.8155,44.3502,48.8196,67570.0,3345565.55
2011-08-18,48.8196,50.8333,47.4444,47.7882,162562.0,7948942.15
2011-08-19,47.6408,49.1143,45.6271,46.7568,75886.0,3563904.35
2011-08-22,47.0515,48.3284,46.3147,47.9846,72560.0,3438035.8
2011-08-23,47.2479,48.9178,47.1497,47.8373,85596.0,4114453.25
2011-08-24,47.6408,50.2439,47.6408,48.4758,75873.0,3723046.45
2011-08-25,49.1143,49.7036,48.2302,48.6231,74366.0,3630840.25
2011-08-26,48.1811,49.0651,45.8727,46.1183,60083.0,2839432.9
2011-08-29,46.3147,47.4935,46.3147,47.297,76981.0,3623848.3
2011-08-30,47.3461,48.7705,47.3461,48.3284,72096.0,3479771.2
2011-09-02,49.1143,51.0788,49.016,49.2125,119913.0,5942205.4
2011-09-05,48.4758,50.0474,48.1811,49.4089,51329.0,2512790.65
2011-09-06,49.4089,50.4403,48.5249,50.0965,80712.0,3994299.55
2011-09-07,50.3421,52.2576,49.5072,51.0297,141851.0,7271766.15
2011-09-08,51.0788,51.8647,50.6859,51.1771,55229.0,2834787.05
2011-09-09,51.8647,56.7761,51.1771,53.9766,731321.0,40280233.0
2011-09-12,53.0434,53.4854,51.7664,52.1593,113314.0,5945384.3
2011-09-13,52.9943,53.731,50.0965,52.012,109484.0,5741024.55
2011-09-14,52.012,52.7487,51.4717,52.2576,45794.0,2387333.35
2011-09-15,52.4049,54.7624,52.3067,53.6819,166263.0,8930969.45
2011-09-16,53.3381,54.9589,53.2399,54.2713,94908.0,5136751.4
2011-09-19,54.5659,54.7624,53.6328,54.5659,44380.0,2416258.6
2011-09-20,54.0748,55.5973,54.0748,55.45,66743.0,3675357.25
2011-09-21,55.6,56.4,54.6,55.5,121599.0,6774334.3
2011-09-22,54.5,55.5,52.75,53.55,66389.0,3619975.55
2011-09-23,52.0,53.0,51.4,51.9,59391.0,3086466.95
2011-09-26,52.45,56.3,52.2,52.8,221100.0,12009041.1
2011-09-27,53.2,55.65,53.1,53.65,171131.0,9327505.6
2011-09-28,54.0,54.0,52.1,52.25,48470.0,2561758.95
2011-09-29,51.05,52.6,51.05,52.0,57739.0,2998599.65
2011-09-30,51.1,53.6,51.1,52.65,80608.0,4239711.05
2011-10-03,52.25,52.65,50.25,51.15,50543.0,2580733.9
2011-10-04,49.5,51.9,49.5,50.55,42257.0,2155996.85
2011-10-05,50.6,51.2,50.2,50.5,47397.0,2402175.25
2011-10-07,51.05,51.9,51.0,51.1,40792.0,2094052.35
2011-10-10,51.1,51.9,51.1,51.5,38543.0,1985319.8
2011-10-11,51.75,52.5,51.1,51.35,45929.0,2382547.4
2011-10-12,51.4,53.5,51.35,52.65,94198.0,4963240.55
2011-10-13,52.15,54.4,52.15,53.2,137927.0,7368529.6
2011-10-14,52.45,54.75,52.45,53.0,58064.0,3096658.3
2011-10-17,53.05,53.7,51.9,52.25,48748.0,2560047.15
2011-10-18,51.9,51.9,51.2,51.65,28070.0,1447262.8
2011-10-19,51.75,53.1,51.75,51.9,71409.0,3736246.15
2011-10-20,51.6,51.8,51.2,51.35,26303.0,1353583.25
2011-10-21,51.5,52.35,50.9,51.05,54585.0,2816489.1
2011-10-24,51.2,51.75,45.65,49.9,57044.0,2862238.8
2011-10-25,49.0,50.5,49.0,50.15,33159.0,1658600.4
2011-10-26,50.25,50.9,50.2,50.7,16410.0,831317.45
2011-10-28,51.0,52.95,51.0,51.7,51703.0,2668971.5
2011-10-31,51.9,53.15,51.5,51.95,66511.0,3478327.65
2011-11-01,51.6,52.5,51.6,51.75,48409.0,2521293.8
2011-11-02,51.2,52.8,51.2,52.5,83747.0,4383517.45
2011-11-03,52.15,52.8,51.5,51.9,41779.0,2171205.6
2011-11-04,52.0,53.3,52.0,52.3,87298.0,4598660.15
2011-11-08,52.0,53.45,50.15,50.8,102683.0,5275942.2
2011-11-09,51.1,51.7,50.2,50.55,36037.0,1836530.4
2011-11-11,50.55,50.8,49.4,49.65,45520.0,2275272.95
2011-11-14,51.0,57.8,49.2,49.55,173065.0,8796202.5
2011-11-15,50.0,50.9,47.8,48.0,112068.0,5524317.6
2011-11-16,48.3,48.3,46.75,47.0,76611.0,3619111.0
2011-11-17,47.0,47.45,44.85,45.5,55055.0,2550703.2
2011-11-18,45.0,45.0,42.55,43.65,79279.0,3448388.25
2011-11-21,43.65,43.65,42.7,43.05,50887.0,2191218.95
2011-11-22,43.15,43.6,38.4,40.65,200655.0,8135161.8
2011-11-23,40.65,40.8,39.5,39.9,61407.0,2453728.75
2011-11-24,40.3,40.7,39.0,40.25,52060.0,2070652.45
2011-11-25,40.0,41.6,37.8,38.25,167149.0,6619342.1
2011-11-28,39.75,40.5,38.4,39.1,146412.0,5739962.45
2011-11-29,39.9,39.9,38.9,39.25,42727.0,1682822.15
2011-11-30,39.45,39.65,38.65,39.15,26161.0,1022967.25
2011-12-01,39.5,40.7,39.35,39.65,52652.0,2102661.9
2011-12-02,39.6,39.7,37.9,39.05,149344.0,5765981.35
2011-12-05,39.0,39.65,37.45,38.15,150657.0,5797292.15
2011-12-07,39.0,39.45,38.1,38.2,80971.0,3119653.95
2011-12-08,38.95,39.1,36.1,36.65,162896.0,6089458.75
2011-12-09,34.1,36.85,34.1,36.55,61959.0,2247788.9
2011-12-12,37.4,37.4,35.0,35.15,69581.0,2488750.9
2011-12-13,35.5,37.35,34.5,34.95,226720.0,8094350.25
2011-12-14,35.05,35.65,34.05,34.25,56943.0,1966309.4
2011-12-15,34.0,34.3,27.4,27.4,628689.0,18240753.6
2011-12-16,22.15,25.75,22.15,22.8,3072461.0,72741079.6
2011-12-19,24.8,24.8,22.6,23.7,407125.0,9538919.35
2011-12-20,23.85,24.6,23.3,23.5,201654.0,4840846.9
2011-12-21,23.95,24.6,23.5,23.7,126134.0,3015939.95
2011-12-22,23.8,23.9,22.65,23.25,154455.0,3606070.25
2011-12-23,23.8,24.35,23.05,23.3,235529.0,5539829.15
2011-12-26,23.75,24.3,23.3,23.9,111327.0,2663445.35
2011-12-27,24.4,25.95,23.95,24.9,300316.0,7546886.9
2011-12-28,25.8,26.2,24.05,24.25,104284.0,2551620.2
2011-12-29,24.0,24.7,23.6,24.05,80989.0,1962927.9
2011-12-30,24.2,24.45,23.1,23.6,96927.0,2298108.1
2012-01-02,23.4,24.25,23.05,23.85,72252.0,1706995.15
2012-01-03,23.95,25.75,23.85,25.3,215453.0,5401923.1
2012-01-04,25.5,26.35,25.0,25.7,158282.0,4073843.4
2012-01-05,25.55,26.2,25.4,25.8,68040.0,1760304.2
2012-01-06,25.5,26.95,25.4,26.6,107567.0,2810079.05
2012-01-07,26.6,30.7,26.5,29.55,301547.0,8887114.5
2012-01-09,28.15,31.15,28.15,29.75,340217.0,10313995.75
2012-01-10,30.45,31.5,30.0,31.05,207828.0,6412964.55
2012-01-11,31.05,33.2,31.05,31.85,264724.0,8509709.7
2012-01-12,32.0,33.3,31.7,32.1,195273.0,6297953.6
2012-01-13,32.1,33.2,32.1,32.3,155782.0,5070126.75
2012-01-16,32.0,33.3,32.0,32.4,90189.0,2939951.15
2012-01-17,33.45,33.45,32.15,32.2,116474.0,3798254.2
2012-01-18,32.9,32.9,30.35,30.85,105473.0,3302376.6
2012-01-19,31.1,31.8,30.65,30.85,67456.0,2088542.0
2012-01-20,30.3,32.5,30.3,31.45,165513.0,5207940.25
2012-01-23,32.0,33.3,31.8,32.4,228845.0,7459964.0
2012-01-24,32.5,33.1,32.15,32.3,94193.0,3058436.85
2012-01-25,32.9,32.9,32.15,32.55,93985.0,3057268.2
2012-01-27,32.7,34.9,32.05,33.8,257024.0,8751662.45
2012-01-30,33.55,40.55,33.55,38.5,2035615.0,79615936.8
2012-01-31,38.85,39.0,35.5,36.6,418904.0,15449453.7
2012-02-01,36.9,39.4,36.65,37.85,418369.0,15980048.55
2012-02-02,38.2,39.2,37.1,37.95,240577.0,9223555.8
2012-02-03,37.95,40.4,37.25,38.65,370455.0,14531254.35
2012-02-06,39.4,41.55,39.05,39.85,480576.0,19405081.55
2012-02-07,40.5,41.9,38.8,39.5,224344.0,9100757.9
2012-02-08,39.9,42.8,39.55,41.45,485353.0,20069240.5
2012-02-09,41.2,43.8,41.0,42.65,291343.0,12406860.85
2012-02-10,43.0,44.6,41.3,42.0,309456.0,13273019.35
2012-02-13,42.9,43.3,41.1,41.8,172833.0,7315907.25
2012-02-14,41.85,42.6,40.2,40.9,144245.0,5942297.55
2012-02-15,41.8,42.5,40.5,41.85,256520.0,10721696.75
2012-02-16,42.25,44.4,41.85,43.7,315771.0,13652968.35
2012-02-17,44.0,45.8,44.0,44.1,314890.0,14055987.65
2012-02-21,44.15,46.3,43.25,45.55,359225.0,16316277.15
2012-02-22,45.5,46.3,42.05,42.6,175053.0,7746713.65
2012-02-23,42.5,42.5,40.5,41.75,124533.0,5149915.5
2012-02-24,42.0,42.5,39.2,40.0,127618.0,5191115.85
2012-02-27,40.0,40.0,36.6,37.3,162356.0,6105428.65
2012-02-28,37.9,39.55,37.3,38.85,188960.0,7330804.25
2012-02-29,39.2,40.75,38.3,39.6,161590.0,6410018.55
2012-03-01,39.2,40.4,38.6,39.65,138270.0,5474401.85
2012-03-02,40.6,41.3,39.6,39.85,132823.0,5363879.9
2012-03-03,40.45,40.45,39.5,39.8,12051.0,480614.35
2012-03-05,39.8,39.9,37.9,38.15,85213.0,3287554.4
2012-03-06,37.85,39.2,36.6,37.2,111259.0,4219745.0
2012-03-07,37.2,37.5,36.0,37.05,55269.0,2044659.4
2012-03-09,37.2,38.0,35.6,37.65,85623.0,3211231.15
2012-03-12,38.05,39.75,38.05,38.45,128602.0,4995851.3
2012-03-13,39.15,39.35,38.35,38.65,123830.0,4803453.35
2012-03-14,39.8,40.8,39.0,39.75,743593.0,29562258.65
2012-03-15,39.75,39.9,38.05,38.3,83882.0,3245864.75
2012-03-16,38.7,39.7,37.25,37.55,127162.0,4926530.0
2012-03-19,37.7,38.45,36.65,36.9,157757.0,5946667.1
2012-03-20,37.25,37.7,36.1,36.45,55656.0,2045393.15
2012-03-21,36.5,37.8,36.4,37.15,187281.0,6919489.0
2012-03-22,37.4,38.4,36.55,36.8,121707.0,4561249.95
2012-03-23,36.3,37.35,36.0,37.05,71034.0,2617434.55
2012-03-26,37.0,37.9,36.0,36.3,51494.0,1876815.2
2012-03-27,36.3,37.25,34.9,35.05,114345.0,4084232.8
2012-03-28,35.4,35.5,33.8,34.1,56036.0,1934715.25
2012-03-29,33.8,34.6,32.0,34.0,64402.0,2170793.8
2012-03-30,34.4,35.6,33.8,35.3,53440.0,1875116.65
2012-04-02,35.6,36.5,35.5,36.25,44600.0,1602842.0
2012-04-03,36.3,37.55,36.2,36.6,43882.0,1622586.3
2012-04-04,36.2,37.95,35.7,37.5,82294.0,3050476.7
2012-04-09,37.5,37.5,36.2,36.45,32128.0,1176259.35
2012-04-10,36.5,37.4,35.85,36.2,88460.0,3235424.7
2012-04-11,36.0,36.45,35.3,35.7,44565.0,1600602.65
2012-04-12,35.55,36.55,35.55,35.7,32160.0,1154416.5
2012-04-13,35.5,36.4,35.2,35.35,41235.0,1477792.95
2012-04-16,35.8,35.8,35.0,35.1,25070.0,881409.9
2012-04-17,35.2,35.65,34.7,35.1,37293.0,1310215.85
2012-04-18,35.5,36.7,35.25,36.05,77335.0,2793017.3
2012-04-19,36.05,38.15,35.75,36.95,107782.0,4023237.45
2012-04-20,37.9,37.9,36.25,36.45,51504.0,1889091.5
2012-04-23,36.2,40.5,35.7,39.5,383262.0,14749290.5
2012-04-24,40.75,41.4,36.55,37.25,858916.0,34088235.1
2012-04-25,37.8,38.4,36.6,36.8,84423.0,3154479.75
2012-04-26,37.0,37.4,35.6,35.85,76492.0,2775457.8
2012-04-27,36.2,36.6,35.3,35.5,44742.0,1600665.95
2012-04-28,35.9,35.9,35.5,35.55,3166.0,112813.25
2012-04-30,35.2,36.9,35.2,35.8,65143.0,2349959.8
2012-05-02,35.4,36.3,35.4,35.7,73361.0,2630283.45
2012-05-03,35.35,35.85,34.9,35.0,51453.0,1809396.0
2012-05-04,35.0,35.0,33.65,33.85,62270.0,2123210.5
2012-05-07,33.8,33.8,32.55,33.55,42440.0,1401559.8
2012-05-08,33.5,34.0,31.05,31.5,136310.0,4425191.95
2012-05-09,31.1,32.25,30.8,31.0,63935.0,1993200.7
2012-05-10,31.1,31.85,30.5,30.8,68844.0,2151266.55
2012-05-11,31.8,31.8,24.75,25.55,859207.0,22872946.85
2012-05-14,25.0,27.55,25.0,26.35,167292.0,4457132.65
2012-05-15,26.2,26.4,24.7,25.3,149739.0,3802649.65
2012-05-16,24.55,24.85,23.8,24.25,137132.0,3327852.7
2012-05-17,24.5,24.9,23.95,24.1,97241.0,2372590.6
2012-05-18,24.1,24.25,22.3,23.95,85253.0,2009221.6
2012-05-21,23.55,25.15,23.55,24.65,71269.0,1764168.2
2012-05-22,24.7,25.45,24.35,24.45,50135.0,1248101.35
2012-05-23,24.5,24.5,23.9,24.15,28442.0,686898.65
2012-05-24,24.2,24.25,24.0,24.05,56284.0,1356647.15
2012-05-25,24.35,24.55,22.6,24.15,64676.0,1550585.0
2012-05-28,24.9,24.9,24.1,24.45,50827.0,1243648.25
2012-05-29,24.9,25.9,24.35,24.9,87908.0,2216452.35
2012-05-30,25.2,25.2,24.1,24.25,32920.0,804029.8
2012-05-31,24.0,25.15,24.0,24.25,82505.0,2028460.7
2012-06-01,24.65,24.7,23.6,23.95,32859.0,788717.1
2012-06-04,23.1,23.85,22.8,23.55,42925.0,1003761.05
2012-06-05,24.2,24.2,23.5,23.8,28247.0,675562.1
2012-06-06,24.0,25.9,23.8,24.7,168267.0,4220023.5
2012-06-07,24.8,25.4,24.55,24.7,56128.0,1404679.6
2012-06-08,25.0,25.0,23.9,24.6,56939.0,1383555.0
2012-06-11,24.55,25.8,24.5,24.8,93236.0,2348897.35
2012-06-12,24.2,24.9,24.2,24.6,27188.0,666002.3
2012-06-13,24.9,26.9,24.5,26.3,332938.0,8619739.0
2012-06-14,26.4,26.7,25.5,25.8,425848.0,11160367.5
2012-06-15,26.0,26.35,25.2,25.35,59610.0,1526667.55
2012-06-18,25.9,26.7,24.65,25.35,136253.0,3471508.9
2012-06-19,25.0,25.2,24.5,24.85,43709.0,1083839.0
2012-06-20,25.0,25.3,24.75,24.9,33435.0,837561.0
2012-06-21,24.95,25.15,24.5,24.8,35616.0,881668.9
2012-06-22,24.5,24.85,24.5,24.7,34494.0,852195.4
2012-06-25,25.6,25.7,24.8,25.3,66553.0,1686402.2
2012-06-26,25.0,25.5,24.7,24.95,32329.0,808761.4
2012-06-27,25.1,25.15,24.75,24.95,36134.0,901655.5
2012-06-28,24.95,26.7,24.2,25.65,188398.0,4888340.75
2012-06-29,26.0,27.8,25.6,27.35,366025.0,9908749.1
2012-07-02,27.55,27.95,27.0,27.25,90210.0,2471736.3
2012-07-03,27.5,28.65,27.3,28.0,157407.0,4428108.8
2012-07-04,28.35,29.3,27.85,28.6,162248.0,4645567.5
2012-07-05,28.9,29.6,28.45,29.2,137196.0,3995664.5
2012-07-06,29.1,29.4,28.25,28.65,120757.0,3469674.85
2012-07-09,28.9,28.9,27.6,27.85,51715.0,1450550.8
2012-07-10,28.0,29.1,28.0,28.45,109265.0,3112823.6
2012-07-11,28.45,28.9,27.9,28.05,56265.0,1596822.45
2012-07-12,28.0,28.55,27.1,27.85,115240.0,3208348.1
2012-07-13,27.7,28.7,27.15,27.2,69894.0,1941188.3
2012-07-16,28.1,29.3,27.75,28.05,319309.0,9078708.65
2012-07-17,28.25,28.3,27.05,27.15,69105.0,1897423.0
2012-07-18,27.0,27.85,26.7,27.2,50811.0,1376321.65
2012-07-19,27.35,28.0,27.05,27.25,54966.0,1514151.7
2012-07-20,27.0,27.6,26.5,26.6,72729.0,1960537.8
2012-07-23,26.95,26.95,25.5,25.85,44014.0,1143332.35
2012-07-24,25.85,25.85,25.1,25.4,30492.0,777203.15
2012-07-25,25.5,25.5,24.7,24.95,53964.0,1345792.4
2012-07-26,24.8,24.85,24.2,24.35,48153.0,1184281.75
2012-07-27,24.35,25.0,23.7,23.9,52502.0,1285801.75
2012-07-30,24.05,24.5,23.2,24.3,28015.0,673166.8
2012-07-31,24.15,24.5,24.0,24.2,21052.0,509224.5
2012-08-01,24.1,24.9,24.0,24.8,22831.0,562504.3
2012-08-02,24.5,25.0,24.1,24.9,17188.0,425540.35
2012-08-03,24.65,28.15,24.35,27.55,233076.0,6260965.85
2012-08-06,28.65,29.6,28.3,28.75,916155.0,26426392.4
2012-08-07,28.6,29.0,28.4,28.6,147244.0,4219895.2
2012-08-08,28.6,28.6,27.2,27.35,72275.0,2012986.4
2012-08-09,27.1,27.8,26.5,26.9,77808.0,2105681.05
2012-08-10,26.55,26.9,25.15,25.25,114448.0,2940597.7
2012-08-13,25.0,25.1,23.55,24.1,162772.0,3919716.8
2012-08-14,24.0,24.55,23.6,24.1,72007.0,1728843.3
2012-08-16,24.3,24.5,23.7,23.85,60828.0,1457961.05
2012-08-17,23.75,26.0,23.55,24.35,156656.0,3893671.7
2012-08-21,25.0,25.0,24.0,24.1,57573.0,1399069.75
2012-08-22,24.1,24.45,24.0,24.1,43114.0,1046584.75
2012-08-23,24.3,24.3,23.65,23.9,55285.0,1323675.7
2012-08-24,23.15,24.0,22.8,22.95,78043.0,1805795.5
2012-08-27,23.0,23.5,22.15,22.35,90358.0,2037917.7
2012-08-28,22.0,22.9,21.7,21.9,62122.0,1362705.1
2012-08-29,22.3,22.3,21.5,21.8,32087.0,701996.25
2012-08-30,22.3,22.3,21.05,21.9,42990.0,937538.0
2012-08-31,21.55,22.05,21.5,21.55,39868.0,864296.05
2012-09-03,21.05,22.0,21.0,21.55,36266.0,784840.55
2012-09-04,21.35,21.8,21.1,21.45,26848.0,575983.65
2012-09-05,21.75,22.35,21.45,21.7,47299.0,1035918.7
2012-09-06,21.9,22.7,21.5,22.45,71660.0,1601766.15
2012-09-07,22.8,23.95,22.45,22.9,143063.0,3307338.3
2012-09-08,22.75,23.5,22.7,23.25,12894.0,298770.15
2012-09-10,23.3,23.35,22.7,22.8,38204.0,878374.2
2012-09-11,23.3,23.3,22.1,22.5,43001.0,968527.0
2012-09-12,22.55,23.8,22.1,23.15,93065.0,2171537.8
2012-09-13,23.1,23.45,22.9,23.05,37254.0,862132.6
2012-09-14,23.5,23.8,22.85,22.95,53413.0,1236422.85
2012-09-17,23.7,23.75,23.1,23.4,92225.0,2159762.45
2012-09-18,23.5,24.15,23.1,23.7,87241.0,2075830.25
2012-09-20,23.4,23.6,23.0,23.2,47630.0,1103590.9
2012-09-21,23.5,24.25,23.15,24.0,95053.0,2258307.5
2012-09-24,24.45,24.9,24.0,24.6,87053.0,2140525.6
2012-09-25,24.8,24.85,24.1,24.4,51563.0,1258236.45
2012-09-26,24.35,24.7,24.05,24.15,44817.0,1092383.05
2012-09-27,24.2,24.45,23.9,24.05,47964.0,1159901.15
2012-09-28,24.1,25.85,24.05,25.3,202406.0,5120839.85
2012-10-01,25.75,26.4,25.45,25.9,131359.0,3411246.45
2012-10-03,26.0,26.4,25.5,25.55,77032.0,1979211.8
2012-10-04,25.6,26.7,25.4,26.05,183952.0,4806329.0
2012-10-05,26.2,26.4,24.9,25.3,88041.0,2234094.45
2012-10-08,25.2,26.25,25.1,25.45,99802.0,2556645.25
2012-10-09,25.8,26.2,25.1,25.25,63625.0,1624197.65
2012-10-10,25.25,25.5,24.5,24.55,56553.0,1398474.4
2012-10-11,24.5,24.95,24.05,24.7,58614.0,1439764.4
2012-10-12,24.3,25.1,24.3,24.45,34819.0,857192.85
2012-10-15,24.15,24.7,24.1,24.2,49020.0,1190034.65
2012-10-16,24.25,25.35,24.05,24.15,49277.0,1204219.75
2012-10-17,24.2,24.25,23.75,23.9,31661.0,758258.0
2012-10-18,23.85,24.7,23.5,24.35,39418.0,951461.05
2012-10-19,24.35,24.65,23.75,23.9,37721.0,910126.55
2012-10-22,23.8,24.1,23.6,23.65,34284.0,816395.7
2012-10-23,23.8,24.05,23.5,23.75,32482.0,774420.0
2012-10-25,23.8,23.95,23.05,23.35,35820.0,839098.15
2012-10-26,23.35,23.6,23.0,23.2,27811.0,646834.3
2012-10-29,23.0,26.15,23.0,25.8,439866.0,11150524.45
2012-10-30,26.2,26.2,23.65,23.95,293133.0,7114768.8
2012-10-31,24.5,24.5,23.8,23.95,43161.0,1037870.65
2012-11-01,24.0,25.2,23.8,24.55,122400.0,3025843.45
2012-11-02,24.9,24.95,24.15,24.25,66635.0,1629617.1
2012-11-05,24.05,24.5,23.8,24.1,46877.0,1134965.0
2012-11-06,24.0,24.25,23.45,23.7,58239.0,1382279.1
2012-11-07,23.7,25.1,23.45,24.3,163390.0,4007153.4
2012-11-08,24.0,24.75,23.9,24.4,59050.0,1438113.95
2012-11-09,24.05,24.7,23.75,23.85,33569.0,808728.6
2012-11-12,23.7,24.45,23.6,23.9,33764.0,812137.5
2012-11-13,24.45,24.45,23.55,23.8,30105.0,717738.05
2012-11-15,24.05,24.05,23.45,23.75,41784.0,989774.45
2012-11-16,24.0,24.25,23.4,23.55,52212.0,1246185.55
2012-11-19,23.5,25.8,23.5,25.15,604600.0,15223991.65
2012-11-20,25.5,25.75,24.0,24.25,129531.0,3194914.8
2012-11-21,24.8,24.85,23.9,24.05,118233.0,2879790.6
2012-11-22,24.1,24.5,23.9,24.25,57502.0,1394950.8
2012-11-23,24.4,24.85,24.0,24.1,80967.0,1969297.05
2012-11-26,24.25,24.4,22.35,22.85,338057.0,7790129.8
2012-11-27,22.85,24.15,22.55,23.2,292580.0,6856829.65
2012-11-29,23.25,23.6,22.6,22.9,148875.0,3442126.8
2012-11-30,22.75,23.25,22.4,22.55,170155.0,3874689.3
2012-12-03,22.55,23.2,22.35,22.45,119913.0,2718447.9
2012-12-04,22.4,22.95,22.4,22.65,73872.0,1679868.05
2012-12-05,22.75,23.75,22.7,23.15,133873.0,3120416.4
2012-12-06,23.4,23.4,22.85,23.05,67638.0,1559369.9
2012-12-07,23.4,23.85,22.9,23.2,149091.0,3482135.25
2012-12-10,23.5,23.8,23.0,23.05,65554.0,1528859.9
2012-12-11,23.05,27.65,22.8,27.5,2944152.0,77351314.85
2012-12-12,27.65,28.7,26.25,26.5,1557789.0,42434886.45
2012-12-13,26.85,28.65,25.1,26.45,931497.0,25367182.25
2012-12-14,26.5,27.45,25.85,26.0,237226.0,6266096.75
2012-12-17,26.5,27.8,26.2,26.55,301791.0,8122901.35
2012-12-18,26.3,26.8,25.75,26.1,152210.0,3972517.75
2012-12-19,27.5,28.55,26.95,27.4,969969.0,26942180.15
2012-12-20,27.4,27.4,26.1,26.45,202976.0,5379145.45
2012-12-21,26.45,26.5,25.4,25.6,126346.0,3270358.95
2012-12-24,25.9,26.4,25.25,25.45,75996.0,1957869.7
2012-12-26,25.9,26.2,25.25,25.4,128546.0,3283144.55
2012-12-27,25.3,27.1,25.3,26.2,271714.0,7204999.25
2012-12-28,26.5,26.5,25.5,25.7,117969.0,3051935.85
2012-12-31,26.25,26.5,25.65,25.75,106045.0,2753919.5
2013-01-01,25.75,26.7,25.75,26.2,92042.0,2421628.05
2013-01-02,26.15,27.6,26.15,26.9,391254.0,10607131.45
2013-01-03,27.0,27.7,26.8,26.9,170382.0,4621332.35
2013-01-04,27.45,27.45,26.5,26.6,70559.0,1881680.8
2013-01-07,26.6,28.35,26.6,27.2,313879.0,8678194.5
2013-01-08,27.5,27.75,26.95,27.1,107043.0,2919959.75
2013-01-09,27.0,27.3,26.5,26.6,118065.0,3162281.05
2013-01-10,26.5,27.05,26.05,26.15,84921.0,2250676.65
2013-01-11,26.15,26.4,25.5,25.55,58753.0,1521405.7
2013-01-14,25.65,26.0,25.2,25.7,56575.0,1448636.1
2013-01-15,25.4,26.4,25.4,25.6,104307.0,2705380.5
2013-01-16,25.5,25.75,24.7,24.85,82139.0,2071785.75
2013-01-17,25.1,25.15,24.5,24.75,76793.0,1901093.85
2013-01-18,24.8,25.75,24.25,24.4,59752.0,1474892.15
2013-01-21,24.95,24.95,24.1,24.15,60384.0,1469307.7
2013-01-22,24.1,24.45,23.85,23.9,60444.0,1458471.1
2013-01-23,24.0,24.1,23.2,23.35,51408.0,1212464.65
2013-01-24,23.9,23.9,22.3,22.5,78682.0,1787527.9
2013-01-25,22.55,27.0,22.5,23.85,171430.0,4140758.65
2013-01-28,24.0,24.45,23.6,23.7,53644.0,1289219.55
2013-01-29,23.6,23.8,22.8,22.9,48328.0,1121591.8
2013-01-30,23.0,23.2,22.5,22.6,38003.0,864949.15
2013-01-31,23.0,23.0,22.2,22.3,62524.0,1400058.9
2013-02-01,22.6,22.8,22.4,22.45,42819.0,967442.95
2013-02-04,22.9,23.0,22.3,22.45,34058.0,771438.1
2013-02-05,22.5,22.5,22.0,22.05,42514.0,942706.2
2013-02-06,22.5,22.5,22.0,22.1,21319.0,473137.5
2013-02-07,22.1,22.4,21.9,21.95,50235.0,1108431.1
2013-02-08,21.9,22.2,21.15,21.25,51868.0,1114982.25
2013-02-11,21.25,22.05,21.2,21.35,29962.0,644402.45
2013-02-12,21.65,21.65,20.9,21.1,40281.0,850462.15
2013-02-13,21.6,21.9,21.1,21.25,47520.0,1022536.05
2013-02-14,21.25,21.5,20.35,20.55,61983.0,1282880.65
2013-02-15,20.5,20.55,19.5,19.8,76901.0,1522777.0
2013-02-18,20.0,20.0,18.55,18.75,132816.0,2539558.9
2013-02-19,19.0,19.0,17.6,17.7,499150.0,8933851.2
2013-02-20,18.1,18.1,17.55,17.65,132676.0,2353191.85
2013-02-21,18.6,18.6,17.1,17.25,70052.0,1215334.9
2013-02-22,17.8,17.8,16.55,16.65,125238.0,2106261.85
2013-02-25,16.55,16.75,16.05,16.2,66311.0,1090173.75
2013-02-26,16.4,17.7,15.65,16.15,469085.0,7806348.85
2013-02-27,16.15,18.0,15.3,15.8,128210.0,2050847.1
2013-02-28,16.05,16.5,15.0,15.15,122621.0,1928827.35
2013-03-01,15.0,15.0,14.1,14.25,176885.0,2568328.75
2013-03-04,14.25,14.3,13.4,13.6,111043.0,1533686.9
2013-03-05,13.75,14.2,12.9,13.85,398024.0,5460971.6
2013-03-06,15.0,15.95,14.6,14.9,1890670.0,28595638.6
2013-03-07,14.9,14.9,13.9,14.25,197544.0,2800860.4
2013-03-08,14.25,14.95,14.0,14.05,193164.0,2767966.4
2013-03-11,14.25,15.0,13.95,14.25,447023.0,6450545.1
2013-03-12,14.45,15.2,13.8,13.9,139060.0,1961298.05
2013-03-13,13.8,13.95,13.1,13.15,182002.0,2449022.25
2013-03-14,12.05,13.4,12.0,12.25,303225.0,3769762.7
2013-03-15,12.5,12.6,11.8,11.95,232999.0,2818498.45
2013-03-18,11.9,12.05,11.6,11.7,136263.0,1612279.3
2013-03-19,12.0,12.0,10.8,10.85,181742.0,2020418.15
2013-03-20,10.75,10.85,9.4,9.65,356475.0,3535606.55
2013-03-21,10.35,10.35,9.05,9.25,133791.0,1249036.15
2013-03-22,9.2,9.25,8.9,9.05,108048.0,977742.6
2013-03-25,9.0,9.7,8.9,9.05,130501.0,1218789.95
2013-03-26,9.05,9.25,8.9,9.15,67922.0,619086.5
2013-03-28,9.15,9.25,9.0,9.15,77908.0,707978.05
2013-04-01,9.5,10.05,9.2,10.05,72575.0,726820.65
2013-04-02,10.55,11.05,10.5,11.05,95177.0,1035159.9
2013-04-03,11.7,12.15,11.3,11.75,260586.0,3100985.75
2013-04-04,11.85,12.1,11.2,11.45,68410.0,788753.55
2013-04-05,11.9,11.9,10.95,11.3,48871.0,553395.25
2013-04-08,11.6,11.6,10.75,10.9,36495.0,400468.65
2013-04-09,11.05,11.25,10.75,10.8,28528.0,314446.15
2013-04-10,10.85,11.3,10.3,10.6,50118.0,533552.2
2013-04-11,10.15,10.85,10.15,10.5,28533.0,299407.35
2013-04-12,10.25,10.75,10.2,10.3,13963.0,145203.9
2013-04-15,10.1,10.65,10.05,10.15,12033.0,123082.1
2013-04-16,10.0,10.45,9.8,10.1,27797.0,281826.2
2013-04-17,10.0,10.3,9.9,10.15,21267.0,215269.25
2013-04-18,9.7,10.3,9.7,10.15,14770.0,149083.2
2013-04-22,10.65,10.65,9.9,10.2,40864.0,418820.25
2013-04-23,10.15,10.2,9.9,10.0,19982.0,202395.65
2013-04-25,10.0,10.0,9.6,9.8,51250.0,501917.45
2013-04-26,9.7,9.8,9.45,9.5,37866.0,362913.1
2013-04-29,9.5,9.8,9.4,9.5,12039.0,114969.0
2013-04-30,9.7,9.75,9.4,9.5,14140.0,134808.35
2013-05-02,9.5,9.95,9.3,9.45,32057.0,306175.0
2013-05-03,9.3,9.5,9.25,9.4,30245.0,284746.6
2013-05-06,9.65,9.7,9.3,9.45,31301.0,298231.5
2013-05-07,9.7,9.7,9.4,9.5,16590.0,158360.4
2013-05-08,9.65,9.65,9.45,9.55,19586.0,187747.85
2013-05-09,9.55,9.7,9.45,9.55,35474.0,341488.9
2013-05-10,9.55,9.7,9.5,9.55,24444.0,234986.95
2013-05-11,9.5,9.8,9.5,9.65,2988.0,28862.05
2013-05-13,9.75,9.75,9.45,9.65,17647.0,168701.35
2013-05-14,9.3,9.8,9.3,9.55,16143.0,155481.5
2013-05-15,9.45,9.5,9.25,9.3,30584.0,286317.7
2013-05-16,9.3,9.6,9.15,9.25,33075.0,305587.55
2013-05-17,9.15,9.45,8.9,9.0,36148.0,327500.7
2013-05-20,8.6,9.0,8.6,8.85,37083.0,328422.5
2013-05-21,8.85,9.15,8.55,8.55,35553.0,310225.55
2013-05-22,8.45,8.65,8.3,8.45,24403.0,205389.95
2013-05-23,8.2,8.5,8.05,8.15,24902.0,203334.9
2013-05-24,8.15,8.55,8.0,8.45,30526.0,252011.75
2013-05-27,8.6,8.6,8.05,8.3,25990.0,213274.2
2013-05-28,8.2,8.45,8.05,8.1,28379.0,232873.35
2013-05-29,8.0,8.35,8.0,8.1,10309.0,82943.1
2013-05-30,8.0,8.2,7.95,7.95,14836.0,119149.15
2013-05-31,7.9,7.9,7.65,7.75,23874.0,184988.0
2013-06-03,7.6,7.7,7.4,7.5,45626.0,340217.6
2013-06-04,7.2,7.5,7.15,7.25,24280.0,176686.75
2013-06-05,7.0,7.15,6.9,7.0,40440.0,283286.65
2013-06-06,6.9,7.15,6.8,7.1,20843.0,146401.05
2013-06-07,7.0,7.45,7.0,7.45,26916.0,199558.3
2013-06-10,7.8,7.8,7.6,7.8,12311.0,95995.8
2013-06-11,7.75,8.15,7.45,7.5,27150.0,205803.0
2013-06-12,7.6,7.75,7.5,7.6,23776.0,179572.1
2013-06-13,7.45,7.9,7.25,7.4,25225.0,190469.45
2013-06-14,7.75,7.75,7.15,7.15,23405.0,172724.9
2013-06-17,7.05,7.35,7.0,7.1,20960.0,149047.4
2013-06-18,7.0,7.2,6.85,6.95,19337.0,134598.1
2013-06-19,6.9,7.15,6.85,7.05,20784.0,146919.9
2013-06-20,7.15,7.15,6.95,7.0,19969.0,140428.4
2013-06-21,7.0,7.15,6.95,7.1,22192.0,156028.6
2013-06-24,7.1,7.1,6.75,6.85,26947.0,183524.0
2013-06-25,6.55,6.75,6.55,6.7,23794.0,158673.0
2013-06-26,6.85,6.85,6.45,6.5,23073.0,152661.3
2013-06-27,6.5,6.5,6.35,6.5,12368.0,79544.45
2013-06-28,6.3,6.65,6.2,6.35,47622.0,304082.45
2013-07-01,6.15,6.65,6.15,6.65,28652.0,188226.5
2013-07-02,6.7,6.95,6.5,6.95,20232.0,139723.65
2013-07-03,6.7,7.0,6.7,6.85,18790.0,128676.8
2013-07-04,6.75,7.05,6.75,6.95,18748.0,129956.1
2013-07-05,7.0,7.05,6.8,7.0,28587.0,197770.3
2013-07-08,6.75,7.7,6.75,7.15,34974.0,256758.35
2013-07-09,7.0,7.25,6.75,7.0,30039.0,211478.75
2013-07-10,7.0,7.2,6.85,6.9,25569.0,178913.6
2013-07-11,6.9,7.3,6.75,7.25,29969.0,213154.0
2013-07-12,6.8,7.2,6.8,7.2,11159.0,78847.65
2013-07-15,7.2,7.2,6.85,7.0,20745.0,144597.45
2013-07-16,6.75,7.0,6.7,6.85,14455.0,99244.65
2013-07-17,6.85,7.15,6.75,6.9,32230.0,221121.45
2013-07-18,6.85,7.0,6.8,6.85,12991.0,89703.9
2013-07-19,6.65,6.95,6.65,6.7,16518.0,111271.75
2013-07-22,6.65,6.8,6.5,6.5,24091.0,159047.0
2013-07-23,6.4,6.7,6.4,6.55,10077.0,66504.2
2013-07-24,6.25,6.6,6.2,6.5,26578.0,170067.2
2013-07-25,6.3,6.45,6.1,6.2,51538.0,318964.55
2013-07-26,6.0,6.6,6.0,6.2,24078.0,150594.35
2013-07-29,6.0,6.75,6.0,6.05,28399.0,174076.15
2013-07-30,6.0,6.35,6.0,6.05,28561.0,173588.3
2013-07-31,6.1,6.1,5.6,5.7,44943.0,258389.65
2013-08-01,5.5,6.05,5.5,5.85,21320.0,123237.35
2013-08-02,5.55,5.8,5.3,5.3,44904.0,244601.2
2013-08-05,5.3,5.4,5.05,5.1,34970.0,180737.05
2013-08-06,5.05,5.3,4.9,5.1,28217.0,142811.6
2013-08-07,5.6,5.6,5.05,5.3,23759.0,122953.45
2013-08-08,5.3,5.8,5.15,5.8,31064.0,175052.9
2013-08-12,6.35,6.35,5.9,6.2,18687.0,114978.85
2013-08-13,6.0,6.35,6.0,6.2,24333.0,150515.75
2013-08-14,6.1,6.45,6.0,6.25,17257.0,106242.75
2013-08-16,6.1,6.8,6.1,6.25,24358.0,154711.75
2013-08-19,5.75,6.5,5.75,6.15,22419.0,136084.65
2013-08-20,6.5,6.5,5.95,6.1,18924.0,115101.6
2013-08-21,6.5,6.5,5.55,6.05,24230.0,144418.8
2013-08-22,6.0,6.2,5.9,6.05,22592.0,136243.3
2013-08-23,6.0,6.2,6.0,6.15,13771.0,84127.0
2013-08-26,6.15,6.2,6.0,6.0,14586.0,88525.15
2013-08-27,6.0,6.15,5.75,5.85,23968.0,142406.6
2013-08-28,5.85,6.0,5.6,5.75,17943.0,103928.05
2013-08-29,5.75,5.95,5.65,5.75,12080.0,69663.65
2013-08-30,5.7,6.0,5.6,5.85,16701.0,99050.45
2013-09-02,5.75,6.0,5.7,5.95,20463.0,121614.95
2013-09-03,6.0,6.5,5.85,5.85,11450.0,68420.7
2013-09-04,5.85,6.2,5.85,5.9,12940.0,77222.3
2013-09-05,5.95,6.15,5.9,5.95,16519.0,99109.1
2013-09-06,6.0,6.75,6.0,6.55,28144.0,181231.95
2013-09-10,6.95,7.3,6.5,7.2,38969.0,276203.85
2013-09-11,7.3,7.85,7.3,7.55,36273.0,273638.55
2013-09-12,7.7,7.9,7.4,7.6,43748.0,332916.0
2013-09-13,7.45,7.75,7.05,7.15,25391.0,185114.4
2013-09-16,7.3,7.5,6.9,7.25,41459.0,295701.6
2013-09-17,7.05,7.3,7.0,7.05,23190.0,165314.95
2013-09-18,7.0,7.5,6.15,6.55,32161.0,219512.45
2013-09-19,6.8,7.15,6.5,7.05,50105.0,345936.2
2013-09-20,7.95,7.95,6.55,6.85,30584.0,207470.0
2013-09-23,6.8,6.85,6.5,6.6,12643.0,83671.95
2013-09-24,6.5,6.9,6.5,6.7,8213.0,55262.45
2013-09-25,6.7,6.95,6.65,6.85,15234.0,103647.25
2013-09-26,7.0,7.15,6.75,6.85,19565.0,136501.2
2013-09-27,6.85,7.25,6.85,7.0,31288.0,221675.25
2013-09-30,7.3,7.3,6.85,7.05,14599.0,102438.55
2013-10-01,7.05,7.25,7.05,7.2,18032.0,129092.15
2013-10-03,7.2,7.85,7.2,7.75,67185.0,516765.2
2013-10-04,7.75,8.4,7.75,8.2,62296.0,515629.3
2013-10-07,9.0,9.0,7.95,8.25,31977.0,261380.05
2013-10-08,8.15,8.4,7.8,7.95,34325.0,273495.65
2013-10-09,7.25,7.8,7.25,7.65,23976.0,184086.4
2013-10-10,7.65,8.65,7.65,8.3,77800.0,648280.05
2013-10-11,8.7,8.7,7.9,7.9,68558.0,549189.5
2013-10-14,7.95,8.25,7.7,8.1,53637.0,436875.65
2013-10-15,8.1,8.35,7.8,8.0,6949.0,55208.0
2013-10-17,8.05,8.2,7.9,7.9,5730.0,45924.1
2013-10-18,7.95,8.05,7.75,7.8,11761.0,91784.1
2013-10-21,8.0,8.0,7.6,7.95,25530.0,201000.8
2013-10-22,8.0,8.3,7.6,8.2,37348.0,300286.0
2013-10-23,8.2,8.45,7.9,8.1,18326.0,147930.75
2013-10-24,7.7,8.2,7.7,7.75,36174.0,286464.0
2013-10-25,7.5,8.1,7.5,8.0,23146.0,184730.05
2013-10-28,8.0,8.35,7.85,8.15,20104.0,162639.7
2013-10-29,7.75,8.25,7.75,8.0,14105.0,111588.3
2013-10-30,8.0,8.1,7.75,7.9,8609.0,68895.7
2013-10-31,7.7,8.0,7.6,7.8,13265.0,103438.2
2013-11-01,7.7,8.0,7.65,7.85,34070.0,265058.25
2013-11-03,7.5,7.95,7.5,7.75,11063.0,86009.0
2013-11-05,7.6,8.1,7.6,7.8,10132.0,78811.05
2013-11-06,7.55,8.0,7.5,7.65,32188.0,245221.85
2013-11-07,7.6,7.9,7.6,7.7,19900.0,154379.55
2013-11-08,7.7,7.9,7.55,7.6,8210.0,63145.5
2013-11-11,7.7,7.85,7.5,7.55,13145.0,100421.45
2013-11-12,7.5,7.6,7.3,7.35,20557.0,152659.05
2013-11-13,7.15,7.5,7.15,7.25,10631.0,78287.7
2013-11-14,7.15,7.4,7.1,7.2,19702.0,140898.0
2013-11-18,6.85,7.4,6.85,7.1,35071.0,246903.0
2013-11-19,7.0,7.2,7.0,7.05,19063.0,134628.25
2013-11-20,7.25,7.4,6.95,7.15,23818.0,171885.3
2013-11-21,7.0,7.25,7.0,7.1,21956.0,156692.85
2013-11-22,7.05,7.25,7.0,7.15,7653.0,54450.35
2013-11-25,7.2,7.25,7.0,7.1,6560.0,46413.2
2013-11-26,7.05,7.35,7.05,7.1,8367.0,59775.75
2013-11-27,7.0,7.1,6.8,7.0,13191.0,91699.4
2013-11-28,6.85,7.1,6.8,7.0,16210.0,112295.15
2013-11-29,6.8,7.35,6.8,7.35,17671.0,128492.25
2013-12-02,7.4,7.7,7.4,7.7,22194.0,170092.2
2013-12-03,7.95,8.05,7.65,8.05,30107.0,240320.75
2013-12-04,8.2,8.45,8.1,8.4,38372.0,321572.1
2013-12-05,8.4,8.8,8.35,8.8,60475.0,526971.4
2013-12-06,8.85,9.2,8.4,8.5,53604.0,470843.65
2013-12-09,8.75,8.75,8.1,8.1,33867.0,278079.55
2013-12-10,8.1,8.1,7.7,7.7,55821.0,436582.05
2013-12-11,7.75,7.8,7.35,7.35,46576.0,344665.4
2013-12-12,7.05,7.45,7.0,7.25,19424.0,139838.2
2013-12-13,7.3,7.3,7.0,7.05,26137.0,186442.0
2013-12-16,7.0,7.2,6.75,6.9,65739.0,456174.45
2013-12-17,7.0,7.05,6.85,6.9,25950.0,179883.3
2013-12-18,6.85,7.05,6.85,6.95,27402.0,190513.35
2013-12-19,7.0,7.05,6.9,6.95,12831.0,89457.55
2013-12-20,6.75,7.05,6.75,6.95,17411.0,121273.15
2013-12-23,6.85,7.25,6.85,7.05,27597.0,195026.35
2013-12-24,7.15,7.15,6.95,7.1,25188.0,176440.7
2013-12-26,7.15,7.45,7.15,7.45,26455.0,195105.65
2013-12-27,7.8,7.8,7.8,7.8,18997.0,148176.6
2013-12-30,8.15,8.15,7.85,7.9,82626.0,665216.95
2013-12-31,8.15,8.25,7.75,8.25,42708.0,349863.5
2014-01-01,8.5,8.55,8.2,8.45,43033.0,359621.5
2014-01-02,8.45,8.7,8.2,8.25,54535.0,463397.95
2014-01-03,8.1,8.45,8.05,8.4,24618.0,203353.25
2014-01-06,8.1,8.45,8.05,8.25,21853.0,178836.85
2014-01-07,8.05,8.55,8.05,8.15,38449.0,316193.3
2014-01-08,8.55,8.95,8.1,8.95,80072.0,704614.85
2014-01-09,9.75,9.8,8.9,9.1,169745.0,1584170.5
2014-01-10,9.0,9.0,8.45,8.6,38102.0,334142.7
2014-01-13,8.15,8.85,8.15,8.7,31851.0,278180.8
2014-01-14,8.5,8.75,8.25,8.3,33394.0,282083.3
2014-01-15,8.5,8.6,8.2,8.25,31675.0,263323.35
2014-01-16,8.0,8.5,8.0,8.25,28141.0,232298.15
2014-01-17,8.0,8.3,7.8,7.95,32554.0,260485.4
2014-01-20,7.95,8.3,7.75,8.15,24833.0,200550.1
2014-01-21,8.45,8.45,8.1,8.15,8902.0,73218.45
2014-01-22,8.1,8.45,7.8,8.0,17901.0,143814.9
2014-01-23,7.5,8.25,7.5,7.8,30803.0,242500.6
2014-01-24,8.0,8.2,7.8,8.0,19750.0,156825.9
2014-01-27,7.5,7.9,7.45,7.5,26539.0,201053.25
2014-01-28,7.0,7.8,7.0,7.4,24449.0,182297.25
2014-01-29,8.0,8.0,7.1,7.4,9566.0,71097.7
2014-01-30,7.0,7.5,6.85,7.05,34611.0,246555.65
2014-01-31,6.9,7.2,6.9,7.1,24165.0,170742.7
2014-02-03,6.75,7.4,6.75,7.05,9991.0,70427.15
2014-02-04,7.0,7.2,6.8,7.05,14373.0,100548.25
2014-02-05,6.85,7.3,6.85,7.1,13380.0,95502.25
2014-02-06,7.3,7.3,7.0,7.1,17051.0,121206.5
2014-02-07,7.1,7.25,7.05,7.15,9896.0,70723.85
2014-02-10,7.4,7.4,7.1,7.25,7315.0,52367.6
2014-02-11,7.35,7.55,7.1,7.15,8740.0,63352.9
2014-02-12,7.4,7.4,6.85,7.0,39248.0,273745.85
2014-02-13,6.85,7.0,6.75,6.75,25112.0,171022.1
2014-02-14,7.25,7.25,6.1,6.1,86972.0,545140.25
2014-02-17,6.4,6.4,5.5,5.6,235061.0,1316681.4
2014-02-18,5.85,5.85,5.6,5.85,20941.0,121939.8
2014-02-19,6.1,6.1,5.85,6.0,17971.0,107636.9
2014-02-20,5.7,6.25,5.7,6.15,15045.0,91552.05
2014-02-21,5.95,6.3,5.95,6.2,14205.0,87801.1
2014-02-24,6.0,6.35,6.0,6.1,30973.0,189429.35
2014-02-25,6.05,6.3,6.0,6.1,27232.0,167469.4
2014-02-26,6.25,6.35,6.05,6.3,45554.0,284874.05
2014-02-28,6.05,6.3,6.05,6.15,22575.0,137775.25
2014-03-03,6.0,6.2,5.95,6.05,16028.0,97576.85
2014-03-04,6.0,6.3,6.0,6.15,14620.0,88738.75
2014-03-05,6.0,6.25,6.0,6.15,13291.0,81158.35
2014-03-06,6.05,6.15,6.0,6.1,27644.0,167581.6
2014-03-07,6.1,6.7,6.1,6.15,41722.0,262032.2
2014-03-10,6.15,6.35,6.15,6.2,26954.0,167443.7
2014-03-11,6.0,6.35,6.0,6.15,22728.0,140262.7
2014-03-12,6.3,6.3,6.0,6.05,26353.0,160028.2
2014-03-13,6.0,6.25,6.0,6.05,32387.0,195034.45
2014-03-14,6.35,6.35,5.6,5.95,47001.0,275058.4
2014-03-18,5.8,6.0,5.8,5.85,20667.0,120796.4
2014-03-19,5.7,6.0,5.7,5.8,12738.0,74338.8
2014-03-20,5.85,5.95,5.7,5.75,13369.0,77423.0
2014-03-21,5.85,6.1,5.75,5.75,35548.0,206798.2
2014-03-22,5.6,5.85,5.6,5.85,1595.0,9157.0
2014-03-24,5.75,6.0,5.75,5.8,23403.0,136074.3
2014-03-25,5.7,6.1,5.7,6.05,39060.0,232447.65
2014-03-26,5.7,6.15,5.65,5.7,50657.0,295233.45
2014-03-27,5.7,5.9,5.5,5.75,25819.0,148929.25
2014-03-28,5.65,6.0,5.6,5.75,23187.0,133910.1
2014-03-31,5.9,6.3,5.9,6.3,55433.0,346897.55
2014-04-01,6.85,6.9,6.45,6.6,78493.0,524182.8
2014-04-02,6.9,6.9,6.6,6.85,26908.0,183157.0
2014-04-03,6.75,7.0,6.65,6.8,31549.0,213496.55
2014-04-04,6.9,7.25,6.65,7.0,64838.0,452062.55
2014-04-07,7.0,7.45,6.85,7.15,67489.0,485827.4
2014-04-09,7.8,7.85,7.3,7.85,130961.0,1010672.3
2014-04-10,8.4,8.5,8.05,8.3,177554.0,1465148.35
2014-04-11,8.25,8.25,7.95,8.05,71080.0,575139.85
2014-04-15,8.05,8.05,7.7,7.7,37999.0,296566.4
2014-04-16,7.7,7.95,7.45,7.5,28230.0,214480.0
2014-04-17,7.5,7.7,7.3,7.45,30433.0,226916.9
2014-04-21,7.45,7.8,7.3,7.75,38546.0,295687.25
2014-04-22,7.75,8.1,7.5,7.95,36248.0,283373.5
2014-04-23,8.0,8.0,7.65,7.75,33623.0,261241.95
2014-04-25,7.95,8.1,7.65,7.75,33820.0,265851.35
2014-04-28,7.4,7.85,7.4,7.65,20103.0,153260.55
2014-04-29,7.75,7.75,7.35,7.5,28156.0,209444.0
2014-04-30,7.65,7.65,7.15,7.15,27582.0,199997.35
2014-05-02,7.0,7.25,7.0,7.15,30278.0,216274.55
2014-05-05,7.0,7.45,7.0,7.05,11461.0,82437.2
2014-05-06,6.85,7.2,6.8,6.85,19979.0,138316.05
2014-05-07,6.95,6.95,6.75,6.75,4191.0,28487.25
2014-05-08,6.8,7.15,6.7,6.75,15590.0,107552.6
2014-05-09,6.9,7.05,6.65,7.0,39951.0,275336.75
2014-05-12,7.0,7.25,6.8,7.15,56893.0,403686.65
2014-05-13,7.0,7.35,6.9,7.15,81928.0,578701.5
2014-05-14,7.2,7.5,7.1,7.35,55946.0,401820.25
2014-05-15,7.4,7.45,7.0,7.1,46829.0,336819.65
2014-05-16,7.3,7.55,6.65,7.05,85756.0,604981.8
2014-05-19,7.5,7.75,7.1,7.75,89551.0,677675.45
2014-05-20,8.4,8.5,8.05,8.5,193448.0,1632021.9
2014-05-21,9.0,9.35,8.8,9.35,362673.0,3314099.8
2014-05-22,9.8,9.8,9.8,9.8,39607.0,388148.6
2014-05-23,10.25,10.25,10.25,10.25,22904.0,234766.0
2014-05-26,10.75,10.75,10.2,10.7,444529.0,4765010.15
2014-05-27,11.0,11.0,10.2,10.25,187412.0,1926917.2
2014-05-28,9.75,10.75,9.75,10.75,112669.0,1181934.45
2014-05-29,11.1,11.25,10.8,11.25,299799.0,3347733.45
2014-05-30,11.75,11.8,11.25,11.8,84467.0,995006.4
2014-06-02,12.2,12.35,12.2,12.35,168997.0,2083556.35
2014-06-03,12.95,12.95,12.95,12.95,28754.0,372364.3
2014-06-04,13.55,13.55,13.55,13.55,25258.0,342245.9
2014-06-05,14.2,14.2,14.2,14.2,21341.0,303042.2
2014-06-06,14.9,14.9,14.9,14.9,166052.0,2474174.8
2014-06-09,15.6,15.6,14.2,14.95,350084.0,5142342.9
2014-06-10,15.2,15.5,14.25,14.8,146739.0,2168311.45
2014-06-11,14.95,14.95,14.1,14.3,99204.0,1436576.55
2014-06-12,15.0,15.0,13.6,13.6,54532.0,757295.0
2014-06-13,13.0,13.55,12.95,12.95,31370.0,407847.55
2014-06-16,12.35,12.35,12.35,12.35,14204.0,175419.4
2014-06-17,12.05,12.45,11.75,11.9,91517.0,1085085.15
2014-06-18,11.9,12.45,11.35,11.65,66434.0,798167.95
2014-06-19,11.75,12.1,11.25,11.4,51122.0,591479.0
2014-06-20,11.0,11.45,10.85,10.9,46987.0,513054.8
2014-06-23,10.9,11.1,10.45,10.9,53552.0,574299.15
2014-06-24,10.8,11.4,10.7,11.4,59119.0,667612.65
2014-06-25,11.5,11.9,11.25,11.8,70429.0,819014.05
2014-06-26,12.0,12.0,11.35,11.45,51670.0,593052.25
2014-06-27,11.05,11.8,11.05,11.55,35385.0,407642.25
2014-06-30,11.9,11.9,11.2,11.75,232606.0,2680594.05
2014-07-01,12.3,12.3,12.3,12.3,128374.0,1579000.2
2014-07-02,12.9,12.9,12.9,12.9,26116.0,336896.4
2014-07-03,13.5,13.5,13.5,13.5,147995.0,1997932.5
2014-07-04,14.15,14.15,13.55,14.15,342308.0,4809155.6
2014-07-07,14.35,14.75,13.45,14.6,413120.0,5839784.05
2014-07-08,14.55,15.0,13.9,13.9,277357.0,3997010.15
2014-07-09,13.6,13.9,13.25,13.25,88674.0,1180002.35
2014-07-10,13.15,13.7,12.6,12.75,134888.0,1733557.3
2014-07-11,13.25,13.35,12.15,12.2,105887.0,1357756.6
2014-07-14,12.8,12.8,12.6,12.8,40822.0,521821.5
2014-07-15,13.4,13.4,13.4,13.4,16017.0,214627.8
2014-07-16,14.05,14.05,13.15,14.05,287893.0,4020305.6
2014-07-17,14.0,14.55,13.65,13.75,119301.0,1655636.0
2014-07-18,13.25,13.7,13.1,13.2,105592.0,1392812.45
2014-07-21,13.0,13.7,12.9,13.05,79632.0,1058635.85
2014-07-22,13.1,13.4,12.55,12.85,70757.0,913497.8
2014-07-23,12.45,12.85,12.3,12.45,36910.0,460688.1
2014-07-24,12.25,12.45,12.05,12.3,48170.0,590877.5
2014-07-25,12.3,12.35,11.9,11.95,66143.0,795667.15
2014-07-28,11.5,12.0,11.4,11.45,91990.0,1061286.25
2014-07-30,11.15,11.2,10.9,11.05,71003.0,780288.6
2014-07-31,10.6,11.6,10.6,11.6,38960.0,448672.85
2014-08-01,11.15,12.15,11.15,11.9,99430.0,1192050.25
2014-08-04,11.45,12.0,11.35,11.35,57274.0,659349.95
2014-08-05,11.5,11.5,10.8,11.45,54125.0,602018.55
2014-08-06,11.15,11.5,10.95,11.15,80372.0,898594.45
2014-08-07,11.0,11.25,10.8,10.9,46450.0,509588.85
2014-08-08,10.7,10.8,10.5,10.6,42688.0,453596.3
2014-08-11,10.7,11.1,10.4,10.5,60814.0,643563.8
2014-08-12,10.5,10.9,10.5,10.6,30687.0,329839.4
2014-08-13,10.85,10.85,10.1,10.1,20821.0,213710.45
2014-08-14,10.0,10.45,9.65,9.9,32755.0,322077.15
2014-08-18,9.9,10.3,9.65,9.8,53137.0,528018.65
2014-08-19,10.25,10.25,9.75,10.2,36098.0,364982.15
2014-08-20,10.25,10.7,10.05,10.55,65786.0,689288.2
2014-08-21,10.25,11.05,10.25,11.05,90245.0,985471.35
2014-08-22,11.6,11.6,10.9,11.05,115278.0,1320293.8
2014-08-25,10.95,10.95,10.6,10.6,36938.0,395518.15
2014-08-26,10.25,10.5,10.1,10.15,34041.0,346528.35
2014-08-27,10.05,10.4,10.05,10.1,20062.0,204132.7
2014-08-28,10.15,10.4,10.0,10.05,28266.0,286313.75
2014-09-01,10.05,10.4,10.0,10.2,23902.0,243753.2
2014-09-02,10.2,10.7,10.2,10.7,27757.0,294370.2
2014-09-03,10.7,11.2,10.7,11.2,71366.0,791267.9
2014-09-04,11.25,11.45,10.75,10.9,50426.0,559443.75
2014-09-05,10.25,11.6,10.25,11.45,58014.0,642956.6
2014-09-08,10.5,12.55,10.5,12.55,97141.0,1201563.25
2014-09-09,13.0,13.3,11.8,11.85,134449.0,1622085.55
2014-09-10,11.85,13.0,11.3,13.0,230166.0,2932150.05
2014-09-11,13.0,14.3,13.0,14.3,409596.0,5768548.0
2014-09-12,15.0,15.0,13.6,13.7,252426.0,3570004.5
2014-09-15,13.75,13.75,13.15,13.25,54456.0,724868.85
2014-09-16,13.65,13.65,12.6,12.6,97799.0,1254689.45
2014-09-17,12.9,13.0,12.0,12.15,32560.0,398947.5
2014-09-18,11.8,12.45,11.8,12.35,53367.0,656284.2
2014-09-19,12.65,12.7,11.9,11.9,26636.0,322110.7
2014-09-22,11.95,12.45,11.75,12.4,43863.0,536355.0
2014-09-23,12.4,12.65,11.85,11.95,47530.0,580612.35
2014-09-24,11.5,11.9,11.4,11.4,46416.0,532319.1
2014-09-25,11.5,11.5,10.85,10.95,51896.0,569417.8
2014-09-26,10.55,11.0,10.5,10.95,50389.0,538441.6
2014-09-29,10.45,11.45,10.45,10.95,21717.0,240422.85
2014-09-30,10.65,11.45,10.45,11.05,39557.0,428048.7
2014-10-01,10.85,11.05,10.8,10.9,20952.0,230026.65
2014-10-07,10.4,11.3,10.4,10.65,15035.0,161657.15
2014-10-08,11.05,11.05,10.3,10.45,24529.0,256155.75
2014-10-09,10.95,10.95,10.25,10.8,14105.0,151040.5
2014-10-10,10.4,10.7,10.35,10.5,29540.0,310868.95
2014-10-13,10.25,10.8,10.2,10.4,13001.0,135368.5
2014-10-14,10.85,10.85,10.3,10.45,23601.0,247418.5
2014-10-16,10.45,10.85,10.25,10.3,39590.0,419525.9
2014-10-17,10.05,10.45,9.95,10.05,38066.0,385461.2
2014-10-20,9.55,10.45,9.55,10.1,23500.0,237778.75
2014-10-21,10.0,10.3,10.0,10.1,10985.0,110811.0
2014-10-22,10.1,10.3,9.85,10.05,22977.0,231698.8
2014-10-23,10.55,10.55,9.9,10.35,9862.0,102149.4
2014-10-27,9.95,10.85,9.95,10.15,19786.0,202478.0
2014-10-28,10.0,10.45,10.0,10.15,18161.0,184211.55
2014-10-29,10.0,10.4,10.0,10.15,21167.0,216100.95
2014-10-30,10.1,10.35,10.0,10.15,26326.0,266802.45
2014-10-31,10.25,10.55,10.05,10.25,63005.0,646077.7
2014-11-03,10.1,10.75,10.05,10.7,33459.0,353083.1
2014-11-05,10.9,11.0,10.55,10.65,50304.0,538990.05
2014-11-07,10.65,11.15,10.2,11.15,79342.0,875221.6
2014-11-10,11.25,11.7,11.25,11.55,97951.0,1132810.25
2014-11-11,12.0,12.1,10.8,10.95,43083.0,480025.55
2014-11-12,10.5,11.15,10.45,10.75,56074.0,600217.65
2014-11-13,10.65,10.9,10.45,10.75,40765.0,435713.1
2014-11-14,10.55,10.7,10.35,10.4,48239.0,503905.0
2014-11-17,10.1,10.5,10.05,10.3,35636.0,363903.65
2014-11-18,10.2,10.45,10.1,10.15,48788.0,498268.95
2014-11-19,10.8,10.9,10.0,10.15,58834.0,602731.75
2014-11-20,10.15,10.2,9.8,9.9,54487.0,544198.8
2014-11-21,9.8,10.45,9.65,9.7,51943.0,508490.55
2014-11-24,9.6,10.0,9.6,9.65,50846.0,494353.8
2014-11-25,9.85,9.85,9.2,9.3,41998.0,391305.7
2014-11-26,9.25,9.7,9.05,9.25,22471.0,206635.3
2014-11-27,9.2,10.15,9.1,9.65,62301.0,608770.75
2014-11-28,9.5,9.9,9.25,9.3,77169.0,730624.35
2014-12-01,9.2,9.4,9.0,9.1,33903.0,310647.75
2014-12-02,9.0,9.4,8.9,9.05,24083.0,219084.0
2014-12-03,9.0,9.5,9.0,9.2,51669.0,480608.3
2014-12-04,9.1,9.5,9.05,9.3,28139.0,259787.85
2014-12-05,9.8,11.15,9.4,11.15,785199.0,8653462.7
2014-12-08,11.4,11.5,10.2,10.25,160785.0,1741063.8
2014-12-09,10.3,11.0,9.75,10.15,109009.0,1142150.45
2014-12-10,10.85,12.15,10.75,12.15,787953.0,9248881.05
2014-12-11,12.85,14.55,12.4,14.15,2222641.0,30986041.75
2014-12-12,14.0,15.55,14.0,15.15,1485717.0,22496699.3
2014-12-15,15.0,15.1,13.65,13.65,446155.0,6330220.65
2014-12-16,13.0,13.0,12.3,12.3,138267.0,1726358.25
2014-12-17,12.0,12.0,11.1,11.15,408322.0,4609570.1
2014-12-18,11.6,12.25,11.6,12.25,300970.0,3642980.2
2014-12-19,12.95,13.45,12.65,13.45,257762.0,3427661.0
2014-12-22,14.0,14.0,12.6,12.8,177049.0,2300158.15
2014-12-23,12.8,13.3,12.5,12.65,119074.0,1534807.1
2014-12-24,12.5,13.35,12.5,12.8,91998.0,1193911.65
2014-12-26,12.3,13.25,12.3,12.65,52978.0,673535.8
2014-12-29,12.5,12.85,11.7,12.05,110916.0,1350994.45
2014-12-30,11.75,12.5,11.3,11.4,136859.0,1576144.3
2014-12-31,11.6,11.85,11.3,11.55,77967.0,901393.15
2015-01-01,11.8,12.15,11.45,11.8,62740.0,746067.05
2015-01-02,12.55,13.35,12.3,12.8,213650.0,2763213.85
2015-01-05,13.9,13.9,12.65,12.75,104465.0,1348973.85
2015-01-06,12.7,12.7,11.55,11.75,203914.0,2414905.35
2015-01-07,11.8,12.15,11.5,11.8,65089.0,769082.2
2015-01-08,12.15,12.55,11.9,12.15,111583.0,1360362.95
2015-01-09,12.9,12.9,11.9,12.1,62803.0,769276.8
2015-01-12,11.85,12.5,11.85,12.0,50241.0,606032.25
2015-01-13,12.35,12.8,12.35,12.55,206872.0,2605858.6
2015-01-14,12.7,12.7,10.05,12.15,78205.0,944049.2
2015-01-15,11.9,12.5,11.9,12.15,53972.0,657076.05
2015-01-16,12.0,12.35,12.0,12.1,73250.0,885902.45
2015-01-19,12.2,14.5,11.85,14.5,798974.0,10970370.55
2015-01-20,15.0,16.5,14.75,15.55,1422194.0,22351507.85
2015-01-21,15.3,15.3,13.65,13.8,555251.0,7867228.6
2015-01-22,13.8,13.85,12.65,12.85,261378.0,3440097.65
2015-01-23,12.85,13.5,12.65,12.8,193229.0,2545489.25
2015-01-27,12.5,13.35,12.5,12.7,91153.0,1175727.15
2015-01-28,12.25,15.0,12.05,14.35,782979.0,10780877.2
2015-01-29,14.0,14.0,13.1,13.15,264094.0,3535179.8
2015-01-30,13.0,13.5,12.85,13.0,167426.0,2196912.4
2015-02-02,12.5,13.3,12.5,13.0,85523.0,1112070.65
2015-02-03,12.95,13.25,12.7,12.75,180236.0,2326328.15
2015-02-04,12.65,13.0,12.6,12.8,76266.0,978027.5
2015-02-05,12.75,13.2,12.3,12.5,154788.0,1963136.3
2015-02-06,12.95,12.95,12.25,12.45,55830.0,695613.4
2015-02-09,12.35,12.8,12.3,12.4,99850.0,1246156.1
2015-02-10,12.35,12.7,12.25,12.55,105749.0,1316695.4
2015-02-11,12.35,12.8,12.3,12.3,47347.0,587616.55
2015-02-12,12.35,12.65,12.15,12.4,53513.0,662859.3
2015-02-13,12.3,13.15,12.2,12.55,88307.0,1121960.95
2015-02-16,12.3,13.0,11.95,12.5,58079.0,726090.6
2015-02-18,12.05,12.8,12.05,12.55,58797.0,740292.8
2015-02-19,12.65,14.4,12.6,13.65,440433.0,6037255.25
2015-02-20,13.65,13.65,13.05,13.15,122442.0,1625143.35
2015-02-23,13.2,13.5,12.5,12.6,75257.0,964800.15
2015-02-24,12.45,12.5,12.1,12.15,117485.0,1442583.05
2015-02-25,12.25,13.2,11.9,12.45,64028.0,797052.3
2015-02-26,12.3,13.4,12.2,13.25,332079.0,4368690.05
2015-02-27,13.3,13.55,12.7,13.15,178827.0,2342534.65
2015-02-28,13.3,13.7,12.8,13.0,108561.0,1443535.4
2015-03-02,12.95,13.95,12.6,13.75,361663.0,4881156.45
2015-03-03,14.5,15.5,14.1,14.5,1654899.0,24517764.0
2015-03-04,14.8,14.8,13.6,13.75,278981.0,3929841.15
2015-03-05,13.9,13.9,13.1,13.3,138141.0,1836412.3
2015-03-09,13.3,13.65,12.85,12.9,82907.0,1080009.3
2015-03-10,13.35,13.45,12.7,12.8,100644.0,1322278.4
2015-03-11,12.8,13.1,12.6,12.65,77431.0,990730.15
2015-03-12,12.75,13.0,12.5,12.85,55086.0,704031.85
2015-03-13,12.85,13.0,12.55,12.6,88487.0,1124666.25
2015-03-16,12.5,13.35,12.3,12.5,126445.0,1611423.55
2015-03-17,12.65,12.95,12.3,12.5,62994.0,792436.6
2015-03-18,12.45,12.8,12.3,12.45,69270.0,864008.5
2015-03-19,12.55,12.75,12.0,12.05,63178.0,774272.9
2015-03-20,12.0,12.25,11.05,11.15,151919.0,1747950.85
2015-03-23,11.15,11.25,10.1,10.5,106627.0,1130573.75
2015-03-24,10.15,11.0,10.05,10.15,71974.0,739017.8
2015-03-25,10.35,11.25,10.15,10.65,125025.0,1337892.75
2015-03-26,10.7,11.2,10.5,10.95,163040.0,1758554.4
2015-03-27,10.75,11.95,10.75,11.25,131387.0,1501431.45
2015-03-30,10.7,11.75,10.7,11.15,70705.0,806023.7
2015-03-31,11.2,11.65,11.2,11.25,78221.0,888099.2
2015-04-01,11.45,11.85,11.35,11.6,109658.0,1269849.8
2015-04-06,11.25,12.9,11.25,12.3,250179.0,3028387.95
2015-04-07,12.6,12.6,11.75,12.0,114232.0,1369026.9
2015-04-08,12.2,12.75,12.0,12.2,114143.0,1416574.85
2015-04-09,12.25,12.5,12.1,12.15,52838.0,646527.35
2015-04-10,12.15,12.75,12.05,12.15,54887.0,667354.0
2015-04-13,12.5,12.5,12.05,12.1,28916.0,352337.35
2015-04-15,12.1,12.45,12.0,12.05,56726.0,690717.9
2015-04-16,12.0,12.2,11.6,11.7,72167.0,857780.3
2015-04-17,11.1,12.3,11.1,12.2,60679.0,735769.1
2015-04-20,12.0,12.45,11.55,11.75,51427.0,612463.8
2015-04-21,11.55,11.9,11.55,11.7,23082.0,270134.35
2015-04-22,11.6,12.0,11.55,11.8,25438.0,298574.45
2015-04-23,11.6,12.65,11.6,11.75,60489.0,731485.4
2015-04-24,12.2,12.2,10.9,11.15,37888.0,427265.15
2015-04-27,11.05,11.45,10.5,10.8,38704.0,422484.6
2015-04-28,10.65,11.25,10.55,11.0,27077.0,297740.05
2015-04-29,11.05,11.5,10.8,11.0,51983.0,574876.45
2015-04-30,10.95,11.25,10.75,10.8,38042.0,413447.4
2015-05-04,10.9,11.15,10.6,10.85,54506.0,594725.65
2015-05-05,10.95,11.05,10.65,10.85,38317.0,413921.7
2015-05-06,10.7,10.85,10.45,10.6,40371.0,430155.95
2015-05-07,10.45,10.45,10.1,10.3,36772.0,378003.45
2015-05-08,10.3,12.35,10.3,10.7,28357.0,301226.2
2015-05-11,10.4,11.25,10.4,10.95,37953.0,414708.5
2015-05-12,10.7,10.85,10.2,10.4,25458.0,267527.2
2015-05-13,10.3,10.65,10.25,10.55,34999.0,366759.85
2015-05-14,10.4,10.8,10.4,10.7,25740.0,273881.75
2015-05-15,10.8,10.95,10.6,10.75,49573.0,532392.7
2015-05-18,10.65,11.85,10.6,10.75,77088.0,834254.35
2015-05-19,11.4,11.4,10.55,10.6,33128.0,353985.35
2015-05-20,11.4,11.4,10.6,10.65,31281.0,338760.7
2015-05-21,10.6,10.8,10.1,10.2,55395.0,572704.25
2015-05-22,10.1,10.6,10.05,10.1,56928.0,585124.7
2015-05-25,10.0,10.3,9.85,10.1,14745.0,148080.9
2015-05-26,10.0,10.2,9.85,9.9,33879.0,340260.35
2015-05-27,9.85,10.1,9.8,9.95,24645.0,243930.1
2015-05-28,9.85,10.0,9.5,9.65,46139.0,450503.6
2015-05-29,9.65,9.8,9.4,9.55,66929.0,636623.15
2015-06-01,9.3,10.4,9.3,10.0,49357.0,492336.3
2015-06-02,10.0,10.3,9.6,9.7,43313.0,427620.95
2015-06-03,9.9,9.9,8.7,9.6,83904.0,778160.45
2015-06-04,9.85,9.85,9.2,9.3,25565.0,240868.85
2015-06-05,9.25,9.7,9.25,9.5,26801.0,255672.3
2015-06-08,9.4,9.4,8.8,9.15,22030.0,201135.15
2015-06-09,9.0,9.15,8.75,8.95,32706.0,292550.85
2015-06-10,9.0,9.6,9.0,9.1,39838.0,368439.8
2015-06-11,9.2,9.35,9.0,9.15,22981.0,209642.85
2015-06-12,9.0,9.45,8.7,9.1,23417.0,211734.15
2015-06-15,8.85,9.2,8.7,8.8,31822.0,283303.05
2015-06-16,8.7,8.85,7.85,8.3,119207.0,1007196.1
2015-06-17,8.75,8.8,8.5,8.6,23341.0,201276.3
2015-06-18,8.6,9.15,8.4,8.85,36687.0,323269.15
2015-06-19,8.55,9.0,8.35,8.55,41991.0,363584.45
2015-06-22,8.5,10.25,8.5,9.6,154684.0,1414625.85
2015-06-23,9.75,10.4,9.3,9.7,121447.0,1177095.6
2015-06-24,9.5,9.85,9.0,9.3,107706.0,1027625.9
2015-06-25,9.1,9.4,8.9,9.1,28214.0,258008.95
2015-06-26,9.05,9.4,9.05,9.2,11519.0,105886.8
2015-06-29,9.0,9.45,8.55,8.95,37260.0,335821.75
2015-06-30,9.0,9.35,9.0,9.2,22153.0,203244.0
2015-07-01,9.3,9.95,9.2,9.7,81527.0,789808.85
2015-07-02,9.7,10.5,9.55,10.0,66479.0,667954.35
2015-07-03,10.3,12.0,10.3,12.0,408227.0,4653776.15
2015-07-06,11.8,12.45,11.3,11.9,460996.0,5442377.15
2015-07-07,12.15,12.5,11.8,12.05,252474.0,3073164.3
2015-07-08,11.8,12.25,11.25,11.8,146416.0,1746359.85
2015-07-09,11.6,12.8,11.6,12.05,196783.0,2408530.8
2015-07-10,12.25,12.25,11.4,11.55,122683.0,1436516.4
2015-07-13,11.55,11.8,11.35,11.45,51043.0,592386.45
2015-07-14,11.55,11.55,11.1,11.15,60922.0,689147.8
2015-07-15,11.25,12.25,11.2,11.8,115344.0,1359362.5
2015-07-16,11.65,12.35,11.6,11.75,88627.0,1064041.85
2015-07-17,11.75,11.8,11.5,11.5,34356.0,398808.35
2015-07-20,11.5,12.1,11.3,11.9,129440.0,1523455.35
2015-07-21,12.0,12.4,11.75,11.95,165506.0,2002713.3
2015-07-22,13.0,13.5,12.75,12.95,829581.0,10838740.5
2015-07-23,12.9,13.2,12.25,12.5,157056.0,1997544.45
2015-07-24,12.4,12.65,12.1,12.25,73289.0,908203.25
2015-07-27,12.35,12.35,11.8,11.95,76483.0,918639.7
2015-07-28,12.0,12.2,11.85,11.9,41936.0,504497.05
2015-07-29,11.9,12.1,11.7,11.7,64753.0,768035.55
2015-07-30,12.7,12.7,11.6,12.25,154681.0,1903208.7
2015-07-31,12.45,12.5,11.85,11.95,27109.0,327451.55
2015-08-03,11.9,12.55,11.65,12.15,85152.0,1043907.6
2015-08-04,12.4,12.4,12.0,12.1,37869.0,459769.75
2015-08-05,12.1,12.5,11.9,12.1,85017.0,1045779.4
2015-08-06,12.0,12.45,12.0,12.15,49756.0,603464.55
2015-08-07,11.95,12.3,11.95,12.0,57490.0,695325.15
2015-08-10,11.9,12.8,11.8,12.25,62269.0,760900.45
2015-08-11,12.1,12.2,11.65,11.65,48157.0,568905.05
2015-08-12,11.8,11.8,11.25,11.35,38352.0,442067.95
2015-08-13,11.4,11.6,11.1,11.2,32458.0,366857.4
2015-08-14,11.05,11.35,10.8,11.1,62825.0,694973.45
2015-08-17,11.05,11.1,10.7,10.8,31912.0,346928.85
2015-08-18,10.9,11.35,10.6,10.75,63953.0,694180.15
2015-08-19,10.7,11.0,9.8,10.0,134493.0,1377954.75
2015-08-20,10.0,10.15,9.7,9.85,56540.0,558761.55
2015-08-21,9.8,9.9,8.9,9.5,94716.0,883562.65
2015-08-24,9.3,9.3,8.35,8.5,84241.0,744359.2
2015-08-25,8.9,9.35,8.5,9.0,91500.0,811208.9
2015-08-26,8.8,9.9,8.8,9.3,52653.0,495813.2
2015-08-27,9.5,9.85,9.4,9.75,42591.0,408989.2
2015-08-28,9.9,10.15,9.25,9.6,102948.0,1005853.55
2015-08-31,9.6,9.6,9.3,9.35,18348.0,172219.05
2015-09-01,9.4,9.5,9.0,9.05,22110.0,202315.45
2015-09-02,9.05,9.25,8.9,9.1,37258.0,335942.5
2015-09-03,9.05,9.25,8.95,9.05,58060.0,526644.75
2015-09-04,9.1,9.1,8.6,8.85,28153.0,248829.05
2015-09-07,8.75,9.0,8.2,8.4,57629.0,498275.3
2015-09-08,8.7,8.7,8.05,8.3,53062.0,442921.45
2015-09-09,8.8,8.95,8.45,8.85,39036.0,343287.65
2015-09-10,8.8,8.95,8.45,8.85,22699.0,197971.5
2015-09-11,8.85,9.3,8.75,9.2,27149.0,245883.5
2015-09-14,9.05,9.35,9.0,9.3,26605.0,244739.2
2015-09-15,9.3,9.5,8.7,8.8,51343.0,458246.65
2015-09-16,8.85,9.1,8.6,8.85,68865.0,609850.25
2015-09-18,8.85,9.2,8.7,8.85,28218.0,251908.25
2015-09-21,8.7,8.85,8.15,8.8,55997.0,482345.65
2015-09-22,8.7,9.0,8.5,8.85,47338.0,417884.15
2015-09-23,8.7,8.85,8.6,8.75,22315.0,196031.45
2015-09-24,8.7,8.9,8.6,8.8,24203.0,212339.7
2015-09-28,8.75,8.95,8.6,8.85,7406.0,65092.2
2015-09-29,8.7,9.15,8.55,8.9,32746.0,292585.2
2015-09-30,8.8,9.0,8.7,8.75,41190.0,360292.85
2015-10-01,9.0,9.0,8.75,8.85,7279.0,64407.0
2015-10-05,8.55,9.05,8.55,8.85,44639.0,396831.0
2015-10-06,8.8,9.3,8.8,9.25,56384.0,515057.25
2015-10-07,9.4,9.95,9.1,9.55,62118.0,587752.1
2015-10-08,9.55,9.9,9.5,9.7,31065.0,301312.7
2015-10-09,9.9,9.95,9.5,9.6,20863.0,202860.65
2015-10-12,9.55,9.75,9.4,9.7,48812.0,470761.35
2015-10-13,9.5,9.7,9.4,9.65,15231.0,144828.35
2015-10-14,9.5,9.8,9.25,9.35,31680.0,297029.85
2015-10-15,9.35,9.65,9.3,9.55,6679.0,63442.9
2015-10-16,9.45,9.55,9.3,9.3,34023.0,319864.3
2015-10-19,9.25,9.5,9.0,9.25,36676.0,337931.75
2015-10-20,9.3,9.55,8.2,9.1,85953.0,784532.45
2015-10-21,9.3,9.95,9.25,9.6,82200.0,792837.25
2015-10-23,9.65,10.0,9.4,9.65,88568.0,864402.2
2015-10-26,9.7,9.8,9.1,9.35,13900.0,129825.8
2015-10-27,9.3,9.45,9.05,9.25,5721.0,52959.2
2015-10-28,9.3,9.6,9.3,9.3,17739.0,166854.05
2015-10-29,9.25,9.5,9.25,9.25,6161.0,57429.55
2015-10-30,9.15,9.5,9.15,9.2,14901.0,139248.0
2015-11-02,9.1,9.2,9.0,9.1,15012.0,136148.25
2015-11-03,9.25,9.25,8.9,9.0,18204.0,165075.45
2015-11-04,9.05,9.15,9.0,9.1,13016.0,117941.65
2015-11-05,9.1,9.15,8.8,8.85,19712.0,175513.8
2015-11-06,9.0,9.1,8.7,8.85,19553.0,174253.0
2015-11-09,8.85,9.5,8.5,8.7,55365.0,483019.65
2015-11-10,8.8,8.85,8.55,8.6,70985.0,615410.4
2015-11-11,9.0,9.1,8.85,8.9,9976.0,89281.3
2015-11-13,8.95,8.95,8.55,8.65,47449.0,409542.85
2015-11-16,10.0,10.0,8.6,8.75,36068.0,316584.7
2015-11-17,9.0,9.35,8.75,9.2,64498.0,586381.95
2015-11-18,9.05,10.5,9.05,10.05,448541.0,4452974.05
2015-11-19,10.1,10.9,9.95,10.1,153731.0,1597781.15
2015-11-20,9.9,10.3,9.3,9.5,114676.0,1114709.3
2015-11-23,9.75,9.75,9.15,9.45,52649.0,498128.35
2015-11-24,9.45,9.65,9.2,9.3,86682.0,816082.2
2015-11-26,9.45,9.9,9.3,9.85,65698.0,636266.85
2015-11-27,10.1,10.25,9.6,9.75,43716.0,430892.0
2015-11-30,9.9,11.5,9.65,11.05,316239.0,3361521.0
2015-12-01,11.4,12.2,11.1,11.9,408666.0,4899190.85
2015-12-02,12.0,12.0,11.25,11.8,110690.0,1280635.45
2015-12-03,11.75,11.75,11.25,11.35,48285.0,556506.75
2015-12-04,11.05,13.6,11.05,13.05,1861943.0,24602137.4
2015-12-07,13.35,13.4,12.35,12.5,384858.0,4988735.75
2015-12-08,12.4,13.25,12.3,12.4,238145.0,3049803.1
2015-12-09,13.0,13.0,11.3,11.7,134932.0,1626140.4
2015-12-10,12.4,12.4,11.35,11.8,67396.0,787110.8
2015-12-11,12.3,13.2,11.5,12.15,258656.0,3217087.1
2015-12-14,12.6,13.4,12.15,13.15,326435.0,4222269.05
2015-12-15,13.15,13.7,12.9,13.35,278057.0,3716149.85
2015-12-16,13.4,13.45,12.4,12.95,161561.0,2095869.7
2015-12-17,12.9,13.95,12.75,13.6,404505.0,5493798.5
2015-12-18,13.3,14.75,13.3,13.9,793968.0,11348875.45
2015-12-21,14.0,14.95,13.75,14.5,274623.0,4010977.55
2015-12-22,14.45,14.8,13.75,14.0,205070.0,2933033.05
2015-12-23,14.2,14.4,13.6,13.75,179643.0,2510226.5
2015-12-24,13.75,13.95,13.25,13.45,212337.0,2884276.4
2015-12-28,13.7,13.7,13.05,13.1,172969.0,2288894.35
2015-12-29,13.15,14.4,13.15,13.4,251145.0,3443624.7
2015-12-30,13.65,13.9,13.2,13.35,182228.0,2458587.5
2015-12-31,13.3,14.9,13.3,14.35,663857.0,9463897.25
2016-01-01,14.5,14.75,13.9,14.1,191069.0,2724229.85
2016-01-04,14.0,14.35,13.05,13.5,436138.0,5920328.15
2016-01-05,13.5,14.35,13.4,14.1,244060.0,3412857.25
2016-01-06,14.15,15.0,13.95,14.05,442785.0,6393521.4
2016-01-07,14.05,14.05,13.1,13.2,191091.0,2579579.35
2016-01-08,13.6,14.0,13.15,13.4,205210.0,2761610.1
2016-01-11,13.25,13.7,13.0,13.25,100934.0,1347623.2
2016-01-12,13.3,13.7,12.85,13.0,157341.0,2075800.6
2016-01-13,13.25,13.55,11.1,12.15,300438.0,3687638.5
2016-01-14,11.9,13.2,11.1,12.15,256435.0,3139817.7
2016-01-15,12.1,12.75,11.15,11.4,112581.0,1328452.2
2016-01-18,11.0,11.35,10.55,10.65,89043.0,971398.15
2016-01-19,10.8,11.5,10.75,11.25,105999.0,1185268.1
2016-01-20,11.1,11.5,10.5,10.9,132759.0,1462402.65
2016-01-21,11.3,11.35,10.85,10.9,87573.0,965860.95
2016-01-22,11.15,11.9,10.9,11.35,131334.0,1495208.9
2016-01-25,11.3,12.1,11.3,11.65,108436.0,1282533.65
2016-01-27,11.65,11.9,11.55,11.6,45422.0,533135.4
2016-01-28,11.7,11.85,11.5,11.7,46112.0,535935.05
2016-01-29,11.85,12.2,11.8,11.85,47950.0,572373.85
2016-02-01,11.85,12.15,11.75,11.8,37930.0,451687.35
2016-02-02,11.95,11.95,11.5,11.6,56580.0,663099.0
2016-02-03,11.35,11.7,11.25,11.3,39173.0,448676.4
2016-02-04,11.7,11.7,11.0,11.1,76363.0,868703.5
2016-02-05,11.4,11.4,10.9,11.1,75624.0,840083.05
2016-02-08,11.4,11.4,10.9,10.95,42813.0,474016.15
2016-02-09,10.65,10.85,10.4,10.65,64045.0,676868.35
2016-02-10,10.65,10.85,10.3,10.65,21862.0,228935.05
2016-02-11,10.7,10.7,9.8,10.0,64635.0,657226.6
2016-02-12,9.7,10.1,8.55,9.65,79009.0,729716.0
2016-02-15,9.55,9.95,9.1,9.25,207791.0,1961566.3
2016-02-16,9.3,9.3,8.7,8.9,84077.0,751154.6
2016-02-17,9.0,9.15,8.7,9.05,33174.0,296674.15
2016-02-18,9.0,9.3,9.0,9.1,25118.0,229829.15
2016-02-19,9.15,9.7,9.0,9.35,55167.0,512229.25
2016-02-22,9.5,9.6,9.1,9.4,33095.0,311483.95
2016-02-23,9.5,9.7,9.25,9.45,55617.0,523776.4
2016-02-24,9.45,9.5,9.25,9.35,27969.0,262801.95
2016-02-25,9.3,9.9,9.2,9.5,102373.0,982372.65
2016-02-26,9.65,9.7,9.2,9.3,27059.0,255616.65
2016-02-29,9.2,9.4,8.9,9.0,29039.0,263924.3
2016-03-01,9.25,9.3,9.0,9.25,24153.0,221772.9
2016-03-02,9.5,9.65,9.25,9.55,32696.0,310944.0
2016-03-03,9.65,9.65,9.4,9.45,23673.0,224318.45
2016-03-04,9.6,9.65,9.25,9.25,48960.0,460662.55
2016-03-08,9.15,9.6,9.15,9.45,28891.0,272595.15
2016-03-09,9.3,9.6,9.3,9.45,19611.0,184452.2
2016-03-10,9.45,9.55,9.3,9.35,13409.0,126363.5
2016-03-11,9.35,9.6,9.25,9.35,24928.0,235116.15
2016-03-14,9.45,9.5,9.1,9.1,29606.0,272272.45
2016-03-15,9.95,9.95,8.9,9.05,50230.0,453640.4
2016-03-16,9.15,9.15,8.85,8.9,43082.0,386194.75
2016-03-17,9.15,9.15,8.9,8.95,31141.0,281426.25
2016-03-18,9.15,9.15,8.9,9.0,23419.0,211261.25
2016-03-21,9.05,9.1,8.9,9.0,35819.0,322443.0
2016-03-22,9.0,9.2,8.85,9.1,37128.0,331927.65
2016-03-23,9.15,9.15,8.8,9.0,34241.0,306815.5
2016-03-28,8.9,9.05,8.8,8.85,16294.0,144785.05
2016-03-29,8.9,8.9,8.55,8.6,21326.0,185674.8
2016-03-30,8.75,8.95,8.6,8.85,39697.0,347528.65
2016-03-31,8.7,9.1,8.65,8.7,52907.0,464169.75
2016-04-01,8.85,8.95,8.7,8.85,13554.0,120166.0
2016-04-04,9.0,9.2,8.8,9.05,43951.0,393653.35
2016-04-05,9.0,9.3,8.85,8.9,23015.0,206292.6
2016-04-06,9.1,9.2,8.8,9.15,38741.0,351372.95
2016-04-07,9.15,9.25,8.85,9.15,32167.0,292793.25
2016-04-08,9.15,9.55,9.05,9.3,28696.0,266260.2
2016-04-11,9.1,9.45,9.1,9.3,21396.0,199636.0
2016-04-12,9.35,9.5,9.05,9.35,28968.0,269624.15
2016-04-13,9.45,9.8,9.3,9.5,91746.0,875023.1
2016-04-18,9.35,9.45,9.2,9.25,33424.0,312073.15
2016-04-20,9.0,9.4,9.0,9.3,46985.0,436144.9
2016-04-21,9.2,9.25,9.1,9.2,23735.0,218330.45
2016-04-22,9.0,9.5,9.0,9.15,35029.0,320624.4
2016-04-25,9.05,9.3,9.0,9.1,27664.0,251094.05
2016-04-26,9.1,9.7,9.0,9.25,39198.0,361836.9
2016-04-27,9.3,9.5,9.15,9.35,34563.0,321594.75
2016-04-28,9.25,9.4,9.15,9.25,22497.0,208761.2
2016-04-29,9.25,9.4,9.1,9.15,22752.0,209546.15
2016-05-02,9.15,9.25,9.0,9.1,24790.0,225042.95
2016-05-03,9.1,9.2,9.0,9.05,73967.0,669184.7
2016-05-04,9.0,9.15,9.0,9.0,10102.0,91529.2
2016-05-05,9.0,9.1,9.0,9.0,14215.0,128043.7
2016-05-06,9.1,9.1,8.9,9.0,14211.0,127825.8
2016-05-09,8.9,9.1,8.85,9.05,53452.0,481962.45
2016-05-10,9.0,9.4,9.0,9.2,40509.0,369437.6
2016-05-11,9.0,9.35,9.0,9.2,23721.0,219035.45
2016-05-12,9.2,9.75,9.2,9.3,29841.0,280339.6
2016-05-13,9.6,9.6,9.15,9.2,36901.0,341069.65
2016-05-16,9.1,9.45,9.1,9.25,10903.0,100727.6
2016-05-17,9.2,9.35,9.2,9.35,6592.0,61254.95
2016-05-18,9.2,9.3,9.1,9.25,7259.0,66987.25
2016-05-19,9.25,9.4,9.0,9.0,22845.0,208730.45
2016-05-20,9.2,9.2,8.9,9.0,17793.0,160714.55
2016-05-23,9.05,9.2,8.9,8.95,11727.0,105572.45
2016-05-24,8.9,8.9,8.6,8.8,48340.0,421474.35
2016-05-25,8.85,9.1,8.8,8.9,15458.0,139084.3
2016-05-26,9.0,9.0,8.85,8.85,8530.0,75997.4
2016-05-27,8.55,8.85,8.55,8.7,41890.0,366495.0
2016-05-30,8.9,8.9,8.65,8.75,30213.0,264692.6
2016-05-31,8.75,8.8,8.65,8.7,8586.0,74910.15
2016-06-01,8.85,9.15,8.7,8.8,73495.0,657586.85
2016-06-02,8.75,8.85,8.65,8.7,13469.0,117607.2
2016-06-03,8.7,8.85,8.65,8.7,15910.0,139080.8
2016-06-06,8.75,8.75,8.5,8.55,38581.0,331175.2
2016-06-07,8.75,8.75,8.45,8.5,17663.0,150840.2
2016-06-08,8.5,9.15,8.5,8.75,35924.0,311438.6
2016-06-09,8.9,8.9,8.55,8.55,47497.0,408453.65
2016-06-10,8.75,8.75,8.5,8.65,33380.0,286940.7
2016-06-13,8.5,10.35,8.5,10.35,203532.0,2017012.35
2016-06-14,11.25,11.7,9.8,10.15,849646.0,9097089.75
2016-06-15,10.0,10.4,9.9,10.05,92966.0,938677.0
2016-06-16,9.9,10.3,9.6,10.2,59035.0,590282.3
2016-06-17,10.5,10.5,9.7,9.8,103868.0,1027516.0
2016-06-20,9.75,11.75,9.6,11.75,1585387.0,18200947.9
2016-06-21,12.1,13.7,11.55,12.8,1399936.0,17933339.35
2016-06-22,12.8,13.75,12.8,13.25,783241.0,10496274.35
2016-06-23,13.25,13.25,12.15,12.35,157885.0,1970839.0
2016-06-24,12.0,12.25,10.2,12.1,448013.0,5083814.25
2016-06-27,11.65,13.65,11.65,13.1,778054.0,10250445.85
2016-06-28,13.3,13.5,12.5,12.6,320608.0,4179109.0
2016-06-29,12.9,14.95,12.6,14.2,1259304.0,17757295.05
2016-06-30,14.8,14.9,14.05,14.15,778642.0,11288306.55
2016-07-01,14.05,14.7,13.55,13.6,259936.0,3625917.6
2016-07-04,13.8,13.95,12.9,13.3,240157.0,3203538.3
2016-07-05,13.5,13.6,12.45,13.0,151021.0,1986400.25
2016-07-07,12.95,14.3,12.95,14.1,935730.0,13120590.7
2016-07-08,14.3,14.5,13.3,13.85,395400.0,5505947.35
2016-07-11,14.05,14.55,13.7,13.8,160150.0,2247121.4
2016-07-12,14.0,14.25,13.4,13.65,144682.0,1981913.05
2016-07-13,13.5,13.85,13.1,13.25,136159.0,1819470.05
2016-07-14,13.35,14.0,13.1,13.25,156946.0,2094997.8
2016-07-15,14.0,14.2,13.45,13.9,652850.0,9039561.2
2016-07-18,13.55,14.25,13.55,13.65,246650.0,3433380.65
2016-07-19,13.65,13.9,13.35,13.5,81684.0,1104915.45
2016-07-20,13.5,13.65,13.2,13.3,96620.0,1287775.65
2016-07-21,13.2,13.65,13.0,13.1,96776.0,1278924.15
2016-07-22,13.15,13.75,12.65,13.0,130603.0,1706714.5
2016-07-25,12.85,13.15,12.8,12.85,52051.0,670738.95
2016-07-26,13.1,13.6,12.9,13.05,190451.0,2521725.45
2016-07-27,13.1,13.5,12.8,12.9,91828.0,1208960.15
2016-07-28,12.9,13.0,12.7,12.8,79714.0,1020901.9
2016-07-29,12.75,13.4,12.7,12.9,70441.0,914564.05
2016-08-01,12.75,13.05,12.4,12.5,93313.0,1188552.35
2016-08-02,12.5,12.6,12.05,12.2,63375.0,782062.2
2016-08-03,12.35,12.55,11.5,11.8,147272.0,1742492.65
2016-08-04,11.6,12.95,11.45,12.55,218697.0,2665955.5
2016-08-05,12.6,13.5,12.6,13.15,226745.0,2959822.7
2016-08-08,13.5,15.75,13.5,15.75,2485579.0,37766386.8
2016-08-09,16.3,16.3,14.0,14.7,1497693.0,22246115.05
2016-08-10,14.9,14.95,13.7,14.0,412452.0,5846741.45
2016-08-11,14.1,14.35,13.7,13.75,178704.0,2490398.45
2016-08-12,14.0,14.7,13.7,13.8,260270.0,3705504.4
2016-08-16,13.7,13.7,12.7,12.9,243656.0,3196418.55
2016-08-17,13.1,13.25,12.6,12.7,109943.0,1415755.35
2016-08-18,12.7,13.25,12.6,12.95,53332.0,693130.5
2016-08-19,13.2,13.2,12.45,12.6,112437.0,1430618.4
2016-08-22,12.7,12.7,12.2,12.55,115110.0,1435346.2
2016-08-23,12.5,13.25,12.35,12.75,127855.0,1640834.05
2016-08-24,12.85,12.85,12.35,12.4,82621.0,1030739.4
2016-08-25,12.65,12.65,12.1,12.35,72730.0,899850.3
2016-08-26,12.6,12.6,12.1,12.15,50693.0,621157.3
2016-08-29,12.0,12.85,11.6,12.5,66973.0,818756.85
2016-08-30,12.75,12.75,12.0,12.15,94232.0,1158396.75
2016-08-31,12.05,12.4,12.0,12.15,45362.0,552025.7
2016-09-01,12.1,12.3,11.85,12.15,57534.0,694272.1
2016-09-02,12.1,12.6,11.65,12.25,73460.0,899364.6
2016-09-06,12.45,12.7,12.0,12.2,63799.0,784962.55
2016-09-07,12.2,12.5,11.85,12.1,68229.0,834413.45
2016-09-08,12.4,12.4,11.85,12.0,68349.0,823873.05
2016-09-09,12.1,12.2,11.8,11.9,46364.0,553334.65
2016-09-12,11.8,11.95,11.55,11.8,46541.0,550014.1
2016-09-14,11.9,12.35,11.7,12.15,98235.0,1188091.1
2016-09-15,12.6,13.55,12.6,12.75,377751.0,4965634.75
2016-09-16,13.05,13.25,12.55,12.95,135881.0,1759259.85
2016-09-19,12.8,12.95,12.1,12.5,99608.0,1250019.35
2016-09-20,12.35,14.0,12.2,12.95,478203.0,6384845.15
2016-09-21,13.0,13.5,12.8,13.1,132853.0,1753777.3
2016-09-22,14.6,15.2,13.75,14.5,1904013.0,27792324.35
2016-09-23,14.5,14.65,13.85,13.95,220454.0,3142802.7
2016-09-26,13.9,13.95,13.3,13.45,117569.0,1595543.55
2016-09-27,13.65,13.9,13.2,13.4,112255.0,1517645.9
2016-09-28,13.7,14.5,13.25,13.3,53252.0,715060.9
2016-09-29,13.0,13.5,10.65,12.1,253037.0,3150849.95
2016-09-30,12.4,12.9,11.4,12.3,101368.0,1251162.8
2016-10-03,12.4,13.2,12.4,13.0,92602.0,1184801.45
2016-10-04,13.5,13.8,13.1,13.25,167664.0,2250023.05
2016-10-05,13.15,13.4,13.05,13.15,82112.0,1083805.85
2016-10-06,13.2,13.45,12.7,12.8,104506.0,1368834.85
2016-10-07,13.2,13.2,12.65,12.85,93787.0,1204803.6
2016-10-10,12.65,13.0,12.55,12.65,98588.0,1254155.8
2016-10-13,12.65,12.8,12.0,12.3,67613.0,834290.1
2016-10-14,12.4,13.85,12.05,13.2,334633.0,4490392.5
2016-10-17,13.7,15.0,13.1,14.2,682103.0,9758025.5
2016-10-18,14.5,15.45,14.3,14.7,875820.0,13176500.75
2016-10-19,14.7,15.2,14.25,14.35,401778.0,5935350.15
2016-10-20,14.55,15.1,13.4,13.65,307903.0,4281062.8
2016-10-21,14.0,14.0,13.4,13.55,202804.0,2756627.2
2016-10-24,13.6,13.9,13.4,13.5,117986.0,1607717.2
2016-10-25,13.6,16.2,13.3,16.2,1262676.0,19396923.35
2016-10-26,16.25,17.65,15.6,16.35,1952187.0,32405020.2
2016-10-27,16.7,17.5,16.35,16.65,914138.0,15466790.35
2016-10-28,16.7,17.4,15.65,15.75,526613.0,8667108.95
2016-10-30,16.15,16.15,15.2,15.8,146264.0,2314719.4
2016-11-01,16.0,16.7,15.75,15.95,295487.0,4802084.8
2016-11-02,15.8,15.95,15.25,15.4,174347.0,2705837.15
2016-11-03,15.25,16.05,14.65,15.1,195393.0,3042536.15
2016-11-04,14.65,15.45,14.0,14.35,217343.0,3139895.2
2016-11-07,14.4,15.35,14.35,15.05,140986.0,2102306.9
2016-11-08,15.35,15.35,14.5,14.85,115858.0,1727013.95
2016-11-09,12.15,14.4,12.15,14.15,263579.0,3607479.2
2016-11-10,14.65,15.0,14.5,14.75,110608.0,1630309.65
2016-11-11,14.7,14.7,13.4,13.6,203377.0,2846686.75
2016-11-15,13.1,13.4,12.25,12.6,201301.0,2570792.8
2016-11-16,13.0,13.0,12.2,12.35,127018.0,1599460.1
2016-11-17,12.45,12.8,12.15,12.45,50134.0,623336.1
2016-11-18,12.7,12.7,12.0,12.15,106255.0,1307799.7
2016-11-21,12.5,12.5,11.5,11.65,83949.0,990137.8
2016-11-22,12.2,12.25,11.7,11.75,76194.0,905150.95
2016-11-23,12.25,13.9,11.7,13.75,362265.0,4761622.15
2016-11-24,13.85,16.2,13.25,15.4,870650.0,13282206.05
2016-11-25,15.6,16.0,14.6,14.8,315257.0,4818235.2
2016-11-28,14.75,15.8,14.65,15.5,336220.0,5211684.2
2016-11-29,15.25,17.0,15.25,16.15,686111.0,11214809.5
2016-11-30,16.3,19.35,16.05,19.35,1737281.0,32099061.0
2016-12-01,19.95,20.4,17.45,17.55,1514351.0,28303195.1
2016-12-02,17.6,18.6,16.35,17.7,625100.0,11263686.45
2016-12-05,18.4,18.75,17.45,17.75,449798.0,8124475.1
2016-12-06,18.1,18.55,17.55,17.8,289260.0,5229143.45
2016-12-07,17.8,18.1,16.05,16.5,394270.0,6669131.35
2016-12-08,16.75,18.15,16.75,18.15,411420.0,7300003.8
2016-12-09,19.05,19.95,18.8,19.95,1968878.0,38721931.25
2016-12-12,20.55,21.9,19.3,21.9,1541215.0,32365922.2
2016-12-13,23.05,24.05,22.9,24.05,3309415.0,79143470.7
2016-12-14,24.4,25.0,23.15,23.55,3259063.0,78666384.55
2016-12-15,23.0,24.25,22.75,23.65,1135989.0,26894979.55
2016-12-16,23.8,24.25,23.1,23.5,643174.0,15136387.05
2016-12-19,23.35,24.2,23.3,23.45,324098.0,7662552.7
2016-12-20,22.9,23.45,22.3,22.3,199730.0,4529615.8
2016-12-21,21.2,21.55,21.2,21.2,61418.0,1302351.6
2016-12-22,20.15,20.15,20.15,20.15,22383.0,451017.45
2016-12-23,19.15,19.15,19.15,19.15,42418.0,812304.7
2016-12-26,18.2,20.1,18.2,20.05,205001.0,3951447.65
2016-12-27,20.1,20.45,19.05,19.25,204792.0,3940667.6
2016-12-28,19.0,19.5,18.3,18.35,214099.0,3985387.8
2016-12-29,17.45,19.25,17.45,19.2,226371.0,4196000.05
2016-12-30,19.3,20.0,18.8,19.15,104129.0,2015975.8
2017-01-02,18.8,19.85,18.8,19.55,78146.0,1523060.15
2017-01-03,19.35,20.5,18.8,20.5,221239.0,4498377.8
2017-01-04,20.75,21.25,20.05,20.2,147185.0,3031157.6
2017-01-05,20.7,21.2,20.7,21.2,53384.0,1128480.9
2017-01-06,22.0,22.0,20.25,20.45,195985.0,4172624.1
2017-01-09,20.6,21.4,19.7,20.75,113564.0,2364077.25
2017-01-10,20.95,21.25,20.65,20.8,40961.0,857041.15
2017-01-11,21.0,21.45,20.35,21.0,95276.0,1988952.2
2017-01-12,20.85,21.2,19.95,19.95,116336.0,2338733.1
2017-01-13,19.7,19.95,19.0,19.45,106766.0,2059349.0
2017-01-16,19.45,20.2,19.1,19.45,51200.0,996022.8
2017-01-17,19.35,19.95,19.35,19.5,37693.0,737532.65
2017-01-18,19.85,19.85,19.0,19.2,60938.0,1170889.2
2017-01-19,19.5,19.5,18.5,18.6,106912.0,2005681.95
2017-01-20,18.5,18.6,17.9,18.35,65661.0,1206826.45
2017-01-23,18.1,18.65,17.45,18.5,40187.0,738416.05
2017-01-24,18.7,18.75,18.1,18.55,58679.0,1083633.2
2017-01-25,19.45,19.45,19.25,19.45,60982.0,1185317.2
2017-01-27,20.4,20.4,19.7,20.3,183671.0,3731511.4
2017-01-30,20.65,20.8,19.5,19.6,58855.0,1176050.35
2017-01-31,19.6,20.0,19.05,19.15,57823.0,1115167.45
2017-02-01,19.4,20.1,19.0,20.1,124105.0,2470050.95
2017-02-02,20.0,20.4,19.2,19.3,61993.0,1204356.95
2017-02-03,19.55,19.55,18.65,19.0,67288.0,1280504.9
2017-02-06,18.7,19.5,18.5,18.8,61525.0,1159232.75
2017-02-07,18.65,19.3,18.6,18.8,56675.0,1063624.25
2017-02-08,19.2,19.2,18.7,18.95,56522.0,1075406.65
2017-02-09,19.0,19.5,18.5,19.0,69740.0,1315617.3
2017-02-10,19.45,19.45,18.4,18.45,51027.0,951115.8
2017-02-13,18.2,18.3,17.7,17.85,68524.0,1227857.8
2017-02-14,17.1,18.4,17.1,17.4,65505.0,1153465.15
2017-02-15,18.2,18.2,16.8,17.0,59377.0,1014213.9
2017-02-16,16.7,17.0,16.5,16.9,45263.0,764302.65
2017-02-17,17.2,17.55,16.4,17.0,82670.0,1392253.35
2017-02-20,17.45,17.7,16.75,17.45,56299.0,964104.35
2017-02-21,17.5,17.5,16.6,17.0,58475.0,992603.75
2017-02-22,17.0,17.3,16.8,17.0,36469.0,619212.55
2017-02-23,16.85,17.0,16.55,16.65,68791.0,1150632.1
2017-02-27,17.2,17.2,16.65,17.0,40739.0,691154.65
2017-02-28,17.0,17.05,16.2,16.35,57779.0,950757.95
2017-03-01,16.7,17.15,16.2,16.85,60543.0,1007732.65
2017-03-02,17.1,17.55,17.0,17.1,76931.0,1325866.4
2017-03-03,17.2,17.2,16.4,16.55,92571.0,1541924.55
2017-03-06,16.5,16.85,16.35,16.4,50231.0,828016.2
2017-03-07,16.3,16.8,16.3,16.45,42162.0,696025.65
2017-03-08,16.1,17.15,16.1,16.35,91761.0,1520130.35
2017-03-09,16.25,16.35,16.0,16.05,63173.0,1018633.6
2017-03-10,16.1,16.1,15.8,16.0,34273.0,547762.2
2017-03-14,15.95,16.6,15.8,16.0,61368.0,991994.75
2017-03-15,16.5,16.8,15.6,15.75,505237.0,8184228.5
2017-03-16,15.95,16.0,15.6,15.7,142557.0,2251502.95
2017-03-17,15.9,16.0,15.1,15.25,216148.0,3332237.1
2017-03-20,15.05,15.45,14.95,15.0,187018.0,2818309.55
2017-03-21,15.1,15.2,14.6,14.6,108795.0,1604145.5
2017-03-22,14.5,14.75,14.1,14.2,164274.0,2345101.6
2017-03-23,14.2,14.9,13.55,14.9,147322.0,2140782.75
2017-03-24,15.0,15.4,14.75,14.95,167689.0,2541185.0
2017-03-27,15.2,15.2,14.35,14.55,77727.0,1132557.0
2017-03-28,14.6,14.75,14.2,14.25,89449.0,1288690.65
2017-03-29,14.45,14.45,13.85,14.05,147171.0,2076728.6
2017-03-30,14.4,14.4,13.9,14.0,87580.0,1236550.55
2017-03-31,13.6,14.45,13.6,14.0,96602.0,1358682.9
2017-04-03,14.15,14.7,14.15,14.7,85736.0,1245471.25
2017-04-05,14.8,15.4,14.65,15.4,101244.0,1551724.65
2017-04-06,15.75,16.15,15.75,16.15,470934.0,7585944.85
2017-04-07,16.6,16.95,16.3,16.75,409094.0,6890888.7
2017-04-10,17.15,17.25,15.8,16.6,257095.0,4287410.95
2017-04-11,16.3,16.55,16.05,16.15,111577.0,1814764.55
2017-04-12,16.15,16.15,15.15,15.75,99364.0,1573465.95
2017-04-13,15.4,17.3,15.4,17.05,519865.0,8813951.3
2017-04-17,17.5,18.7,17.05,18.05,590244.0,10695415.3
2017-04-18,18.3,18.5,17.05,17.1,209126.0,3697456.35
2017-04-19,17.1,17.45,16.5,16.7,129410.0,2185606.95
2017-04-20,16.95,16.95,16.3,16.6,112620.0,1868668.05
2017-04-21,16.8,18.25,16.6,17.9,469574.0,8345351.75
2017-04-24,18.25,18.35,17.5,17.55,75478.0,1348889.85
2017-04-25,17.5,17.9,16.85,16.95,162457.0,2775694.7
2017-04-26,16.8,17.85,16.25,16.7,117726.0,2014288.7
2017-04-27,16.75,16.9,16.4,16.65,65377.0,1089269.55
2017-04-28,16.55,18.1,16.4,17.1,315867.0,5490386.25
2017-05-02,17.05,17.9,16.7,17.5,208220.0,3621798.5
2017-05-03,17.4,17.9,16.8,17.05,64104.0,1105644.45
2017-05-04,17.05,17.25,16.7,16.8,76586.0,1295852.75
2017-05-05,17.0,17.0,16.25,16.35,71013.0,1172905.05
2017-05-08,16.5,16.8,16.1,16.25,84732.0,1390367.5
2017-05-09,16.4,16.55,15.55,16.15,90567.0,1458988.65
2017-05-10,16.2,17.75,16.2,17.75,577410.0,10163598.95
2017-05-11,18.25,18.6,17.0,17.1,306999.0,5438720.5
2017-05-12,17.0,17.35,16.6,17.0,143386.0,2425982.8
2017-05-15,16.85,17.2,16.65,16.8,66153.0,1114307.35
2017-05-16,16.65,17.5,16.5,17.05,95779.0,1624526.0
2017-05-17,17.05,17.6,16.7,17.35,80395.0,1380400.95
2017-05-18,17.15,17.3,16.6,16.7,93698.0,1568232.0
2017-05-19,16.8,16.9,16.25,16.55,150559.0,2487584.1
2017-05-22,16.95,16.95,16.05,16.25,65625.0,1070720.5
2017-05-23,16.25,16.55,15.65,15.85,57257.0,911394.9
2017-05-24,15.95,16.0,14.35,14.6,150923.0,2280408.75
2017-05-25,14.65,15.9,14.5,15.05,157518.0,2376807.0
2017-05-26,15.05,15.7,15.05,15.45,75868.0,1171167.9
2017-05-29,15.3,16.0,14.85,14.9,63714.0,963711.55
2017-05-30,14.75,14.95,13.85,14.85,76960.0,1132876.25
2017-05-31,14.95,15.35,14.55,14.65,41246.0,608788.4
2017-06-01,14.7,14.8,14.1,14.6,16962.0,247759.15
2017-06-02,14.7,14.8,13.95,14.2,252368.0,3567639.9
2017-06-05,14.05,14.4,14.05,14.3,44913.0,638445.8
2017-06-06,14.3,14.3,13.95,14.1,52824.0,745922.4
2017-06-07,15.0,15.9,14.85,15.25,483308.0,7360877.25
2017-06-08,15.05,15.25,14.5,14.9,71399.0,1071797.2
2017-06-09,14.9,15.0,14.25,14.65,53127.0,775901.6
2017-06-12,14.4,15.0,14.2,14.35,46440.0,664367.75
2017-06-13,14.6,15.2,14.4,14.55,56683.0,838467.65
2017-06-14,14.55,14.95,14.35,14.4,59757.0,867079.4
2017-06-15,14.4,14.6,14.2,14.3,30569.0,440173.85
2017-06-16,14.7,14.75,14.3,14.4,70217.0,1015240.9
2017-06-19,15.2,15.5,14.7,15.0,223700.0,3362161.35
2017-06-20,15.0,15.0,14.5,14.65,50266.0,735034.5
2017-06-21,14.5,14.85,14.4,14.65,68946.0,1006164.9
2017-06-22,14.5,15.05,14.3,14.5,123265.0,1807598.75
2017-06-23,14.4,14.8,14.35,14.4,54934.0,794678.95
2017-06-27,14.35,14.5,13.9,14.05,76641.0,1080097.85
2017-06-28,14.0,14.3,13.95,14.15,55604.0,783309.4
2017-06-29,14.05,14.25,14.0,14.05,29684.0,418847.4
2017-06-30,14.4,15.0,14.4,14.6,142406.0,2094407.65
2017-07-03,14.4,14.75,14.3,14.45,55066.0,800366.65
2017-07-04,14.75,14.75,14.35,14.45,52344.0,755231.55
2017-07-05,14.6,15.9,14.4,15.65,349321.0,5348179.3
2017-07-06,15.9,17.9,15.5,16.8,955812.0,16249354.55
2017-07-07,16.8,17.25,16.5,16.6,188684.0,3172920.55
2017-07-10,16.8,16.85,16.0,16.15,21868.0,354330.15
2017-07-11,16.15,16.9,15.9,16.1,125760.0,2077815.6
2017-07-12,16.2,16.5,15.85,15.85,80103.0,1285060.05
2017-07-13,15.8,16.6,15.6,15.7,74105.0,1175581.45
2017-07-14,16.0,16.0,15.3,15.45,92699.0,1451590.25
2017-07-17,15.4,15.7,15.0,15.1,91238.0,1381629.9
2017-07-18,15.1,15.3,15.0,15.2,60167.0,912327.65
2017-07-19,15.2,15.9,15.05,15.15,92667.0,1416222.35
2017-07-20,15.35,15.6,15.15,15.4,72142.0,1110970.65
2017-07-21,15.5,17.6,15.45,16.5,687963.0,11565009.35
2017-07-24,16.5,16.75,15.8,16.0,75985.0,1235497.85
2017-07-25,15.95,16.3,15.6,15.9,64284.0,1025863.7
2017-07-26,16.15,16.2,15.25,15.95,58040.0,926180.9
2017-07-27,15.9,16.5,15.55,15.6,87812.0,1396876.8
2017-07-28,16.25,16.25,15.2,15.45,57515.0,894272.3
2017-07-31,15.85,15.95,15.3,15.45,48612.0,762029.15
2017-08-01,15.3,15.6,15.3,15.4,44294.0,680341.6
2017-08-02,15.3,15.85,15.25,15.4,56515.0,873370.8
2017-08-03,15.25,15.6,15.15,15.25,31818.0,488493.8
2017-08-04,15.2,15.4,14.8,15.05,63758.0,958019.3
2017-08-07,15.95,15.95,15.0,15.05,41592.0,631407.5
2017-08-08,15.5,15.55,14.4,14.8,71795.0,1057629.6
2017-08-09,14.55,15.4,14.25,14.4,65749.0,956398.35
2017-08-10,14.6,14.9,13.5,13.65,87740.0,1237428.6
2017-08-11,13.65,14.9,13.45,14.15,99958.0,1413721.0
2017-08-14,14.75,14.75,14.0,14.25,53504.0,762922.8
2017-08-16,14.05,14.35,12.25,14.1,71212.0,979240.85
2017-08-17,13.9,14.8,13.8,14.2,37854.0,540493.4
2017-08-18,13.9,14.3,13.65,14.25,26278.0,371789.7
2017-08-21,14.25,14.75,14.0,14.1,69906.0,1001438.6
2017-08-22,14.4,14.45,13.75,13.95,15250.0,214434.4
2017-08-23,13.85,14.1,13.75,13.8,44420.0,617699.8
2017-08-24,13.7,14.1,13.7,13.95,18672.0,260483.5
2017-08-28,13.9,14.15,13.9,13.95,29146.0,408667.1
2017-08-29,13.9,13.95,13.65,13.7,46374.0,638861.65
2017-08-30,13.75,14.85,13.75,14.1,48221.0,680906.95
2017-08-31,13.8,14.2,13.8,13.9,29234.0,407359.0
2017-09-01,14.0,14.15,13.75,13.95,39582.0,552658.05
2017-09-04,13.85,14.6,13.85,13.95,48825.0,692489.6
2017-09-05,14.3,14.3,13.85,14.0,42791.0,601026.85
2017-09-06,13.9,14.85,13.8,14.5,112118.0,1618680.85
2017-09-07,14.65,16.0,14.3,15.15,328726.0,4991048.6
2017-09-08,15.4,15.5,14.55,14.6,105421.0,1577281.2
2017-09-11,15.45,15.65,14.8,15.1,164636.0,2495207.3
2017-09-12,15.2,15.5,14.75,15.05,56157.0,842131.55
2017-09-13,14.85,15.0,14.6,14.6,39803.0,587559.6
2017-09-14,14.5,15.5,14.5,14.9,133361.0,2012631.5
2017-09-15,14.55,15.2,14.55,14.9,57248.0,851283.35
2017-09-18,14.6,15.35,14.6,14.65,121068.0,1801669.55
2017-09-19,14.6,14.7,13.5,14.25,82974.0,1185649.35
2017-09-20,14.2,14.7,14.0,14.1,105747.0,1505885.05
2017-09-21,14.1,14.25,13.0,13.95,145926.0,2008573.65
2017-09-22,13.95,14.3,13.6,13.9,52672.0,731192.85
2017-09-25,13.9,14.0,13.0,13.15,90789.0,1206310.5
2017-09-26,13.15,13.75,13.15,13.5,34244.0,462365.7
2017-09-27,13.4,13.9,13.1,13.15,38674.0,516320.2
2017-09-28,13.45,13.65,13.1,13.2,32534.0,429863.45
2017-09-29,13.3,13.45,13.1,13.25,26910.0,356438.85
2017-10-03,13.5,13.6,12.8,13.05,75748.0,996080.45
2017-10-04,13.1,13.2,12.65,12.7,50632.0,653289.75
2017-10-05,12.65,13.0,12.6,12.8,72819.0,932820.6
2017-10-06,12.9,14.6,12.8,13.95,583872.0,8112304.5
2017-10-09,14.25,14.4,13.6,13.7,88127.0,1227693.0
2017-10-10,14.1,14.1,13.25,13.55,105080.0,1433149.8
2017-10-11,14.0,14.0,13.3,13.35,64670.0,879954.65
2017-10-12,13.45,16.0,13.3,15.4,4159277.0,65090700.9
2017-10-13,15.2,15.4,14.4,14.8,437199.0,6524501.45
2017-10-16,14.45,15.1,14.05,14.4,163961.0,2373614.2
2017-10-17,14.4,14.5,14.05,14.15,110494.0,1567860.4
2017-10-18,14.55,14.75,14.0,14.35,97959.0,1403628.35
2017-10-19,14.8,14.8,14.2,14.4,36194.0,523315.1
2017-10-23,14.2,14.7,13.5,13.9,132551.0,1852366.9
2017-10-24,13.85,14.3,13.8,13.9,87898.0,1228078.35
2017-10-25,14.0,14.2,13.9,13.95,51320.0,718755.45
2017-10-26,14.1,14.1,13.55,13.85,113659.0,1574469.05
2017-10-27,13.75,14.1,13.55,13.9,82964.0,1145890.6
2017-10-30,14.0,14.45,13.8,14.1,117443.0,1658034.75
2017-10-31,14.15,16.6,13.9,15.7,1897219.0,30058505.9
2017-11-01,16.2,17.7,15.7,16.35,1708812.0,28767059.55
2017-11-02,16.3,16.7,15.0,15.75,358915.0,5686069.85
2017-11-03,17.0,18.65,16.85,17.85,2911932.0,51975511.95
2017-11-06,17.85,18.4,17.25,17.7,505444.0,9059199.0
2017-11-07,17.35,17.7,16.4,16.7,279609.0,4757702.6
2017-11-08,17.75,19.2,17.3,18.15,2156306.0,39694198.65
2017-11-09,18.15,19.0,18.05,18.35,422366.0,7797763.75
2017-11-10,18.35,18.4,17.35,17.75,335550.0,5966049.7
2017-11-13,17.8,17.9,16.6,16.7,309123.0,5281997.2
2017-11-14,16.7,17.5,16.0,16.7,171773.0,2864557.7
2017-11-15,16.7,16.7,15.9,15.9,81814.0,1317134.05
2017-11-16,15.9,15.9,15.15,15.35,123949.0,1900974.45
2017-11-17,15.45,16.1,15.1,15.95,88778.0,1410592.55
2017-11-20,15.8,16.45,15.8,15.95,70472.0,1133596.35
2017-11-21,15.9,16.25,15.85,16.0,66148.0,1059501.7
2017-11-22,16.3,16.8,15.2,15.7,84105.0,1317157.85
2017-11-23,16.1,16.1,15.25,15.3,58112.0,894905.45
2017-11-24,15.35,15.75,15.2,15.45,47138.0,728083.55
2017-11-27,15.45,15.8,15.2,15.45,40137.0,620257.6
2017-11-28,15.25,15.75,15.25,15.3,48535.0,749174.3
2017-11-29,15.35,15.5,15.0,15.2,38458.0,583977.2
2017-11-30,15.2,15.25,14.9,14.9,49035.0,735503.75
2017-12-01,14.85,15.55,14.85,15.25,29506.0,451216.25
2017-12-04,15.25,15.7,15.1,15.2,55494.0,853719.75
2017-12-05,15.15,15.35,14.8,14.8,36940.0,551709.15
2017-12-06,15.15,15.15,14.45,14.5,45343.0,663981.65
2017-12-07,14.5,15.2,14.3,15.1,68382.0,1022382.35
2017-12-08,14.8,15.7,14.8,14.9,77650.0,1178335.7
2017-12-11,14.5,15.25,14.5,14.9,42056.0,623554.25
2017-12-12,15.0,15.35,14.65,14.8,29588.0,442582.15
2017-12-13,14.7,15.05,14.5,14.65,42112.0,619415.15
2017-12-14,14.55,14.8,14.35,14.65,34606.0,501624.55
2017-12-15,14.9,14.9,14.5,14.6,26189.0,384252.4
2017-12-18,14.9,14.95,14.3,14.7,26142.0,383424.6
2017-12-19,14.3,14.85,14.3,14.65,47103.0,690878.7
2017-12-20,14.4,14.85,14.4,14.65,31624.0,464575.7
2017-12-21,14.9,15.0,14.3,14.9,74049.0,1089769.6
2017-12-22,15.0,15.2,14.6,15.05,56098.0,847634.3
2017-12-26,15.3,15.3,14.8,14.95,40723.0,610721.65
2017-12-27,14.9,15.0,14.65,14.9,80120.0,1191230.35
2017-12-28,14.65,15.0,14.6,14.75,73832.0,1090617.85
2017-12-29,14.9,15.1,14.6,14.8,108462.0,1618079.45
2018-01-01,14.9,15.5,14.75,15.15,130468.0,1988761.2
2018-01-02,15.15,15.3,14.9,15.1,50826.0,764814.25
2018-01-03,15.3,15.5,14.8,15.25,54587.0,823790.35
2018-01-04,15.25,16.0,15.1,16.0,186955.0,2965557.1
2018-01-05,16.7,16.8,16.25,16.8,282382.0,4715857.8
2018-01-08,17.1,17.55,16.6,16.8,144894.0,2451564.65
2018-01-09,17.05,17.05,16.0,16.0,93884.0,1519291.9
2018-01-10,16.0,16.1,15.3,15.45,68734.0,1073201.8
2018-01-11,15.5,16.2,14.85,16.2,121861.0,1937115.6
2018-01-12,16.3,16.4,15.65,15.75,43105.0,684193.9
2018-01-15,15.75,16.1,15.25,15.4,49612.0,768481.35
2018-01-16,15.5,15.65,14.65,14.9,97378.0,1452091.6
2018-01-17,14.4,15.1,14.4,14.95,22290.0,331959.55
2018-01-18,15.1,15.5,14.5,14.65,62595.0,931630.25
2018-01-19,14.55,14.85,14.45,14.6,42292.0,616344.35
2018-01-22,14.4,15.0,14.4,14.65,39592.0,579891.15
2018-01-23,15.0,15.1,14.7,14.7,27477.0,407772.05
2018-01-24,14.6,14.9,14.3,14.35,42562.0,613690.7
2018-01-25,14.4,14.6,14.0,14.15,31730.0,452488.05
2018-01-29,14.0,14.5,14.0,14.1,41629.0,591025.15
2018-01-30,14.15,14.4,14.0,14.1,20668.0,291524.8
2018-01-31,14.1,14.2,14.0,14.05,50980.0,716065.4
2018-02-01,14.05,14.45,13.7,13.85,43233.0,605016.25
2018-02-02,13.5,13.9,13.2,13.3,70802.0,941859.05
2018-02-05,13.1,13.3,12.65,13.15,53436.0,689131.55
2018-02-06,13.0,13.0,12.5,12.55,49798.0,629336.95
2018-02-07,12.6,13.15,12.6,13.15,36836.0,479420.1
2018-02-08,13.7,13.7,13.25,13.5,32169.0,435122.9
2018-02-09,13.2,13.7,13.15,13.4,22284.0,297796.25
2018-02-12,13.65,13.95,13.4,13.8,30337.0,417055.3
2018-02-14,13.55,14.45,13.55,13.85,87596.0,1237600.1
2018-02-15,13.8,14.1,13.2,13.35,57781.0,773178.8
2018-02-16,13.1,13.6,13.0,13.05,42390.0,556225.1
2018-02-19,12.85,13.7,12.6,13.4,77931.0,1040897.9
2018-02-20,13.25,13.45,12.85,13.05,46291.0,605507.15
2018-02-21,13.0,13.15,12.7,12.9,27806.0,357943.3
2018-02-22,12.75,13.2,12.7,12.9,20110.0,259341.45
2018-02-23,13.0,13.5,13.0,13.5,36960.0,495624.05
2018-02-26,13.6,14.15,13.45,13.6,113883.0,1575723.05
2018-02-27,14.0,14.0,13.1,13.15,34354.0,458706.85
2018-02-28,13.15,13.55,12.7,12.85,37635.0,486503.9
2018-03-01,13.2,13.4,12.9,13.25,17577.0,230774.7
2018-03-05,13.0,13.7,12.65,13.3,45413.0,594125.15
2018-03-06,13.45,13.5,12.65,12.75,36409.0,469489.5
2018-03-07,12.8,13.0,12.3,12.4,73245.0,914955.6
2018-03-08,12.4,12.65,11.95,12.05,90229.0,1099898.5
2018-03-09,12.3,12.3,11.75,11.8,57082.0,685017.7
2018-03-12,11.6,12.1,11.6,11.95,23289.0,277141.45
2018-03-13,11.7,12.2,11.7,11.95,31468.0,376102.3
2018-03-14,11.65,12.25,11.65,11.9,27164.0,324776.1
2018-03-15,11.75,12.2,11.7,11.95,110669.0,1325189.8
2018-03-16,11.8,12.0,11.7,11.85,27858.0,328460.3
2018-03-19,11.55,11.9,11.35,11.4,93213.0,1077944.4
2018-03-20,11.4,11.4,11.05,11.1,58975.0,661684.5
2018-03-21,11.25,11.3,10.85,10.9,46516.0,516161.35
2018-03-22,10.9,11.15,10.4,10.45,65320.0,691980.25
2018-03-23,9.95,10.4,9.95,9.95,66870.0,669939.6
2018-03-26,10.3,10.3,9.5,9.5,130804.0,1252065.85
2018-03-27,9.55,9.85,9.5,9.65,46415.0,447799.35
2018-03-28,9.75,9.85,9.4,9.6,39068.0,375562.9
2018-04-02,9.5,10.05,9.5,9.9,42529.0,420234.65
2018-04-03,9.9,10.3,9.9,10.2,35871.0,363879.8
2018-04-04,10.3,10.7,10.3,10.4,79215.0,827888.9
2018-04-05,10.5,10.75,10.5,10.65,41122.0,438602.95
2018-04-06,10.7,11.1,10.6,10.8,32239.0,349078.0
2018-04-09,10.9,11.1,10.6,10.7,41561.0,447081.45
2018-04-10,10.9,11.15,10.7,10.95,29093.0,317146.0
2018-04-11,11.15,11.45,10.7,11.0,45678.0,507419.75
2018-04-12,10.75,11.2,10.65,10.7,25520.0,276930.2
2018-04-13,10.75,11.2,10.75,10.85,25438.0,278606.0
2018-04-16,10.5,10.75,10.4,10.55,21334.0,224765.65
2018-04-17,10.5,10.8,10.4,10.5,23831.0,252103.3
2018-04-18,10.55,10.55,10.35,10.45,22799.0,238333.55
2018-04-19,10.35,10.5,10.25,10.35,20522.0,212246.2
2018-04-20,10.35,11.35,10.15,11.35,97200.0,1073906.5
2018-04-23,12.4,12.45,12.35,12.45,98742.0,1226217.0
2018-04-24,13.65,13.65,13.65,13.65,70178.0,957929.7
2018-04-25,14.3,14.3,14.3,14.3,48694.0,696324.2
2018-04-26,15.0,15.0,14.45,15.0,833732.0,12400636.55
2018-04-27,15.55,15.75,14.75,15.75,634473.0,9809266.05
2018-04-30,16.3,16.5,16.1,16.5,330279.0,5442981.45
2018-05-02,17.25,17.3,15.7,15.7,782047.0,12595753.95
2018-05-03,14.95,14.95,14.95,14.95,256537.0,3835228.15
2018-05-04,14.25,14.25,14.25,14.25,22348.0,318459.0
2018-05-07,13.65,13.85,13.55,13.55,275540.0,3750602.1
2018-05-08,12.9,12.9,12.9,12.9,71211.0,918621.9
2018-05-09,12.3,12.3,12.3,12.3,99292.0,1221291.6
2018-05-10,11.7,12.9,11.7,12.9,131841.0,1625201.75
2018-05-11,13.05,13.5,12.9,13.05,127767.0,1693181.25
2018-05-14,13.4,13.45,12.4,12.75,70418.0,889615.05
2018-05-15,12.75,13.2,12.15,12.2,40084.0,493971.0
2018-05-16,11.6,12.6,11.6,11.6,136687.0,1597212.55
2018-05-17,11.5,12.15,11.1,11.85,90569.0,1047436.05
2018-05-18,11.85,12.35,11.3,11.3,82071.0,939761.3
2018-05-21,10.85,11.65,10.85,10.95,45240.0,500448.05
2018-05-22,11.35,11.45,10.75,11.2,72600.0,804975.05
2018-05-23,11.3,11.5,11.0,11.05,23180.0,259721.95
2018-05-24,11.0,11.4,11.0,11.15,19228.0,214361.7
2018-05-25,11.65,11.7,11.55,11.7,91910.0,1073323.25
2018-05-28,12.0,12.25,12.0,12.25,82578.0,1004300.0
2018-05-29,12.0,12.75,11.7,12.3,105913.0,1286781.45
2018-05-30,11.75,12.0,11.7,11.7,72256.0,849527.0
2018-05-31,11.5,11.75,11.2,11.5,54624.0,619601.65
2018-06-01,11.35,11.6,10.95,11.25,74969.0,835028.95
2018-06-04,11.3,11.5,10.75,10.8,87960.0,968543.8
2018-06-05,10.5,10.7,10.3,10.3,74234.0,771826.25
2018-06-06,10.3,10.7,10.0,10.15,38026.0,389003.4
2018-06-07,10.4,10.65,10.15,10.65,49255.0,511295.9
2018-06-08,10.8,11.15,10.3,11.1,23403.0,253791.85
2018-06-11,11.5,11.5,10.6,11.2,19898.0,220802.45
2018-06-12,11.15,11.3,10.9,11.1,44074.0,489477.9
2018-06-13,11.25,11.4,10.55,10.75,50270.0,548889.4
2018-06-14,10.7,10.95,10.5,10.85,10047.0,108756.85
2018-06-15,10.6,11.1,10.5,10.6,22052.0,235174.95
2018-06-18,10.4,10.8,10.15,10.55,16960.0,179485.55
2018-06-19,10.8,10.8,10.35,10.4,28432.0,297797.6
2018-06-20,10.7,10.8,10.2,10.35,27951.0,293438.85
2018-06-21,10.0,10.7,10.0,10.35,7110.0,73621.75
2018-06-22,10.75,10.75,10.1,10.4,28595.0,292950.55
2018-06-25,10.25,10.5,10.05,10.2,17664.0,180730.4
2018-06-26,10.05,10.4,9.85,10.2,30117.0,306233.7
2018-06-27,10.0,10.4,9.85,9.95,49489.0,498203.2
2018-06-28,9.95,10.0,9.6,9.85,17056.0,167352.5
2018-06-29,10.25,10.3,9.7,10.25,35742.0,360877.2
2018-07-02,10.2,10.7,9.75,9.85,54682.0,546047.45
2018-07-03,10.3,10.3,9.4,9.8,36891.0,358783.1
2018-07-04,10.0,10.0,9.5,9.75,27543.0,266057.0
2018-07-05,10.15,10.15,9.5,9.9,15386.0,150584.4
2018-07-06,10.1,10.1,9.5,9.7,52915.0,510839.7
2018-07-09,10.05,10.05,9.55,9.75,13579.0,131398.95
2018-07-10,9.85,9.95,9.6,9.8,23455.0,227762.8
2018-07-11,9.8,9.95,9.55,9.6,18969.0,184672.15
2018-07-12,9.55,10.0,9.55,9.6,20604.0,201773.1
2018-07-13,9.6,9.9,9.55,9.75,22488.0,219999.45
2018-07-16,9.75,9.75,9.4,9.5,28398.0,272983.5
2018-07-17,9.4,9.65,9.1,9.3,20102.0,185661.8
2018-07-18,9.5,9.5,9.1,9.1,22535.0,209747.2
2018-07-19,9.45,9.45,8.75,8.95,29588.0,263831.2
2018-07-20,9.0,9.0,8.65,8.8,16909.0,149101.05
2018-07-23,8.8,9.0,8.7,8.8,16529.0,145435.6
2018-07-24,9.0,9.2,8.5,9.2,32501.0,296517.25
2018-07-25,9.2,9.45,9.0,9.05,32650.0,300002.4
2018-07-26,9.05,9.2,8.8,9.05,14847.0,133987.95
2018-07-27,9.35,9.35,8.9,9.05,28081.0,253908.65
2018-07-30,9.1,9.5,8.95,9.4,19786.0,183378.65
2018-07-31,9.15,9.7,9.15,9.45,29840.0,281714.25
2018-08-01,9.15,9.7,9.15,9.55,18321.0,173957.6
2018-08-02,9.55,9.6,9.2,9.5,33512.0,314953.2
2018-08-03,9.55,9.8,9.2,9.75,43694.0,422796.35
2018-08-06,9.6,10.2,9.6,9.95,47586.0,478279.25
2018-08-07,9.65,10.15,9.65,9.8,17626.0,174256.35
2018-08-08,9.75,9.95,9.5,9.65,33665.0,323264.7
2018-08-09,9.55,10.1,9.55,9.75,35020.0,339942.2
2018-08-10,9.8,9.95,9.6,9.7,14288.0,138143.3
2018-08-13,9.4,9.8,9.15,9.4,28718.0,269409.9
2018-08-14,9.8,9.8,9.25,9.4,35766.0,338131.55
2018-08-16,9.4,9.85,9.05,9.3,44681.0,414420.85
2018-08-17,9.75,9.75,9.25,9.3,59166.0,558124.8
2018-08-20,9.3,9.45,9.15,9.15,35375.0,327715.95
2018-08-21,9.0,9.3,9.0,9.3,14914.0,137199.65
2018-08-23,9.05,9.3,9.0,9.05,47652.0,433451.7
2018-08-24,9.15,9.2,9.0,9.05,31036.0,282563.95
2018-08-27,9.05,9.25,9.0,9.1,40835.0,372354.05
2018-08-28,9.45,9.5,9.1,9.2,30551.0,283316.5
2018-08-29,9.15,9.35,9.1,9.15,13834.0,127680.5
2018-08-30,9.05,9.15,9.0,9.05,34573.0,313185.15
2018-08-31,9.15,9.15,8.95,9.05,37079.0,335639.75
2018-09-03,9.05,9.25,9.0,9.1,25129.0,228853.25
2018-09-04,9.35,9.35,8.85,8.9,47280.0,423805.85
2018-09-05,9.0,9.0,8.8,8.95,20153.0,179526.05
2018-09-06,8.85,9.1,8.85,8.95,20888.0,187722.2
2018-09-07,8.9,9.0,8.85,8.95,20582.0,183875.15
2018-09-10,8.85,8.9,8.7,8.75,48731.0,428129.35
2018-09-11,8.9,8.9,8.5,8.5,34962.0,300387.35
2018-09-12,8.6,8.6,8.25,8.4,23988.0,202384.35
2018-09-14,8.4,8.85,8.2,8.3,29458.0,246504.1
2018-09-17,8.05,8.45,8.05,8.35,20414.0,167903.75
2018-09-18,8.15,8.8,8.1,8.35,49669.0,420306.6
2018-09-19,8.7,8.7,7.9,8.15,114382.0,923798.05
2018-09-21,8.15,8.3,7.8,8.0,42798.0,344045.3
2018-09-24,8.45,8.45,7.6,7.65,77278.0,595103.1
2018-09-25,7.95,8.05,7.5,7.65,88457.0,688232.05
2018-09-26,7.75,7.85,7.3,7.55,41487.0,312613.4
2018-09-27,7.55,7.75,7.25,7.35,38648.0,287274.3
2018-09-28,7.7,7.7,7.0,7.05,37378.0,272259.55
2018-10-01,6.9,7.0,6.35,6.45,78593.0,519679.7
2018-10-03,6.05,6.8,6.05,6.65,49975.0,329053.9
2018-10-04,6.6,6.95,6.35,6.8,30018.0,198876.9
2018-10-05,6.8,7.35,6.7,7.3,53078.0,376109.95
2018-10-08,7.3,7.7,6.8,7.0,36656.0,262001.55
2018-10-09,8.15,8.15,6.8,6.9,38783.0,277229.6
2018-10-10,6.8,7.15,6.8,7.0,18288.0,127741.4
2018-10-11,6.95,7.1,6.75,7.0,20740.0,143386.5
2018-10-12,7.0,7.4,7.0,7.0,9769.0,68982.2
2018-10-15,7.3,7.65,6.9,7.0,43006.0,310025.5
2018-10-16,7.05,7.75,6.9,7.1,33233.0,239620.7
2018-10-17,7.5,7.7,7.2,7.35,56788.0,424257.7
2018-10-19,7.1,7.1,6.75,7.0,35405.0,245706.25
2018-10-22,6.9,7.45,6.8,6.85,32608.0,227159.5
2018-10-23,6.8,7.0,6.7,6.9,5210.0,35798.2
2018-10-24,6.8,7.1,6.8,7.0,10371.0,72174.55
2018-10-25,6.8,8.4,6.8,7.55,66917.0,517865.05
2018-10-26,7.85,7.9,7.15,7.25,14889.0,109380.4
2018-10-29,7.7,7.7,6.95,7.05,19481.0,137190.5
2018-10-30,7.3,7.3,7.0,7.05,17828.0,127156.65
2018-10-31,7.0,7.25,7.0,7.15,11212.0,80032.15
2018-11-01,6.85,7.25,6.75,7.2,83640.0,587744.85
2018-11-02,7.0,7.35,7.0,7.1,19087.0,136842.9
2018-11-05,6.9,7.4,6.9,7.25,17180.0,124332.0
2018-11-06,7.15,7.45,7.05,7.3,15277.0,110450.8
2018-11-07,7.4,7.4,7.2,7.35,6601.0,48608.45
2018-11-09,7.45,7.7,7.2,7.4,19877.0,147867.3
2018-11-12,7.4,7.6,7.2,7.45,24858.0,183101.5
2018-11-13,7.55,7.55,7.25,7.25,24270.0,176649.5
2018-11-14,7.45,7.45,7.15,7.2,21201.0,153250.7
2018-11-15,7.2,7.2,7.1,7.15,21407.0,153111.0
2018-11-16,7.2,7.75,7.2,7.3,30180.0,220558.1
2018-11-19,7.3,7.65,7.1,7.45,22419.0,163389.95
2018-11-20,7.3,7.45,7.25,7.25,30494.0,221672.0
2018-11-21,7.25,7.4,7.25,7.3,19905.0,145369.05
2018-11-22,7.4,7.6,7.2,7.4,17717.0,131488.05
2018-11-26,7.4,7.6,7.3,7.45,27966.0,206691.65
2018-11-27,7.2,7.4,7.15,7.2,32881.0,238239.85
2018-11-28,7.2,7.4,7.2,7.25,29645.0,215126.15
2018-11-29,7.25,7.35,7.25,7.25,33948.0,246364.3
2018-11-30,7.3,7.5,7.25,7.25,17136.0,125126.8
2018-12-03,7.35,7.35,7.25,7.3,7121.0,51969.3
2018-12-04,7.35,7.4,7.25,7.3,23589.0,172449.0
2018-12-05,7.4,7.45,7.25,7.25,10176.0,74513.6
2018-12-06,7.25,7.4,7.25,7.25,72948.0,530138.55
2018-12-07,7.3,7.35,7.2,7.2,24143.0,174847.0
2018-12-10,7.2,7.25,7.2,7.2,38069.0,274179.4
2018-12-11,7.2,7.55,7.15,7.25,10886.0,78415.4
2018-12-12,7.15,7.65,7.15,7.35,15928.0,117079.15
2018-12-13,7.35,7.5,7.25,7.3,24047.0,176060.0
2018-12-14,7.3,7.5,7.25,7.25,16350.0,119131.65
2018-12-17,7.25,7.4,7.25,7.25,13856.0,101128.0
2018-12-18,7.3,7.4,7.25,7.3,4591.0,33605.85
2018-12-19,7.1,7.6,7.1,7.4,8364.0,62072.9
2018-12-20,7.3,7.45,7.25,7.25,9621.0,70352.3
2018-12-21,7.3,7.4,7.25,7.3,6968.0,50821.4
2018-12-24,7.3,7.4,7.25,7.25,17245.0,125349.6
2018-12-26,7.25,7.25,7.15,7.15,18490.0,133739.05
2018-12-27,7.15,7.25,7.1,7.1,28776.0,205121.7
2018-12-28,7.1,8.25,7.1,7.45,58844.0,453699.1
2018-12-31,7.8,8.0,7.3,7.45,29131.0,221873.15
2019-01-01,7.3,7.5,7.2,7.25,7800.0,56768.25
2019-01-02,7.25,7.8,7.0,7.25,30906.0,223393.95
2019-01-03,7.25,7.4,7.2,7.25,11095.0,80657.0
2019-01-04,7.25,7.35,7.25,7.25,42273.0,306535.2
2019-01-07,7.35,7.7,7.25,7.4,22798.0,168168.35
2019-01-08,7.45,7.45,7.25,7.3,15911.0,116142.55
2019-01-09,7.35,7.55,7.25,7.3,12837.0,93978.55
2019-01-10,7.25,7.4,7.2,7.35,14284.0,103743.65
2019-01-11,7.2,7.55,7.2,7.35,26876.0,197996.7
2019-01-14,7.25,7.4,7.25,7.3,9409.0,68552.5
2019-01-15,7.35,7.45,7.25,7.25,17153.0,124598.75
2019-01-16,7.45,7.5,7.25,7.25,23843.0,173902.15
2019-01-17,7.25,7.4,7.1,7.2,11918.0,86362.05
2019-01-18,7.35,7.35,7.25,7.25,13659.0,99228.4
2019-01-21,7.5,7.5,7.0,7.25,28124.0,202684.95
2019-01-22,7.3,7.3,7.1,7.2,23234.0,165775.75
2019-01-23,7.0,7.2,6.5,6.75,30670.0,207154.4
2019-01-24,6.9,6.9,6.5,6.55,21638.0,142517.0
2019-01-25,6.6,6.85,6.6,6.75,25890.0,173807.25
2019-01-28,6.5,6.85,6.35,6.45,16647.0,108772.45
2019-01-29,6.95,6.95,6.6,6.6,30133.0,204260.75
2019-01-30,6.65,6.8,6.5,6.5,12852.0,84066.2
2019-01-31,6.5,6.95,6.15,6.35,22746.0,146005.15
2019-02-01,6.5,6.75,6.35,6.45,11944.0,78397.9
2019-02-04,6.25,6.5,6.25,6.35,14032.0,89482.6
2019-02-05,6.3,6.3,5.85,5.95,35620.0,217545.65
2019-02-06,5.75,5.9,5.25,5.65,79139.0,444796.3
2019-02-07,6.0,6.0,5.5,5.65,28692.0,166059.85
2019-02-08,5.6,5.95,5.6,5.85,12307.0,71155.9
2019-02-11,5.85,5.85,5.5,5.65,14500.0,82407.25
2019-02-12,5.65,5.95,5.65,5.95,15500.0,91057.85
2019-02-13,5.7,5.85,5.2,5.25,59990.0,326812.8
2019-02-14,5.0,5.25,4.6,5.0,49619.0,247000.3
2019-02-15,5.1,5.2,4.75,5.0,33702.0,163792.5
2019-02-18,5.4,5.4,4.6,5.0,15086.0,74536.95
2019-02-19,5.0,5.8,5.0,5.35,28355.0,154851.45
2019-02-20,5.35,5.65,5.35,5.35,9291.0,50012.55
2019-02-21,5.65,5.65,5.35,5.45,14342.0,78721.9
2019-02-22,5.2,6.5,5.2,6.5,121175.0,777024.55
2019-02-25,7.05,7.75,6.6,7.55,225170.0,1611256.1
2019-02-26,7.15,7.15,6.8,6.85,77188.0,530244.9
2019-02-27,6.5,7.5,6.45,6.85,63266.0,444676.35
2019-02-28,7.25,7.5,6.45,6.75,95907.0,652120.15
2019-03-01,7.0,7.1,6.75,6.8,17138.0,117843.85
2019-03-05,7.25,7.25,6.65,6.95,44007.0,303520.9
2019-03-06,7.0,7.15,6.8,6.8,45639.0,314928.4
2019-03-07,6.85,7.2,6.8,6.9,27413.0,190028.3
2019-03-08,6.8,7.1,6.75,6.8,25979.0,178013.5
2019-03-11,6.95,6.95,6.7,6.75,21704.0,148277.2
2019-03-12,6.95,6.95,6.75,6.85,40796.0,280429.65
2019-03-13,6.9,6.9,6.7,6.75,25593.0,173938.3
2019-03-14,6.75,6.85,6.7,6.7,25152.0,169709.2
2019-03-15,6.8,7.0,6.7,6.7,8284.0,55776.4
2019-03-18,6.7,6.95,6.7,6.75,18007.0,121440.55
2019-03-19,6.85,6.85,6.7,6.75,46655.0,313151.75
2019-03-20,6.75,6.8,6.65,6.65,29350.0,196446.5
2019-03-22,6.9,6.9,6.6,6.6,16310.0,109259.35
2019-03-25,6.55,6.7,6.55,6.55,20155.0,132593.2
2019-03-26,6.55,6.7,6.5,6.5,19475.0,127200.3
2019-03-27,6.55,6.75,6.3,6.3,78293.0,509553.7
2019-03-28,6.5,6.65,6.3,6.35,24441.0,157634.3
2019-03-29,6.4,6.95,6.4,6.5,49711.0,328939.8
2019-04-01,6.6,6.85,6.4,6.5,30133.0,196268.65
2019-04-02,6.65,6.75,6.45,6.6,20488.0,136180.25
2019-04-03,6.75,6.8,6.5,6.6,11241.0,74044.1
2019-04-04,6.6,6.6,6.45,6.5,8041.0,52247.15
2019-04-05,6.45,6.85,6.45,6.75,25234.0,169712.5
2019-04-08,6.55,6.7,6.5,6.5,15521.0,101680.85
2019-04-09,6.5,6.85,6.5,6.6,12769.0,83983.05
2019-04-10,6.55,6.65,6.5,6.5,28233.0,184952.05
2019-04-11,6.85,6.85,6.5,6.5,14497.0,95239.85
2019-04-12,6.65,6.65,6.5,6.5,24043.0,156684.65
2019-04-15,6.5,6.7,6.45,6.45,16115.0,104813.25
2019-04-16,6.5,6.55,6.45,6.5,12817.0,82874.4
2019-04-18,6.5,6.7,6.35,6.4,28540.0,183942.5
2019-04-22,6.35,6.4,6.3,6.3,36547.0,230726.3
2019-04-23,6.3,6.5,6.3,6.3,11354.0,71637.6
2019-04-24,6.3,6.4,6.25,6.25,5390.0,34003.85
2019-04-25,6.3,6.5,6.25,6.35,9411.0,59416.15
2019-04-26,6.3,6.4,6.2,6.25,30403.0,190248.75
2019-04-30,6.3,6.3,6.1,6.1,26031.0,159727.1
2019-05-02,6.3,6.3,5.9,5.95,14837.0,88495.75
2019-05-03,6.0,6.1,5.8,5.8,20681.0,121989.75
2019-05-06,5.7,5.9,5.7,5.75,19240.0,111682.3
2019-05-07,5.85,6.0,5.6,5.85,21499.0,124049.2
2019-05-08,5.85,5.85,5.55,5.55,27709.0,155565.3
2019-05-09,5.7,5.7,5.55,5.55,17511.0,97737.5
2019-05-10,5.55,5.8,5.55,5.7,11139.0,62990.1
2019-05-13,5.7,6.65,5.7,6.5,104956.0,655037.05
2019-05-14,6.5,7.65,6.5,6.85,276044.0,1969208.15
2019-05-15,7.05,7.45,6.6,6.8,177564.0,1245445.2
2019-05-16,6.7,6.8,6.15,6.2,44476.0,281999.3
2019-05-17,6.2,6.5,5.75,6.05,59167.0,367321.7
2019-05-20,6.15,6.8,5.5,5.9,76913.0,455404.0
2019-05-21,5.9,6.7,5.7,5.75,77355.0,463857.8
2019-05-22,5.75,6.1,5.75,5.85,28883.0,171863.75
2019-05-23,6.3,6.4,5.9,6.1,31980.0,195353.55
2019-05-24,6.1,6.3,5.9,6.05,39622.0,238525.2
2019-05-27,6.0,6.15,5.8,6.0,10472.0,63168.0
2019-05-28,6.05,6.25,6.0,6.0,9880.0,60510.5
2019-05-29,5.8,6.0,5.8,5.85,13407.0,78646.1
2019-05-30,5.8,6.05,5.6,5.85,28006.0,163131.65
2019-05-31,5.8,6.05,5.7,5.7,28327.0,163267.85
2019-06-03,5.7,5.95,5.65,5.7,13700.0,78097.6
2019-06-04,5.7,5.9,5.6,5.65,8018.0,45603.6
2019-06-06,5.6,5.6,5.35,5.4,9207.0,50326.3
2019-06-07,5.35,5.5,5.05,5.15,13786.0,71627.8
2019-06-10,5.95,5.95,4.8,5.15,10252.0,53009.3
2019-06-11,5.05,5.2,5.0,5.05,6525.0,32886.05
2019-06-12,5.05,5.15,4.8,5.1,8971.0,44638.2
2019-06-13,5.3,5.3,4.75,4.8,16642.0,80164.35
2019-06-14,5.35,5.35,4.65,4.9,22348.0,108926.45
2019-06-17,5.0,5.0,4.7,4.75,15656.0,74735.7
2019-06-18,5.2,5.2,4.6,4.65,6599.0,31097.9
2019-06-19,4.6,4.9,3.75,3.75,32478.0,134031.8
2019-06-20,4.0,4.15,3.15,3.5,110224.0,383262.95
2019-06-21,3.7,3.8,3.5,3.55,29994.0,109008.95
2019-06-24,3.8,3.8,3.4,3.45,14625.0,51797.35
2019-06-25,3.4,3.6,3.3,3.4,17589.0,60417.75
2019-06-26,3.65,3.7,3.35,3.7,33882.0,122187.6
2019-06-27,3.95,4.05,3.8,4.05,23926.0,95988.75
2019-06-28,4.4,4.4,3.7,3.8,47249.0,189898.45
2019-07-01,3.5,4.1,3.5,3.75,4280.0,16307.35
2019-07-02,3.8,3.9,3.75,3.8,2797.0,10695.35
2019-07-03,4.05,4.05,3.6,3.85,12380.0,47379.4
2019-07-04,3.85,4.0,3.85,4.0,11445.0,44799.4
2019-07-05,4.0,4.0,3.75,3.75,9956.0,38057.5
2019-07-08,3.65,3.85,3.55,3.6,4529.0,16609.45
2019-07-09,3.5,3.75,3.4,3.5,7640.0,26826.5
2019-07-10,3.4,3.65,3.4,3.45,4213.0,14632.4
2019-07-11,3.35,3.6,3.35,3.6,11514.0,40241.35
2019-07-12,3.95,3.95,3.4,3.6,13136.0,48219.45
2019-07-15,3.85,3.85,3.25,3.35,15644.0,53625.2
2019-07-16,3.15,3.45,3.15,3.35,9409.0,31181.25
2019-07-17,3.5,3.65,3.3,3.4,25407.0,87963.1
2019-07-18,3.4,3.45,3.25,3.3,10670.0,35181.55
2019-07-19,3.3,3.35,3.05,3.2,18688.0,58806.55
2019-07-22,3.2,3.3,3.05,3.2,4448.0,14134.75
2019-07-23,3.05,3.3,3.05,3.15,17728.0,56772.9
2019-07-24,3.35,3.35,3.1,3.3,7247.0,23299.45
2019-07-25,3.1,3.35,3.1,3.15,15835.0,49952.4
2019-07-26,3.45,3.45,3.0,3.0,14601.0,44873.15
2019-07-29,3.0,3.15,2.95,3.0,9226.0,27767.1
2019-07-30,3.0,3.2,2.75,3.05,12057.0,35295.1
2019-07-31,2.95,3.1,2.8,3.0,10116.0,29439.35
2019-08-01,2.7,3.05,2.7,3.0,4466.0,13428.65
2019-08-02,3.15,3.15,2.7,2.95,18631.0,52275.1
2019-08-05,2.7,3.05,2.7,2.75,7141.0,19971.25
2019-08-06,2.7,3.0,2.5,3.0,10742.0,31632.3
2019-08-07,2.8,3.1,2.75,2.8,5335.0,15243.95
2019-08-08,2.8,2.95,2.75,2.75,5131.0,14275.3
2019-08-09,2.75,3.0,2.75,2.8,8400.0,24300.0
2019-08-13,2.7,3.05,2.55,2.6,61379.0,162172.25
2019-08-14,2.6,2.75,2.35,2.5,6861.0,17114.5
2019-08-16,2.45,2.7,2.25,2.3,22699.0,54105.9
2019-08-19,2.4,2.4,2.4,2.4,15131.0,36314.4
2019-08-20,2.3,2.5,2.3,2.4,5263.0,13028.7
2019-08-21,2.45,2.5,2.3,2.45,20509.0,50011.7
2019-08-22,2.35,2.55,2.35,2.45,24866.0,61782.55
2019-08-23,2.35,2.55,2.35,2.55,32912.0,82349.25
2019-08-26,2.65,2.65,2.5,2.65,13992.0,36093.0
2019-08-27,2.55,2.7,2.55,2.65,11984.0,30784.5
2019-08-28,2.6,2.7,2.55,2.7,5696.0,15086.2
2019-08-29,2.8,2.8,2.65,2.65,2546.0,6879.9
2019-08-30,2.55,2.7,2.55,2.65,3994.0,10401.85
2019-09-03,2.6,2.7,2.55,2.55,6185.0,15923.15
2019-09-04,2.45,2.65,2.45,2.45,6679.0,16426.2
2019-09-05,2.45,2.5,2.35,2.5,10691.0,25677.15
2019-09-06,2.4,2.6,2.4,2.45,6692.0,16332.3
2019-09-09,2.35,2.4,2.35,2.4,4651.0,10989.55
2019-09-11,2.5,2.5,2.3,2.45,33776.0,80887.0
2019-09-12,2.35,2.55,2.35,2.35,10893.0,26327.15
2019-09-13,2.35,2.45,2.35,2.4,5702.0,13782.65
2019-09-16,2.3,2.5,2.3,2.4,4693.0,11256.6
2019-09-17,2.5,2.5,2.3,2.3,4407.0,10383.6
2019-09-18,2.2,2.4,2.2,2.25,7180.0,16746.85
2019-09-19,2.15,2.35,2.15,2.3,14558.0,32770.4
2019-09-20,2.35,2.4,2.2,2.2,4049.0,9155.1
2019-09-23,2.15,2.3,2.15,2.2,6436.0,14133.95
2019-09-24,2.1,2.3,2.1,2.2,3103.0,6714.0
2019-09-25,2.25,2.25,2.1,2.1,2554.0,5469.9
2019-09-26,2.1,2.2,2.1,2.2,3740.0,7864.0
2019-09-27,2.1,2.2,2.1,2.2,6838.0,14931.0
2019-09-30,2.2,2.3,2.1,2.1,9718.0,20507.9
2019-10-01,2.1,2.1,2.0,2.0,2405.0,4810.1
2019-10-03,2.1,2.1,1.9,1.9,17658.0,33952.2
2019-10-04,1.9,1.95,1.9,1.9,5553.0,10563.2
2019-10-07,1.9,1.9,1.9,1.9,1400.0,2660.0
2019-10-09,1.85,1.85,1.85,1.85,4743.0,8774.55
2019-10-10,1.85,1.9,1.8,1.8,6200.0,11417.7
2019-10-11,1.8,1.8,1.75,1.75,1158.0,2071.5
2019-10-14,1.7,1.7,1.7,1.7,3820.0,6494.0
2019-10-15,1.7,1.7,1.65,1.65,5121.0,8455.15
2019-10-16,1.6,1.6,1.6,1.6,312.0,499.2
2019-10-17,1.55,1.55,1.55,1.55,4596.0,7123.8
2019-10-18,1.5,1.5,1.5,1.5,14518.0,21777.0
2019-10-22,1.45,1.45,1.45,1.45,1559.0,2260.55
2019-10-23,1.4,1.4,1.4,1.4,2071.0,2899.4
2019-10-24,1.35,1.4,1.35,1.35,7426.0,10065.1
2019-10-25,1.35,1.4,1.3,1.3,2804.0,3651.55
2019-10-27,1.25,1.25,1.25,1.25,5440.0,6800.0
2019-10-29,1.2,1.2,1.2,1.2,42267.0,50720.4
2019-10-30,1.15,1.25,1.15,1.25,8113.0,9936.25
2019-10-31,1.2,1.3,1.2,1.3,7253.0,9388.9
2019-11-01,1.3,1.35,1.3,1.35,2877.0,3777.15
2019-11-04,1.4,1.4,1.4,1.4,970.0,1358.0
2019-11-05,1.45,1.45,1.45,1.45,10265.0,14884.25
2019-11-06,1.5,1.5,1.5,1.5,9815.0,14722.5
2019-11-07,1.5,1.55,1.5,1.55,12867.0,19868.85
2019-11-08,1.6,1.6,1.6,1.6,3458.0,5532.8
2019-11-11,1.65,1.65,1.65,1.65,1435.0,2367.75
2019-11-13,1.7,1.7,1.7,1.7,5093.0,8658.1
2019-11-14,1.7,1.7,1.65,1.65,2663.0,4426.95
2019-11-15,1.6,1.7,1.6,1.7,2600.0,4349.5
2019-11-18,1.65,1.7,1.65,1.65,6306.0,10584.9
2019-11-19,1.6,1.65,1.6,1.6,4490.0,7222.5
2019-11-20,1.6,1.65,1.55,1.55,7358.0,11497.45
2019-11-21,1.55,1.6,1.5,1.55,2733.0,4166.6
2019-11-22,1.55,1.6,1.5,1.6,3320.0,5190.0
2019-11-25,1.65,1.65,1.6,1.6,11520.0,18610.75
2019-11-26,1.65,1.65,1.65,1.65,4916.0,8111.4
2019-11-27,1.7,1.7,1.65,1.7,6383.0,10792.15
2019-11-28,1.75,1.75,1.7,1.75,4630.0,8003.5
2019-11-29,1.8,1.8,1.7,1.8,2444.0,4351.7
2019-12-02,1.85,1.85,1.75,1.75,10027.0,18320.6
2019-12-03,1.7,1.8,1.7,1.7,13922.0,23927.9
2019-12-04,1.75,1.75,1.65,1.65,7787.0,13022.85
2019-12-05,1.6,1.7,1.6,1.65,2598.0,4253.1
2019-12-06,1.65,1.7,1.6,1.6,17543.0,28289.55
2019-12-09,1.65,1.65,1.55,1.65,17295.0,26892.1
2019-12-10,1.6,1.7,1.6,1.6,19907.0,32489.0
2019-12-11,1.6,1.6,1.55,1.6,2208.0,3532.75
2019-12-12,1.55,1.65,1.55,1.6,4005.0,6377.95
2019-12-13,1.55,1.65,1.55,1.65,9908.0,15612.7
2019-12-16,1.6,1.7,1.6,1.6,5405.0,8864.2
2019-12-17,1.6,1.65,1.55,1.6,8395.0,13130.95
2019-12-18,1.65,1.65,1.55,1.65,3253.0,5142.45
2019-12-19,1.65,1.65,1.6,1.6,2170.0,3479.5
2019-12-20,1.55,1.55,1.55,1.55,877.0,1359.35
2019-12-23,1.6,1.6,1.5,1.5,4436.0,6654.2
2019-12-24,1.45,1.45,1.45,1.45,3339.0,4841.55
2019-12-26,1.4,1.45,1.4,1.45,6273.0,8833.7
2019-12-27,1.45,1.45,1.4,1.4,9181.0,12988.3
2019-12-30,1.4,1.4,1.35,1.35,7170.0,9799.05
2019-12-31,1.4,1.4,1.3,1.3,9209.0,12303.3
2020-01-01,1.25,1.35,1.25,1.3,1335.0,1745.1
2020-01-02,1.25,1.35,1.25,1.35,3068.0,4077.0
2020-01-03,1.3,1.4,1.3,1.35,5751.0,7739.8
2020-01-06,1.4,1.4,1.3,1.4,4256.0,5763.1
2020-01-07,1.35,1.35,1.35,1.35,6211.0,8384.85
2020-01-08,1.3,1.4,1.3,1.3,5150.0,6705.0
2020-01-09,1.3,1.3,1.25,1.3,1952.0,2472.6
2020-01-10,1.3,1.35,1.25,1.35,1850.0,2387.55
2020-01-13,1.4,1.4,1.3,1.3,1552.0,2124.75
2020-01-14,1.25,1.35,1.25,1.35,4291.0,5530.35
2020-01-15,1.3,1.4,1.3,1.4,3502.0,4902.2
2020-01-16,1.35,1.45,1.35,1.4,7414.0,10096.4
2020-01-17,1.4,1.45,1.35,1.35,27793.0,38313.05
2020-01-20,1.3,1.4,1.3,1.3,11196.0,14574.9
2020-01-21,1.35,1.35,1.25,1.3,5060.0,6707.8
2020-01-22,1.35,1.35,1.25,1.25,3237.0,4054.35
2020-01-23,1.3,1.3,1.2,1.3,3247.0,3945.95
2020-01-24,1.3,1.35,1.25,1.35,4149.0,5416.2
2020-01-27,1.35,1.35,1.35,1.35,2100.0,2835.0
2020-01-28,1.3,1.35,1.3,1.3,2728.0,3546.45
2020-01-29,1.3,1.3,1.3,1.3,870.0,1131.0
2020-01-30,1.25,1.3,1.25,1.25,2222.0,2782.5
2020-01-31,1.25,1.3,1.25,1.25,4183.0,5328.25
2020-02-01,1.25,1.3,1.2,1.25,1923.0,2399.0
2020-02-03,1.25,1.25,1.2,1.2,3076.0,3691.3
2020-02-04,1.25,1.25,1.15,1.15,8403.0,9906.7
2020-02-05,1.1,1.2,1.1,1.1,11498.0,12959.5
2020-02-06,1.15,1.15,1.1,1.15,3248.0,3720.2
2020-02-07,1.2,1.2,1.1,1.2,10978.0,13033.5
2020-02-10,1.2,1.2,1.15,1.15,5451.0,6316.15
2020-02-11,1.2,1.2,1.1,1.15,4751.0,5382.95
2020-02-12,1.1,1.15,1.1,1.1,9743.0,10767.3
2020-02-13,1.1,1.1,1.05,1.05,14910.0,15750.5
2020-02-14,1.0,1.1,1.0,1.0,14181.0,14434.35
2020-02-17,1.0,1.05,0.95,1.05,3964.0,3942.0
2020-02-18,1.0,1.05,1.0,1.0,790.0,795.0
2020-02-19,1.0,1.05,0.95,1.0,12275.0,12220.65
2020-02-20,1.05,1.05,1.0,1.0,16522.0,16677.0
2020-02-24,1.0,1.05,1.0,1.0,6732.0,7057.1
2020-02-25,1.0,1.05,1.0,1.0,9308.0,9656.7
2020-02-26,1.0,1.05,1.0,1.0,1566.0,1627.4
2020-02-27,0.95,1.05,0.95,1.05,1722.0,1695.4
2020-02-28,1.05,1.05,1.0,1.0,1297.0,1312.0
2020-03-02,0.95,1.05,0.95,0.95,1950.0,1864.0
2020-03-03,0.9,0.9,0.9,0.9,100.0,90.0
2020-03-04,0.85,0.85,0.85,0.85,100.0,85.0
2020-03-05,0.8,0.9,0.8,0.8,24813.0,22116.7
2020-03-06,0.75,0.75,0.75,0.75,6500.0,4875.0
2020-03-09,0.7,0.7,0.7,0.7,4150.0,2905.0
2020-03-11,0.65,0.65,0.65,0.65,200.0,130.0
2020-03-12,0.6,0.6,0.6,0.6,2300.0,1380.0
2020-03-13,0.55,0.55,0.55,0.55,700.0,385.0
2020-03-16,0.5,0.55,0.5,0.5,702.0,373.5
2020-03-17,0.45,0.55,0.45,0.55,12720.0,6119.0
2020-03-18,0.6,0.6,0.6,0.6,8102.0,4861.2
2020-03-19,0.6,0.65,0.6,0.65,5832.0,3758.3
2020-03-20,0.65,0.65,0.6,0.6,880.0,533.0
2020-03-23,0.6,0.6,0.6,0.6,126.0,75.6
2020-03-26,0.6,0.6,0.6,0.6,5569.0,3341.4
2020-03-27,0.55,0.55,0.55,0.55,1687.0,927.85
2020-03-30,0.5,0.6,0.5,0.6,13100.0,6612.55
2020-03-31,0.6,0.65,0.6,0.65,2500.0,1591.0
2020-04-01,0.65,0.65,0.65,0.65,5150.0,3347.5
2020-04-03,0.65,0.65,0.6,0.6,1959.0,1200.4
2020-04-07,0.6,0.65,0.6,0.65,956.0,614.45
2020-04-08,0.7,0.7,0.7,0.7,2715.0,1900.5
2020-04-09,0.75,0.75,0.7,0.75,4839.0,3628.0
2020-04-13,0.8,0.8,0.8,0.8,849.0,679.2
2020-04-15,0.85,0.85,0.85,0.85,5.0,4.25
2020-04-16,0.85,0.9,0.85,0.9,1899.0,1686.6
2020-04-17,0.9,0.95,0.85,0.85,19567.0,18060.75
2020-04-20,0.9,0.9,0.9,0.9,1129.0,1016.1
2020-04-21,0.95,0.95,0.85,0.95,7097.0,6613.1
2020-04-22,0.9,1.0,0.9,0.9,5445.0,5216.1
2020-04-23,0.85,0.95,0.85,0.95,985.0,846.75
2020-04-24,0.95,1.0,0.9,0.95,1789.0,1682.2
2020-04-27,1.0,1.0,0.95,1.0,13366.0,13236.0
2020-04-28,1.0,1.05,1.0,1.05,3107.0,3123.65
2020-04-29,1.1,1.1,1.1,1.1,4661.0,5127.1
2020-04-30,1.15,1.15,1.1,1.15,5135.0,5902.75
2020-05-04,1.2,1.2,1.15,1.2,8189.0,9716.95
2020-05-05,1.2,1.25,1.15,1.25,5685.0,6835.75
2020-05-06,1.3,1.3,1.25,1.25,26900.0,34335.0
2020-05-07,1.25,1.25,1.2,1.2,4104.0,4982.35
2020-05-08,1.15,1.25,1.15,1.25,7930.0,9387.5
2020-05-11,1.25,1.3,1.25,1.3,4262.0,5415.4
2020-05-12,1.25,1.35,1.25,1.35,15108.0,19647.05
2020-05-13,1.4,1.4,1.35,1.4,18214.0,25494.6
2020-05-14,1.45,1.45,1.45,1.45,8777.0,12726.65
2020-05-15,1.45,1.5,1.45,1.5,284.0,413.5
2020-05-18,1.5,1.55,1.5,1.5,2850.0,4312.0
2020-05-19,1.55,1.55,1.45,1.55,10301.0,15351.55
2020-05-20,1.6,1.6,1.6,1.6,4600.0,7360.0
2020-05-21,1.6,1.6,1.55,1.6,5895.0,9248.35
2020-05-22,1.6,1.6,1.55,1.6,1260.0,1994.25
2020-05-26,1.6,1.6,1.55,1.55,2740.0,4322.55
2020-05-27,1.5,1.55,1.5,1.55,1041.0,1567.0
2020-05-28,1.5,1.5,1.5,1.5,65.0,97.5
2020-05-29,1.45,1.55,1.45,1.5,1910.0,2829.0
2020-06-01,1.45,1.55,1.45,1.55,3939.0,5758.6
2020-06-02,1.6,1.6,1.6,1.6,3263.0,5220.8
2020-06-03,1.6,1.6,1.55,1.6,2485.0,3925.0
2020-06-04,1.6,1.65,1.55,1.65,7201.0,11646.55
2020-06-05,1.65,1.7,1.6,1.7,22316.0,37380.7
2020-06-08,1.75,1.75,1.75,1.75,4587.0,8027.25
2020-06-09,1.75,1.8,1.7,1.8,10886.0,19384.3
2020-06-10,1.8,1.85,1.8,1.85,3521.0,6483.85
2020-06-11,1.9,1.9,1.9,1.9,4031.0,7658.9
2020-06-12,1.9,1.95,1.9,1.95,6250.0,12097.5
2020-06-15,2.0,2.0,2.0,2.0,4565.0,9130.0
2020-06-16,2.1,2.1,2.1,2.1,1168.0,2452.8
2020-06-17,2.1,2.2,2.1,2.2,3502.0,7672.6
2020-06-18,2.2,2.3,2.2,2.3,15496.0,34120.8
2020-06-19,2.4,2.4,2.4,2.4,181.0,434.4
2020-06-22,2.45,2.5,2.45,2.5,27519.0,68690.6
2020-06-23,2.6,2.6,2.6,2.6,12611.0,32788.6
2020-06-24,2.7,2.7,2.7,2.7,450.0,1215.0
2020-06-25,2.8,2.8,2.75,2.8,21016.0,58819.8
2020-06-26,2.9,2.9,2.9,2.9,9616.0,27886.4
2020-06-29,3.0,3.0,3.0,3.0,7607.0,22821.0
2020-06-30,3.15,3.15,3.15,3.15,1719.0,5414.85
2020-07-01,3.3,3.3,3.3,3.3,4218.0,13919.4
2020-07-02,3.45,3.45,3.45,3.45,2911.0,10042.95
2020-07-03,3.6,3.6,3.6,3.6,38631.0,139071.6
2020-07-06,3.75,3.75,3.45,3.45,8950.0,31387.5
2020-07-07,3.3,3.3,3.3,3.3,8010.0,26433.0
2020-07-08,3.15,3.15,3.15,3.15,110.0,346.5
2020-07-09,3.0,3.0,3.0,3.0,2649.0,7947.0
2020-07-10,2.85,3.15,2.85,2.85,9824.0,28155.6
2020-07-13,2.85,2.85,2.75,2.75,910.0,2512.5
2020-07-14,2.65,2.65,2.65,2.65,5.0,13.25
2020-07-15,2.55,2.55,2.55,2.55,62.0,158.1
2020-07-16,2.45,2.45,2.45,2.45,329.0,806.05
2020-07-17,2.35,2.55,2.35,2.35,8291.0,20165.0
2020-07-20,2.25,2.45,2.25,2.35,9689.0,22859.25
2020-07-21,2.45,2.45,2.35,2.35,12173.0,29003.55
2020-07-22,2.3,2.45,2.3,2.4,3062.0,7207.75
2020-07-23,2.3,2.4,2.3,2.3,534.0,1229.0
2020-07-24,2.2,2.4,2.2,2.3,1986.0,4730.4
2020-07-27,2.2,2.4,2.2,2.4,2490.0,5824.5
2020-07-28,2.3,2.3,2.3,2.3,2050.0,4715.0
2020-07-29,2.2,2.4,2.2,2.2,11858.0,26337.6
2020-07-30,2.1,2.3,2.1,2.1,3609.0,7645.0
2020-07-31,2.0,2.2,2.0,2.1,2385.0,5006.0
2020-08-03,2.0,2.0,2.0,2.0,2865.0,5730.0
2020-08-04,1.9,2.0,1.9,1.95,6688.0,13000.8
2020-08-05,1.9,2.0,1.9,1.9,6650.0,12929.0
2020-08-06,1.9,1.9,1.85,1.85,14075.0,26065.0
2020-08-07,1.85,1.85,1.8,1.8,25059.0,45376.2
2020-08-10,1.8,1.8,1.75,1.75,9722.0,17226.0
2020-08-11,1.8,1.8,1.8,1.8,3556.0,6400.8
2020-08-12,1.85,1.85,1.85,1.85,1011.0,1870.35
2020-08-13,1.9,1.9,1.9,1.9,2481.0,4713.9
2020-08-14,1.95,1.95,1.95,1.95,2501.0,4876.95
2020-08-17,2.0,2.0,2.0,2.0,1169.0,2338.0
2020-08-18,2.1,2.1,2.1,2.1,800.0,1680.0
2020-08-19,2.2,2.2,2.2,2.2,2550.0,5610.0
2020-08-20,2.3,2.3,2.3,2.3,6506.0,14963.8
2020-08-21,2.3,2.4,2.2,2.3,21390.0,50039.1
2020-08-24,2.25,2.4,2.2,2.3,14893.0,34751.6
2020-08-25,2.2,2.35,2.2,2.35,5920.0,13534.5
2020-08-26,2.25,2.45,2.25,2.4,20850.0,48432.5
2020-08-27,2.4,2.5,2.3,2.5,16950.0,40956.0
2020-08-28,2.6,2.6,2.4,2.4,4869.0,11985.6
2020-08-31,2.3,2.3,2.3,2.3,5250.0,12075.0
2020-09-01,2.2,2.2,2.2,2.2,6026.0,13257.2
2020-09-02,2.1,2.1,2.1,2.1,1320.0,2772.0
2020-09-03,2.0,2.0,2.0,2.0,10612.0,21224.0
2020-09-04,1.9,2.1,1.9,2.05,6313.0,12908.5
2020-09-07,2.1,2.15,2.1,2.1,4482.0,9422.45
2020-09-08,2.1,2.1,2.0,2.1,27082.0,55499.15
2020-09-09,2.0,2.05,2.0,2.05,403.0,821.15
2020-09-10,1.95,2.15,1.95,2.05,7839.0,16612.85
2020-09-11,2.05,2.05,2.0,2.0,8296.0,16960.5
2020-09-14,2.05,2.1,1.95,2.0,9400.0,18710.15
2020-09-15,2.0,2.1,1.95,1.95,3568.0,7204.0
2020-09-16,1.95,1.95,1.95,1.95,17454.0,34035.3
2020-09-17,1.95,1.95,1.9,1.9,15058.0,28827.0
2020-09-18,1.95,1.95,1.95,1.95,10309.0,20102.55
2020-09-21,2.0,2.0,2.0,2.0,22145.0,44290.0
2020-09-22,2.1,2.1,1.95,1.95,8872.0,17939.9
2020-09-23,1.9,2.0,1.9,1.9,12046.0,23087.4
2020-09-24,1.95,1.95,1.9,1.9,14251.0,27209.4
2020-09-25,1.9,1.9,1.9,1.9,4720.0,8968.0
2020-09-28,1.85,1.85,1.85,1.85,4456.0,8243.6
2020-09-29,1.9,1.9,1.8,1.8,6275.0,11607.5
2020-09-30,1.8,1.8,1.8,1.8,586.0,1054.8
2020-10-01,1.8,1.8,1.8,1.8,531.0,955.8
2020-10-05,1.8,1.85,1.8,1.85,1894.0,3498.9
2020-10-06,1.9,1.9,1.9,1.9,1704.0,3237.6
2020-10-07,1.95,1.95,1.95,1.95,10511.0,20496.45
2020-10-08,1.95,2.0,1.9,1.9,4377.0,8616.3
2020-10-09,1.85,1.95,1.85,1.95,5609.0,10887.25
2020-10-12,1.9,1.95,1.9,1.9,10810.0,20551.5
2020-10-13,1.85,1.95,1.85,1.95,4364.0,8325.75
2020-10-14,2.0,2.0,1.9,1.9,1965.0,3773.5
2020-10-15,1.85,1.85,1.85,1.85,430.0,795.5
2020-10-16,1.9,1.9,1.9,1.9,3618.0,6874.2
2020-10-19,1.9,1.9,1.85,1.85,1555.0,2926.75
2020-10-20,1.85,1.9,1.85,1.85,2500.0,4719.9
2020-10-21,1.85,1.85,1.8,1.8,1961.0,3539.8
2020-10-22,1.75,1.85,1.75,1.85,9921.0,17626.85
2020-10-23,1.8,1.8,1.8,1.8,13163.0,23693.4
2020-10-26,1.8,1.85,1.8,1.85,2150.0,3899.2
2020-10-27,1.8,1.85,1.8,1.85,2610.0,4748.5
2020-10-28,1.85,1.85,1.8,1.8,1450.0,2615.0
2020-10-29,1.8,1.8,1.75,1.75,1468.0,2620.5
2020-10-30,1.7,1.8,1.7,1.7,1599.0,2727.3
2020-11-02,1.7,1.7,1.65,1.65,551.0,909.2
2020-11-03,1.65,1.65,1.6,1.65,26390.0,42597.05
2020-11-04,1.6,1.7,1.6,1.6,17991.0,29198.8
2020-11-05,1.55,1.55,1.55,1.55,283.0,438.65
2020-11-06,1.6,1.6,1.5,1.5,6338.0,9597.0
2020-11-09,1.45,1.55,1.45,1.45,8224.0,12324.4
2020-11-10,1.4,1.5,1.4,1.5,22795.0,32763.4
2020-11-11,1.5,1.55,1.45,1.45,7311.0,10621.95
2020-11-12,1.45,1.45,1.4,1.45,2325.0,3270.0
2020-11-13,1.4,1.5,1.4,1.4,12890.0,18972.9
2020-11-14,1.4,1.45,1.35,1.4,1628.0,2264.65
2020-11-17,1.4,1.45,1.4,1.45,4730.0,6807.45
2020-11-18,1.5,1.5,1.4,1.5,13303.0,18813.75
2020-11-19,1.5,1.55,1.45,1.45,18984.0,28659.65
2020-11-20,1.4,1.5,1.4,1.5,7891.0,11631.9
2020-11-23,1.5,1.5,1.45,1.45,1437.0,2116.15
2020-11-24,1.5,1.5,1.4,1.5,11577.0,16903.7
2020-11-25,1.5,1.55,1.5,1.5,12844.0,19678.5
2020-11-26,1.5,1.55,1.5,1.55,1052.0,1595.35
2020-11-27,1.55,1.6,1.5,1.6,25216.0,39278.3
2020-12-01,1.6,1.65,1.6,1.65,2005.0,3272.5
2020-12-02,1.7,1.7,1.7,1.7,1067.0,1813.9
2020-12-03,1.75,1.75,1.75,1.75,15764.0,27587.0
2020-12-04,1.8,1.8,1.8,1.8,12833.0,23099.4
2020-12-07,1.85,1.85,1.85,1.85,9829.0,18183.65
2020-12-08,1.9,1.9,1.9,1.9,3884.0,7379.6
2020-12-09,1.95,1.95,1.95,1.95,4378.0,8537.1
2020-12-10,2.0,2.0,2.0,2.0,1202.0,2404.0
2020-12-11,2.1,2.1,2.1,2.1,6255.0,13135.5
2020-12-14,2.2,2.2,2.2,2.2,1796.0,3951.2
2020-12-15,2.3,2.3,2.3,2.3,2368.0,5446.4
2020-12-16,2.4,2.4,2.4,2.4,1188.0,2851.2
2020-12-17,2.5,2.5,2.5,2.5,2980.0,7450.0
2020-12-18,2.6,2.6,2.6,2.6,7160.0,18616.0
2020-12-21,2.7,2.7,2.7,2.7,32051.0,86537.7
2020-12-22,2.7,2.8,2.7,2.8,44863.0,124783.2
2020-12-23,2.9,2.9,2.9,2.9,3880.0,11252.0
2020-12-24,3.0,3.0,3.0,3.0,3826.0,11478.0
2020-12-28,3.15,3.15,3.15,3.15,24450.0,77017.5
2020-12-29,3.3,3.3,3.3,3.3,5280.0,17424.0
2020-12-30,3.45,3.45,3.45,3.45,2812.0,9701.4
2020-12-31,3.6,3.6,3.6,3.6,17057.0,61405.2
2021-01-01,3.75,3.75,3.75,3.75,6743.0,25286.25
2021-01-04,3.9,3.9,3.9,3.9,5980.0,23322.0
2021-01-05,4.05,4.05,4.05,4.05,11701.0,47389.05
2021-01-06,4.25,4.25,4.1,4.25,153590.0,651567.25
2021-01-07,4.4,4.45,4.2,4.45,50823.0,223815.75
2021-01-08,4.45,4.65,4.45,4.65,32252.0,148232.7
2021-01-11,4.65,4.85,4.65,4.85,66757.0,322673.8
2021-01-12,5.0,5.05,4.65,4.65,148569.0,721792.6
2021-01-13,4.5,4.5,4.45,4.45,17977.0,80035.95
2021-01-14,4.25,4.25,4.25,4.25,1837.0,7807.25
2021-01-15,4.05,4.05,4.05,4.05,7011.0,28394.55
2021-01-18,3.85,3.85,3.85,3.85,3017.0,11615.45
2021-01-19,3.7,3.7,3.7,3.7,5369.0,19865.3
2021-01-20,3.6,3.65,3.55,3.55,8069.0,29041.65
2021-01-21,3.4,3.5,3.4,3.4,12714.0,43371.7
2021-01-22,3.25,3.25,3.25,3.25,3893.0,12652.25
2021-01-25,3.1,3.1,3.1,3.1,7476.0,23175.6
2021-01-27,3.15,3.15,2.95,3.0,35268.0,105543.85
2021-01-28,2.9,3.15,2.85,3.0,35891.0,104880.7
2021-01-29,3.15,3.15,3.0,3.05,13633.0,41726.1
2021-02-01,3.0,3.2,3.0,3.05,19853.0,61969.95
2021-02-02,3.05,3.2,2.9,3.05,23882.0,71843.1
2021-02-03,2.9,3.0,2.9,2.95,21516.0,62990.8
2021-02-04,3.05,3.05,2.85,3.0,26305.0,79223.0
2021-02-05,3.0,3.0,2.85,2.9,18282.0,54057.35
2021-02-08,2.8,2.95,2.8,2.8,20149.0,56522.2
2021-02-09,2.8,2.85,2.7,2.7,25613.0,71308.7
2021-02-10,2.7,2.8,2.6,2.6,51414.0,134467.25
2021-02-11,2.5,2.7,2.5,2.6,25673.0,66472.35
2021-02-12,2.6,2.7,2.5,2.6,24170.0,62748.85
2021-02-15,2.65,2.65,2.5,2.55,49841.0,126782.35
2021-02-16,2.5,2.6,2.5,2.55,62639.0,157528.5
2021-02-17,2.6,2.65,2.5,2.55,21035.0,54089.25
2021-02-18,2.65,2.65,2.5,2.6,14768.0,38768.7
2021-02-19,2.6,2.7,2.6,2.6,14506.0,38183.95
2021-02-22,2.7,2.7,2.5,2.5,33257.0,83220.0
2021-02-23,2.4,2.6,2.4,2.5,5225.0,12821.7
2021-02-24,2.45,2.55,2.4,2.4,11761.0,28910.45
2021-02-25,2.3,2.5,2.3,2.5,9050.0,22256.5
2021-02-26,2.55,2.55,2.4,2.55,7727.0,19234.45
2021-03-01,2.55,2.6,2.45,2.45,20127.0,50357.45
2021-03-02,2.5,2.55,2.35,2.45,24023.0,59643.0
2021-03-03,2.35,2.55,2.35,2.45,35264.0,87774.7
2021-03-04,2.45,2.55,2.45,2.55,33082.0,83880.25
2021-03-05,2.55,2.55,2.45,2.5,18521.0,46266.55
2021-03-08,2.4,2.6,2.4,2.5,14221.0,36501.75
2021-03-09,2.5,2.6,2.5,2.6,8373.0,21687.35
2021-03-10,2.6,2.7,2.5,2.7,17473.0,46975.7
2021-03-12,2.7,2.8,2.7,2.8,35261.0,98079.1
2021-03-15,2.8,2.85,2.7,2.75,20030.0,54873.65
2021-03-16,2.7,2.85,2.7,2.85,48761.0,138660.4
2021-03-17,2.9,2.95,2.9,2.95,11496.0,33866.7
2021-03-18,3.0,3.05,3.0,3.0,16296.0,49415.25
2021-03-19,3.15,3.15,2.85,2.95,28579.0,82921.7
2021-03-22,2.95,3.0,2.85,2.9,16864.0,48283.5
2021-03-23,2.9,3.0,2.8,2.8,12659.0,35604.75
2021-03-24,2.7,2.75,2.7,2.7,10586.0,28647.45
2021-03-25,2.75,2.8,2.6,2.7,21036.0,57319.6
2021-03-26,2.7,2.7,2.6,2.6,9147.0,23882.2
2021-03-30,2.65,2.65,2.5,2.5,18492.0,46589.8
2021-03-31,2.4,2.6,2.4,2.4,22859.0,54938.4
2021-04-01,2.3,2.5,2.3,2.4,31017.0,72255.9
2021-04-05,2.4,2.5,2.3,2.4,17452.0,41150.55
2021-04-06,2.4,2.5,2.3,2.35,15735.0,36972.25
2021-04-07,2.35,2.4,2.3,2.4,1562.0,3645.25
2021-04-08,2.3,2.45,2.3,2.4,7388.0,17691.8
2021-04-09,2.3,2.5,2.3,2.5,8434.0,20479.9
2021-04-12,2.4,2.5,2.4,2.4,7554.0,18334.0
2021-04-13,2.5,2.5,2.3,2.4,2175.0,5098.0
2021-04-15,2.3,2.45,2.3,2.4,5635.0,13255.5
2021-04-16,2.4,2.5,2.3,2.4,6157.0,14865.0
2021-04-19,2.3,2.4,2.3,2.3,6544.0,15304.9
2021-04-20,2.2,2.3,2.2,2.25,4819.0,10949.05
2021-04-22,2.25,2.35,2.15,2.15,19735.0,43024.8
2021-04-23,2.05,2.25,2.05,2.15,20354.0,43250.9
2021-04-26,2.25,2.25,2.15,2.25,9149.0,20425.75
2021-04-27,2.35,2.35,2.15,2.25,19443.0,42886.65
2021-04-28,2.25,2.25,2.15,2.15,7979.0,17328.35
2021-04-29,2.25,2.25,2.15,2.2,13266.0,29515.85
2021-04-30,2.3,2.3,2.2,2.2,11843.0,26234.6
2021-05-03,2.1,2.3,2.1,2.25,89644.0,194629.45
2021-05-04,2.35,2.35,2.2,2.2,41517.0,91676.6
2021-05-05,2.2,2.3,2.2,2.2,5625.0,12717.4
2021-05-06,2.2,2.3,2.15,2.15,12634.0,28586.05
2021-05-07,2.15,2.25,2.15,2.2,19391.0,42995.2
2021-05-10,2.1,2.25,2.1,2.15,22347.0,48174.0
2021-05-11,2.1,2.25,2.1,2.2,27276.0,59064.55
2021-05-12,2.1,2.3,2.1,2.3,32601.0,72861.3
2021-05-14,2.4,2.4,2.3,2.4,36583.0,86934.55
2021-05-17,2.5,2.5,2.35,2.5,23752.0,58936.7
2021-05-18,2.5,2.6,2.5,2.6,24396.0,63335.45
2021-05-19,2.55,2.7,2.55,2.7,37192.0,99854.1
2021-05-20,2.65,2.8,2.65,2.8,35659.0,98592.2
2021-05-21,2.75,2.9,2.7,2.9,23576.0,67424.7
2021-05-24,2.9,3.0,2.85,3.0,47937.0,142091.85
2021-05-25,3.15,3.15,3.15,3.15,8686.0,27360.9
2021-05-26,3.15,3.3,3.15,3.3,1792.0,5909.4
2021-05-27,3.45,3.45,3.3,3.45,42054.0,144936.45
2021-05-28,3.6,3.6,3.6,3.6,4374.0,15746.4
2021-05-31,3.75,3.75,3.7,3.75,43571.0,162743.5
2021-06-01,3.9,3.9,3.6,3.6,70067.0,259703.15
2021-06-02,3.75,3.75,3.6,3.7,23987.0,89151.2
2021-06-03,3.6,3.75,3.55,3.55,48973.0,175094.1
2021-06-04,3.5,3.6,3.4,3.45,30120.0,104276.45
2021-06-07,3.55,3.6,3.45,3.6,24587.0,87493.6
2021-06-08,3.7,3.75,3.7,3.75,12540.0,46812.5
2021-06-09,3.9,3.9,3.9,3.9,6851.0,26718.9
2021-06-10,4.05,4.05,3.75,4.05,24168.0,97519.5
2021-06-11,4.1,4.25,4.1,4.25,46391.0,196005.4
2021-06-14,4.25,4.4,4.05,4.05,51143.0,211823.8
2021-06-15,4.15,4.15,4.05,4.1,37980.0,155517.6
2021-06-16,4.25,4.25,3.9,4.05,22639.0,91073.1
2021-06-17,4.0,4.0,3.85,4.0,56906.0,221948.75
2021-06-18,3.9,4.2,3.85,3.85,48504.0,192402.95
2021-06-21,3.75,4.0,3.75,3.95,49937.0,194111.85
2021-06-22,4.1,4.1,3.95,4.0,47384.0,191734.7
2021-06-23,4.1,4.15,3.95,3.95,19185.0,77215.65
2021-06-24,4.1,4.1,3.85,3.95,34556.0,138734.7
2021-06-25,3.95,4.1,3.9,3.95,24747.0,98515.6
2021-06-28,4.1,4.1,3.8,3.8,37431.0,145674.5
2021-06-29,3.75,3.95,3.75,3.95,20758.0,81746.85
2021-06-30,3.95,4.1,3.95,4.05,29242.0,116991.2
2021-07-01,4.1,4.1,3.85,3.85,34062.0,132707.8
2021-07-02,3.85,3.95,3.8,3.85,48321.0,186615.4
2021-07-05,3.8,3.95,3.75,3.9,33648.0,129376.85
2021-07-06,4.0,4.0,3.75,3.9,40225.0,156294.25
2021-07-07,3.95,4.05,3.9,3.9,42785.0,168841.95
2021-07-08,4.05,4.05,3.8,3.9,6149.0,24214.5
2021-07-09,3.9,4.0,3.8,3.9,21457.0,82439.1
2021-07-12,3.9,3.95,3.75,3.9,15387.0,58578.9
2021-07-13,3.85,3.95,3.75,3.75,10216.0,39049.3
2021-07-14,3.9,3.9,3.6,3.8,38894.0,144103.55
2021-07-15,3.8,3.8,3.65,3.65,55696.0,203783.7
2021-07-16,3.8,3.8,3.55,3.55,7201.0,26026.45
2021-07-19,3.55,3.7,3.4,3.65,11215.0,40590.5
2021-07-20,3.65,3.75,3.55,3.6,16200.0,59381.3
2021-07-22,3.75,3.75,3.55,3.65,21173.0,79047.45
2021-07-23,3.8,3.8,3.55,3.7,20989.0,76872.6
2021-07-26,3.75,3.75,3.55,3.6,23203.0,83579.2
2021-07-27,3.6,3.6,3.5,3.55,8199.0,29095.85
2021-07-28,3.55,3.55,3.4,3.4,7489.0,25511.35
2021-07-29,3.4,3.4,3.25,3.35,26708.0,88470.9
2021-07-30,3.4,3.4,3.25,3.35,15086.0,50239.55
2021-08-02,3.35,3.5,3.2,3.5,45483.0,156492.2
2021-08-03,3.5,3.65,3.5,3.55,23155.0,82349.6
2021-08-04,3.5,3.7,3.4,3.45,34240.0,124708.8
2021-08-05,3.45,3.55,3.4,3.4,13088.0,45259.35
2021-08-06,3.55,3.55,3.35,3.5,15783.0,55332.55
2021-08-09,3.5,3.6,3.4,3.5,19715.0,68829.0
2021-08-10,3.4,3.45,3.35,3.35,30370.0,102469.25
2021-08-11,3.35,3.35,3.2,3.2,1386.0,4438.95
2021-08-12,3.2,3.2,3.05,3.05,19963.0,61204.35
2021-08-13,2.95,3.2,2.95,3.2,39219.0,123325.85
2021-08-16,3.05,3.3,3.05,3.05,23061.0,71728.5
2021-08-17,3.0,3.15,2.9,2.95,39008.0,114423.8
2021-08-18,2.85,3.0,2.85,2.85,17333.0,49560.6
2021-08-20,2.75,2.85,2.75,2.75,21424.0,59088.6
2021-08-23,2.75,2.75,2.65,2.75,11219.0,30147.3
2021-08-24,2.75,2.85,2.65,2.85,15772.0,44615.6
2021-08-25,2.75,2.95,2.75,2.9,20594.0,59435.4
2021-08-26,2.8,3.0,2.8,2.95,6300.0,18447.45
2021-08-27,3.0,3.0,2.9,2.9,8855.0,26250.2
2021-08-30,3.0,3.0,2.9,2.9,24802.0,73786.4
2021-08-31,2.8,3.0,2.8,2.85,18934.0,55137.05
2021-09-01,2.95,2.95,2.75,2.85,7773.0,22131.15
2021-09-02,2.75,2.85,2.75,2.75,37180.0,102950.5
2021-09-03,2.85,2.85,2.65,2.75,10697.0,29700.2
2021-09-06,2.75,2.85,2.75,2.75,21717.0,61026.05
2021-09-07,2.7,2.8,2.65,2.75,20156.0,55104.8
2021-09-08,2.85,2.85,2.7,2.85,25128.0,70296.2
2021-09-09,2.75,2.85,2.75,2.8,7368.0,20712.2
2021-09-13,2.7,2.9,2.7,2.85,7268.0,20731.85
2021-09-14,2.8,2.95,2.75,2.85,47756.0,137983.6
2021-09-15,2.85,2.95,2.85,2.95,9785.0,28738.75
2021-09-16,2.85,3.05,2.85,3.0,19885.0,59393.1
2021-09-17,3.0,3.15,2.9,3.0,15851.0,47682.3
2021-09-20,2.9,3.1,2.9,2.9,16687.0,49849.7
2021-09-21,2.9,3.0,2.9,2.9,5905.0,17194.8
2021-09-22,3.0,3.0,2.85,2.95,13167.0,38400.55
2021-09-23,3.05,3.05,2.85,2.85,22087.0,64475.15
2021-09-24,2.95,2.95,2.85,2.9,27232.0,79439.8
2021-09-27,2.95,2.95,2.8,2.9,19927.0,56277.85
2021-09-28,2.8,2.95,2.8,2.8,17304.0,49068.1
2021-09-29,2.85,2.9,2.75,2.85,23080.0,64659.3
2021-09-30,2.95,2.95,2.75,2.95,26498.0,76853.55
2021-10-01,3.0,3.05,2.9,3.0,52447.0,157708.95
2021-10-04,2.9,3.15,2.9,3.15,131153.0,413055.4
2021-10-05,3.3,3.3,3.3,3.3,12590.0,41547.0
2021-10-06,3.45,3.45,3.45,3.45,10976.0,37867.2
2021-10-07,3.6,3.6,3.6,3.6,10128.0,36460.8
2021-10-08,3.75,3.75,3.7,3.75,42444.0,159163.35
2021-10-11,3.9,3.9,3.8,3.9,15705.0,61087.5
2021-10-12,4.05,4.05,3.95,4.05,31169.0,126122.2
2021-10-13,4.05,4.25,3.85,3.85,134529.0,533846.9
2021-10-14,3.95,4.0,3.75,4.0,52970.0,207740.0
2021-10-18,4.2,4.2,4.05,4.05,34613.0,143543.15
2021-10-19,3.85,4.2,3.85,3.9,73986.0,287674.2
2021-10-20,3.9,3.9,3.75,3.75,34096.0,128978.3
2021-10-21,3.9,3.9,3.6,3.7,22005.0,79697.1
2021-10-22,3.55,3.7,3.55,3.55,31538.0,112072.7
2021-10-25,3.7,3.7,3.4,3.45,26339.0,90694.3
2021-10-26,3.6,3.6,3.4,3.5,8975.0,31285.05
2021-10-27,3.65,3.65,3.35,3.4,39911.0,139203.6
2021-10-28,3.3,3.5,3.25,3.3,8447.0,28189.5
2021-10-29,3.45,3.45,3.2,3.35,7820.0,25938.05
2021-11-01,3.4,3.5,3.25,3.5,19026.0,65306.05
2021-11-02,3.5,3.65,3.5,3.65,9281.0,33406.15
2021-11-03,3.8,3.8,3.5,3.5,29002.0,106967.4
2021-11-04,3.6,3.65,3.5,3.65,16970.0,61307.5
2021-11-08,3.8,3.8,3.5,3.7,23961.0,87652.7
2021-11-09,3.65,3.85,3.55,3.8,73708.0,280614.55
2021-11-10,3.8,3.95,3.8,3.95,52694.0,207362.95
2021-11-11,4.1,4.1,3.95,4.1,38816.0,158446.2
2021-11-12,4.3,4.3,4.1,4.25,39171.0,167342.75
2021-11-15,4.45,4.45,4.3,4.45,58936.0,260937.9
2021-11-16,4.65,4.65,4.35,4.65,82449.0,373391.9
2021-11-17,4.8,4.85,4.65,4.85,81018.0,390980.15
2021-11-18,5.05,5.05,5.05,5.05,60893.0,307509.65
2021-11-22,5.3,5.3,5.3,5.3,30573.0,162036.9
2021-11-23,5.55,5.55,5.55,5.55,27885.0,154761.75
2021-11-24,5.8,5.8,5.8,5.8,21424.0,124259.2
2021-11-25,6.05,6.05,6.05,6.05,18322.0,110848.1
2021-11-26,6.35,6.35,6.35,6.35,58576.0,371957.6
2021-11-29,6.65,6.65,6.05,6.05,224232.0,1386844.65
2021-11-30,5.75,5.9,5.75,5.75,129996.0,748369.5
2021-12-01,5.5,5.5,5.5,5.5,24784.0,136312.0
2021-12-02,5.25,5.25,5.25,5.25,9883.0,51885.75
2021-12-03,5.0,5.0,5.0,5.0,21685.0,108425.0
2021-12-06,4.75,4.75,4.75,4.75,40439.0,192085.25
2021-12-07,4.55,4.95,4.55,4.95,23853.0,116258.5
2021-12-08,5.15,5.15,5.15,5.15,17552.0,90392.8
2021-12-09,5.4,5.4,4.9,5.1,147586.0,737556.65
2021-12-10,5.1,5.1,4.9,5.0,58548.0,291673.6
2021-12-13,4.9,5.25,4.9,5.25,69287.0,356219.6
2021-12-14,5.5,5.5,5.1,5.5,52202.0,286648.7
2021-12-15,5.75,5.75,5.75,5.75,24130.0,138747.5
2021-12-16,6.0,6.0,6.0,6.0,7842.0,47052.0
2021-12-17,6.3,6.3,6.2,6.3,71129.0,447367.1
2021-12-20,6.6,6.6,6.35,6.6,110149.0,723962.9
2021-12-21,6.9,6.9,6.9,6.9,54024.0,372765.6
2021-12-22,7.2,7.2,7.2,7.2,28364.0,204220.8
2021-12-23,7.55,7.55,7.4,7.55,68975.0,518991.85
2021-12-24,7.9,7.9,7.9,7.9,22820.0,180278.0
2021-12-27,8.25,8.25,8.25,8.25,16217.0,133790.25
2021-12-28,8.65,8.65,8.65,8.65,7209.0,62357.85
2021-12-29,9.05,9.05,9.05,9.05,32867.0,297446.35
2021-12-30,9.5,9.5,8.6,9.15,350487.0,3118100.3
2021-12-31,9.15,9.6,8.7,9.6,150274.0,1414420.1
2022-01-03,10.05,10.05,10.05,10.05,48977.0,492218.85
2022-01-04,10.55,10.55,9.55,10.5,311217.0,3181266.85
2022-01-05,10.55,10.95,10.0,10.0,125826.0,1273221.85
2022-01-06,9.5,9.5,9.5,9.5,67838.0,644461.0
2022-01-07,9.05,9.3,9.05,9.05,246988.0,2249988.2
2022-01-10,8.6,8.6,8.6,8.6,148621.0,1278140.6
2022-01-11,8.2,8.2,8.2,8.2,78772.0,645930.4
2022-01-12,7.8,8.15,7.8,7.8,61292.0,478130.3
2022-01-13,7.45,8.15,7.45,8.15,145741.0,1126382.2
2022-01-14,8.55,8.55,8.55,8.55,22943.0,196162.65
2022-01-17,8.95,8.95,8.95,8.95,48309.0,432365.55
2022-01-18,9.35,9.35,9.35,9.35,60208.0,562944.8
2022-01-19,9.8,9.8,8.9,9.05,149246.0,1393469.65
2022-01-20,8.95,8.95,8.6,8.65,70351.0,610508.65
2022-01-21,8.9,8.9,8.25,8.25,47644.0,394771.55
2022-01-24,7.85,8.25,7.85,7.85,29267.0,229785.95
2022-01-25,7.5,7.5,7.5,7.5,38333.0,287497.5
2022-01-27,7.15,7.4,7.15,7.15,31882.0,227984.05
2022-01-28,6.9,7.5,6.8,7.5,131677.0,937707.65
2022-01-31,7.85,7.85,7.55,7.85,23072.0,180963.5
2022-02-01,8.2,8.2,8.15,8.2,38634.0,316698.8
2022-02-02,8.6,8.6,8.0,8.6,73201.0,625335.0
2022-02-03,8.9,8.9,8.2,8.35,68230.0,571409.9
2022-02-04,8.55,8.55,8.05,8.15,35803.0,295236.85
2022-02-07,8.15,8.55,7.75,7.75,58260.0,460107.95
2022-02-08,7.5,7.75,7.4,7.4,39040.0,291412.5
2022-02-09,7.35,7.65,7.05,7.4,34824.0,248779.6
2022-02-10,7.3,7.4,7.05,7.2,40539.0,290614.7
2022-02-11,7.2,7.35,6.85,6.9,52062.0,361461.7
2022-02-14,6.6,6.75,6.6,6.6,29609.0,195904.4
2022-02-15,6.75,6.9,6.3,6.8,34842.0,226618.45
2022-02-16,6.7,7.1,6.7,6.95,33761.0,234680.15
2022-02-17,6.65,7.0,6.65,6.65,38659.0,261600.5
2022-02-18,6.95,6.95,6.95,6.95,16858.0,117163.1
2022-02-21,6.95,7.2,6.95,6.95,31803.0,223811.95
2022-02-22,6.85,6.85,6.65,6.65,31299.0,208761.35
2022-02-23,6.35,6.85,6.35,6.75,38763.0,254507.15
2022-02-24,6.7,6.7,6.45,6.45,10550.0,69149.0
2022-02-25,6.25,6.65,6.15,6.15,36005.0,222814.75
2022-02-28,6.35,6.35,5.85,5.95,29132.0,172430.5
2022-03-02,6.0,6.0,5.7,5.9,28327.0,163195.4
2022-03-03,5.9,6.1,5.75,6.05,24265.0,145562.65
2022-03-04,6.1,6.1,5.75,6.0,24205.0,144050.85
2022-03-07,6.0,6.1,5.7,5.75,14925.0,86761.45
2022-03-08,6.0,6.0,5.75,5.9,18287.0,107987.1
2022-03-09,5.9,6.1,5.8,6.0,29214.0,175834.85
2022-03-10,6.1,6.3,6.1,6.3,32729.0,204377.1
2022-03-11,6.6,6.6,6.6,6.6,7669.0,50615.4
2022-03-14,6.9,6.9,6.9,6.9,10207.0,70428.3
2022-03-15,7.2,7.2,7.1,7.2,30972.0,222813.25
2022-03-16,7.45,7.45,6.85,6.85,29913.0,207342.35
2022-03-17,6.8,7.15,6.6,6.95,43581.0,301010.5
2022-03-21,7.0,7.25,7.0,7.1,56901.0,407295.15
2022-03-22,6.85,7.1,6.75,6.9,73613.0,506901.45
2022-03-23,6.75,6.75,6.6,6.6,21247.0,141376.7
2022-03-24,6.3,6.9,6.3,6.45,30588.0,196158.25
2022-03-25,6.15,6.4,6.15,6.15,14740.0,90801.15
2022-03-28,5.85,6.25,5.85,6.0,24360.0,144691.75
2022-03-29,5.75,6.1,5.7,5.7,44562.0,260290.95
2022-03-30,5.45,5.85,5.45,5.55,32080.0,178631.6
2022-03-31,5.4,5.8,5.3,5.4,126580.0,686114.75
2022-04-01,5.55,5.55,5.15,5.4,21986.0,115960.55
2022-04-04,5.6,5.65,5.4,5.65,24431.0,137148.45
2022-04-05,5.9,5.9,5.6,5.9,16172.0,94931.7
2022-04-06,6.15,6.15,6.15,6.15,6772.0,41647.8
2022-04-07,6.45,6.45,6.45,6.45,6701.0,43221.45
2022-04-08,6.75,6.75,6.75,6.75,9249.0,62430.75
2022-04-11,7.05,7.05,6.75,6.95,47448.0,332164.35
2022-04-12,7.05,7.1,6.65,6.75,18453.0,125759.65
2022-04-13,6.75,6.75,6.5,6.7,3170.0,21091.5
2022-04-18,6.7,6.75,6.4,6.4,14340.0,92383.1
2022-04-19,6.45,6.65,6.1,6.25,19751.0,127226.5
2022-04-20,6.25,6.4,6.05,6.4,6259.0,39507.65
2022-04-21,6.5,6.5,6.1,6.2,49441.0,302920.85
2022-04-22,6.05,6.2,5.95,6.15,15670.0,94368.55
2022-04-25,5.85,6.2,5.85,5.95,24172.0,142481.9
2022-04-26,5.95,6.15,5.7,5.85,15413.0,92199.6
2022-04-27,5.85,5.95,5.6,5.75,31642.0,179333.95
2022-04-28,5.85,5.85,5.5,5.65,28591.0,158560.2
2022-04-29,5.7,5.7,5.4,5.4,23406.0,128398.15
2022-05-02,5.35,5.6,5.2,5.2,15261.0,81575.45
2022-05-04,5.4,5.4,5.0,5.15,8871.0,44952.75
2022-05-05,5.05,5.2,5.0,5.15,4141.0,20908.65
2022-05-06,5.15,5.15,4.9,5.05,10722.0,53136.1
2022-05-09,4.8,5.0,4.8,4.9,20637.0,101292.4
2022-05-10,4.75,5.1,4.75,4.85,8366.0,40345.35
2022-05-11,4.95,4.95,4.65,4.8,19193.0,90555.65
2022-05-12,4.75,4.75,4.6,4.6,4656.0,21489.95
2022-05-13,4.6,4.75,4.4,4.65,14326.0,66846.35
2022-05-16,4.8,4.85,4.65,4.85,25774.0,123775.9
2022-05-17,4.95,5.05,4.85,5.05,14568.0,72941.75
2022-05-18,5.05,5.3,5.0,5.0,11331.0,58456.45
2022-05-19,5.0,5.2,4.75,4.9,7934.0,38619.5
2022-05-20,4.9,5.1,4.7,5.05,35011.0,172489.35
2022-05-23,5.3,5.3,4.8,4.95,57804.0,291086.3
2022-05-24,4.9,5.1,4.9,5.1,37608.0,190952.25
2022-05-25,5.2,5.2,4.85,4.85,17923.0,90794.2
2022-05-26,5.0,5.0,4.75,4.85,3240.0,15971.3
2022-05-27,4.9,5.05,4.65,4.9,21094.0,105360.8
2022-05-30,5.1,5.1,4.9,5.1,44836.0,228220.85
2022-05-31,5.25,5.25,4.9,5.2,39539.0,200784.95
2022-06-01,5.3,5.45,5.0,5.15,17412.0,92754.8
2022-06-02,5.15,5.2,4.9,5.0,8146.0,40971.5
2022-06-03,5.1,5.1,4.8,4.85,7277.0,35421.95
2022-06-06,4.95,5.0,4.7,4.75,33096.0,161923.6
2022-06-07,4.75,4.9,4.7,4.85,2359.0,11327.85
2022-06-08,4.7,4.95,4.7,4.8,5938.0,28761.6
2022-06-09,4.75,5.0,4.75,4.95,5414.0,26620.8
2022-06-10,4.95,5.0,4.85,4.9,15070.0,73726.3
2022-06-13,4.9,4.9,4.7,4.7,3037.0,14465.1
2022-06-14,4.5,4.75,4.5,4.5,8473.0,38686.95
2022-06-15,4.5,4.65,4.3,4.3,14046.0,60960.15
2022-06-16,4.1,4.5,4.1,4.15,13392.0,57779.55
2022-06-17,4.0,4.15,3.95,3.95,16552.0,66153.7
2022-06-20,3.95,3.95,3.8,3.8,10969.0,42358.45
2022-06-21,3.65,3.85,3.65,3.65,14096.0,52248.35
2022-06-22,3.65,3.8,3.5,3.8,8490.0,31378.4
2022-06-23,3.95,3.95,3.8,3.9,20763.0,81040.45
2022-06-24,4.05,4.05,4.05,4.05,1886.0,7638.3
2022-06-27,4.1,4.25,4.1,4.25,7093.0,29250.75
2022-06-28,4.45,4.45,4.2,4.2,19012.0,82667.45
2022-06-29,4.0,4.25,4.0,4.2,3754.0,15214.45
2022-06-30,4.05,4.25,4.0,4.05,7017.0,28409.0
2022-07-01,4.0,4.0,3.85,3.9,2003.0,7864.7
2022-07-04,4.05,4.05,3.9,4.0,17275.0,69804.15
2022-07-05,3.95,4.1,3.95,4.0,8312.0,33619.9
2022-07-06,4.15,4.15,3.85,3.85,21266.0,82473.3
2022-07-07,4.0,4.0,3.85,4.0,4424.0,17675.9
2022-07-08,4.15,4.15,3.95,4.15,9202.0,38071.7
2022-07-11,4.3,4.3,4.0,4.05,3743.0,15313.5
2022-07-12,4.05,4.2,3.9,4.0,2061.0,8389.6
2022-07-13,3.9,4.15,3.9,4.1,10726.0,43990.45
2022-07-14,4.1,4.25,4.1,4.2,1884.0,7855.45
2022-07-15,4.0,4.3,4.0,4.15,6406.0,25892.35
2022-07-18,4.3,4.3,4.0,4.15,22592.0,92181.15
2022-07-19,4.05,4.25,4.05,4.15,6481.0,27209.05
2022-07-20,4.0,4.35,4.0,4.25,14541.0,61868.05
2022-07-21,4.4,4.45,4.1,4.35,35531.0,157564.45
2022-07-22,4.55,4.55,4.55,4.55,16377.0,74515.35
2022-07-25,4.75,4.75,4.55,4.75,7255.0,34442.45
2022-07-26,4.75,4.95,4.75,4.95,135159.0,667932.75
2022-07-27,5.15,5.15,4.8,5.15,32712.0,165559.55
2022-07-28,4.9,5.4,4.9,5.4,56927.0,306891.85
2022-07-29,5.4,5.65,5.4,5.65,52070.0,292937.55
2022-08-01,5.9,5.9,5.8,5.9,28670.0,168676.3
2022-08-02,5.9,6.15,5.75,6.1,48753.0,294220.85
2022-08-03,6.1,6.1,5.8,5.8,20435.0,118902.3
2022-08-04,5.6,5.6,5.55,5.55,13797.0,76593.35
2022-08-05,5.3,5.3,5.3,5.3,6291.0,33342.3
2022-08-08,5.05,5.2,5.05,5.05,14324.0,72630.5
2022-08-10,5.05,5.05,4.8,4.8,24696.0,119598.65
2022-08-11,4.9,4.95,4.6,4.75,50724.0,246311.05
2022-08-12,4.9,4.9,4.6,4.65,26581.0,125243.1
2022-08-16,4.45,4.8,4.45,4.65,13733.0,63987.3
2022-08-17,4.65,4.65,4.45,4.5,54880.0,245607.8
2022-08-18,4.35,4.6,4.35,4.45,6732.0,29735.5
2022-08-19,4.55,4.55,4.35,4.5,7873.0,35392.8
2022-08-22,4.5,4.5,4.3,4.35,25575.0,111166.1
2022-08-23,4.15,4.45,4.15,4.35,1570.0,6859.9
2022-08-24,4.5,4.55,4.25,4.3,55743.0,246534.1
2022-08-25,4.25,4.35,4.1,4.1,68393.0,282657.0
2022-08-26,4.25,4.25,4.0,4.0,61112.0,247834.5
2022-08-29,4.0,4.15,4.0,4.0,54141.0,219366.45
2022-08-30,4.0,4.15,4.0,4.15,12149.0,49442.95
2022-09-01,4.05,4.1,4.0,4.0,39673.0,158930.85
2022-09-02,3.9,4.1,3.9,4.05,21416.0,85919.45
2022-09-05,4.1,4.1,3.95,4.05,26882.0,108320.4
2022-09-06,4.1,4.1,4.05,4.05,10211.0,41616.7
2022-09-07,4.2,4.25,4.05,4.2,29823.0,125639.2
2022-09-08,4.2,4.4,4.2,4.4,13506.0,59414.95
2022-09-09,4.6,4.6,4.55,4.6,11151.0,51243.85
2022-09-12,4.65,4.75,4.4,4.5,29062.0,130502.15
2022-09-13,4.6,4.6,4.3,4.45,9908.0,44008.7
2022-09-14,4.25,4.45,4.25,4.35,3809.0,16770.7
2022-09-15,4.2,4.4,4.2,4.3,19221.0,81693.2
2022-09-16,4.1,4.25,4.1,4.1,18240.0,75183.75
2022-09-19,4.1,4.2,4.05,4.1,37804.0,157733.9
2022-09-20,4.1,4.3,4.05,4.25,44784.0,189829.95
2022-09-21,4.3,4.45,4.3,4.4,17874.0,78542.6
2022-09-22,4.5,4.6,4.25,4.3,29497.0,128670.7
2022-09-23,4.25,4.25,4.1,4.1,30147.0,124252.1
2022-09-26,4.1,4.15,3.9,3.9,28878.0,113257.0
2022-09-27,4.0,4.0,3.75,3.95,10419.0,40983.75
2022-09-28,3.85,4.1,3.85,3.9,3360.0,13435.4
2022-09-29,3.95,3.95,3.85,3.9,9450.0,37096.0
2022-09-30,3.9,4.05,3.8,4.0,16990.0,67094.1
2022-10-03,4.15,4.15,3.9,3.9,8036.0,32548.7
2022-10-04,3.95,4.05,3.95,4.0,3629.0,14555.5
2022-10-06,4.2,4.2,4.0,4.0,8974.0,37642.6
2022-10-07,4.0,4.15,4.0,4.0,3105.0,12651.8
2022-10-10,4.05,4.1,3.8,3.8,62095.0,242194.3
2022-10-11,3.7,3.85,3.65,3.7,52961.0,195151.75
2022-10-12,3.7,3.7,3.55,3.65,29321.0,106037.2
2022-10-13,3.7,3.7,3.55,3.65,6566.0,23412.4
2022-10-14,3.6,3.7,3.5,3.5,80125.0,281704.75
2022-10-17,3.5,3.55,3.35,3.55,32869.0,114474.85
2022-10-18,3.65,3.65,3.4,3.4,44226.0,151584.1
2022-10-19,3.45,3.5,3.35,3.4,11556.0,39832.9
2022-10-20,3.5,3.5,3.35,3.4,6854.0,23344.95
2022-10-21,3.35,3.4,3.3,3.3,11980.0,40018.4
2022-10-24,3.4,3.45,3.25,3.35,3390.0,11273.5
2022-10-25,3.5,3.5,3.25,3.45,13160.0,44906.95
2022-10-27,3.5,3.5,3.4,3.4,17718.0,60620.35
2022-10-28,3.45,3.55,3.35,3.55,18936.0,65941.75
2022-10-31,3.55,3.6,3.5,3.5,7819.0,27586.8
2022-11-01,3.5,3.6,3.5,3.55,10620.0,37849.5
2022-11-02,3.5,3.65,3.5,3.6,7016.0,25035.75
2022-11-03,3.55,3.7,3.55,3.65,5985.0,21950.55
2022-11-04,3.6,3.65,3.5,3.5,92560.0,325449.0
2022-11-07,3.5,3.5,3.35,3.4,23447.0,80162.6
2022-11-09,3.45,3.55,3.45,3.55,27971.0,99119.85
2022-11-10,3.55,3.7,3.55,3.7,22755.0,83295.95
2022-11-11,3.75,3.75,3.6,3.6,29307.0,107021.7
2022-11-14,3.75,3.75,3.75,3.75,51306.0,192397.5
2022-11-15,3.9,3.9,3.9,3.9,36303.0,141581.7
2022-11-16,4.05,4.05,4.05,4.05,5842.0,23660.1
2022-11-17,4.25,4.25,4.25,4.25,32205.0,136871.25
