date,open,high,low,close,volume,value
2018-05-25,51.4459,53.1208,50.374,51.3959,44017.0,2255521.7
2018-05-28,51.249,53.3739,50.4052,52.024,40897.0,2116527.9
2018-05-29,53.7489,53.9364,51.3521,52.5427,61041.0,3233052.8
2018-05-30,52.8114,57.4801,52.8114,56.0395,796288.0,44734845.65
2018-05-31,56.2489,56.2489,53.7521,54.5427,103618.0,5640997.75
2018-06-01,54.9989,54.9989,52.8114,52.9646,73953.0,3939973.7
2018-06-04,54.3739,54.3739,49.7865,51.2115,101522.0,5246316.0
2018-06-05,52.374,52.374,48.124,48.6365,142979.0,7091524.15
2018-06-06,49.049,50.3115,47.6272,49.4428,131443.0,6434665.75
2018-06-07,50.499,51.249,49.374,50.8865,98274.0,4975247.45
2018-06-08,50.3802,51.3146,50.0615,50.4021,87538.0,4441631.5
2018-06-11,51.2459,52.249,50.8771,51.0771,84530.0,4363940.9
2018-06-12,51.9271,53.6239,51.9271,52.9614,137699.0,7277068.1
2018-06-13,51.999,55.2489,51.749,54.9583,121522.0,6556588.0
2018-06-14,54.9989,57.2489,54.1333,56.7145,204596.0,11423406.5
2018-06-15,57.2301,58.4363,55.3114,56.7926,295734.0,16923202.7
2018-06-18,57.9801,58.2988,54.452,55.4239,192052.0,10642452.65
2018-06-19,66.5081,66.5081,61.6238,63.1175,7895741.0,506839242.7
2018-06-20,63.6862,64.3737,61.2613,62.0706,2262221.0,141603481.9
2018-06-21,62.4988,62.4988,58.2488,58.7926,1750019.0,103953419.3
2018-06-22,58.4363,59.5394,57.7051,58.2832,826288.0,48480742.6
2018-06-25,58.2426,60.305,58.0613,59.1457,747791.0,44304221.35
2018-06-26,59.3082,59.4707,58.352,58.5832,288662.0,16996719.35
2018-06-27,58.6082,59.2363,57.1707,57.477,299366.0,17413891.35
2018-06-28,57.4989,58.1238,56.3739,56.6457,372695.0,21264534.05
2018-06-29,57.4239,58.1863,56.8145,57.5801,201860.0,11648966.75
2018-07-02,57.5801,59.6863,57.5801,58.2051,287606.0,16800879.7
2018-07-03,58.4395,58.9863,57.8613,58.4301,247685.0,14493195.05
2018-07-04,58.4301,59.9363,58.227,59.2551,354631.0,21043551.65
2018-07-05,59.3738,60.4957,58.9363,59.1019,379560.0,22614557.25
2018-07-06,59.2363,60.9363,59.1238,60.6675,400232.0,24154408.1
2018-07-09,62.3113,63.9894,61.2488,63.0862,811520.0,51055771.0
2018-07-10,63.7487,64.9331,63.1925,64.2518,554875.0,35528215.35
2018-07-11,64.0326,65.5957,64.0326,65.0945,573350.0,37241099.25
2018-07-12,65.6584,71.5476,65.3514,68.5215,2934505.0,203149651.25
2018-07-13,68.8348,70.6579,67.682,68.5215,993071.0,68582370.55
2018-07-16,70.1066,70.7895,66.9866,67.4815,492122.0,33534224.75
2018-07-17,68.1018,68.8536,67.4126,68.509,293562.0,20053151.95
2018-07-18,69.1668,69.856,68.1895,68.6969,349028.0,24056705.7
2018-07-19,67.4752,69.7933,67.2466,68.2333,466903.0,32043823.8
2018-07-20,67.8605,69.1042,67.8574,68.7565,246141.0,16891028.65
2018-07-23,69.6054,72.0394,68.9225,70.5451,923256.0,64853325.3
2018-07-24,72.0488,74.0975,71.4223,73.2235,1377055.0,100521494.3
2018-07-25,74.5548,75.8078,72.6753,73.4678,1564106.0,115509204.2
2018-07-26,73.9283,74.2384,71.5852,72.9603,723706.0,52777465.65
2018-07-27,73.5994,73.5994,70.9242,71.4505,474453.0,34393461.2
2018-07-30,71.4849,75.1187,71.3126,74.0724,1309857.0,95989268.75
2018-07-31,74.5235,76.7476,74.3669,75.6763,1423838.0,107899398.9
2018-08-01,76.7758,76.7789,73.0073,73.731,1290783.0,96780112.55
2018-08-02,73.1765,88.4634,70.4198,85.5438,4663748.0,390145826.15
2018-08-03,86.9347,97.1844,86.7091,93.488,4513839.0,424033760.75
2018-08-06,95.1921,99.7406,94.4779,96.0442,1457959.0,140719477.5
2018-08-07,96.7333,97.5854,90.4933,91.6085,806031.0,74504842.2
2018-08-08,90.4682,90.4682,85.832,86.6841,640471.0,56252553.4
2018-08-09,87.9622,93.7511,86.872,91.1824,1183961.0,108087668.45
2018-08-10,88.714,88.9646,80.657,83.2132,2183892.0,183557192.0
2018-08-13,81.4339,81.4464,75.9582,77.0859,1326102.0,103137493.1
2018-08-14,76.1211,80.444,76.1211,78.151,924453.0,72357211.4
2018-08-16,78.3139,79.7549,77.0734,77.4744,495682.0,38845583.95
2018-08-17,78.1009,79.0657,76.9356,77.2363,354479.0,27614111.5
2018-08-20,77.6122,78.1886,76.071,76.3466,394279.0,30311844.1
2018-08-21,76.4344,77.136,73.189,74.3543,673532.0,50307649.35
2018-08-23,74.8555,75.5322,73.1765,73.5148,429274.0,31741585.7
2018-08-24,73.6777,73.6777,71.1717,71.2719,482035.0,34685986.4
2018-08-27,71.8232,77.5871,70.3697,75.6449,1518489.0,114471424.5
2018-08-28,76.3842,77.4117,73.0011,73.4146,693539.0,51637129.65
2018-08-29,73.4271,75.6825,73.0136,74.0536,419997.0,31191486.8
2018-08-30,73.4522,88.8643,73.4522,85.9949,7363625.0,622909595.35
2018-08-31,86.4335,88.9646,82.9501,84.6416,5043642.0,434888449.5
2018-09-03,82.9501,84.9549,80.419,80.419,757173.0,61633069.6
2018-09-04,80.4691,81.1833,76.7601,77.4744,692334.0,54056170.15
2018-09-05,77.6874,78.1761,75.457,76.071,450878.0,34479863.5
2018-09-06,78.4392,79.8676,78.1886,79.8676,396633.0,31524649.4
2018-09-07,83.0503,85.193,79.6922,80.6445,1789853.0,147576397.5
2018-09-10,80.5443,83.7771,78.9905,80.5317,783689.0,63572527.35
2018-09-11,81.0455,81.9101,77.4368,78.3765,469146.0,37245789.75
2018-09-12,78.1886,79.4416,77.1862,77.6623,341474.0,26586080.2
2018-09-14,78.4392,80.1684,77.938,78.6522,420846.0,33301717.15
2018-09-17,78.6271,78.6271,77.3491,77.5997,192906.0,15011661.2
2018-09-18,78.3139,78.4016,75.8078,76.1086,276029.0,21217856.4
2018-09-19,76.4719,76.9982,73.9283,74.442,467198.0,35036114.2
2018-09-21,75.1813,77.6247,67.9138,72.951,598840.0,43949147.45
2018-09-24,71.4974,74.9057,70.1818,70.6203,377040.0,26980856.85
2018-09-25,71.1717,71.6729,68.9162,70.0189,304193.0,21327280.8
2018-09-26,71.1717,72.0989,70.0189,70.8835,237657.0,16873249.2
2018-09-27,73.9534,74.9182,71.7355,72.4372,732824.0,53847915.9
2018-09-28,73.402,73.402,66.4728,67.4001,494724.0,33910673.4
2018-10-01,68.3649,68.3649,62.9017,66.2723,495438.0,31930689.35
2018-10-03,66.6107,69.4174,65.1572,66.4979,411669.0,27639623.15
2018-10-04,65.6584,67.6381,64.4053,66.6733,313694.0,20660438.65
2018-10-05,66.0343,66.4603,63.4029,64.0545,268443.0,17423695.5
2018-10-08,64.28,65.1321,60.3957,61.8868,422287.0,26576629.45
2018-10-09,62.6511,63.1523,59.1802,59.7817,387727.0,23361283.5
2018-10-10,59.8945,65.1321,59.1928,62.4005,540705.0,34099814.4
2018-10-11,60.3957,61.8993,58.892,60.734,431070.0,26156360.05
2018-10-12,61.8993,64.4053,61.7364,63.9041,264381.0,16843308.05
2018-10-15,64.5306,66.6608,62.9393,66.0468,345608.0,22548812.1
2018-10-16,66.6357,73.0512,65.6458,72.2367,1098883.0,77440283.85
2018-10-17,73.9283,73.9283,67.9138,68.415,780349.0,55491675.8
2018-10-19,67.9138,70.3697,66.5104,67.6005,250965.0,17165820.4
2018-10-22,68.1895,69.6304,64.2424,65.3702,181318.0,12202280.45
2018-10-23,65.0945,66.4102,63.9167,64.5432,218687.0,14176536.7
2018-10-24,65.6584,66.4102,64.3678,65.6458,123849.0,8094479.55
2018-10-25,64.6559,65.1572,61.3981,64.0169,448129.0,28653755.55
2018-10-26,63.9041,66.1596,63.1774,64.3427,365516.0,23537988.5
2018-10-29,65.5957,66.5856,64.3928,65.7711,251424.0,16550146.8
2018-10-30,65.8839,69.242,65.8839,67.4126,402220.0,27313823.1
2018-10-31,66.4352,66.7234,63.9543,65.1446,383265.0,24919638.25
2018-11-01,65.508,65.8839,64.2049,64.6434,278355.0,18169292.75
2018-11-02,65.1572,66.2974,64.4053,64.7186,250526.0,16412107.75
2018-11-05,64.9817,65.6333,64.1547,64.5682,78782.0,5109929.8
2018-11-06,65.0694,65.3702,64.3928,64.7687,94352.0,6119048.45
2018-11-07,65.6458,65.6458,64.9065,65.3576,56942.0,3718789.1
2018-11-09,65.5331,65.6208,62.814,63.8916,135700.0,8753422.4
2018-11-12,64.255,64.8063,63.1523,63.9417,140608.0,9018990.05
2018-11-13,63.428,64.5181,63.002,63.3653,191006.0,12210364.4
2018-11-14,63.4656,63.9041,62.1499,62.4256,260770.0,16465697.2
2018-11-15,62.8015,62.8015,61.4733,61.6988,195982.0,12173958.6
2018-11-16,62.0371,63.3779,61.6988,62.3754,219398.0,13771002.85
2018-11-19,62.601,62.9017,61.9244,62.4882,157986.0,9857892.35
2018-11-20,62.4256,62.9017,60.6463,60.8593,281691.0,17418609.7
2018-11-21,61.3104,61.373,59.6564,60.308,187451.0,11311160.0
2018-11-22,60.6588,62.2251,60.1701,60.546,213592.0,13011198.15
2018-11-26,60.6463,61.3981,59.5186,59.8694,73187.0,4414689.35
2018-11-27,60.1451,60.8468,58.9422,59.1802,170408.0,10132298.45
2018-11-28,59.8694,59.8694,58.892,59.1301,106650.0,6319170.75
2018-11-29,59.3933,59.6439,57.827,58.679,127927.0,7523233.15
2018-11-30,58.892,59.5186,58.3908,58.8294,85797.0,5051999.2
2018-12-03,59.1552,60.12,59.1552,59.5937,120102.0,7178298.2
2018-12-04,60.1325,60.3957,58.892,59.8067,93446.0,5605788.85
2018-12-05,59.3933,60.0699,58.6414,58.867,96974.0,5754812.25
2018-12-06,58.3908,59.6439,57.6516,58.5537,81439.0,4759876.1
2018-12-07,58.8795,59.0424,57.9272,58.0776,47182.0,2751452.25
2018-12-10,58.3783,58.3783,54.1431,55.6718,124515.0,7001697.05
2018-12-11,53.9426,58.7292,53.7045,58.0275,188213.0,10552606.05
2018-12-12,58.6414,59.2304,57.9773,58.9547,70601.0,4149308.05
2018-12-13,59.3181,60.3581,58.892,59.3181,86283.0,5154347.3
2018-12-14,58.9046,61.4983,58.5161,60.4709,153226.0,9224067.0
2018-12-17,60.947,60.9721,59.7692,60.0072,61831.0,3724660.3
2018-12-18,60.1451,60.3706,59.2679,59.7942,55406.0,3314407.9
2018-12-19,60.0448,61.7865,59.694,60.5586,118641.0,7190268.75
2018-12-20,60.8843,60.8843,59.1176,59.2679,98246.0,5874453.8
2018-12-21,60.0949,60.6964,58.892,59.2805,195104.0,11690953.75
2018-12-24,59.719,59.7441,58.1402,58.3157,88989.0,5244240.9
2018-12-26,58.892,58.892,56.8872,57.3007,137033.0,7900790.8
2018-12-27,58.4535,58.4535,56.8872,57.1378,117344.0,6742161.8
2018-12-28,57.4761,58.6414,57.3884,57.6641,102783.0,5962662.35
2018-12-31,57.4385,58.5537,57.4385,57.9272,53012.0,3079384.8
2019-01-01,57.4385,60.5962,56.6867,58.892,137057.0,8087783.65
2019-01-02,58.3908,59.1051,58.1402,58.6665,92975.0,5452869.4
2019-01-03,58.6916,59.0173,57.8896,58.2279,63586.0,3715975.05
2019-01-04,57.7393,58.441,57.3508,57.5012,59760.0,3449870.55
2019-01-07,58.2405,58.7542,56.8872,57.3383,75976.0,4384180.45
2019-01-08,57.7643,57.7643,56.4737,56.7494,49361.0,2810296.4
2019-01-09,57.1378,57.639,56.4361,56.7368,57285.0,3270843.65
2019-01-10,57.0376,58.1402,56.4988,57.0877,120130.0,6887055.35
2019-01-11,57.4887,57.639,56.1479,56.4486,94244.0,5359768.95
2019-01-14,56.6366,56.6366,55.1706,55.5339,67972.0,3800443.8
2019-01-15,55.7971,56.4486,55.6342,55.8472,62824.0,3516856.7
2019-01-16,56.3359,56.574,55.3836,55.6217,86048.0,4804617.5
2019-01-17,55.4713,56.2607,55.133,55.3836,49189.0,2738545.6
2019-01-18,55.8848,55.8848,54.8949,55.0453,87596.0,4836770.15
2019-01-21,55.4838,55.8848,54.1807,55.2959,109647.0,6041668.0
2019-01-22,57.1629,59.8694,56.6867,57.7643,866549.0,50353550.75
2019-01-23,57.4887,58.867,56.2482,57.5513,166617.0,9612634.25
2019-01-24,57.7894,58.1026,55.2082,55.6843,83877.0,4735824.3
2019-01-25,57.0877,57.0877,53.88,54.2559,99080.0,5487053.55
2019-01-28,55.5465,55.5465,52.8775,53.3662,114707.0,6181292.8
2019-01-29,53.2534,54.0428,52.7021,53.6419,74308.0,3970024.55
2019-01-30,54.0178,54.5942,52.8775,53.7547,74396.0,3987944.05
2019-01-31,53.6795,54.2684,52.6771,53.0028,101957.0,5429359.7
2019-02-01,52.7021,54.2809,52.6269,53.6043,101523.0,5446400.65
2019-02-04,52.9527,53.5291,52.7773,53.2534,50793.0,2701390.35
2019-02-05,52.9527,53.7296,51.1358,51.4992,211860.0,11011776.75
2019-02-06,52.0756,52.0756,50.3715,50.7349,115489.0,5872578.85
2019-02-07,51.1233,54.5566,49.6447,53.6795,305693.0,16247411.65
2019-02-08,54.3812,57.852,54.0303,54.6318,697382.0,38931592.85
2019-02-11,53.88,54.3937,52.0881,52.7898,74117.0,3921613.25
2019-02-12,52.6269,53.6293,52.1257,52.251,56843.0,2992896.7
2019-02-13,52.1508,53.0154,51.7498,52.1758,62852.0,3296957.6
2019-02-14,52.3763,52.3763,49.745,50.8476,90294.0,4613974.8
2019-02-15,50.6221,51.2486,49.1561,49.8578,112388.0,5645929.3
2019-02-18,50.572,50.6221,49.1811,49.532,78993.0,3945901.0
2019-02-19,49.6447,50.2462,49.4317,49.9831,72050.0,3590300.55
2019-02-20,50.3464,54.1932,49.9956,53.1156,384203.0,20187152.8
2019-02-21,53.8674,53.8674,51.9628,52.5267,163624.0,8649714.4
2019-02-22,52.1383,53.1657,51.9002,52.464,112987.0,5948024.0
2019-02-25,52.652,53.1407,51.3739,52.0756,77337.0,4058043.75
2019-02-26,51.3739,52.1633,50.3214,51.3739,108486.0,5564234.3
2019-02-27,53.6293,55.6342,52.9026,53.4539,703994.0,38170702.5
2019-02-28,54.1306,54.1306,52.4766,52.865,94500.0,5039733.4
2019-03-01,52.9527,54.8573,52.3763,53.291,213987.0,11466708.2
2019-03-05,54.3812,58.065,53.6419,56.5614,456524.0,25572653.1
2019-03-06,57.639,59.5186,56.8872,58.7292,347009.0,20137336.9
2019-03-07,58.1402,58.892,56.5113,56.9499,204968.0,11727865.4
2019-03-08,57.3884,57.8019,55.8848,56.7995,142180.0,8143450.65
2019-03-11,56.8747,57.639,55.6843,56.198,206337.0,11708430.25
2019-03-12,56.8747,57.8896,55.133,55.6342,234868.0,13270100.9
2019-03-13,56.0853,56.4612,53.5291,54.0554,340541.0,18501435.35
2019-03-14,54.3812,54.6944,53.6293,54.2684,244972.0,13268349.8
2019-03-15,54.6067,55.5841,54.1306,54.3561,232039.0,12689497.05
2019-03-18,55.0703,55.0703,53.053,53.2409,341063.0,18220667.1
2019-03-19,52.8901,55.8848,52.7272,55.6843,356885.0,19553083.05
2019-03-20,55.8096,55.8597,53.88,54.0303,161106.0,8801346.8
2019-03-22,54.7069,54.7069,53.5542,53.7171,173955.0,9410459.2
2019-03-25,53.5667,53.9426,52.8525,53.5667,108358.0,5797824.9
2019-03-26,53.7547,54.0303,52.9151,53.1657,154299.0,8245707.9
2019-03-27,53.1657,54.2559,52.1633,52.6896,432730.0,23025904.65
2019-03-28,53.1281,53.6293,52.9026,53.291,99152.0,5285792.85
2019-03-29,53.0655,53.8298,52.2134,52.5768,157779.0,8357718.05
2019-04-01,52.652,54.7445,52.652,54.331,309121.0,16748960.4
2019-04-02,54.5441,55.5089,54.2559,54.4313,256412.0,14074299.6
2019-04-03,54.8072,56.1855,53.7672,54.1556,324312.0,17915348.75
2019-04-04,53.88,55.1831,53.8298,54.2559,254461.0,13857712.85
2019-04-05,54.1431,55.8221,54.1306,54.6443,224888.0,12370489.55
2019-04-08,55.0578,55.5089,53.6795,53.9551,143074.0,7803095.95
2019-04-09,54.3561,54.7571,53.3787,53.8048,165560.0,8937979.8
2019-04-10,53.6168,54.2183,53.0279,53.1783,107281.0,5745058.85
2019-04-11,53.4163,54.0804,53.1407,53.7045,66659.0,3580669.7
2019-04-12,53.3161,54.7571,53.266,53.6168,138936.0,7499073.85
2019-04-15,54.0554,54.2559,53.4539,54.0303,100565.0,5427807.2
2019-04-16,54.2559,55.6467,53.6419,54.4814,257661.0,14111368.05
2019-04-18,55.1204,55.133,53.7547,53.8549,139379.0,7565933.85
2019-04-22,53.8048,53.8048,52.2761,52.5142,151637.0,8013864.9
2019-04-23,53.1031,53.88,52.1257,52.4014,106550.0,5621552.55
2019-04-24,52.5768,53.7171,52.4014,52.8901,94033.0,4989776.4
2019-04-25,53.3787,53.3787,52.1257,52.2886,210148.0,11058411.2
2019-04-26,52.0004,52.9026,51.1233,51.3739,281663.0,14647771.05
2019-04-30,51.399,51.6872,50.1209,50.6472,302648.0,15325512.65
2019-05-02,51.0857,52.3889,50.4592,51.1985,303139.0,15545191.3
2019-05-03,51.399,51.7749,50.4968,51.0481,301726.0,15468603.7
2019-05-06,50.4091,51.5995,50.2713,50.572,359371.0,18228748.2
2019-05-07,50.7725,51.2987,49.8703,50.1459,85302.0,4312555.45
2019-05-08,50.6221,50.6221,49.3691,49.7325,77110.0,3849588.4
2019-05-09,50.0081,52.6269,49.6322,51.1358,210758.0,10784534.6
2019-05-10,51.8626,52.2009,50.1209,50.81,77620.0,3981493.45
2019-05-13,50.81,51.7373,49.7325,50.1334,121319.0,6148893.15
2019-05-14,49.3691,49.5069,48.6173,48.7927,172475.0,8445892.5
2019-05-15,48.918,49.3691,46.9382,47.5021,147930.0,7162912.8
2019-05-16,47.477,48.8428,46.9883,48.2915,138194.0,6644660.9
2019-05-17,48.4669,49.0934,47.6148,47.9657,84085.0,4076623.25
2019-05-20,48.8929,50.359,48.1662,49.8327,217303.0,10757178.95
2019-05-21,50.2838,50.2838,48.7426,49.319,131909.0,6534539.75
2019-05-22,49.5696,50.0332,48.9556,49.77,52158.0,2582786.75
2019-05-23,50.1209,51.1609,49.1686,50.1209,202534.0,10148580.8
2019-05-24,50.572,50.572,47.6399,48.3667,185476.0,9060850.4
2019-05-27,48.3917,50.0457,47.6148,49.5445,161865.0,7935842.85
2019-05-28,50.0457,52.0756,49.2062,50.384,232406.0,11788907.0
2019-05-29,50.1209,52.1257,50.1209,51.1609,161258.0,8280815.1
2019-05-30,50.8852,51.612,49.9079,50.0958,109467.0,5559345.7
2019-05-31,49.9204,50.9228,48.6173,48.8177,134000.0,6652520.35
2019-06-03,49.3565,49.3565,47.8654,48.6674,103629.0,5026354.75
2019-06-04,48.2414,49.3691,48.1161,48.3792,137575.0,6694959.4
2019-06-06,48.6173,49.131,47.4645,47.6399,119244.0,5739275.35
2019-06-07,47.69,47.8654,47.1638,47.6148,71595.0,3397896.2
2019-06-10,48.1286,48.8428,46.7628,47.051,108394.0,5133888.7
2019-06-11,47.051,47.4018,46.3744,47.1011,132875.0,6229697.45
2019-06-12,47.1136,48.0534,46.8881,46.9633,116710.0,5535629.2
2019-06-13,46.9758,47.3642,46.1363,46.7503,102823.0,4812587.15
2019-06-14,46.4245,46.4245,44.5575,45.1589,182164.0,8264116.45
2019-06-17,45.1589,45.209,42.6278,42.8909,204031.0,8895198.6
2019-06-18,42.8909,44.7705,41.1492,43.2042,304600.0,13064634.25
2019-06-19,43.2418,45.2968,43.2042,44.5073,314368.0,13988640.15
2019-06-20,44.6076,45.0461,43.6052,44.0437,86682.0,3838421.15
2019-06-21,44.169,45.7854,43.6804,44.3069,101279.0,4545184.6
2019-06-24,44.1064,44.7329,43.2543,43.9059,90581.0,3975970.2
2019-06-25,44.1189,44.6577,43.3295,43.8808,136107.0,5949751.85
2019-06-26,43.7681,44.0563,42.9035,43.4548,99045.0,4307849.55
2019-06-27,43.4548,43.8057,42.703,42.9035,139483.0,6013509.95
2019-06-28,42.9912,43.3044,41.8509,42.2268,128457.0,5468869.15
2019-07-01,42.4273,43.1666,42.1642,42.3271,77800.0,3306788.25
2019-07-02,42.8283,42.9536,41.8509,42.5526,52066.0,2205059.3
2019-07-03,41.876,43.956,41.876,43.4548,63790.0,2753630.65
2019-07-04,43.8558,43.9435,42.8534,43.8307,79827.0,3467703.05
2019-07-05,43.6678,43.8934,42.1767,42.6779,99755.0,4315403.2
2019-07-08,43.4548,43.4548,41.6254,42.8408,68658.0,2912626.95
2019-07-09,42.8534,43.3546,41.4876,42.1642,77345.0,3270187.4
2019-07-10,41.8509,42.5777,40.41,40.7859,113134.0,4680472.1
2019-07-11,41.3497,41.3497,40.2345,40.623,68969.0,2806679.2
2019-07-12,41.2495,41.2495,39.5955,40.1092,51759.0,2096281.4
2019-07-15,40.1092,40.648,38.2548,39.0442,91730.0,3627577.5
2019-07-16,38.4678,40.2596,38.0919,39.9463,158884.0,6222369.7
2019-07-17,39.3574,40.8485,39.1319,39.3825,42302.0,1692145.85
2019-07-18,39.1319,39.4577,38.1921,38.3299,72916.0,2812271.15
2019-07-19,38.7936,38.7936,35.7362,36.4128,221465.0,8089456.6
2019-07-22,36.3627,36.4755,34.7087,35.8615,219118.0,7762076.0
2019-07-23,36.087,38.5304,35.7237,37.0644,229310.0,8536235.3
2019-07-24,37.315,37.3401,35.0721,35.3352,154415.0,5498101.15
2019-07-25,36.062,36.087,34.3328,34.9593,165372.0,5800551.45
2019-07-26,35.0721,36.9642,34.195,36.1998,193233.0,6890970.7
2019-07-29,36.5882,36.5882,34.8465,35.5232,125744.0,4459466.0
2019-07-30,35.5357,36.1873,32.8292,33.0798,188688.0,6462542.0
2019-07-31,33.8065,33.8065,31.8894,33.1424,136123.0,4447590.4
2019-08-01,33.1048,33.3304,32.0899,32.4909,109751.0,3577117.35
2019-08-02,32.9545,33.7314,31.075,32.8041,196964.0,6309238.75
2019-08-05,33.0297,33.3304,31.9521,32.2653,161422.0,5235983.3
2019-08-06,32.2653,33.581,31.5887,32.8668,106546.0,3496889.8
2019-08-07,32.8668,34.3328,32.2027,32.3906,176258.0,5862364.3
2019-08-08,33.0297,34.2827,31.6137,32.1024,83183.0,2669054.2
2019-08-09,32.5786,33.6061,31.6263,32.5911,203644.0,6724768.55
2019-08-13,32.5911,32.8668,30.6239,31.9395,212390.0,6755480.95
2019-08-14,31.6263,32.0147,30.6113,31.1627,176948.0,5504541.2
2019-08-16,30.7366,32.8417,30.7366,31.9019,172894.0,5545470.45
2019-08-19,31.9019,33.0798,31.6012,32.4032,157834.0,5144558.95
2019-08-20,32.3405,33.0798,32.0774,32.541,104332.0,3402913.2
2019-08-21,32.9169,33.0297,30.3357,31.075,204055.0,6445964.6
2019-08-22,31.3256,31.3381,28.3434,28.6566,256983.0,7641951.75
2019-08-23,28.6441,30.1853,28.5313,29.872,127959.0,3776370.3
2019-08-26,30.1227,31.3256,29.8345,30.674,153656.0,4699511.05
2019-08-27,31.5762,34.5584,30.887,33.8567,476855.0,15881249.3
2019-08-28,33.7439,35.0094,33.1424,34.2827,195715.0,6718698.45
2019-08-29,33.9569,34.4581,32.8417,33.1174,89085.0,3002609.65
2019-08-30,33.1299,33.8441,32.8542,33.1174,53215.0,1772662.95
2019-09-03,33.1174,33.7815,32.5786,32.8918,64540.0,2130141.05
2019-09-04,32.8793,33.7689,32.6036,32.8292,45785.0,1510953.7
2019-09-05,32.9294,34.5333,32.9294,33.8065,172910.0,5854912.9
2019-09-06,33.7314,40.3223,33.7188,38.6933,1573951.0,60493482.75
2019-09-09,38.7184,43.6052,38.2172,43.0789,1579561.0,65949342.6
2019-09-11,43.0413,46.9382,42.8534,44.3445,1401851.0,63238319.25
2019-09-12,44.382,45.5849,42.6028,43.0538,516543.0,22848859.75
2019-09-13,43.1666,43.4799,41.3623,42.0264,253579.0,10684253.9
2019-09-16,41.3497,44.357,41.1492,42.8659,361099.0,15511032.8
2019-09-17,43.2167,46.2365,42.4273,42.9787,966739.0,43021402.8
2019-09-18,43.104,45.3093,43.104,44.1314,534743.0,23697043.95
2019-09-19,44.3946,44.4196,42.6905,42.916,261504.0,11345179.8
2019-09-20,43.2669,44.5073,41.6379,43.3671,348473.0,15120152.45
2019-09-23,43.8432,44.9835,42.8659,43.9059,406405.0,17874268.2
2019-09-24,43.4047,46.3368,43.1165,45.4095,794547.0,35938772.05
2019-09-25,46.1237,46.5623,43.8558,44.2818,529053.0,23900529.85
2019-09-26,44.6702,46.3618,44.6076,44.9334,494772.0,22473920.8
2019-09-27,45.209,45.5474,43.6428,44.2192,197734.0,8803934.9
2019-09-30,45.0837,45.8606,43.8558,44.3946,518722.0,23322031.5
2019-10-01,44.3946,44.8582,41.3497,42.6905,318035.0,13775824.3
2019-10-03,42.3522,44.4322,41.3873,42.7155,227606.0,9785218.85
2019-10-04,43.0914,43.8432,40.9738,41.4124,177124.0,7458508.45
2019-10-07,41.7382,42.3522,40.5979,40.7733,120161.0,4980015.3
2019-10-09,41.0615,41.5878,38.8061,39.608,295234.0,11756453.25
2019-10-10,39.5955,39.8962,38.142,38.6181,125074.0,4885518.95
2019-10-11,38.8186,40.009,38.6557,38.969,144455.0,5674864.6
2019-10-14,39.1319,40.0967,38.8312,39.4702,134926.0,5340659.7
2019-10-15,39.4075,39.8461,38.9063,39.3449,125086.0,4927771.15
2019-10-16,39.1695,39.7208,38.8437,39.0943,103402.0,4065056.9
2019-10-17,39.3825,44.5324,39.0943,41.262,977118.0,41405763.05
2019-10-18,41.8509,44.0563,41.5878,43.4047,465854.0,20175184.0
2019-10-22,43.8558,44.8457,43.4297,43.7806,292461.0,12870781.85
2019-10-23,43.8432,44.6076,43.4297,43.8057,155009.0,6833847.7
2019-10-24,44.0688,44.2943,43.129,43.2669,204486.0,8963050.7
2019-10-25,43.1416,43.7681,42.6153,42.8032,110684.0,4763514.25
2019-10-27,43.1666,43.342,42.5902,43.104,30442.0,1308184.65
2019-10-29,43.5175,43.5175,42.6028,42.7155,116251.0,4996832.8
2019-10-30,43.0413,44.7329,42.6028,42.7281,166753.0,7220284.95
2019-10-31,43.0413,44.357,42.6153,44.0813,328091.0,14374124.85
2019-11-01,44.1064,45.5348,44.1064,44.8206,338697.0,15203631.45
2019-11-04,44.3695,44.8582,43.3546,43.956,555864.0,24461289.35
2019-11-05,43.931,43.931,41.8509,42.0514,303466.0,13069250.95
2019-11-06,42.2519,43.4799,42.064,43.1165,173676.0,7446276.05
2019-11-07,43.3546,43.6052,42.4775,43.2919,201980.0,8681970.6
2019-11-08,43.317,44.5951,42.5526,43.7681,308662.0,13546462.0
2019-11-11,43.8808,48.7927,43.8808,47.3016,2013544.0,94726614.8
2019-11-13,47.5898,49.8703,45.4972,46.9257,1346552.0,65227683.9
2019-11-14,46.9883,49.4944,46.9883,48.2664,654222.0,31773884.45
2019-11-15,48.3917,48.9932,46.9633,48.5045,390368.0,18815883.7
2019-11-18,48.5045,49.2563,47.3768,47.665,164135.0,7867781.0
2019-11-19,47.665,48.1035,46.1363,46.2741,210627.0,9890382.35
2019-11-20,46.5623,46.6124,44.2066,44.6953,309216.0,14040708.5
2019-11-21,44.8582,47.1136,44.0061,46.4495,383880.0,17469024.8
2019-11-22,46.4495,46.4495,44.6201,45.0712,146490.0,6663413.05
2019-11-25,44.9208,46.0611,44.6327,44.996,368022.0,16654724.3
2019-11-26,45.1589,45.5348,44.3695,44.758,140624.0,6342364.75
2019-11-27,44.758,45.2216,43.8934,44.2317,130680.0,5819679.4
2019-11-28,44.5449,44.9835,43.6804,44.6828,193057.0,8573874.35
2019-11-29,44.6076,45.1088,43.4548,43.6553,163365.0,7227085.8
2019-12-02,44.5951,44.5951,43.104,43.7054,85537.0,3752037.25
2019-12-03,43.6804,44.2693,42.3647,44.0563,288542.0,12557875.5
2019-12-04,43.8182,44.4447,42.916,43.6553,130293.0,5707085.85
2019-12-05,43.8558,44.0563,42.2018,42.6779,229501.0,9932459.0
2019-12-06,42.7531,43.6929,42.1141,42.3271,133729.0,5734400.3
2019-12-09,42.6654,44.0939,42.4273,43.5175,397152.0,17225567.5
2019-12-10,43.6052,44.2567,42.3146,42.5902,324096.0,14088899.85
2019-12-11,43.0163,43.3546,40.6104,40.8736,207399.0,8660230.55
2019-12-12,41.3497,42.302,40.8485,41.3247,201924.0,8417454.95
2019-12-13,41.5252,42.4273,41.3497,41.6379,184913.0,7743902.75
2019-12-16,41.8134,42.4273,41.3497,41.7256,105373.0,4428324.85
2019-12-17,42.064,42.6529,41.3748,41.6254,234824.0,9875015.9
2019-12-18,41.8644,42.1412,40.2794,40.4807,145587.0,5974443.1
2019-12-19,40.5058,40.8455,39.7511,39.9775,165389.0,6638797.95
2019-12-20,40.141,40.7071,39.8643,40.141,137065.0,5511026.0
2019-12-23,40.2417,40.4178,39.3737,39.4366,110760.0,4404284.35
2019-12-24,39.4366,39.9901,38.7447,39.1347,83251.0,3282201.35
2019-12-26,39.2605,40.4932,39.1472,39.7888,143925.0,5731005.9
2019-12-27,40.2039,41.8015,40.1913,41.3738,255468.0,10534268.0
2019-12-30,41.3738,41.3738,39.663,39.8894,211293.0,8490476.35
2019-12-31,40.1536,40.5436,38.7195,38.9837,167225.0,6615596.45
2020-01-01,39.2479,39.6504,39.0089,39.1598,91272.0,3574720.85
2020-01-02,39.4743,40.8832,39.1724,40.2794,323591.0,13051277.5
2020-01-03,40.2794,41.2606,39.8769,40.1159,256227.0,10393841.7
2020-01-06,39.6253,39.8643,38.3925,38.795,151028.0,5893261.05
2020-01-07,39.4995,39.814,39.0718,39.2227,111138.0,4382262.9
2020-01-08,38.7447,39.7259,37.9396,38.6063,153218.0,5904336.65
2020-01-09,39.2605,41.7638,38.9963,40.8581,758348.0,30804568.45
2020-01-10,41.1096,43.2733,41.009,41.5373,1106873.0,46786936.45
2020-01-13,42.0028,44.3551,41.6757,43.4872,842632.0,36344855.55
2020-01-14,43.5501,43.9526,42.2544,42.4556,416823.0,17893114.05
2020-01-15,42.506,42.5185,41.2103,41.4115,269618.0,11243607.45
2020-01-16,41.5248,42.4682,41.3864,41.5499,219851.0,9200146.25
2020-01-17,41.7889,43.2733,41.1348,41.8141,379897.0,15956255.45
2020-01-20,42.1286,42.4682,41.0216,41.9399,250949.0,10501282.0
2020-01-21,41.5751,42.1412,41.2354,41.4493,299278.0,12455254.75
2020-01-22,41.6883,42.0028,41.3361,41.5248,132259.0,5504251.85
2020-01-23,41.7009,42.6443,41.3612,41.9776,228241.0,9600051.2
2020-01-24,41.6757,44.7199,41.6631,43.9652,925378.0,40648803.4
2020-01-27,43.4746,46.2924,43.3236,44.9338,974160.0,44152761.2
2020-01-28,45.2609,45.525,43.5249,43.5752,341183.0,15106667.7
2020-01-29,43.9149,45.2357,43.6507,44.8835,324700.0,14471627.75
2020-01-30,44.8835,45.1854,43.5878,43.8645,147630.0,6526384.9
2020-01-31,44.1539,44.2797,42.5437,43.7765,233325.0,10138622.8
2020-02-01,43.2356,44.2042,41.5877,42.3047,186980.0,8088766.5
2020-02-03,42.7701,45.0344,42.2544,44.7451,681218.0,29970674.25
2020-02-04,44.4055,53.6891,43.6255,52.4815,8036294.0,413069656.25
2020-02-05,52.3808,53.035,49.0599,49.3492,1956668.0,99396656.1
2020-02-06,49.6511,52.8714,48.0535,50.5065,2066342.0,105700204.65
2020-02-07,50.6574,51.5757,49.563,50.6323,685586.0,34869813.7
2020-02-10,50.8839,51.06,48.695,49.0976,527185.0,26175942.25
2020-02-11,49.4372,51.1732,48.6825,50.3304,633474.0,31594793.6
2020-02-12,50.5191,51.4499,50.3178,50.5568,517213.0,26243331.6
2020-02-13,49.9027,50.909,48.3554,48.6573,314199.0,15538341.45
2020-02-14,48.8963,49.7014,48.129,48.4309,261542.0,12794612.05
2020-02-17,48.3051,52.3179,48.0535,50.7329,1218396.0,62186156.5
2020-02-18,51.0851,56.205,51.0851,53.3117,5418950.0,293475119.15
2020-02-19,53.7897,56.3559,53.5633,55.3873,2060134.0,113643363.8
2020-02-20,55.098,55.1986,51.9657,52.3934,480339.0,25774444.45
2020-02-24,51.3367,52.5821,49.8398,50.2801,460545.0,23498716.2
2020-02-25,50.4687,51.299,49.8901,50.343,249451.0,12589260.4
2020-02-26,49.563,51.5506,49.563,50.5694,216647.0,10934477.05
2020-02-27,50.3304,50.7958,49.0473,49.7014,273589.0,13543988.7
2020-02-28,48.0912,48.9718,45.286,45.7766,698230.0,32734822.05
2020-03-02,46.7956,48.2548,45.2609,45.5879,358338.0,16693909.85
2020-03-03,46.3301,48.0283,46.3301,47.5252,298717.0,14141771.35
2020-03-04,48.3051,48.3051,46.3804,47.1226,179861.0,8420050.6
2020-03-05,47.5126,49.2989,46.544,47.5,302438.0,14425281.3
2020-03-06,47.5,49.85,45.15,49.85,19309.0,934695.35
2020-03-09,52.3,52.3,52.3,52.3,9850.0,515155.0
2020-03-11,54.9,54.9,53.0,54.7,160412.0,8801425.15
2020-03-12,52.0,52.0,52.0,52.0,28779.0,1496508.0
2020-03-13,49.4,49.4,49.4,49.4,24200.0,1195480.0
2020-03-16,46.95,46.95,46.95,46.95,34741.0,1631089.95
2020-03-17,44.65,44.65,44.65,44.65,18239.0,814371.35
2020-03-18,42.45,42.45,42.45,42.45,11894.0,504900.3
2020-03-19,40.35,40.35,40.35,40.35,43505.0,1755426.75
2020-03-20,38.5,40.35,38.35,38.35,38481.0,1477864.0
2020-03-23,37.25,45.95,31.1,32.65,130554.0,4706844.6
2020-03-24,38.0,38.0,28.3,29.55,226471.0,6687135.6
2020-03-25,29.25,31.1,27.5,28.05,153597.0,4394463.15
2020-03-26,30.0,33.65,28.0,33.6,231874.0,7338075.95
2020-03-27,39.0,40.3,35.0,39.2,358920.0,14176852.75
2020-03-30,45.0,45.45,37.6,38.8,522862.0,21811918.25
2020-03-31,40.0,42.0,36.0,37.25,263697.0,10154588.6
2020-04-01,38.0,40.0,32.8,33.8,261922.0,9074863.1
2020-04-03,33.8,35.0,33.3,33.6,160099.0,5424637.35
2020-04-07,35.0,36.0,33.5,34.65,238208.0,8261003.65
2020-04-08,35.3,36.0,34.0,34.75,151777.0,5344324.25
2020-04-09,36.0,37.95,34.9,35.7,239997.0,8631527.95
2020-04-13,38.4,38.4,35.3,36.35,195582.0,7139080.6
2020-04-15,37.9,38.1,36.55,37.15,218413.0,8186943.5
2020-04-16,37.7,38.45,36.6,37.1,206647.0,7734303.05
2020-04-17,37.95,38.5,37.2,37.45,202860.0,7631152.8
2020-04-20,39.5,40.0,38.05,38.9,400696.0,15674447.2
2020-04-21,39.5,39.5,36.05,36.85,134143.0,4973125.55
2020-04-22,36.85,37.5,35.5,37.1,70561.0,2590482.05
2020-04-23,37.0,40.8,36.1,39.55,852347.0,33406470.85
2020-04-24,40.0,42.6,37.55,37.9,1538156.0,61510677.0
2020-04-27,38.3,38.4,36.05,36.4,465317.0,17145408.45
2020-04-28,36.8,39.6,35.9,37.75,403002.0,15052649.15
2020-04-29,38.0,38.45,37.1,37.45,205169.0,7737431.55
2020-04-30,37.8,38.4,37.25,37.4,236693.0,8937373.35
2020-05-04,37.35,37.4,35.7,35.9,231751.0,8354205.35
2020-05-05,36.0,36.7,35.15,35.25,176843.0,6325693.95
2020-05-06,35.7,35.7,34.05,34.35,187629.0,6441227.75
2020-05-07,33.65,37.45,33.6,37.05,730263.0,26520245.4
2020-05-08,37.45,37.45,35.55,35.8,168048.0,6096279.0
2020-05-11,36.5,36.5,35.2,35.5,82180.0,2936430.75
2020-05-12,35.2,37.3,34.35,36.2,126211.0,4483169.0
2020-05-13,36.9,37.0,35.4,35.75,227144.0,8144461.6
2020-05-14,36.0,36.5,35.25,35.4,100633.0,3602491.25
2020-05-15,35.0,35.8,35.0,35.25,58070.0,2046751.1
2020-05-18,35.5,36.8,34.3,34.4,127848.0,4433850.25
2020-05-19,34.85,35.5,34.5,34.9,93240.0,3265323.55
2020-05-20,35.15,35.15,34.4,34.9,69641.0,2417254.6
2020-05-21,36.0,36.0,34.5,34.85,68161.0,2397764.85
2020-05-22,34.85,34.85,34.2,34.6,66880.0,2309467.55
2020-05-26,34.8,34.8,33.6,33.9,72718.0,2476447.25
2020-05-27,34.0,34.8,33.75,34.1,47102.0,1608079.8
2020-05-28,34.1,35.8,34.1,35.2,134110.0,4680769.5
2020-05-29,35.4,36.0,34.25,34.95,131369.0,4631574.3
2020-06-01,35.35,36.4,35.2,35.45,191998.0,6847987.15
2020-06-02,36.3,41.45,35.3,40.65,897744.0,35525952.25
2020-06-03,43.7,48.75,42.05,48.75,966171.0,45518575.45
2020-06-04,58.5,58.5,55.5,58.5,586053.0,33974067.0
2020-06-05,64.35,64.35,64.35,64.35,82472.0,5307073.2
2020-06-08,70.75,70.75,70.75,70.75,250726.0,17738864.5
2020-06-09,77.8,77.8,63.7,75.55,4029300.0,291901491.95
2020-06-10,78.15,79.3,72.55,79.3,623216.0,48850151.1
2020-06-11,83.25,83.25,82.1,83.25,267095.0,22226530.7
2020-06-12,79.1,87.4,79.1,87.3,1325621.0,109906288.9
2020-06-15,91.5,91.65,87.4,91.65,1098011.0,99733037.4
2020-06-16,95.0,96.2,94.0,96.2,493285.0,47326568.95
2020-06-17,99.9,101.0,99.0,101.0,220654.0,22204106.75
2020-06-18,106.05,106.05,106.05,106.05,73006.0,7742286.3
2020-06-19,111.35,111.35,111.35,111.35,73634.0,8199145.9
2020-06-22,116.9,116.9,116.9,116.9,26971.0,3152909.9
2020-06-23,122.7,122.7,122.7,122.7,25315.0,3106150.5
2020-06-24,128.8,128.8,128.8,128.8,36463.0,4696434.4
2020-06-25,130.9,135.2,122.4,135.2,1899263.0,245731867.35
2020-06-26,141.95,141.95,141.95,141.95,55275.0,7846286.25
2020-06-29,145.9,149.0,134.9,139.75,2455110.0,349984734.65
2020-06-30,138.8,138.8,132.8,132.8,239512.0,31999042.65
2020-07-01,126.2,126.2,126.2,126.2,33919.0,4280577.8
2020-07-02,119.9,119.9,119.9,119.9,35399.0,4244340.1
2020-07-03,113.95,113.95,113.95,113.95,56064.0,6388492.8
2020-07-06,108.3,108.3,108.3,108.3,42051.0,4554123.3
2020-07-07,102.9,113.7,102.9,102.9,3316875.0,354120543.35
2020-07-08,97.8,101.75,97.8,97.8,1123973.0,110381025.15
2020-07-09,92.95,92.95,92.95,92.95,30971.0,2878754.45
2020-07-10,88.35,92.0,88.35,88.35,863054.0,76689137.75
2020-07-13,83.95,83.95,83.95,83.95,48991.0,4112794.45
2020-07-14,79.8,79.8,79.8,79.8,29175.0,2328165.0
2020-07-15,75.85,83.75,75.85,83.75,1875037.0,149349557.95
2020-07-16,87.9,87.9,87.9,87.9,61370.0,5394423.0
2020-07-17,92.25,92.25,92.25,92.25,53541.0,4939157.25
2020-07-20,92.0,92.0,87.65,87.65,301672.0,27235823.55
2020-07-21,83.3,89.4,83.3,83.5,1070776.0,90958257.45
2020-07-22,87.65,87.65,80.25,83.1,803241.0,68201556.75
2020-07-23,81.1,83.0,79.0,79.2,296693.0,23898258.35
2020-07-24,77.05,79.2,75.25,78.1,505171.0,38840534.6
2020-07-27,76.0,77.95,74.2,74.25,258329.0,19313099.15
2020-07-28,72.5,73.85,70.55,70.55,252095.0,17913370.55
2020-07-29,69.5,74.05,67.65,74.05,159697.0,11623744.05
2020-07-30,77.75,77.75,77.75,77.75,92552.0,7195918.0
2020-07-31,80.25,81.0,73.9,77.75,755159.0,58229916.75
2020-08-03,77.65,77.75,73.9,74.0,259637.0,19379515.05
2020-08-04,73.25,77.7,73.25,77.7,186183.0,14276260.2
2020-08-05,81.0,81.55,78.5,81.55,394364.0,31817382.8
2020-08-06,82.2,82.2,78.1,78.85,333912.0,26772097.7
2020-08-07,79.0,82.5,76.9,80.8,289146.0,23217540.2
2020-08-10,83.0,83.5,80.1,81.3,226477.0,18573605.05
2020-08-11,80.5,80.5,78.25,78.7,213186.0,16826984.5
2020-08-12,79.0,79.95,76.0,78.25,152314.0,11969840.8
2020-08-13,79.0,80.75,76.5,79.35,226889.0,18051486.85
2020-08-14,79.95,80.55,77.2,78.2,174487.0,13768466.45
2020-08-17,78.4,78.4,76.25,77.1,100569.0,7752812.6
2020-08-18,76.0,80.95,76.0,80.95,138051.0,10989722.9
2020-08-19,84.0,84.95,82.5,84.95,146214.0,12369867.4
2020-08-20,83.4,87.8,80.75,81.95,682782.0,56759194.25
2020-08-21,82.45,86.0,80.1,83.3,585165.0,49612544.0
2020-08-24,84.0,85.85,83.0,83.5,230702.0,19494901.25
2020-08-25,83.6,84.8,80.5,81.3,224124.0,18329829.0
2020-08-26,82.75,83.45,80.55,81.7,191180.0,15567885.25
2020-08-27,81.1,82.95,80.6,81.6,173951.0,14174970.3
2020-08-28,82.4,82.4,80.9,81.05,163757.0,13312615.1
2020-08-31,81.95,81.95,77.0,77.45,279158.0,21891527.05
2020-09-01,77.5,78.7,74.0,76.3,133247.0,10196228.7
2020-09-02,78.3,78.3,76.65,77.55,63742.0,4924690.8
2020-09-03,77.7,81.4,77.7,78.2,128841.0,10235278.3
2020-09-04,77.0,77.4,75.1,76.15,99530.0,7591960.15
2020-09-07,76.15,76.7,75.5,75.85,64924.0,4933239.75
2020-09-08,75.9,76.3,74.0,74.2,89292.0,6657795.0
2020-09-09,73.95,74.0,71.0,71.85,114525.0,8236568.7
2020-09-10,73.8,75.4,73.4,75.4,50838.0,3821509.75
2020-09-11,77.4,77.85,73.15,75.35,125651.0,9551866.35
2020-09-14,75.5,77.25,75.45,76.4,103298.0,7900556.25
2020-09-15,76.45,80.2,76.45,79.0,341408.0,27138642.1
2020-09-16,79.4,79.45,77.0,77.25,89937.0,7013881.35
2020-09-17,75.75,79.0,75.6,75.9,110096.0,8457213.65
2020-09-18,76.25,77.25,74.0,74.5,124841.0,9439828.65
2020-09-21,75.0,75.15,72.3,72.7,104941.0,7723117.5
2020-09-22,72.05,73.5,69.1,70.6,126201.0,8857549.45
2020-09-23,73.35,73.35,69.55,71.0,79721.0,5685380.25
2020-09-24,70.0,70.4,67.5,67.85,122344.0,8374879.95
2020-09-25,68.8,71.2,67.9,71.2,113566.0,7997138.35
2020-09-28,72.9,74.75,72.05,74.75,81370.0,6020321.8
2020-09-29,75.95,76.25,71.5,72.85,135275.0,9901046.25
2020-09-30,73.9,74.8,71.5,72.95,99081.0,7231539.4
2020-10-01,73.25,74.6,72.65,72.9,65799.0,4838726.3
2020-10-05,72.9,76.5,72.85,76.5,123789.0,9431301.45
2020-10-06,77.75,79.35,76.75,78.15,215711.0,16834752.05
2020-10-07,78.5,80.55,75.1,75.8,196711.0,15313387.65
2020-10-08,78.5,81.75,77.55,78.2,311267.0,24575485.2
2020-10-09,78.0,78.0,75.7,75.85,79312.0,6063820.65
2020-10-12,76.95,76.95,73.15,74.1,87045.0,6485393.05
2020-10-13,74.5,78.4,72.5,75.2,143990.0,10923185.0
2020-10-14,74.95,80.5,72.7,78.4,166385.0,12758430.5
2020-10-15,80.0,80.0,76.3,76.95,173153.0,13552976.7
2020-10-16,77.85,79.5,74.55,77.9,134093.0,10317855.5
2020-10-19,79.95,83.3,78.3,80.15,467278.0,37813611.85
2020-10-20,87.25,96.15,82.5,96.15,2028480.0,183069395.5
2020-10-21,98.0,112.65,97.0,103.1,4248094.0,448863497.05
2020-10-22,103.5,106.8,92.3,94.8,941483.0,91419133.75
2020-10-23,95.5,98.0,93.05,93.7,336870.0,32112276.25
2020-10-26,94.85,94.9,87.7,88.6,362055.0,32532972.45
2020-10-27,88.65,100.7,85.35,97.7,1176514.0,112222159.55
2020-10-28,97.0,102.8,92.5,93.6,446015.0,43459342.85
2020-10-29,91.0,93.75,89.6,90.2,324417.0,29442026.9
2020-10-30,92.75,97.0,89.5,92.2,567471.0,52900593.0
2020-11-02,92.8,94.8,90.75,92.5,412783.0,38482583.85
2020-11-03,93.0,100.9,92.25,95.95,967514.0,94726758.7
2020-11-04,96.6,98.5,94.55,95.5,298260.0,28659218.65
2020-11-05,96.75,98.5,95.05,95.95,268957.0,26004433.55
2020-11-06,96.05,102.9,96.0,98.7,804813.0,80033893.4
2020-11-09,99.7,100.7,96.55,97.5,226318.0,22279108.0
2020-11-10,98.45,98.95,95.0,95.5,258179.0,25064911.4
2020-11-11,95.3,96.7,93.0,95.1,274364.0,25970903.15
2020-11-12,95.1,101.0,95.1,100.1,789734.0,78233670.5
2020-11-13,100.8,105.0,98.05,102.0,679810.0,69612957.2
2020-11-14,103.05,103.75,101.05,101.85,100024.0,10235105.35
2020-11-17,102.15,120.0,100.45,116.15,2036185.0,229737174.05
2020-11-18,117.2,122.0,111.85,115.3,1057028.0,123242227.25
2020-11-19,114.3,120.05,112.0,112.95,674298.0,78211512.2
2020-11-20,113.3,118.2,112.3,115.2,570258.0,65693426.95
2020-11-23,115.9,117.7,112.95,113.55,417505.0,48208360.05
2020-11-24,115.5,125.0,113.0,123.25,1593900.0,193382453.4
2020-11-25,126.4,126.7,116.1,117.2,678317.0,81627946.25
2020-11-26,117.0,122.5,116.0,119.85,660825.0,78294639.6
2020-11-27,120.0,128.85,118.15,125.7,1224612.0,152119532.05
2020-12-01,127.0,136.4,127.0,133.85,933738.0,123819502.35
2020-12-02,135.45,140.7,130.45,135.6,827217.0,111743471.55
2020-12-03,136.7,137.8,134.5,136.05,313532.0,42608981.25
2020-12-04,136.0,137.0,130.5,131.95,421364.0,56436648.5
2020-12-07,132.4,135.0,130.5,132.0,254312.0,33741402.9
2020-12-08,133.05,138.75,131.0,133.5,381153.0,51170676.8
2020-12-09,134.7,136.0,131.5,132.15,196183.0,26094937.5
2020-12-10,132.9,135.0,127.2,132.55,290058.0,38049637.3
2020-12-11,132.9,134.95,131.0,131.25,159652.0,21174871.85
2020-12-14,132.95,157.5,132.95,157.5,1700994.0,250339161.55
2020-12-15,163.0,181.0,157.5,166.75,3053069.0,519511792.2
2020-12-16,170.0,178.85,156.15,164.1,1119253.0,189361401.3
2020-12-17,166.9,172.0,161.0,163.4,616467.0,102908415.15
2020-12-18,160.0,167.95,156.0,167.2,586860.0,95631364.55
2020-12-21,167.05,191.7,161.0,170.3,3239805.0,578084771.15
2020-12-22,181.0,187.0,172.0,185.75,2093706.0,378318108.8
2020-12-23,191.95,222.9,191.95,222.9,5033735.0,1065202603.2
2020-12-24,235.95,245.15,208.0,231.4,4609637.0,1074388892.5
2020-12-28,235.0,254.5,222.05,254.5,2300090.0,566883367.4
2020-12-29,270.0,279.95,265.0,279.95,534573.0,148202687.9
2020-12-30,302.75,307.9,285.15,307.9,4462549.0,1352824635.75
2020-12-31,314.0,323.25,292.55,300.45,4479780.0,1409784885.7
2021-01-01,285.45,285.45,285.45,285.45,205998.0,58802129.1
2021-01-04,280.0,299.7,271.2,299.7,2875923.0,834819880.75
2021-01-05,306.4,314.65,284.75,286.3,2972250.0,888877981.85
2021-01-06,290.0,295.75,272.0,273.3,1435602.0,401838362.15
2021-01-07,279.0,283.0,265.05,269.55,1565873.0,425299693.1
2021-01-08,274.9,283.0,268.05,283.0,1684050.0,474410063.1
2021-01-11,289.9,294.7,269.0,274.3,1354303.0,379271934.4
2021-01-12,271.05,279.5,269.0,271.9,513052.0,140305714.35
2021-01-13,274.0,285.45,270.1,276.15,1074373.0,300911756.9
2021-01-14,279.0,282.35,271.5,273.35,412204.0,113208697.6
2021-01-15,277.0,280.5,272.0,274.4,438897.0,120998834.0
2021-01-18,275.0,278.8,260.7,260.7,848310.0,222641950.45
2021-01-19,254.0,265.0,247.7,247.7,1575859.0,397470791.6
2021-01-20,247.7,260.05,236.3,260.05,1742048.0,432670941.0
2021-01-21,265.0,273.0,256.0,259.3,972146.0,259037564.2
2021-01-22,260.0,264.4,247.0,254.8,585659.0,148686679.5
2021-01-25,255.3,266.4,250.3,252.05,389083.0,99870297.9
2021-01-27,248.25,263.9,245.5,261.0,431848.0,110084768.0
2021-01-28,259.7,274.05,254.0,272.55,777711.0,208724905.45
2021-01-29,277.9,285.0,270.0,274.45,811389.0,226701784.15
2021-02-01,275.1,285.0,268.9,271.55,926214.0,256026668.75
2021-02-02,274.75,279.0,268.0,270.1,348316.0,95049619.35
2021-02-03,272.5,281.0,267.5,271.65,451713.0,123994990.85
2021-02-04,273.45,276.35,270.0,270.8,223039.0,60812080.9
2021-02-05,274.7,276.0,268.1,271.0,372925.0,101575717.35
2021-02-08,273.0,275.0,270.0,271.0,273857.0,74422834.75
2021-02-09,271.0,298.1,271.0,297.7,1968776.0,579535239.8
2021-02-10,305.0,317.4,301.0,309.05,1766128.0,546635794.2
2021-02-11,309.75,317.0,295.2,304.6,880415.0,268545557.1
2021-02-12,307.45,310.0,294.1,298.1,552194.0,166682188.85
2021-02-15,324.0,324.0,293.3,295.75,962262.0,294514172.9
2021-02-16,295.0,304.6,285.1,291.9,797899.0,234135112.15
2021-02-17,291.9,301.0,291.05,292.5,541551.0,159675806.9
2021-02-18,294.25,299.6,285.8,288.7,568148.0,166342634.5
2021-02-19,290.0,292.45,278.0,281.35,402965.0,114270319.05
2021-02-22,285.95,288.0,275.05,276.65,458446.0,128935208.95
2021-02-23,280.0,283.95,274.1,277.05,335946.0,93603813.2
2021-02-24,276.75,304.75,275.95,298.8,1487761.0,444569394.95
2021-02-25,301.7,303.05,292.05,293.6,470807.0,139607088.95
2021-02-26,287.0,292.9,278.0,282.4,559235.0,158719338.7
2021-03-01,292.2,294.0,282.0,284.7,274746.0,78769799.65
2021-03-02,285.0,290.5,279.0,281.5,349187.0,98887602.7
2021-03-03,283.9,287.0,281.6,284.55,249638.0,70925547.95
2021-03-04,284.0,294.4,281.3,284.25,491085.0,141634758.4
2021-03-05,284.25,285.05,278.0,278.55,358219.0,100245249.75
2021-03-08,282.0,284.0,272.0,274.3,345491.0,96094062.05
2021-03-09,277.0,278.7,261.25,262.75,597016.0,159235762.8
2021-03-10,275.0,277.9,267.3,274.1,758491.0,207016180.0
2021-03-12,288.5,298.8,280.8,284.0,1530339.0,444131924.55
2021-03-15,288.0,288.0,272.7,275.9,581152.0,161480975.85
2021-03-16,276.1,282.7,272.1,273.25,335810.0,92666175.65
2021-03-17,275.85,275.85,261.5,263.15,353128.0,94130550.65
2021-03-18,265.1,270.0,250.0,254.55,325777.0,84745752.3
2021-03-19,251.0,267.0,238.5,264.05,583826.0,148258818.8
2021-03-22,264.0,267.7,257.5,258.95,217601.0,56739931.15
2021-03-23,262.0,266.9,257.85,261.95,363454.0,95643169.95
2021-03-24,259.0,263.85,253.1,254.75,171999.0,44370609.5
2021-03-25,255.2,257.7,240.0,245.35,369175.0,90919841.95
2021-03-26,246.0,251.95,243.1,244.85,305310.0,75388984.4
2021-03-30,246.15,258.9,244.9,249.75,370183.0,92551872.35
2021-03-31,250.0,259.9,245.15,246.2,235954.0,58947387.25
2021-04-01,252.2,252.2,244.1,249.5,200687.0,49908808.5
2021-04-05,249.7,249.95,241.0,245.65,280731.0,68928433.9
2021-04-06,247.0,250.6,245.0,248.15,315925.0,78482762.05
2021-04-07,247.85,252.4,243.5,244.85,510987.0,125640533.05
2021-04-08,249.7,264.95,247.1,248.7,1005147.0,255691012.3
2021-04-09,250.95,258.0,242.05,243.95,658430.0,163361829.6
2021-04-12,240.0,241.0,220.0,223.65,809763.0,184324840.0
2021-04-13,230.0,238.5,225.25,236.55,704951.0,163575417.7
2021-04-15,237.6,237.6,226.1,229.8,408165.0,93921978.3
2021-04-16,232.0,235.9,230.0,230.6,364877.0,84449871.25
2021-04-19,225.95,244.0,213.25,239.85,1257666.0,293059522.95
2021-04-20,246.0,248.9,235.0,237.1,530561.0,127563252.65
2021-04-22,237.0,241.0,232.65,234.65,304922.0,72313578.2
2021-04-23,234.5,242.75,233.65,236.5,237722.0,56533826.35
2021-04-26,238.0,239.9,232.0,233.6,256542.0,60281848.15
2021-04-27,230.1,236.95,230.0,233.3,240918.0,56357393.45
2021-04-28,234.95,238.75,233.6,236.05,232627.0,54892104.6
2021-04-29,236.3,243.75,235.9,236.7,290215.0,69326748.35
2021-04-30,235.8,237.45,230.15,231.4,254520.0,59451998.75
2021-05-03,230.1,233.85,228.55,230.8,278204.0,64212125.85
2021-05-04,233.5,253.85,230.0,252.3,2052284.0,511294672.95
2021-05-05,254.1,256.4,244.6,246.4,520439.0,129912671.8
2021-05-06,247.5,251.9,245.7,247.8,461433.0,114795452.3
2021-05-07,248.9,262.0,248.3,253.3,807537.0,206259305.75
2021-05-10,256.0,274.0,256.0,269.9,1375595.0,368180817.5
2021-05-11,268.0,277.0,261.25,266.2,803383.0,216837102.2
2021-05-12,268.0,272.3,254.4,259.75,587932.0,154373030.25
2021-05-14,285.7,285.7,270.1,276.25,5293823.0,1489844695.4
2021-05-17,281.0,282.7,270.0,271.8,1017865.0,280467849.9
2021-05-18,273.0,282.7,270.0,277.0,1761170.0,488600324.05
2021-05-19,276.0,297.9,274.5,294.35,2739261.0,793936237.75
2021-05-20,296.45,298.4,280.0,285.1,1006109.0,290687547.0
2021-05-21,287.7,291.3,285.3,287.35,770303.0,222365230.5
2021-05-24,290.5,291.25,275.15,282.1,890242.0,251168962.15
2021-05-25,283.0,288.0,281.0,283.15,571783.0,162686052.8
2021-05-26,285.4,293.6,282.1,283.25,863367.0,248119854.8
2021-05-27,285.9,288.2,280.65,283.3,577930.0,164611989.3
2021-05-28,284.7,284.9,272.0,272.9,824231.0,227498393.7
2021-05-31,274.0,274.4,265.5,269.9,526246.0,141758383.2
2021-06-01,270.0,274.4,262.95,264.3,528205.0,141242960.0
2021-06-02,264.5,272.4,262.0,268.05,382192.0,102219112.05
2021-06-03,269.35,278.0,268.15,276.2,561713.0,153288265.9
2021-06-04,277.9,278.25,270.9,271.8,325557.0,89185255.15
2021-06-07,273.5,275.0,268.0,269.55,315381.0,85555599.3
2021-06-08,270.0,291.65,269.7,288.75,2187279.0,618415435.3
2021-06-09,286.2,293.0,276.0,279.6,368157.0,104597836.25
2021-06-10,279.6,283.7,278.0,279.3,164458.0,46214171.3
2021-06-11,280.0,282.1,270.0,278.75,172037.0,47423090.65
2021-06-14,275.0,278.0,268.0,272.6,221234.0,60224627.2
2021-06-15,275.0,277.0,268.0,269.7,161083.0,43673671.25
2021-06-16,269.7,270.0,264.9,265.85,252755.0,67522942.5
2021-06-17,265.0,267.7,258.0,261.8,182545.0,48092217.3
2021-06-18,263.0,267.5,252.0,264.95,259688.0,67384326.5
2021-06-21,260.0,263.9,255.55,260.8,143399.0,37432290.0
2021-06-22,261.0,270.0,261.0,266.4,152628.0,40741204.4
2021-06-23,269.45,269.45,261.55,263.45,108887.0,28773146.7
2021-06-24,264.9,274.7,260.05,271.0,194084.0,51935494.95
2021-06-25,275.0,278.0,271.0,272.2,248816.0,68113254.6
2021-06-28,274.9,277.1,272.05,273.85,202525.0,55588668.8
2021-06-29,274.0,277.0,267.35,268.45,142124.0,38349919.85
2021-06-30,269.0,273.0,266.0,267.55,110385.0,29611953.35
2021-07-01,267.55,269.0,263.05,264.15,118163.0,31305506.95
2021-07-02,264.25,273.0,261.2,269.65,133347.0,35827610.85
2021-07-05,271.9,276.0,265.0,274.0,252315.0,69206238.3
2021-07-06,276.0,284.8,275.5,277.35,324668.0,91045083.3
2021-07-07,280.0,280.0,271.5,276.8,109865.0,30364594.4
2021-07-08,279.0,281.5,272.3,273.95,117746.0,32695164.45
2021-07-09,274.1,275.15,270.0,272.1,95603.0,26089900.65
2021-07-12,275.0,279.0,265.0,269.0,143593.0,39027931.65
2021-07-13,271.1,276.8,268.0,274.25,183015.0,49775833.65
2021-07-14,280.0,287.95,278.0,287.95,679903.0,193999104.1
2021-07-15,297.0,297.4,288.0,291.05,663468.0,194770642.45
2021-07-16,293.7,294.5,286.0,289.1,184652.0,53596144.75
2021-07-19,285.05,290.0,281.05,285.9,212798.0,60904041.35
2021-07-20,281.0,286.0,273.0,278.35,242678.0,67496034.55
2021-07-22,278.5,290.25,278.5,288.7,347086.0,99956040.25
2021-07-23,292.0,293.5,286.5,287.65,269759.0,78419765.5
2021-07-26,290.0,302.0,287.5,302.0,433418.0,129062358.8
2021-07-27,317.0,317.1,310.0,317.1,449313.0,142341918.8
2021-07-28,325.9,328.0,303.7,323.15,699317.0,223471061.2
2021-07-29,328.8,333.0,314.5,318.05,277828.0,90039206.8
2021-07-30,319.0,322.1,312.0,314.7,179084.0,56945355.55
2021-08-02,320.0,322.0,312.0,314.2,179762.0,56712608.05
2021-08-03,314.2,316.0,305.0,309.1,224867.0,69452969.55
2021-08-04,314.0,314.1,301.0,302.6,183287.0,56316146.2
2021-08-05,306.0,317.7,300.0,317.7,522755.0,163103835.4
2021-08-06,327.0,333.55,318.0,333.55,471295.0,155830665.3
2021-08-09,340.0,350.2,330.05,340.7,693768.0,238227370.35
2021-08-10,341.9,342.0,323.7,323.7,328072.0,107925317.15
2021-08-11,315.0,325.0,307.55,318.2,391076.0,121644945.55
2021-08-12,320.0,328.6,305.0,319.85,230055.0,73094933.3
2021-08-13,324.4,325.0,312.6,316.1,124449.0,39610159.5
2021-08-16,314.15,317.8,305.0,307.8,184257.0,57222489.35
2021-08-17,307.8,314.45,301.0,303.4,176236.0,53969368.2
2021-08-18,303.6,309.5,292.0,294.9,217967.0,65152643.3
2021-08-20,291.0,304.0,285.0,288.1,258594.0,75629117.25
2021-08-23,293.0,302.5,276.0,284.7,247249.0,71267310.1
2021-08-24,288.0,297.9,278.0,294.6,227718.0,65997951.15
2021-08-25,300.0,309.3,298.0,309.3,241832.0,73846869.9
2021-08-26,320.0,320.0,299.5,302.65,204737.0,62994576.1
2021-08-27,304.0,307.9,299.5,301.05,130734.0,39299269.95
2021-08-30,309.0,309.0,295.0,300.6,131461.0,39586601.45
2021-08-31,304.4,304.4,293.6,294.8,192255.0,57187645.8
2021-09-01,295.0,298.8,289.0,292.75,126559.0,37207878.55
2021-09-02,296.45,305.0,290.0,300.5,203713.0,60940401.95
2021-09-03,302.8,302.8,296.0,299.75,105925.0,31747727.75
2021-09-06,305.0,305.0,289.95,295.8,132501.0,39320255.45
2021-09-07,297.9,298.75,290.0,292.05,120165.0,35268401.55
2021-09-08,292.05,298.0,292.0,293.8,96023.0,28237729.25
2021-09-09,294.5,308.45,293.0,308.45,240512.0,73380663.75
2021-09-13,309.0,323.85,302.15,323.85,613625.0,194623557.3
2021-09-14,335.0,337.0,312.2,323.25,723584.0,235879965.35
2021-09-15,327.0,327.0,316.3,321.0,372883.0,119924380.9
2021-09-16,321.95,325.75,309.4,312.55,274742.0,86793561.3
2021-09-17,314.0,317.6,300.0,308.45,403906.0,124063794.0
2021-09-20,301.0,314.0,296.25,299.7,302114.0,92218878.55
2021-09-21,295.0,312.0,293.0,307.45,328122.0,99259767.9
2021-09-22,309.0,312.0,304.0,305.4,190537.0,58806121.25
2021-09-23,310.0,315.85,306.8,309.05,244956.0,76384598.65
2021-09-24,310.0,313.0,300.0,302.25,168533.0,51516773.45
2021-09-27,307.0,308.9,297.1,302.0,211677.0,64277085.25
2021-09-28,308.0,308.0,298.0,299.55,177467.0,53590315.7
2021-09-29,297.0,304.9,297.0,303.7,118654.0,35840680.1
2021-09-30,304.0,314.4,302.75,308.5,258346.0,79850297.1
2021-10-01,308.5,310.5,303.0,305.75,137215.0,42026235.65
2021-10-04,311.9,321.0,307.25,321.0,277476.0,88284760.6
2021-10-05,328.4,337.05,323.05,337.05,604769.0,202205675.6
2021-10-06,348.95,349.0,320.2,321.85,770750.0,257174712.25
2021-10-07,329.95,336.8,324.6,330.7,398737.0,132239935.6
2021-10-08,335.9,336.0,320.0,324.05,243662.0,79652441.3
2021-10-11,331.5,356.45,330.1,356.45,350718.0,122981304.15
2021-10-12,377.4,392.05,371.0,392.05,1361921.0,524769569.15
2021-10-13,412.2,431.25,412.2,431.25,623082.0,265752686.05
2021-10-14,452.8,452.8,452.8,452.8,136474.0,61795427.2
2021-10-18,469.4,475.4,461.9,475.4,367742.0,173279167.9
2021-10-19,499.15,499.15,461.55,495.1,1794761.0,887250356.75
2021-10-20,506.4,506.4,470.35,470.35,210990.0,100962145.95
2021-10-21,446.85,446.85,446.85,446.85,130311.0,58229470.35
2021-10-22,440.0,446.0,424.55,424.55,1585374.0,684199734.15
2021-10-25,416.0,445.75,403.35,445.75,1588315.0,674510293.0
2021-10-26,449.0,468.0,447.35,468.0,1021200.0,474247323.55
2021-10-27,477.0,489.55,460.0,466.3,964810.0,459408583.8
2021-10-28,465.45,469.55,443.0,444.7,492932.0,222637429.15
2021-10-29,437.0,462.8,425.0,449.55,381405.0,170998579.05
2021-11-01,460.0,472.0,451.8,472.0,599896.0,282132031.9
2021-11-02,483.0,495.6,473.15,481.75,956346.0,467320163.55
2021-11-03,486.9,486.9,457.7,464.4,545611.0,254346913.2
2021-11-04,470.0,487.6,451.0,487.6,259589.0,125106718.65
2021-11-08,492.0,492.75,472.0,476.55,379194.0,182269802.65
2021-11-09,480.0,484.8,466.85,475.25,251220.0,119823260.35
2021-11-10,465.0,474.9,462.0,464.8,318626.0,149552592.2
2021-11-11,464.8,475.0,452.8,455.3,273267.0,125817442.7
2021-11-12,463.8,471.15,457.45,460.45,261479.0,121023323.6
2021-11-15,481.9,481.9,458.7,461.1,411369.0,192317072.7
2021-11-16,464.0,484.15,462.15,484.15,411087.0,196151042.85
2021-11-17,484.15,508.35,484.1,508.35,387088.0,195696804.3
2021-11-18,524.4,533.75,499.25,533.75,1876778.0,983641080.6
2021-11-22,538.95,560.4,507.1,510.2,2718899.0,1474834532.6
2021-11-23,500.0,535.7,487.0,535.7,792258.0,412908119.05
2021-11-24,552.0,562.45,547.25,562.45,357635.0,199721276.8
2021-11-25,578.0,590.55,573.7,590.55,931647.0,548304673.4
2021-11-26,600.0,620.0,566.0,591.85,2249346.0,1343430858.4
2021-11-29,588.0,588.0,562.3,562.3,774546.0,439322235.55
2021-11-30,547.0,590.4,547.0,588.15,1399931.0,813673896.85
2021-12-01,608.0,617.55,578.1,593.75,1522805.0,919601734.4
2021-12-02,593.75,616.8,587.0,601.4,574746.0,346178896.4
2021-12-03,605.0,615.0,585.65,590.35,514245.0,307420787.2
2021-12-06,585.0,590.25,562.0,565.3,475509.0,272346383.2
2021-12-07,570.05,585.0,566.1,571.25,325676.0,187301292.65
2021-12-08,579.95,583.15,568.5,570.8,258750.0,148938027.95
2021-12-09,575.8,576.8,562.55,566.3,242359.0,137816018.85
2021-12-10,565.0,594.6,564.0,594.6,364240.0,213423520.4
2021-12-13,610.0,624.3,607.5,624.3,620639.0,386098339.55
2021-12-14,644.0,655.5,624.3,655.5,1182191.0,769392954.25
2021-12-15,672.0,688.25,668.65,688.25,585623.0,401119964.55
2021-12-16,720.0,722.65,675.0,722.65,2230067.0,1592461948.55
2021-12-17,747.9,747.9,686.55,692.65,2266289.0,1636848525.2
2021-12-20,664.1,669.0,658.05,658.05,355441.0,234326443.65
2021-12-21,651.0,673.65,625.15,630.15,880908.0,568135805.65
2021-12-22,649.95,661.65,630.1,643.9,912202.0,596619834.2
2021-12-23,649.8,655.0,640.0,645.3,305247.0,198071477.85
2021-12-24,653.5,654.9,636.3,642.75,209772.0,135058809.25
2021-12-27,632.25,674.85,610.65,610.65,1797423.0,1163714562.2
2021-12-28,611.0,622.45,583.6,596.2,1148550.0,687134550.25
2021-12-29,603.0,615.0,591.3,597.7,608269.0,367241155.85
2021-12-30,604.0,604.5,592.55,594.55,229194.0,136708961.75
2021-12-31,598.9,624.25,596.3,624.25,524796.0,324758881.95
2022-01-03,639.7,655.45,636.8,655.45,198554.0,129197557.1
2022-01-04,688.2,688.2,652.05,660.85,1117652.0,748958919.35
2022-01-05,665.0,665.0,645.0,647.55,329651.0,214908671.5
2022-01-06,644.0,668.85,636.0,653.45,380584.0,250387945.5
2022-01-07,666.5,686.1,663.0,668.3,575908.0,388955147.15
2022-01-10,681.0,685.0,651.85,654.75,529572.0,350900325.1
2022-01-11,662.0,664.6,644.25,649.05,259777.0,170411745.75
2022-01-12,654.75,659.4,636.75,638.95,251572.0,162366262.1
2022-01-13,643.5,662.55,638.95,642.6,244603.0,158207338.15
2022-01-14,642.0,655.0,636.4,648.35,219065.0,141414362.15
2022-01-17,651.1,662.0,638.1,640.4,321476.0,206714321.6
2022-01-18,648.0,648.0,612.05,620.55,470664.0,293807776.15
2022-01-19,620.55,631.0,603.05,628.0,356603.0,221998943.0
2022-01-20,628.25,659.4,626.1,659.1,432356.0,278622974.45
2022-01-21,662.0,685.0,632.0,640.8,947811.0,627918530.35
2022-01-24,638.0,649.0,608.8,610.15,529923.0,326798830.4
2022-01-25,590.0,633.4,579.65,614.65,512013.0,312439114.55
2022-01-27,606.0,645.35,604.95,636.5,588157.0,372410210.6
2022-01-28,643.0,648.9,620.0,623.75,369317.0,236023773.0
2022-01-31,640.0,651.0,633.0,639.9,323147.0,207382902.5
2022-02-01,654.6,671.85,635.1,650.85,1055775.0,694714089.25
2022-02-02,660.0,680.0,654.35,668.35,404186.0,269379025.25
2022-02-03,672.85,679.9,661.55,672.6,305744.0,205142876.65
2022-02-04,675.0,706.2,673.0,695.8,1117653.0,780721680.3
2022-02-07,700.0,738.9,680.0,690.55,1076780.0,760979369.95
2022-02-08,693.05,718.4,628.1,675.35,2133777.0,1437229697.95
2022-02-09,686.0,700.0,652.3,660.35,606417.0,406978920.45
2022-02-10,664.45,664.45,642.05,644.2,425447.0,275441297.6
2022-02-11,630.0,649.7,630.0,631.85,307207.0,195639852.2
2022-02-14,604.0,628.5,590.0,594.0,601606.0,365961105.55
2022-02-15,610.0,628.4,572.0,621.7,617704.0,370398037.5
2022-02-16,638.0,638.0,611.0,613.2,356255.0,221845424.9
2022-02-17,619.0,624.8,600.0,606.65,317157.0,193779316.1
2022-02-18,599.5,614.9,592.0,595.3,347684.0,209457675.9
2022-02-21,580.05,594.8,575.0,582.6,361837.0,211192581.2
2022-02-22,540.0,567.7,531.0,554.3,631841.0,351426732.75
2022-02-23,557.0,580.5,557.0,568.05,360616.0,206571346.65
2022-02-24,531.0,553.7,511.3,514.05,878973.0,467068661.8
2022-02-25,555.0,558.0,533.1,548.3,505027.0,274391915.6
2022-02-28,545.0,594.65,525.3,581.3,544828.0,305299434.1
2022-03-02,580.25,599.35,562.1,588.25,375796.0,221185361.95
2022-03-03,599.0,606.0,570.0,575.25,337233.0,198756032.4
2022-03-04,566.6,575.25,558.3,562.6,294338.0,166623714.1
2022-03-07,545.1,568.0,540.5,557.55,328610.0,181475088.5
2022-03-08,560.05,581.35,560.05,576.45,327473.0,187634141.4
2022-03-09,590.0,609.0,584.0,602.3,341279.0,203930875.15
2022-03-10,621.0,627.95,605.05,613.8,344207.0,211732103.1
2022-03-11,614.0,626.2,604.6,621.05,274664.0,170129881.1
2022-03-14,623.0,632.0,597.0,600.65,353957.0,216878855.65
2022-03-15,608.0,610.95,586.0,589.1,268141.0,159953536.5
2022-03-16,600.0,608.0,592.55,600.55,155478.0,93029352.35
2022-03-17,608.2,614.35,596.05,598.6,192567.0,116518897.3
2022-03-21,601.0,604.85,592.0,595.35,158020.0,94345307.45
2022-03-22,594.0,597.8,586.0,593.75,114716.0,67794829.45
2022-03-23,597.0,624.6,596.95,601.6,392038.0,239847278.5
2022-03-24,599.0,608.0,594.05,599.0,159364.0,95477038.8
2022-03-25,604.0,606.0,585.0,588.0,208420.0,123742025.7
2022-03-28,588.0,592.0,559.0,563.5,348478.0,199091991.15
2022-03-29,565.25,578.95,563.0,566.55,283813.0,161764063.8
2022-03-30,571.8,586.3,571.1,581.4,289029.0,167338930.6
2022-03-31,575.0,596.9,575.0,580.25,262196.0,153313136.4
2022-04-01,578.3,619.95,578.3,610.9,577924.0,349095476.8
2022-04-04,616.8,628.1,613.15,624.2,458704.0,284982103.8
2022-04-05,627.4,660.0,616.25,646.85,724609.0,465174186.4
2022-04-06,646.8,667.0,635.1,652.35,555477.0,362925344.0
2022-04-07,671.0,682.0,645.25,652.85,811196.0,540800644.85
2022-04-08,657.4,660.95,640.5,655.3,354714.0,231954830.4
2022-04-11,654.9,662.0,631.0,638.85,229005.0,148309369.8
2022-04-12,635.0,637.0,613.85,628.85,447781.0,280180028.75
2022-04-13,630.5,643.4,625.4,632.35,230287.0,145682789.7
2022-04-18,633.0,720.0,625.0,668.6,2956350.0,2035313874.6
2022-04-19,680.05,680.2,635.0,650.05,717709.0,479942463.15
2022-04-20,657.0,685.0,657.0,668.8,875679.0,588370962.85
2022-04-21,691.95,703.7,677.2,687.4,909977.0,628596293.6
2022-04-22,687.0,796.0,681.0,782.35,7365901.0,5610065248.35
2022-04-25,790.0,833.35,721.85,736.9,8442359.0,6518802768.9
2022-04-26,758.0,774.7,736.9,745.1,1464500.0,1102450374.6
2022-04-27,745.0,745.1,706.2,720.85,894176.0,644550996.7
2022-04-28,725.9,731.95,685.55,696.05,1001073.0,702753778.65
2022-04-29,703.0,732.0,696.55,704.9,884089.0,632277460.3
2022-05-02,704.0,729.5,691.8,723.1,712556.0,508128582.5
2022-05-04,720.0,725.0,690.0,699.55,539649.0,382207797.9
2022-05-05,707.4,725.0,641.35,648.85,1390826.0,932731019.85
2022-05-06,616.5,639.1,609.0,629.15,1004609.0,630193026.35
2022-05-09,624.0,626.1,587.05,595.55,1060958.0,636102268.4
2022-05-10,599.15,623.6,585.0,592.45,669354.0,404286088.65
2022-05-11,590.05,598.3,551.7,567.05,844272.0,479867014.3
2022-05-12,542.55,607.65,542.55,586.7,1359335.0,789910868.45
2022-05-13,593.5,614.85,593.5,597.05,705226.0,426307457.95
2022-05-16,601.4,647.8,590.0,629.15,1471497.0,921741402.0
2022-05-17,632.45,649.0,618.3,643.6,613353.0,389580405.45
2022-05-18,646.9,663.75,641.1,649.1,605991.0,394970310.0
2022-05-19,625.1,648.0,625.0,627.95,467924.0,297296848.0
2022-05-20,645.0,652.0,635.0,641.25,285692.0,183602721.45
2022-05-23,647.0,657.7,619.05,625.5,393780.0,252010342.2
2022-05-24,630.0,644.0,610.0,617.6,402073.0,252605563.7
2022-05-25,623.9,629.4,584.1,590.55,383942.0,230325593.5
2022-05-26,592.4,599.95,565.15,589.65,517457.0,302450106.85
2022-05-27,600.0,614.0,600.0,606.65,322889.0,196101971.5
2022-05-30,618.65,633.9,613.8,620.5,297475.0,185072075.25
2022-05-31,620.0,668.0,615.9,656.8,621912.0,402216150.75
2022-06-01,664.0,688.95,662.05,675.45,964981.0,653736585.4
2022-06-02,679.05,686.7,673.0,678.65,341734.0,232489157.25
2022-06-03,684.95,710.0,659.0,668.15,986755.0,681261381.0
2022-06-06,668.0,684.95,646.55,673.6,497783.0,331150514.15
2022-06-07,667.4,678.4,651.0,656.2,298109.0,198461552.85
2022-06-08,663.3,663.3,635.1,642.3,231406.0,150741773.85
2022-06-09,636.0,657.85,632.3,648.6,222151.0,143856984.1
2022-06-10,641.4,647.7,633.0,637.95,142429.0,91433964.75
2022-06-13,622.4,624.7,609.0,617.1,350721.0,216436930.9
2022-06-14,606.0,634.0,606.0,624.2,306566.0,191466431.7
2022-06-15,636.9,643.7,628.0,632.9,178898.0,113652547.5
2022-06-16,644.0,646.7,608.1,612.55,361618.0,224755015.65
2022-06-17,609.0,632.0,590.05,614.1,406711.0,246475988.4
2022-06-20,621.7,623.6,579.2,591.25,423058.0,252926369.1
2022-06-21,601.0,627.45,594.05,622.0,306790.0,188071082.5
2022-06-22,620.8,636.55,615.0,619.65,351458.0,220307443.9
2022-06-23,624.6,632.05,616.95,622.65,175198.0,109575822.4
2022-06-24,629.4,655.0,626.25,652.1,499850.0,322039298.4
2022-06-27,662.0,666.85,640.85,652.5,267707.0,176229154.85
2022-06-28,660.0,669.5,640.95,663.45,258476.0,169702581.2
2022-06-29,651.1,663.95,646.2,653.4,210257.0,138097487.55
2022-06-30,653.0,669.1,580.0,601.7,1230625.0,755742427.5
2022-07-01,603.0,614.8,595.2,605.8,469179.0,284439709.75
2022-07-04,610.05,614.85,600.0,605.55,172435.0,104363741.9
2022-07-05,609.0,624.1,606.0,609.95,378201.0,232538205.95
2022-07-06,610.95,615.0,603.25,608.35,178291.0,108423615.6
2022-07-07,612.95,626.0,610.95,614.5,261178.0,161224834.55
2022-07-08,620.1,626.95,613.0,622.5,206211.0,128042878.05
2022-07-11,618.0,646.7,615.2,642.4,558690.0,355424570.25
2022-07-12,641.8,659.7,635.5,637.0,400635.0,258906540.75
2022-07-13,641.8,643.5,625.65,627.65,196155.0,124159176.45
2022-07-14,629.7,631.9,614.55,617.5,192887.0,119530220.3
2022-07-15,621.8,631.0,618.8,626.9,177476.0,110980571.95
2022-07-18,631.0,649.0,631.0,644.45,357032.0,229382169.1
2022-07-19,644.0,652.75,635.65,640.4,228777.0,147156825.1
2022-07-20,647.7,657.7,634.0,638.2,259334.0,167655810.75
2022-07-21,640.7,676.85,636.0,661.35,894758.0,593512392.05
2022-07-22,661.35,667.45,646.7,651.9,264008.0,173240892.85
2022-07-25,650.7,651.25,631.35,635.0,236746.0,151282164.0
2022-07-26,636.9,639.9,621.0,623.0,181941.0,114164603.0
2022-07-27,619.0,638.0,619.0,631.1,147045.0,92556851.25
2022-07-28,637.4,641.0,626.0,628.55,190822.0,120304999.05
2022-07-29,631.1,634.75,611.3,617.8,498793.0,309170051.3
2022-08-01,621.4,636.85,618.35,623.9,456944.0,285971552.55
2022-08-02,624.0,643.45,619.25,629.85,334950.0,210955201.0
2022-08-03,628.0,635.0,619.0,623.95,206011.0,128568035.9
2022-08-04,630.9,659.8,626.3,637.25,1315779.0,847662719.65
2022-08-05,640.7,645.1,632.1,637.95,279000.0,177950309.3
2022-08-08,639.7,647.0,637.1,640.2,316531.0,203132718.0
2022-08-10,600.0,623.0,600.0,610.9,765171.0,469481986.3
2022-08-11,615.0,616.7,590.0,591.55,906500.0,540185373.7
2022-08-12,593.2,599.15,590.0,593.25,381332.0,226491179.35
2022-08-16,596.4,600.7,590.7,594.6,368833.0,219472415.8
2022-08-17,599.5,608.4,594.1,596.55,463739.0,278030275.0
2022-08-18,596.9,603.55,593.0,595.9,323637.0,193925726.4
2022-08-19,597.85,600.7,556.15,560.15,1318438.0,758026120.55
2022-08-22,560.0,560.0,525.55,541.4,1129372.0,608115673.6
2022-08-23,531.0,580.0,531.0,574.1,1409029.0,796823793.45
2022-08-24,580.0,586.85,565.0,569.2,588587.0,338120116.6
2022-08-25,573.6,578.85,547.7,551.05,718821.0,401222627.85
2022-08-26,556.8,564.0,554.0,560.9,356975.0,199669829.95
2022-08-29,531.3,576.3,530.9,565.3,483479.0,270897434.5
2022-08-30,572.0,579.45,565.05,567.8,320902.0,183101504.25
2022-09-01,565.9,571.5,554.6,557.65,380270.0,212985121.15
2022-09-02,560.0,570.7,560.0,562.1,313312.0,177022980.75
2022-09-05,565.9,572.0,557.5,559.0,323750.0,182146785.4
2022-09-06,564.0,573.7,560.65,568.45,319762.0,181421216.1
2022-09-07,565.4,576.0,563.35,570.1,313614.0,178943822.55
2022-09-08,575.0,580.7,565.0,573.45,398085.0,228274581.45
2022-09-09,577.1,583.4,575.1,581.0,346642.0,200928763.7
2022-09-12,583.7,593.0,581.5,583.15,327965.0,192393147.2
2022-09-13,588.7,591.65,581.0,587.5,516658.0,303067605.2
2022-09-14,575.5,581.5,575.0,576.4,270068.0,155961916.35
2022-09-15,580.25,582.0,565.0,565.75,226684.0,129254512.45
2022-09-16,570.0,577.65,558.55,571.25,1549849.0,884665146.4
2022-09-19,570.0,577.0,560.35,562.65,292349.0,166293739.75
2022-09-20,567.1,574.6,565.1,566.25,230827.0,131524439.95
2022-09-21,566.2,592.0,566.2,580.3,1096139.0,638421701.95
2022-09-22,589.0,616.65,584.85,609.7,2297156.0,1395446223.7
2022-09-23,612.6,624.85,597.0,603.75,1110452.0,682562715.1
2022-09-26,603.0,603.0,568.05,592.95,788692.0,463541713.2
2022-09-27,597.65,606.95,592.95,600.2,424670.0,254898603.75
2022-09-28,596.0,597.2,577.0,579.85,190193.0,111864133.95
2022-09-29,588.2,597.7,579.0,582.85,190199.0,111680686.05
2022-09-30,578.65,585.0,573.5,582.3,155580.0,90216024.15
2022-10-03,582.3,592.4,573.75,580.8,211786.0,124002419.6
2022-10-04,586.7,593.25,580.25,584.95,146866.0,86032777.5
2022-10-06,590.0,595.5,585.2,588.9,256819.0,151697618.6
2022-10-07,591.55,597.0,580.05,583.2,194705.0,114212365.5
2022-10-10,582.9,587.6,577.85,584.75,149696.0,87356706.9
2022-10-11,584.0,586.5,568.65,571.1,170994.0,98744219.45
2022-10-12,573.75,575.25,563.3,567.3,148319.0,84188165.4
2022-10-13,568.7,571.95,559.05,561.3,112175.0,63154181.2
2022-10-14,569.95,571.0,560.05,561.25,101189.0,57150767.4
2022-10-17,560.0,564.7,551.0,552.8,204507.0,114079000.35
2022-10-18,555.95,562.7,555.0,557.05,102486.0,57230080.7
2022-10-19,561.35,563.9,556.35,560.7,84788.0,47475082.1
2022-10-20,557.9,567.4,552.1,555.75,143397.0,80138469.35
2022-10-21,559.6,562.8,542.05,546.15,207534.0,114650254.45
2022-10-24,562.0,579.0,562.0,574.1,266558.0,152890718.75
2022-10-25,575.9,580.45,560.0,565.65,191252.0,109132091.7
2022-10-27,568.0,575.0,558.2,569.3,215097.0,121401497.4
2022-10-28,569.9,571.75,556.75,561.4,172232.0,96961754.65
2022-10-31,565.05,568.2,555.8,563.7,198740.0,111501401.35
2022-11-01,563.7,584.4,560.7,580.9,429643.0,247592864.95
2022-11-02,582.0,584.7,576.0,577.45,226087.0,131193397.85
2022-11-03,572.7,582.95,571.0,575.45,106434.0,61488540.0
2022-11-04,577.0,585.0,570.1,577.95,193848.0,111787429.95
2022-11-07,581.9,589.5,576.6,578.55,219544.0,127892770.6
2022-11-09,582.4,582.4,565.0,567.55,144162.0,82611384.1
2022-11-10,536.35,559.5,536.35,550.4,363138.0,199789705.1
2022-11-11,560.1,565.0,545.5,547.2,258089.0,141919681.75
2022-11-14,546.0,549.55,540.0,543.0,149223.0,81025491.5
2022-11-15,545.0,550.0,543.1,548.9,92864.0,50812775.95
2022-11-16,547.8,551.25,538.0,540.95,179631.0,97709021.7
2022-11-17,539.7,549.8,538.15,547.4,100095.0,54611695.05
2022-11-18,546.3,550.65,533.45,537.65,130381.0,70523829.15
2022-11-21,537.65,541.5,523.55,524.95,188676.0,99650215.3
2022-11-22,525.2,531.95,515.05,518.35,163118.0,85303126.7
2022-11-23,521.0,540.35,520.05,537.3,245341.0,130941562.55
2022-11-24,537.0,552.0,536.2,544.65,160635.0,87552157.25
2022-11-25,546.35,549.1,541.0,542.4,75001.0,40817095.1
2022-11-28,542.4,549.45,540.8,541.8,117109.0,63745984.05
2022-11-29,541.8,547.0,538.0,539.8,97139.0,52624168.3
2022-11-30,542.85,548.0,540.0,543.2,116359.0,63215431.8
2022-12-01,545.95,547.55,540.0,541.25,85523.0,46435381.35
2022-12-02,541.85,543.75,530.65,536.85,132372.0,71014490.6
2022-12-05,539.0,551.95,538.75,546.8,195672.0,107026981.85
2022-12-06,545.9,549.8,538.0,539.8,104853.0,56802339.7
2022-12-07,541.9,545.8,538.0,540.4,100454.0,54307222.5
2022-12-08,540.0,542.4,529.1,531.05,137143.0,73332785.0
2022-12-09,533.35,538.7,524.2,528.2,144665.0,76663845.3
2022-12-12,525.05,530.95,522.2,528.8,100474.0,52941024.75
2022-12-13,528.1,532.0,521.0,522.75,120342.0,63226004.75
2022-12-14,523.1,548.85,523.1,544.0,466835.0,252980239.7
2022-12-15,545.9,549.9,532.15,537.9,168683.0,91668613.35
2022-12-16,533.0,545.5,530.15,532.75,133446.0,71749462.95
2022-12-19,533.6,536.75,523.05,524.85,123107.0,64974090.45
2022-12-20,525.8,528.0,522.35,526.2,107911.0,56720917.45
2022-12-21,529.6,533.85,515.0,518.55,181047.0,94770947.7
2022-12-22,519.7,524.85,490.75,502.0,336346.0,168239578.4
2022-12-23,495.0,499.7,473.0,475.2,278346.0,134463578.95
2022-12-26,475.25,512.45,467.15,507.75,358740.0,178699074.25
2022-12-27,511.0,518.75,504.05,508.95,130681.0,66673590.65
2022-12-28,507.9,521.0,505.2,511.1,157617.0,81061299.15
2022-12-29,507.3,510.0,505.0,506.05,45991.0,23307567.2
2022-12-30,507.85,514.85,507.1,508.65,58854.0,30062969.25
2023-01-02,508.65,510.65,503.95,505.05,88577.0,44814896.15
2023-01-03,507.1,520.0,507.1,512.25,138894.0,71367816.95
2023-01-04,512.0,515.0,505.0,507.2,78648.0,39999526.3
2023-01-05,507.2,512.4,500.05,507.25,92774.0,47022175.25
2023-01-06,508.95,512.0,501.45,503.65,109300.0,55290383.35
2023-01-09,506.2,512.8,502.25,504.1,63842.0,32348811.35
2023-01-10,504.2,506.25,497.0,498.85,74130.0,37157396.85
2023-01-11,500.0,503.05,495.0,496.15,70847.0,35358975.45
2023-01-12,496.85,503.6,491.6,494.9,91635.0,45587928.1
2023-01-13,495.0,503.15,494.9,497.35,71138.0,35498109.85
2023-01-16,495.2,499.4,491.0,492.45,80652.0,39909136.0
2023-01-17,491.5,496.75,485.55,488.2,111600.0,54633754.25
2023-01-18,490.4,493.95,486.8,488.9,77351.0,37895440.45
2023-01-19,485.25,495.1,485.25,490.1,61504.0,30225781.55
2023-01-20,490.0,491.95,483.7,485.4,58425.0,28503463.4
2023-01-23,485.2,487.65,473.55,475.5,152233.0,72714833.0
2023-01-24,476.9,486.8,474.0,474.8,119669.0,57373606.8
2023-01-25,474.8,477.6,471.0,473.85,82633.0,39152002.95
2023-01-27,473.85,476.1,460.0,464.7,177177.0,82642457.95
2023-01-30,465.0,476.7,460.75,471.45,160843.0,75709067.2
2023-01-31,470.9,484.95,469.95,476.9,191262.0,91558760.85
2023-02-01,485.0,534.0,482.0,509.6,1971857.0,1023076308.4
2023-02-02,507.4,528.85,506.0,513.8,364701.0,189456163.3
2023-02-03,525.0,525.0,500.0,503.6,207383.0,105158899.2
2023-02-06,503.7,504.95,480.05,483.15,211035.0,102856347.25
2023-02-07,484.9,489.95,475.95,478.2,162118.0,77983300.75
2023-02-08,477.2,485.0,476.75,479.7,110278.0,52954401.9
2023-02-09,479.85,487.4,476.75,479.35,97125.0,46826769.55
2023-02-10,478.0,488.0,477.95,483.65,73094.0,35394056.75
2023-02-13,485.0,486.7,461.75,465.9,372650.0,175019998.85
2023-02-14,462.2,464.0,441.75,444.1,363444.0,163433823.2
2023-02-15,440.0,472.85,436.35,463.4,644856.0,298818944.15
2023-02-16,469.0,484.0,468.1,481.45,395279.0,188107316.25
2023-02-17,478.05,487.5,475.1,477.95,214791.0,103420658.35
2023-02-20,477.7,480.95,458.1,461.85,294202.0,137374008.15
2023-02-21,459.4,464.85,450.9,452.65,138649.0,63456809.85
2023-02-22,449.7,457.0,445.55,451.2,122138.0,55153393.8
2023-02-23,454.75,459.05,450.0,452.35,88900.0,40417174.75
2023-02-24,457.5,472.0,451.0,453.65,289838.0,134280394.35
2023-02-27,453.4,456.0,445.35,451.0,92781.0,41772680.65
2023-02-28,450.0,475.0,449.5,469.2,154181.0,71252459.05
2023-03-01,469.2,479.85,469.2,474.8,184391.0,87632503.3
2023-03-02,473.95,479.0,467.8,469.3,81568.0,38441397.1
2023-03-03,470.5,473.0,464.0,465.35,98756.0,46232219.5
2023-03-06,463.0,475.0,462.05,464.15,200130.0,93639728.4
2023-03-08,461.0,469.75,460.0,462.65,251089.0,116907425.0
2023-03-09,462.95,479.95,462.95,476.55,244477.0,115707047.15
2023-03-10,471.55,473.0,464.7,469.1,152204.0,71531961.9
2023-03-13,463.1,468.95,453.35,457.8,142214.0,65430687.15
2023-03-14,456.55,461.95,443.0,447.35,162406.0,72789326.45
2023-03-15,449.7,458.25,442.05,444.25,112643.0,50599264.1
2023-03-16,446.05,446.05,434.0,440.05,156863.0,68920615.4
2023-03-17,442.3,454.7,437.0,439.4,169338.0,74955303.55
2023-03-20,435.05,452.3,434.0,447.8,167490.0,74199137.35
2023-03-21,448.9,459.7,441.55,443.85,123336.0,55161176.15
2023-03-22,445.9,450.0,441.0,444.45,95006.0,42488886.7
2023-03-23,440.7,446.75,435.3,437.3,108777.0,47817182.0
2023-03-24,436.9,441.5,426.0,428.6,144971.0,62920506.9
2023-03-27,421.15,428.05,402.0,404.6,343941.0,141766905.95
2023-03-28,408.0,408.95,380.0,390.6,521503.0,203885547.95
2023-03-29,392.0,424.0,391.8,414.65,1840204.0,754728505.2
2023-03-31,418.0,421.6,407.0,410.85,331005.0,137243827.4
2023-04-03,412.25,423.45,412.25,420.0,180865.0,75766296.25
2023-04-05,421.2,434.7,421.2,431.9,279219.0,119494248.2
2023-04-06,432.1,451.2,431.9,449.0,332987.0,148343871.05
2023-04-10,452.7,455.85,430.05,435.6,202927.0,89838482.4
2023-04-11,436.7,443.5,434.0,441.55,187279.0,82306931.25
2023-04-12,444.4,449.45,441.15,446.25,128717.0,57364058.2
2023-04-13,445.75,446.55,437.35,441.3,72313.0,31931043.45
2023-04-17,441.0,450.35,433.5,445.35,162150.0,71884983.35
2023-04-18,445.35,450.0,442.15,443.85,105390.0,46990443.9
2023-04-19,443.55,457.8,441.0,449.7,247634.0,111318546.0
2023-04-20,451.9,486.0,449.4,481.0,1191730.0,564907197.1
2023-04-21,480.1,508.75,478.0,499.55,2537305.0,1272657966.6
2023-04-24,501.0,532.65,499.55,527.15,2025690.0,1049238712.75
2023-04-25,531.0,532.35,510.0,513.05,670450.0,348014289.45
2023-04-26,513.05,518.8,505.0,508.55,386544.0,197685096.45
2023-04-27,509.05,512.8,503.2,505.45,260894.0,132300977.8
2023-04-28,508.0,519.7,507.0,511.5,442358.0,227332331.45
2023-05-02,512.05,521.9,512.05,514.75,203606.0,105060105.55
2023-05-03,512.5,521.7,508.0,512.95,232449.0,119597175.45
2023-05-04,508.3,522.75,508.3,519.65,347085.0,179310661.85
2023-05-05,520.0,522.4,512.0,514.6,154056.0,79534520.4
2023-05-08,518.7,530.95,512.55,517.1,319507.0,167027373.35
2023-05-09,517.9,525.95,511.0,512.8,166095.0,85926494.85
2023-05-10,512.1,517.45,503.0,505.4,151215.0,76878549.3
2023-05-11,505.4,513.45,505.4,510.9,92343.0,47051555.3
2023-05-12,511.9,513.5,503.0,504.6,75962.0,38534380.35
2023-05-15,503.05,506.95,490.65,494.05,166131.0,82573391.35
2023-05-16,494.1,521.95,491.55,515.15,526091.0,268821614.15
2023-05-17,514.85,520.5,505.05,507.45,150411.0,77049513.35
2023-05-18,510.1,517.7,506.0,508.2,105130.0,53776970.0
2023-05-19,508.25,527.45,504.0,508.8,142303.0,72711901.6
2023-05-22,507.85,520.0,504.05,508.55,183319.0,94086861.9
2023-05-23,509.85,511.6,495.0,497.5,184574.0,92937114.6
2023-05-24,497.95,508.0,496.0,498.45,153972.0,77299476.15
2023-05-25,476.8,489.15,470.0,483.6,739002.0,356212057.85
2023-05-26,484.7,516.9,484.65,513.55,1312643.0,667382118.35
2023-05-29,516.0,530.0,512.3,518.35,544210.0,284521691.55
2023-05-30,518.85,525.45,512.3,520.95,341652.0,177636030.75
2023-05-31,521.0,548.6,514.55,545.65,1213727.0,653314927.8
2023-06-01,550.2,558.7,535.65,539.95,686083.0,375823704.0
2023-06-02,543.0,546.95,535.0,536.05,246032.0,133081912.3
2023-06-05,538.55,549.0,536.9,539.7,228524.0,123674096.85
2023-06-06,540.4,543.85,533.25,535.45,166850.0,89755873.2
2023-06-07,537.0,544.8,529.0,532.75,229089.0,123085538.8
2023-06-08,532.9,541.8,522.55,528.05,207719.0,110852187.25
2023-06-09,528.95,544.0,528.05,537.85,288427.0,154811773.0
2023-06-12,538.0,547.7,531.5,535.95,246693.0,133396411.8
2023-06-13,537.05,541.95,528.1,530.35,142613.0,76141814.4
2023-06-14,531.0,542.0,528.15,538.0,265640.0,142546520.9
2023-06-15,540.8,544.6,530.6,532.05,191785.0,102997279.05
2023-06-16,532.15,537.5,523.0,529.55,153172.0,81288612.4
2023-06-19,530.0,573.0,530.0,548.75,1499327.0,829750071.4
2023-06-20,550.0,552.95,545.0,549.95,701025.0,385346013.65
2023-06-21,550.0,551.8,538.6,542.75,221712.0,120445314.15
2023-06-22,542.55,549.0,532.15,535.15,170685.0,92025442.45
2023-06-23,535.0,535.15,516.55,520.1,195839.0,102711156.9
2023-06-26,519.0,523.5,508.05,509.3,251410.0,129055301.9
2023-06-27,510.0,530.0,503.8,507.8,398168.0,205476365.75
2023-06-28,509.9,515.3,505.0,506.95,257626.0,131195615.55
2023-06-30,506.95,515.0,503.85,505.95,269170.0,136635084.0
2023-07-03,507.95,515.75,500.3,503.6,346222.0,174762991.2
2023-07-04,505.65,513.65,500.65,501.65,183986.0,92941654.2
2023-07-05,501.95,507.0,500.0,502.55,159307.0,80127254.55
2023-07-06,502.55,508.5,501.0,501.8,159365.0,80320745.25
2023-07-07,502.1,505.05,495.0,495.85,182641.0,91095961.85
2023-07-10,495.95,499.1,478.0,480.25,348231.0,168518111.15
2023-07-11,482.55,494.65,482.0,483.6,267785.0,130333425.2
2023-07-12,485.1,493.95,482.15,484.0,239498.0,116634420.6
2023-07-13,485.05,489.35,472.5,475.25,214963.0,103381665.5
2023-07-14,477.8,484.85,476.25,480.7,154129.0,73996440.15
2023-07-17,480.7,486.6,480.7,482.55,184571.0,89260537.4
2023-07-18,484.7,485.95,474.9,476.35,158914.0,76034316.85
2023-07-19,477.75,481.35,470.0,471.25,228311.0,108226031.05
2023-07-20,473.35,505.0,473.35,499.8,1391166.0,685919165.4
2023-07-21,500.0,508.0,496.05,501.4,431020.0,216242871.35
2023-07-24,501.4,506.8,492.6,494.95,226384.0,112974942.7
2023-07-25,495.0,499.9,486.1,488.8,183247.0,90330241.2
2023-07-26,490.0,499.0,486.6,489.2,269127.0,132436795.65
2023-07-27,492.4,496.3,487.0,488.95,157394.0,77462949.6
2023-07-28,488.7,492.8,481.4,485.2,162088.0,78829823.95
2023-07-31,487.65,504.9,487.65,502.5,487919.0,243929167.8
2023-08-01,504.8,516.05,502.65,504.3,430075.0,219428575.6
2023-08-02,505.0,510.5,490.1,495.3,314524.0,157431030.0
2023-08-03,496.85,504.2,493.9,498.75,204358.0,101813841.15
2023-08-04,500.95,507.05,496.0,497.75,149041.0,74600421.25
2023-08-07,500.0,505.65,494.25,501.7,184572.0,92397358.8
2023-08-08,501.7,508.65,475.0,480.4,770660.0,374913739.15
2023-08-09,478.4,483.9,474.2,478.05,366346.0,175459748.95
2023-08-10,479.0,486.5,467.0,470.95,276686.0,131835594.0
2023-08-11,472.7,477.8,464.3,465.6,278673.0,131035228.8
2023-08-14,465.15,465.6,455.0,456.0,277475.0,126946264.1
2023-08-16,454.85,472.0,454.65,463.35,245594.0,114435822.35
2023-08-17,464.8,469.3,458.85,460.2,114457.0,53037025.25
2023-08-18,460.2,463.0,457.0,459.0,114220.0,52575584.15
2023-08-21,460.95,466.95,448.1,449.4,259681.0,117675615.45
2023-08-22,451.7,452.65,446.8,447.7,204336.0,91737731.5
2023-08-23,448.1,450.6,429.0,430.4,768478.0,335915927.95
2023-08-24,432.0,455.95,432.0,446.9,965800.0,432429311.15
2023-08-25,449.75,451.35,438.0,441.7,323222.0,143848788.25
2023-08-28,443.9,446.85,428.5,429.65,517914.0,224445684.15
2023-08-29,433.5,435.0,426.8,429.8,300610.0,129328003.65
2023-08-30,432.3,446.4,428.8,439.1,572462.0,251701299.55
2023-08-31,441.3,454.95,429.3,438.3,708240.0,313120393.05
2023-09-01,439.0,448.9,437.05,444.25,361402.0,160385937.85
2023-09-04,447.15,456.6,443.55,448.05,755465.0,339389272.1
2023-09-05,452.1,453.9,438.15,440.05,471695.0,210434373.2
2023-09-06,442.95,446.8,439.0,440.05,319566.0,141189851.85
2023-09-07,442.65,449.4,439.0,440.0,369731.0,163498685.55
2023-09-08,442.85,443.95,436.5,438.4,418984.0,184203671.5
2023-09-11,452.4,453.35,437.0,437.8,656917.0,290062265.35
2023-09-12,438.95,441.2,429.3,432.3,315876.0,137089802.4
2023-09-13,432.9,438.85,429.05,434.0,192615.0,83484942.2
2023-09-14,435.0,440.0,433.55,436.9,295588.0,129167985.35
2023-09-15,437.25,440.15,425.1,428.25,360555.0,155889224.95
2023-09-18,428.95,431.9,424.0,424.8,579529.0,246777803.75
2023-09-20,426.75,427.0,421.85,424.5,282873.0,120187844.15
2023-09-21,423.55,425.6,421.55,422.7,146407.0,62041017.7
2023-09-22,422.1,425.0,411.4,414.15,547654.0,227415818.3
2023-09-25,414.95,420.3,409.0,410.1,324969.0,134330645.1
2023-09-26,413.45,417.45,410.0,410.8,187558.0,77385235.4
2023-09-27,420.5,447.6,420.5,435.95,3618326.0,1579214452.85
2023-09-28,435.95,440.3,427.1,429.2,394632.0,171702826.45
2023-09-29,432.7,432.85,426.0,428.75,181645.0,77910608.65
2023-10-03,428.75,430.95,420.85,422.55,160567.0,68035968.75
2023-10-04,421.0,432.0,420.6,425.65,289991.0,123503666.75
2023-10-05,425.65,432.1,425.05,429.1,179134.0,76808890.9
2023-10-06,430.1,438.2,430.1,434.65,294059.0,127929663.05
2023-10-09,429.05,429.05,418.05,419.6,245481.0,103460965.4
2023-10-10,421.05,424.75,418.3,420.35,136158.0,57398738.15
2023-10-11,421.0,425.8,417.0,418.55,155717.0,65448038.7
2023-10-12,419.1,423.9,416.8,418.9,168493.0,70709021.65
2023-10-13,419.0,423.35,418.5,420.95,136215.0,57373263.1
2023-10-16,422.0,423.2,417.0,418.65,222881.0,93345424.7
2023-10-17,420.45,422.85,418.0,418.35,156836.0,65891819.25
2023-10-18,418.35,421.95,414.9,415.9,149500.0,62492928.15
2023-10-19,415.8,418.75,415.0,416.4,98441.0,41047432.35
2023-10-20,416.4,419.1,412.65,414.0,109862.0,45693788.9
2023-10-23,413.5,416.7,402.0,406.05,258123.0,105305487.9
2023-10-25,405.95,414.25,404.65,409.8,340957.0,139777085.55
2023-10-26,407.45,407.7,391.05,398.35,415195.0,164577493.25
2023-10-27,400.0,413.55,400.0,406.85,167161.0,68292703.55
2023-10-30,408.65,409.7,402.15,405.05,101976.0,41382932.15
2023-10-31,405.35,413.8,405.35,407.65,130798.0,53557307.4
2023-11-01,408.0,413.25,405.65,407.5,125533.0,51372507.9
2023-11-02,409.0,420.0,409.0,418.3,244051.0,101515670.8
2023-11-03,422.35,425.35,414.0,415.7,224415.0,94192600.25
2023-11-06,421.15,423.95,402.55,420.05,513983.0,214070260.6
2023-11-07,418.05,441.55,417.3,435.9,728862.0,314774014.55
2023-11-08,437.75,444.0,431.2,433.9,330408.0,144783768.65
2023-11-09,434.85,437.3,426.0,430.25,183645.0,79066006.35
2023-11-10,428.0,438.75,426.35,431.5,231495.0,100372407.55
2023-11-12,432.35,436.65,428.0,432.3,94245.0,40795671.75
2023-11-13,432.05,433.7,425.3,427.2,122830.0,52608022.0
2023-11-15,430.15,433.2,425.2,427.65,163628.0,70156123.9
2023-11-16,427.0,429.85,420.0,421.65,180667.0,76807977.85
2023-11-17,420.8,424.85,418.6,421.4,135959.0,57325189.35
2023-11-20,421.4,425.85,415.0,415.85,154307.0,64605769.95
2023-11-21,416.05,419.8,411.1,413.0,118140.0,49043413.0
2023-11-22,412.0,416.2,409.5,410.4,121963.0,50261808.85
2023-11-23,410.0,414.95,409.0,411.95,100843.0,41505178.9
2023-11-24,413.0,419.65,413.0,416.15,169407.0,70505043.9
2023-11-28,418.85,420.0,412.05,413.45,119769.0,49680214.95
2023-11-29,413.95,450.0,413.5,441.05,3091120.0,1367545382.2
2023-11-30,446.0,448.0,438.5,441.1,528827.0,234364370.6
2023-12-01,442.3,447.5,431.0,432.05,316635.0,138678003.05
2023-12-04,439.75,449.4,435.5,444.9,621945.0,275489166.6
2023-12-05,446.9,454.65,438.75,441.9,656130.0,293554774.35
2023-12-06,442.0,444.0,430.1,432.8,280436.0,122150650.8
2023-12-07,433.0,438.3,432.05,436.0,233443.0,101607828.5
2023-12-08,435.9,444.95,430.2,433.4,294171.0,128736062.1
2023-12-11,432.05,438.0,430.65,432.05,159732.0,69309584.5
2023-12-12,433.0,436.0,426.1,428.1,178045.0,76875843.45
2023-12-13,429.0,431.9,424.05,426.8,186058.0,79484942.6
2023-12-14,428.45,435.75,426.95,429.3,273967.0,118031667.45
2023-12-15,430.1,434.9,428.0,430.1,180700.0,77870362.55
2023-12-18,431.4,444.5,427.3,440.5,467678.0,204091373.75
2023-12-19,443.8,447.3,435.9,437.45,276985.0,122044922.0
2023-12-20,437.45,444.0,421.75,424.85,396534.0,171756135.0
2023-12-21,420.0,426.0,415.05,425.2,183323.0,77578388.3
2023-12-22,425.2,432.35,422.0,425.7,157642.0,67321740.55
2023-12-26,425.7,428.4,423.0,423.3,148883.0,63249931.6
2023-12-27,424.2,427.75,422.0,423.7,120893.0,51312296.95
2023-12-28,424.0,450.45,424.0,437.25,1731953.0,766336085.6
2023-12-29,439.95,446.75,436.55,439.9,396845.0,174811061.25
2024-01-01,439.9,443.45,437.0,438.7,216085.0,95162647.05
2024-01-02,438.7,441.65,429.3,431.6,257584.0,111576931.15
2024-01-03,433.45,470.0,430.2,466.0,2590204.0,1184967964.45
2024-01-04,475.0,493.45,471.05,485.9,3911784.0,1897973671.35
2024-01-05,488.55,492.75,472.05,482.45,971154.0,469293268.7
2024-01-08,482.45,487.9,461.5,464.6,575428.0,272233069.75
2024-01-09,468.0,514.7,468.0,508.6,6266782.0,3128313173.0
2024-01-10,514.95,525.0,507.2,511.6,3500990.0,1813057129.5
2024-01-11,513.0,527.25,509.0,511.9,1512501.0,784557861.9
2024-01-12,519.0,519.95,503.0,506.1,738009.0,377049273.1
2024-01-15,506.1,512.9,487.6,491.2,1112949.0,549690833.05
2024-01-16,495.55,524.8,491.55,510.45,1882510.0,965361113.5
2024-01-17,505.95,511.25,496.0,498.6,601472.0,302159661.2
2024-01-18,500.1,509.05,478.15,488.75,624265.0,308241420.7
2024-01-19,493.75,517.1,493.75,510.0,1540378.0,786683531.05
2024-01-20,511.4,519.0,504.1,507.7,435194.0,222072960.3
2024-01-23,561.95,602.0,548.0,566.55,11386126.0,6571536726.3
2024-01-24,573.2,632.5,555.4,608.75,12764648.0,7759298853.35
2024-01-25,613.0,638.2,605.15,623.05,4640835.0,2896522065.6
2024-01-29,635.0,643.0,622.5,627.7,2218872.0,1401172401.05
2024-01-30,631.9,633.85,586.4,592.35,1540079.0,927428437.7
2024-01-31,595.15,637.3,577.0,630.6,2118239.0,1299960902.75
2024-02-01,646.0,669.35,616.2,622.3,3792314.0,2446443194.15
2024-02-02,632.0,640.0,620.0,625.55,916783.0,578953207.0
2024-02-05,630.0,649.95,610.0,626.6,1105881.0,702087403.0
2024-02-06,629.4,629.4,610.05,614.8,557470.0,343667418.25
2024-02-07,618.4,627.0,606.0,608.3,783589.0,480826077.1
2024-02-08,531.0,576.2,516.35,551.8,3548088.0,1985586487.95
2024-02-09,552.0,568.25,530.2,540.0,1254954.0,683171733.95
2024-02-12,543.5,544.0,486.0,490.5,1884650.0,948539599.3
2024-02-13,491.95,552.1,482.3,540.1,4984716.0,2630258227.1
2024-02-14,537.85,561.55,515.3,547.2,1411595.0,760845361.2
2024-02-15,552.45,558.25,536.25,539.2,758049.0,413464439.55
2024-02-16,543.0,598.65,538.3,574.25,5243715.0,3028677087.2
2024-02-19,574.45,603.8,570.5,580.7,1571048.0,921709848.8
2024-02-20,583.7,585.0,560.05,563.65,757103.0,431826167.9
2024-02-21,568.0,584.65,554.4,560.15,1089210.0,620972973.3
2024-02-22,564.45,568.4,545.25,558.25,671273.0,372976882.55
2024-02-23,562.9,566.9,552.1,554.8,412250.0,230288691.2
2024-02-26,554.8,557.4,534.0,537.3,586149.0,318117435.45
2024-02-27,540.5,552.5,535.15,543.1,688499.0,374415451.75
2024-02-28,545.4,548.6,518.0,521.7,616890.0,325716438.75
2024-02-29,521.7,557.5,510.2,538.2,1130061.0,597681986.3
2024-03-01,550.0,579.65,550.0,569.1,3292960.0,1874747601.9
2024-03-02,568.9,569.8,552.55,563.3,140054.0,78739003.15
2024-03-04,568.4,583.6,558.0,570.35,1390792.0,797298709.35
2024-03-05,575.0,575.0,557.0,559.65,597761.0,338123179.65
2024-03-06,554.0,559.95,532.6,539.65,739578.0,400173684.55
2024-03-07,541.05,559.5,541.0,549.5,479555.0,263835959.9
2024-03-11,548.9,551.85,525.0,528.5,496412.0,265067654.15
2024-03-12,528.0,538.9,510.0,512.8,513034.0,266025199.0
2024-03-13,516.0,535.0,480.0,484.45,1095736.0,549103968.35
2024-03-14,483.9,516.35,477.0,503.95,977311.0,489991685.95
2024-03-15,503.55,516.0,493.0,498.25,524681.0,264533404.4
2024-03-18,495.1,510.75,490.95,494.5,531118.0,264081853.0
2024-03-19,494.0,506.25,492.0,495.15,584317.0,291927207.05
2024-03-20,496.9,504.75,478.85,484.4,525331.0,258703208.2
2024-03-21,494.15,508.3,493.35,503.25,800679.0,401692241.2
2024-03-22,503.95,528.9,497.5,523.6,1318229.0,684613849.55
2024-03-26,523.6,531.9,512.25,516.2,630605.0,328729388.55
2024-03-27,517.9,525.0,501.65,505.15,610457.0,313614448.0
2024-03-28,508.95,514.5,495.0,497.75,617022.0,310767597.75
2024-04-01,505.0,545.9,502.05,543.5,1544221.0,817571604.1
2024-04-02,545.0,556.75,535.95,544.6,1310596.0,717743158.4
2024-04-03,543.0,562.0,537.2,547.7,1081469.0,597908477.4
2024-04-04,551.0,557.35,533.8,536.9,580154.0,315009562.7
2024-04-05,538.85,547.0,535.3,540.05,646277.0,350078281.1
2024-04-08,543.9,549.6,538.1,540.55,367879.0,200103278.1
2024-04-09,541.25,545.0,524.2,526.45,421183.0,225224662.6
2024-04-10,528.75,543.95,524.8,533.5,632053.0,339025779.85
2024-04-12,533.25,558.55,530.5,541.6,1698635.0,932486403.7
2024-04-15,521.1,531.65,509.1,521.15,731282.0,382891191.35
2024-04-16,518.9,544.6,516.1,525.7,750738.0,399463970.65
2024-04-18,529.0,538.85,513.0,518.95,352664.0,186121803.05
2024-04-19,516.7,518.0,506.0,515.45,326498.0,167652811.55
2024-04-22,524.35,527.9,518.65,520.25,273585.0,142649511.75
2024-04-23,522.4,546.45,521.1,533.0,1187368.0,639154456.85
2024-04-24,536.05,539.7,528.0,530.05,297445.0,159018203.05
2024-04-25,530.0,538.8,520.5,522.85,441511.0,233138265.1
2024-04-26,523.45,528.6,520.0,521.65,362439.0,189653262.1
2024-04-29,523.05,537.2,522.55,524.05,461792.0,243788969.9
2024-04-30,526.45,532.35,523.05,524.8,267809.0,141145881.0
2024-05-02,524.1,527.4,515.5,518.3,371725.0,193520146.85
2024-05-03,521.35,523.5,512.0,514.1,294758.0,152229191.95
2024-05-06,515.9,517.0,503.8,506.75,286517.0,145753154.05
2024-05-07,508.9,525.65,502.8,508.25,569308.0,291919831.6
2024-05-08,506.0,507.9,498.2,503.05,336286.0,169057014.3
2024-05-09,504.05,507.0,493.0,494.35,279092.0,139110731.75
2024-05-10,497.4,498.0,486.0,488.5,239559.0,117682446.9
2024-05-13,490.05,504.6,484.3,495.0,432034.0,213470825.65
2024-05-14,495.0,499.85,487.25,488.3,316033.0,154946840.45
2024-05-15,494.0,518.0,492.6,504.3,783533.0,397701585.2
2024-05-16,507.05,511.95,500.0,501.85,270985.0,136737086.25
2024-05-17,503.2,505.0,500.0,502.05,207328.0,104164547.55
2024-05-18,503.7,506.35,501.3,503.25,51640.0,26032115.2
2024-05-21,503.25,509.75,495.6,499.6,282944.0,141968553.45
2024-05-22,502.85,510.0,495.6,502.35,298071.0,150187764.4
2024-05-23,503.45,506.1,497.95,499.8,276368.0,138639241.5
2024-05-24,498.0,507.7,494.2,496.15,338653.0,169057392.6
2024-05-27,500.0,513.9,497.0,506.5,649846.0,328885018.15
2024-05-28,480.05,492.0,475.05,481.1,1290567.0,625021373.55
2024-05-29,480.1,495.15,475.25,480.4,512094.0,247468387.15
2024-05-30,482.0,486.85,470.8,473.45,312689.0,149198606.25
2024-05-31,474.4,479.4,467.35,471.35,332959.0,157372830.75
2024-06-03,485.0,494.05,480.1,482.0,483471.0,234799701.8
2024-06-04,488.0,488.15,428.45,443.95,759868.0,347783506.75
2024-06-05,453.95,467.75,430.05,464.0,374424.0,171006541.35
2024-06-06,468.45,481.25,467.55,475.9,272272.0,129624109.35
2024-06-07,499.0,499.0,481.0,492.1,510854.0,249444656.5
2024-06-10,497.0,502.0,490.0,491.75,385917.0,191047205.8
2024-06-11,489.5,493.8,487.45,488.85,191254.0,93790583.65
2024-06-12,487.5,507.0,487.5,498.8,464015.0,230824489.4
2024-06-13,503.0,514.0,497.45,506.05,1085414.0,551128144.05
2024-06-14,507.45,508.0,499.0,500.1,275338.0,138359185.9
2024-06-18,502.4,504.0,496.0,497.1,292505.0,145795228.5
2024-06-19,497.55,499.95,488.05,491.0,233250.0,114951124.8
2024-06-20,486.0,499.4,486.0,493.65,254886.0,125867723.25
2024-06-21,494.75,498.6,488.2,490.45,203441.0,100169351.85
2024-06-24,490.4,513.65,490.4,507.0,1134547.0,575627010.8
2024-06-25,512.0,535.0,511.05,518.7,3571140.0,1872449501.7
2024-06-26,520.95,523.85,510.0,513.2,649955.0,334378564.15
2024-06-27,514.1,518.45,500.2,502.05,403139.0,205381145.0
2024-06-28,504.7,513.9,502.1,504.0,313809.0,159085646.35
2024-07-01,506.0,512.9,504.0,507.85,394882.0,200943102.7
2024-07-02,509.0,517.7,507.65,510.7,329937.0,168951505.15
2024-07-03,512.0,525.0,512.0,515.95,824762.0,428701290.3
2024-07-04,519.95,522.0,510.7,514.75,334933.0,172476023.3
2024-07-05,514.65,522.2,513.3,516.25,411780.0,213028016.7
2024-07-08,516.05,538.0,511.2,524.4,1196288.0,629498564.75
2024-07-09,526.35,535.0,519.05,527.0,910880.0,482185168.65
2024-07-10,527.2,529.35,510.0,516.85,538145.0,278781463.4
2024-07-11,520.9,522.45,513.0,514.25,314151.0,162466119.75
2024-07-12,515.0,519.55,503.1,505.25,311093.0,158892074.15
2024-07-15,506.0,515.75,503.5,508.3,302819.0,154132079.2
2024-07-16,509.2,511.85,505.05,508.0,210304.0,106917773.2
2024-07-18,507.0,507.9,496.5,500.35,335645.0,168397642.35
2024-07-19,490.0,495.0,466.2,473.4,1854583.0,877217367.0
2024-07-22,470.15,484.0,464.0,479.8,424624.0,201275774.85
2024-07-23,485.05,534.65,479.0,518.0,21849333.0,11366243813.45
2024-07-24,538.0,569.7,533.0,560.2,13339533.0,7451087083.4
2024-07-25,553.0,572.9,535.25,538.2,2801996.0,1548897029.35
2024-07-26,543.6,554.85,534.25,541.8,1278567.0,694792323.6
2024-07-29,543.0,553.55,535.05,536.55,901079.0,488312776.25
2024-07-30,536.25,562.0,522.15,554.65,3629246.0,1998619582.0
2024-07-31,559.9,571.25,555.5,558.0,1335311.0,749572852.25
2024-08-01,558.05,563.0,541.1,548.9,836880.0,459217490.4
2024-08-02,539.9,555.5,536.5,551.5,1051322.0,574157903.7
2024-08-05,519.0,534.0,506.0,509.95,1421621.0,739567439.9
2024-08-06,515.05,523.7,488.9,493.6,1160598.0,588774695.6
2024-08-07,501.0,508.5,487.15,497.25,975759.0,483655146.3
2024-08-08,497.25,525.9,497.25,509.6,1624199.0,837283641.05
2024-08-09,523.0,523.0,509.95,515.05,592392.0,304183311.3
2024-08-12,515.1,522.9,495.55,507.75,1618614.0,824917634.1
2024-08-13,507.0,509.75,494.1,497.05,502083.0,251404519.75
2024-08-14,498.05,499.85,486.05,490.7,396832.0,194783675.7
2024-08-16,500.0,515.7,500.0,510.4,810959.0,413303000.1
2024-08-19,512.8,519.3,508.0,515.3,402921.0,207395353.1
2024-08-20,517.9,518.0,510.0,512.65,258227.0,132539216.3
2024-08-21,513.6,517.95,510.6,512.45,245623.0,126151594.65
2024-08-22,514.6,515.65,502.65,504.0,352179.0,179243755.75
2024-08-23,504.0,520.7,502.05,513.55,646112.0,332235050.4
2024-08-26,516.7,517.9,506.0,509.2,222179.0,113746242.8
2024-08-27,509.0,517.5,507.5,513.3,287460.0,147530663.1
2024-08-28,513.25,538.8,512.75,526.35,1661099.0,878545705.25
2024-08-29,527.95,536.0,517.5,519.7,536287.0,282417862.9
2024-08-30,522.0,523.3,512.75,513.5,262560.0,135418510.75
2024-09-02,506.0,513.2,504.6,506.0,300288.0,152446594.15
2024-09-03,507.0,515.95,504.05,506.5,311403.0,158785968.25
2024-09-04,503.8,510.45,501.8,507.35,207156.0,105124882.95
2024-09-05,510.0,515.85,503.0,503.8,289357.0,146985761.05
2024-09-06,504.9,508.2,495.5,499.6,336913.0,168381401.65
2024-09-09,496.0,498.95,486.25,495.15,270751.0,133400569.7
2024-09-10,498.9,506.85,494.75,502.95,337237.0,169094202.8
2024-09-11,503.4,524.4,500.15,511.4,1931926.0,1000301393.8
2024-09-12,515.0,517.9,509.2,511.4,241478.0,123775040.55
2024-09-13,513.75,514.8,502.0,503.5,314458.0,159447883.55
2024-09-16,504.4,520.0,500.35,505.7,531650.0,271637254.25
2024-09-17,505.7,508.0,500.1,501.6,210115.0,105865667.05
2024-09-18,501.6,504.7,494.6,500.3,299616.0,149382813.3
2024-09-19,500.4,506.9,492.2,498.05,372371.0,185766049.8
2024-09-20,498.75,508.85,496.15,499.5,311950.0,156486992.35
2024-09-23,499.6,502.7,493.2,496.85,327605.0,162852628.3
2024-09-24,499.85,500.5,495.05,496.8,152212.0,75763890.05
2024-09-25,496.7,507.0,494.55,502.4,413244.0,207105352.7
2024-09-26,503.45,510.45,496.45,498.1,314271.0,157878238.95
2024-09-27,498.95,500.45,489.6,492.05,411219.0,203038936.1
2024-09-30,492.05,496.5,489.0,491.7,132472.0,65168500.05
2024-10-01,494.45,495.7,487.95,489.8,192535.0,94478623.3
2024-10-03,487.0,489.9,475.0,478.25,273753.0,132199594.75
2024-10-04,478.0,479.55,465.05,470.9,283499.0,134000227.0
2024-10-07,472.0,474.7,447.0,448.85,419670.0,191079515.15
2024-10-08,448.55,464.0,445.8,461.85,229069.0,104510283.4
2024-10-09,462.05,473.45,462.05,465.55,183601.0,85930194.2
2024-10-10,465.55,474.25,465.55,467.85,108601.0,51080253.9
2024-10-11,467.95,468.0,460.25,461.9,179613.0,83107797.6
2024-10-14,465.0,467.95,461.0,462.0,108663.0,50367388.9
2024-10-15,462.9,470.9,460.5,461.35,132002.0,61190306.7
2024-10-16,460.15,461.85,450.95,453.9,253852.0,115416543.6
2024-10-17,453.5,454.65,447.7,450.35,139239.0,62700645.05
2024-10-18,444.9,461.1,438.45,458.2,271331.0,122641405.85
2024-10-21,460.0,464.65,443.0,445.85,191830.0,86801843.35
2024-10-22,446.85,446.85,427.5,429.1,312424.0,136302578.4
2024-10-23,427.75,436.05,415.95,432.7,250608.0,107552860.45
2024-10-24,424.2,431.4,418.25,420.75,213877.0,90831990.6
2024-10-25,420.0,424.7,402.8,411.55,392228.0,161207569.55
2024-10-28,411.55,419.95,408.25,416.95,214929.0,89292174.05
2024-10-29,416.95,424.25,414.35,422.05,162436.0,68170200.7
2024-10-30,425.0,443.4,420.6,437.35,317918.0,138393964.65
2024-10-31,437.0,454.5,433.4,446.6,445577.0,198756140.35
2024-11-01,448.8,462.0,447.5,457.45,111966.0,50976709.1
2024-11-04,460.0,460.0,442.0,443.15,182156.0,81034441.4
2024-11-05,443.15,448.2,435.35,440.5,334370.0,147978416.35
2024-11-06,443.95,465.8,443.95,456.05,454921.0,206965115.95
2024-11-07,456.95,473.7,452.1,468.05,663067.0,309202866.15
2024-11-08,474.0,479.75,461.05,467.15,531785.0,250183303.15
2024-11-11,469.0,514.8,454.75,503.1,4636230.0,2300665954.5
2024-11-12,494.95,496.95,465.1,470.15,739386.0,354675919.8
2024-11-13,462.5,469.4,440.0,442.0,390310.0,176410084.25
2024-11-14,442.75,453.1,440.3,442.4,245566.0,109270083.0
2024-11-18,441.35,441.4,429.4,434.0,189150.0,82495877.0
2024-11-19,435.15,449.45,435.15,439.65,204938.0,90592029.45
2024-11-21,439.65,440.05,423.75,427.2,266343.0,113878683.95
2024-11-22,430.0,434.05,424.65,430.25,154237.0,66333618.9
2024-11-25,439.7,447.95,433.85,444.85,232727.0,102342623.4
2024-11-26,444.0,444.85,435.2,436.3,169071.0,74133222.05
2024-11-27,436.75,443.55,436.5,441.9,174450.0,76806465.4
2024-11-28,448.0,451.3,438.6,442.15,283368.0,126114013.75
2024-11-29,442.0,445.0,439.1,442.0,136566.0,60407025.0
2024-12-02,442.75,445.0,436.6,440.6,193644.0,85491551.95
2024-12-03,442.0,479.4,441.0,474.8,1298544.0,608316741.85
2024-12-04,480.0,496.8,474.0,487.75,865982.0,422923747.9
2024-12-05,498.0,527.9,493.4,512.05,4253080.0,2198386753.25
2024-12-06,536.0,558.85,529.0,554.55,7982523.0,4347556076.4
2024-12-09,554.55,582.0,546.75,572.95,3450194.0,1962562695.75
2024-12-10,580.4,599.9,579.15,592.55,4262872.0,2526281414.75
2024-12-11,593.0,593.5,565.05,589.75,1785011.0,1042063007.35
2024-12-12,583.1,598.95,576.8,593.15,1085802.0,639091390.7
2024-12-13,588.05,598.5,577.8,596.75,1048639.0,620305006.1
2024-12-16,602.7,604.4,579.0,588.15,917857.0,541025217.4
2024-12-17,585.05,622.0,582.05,618.4,1924693.0,1169968952.3
2024-12-18,625.0,643.9,609.6,627.15,1739053.0,1096018435.45
2024-12-19,628.0,630.05,605.55,609.7,1539337.0,949571108.45
2024-12-20,610.0,613.2,587.8,602.5,755496.0,453653752.4
2024-12-23,607.8,609.95,581.2,591.35,786651.0,467246495.8
2024-12-24,591.45,599.0,572.25,579.4,384805.0,225477371.95
2024-12-26,580.3,585.8,560.0,565.8,459557.0,261253994.8
2024-12-27,565.0,576.35,546.15,566.55,678523.0,382537266.2
2024-12-30,570.0,574.35,542.6,548.75,344160.0,191283835.35
2024-12-31,542.0,569.0,529.6,560.45,274880.0,151252883.0
2025-01-01,560.0,571.8,550.0,554.0,138433.0,77624561.15
2025-01-02,556.0,563.6,545.0,547.45,96208.0,53044383.65
2025-01-03,542.05,555.0,541.6,548.4,458241.0,250851974.3
2025-01-06,548.4,553.8,521.0,521.0,208234.0,110162328.55
2025-01-07,519.95,547.05,494.95,547.05,436842.0,234406373.05
2025-01-08,558.0,574.4,550.0,574.4,310506.0,177165766.95
2025-01-09,603.1,603.1,582.5,596.8,611508.0,367055719.95
2025-01-10,588.0,611.95,567.0,581.3,421653.0,248358211.1
2025-01-13,570.0,581.0,552.25,554.9,285514.0,159194438.25
2025-01-14,557.7,582.6,557.7,582.6,318531.0,184656368.05
2025-01-15,602.85,604.0,573.0,576.8,472928.0,279541977.1
2025-01-16,580.0,599.4,574.05,591.3,205739.0,121003818.45
2025-01-17,585.0,588.9,569.0,573.7,135175.0,78367825.3
2025-01-20,573.0,578.95,558.05,564.3,139211.0,78864266.9
2025-01-21,568.0,578.0,540.55,545.05,155435.0,86516049.8
2025-01-22,542.15,563.95,520.05,549.3,266264.0,142931410.75
2025-01-23,537.0,563.9,534.15,539.55,174366.0,95334905.8
2025-01-24,544.95,548.7,515.6,518.35,145640.0,76713926.25
2025-01-27,513.0,518.55,492.45,492.5,150833.0,74748199.0
2025-01-28,480.0,501.0,467.9,484.55,273179.0,130873334.7
2025-01-29,480.0,508.75,478.4,506.8,157144.0,79024190.2
2025-01-30,506.8,518.0,498.0,506.35,133839.0,68297128.0
2025-01-31,508.0,531.0,501.5,528.3,151671.0,78959634.25
2025-02-01,537.0,543.5,510.0,513.15,117664.0,61928018.65
2025-02-03,505.0,511.95,492.0,494.0,122366.0,60846673.55
2025-02-04,491.0,518.4,491.0,514.6,137505.0,69738982.25
2025-02-05,525.0,540.0,511.05,533.6,153959.0,80921240.85
2025-02-06,534.25,559.0,528.6,549.75,197491.0,107449311.35
2025-02-07,549.75,568.0,535.0,558.65,255495.0,141326868.25
2025-02-10,558.0,558.65,530.75,546.55,158379.0,85709106.1
2025-02-11,536.0,544.9,519.25,519.25,52378.0,27369560.7
2025-02-12,516.0,545.2,493.3,529.85,517528.0,272663801.45
2025-02-13,529.9,539.9,503.35,503.5,288492.0,148886362.15
2025-02-14,506.0,512.95,487.75,497.3,178707.0,89079215.05
2025-02-17,475.0,484.4,472.45,476.6,249645.0,118570408.15
2025-02-18,490.9,500.4,483.0,500.4,171742.0,85615707.95
2025-02-19,518.95,525.4,515.0,525.4,64102.0,33601044.3
2025-02-20,551.65,551.65,551.65,551.65,74627.0,41167984.55
2025-02-21,562.0,573.0,541.0,549.85,246750.0,138041440.2
2025-02-24,541.0,560.0,530.0,548.3,158215.0,86180157.35
2025-02-25,539.0,555.0,539.0,548.75,98634.0,53929435.7
2025-02-27,536.9,554.45,521.35,524.05,178400.0,94163954.1
2025-02-28,506.3,527.0,498.0,502.5,183162.0,92177373.05
2025-03-03,502.0,516.0,480.05,497.35,131142.0,65033515.85
2025-03-04,489.95,522.2,480.0,522.2,132261.0,68432587.25
2025-03-05,511.25,541.0,511.25,535.35,142665.0,75849373.25
2025-03-06,545.0,548.25,509.95,534.85,109580.0,57731775.9
2025-03-07,534.8,545.0,522.95,535.3,111783.0,59869259.7
2025-03-10,535.9,544.95,519.0,521.9,64610.0,34168981.2
2025-03-11,512.05,529.9,501.25,527.4,65035.0,33653401.45
2025-03-12,520.5,535.0,505.1,515.55,67103.0,35011023.7
2025-03-13,510.15,523.0,501.1,505.6,70054.0,35625860.85
2025-03-17,508.0,520.0,491.0,499.45,121471.0,60956447.15
2025-03-18,501.0,524.0,500.1,512.3,110736.0,56548092.9
2025-03-19,516.8,530.0,504.0,524.75,126265.0,65894213.45
2025-03-20,522.5,534.4,515.5,521.05,86364.0,44961948.1
2025-03-21,515.55,521.05,504.0,507.35,164985.0,84440553.35
2025-03-24,511.05,529.0,511.05,526.65,164044.0,85765692.9
2025-03-25,531.0,531.0,500.35,510.25,159015.0,81465043.9
2025-03-26,510.05,517.5,494.0,495.85,195431.0,97756176.65
2025-03-27,496.05,502.05,485.0,492.1,342385.0,168022656.7
2025-03-28,487.45,499.4,476.0,478.45,215219.0,104631171.7
2025-04-01,479.95,502.35,476.6,501.3,203544.0,101199785.45
2025-04-02,502.4,514.4,492.55,509.75,222008.0,112532712.45
2025-04-03,497.1,514.0,497.1,507.35,93362.0,47425600.25
2025-04-04,507.35,514.95,488.1,490.5,189529.0,94399464.95
2025-04-07,441.45,480.45,441.45,463.65,299525.0,138833503.9
2025-04-08,493.9,493.9,457.85,472.0,369270.0,174612734.4
2025-04-09,474.95,475.0,459.05,462.0,136118.0,62939315.5
2025-04-11,479.95,483.7,464.1,478.65,186581.0,88242698.4
2025-04-15,488.0,508.1,479.55,502.9,231967.0,115127961.45
2025-04-16,495.3,507.95,495.3,499.7,116707.0,58486805.7
2025-04-17,500.0,527.0,498.1,521.05,313861.0,162386535.05
2025-04-21,516.75,523.45,509.0,514.65,286489.0,147502743.85
2025-04-22,520.0,547.5,514.85,527.1,431696.0,230316058.85
2025-04-23,531.45,532.55,513.35,520.5,200031.0,104364487.0
2025-04-24,518.7,523.8,513.5,515.7,152043.0,78776394.7
2025-04-25,516.0,519.8,493.0,511.1,269403.0,136243582.25
2025-04-28,502.1,510.35,501.0,503.7,107117.0,54155168.7
2025-04-29,503.0,513.8,495.0,499.5,123563.0,61983084.95
2025-04-30,511.0,511.0,487.0,492.25,195296.0,96626119.35
2025-05-02,467.9,496.0,467.9,483.95,146797.0,71548225.7
2025-05-05,485.95,499.9,484.0,489.7,136558.0,66606905.85
2025-05-06,492.15,497.15,471.45,477.05,119436.0,57430108.5
2025-05-07,471.15,485.7,465.15,484.05,134017.0,63949583.95
2025-05-08,486.0,510.05,480.75,484.25,393606.0,195571775.8
2025-05-09,468.9,532.65,465.0,532.55,1521212.0,790112534.15
2025-05-12,548.0,565.4,535.2,542.65,889135.0,485770054.45
2025-05-13,540.0,549.95,513.0,521.25,793379.0,420052242.75
2025-05-14,526.7,553.8,524.45,548.95,508687.0,275535435.5
2025-05-15,550.0,566.0,546.05,550.55,782981.0,433022124.35
2025-05-16,553.0,583.75,544.05,572.55,767840.0,431239515.7
2025-05-19,579.7,579.7,556.5,561.2,637642.0,360830829.95
2025-05-20,565.8,569.5,544.05,549.0,438342.0,243341492.3
2025-05-21,549.9,555.0,536.65,546.9,405983.0,221796794.75
2025-05-22,545.0,554.15,533.8,540.35,277276.0,150297306.9
2025-05-23,542.5,558.0,540.65,548.05,369570.0,202393547.65
2025-05-26,551.6,554.6,537.05,538.6,182255.0,99036254.5
2025-05-27,539.5,546.25,534.5,544.4,183738.0,99447509.55
2025-05-28,548.35,548.35,538.8,542.55,110005.0,59777012.55
2025-05-29,543.8,546.0,535.15,544.3,173765.0,94085852.95
2025-05-30,549.0,558.35,538.0,541.8,671597.0,367586669.05
2025-06-02,540.05,561.9,538.15,557.5,434950.0,239029954.1
2025-06-03,558.0,558.9,540.05,542.25,340324.0,186544604.65
2025-06-04,545.0,547.0,537.9,545.4,261331.0,142076887.0
2025-06-05,545.5,575.0,545.5,561.75,705695.0,397169527.95
2025-06-06,564.0,578.3,555.0,569.5,540195.0,306164280.35
2025-06-09,572.0,576.6,562.65,565.45,368923.0,209738435.15
2025-06-10,567.9,595.8,564.9,588.25,1570554.0,919467279.85
2025-06-11,591.0,591.1,567.5,576.0,574813.0,332190189.5
2025-06-12,575.45,576.9,558.2,563.2,480128.0,272520055.65
2025-06-13,545.0,563.0,544.5,557.3,398242.0,221034802.45
2025-06-16,553.0,559.45,540.2,549.2,252717.0,138173249.45
2025-06-17,549.7,551.4,534.3,539.9,306181.0,165433562.7
2025-06-18,537.0,543.9,534.6,535.85,183531.0,98748392.85
2025-06-19,538.0,538.95,523.15,525.65,262041.0,138792033.75
2025-06-20,526.05,542.0,525.5,534.4,249517.0,133435486.1
2025-06-23,525.55,532.9,525.55,530.7,149736.0,79219993.95
2025-06-24,540.0,547.1,530.95,533.65,264268.0,142107926.45
2025-06-25,538.8,547.95,536.0,539.15,500888.0,270972739.55
2025-06-26,540.9,541.95,531.05,536.35,231404.0,124009903.1
2025-06-27,538.0,541.95,525.1,528.95,367208.0,195149399.35
2025-06-30,531.45,535.2,525.2,529.0,250972.0,132672854.25
2025-07-01,520.0,520.0,490.6,494.5,1806533.0,906113000.35
2025-07-02,494.5,502.3,494.0,499.35,443057.0,220720890.05
2025-07-03,501.9,509.9,497.6,500.25,361480.0,181839542.55
2025-07-04,500.95,503.9,495.1,497.1,155430.0,77436383.7
2025-07-07,509.0,526.95,505.0,515.5,1473433.0,761348345.85
2025-07-08,516.0,522.0,509.45,513.45,226576.0,116563143.8
2025-07-09,514.0,517.9,511.3,516.4,163935.0,84327018.75
2025-07-10,516.4,548.6,512.1,544.8,1011209.0,541797126.0
2025-07-11,543.95,573.9,537.35,557.9,1703026.0,958399204.05
2025-07-14,559.85,559.9,542.65,546.4,340627.0,187852629.9
2025-07-15,549.7,567.95,548.0,556.45,400722.0,224345942.5
2025-07-16,572.7,579.0,561.0,568.4,683756.0,389248526.9
2025-07-17,568.4,587.55,563.35,580.8,689571.0,399120758.05
2025-07-18,580.45,593.4,575.5,586.0,637750.0,373412352.35
2025-07-21,586.0,644.9,585.25,630.75,6456466.0,4062635568.8
2025-07-22,629.5,634.4,614.65,621.3,1182069.0,735717214.8
2025-07-23,617.8,629.6,602.05,625.05,649539.0,399819269.95
2025-07-24,625.45,659.9,594.0,649.4,4347365.0,2768597465.55
2025-07-25,651.0,656.7,622.7,625.0,1074156.0,686113539.55
2025-07-28,627.85,634.3,609.3,611.7,637129.0,393865204.45
2025-07-29,606.0,622.7,603.05,607.75,544747.0,332713504.65
2025-07-30,618.4,644.0,605.1,608.45,865153.0,534941986.8
2025-07-31,599.65,617.0,590.0,613.5,509273.0,309372034.45
2025-08-01,613.0,627.6,608.15,616.25,436200.0,270165551.95
2025-08-04,621.85,621.85,611.7,613.45,243733.0,149947626.8
2025-08-05,612.0,619.0,606.6,609.35,206394.0,126078861.95
2025-08-06,614.65,614.65,595.0,604.15,277925.0,167714492.85
2025-08-07,595.0,605.8,588.35,599.4,284089.0,169112788.75
2025-08-08,601.15,604.4,584.75,587.6,240976.0,142774136.15
2025-08-11,586.1,601.35,579.8,594.05,276245.0,163253622.15
2025-08-12,595.5,599.25,586.45,587.25,133224.0,78873008.0
2025-08-13,588.0,597.7,588.0,589.1,132948.0,78778782.8
2025-08-14,589.95,592.9,562.75,565.6,465162.0,265605617.85
2025-08-18,580.0,584.9,567.05,573.7,266933.0,152901837.1
2025-08-19,574.0,582.4,569.45,576.05,241515.0,138834804.35
2025-08-20,576.7,578.95,564.8,565.85,195749.0,111585997.4
2025-08-21,569.9,574.9,558.0,561.1,551632.0,313839557.05
2025-08-22,560.75,571.2,555.85,566.85,243439.0,137417686.05
2025-08-25,569.9,573.35,560.0,562.05,278017.0,156562292.8
2025-08-26,562.1,564.75,542.0,549.95,714221.0,393104848.6
2025-08-28,545.1,558.8,544.05,547.1,317996.0,175199578.2
2025-08-29,549.5,558.05,538.65,551.7,222142.0,122046889.3
2025-09-01,558.5,587.0,554.45,574.85,593973.0,342141474.8
2025-09-02,580.0,595.8,574.75,582.95,414875.0,243633744.45
2025-09-03,585.0,609.0,568.05,574.85,1538476.0,901652141.95
2025-09-04,580.0,583.0,557.0,560.2,379162.0,214405692.5
2025-09-05,563.65,582.4,551.05,577.45,680380.0,383815041.25
2025-09-08,585.0,586.0,568.6,571.7,179040.0,103081187.15
2025-09-09,570.2,585.0,566.6,578.45,201201.0,115565888.55
2025-09-10,577.35,587.65,575.1,582.1,223174.0,130129517.0
2025-09-11,582.6,587.35,576.0,585.5,150925.0,87911957.0
2025-09-12,590.0,594.15,564.0,569.2,360016.0,206604202.9
2025-09-15,571.25,572.9,561.0,570.1,327706.0,185622642.55
2025-09-16,573.75,585.0,570.3,574.95,477223.0,275924716.75
2025-09-17,575.0,578.45,560.05,561.3,657270.0,370638211.45
2025-09-18,565.0,566.0,555.25,556.4,212955.0,118868790.05
2025-09-19,557.4,574.85,550.0,570.05,767287.0,431739251.1
2025-09-22,575.0,634.7,565.95,619.85,7856719.0,4864487849.15
2025-09-23,620.0,624.0,600.0,602.85,988183.0,603354267.4
2025-09-24,602.65,604.7,585.35,588.25,579284.0,344093554.25
2025-09-25,585.3,592.3,574.25,575.7,473925.0,276660796.05
2025-09-26,581.5,600.0,567.0,580.95,1281980.0,753017493.75
2025-09-29,581.0,582.2,557.85,565.45,515349.0,292723052.35
2025-09-30,567.7,582.0,561.95,573.05,430783.0,246107098.8
2025-10-01,575.9,584.0,569.35,581.35,234907.0,135596646.8
2025-10-03,581.35,630.0,579.5,625.25,1926473.0,1177736668.85
2025-10-06,627.0,631.25,612.65,619.3,859642.0,534895252.85
2025-10-07,616.55,623.7,602.0,603.95,304851.0,186418179.25
2025-10-08,601.25,623.5,601.25,604.65,498340.0,304800115.15
2025-10-09,605.55,614.3,597.4,605.25,324268.0,196251625.4
2025-10-10,607.7,650.0,596.9,642.85,1669939.0,1050918094.75
2025-10-13,649.95,658.0,636.05,642.35,1853882.0,1196325207.7
2025-10-14,641.2,641.25,617.25,619.65,573531.0,359036096.35
2025-10-15,625.0,648.5,616.2,633.0,1106954.0,703276924.45
2025-10-16,636.95,687.35,635.25,654.75,4728322.0,3151521295.9
2025-10-17,659.0,659.0,635.0,639.0,672972.0,434963467.7
2025-10-20,641.0,672.0,635.2,665.4,1350069.0,887302818.7
2025-10-21,668.85,678.8,668.7,676.75,409562.0,276340609.0
2025-10-23,677.0,680.0,651.25,658.9,463539.0,308736412.6
2025-10-24,656.8,662.85,646.0,651.95,419619.0,274174529.2
2025-10-27,655.15,679.35,651.0,670.15,917227.0,616080724.3
2025-10-28,671.0,675.55,660.55,672.8,443132.0,296565505.55
2025-10-29,675.95,689.95,656.2,658.35,1052657.0,710737296.05
2025-10-30,667.7,667.7,650.2,653.2,311566.0,204432337.9
2025-10-31,650.0,664.2,641.6,643.6,367868.0,239517683.55
2025-11-03,643.0,669.0,640.55,665.2,573588.0,379091569.8
2025-11-04,664.95,671.9,657.45,662.9,351670.0,233663421.25
2025-11-06,664.0,677.15,661.45,664.85,582125.0,389640314.75
2025-11-07,664.35,664.35,649.0,657.1,339144.0,222600803.2
2025-11-10,657.9,680.9,652.1,675.2,868654.0,583093074.35
2025-11-11,677.0,705.0,645.2,699.3,4526913.0,3084674193.2
2025-11-12,705.0,721.0,669.0,680.5,1930986.0,1323012111.35
2025-11-13,680.0,682.75,645.0,647.5,1251512.0,821839218.15
2025-11-14,645.0,674.0,637.65,659.7,992066.0,654463621.25
2025-11-17,655.95,656.95,645.3,647.5,353291.0,229369487.75
2025-11-18,646.95,647.3,625.0,632.55,407823.0,259876447.25
2025-11-19,630.1,638.95,612.15,616.35,548743.0,342385113.35
2025-11-20,614.8,621.9,606.8,612.95,430505.0,264224107.95
2025-11-21,612.7,613.55,584.65,590.4,530057.0,317349191.45
2025-11-24,590.0,594.35,580.9,587.2,504186.0,295619561.35
2025-11-25,586.0,590.95,580.4,583.05,204675.0,119530780.3
2025-11-26,587.4,603.0,583.8,600.9,421672.0,250859760.25
2025-11-27,604.8,604.8,588.65,590.95,219504.0,130439290.35
2025-11-28,590.95,593.6,580.0,581.6,323818.0,189574140.1
2025-12-01,569.95,579.45,562.55,565.8,432698.0,247355151.25
2025-12-02,566.85,576.0,561.9,564.8,349023.0,198204801.4
2025-12-03,566.9,583.8,555.75,578.2,712879.0,407795091.9
2025-12-04,570.0,579.0,565.0,567.15,229599.0,130869263.25
2025-12-05,563.55,567.0,547.8,552.0,362416.0,200998228.3
2025-12-08,544.0,544.2,527.5,536.2,846320.0,453576054.55
2025-12-09,534.0,554.0,525.0,546.7,502251.0,272349060.3
2025-12-10,549.65,555.5,538.35,540.3,339432.0,185083959.9
2025-12-11,542.9,549.5,535.3,547.0,209352.0,113768236.0
2025-12-12,548.0,552.05,542.55,545.1,239332.0,130911347.4
2025-12-15,545.25,547.55,535.8,543.65,202984.0,109948310.95
2025-12-16,546.05,546.6,530.6,532.85,148607.0,79806139.7
2025-12-17,535.45,538.7,529.1,531.45,135052.0,71958709.75
2025-12-18,528.0,528.75,520.0,521.65,139276.0,72860019.95
2025-12-19,526.65,564.7,522.55,556.05,731064.0,401196401.1
2025-12-22,556.55,559.5,544.0,546.15,343709.0,188100880.35
2025-12-23,549.3,552.0,541.25,549.0,165164.0,90285415.85
2025-12-24,550.0,554.0,543.0,544.35,274528.0,150730443.35
2025-12-26,544.3,553.0,538.75,547.35,167841.0,91948210.25
2025-12-29,547.35,547.35,530.0,531.8,175322.0,94143889.9
2025-12-30,531.8,537.85,527.05,534.75,260044.0,138525486.7
2025-12-31,542.5,554.0,535.0,543.15,231587.0,125166057.25
2026-01-01,543.75,546.0,537.0,538.95,153921.0,83147297.65
2026-01-02,540.2,551.1,539.05,547.95,205249.0,112149315.3
2026-01-05,547.2,548.8,537.45,540.15,171573.0,92758974.8
2026-01-06,538.5,541.95,529.0,535.25,280003.0,149259097.05
2026-01-07,535.95,537.95,526.5,529.25,122600.0,65058226.45
2026-01-08,526.0,532.4,499.5,504.25,387577.0,199535745.9
2026-01-09,508.0,518.9,496.7,499.2,360087.0,182670425.05
2026-01-12,500.45,504.8,488.2,498.05,373854.0,185410672.3
2026-01-13,498.55,505.8,489.1,493.3,197435.0,97805788.95
2026-01-14,493.9,513.65,488.0,509.8,223630.0,111903557.0
2026-01-16,509.8,551.0,502.1,540.55,1477936.0,793246533.1
2026-01-19,540.0,541.55,508.35,516.25,494828.0,256946020.35
2026-01-20,516.05,519.5,492.85,496.3,280569.0,141644520.95
2026-01-21,496.3,510.9,490.8,506.8,436361.0,219141646.55
2026-01-22,518.5,533.05,511.0,523.65,312500.0,163810335.1
2026-01-23,525.0,525.0,501.0,504.25,137414.0,70360733.65
2026-01-27,504.65,521.7,495.0,510.15,423690.0,216214837.3
2026-01-28,516.9,529.9,512.45,526.95,300358.0,156573606.5
2026-01-29,532.7,539.9,507.0,509.5,1396045.0,724381966.75
2026-01-30,508.8,508.8,491.65,493.95,413862.0,206376920.2
2026-02-01,498.35,503.8,480.5,483.7,315167.0,155705039.0
2026-02-02,488.15,490.95,468.3,479.75,359042.0,171556047.2
2026-02-03,525.0,525.0,488.25,493.65,439592.0,217689929.95
2026-02-04,493.95,524.45,488.15,513.25,1250637.0,641118012.7
2026-02-05,510.2,515.0,502.2,508.9,600982.0,305628232.0
2026-02-06,502.15,505.0,495.1,496.65,180238.0,89886243.1
2026-02-09,500.0,510.4,497.0,508.75,701060.0,354015856.25
2026-02-10,510.0,516.05,497.65,500.0,279307.0,140997015.35
2026-02-11,500.8,513.4,500.15,501.15,492392.0,248480341.4
2026-02-12,501.0,508.9,495.25,505.8,514999.0,260074203.65
2026-02-13,502.1,504.0,494.0,494.85,132229.0,65720271.7
2026-02-16,495.0,495.0,488.9,490.15,344760.0,169643827.1
2026-02-17,490.0,493.8,487.0,488.2,297676.0,146201948.75
2026-02-18,489.5,493.4,485.8,491.7,252039.0,123589240.25
2026-02-19,488.5,496.3,475.2,478.3,301637.0,145972953.75
2026-02-20,472.0,482.55,467.1,479.35,514316.0,243435906.3
2026-02-23,479.35,488.0,469.0,472.0,225064.0,106956224.3
2026-02-24,474.25,474.25,455.35,464.55,299704.0,138704457.5
2026-02-25,466.4,478.85,456.65,473.6,638027.0,300873302.6
2026-02-26,475.0,483.0,463.95,465.25,276982.0,130448829.2
2026-02-27,457.1,466.05,453.25,455.9,259012.0,119093124.65
2026-03-02,439.0,447.4,421.0,441.0,986608.0,432329916.7
2026-03-04,434.0,437.0,424.7,434.8,341124.0,146691589.4
2026-03-05,435.95,442.9,429.4,440.95,475368.0,207647852.6
2026-03-06,443.5,455.0,432.0,435.4,404773.0,178940140.8
2026-03-09,425.0,428.85,401.0,410.95,521213.0,215870409.5
2026-03-10,419.4,431.7,414.3,426.1,641415.0,271028819.25
2026-03-11,427.95,432.6,413.2,415.8,355466.0,151049295.55
2026-03-12,411.9,431.6,403.25,422.15,501717.0,210395110.8
2026-03-13,422.45,423.5,401.35,407.1,428663.0,174684819.0
2026-03-16,411.75,425.0,403.1,407.9,1065255.0,438953299.05
2026-03-17,409.2,419.15,408.2,411.15,335943.0,138826437.5
2026-03-18,413.6,441.6,411.65,437.25,1010136.0,437861633.7
2026-03-19,430.0,432.7,410.5,413.75,371523.0,157346513.05
2026-03-20,420.0,431.25,417.65,420.9,375960.0,159887072.2
2026-03-23,415.0,419.95,396.9,398.85,509417.0,205502953.8
2026-03-24,416.0,416.0,401.5,407.85,474752.0,193660576.5
2026-03-25,412.0,421.2,405.0,406.15,847746.0,349061278.05
2026-03-27,406.1,407.05,384.5,386.45,1110448.0,435158815.8
2026-03-30,379.6,386.55,374.4,377.0,1107800.0,421216414.2
2026-04-01,390.95,414.7,388.6,411.45,666024.0,268259680.25
2026-04-02,407.05,420.1,395.9,414.7,834113.0,342329053.25
2026-04-06,414.85,421.0,404.45,416.05,389461.0,160142826.9
2026-04-07,407.05,429.9,407.05,421.7,570712.0,240998093.25
2026-04-08,448.4,449.45,431.05,448.2,716571.0,316552523.1
2026-04-09,448.2,462.05,441.9,450.2,660852.0,298684825.95
2026-04-10,454.05,475.8,454.05,467.55,675122.0,315578717.45
2026-04-13,453.05,476.75,448.3,467.55,627985.0,293836475.4
2026-04-15,475.0,484.4,472.05,482.0,495563.0,238342913.45
2026-04-16,487.45,491.9,478.0,485.1,328152.0,158400283.1
2026-04-17,486.0,506.9,484.2,497.7,748723.0,374248311.95
2026-04-20,498.0,503.2,489.1,492.4,290184.0,144143484.0
2026-04-21,493.7,523.65,493.05,511.95,1125342.0,579707050.0
2026-04-22,511.0,520.9,508.6,516.75,528274.0,272829550.85
2026-04-23,510.0,520.0,508.5,511.05,355955.0,183538066.5
2026-04-24,511.0,515.3,502.75,511.25,612877.0,310840656.95
2026-04-27,512.0,518.0,505.5,516.8,404209.0,206906421.55
2026-04-28,516.8,521.1,510.0,513.1,286273.0,147341339.6
2026-04-29,515.15,520.75,503.7,505.35,330120.0,168903251.4
2026-04-30,501.0,505.5,495.8,501.5,308606.0,154644199.5
2026-05-04,501.5,527.65,495.05,524.9,819182.0,426855599.4
2026-05-05,517.9,523.5,510.0,518.1,614715.0,317339118.8
2026-05-06,522.0,548.3,520.65,544.85,1193557.0,640175742.2
2026-05-07,547.85,568.9,546.0,565.55,1550418.0,869335205.1
2026-05-08,564.45,574.7,555.55,561.75,726571.0,412210690.55
2026-05-11,555.0,560.0,543.0,549.9,446895.0,247243582.2
2026-05-12,550.4,569.0,528.15,548.1,2673682.0,1464907910.65
2026-05-13,559.9,565.65,538.25,540.9,1382217.0,759816765.6
2026-05-14,545.0,549.7,517.0,520.4,769920.0,408269429.45
2026-05-15,520.6,522.4,493.0,500.2,766728.0,392603750.25
2026-05-18,500.0,504.35,487.9,498.5,697028.0,344927612.4
2026-05-19,500.65,533.65,500.65,525.2,1148836.0,602267535.35
2026-05-20,509.1,518.9,495.1,515.25,1177336.0,602116345.65
2026-05-21,520.0,525.0,508.05,511.9,553854.0,284737759.9
2026-05-22,514.95,518.45,504.45,508.65,396301.0,202721043.55
2026-05-25,512.4,518.05,507.9,515.8,483558.0,248667783.85
2026-05-26,516.0,524.8,503.85,509.5,673213.0,348029279.2
2026-05-27,510.05,517.15,503.35,507.6,439291.0,223313644.65
2026-05-29,507.6,514.55,498.15,501.75,390770.0,198358682.75
2026-06-01,504.1,511.3,490.05,491.95,583545.0,291111361.3
2026-06-02,490.85,503.75,485.45,501.35,366851.0,181326078.3
2026-06-03,515.15,549.9,515.0,544.6,10387627.0,5601389844.2
2026-06-04,544.05,544.05,521.25,524.15,1007928.0,536154847.25
2026-06-05,526.0,530.0,514.0,524.3,723378.0,377355385.3
2026-06-08,525.0,542.0,508.25,513.75,858621.0,450879214.45
2026-06-09,530.0,530.0,515.55,525.05,324649.0,169101040.4
2026-06-10,525.0,542.35,520.0,531.05,1134029.0,605838711.1
2026-06-11,530.0,530.0,512.3,516.7,798730.0,413285601.2
2026-06-12,521.0,545.9,521.0,544.6,1272245.0,686877783.0
2026-06-15,554.0,558.2,545.35,547.45,425098.0,233509592.6
2026-06-16,546.1,565.4,543.0,564.15,792264.0,443795712.5
2026-06-17,559.3,595.0,559.3,593.9,1479891.0,864169969.05
2026-06-18,597.0,600.0,586.0,595.2,747638.0,443903051.35
2026-06-19,594.9,610.3,590.5,598.25,777921.0,467400121.65
2026-06-22,598.5,607.9,594.55,604.35,415752.0,250017130.3
2026-06-23,606.5,621.0,594.0,595.9,614934.0,371523552.6
2026-06-24,598.9,609.0,590.5,605.2,467710.0,281054568.1
2026-06-25,608.0,628.9,596.3,615.7,1049886.0,650111526.15
2026-06-29,615.7,621.0,602.15,605.15,453248.0,276287299.1
2026-06-30,609.0,613.85,600.0,602.25,298411.0,181114563.05
2026-07-01,601.0,626.1,601.0,612.2,415852.0,256478460.2
2026-07-02,615.0,626.0,608.5,622.45,421561.0,261067586.4
2026-07-03,624.9,631.6,616.65,621.7,601901.0,376120394.35
2026-07-06,620.1,627.85,614.3,625.0,339498.0,211424144.65
2026-07-07,627.0,631.9,601.15,608.85,592156.0,362325555.85
2026-07-08,602.4,620.0,587.5,594.6,512383.0,310580369.75
2026-07-09,602.0,659.5,598.6,651.65,5819739.0,3761541241.9
2026-07-10,655.0,669.9,637.1,640.55,1017401.0,668914637.9
2026-07-13,633.5,658.0,630.1,647.3,620318.0,400798407.7
2026-07-14,640.0,643.95,629.15,634.6,475754.0,302762932.65
2026-07-15,634.6,638.4,605.35,620.5,873416.0,540092676.9
2026-07-16,618.0,633.9,609.0,612.0,1318675.0,815608743.2
2026-07-17,624.0,632.0,594.0,604.55,3031488.0,1851859112.9
2026-07-20,604.1,604.25,588.4,595.65,433231.0,258248792.4
2026-07-21,596.8,607.4,590.2,596.5,408233.0,243620005.9
2026-07-22,594.0,602.5,585.6,592.05,408146.0,241573015.25
2026-07-23,591.0,593.05,574.8,577.9,582029.0,338300929.45
2026-07-24,575.0,582.4,570.45,580.65,367645.0,212385305.95
2026-07-27,582.4,589.9,577.75,585.1,321533.0,187806327.1
2026-07-28,585.9,585.9,568.1,572.4,294849.0,170130871.7
2026-07-29,572.5,579.15,571.0,573.95,282833.0,162618389.35
2026-07-30,573.95,574.5,559.0,561.85,582163.0,329968790.3
2026-07-31,561.85,562.95,551.5,555.7,735227.0,409437417.0
2026-08-03,564.0,564.0,552.05,553.95,409223.0,228006352.95
2026-08-04,556.9,567.4,553.95,559.05,493470.0,276880794.2
2026-08-05,565.9,569.0,557.0,559.45,295800.0,166675814.75
2026-08-06,561.1,563.35,554.0,556.8,179075.0,99905013.5
2026-08-07,556.55,560.0,546.0,548.65,328727.0,181096988.85
2026-08-10,550.0,567.8,544.1,548.5,603044.0,336465947.2
2026-08-11,548.0,568.7,548.0,562.5,562733.0,315412610.4
2026-08-12,565.1,581.35,562.05,573.45,759215.0,435665387.15
2026-08-13,577.2,585.2,574.0,579.0,432432.0,251226547.4
2026-08-14,582.8,582.8,568.2,577.05,280169.0,161038449.5
2026-08-17,573.0,574.0,568.0,569.9,221016.0,125947684.4
2026-08-18,570.9,576.5,562.0,563.65,271615.0,153917389.7
2026-08-19,561.55,565.3,546.6,549.7,336191.0,186367922.95
2026-08-20,552.4,556.75,537.9,543.0,402195.0,221180372.45
2026-08-21,543.0,552.95,543.0,549.4,349153.0,191668257.6
2026-08-24,548.0,557.15,535.0,536.55,397488.0,216480056.9
2026-08-25,538.0,546.05,526.3,529.05,416936.0,221997234.65
2026-08-26,532.0,538.0,524.1,527.0,277503.0,147298839.15
2026-08-27,525.5,530.65,515.0,517.55,308464.0,161011686.4
2026-08-28,514.5,520.0,501.0,502.25,988158.0,501427969.3
2026-08-31,504.5,511.15,497.0,502.6,691736.0,347350041.2
2026-09-01,504.4,505.8,494.6,497.15,336371.0,168251854.9
2026-09-02,493.0,499.0,487.8,495.75,172957.0,85543256.05
2026-09-03,496.9,505.85,494.95,497.5,348456.0,174388786.0
2026-09-04,495.0,505.5,491.6,499.15,271428.0,135892472.8
2026-09-07,501.9,517.95,500.95,513.65,675793.0,346069569.2
2026-09-08,510.0,513.9,501.2,503.35,342669.0,173344352.75
2026-09-09,503.8,511.9,498.9,501.95,587336.0,296373939.9
2026-09-10,500.0,506.8,496.0,502.2,292829.0,146786341.0
2026-09-11,499.05,501.9,494.0,495.65,331461.0,164652624.75
2026-09-15,496.0,499.0,448.55,461.3,720224.0,340810666.45
2026-09-16,460.7,461.85,443.0,446.0,710811.0,318990305.25
2026-09-17,440.45,456.4,439.3,449.35,947704.0,426305825.0
2026-09-18,455.0,461.4,447.95,459.5,460974.0,209576395.7
2026-09-21,462.0,477.35,462.0,473.75,469661.0,221838544.95
2026-09-22,476.9,489.7,472.1,474.7,666860.0,320375735.7
2026-09-23,476.9,482.75,472.8,475.0,244086.0,116383444.5
2026-09-24,472.95,472.95,458.0,459.75,247809.0,115249811.75
2026-09-25,460.0,460.25,450.5,455.15,289701.0,131720611.5
2026-09-28,455.45,462.65,449.9,452.25,308633.0,140182533.35
2026-09-29,452.25,459.95,449.1,452.5,392825.0,178193145.35
2026-09-30,452.95,470.8,452.95,458.15,523400.0,243005412.15
2026-10-01,456.4,460.6,437.45,449.6,531272.0,238341217.9
2026-10-05,455.9,458.9,440.5,442.7,241002.0,107318554.35
2026-10-06,445.0,453.0,443.7,449.85,201596.0,90580105.55
2026-10-07,447.9,448.0,433.8,438.1,357439.0,157094723.1
2026-10-08,436.35,443.0,427.9,430.1,276426.0,119950855.7
2026-10-09,430.1,436.8,425.65,430.4,158004.0,68178837.85
