date,open,high,low,close,volume,value
2017-09-25,395.7298,395.7298,332.2543,339.7425,18737248.0,6710318685.55
2017-09-26,342.6683,349.9581,325.9564,335.1306,3393045.0,1149312047.1
2017-09-27,337.4613,367.9593,335.2794,343.7097,6551495.0,2315435143.15
2017-09-28,348.5199,357.8429,344.3544,347.8753,1697809.0,595227347.85
2017-09-29,351.0986,354.074,331.4609,335.7753,1776849.0,608783748.65
2017-10-03,339.6433,341.4781,327.6425,330.2707,936087.0,312930194.35
2017-10-04,330.2707,340.9822,324.3199,332.2543,1196143.0,399586485.35
2017-10-05,332.3535,339.1474,325.9564,331.0642,932725.0,309706496.85
2017-10-06,333.3453,338.9986,331.6097,333.1966,557300.0,186526120.9
2017-10-09,334.238,341.5773,331.5601,333.147,575718.0,193319548.75
2017-10-10,335.1802,338.2052,332.3535,334.2875,498550.0,166836159.4
2017-10-11,336.0232,355.4626,334.2875,338.4035,2146714.0,739596244.25
2017-10-12,340.9326,348.9167,337.6597,345.0486,945865.0,325959324.1
2017-10-13,345.1478,351.7433,338.7507,341.0318,541856.0,186993053.45
2017-10-16,343.4121,343.4121,337.3125,339.8912,385624.0,131027494.75
2017-10-17,339.197,345.4949,336.0728,340.7343,345847.0,117865244.35
2017-10-18,340.9822,346.7843,337.263,339.3953,435554.0,148570611.0
2017-10-19,338.2052,341.9244,338.2052,339.197,111411.0,37870945.8
2017-10-23,341.6765,346.1396,338.7507,339.4449,333073.0,113827243.6
2017-10-24,342.0236,344.9494,336.3703,337.9572,331143.0,112559454.05
2017-10-25,340.6847,340.6847,333.2462,334.5355,312848.0,104922567.65
2017-10-26,335.6265,337.2134,331.7584,332.4031,286465.0,95524856.95
2017-10-27,332.7503,335.9736,331.2625,332.2048,285316.0,94944122.15
2017-10-30,333.5437,339.7921,332.2543,334.5355,252784.0,84832146.55
2017-10-31,335.924,338.7011,332.2543,333.3949,353178.0,118013566.4
2017-11-01,335.2298,344.156,334.2875,336.6183,737037.0,249170056.65
2017-11-02,338.106,352.0904,337.7093,346.1892,1168425.0,404342288.45
2017-11-03,349.115,368.8519,348.5695,365.0831,1832600.0,659276100.45
2017-11-06,368.9511,385.9605,368.9511,379.5634,2132970.0,807742147.25
2017-11-07,381.7454,384.82,357.0494,362.5044,804766.0,296716877.5
2017-11-08,363.8929,375.2986,360.372,368.6536,648310.0,239014686.5
2017-11-09,370.9347,376.7368,352.7847,357.8925,901987.0,327960628.5
2017-11-10,357.0494,357.4462,340.2384,348.024,464707.0,161910551.7
2017-11-13,349.4126,353.7765,342.222,345.0486,565894.0,195904276.95
2017-11-14,345.1478,348.024,337.2134,338.6515,267853.0,91494388.5
2017-11-15,340.1888,344.0568,321.4437,329.9236,378885.0,126805481.75
2017-11-16,334.238,334.238,327.2953,327.9896,351977.0,115795961.65
2017-11-17,333.147,343.0154,332.2543,340.6847,401729.0,136337472.55
2017-11-20,342.0732,345.5941,338.2052,340.7343,171951.0,58720633.65
2017-11-21,343.5609,351.9912,341.9244,345.8917,467341.0,162282602.45
2017-11-22,345.8917,371.3314,343.1642,367.3146,1000502.0,362010936.6
2017-11-23,369.8437,385.2167,364.0913,376.3896,1134927.0,427541519.2
2017-11-24,377.8773,380.5552,369.9925,372.2736,387987.0,145644781.2
2017-11-27,372.9183,373.563,362.554,367.1163,527006.0,193916799.55
2017-11-28,364.9839,379.8609,364.9839,372.1745,409104.0,153096730.45
2017-11-29,371.9265,425.1368,371.9265,413.0864,5890612.0,2391108836.4
2017-11-30,411.5987,422.5085,403.6642,412.8384,4944420.0,2048119334.85
2017-12-01,420.2274,425.4343,406.9868,409.4167,1113763.0,463651986.0
2017-12-04,412.2433,433.8647,398.7052,418.7893,1801153.0,759092058.45
2017-12-05,419.7811,419.8306,401.879,410.6565,559241.0,230423347.95
2017-12-06,406.6892,414.5741,399.7962,401.4327,559519.0,227782845.25
2017-12-07,402.6724,417.252,402.6724,409.9622,698499.0,286594268.4
2017-12-08,412.2433,422.4589,408.1274,409.5159,703978.0,291790816.1
2017-12-11,411.1524,415.1692,406.838,408.772,463137.0,190116485.6
2017-12-12,408.9208,410.3093,390.3741,392.9528,395050.0,158064318.15
2017-12-13,394.5396,408.5241,387.7954,395.7794,712307.0,284715518.5
2017-12-14,397.8622,399.5483,386.9028,389.531,261356.0,102388198.05
2017-12-15,393.2503,402.1765,393.2503,395.3331,259163.0,102924488.7
2017-12-18,390.3245,400.6888,371.9265,390.2749,372923.0,145553644.05
2017-12-19,393.4487,403.6642,392.7048,400.9864,508490.0,202934905.6
2017-12-20,402.2757,412.5409,398.854,405.8958,633193.0,257879925.0
2017-12-21,406.6397,409.5655,399.697,402.7716,303816.0,122992540.5
2017-12-22,403.5651,404.1106,394.8868,397.5151,263880.0,105535280.05
2017-12-26,395.8786,395.8786,387.1011,390.3245,457251.0,178425456.35
2017-12-27,391.1675,401.4823,386.8036,390.1261,433039.0,170968296.4
2017-12-28,392.556,396.1761,389.4814,391.8122,258550.0,101427077.1
2017-12-29,394.0437,400.6888,390.2749,392.6056,425207.0,167985517.05
2018-01-01,393.7462,396.3249,387.1507,388.5392,200675.0,78582040.4
2018-01-02,391.5146,396.4737,383.0843,393.5974,424232.0,165428047.6
2018-01-03,416.5577,420.3265,399.1019,400.7384,1917171.0,779806088.05
2018-01-04,403.6642,404.8544,399.697,401.3335,399888.0,160907391.15
2018-01-05,403.3667,407.5323,398.9036,401.5815,374703.0,151140011.3
2018-01-08,397.2175,405.6478,396.7216,398.2093,264489.0,106112327.4
2018-01-09,399.697,401.9782,394.0437,399.6474,353725.0,141169716.2
2018-01-10,399.697,401.6806,393.4982,394.7876,427953.0,170235181.0
2018-01-11,394.738,399.1019,391.0683,392.4073,395638.0,156558352.95
2018-01-12,394.738,396.672,387.8946,393.647,307822.0,120798715.2
2018-01-15,394.738,412.5409,393.0023,405.995,1036218.0,420095950.5
2018-01-16,408.5241,408.6728,391.7626,395.7794,418962.0,166967494.9
2018-01-17,398.7052,404.6065,383.3818,402.5733,498327.0,198508185.85
2018-01-18,398.7052,404.8544,381.8446,383.8777,589783.0,232297498.45
2018-01-19,387.7458,390.8204,378.8691,385.7622,221816.0,85611181.0
2018-01-22,387.1011,391.1675,379.8609,389.4319,320895.0,123917779.45
2018-01-23,389.0351,394.738,383.8282,385.1671,182169.0,70870427.95
2018-01-24,381.8446,386.2085,372.0257,373.0671,316534.0,119400848.05
2018-01-25,373.8605,379.6626,371.9265,373.6622,176678.0,66206403.05
2018-01-29,376.8855,377.3318,358.7355,360.8679,189323.0,69519348.05
2018-01-30,361.7605,366.422,354.1236,361.4134,352246.0,127019104.9
2018-01-31,361.0167,361.0167,352.1896,354.4708,216323.0,77214913.9
2018-02-01,356.9999,360.0249,342.1724,350.5531,315165.0,111417815.4
2018-02-02,342.1724,347.1314,325.4109,329.1302,477188.0,160062918.7
2018-02-05,327.6921,332.056,311.8232,323.2289,341353.0,110063684.8
2018-02-06,307.4592,314.1043,301.6572,307.0625,458933.0,141138160.1
2018-02-07,320.1543,324.1216,315.2945,321.2453,285227.0,91052761.8
2018-02-08,326.5515,355.0658,322.8818,352.4376,659310.0,227070075.8
2018-02-09,340.1888,353.0822,335.081,345.7925,284651.0,98835982.75
2018-02-12,352.0904,355.2642,347.1314,349.3134,279954.0,98259182.9
2018-02-14,352.14,352.4872,337.263,339.0978,174271.0,59909311.2
2018-02-15,341.0318,346.1396,333.2957,336.3703,179737.0,60962960.55
2018-02-16,337.3125,342.5691,331.3121,332.2543,127841.0,42788977.2
2018-02-19,334.8826,334.8826,317.7244,326.1548,179037.0,57943291.6
2018-02-20,329.2293,334.238,322.5843,332.1056,186418.0,61670483.8
2018-02-21,332.1056,338.2052,329.6757,331.2625,106802.0,35635658.6
2018-02-22,330.2707,332.1056,324.072,325.2621,118586.0,38908697.65
2018-02-23,327.7912,328.6839,319.3609,325.4109,146434.0,47636622.2
2018-02-26,328.5847,332.9486,325.4109,327.8904,185467.0,60959367.15
2018-02-27,328.783,332.056,324.4687,325.2125,97228.0,31788586.55
2018-02-28,323.3281,326.7002,316.931,320.2535,390592.0,126107833.8
2018-03-01,324.8158,335.6265,323.7248,326.5515,366544.0,120479383.0
2018-03-05,326.7498,328.5351,320.3527,321.7908,67112.0,21751976.4
2018-03-06,325.9564,325.9564,320.8486,322.3363,185236.0,59725434.75
2018-03-07,318.9146,321.5925,306.4179,308.699,197348.0,61555710.7
2018-03-08,308.947,313.658,303.492,311.1289,207332.0,64096873.55
2018-03-09,312.3191,314.3523,307.4097,308.2527,116206.0,35992375.05
2018-03-12,312.4183,317.1293,307.5584,311.8728,174104.0,54275495.75
2018-03-13,312.1207,325.0142,311.1289,322.6339,218247.0,70000819.05
2018-03-14,321.3445,331.2625,319.3609,327.4937,149062.0,48755369.45
2018-03-15,330.122,332.2543,319.4105,320.5015,201264.0,65619437.2
2018-03-16,320.3527,321.2453,313.9556,315.3441,138505.0,43844231.2
2018-03-19,317.1293,317.2285,296.1527,299.5744,234907.0,71420825.45
2018-03-20,298.533,307.4592,296.7974,298.4834,472448.0,143175567.65
2018-03-21,301.2605,306.3683,298.533,299.376,109800.0,33071337.25
2018-03-22,301.4092,304.2855,297.5412,298.2851,182750.0,54841019.45
2018-03-23,292.5822,296.5494,287.7223,292.7805,217191.0,63468937.9
2018-03-26,296.0535,296.599,288.615,290.5986,277865.0,81293121.9
2018-03-27,292.5822,301.5084,292.5822,299.7232,232105.0,68956652.9
2018-03-28,297.4916,302.5002,294.665,300.0703,180843.0,53887358.4
2018-04-02,303.9383,308.4511,301.6572,306.3187,83043.0,25406424.9
2018-04-03,304.4838,326.3035,303.5912,325.2125,316889.0,101119383.85
2018-04-04,327.3945,335.2298,324.667,332.899,441145.0,145973454.85
2018-04-05,338.106,342.8171,327.2953,335.1802,235680.0,79444863.35
2018-04-06,338.2052,338.2052,328.2871,332.3535,99643.0,33011970.25
2018-04-09,332.5519,339.197,332.5519,338.0068,145145.0,48813452.45
2018-04-10,337.3125,340.04,335.2298,336.5191,123803.0,41818732.55
2018-04-11,336.5191,337.5109,328.2375,332.899,92125.0,30722660.45
2018-04-12,334.6843,350.0076,332.3039,341.9244,373190.0,127547355.85
2018-04-13,343.1642,343.7593,329.3781,332.056,385847.0,129173279.2
2018-04-16,327.6921,344.156,326.3531,340.6351,260240.0,88031213.95
2018-04-17,338.106,360.0249,338.106,354.8675,512211.0,180494144.35
2018-04-18,356.9999,357.5454,347.1314,351.4458,204105.0,72274624.05
2018-04-19,354.5699,368.8519,349.8589,361.8597,370326.0,133721938.45
2018-04-20,355.3138,363.2978,355.3138,361.1158,230028.0,82566236.75
2018-04-23,354.1732,366.3724,354.1732,358.3884,188675.0,67916547.4
2018-04-24,359.7769,370.538,357.099,364.5376,360174.0,131351581.2
2018-04-25,363.6945,363.6945,352.1896,356.9999,144306.0,51794465.05
2018-04-26,356.0576,362.0085,351.0986,356.6031,228438.0,82137778.7
2018-04-27,357.1486,362.0085,356.1072,358.3884,154609.0,55601431.35
2018-04-30,359.0826,361.1654,351.7433,353.9253,80121.0,28622679.1
2018-05-02,352.0904,356.7519,345.1478,349.5613,104918.0,36773430.15
2018-05-03,349.0654,349.0654,337.7589,339.9904,77932.0,26596690.2
2018-05-04,340.883,346.7347,337.2134,342.4699,81059.0,27764504.05
2018-05-07,343.1642,346.1396,336.3703,337.6597,52723.0,17903539.35
2018-05-08,338.5027,341.1806,332.2543,333.147,35954.0,12088491.0
2018-05-09,333.147,352.0904,333.147,350.9994,156403.0,54144527.25
2018-05-10,351.0986,361.9589,347.3298,350.5035,128183.0,45327626.95
2018-05-11,353.0822,356.0576,343.2634,349.6605,64653.0,22720238.6
2018-05-14,350.1068,359.9753,348.1232,351.8425,76688.0,27222274.15
2018-05-15,353.0822,357.9421,340.288,341.5277,87728.0,30741709.0
2018-05-16,335.2794,345.0486,335.2794,341.2798,59453.0,20261950.95
2018-05-17,344.156,344.156,327.9896,335.4777,62886.0,21113663.8
2018-05-18,336.4199,352.6855,327.2953,329.0806,106919.0,35943257.75
2018-05-21,315.3937,321.047,263.8199,295.4088,658265.0,194955060.8
2018-05-22,290.5986,301.5084,284.2014,299.376,599576.0,177993857.0
2018-05-23,307.2609,307.2609,282.565,286.7305,486496.0,144024390.95
2018-05-24,289.6068,296.4006,277.8043,279.292,240884.0,68171969.6
2018-05-25,285.0445,285.0445,268.7789,271.5064,349772.0,95735075.5
2018-05-28,273.1924,287.6232,273.1924,283.656,378290.0,105925569.5
2018-05-29,286.6314,287.6232,277.7547,280.383,255946.0,71868774.75
2018-05-30,279.3912,283.656,274.333,279.6887,210189.0,58901906.45
2018-05-31,281.8707,324.1711,279.1432,308.1039,1513363.0,469107447.1
2018-06-01,305.4756,310.4347,294.0699,300.467,309674.0,93469375.75
2018-06-04,300.1199,302.2027,284.9949,286.7801,120456.0,35350721.35
2018-06-05,286.4826,288.2183,282.6641,284.5486,160860.0,45795151.3
2018-06-06,283.7055,295.5576,282.1187,289.8547,100367.0,29185935.35
2018-06-07,292.0367,300.0207,291.0945,292.8301,115471.0,34124144.15
2018-06-08,294.2683,295.2105,282.8129,287.3256,199076.0,57309351.45
2018-06-11,289.6068,294.2187,287.6232,289.0117,87446.0,25370975.4
2018-06-12,289.0117,303.7896,289.0117,297.3924,194923.0,57861451.05
2018-06-13,299.6736,301.3101,292.8301,294.1195,54862.0,16288285.3
2018-06-14,293.3756,294.5658,289.458,290.0531,58849.0,17128067.75
2018-06-15,288.0695,293.6732,287.8215,288.615,58537.0,16997725.75
2018-06-18,288.615,289.4084,285.1437,286.8297,33152.0,9521923.85
2018-06-19,286.3338,286.3338,275.9199,277.6059,111753.0,31306659.6
2018-06-20,279.1928,280.4822,272.9941,275.9199,91921.0,25397967.4
2018-06-21,277.2588,288.5158,275.8703,286.433,236053.0,66704291.25
2018-06-22,283.7551,313.2117,278.6969,280.4822,1264994.0,368518766.65
2018-06-25,281.0773,286.5818,278.7961,280.8293,117445.0,33210803.4
2018-06-26,281.1764,281.474,270.9609,272.9941,96056.0,26429603.75
2018-06-27,272.9941,275.1264,253.9018,262.1834,438345.0,114182072.15
2018-06-28,263.3736,271.4568,259.1088,260.6957,225997.0,59855504.15
2018-06-29,261.985,270.465,261.985,268.6301,146292.0,39063315.7
2018-07-02,271.06,271.5559,264.9604,267.2912,71871.0,19256411.05
2018-07-03,270.4154,272.2006,262.7785,270.0682,60583.0,16293297.3
2018-07-04,268.283,273.5396,267.2912,269.7211,52479.0,14157535.95
2018-07-05,269.7211,276.7133,267.7871,272.4982,74085.0,20142747.9
2018-07-06,270.2666,277.7051,270.2666,271.2088,64692.0,17711275.3
2018-07-09,271.7543,277.6059,270.3658,272.4486,87899.0,24036037.45
2018-07-10,273.4404,279.2424,272.7461,276.4654,76847.0,21217056.25
2018-07-11,276.6637,278.6969,270.6137,271.7047,56783.0,15554125.6
2018-07-12,272.8453,282.2178,270.3162,272.151,168789.0,46773891.25
2018-07-13,275.0273,275.6719,269.4236,270.9113,40347.0,11003228.3
2018-07-16,271.7543,273.3908,267.4895,267.9359,58115.0,15635375.25
2018-07-17,267.7871,270.1178,261.4891,262.4809,76085.0,20126871.5
2018-07-18,264.415,266.7953,255.8854,258.6625,91023.0,23708508.15
2018-07-19,260.8445,263.7207,252.4141,259.9518,93221.0,23923716.35
2018-07-20,258.8609,267.4895,246.2153,254.2986,112600.0,28965634.55
2018-07-23,253.8522,255.8854,242.992,250.2817,94607.0,23676782.4
2018-07-24,250.9264,263.8199,250.4305,262.9768,90537.0,23403473.15
2018-07-25,265.8035,265.8531,257.9682,259.0592,47560.0,12470827.55
2018-07-26,258.3649,261.8859,257.0756,257.6707,56641.0,14679955.45
2018-07-27,259.3072,262.4809,256.0838,260.4477,66770.0,17360800.7
2018-07-30,258.8609,265.5555,251.9678,257.1252,77591.0,20084784.1
2018-07-31,259.0096,264.8117,257.9186,259.6047,85259.0,22248468.1
2018-08-01,260.5965,292.2846,260.5965,279.0441,1225922.0,349046492.85
2018-08-02,276.2174,290.9457,272.7461,283.7551,345329.0,98183941.1
2018-08-03,284.9453,289.3092,281.8211,285.9867,98506.0,28235403.75
2018-08-06,286.0859,290.5986,282.565,284.3998,71334.0,20494252.3
2018-08-07,285.1437,287.6232,277.7547,281.1764,69191.0,19542327.15
2018-08-08,284.0527,284.9949,279.8375,281.6228,37409.0,10560951.95
2018-08-09,281.6228,291.5904,278.8457,281.6228,127840.0,36470961.85
2018-08-10,285.6396,287.1273,277.7051,278.3994,108170.0,30558277.65
2018-08-13,275.7215,275.7215,264.5141,265.7043,113244.0,30428309.15
2018-08-14,265.8035,270.2666,263.8199,265.01,88541.0,23529894.75
2018-08-16,261.8363,266.7953,261.8363,264.0678,47880.0,12654583.65
2018-08-17,264.8117,269.3244,263.9191,265.258,46331.0,12354462.1
2018-08-20,267.3904,267.3904,261.8363,263.7207,72155.0,19054782.85
2018-08-21,263.8199,271.7543,262.8281,267.3408,52228.0,13965417.75
2018-08-23,267.7871,267.9854,263.8199,264.6629,45010.0,11960926.7
2018-08-24,265.5589,267.7988,261.3776,263.4185,36608.0,9655268.1
2018-08-27,265.0113,266.8033,262.8212,263.6176,30060.0,7944076.85
2018-08-28,264.0656,265.758,261.975,262.5723,38236.0,10073293.5
2018-08-29,262.7216,269.7899,261.8256,262.9705,67816.0,17945260.65
2018-08-30,263.0203,269.2921,262.8709,267.3011,51443.0,13725369.65
2018-08-31,266.5046,271.7312,265.7082,268.0975,62464.0,16788733.3
2018-09-03,267.3011,269.2921,265.0113,266.8033,62161.0,16606660.85
2018-09-04,269.6904,269.6904,248.9832,254.0107,345264.0,90980834.9
2018-09-05,254.7076,257.943,251.5716,254.4089,76161.0,19336510.55
2018-09-06,256.0515,262.7714,256.0515,257.943,55117.0,14276578.95
2018-09-07,258.0924,258.1422,252.9654,253.8116,96941.0,24683074.4
2018-09-10,253.8614,255.3547,251.9698,253.4631,43927.0,11126343.2
2018-09-11,254.7076,254.8569,251.3725,251.9698,164538.0,41743059.65
2018-09-12,252.8658,252.8658,249.8792,251.721,30154.0,7568747.05
2018-09-14,251.9698,254.8569,250.825,251.3725,38882.0,9820336.8
2018-09-17,252.8658,252.8658,248.2864,248.6846,48498.0,12089705.5
2018-09-18,250.2774,257.7439,246.1957,247.689,41296.0,10347838.4
2018-09-19,248.8339,252.7663,244.9015,246.2455,29670.0,7364769.3
2018-09-21,246.8926,248.3859,228.8734,246.1957,149228.0,36201576.1
2018-09-24,242.9105,246.3451,227.9775,229.421,81591.0,19012711.7
2018-09-25,229.0725,235.2946,222.0042,227.2308,200225.0,45720783.3
2018-09-26,231.412,232.6565,225.9864,227.8281,45055.0,10328561.2
2018-09-27,228.0272,229.9187,218.6692,219.9136,52577.0,11786816.7
2018-09-28,220.3118,228.4752,218.5696,219.2167,150390.0,33501480.65
2018-10-01,213.6418,216.6781,199.0572,209.6098,81477.0,16874875.7
2018-10-03,210.1574,221.0087,206.8223,213.2435,24603.0,5289779.4
2018-10-04,208.9627,212.9947,205.0802,207.6188,30512.0,6376139.05
2018-10-05,208.5645,208.8632,196.6679,199.2563,63921.0,12887678.75
2018-10-08,199.2065,202.0935,192.1382,194.0297,54119.0,10638008.15
2018-10-09,194.9755,199.0074,187.4094,189.8982,36265.0,7000768.55
2018-10-10,190.1471,200.9985,190.1471,197.4643,51542.0,10196982.75
2018-10-11,189.2511,193.1337,189.1516,190.7445,43096.0,8246080.35
2018-10-12,192.0386,196.6181,191.2422,193.084,68952.0,13372529.0
2018-10-15,194.627,203.9851,193.1835,198.9576,50952.0,10086263.85
2018-10-16,199.8536,208.465,199.8536,202.2429,86018.0,17526299.55
2018-10-17,205.1299,206.8721,198.7087,199.754,32428.0,6524069.8
2018-10-19,195.1248,198.1114,190.9436,192.6857,40895.0,7912909.35
2018-10-22,196.1701,196.1701,187.1605,188.7534,25355.0,4833835.15
2018-10-23,187.8574,187.8574,183.1784,184.373,23238.0,4299482.45
2018-10-24,186.9614,188.6041,182.6806,183.925,31764.0,5873699.3
2018-10-25,182.8797,182.8797,173.4719,177.255,54446.0,9664561.95
2018-10-26,175.3137,180.142,170.336,179.2958,46369.0,8173380.4
2018-10-29,179.694,208.0668,176.7074,204.0846,191401.0,37752312.2
2018-10-30,202.0935,207.8676,196.6679,200.202,87166.0,17510514.7
2018-10-31,199.1069,206.0757,197.3648,201.9442,43046.0,8668779.15
2018-11-01,201.9442,216.3297,201.3469,210.8543,87461.0,18355066.25
2018-11-02,210.0578,216.031,207.0712,208.7636,60861.0,12817944.45
2018-11-05,209.5601,215.6826,209.1121,213.9902,76859.0,16391729.4
2018-11-06,212.7458,214.8862,211.0534,212.5964,21774.0,4641966.15
2018-11-07,216.4292,217.7234,213.0444,215.4835,5268.0,1133491.75
2018-11-09,215.1848,215.1848,211.8996,213.6418,17426.0,3724095.7
2018-11-12,215.8319,224.8913,214.1395,219.7145,71536.0,15804093.95
2018-11-13,218.0221,221.0087,214.1893,218.9181,17776.0,3875923.9
2018-11-14,219.9634,224.0949,217.0763,217.9723,64846.0,14382790.8
2018-11-15,217.0266,223.3482,216.5786,219.8141,37658.0,8265114.4
2018-11-16,217.4248,221.7056,217.0763,218.3705,21974.0,4833846.8
2018-11-19,219.3163,223.398,215.0355,218.0221,24225.0,5335181.65
2018-11-20,217.0266,220.4612,213.4426,217.5243,63036.0,13648208.65
2018-11-21,217.0266,229.9685,215.583,224.8415,114837.0,25896709.15
2018-11-22,225.9864,228.973,222.9998,223.9455,25403.0,5711338.65
2018-11-26,223.9455,226.7828,223.9455,225.5384,25149.0,5667324.3
2018-11-27,224.9908,228.973,224.9908,227.629,20379.0,4628209.7
2018-11-28,228.6743,234.8466,226.8824,232.7062,174554.0,40355987.65
2018-11-29,234.7471,239.8243,232.9551,238.1319,56832.0,13443975.2
2018-11-30,234.9462,243.1594,234.9462,240.8696,51769.0,12457373.75
2018-12-03,241.019,242.1638,232.9551,239.3763,25715.0,6119881.35
2018-12-04,239.3763,239.3763,229.7694,236.7879,20619.0,4862240.85
2018-12-05,233.9507,239.4261,231.9596,237.3853,31740.0,7537824.15
2018-12-06,232.9551,237.435,232.9551,236.0413,28630.0,6748771.1
2018-12-07,234.5978,242.3629,234.5978,237.2359,25484.0,6068652.7
2018-12-10,229.9685,235.3444,229.9685,234.0004,19962.0,4666105.65
2018-12-11,229.9685,233.9507,226.4344,232.6067,12710.0,2929380.7
2018-12-12,233.7018,243.906,232.2085,242.8607,22311.0,5396791.4
2018-12-13,244.8518,248.8837,244.0056,245.2998,17765.0,4376150.75
2018-12-14,245.2998,246.8926,237.5346,239.7248,23415.0,5662069.1
2018-12-17,238.9781,242.9105,238.8786,241.019,12935.0,3103153.6
2018-12-18,241.4172,243.906,240.0234,242.9602,10927.0,2648925.6
2018-12-19,243.5078,259.8346,242.3629,256.9973,88201.0,22513128.6
2018-12-20,256.848,264.7127,254.0107,259.5857,34617.0,8982024.3
2018-12-21,259.5857,261.8256,253.7618,256.0515,58848.0,15136211.4
2018-12-24,256.5493,256.5493,251.8703,254.2098,13205.0,3356622.95
2018-12-26,253.8116,253.8116,245.1006,249.0828,16662.0,4149692.15
2018-12-27,250.0783,251.8703,245.1006,248.6846,9801.0,2450427.95
2018-12-28,250.2774,252.5672,247.8881,248.7841,26993.0,6726897.05
2018-12-31,248.9832,251.273,245.4491,247.7388,14107.0,3511648.95
2019-01-01,245.9469,247.3904,243.5078,246.1957,10888.0,2670170.95
2019-01-02,244.9513,255.8524,243.906,246.4446,192844.0,48359900.95
2019-01-03,248.8339,249.8792,244.9513,247.7886,52547.0,13062909.8
2019-01-04,247.0917,247.689,243.906,244.4535,12720.0,3121284.75
2019-01-07,244.9015,249.8792,244.9015,246.9424,38194.0,9463071.3
2019-01-08,245.0011,248.8837,245.0011,248.3859,18580.0,4604762.9
2019-01-09,251.3227,251.3227,247.5895,249.4312,18405.0,4579844.95
2019-01-10,249.4312,252.3183,246.8926,250.1281,51715.0,12923145.5
2019-01-11,248.9335,249.6801,245.4989,245.9966,22901.0,5651120.3
2019-01-14,246.146,247.9877,240.123,242.1638,15113.0,3692935.85
2019-01-15,243.7567,245.8971,237.9328,238.0324,114928.0,27523826.0
2019-01-16,237.9826,245.8971,237.9826,240.8198,27968.0,6789040.95
2019-01-17,243.5078,245.8971,241.9149,242.5123,34088.0,8330995.0
2019-01-18,242.1638,243.458,236.0911,237.435,30496.0,7318220.2
2019-01-21,240.0234,240.0234,231.2627,232.0591,27824.0,6490015.2
2019-01-22,231.5614,234.6973,225.7873,229.2219,30556.0,6996788.45
2019-01-23,228.9232,228.973,225.0406,225.8371,11428.0,2594010.35
2019-01-24,225.9864,229.9685,223.5971,224.2442,16478.0,3727353.7
2019-01-25,224.9908,226.285,212.9947,213.8906,28282.0,6207486.35
2019-01-28,214.0897,216.3795,204.5824,205.4784,29634.0,6162700.6
2019-01-29,205.0802,208.0668,193.1337,204.7815,30407.0,6130660.4
2019-01-30,203.4375,213.0444,203.4375,209.0623,55935.0,11739683.15
2019-01-31,210.008,212.5964,207.121,211.2525,23848.0,5013846.7
2019-02-01,211.352,220.9092,211.1031,217.4248,37850.0,8192931.45
2019-02-04,216.1306,219.8638,207.0712,210.8543,50195.0,10781714.1
2019-02-05,210.4063,212.9947,200.202,209.0623,33586.0,7007166.05
2019-02-06,208.3654,213.9404,207.3201,209.2116,16551.0,3469606.55
2019-02-07,209.2116,212.0489,203.4375,207.569,35188.0,7317115.0
2019-02-08,208.465,210.456,202.1433,203.9353,16191.0,3336210.5
2019-02-11,204.4828,204.881,194.5275,195.7221,32456.0,6488533.15
2019-02-12,195.971,197.1159,188.0565,189.7987,63902.0,12129928.1
2019-02-13,194.1293,198.7087,189.1516,190.5951,30063.0,5817027.65
2019-02-14,191.1427,195.0253,187.2103,191.292,21840.0,4162956.75
2019-02-15,191.3915,192.5364,189.1516,191.3418,11314.0,2153753.45
2019-02-18,189.2014,194.1293,188.2058,190.7445,20853.0,3984669.85
2019-02-19,193.0342,198.1114,190.6449,191.1924,124540.0,24158763.05
2019-02-20,192.2875,196.0208,190.0974,193.6315,18978.0,3668908.85
2019-02-21,194.0795,198.6092,192.0884,195.8217,14254.0,2787705.8
2019-02-22,196.7674,201.098,194.7266,200.6002,16777.0,3342843.0
2019-02-25,203.786,209.0623,202.0935,204.9308,25899.0,5320738.9
2019-02-26,197.6136,204.5824,196.1203,201.4962,42223.0,8497650.0
2019-02-27,202.4918,206.5735,199.1069,200.4509,19240.0,3914866.0
2019-02-28,199.5549,210.0578,199.5549,208.5645,45969.0,9501954.4
2019-03-01,209.5601,222.4522,209.5601,218.3208,64687.0,14130661.7
2019-03-05,220.0132,242.7114,220.0132,240.123,98310.0,23017815.55
2019-03-06,242.2634,242.2634,234.2991,238.0821,45315.0,10765673.1
2019-03-07,237.883,242.6118,227.6788,229.1721,41388.0,9652399.95
2019-03-08,230.3667,237.9328,230.0681,235.892,52968.0,12372795.55
2019-03-11,234.3489,243.4082,234.3489,236.8875,92474.0,22175452.35
2019-03-12,241.3674,246.8926,234.0502,236.2404,79718.0,19058782.95
2019-03-13,237.0368,241.9149,235.8422,238.6794,78036.0,18552219.5
2019-03-14,240.9194,250.825,238.2315,241.2678,384143.0,94376530.05
2019-03-15,241.5167,243.8065,237.0368,238.9781,102768.0,24655848.7
2019-03-18,240.9194,241.8652,236.9373,237.9328,40319.0,9629270.25
2019-03-19,237.4848,239.7248,233.5027,236.9373,57349.0,13597432.1
2019-03-20,238.1319,242.9105,233.9009,236.0413,30879.0,7356875.6
2019-03-22,236.4395,238.8786,231.9596,232.5071,45890.0,10736074.0
2019-03-25,228.4752,229.6699,222.1038,223.4478,73501.0,16556543.5
2019-03-26,224.4931,229.869,222.9998,223.7464,72973.0,16390338.05
2019-03-27,224.0949,225.9864,220.2621,223.2487,63165.0,14140244.6
2019-03-28,224.3935,225.9864,222.054,223.7464,37126.0,8303941.35
2019-03-29,224.8913,230.6654,222.6016,225.7873,60862.0,13744450.4
2019-04-01,228.1766,239.6252,227.8281,232.0591,77341.0,18068841.0
2019-04-02,233.9507,237.6341,230.0681,230.8147,39962.0,9342466.45
2019-04-03,232.9551,236.8377,227.4797,229.3214,47515.0,11090597.2
2019-04-04,230.317,233.7018,227.4797,230.4663,26238.0,6053085.55
2019-04-05,232.9551,237.3355,231.412,234.9462,34161.0,8041063.4
2019-04-08,234.996,243.8562,233.9507,237.2359,53691.0,12826160.65
2019-04-09,235.4937,241.9149,234.9462,239.8741,60769.0,14538564.15
2019-04-10,240.123,240.123,233.9507,234.7969,29535.0,6973088.1
2019-04-11,235.4937,238.4803,229.5703,232.0094,48277.0,11240107.05
2019-04-12,232.0591,235.2946,230.1676,231.5116,62746.0,14584088.1
2019-04-15,231.9596,233.3036,229.4708,229.9685,55838.0,12862084.9
2019-04-16,230.0183,234.7471,228.973,230.1178,49975.0,11529063.35
2019-04-18,230.4663,231.0138,226.9819,228.973,41719.0,9546725.2
2019-04-22,228.973,229.6201,225.2397,227.2806,14334.0,3259665.25
2019-04-23,224.4931,233.9507,224.4931,229.5703,74248.0,17160508.25
2019-04-24,230.2174,230.9143,225.8868,226.0859,29104.0,6601077.15
2019-04-25,225.5882,230.8645,225.5882,228.8237,25152.0,5762146.75
2019-04-26,228.0272,231.9596,223.1989,225.5384,45681.0,10333755.45
2019-04-30,226.6833,227.4299,223.1491,226.0362,55618.0,12560534.6
2019-05-02,230.9641,232.9551,226.9819,229.6201,66375.0,15256026.35
2019-05-03,232.9551,232.9551,227.0317,228.077,18091.0,4147777.45
2019-05-06,227.9775,228.077,220.0132,220.9589,37344.0,8295398.0
2019-05-07,219.7145,224.9908,219.5652,220.8594,27569.0,6118786.35
2019-05-08,219.4159,225.4886,219.0176,223.9953,71888.0,16032942.75
2019-05-09,222.0042,224.9908,222.0042,223.398,57824.0,12935682.3
2019-05-10,224.3437,224.9908,223.1491,223.9953,48115.0,10781572.9
2019-05-13,224.3935,225.8868,222.0042,223.9455,67970.0,15221029.85
2019-05-14,222.054,230.8147,220.1625,224.0451,109736.0,24559801.8
2019-05-15,223.9953,226.9819,222.1536,224.4433,73011.0,16383330.4
2019-05-16,227.9775,227.9775,219.167,223.9953,270817.0,60566206.5
2019-05-17,223.9455,231.9596,223.0496,229.4708,185638.0,42267084.55
2019-05-20,234.4484,239.4759,230.9641,234.7969,130515.0,30551893.6
2019-05-21,235.7924,237.8332,227.0317,231.1632,31696.0,7375551.4
2019-05-22,229.6201,245.8971,229.6201,237.4848,189246.0,44429234.4
2019-05-23,243.2091,248.6348,239.1274,243.906,180340.0,43842020.35
2019-05-24,244.8518,268.1971,241.4172,264.9616,264569.0,68075776.95
2019-05-27,258.9386,276.7587,258.9386,272.9258,160595.0,43724057.6
2019-05-28,273.772,273.772,268.2468,269.0433,56324.0,15166898.8
2019-05-29,269.0433,278.252,266.0567,268.6948,64140.0,17478652.6
2019-05-30,266.4051,270.7854,265.9073,268.5953,34327.0,9216704.95
2019-05-31,265.8575,270.437,259.0381,269.0433,58502.0,15629859.25
2019-06-03,267.5997,275.1658,266.8033,270.0886,39089.0,10598439.15
2019-06-04,269.7401,274.7676,266.8033,268.1971,27136.0,7331129.1
2019-06-06,268.8939,273.6725,256.7982,267.3508,42746.0,11424259.65
2019-06-07,265.9571,270.7854,261.8256,269.6904,101038.0,26944805.95
2019-06-10,271.781,273.5729,263.3189,269.7899,81905.0,22034236.2
2019-06-11,268.7944,269.7899,265.2104,268.7944,24140.0,6479305.4
2019-06-12,268.9437,269.2921,264.1154,267.8486,87770.0,23482432.05
2019-06-13,269.7899,270.6859,262.0247,268.9437,62668.0,16717373.7
2019-06-14,266.8033,268.7944,264.1154,267.9979,34442.0,9198574.5
2019-06-17,265.8575,268.7944,264.8122,267.7491,80887.0,21654527.95
2019-06-18,266.8033,270.2877,266.8033,267.7491,30783.0,8250715.55
2019-06-19,267.2513,269.6904,261.7261,267.5997,59752.0,15928154.85
2019-06-20,266.7535,270.7854,262.0247,268.1473,78911.0,21004603.65
2019-06-21,268.1473,272.5774,267.7491,268.8939,32917.0,8873603.5
2019-06-24,268.1971,270.8352,265.8078,269.093,18565.0,4990086.1
2019-06-25,268.6948,271.6316,266.3553,269.9392,26402.0,7110496.75
2019-06-26,269.7899,271.9801,267.8984,269.8397,18357.0,4955105.0
2019-06-27,268.8939,271.2334,266.9526,269.989,18090.0,4879476.35
2019-06-28,269.3419,271.5819,268.9935,270.1881,14939.0,4041436.7
2019-07-01,269.5908,272.229,262.423,270.0388,24553.0,6604077.85
2019-07-02,269.5908,270.8352,266.4051,268.8442,15700.0,4211917.55
2019-07-03,267.7988,271.781,267.7988,269.8397,18140.0,4905590.45
2019-07-04,268.645,271.5819,268.645,269.7899,18602.0,5020212.4
2019-07-05,272.5774,283.1301,269.4912,272.4779,101788.0,28304461.75
2019-07-08,271.6814,271.6814,266.9029,269.7899,42064.0,11344115.8
2019-07-09,268.8442,271.781,266.8033,270.2379,46609.0,12569604.45
2019-07-10,267.5002,271.0343,267.5002,269.989,62164.0,16763152.3
2019-07-11,269.989,271.3828,268.7944,270.5366,11274.0,3046540.85
2019-07-12,270.5366,271.6814,268.3464,270.3375,30633.0,8270201.7
2019-07-15,270.3375,272.7765,268.1473,270.4868,30608.0,8261471.7
2019-07-16,272.7765,272.8263,266.8531,268.7944,134625.0,36144411.8
2019-07-17,268.1971,268.9935,264.9118,267.7491,62627.0,16766750.75
2019-07-18,268.7944,268.7944,265.9571,267.9979,37549.0,10050754.8
2019-07-19,266.9526,269.7401,266.8033,267.7988,49241.0,13187184.2
2019-07-22,265.9073,269.7401,231.7605,255.5538,249813.0,64504635.55
2019-07-23,255.5538,255.5538,243.458,248.9335,40487.0,9988804.05
2019-07-24,245.3993,247.8881,244.2047,246.6437,11920.0,2937019.75
2019-07-25,245.3993,251.1236,236.6386,248.137,36060.0,8826298.3
2019-07-26,244.9015,258.839,244.9015,254.8071,47686.0,12173709.65
2019-07-29,254.8071,256.848,246.146,247.2908,34553.0,8642441.85
2019-07-30,247.2908,249.8792,238.9283,244.5033,92442.0,22929925.85
2019-07-31,241.7656,243.6073,232.9551,235.7924,98745.0,23535355.65
2019-08-01,230.9641,234.4484,215.0355,216.7777,44355.0,9937922.0
2019-08-02,220.9092,227.4797,216.1306,222.7509,56187.0,12534968.25
2019-08-05,222.9998,222.9998,209.1618,217.1261,32894.0,7107421.5
2019-08-06,218.0221,226.9321,214.9857,224.3935,14659.0,3264845.1
2019-08-07,222.054,224.9411,214.5875,217.0266,14555.0,3191008.4
2019-08-08,216.031,226.7828,216.031,221.3074,43037.0,9543313.55
2019-08-09,222.5518,223.3482,215.7822,216.6781,41819.0,9122187.75
2019-08-13,216.6781,226.9819,213.0444,217.1759,28968.0,6398948.35
2019-08-14,214.2391,219.9136,214.1893,217.7234,23424.0,5099676.7
2019-08-16,218.9181,219.0176,215.9813,218.9181,24311.0,5301409.2
2019-08-19,222.8504,226.9819,219.0176,222.95,25345.0,5636402.3
2019-08-20,223.0,224.0,178.4,183.75,324001.0,61823747.1
2019-08-21,160.0,192.95,155.65,182.8,2655614.0,465593720.35
2019-08-22,182.6,185.0,176.2,180.35,153457.0,27628475.9
2019-08-23,176.0,184.0,174.95,177.75,147325.0,26560137.5
2019-08-26,182.0,197.8,182.0,191.3,429211.0,82456444.45
2019-08-27,193.0,212.0,191.45,205.6,183806.0,37292931.45
2019-08-28,206.0,209.8,191.05,195.5,95720.0,19343471.95
2019-08-29,197.1,201.0,189.15,194.45,56421.0,10973740.35
2019-08-30,195.6,204.55,195.55,201.2,128336.0,25658397.25
2019-09-03,198.0,204.6,197.3,199.3,18709.0,3761433.5
2019-09-04,201.9,202.85,196.4,201.45,38451.0,7703740.65
2019-09-05,200.85,205.0,196.4,200.15,47806.0,9704998.35
2019-09-06,202.9,219.0,202.25,207.0,390851.0,82239850.55
2019-09-09,211.8,214.9,209.1,210.6,60180.0,12746668.35
2019-09-11,212.65,215.05,207.5,210.8,72534.0,15275933.25
2019-09-12,212.45,217.0,210.1,211.0,64467.0,13783352.0
2019-09-13,213.85,223.15,211.0,217.0,121987.0,26599438.15
2019-09-16,217.0,217.0,213.0,214.75,27548.0,5917857.7
2019-09-17,217.9,219.75,209.45,213.2,39429.0,8438736.35
2019-09-18,214.95,219.4,212.55,215.4,40278.0,8679973.9
2019-09-19,215.0,215.4,208.0,209.75,21592.0,4562836.3
2019-09-20,212.75,221.95,207.05,213.15,94805.0,20409765.05
2019-09-23,215.0,221.0,214.7,219.9,40361.0,8798005.45
2019-09-24,218.1,219.55,210.3,211.55,41622.0,8884505.3
2019-09-25,211.9,212.8,206.0,206.8,32162.0,6719947.95
2019-09-26,209.85,211.45,206.4,207.05,27122.0,5661542.0
2019-09-27,210.0,210.0,202.0,203.1,30918.0,6328589.15
2019-09-30,203.65,204.95,192.55,197.85,39228.0,7792173.55
2019-10-01,196.1,201.85,192.0,192.9,22553.0,4421621.1
2019-10-03,191.0,199.0,191.0,194.65,17369.0,3370950.4
2019-10-04,195.8,196.6,184.65,187.75,31070.0,5903200.4
2019-10-07,187.1,194.75,187.1,191.25,22825.0,4340986.9
2019-10-09,188.0,207.95,188.0,198.7,34312.0,6791051.75
2019-10-10,197.0,204.0,195.0,196.4,17818.0,3542172.4
2019-10-11,196.5,199.85,194.1,194.7,14561.0,2864854.35
2019-10-14,199.0,199.0,191.0,192.05,9854.0,1913388.45
2019-10-15,194.9,194.95,192.0,193.55,11157.0,2156315.1
2019-10-16,195.0,197.7,191.95,194.0,23079.0,4492773.75
2019-10-17,193.0,194.95,192.0,193.05,10058.0,1942606.9
2019-10-18,193.0,198.85,191.3,197.9,17613.0,3450943.1
2019-10-22,199.9,199.9,192.0,192.75,36739.0,7132685.25
2019-10-23,194.8,201.35,192.25,193.0,21995.0,4314899.7
2019-10-24,193.95,195.85,191.0,192.15,30502.0,5910841.2
2019-10-25,193.0,196.45,192.35,194.7,9979.0,1941389.0
2019-10-27,192.15,197.0,191.0,192.95,8068.0,1557861.6
2019-10-29,192.2,216.55,192.2,205.0,95201.0,19585148.05
2019-10-30,206.45,209.85,200.0,202.9,31140.0,6361774.55
2019-10-31,203.0,222.0,202.55,213.0,91884.0,19707301.2
2019-11-01,214.45,239.0,210.0,230.2,270632.0,61820360.7
2019-11-04,231.95,232.45,220.6,223.55,61647.0,13986845.35
2019-11-05,222.65,224.0,216.0,219.95,73886.0,16245306.7
2019-11-06,220.15,224.9,216.8,218.35,21655.0,4760093.9
2019-11-07,235.0,245.9,225.5,227.75,409469.0,97401391.55
2019-11-08,227.1,229.6,223.25,224.6,34759.0,7836470.15
2019-11-11,224.0,224.0,214.85,217.65,32882.0,7210542.15
2019-11-13,214.4,219.45,209.3,210.8,25187.0,5380632.6
2019-11-14,211.05,212.7,202.5,203.55,18366.0,3773378.35
2019-11-15,200.0,202.9,195.1,196.75,30026.0,5973374.4
2019-11-18,198.85,203.5,196.0,200.55,80340.0,16092767.8
2019-11-19,200.6,209.25,197.25,206.95,32779.0,6681808.8
2019-11-20,207.8,213.8,205.4,209.85,33691.0,7069030.15
2019-11-21,215.1,216.7,213.0,214.95,34410.0,7393684.05
2019-11-22,214.2,216.95,209.0,210.9,16787.0,3562210.55
2019-11-25,211.9,218.5,207.45,211.8,47610.0,10060247.65
2019-11-26,210.15,227.2,210.15,219.35,87681.0,19372032.75
2019-11-27,218.0,221.5,211.2,211.55,27092.0,5815223.5
2019-11-28,213.0,215.45,210.0,211.2,17537.0,3730874.25
2019-11-29,215.0,215.0,206.0,207.6,29442.0,6198307.45
2019-12-02,206.15,210.8,205.0,206.6,12186.0,2529282.6
2019-12-03,208.5,208.5,191.1,193.55,100645.0,19922771.9
2019-12-04,191.0,198.0,185.0,193.55,75888.0,14521866.75
2019-12-05,193.0,195.0,190.0,192.2,27521.0,5283845.55
2019-12-06,191.05,193.0,190.05,190.85,13982.0,2669074.1
2019-12-09,193.0,195.0,181.0,189.9,15582.0,2959791.75
2019-12-10,191.0,193.0,184.1,186.0,18941.0,3567941.4
2019-12-11,185.15,186.5,168.0,173.95,108423.0,18954034.7
2019-12-12,174.25,183.0,173.3,174.45,35309.0,6237595.75
2019-12-13,177.25,184.0,177.05,181.25,25387.0,4560895.95
2019-12-16,179.15,182.5,176.05,176.45,14604.0,2609145.4
2019-12-17,179.4,181.5,172.65,180.8,31492.0,5579154.1
2019-12-18,178.5,196.95,177.4,191.3,87577.0,16356217.0
2019-12-19,190.7,190.7,182.0,183.45,20847.0,3871959.4
2019-12-20,183.4,185.65,181.3,182.35,9061.0,1662557.5
2019-12-23,182.0,184.65,180.0,180.3,10230.0,1855338.05
2019-12-24,182.7,182.7,176.8,177.8,17746.0,3171481.1
2019-12-26,178.0,185.2,175.0,177.7,26823.0,4812209.75
2019-12-27,179.0,181.7,177.0,177.75,11087.0,1983478.6
2019-12-30,180.0,182.0,178.75,180.1,18473.0,3330296.2
2019-12-31,182.0,186.8,177.1,182.0,33075.0,6041566.25
2020-01-01,184.9,184.9,181.8,182.6,7293.0,1334078.5
2020-01-02,183.45,189.0,181.35,185.8,62454.0,11621337.8
2020-01-03,188.6,205.4,185.85,200.05,144156.0,28208374.6
2020-01-06,197.9,197.9,189.05,192.0,41049.0,7871235.1
2020-01-07,194.0,217.85,194.0,202.05,455845.0,95660312.95
2020-01-08,198.0,204.8,192.55,194.25,69055.0,13625281.95
2020-01-09,199.15,203.0,193.8,196.45,75044.0,14861657.7
2020-01-10,198.4,201.55,195.0,195.25,45632.0,9028922.1
2020-01-13,196.8,197.35,192.0,193.8,37206.0,7253821.0
2020-01-14,193.5,198.0,192.6,194.0,26747.0,5239935.35
2020-01-15,194.5,204.95,194.5,195.75,194483.0,38861319.4
2020-01-16,197.0,204.0,197.0,200.45,96005.0,19286778.6
2020-01-17,201.0,204.8,199.1,200.3,170030.0,34239956.35
2020-01-20,201.0,202.85,193.6,194.6,56783.0,11207820.05
2020-01-21,194.5,199.0,193.25,196.2,17431.0,3430218.25
2020-01-22,196.3,197.95,193.8,194.25,17910.0,3492657.5
2020-01-23,197.3,201.5,195.2,199.25,40368.0,8023891.2
2020-01-24,197.8,201.0,197.8,198.85,18956.0,3781772.6
2020-01-27,198.8,200.4,196.0,199.55,26169.0,5200249.95
2020-01-28,199.55,203.8,194.1,195.95,59652.0,11792119.45
2020-01-29,195.2,199.7,194.1,194.75,19018.0,3735474.35
2020-01-30,194.95,196.0,193.5,194.6,189479.0,36949525.7
2020-01-31,196.2,196.4,192.15,192.8,23420.0,4533759.2
2020-02-01,195.9,199.95,181.0,183.25,68137.0,12887960.25
2020-02-03,185.0,187.9,178.0,180.1,41526.0,7489118.45
2020-02-04,181.9,190.0,180.1,187.3,26218.0,4911374.2
2020-02-05,190.9,190.9,185.0,185.45,15404.0,2875804.25
2020-02-06,188.8,193.75,186.2,187.95,37205.0,7068020.45
2020-02-07,188.0,192.8,185.0,185.8,24574.0,4619365.8
2020-02-10,185.4,189.9,185.0,186.15,25397.0,4745942.0
2020-02-11,188.7,190.0,186.5,188.75,41809.0,7870958.35
2020-02-12,188.0,191.5,179.4,182.85,42288.0,7851381.65
2020-02-13,184.9,186.0,180.0,180.65,18360.0,3335314.15
2020-02-14,181.0,185.0,180.3,183.05,21823.0,3988028.1
2020-02-17,185.0,185.0,179.0,180.2,45742.0,8242437.65
2020-02-18,180.2,180.8,175.55,177.0,228526.0,40630329.05
2020-02-19,177.0,178.45,175.0,176.0,243150.0,42999876.2
2020-02-20,176.0,178.0,176.0,177.15,20294.0,3601309.35
2020-02-24,177.15,178.95,170.2,171.9,91609.0,15823476.3
2020-02-25,175.95,175.95,171.25,172.1,465072.0,80280979.75
2020-02-26,171.5,172.55,165.55,169.85,29931.0,5089592.25
2020-02-27,167.85,175.3,167.65,173.85,26203.0,4478612.6
2020-02-28,169.8,170.9,156.1,159.4,77619.0,12576443.7
2020-03-02,159.0,167.0,154.75,155.15,29529.0,4689700.65
2020-03-03,156.25,160.95,149.4,151.35,45215.0,6882529.35
2020-03-04,151.5,154.9,146.0,148.25,32701.0,4888519.6
2020-03-05,148.25,151.55,147.8,148.4,16652.0,2485419.75
2020-03-06,145.0,145.5,139.95,141.1,39358.0,5560999.9
2020-03-09,139.5,139.5,126.95,134.4,48135.0,6394336.35
2020-03-11,135.0,140.05,121.0,127.65,47309.0,6170891.3
2020-03-12,121.0,124.8,110.0,115.0,148842.0,16975088.0
2020-03-13,110.25,115.0,99.75,110.8,91712.0,9900106.95
2020-03-16,94.0,104.9,94.0,99.35,85377.0,8494993.75
2020-03-17,99.4,104.0,96.1,97.5,27752.0,2789288.5
2020-03-18,97.5,99.85,91.55,95.85,37767.0,3572458.55
2020-03-19,95.0,95.0,87.0,88.15,65731.0,5813887.6
2020-03-20,89.0,92.7,84.0,90.15,83430.0,7274107.05
2020-03-23,88.8,99.0,81.15,81.15,28313.0,2320402.7
2020-03-24,83.0,85.95,73.1,75.9,97669.0,7755818.45
2020-03-25,75.0,76.95,71.1,72.75,26784.0,1972183.7
2020-03-26,72.75,75.9,71.0,74.95,48205.0,3549482.85
2020-03-27,76.0,78.65,71.25,76.1,35755.0,2717631.15
2020-03-30,74.0,75.9,72.3,75.0,20234.0,1504938.75
2020-03-31,77.8,77.8,72.0,73.4,44625.0,3308553.2
2020-04-01,75.0,75.25,72.5,73.2,14371.0,1059360.5
2020-04-03,73.0,75.4,70.2,72.05,23026.0,1666367.8
2020-04-07,75.0,75.65,72.55,75.35,37869.0,2848181.5
2020-04-08,75.35,78.0,72.1,75.35,27502.0,2080282.8
2020-04-09,75.35,78.0,74.5,76.85,50206.0,3824015.25
2020-04-13,77.0,80.65,76.0,78.4,37783.0,2940099.3
2020-04-15,79.0,82.3,79.0,81.75,74450.0,6080892.7
2020-04-16,81.8,85.8,80.2,83.5,77958.0,6583154.95
2020-04-17,87.0,87.6,84.0,86.45,77018.0,6576644.85
2020-04-20,89.5,90.75,87.5,90.75,254419.0,23018806.75
2020-04-21,95.25,95.25,89.0,90.0,106025.0,9790590.4
2020-04-22,90.0,90.0,85.5,87.55,48396.0,4229116.5
2020-04-23,87.5,91.9,86.6,90.15,66416.0,6034935.85
2020-04-24,90.15,93.9,87.05,88.15,31524.0,2825307.6
2020-04-27,90.0,92.5,87.4,88.15,30624.0,2735251.3
2020-04-28,88.0,89.65,84.6,86.8,35842.0,3102676.8
2020-04-29,86.8,86.8,84.0,85.95,43218.0,3686838.65
2020-04-30,88.0,90.1,85.95,87.0,155561.0,13866723.5
2020-05-04,85.0,85.5,82.65,82.65,45448.0,3791377.4
2020-05-05,82.0,83.95,78.55,78.8,52856.0,4232770.15
2020-05-06,78.5,80.75,75.3,77.05,38128.0,2950605.45
2020-05-07,78.35,78.35,75.55,75.95,21897.0,1678197.65
2020-05-08,77.0,78.0,73.95,74.2,43682.0,3291503.3
2020-05-11,74.2,75.8,72.7,73.6,27124.0,2003182.15
2020-05-12,73.0,76.2,72.1,75.45,15087.0,1109138.75
2020-05-13,77.8,79.2,76.95,79.15,54112.0,4239068.55
2020-05-14,77.9,82.8,75.2,77.25,30805.0,2379119.9
2020-05-15,79.6,79.6,76.05,76.7,29356.0,2277515.7
2020-05-18,78.0,78.0,72.9,73.1,39537.0,2914197.9
2020-05-19,75.0,75.0,71.2,72.05,64473.0,4704433.6
2020-05-20,72.3,75.5,72.0,74.0,17601.0,1289339.55
2020-05-21,75.4,76.45,74.0,74.2,13075.0,977948.55
2020-05-22,72.25,75.9,71.25,73.2,19913.0,1457927.4
2020-05-26,73.2,74.9,71.65,73.0,25059.0,1837793.7
2020-05-27,72.3,76.65,72.3,74.65,20351.0,1510404.75
2020-05-28,76.0,78.1,74.2,77.3,27572.0,2120419.6
2020-05-29,77.0,77.4,76.1,76.8,19983.0,1535545.35
2020-06-01,78.0,80.6,78.0,80.6,24363.0,1955893.65
2020-06-02,83.45,84.6,79.55,84.4,54332.0,4553591.95
2020-06-03,86.0,88.6,86.0,87.1,54137.0,4756494.6
2020-06-04,89.85,89.85,82.75,82.9,45564.0,3819862.35
2020-06-05,83.0,89.1,81.0,85.1,444662.0,37673235.7
2020-06-08,88.0,102.1,86.0,101.75,492625.0,47334513.95
2020-06-09,109.9,111.65,101.6,106.1,397654.0,42409442.55
2020-06-10,106.7,110.35,104.0,105.2,128667.0,13778120.3
2020-06-11,101.2,103.95,96.2,99.85,90964.0,9112908.5
2020-06-12,90.0,108.0,88.75,105.85,99010.0,9863190.05
2020-06-15,105.85,105.85,93.0,98.65,89641.0,9006321.0
2020-06-16,100.9,103.5,95.65,99.5,44753.0,4462729.25
2020-06-17,98.05,102.0,97.05,99.3,26657.0,2653442.0
2020-06-18,97.3,102.0,97.3,100.5,50893.0,5133483.4
2020-06-19,98.9,118.5,97.5,113.75,574839.0,64611786.8
2020-06-22,115.8,124.6,115.8,119.2,224388.0,26869876.65
2020-06-23,120.3,120.3,114.75,116.3,98042.0,11413769.45
2020-06-24,126.0,126.0,115.0,116.55,171433.0,20483093.9
2020-06-25,118.0,120.0,114.75,115.3,196799.0,23043890.75
2020-06-26,118.0,118.0,113.0,114.45,56907.0,6596609.35
2020-06-29,115.0,116.5,112.55,112.95,84233.0,9680547.9
2020-06-30,114.0,119.9,109.1,111.8,85453.0,9799039.5
2020-07-01,111.0,116.0,110.6,113.9,46434.0,5263283.15
2020-07-02,114.2,115.9,113.0,113.2,30041.0,3420315.9
2020-07-03,112.5,115.5,112.0,112.2,30136.0,3409544.8
2020-07-06,113.7,114.0,111.9,112.45,52579.0,5929970.95
2020-07-07,113.7,114.0,110.45,111.2,66241.0,7405052.1
2020-07-08,114.9,115.0,111.0,111.8,67814.0,7673719.3
2020-07-09,113.0,113.9,111.25,111.5,44253.0,4968872.7
2020-07-10,111.95,112.9,111.0,111.6,25003.0,2797358.15
2020-07-13,111.65,112.35,102.8,107.3,61105.0,6631529.5
2020-07-14,107.2,107.2,103.0,104.55,35310.0,3712530.7
2020-07-15,106.0,111.75,104.25,105.25,52517.0,5669680.8
2020-07-16,105.55,107.7,103.25,104.9,16067.0,1678588.35
2020-07-17,107.7,108.0,101.55,102.05,85172.0,8808106.85
2020-07-20,102.4,105.0,101.5,102.55,48804.0,5040970.45
2020-07-21,103.15,105.0,101.7,102.65,39811.0,4110227.85
2020-07-22,104.9,104.9,100.95,103.7,30406.0,3132129.4
2020-07-23,104.0,107.85,103.9,105.05,41949.0,4425191.7
2020-07-24,104.6,104.85,102.75,103.85,86239.0,8919151.85
2020-07-27,103.3,104.0,100.5,101.05,177191.0,18059657.25
2020-07-28,101.9,102.0,98.5,98.8,57607.0,5751190.35
2020-07-29,99.7,99.95,98.2,99.45,22414.0,2224949.6
2020-07-30,99.85,99.85,95.55,95.9,48869.0,4725697.45
2020-07-31,96.95,96.95,92.65,93.45,35937.0,3380524.1
2020-08-03,95.0,97.6,90.0,90.15,83112.0,7557774.2
2020-08-04,91.2,102.9,91.15,96.95,209198.0,20513149.45
2020-08-05,97.5,102.5,96.05,99.05,100984.0,10120861.45
2020-08-06,100.0,101.85,98.0,99.05,44014.0,4410602.2
2020-08-07,99.9,102.0,99.45,100.2,34199.0,3444495.15
2020-08-10,102.65,102.65,94.5,100.75,124482.0,12464149.1
2020-08-11,102.0,114.7,100.55,112.1,885788.0,97030572.25
2020-08-12,106.35,109.0,104.3,106.45,113785.0,12163135.9
2020-08-13,108.1,116.8,106.95,114.7,312822.0,35209658.05
2020-08-14,115.7,121.4,114.95,119.7,451610.0,53434553.05
2020-08-17,121.8,125.95,121.75,123.8,244474.0,30260837.25
2020-08-18,124.75,130.0,124.0,127.75,189505.0,24099945.55
2020-08-19,128.95,143.55,128.95,138.3,457113.0,62824601.65
2020-08-20,137.4,160.5,132.3,147.95,661780.0,98674940.15
2020-08-21,149.95,153.8,142.5,144.5,170475.0,25046824.5
2020-08-24,149.0,149.0,137.1,139.05,103913.0,14626064.85
2020-08-25,142.3,145.0,138.15,139.35,80810.0,11399976.75
2020-08-26,139.5,141.95,137.0,138.05,28027.0,3909398.15
2020-08-27,144.25,145.0,140.0,140.6,99107.0,14139143.6
2020-08-28,141.45,141.45,137.0,137.7,48756.0,6770371.75
2020-08-31,137.2,139.95,123.25,126.85,136888.0,17710551.45
2020-09-01,127.0,129.25,122.35,124.2,55664.0,6951062.75
2020-09-02,124.0,128.8,123.1,126.1,27671.0,3496676.35
2020-09-03,126.0,131.0,126.0,128.25,36873.0,4741308.0
2020-09-04,126.0,126.95,124.45,125.5,20861.0,2621903.3
2020-09-07,125.0,126.75,121.0,121.9,27117.0,3333442.2
2020-09-08,124.9,125.55,121.45,122.05,23877.0,2959459.15
2020-09-09,121.8,121.8,116.9,118.45,39873.0,4728425.5
2020-09-10,122.0,132.4,120.5,126.0,89858.0,11424894.2
2020-09-11,127.15,129.5,123.75,125.1,24817.0,3142573.55
2020-09-14,126.0,150.0,125.45,129.35,51486.0,6769220.7
2020-09-15,132.0,135.8,128.0,134.2,57871.0,7716085.45
2020-09-16,138.0,139.05,135.25,135.9,66003.0,9055488.0
2020-09-17,134.95,137.95,131.5,136.75,42058.0,5683480.9
2020-09-18,136.75,137.95,132.5,132.8,30549.0,4120385.9
2020-09-21,134.95,134.95,121.1,124.7,37803.0,4851797.8
2020-09-22,122.35,124.65,114.0,117.15,79251.0,9427551.25
2020-09-23,119.0,122.75,117.65,119.2,20227.0,2416239.7
2020-09-24,116.15,119.2,113.75,115.75,29221.0,3387414.7
2020-09-25,115.4,119.6,114.85,118.45,28712.0,3366283.0
2020-09-28,118.45,123.1,118.4,120.0,33939.0,4086120.65
2020-09-29,122.75,122.8,120.0,120.65,17860.0,2158464.2
2020-09-30,120.65,121.15,115.0,118.35,14555.0,1738043.55
2020-10-01,119.85,121.6,118.4,119.5,17450.0,2090393.7
2020-10-05,121.5,121.5,115.9,117.4,44453.0,5235734.55
2020-10-06,118.0,120.0,117.6,118.65,17591.0,2086044.85
2020-10-07,118.0,129.7,116.2,124.75,116574.0,14561810.65
2020-10-08,125.9,127.3,119.2,120.3,32487.0,3993615.6
2020-10-09,120.5,127.4,120.5,125.55,47448.0,5926184.55
2020-10-12,126.1,139.35,125.05,136.65,313177.0,41495037.25
2020-10-13,134.9,134.9,131.0,131.75,71152.0,9450517.6
2020-10-14,131.9,132.9,126.95,131.85,39993.0,5208348.85
2020-10-15,129.1,132.25,127.3,129.1,37352.0,4825161.8
2020-10-16,130.0,132.25,127.85,130.2,22592.0,2930123.4
2020-10-19,130.25,133.8,128.5,132.4,24755.0,3260038.15
2020-10-20,132.0,136.0,129.15,134.0,32087.0,4270444.55
2020-10-21,135.0,137.4,131.3,135.25,38268.0,5151672.2
2020-10-22,133.15,139.85,133.15,137.5,109464.0,15045096.75
2020-10-23,137.2,151.5,135.55,144.65,473372.0,68731333.65
2020-10-26,143.0,145.45,137.0,137.65,59964.0,8391004.35
2020-10-27,135.25,140.0,134.0,137.15,21503.0,2949428.55
2020-10-28,135.3,140.0,132.35,136.35,48776.0,6637302.6
2020-10-29,134.15,136.2,133.3,135.1,26504.0,3576090.95
2020-10-30,134.8,136.65,133.25,135.35,22372.0,3020230.65
2020-11-02,140.0,140.0,130.0,131.2,23428.0,3099546.15
2020-11-03,132.0,134.7,130.0,130.65,25592.0,3386599.5
2020-11-04,131.0,132.6,130.25,130.55,10286.0,1347309.1
2020-11-05,132.0,133.45,130.0,130.95,24326.0,3196389.35
2020-11-06,132.0,135.55,130.1,130.6,21136.0,2800533.2
2020-11-09,131.3,139.25,130.0,132.05,32880.0,4329537.85
2020-11-10,132.55,135.5,130.35,133.1,28895.0,3838346.7
2020-11-11,133.5,135.0,122.5,127.75,58019.0,7512131.3
2020-11-12,127.65,150.95,127.1,147.3,349888.0,50100461.5
2020-11-13,145.0,151.5,142.15,144.95,116446.0,17118760.3
2020-11-14,144.5,149.8,144.5,147.75,23022.0,3390573.65
2020-11-17,148.0,157.8,148.0,153.2,147789.0,22701844.3
2020-11-18,153.2,154.0,147.0,150.45,55328.0,8314407.1
2020-11-19,149.0,156.75,147.15,153.25,100240.0,15369618.95
2020-11-20,156.9,158.1,147.0,154.4,56324.0,8577832.85
2020-11-23,156.0,178.0,153.1,171.15,445897.0,74541143.5
2020-11-24,170.3,170.3,157.2,163.8,84364.0,13894577.65
2020-11-25,165.8,184.15,165.8,180.95,385425.0,68285912.3
2020-11-26,182.5,193.85,182.25,183.15,398107.0,74765257.05
2020-11-27,183.15,189.25,180.3,183.2,158742.0,29360960.65
2020-12-01,186.9,204.45,186.5,193.35,971695.0,191099497.1
2020-12-02,195.35,195.35,187.0,189.65,156838.0,29869231.65
2020-12-03,190.0,191.15,185.5,185.95,83149.0,15592489.2
2020-12-04,186.0,187.85,181.15,185.45,83820.0,15479850.35
2020-12-07,187.45,191.5,182.35,185.95,45846.0,8587828.75
2020-12-08,189.9,192.0,184.55,187.35,74682.0,14023595.65
2020-12-09,188.3,191.55,182.1,185.55,125349.0,23641959.8
2020-12-10,185.55,191.9,181.1,187.95,148502.0,27579519.1
2020-12-11,189.45,190.45,184.0,188.4,138454.0,26089269.0
2020-12-14,189.35,189.65,185.75,188.1,240963.0,45227737.4
2020-12-15,189.0,191.15,185.0,186.25,165011.0,31114194.75
2020-12-16,188.8,190.0,187.05,187.65,203202.0,38191083.9
2020-12-17,189.95,202.95,185.55,195.4,601815.0,118232216.4
2020-12-18,196.4,197.8,189.0,190.6,134286.0,25894426.0
2020-12-21,192.1,192.1,175.55,179.9,211666.0,39280089.95
2020-12-22,180.1,189.0,153.55,176.95,128038.0,22445920.45
2020-12-23,179.95,185.55,177.0,181.15,128569.0,23397102.8
2020-12-24,182.1,185.55,179.5,181.0,91435.0,16709289.45
2020-12-28,184.0,190.0,182.0,185.25,284682.0,52798442.95
2020-12-29,186.2,188.8,179.0,179.8,479155.0,88554643.4
2020-12-30,181.6,188.0,180.0,184.1,146109.0,26789515.65
2020-12-31,184.75,185.05,181.15,181.75,97828.0,17833910.05
2021-01-01,182.7,189.8,181.65,185.55,153467.0,28367962.8
2021-01-04,186.0,186.25,181.6,182.25,332524.0,60910249.55
2021-01-05,184.0,185.55,179.8,182.15,134669.0,24683048.25
2021-01-06,185.15,185.15,178.05,179.65,121986.0,22205502.5
2021-01-07,184.65,187.4,183.3,184.5,126182.0,23339628.55
2021-01-08,184.05,186.6,183.4,184.5,461070.0,85150003.75
2021-01-11,183.2,184.65,175.3,177.05,566065.0,100642750.9
2021-01-12,177.8,193.8,177.6,182.05,1079179.0,198469769.5
2021-01-13,183.9,188.0,177.45,180.85,191842.0,34891215.6
2021-01-14,180.45,181.95,178.0,179.75,86318.0,15464975.9
2021-01-15,180.65,183.0,177.6,179.0,143802.0,25997408.25
2021-01-18,179.0,179.9,166.4,169.95,141133.0,24166845.3
2021-01-19,174.95,175.55,170.7,171.3,57698.0,9925234.95
2021-01-20,172.1,174.9,171.5,172.05,85010.0,14740180.35
2021-01-21,172.95,174.75,170.0,170.6,106153.0,18312232.45
2021-01-22,172.0,173.0,164.15,167.45,119404.0,20236947.95
2021-01-25,172.0,172.0,164.25,167.85,144281.0,24167859.3
2021-01-27,168.0,171.95,164.0,164.95,113102.0,19022589.15
2021-01-28,163.0,168.95,161.6,166.75,122520.0,20248505.75
2021-01-29,166.75,169.1,162.0,164.9,84576.0,14140408.85
2021-02-01,169.0,180.0,167.2,178.1,298201.0,52179422.85
2021-02-02,177.95,186.95,176.9,184.3,309730.0,56708017.15
2021-02-03,185.5,199.0,181.5,196.7,558019.0,107814055.9
2021-02-04,196.8,203.0,194.15,195.7,270655.0,53723775.75
2021-02-05,195.0,195.9,188.85,193.45,114534.0,22088510.95
2021-02-08,193.5,204.0,190.1,195.2,196879.0,39009424.85
2021-02-09,194.15,198.5,191.1,192.9,96050.0,18644834.2
2021-02-10,193.0,196.0,186.8,187.55,131580.0,24975206.05
2021-02-11,187.25,202.0,186.1,196.5,153377.0,29892453.2
2021-02-12,194.0,221.1,189.5,212.8,931291.0,195743407.3
2021-02-15,213.95,214.85,203.5,205.25,229190.0,47882266.0
2021-02-16,205.15,227.65,205.0,221.6,942814.0,207000180.8
2021-02-17,218.0,221.1,211.6,216.6,288172.0,62397364.2
2021-02-18,218.1,228.45,216.0,219.85,357216.0,78842761.6
2021-02-19,219.75,220.9,207.65,212.7,171106.0,36645400.95
2021-02-22,212.0,214.7,204.4,208.4,169776.0,35476745.45
2021-02-23,209.45,211.65,201.3,204.45,155756.0,32086103.85
2021-02-24,204.45,214.15,203.0,207.5,96588.0,20190781.85
2021-02-25,208.55,211.5,205.0,205.85,110221.0,22896123.05
2021-02-26,204.0,208.7,196.55,203.8,135601.0,27483052.65
2021-03-01,208.0,210.0,201.1,204.1,322902.0,65932916.25
2021-03-02,206.7,208.9,200.85,202.25,89929.0,18274307.25
2021-03-03,203.0,207.0,203.0,203.95,76793.0,15720228.0
2021-03-04,204.0,216.8,203.0,206.45,193562.0,40647611.35
2021-03-05,204.3,212.0,199.0,201.4,144720.0,29509713.35
2021-03-08,202.9,206.0,198.5,203.25,240776.0,48440355.1
2021-03-09,206.85,207.0,199.8,200.85,61454.0,12504444.85
2021-03-10,203.0,204.3,200.0,201.25,56937.0,11461988.75
2021-03-12,204.9,204.9,199.5,201.7,71411.0,14423953.75
2021-03-15,200.5,214.0,196.1,206.8,386209.0,80100399.85
2021-03-16,207.85,223.45,207.85,212.5,331825.0,71730638.9
2021-03-17,213.5,217.9,203.0,205.5,154654.0,32517696.05
2021-03-18,206.0,209.05,191.15,196.95,212747.0,42388594.6
2021-03-19,198.55,199.85,191.25,196.45,128954.0,25325392.25
2021-03-22,196.45,201.7,193.0,198.65,99821.0,19754380.8
2021-03-23,198.8,207.0,198.75,200.65,72468.0,14663689.55
2021-03-24,200.5,205.0,196.0,199.4,73175.0,14747918.55
2021-03-25,196.25,198.8,190.0,196.35,136235.0,26526873.0
2021-03-26,200.0,208.0,197.1,202.3,153187.0,31312099.2
2021-03-30,201.1,205.35,200.0,201.85,72363.0,14686762.9
2021-03-31,201.85,207.4,200.0,201.75,81352.0,16571327.55
2021-04-01,202.8,209.9,201.65,203.35,81488.0,16775068.6
2021-04-05,205.9,205.9,196.7,197.5,115808.0,23087975.85
2021-04-06,198.5,205.0,198.5,200.3,104017.0,20904534.35
2021-04-07,201.0,204.95,198.0,198.85,93007.0,18735100.15
2021-04-08,199.1,204.4,198.75,201.15,79781.0,16077459.6
2021-04-09,201.5,205.0,199.75,200.75,69107.0,13940641.85
2021-04-12,193.05,197.0,182.55,184.2,126137.0,23639611.85
2021-04-13,184.0,194.8,184.0,192.55,76023.0,14430697.5
2021-04-15,192.1,193.95,184.5,191.5,110351.0,20860757.35
2021-04-16,190.0,193.65,188.5,190.4,52646.0,10013331.5
2021-04-19,186.6,188.8,180.45,186.8,63677.0,11713573.4
2021-04-20,187.95,189.0,185.05,187.25,55712.0,10434235.65
2021-04-22,185.35,188.7,183.0,184.3,55270.0,10284448.05
2021-04-23,184.0,187.15,182.15,182.6,36529.0,6720672.2
2021-04-26,184.0,187.0,182.1,183.45,54419.0,10032618.0
2021-04-27,183.0,191.55,183.0,189.7,34504.0,6457694.25
2021-04-28,190.15,195.4,189.0,190.6,110127.0,21226745.05
2021-04-29,192.75,193.55,185.0,188.4,69025.0,13021802.45
2021-04-30,189.35,194.95,188.1,189.65,67654.0,12945004.8
2021-05-03,192.0,193.8,188.0,188.25,46685.0,8853002.65
2021-05-04,188.25,190.7,183.8,184.25,70178.0,13085422.25
2021-05-05,185.0,189.4,184.15,187.7,45177.0,8449539.6
2021-05-06,186.0,191.3,184.0,187.25,81788.0,15365940.15
2021-05-07,185.3,191.2,185.3,186.5,34147.0,6417501.85
2021-05-10,188.9,195.0,187.45,189.45,65527.0,12497889.5
2021-05-11,190.35,194.4,188.15,193.7,72237.0,13787538.25
2021-05-12,193.7,197.0,190.0,193.45,77054.0,14902829.45
2021-05-14,193.0,195.0,187.0,189.85,92629.0,17753339.1
2021-05-17,191.7,194.0,189.9,190.85,64879.0,12425904.65
2021-05-18,191.4,196.1,191.0,194.85,179454.0,34870934.2
2021-05-19,194.0,206.25,193.4,202.2,303233.0,61573534.95
2021-05-20,202.5,204.75,199.7,203.0,122225.0,24807735.75
2021-05-21,200.15,203.85,199.5,201.8,85134.0,17173162.1
2021-05-24,203.5,213.0,202.5,208.9,291452.0,60650340.05
2021-05-25,209.5,219.0,207.3,212.0,632804.0,135904581.15
2021-05-26,212.1,216.1,208.0,209.45,97906.0,20708475.6
2021-05-27,209.0,209.0,200.85,205.5,173510.0,35462545.15
2021-05-28,205.5,207.55,198.65,201.1,113880.0,23070347.7
2021-05-31,201.85,213.0,200.25,211.25,916286.0,192115132.95
2021-06-01,213.0,214.5,204.0,204.7,133269.0,27750468.5
2021-06-02,205.45,206.95,198.5,201.7,127873.0,25961232.0
2021-06-03,202.75,222.7,202.75,206.2,848533.0,181317207.25
2021-06-04,207.3,212.0,204.85,207.35,261543.0,54568866.25
2021-06-07,207.9,214.8,203.2,207.7,198124.0,41503103.45
2021-06-08,207.75,209.15,204.35,206.55,229461.0,47408183.3
2021-06-09,206.9,209.9,201.2,203.05,273310.0,56244679.2
2021-06-10,204.6,209.5,202.8,204.95,226724.0,46682894.85
2021-06-11,206.5,208.25,204.0,206.15,215423.0,44326408.85
2021-06-14,212.0,219.4,207.05,209.8,1199744.0,256261254.0
2021-06-15,212.7,216.45,209.0,210.0,709293.0,150964753.2
2021-06-16,212.65,214.5,205.55,209.85,426902.0,89834698.2
2021-06-17,209.6,213.2,203.7,206.8,228280.0,47519097.9
2021-06-18,207.5,208.5,196.25,201.35,314529.0,63507433.4
2021-06-21,199.4,204.95,196.45,198.15,342179.0,68418263.05
2021-06-22,199.0,201.15,196.6,197.4,488722.0,96942368.55
2021-06-23,198.95,203.95,196.85,197.1,220445.0,44184454.4
2021-06-24,198.75,199.35,194.45,195.5,225618.0,44225520.2
2021-06-25,195.55,199.2,191.1,192.85,357420.0,69257494.1
2021-06-28,194.0,196.3,192.25,193.15,234182.0,45436225.85
2021-06-29,193.9,196.8,192.2,194.75,228759.0,44403837.95
2021-06-30,196.0,197.5,193.1,194.0,306954.0,60005172.8
2021-07-01,194.65,208.2,193.25,203.05,630649.0,128196497.25
2021-07-02,204.6,207.0,199.5,205.55,393663.0,80213626.7
2021-07-05,206.9,215.0,202.0,213.0,700625.0,148288692.3
2021-07-06,214.0,234.5,210.9,219.5,2206550.0,491616933.8
2021-07-07,219.5,227.9,219.4,225.3,703798.0,158028624.8
2021-07-08,226.0,226.0,215.0,217.25,300659.0,66189850.9
2021-07-09,216.2,219.5,212.1,214.9,141231.0,30562358.35
2021-07-12,216.8,237.95,216.2,231.2,1732296.0,400361855.8
2021-07-13,235.0,242.6,231.25,232.65,862874.0,204700780.25
2021-07-14,233.2,243.2,232.55,235.2,601051.0,143042450.25
2021-07-15,234.5,244.95,233.0,240.4,821873.0,198277101.3
2021-07-16,240.8,242.35,234.0,235.3,302645.0,71609305.1
2021-07-19,230.3,238.85,230.3,231.6,290140.0,68124047.45
2021-07-20,232.0,236.05,218.05,227.2,475595.0,108182571.85
2021-07-22,229.45,238.05,229.45,235.2,202156.0,47497844.95
2021-07-23,235.55,237.65,231.0,234.75,168089.0,39591873.15
2021-07-26,234.0,237.05,224.25,227.3,194809.0,45066030.55
2021-07-27,229.0,232.05,219.2,223.9,219393.0,49760859.5
2021-07-28,223.9,232.0,218.5,223.6,312094.0,70399663.2
2021-07-29,224.9,234.9,224.4,231.8,237081.0,54548563.95
2021-07-30,231.8,232.0,226.0,228.55,186860.0,42728219.1
2021-08-02,231.05,252.0,231.05,241.4,1349185.0,329846434.45
2021-08-03,240.1,251.1,240.1,244.1,614997.0,150881728.4
2021-08-04,243.0,247.9,231.0,233.7,304447.0,72958213.65
2021-08-05,234.4,234.4,224.0,226.25,243612.0,55586821.0
2021-08-06,227.0,239.45,226.6,234.4,546534.0,127597330.5
2021-08-09,236.0,236.0,225.85,228.85,227069.0,52454477.8
2021-08-10,229.4,230.2,195.7,212.9,571173.0,123592448.1
2021-08-11,212.9,213.45,186.8,206.2,662588.0,132844226.65
2021-08-12,206.4,220.0,206.4,213.9,344073.0,74060317.15
2021-08-13,215.0,223.0,214.35,217.2,194419.0,42491154.2
2021-08-16,218.2,220.05,212.05,213.45,230247.0,49911688.45
2021-08-17,214.5,216.6,203.4,205.55,210742.0,44090039.0
2021-08-18,207.85,210.75,205.1,207.3,94825.0,19747266.55
2021-08-20,203.0,205.65,196.8,198.75,169613.0,34161335.7
2021-08-23,174.0,183.7,159.0,159.0,1539814.0,251589257.8
2021-08-24,148.0,158.3,134.25,138.6,3955585.0,569977141.3
2021-08-25,141.9,152.45,141.9,152.45,1945554.0,284786379.55
2021-08-26,155.0,165.3,155.0,159.0,1281468.0,205939366.75
2021-08-27,159.1,160.7,150.0,151.1,346230.0,53662728.05
2021-08-30,152.15,158.6,150.0,150.65,325132.0,49570063.9
2021-08-31,152.0,154.55,148.15,149.15,459761.0,69266863.85
2021-09-01,150.0,150.45,144.75,146.45,232131.0,34387787.75
2021-09-02,148.0,158.0,148.0,153.5,969916.0,148185739.05
2021-09-03,154.7,158.35,148.65,149.9,454592.0,69576566.85
2021-09-06,151.0,164.85,149.0,164.15,2023086.0,325646012.95
2021-09-07,165.5,168.8,159.0,160.6,649561.0,106461195.3
2021-09-08,161.4,162.6,155.55,158.3,343441.0,54618344.6
2021-09-09,157.8,163.75,157.0,160.75,312571.0,50504581.95
2021-09-13,163.25,176.8,163.25,169.4,1298573.0,223027932.35
2021-09-14,170.6,177.65,168.55,172.35,499544.0,85877387.25
2021-09-15,172.95,175.5,170.0,172.95,414741.0,71924709.85
2021-09-16,174.1,176.4,172.0,173.25,319772.0,55849803.65
2021-09-17,173.8,173.8,161.45,167.3,340920.0,56925526.45
2021-09-20,163.8,164.9,160.2,162.85,388285.0,63045217.0
2021-09-21,160.0,164.1,158.8,162.7,506384.0,81597852.65
2021-09-22,163.2,171.3,163.0,166.1,585818.0,98164746.4
2021-09-23,167.8,177.0,167.5,170.95,436446.0,75112041.0
2021-09-24,173.45,181.05,170.3,172.2,588227.0,103486477.9
2021-09-27,173.9,177.1,170.0,171.0,187948.0,32400777.7
2021-09-28,171.0,171.75,165.0,166.15,194646.0,32638166.9
2021-09-29,165.0,167.15,163.0,163.35,159002.0,26119189.1
2021-09-30,164.15,166.85,160.8,162.7,309505.0,50777949.05
2021-10-01,163.55,166.45,162.05,164.3,389142.0,64076213.4
2021-10-04,166.0,177.0,165.9,175.2,724115.0,124919984.65
2021-10-05,173.95,187.3,172.65,184.4,1068663.0,195095868.1
2021-10-06,185.6,202.0,181.6,184.3,1162035.0,220861375.25
2021-10-07,189.25,196.35,187.7,188.85,601957.0,115211511.3
2021-10-08,190.3,204.35,189.95,201.15,1017452.0,200601939.6
2021-10-11,201.4,208.25,195.5,199.55,710776.0,143202927.4
2021-10-12,198.05,204.4,171.3,196.45,549561.0,107388648.95
2021-10-13,196.45,198.15,189.0,190.35,287999.0,55478803.35
2021-10-14,191.5,196.0,185.0,186.25,363404.0,69018969.75
2021-10-18,189.7,189.7,182.0,182.85,334194.0,61573367.7
2021-10-19,187.4,187.4,169.35,173.9,414536.0,73871486.3
2021-10-20,173.5,174.15,165.15,167.6,440814.0,74576220.55
2021-10-21,167.0,176.2,166.0,168.95,410734.0,69947124.4
2021-10-22,169.65,173.75,165.0,168.25,204639.0,34466918.25
2021-10-25,168.1,169.5,158.6,161.15,288085.0,46591975.95
2021-10-26,162.7,165.25,157.95,160.15,169796.0,27242306.6
2021-10-27,161.0,171.8,158.75,168.6,327224.0,54646829.8
2021-10-28,168.6,168.6,162.6,163.85,144586.0,23860297.35
2021-10-29,164.5,168.0,158.75,164.35,153152.0,24954089.35
2021-11-01,165.0,176.0,164.95,174.0,321469.0,54958629.5
2021-11-02,176.25,178.0,173.1,176.05,126895.0,22299357.9
2021-11-03,175.2,180.25,171.7,173.8,173759.0,30762679.65
2021-11-04,175.2,187.15,175.2,180.95,154864.0,28024951.8
2021-11-08,181.9,181.9,176.45,178.0,128733.0,23016349.5
2021-11-09,178.0,181.1,177.05,178.0,107629.0,19289131.4
2021-11-10,178.0,178.65,175.05,175.75,93368.0,16522031.65
2021-11-11,175.55,185.0,168.55,172.8,414022.0,72868851.5
2021-11-12,166.95,182.0,166.95,173.65,600603.0,105941304.9
2021-11-15,175.0,186.0,175.0,179.45,577865.0,105088067.25
2021-11-16,180.35,182.0,172.8,173.85,230823.0,40699603.45
2021-11-17,172.7,178.0,172.35,173.85,123130.0,21529654.7
2021-11-18,174.3,175.6,168.0,168.85,139146.0,23663650.3
2021-11-22,168.85,174.4,160.0,162.55,129508.0,21563657.65
2021-11-23,159.1,170.05,159.1,166.95,95886.0,15890938.9
2021-11-24,168.0,174.3,165.55,166.75,121597.0,20713546.2
2021-11-25,168.9,175.0,168.85,173.4,222465.0,38409531.15
2021-11-26,174.0,174.3,166.95,172.0,301927.0,51579810.85
2021-11-29,170.0,178.0,164.05,170.6,431890.0,74496268.35
2021-11-30,171.45,176.0,168.25,169.4,171671.0,29541804.7
2021-12-01,170.25,174.1,166.5,167.9,129347.0,21837724.15
2021-12-02,168.65,170.4,161.75,163.9,244294.0,40364659.95
2021-12-03,164.9,171.2,164.15,165.05,169091.0,28263903.2
2021-12-06,165.0,167.4,163.0,163.45,89433.0,14749162.6
2021-12-07,164.35,167.45,162.5,164.1,96391.0,15930394.25
2021-12-08,164.95,171.0,164.75,169.35,198681.0,33412332.9
2021-12-09,170.2,172.2,167.0,168.4,124041.0,20992404.5
2021-12-10,168.5,172.0,168.05,170.45,108556.0,18441528.05
2021-12-13,170.3,183.4,170.3,180.2,729757.0,130112700.55
2021-12-14,178.5,184.8,176.9,179.0,213846.0,38688284.0
2021-12-15,179.0,193.75,178.3,190.05,798636.0,150536038.7
2021-12-16,190.15,192.6,182.9,188.5,342601.0,64061460.2
2021-12-17,189.2,189.2,177.0,178.55,193137.0,34941859.55
2021-12-20,173.15,173.65,166.5,169.05,191080.0,32502779.3
2021-12-21,170.5,174.85,168.0,169.5,89030.0,15223113.6
2021-12-22,169.95,175.75,169.55,173.15,101087.0,17481948.0
2021-12-23,174.2,179.85,174.05,177.95,195285.0,34675830.55
2021-12-24,177.9,180.9,172.15,172.85,59179.0,10379294.8
2021-12-27,172.1,173.85,170.0,170.15,82156.0,14077527.5
2021-12-28,171.45,173.55,170.0,171.65,63682.0,10960366.45
2021-12-29,171.75,175.2,168.3,170.35,107119.0,18360772.75
2021-12-30,170.95,174.05,169.75,172.0,84158.0,14459453.25
2021-12-31,172.65,175.8,169.35,173.3,141014.0,24403895.75
2022-01-03,173.0,176.0,172.15,172.9,134178.0,23345731.1
2022-01-04,173.75,175.0,171.0,171.55,99658.0,17187400.2
2022-01-05,171.6,174.5,168.3,170.45,222642.0,38236537.55
2022-01-06,169.8,171.0,168.75,169.7,123975.0,21039680.35
2022-01-07,170.2,171.0,166.9,168.35,133596.0,22608418.45
2022-01-10,168.0,174.6,167.0,169.6,592162.0,100952213.9
2022-01-11,170.05,171.9,167.25,167.75,106763.0,18049829.75
2022-01-12,168.9,170.1,166.6,168.15,155580.0,26255251.15
2022-01-13,168.8,170.65,166.6,167.8,260938.0,44112808.15
2022-01-14,167.1,170.1,167.1,169.7,246063.0,41784286.9
2022-01-17,169.7,176.0,168.0,168.3,774010.0,131959405.15
2022-01-18,169.75,171.8,164.1,165.2,407794.0,68717099.6
2022-01-19,165.65,166.2,162.55,163.55,195231.0,31991639.3
2022-01-20,164.0,164.45,161.85,162.7,76244.0,12442137.9
2022-01-21,162.4,165.75,159.25,161.45,111029.0,18042406.55
2022-01-24,161.45,162.45,148.6,150.95,206148.0,31830643.3
2022-01-25,149.9,157.0,149.0,155.1,211596.0,32588624.1
2022-01-27,154.0,155.5,150.6,152.55,86449.0,13247723.5
2022-01-28,153.35,157.0,148.0,150.4,127942.0,19535878.55
2022-01-31,152.0,155.25,148.2,150.75,155475.0,23518906.8
2022-02-01,153.7,154.0,149.1,150.85,130787.0,19762935.0
2022-02-02,152.1,158.6,152.1,153.15,126743.0,19604513.6
2022-02-03,154.0,155.3,150.95,151.8,100248.0,15318694.9
2022-02-04,152.6,152.75,149.3,150.95,99144.0,14931943.55
2022-02-07,150.95,152.35,146.7,147.5,93143.0,13824565.4
2022-02-08,148.3,149.6,141.4,142.7,286617.0,41185488.5
2022-02-09,143.45,145.5,141.95,143.6,101553.0,14638373.85
2022-02-10,144.1,146.0,142.2,144.2,82011.0,11834658.35
2022-02-11,143.2,144.45,140.3,142.6,74069.0,10556151.65
2022-02-14,139.45,141.0,123.05,129.05,687119.0,90480534.8
2022-02-15,129.7,145.2,127.5,141.75,452037.0,61553630.95
2022-02-16,143.0,145.05,138.05,138.85,410930.0,58040857.5
2022-02-17,138.1,140.95,136.4,137.55,46090.0,6392619.0
2022-02-18,137.0,144.0,134.9,140.1,382880.0,53632882.2
2022-02-21,143.55,143.55,132.2,134.15,242719.0,33353477.8
2022-02-22,128.0,132.5,125.2,130.95,154844.0,20224247.4
2022-02-23,134.7,135.6,129.0,131.1,113033.0,14959716.15
2022-02-24,128.8,129.15,118.8,120.8,178258.0,22231689.1
2022-02-25,125.95,132.6,113.6,126.8,239227.0,30195242.85
2022-02-28,127.0,128.3,122.55,126.0,156097.0,19442783.1
2022-03-02,125.9,130.0,124.65,125.75,71016.0,9006406.3
2022-03-03,126.6,138.7,126.6,131.9,362556.0,48746046.1
2022-03-04,129.0,132.15,128.4,129.7,81415.0,10625198.5
2022-03-07,127.95,127.95,120.1,122.95,144351.0,17820495.7
2022-03-08,122.3,126.25,122.3,123.55,111385.0,13815197.4
2022-03-09,124.5,128.35,124.2,125.8,96307.0,12213788.6
2022-03-10,128.35,130.25,125.05,125.95,133932.0,17097467.65
2022-03-11,126.5,128.25,123.0,124.05,92440.0,11637409.85
2022-03-14,123.1,124.7,116.95,119.95,392837.0,47854956.2
2022-03-15,121.5,128.0,121.15,125.0,345120.0,42972895.0
2022-03-16,126.0,128.0,122.55,123.65,123865.0,15472120.3
2022-03-17,125.0,128.1,125.0,126.15,284945.0,36118504.45
2022-03-21,126.2,128.05,124.6,125.0,112592.0,14237070.6
2022-03-22,124.2,125.55,123.3,124.15,97925.0,12184045.0
2022-03-23,125.0,125.5,120.5,120.75,161509.0,19706704.4
2022-03-24,120.0,122.0,116.0,116.7,330358.0,39559263.4
2022-03-25,119.05,120.75,114.45,114.7,333969.0,38739788.7
2022-03-28,114.05,115.0,107.2,109.8,649776.0,71781399.1
2022-03-29,110.1,116.7,110.1,111.3,505838.0,57329030.35
2022-03-30,113.0,114.3,111.0,111.3,176025.0,19793189.65
2022-03-31,111.9,112.0,107.0,109.5,273620.0,30096842.6
2022-04-01,110.05,116.05,109.1,115.0,208336.0,23793068.25
2022-04-04,115.6,122.6,115.6,119.95,488717.0,58675094.5
2022-04-05,120.55,125.0,120.55,122.45,311196.0,38397745.55
2022-04-06,121.8,129.85,121.15,128.75,349342.0,44215487.45
2022-04-07,129.7,134.6,128.4,129.75,452795.0,59750196.2
2022-04-08,130.6,131.5,127.55,128.15,154051.0,19899478.6
2022-04-11,128.55,133.45,128.55,132.75,179119.0,23622854.5
2022-04-12,132.5,133.75,127.8,130.5,146831.0,19144406.65
2022-04-13,130.5,134.0,130.5,131.6,140622.0,18608600.9
2022-04-18,130.0,130.35,125.35,127.0,131001.0,16695649.05
2022-04-19,127.0,132.55,127.0,128.2,165135.0,21327541.4
2022-04-20,129.9,130.6,126.65,126.95,54745.0,7021695.6
2022-04-21,127.5,135.0,127.5,134.15,368632.0,49068259.2
2022-04-22,131.9,141.3,131.05,139.8,512943.0,70911742.45
2022-04-25,137.9,140.15,131.0,133.45,384433.0,51822334.0
2022-04-26,135.1,140.9,135.05,135.7,335219.0,46292380.55
2022-04-27,135.45,138.05,133.9,136.8,166314.0,22650796.0
2022-04-28,136.8,146.9,136.8,141.5,1070398.0,152864926.15
2022-04-29,143.25,147.5,136.9,137.85,322878.0,46283367.9
2022-05-02,135.7,140.4,132.6,137.9,238690.0,32834897.35
2022-05-04,138.7,141.3,128.65,131.55,186143.0,24968919.95
2022-05-05,133.5,134.3,125.65,126.85,155902.0,20181800.25
2022-05-06,125.0,126.1,121.35,122.2,144289.0,17727711.85
2022-05-09,122.0,122.0,112.4,113.9,226194.0,26202824.8
2022-05-10,114.9,116.0,104.2,106.4,175462.0,19313328.4
2022-05-11,107.6,110.45,105.1,108.2,150632.0,16188815.8
2022-05-12,107.05,107.25,103.4,105.8,111874.0,11792280.7
2022-05-13,107.4,112.0,107.0,110.15,84947.0,9304237.7
2022-05-16,113.3,114.9,107.2,111.0,107804.0,12034351.5
2022-05-17,111.0,115.35,110.2,114.35,72740.0,8296888.2
2022-05-18,115.3,121.75,115.25,119.75,559806.0,66667183.15
2022-05-19,117.0,119.4,114.0,117.35,114894.0,13488039.6
2022-05-20,118.6,123.8,115.55,118.65,238303.0,28831252.3
2022-05-23,120.0,120.95,115.35,118.2,97203.0,11596475.5
2022-05-24,117.9,120.3,115.1,116.85,37130.0,4387365.65
2022-05-25,117.15,120.0,105.5,107.9,130910.0,14495027.9
2022-05-26,107.9,116.25,105.9,109.45,272819.0,29955434.25
2022-05-27,111.1,113.0,108.95,110.6,118674.0,13115566.85
2022-05-30,112.0,117.95,110.4,111.5,341826.0,38800202.95
2022-05-31,112.3,118.8,110.0,116.6,159808.0,18467975.7
2022-06-01,118.6,120.1,114.35,118.75,163369.0,19309912.5
2022-06-02,120.0,122.5,118.0,118.85,122988.0,14742298.7
2022-06-03,121.0,124.45,118.5,123.3,158273.0,19241025.3
2022-06-06,122.4,128.0,121.65,123.3,135011.0,16805666.75
2022-06-07,124.9,125.0,121.0,121.65,98423.0,12140021.2
2022-06-08,122.75,124.35,121.05,121.65,58103.0,7113362.65
2022-06-09,120.05,123.9,120.0,123.0,82564.0,10110416.2
2022-06-10,121.1,125.7,121.1,122.85,128135.0,15822121.95
2022-06-13,119.0,120.1,110.45,115.4,124098.0,14329655.8
2022-06-14,113.5,117.45,113.0,114.8,123960.0,14293500.85
2022-06-15,115.0,115.8,112.05,112.95,27124.0,3083078.85
2022-06-16,114.5,116.35,102.45,105.6,155670.0,16868997.0
2022-06-17,105.0,107.25,100.8,103.6,109625.0,11374093.15
2022-06-20,103.0,104.8,98.2,99.95,129578.0,13020641.55
2022-06-21,100.4,103.4,99.0,100.05,103833.0,10460808.8
2022-06-22,100.0,103.2,100.0,100.9,125123.0,12660288.4
2022-06-23,100.9,109.0,100.9,104.7,190402.0,20210589.15
2022-06-24,105.4,109.0,105.4,106.8,84190.0,9022951.9
2022-06-27,108.0,110.6,107.05,109.8,87467.0,9554654.7
2022-06-28,108.85,112.75,108.05,111.05,106910.0,11859383.2
2022-06-29,109.0,115.9,109.0,113.9,189230.0,21313237.6
2022-06-30,114.7,117.5,113.05,114.9,107935.0,12422104.35
2022-07-01,113.5,117.15,112.2,115.5,43209.0,4959725.05
2022-07-04,114.1,118.3,114.1,117.75,91145.0,10676217.35
2022-07-05,118.0,118.6,115.3,116.65,80304.0,9426115.15
2022-07-06,117.9,121.25,116.25,119.4,138642.0,16430649.4
2022-07-07,120.25,125.05,119.5,120.0,499526.0,60982275.55
2022-07-08,120.95,121.0,118.0,118.85,68861.0,8219974.3
2022-07-11,118.05,120.55,116.65,117.4,84791.0,10026035.15
2022-07-12,117.25,119.55,116.05,116.9,54570.0,6415578.2
2022-07-13,117.7,128.85,117.0,119.15,578762.0,71222666.6
2022-07-14,120.0,122.25,118.3,120.75,211766.0,25568363.3
2022-07-15,121.6,125.1,119.1,120.25,99905.0,12181586.7
2022-07-18,121.15,122.7,118.55,119.25,115963.0,13902846.5
2022-07-19,119.25,120.15,116.85,117.8,83691.0,9907845.0
2022-07-20,120.0,120.35,117.0,117.35,56755.0,6702196.45
2022-07-21,117.35,118.95,116.05,116.85,30525.0,3584681.7
2022-07-22,117.8,118.25,114.75,115.35,55401.0,6409840.75
2022-07-25,116.75,117.7,113.5,113.9,74955.0,8632573.75
2022-07-26,113.9,114.05,111.3,111.75,84261.0,9497736.35
2022-07-27,111.1,112.0,108.2,109.8,162725.0,17917865.6
2022-07-28,110.8,111.2,107.4,108.55,74825.0,8127409.1
2022-07-29,109.1,110.0,107.65,108.45,201820.0,21932874.45
2022-08-01,109.4,109.4,105.1,105.8,219507.0,23410961.0
2022-08-02,106.7,107.0,105.1,105.9,150243.0,15894943.3
2022-08-03,107.9,107.9,105.1,105.9,82881.0,8803066.85
2022-08-04,106.9,108.8,105.6,107.7,139261.0,14875424.0
2022-08-05,109.0,113.0,108.75,112.6,253824.0,28344577.85
2022-08-08,113.25,117.0,112.7,115.05,230869.0,26603967.8
2022-08-10,124.8,124.8,116.0,120.05,2251303.0,268941219.95
2022-08-11,122.0,138.95,121.55,135.25,3125889.0,414875021.85
2022-08-12,136.0,145.0,135.3,139.5,1105754.0,154997340.55
2022-08-16,138.0,140.0,132.25,134.55,409600.0,55337832.1
2022-08-17,135.5,136.05,131.65,134.6,242667.0,32600207.25
2022-08-18,134.0,144.5,133.25,141.7,1373596.0,192275835.65
2022-08-19,142.05,149.7,142.0,147.65,1342433.0,196142809.85
2022-08-22,147.65,155.0,144.15,154.1,1232506.0,186192567.15
2022-08-23,154.35,157.65,146.75,154.85,729052.0,112678135.15
2022-08-24,153.85,159.25,153.15,157.2,451546.0,71192113.35
2022-08-25,157.8,158.95,150.95,152.1,340970.0,52670563.95
2022-08-26,153.7,160.2,153.05,154.3,269250.0,41963348.45
2022-08-29,153.0,177.3,150.5,166.55,2167784.0,363813240.5
2022-08-30,168.0,171.6,163.55,165.45,470516.0,78505067.7
2022-09-01,164.8,172.0,164.0,166.85,439118.0,73733334.0
2022-09-02,167.5,173.65,166.0,166.75,852365.0,144715358.2
2022-09-05,168.0,175.2,168.0,173.4,777708.0,134037546.4
2022-09-06,175.0,187.0,173.95,182.9,1514693.0,272479626.9
2022-09-07,182.65,190.0,180.6,183.55,841628.0,155277683.8
2022-09-08,184.9,190.2,180.0,181.95,539151.0,100021109.05
2022-09-09,182.5,190.0,182.5,184.25,524864.0,97932473.15
2022-09-12,184.6,190.0,184.55,187.7,710003.0,133501677.55
2022-09-13,189.0,192.35,186.5,188.9,489458.0,92627270.2
2022-09-14,188.65,191.0,184.1,186.8,443541.0,83353905.1
2022-09-15,188.0,190.5,182.2,186.4,269950.0,50378861.5
2022-09-16,186.05,187.6,173.7,177.25,264665.0,47689802.4
2022-09-19,177.25,182.35,153.55,170.15,537076.0,92337481.05
2022-09-20,171.7,183.4,171.7,178.25,428468.0,76692855.25
2022-09-21,177.1,182.4,168.5,170.1,417371.0,73640851.45
2022-09-22,170.15,173.95,165.7,167.8,418269.0,70723625.4
2022-09-23,168.25,169.35,157.8,159.5,356724.0,58392855.2
2022-09-26,157.3,158.45,149.0,152.0,522094.0,79849766.35
2022-09-27,153.3,165.0,149.45,161.35,636040.0,99292489.25
2022-09-28,160.0,171.1,158.05,165.95,780945.0,130012175.3
2022-09-29,169.55,171.4,158.0,159.6,452533.0,74333142.55
2022-09-30,160.25,163.9,156.8,159.9,404897.0,64578390.8
2022-10-03,160.0,162.65,156.6,157.5,169921.0,27337219.85
2022-10-04,159.9,167.0,156.55,158.5,333673.0,53199057.0
2022-10-06,159.6,165.0,159.25,161.4,283160.0,46027334.5
2022-10-07,162.35,165.35,159.3,161.05,227919.0,37197252.8
2022-10-10,159.8,166.3,158.15,161.45,141158.0,22770133.15
2022-10-11,163.0,167.0,161.3,162.25,187872.0,30941124.1
2022-10-12,163.0,167.0,161.75,163.6,244077.0,40263604.3
2022-10-13,163.7,164.4,158.85,159.95,108395.0,17466103.15
2022-10-14,162.1,167.85,161.1,161.8,263302.0,43426619.4
2022-10-17,160.8,162.4,157.5,159.2,99122.0,15845829.05
2022-10-18,160.7,165.35,158.65,160.75,294647.0,47779057.45
2022-10-19,161.0,164.95,160.6,162.5,214947.0,35066731.65
2022-10-20,162.0,166.8,161.15,165.45,161500.0,26564662.35
2022-10-21,166.3,168.7,161.5,165.3,131060.0,21668492.75
2022-10-24,166.0,166.6,163.8,165.05,41655.0,6875270.2
2022-10-25,165.0,168.65,164.3,167.6,151383.0,25268479.5
2022-10-27,168.25,174.3,167.6,168.55,267303.0,45641046.65
2022-10-28,169.35,172.0,165.3,166.1,96658.0,16268478.35
2022-10-31,167.3,168.0,158.0,160.15,164437.0,26643064.3
2022-11-01,160.5,163.0,159.05,161.65,103829.0,16660841.6
2022-11-02,162.2,164.0,160.5,161.8,91850.0,14895578.65
2022-11-03,161.8,162.95,159.4,161.55,86602.0,13924933.05
2022-11-04,160.8,163.1,159.7,161.5,160540.0,25895224.9
2022-11-07,162.4,162.95,152.6,154.8,246422.0,38321477.05
2022-11-09,155.9,155.9,151.15,152.3,102765.0,15692619.7
2022-11-10,151.0,153.0,147.15,148.15,114275.0,17023682.9
2022-11-11,155.0,159.5,151.6,155.5,462889.0,71643476.1
2022-11-14,157.0,160.2,155.5,157.25,113866.0,17942953.55
2022-11-15,157.25,159.5,153.75,158.15,108160.0,16997911.35
2022-11-16,158.4,162.35,154.05,155.1,107824.0,17115753.3
2022-11-17,155.15,155.55,152.05,153.4,33095.0,5081007.3
2022-11-18,153.55,154.45,148.5,152.55,100334.0,15166523.95
2022-11-21,153.5,155.2,146.0,147.45,90865.0,13569456.9
2022-11-22,147.45,147.45,138.2,140.1,298850.0,42478383.0
2022-11-23,140.9,144.0,138.95,139.35,98243.0,13832766.7
2022-11-24,139.55,141.9,137.6,138.95,266444.0,37063914.95
2022-11-25,139.3,144.9,139.3,143.9,175809.0,25090090.9
2022-11-28,143.9,147.2,142.8,143.25,133002.0,19258024.55
2022-11-29,143.25,147.5,143.25,144.05,283313.0,41244635.55
2022-11-30,145.15,145.55,140.5,140.8,82556.0,11780744.05
2022-12-01,141.55,142.0,139.45,140.15,154013.0,21667147.9
2022-12-02,140.0,145.4,139.25,144.4,112015.0,15952568.7
2022-12-05,145.4,145.95,142.0,144.55,164458.0,23709928.15
2022-12-06,143.9,145.25,143.0,143.6,44123.0,6349338.15
2022-12-07,144.3,144.75,141.0,143.35,113690.0,16244074.5
2022-12-08,142.9,143.9,139.5,140.15,89784.0,12645777.2
2022-12-09,140.9,142.25,136.15,137.85,104848.0,14533535.65
2022-12-12,138.0,143.95,136.1,143.05,126369.0,17850503.5
2022-12-13,143.05,144.0,139.2,140.0,93603.0,13153313.7
2022-12-14,140.8,146.6,138.8,144.3,212633.0,30642553.35
2022-12-15,143.9,145.3,141.55,143.5,168152.0,24136161.8
2022-12-16,142.05,155.55,142.05,147.9,1007078.0,148579610.65
2022-12-19,149.0,153.35,146.0,151.8,354086.0,53447491.2
2022-12-20,153.7,162.0,152.0,153.5,834324.0,130392853.85
2022-12-21,154.0,156.45,141.1,143.6,318299.0,47265201.45
2022-12-22,145.0,147.2,137.05,138.6,236284.0,33089209.1
2022-12-23,136.6,138.05,124.15,127.4,473654.0,61647238.65
2022-12-26,127.4,137.8,127.4,136.5,250582.0,33449801.85
2022-12-27,138.55,146.4,135.5,138.4,636581.0,90041352.5
2022-12-28,141.0,144.0,138.2,141.55,238603.0,33898611.45
2022-12-29,140.05,142.9,138.65,141.5,56678.0,7973449.0
2022-12-30,142.15,157.7,142.15,153.0,1176876.0,177980701.25
2023-01-02,152.0,162.5,152.0,158.5,1058187.0,167218253.1
2023-01-03,158.6,159.45,153.45,156.4,446746.0,70080419.65
2023-01-04,156.8,158.85,152.45,153.85,234188.0,36591938.15
2023-01-05,154.25,161.7,153.95,157.8,1076344.0,170822657.65
2023-01-06,158.95,162.9,157.2,160.55,1199092.0,192873667.8
2023-01-09,161.7,166.0,160.2,162.05,529816.0,86359243.85
2023-01-10,162.9,162.9,157.3,159.55,211135.0,33672333.95
2023-01-11,159.75,161.85,157.5,158.1,143128.0,22794554.05
2023-01-12,158.75,160.1,153.35,154.5,138825.0,21607525.4
2023-01-13,155.95,157.45,154.5,156.0,105816.0,16483896.65
2023-01-16,156.75,158.2,152.1,153.05,78832.0,12178753.2
2023-01-17,153.05,153.55,150.05,152.0,125893.0,19094578.45
2023-01-18,153.0,156.4,152.0,154.65,77935.0,12045615.05
2023-01-19,153.55,160.65,153.55,159.85,225158.0,35659667.25
2023-01-20,160.9,162.4,156.1,156.3,211242.0,33700489.8
2023-01-23,157.3,158.0,150.8,151.85,66869.0,10296966.7
2023-01-24,153.35,155.05,148.0,149.15,110978.0,16840483.6
2023-01-25,149.0,150.25,144.7,145.5,116429.0,17117964.6
2023-01-27,146.95,147.25,135.5,140.4,237535.0,33577408.65
2023-01-30,142.0,144.8,137.75,141.75,201521.0,28598901.75
2023-01-31,143.0,149.1,142.1,148.4,137425.0,20140640.95
2023-02-01,149.55,150.35,137.95,141.65,233836.0,33895359.75
2023-02-02,142.8,144.45,138.3,140.15,137582.0,19410747.55
2023-02-03,143.75,143.75,134.5,138.3,144300.0,19860852.3
2023-02-06,139.95,142.1,138.55,139.8,95572.0,13387654.75
2023-02-07,141.5,142.5,135.6,139.15,105972.0,14818037.8
2023-02-08,141.25,144.85,139.75,143.45,185406.0,26414734.1
2023-02-09,143.95,146.45,142.55,145.4,121111.0,17589471.35
2023-02-10,145.4,149.0,143.05,144.05,120662.0,17677557.35
2023-02-13,143.9,152.0,141.0,143.3,305407.0,44390232.5
2023-02-14,143.3,145.1,141.0,141.6,75164.0,10716030.25
2023-02-15,141.6,148.2,140.5,146.1,118443.0,17216553.0
2023-02-16,148.3,153.9,146.0,148.1,251209.0,37807529.9
2023-02-17,147.8,151.95,143.7,144.7,347485.0,50980783.4
2023-02-20,145.1,145.75,137.5,138.25,515229.0,71816348.4
2023-02-21,138.2,141.85,137.0,138.15,307374.0,42878182.7
2023-02-22,138.5,140.9,121.2,123.4,1444924.0,183156904.4
2023-02-23,121.1,123.0,115.3,116.55,783811.0,92579732.8
2023-02-24,117.0,121.2,116.0,117.1,459762.0,54326470.5
2023-02-27,117.1,124.45,114.6,120.45,455791.0,54106690.0
2023-02-28,121.5,124.35,119.45,122.15,189625.0,23136742.2
2023-03-01,124.0,129.65,123.65,127.65,303003.0,38444235.3
2023-03-02,128.35,129.5,125.4,125.75,100488.0,12789337.8
2023-03-03,126.25,130.0,126.25,128.9,188322.0,24268893.7
2023-03-06,129.45,131.8,127.15,128.7,155851.0,20265735.65
2023-03-08,127.0,133.5,127.0,131.95,206689.0,26987634.1
2023-03-09,132.05,133.1,128.3,128.5,146461.0,19073760.8
2023-03-10,127.7,129.2,126.3,126.95,111600.0,14288905.0
2023-03-13,127.8,129.25,122.2,122.9,242123.0,30604838.55
2023-03-14,124.75,124.75,119.05,120.35,146990.0,17778616.75
2023-03-15,122.85,123.25,116.95,118.35,731884.0,88721234.25
2023-03-16,118.7,119.95,115.05,116.5,294056.0,34364847.15
2023-03-17,118.25,123.9,118.0,122.55,370097.0,45015387.5
2023-03-20,126.75,130.5,121.55,127.85,498053.0,63321490.45
2023-03-21,128.65,128.75,123.1,123.85,241308.0,30141422.25
2023-03-22,124.7,126.6,120.4,120.95,277700.0,33877711.2
2023-03-23,121.6,122.4,119.3,119.8,519943.0,63137232.85
2023-03-24,120.4,122.1,118.25,119.0,323409.0,38547879.4
2023-03-27,119.05,119.05,110.45,112.55,320507.0,36543412.7
2023-03-28,113.2,114.5,108.9,110.55,597898.0,66063532.3
2023-03-29,111.25,116.9,111.2,114.0,470459.0,53580585.45
2023-03-31,114.9,123.75,114.8,118.95,404750.0,48602175.5
2023-04-03,119.75,122.4,118.9,121.75,149195.0,18119972.25
2023-04-05,122.6,139.3,121.95,131.5,1727911.0,229444522.9
2023-04-06,131.05,137.8,130.25,132.85,765443.0,102877767.4
2023-04-10,134.4,137.95,130.0,132.15,879672.0,117278780.6
2023-04-11,133.0,134.5,131.3,132.7,278299.0,36893085.95
2023-04-12,133.0,133.5,130.1,131.55,163908.0,21557568.4
2023-04-13,132.45,132.95,129.35,130.35,158483.0,20721999.2
2023-04-17,130.35,132.1,127.8,128.75,416829.0,54048328.35
2023-04-18,129.0,131.4,128.1,129.55,148479.0,19270639.3
2023-04-19,129.55,133.0,127.35,128.15,291648.0,38042817.15
2023-04-20,128.5,129.35,125.55,126.35,146020.0,18550310.0
2023-04-21,126.5,128.0,126.1,127.5,87784.0,11151923.7
2023-04-24,128.5,133.75,127.1,130.45,250524.0,32763705.9
2023-04-25,131.4,131.8,130.1,131.2,84682.0,11086914.85
2023-04-26,130.0,131.9,128.15,128.85,182083.0,23639047.7
2023-04-27,129.15,131.0,128.75,129.9,100519.0,13049000.5
2023-04-28,130.8,133.95,130.4,131.4,230359.0,30433625.3
2023-05-02,132.7,135.7,128.65,131.3,338818.0,45049564.15
2023-05-03,131.35,132.5,128.85,129.8,174005.0,22760960.25
2023-05-04,130.5,133.7,129.8,131.2,185969.0,24420255.1
2023-05-05,131.2,132.6,127.85,128.7,252746.0,32641674.9
2023-05-08,130.0,144.85,129.45,137.9,1821647.0,253435454.0
2023-05-09,138.9,142.2,137.2,139.95,518833.0,72527009.25
2023-05-10,140.9,155.95,139.55,147.75,2121264.0,317766888.05
2023-05-11,148.65,156.7,148.5,152.45,1366009.0,208582699.2
2023-05-12,152.9,162.85,152.9,160.55,1809158.0,288825870.35
2023-05-15,161.3,171.4,159.2,163.3,2957232.0,492396343.05
2023-05-16,164.6,169.0,162.3,164.65,1572288.0,260964386.35
2023-05-17,165.55,170.5,162.3,169.65,1553837.0,259425528.35
2023-05-18,170.75,175.95,167.4,170.25,1382610.0,237560790.15
2023-05-19,170.3,171.45,165.05,168.4,668515.0,112544464.6
2023-05-22,168.0,170.95,163.7,167.65,521343.0,87022656.85
2023-05-23,168.5,170.9,164.0,164.55,343769.0,57571729.25
2023-05-24,164.5,170.85,163.8,169.45,463867.0,78156110.0
2023-05-25,169.3,176.3,167.35,174.8,1005884.0,174427546.8
2023-05-26,176.85,176.85,168.6,171.15,780720.0,133902625.6
2023-05-29,172.0,177.45,165.05,166.15,1594030.0,273773211.6
2023-05-30,167.8,169.15,163.5,164.4,529723.0,87791431.15
2023-05-31,166.0,171.9,162.1,164.45,962686.0,160536610.3
2023-06-01,165.45,171.5,164.3,168.1,906100.0,151773400.7
2023-06-02,169.4,170.5,162.2,163.15,945390.0,156774513.45
2023-06-05,165.25,184.45,165.05,183.1,3639991.0,650606985.7
2023-06-06,186.7,193.55,185.35,190.65,4183521.0,793388651.9
2023-06-07,191.9,199.0,191.05,196.0,3206502.0,626857837.95
2023-06-08,197.1,200.6,188.55,191.6,1991036.0,385726957.05
2023-06-09,195.0,196.0,186.8,190.8,1507661.0,287874895.55
2023-06-12,192.0,200.0,191.25,195.25,1722049.0,336631648.95
2023-06-13,196.9,207.4,188.45,205.4,5159580.0,1027010181.4
2023-06-14,206.4,211.8,201.85,204.15,3146341.0,649620765.35
2023-06-15,204.15,209.7,198.0,208.05,4842475.0,981019909.8
2023-06-16,209.3,211.7,205.0,206.05,1842267.0,382593089.55
2023-06-19,207.0,211.9,204.85,206.35,1843313.0,383310334.4
2023-06-20,206.35,207.35,196.55,198.35,1162199.0,234620111.9
2023-06-21,199.7,202.7,198.4,200.4,870575.0,174449253.7
2023-06-22,200.85,201.65,193.05,193.7,494729.0,97123975.2
2023-06-23,194.15,194.35,186.85,189.1,1067379.0,202651123.85
2023-06-26,190.0,202.6,190.0,201.75,2140905.0,426938510.0
2023-06-27,203.45,206.7,201.8,203.25,777054.0,158522015.4
2023-06-28,203.95,205.95,200.8,204.55,521007.0,106119877.65
2023-06-30,205.4,209.95,205.25,206.8,959590.0,199368924.55
2023-07-03,207.45,218.5,207.45,212.45,1970317.0,421786441.6
2023-07-04,212.0,212.85,205.2,208.55,597922.0,124482458.55
2023-07-05,212.0,221.0,210.8,219.85,2166192.0,471373497.95
2023-07-06,223.5,233.9,222.5,226.0,2391694.0,546856144.75
2023-07-07,227.0,227.45,216.0,218.4,1281575.0,282319290.6
2023-07-10,219.9,222.65,210.1,212.5,847652.0,183271551.85
2023-07-11,213.5,215.7,205.85,207.0,1421320.0,298452173.65
2023-07-12,209.0,224.5,207.0,223.35,2277765.0,498945582.95
2023-07-13,224.0,225.6,216.0,218.0,1004305.0,221210882.45
2023-07-14,218.95,221.8,216.0,218.15,595612.0,130291297.75
2023-07-17,219.7,231.0,219.65,227.85,1633721.0,370995094.85
2023-07-18,228.05,229.75,222.35,225.75,703360.0,159424411.05
2023-07-19,226.7,231.75,222.05,223.7,1018091.0,230618568.35
2023-07-20,223.7,226.55,220.1,223.9,539186.0,120389181.25
2023-07-21,223.5,227.65,220.1,224.15,575199.0,129057179.55
2023-07-24,224.2,225.35,211.65,213.75,844308.0,183621449.5
2023-07-25,215.0,216.4,207.1,210.05,857957.0,181002226.8
2023-07-26,211.45,214.7,207.55,209.5,730451.0,153636457.75
2023-07-27,211.65,216.5,209.45,211.15,515080.0,109275844.85
2023-07-28,211.8,213.25,208.5,211.6,407410.0,85836425.75
2023-07-31,213.95,220.85,213.0,219.65,1154226.0,251323271.65
2023-08-01,221.6,222.45,217.75,218.45,468422.0,102868598.05
2023-08-02,218.5,224.15,212.1,217.9,906550.0,198318907.3
2023-08-03,218.65,227.7,217.5,224.95,1266636.0,282992519.95
2023-08-04,227.8,229.9,224.3,225.8,742880.0,168736811.3
2023-08-07,227.2,237.0,223.7,233.15,1251019.0,290198582.9
2023-08-08,234.0,235.1,227.8,228.9,491447.0,113621778.75
2023-08-09,228.9,233.4,225.75,230.8,460975.0,106193225.0
2023-08-10,230.05,235.9,225.2,227.75,473828.0,109102197.6
2023-08-11,227.75,228.8,217.45,218.6,643748.0,142275362.45
2023-08-14,207.0,207.5,192.6,200.2,2925223.0,582300717.65
2023-08-16,196.6,214.5,196.6,211.55,1081152.0,225274923.2
2023-08-17,211.3,213.25,207.1,208.45,500069.0,104778346.05
2023-08-18,208.45,213.0,206.1,207.35,410437.0,85837575.2
2023-08-21,207.95,210.95,206.0,207.95,369600.0,77215328.1
2023-08-22,206.0,210.75,205.95,207.4,378153.0,78597963.9
2023-08-23,209.4,209.85,202.75,203.6,769762.0,158056827.95
2023-08-24,204.8,207.0,201.25,202.15,414304.0,84427410.95
2023-08-25,200.5,206.75,195.8,197.7,1221050.0,245421769.0
2023-08-28,199.9,201.95,194.75,196.7,903246.0,177751301.55
2023-08-29,198.5,205.5,195.9,203.75,2955394.0,600151171.95
2023-08-30,205.0,209.45,204.2,206.35,1146249.0,237308753.15
2023-08-31,208.5,209.75,205.05,207.2,623615.0,129259836.2
2023-09-01,207.45,234.25,207.45,228.3,4511257.0,1005667844.9
2023-09-04,230.0,232.9,221.6,223.8,1393648.0,317638265.35
2023-09-05,225.9,233.25,224.95,228.0,1221702.0,279441468.3
2023-09-06,230.0,230.8,221.0,225.75,553053.0,124937892.95
2023-09-07,227.45,235.0,221.7,228.2,937043.0,214823936.6
2023-09-08,229.8,241.8,224.95,233.3,1902811.0,447336187.35
2023-09-11,237.9,248.4,235.85,239.9,2058665.0,499840743.0
2023-09-12,241.6,246.0,212.05,218.35,2642689.0,589970694.1
2023-09-13,219.0,223.3,204.05,217.1,2772255.0,588679636.15
2023-09-14,219.8,221.65,211.25,214.0,1140970.0,245860658.4
2023-09-15,215.8,219.0,212.5,215.1,791744.0,170671397.9
2023-09-18,215.1,227.0,213.85,218.95,2066270.0,460170156.45
2023-09-20,219.5,221.75,215.8,217.0,560595.0,122364506.9
2023-09-21,217.0,218.6,210.5,212.15,533740.0,113934458.75
2023-09-22,214.9,215.35,210.05,212.0,461258.0,98150188.05
2023-09-25,212.5,215.45,208.0,209.05,660029.0,139485419.95
2023-09-26,209.9,212.95,207.5,209.45,398203.0,83707668.0
2023-09-27,209.4,212.45,207.45,209.95,415661.0,87258105.65
2023-09-28,210.95,216.5,205.5,207.25,582618.0,123350858.5
2023-09-29,208.95,210.35,205.85,206.7,374294.0,77888274.45
2023-10-03,206.7,211.8,204.8,209.05,345132.0,71795600.45
2023-10-04,208.0,213.25,206.1,212.2,526528.0,110382381.2
2023-10-05,216.4,216.4,210.15,212.25,630426.0,134617944.95
2023-10-06,214.0,214.35,210.1,211.2,407534.0,86161700.05
2023-10-09,207.5,215.9,205.2,212.95,857569.0,181406852.35
2023-10-10,215.5,219.9,213.45,214.05,897188.0,194251628.0
2023-10-11,216.2,221.2,212.75,215.7,1120124.0,243136712.75
2023-10-12,217.9,226.05,209.8,223.9,1702774.0,376541264.7
2023-10-13,222.55,228.7,220.4,222.45,998288.0,225159524.15
2023-10-16,223.8,226.45,221.0,222.7,387601.0,86555782.35
2023-10-17,223.95,235.0,223.95,228.25,1341666.0,308351315.45
2023-10-18,229.0,230.7,220.55,222.85,599811.0,134827449.6
2023-10-19,220.0,227.25,219.95,222.7,469044.0,104887157.65
2023-10-20,222.7,225.85,217.15,219.05,535345.0,118235642.35
2023-10-23,219.0,220.15,201.4,204.3,817325.0,171776673.2
2023-10-25,205.9,208.0,192.5,195.3,1004946.0,200057568.45
2023-10-26,194.5,199.85,187.3,197.35,1103647.0,213338709.8
2023-10-27,198.9,203.0,198.05,200.05,422684.0,84828479.2
2023-10-30,200.5,208.95,198.7,207.1,709754.0,145505436.7
2023-10-31,208.0,210.6,205.0,208.55,469233.0,97482485.8
2023-11-01,209.0,213.5,205.0,207.0,555829.0,116365152.95
2023-11-02,209.6,211.35,206.5,207.5,255654.0,53261679.2
2023-11-03,209.0,214.5,206.9,212.6,698009.0,147521211.3
2023-11-06,213.5,218.85,212.05,215.25,596077.0,128489501.05
2023-11-07,215.25,216.1,207.7,208.9,503991.0,106270663.5
2023-11-08,209.95,224.95,209.95,221.1,2415356.0,531374422.55
2023-11-09,221.25,227.0,219.0,225.8,1341334.0,300235703.45
2023-11-10,224.2,227.95,221.0,227.0,897173.0,202961706.65
2023-11-12,230.0,238.0,230.0,235.45,1163275.0,272009880.55
2023-11-13,234.95,244.95,231.3,236.5,2575536.0,613095601.2
2023-11-15,229.4,250.0,222.15,245.3,6115889.0,1461465813.8
2023-11-16,246.0,266.55,241.45,262.45,4027033.0,1029241643.15
2023-11-17,263.0,270.4,253.55,257.3,3666116.0,969263724.3
2023-11-20,258.4,264.6,255.25,257.5,1225995.0,318131341.95
2023-11-21,258.0,273.9,257.9,264.0,3134159.0,840864218.75
2023-11-22,265.0,269.95,259.1,264.8,1335464.0,354100535.0
2023-11-23,262.3,266.15,254.25,255.9,963367.0,249524807.9
2023-11-24,256.85,267.5,256.4,257.7,1461135.0,382965816.45
2023-11-28,258.05,262.95,257.35,259.45,652538.0,169837120.3
2023-11-29,261.45,264.0,253.5,255.8,1184191.0,306681363.3
2023-11-30,256.8,258.35,247.35,252.5,751389.0,189044742.25
2023-12-01,254.0,268.8,253.8,259.8,1702390.0,444198004.15
2023-12-04,265.05,267.15,260.1,262.45,1053156.0,276781432.3
2023-12-05,262.35,262.45,250.55,254.1,841248.0,215273308.05
2023-12-06,254.1,270.8,253.15,262.3,4027796.0,1055430909.6
2023-12-07,267.3,279.65,266.0,269.9,5355922.0,1458793619.9
2023-12-08,273.0,275.0,259.15,262.95,1096386.0,292614514.85
2023-12-11,265.05,277.05,259.95,275.3,1741052.0,471159162.05
2023-12-12,277.05,283.35,265.85,267.35,2123118.0,585661190.1
2023-12-13,269.7,273.3,267.3,269.75,894534.0,241572974.55
2023-12-14,272.95,278.8,268.35,272.25,983434.0,269000399.15
2023-12-15,272.8,274.15,267.65,269.9,781103.0,211303158.2
2023-12-18,268.95,273.35,264.05,265.9,813235.0,218341818.95
2023-12-19,266.9,276.75,261.55,263.45,944438.0,253904842.0
2023-12-20,263.8,267.05,241.1,244.4,1477474.0,374141744.2
2023-12-21,243.0,259.15,237.55,255.9,1264862.0,317678500.25
2023-12-22,258.2,267.0,256.85,263.6,1625655.0,429277145.5
2023-12-26,264.0,273.0,259.0,263.95,1141251.0,304868927.4
2023-12-27,263.55,267.8,256.5,258.85,502065.0,131229046.75
2023-12-28,260.4,261.7,252.55,253.8,404609.0,103526421.35
2023-12-29,254.7,259.25,248.0,250.3,643969.0,163038049.15
2024-01-01,252.6,266.0,250.9,260.1,1180472.0,307550334.0
2024-01-02,260.25,263.8,253.05,260.75,833283.0,216209861.8
2024-01-03,260.95,273.75,259.4,271.9,2158083.0,579576150.65
2024-01-04,273.2,287.6,271.3,285.2,3135893.0,878508489.45
2024-01-05,286.9,288.6,275.05,279.9,1959488.0,549991625.0
2024-01-08,282.4,283.7,273.75,275.55,959076.0,267994966.75
2024-01-09,278.95,291.0,275.05,281.95,4019517.0,1142971504.2
2024-01-10,281.95,286.25,278.3,282.5,1731160.0,489593733.15
2024-01-11,286.65,294.75,278.8,284.6,2983775.0,857317185.0
2024-01-12,290.25,294.0,279.15,281.1,2484300.0,710442309.35
2024-01-15,283.9,284.45,275.3,278.4,1148258.0,320381695.8
2024-01-16,275.0,275.1,261.15,268.65,4490704.0,1202095932.2
2024-01-17,265.0,268.0,260.6,262.3,2195958.0,578183831.95
2024-01-18,261.1,271.4,255.3,266.8,1693313.0,448097704.1
2024-01-19,269.5,274.0,266.8,272.25,1721312.0,466380290.55
2024-01-20,274.3,275.0,270.0,272.2,609540.0,165886094.9
2024-01-23,272.5,274.0,254.65,256.8,1798730.0,472217560.7
2024-01-24,259.1,268.7,250.6,266.3,1111528.0,289977940.35
2024-01-25,266.3,271.0,262.1,268.6,831073.0,221386156.6
2024-01-29,270.95,273.3,265.0,266.55,610066.0,164115774.85
2024-01-30,268.7,270.0,261.1,262.5,608340.0,161292665.3
2024-01-31,262.0,269.5,261.5,263.2,816828.0,215305430.8
2024-02-01,264.0,266.4,259.3,262.1,552447.0,145014577.5
2024-02-02,265.0,273.45,259.2,260.55,1189929.0,316655387.35
2024-02-05,263.0,272.95,262.1,265.3,1603774.0,431152014.7
2024-02-06,265.3,279.45,264.45,274.35,1776347.0,488606355.65
2024-02-07,277.0,279.7,270.6,276.15,798853.0,220124944.9
2024-02-08,276.15,283.95,273.0,274.4,1711386.0,477563384.6
2024-02-09,273.0,275.4,257.0,262.1,1214153.0,319807175.25
2024-02-12,264.0,266.0,245.55,248.35,1188810.0,303234322.6
2024-02-13,249.5,249.5,238.55,245.6,969591.0,236921156.85
2024-02-14,244.65,259.8,242.45,257.2,1262105.0,319671624.8
2024-02-15,262.0,271.75,258.05,265.25,1885498.0,501695425.0
2024-02-16,268.0,277.95,265.8,274.65,3538476.0,965745361.95
2024-02-19,276.5,276.5,266.55,268.05,965960.0,260718548.45
2024-02-20,268.9,271.2,261.75,263.0,868634.0,231152950.5
2024-02-21,263.5,265.55,254.05,255.05,1290035.0,332578854.95
2024-02-22,256.8,264.2,250.2,261.7,1598129.0,412904125.1
2024-02-23,263.0,268.9,260.6,263.4,1141179.0,302359191.1
2024-02-26,262.05,275.0,261.1,270.05,1992353.0,539910431.1
2024-02-27,271.0,276.0,266.3,268.65,1768336.0,480895685.3
2024-02-28,270.95,272.1,256.1,257.8,1154411.0,305404237.45
2024-02-29,255.0,264.75,253.15,262.2,1132762.0,293803074.0
2024-03-01,263.5,269.55,261.5,265.75,1484337.0,394825013.35
2024-03-02,266.6,273.15,266.6,271.4,336685.0,91159133.55
2024-03-04,273.25,278.0,268.5,271.25,1155086.0,315664058.4
2024-03-05,272.0,280.0,265.9,268.0,1672594.0,458779481.35
2024-03-06,265.15,265.9,254.65,256.95,1645498.0,426810634.4
2024-03-07,258.0,270.45,257.3,260.8,1780991.0,472025206.95
2024-03-11,261.95,271.5,250.05,252.0,1749579.0,453435864.9
2024-03-12,254.05,254.95,238.0,241.3,2004555.0,492630967.5
2024-03-13,243.25,244.65,210.1,215.65,2063415.0,470353527.35
2024-03-14,214.85,235.1,214.8,228.65,1889197.0,431126835.5
2024-03-15,234.0,259.0,233.8,248.15,3249958.0,805094786.15
2024-03-18,249.05,260.0,246.45,248.75,2093863.0,528834354.8
2024-03-19,249.0,256.0,244.5,246.3,1535068.0,384325565.75
2024-03-20,247.35,256.65,245.35,250.3,1410308.0,355429625.15
2024-03-21,253.3,264.0,253.0,259.45,1873744.0,488024302.95
2024-03-22,259.5,279.3,259.5,275.75,4132518.0,1131055367.55
2024-03-26,275.75,283.95,267.95,280.6,3079970.0,857663549.2
2024-03-27,279.0,282.9,267.05,269.0,2156158.0,587399555.35
2024-03-28,270.4,273.0,261.0,261.85,979698.0,260895998.35
2024-04-01,264.85,269.95,260.5,263.25,1054743.0,279200411.75
2024-04-02,264.45,275.8,263.5,270.95,1585415.0,430044026.3
2024-04-03,270.0,272.85,264.65,267.65,808342.0,217498590.2
2024-04-04,270.0,294.5,270.0,290.8,7894106.0,2250123041.45
2024-04-05,290.4,299.0,286.8,289.55,3191182.0,931188992.5
2024-04-08,291.6,294.5,282.65,285.3,1585459.0,458354925.75
2024-04-09,287.65,307.95,284.35,302.7,7697077.0,2321341731.05
2024-04-10,304.4,309.5,296.6,300.4,3005008.0,914002060.35
2024-04-12,299.95,304.2,292.6,295.3,2875438.0,858524165.25
2024-04-15,286.0,309.0,286.0,299.75,5967234.0,1798920221.35
2024-04-16,299.5,315.0,298.9,303.85,4593403.0,1418399052.25
2024-04-18,307.85,317.8,302.0,303.85,3919434.0,1219353953.4
2024-04-19,297.0,308.8,291.55,301.6,2960459.0,894825327.9
2024-04-22,305.6,315.0,305.05,310.3,2201958.0,686436486.65
2024-04-23,311.9,314.9,302.25,304.2,1091597.0,336899921.1
2024-04-24,306.65,323.55,305.2,316.55,4861601.0,1543003514.15
2024-04-25,317.0,322.0,314.05,315.5,1661553.0,526460289.2
2024-04-26,316.95,316.95,308.7,310.75,1138939.0,355372938.75
2024-04-29,311.65,316.6,308.25,309.7,1168680.0,365103926.25
2024-04-30,311.55,316.3,308.0,309.95,1016028.0,317720852.95
2024-05-02,311.7,311.9,303.95,305.75,924915.0,284374518.85
2024-05-03,306.95,309.7,297.45,302.65,1057847.0,321907556.55
2024-05-06,304.0,304.2,289.3,296.8,1399783.0,415300931.2
2024-05-07,297.0,298.1,282.15,285.75,1394728.0,401385725.6
2024-05-08,285.0,292.95,278.55,290.8,900054.0,258815289.4
2024-05-09,290.0,290.9,272.35,275.05,849101.0,238603582.1
2024-05-10,275.05,278.4,263.0,271.35,1790202.0,484747650.55
2024-05-13,273.0,274.3,263.5,269.75,996034.0,268040949.1
2024-05-14,271.0,279.95,270.35,277.8,675969.0,186748452.7
2024-05-15,279.3,286.95,278.45,286.1,942441.0,268160745.65
2024-05-16,286.5,295.55,286.35,292.65,769808.0,225110997.7
2024-05-17,293.5,301.25,292.1,296.2,898021.0,267165385.2
2024-05-18,297.25,302.0,295.35,299.6,183069.0,54907230.1
2024-05-21,296.3,303.55,291.15,293.25,721637.0,215219430.35
2024-05-22,294.5,308.7,293.8,306.25,1724910.0,523190033.25
2024-05-23,306.0,311.75,299.8,305.25,830842.0,254401351.1
2024-05-24,303.0,311.25,303.0,305.25,694467.0,213515783.9
2024-05-27,306.8,315.0,301.45,313.65,1460505.0,453037335.9
2024-05-28,319.0,330.0,315.05,321.5,4762577.0,1541757843.4
2024-05-29,328.0,333.0,303.8,305.65,4259043.0,1364491843.7
2024-05-30,308.0,320.5,305.1,306.3,1821803.0,569087105.5
2024-05-31,310.25,312.0,303.45,308.4,1062610.0,326820549.9
2024-06-03,321.0,324.4,310.1,314.0,1080082.0,340524020.7
2024-06-04,310.0,310.0,251.2,272.75,3699616.0,1024911985.35
2024-06-05,275.0,303.0,266.05,298.25,2214355.0,632554713.1
2024-06-06,300.0,314.75,300.0,310.75,1963356.0,608245472.5
2024-06-07,310.05,313.0,305.75,307.4,842128.0,259950162.1
2024-06-10,308.0,319.0,303.1,317.95,1807137.0,569333590.95
2024-06-11,318.0,328.45,315.15,322.0,1555502.0,503044125.55
2024-06-12,324.0,326.0,319.1,321.35,636977.0,205226209.35
2024-06-13,323.0,325.0,316.8,321.0,579098.0,185985116.85
2024-06-14,321.0,332.0,317.1,328.65,1609338.0,526290743.3
2024-06-18,331.0,333.0,323.15,326.05,1109044.0,364072118.55
2024-06-19,327.25,328.3,314.4,320.25,705922.0,227095389.75
2024-06-20,317.2,325.95,317.2,320.45,580718.0,187391783.25
2024-06-21,322.95,323.3,316.1,319.4,350844.0,112224841.4
2024-06-24,315.1,322.8,312.1,318.6,554887.0,176640837.05
2024-06-25,319.6,322.85,311.1,312.85,385784.0,122527174.55
2024-06-26,312.95,315.85,306.55,309.3,393214.0,122540046.3
2024-06-27,308.2,312.3,299.0,302.1,849207.0,258844559.3
2024-06-28,303.65,312.5,296.55,310.55,849972.0,258722304.95
2024-07-01,314.0,314.0,306.2,307.85,375221.0,116156780.0
2024-07-02,307.7,309.05,300.0,304.2,369887.0,112325747.9
2024-07-03,306.0,307.25,299.4,300.2,586025.0,177260138.45
2024-07-04,301.6,303.8,299.1,300.15,323384.0,97364319.75
2024-07-05,300.15,306.4,296.55,302.25,487465.0,146962556.6
2024-07-08,303.25,304.4,292.5,293.6,666389.0,197152648.25
2024-07-09,293.95,296.5,288.8,290.8,486984.0,142238385.15
2024-07-10,290.95,294.0,282.0,292.85,818481.0,236402644.0
2024-07-11,294.0,302.25,294.0,298.25,542046.0,161400384.3
2024-07-12,299.7,300.35,289.15,290.1,446754.0,131009122.1
2024-07-15,291.25,293.95,283.75,292.4,931391.0,270089796.9
2024-07-16,293.8,294.75,287.5,290.55,251445.0,73026445.9
2024-07-18,289.0,291.75,283.95,287.15,641323.0,184428604.7
2024-07-19,283.4,288.95,274.8,275.75,1107261.0,308672004.6
2024-07-22,273.0,294.85,270.25,285.95,1297266.0,372967302.95
2024-07-23,287.45,294.25,273.0,291.8,862488.0,246596830.0
2024-07-24,292.0,305.0,290.15,302.3,1522857.0,456648468.1
2024-07-25,300.0,308.0,297.65,305.9,592048.0,179896894.2
2024-07-26,306.65,317.75,305.4,316.15,1216210.0,380899050.85
2024-07-29,318.05,324.05,313.5,317.1,1098412.0,351265848.3
2024-07-30,318.0,337.4,318.0,325.55,2819043.0,926287600.95
2024-07-31,327.2,328.5,320.0,321.75,514990.0,166845270.85
2024-08-01,323.05,327.8,314.7,318.15,404896.0,129517265.75
2024-08-02,311.0,330.0,311.0,328.45,1631232.0,529272123.65
2024-08-05,321.0,321.9,300.15,307.45,1574215.0,485866032.95
2024-08-06,309.2,321.0,302.05,305.5,1434093.0,451984490.3
2024-08-07,310.75,319.45,306.05,318.45,704273.0,221199678.6
2024-08-08,318.4,326.0,315.25,318.45,998066.0,320701602.8
2024-08-09,321.7,346.5,321.5,342.55,6507297.0,2207778208.05
2024-08-12,342.95,355.5,339.5,342.3,4143552.0,1448606658.45
2024-08-13,344.3,345.3,330.55,335.55,1569233.0,531316767.4
2024-08-14,336.95,349.0,330.9,339.5,4648796.0,1585239604.65
2024-08-16,352.0,364.0,339.05,341.65,7157939.0,2534723808.6
2024-08-19,345.05,358.6,343.4,356.3,3608351.0,1271831491.05
2024-08-20,359.85,377.0,358.05,374.8,6241095.0,2318311839.75
2024-08-21,376.1,388.0,373.8,379.2,4205326.0,1612409677.35
2024-08-22,381.2,390.0,376.95,388.0,3070287.0,1182222749.0
2024-08-23,390.0,394.7,380.5,383.75,2425817.0,940186688.15
2024-08-26,387.0,395.75,381.1,382.9,1972265.0,769242100.55
2024-08-27,384.25,399.0,378.0,396.0,1839638.0,714710437.7
2024-08-28,398.75,404.9,386.4,389.6,2523425.0,1003423560.7
2024-08-29,389.8,392.3,373.05,379.35,1290005.0,491557966.7
2024-08-30,384.0,393.8,377.1,379.7,1720038.0,666528857.95
2024-09-02,382.85,382.85,365.8,370.65,1108253.0,413211773.75
2024-09-03,371.3,374.8,364.35,370.3,1117795.0,413565269.7
2024-09-04,364.0,375.7,360.1,373.15,1190711.0,440034885.8
2024-09-05,374.1,385.9,368.6,376.6,1711108.0,648076783.15
2024-09-06,378.9,389.4,376.6,380.35,1713443.0,656462349.0
2024-09-09,380.35,386.65,374.0,378.85,1117126.0,425168024.3
2024-09-10,380.9,382.6,376.45,380.05,389345.0,147644125.9
2024-09-11,382.1,400.0,382.1,392.45,3674296.0,1453180616.25
2024-09-12,392.5,403.9,389.75,400.7,2767235.0,1104026407.3
2024-09-13,401.5,404.5,388.5,391.0,1086645.0,431624865.05
2024-09-16,392.0,396.0,384.0,390.8,1166440.0,455566319.85
2024-09-17,393.0,393.0,379.35,383.85,560481.0,215362232.05
2024-09-18,383.95,409.5,381.1,392.3,3729597.0,1492019624.65
2024-09-19,394.0,411.8,380.4,384.85,3317356.0,1317685566.5
2024-09-20,387.6,403.35,386.0,399.9,1569969.0,622558143.25
2024-09-23,402.6,407.9,392.1,394.8,907112.0,362812952.4
2024-09-24,395.25,408.9,395.25,399.95,2107721.0,850528711.75
2024-09-25,399.8,412.6,392.4,400.6,2614832.0,1060130256.45
2024-09-26,401.35,412.8,393.35,410.45,2076621.0,840229461.3
2024-09-27,412.65,415.0,395.3,398.8,2149335.0,877033307.75
2024-09-30,398.8,406.7,384.95,387.75,1817913.0,722427958.85
2024-10-01,387.0,394.85,382.8,385.05,778563.0,301810498.3
2024-10-03,380.4,394.75,377.7,380.75,1642300.0,636588272.05
2024-10-04,380.9,387.95,374.0,380.55,1093502.0,416211445.25
2024-10-07,386.25,387.4,357.55,361.8,1540134.0,563305715.9
2024-10-08,361.6,377.2,357.0,375.45,1343752.0,497186864.7
2024-10-09,377.1,389.45,376.05,386.1,714164.0,275020228.65
2024-10-10,388.8,398.0,384.2,394.35,1103379.0,433236657.9
2024-10-11,395.0,403.55,391.25,396.4,1323426.0,527860737.55
2024-10-14,396.0,398.95,385.05,386.8,585007.0,228475143.05
2024-10-15,387.8,397.0,384.3,390.45,1333095.0,522135587.95
2024-10-16,389.3,391.8,384.7,389.4,355806.0,138137125.2
2024-10-17,391.65,392.4,367.85,370.1,1024238.0,384188088.65
2024-10-18,369.9,374.8,359.1,363.45,1190121.0,436619767.15
2024-10-21,363.45,366.5,352.5,354.8,690506.0,247457128.15
2024-10-22,353.85,354.4,334.2,337.25,1169699.0,399694208.7
2024-10-23,337.0,348.9,330.9,343.85,816438.0,280163850.25
2024-10-24,342.0,345.6,333.6,335.8,494739.0,167498469.05
2024-10-25,336.8,343.9,329.5,339.8,2093299.0,704839900.5
2024-10-28,346.0,349.0,334.15,346.4,1252745.0,429725328.2
2024-10-29,352.65,389.3,351.35,381.15,6138609.0,2337558638.05
2024-10-30,384.0,398.9,382.25,391.35,2489247.0,980534204.65
2024-10-31,390.0,390.55,376.8,380.5,897724.0,343536307.15
2024-11-01,382.45,385.6,375.0,379.15,276048.0,105135758.05
2024-11-04,381.9,382.0,364.6,366.45,786076.0,290572686.85
2024-11-05,366.45,375.95,360.8,365.45,1178292.0,434796173.3
2024-11-06,370.35,382.0,368.2,378.25,1595836.0,603696923.25
2024-11-07,377.0,384.0,373.2,375.45,517805.0,196014239.1
2024-11-08,372.0,376.7,363.0,364.9,492644.0,181268655.75
2024-11-11,363.2,366.45,355.9,360.8,639681.0,231279278.2
2024-11-12,362.65,372.85,351.1,353.7,640754.0,233395970.6
2024-11-13,353.95,359.0,342.0,345.15,647099.0,225687229.35
2024-11-14,347.0,362.0,345.0,351.9,1226946.0,432965364.55
2024-11-18,353.9,366.6,342.55,363.95,1081813.0,387124059.05
2024-11-19,368.8,369.85,360.35,362.55,538176.0,197362132.45
2024-11-21,363.3,363.9,354.85,359.7,452932.0,162332465.5
2024-11-22,361.6,364.85,357.3,360.7,393883.0,142351149.15
2024-11-25,375.3,396.0,372.0,392.35,2016875.0,777066480.25
2024-11-26,395.0,407.0,386.55,401.25,1648018.0,658115634.45
2024-11-27,406.0,423.0,401.6,420.95,3596497.0,1494084798.65
2024-11-28,424.0,435.8,416.85,424.05,2022827.0,862167293.9
2024-11-29,424.0,437.0,420.35,433.3,1233948.0,530638211.85
2024-12-02,433.7,445.5,430.25,435.85,1265555.0,554395546.0
2024-12-03,435.85,443.55,431.55,437.55,628984.0,274525811.75
2024-12-04,436.95,439.85,430.05,431.4,498946.0,217093287.95
2024-12-05,430.25,435.75,425.6,428.0,477213.0,205182094.4
2024-12-06,427.9,438.5,421.35,429.75,710059.0,304256386.55
2024-12-09,432.75,447.4,422.2,441.3,1205312.0,526159489.0
2024-12-10,443.5,445.95,429.15,431.5,804659.0,350150801.65
2024-12-11,433.65,449.55,424.3,437.9,1490565.0,654789209.85
2024-12-12,440.0,443.0,428.35,431.15,571975.0,249533601.65
2024-12-13,432.8,434.2,420.0,429.95,603019.0,256808007.05
2024-12-16,429.9,445.4,429.0,440.95,967167.0,425131275.85
2024-12-17,441.0,451.95,436.85,438.6,1000024.0,445076982.8
2024-12-18,441.2,465.0,436.3,446.6,1806925.0,813010131.75
2024-12-19,443.2,457.5,435.05,455.2,1261088.0,568294312.55
2024-12-20,454.9,460.45,434.45,438.1,1209625.0,542659584.5
2024-12-23,442.8,448.0,431.45,441.5,867543.0,382730606.3
2024-12-24,445.5,460.7,445.05,449.1,1010456.0,458862768.4
2024-12-26,449.95,455.95,437.05,445.1,691123.0,308799831.85
2024-12-27,449.15,450.6,438.1,441.45,292282.0,129370712.75
2024-12-30,440.9,447.75,428.1,432.05,513452.0,225379889.95
2024-12-31,429.55,437.8,424.0,435.0,443758.0,191385350.8
2025-01-01,434.95,444.9,432.2,443.85,276498.0,121704789.6
2025-01-02,443.05,450.1,443.0,448.45,338444.0,151393202.25
2025-01-03,448.5,453.8,434.15,435.85,701647.0,309664697.8
2025-01-06,439.85,439.95,407.1,410.6,1032852.0,432406804.35
2025-01-07,413.95,435.45,413.05,430.45,741086.0,316953020.8
2025-01-08,428.95,436.2,417.8,420.55,380291.0,160882594.15
2025-01-09,417.35,420.0,405.2,407.15,294963.0,121569375.1
2025-01-10,405.9,414.2,387.8,393.4,725563.0,288939456.7
2025-01-13,384.95,395.7,368.05,372.1,677673.0,258068932.9
2025-01-14,377.6,388.6,373.05,377.7,675776.0,257878842.5
2025-01-15,380.1,387.65,375.45,379.15,449916.0,171412035.05
2025-01-16,385.15,389.45,374.0,380.3,578900.0,220520077.95
2025-01-17,378.95,384.7,375.0,382.8,334239.0,127006330.05
2025-01-20,379.35,382.7,368.05,375.0,595689.0,221681446.05
2025-01-21,376.0,379.9,362.6,366.0,507586.0,187565841.75
2025-01-22,369.45,372.95,348.05,356.4,737204.0,261666051.15
2025-01-23,356.5,367.45,353.35,360.5,628424.0,227215659.45
2025-01-24,363.6,366.1,352.0,355.1,555433.0,198475376.15
2025-01-27,350.95,351.0,334.0,343.9,591544.0,201873984.45
2025-01-28,346.0,347.95,327.1,341.25,978891.0,330138361.35
2025-01-29,344.0,362.0,343.65,359.05,388508.0,137825337.2
2025-01-30,361.5,367.9,348.95,352.4,461595.0,165496382.2
2025-01-31,354.95,365.5,352.4,363.25,313548.0,113081781.1
2025-02-01,364.9,370.9,355.05,358.85,331580.0,120465749.65
2025-02-03,356.1,368.85,346.1,349.15,427736.0,150439583.7
2025-02-04,350.9,360.85,348.8,350.65,338656.0,119740144.2
2025-02-05,352.45,369.6,352.2,365.65,489034.0,177911066.95
2025-02-06,366.3,381.8,363.1,380.1,951823.0,358029289.05
2025-02-07,378.05,380.95,369.5,376.1,394025.0,147819045.5
2025-02-10,370.6,375.95,357.35,361.1,471216.0,170602797.8
2025-02-11,352.8,356.05,347.05,351.6,589912.0,207430255.8
2025-02-12,350.0,354.35,336.0,351.7,645886.0,223941410.8
2025-02-13,354.0,367.65,345.8,362.35,527311.0,189986427.8
2025-02-14,359.55,359.55,309.2,337.65,3898627.0,1275090260.2
2025-02-17,338.65,346.55,322.05,327.7,972051.0,323128454.55
2025-02-18,334.75,334.8,299.0,314.0,1983987.0,611413542.35
2025-02-19,312.85,341.85,309.2,333.05,1046367.0,348929173.75
2025-02-20,330.0,346.5,326.0,339.4,547617.0,187129915.1
2025-02-21,331.55,343.2,326.0,329.1,798944.0,265441432.75
2025-02-24,327.95,330.0,316.25,323.3,1087188.0,349213287.45
2025-02-25,324.7,328.6,320.0,321.65,261919.0,85171297.25
2025-02-27,323.55,324.8,303.0,307.1,784600.0,244120873.25
2025-02-28,303.5,306.6,297.5,301.8,873530.0,263360842.85
2025-03-03,301.8,316.5,287.5,310.25,1387875.0,418568402.85
2025-03-04,307.1,323.4,301.8,314.4,789114.0,249599644.7
2025-03-05,315.0,330.0,314.7,322.65,876168.0,283765411.55
2025-03-06,324.9,331.35,323.4,325.4,1035686.0,339174794.25
2025-03-07,326.95,346.2,325.85,337.85,1171226.0,396310132.5
2025-03-10,340.5,351.5,328.0,331.1,742742.0,254806322.75
2025-03-11,328.0,344.9,321.1,340.35,528112.0,175164477.2
2025-03-12,340.95,344.7,333.1,334.75,362285.0,121957819.9
2025-03-13,336.65,341.95,328.75,332.7,424973.0,142432119.5
2025-03-17,332.7,338.4,331.7,335.35,219282.0,73608963.7
2025-03-18,338.5,343.9,335.4,340.4,313893.0,106705433.4
2025-03-19,341.4,355.6,341.35,351.45,571331.0,200205732.3
2025-03-20,355.0,362.0,348.95,352.45,303336.0,107686305.3
2025-03-21,352.5,360.85,351.8,354.5,342328.0,122001371.0
2025-03-24,356.95,368.1,356.5,363.45,688416.0,250396974.85
2025-03-25,366.0,367.8,351.1,352.7,405293.0,144626165.05
2025-03-26,351.5,365.75,349.3,351.45,504695.0,181369831.9
2025-03-27,350.0,362.0,347.4,359.2,307016.0,109190194.9
2025-03-28,359.2,364.55,346.9,350.5,385337.0,135945139.45
2025-04-01,350.0,356.55,347.15,349.6,190036.0,66900319.15
2025-04-02,349.0,363.0,342.95,361.15,252392.0,89925733.55
2025-04-03,356.95,372.45,347.5,369.3,708327.0,259592454.3
2025-04-04,369.95,379.0,352.0,361.3,841645.0,306526041.25
2025-04-07,311.2,343.0,301.0,339.3,739116.0,244914743.95
2025-04-08,344.95,369.0,343.05,365.9,855177.0,305992008.1
2025-04-09,359.0,360.0,349.0,352.05,398943.0,141071013.4
2025-04-11,358.95,363.5,356.1,360.7,208026.0,74712232.05
2025-04-15,366.2,374.2,362.05,370.9,395038.0,146231811.9
2025-04-16,376.5,382.7,372.2,375.6,689873.0,260485452.2
2025-04-17,379.9,393.0,374.1,390.6,611014.0,236814729.7
2025-04-21,395.0,396.45,385.0,391.5,382431.0,149692284.2
2025-04-22,391.75,393.15,380.1,384.8,363101.0,140023062.15
2025-04-23,387.0,387.95,377.1,379.25,325998.0,124346427.55
2025-04-24,377.6,383.55,375.25,377.45,228863.0,86663295.65
2025-04-25,379.9,384.0,358.25,361.25,610676.0,222775183.35
2025-04-28,360.0,369.5,351.0,362.35,268056.0,97544235.1
2025-04-29,363.7,371.3,358.2,359.9,306108.0,111312127.0
2025-04-30,358.9,360.15,347.25,350.1,330405.0,116774480.95
2025-05-02,350.0,360.0,349.1,353.3,515498.0,182814073.2
2025-05-05,355.0,369.0,355.0,359.55,356891.0,129783988.95
2025-05-06,360.0,362.75,333.7,336.5,1569065.0,534737538.2
2025-05-07,339.95,344.1,330.0,341.95,328531.0,111419429.1
2025-05-08,342.95,352.9,332.3,336.7,371436.0,127868808.45
2025-05-09,329.0,337.7,320.0,335.85,334718.0,111154570.75
2025-05-12,361.7,363.0,350.25,357.9,633284.0,225013624.05
2025-05-13,360.0,364.0,350.0,359.35,238361.0,86005504.8
2025-05-14,361.1,363.4,355.75,361.05,283986.0,102224668.35
2025-05-15,362.0,372.6,362.0,365.35,263640.0,96744685.4
2025-05-16,366.5,368.85,358.35,359.85,481205.0,174261028.75
2025-05-19,360.9,368.8,360.9,362.55,365328.0,133360508.9
2025-05-20,363.9,369.7,349.35,352.15,444548.0,158720010.1
2025-05-21,352.15,358.55,345.0,350.1,401802.0,140856492.45
2025-05-22,350.0,359.85,348.65,356.9,503485.0,179399950.0
2025-05-23,357.0,362.0,353.7,359.9,299086.0,107505374.15
2025-05-26,359.85,371.05,343.4,345.55,1473622.0,520048956.85
2025-05-27,345.0,364.95,340.0,355.65,1347341.0,479861440.25
2025-05-28,354.5,361.15,338.5,344.65,1487587.0,519439251.5
2025-05-29,346.3,347.0,338.0,339.3,514834.0,175677661.4
2025-05-30,340.25,341.85,328.0,328.85,595338.0,197679268.35
2025-06-02,328.85,337.05,326.1,334.4,481611.0,159433853.25
2025-06-03,335.0,341.35,330.0,331.2,362465.0,121704018.65
2025-06-04,332.3,333.8,328.5,331.6,256231.0,84880272.9
2025-06-05,332.6,346.7,332.2,342.45,700863.0,239145021.95
2025-06-06,342.4,346.5,336.35,338.8,369058.0,125833655.7
2025-06-09,340.9,346.6,339.9,344.5,416569.0,142933066.35
2025-06-10,345.0,354.55,341.5,347.9,365423.0,126658785.65
2025-06-11,351.15,357.65,342.8,344.0,479660.0,168442402.95
2025-06-12,345.0,350.45,336.5,339.0,329741.0,112957894.1
2025-06-13,331.9,336.7,329.75,333.1,354520.0,118178053.6
2025-06-16,330.0,335.0,326.05,331.15,463614.0,153131811.25
2025-06-17,331.0,334.95,325.8,326.75,279342.0,92247839.6
2025-06-18,326.8,331.95,325.15,327.25,174460.0,57277177.7
2025-06-19,327.0,332.05,319.15,320.4,247420.0,80204261.15
2025-06-20,321.0,324.6,317.0,318.6,319048.0,102030194.5
2025-06-23,318.6,321.35,313.7,315.3,353341.0,112308455.1
2025-06-24,320.0,329.9,316.05,326.6,808435.0,262063868.0
2025-06-25,330.6,332.4,325.05,326.9,282833.0,92729806.45
2025-06-26,328.9,334.6,326.45,331.1,291735.0,96143303.6
2025-06-27,332.7,339.65,331.75,337.5,489166.0,164237253.8
2025-06-30,337.5,339.4,333.0,333.8,182031.0,61077104.45
2025-07-01,334.8,336.15,328.0,329.05,196743.0,65143138.3
2025-07-02,331.45,334.3,326.0,331.5,192672.0,63479372.35
2025-07-03,331.0,331.5,327.15,328.0,172029.0,56566423.75
2025-07-04,328.1,331.0,325.0,326.55,201475.0,65990218.9
2025-07-07,327.0,331.15,324.05,325.6,157128.0,51484888.8
2025-07-08,325.05,329.1,320.0,322.8,307047.0,99386207.05
2025-07-09,324.9,328.3,318.6,319.45,294211.0,94871826.85
2025-07-10,320.3,322.65,315.2,316.3,319478.0,101599835.65
2025-07-11,318.0,322.4,313.3,314.95,521006.0,165414731.3
2025-07-14,314.85,320.0,313.45,317.2,161907.0,51383396.75
2025-07-15,317.95,322.8,316.75,318.15,227975.0,72763707.15
2025-07-16,319.0,323.75,317.0,317.5,191514.0,61277340.7
2025-07-17,318.4,330.0,317.55,326.95,379195.0,123295278.15
2025-07-18,329.55,329.55,322.3,324.7,160921.0,52360924.25
2025-07-21,326.25,338.0,326.25,336.15,780768.0,261910697.4
2025-07-22,338.5,338.65,326.4,327.85,260762.0,86510835.2
2025-07-23,327.1,331.95,325.1,325.65,260688.0,85443481.9
2025-07-24,326.0,328.2,322.0,322.65,152654.0,49498406.5
2025-07-25,321.4,322.65,316.6,318.5,156311.0,49810685.95
2025-07-28,318.45,319.4,309.0,310.6,386754.0,120940326.85
2025-07-29,309.9,316.2,307.05,310.95,299214.0,93246684.85
2025-07-30,311.2,315.85,300.1,301.45,877168.0,269784277.05
2025-07-31,296.0,308.9,295.3,306.65,269007.0,82147147.55
2025-08-01,306.65,308.0,297.3,299.6,154348.0,46839595.35
2025-08-04,301.0,304.3,297.35,301.55,153145.0,46077442.05
2025-08-05,301.0,308.75,296.1,297.05,363705.0,110380503.5
2025-08-06,297.0,300.2,291.2,297.4,264707.0,78471535.4
2025-08-07,295.9,297.1,291.4,295.95,157514.0,46391028.0
2025-08-08,295.7,298.05,290.4,291.7,99428.0,29216754.35
2025-08-11,292.0,299.0,282.85,284.6,635991.0,183890631.65
2025-08-12,283.75,293.95,281.4,283.35,338927.0,97721467.4
2025-08-13,282.0,285.1,279.05,283.1,289267.0,81529354.9
2025-08-14,280.1,281.5,276.0,276.85,287558.0,80088709.35
2025-08-18,279.7,283.55,277.0,280.15,179895.0,50394961.85
2025-08-19,280.95,305.3,278.1,296.5,551499.0,162576537.95
2025-08-20,296.25,300.95,292.3,294.5,263288.0,77934008.3
2025-08-21,294.0,303.0,290.05,296.6,420503.0,125222523.25
2025-08-22,296.05,302.0,294.7,299.55,324238.0,97099280.95
2025-08-25,300.0,305.5,298.0,300.25,505791.0,153008314.05
2025-08-26,298.95,300.1,293.45,295.25,136008.0,40217426.6
2025-08-28,296.45,298.0,286.1,289.35,104733.0,30515874.9
2025-08-29,290.9,292.5,280.2,281.9,231863.0,66406495.05
2025-09-01,282.0,293.8,282.0,291.25,149745.0,43444518.5
2025-09-02,291.3,303.5,288.4,299.35,348022.0,103945499.45
2025-09-03,299.2,303.95,294.8,301.7,229722.0,68850864.5
2025-09-04,303.85,309.0,297.4,298.65,268775.0,81748988.7
2025-09-05,299.6,302.65,294.65,296.55,206876.0,61675219.95
2025-09-08,296.7,302.75,293.35,300.4,196955.0,58884073.05
2025-09-09,300.4,307.65,294.8,298.4,420927.0,126545150.4
2025-09-10,298.0,312.95,297.8,305.6,694452.0,213927116.25
2025-09-11,305.65,311.5,304.95,308.7,471464.0,145589224.9
2025-09-12,309.35,313.95,299.55,300.1,611710.0,187497819.55
2025-09-15,301.4,307.4,298.05,302.15,487586.0,148122349.0
2025-09-16,302.9,312.0,299.0,310.05,357622.0,110235179.8
2025-09-17,311.4,322.0,311.0,319.0,645761.0,205494852.9
2025-09-18,321.0,334.0,319.85,321.15,1899418.0,621213811.9
2025-09-19,322.4,324.5,310.9,312.25,868693.0,275191658.75
2025-09-22,310.85,319.0,309.2,310.0,429797.0,134870428.5
2025-09-23,311.0,311.0,301.3,302.55,364685.0,111449729.65
2025-09-24,301.85,306.0,300.1,300.9,232046.0,70242361.35
2025-09-25,300.0,301.5,297.5,298.35,312151.0,93466378.35
2025-09-26,297.45,299.1,288.8,289.85,314336.0,92292928.85
2025-09-29,290.05,294.5,282.1,283.6,426219.0,121729691.05
2025-09-30,284.95,294.0,280.0,289.1,280687.0,80331300.7
2025-10-01,292.0,292.65,281.8,283.05,635163.0,181246376.05
2025-10-03,284.4,288.8,282.7,287.4,149121.0,42635677.9
2025-10-06,288.0,288.2,281.75,282.8,229282.0,65075003.9
2025-10-07,284.0,285.45,278.15,278.9,223550.0,62761507.8
2025-10-08,279.0,280.8,270.1,271.35,341807.0,93837618.65
2025-10-09,274.55,280.0,272.0,278.7,370965.0,102989887.4
2025-10-10,279.0,288.4,277.0,286.4,625019.0,178196737.55
2025-10-13,285.0,285.5,280.8,282.85,240486.0,68110947.15
2025-10-14,282.95,283.7,275.55,276.35,264061.0,73591735.35
2025-10-15,276.0,279.55,275.85,278.25,75672.0,21017628.15
2025-10-16,278.95,281.65,276.0,277.1,135588.0,37718144.0
2025-10-17,275.4,279.05,270.35,271.95,404020.0,111159709.8
2025-10-20,272.1,276.6,265.1,273.9,350852.0,94573892.75
2025-10-21,273.5,277.65,273.45,276.25,76011.0,20966277.75
2025-10-23,274.8,276.7,267.1,273.2,420850.0,114108622.9
2025-10-24,273.0,278.4,270.55,272.7,153560.0,42063157.75
2025-10-27,275.0,275.7,269.1,271.0,241057.0,65531775.05
2025-10-28,271.85,278.2,270.1,276.45,249936.0,68662298.4
2025-10-29,275.55,282.75,273.05,280.35,358965.0,100365573.5
2025-10-30,280.45,283.15,279.25,281.75,186155.0,52404044.4
2025-10-31,282.0,289.95,279.7,286.75,363277.0,103689441.15
2025-11-03,286.2,291.0,283.85,287.55,217365.0,62527391.75
2025-11-04,287.55,290.5,279.0,280.75,326517.0,93255189.5
2025-11-06,284.7,284.7,277.2,280.55,201174.0,56457571.2
2025-11-07,275.55,283.25,275.0,280.75,170715.0,47635052.15
2025-11-10,283.0,283.0,270.05,271.2,224504.0,61693368.9
2025-11-11,271.25,287.9,271.25,284.35,596778.0,168716937.55
2025-11-12,284.95,297.0,282.05,292.05,383000.0,111453472.7
2025-11-13,292.7,293.75,283.75,291.4,277850.0,80344893.65
2025-11-14,292.4,296.2,286.25,290.95,579529.0,169190528.15
2025-11-17,294.8,314.25,293.25,306.95,1420284.0,435907259.9
2025-11-18,305.35,305.8,297.0,298.1,339924.0,102212083.45
2025-11-19,296.35,300.0,294.6,296.05,193901.0,57619054.9
2025-11-20,297.25,297.75,288.0,289.9,221117.0,64621053.95
2025-11-21,288.1,294.1,282.85,285.1,280357.0,80802233.9
2025-11-24,287.9,287.9,276.5,278.05,151953.0,42569553.0
2025-11-25,279.15,281.85,274.0,275.65,184494.0,51216982.4
2025-11-26,276.15,286.8,276.0,283.65,252439.0,71380458.65
2025-11-27,285.1,286.0,278.0,279.15,96755.0,27229981.25
2025-11-28,279.2,281.8,275.1,277.35,192128.0,53360834.75
2025-12-01,277.35,280.1,275.1,276.6,198202.0,55115249.75
2025-12-02,276.65,276.65,272.0,272.9,149975.0,41013398.55
2025-12-03,273.0,274.7,267.85,268.9,152797.0,41291309.05
2025-12-04,268.9,272.7,264.25,265.3,256570.0,68701363.5
2025-12-05,264.15,267.0,260.4,261.9,192954.0,50722519.6
2025-12-08,260.25,261.9,249.2,251.65,384841.0,97882400.8
2025-12-09,252.1,262.7,247.3,259.7,408517.0,104592980.35
2025-12-10,260.0,265.35,257.55,261.7,171638.0,44846373.3
2025-12-11,261.25,261.95,255.0,256.4,191927.0,49364123.25
2025-12-12,257.7,261.0,254.8,257.45,211545.0,54471125.8
2025-12-15,255.45,263.35,255.0,259.05,171470.0,44481477.2
2025-12-16,259.1,261.0,257.4,258.7,78555.0,20342059.65
2025-12-17,257.7,261.0,256.65,258.9,93399.0,24130178.05
2025-12-18,260.7,260.7,254.0,254.8,127007.0,32473018.85
2025-12-19,256.05,258.25,254.75,256.8,87811.0,22524458.85
2025-12-22,260.65,264.4,256.6,261.9,237706.0,62162131.65
2025-12-23,261.9,264.1,260.75,262.1,89333.0,23449532.8
2025-12-24,262.65,265.0,259.15,260.05,90246.0,23588963.35
2025-12-26,259.05,260.7,255.5,256.45,74702.0,19257278.2
2025-12-29,257.05,259.8,253.0,254.05,162102.0,41377462.6
2025-12-30,254.05,255.0,252.15,254.0,73649.0,18684842.5
2025-12-31,257.8,257.8,253.2,254.4,192234.0,49092524.5
2026-01-01,253.0,258.25,252.45,256.2,141221.0,36179991.1
2026-01-02,256.7,263.45,255.95,257.85,154932.0,40251958.95
2026-01-05,258.9,260.9,254.3,255.05,147928.0,37952414.25
2026-01-06,255.05,255.15,250.0,251.7,188325.0,47430613.95
2026-01-07,250.5,253.1,249.0,250.35,110631.0,27708509.9
2026-01-08,250.85,255.2,248.1,249.4,182286.0,45782078.65
2026-01-09,249.3,249.95,242.05,242.95,242778.0,59514528.05
2026-01-12,241.0,244.0,237.05,242.75,219581.0,52884983.9
2026-01-13,243.0,246.55,239.8,241.75,109530.0,26577667.9
2026-01-14,241.0,242.4,238.05,240.75,103757.0,24916082.85
2026-01-16,239.6,243.35,235.05,236.5,156013.0,37233494.1
2026-01-19,235.0,236.35,232.0,233.45,192702.0,45027911.4
2026-01-20,233.0,233.4,215.0,216.75,787575.0,174749099.15
2026-01-21,216.75,218.9,211.8,213.0,259712.0,55933932.9
2026-01-22,215.0,224.1,215.0,223.2,262659.0,58074948.4
2026-01-23,223.7,224.5,215.05,216.0,138918.0,30420538.2
2026-01-27,216.9,217.2,209.0,212.35,344299.0,72705171.7
2026-01-28,213.95,222.55,212.95,220.6,204705.0,44640252.75
2026-01-29,223.7,223.7,216.0,219.75,147769.0,32278643.05
2026-01-30,217.15,223.1,211.0,222.25,152082.0,33566795.5
2026-02-01,218.91,225.75,207.01,211.96,222077.0,47629613.43
2026-02-02,211.96,215.0,207.6,212.69,179384.0,37706360.33
2026-02-03,228.0,242.99,218.58,228.61,1939676.0,447956317.99
2026-02-04,228.61,250.0,226.96,248.22,1037977.0,252163561.33
2026-02-05,247.0,247.0,235.13,236.93,279012.0,66679333.93
2026-02-06,235.6,236.3,222.22,233.28,406747.0,93404870.1
2026-02-09,236.0,254.2,233.31,247.65,702568.0,170756962.54
2026-02-10,249.8,253.35,243.21,252.21,446117.0,111324951.71
2026-02-11,252.32,254.93,246.11,253.86,368656.0,92924872.22
2026-02-12,247.2,274.0,242.91,264.63,1418392.0,374733618.81
2026-02-13,261.63,262.09,254.65,258.31,260858.0,67347288.24
2026-02-16,257.0,258.0,251.5,254.89,154726.0,39340622.2
2026-02-17,256.0,265.86,254.52,260.45,251318.0,65760010.27
2026-02-18,262.0,265.72,256.31,258.47,255516.0,66520068.85
2026-02-19,260.2,263.9,250.1,251.46,169909.0,43076660.26
2026-02-20,251.46,255.0,246.5,251.04,185624.0,46719417.42
2026-02-23,252.18,253.47,243.0,243.77,143406.0,35240271.5
2026-02-24,243.99,244.8,237.21,242.13,258564.0,62116831.07
2026-02-25,241.0,255.0,241.0,252.5,1045379.0,260387012.55
2026-02-26,249.95,258.0,245.03,248.05,520528.0,131316267.13
2026-02-27,253.0,254.0,241.25,242.84,286747.0,70778904.7
2026-03-02,230.0,241.0,226.23,231.39,565992.0,131699485.74
2026-03-04,230.0,230.7,220.2,223.09,259051.0,58189239.01
2026-03-05,222.0,228.89,217.05,225.57,250464.0,55710447.89
2026-03-06,225.57,231.75,223.87,225.36,156562.0,35564573.21
2026-03-09,220.0,222.27,215.0,216.87,642061.0,139087809.42
2026-03-10,221.9,224.59,214.5,218.51,513265.0,113075130.53
2026-03-11,219.5,227.77,213.13,214.56,706525.0,155499393.89
2026-03-12,213.5,213.87,198.7,202.07,1055758.0,216618912.03
2026-03-13,199.35,201.15,186.68,188.71,1332175.0,256143053.96
2026-03-16,187.6,188.26,180.0,180.28,1323865.0,241931727.64
2026-03-17,180.48,214.9,180.48,207.78,16644672.0,3378559454.52
2026-03-18,207.5,222.4,201.0,220.31,3085815.0,657342539.39
2026-03-19,211.58,234.6,209.99,229.11,4143004.0,945816560.7
2026-03-20,229.0,233.89,221.99,223.88,959964.0,218479782.3
2026-03-23,218.0,219.27,208.1,210.48,774306.0,164804751.28
2026-03-24,218.5,220.57,207.7,211.03,717254.0,152613721.29
2026-03-25,215.0,223.8,213.37,221.81,904028.0,199686137.79
2026-03-27,220.0,220.0,209.73,212.7,737285.0,157292597.28
2026-03-30,211.4,214.81,201.1,203.38,784876.0,162772997.43
2026-04-01,210.0,218.59,207.44,214.87,439779.0,94100758.41
2026-04-02,213.0,213.29,204.02,211.97,391517.0,81706205.04
2026-04-06,209.02,215.69,205.61,214.13,323081.0,68341209.42
2026-04-07,215.98,221.0,209.1,210.81,549049.0,117972607.43
2026-04-08,223.69,231.0,217.71,229.57,751477.0,169468173.53
2026-04-09,231.8,232.99,223.21,225.28,274299.0,62298380.11
2026-04-10,226.95,236.97,226.31,232.57,487879.0,113352139.92
2026-04-13,228.98,238.99,222.98,236.15,324168.0,75693792.79
2026-04-15,243.01,251.2,242.31,250.02,518069.0,128243918.72
2026-04-16,252.96,253.85,244.69,248.95,277128.0,68732869.2
2026-04-17,249.85,267.9,248.15,262.51,843832.0,218587565.03
2026-04-20,263.9,263.9,252.0,253.1,350978.0,90435048.96
2026-04-21,252.0,259.51,252.0,254.84,219511.0,56160177.8
2026-04-22,256.74,257.16,248.2,250.09,478338.0,120536095.39
2026-04-23,248.88,256.88,240.5,253.51,512244.0,127942304.11
2026-04-24,255.2,255.41,243.0,250.0,328556.0,81294616.46
2026-04-27,251.86,256.5,247.1,255.26,206978.0,52600628.65
2026-04-28,255.7,260.31,252.06,253.99,205104.0,52400608.65
2026-04-29,254.0,261.0,250.53,252.04,237052.0,60456859.07
2026-04-30,253.0,254.4,244.0,252.41,217311.0,54161205.66
2026-05-04,254.3,257.7,247.3,249.3,280459.0,70236837.8
2026-05-05,250.2,256.8,247.2,249.3,156889.0,39314744.35
2026-05-06,251.3,255.0,246.0,250.85,198179.0,49460693.9
2026-05-07,251.2,256.9,250.15,252.9,314212.0,79795170.65
2026-05-08,251.7,253.95,245.55,252.5,316946.0,79278212.4
2026-05-11,251.9,251.9,244.55,245.55,212178.0,52385883.0
2026-05-12,245.55,250.0,235.3,236.65,378083.0,91750818.8
2026-05-13,234.2,243.25,231.25,237.0,200658.0,48048244.4
2026-05-14,238.0,242.4,233.1,236.35,206845.0,49060914.0
2026-05-15,235.2,240.6,230.35,231.7,217457.0,51253128.1
2026-05-18,228.6,230.9,219.25,224.9,468725.0,105082655.8
2026-05-19,226.6,229.9,221.0,225.1,190422.0,43108292.4
2026-05-20,225.0,226.65,220.95,221.8,256460.0,57255531.3
2026-05-21,221.8,232.75,214.9,215.6,907993.0,202189745.85
2026-05-22,213.75,223.3,212.05,216.2,474199.0,102984113.6
2026-05-25,218.35,225.75,216.95,224.8,252481.0,56365321.75
2026-05-26,224.3,230.2,221.6,225.3,406955.0,91970107.05
2026-05-27,226.15,232.15,224.15,230.6,297691.0,68205011.5
2026-05-29,231.6,232.25,225.0,226.45,242553.0,55335049.0
2026-06-01,226.0,227.75,218.9,219.57,155260.0,34602240.44
2026-06-02,217.04,225.2,216.0,223.42,226581.0,50382532.32
2026-06-03,221.9,229.0,217.5,224.88,411083.0,91902103.84
2026-06-04,226.58,231.85,224.71,227.24,207150.0,47278271.44
2026-06-05,228.5,228.5,220.96,222.09,144858.0,32409114.62
2026-06-08,220.6,223.9,215.0,215.67,175334.0,38145961.52
2026-06-09,217.25,221.5,216.2,220.52,139251.0,30463852.7
2026-06-10,220.25,223.28,215.0,215.78,133315.0,29157272.18
2026-06-11,214.7,215.83,211.0,211.61,97971.0,20850226.29
2026-06-12,214.31,222.0,214.31,220.96,153376.0,33493796.01
2026-06-15,226.0,229.77,223.21,224.03,266285.0,60230367.61
2026-06-16,224.03,241.87,223.35,237.03,771008.0,182357205.3
2026-06-17,236.5,239.48,229.49,231.35,346556.0,80568523.12
2026-06-18,231.99,235.99,226.1,227.23,246120.0,56389416.57
2026-06-19,226.01,235.79,225.01,233.76,254758.0,58931077.85
2026-06-22,238.0,264.7,237.03,262.41,2583639.0,661622780.78
2026-06-23,265.1,287.0,265.0,267.2,3440729.0,953219030.94
2026-06-24,268.5,270.7,260.55,262.35,461546.0,122123148.88
2026-06-25,264.3,266.39,256.47,263.91,456170.0,119767640.32
2026-06-29,266.0,266.0,253.8,256.48,271714.0,69886282.54
2026-06-30,256.85,261.7,252.39,253.73,286248.0,73644358.73
2026-07-01,254.8,268.65,253.0,267.0,444250.0,117365106.75
2026-07-02,259.0,269.9,250.25,256.1,1280473.0,332485523.9
2026-07-03,255.05,256.55,247.2,248.95,829214.0,207455200.1
2026-07-06,249.9,253.2,246.05,250.1,363917.0,90734746.05
2026-07-07,250.0,250.0,239.1,240.45,1075421.0,260621135.9
2026-07-08,237.0,246.8,232.0,234.7,596615.0,142320362.55
2026-07-09,236.85,241.4,233.1,234.8,372531.0,88195206.2
2026-07-10,237.9,241.8,237.05,240.0,222612.0,53308774.4
2026-07-13,240.9,241.7,232.4,233.05,433852.0,101698232.55
2026-07-14,233.05,233.1,226.0,227.45,436304.0,99776224.35
2026-07-15,240.0,247.75,224.0,225.0,4047136.0,947688172.15
2026-07-16,227.7,230.95,225.35,227.5,437500.0,99656207.35
2026-07-17,227.5,227.5,221.65,225.1,295461.0,66136628.8
2026-07-20,225.1,226.45,221.25,221.9,347579.0,77568409.45
2026-07-21,222.95,227.95,222.0,225.4,227613.0,51324844.1
2026-07-22,225.4,225.6,216.0,217.05,298726.0,65436899.55
2026-07-23,217.9,219.75,213.45,214.35,271545.0,58614762.6
2026-07-24,214.0,214.45,211.0,212.75,297746.0,63415863.65
2026-07-27,215.0,221.75,215.0,218.8,352848.0,77081317.55
2026-07-28,219.8,219.8,215.05,216.25,172441.0,37342665.6
2026-07-29,217.45,219.75,216.5,219.2,206776.0,45095528.5
2026-07-30,218.85,218.9,214.95,216.55,122654.0,26539363.0
2026-07-31,216.0,218.9,213.65,214.7,209552.0,45251164.45
2026-08-03,216.01,218.7,213.05,213.61,362818.0,77976105.92
2026-08-04,214.15,221.74,212.17,213.52,891218.0,192876043.76
2026-08-05,215.0,224.99,215.0,221.83,1297146.0,286968226.37
2026-08-06,224.36,228.8,221.5,225.92,533583.0,120293572.43
2026-08-07,225.0,227.5,212.0,212.59,1443931.0,312144284.45
2026-08-10,213.9,213.9,207.65,210.5,341107.0,71537641.76
2026-08-11,210.07,213.72,208.82,211.12,197317.0,41590945.32
2026-08-12,211.73,211.73,208.22,209.05,161399.0,33808877.94
2026-08-13,209.65,210.74,208.32,209.54,127759.0,26775227.11
2026-08-14,209.54,215.4,208.96,214.53,374962.0,79877223.5
2026-08-17,214.53,214.53,211.2,211.89,128291.0,27292750.21
2026-08-18,210.99,212.39,208.1,209.11,178674.0,37497106.28
2026-08-19,209.11,209.25,204.3,205.53,201920.0,41653375.32
2026-08-20,207.0,208.39,202.1,203.73,208898.0,42870236.07
2026-08-21,204.0,218.45,204.0,214.54,426180.0,89693227.77
2026-08-24,215.0,226.87,215.0,220.9,1018042.0,226776685.29
2026-08-25,219.0,231.7,218.33,223.38,935636.0,210785780.58
2026-08-26,220.3,228.0,220.25,227.38,372076.0,83757405.09
2026-08-27,226.5,231.5,221.73,223.16,1225181.0,277320792.21
2026-08-28,224.0,224.05,216.5,217.33,385660.0,84307217.65
2026-08-31,216.8,217.01,212.7,214.0,149455.0,32070941.11
2026-09-01,213.9,214.6,206.57,208.64,178944.0,37656595.96
2026-09-02,207.5,209.94,201.51,205.02,471954.0,96442717.49
2026-09-03,205.1,211.0,205.1,208.88,183326.0,38215597.48
2026-09-04,209.95,217.9,208.22,216.22,373452.0,79914783.99
2026-09-07,216.5,217.1,204.8,205.8,627204.0,130608493.72
2026-09-08,205.05,206.82,198.65,199.72,572086.0,115370664.12
2026-09-09,199.72,200.58,194.9,199.59,444240.0,87592749.58
2026-09-10,200.4,201.99,195.0,196.25,257180.0,51044564.92
2026-09-11,193.7,195.56,190.96,191.98,455544.0,87961321.93
2026-09-15,191.0,196.53,187.75,189.57,319841.0,61295010.58
2026-09-16,190.37,191.44,185.25,186.88,290665.0,54695221.01
2026-09-17,187.01,194.5,185.32,192.73,206508.0,39402123.73
2026-09-18,191.9,199.02,191.9,195.71,235892.0,46357718.7
2026-09-21,194.29,196.18,192.3,195.02,134305.0,26096396.63
2026-09-22,195.32,197.71,194.02,194.73,146197.0,28647128.17
2026-09-23,195.49,199.74,194.6,198.25,242003.0,47657738.12
2026-09-24,195.3,196.88,191.3,192.57,202408.0,39296099.87
2026-09-25,193.4,193.5,188.8,191.14,162257.0,30913943.82
2026-09-28,190.01,191.13,184.0,184.41,251940.0,46865493.2
2026-09-29,185.1,186.68,180.5,182.61,350639.0,64218195.55
2026-09-30,182.7,186.63,182.4,182.89,95782.0,17668627.82
2026-10-01,182.8,182.83,176.16,180.33,276832.0,49785272.78
