date,open,high,low,close,volume,value
2017-06-30,250.0,269.95,250.0,261.6,50326065.0,13152807114.15
2017-07-03,262.0,264.7,243.15,262.15,14445613.0,3706607946.2
2017-07-04,263.5,270.9,263.0,265.3,4484530.0,1195177195.45
2017-07-05,265.9,266.5,262.15,263.95,1877748.0,495816962.3
2017-07-06,264.4,298.4,262.4,293.9,17400331.0,4931127465.3
2017-07-07,290.1,344.8,290.0,331.15,38221190.0,12396065261.9
2017-07-10,355.0,366.0,325.0,354.15,8928724.0,3159076813.85
2017-07-11,357.7,386.4,357.7,381.7,23411261.0,8832399586.25
2017-07-12,393.15,409.0,390.6,403.95,17877965.0,7155001717.1
2017-07-13,417.0,444.3,408.4,444.3,15896817.0,6773256427.8
2017-07-14,471.15,486.0,399.9,399.9,31052454.0,13539552458.35
2017-07-17,388.5,396.8,370.0,381.55,15705997.0,6019619434.5
2017-07-18,375.0,392.0,371.0,382.35,5308410.0,2049237750.4
2017-07-19,385.8,389.7,376.4,379.0,2577313.0,988970527.15
2017-07-20,381.9,384.7,363.4,373.6,6222337.0,2329828782.0
2017-07-21,374.7,381.45,368.25,370.35,2469984.0,925078171.4
2017-07-24,371.8,376.0,362.5,363.85,2293565.0,846856957.1
2017-07-25,365.75,374.5,363.1,363.7,2760857.0,1015976346.85
2017-07-26,365.2,367.0,355.0,355.7,1931369.0,696130147.25
2017-07-27,356.3,359.8,343.0,344.15,2850106.0,999813180.4
2017-07-28,340.0,378.55,337.5,373.55,10446183.0,3807089412.4
2017-07-31,370.0,370.0,338.0,339.6,7912135.0,2762206219.5
2017-08-01,342.5,348.0,335.65,337.3,2889107.0,984119864.1
2017-08-02,337.0,347.85,336.2,337.45,3677085.0,1257961606.45
2017-08-03,337.4,342.7,325.1,327.1,2552070.0,850990451.8
2017-08-04,327.8,328.35,309.4,311.7,3544659.0,1125140977.7
2017-08-07,312.7,338.6,308.05,333.35,7715813.0,2541668909.3
2017-08-08,335.5,336.25,322.1,325.75,2688517.0,884061833.6
2017-08-09,322.9,326.95,317.5,319.45,1582568.0,509002307.65
2017-08-10,316.75,321.0,298.0,301.25,2718480.0,844531392.5
2017-08-11,296.9,311.0,291.1,304.55,2949441.0,897133672.9
2017-08-14,312.0,319.8,310.6,316.0,1513613.0,477958481.95
2017-08-16,319.65,331.0,315.2,326.25,2758656.0,896955638.2
2017-08-17,327.85,332.8,325.0,327.6,1480926.0,487316138.05
2017-08-18,325.0,325.0,317.0,321.35,1026505.0,329746958.2
2017-08-21,323.0,343.45,321.6,330.85,4886628.0,1642444946.85
2017-08-22,334.0,336.7,326.5,328.6,1285706.0,424891867.4
2017-08-23,331.0,336.45,328.6,332.75,1383990.0,460722552.8
2017-08-24,334.0,335.0,330.15,331.0,757308.0,251568970.6
2017-08-28,332.6,344.6,331.6,341.15,2584839.0,876587489.6
2017-08-29,338.4,345.9,333.65,334.45,2262605.0,768927442.55
2017-08-30,337.95,342.8,337.6,340.1,1247379.0,424251640.45
2017-08-31,340.6,342.4,337.5,338.35,998538.0,338972415.2
2017-09-01,339.7,345.5,337.0,338.0,1640095.0,559285404.9
2017-09-04,337.5,338.2,327.0,331.05,1001248.0,333245317.15
2017-09-05,332.5,344.8,332.5,342.05,1989703.0,674600379.65
2017-09-06,337.5,343.0,337.0,338.45,1590487.0,540506023.7
2017-09-07,340.0,356.55,340.0,344.95,3535951.0,1234285075.9
2017-09-08,348.0,361.8,348.0,358.55,5191666.0,1845672737.6
2017-09-11,362.05,362.45,354.1,356.5,1893319.0,678534026.85
2017-09-12,358.4,360.85,353.0,354.65,1123451.0,400131571.85
2017-09-13,355.0,357.35,345.75,348.05,956237.0,336268398.35
2017-09-14,349.0,353.05,346.4,348.3,801888.0,280325359.35
2017-09-15,347.0,351.8,345.2,347.8,986627.0,343523476.6
2017-09-18,349.05,369.0,349.05,361.55,3691628.0,1333514877.8
2017-09-19,364.35,378.6,360.0,370.6,3955335.0,1464483411.05
2017-09-20,372.9,398.45,371.0,386.55,7712216.0,2983847823.15
2017-09-21,388.9,396.15,376.1,383.25,3238070.0,1247922353.9
2017-09-22,381.6,381.6,363.1,364.4,2254366.0,834162315.2
2017-09-25,362.25,363.85,344.15,350.15,1864577.0,654865465.05
2017-09-26,350.0,357.3,350.0,353.15,1477624.0,523392660.7
2017-09-27,356.0,356.65,339.0,341.0,1410608.0,488884288.5
2017-09-28,343.75,345.5,340.0,340.65,932160.0,318971096.95
2017-09-29,342.25,351.9,340.3,341.75,2360656.0,816268249.45
2017-10-03,346.0,351.4,343.6,347.4,1056289.0,367250921.0
2017-10-04,349.8,356.8,346.45,353.35,1408665.0,497554202.6
2017-10-05,355.0,360.0,351.5,356.25,1239998.0,441817510.0
2017-10-06,358.2,379.4,356.0,375.85,3695629.0,1364182184.95
2017-10-09,378.95,380.6,372.25,374.45,1408850.0,529362783.8
2017-10-10,375.8,393.25,373.05,385.1,3541245.0,1363518675.85
2017-10-11,386.8,392.4,369.0,373.05,2164548.0,826092312.45
2017-10-12,376.3,381.25,369.2,378.7,1093643.0,411544869.1
2017-10-13,379.0,384.45,374.2,375.8,1010152.0,383300434.85
2017-10-16,379.5,385.65,375.1,383.8,1443634.0,550918019.65
2017-10-17,383.0,393.85,380.0,390.05,2490964.0,970051152.65
2017-10-18,388.0,396.9,385.1,388.9,1644667.0,643597945.25
2017-10-19,388.7,390.6,378.0,381.65,643791.0,247832365.0
2017-10-23,381.8,386.7,376.0,377.8,950509.0,361730475.2
2017-10-24,378.05,383.0,374.1,375.3,636433.0,240666840.55
2017-10-25,378.95,380.4,367.0,369.1,830715.0,308716860.3
2017-10-26,369.0,376.0,366.0,370.7,660126.0,245497562.2
2017-10-27,373.2,380.0,371.05,376.3,1047022.0,392685962.85
2017-10-30,379.25,383.2,372.05,373.9,1572689.0,593238418.45
2017-10-31,374.0,375.8,371.0,371.95,544303.0,202943318.15
2017-11-01,372.5,373.75,368.9,369.75,597305.0,221751886.85
2017-11-02,370.1,377.5,370.1,371.4,1411704.0,526573701.75
2017-11-03,371.9,373.8,366.3,367.1,495213.0,183089751.65
2017-11-06,366.8,366.9,359.25,360.35,601066.0,218299098.7
2017-11-07,361.0,365.0,355.0,357.75,566094.0,203781307.6
2017-11-08,361.0,371.75,356.2,358.95,1071287.0,388753588.1
2017-11-09,361.9,363.4,354.2,357.85,431581.0,154720781.0
2017-11-10,356.0,361.8,354.1,357.9,514443.0,184117512.55
2017-11-13,359.9,359.9,353.0,356.45,366476.0,130497456.7
2017-11-14,356.95,359.9,354.1,354.8,295921.0,105461002.8
2017-11-15,353.8,356.05,352.0,353.95,374613.0,132479801.0
2017-11-16,354.5,356.9,352.5,353.15,278864.0,98789747.7
2017-11-17,355.95,365.15,355.0,355.65,568666.0,204209693.1
2017-11-20,356.0,367.7,355.2,361.3,615603.0,222703830.5
2017-11-21,362.15,367.0,361.5,362.45,378106.0,137609538.4
2017-11-22,363.8,364.45,355.5,357.8,592176.0,212066924.5
2017-11-23,359.0,360.95,352.5,355.35,436484.0,155624346.0
2017-11-24,356.8,359.7,353.45,354.6,385090.0,137221223.05
2017-11-27,353.0,356.45,351.0,355.05,453814.0,160702891.75
2017-11-28,355.2,357.8,351.35,352.4,370413.0,131344473.7
2017-11-29,353.6,366.9,351.0,361.1,1004650.0,359286924.7
2017-11-30,358.5,375.0,358.1,363.7,2471309.0,908974351.3
2017-12-01,364.9,367.7,355.0,356.45,568125.0,205383541.85
2017-12-04,358.0,360.0,352.0,352.5,412598.0,146707315.7
2017-12-05,352.0,352.65,345.75,348.9,575852.0,201266855.0
2017-12-06,347.95,353.95,345.05,345.55,375441.0,130552656.65
2017-12-07,346.3,351.75,345.0,348.55,458162.0,159324193.9
2017-12-08,349.05,350.95,347.0,347.3,421152.0,146790832.7
2017-12-11,348.05,351.9,346.5,347.35,410991.0,143223674.95
2017-12-12,347.65,347.8,342.6,343.15,308145.0,106136828.5
2017-12-13,343.5,347.4,338.1,339.3,310240.0,106183197.4
2017-12-14,340.05,341.0,335.05,337.6,272435.0,91994294.6
2017-12-15,339.7,340.75,334.75,336.15,356585.0,120504457.25
2017-12-18,333.9,354.4,327.05,349.25,1199049.0,413871552.1
2017-12-19,350.95,367.0,350.6,361.2,1649903.0,594974023.85
2017-12-20,361.0,364.9,356.5,357.75,616426.0,222247581.75
2017-12-21,358.7,363.5,356.0,358.55,460745.0,165736426.95
2017-12-22,358.9,367.7,357.25,365.7,983715.0,357789670.35
2017-12-26,366.0,374.0,365.25,367.6,783864.0,288904054.0
2017-12-27,368.0,368.4,352.65,356.15,713911.0,256831896.55
2017-12-28,356.0,357.35,350.55,351.9,424184.0,149852467.1
2017-12-29,352.95,360.95,352.45,357.6,540947.0,193194473.05
2018-01-01,357.0,364.8,353.25,356.1,682248.0,244411826.6
2018-01-02,359.8,359.8,351.05,352.0,447897.0,158468438.6
2018-01-03,353.0,355.5,349.0,350.6,628390.0,221287362.9
2018-01-04,350.75,352.9,348.0,349.15,462254.0,161830896.7
2018-01-05,349.6,358.7,349.6,355.3,874792.0,310714012.15
2018-01-08,357.85,358.5,352.2,353.8,521109.0,184980594.6
2018-01-09,354.45,356.5,351.1,352.2,358330.0,126549383.4
2018-01-10,353.4,364.4,353.3,361.4,1410341.0,507627228.85
2018-01-11,361.95,378.65,358.0,374.8,3471245.0,1283245752.7
2018-01-12,379.0,382.0,364.0,370.2,2062450.0,772547347.15
2018-01-15,372.45,377.7,366.2,372.45,725609.0,269908416.0
2018-01-16,372.8,374.2,357.0,358.45,776698.0,281175221.4
2018-01-17,358.0,358.4,349.35,355.85,679281.0,240547927.75
2018-01-18,359.0,360.7,348.5,350.2,513030.0,181528341.85
2018-01-19,350.0,354.9,347.0,351.8,405558.0,142387041.5
2018-01-22,353.0,358.7,350.0,356.05,575959.0,203978930.4
2018-01-23,360.0,366.9,356.0,359.5,1380892.0,498840840.05
2018-01-24,359.95,360.0,348.0,349.2,575622.0,202624702.25
2018-01-25,350.2,353.45,347.1,348.3,319958.0,111942944.75
2018-01-29,348.95,351.8,338.5,339.7,568926.0,195246096.8
2018-01-30,340.0,340.0,333.0,334.25,502342.0,168915832.35
2018-01-31,334.0,335.45,328.1,333.6,518984.0,172422448.9
2018-02-01,333.8,340.9,329.7,332.9,577961.0,193204047.45
2018-02-02,328.75,330.0,315.0,318.25,847411.0,272577203.55
2018-02-05,310.2,327.95,308.3,325.6,549277.0,174921869.95
2018-02-06,308.3,318.0,308.3,311.75,1004891.0,315079217.95
2018-02-07,315.55,322.0,315.55,318.5,601127.0,191760258.6
2018-02-08,319.8,330.0,319.0,326.05,484591.0,157762838.5
2018-02-09,319.0,328.0,315.25,322.6,344597.0,111362398.8
2018-02-12,325.0,330.0,323.95,324.45,347006.0,113297627.75
2018-02-14,326.5,333.0,325.5,328.0,398982.0,131280561.6
2018-02-15,328.95,332.1,320.1,322.7,335883.0,109450438.25
2018-02-16,323.2,325.0,316.1,319.55,278627.0,89197387.75
2018-02-19,320.7,320.7,312.0,319.0,269304.0,85290910.7
2018-02-20,319.2,320.0,315.0,317.35,136925.0,43543193.6
2018-02-21,318.0,319.75,308.8,310.65,389539.0,121438187.35
2018-02-22,309.4,314.8,308.3,312.9,237630.0,74304348.25
2018-02-23,313.5,320.5,313.5,318.6,318091.0,101159568.65
2018-02-26,319.45,325.6,319.0,324.25,409783.0,132070576.4
2018-02-27,324.5,325.45,318.1,321.6,205789.0,66054176.45
2018-02-28,319.0,320.55,315.1,319.4,432157.0,137254351.75
2018-03-01,318.9,320.0,312.05,313.1,240278.0,75925328.9
2018-03-05,312.85,313.4,310.0,310.8,179487.0,55839080.9
2018-03-06,313.4,314.0,308.0,308.95,257679.0,79897776.9
2018-03-07,308.0,308.9,300.0,301.15,392221.0,118814310.8
2018-03-08,301.85,306.75,294.3,299.45,404472.0,120826842.95
2018-03-09,300.3,305.0,295.0,295.3,368599.0,110109621.25
2018-03-12,297.5,301.9,295.9,299.1,302306.0,90413649.3
2018-03-13,298.1,305.0,295.2,299.0,428694.0,128947964.8
2018-03-14,298.4,304.5,297.45,300.25,717192.0,215250024.15
2018-03-15,300.85,309.95,298.0,299.65,698947.0,211607004.15
2018-03-16,300.0,302.5,296.0,297.8,531448.0,158452416.6
2018-03-19,296.2,297.8,287.05,288.7,357178.0,104081074.4
2018-03-20,288.85,290.0,282.5,283.4,324988.0,92913610.1
2018-03-21,287.0,293.85,279.5,280.65,676604.0,194023559.15
2018-03-22,282.05,285.8,281.0,284.85,354520.0,100528721.3
2018-03-23,279.9,287.8,278.25,283.95,496415.0,140471220.7
2018-03-26,284.0,284.95,273.25,279.3,1106314.0,307365114.05
2018-03-27,282.4,290.0,282.4,288.1,520197.0,149211135.3
2018-03-28,286.9,289.8,281.0,282.65,312013.0,88855970.3
2018-04-02,285.65,300.0,285.0,298.9,701180.0,207412230.65
2018-04-03,297.0,307.85,295.15,304.45,840448.0,255333676.6
2018-04-04,305.45,307.3,294.6,297.25,440590.0,132667282.3
2018-04-05,300.4,310.9,300.4,308.35,443428.0,135823838.1
2018-04-06,308.25,312.75,302.55,304.6,518792.0,159615454.15
2018-04-09,304.65,310.0,303.0,303.7,614299.0,188102693.6
2018-04-10,304.55,308.5,300.25,301.6,521096.0,158173532.75
2018-04-11,302.45,302.5,297.0,298.1,245641.0,73384057.3
2018-04-12,299.0,301.95,294.0,295.0,301092.0,89496138.05
2018-04-13,296.0,297.8,291.0,291.4,292255.0,85893784.95
2018-04-16,289.9,293.9,288.0,289.5,322579.0,93619579.1
2018-04-17,290.45,296.35,283.0,285.05,622979.0,180105078.75
2018-04-18,287.0,290.45,284.0,286.05,381396.0,109436703.2
2018-04-19,286.75,288.8,284.95,287.4,295842.0,84915839.65
2018-04-20,287.4,295.5,284.9,293.4,686978.0,200970528.15
2018-04-23,296.0,299.45,292.15,295.65,908812.0,268799554.65
2018-04-24,295.8,295.8,287.75,290.55,330119.0,96127452.85
2018-04-25,291.25,294.5,286.0,286.85,436457.0,126858692.9
2018-04-26,287.1,288.9,284.0,287.6,260666.0,74683826.3
2018-04-27,289.8,295.5,287.7,293.85,457347.0,133689074.6
2018-04-30,295.25,296.5,285.5,286.45,651014.0,188942669.1
2018-05-02,288.0,295.0,284.0,284.95,973705.0,281358358.15
2018-05-03,285.8,285.8,279.6,282.9,381514.0,107646180.05
2018-05-04,283.5,283.5,279.0,280.4,250909.0,70416093.15
2018-05-07,285.0,287.5,280.0,281.2,381405.0,107585632.6
2018-05-08,281.65,282.9,279.2,280.4,273479.0,76809491.5
2018-05-09,280.1,289.1,280.1,285.8,416009.0,118554430.2
2018-05-10,285.2,288.85,283.75,284.9,283560.0,81196265.85
2018-05-11,284.95,286.0,280.0,281.55,255746.0,72219990.0
2018-05-14,281.95,282.85,278.1,280.15,222003.0,62185276.15
2018-05-15,280.95,282.55,278.5,280.3,334695.0,93856701.55
2018-05-16,278.55,280.9,271.25,279.2,268257.0,74365300.6
2018-05-17,281.0,289.1,280.5,287.7,410664.0,117056629.85
2018-05-18,285.25,289.9,284.0,285.8,322976.0,92432521.2
2018-05-21,286.8,286.8,271.0,272.7,422925.0,116735663.35
2018-05-22,272.9,274.0,268.05,268.75,250599.0,67733025.5
2018-05-23,268.4,272.5,265.25,266.1,216656.0,58158335.55
2018-05-24,267.9,270.0,262.55,264.75,178478.0,47475034.8
2018-05-25,265.8,269.65,263.0,266.8,273871.0,72871494.95
2018-05-28,268.0,276.3,267.35,272.6,325812.0,88890720.95
2018-05-29,272.0,273.9,270.0,271.0,144481.0,39209252.0
2018-05-30,269.65,301.65,268.85,294.35,2931516.0,859229009.65
2018-05-31,297.0,297.0,287.5,291.2,431687.0,125693370.2
2018-06-01,290.5,291.5,280.45,282.8,309967.0,88408802.5
2018-06-04,283.5,283.55,273.75,275.85,237749.0,65794313.8
2018-06-05,277.0,278.35,269.25,272.05,247287.0,67408245.4
2018-06-06,271.15,281.7,268.55,278.35,266007.0,73450829.1
2018-06-07,278.75,290.0,278.65,283.9,401730.0,114173592.15
2018-06-08,281.2,284.85,279.15,282.2,188546.0,53204591.6
2018-06-11,282.5,286.25,280.0,281.7,198533.0,56220630.85
2018-06-12,282.5,289.7,281.7,287.3,349478.0,100202241.85
2018-06-13,287.6,290.85,283.6,284.3,252090.0,72346062.85
2018-06-14,284.4,288.9,281.0,285.95,174593.0,49746262.35
2018-06-15,287.4,301.2,287.4,294.35,1579294.0,467505665.85
2018-06-18,294.6,299.8,290.1,295.05,420860.0,124220415.95
2018-06-19,293.5,294.8,290.2,293.3,285080.0,83495306.75
2018-06-20,294.4,296.5,289.05,291.05,228996.0,66772263.0
2018-06-21,291.4,292.0,284.7,286.7,199159.0,57163674.6
2018-06-22,285.95,286.85,282.55,284.5,136109.0,38703283.55
2018-06-25,284.0,288.8,282.75,287.6,175147.0,50206162.65
2018-06-26,286.4,292.0,284.2,285.95,272494.0,78011207.35
2018-06-27,285.75,287.15,276.0,278.15,276464.0,77869750.95
2018-06-28,277.25,277.6,271.4,272.95,182652.0,50097767.35
2018-06-29,273.05,282.0,273.0,280.25,153995.0,42801195.9
2018-07-02,280.95,281.0,262.3,269.35,602999.0,161751985.55
2018-07-03,269.9,272.85,268.25,269.5,257487.0,69524083.4
2018-07-04,269.6,276.65,268.95,273.4,368893.0,100190863.6
2018-07-05,272.95,272.95,266.1,267.1,334303.0,89944132.65
2018-07-06,267.45,269.7,265.05,267.15,298391.0,79969320.7
2018-07-09,269.05,276.85,269.0,271.8,735490.0,200840304.55
2018-07-10,272.0,273.6,269.9,270.8,246134.0,66910346.2
2018-07-11,270.5,275.5,269.3,270.75,452256.0,123326882.0
2018-07-12,271.1,272.5,270.0,270.7,243485.0,66031531.7
2018-07-13,271.0,271.8,266.0,267.35,163457.0,43865509.1
2018-07-16,267.5,268.3,261.05,262.15,170110.0,44981127.1
2018-07-17,262.4,266.85,260.4,265.5,146689.0,38694247.4
2018-07-18,266.3,267.45,257.05,258.35,224318.0,58409692.8
2018-07-19,259.0,259.9,252.1,254.35,231388.0,58953308.05
2018-07-20,255.0,257.45,251.0,255.7,241183.0,61406691.5
2018-07-23,257.5,264.45,257.3,261.75,272676.0,70879521.1
2018-07-24,263.8,267.5,261.5,264.8,247824.0,65690153.15
2018-07-25,265.0,265.9,261.9,263.2,224494.0,59178982.95
2018-07-26,264.75,271.7,262.6,264.85,360599.0,96129850.1
2018-07-27,266.2,274.4,266.0,272.75,608048.0,164855696.6
2018-07-30,268.55,272.25,265.8,266.75,455525.0,122144052.9
2018-07-31,267.8,268.05,262.5,263.15,248175.0,65713608.15
2018-08-01,263.65,268.75,263.55,265.55,273516.0,72758350.95
2018-08-02,268.2,270.0,264.25,266.95,254992.0,67898753.15
2018-08-03,268.0,270.0,265.55,267.5,222578.0,59605871.0
2018-08-06,267.95,276.85,267.95,272.1,779268.0,212939247.2
2018-08-07,273.9,274.7,269.0,269.9,295670.0,80052807.4
2018-08-08,269.7,272.5,267.9,269.05,268103.0,72361109.45
2018-08-09,270.4,272.3,267.0,268.55,252316.0,67949828.3
2018-08-10,268.2,271.5,266.25,269.2,356913.0,96104336.45
2018-08-13,268.0,268.25,264.05,265.75,177182.0,47115163.3
2018-08-14,266.8,267.4,264.1,265.55,170216.0,45249881.7
2018-08-16,264.6,268.5,264.0,266.45,206814.0,55043122.1
2018-08-17,267.45,269.0,266.35,267.35,130583.0,34946096.85
2018-08-20,268.0,275.8,267.0,267.9,372532.0,100795368.0
2018-08-21,268.4,269.7,267.05,268.1,141093.0,37841204.7
2018-08-23,268.75,269.85,264.8,267.05,215123.0,57482762.95
2018-08-24,267.9,268.0,264.75,266.8,184994.0,49274927.1
2018-08-27,268.8,270.0,266.45,268.05,304968.0,81759488.5
2018-08-28,268.5,270.0,267.55,268.45,224934.0,60459582.9
2018-08-29,268.45,268.7,265.0,265.55,182328.0,48468154.3
2018-08-30,265.1,266.85,259.7,260.6,402629.0,105326054.7
2018-08-31,260.8,263.8,260.0,261.0,280442.0,73288222.0
2018-09-03,261.9,266.7,261.0,263.6,275060.0,72638051.95
2018-09-04,264.75,265.8,258.15,259.8,207690.0,54197326.2
2018-09-05,260.0,260.55,255.0,257.0,269007.0,69195432.0
2018-09-06,258.9,260.8,257.2,259.65,139605.0,36157493.15
2018-09-07,260.0,260.8,257.55,259.0,144748.0,37579434.2
2018-09-10,261.55,261.9,259.0,259.1,130346.0,33864179.95
2018-09-11,260.3,278.7,258.0,258.95,1033819.0,276297150.45
2018-09-12,260.0,260.8,255.1,258.95,168623.0,43545505.2
2018-09-14,260.8,262.8,259.9,260.7,180659.0,47212259.3
2018-09-17,260.9,265.1,258.9,260.15,245999.0,64227332.65
2018-09-18,260.95,266.25,258.55,260.15,343421.0,89893751.2
2018-09-19,261.4,262.7,258.0,260.7,278802.0,72576095.35
2018-09-21,265.0,265.0,257.15,258.4,725132.0,189226798.45
2018-09-24,261.0,261.0,253.0,254.95,450019.0,115749725.5
2018-09-25,255.1,255.15,248.2,249.85,262215.0,65832635.2
2018-09-26,252.0,252.2,244.5,245.65,202790.0,50246410.9
2018-09-27,246.9,247.25,236.35,238.0,245490.0,59122318.95
2018-09-28,239.8,239.8,221.0,224.7,395258.0,89997183.55
2018-10-01,225.2,226.5,204.5,219.85,230334.0,50298031.65
2018-10-03,218.95,228.4,217.2,227.15,158717.0,35811334.75
2018-10-04,225.0,236.0,222.55,234.1,269707.0,61989139.15
2018-10-05,233.8,237.6,220.05,229.55,205857.0,47584141.65
2018-10-08,230.0,234.0,225.0,229.5,167232.0,38498799.1
2018-10-09,231.0,231.0,225.9,230.05,124671.0,28513828.15
2018-10-10,230.3,235.55,229.7,230.9,192069.0,44596386.35
2018-10-11,227.1,234.95,225.0,233.45,196481.0,45153115.95
2018-10-12,233.0,240.0,232.55,236.35,179911.0,42684629.7
2018-10-15,237.4,242.4,233.0,240.8,339676.0,80344954.8
2018-10-16,242.1,243.2,239.1,242.65,189510.0,45700948.0
2018-10-17,243.15,244.3,238.0,239.35,102499.0,24652442.85
2018-10-19,238.0,243.0,235.1,240.3,96579.0,22922676.8
2018-10-22,242.65,244.0,233.5,240.65,273942.0,65428613.85
2018-10-23,236.1,238.0,230.45,236.1,92467.0,21705906.75
2018-10-24,236.95,240.1,232.2,239.75,111780.0,26545352.85
2018-10-25,238.6,240.0,233.1,239.45,84589.0,20053584.3
2018-10-26,240.9,241.0,233.75,238.9,140773.0,33448297.45
2018-10-29,240.0,241.5,237.25,239.75,64033.0,15322868.35
2018-10-30,240.4,243.9,237.55,243.0,118891.0,28750968.9
2018-10-31,244.5,244.5,238.05,241.3,91391.0,22027666.7
2018-11-01,241.6,243.0,240.15,241.05,61969.0,14972336.2
2018-11-02,242.4,250.0,241.8,244.7,232406.0,57275883.3
2018-11-05,246.2,252.0,243.0,250.9,164228.0,40899088.35
2018-11-06,252.4,254.9,246.0,248.1,114657.0,28722795.3
2018-11-07,250.9,253.75,247.7,249.3,59367.0,14817017.45
2018-11-09,249.0,251.25,247.0,249.0,59572.0,14841756.9
2018-11-12,249.0,250.4,243.95,246.1,80311.0,19831303.75
2018-11-13,245.2,245.6,240.55,242.55,90529.0,21955672.7
2018-11-14,242.1,244.5,240.1,240.85,126474.0,30634971.2
2018-11-15,241.5,241.95,238.1,240.05,125614.0,30079807.15
2018-11-16,240.0,242.0,238.0,238.95,109490.0,26259926.0
2018-11-19,240.35,242.4,238.0,239.0,99739.0,23907061.1
2018-11-20,235.0,239.4,235.0,238.2,95985.0,22867619.25
2018-11-21,236.3,238.9,233.0,233.9,138597.0,32588733.75
2018-11-22,234.25,236.0,231.1,232.85,83395.0,19506804.75
2018-11-26,234.1,234.95,231.0,232.55,101045.0,23543918.9
2018-11-27,233.4,233.85,229.9,231.5,114745.0,26558300.2
2018-11-28,233.4,235.9,230.25,231.5,257393.0,60133360.65
2018-11-29,232.45,239.5,231.15,237.25,651751.0,153430302.05
2018-11-30,237.95,239.0,234.75,237.15,428711.0,101589173.55
2018-12-03,238.4,239.0,234.2,237.45,552400.0,130850607.2
2018-12-04,237.4,237.4,233.25,234.0,102308.0,24031799.95
2018-12-05,233.45,234.4,230.0,230.8,89267.0,20664015.6
2018-12-06,230.0,230.5,226.0,227.6,129273.0,29512672.85
2018-12-07,228.0,229.0,220.5,222.35,227214.0,50650379.9
2018-12-10,220.55,221.5,218.0,219.8,118803.0,26095875.1
2018-12-11,216.0,222.0,216.0,219.25,91586.0,20105038.65
2018-12-12,220.5,225.9,220.1,225.1,444284.0,99673968.5
2018-12-13,228.0,233.45,225.35,226.55,392983.0,90645674.35
2018-12-14,225.4,226.75,220.1,221.5,185351.0,41356966.5
2018-12-17,222.4,224.5,219.9,220.8,266374.0,59051901.65
2018-12-18,220.9,221.0,216.7,218.25,648550.0,141469037.55
2018-12-19,219.95,237.4,218.5,235.1,3697966.0,834740917.55
2018-12-20,231.6,238.9,230.1,231.45,717582.0,168301154.05
2018-12-21,231.1,233.7,224.5,225.1,375697.0,85445667.85
2018-12-24,225.25,228.9,225.0,226.05,148994.0,33815312.3
2018-12-26,225.0,226.5,220.7,224.65,244572.0,54741392.7
2018-12-27,225.7,228.0,219.9,220.7,272413.0,60791910.8
2018-12-28,222.2,224.5,220.0,220.3,310266.0,68751536.9
2018-12-31,221.1,227.8,221.1,223.35,886110.0,199074775.25
2019-01-01,224.6,228.1,222.55,227.15,212608.0,48027819.45
2019-01-02,225.5,233.5,225.25,230.85,480866.0,110622014.9
2019-01-03,232.05,232.7,228.35,230.35,398363.0,91590023.85
2019-01-04,231.05,232.0,227.0,229.35,150404.0,34463242.45
2019-01-07,230.0,231.85,228.0,229.7,125163.0,28747132.3
2019-01-08,230.05,234.45,227.8,233.4,222674.0,51601566.1
2019-01-09,234.95,234.95,229.5,231.05,173318.0,40014327.4
2019-01-10,231.35,234.0,229.7,230.2,108793.0,25140492.1
2019-01-11,231.4,232.2,229.7,230.1,81519.0,18769865.25
2019-01-14,230.75,235.0,229.3,234.15,144260.0,33466331.35
2019-01-15,234.0,235.9,230.1,231.6,141296.0,32882416.7
2019-01-16,232.0,234.15,230.1,232.7,122056.0,28396038.15
2019-01-17,232.7,236.0,230.55,233.5,192367.0,44897230.9
2019-01-18,233.85,234.65,230.6,233.05,186665.0,43377661.55
2019-01-21,233.8,233.9,230.05,231.4,136810.0,31703965.6
2019-01-22,232.7,233.0,228.75,231.65,243525.0,56202531.9
2019-01-23,232.2,232.8,228.25,229.15,112642.0,25907532.3
2019-01-24,229.4,231.2,229.0,230.35,119679.0,27536475.25
2019-01-25,231.0,234.25,228.8,233.05,373813.0,86294600.7
2019-01-28,233.0,233.0,221.25,226.05,439709.0,99941162.25
2019-01-29,225.25,226.0,217.3,218.5,713103.0,157577462.35
2019-01-30,219.9,220.6,217.15,217.95,111943.0,24545942.2
2019-01-31,219.5,220.0,216.55,218.0,186826.0,40818452.45
2019-02-01,219.9,221.6,216.0,216.85,74932.0,16380130.65
2019-02-04,216.85,217.25,212.2,214.2,103293.0,22158176.85
2019-02-05,214.25,215.0,206.7,207.6,138743.0,29246294.5
2019-02-06,206.4,209.05,204.5,208.45,117557.0,24268486.9
2019-02-07,209.0,220.75,208.5,218.6,402235.0,86489285.55
2019-02-08,218.95,218.95,212.0,212.5,90500.0,19383474.2
2019-02-11,212.0,213.2,207.5,210.3,56238.0,11820044.65
2019-02-12,210.1,214.6,209.25,211.05,92169.0,19478193.95
2019-02-13,211.0,211.95,209.5,210.1,60965.0,12851800.25
2019-02-14,210.1,212.5,208.0,210.2,78408.0,16466328.5
2019-02-15,209.0,211.25,208.05,210.3,65445.0,13726745.45
2019-02-18,210.2,211.0,208.0,209.7,53483.0,11212460.6
2019-02-19,211.8,212.4,208.1,209.15,72960.0,15365086.7
2019-02-20,210.3,211.55,209.05,210.8,39684.0,8359870.65
2019-02-21,212.35,212.35,209.5,209.7,68878.0,14480454.6
2019-02-22,210.55,210.9,209.7,210.1,99191.0,20854964.65
2019-02-25,211.0,227.6,210.25,218.3,675142.0,149817188.6
2019-02-26,213.9,219.4,212.9,217.8,192129.0,41615443.2
2019-02-27,218.8,221.75,215.35,216.65,159058.0,34789389.55
2019-02-28,218.0,221.0,216.5,218.75,61136.0,13390936.75
2019-03-01,219.8,225.0,218.15,220.5,209750.0,46431513.35
2019-03-05,220.4,231.4,220.0,229.15,307778.0,69942230.8
2019-03-06,231.8,243.0,231.25,239.0,720122.0,171488018.3
2019-03-07,241.0,241.9,232.4,233.45,179694.0,42393871.15
2019-03-08,232.0,235.65,230.75,232.75,143291.0,33450961.1
2019-03-11,232.8,238.0,232.8,236.15,178986.0,42211073.7
2019-03-12,238.0,241.4,235.6,237.1,229449.0,54779457.1
2019-03-13,236.25,242.5,235.3,237.25,364722.0,87562247.65
2019-03-14,237.4,239.9,232.55,235.75,161896.0,38116698.15
2019-03-15,235.0,237.0,225.55,227.9,235891.0,54452100.5
2019-03-18,228.0,231.5,225.0,226.15,144654.0,32860243.8
2019-03-19,226.5,229.85,225.6,228.45,133810.0,30526459.3
2019-03-20,228.9,229.05,226.25,226.6,113490.0,25794090.5
2019-03-22,227.9,227.9,222.6,226.7,188549.0,42495715.75
2019-03-25,225.05,227.5,223.1,225.0,129003.0,29015054.25
2019-03-26,225.0,231.8,222.6,230.45,169826.0,38734949.6
2019-03-27,229.45,237.35,227.55,236.0,301652.0,70223978.5
2019-03-28,237.5,242.75,234.1,241.95,264941.0,63487584.2
2019-03-29,243.0,247.8,240.35,242.55,346193.0,84631493.3
2019-04-01,243.95,247.95,240.0,240.7,152105.0,37132673.3
2019-04-02,241.5,241.85,236.25,238.2,96949.0,23067670.0
2019-04-03,238.0,243.0,236.95,238.5,181627.0,43469145.55
2019-04-04,236.6,239.2,230.0,232.15,246338.0,57543056.6
2019-04-05,232.3,235.5,230.85,232.35,134112.0,31198837.25
2019-04-08,233.0,234.8,230.0,233.0,97849.0,22699041.5
2019-04-09,232.2,237.95,231.5,236.05,112447.0,26338648.85
2019-04-10,235.3,237.0,233.6,234.85,76113.0,17918667.1
2019-04-11,233.8,236.0,231.6,232.2,135806.0,31630172.85
2019-04-12,232.75,234.9,231.2,233.65,102375.0,23859806.85
2019-04-15,233.95,236.0,232.65,235.05,121313.0,28442223.05
2019-04-16,235.8,238.0,232.25,233.3,171793.0,40357707.45
2019-04-18,233.75,235.1,229.9,234.4,145976.0,34027970.15
2019-04-22,232.55,234.9,231.0,233.95,116743.0,27217106.65
2019-04-23,233.95,238.5,232.3,235.5,149167.0,34980558.85
2019-04-24,236.4,236.4,232.0,232.5,89982.0,20989469.35
2019-04-25,233.0,234.9,231.0,232.3,171061.0,39791110.4
2019-04-26,234.4,235.0,232.0,232.85,144266.0,33629594.15
2019-04-30,233.0,234.95,230.0,233.55,159516.0,37021566.6
2019-05-02,236.25,236.25,227.8,230.65,147442.0,33957884.1
2019-05-03,229.05,232.55,229.05,231.75,92429.0,21393196.45
2019-05-06,230.4,235.7,230.0,230.6,195763.0,45522015.5
2019-05-07,231.8,232.2,229.95,230.7,173702.0,40152784.9
2019-05-08,229.8,230.05,225.1,225.65,143672.0,32701617.5
2019-05-09,225.65,226.8,225.0,225.55,90832.0,20507659.7
2019-05-10,225.95,226.8,224.6,225.85,105084.0,23720355.55
2019-05-13,226.1,229.55,225.15,228.0,195081.0,44432098.2
2019-05-14,227.95,227.95,224.0,224.8,164752.0,37104056.75
2019-05-15,226.0,227.0,224.0,225.7,200894.0,45252066.0
2019-05-16,225.1,225.95,223.0,223.65,107788.0,24210160.05
2019-05-17,225.0,225.75,223.15,223.95,70608.0,15820166.8
2019-05-20,228.9,228.9,224.0,224.7,222066.0,50133189.75
2019-05-21,225.95,227.0,222.9,223.45,105762.0,23729049.85
2019-05-22,224.5,225.3,221.0,222.5,155587.0,34690412.9
2019-05-23,224.0,225.0,215.0,217.5,209381.0,46276083.05
2019-05-24,218.95,235.5,217.05,230.85,439477.0,100299919.1
2019-05-27,232.0,235.5,229.0,229.85,325276.0,75653317.35
2019-05-28,230.4,232.15,227.6,228.9,149408.0,34351576.95
2019-05-29,228.85,228.85,226.1,226.8,85106.0,19339755.75
2019-05-30,227.0,233.0,226.5,227.8,203884.0,46883758.65
2019-05-31,228.35,230.7,227.1,227.85,127653.0,29223027.0
2019-06-03,228.95,228.95,225.25,225.9,104787.0,23752567.25
2019-06-04,226.8,232.2,226.0,230.0,356282.0,81317116.55
2019-06-06,230.5,232.0,226.1,229.2,349040.0,79856006.95
2019-06-07,228.25,232.7,227.8,229.05,280717.0,64319880.7
2019-06-10,229.1,231.2,225.35,228.3,112049.0,25533334.3
2019-06-11,228.6,230.55,226.1,227.65,88675.0,20277425.85
2019-06-12,227.2,227.8,225.25,226.7,73802.0,16700032.8
2019-06-13,226.8,226.8,222.1,224.95,156115.0,35038353.6
2019-06-14,225.2,225.55,223.0,224.8,112305.0,25204862.9
2019-06-17,226.7,226.7,221.0,223.1,161204.0,35895835.75
2019-06-18,223.0,223.9,218.1,219.8,104512.0,23037315.1
2019-06-19,221.45,221.45,217.1,219.3,87410.0,19132949.75
2019-06-20,220.0,224.0,217.0,220.55,120424.0,26501899.65
2019-06-21,220.5,221.75,217.5,220.35,185776.0,40888573.6
2019-06-24,220.2,221.2,217.8,220.5,151332.0,33288185.45
2019-06-25,220.5,222.0,217.0,219.55,79765.0,17461092.75
2019-06-26,219.45,221.5,217.6,219.55,125116.0,27418736.0
2019-06-27,219.55,221.0,218.25,219.75,84177.0,18515285.65
2019-06-28,219.9,224.0,218.0,220.3,144619.0,32002430.25
2019-07-01,221.0,221.2,218.1,219.0,72838.0,15959727.5
2019-07-02,220.35,220.35,217.1,217.3,129670.0,28300218.0
2019-07-03,217.05,219.5,217.0,218.2,103416.0,22541924.9
2019-07-04,218.85,219.4,217.4,218.2,76410.0,16679537.15
2019-07-05,218.2,220.1,213.0,214.0,203776.0,44044176.2
2019-07-08,213.9,214.25,210.0,213.05,126757.0,26845310.55
2019-07-09,213.0,215.0,209.0,209.65,118672.0,24947893.5
2019-07-10,208.15,211.85,205.85,206.9,115062.0,23965600.45
2019-07-11,207.2,209.05,205.15,207.0,62340.0,12905280.55
2019-07-12,208.6,213.0,207.2,208.25,138285.0,28956247.0
2019-07-15,209.95,212.4,209.0,210.25,119670.0,25206190.45
2019-07-16,210.7,215.0,210.5,211.0,132427.0,28055128.15
2019-07-17,211.05,211.95,205.35,206.95,184318.0,38421618.2
2019-07-18,206.45,207.0,202.7,204.05,347468.0,71220169.05
2019-07-19,203.5,204.7,198.35,199.25,200607.0,40070312.8
2019-07-22,197.05,200.0,194.05,194.8,202144.0,39581011.8
2019-07-23,194.9,195.75,193.15,194.75,74698.0,14548301.25
2019-07-24,194.8,198.5,193.2,196.75,150188.0,29568986.2
2019-07-25,197.85,198.6,195.0,196.0,140566.0,27579673.9
2019-07-26,196.1,197.05,192.65,194.45,220724.0,42948942.6
2019-07-29,193.0,194.95,192.1,194.1,327803.0,63280515.85
2019-07-30,194.4,194.6,190.5,192.3,401406.0,77456807.75
2019-07-31,193.0,193.5,190.15,191.05,437365.0,83546968.35
2019-08-01,191.2,193.1,190.6,192.85,180005.0,34517637.7
2019-08-02,193.0,193.0,190.0,190.95,106518.0,20322614.75
2019-08-05,190.3,190.3,180.8,185.9,118244.0,22001735.85
2019-08-06,184.85,193.1,184.05,190.55,91699.0,17382691.5
2019-08-07,191.0,191.9,189.0,190.05,167908.0,31909812.5
2019-08-08,191.0,193.0,186.25,190.65,134196.0,25332410.7
2019-08-09,190.05,193.0,189.0,190.2,163455.0,31094861.15
2019-08-13,191.55,194.5,187.05,188.25,196942.0,37423403.6
2019-08-14,186.9,191.9,185.1,189.85,128302.0,24031046.15
2019-08-16,188.6,191.15,188.0,190.65,52454.0,9965267.75
2019-08-19,190.0,192.95,187.6,189.55,60661.0,11547230.7
2019-08-20,191.4,192.9,186.3,187.3,140479.0,26385493.0
2019-08-21,188.3,190.7,186.35,188.8,92987.0,17585898.4
2019-08-22,189.8,189.8,187.05,188.65,134565.0,25339631.95
2019-08-23,188.55,190.0,187.0,188.6,99619.0,18754563.55
2019-08-26,192.7,193.95,189.1,191.9,153433.0,29335215.2
2019-08-27,192.7,199.9,191.45,193.55,190890.0,37433391.8
2019-08-28,194.9,196.75,191.55,192.5,102873.0,19949298.1
2019-08-29,192.5,196.3,191.35,193.4,89243.0,17234780.05
2019-08-30,194.0,201.25,193.0,195.35,251007.0,49559436.55
2019-09-03,195.0,198.7,191.2,192.5,109700.0,21383771.05
2019-09-04,192.5,194.85,189.0,191.95,123564.0,23635217.2
2019-09-05,193.8,194.3,190.05,191.55,146648.0,28149063.75
2019-09-06,190.45,195.4,190.0,192.6,110814.0,21429699.6
2019-09-09,192.05,199.95,191.3,198.9,213954.0,41930014.7
2019-09-11,199.5,212.0,198.9,207.5,315440.0,64176016.15
2019-09-12,207.5,209.7,202.1,205.7,205157.0,42065885.9
2019-09-13,206.7,208.8,204.6,207.45,164369.0,33975551.6
2019-09-16,206.5,213.9,205.3,208.05,214756.0,45001284.1
2019-09-17,207.95,209.8,202.45,205.05,187141.0,38324402.2
2019-09-18,205.55,208.5,198.25,199.45,233114.0,47044028.65
2019-09-19,200.55,200.95,194.45,196.5,166127.0,32808886.6
2019-09-20,197.95,206.0,195.05,203.55,404414.0,81342950.05
2019-09-23,208.0,217.0,206.1,215.95,557716.0,118412921.15
2019-09-24,216.0,219.0,208.0,210.25,277774.0,58912180.45
2019-09-25,210.0,212.8,203.05,205.75,225093.0,46404903.05
2019-09-26,205.8,213.75,205.8,210.15,157172.0,32978241.15
2019-09-27,210.7,211.8,205.75,207.35,80174.0,16701623.95
2019-09-30,207.1,208.35,201.95,204.65,147667.0,30135328.35
2019-10-01,205.0,206.5,200.1,202.5,161024.0,32614243.15
2019-10-03,202.5,206.0,200.5,205.1,173166.0,35155314.1
2019-10-04,205.0,208.6,200.1,201.3,213791.0,43401371.15
2019-10-07,204.95,209.0,201.15,207.85,105347.0,21693267.4
2019-10-09,207.85,207.85,205.0,205.55,78227.0,16082153.85
2019-10-10,205.0,206.5,202.1,204.8,103882.0,21227083.75
2019-10-11,205.9,205.9,202.4,203.2,80553.0,16373434.65
2019-10-14,205.3,208.0,203.15,206.55,88869.0,18251761.5
2019-10-15,206.95,210.0,205.2,205.8,211330.0,43614781.45
2019-10-16,208.0,209.55,205.2,206.65,96153.0,19899328.6
2019-10-17,207.95,211.7,203.95,209.3,163640.0,34113581.85
2019-10-18,210.0,213.0,207.95,209.0,192390.0,40395733.0
2019-10-22,208.05,211.9,204.5,205.5,255471.0,52985774.3
2019-10-23,206.95,215.0,205.0,209.35,195712.0,41073725.75
2019-10-24,210.0,210.05,206.0,206.4,82998.0,17213383.9
2019-10-25,205.4,211.4,205.3,208.2,139732.0,28996885.8
2019-10-27,210.0,212.9,210.0,212.3,78009.0,16507639.05
2019-10-29,212.3,213.9,207.0,207.85,256081.0,53889431.15
2019-10-30,208.0,230.5,208.0,224.85,1936302.0,431893197.05
2019-10-31,226.35,240.0,225.05,232.5,1680907.0,392409833.55
2019-11-01,233.65,236.7,228.0,234.3,461052.0,107542989.9
2019-11-04,235.5,242.6,232.5,235.9,487213.0,115648903.8
2019-11-05,237.0,239.0,229.0,230.65,302054.0,70240908.75
2019-11-06,231.8,231.8,221.55,222.7,402445.0,90345156.2
2019-11-07,224.65,239.65,221.75,234.25,1936445.0,454497205.5
2019-11-08,235.0,235.0,226.2,227.75,424373.0,97719829.15
2019-11-11,228.0,232.4,225.1,230.4,280870.0,64361275.1
2019-11-13,230.4,233.0,227.05,229.15,322496.0,74123006.15
2019-11-14,229.15,231.95,221.4,223.05,321331.0,72169787.05
2019-11-15,223.1,228.0,221.0,221.6,199320.0,44526957.15
2019-11-18,222.0,228.9,222.0,226.4,247291.0,55695398.2
2019-11-19,226.6,227.0,221.55,224.6,159405.0,35739671.15
2019-11-20,224.0,234.9,222.5,230.45,538873.0,124338340.5
2019-11-21,230.0,236.1,227.5,233.0,460521.0,107533776.1
2019-11-22,232.05,234.9,229.1,231.7,186921.0,43324566.55
2019-11-25,232.95,233.8,228.1,230.35,222795.0,51343407.0
2019-11-26,230.85,231.7,222.8,224.2,375260.0,84774696.6
2019-11-27,224.85,226.75,222.8,223.3,188458.0,42255661.75
2019-11-28,216.0,229.4,216.0,225.7,1885707.0,419892693.8
2019-11-29,229.0,232.5,226.0,227.45,2087600.0,478724777.0
2019-12-02,226.0,227.35,221.0,225.5,1134865.0,255320814.5
2019-12-03,224.3,229.0,223.25,225.7,1057198.0,240069990.95
2019-12-04,225.0,228.0,221.0,222.3,710859.0,159591806.1
2019-12-05,222.95,227.45,222.5,223.0,485340.0,109043632.05
2019-12-06,223.05,225.55,218.2,219.7,325584.0,72075750.65
2019-12-09,220.15,223.4,217.9,219.0,178295.0,39271219.55
2019-12-10,219.3,223.15,216.55,218.75,475063.0,104274630.55
2019-12-11,218.6,220.7,216.05,217.15,130067.0,28308712.75
2019-12-12,218.15,220.0,216.6,217.55,139982.0,30593091.0
2019-12-13,219.15,220.5,217.0,218.0,165432.0,36154278.45
2019-12-16,219.45,220.05,217.2,218.15,208707.0,45730890.65
2019-12-17,218.5,223.7,217.75,222.15,407538.0,89991945.55
2019-12-18,222.5,228.5,222.5,226.05,942169.0,213075157.55
2019-12-19,226.1,228.05,224.1,224.75,282173.0,63854447.95
2019-12-20,225.9,230.5,224.85,228.1,1311271.0,300455971.65
2019-12-23,228.1,229.0,224.8,225.55,198524.0,45040823.7
2019-12-24,226.5,227.65,222.8,224.6,171888.0,38610620.7
2019-12-26,225.5,226.0,223.3,225.05,143118.0,32175276.7
2019-12-27,225.9,226.15,222.5,223.9,142134.0,31872924.1
2019-12-30,224.75,225.95,222.55,223.55,274895.0,61639714.85
2019-12-31,223.95,226.0,221.45,222.7,462927.0,103908100.05
2020-01-01,223.5,225.0,221.0,221.8,207544.0,46355743.7
2020-01-02,222.7,259.0,222.25,252.5,7326527.0,1795446733.95
2020-01-03,252.5,257.4,242.3,248.2,2124843.0,531256306.85
2020-01-06,247.9,247.9,236.0,240.2,1233709.0,297846851.45
2020-01-07,244.9,246.7,237.55,240.7,606094.0,146888872.7
2020-01-08,235.0,245.95,235.0,241.3,901317.0,216946327.2
2020-01-09,245.0,255.7,244.0,250.95,1737231.0,434444542.65
2020-01-10,252.0,270.7,248.1,264.8,5151016.0,1358160220.45
2020-01-13,266.0,270.95,262.1,265.15,1149483.0,306130549.9
2020-01-14,265.4,279.0,262.5,270.85,2430853.0,661781007.8
2020-01-15,269.0,281.4,267.0,278.05,2300586.0,635596958.05
2020-01-16,279.7,280.9,272.8,274.45,838238.0,231970629.9
2020-01-17,274.5,277.6,270.3,273.05,641204.0,175537023.6
2020-01-20,273.5,282.0,271.5,273.4,762493.0,210487335.4
2020-01-21,271.9,283.6,267.1,281.5,1384127.0,385328579.6
2020-01-22,283.6,285.5,276.1,281.3,1167487.0,328561932.05
2020-01-23,281.2,284.5,275.6,278.45,650246.0,182356553.4
2020-01-24,270.0,276.2,265.1,268.15,1080165.0,292766210.6
2020-01-27,265.5,276.0,259.95,268.35,891912.0,241181729.1
2020-01-28,269.1,274.75,267.0,271.7,1211206.0,328289723.9
2020-01-29,273.0,274.8,269.0,270.55,336662.0,91545626.6
2020-01-30,272.0,272.45,266.4,267.8,334960.0,89898143.6
2020-01-31,269.4,271.0,263.3,265.35,269961.0,71947415.8
2020-02-01,264.0,272.9,253.9,256.3,723603.0,191673172.9
2020-02-03,256.3,260.7,252.05,254.45,320608.0,82011992.45
2020-02-04,256.1,265.05,256.1,262.5,422022.0,110643576.35
2020-02-05,263.5,280.0,263.5,277.25,849886.0,232450717.6
2020-02-06,276.8,294.0,276.0,284.0,3187108.0,916720324.05
2020-02-07,285.65,297.7,280.35,289.45,3199002.0,933882149.85
2020-02-10,289.7,292.0,281.0,284.25,709536.0,203564313.1
2020-02-11,285.9,295.0,283.5,292.35,942685.0,273482263.5
2020-02-12,293.4,299.95,288.5,292.65,2172008.0,641571428.0
2020-02-13,292.65,293.4,283.1,284.9,654506.0,188300759.9
2020-02-14,286.0,287.75,275.6,277.5,511153.0,143820227.5
2020-02-17,277.0,279.45,272.0,275.4,407268.0,111984652.1
2020-02-18,273.3,276.5,266.0,274.65,609375.0,165615752.55
2020-02-19,276.35,287.0,276.3,283.25,779609.0,220393684.45
2020-02-20,284.0,295.0,284.0,287.95,1643601.0,477643733.85
2020-02-24,288.6,301.8,286.5,289.3,2839265.0,838338620.1
2020-02-25,291.95,294.0,282.0,285.25,795691.0,229041587.9
2020-02-26,282.5,290.0,280.35,283.95,852357.0,242475525.7
2020-02-27,283.7,288.9,279.0,285.7,629304.0,178239051.65
2020-02-28,278.0,278.05,263.5,265.0,892784.0,242401435.25
2020-03-02,268.9,274.0,249.0,252.95,1026369.0,270529665.2
2020-03-03,257.0,263.0,249.0,253.0,738781.0,189287565.75
2020-03-04,254.65,257.95,245.3,253.45,775310.0,194909510.05
2020-03-05,255.0,261.65,250.0,256.3,521197.0,133341093.75
2020-03-06,241.95,253.75,240.6,250.0,389870.0,96998889.85
2020-03-09,244.45,245.8,235.0,239.05,672547.0,161774015.2
2020-03-11,240.4,245.0,235.0,238.95,442824.0,106327416.8
2020-03-12,229.0,229.65,215.0,222.8,1099640.0,246969969.85
2020-03-13,206.05,232.9,190.0,224.7,713259.0,156782234.25
2020-03-16,217.25,222.8,214.7,216.05,383935.0,83472862.25
2020-03-17,214.2,226.5,209.0,212.5,521736.0,112865327.35
2020-03-18,213.85,216.4,201.6,207.4,526116.0,109599595.5
2020-03-19,200.2,225.5,195.25,207.2,1255456.0,266617873.6
2020-03-20,210.0,216.6,207.25,210.9,461694.0,98001355.65
2020-03-23,195.0,198.35,179.8,185.7,396988.0,75229281.8
2020-03-24,192.0,198.05,182.0,190.6,289453.0,54862439.85
2020-03-25,185.0,198.65,185.0,192.2,300411.0,58153770.25
2020-03-26,195.0,213.8,186.5,205.85,1547029.0,321724349.5
2020-03-27,211.35,220.0,201.95,207.2,659221.0,138888321.6
2020-03-30,202.45,209.9,201.0,207.65,240525.0,49763185.0
2020-03-31,214.0,219.7,208.2,214.4,466693.0,100414903.5
2020-04-01,213.95,222.95,210.15,216.7,826074.0,179790441.35
2020-04-03,216.5,216.7,207.85,209.9,193568.0,40899591.8
2020-04-07,217.0,219.8,212.6,214.1,407433.0,87961291.0
2020-04-08,218.7,231.95,214.2,217.1,1389328.0,312792585.8
2020-04-09,222.1,225.0,218.0,220.85,360336.0,79742530.75
2020-04-13,222.6,226.0,214.15,220.7,330668.0,72418202.9
2020-04-15,222.05,227.1,216.2,217.8,436359.0,96791277.85
2020-04-16,218.7,229.3,217.1,226.5,425885.0,95305364.25
2020-04-17,234.0,235.8,225.5,230.85,458276.0,105530585.3
2020-04-20,233.1,234.7,227.4,228.3,339803.0,78421386.05
2020-04-21,224.05,224.05,215.0,215.9,285000.0,62278294.05
2020-04-22,215.0,220.7,214.5,219.05,201126.0,43830812.5
2020-04-23,220.1,225.55,218.05,219.0,215913.0,47863962.2
2020-04-24,217.8,220.3,215.1,217.7,210444.0,45801191.05
2020-04-27,220.0,225.6,218.15,222.2,294212.0,65395751.15
2020-04-28,223.95,224.0,218.65,221.6,249941.0,55193356.05
2020-04-29,222.35,234.9,222.0,231.4,1504235.0,347548876.1
2020-04-30,233.65,238.0,224.5,225.3,751330.0,174261246.65
2020-05-04,218.9,221.1,215.8,216.45,343784.0,74835671.1
2020-05-05,218.95,220.55,213.3,214.0,224964.0,48658837.0
2020-05-06,215.6,219.0,211.2,217.65,221381.0,47769322.35
2020-05-07,218.0,219.4,215.2,216.0,137372.0,29890220.35
2020-05-08,218.05,227.1,216.7,217.65,734413.0,163146134.35
2020-05-11,218.95,221.4,216.0,216.9,142108.0,31076342.0
2020-05-12,216.0,218.2,214.1,217.1,123341.0,26654563.55
2020-05-13,223.0,231.0,217.5,227.6,1295242.0,293342068.75
2020-05-14,223.35,227.9,221.55,222.35,278952.0,62662058.8
2020-05-15,223.45,227.6,222.1,223.1,336951.0,75758454.75
2020-05-18,222.05,226.15,217.1,218.4,372693.0,82411464.0
2020-05-19,217.2,226.5,217.2,224.9,816344.0,182179855.5
2020-05-20,225.4,244.5,225.4,242.55,2867321.0,676383403.9
2020-05-21,241.4,248.3,238.0,239.55,836852.0,203885798.3
2020-05-22,238.15,241.7,233.0,235.35,359102.0,84995300.35
2020-05-26,236.4,245.35,236.05,240.25,490650.0,118331852.7
2020-05-27,241.5,250.0,240.15,246.65,1158180.0,285759677.4
2020-05-28,247.7,248.45,243.5,244.25,230364.0,56565267.8
2020-05-29,243.0,252.7,242.25,247.1,394653.0,97987921.45
2020-06-01,250.5,257.5,248.65,250.5,585874.0,148248429.85
2020-06-02,250.8,257.0,248.45,256.1,396312.0,100421110.4
2020-06-03,258.0,276.0,257.0,264.3,1231208.0,327714976.0
2020-06-04,268.0,268.9,261.25,264.35,291189.0,77076825.7
2020-06-05,265.95,268.0,261.0,262.0,228120.0,59982619.15
2020-06-08,263.95,268.25,260.05,264.7,550993.0,145447765.5
2020-06-09,266.4,267.95,260.0,262.15,279557.0,73748266.0
2020-06-10,262.55,263.35,252.0,259.7,238522.0,61857366.75
2020-06-11,256.1,262.0,255.0,256.05,190527.0,49295395.85
2020-06-12,247.55,259.7,247.55,258.65,220868.0,56457138.45
2020-06-15,259.6,262.35,256.2,260.2,212416.0,55225017.15
2020-06-16,262.25,278.0,257.6,275.0,1773860.0,479333826.0
2020-06-17,274.0,281.0,266.15,268.2,649654.0,177592580.45
2020-06-18,267.55,273.0,265.5,267.0,269626.0,72335750.8
2020-06-19,268.4,274.5,264.2,266.65,346576.0,93514547.4
2020-06-22,268.65,271.45,266.0,267.2,245703.0,65935327.55
2020-06-23,274.2,289.0,272.15,285.5,1868495.0,523685719.9
2020-06-24,289.45,290.55,271.25,274.45,910338.0,255437976.75
2020-06-25,270.15,286.2,270.1,280.4,853013.0,238952587.95
2020-06-26,283.05,284.5,274.0,274.65,317901.0,88480743.45
2020-06-29,273.95,278.5,271.0,274.9,269694.0,74037827.05
2020-06-30,275.7,278.45,268.15,270.7,174672.0,47636435.8
2020-07-01,271.4,280.95,270.35,276.25,498622.0,137612661.75
2020-07-02,277.75,279.5,273.6,274.85,337048.0,93114933.55
2020-07-03,276.3,286.75,274.4,283.65,846673.0,238823600.2
2020-07-06,285.0,288.75,281.25,285.5,649211.0,185287953.25
2020-07-07,285.95,304.85,283.45,298.9,2204197.0,656903806.35
2020-07-08,302.5,311.0,280.0,297.8,2106290.0,639305828.65
2020-07-09,298.8,305.0,295.0,297.9,617415.0,185292336.25
2020-07-10,296.8,299.45,288.55,291.1,355893.0,104060630.85
2020-07-13,292.4,298.4,285.5,287.3,430379.0,125811561.5
2020-07-14,288.0,300.9,283.0,297.4,1020987.0,299362212.7
2020-07-15,301.0,303.4,292.05,293.9,771899.0,230459401.8
2020-07-16,293.2,296.6,286.45,289.25,384560.0,111739519.6
2020-07-17,289.5,303.0,289.25,298.75,680433.0,202493045.85
2020-07-20,301.25,318.3,300.0,314.75,2969107.0,925102271.5
2020-07-21,319.8,324.85,314.1,317.85,1611634.0,515750516.4
2020-07-22,318.35,318.9,306.05,312.05,629455.0,196457133.25
2020-07-23,315.0,328.0,314.0,326.4,2059587.0,667895714.85
2020-07-24,322.0,328.0,315.0,323.1,1011154.0,325648156.95
2020-07-27,332.8,361.8,327.15,350.55,6316305.0,2189372225.4
2020-07-28,352.85,368.0,343.2,359.7,3023130.0,1082775721.05
2020-07-29,357.8,361.7,346.65,351.25,1703989.0,602273267.25
2020-07-30,351.5,353.35,342.05,347.85,650995.0,226225526.05
2020-07-31,344.5,358.0,341.0,349.1,1204938.0,422019474.4
2020-08-03,349.9,354.05,337.0,338.5,596689.0,206116736.95
2020-08-04,339.7,351.95,339.3,350.4,719227.0,249692216.6
2020-08-05,350.55,365.4,350.55,354.25,2109172.0,756411873.95
2020-08-06,353.0,359.75,350.0,351.3,553018.0,196156640.05
2020-08-07,352.2,361.9,347.25,357.55,1000230.0,356038288.65
2020-08-10,362.0,371.5,355.5,362.7,1978143.0,723537894.05
2020-08-11,365.4,372.5,353.3,356.0,1791825.0,656661798.65
2020-08-12,353.9,365.0,351.2,359.4,717346.0,257687859.3
2020-08-13,360.25,366.0,359.95,361.95,795116.0,288770458.75
2020-08-14,363.4,368.8,358.05,364.65,1029031.0,375305462.9
2020-08-17,365.25,372.95,360.95,368.25,1285980.0,473851335.0
2020-08-18,370.7,372.0,363.05,364.4,512055.0,188417365.35
2020-08-19,366.5,382.0,365.0,377.55,1918667.0,720283146.15
2020-08-20,374.5,381.6,370.35,371.8,694877.0,260491836.75
2020-08-21,374.0,381.5,372.5,378.1,933321.0,352455697.75
2020-08-24,379.5,385.75,363.65,380.3,1827669.0,692933381.3
2020-08-25,380.95,386.0,375.55,381.6,1019369.0,389173465.9
2020-08-26,381.6,406.0,379.0,399.8,3007967.0,1183066969.9
2020-08-27,409.0,434.4,404.0,419.25,4653442.0,1962845135.4
2020-08-28,422.4,436.0,414.0,425.6,1901543.0,806971523.8
2020-08-31,427.0,429.3,396.1,406.65,1776289.0,731844154.1
2020-09-01,400.0,415.5,397.1,408.9,668991.0,271795007.95
2020-09-02,410.35,490.65,406.1,483.3,13126221.0,6103316584.75
2020-09-03,477.0,513.9,455.0,461.9,10416001.0,5093490701.95
2020-09-04,450.0,483.4,446.0,464.9,6029939.0,2843784104.65
2020-09-07,467.5,480.0,460.0,463.6,2243087.0,1048674269.65
2020-09-08,465.0,468.25,436.05,441.95,1702933.0,768191634.4
2020-09-09,433.1,456.0,433.1,449.9,3075093.0,1374562763.3
2020-09-10,455.3,464.75,445.1,451.75,1764815.0,803658617.5
2020-09-11,453.7,455.5,442.0,445.85,1096033.0,490857726.9
2020-09-14,451.0,474.95,451.0,472.3,2748520.0,1279773392.0
2020-09-15,475.6,489.9,470.4,485.9,2325483.0,1116756412.6
2020-09-16,488.7,494.4,478.95,487.5,1664521.0,810282786.45
2020-09-17,485.0,487.5,470.05,476.7,943709.0,450445678.85
2020-09-18,480.0,480.0,463.0,469.15,835818.0,393643624.7
2020-09-21,470.0,473.0,438.1,441.05,1076935.0,486513986.8
2020-09-22,444.0,449.85,420.3,438.05,1609801.0,701375482.1
2020-09-23,442.0,485.0,439.5,479.6,3628776.0,1688188332.05
2020-09-24,474.95,488.3,455.5,459.5,2538004.0,1198649034.45
2020-09-25,467.0,479.8,462.0,474.1,1436468.0,676848316.9
2020-09-28,478.5,506.0,473.1,493.5,3502258.0,1730713827.65
2020-09-29,495.6,504.75,477.05,485.95,2129524.0,1052054303.45
2020-09-30,489.15,492.5,478.0,482.55,1068673.0,517436979.25
2020-10-01,487.0,493.6,481.55,484.95,1015546.0,495404824.7
2020-10-05,486.1,489.65,478.3,482.55,658968.0,318529470.4
2020-10-06,486.0,488.55,476.4,479.1,969856.0,467172345.45
2020-10-07,480.3,480.3,468.15,474.6,564439.0,267648427.95
2020-10-08,472.6,477.0,461.25,464.85,684797.0,321660548.05
2020-10-09,464.85,469.95,463.05,464.7,485274.0,225908504.55
2020-10-12,465.7,488.4,456.55,482.45,1083764.0,515502826.65
2020-10-13,487.3,488.0,473.5,478.15,1362716.0,657460152.7
2020-10-14,473.95,476.2,466.5,468.7,458542.0,215616065.1
2020-10-15,467.05,479.45,453.25,455.65,791622.0,367274918.25
2020-10-16,458.9,461.9,448.1,453.45,795641.0,360352849.45
2020-10-19,455.0,457.9,445.0,445.55,837292.0,377080351.8
2020-10-20,445.0,457.8,442.1,452.1,687788.0,310960731.95
2020-10-21,456.1,477.8,453.9,466.35,2214912.0,1038307021.95
2020-10-22,465.9,472.35,459.0,460.85,741671.0,345577228.9
2020-10-23,464.95,466.55,458.25,460.35,534293.0,246480896.7
2020-10-26,465.0,470.8,455.05,461.45,1238624.0,571013481.55
2020-10-27,463.0,477.4,456.45,471.25,1526263.0,715863708.6
2020-10-28,473.8,475.3,460.35,463.0,630947.0,295208741.15
2020-10-29,461.0,467.0,456.1,464.4,544508.0,251773898.9
2020-10-30,465.0,487.95,465.0,483.15,2418221.0,1154089226.5
2020-11-02,486.0,486.95,464.0,466.75,737886.0,349860819.85
2020-11-03,469.95,472.0,462.0,463.1,391781.0,182660536.25
2020-11-04,462.5,471.5,458.7,461.15,503600.0,233468317.5
2020-11-05,464.1,470.65,462.8,467.4,466388.0,217825256.3
2020-11-06,468.9,471.3,461.0,464.35,544197.0,253250894.1
2020-11-09,467.3,479.8,464.0,475.4,1289950.0,612290659.45
2020-11-10,478.0,480.0,466.0,468.0,752106.0,355865408.65
2020-11-11,469.8,478.7,468.8,474.0,764848.0,362970365.15
2020-11-12,474.5,481.95,471.1,479.35,858606.0,409805114.85
2020-11-13,479.75,502.4,474.95,495.9,3705613.0,1827307808.5
2020-11-14,499.75,503.8,492.55,498.7,556134.0,277554501.85
2020-11-17,500.8,514.85,487.0,506.2,2255985.0,1138053215.65
2020-11-18,506.9,511.7,496.0,500.2,878212.0,441973820.35
2020-11-19,494.75,505.0,478.0,480.5,1307004.0,642342808.15
2020-11-20,483.65,492.0,480.55,488.55,915360.0,444587604.55
2020-11-23,491.0,502.7,488.1,490.4,972142.0,481487104.7
2020-11-24,491.0,493.7,486.1,487.6,468200.0,229534731.45
2020-11-25,490.05,491.9,470.0,474.4,1117192.0,533584016.3
2020-11-26,477.6,478.45,467.15,471.4,762219.0,359517149.95
2020-11-27,474.0,494.0,471.0,489.7,2516549.0,1216174789.75
2020-12-01,493.5,499.95,487.2,494.3,878829.0,434418490.35
2020-12-02,494.3,505.2,491.25,499.4,1142272.0,571331629.05
2020-12-03,499.0,528.95,498.4,526.05,3913060.0,2026328360.0
2020-12-04,530.5,566.4,529.6,547.05,5331458.0,2918177490.95
2020-12-07,544.95,546.0,525.05,527.65,1389573.0,742544937.1
2020-12-08,530.5,543.9,520.5,523.45,1430143.0,758708378.6
2020-12-09,526.1,536.0,522.0,525.65,1367198.0,721725929.2
2020-12-10,524.0,536.6,516.8,525.7,1697426.0,895179525.45
2020-12-11,528.0,535.0,518.3,523.0,1006959.0,530939506.4
2020-12-14,526.7,528.6,516.05,517.75,705502.0,366650508.35
2020-12-15,519.7,520.9,511.15,514.3,728363.0,375238427.85
2020-12-16,518.4,522.0,512.75,516.95,800742.0,413957294.35
2020-12-17,519.0,534.3,516.0,525.3,1923123.0,1017346562.7
2020-12-18,526.7,529.75,514.0,518.8,758373.0,393661214.3
2020-12-21,518.0,527.5,475.0,497.7,1479176.0,746558411.7
2020-12-22,500.55,509.85,477.0,500.25,1217404.0,599784868.6
2020-12-23,503.9,518.0,501.0,514.65,834862.0,427650961.35
2020-12-24,519.5,522.85,513.15,517.85,556662.0,288402639.85
2020-12-28,522.0,528.85,521.0,525.0,639570.0,335386588.7
2020-12-29,529.0,530.0,517.05,520.75,436039.0,227992688.15
2020-12-30,521.9,527.5,515.45,524.8,545847.0,285450865.7
2020-12-31,523.0,538.5,521.2,533.1,1468958.0,783272790.05
2021-01-01,538.0,538.0,530.0,531.6,419379.0,223612053.2
2021-01-04,534.2,536.45,525.0,526.25,632141.0,335242215.65
2021-01-05,524.25,536.85,523.05,527.65,818749.0,433691320.45
2021-01-06,529.9,533.0,518.05,522.25,564689.0,297293364.6
2021-01-07,529.0,551.0,525.0,540.2,3199768.0,1737058446.7
2021-01-08,545.0,547.25,535.0,538.55,720459.0,389769812.1
2021-01-11,539.8,544.0,527.0,530.25,971659.0,518797809.4
2021-01-12,532.4,537.05,527.45,532.45,531840.0,283866130.45
2021-01-13,533.8,544.0,524.4,529.55,914480.0,488614006.35
2021-01-14,530.7,532.1,524.0,527.65,614942.0,324034607.5
2021-01-15,527.75,531.0,514.6,516.1,532434.0,277258661.45
2021-01-18,515.0,515.0,500.0,505.65,804766.0,407198951.6
2021-01-19,508.2,524.75,508.0,522.85,709630.0,367776023.2
2021-01-20,524.75,524.75,516.65,519.35,288044.0,149859868.6
2021-01-21,522.5,526.6,511.3,515.85,603669.0,313763580.2
2021-01-22,511.0,513.0,503.0,505.4,525402.0,266812256.15
2021-01-25,509.1,512.6,485.2,487.9,1067918.0,529209500.9
2021-01-27,488.8,493.0,476.35,489.7,1164092.0,565225127.25
2021-01-28,485.0,489.3,481.0,484.65,499404.0,241944215.75
2021-01-29,488.25,494.25,480.0,482.7,383457.0,186608820.85
2021-02-01,484.0,502.75,483.15,488.65,1192880.0,587214573.85
2021-02-02,508.9,508.9,496.0,504.9,633238.0,318108824.45
2021-02-03,506.0,524.0,500.5,519.25,980878.0,504575467.85
2021-02-04,529.95,536.0,524.05,526.85,1576873.0,836810904.85
2021-02-05,526.85,530.25,508.0,509.9,810572.0,418203587.9
2021-02-08,515.0,524.8,512.0,519.5,769025.0,399226563.05
2021-02-09,523.5,523.5,511.0,512.45,765241.0,392880859.5
2021-02-10,514.7,524.3,510.05,521.5,553129.0,286347559.25
2021-02-11,521.5,523.25,515.25,518.45,308429.0,160367512.55
2021-02-12,520.35,540.0,517.1,538.05,2312054.0,1236156204.2
2021-02-15,553.0,584.0,545.0,567.95,5673113.0,3234418034.95
2021-02-16,571.0,578.7,553.2,555.25,1440580.0,813782420.0
2021-02-17,553.9,566.0,553.1,561.35,709707.0,397445193.8
2021-02-18,564.0,564.0,550.55,554.35,524783.0,291490673.6
2021-02-19,554.8,592.9,551.1,571.1,2545803.0,1467033228.0
2021-02-22,575.0,608.0,574.95,590.95,3654440.0,2167413706.6
2021-02-23,606.7,619.0,597.0,605.25,2879227.0,1750864109.45
2021-02-24,605.1,624.45,604.65,619.2,1110959.0,682293174.3
2021-02-25,625.0,632.5,616.2,619.45,1201528.0,748102347.6
2021-02-26,602.55,638.0,602.55,624.1,1734602.0,1081824897.3
2021-03-01,632.0,639.3,621.25,627.6,988372.0,622507131.35
2021-03-02,632.0,632.0,610.0,613.85,839092.0,518869340.5
2021-03-03,615.0,631.4,613.25,618.5,840586.0,523284483.8
2021-03-04,615.0,625.0,611.5,618.95,464705.0,288358687.15
2021-03-05,620.0,620.8,597.2,599.9,914993.0,554351972.05
2021-03-08,602.9,608.95,596.65,599.25,509691.0,306638701.4
2021-03-09,601.35,604.9,583.15,589.25,556315.0,329440189.25
2021-03-10,594.0,598.0,585.25,589.85,377183.0,222540600.6
2021-03-12,595.4,598.7,585.3,586.75,461963.0,272904810.4
2021-03-15,590.6,612.4,565.5,607.55,1141112.0,677754844.55
2021-03-16,608.0,647.0,603.0,633.4,2558617.0,1608816310.65
2021-03-17,630.0,644.8,612.0,615.6,1287768.0,808021896.0
2021-03-18,620.0,631.35,593.2,603.2,1124201.0,686699939.45
2021-03-19,597.0,614.4,579.0,609.5,1991910.0,1205728205.55
2021-03-22,615.0,616.75,604.4,609.5,543384.0,331122965.3
2021-03-23,610.8,643.0,609.0,637.7,1690828.0,1064185722.55
2021-03-24,631.8,653.8,626.25,634.2,1351859.0,865208760.25
2021-03-25,631.5,637.7,614.95,627.5,798637.0,498633761.2
2021-03-26,631.2,656.75,631.2,644.8,1106271.0,714295321.55
2021-03-30,645.0,662.0,645.0,653.4,640186.0,418333589.1
2021-03-31,653.45,674.0,621.35,656.05,1044488.0,692540790.95
2021-04-01,661.05,671.7,652.1,655.65,712734.0,472011592.8
2021-04-05,659.0,659.5,639.0,652.5,751642.0,488331124.75
2021-04-06,658.0,732.85,650.55,720.05,6581017.0,4652789059.7
2021-04-07,721.0,764.0,713.5,744.0,3415202.0,2564435839.05
2021-04-08,745.95,769.95,745.0,756.8,1430343.0,1082791043.7
2021-04-09,760.0,760.25,748.05,750.85,442664.0,332866598.25
2021-04-12,739.95,739.95,691.25,706.15,986310.0,704268904.35
2021-04-13,712.0,736.85,706.0,710.2,667034.0,479948014.9
2021-04-15,709.0,724.0,699.0,719.05,558408.0,397764513.75
2021-04-16,721.45,735.75,713.3,725.2,461112.0,335104181.75
2021-04-19,715.2,734.0,696.0,712.6,585556.0,418842008.9
2021-04-20,722.8,727.95,711.1,718.7,320280.0,230902686.65
2021-04-22,717.0,735.5,712.25,721.1,507527.0,368318847.65
2021-04-23,719.5,732.0,717.55,720.65,340819.0,247005420.6
2021-04-26,725.0,734.9,725.0,731.35,299287.0,218316351.35
2021-04-27,741.0,792.0,740.05,780.75,1520954.0,1173910809.7
2021-04-28,784.9,825.0,782.0,813.65,1517094.0,1228315345.0
2021-04-29,820.5,825.85,785.6,803.45,709933.0,569619250.45
2021-04-30,803.0,827.0,802.0,806.8,725914.0,592191480.55
2021-05-03,806.95,819.9,789.0,795.85,749365.0,600717429.45
2021-05-04,802.0,818.0,770.05,777.0,827915.0,655484171.2
2021-05-05,782.15,797.7,778.0,792.0,323580.0,255050568.2
2021-05-06,793.0,801.0,777.75,789.55,578463.0,458050156.5
2021-05-07,794.0,832.0,794.0,798.7,1568322.0,1276297542.3
2021-05-10,808.0,819.8,801.05,804.55,501904.0,406255437.5
2021-05-11,800.0,808.55,792.0,798.0,371293.0,297589024.1
2021-05-12,800.0,817.4,795.0,803.0,555966.0,448233884.05
2021-05-14,808.95,834.0,799.3,829.85,2176677.0,1785370577.3
2021-05-17,840.0,874.8,840.0,862.25,1779604.0,1531317972.5
2021-05-18,871.0,894.95,865.1,870.0,813586.0,713252984.95
2021-05-19,870.0,898.0,870.0,879.45,874735.0,772820911.7
2021-05-20,884.4,890.75,862.0,869.5,400089.0,349282721.0
2021-05-21,874.95,879.15,868.0,871.1,296671.0,258924016.65
2021-05-24,877.2,905.0,870.0,886.1,896596.0,795796681.35
2021-05-25,894.25,896.7,883.0,886.85,284730.0,252754651.85
2021-05-26,890.75,899.55,884.0,887.6,504122.0,449783958.35
2021-05-27,889.9,899.0,883.2,892.6,394531.0,351775789.3
2021-05-28,898.95,986.9,895.05,971.65,3098824.0,2938343597.0
2021-05-31,995.0,1008.7,978.95,989.65,1502962.0,1490891322.7
2021-06-01,989.9,994.8,945.0,965.35,967778.0,932888691.95
2021-06-02,965.0,982.5,958.1,971.35,542388.0,527060929.15
2021-06-03,975.9,976.8,960.0,967.0,427850.0,413410492.0
2021-06-04,971.5,990.25,961.3,973.55,705654.0,688625672.45
2021-06-07,973.6,998.35,973.6,986.0,501354.0,494896379.1
2021-06-08,991.0,992.45,970.25,981.4,354800.0,348267492.0
2021-06-09,984.0,990.15,962.0,970.8,508328.0,497898781.7
2021-06-10,975.0,984.0,963.05,974.65,384473.0,374464709.0
2021-06-11,976.9,985.65,964.85,975.7,346796.0,338326704.25
2021-06-14,979.5,995.7,955.0,985.95,451943.0,441305585.65
2021-06-15,1001.0,1029.95,1000.1,1007.55,1338978.0,1357774476.25
2021-06-16,1007.55,1020.0,1002.0,1009.65,400687.0,404902062.7
2021-06-17,1005.0,1007.0,987.3,990.5,463080.0,461049127.35
2021-06-18,997.45,999.0,950.05,984.9,784655.0,762350153.5
2021-06-21,971.0,998.5,962.3,993.75,366552.0,360515849.35
2021-06-22,1005.0,1005.0,916.15,967.45,4072619.0,3850588586.35
2021-06-23,979.7,983.65,968.0,972.95,393617.0,383372310.35
2021-06-24,978.9,978.95,959.0,964.5,230857.0,222936972.45
2021-06-25,964.9,976.0,964.0,971.9,217596.0,211437749.65
2021-06-28,980.0,997.5,971.5,992.3,406648.0,400904556.7
2021-06-29,998.0,998.0,981.7,985.05,313177.0,310053524.85
2021-06-30,990.95,990.95,974.0,978.55,241651.0,236745890.1
2021-07-01,983.35,995.0,975.0,981.9,294473.0,290168385.65
2021-07-02,987.7,1058.9,980.5,1034.75,2064331.0,2123567353.95
2021-07-05,1042.0,1064.0,1034.5,1039.55,1009324.0,1058541259.75
2021-07-06,1042.0,1049.0,1012.0,1023.4,395431.0,408831492.9
2021-07-07,1028.95,1028.95,1011.0,1022.55,281981.0,287236346.45
2021-07-08,1020.0,1045.0,1010.1,1025.2,416680.0,429089648.95
2021-07-09,1042.0,1064.0,1040.95,1052.55,1038128.0,1093787536.85
2021-07-12,1061.0,1093.0,1053.45,1083.35,1036569.0,1118578828.2
2021-07-13,1094.0,1279.8,1090.1,1254.45,5923528.0,7150445202.0
2021-07-14,1244.7,1329.4,1217.1,1304.35,4310708.0,5542682916.5
2021-07-15,1309.0,1424.0,1305.0,1399.5,4044031.0,5576040325.6
2021-07-16,1410.0,1496.9,1410.0,1449.3,3562412.0,5197792634.4
2021-07-19,1437.95,1579.0,1345.05,1537.45,4762878.0,7219086605.05
2021-07-20,1530.5,1577.45,1480.0,1501.7,2602861.0,3957359006.65
2021-07-22,1464.95,1464.95,1426.65,1426.65,237102.0,338753950.1
2021-07-23,1355.35,1398.1,1355.35,1355.35,243278.0,329915317.6
2021-07-26,1287.6,1423.1,1287.6,1399.8,927878.0,1241336256.9
2021-07-27,1390.0,1423.1,1330.3,1354.55,558600.0,769236266.2
2021-07-28,1357.0,1379.9,1300.0,1329.35,296441.0,393976150.1
2021-07-29,1330.0,1349.7,1293.0,1312.25,275963.0,362042180.3
2021-07-30,1315.0,1369.0,1290.0,1331.45,296312.0,396894866.8
2021-08-02,1369.0,1398.0,1355.0,1398.0,409462.0,568501710.8
2021-08-03,1428.8,1434.0,1370.0,1377.3,257299.0,358521701.3
2021-08-04,1402.0,1405.0,1326.0,1333.35,274636.0,373105132.15
2021-08-05,1308.6,1389.0,1271.0,1347.3,337291.0,443863825.4
2021-08-06,1312.5,1355.0,1312.5,1336.7,152148.0,204029867.25
2021-08-09,1360.0,1362.35,1300.0,1315.75,194343.0,256007435.15
2021-08-10,1315.8,1320.0,1250.0,1280.4,425695.0,545757965.75
2021-08-11,1263.05,1277.0,1216.4,1260.6,535032.0,659159300.0
2021-08-12,1260.0,1278.8,1235.0,1241.25,315098.0,394666749.0
2021-08-13,1276.0,1276.9,1233.85,1246.7,218920.0,273100399.55
2021-08-16,1250.0,1250.0,1220.4,1230.9,189283.0,233325076.55
2021-08-17,1230.0,1234.0,1200.0,1204.45,324118.0,391941608.55
2021-08-18,1211.9,1230.0,1203.5,1210.6,272770.0,331846694.55
2021-08-20,1210.55,1260.0,1204.0,1209.45,358812.0,440392464.6
2021-08-23,1221.0,1240.0,1149.0,1149.65,538148.0,631730457.7
2021-08-24,1145.0,1200.0,1102.0,1193.7,474502.0,544007183.55
2021-08-25,1191.0,1191.0,1141.0,1155.35,286862.0,332924332.05
2021-08-26,1160.0,1170.0,1141.0,1162.6,200825.0,231492486.7
2021-08-27,1162.6,1182.0,1150.0,1168.15,169506.0,198163247.1
2021-08-30,1167.0,1226.55,1150.0,1222.8,714658.0,860860067.0
2021-08-31,1224.0,1225.0,1180.0,1188.15,452552.0,541779016.25
2021-09-01,1207.0,1207.0,1175.05,1183.5,309496.0,369357039.1
2021-09-02,1195.0,1200.0,1176.0,1180.6,340094.0,402811196.9
2021-09-03,1193.0,1215.0,1180.0,1200.9,324348.0,388367978.3
2021-09-06,1210.0,1218.0,1199.0,1210.0,303347.0,366572930.6
2021-09-07,1219.0,1219.0,1190.5,1198.65,234707.0,281263090.1
2021-09-08,1218.0,1258.55,1199.5,1258.55,704192.0,877624849.5
2021-09-09,1280.0,1321.45,1275.0,1321.45,592809.0,780574001.45
2021-09-13,1350.0,1378.05,1335.0,1378.05,392000.0,538381621.0
2021-09-14,1439.0,1439.0,1321.0,1349.45,925803.0,1274728941.3
2021-09-15,1348.0,1380.85,1323.0,1364.65,306074.0,413727722.5
2021-09-16,1374.0,1397.0,1350.5,1383.1,271643.0,373017416.55
2021-09-17,1384.0,1388.0,1335.0,1348.85,525807.0,716346632.6
2021-09-20,1335.0,1345.0,1290.0,1292.8,365219.0,479973925.6
2021-09-21,1290.0,1305.0,1250.0,1283.55,352881.0,448184297.9
2021-09-22,1300.0,1315.8,1266.0,1271.0,258615.0,331722584.7
2021-09-23,1289.9,1294.85,1268.0,1273.6,276533.0,352372164.1
2021-09-24,1285.0,1300.0,1256.0,1267.85,229906.0,292203601.45
2021-09-27,1293.0,1331.2,1272.1,1331.2,431073.0,571050876.9
2021-09-28,1338.0,1350.0,1290.0,1306.3,366443.0,479696158.35
2021-09-29,1290.0,1319.45,1276.0,1295.15,205391.0,266350128.05
2021-09-30,1300.0,1315.0,1279.0,1290.0,245856.0,317648136.3
2021-10-01,1290.0,1295.0,1273.0,1289.8,135647.0,174424260.4
2021-10-04,1310.0,1313.0,1291.0,1296.4,182566.0,237560037.2
2021-10-05,1299.0,1320.0,1296.0,1299.55,217225.0,283325139.25
2021-10-06,1313.0,1313.0,1281.0,1287.55,203311.0,263943965.7
2021-10-07,1305.0,1310.0,1289.45,1291.5,152959.0,198231695.65
2021-10-08,1296.0,1356.05,1292.0,1352.85,726198.0,973709605.0
2021-10-11,1363.0,1398.95,1313.0,1385.65,706091.0,972807629.15
2021-10-12,1394.0,1420.0,1385.0,1407.9,421468.0,591365712.9
2021-10-13,1419.0,1435.0,1409.0,1417.2,399679.0,569324460.75
2021-10-14,1430.0,1431.9,1380.0,1398.6,292796.0,412003582.55
2021-10-18,1402.0,1421.9,1385.0,1388.4,247139.0,345673784.65
2021-10-19,1399.0,1400.0,1340.0,1355.0,354131.0,485812859.1
2021-10-20,1359.0,1390.0,1295.0,1374.75,314385.0,426024507.3
2021-10-21,1385.0,1393.0,1338.0,1357.0,183408.0,248399663.1
2021-10-22,1371.0,1375.0,1338.0,1344.2,149256.0,201780961.75
2021-10-25,1375.0,1390.0,1280.0,1328.8,302931.0,403516321.45
2021-10-26,1359.0,1395.2,1334.25,1395.2,421615.0,578524947.35
2021-10-27,1410.0,1419.0,1375.0,1380.35,381104.0,530162420.85
2021-10-28,1386.0,1386.0,1328.1,1336.9,304656.0,412049517.9
2021-10-29,1325.0,1370.0,1295.0,1353.15,509616.0,681933334.4
2021-11-01,1400.0,1400.0,1362.5,1388.15,594399.0,821128988.9
2021-11-02,1400.0,1400.0,1368.0,1378.25,351543.0,484648245.45
2021-11-03,1375.0,1426.1,1356.15,1411.8,893501.0,1248082406.55
2021-11-04,1448.0,1482.35,1439.0,1467.9,973810.0,1430466465.9
2021-11-08,1470.0,1480.0,1430.0,1450.2,650913.0,947456940.8
2021-11-09,1446.65,1470.0,1432.25,1453.9,404456.0,587898785.95
2021-11-10,1458.0,1468.0,1437.1,1449.5,380489.0,552360132.85
2021-11-11,1450.0,1495.0,1443.0,1458.45,456718.0,668797745.1
2021-11-12,1460.0,1493.85,1450.6,1485.0,579130.0,855912764.25
2021-11-15,1510.0,1624.0,1510.0,1568.35,1859188.0,2934676823.2
2021-11-16,1588.95,1609.9,1527.6,1552.5,882434.0,1389792185.95
2021-11-17,1550.0,1558.9,1511.45,1542.1,474485.0,730387097.1
2021-11-18,1545.0,1552.15,1466.95,1502.4,802127.0,1200018958.1
2021-11-22,1505.1,1509.95,1395.0,1432.45,751620.0,1084167584.95
2021-11-23,1411.0,1465.0,1396.75,1448.35,459986.0,663297548.95
2021-11-24,1463.45,1499.0,1452.35,1469.8,501832.0,742781093.25
2021-11-25,1480.2,1484.4,1446.5,1473.15,251333.0,368940546.7
2021-11-26,1449.0,1458.15,1409.05,1414.65,622411.0,889015868.25
2021-11-29,1391.0,1399.0,1293.7,1370.25,866127.0,1176654747.85
2021-11-30,1372.0,1476.95,1372.0,1451.05,969825.0,1388399342.85
2021-12-01,1483.8,1498.0,1427.0,1447.05,801320.0,1173075932.3
2021-12-02,1445.0,1559.95,1427.0,1542.9,2156224.0,3251295143.25
2021-12-03,1558.0,1594.0,1516.45,1522.65,1532515.0,2372604435.95
2021-12-06,1522.65,1559.0,1485.5,1494.45,1125061.0,1712295251.1
2021-12-07,1510.0,1530.0,1481.0,1502.45,765645.0,1152299482.2
2021-12-08,1525.0,1590.0,1505.55,1526.4,2391203.0,3694008032.2
2021-12-09,1534.0,1543.0,1515.0,1524.1,664006.0,1013545275.05
2021-12-10,1524.0,1564.7,1519.6,1529.45,1045816.0,1610988749.8
2021-12-13,1542.25,1644.9,1538.25,1586.25,3216218.0,5146663499.25
2021-12-14,1589.0,1679.8,1576.0,1666.6,3244896.0,5326858757.9
2021-12-15,1684.5,1734.4,1621.2,1638.85,3252001.0,5511646720.55
2021-12-16,1658.0,1680.0,1596.15,1603.75,1379208.0,2238965550.8
2021-12-17,1608.9,1625.0,1545.0,1557.7,1117107.0,1758437049.9
2021-12-20,1520.0,1527.95,1445.05,1477.1,1640786.0,2443132958.4
2021-12-21,1500.0,1530.0,1455.85,1467.9,925546.0,1385130135.75
2021-12-22,1494.8,1509.95,1468.0,1487.3,629944.0,934500762.15
2021-12-23,1505.0,1514.0,1482.5,1492.9,440622.0,660055543.95
2021-12-24,1499.5,1499.5,1460.0,1463.6,579476.0,853161269.2
2021-12-27,1461.0,1480.0,1444.0,1464.2,496569.0,726927651.75
2021-12-28,1510.0,1521.0,1483.2,1489.45,545814.0,816113013.85
2021-12-29,1489.45,1506.95,1465.0,1468.2,573186.0,849128494.9
2021-12-30,1469.0,1529.95,1450.0,1486.7,763094.0,1131504816.95
2021-12-31,1486.5,1528.0,1485.0,1499.8,642639.0,968576135.7
2022-01-03,1502.0,1540.0,1501.05,1532.85,665708.0,1015169368.55
2022-01-04,1539.0,1557.9,1517.0,1534.9,540844.0,831735878.85
2022-01-05,1536.0,1542.6,1511.25,1527.55,376107.0,573443651.5
2022-01-06,1513.75,1565.0,1505.0,1548.6,699815.0,1081015342.85
2022-01-07,1563.0,1582.0,1541.05,1550.05,580983.0,906983852.8
2022-01-10,1570.0,1570.0,1535.05,1548.7,407953.0,632819816.05
2022-01-11,1551.0,1556.5,1526.8,1534.9,392653.0,603188071.25
2022-01-12,1549.45,1549.85,1530.05,1537.55,279266.0,429270855.2
2022-01-13,1548.0,1624.75,1540.05,1608.6,1618130.0,2581775666.8
2022-01-14,1607.0,1650.0,1595.5,1615.5,1119385.0,1821747928.25
2022-01-17,1621.9,1654.0,1620.85,1636.1,706733.0,1156045025.9
2022-01-18,1643.95,1646.6,1585.5,1592.3,702847.0,1130456522.2
2022-01-19,1588.0,1634.8,1555.0,1613.25,766721.0,1226874360.6
2022-01-20,1613.8,1644.0,1605.55,1624.75,670083.0,1089894502.8
2022-01-21,1618.9,1631.0,1570.0,1583.1,678554.0,1085446084.85
2022-01-24,1579.0,1584.0,1490.0,1502.2,903484.0,1372878550.45
2022-01-25,1478.0,1557.0,1431.4,1510.1,919396.0,1392254203.7
2022-01-27,1495.0,1537.0,1481.0,1487.3,612184.0,917552199.75
2022-01-28,1495.0,1519.2,1495.0,1498.8,479666.0,722742939.25
2022-01-31,1507.0,1523.4,1496.75,1505.25,390474.0,588130387.15
2022-02-01,1519.0,1528.85,1494.05,1512.15,350307.0,529834304.6
2022-02-02,1524.95,1544.9,1516.55,1530.95,448827.0,686554615.95
2022-02-03,1538.65,1594.9,1532.0,1565.85,932210.0,1463391979.65
2022-02-04,1575.9,1586.0,1552.1,1573.95,547485.0,860066300.85
2022-02-07,1525.0,1538.0,1500.0,1514.95,835445.0,1268005994.7
2022-02-08,1522.6,1533.3,1482.25,1504.35,432963.0,651266121.8
2022-02-09,1520.05,1547.0,1506.25,1510.85,822933.0,1254453056.05
2022-02-10,1517.0,1538.0,1512.25,1522.8,486801.0,742597894.25
2022-02-11,1516.0,1541.0,1510.0,1519.55,591928.0,903319407.95
2022-02-14,1480.0,1503.85,1452.0,1459.9,615372.0,909203827.05
2022-02-15,1456.0,1494.0,1456.0,1490.15,460049.0,678245485.05
2022-02-16,1509.0,1515.0,1480.0,1483.55,427845.0,640574325.7
2022-02-17,1495.0,1509.0,1475.0,1478.65,468297.0,698818270.75
2022-02-18,1456.0,1486.8,1456.0,1468.1,227953.0,336108248.7
2022-02-21,1476.0,1482.35,1400.0,1408.45,767645.0,1100035708.25
2022-02-22,1335.0,1388.3,1335.0,1375.15,698682.0,952036872.8
2022-02-23,1376.0,1416.5,1376.0,1383.5,484749.0,677174392.45
2022-02-24,1320.0,1355.0,1281.9,1292.45,1194241.0,1569555300.2
2022-02-25,1347.0,1378.8,1333.0,1366.4,663880.0,905186844.9
2022-02-28,1355.0,1389.9,1332.0,1353.4,646070.0,879729158.8
2022-03-02,1353.4,1422.05,1351.15,1397.8,844203.0,1178164578.95
2022-03-03,1425.0,1434.6,1385.0,1388.3,575042.0,806741055.95
2022-03-04,1378.0,1404.6,1343.0,1355.35,623818.0,858725193.2
2022-03-07,1334.0,1347.15,1310.0,1325.55,454444.0,604453534.6
2022-03-08,1326.0,1352.0,1313.6,1330.3,408202.0,543599264.0
2022-03-09,1344.0,1367.0,1336.6,1360.85,570476.0,769873778.9
2022-03-10,1405.45,1497.9,1392.0,1466.6,2600354.0,3745330424.2
2022-03-11,1480.0,1570.0,1470.0,1518.9,5311743.0,8190767125.05
2022-03-14,1525.0,1588.1,1525.0,1573.05,2706295.0,4215261688.15
2022-03-15,1593.7,1606.3,1525.1,1541.65,2339127.0,3671380904.45
2022-03-16,1569.0,1585.45,1536.65,1547.2,1221934.0,1912466651.85
2022-03-17,1570.0,1579.9,1530.0,1533.7,954279.0,1476864490.1
2022-03-21,1538.0,1543.25,1490.0,1492.3,1048544.0,1576340155.3
2022-03-22,1495.0,1509.5,1475.0,1482.7,628151.0,935286680.45
2022-03-23,1489.9,1499.0,1466.0,1471.95,438246.0,650809610.9
2022-03-24,1465.0,1501.0,1461.75,1496.6,714440.0,1061822527.15
2022-03-25,1504.0,1504.0,1470.0,1473.15,470596.0,697541927.05
2022-03-28,1475.0,1480.35,1450.0,1471.0,596776.0,874316348.1
2022-03-29,1478.0,1488.0,1450.0,1452.7,472629.0,690977057.0
2022-03-30,1465.0,1473.0,1450.0,1452.75,540380.0,788074091.25
2022-03-31,1458.4,1487.95,1445.0,1480.35,738735.0,1087804827.55
2022-04-01,1484.9,1524.0,1474.65,1496.5,817125.0,1231126560.05
2022-04-04,1504.85,1521.8,1503.0,1512.2,466704.0,705257841.45
2022-04-05,1519.8,1539.0,1511.15,1521.35,650317.0,990820465.65
2022-04-06,1519.7,1522.95,1496.0,1502.95,629013.0,948693121.7
2022-04-07,1501.0,1502.8,1459.0,1462.2,745787.0,1100929474.25
2022-04-08,1469.3,1477.55,1445.65,1460.05,770771.0,1123391233.65
2022-04-11,1460.05,1483.55,1445.0,1449.0,586123.0,854657258.25
2022-04-12,1454.7,1457.25,1420.0,1427.05,548086.0,789244601.9
2022-04-13,1436.7,1457.95,1426.0,1435.65,522973.0,751557317.75
2022-04-18,1430.0,1445.0,1412.0,1429.35,365895.0,520747576.55
2022-04-19,1435.0,1449.0,1396.0,1404.2,361335.0,515050637.35
2022-04-20,1415.0,1444.0,1405.95,1418.45,423485.0,603251025.2
2022-04-21,1425.55,1454.4,1420.2,1447.2,552369.0,794359958.75
2022-04-22,1440.0,1445.45,1425.0,1429.05,313215.0,449041704.25
2022-04-25,1417.0,1419.0,1391.0,1395.65,395939.0,555040600.6
2022-04-26,1409.0,1424.95,1402.0,1407.2,286472.0,405063035.3
2022-04-27,1400.0,1405.9,1382.65,1393.0,259114.0,361105832.0
2022-04-28,1405.0,1412.8,1381.1,1399.25,430543.0,600142425.25
2022-04-29,1405.0,1438.5,1374.0,1379.5,943153.0,1325336355.95
2022-05-02,1361.0,1361.0,1290.0,1294.85,1732156.0,2272075920.75
2022-05-04,1294.0,1318.75,1251.0,1270.6,897807.0,1148587124.4
2022-05-05,1289.0,1298.9,1221.1,1230.35,812902.0,1016124011.6
2022-05-06,1210.0,1230.0,1190.0,1218.45,858008.0,1030328197.2
2022-05-09,1208.95,1208.95,1175.0,1183.2,695045.0,822544714.1
2022-05-10,1170.0,1180.0,1140.5,1148.75,995263.0,1151813709.65
2022-05-11,1149.0,1157.85,1055.65,1095.0,1408074.0,1544552357.4
2022-05-12,1073.9,1090.9,1063.0,1074.35,713520.0,768578177.6
2022-05-13,1107.0,1124.95,1080.0,1088.85,819706.0,906032631.95
2022-05-16,1109.0,1124.0,1082.15,1106.35,426953.0,470931364.0
2022-05-17,1119.0,1167.0,1105.1,1154.05,732338.0,825865818.8
2022-05-18,1170.0,1178.55,1145.0,1149.85,537932.0,623822342.5
2022-05-19,1112.0,1142.05,1102.4,1133.05,467850.0,525960811.3
2022-05-20,1158.0,1160.75,1130.1,1137.5,327308.0,373432824.7
2022-05-23,1149.95,1150.0,1121.75,1134.9,422062.0,478344310.65
2022-05-24,1131.9,1139.4,1095.1,1099.9,399866.0,444450845.55
2022-05-25,1104.05,1110.9,1050.0,1053.15,413285.0,442696363.05
2022-05-26,1055.0,1072.0,1015.0,1051.8,499424.0,519189198.45
2022-05-27,1071.0,1093.0,1061.55,1082.2,440354.0,474595997.65
2022-05-30,1102.25,1128.0,1095.55,1123.05,390949.0,436634053.95
2022-05-31,1127.7,1297.3,1123.1,1257.45,3910054.0,4834577626.4
2022-06-01,1263.8,1280.8,1188.0,1192.05,1463929.0,1799633178.3
2022-06-02,1191.9,1228.0,1171.0,1195.85,1032909.0,1239087178.0
2022-06-03,1208.7,1239.9,1181.95,1196.6,1046700.0,1268499100.2
2022-06-06,1194.7,1196.6,1166.45,1171.3,401285.0,471576058.15
2022-06-07,1163.9,1175.0,1139.1,1152.4,450599.0,518761470.65
2022-06-08,1163.1,1166.6,1130.0,1135.4,362718.0,415628257.4
2022-06-09,1128.0,1153.0,1115.0,1125.25,658027.0,745870990.85
2022-06-10,1111.0,1123.85,1105.0,1110.55,380390.0,423494463.95
2022-06-13,1087.0,1110.0,1076.0,1090.5,527470.0,576250720.65
2022-06-14,1084.0,1125.4,1080.0,1118.0,543713.0,605952369.65
2022-06-15,1139.8,1144.3,1126.0,1135.95,378742.0,430065422.2
2022-06-16,1146.0,1152.05,1100.2,1107.5,456745.0,514260749.45
2022-06-17,1108.0,1125.4,1087.75,1105.4,486658.0,540086886.75
2022-06-20,1108.65,1117.7,1066.75,1081.65,480812.0,523473328.95
2022-06-21,1097.0,1118.4,1090.1,1099.8,521164.0,576665627.75
2022-06-22,1094.85,1099.0,1075.05,1079.15,258973.0,281100785.8
2022-06-23,1086.0,1094.35,1071.25,1079.05,293388.0,317605222.05
2022-06-24,1090.0,1135.0,1087.2,1115.45,538109.0,597724045.95
2022-06-27,1132.0,1139.0,1113.0,1114.35,325593.0,364468220.2
2022-06-28,1111.95,1118.7,1102.85,1110.1,158540.0,175963841.35
2022-06-29,1102.0,1115.25,1095.1,1104.3,210980.0,233616166.2
2022-06-30,1105.0,1128.85,1104.0,1114.4,275338.0,306974651.5
2022-07-01,1111.4,1117.7,1096.0,1103.5,208635.0,230665110.25
2022-07-04,1103.6,1117.7,1103.6,1108.8,166200.0,184527179.1
2022-07-05,1112.0,1121.35,1090.0,1093.45,353502.0,390268411.4
2022-07-06,1093.3,1098.9,1083.25,1093.1,252719.0,275870564.85
2022-07-07,1106.5,1124.0,1101.1,1118.35,525120.0,584799894.4
2022-07-08,1125.0,1131.8,1107.8,1113.75,304958.0,340966816.5
2022-07-11,1109.0,1115.35,1101.1,1111.7,191609.0,212276014.85
2022-07-12,1107.9,1147.65,1104.95,1126.05,563891.0,635448429.45
2022-07-13,1130.05,1139.2,1110.0,1112.45,401076.0,451121660.2
2022-07-14,1113.1,1117.95,1096.0,1097.45,238251.0,262386590.4
2022-07-15,1103.7,1105.85,1084.6,1095.35,178588.0,195520717.15
2022-07-18,1100.0,1116.95,1100.0,1110.0,248423.0,275396774.1
2022-07-19,1107.0,1119.35,1100.0,1107.85,294647.0,326721971.2
2022-07-20,1120.2,1145.75,1115.75,1123.65,603745.0,682955794.95
2022-07-21,1126.4,1137.9,1121.25,1129.35,279887.0,316471350.3
2022-07-22,1133.9,1164.5,1132.05,1142.65,562573.0,645530441.7
2022-07-25,1143.0,1158.0,1132.1,1133.8,270086.0,307779034.1
2022-07-26,1133.8,1154.2,1125.0,1131.3,371511.0,422210856.55
2022-07-27,1131.0,1134.55,1118.0,1121.75,232041.0,260744508.3
2022-07-28,1129.95,1138.15,1108.25,1113.35,359777.0,403647983.7
2022-07-29,1128.0,1148.0,1116.6,1126.95,584795.0,661080314.45
2022-08-01,1107.1,1174.7,1100.0,1161.6,1413961.0,1622503003.25
2022-08-02,1165.0,1199.9,1152.35,1179.45,1140303.0,1349328884.05
2022-08-03,1183.4,1186.2,1153.05,1161.1,452382.0,526201048.95
2022-08-04,1164.0,1171.0,1125.65,1137.2,555742.0,635868601.2
2022-08-05,1143.0,1159.55,1125.25,1153.15,516016.0,588699210.7
2022-08-08,1153.0,1174.9,1137.75,1168.95,470873.0,547796719.65
2022-08-10,1171.7,1185.85,1153.5,1160.95,366852.0,427445262.7
2022-08-11,1178.7,1178.7,1160.05,1162.85,357461.0,416548110.7
2022-08-12,1162.85,1216.6,1152.95,1204.15,1550446.0,1850296393.1
2022-08-16,1216.2,1234.15,1207.0,1223.85,847156.0,1035044575.8
2022-08-17,1229.0,1244.0,1222.2,1225.3,649580.0,798436643.7
2022-08-18,1225.35,1240.0,1213.0,1237.3,562971.0,691523897.05
2022-08-19,1238.9,1244.2,1197.15,1215.1,938122.0,1140928308.35
2022-08-22,1205.0,1205.1,1175.1,1179.15,505714.0,598061616.8
2022-08-23,1169.85,1214.8,1160.0,1201.6,654819.0,771018502.7
2022-08-24,1204.6,1212.75,1182.8,1192.75,334675.0,401143345.4
2022-08-25,1201.0,1210.15,1188.25,1192.9,248669.0,298594865.0
2022-08-26,1199.0,1209.0,1186.3,1190.9,241358.0,289032706.95
2022-08-29,1155.0,1201.0,1155.0,1187.4,327233.0,385733737.4
2022-08-30,1194.55,1283.5,1194.55,1248.9,3287521.0,4136205869.05
2022-09-01,1243.0,1277.7,1238.1,1262.9,1060224.0,1337933045.9
2022-09-02,1272.0,1272.9,1245.0,1248.5,401707.0,504566378.15
2022-09-05,1252.0,1305.0,1241.0,1295.1,1192651.0,1523857292.95
2022-09-06,1309.8,1341.9,1297.0,1324.5,2232334.0,2950067869.05
2022-09-07,1315.0,1438.0,1311.0,1401.55,4180289.0,5814454700.9
2022-09-08,1420.95,1451.9,1406.15,1420.65,2462743.0,3513876982.55
2022-09-09,1428.0,1428.0,1376.0,1387.75,1176700.0,1648017150.05
2022-09-12,1392.0,1414.95,1389.1,1396.85,719910.0,1009889240.8
2022-09-13,1403.9,1411.0,1391.15,1398.1,622875.0,872389947.05
2022-09-14,1369.0,1390.25,1366.05,1380.15,579023.0,800517170.5
2022-09-15,1380.15,1391.7,1351.05,1358.75,605550.0,828413960.0
2022-09-16,1351.0,1354.95,1325.0,1334.15,877054.0,1173590305.3
2022-09-19,1334.2,1337.8,1303.6,1311.0,502282.0,660308247.1
2022-09-20,1327.0,1365.8,1321.1,1347.05,617538.0,833087030.1
2022-09-21,1348.0,1358.45,1320.75,1324.9,338740.0,450954714.4
2022-09-22,1317.95,1335.0,1313.55,1318.7,305140.0,403292124.25
2022-09-23,1321.95,1327.6,1301.0,1305.4,299582.0,392799719.95
2022-09-26,1291.0,1298.45,1245.05,1253.45,575099.0,724336296.9
2022-09-27,1260.0,1271.8,1248.8,1254.1,302375.0,380749530.05
2022-09-28,1244.9,1253.95,1228.2,1231.25,367940.0,455285721.6
2022-09-29,1254.8,1254.8,1225.0,1226.55,288298.0,356476185.4
2022-09-30,1217.1,1251.5,1211.25,1245.9,408228.0,505018915.55
2022-10-03,1245.0,1255.3,1227.0,1229.55,290131.0,360368961.65
2022-10-04,1253.0,1259.75,1242.85,1256.25,243971.0,305244515.65
2022-10-06,1262.55,1289.55,1261.2,1271.5,347096.0,443186770.7
2022-10-07,1271.5,1275.15,1258.0,1268.85,239189.0,302658299.25
2022-10-10,1253.0,1258.95,1246.05,1251.55,224167.0,280660539.8
2022-10-11,1252.0,1263.0,1230.0,1234.45,226632.0,282718361.9
2022-10-12,1239.45,1247.25,1216.65,1231.8,281646.0,345994927.0
2022-10-13,1211.0,1230.65,1210.0,1220.05,195213.0,238552940.0
2022-10-14,1250.0,1250.0,1202.0,1209.65,252967.0,310366595.45
2022-10-17,1206.0,1221.35,1202.0,1205.15,265042.0,320703568.55
2022-10-18,1220.0,1225.0,1208.15,1213.8,275834.0,335574859.2
2022-10-19,1219.9,1239.9,1215.1,1226.95,347068.0,426109851.0
2022-10-20,1216.1,1235.6,1209.0,1213.7,312854.0,381650821.75
2022-10-21,1220.0,1230.0,1200.0,1202.65,315387.0,383362851.25
2022-10-24,1219.0,1226.65,1214.7,1224.55,140979.0,172519493.8
2022-10-25,1224.55,1247.1,1214.4,1231.0,421993.0,521284292.6
2022-10-27,1233.9,1239.0,1220.15,1223.3,227455.0,279123953.0
2022-10-28,1225.0,1231.05,1220.0,1222.0,189672.0,232472012.8
2022-10-31,1227.0,1235.0,1221.1,1223.55,204519.0,250915117.8
2022-11-01,1229.7,1241.95,1223.85,1237.45,294871.0,363286314.8
2022-11-02,1243.65,1246.05,1227.55,1229.35,254476.0,314954760.8
2022-11-03,1229.0,1235.95,1215.8,1218.95,206553.0,252861421.15
2022-11-04,1222.0,1234.5,1209.1,1216.45,306199.0,373916940.4
2022-11-07,1222.55,1250.0,1212.8,1233.5,477656.0,589718019.4
2022-11-09,1235.0,1239.25,1215.8,1219.5,258391.0,316456358.25
2022-11-10,1215.0,1219.0,1201.45,1206.55,209587.0,253490451.5
2022-11-11,1215.0,1222.65,1210.0,1212.85,184210.0,224137383.15
2022-11-14,1218.9,1273.95,1212.2,1256.25,817210.0,1021587020.1
2022-11-15,1261.85,1277.5,1245.35,1250.1,609091.0,768710896.0
2022-11-16,1250.0,1261.3,1210.0,1222.85,374404.0,463599280.95
2022-11-17,1221.95,1230.85,1217.0,1220.95,157298.0,192510273.15
2022-11-18,1224.8,1224.9,1210.2,1218.55,215663.0,262473878.35
2022-11-21,1216.95,1236.7,1213.65,1220.55,287369.0,351666222.25
2022-11-22,1217.1,1224.5,1212.0,1215.55,180965.0,220337791.95
2022-11-23,1218.0,1224.0,1212.95,1214.55,174568.0,212528641.5
2022-11-24,1219.9,1227.0,1212.6,1215.25,206203.0,251082036.35
2022-11-25,1218.0,1226.95,1215.0,1217.95,185652.0,226444168.2
2022-11-28,1216.8,1236.95,1216.0,1225.65,226459.0,277768392.35
2022-11-29,1229.0,1247.0,1226.05,1234.45,352320.0,435773768.25
2022-11-30,1239.8,1248.9,1230.2,1238.0,261459.0,323693292.6
2022-12-01,1241.0,1260.0,1240.1,1243.45,418616.0,523501819.25
2022-12-02,1244.8,1244.8,1232.2,1236.85,202525.0,250638578.85
2022-12-05,1239.0,1243.05,1230.0,1233.9,179679.0,221881260.05
2022-12-06,1225.0,1235.8,1223.0,1227.05,254045.0,311771355.0
2022-12-07,1225.2,1229.4,1218.0,1221.45,183766.0,224552603.55
2022-12-08,1222.6,1233.0,1217.0,1229.6,228050.0,279717890.1
2022-12-09,1232.0,1233.4,1208.0,1210.2,316196.0,384223066.45
2022-12-12,1208.0,1213.3,1182.0,1188.2,360065.0,431561360.05
2022-12-13,1193.8,1222.4,1192.0,1199.7,396050.0,478322498.15
2022-12-14,1206.9,1214.95,1196.9,1200.65,254861.0,307075175.8
2022-12-15,1201.8,1205.95,1190.0,1192.1,229237.0,274350070.0
2022-12-16,1190.1,1213.8,1190.0,1202.25,282251.0,339995291.85
2022-12-19,1204.0,1214.0,1193.05,1197.25,275063.0,330752192.6
2022-12-20,1197.0,1206.0,1184.25,1187.85,207640.0,247474017.55
2022-12-21,1187.0,1193.7,1152.3,1161.35,283069.0,332588750.0
2022-12-22,1163.0,1168.65,1122.0,1125.85,457108.0,518749104.65
2022-12-23,1120.0,1122.5,1084.4,1087.65,469815.0,514758703.15
2022-12-26,1087.0,1121.0,1075.55,1114.1,291930.0,323395411.6
2022-12-27,1120.0,1133.65,1107.05,1111.65,212579.0,237392638.05
2022-12-28,1114.0,1121.95,1111.65,1118.45,214171.0,239358973.25
2022-12-29,1111.55,1123.0,1105.5,1118.6,185979.0,207174091.9
2022-12-30,1122.0,1128.0,1113.25,1115.3,219747.0,245974026.6
2023-01-02,1120.9,1163.85,1116.15,1155.75,457390.0,524518544.9
2023-01-03,1162.55,1164.5,1146.1,1153.2,197929.0,228297901.25
2023-01-04,1154.1,1157.1,1130.65,1134.6,164361.0,187245195.35
2023-01-05,1140.1,1149.0,1124.2,1127.75,146371.0,165972455.85
2023-01-06,1132.8,1132.8,1115.0,1117.3,138798.0,155473914.8
2023-01-09,1123.0,1127.9,1101.0,1106.3,227670.0,253619024.75
2023-01-10,1109.8,1112.4,1100.0,1102.35,181316.0,200038340.35
2023-01-11,1103.0,1108.2,1095.0,1096.2,173542.0,190764738.0
2023-01-12,1099.8,1100.85,1076.1,1078.65,363504.0,393326857.7
2023-01-13,1083.7,1086.4,1073.35,1077.65,250751.0,270394700.0
2023-01-16,1080.65,1087.8,1066.7,1070.45,280315.0,301340600.8
2023-01-17,1072.0,1073.55,1054.75,1060.75,315220.0,334387365.4
2023-01-18,1061.2,1065.05,1054.0,1056.8,218790.0,231710640.1
2023-01-19,1056.8,1059.65,1050.2,1053.95,220284.0,232017091.15
2023-01-20,1050.1,1058.25,1050.1,1052.3,195506.0,206091692.05
2023-01-23,1056.8,1071.6,1053.75,1057.95,262066.0,278452018.6
2023-01-24,1063.0,1063.0,1043.45,1046.7,302121.0,317287220.75
2023-01-25,1048.8,1051.95,1026.0,1028.0,349637.0,360581601.05
2023-01-27,1035.0,1035.75,1005.1,1014.9,417675.0,423328853.5
2023-01-30,1014.0,1030.0,1002.75,1015.9,229676.0,233893749.35
2023-01-31,1017.0,1044.0,1013.05,1041.65,225236.0,232961123.85
2023-02-01,1049.0,1064.95,1013.05,1021.7,374505.0,391423900.8
2023-02-02,999.9,1039.0,999.0,1008.5,425041.0,432600785.05
2023-02-03,1010.0,1020.0,1005.0,1009.9,277860.0,280542242.9
2023-02-06,1010.0,1014.85,1006.0,1009.85,182949.0,184844314.5
2023-02-07,1014.8,1015.2,999.15,1001.15,282784.0,283910516.85
2023-02-08,990.0,1004.0,981.1,989.7,530546.0,525928446.25
2023-02-09,994.65,1004.0,980.0,1000.65,613917.0,606924034.2
2023-02-10,1002.05,1024.0,998.0,1001.15,412052.0,415952374.75
2023-02-13,1001.15,1004.35,987.0,990.2,254899.0,252700096.7
2023-02-14,992.8,997.75,982.0,984.15,220770.0,217633827.3
2023-02-15,982.0,994.4,982.0,988.1,224981.0,222085504.7
2023-02-16,990.0,1017.95,990.0,998.5,401387.0,402782055.1
2023-02-17,999.0,1012.4,998.5,1007.3,242077.0,243967830.15
2023-02-20,1012.3,1012.3,992.05,995.0,210272.0,210226467.6
2023-02-21,1000.0,1004.9,995.0,997.05,170797.0,170751064.45
2023-02-22,997.8,1001.7,988.0,997.55,240964.0,239551890.95
2023-02-23,999.0,1001.1,985.7,994.35,211834.0,210349979.65
2023-02-24,998.9,1000.85,990.0,991.2,171058.0,170024379.15
2023-02-27,992.0,992.0,972.1,979.8,376442.0,368801974.6
2023-02-28,975.0,999.9,972.4,989.4,238335.0,233918033.8
2023-03-01,995.0,996.0,989.05,992.85,158874.0,157717688.2
2023-03-02,996.0,1009.0,985.0,988.0,311124.0,310845908.9
2023-03-03,993.2,1006.0,993.0,999.6,215562.0,215847959.75
2023-03-06,1004.0,1037.65,1001.3,1014.95,709960.0,726608857.7
2023-03-08,1013.95,1021.7,1005.3,1013.25,214385.0,217410241.6
2023-03-09,1017.5,1019.0,988.2,994.9,287161.0,288475406.8
2023-03-10,980.0,1007.3,980.0,1002.8,260506.0,258859131.75
2023-03-13,1001.85,1008.05,975.0,978.15,380998.0,375757312.0
2023-03-14,980.1,985.4,971.0,975.6,231784.0,226419465.5
2023-03-15,980.1,994.8,969.0,970.7,371327.0,364567967.15
2023-03-16,970.0,973.8,950.2,952.2,380628.0,363624141.15
2023-03-17,957.9,968.95,947.9,950.05,264443.0,252140680.5
2023-03-20,950.0,955.0,930.0,951.3,446048.0,419802375.2
2023-03-21,955.9,971.7,952.7,964.7,284834.0,274630076.95
2023-03-22,969.5,978.7,966.0,968.65,234233.0,227588592.35
2023-03-23,968.0,968.0,950.05,952.25,185547.0,177785376.65
2023-03-24,950.2,956.5,938.0,940.25,213653.0,202091821.3
2023-03-27,930.0,935.0,905.0,911.25,434057.0,399265953.7
2023-03-28,911.3,917.95,880.9,885.7,470848.0,422821856.75
2023-03-29,887.1,909.95,887.0,891.1,483883.0,432799076.35
2023-03-31,896.45,927.8,896.45,908.75,707266.0,644841361.1
2023-04-03,913.0,932.0,910.75,927.45,297588.0,275359882.75
2023-04-05,934.8,953.25,930.1,951.45,249491.0,235115856.05
2023-04-06,956.0,977.95,952.25,973.8,323039.0,312356212.35
2023-04-10,981.0,994.0,971.2,992.15,284143.0,279799481.3
2023-04-11,997.9,1005.0,987.0,999.0,350844.0,350551377.75
2023-04-12,1002.75,1004.0,993.6,997.05,223318.0,223011304.2
2023-04-13,998.9,1002.95,988.75,999.6,178980.0,178491233.75
2023-04-17,999.55,1016.0,987.0,1003.25,325647.0,326451272.4
2023-04-18,1008.8,1015.25,999.4,1011.35,231702.0,234229736.6
2023-04-19,1010.9,1010.9,996.3,1007.2,224437.0,225355813.7
2023-04-20,1001.0,1014.5,997.65,1010.85,274159.0,276570635.05
2023-04-21,1014.8,1025.0,1002.75,1005.3,356536.0,360352061.8
2023-04-24,1006.05,1010.8,984.0,987.0,205878.0,205011241.2
2023-04-25,991.0,1013.7,986.5,991.5,537202.0,537298806.85
2023-04-26,993.7,1001.45,988.05,996.1,318035.0,315963912.65
2023-04-27,1000.0,1009.4,997.0,1001.8,334889.0,335971031.45
2023-04-28,1006.8,1010.3,997.1,1005.6,303232.0,304726553.95
2023-05-02,982.0,996.8,973.5,990.55,550608.0,545386240.8
2023-05-03,991.7,998.1,988.65,990.1,183081.0,181684600.0
2023-05-04,990.1,999.0,987.0,989.35,216868.0,215005565.3
2023-05-05,991.0,996.9,989.0,990.45,144983.0,143886508.55
2023-05-08,994.8,996.0,986.0,988.55,284560.0,281807657.45
2023-05-09,991.7,996.0,975.1,981.95,374939.0,370745322.15
2023-05-10,984.4,990.2,981.0,984.2,192338.0,189421709.4
2023-05-11,990.0,1014.0,987.2,994.1,899547.0,899501805.2
2023-05-12,996.0,1003.2,991.0,993.95,348669.0,347815278.65
2023-05-15,994.0,997.15,990.0,991.65,220337.0,218763134.7
2023-05-16,993.5,997.0,984.65,986.35,261052.0,258520716.85
2023-05-17,986.35,989.55,976.5,978.8,226643.0,222392867.55
2023-05-18,984.0,991.9,979.0,990.05,268623.0,265284951.0
2023-05-19,994.0,994.95,978.1,990.1,231016.0,228049619.4
2023-05-22,990.1,994.25,983.2,990.95,240063.0,237506504.35
2023-05-23,990.95,994.0,985.15,986.6,227095.0,224633444.1
2023-05-24,987.7,993.0,987.0,988.75,162003.0,160456323.0
2023-05-25,990.0,992.65,985.8,987.45,111613.0,110243110.05
2023-05-26,987.45,994.0,983.75,986.15,193243.0,190756832.7
2023-05-29,988.25,993.95,988.0,990.05,212078.0,210036927.6
2023-05-30,994.0,994.0,982.25,983.15,307688.0,303401322.7
2023-05-31,989.0,1044.5,984.95,1038.45,2229585.0,2294125518.85
2023-06-01,1046.9,1082.4,1035.55,1068.9,2180525.0,2323019693.7
2023-06-02,1077.75,1093.5,1061.0,1067.9,737146.0,795642172.15
2023-06-05,1076.25,1080.3,1048.0,1049.45,504295.0,532272056.9
2023-06-06,1050.0,1056.0,1025.0,1029.65,495262.0,511687165.65
2023-06-07,1038.0,1039.85,1030.2,1033.2,329865.0,341316767.95
2023-06-08,1044.9,1056.0,1035.1,1038.7,542369.0,567641554.25
2023-06-09,1041.95,1043.3,1026.3,1029.5,316727.0,326785135.55
2023-06-12,1035.0,1049.0,1031.0,1044.35,300859.0,313641332.05
2023-06-13,1047.0,1051.25,1036.0,1047.8,246438.0,257761252.65
2023-06-14,1001.0,1023.95,985.0,1014.0,9877180.0,9854672940.55
2023-06-15,1019.0,1047.0,1018.95,1042.95,1622945.0,1679144952.9
2023-06-16,1047.0,1047.9,1030.0,1034.9,712684.0,739902561.75
2023-06-19,1045.4,1048.95,1035.15,1037.3,638495.0,664783669.1
2023-06-20,1038.0,1044.5,1028.1,1042.5,330585.0,342666255.5
2023-06-21,1042.5,1049.4,1035.55,1040.0,381532.0,397555728.3
2023-06-22,1048.0,1074.0,1044.1,1050.45,981240.0,1039291053.65
2023-06-23,1054.0,1058.55,1033.6,1036.2,424027.0,441607785.4
2023-06-26,1039.5,1059.3,1030.5,1050.0,543182.0,568596842.2
2023-06-27,1053.95,1074.4,1048.05,1070.8,987388.0,1055100129.4
2023-06-28,1076.5,1120.0,1076.5,1117.25,2007217.0,2210471961.2
2023-06-30,1127.0,1128.7,1103.55,1110.75,777827.0,867273472.6
2023-07-03,1117.0,1160.0,1116.15,1151.95,1840712.0,2111523196.2
2023-07-04,1157.0,1162.95,1131.45,1144.15,808499.0,927546118.65
2023-07-05,1147.0,1200.0,1147.0,1196.55,1573687.0,1856179964.25
2023-07-06,1196.55,1209.8,1182.55,1190.9,858215.0,1025616185.75
2023-07-07,1190.9,1195.0,1170.0,1178.6,636101.0,750848653.9
2023-07-10,1193.5,1225.95,1188.05,1207.25,1334915.0,1614451379.65
2023-07-11,1212.9,1213.3,1194.0,1200.05,387279.0,464823525.2
2023-07-12,1204.9,1242.0,1200.55,1216.0,1133320.0,1386450599.25
2023-07-13,1225.0,1229.0,1181.5,1192.95,529198.0,637475232.65
2023-07-14,1195.0,1218.0,1186.35,1208.15,444202.0,535726356.45
2023-07-17,1214.4,1233.7,1209.95,1229.75,683528.0,838145667.15
2023-07-18,1231.0,1239.7,1201.0,1205.15,455473.0,552549061.5
2023-07-19,1209.0,1219.7,1200.6,1209.4,296195.0,358310831.55
2023-07-20,1210.0,1217.7,1193.0,1198.55,371273.0,447480105.25
2023-07-21,1198.0,1202.3,1181.25,1186.85,378986.0,450624818.6
2023-07-24,1186.85,1211.95,1185.0,1187.1,351620.0,420284139.8
2023-07-25,1188.1,1197.0,1181.0,1184.75,226009.0,268088292.85
2023-07-26,1187.7,1202.55,1183.4,1188.15,270660.0,322930606.4
2023-07-27,1195.3,1235.5,1195.05,1225.1,1130808.0,1383223455.25
2023-07-28,1229.9,1233.05,1208.2,1221.05,452632.0,552040057.2
2023-07-31,1229.0,1237.0,1219.0,1230.65,438609.0,539012527.45
2023-08-01,1234.0,1261.0,1230.1,1244.5,796894.0,995769980.85
2023-08-02,1241.7,1243.85,1206.1,1218.35,576367.0,706792303.35
2023-08-03,1218.35,1227.35,1205.55,1216.4,272023.0,330635010.75
2023-08-04,1216.0,1233.05,1202.0,1215.5,458475.0,557668996.9
2023-08-07,1229.0,1240.5,1196.0,1199.65,537399.0,650644352.15
2023-08-08,1204.0,1235.0,1203.05,1233.4,611472.0,747125966.25
2023-08-09,1235.0,1250.9,1217.0,1223.25,631286.0,777497286.65
2023-08-10,1224.95,1227.9,1198.0,1199.75,565431.0,683007250.7
2023-08-11,1202.0,1216.95,1190.0,1193.05,386851.0,463936747.25
2023-08-14,1193.0,1194.0,1161.05,1179.8,405553.0,478224984.25
2023-08-16,1177.8,1177.8,1160.0,1162.25,299731.0,349910676.9
2023-08-17,1163.0,1176.85,1150.0,1158.8,313614.0,366021809.8
2023-08-18,1158.0,1163.5,1143.0,1145.45,343436.0,394819329.5
2023-08-21,1145.45,1164.0,1142.6,1150.35,375420.0,432891921.95
2023-08-22,1154.0,1176.9,1154.0,1164.25,352589.0,411471213.6
2023-08-23,1169.7,1173.8,1161.3,1163.85,221600.0,258623111.2
2023-08-24,1165.0,1173.95,1155.05,1157.85,258823.0,301398227.4
2023-08-25,1154.65,1159.4,1137.7,1139.25,274666.0,314337469.55
2023-08-28,1144.0,1148.0,1120.9,1123.8,328439.0,371851001.75
2023-08-29,1130.0,1139.9,1127.0,1129.6,299405.0,338800387.6
2023-08-30,1135.0,1169.0,1133.35,1143.7,650560.0,747799880.6
2023-08-31,1150.0,1173.8,1133.2,1138.45,871959.0,1005558685.85
2023-09-01,1146.6,1158.0,1107.35,1141.45,894687.0,1015112668.4
2023-09-04,1142.25,1167.5,1142.25,1151.65,612837.0,707692296.0
2023-09-05,1160.85,1231.5,1155.5,1225.45,3605538.0,4359820833.7
2023-09-06,1236.0,1243.7,1206.35,1220.85,1563196.0,1907550465.2
2023-09-07,1223.4,1232.8,1199.1,1203.05,957018.0,1163272566.55
2023-09-08,1210.0,1293.25,1207.9,1282.3,4151516.0,5238465338.95
2023-09-11,1313.9,1430.0,1307.95,1390.9,9479717.0,13080070845.9
2023-09-12,1409.9,1429.4,1305.0,1333.8,4170751.0,5660633414.2
2023-09-13,1335.0,1364.9,1291.8,1319.2,2398969.0,3163289566.65
2023-09-14,1326.0,1353.0,1316.45,1323.2,1072934.0,1428366143.1
2023-09-15,1360.0,1385.0,1335.0,1344.4,2037830.0,2776774181.0
2023-09-18,1344.4,1351.95,1326.55,1330.2,717750.0,960454559.9
2023-09-20,1325.0,1333.0,1304.0,1306.7,609251.0,800230186.45
2023-09-21,1298.0,1318.9,1274.1,1291.85,948071.0,1224735614.1
2023-09-22,1300.0,1321.0,1279.0,1312.9,838432.0,1095507516.85
2023-09-25,1319.0,1326.05,1305.05,1311.9,496195.0,653382681.55
2023-09-26,1315.0,1351.5,1315.0,1327.7,951309.0,1269350638.85
2023-09-27,1330.4,1364.0,1329.0,1352.15,1276163.0,1724599843.0
2023-09-28,1358.7,1375.8,1325.0,1333.1,1135819.0,1540590496.35
2023-09-29,1339.0,1363.95,1327.4,1359.8,939654.0,1265701964.15
2023-10-03,1359.8,1359.8,1335.0,1337.0,507458.0,680700176.35
2023-10-04,1330.0,1331.8,1312.05,1316.75,459852.0,606783637.85
2023-10-05,1324.1,1338.15,1314.0,1325.25,567861.0,750726693.85
2023-10-06,1329.65,1377.0,1326.3,1347.85,2131433.0,2896531445.75
2023-10-09,1320.2,1327.7,1305.0,1308.55,1124044.0,1476543599.15
2023-10-10,1316.0,1340.0,1316.0,1322.4,1178735.0,1563184031.95
2023-10-11,1329.7,1361.0,1325.25,1330.6,1141150.0,1529100415.35
2023-10-12,1335.8,1402.0,1335.0,1390.65,3148446.0,4349112626.35
2023-10-13,1389.0,1420.0,1376.05,1389.15,2225751.0,3122635145.35
2023-10-16,1396.0,1397.2,1365.0,1369.8,916507.0,1263971866.75
2023-10-17,1381.0,1389.55,1347.7,1353.75,703785.0,962306357.55
2023-10-18,1357.7,1380.4,1345.25,1348.45,721226.0,981564412.55
2023-10-19,1340.2,1350.0,1328.05,1339.5,728588.0,974763429.9
2023-10-20,1336.0,1368.0,1332.5,1343.15,774981.0,1045521557.4
2023-10-23,1346.6,1404.0,1295.0,1307.15,3128088.0,4272174557.5
2023-10-25,1321.0,1367.4,1307.0,1323.25,2084710.0,2783722617.85
2023-10-26,1317.95,1319.4,1262.0,1292.25,1517577.0,1953562050.45
2023-10-27,1312.9,1346.7,1312.9,1327.1,1073086.0,1430159883.35
2023-10-30,1416.0,1425.0,1368.05,1374.35,4402952.0,6136740045.8
2023-10-31,1388.65,1469.2,1375.05,1456.15,8313094.0,11957904993.2
2023-11-01,1466.1,1522.5,1465.0,1501.75,6766992.0,10187410817.15
2023-11-02,1524.0,1568.9,1510.0,1521.2,5832764.0,8979054007.85
2023-11-03,1539.0,1569.9,1530.15,1560.5,2937913.0,4567636732.1
2023-11-06,1585.0,1611.0,1566.35,1603.7,3702798.0,5889522741.75
2023-11-07,1612.25,1620.0,1571.3,1581.5,3444404.0,5487905270.85
2023-11-08,1594.85,1630.0,1594.0,1608.6,2260358.0,3649211421.25
2023-11-09,1615.8,1700.0,1613.0,1692.75,5422575.0,9061553536.7
2023-11-10,1696.0,1788.0,1691.25,1777.05,6328545.0,11025550544.9
2023-11-12,1809.7,1844.0,1809.0,1834.95,1795215.0,3288247327.8
2023-11-13,1839.95,1897.0,1807.3,1843.8,5555859.0,10328023331.5
2023-11-15,1869.0,1880.0,1800.0,1811.9,2994626.0,5481830081.85
2023-11-16,1803.0,1803.0,1665.0,1784.3,2403259.0,4243574323.3
2023-11-17,1793.35,1830.0,1770.0,1779.15,1237877.0,2227646712.15
2023-11-20,1779.1,1791.1,1716.0,1749.75,1112869.0,1943574668.0
2023-11-21,1751.0,1765.4,1715.0,1724.95,733835.0,1273995331.4
2023-11-22,1730.0,1775.0,1704.95,1719.0,923540.0,1608883155.15
2023-11-23,1740.0,1825.0,1740.0,1792.1,2439654.0,4374669301.1
2023-11-24,1805.0,1818.1,1780.0,1802.0,903830.0,1624166053.9
2023-11-28,1811.7,1834.0,1788.0,1811.9,1108191.0,2009218554.25
2023-11-29,1820.0,1917.4,1816.25,1910.75,2834081.0,5313542373.05
2023-11-30,1912.95,1928.8,1861.0,1893.8,1750404.0,3331741888.8
2023-12-01,1905.0,1929.0,1890.65,1898.25,1130920.0,2160404759.3
2023-12-04,1938.0,1951.95,1905.3,1927.4,1093788.0,2110700686.7
2023-12-05,1934.3,1951.0,1875.0,1918.65,987341.0,1894422781.75
2023-12-06,1921.8,1921.8,1884.05,1900.55,620334.0,1179704836.55
2023-12-07,1898.95,1906.0,1876.0,1887.0,464555.0,877031414.0
2023-12-08,1892.15,1896.35,1831.1,1862.2,663629.0,1235690348.4
2023-12-11,1862.2,1912.6,1862.2,1891.1,732882.0,1387255828.2
2023-12-12,1901.0,1913.0,1855.0,1875.15,763465.0,1437143870.05
2023-12-13,1875.15,1985.0,1864.3,1954.8,3478127.0,6768492782.4
2023-12-14,1974.0,1987.7,1935.1,1947.2,1059401.0,2071734811.75
2023-12-15,1952.0,1957.5,1883.05,1890.6,1276439.0,2435718531.8
2023-12-18,1892.0,1920.65,1870.6,1895.2,922697.0,1755851871.7
2023-12-19,1903.8,1932.45,1880.95,1911.95,982962.0,1878371830.65
2023-12-20,1921.4,1930.0,1737.0,1806.95,1735144.0,3208901195.5
2023-12-21,1780.0,1845.0,1758.65,1837.55,1119503.0,2038371897.65
2023-12-22,1850.0,1863.8,1817.25,1836.95,576891.0,1062737017.5
2023-12-26,1852.0,1872.55,1838.0,1851.05,577293.0,1071111117.45
2023-12-27,1860.3,1878.2,1838.05,1855.05,616245.0,1144048059.2
2023-12-28,1862.55,1866.0,1823.75,1833.75,619863.0,1140234896.35
2023-12-29,1841.5,1841.8,1818.0,1824.4,470937.0,860304842.8
2024-01-01,1825.0,1838.75,1812.0,1818.35,454570.0,829136567.65
2024-01-02,1818.35,1848.3,1808.0,1819.1,556956.0,1016903370.5
2024-01-03,1819.1,1848.0,1819.1,1843.15,635356.0,1168401942.5
2024-01-04,1852.0,1908.75,1840.0,1885.05,1259885.0,2367976925.0
2024-01-05,1894.2,1904.6,1873.85,1888.65,668531.0,1260854236.2
2024-01-08,1898.7,1917.2,1864.05,1873.8,766849.0,1451621316.0
2024-01-09,1884.0,1896.6,1856.4,1874.3,388538.0,728987003.85
2024-01-10,1874.3,1879.95,1842.05,1861.3,440176.0,817869487.2
2024-01-11,1862.5,1868.15,1840.0,1845.0,393764.0,727791673.55
2024-01-12,1849.05,1874.9,1830.1,1852.9,514602.0,954579585.5
2024-01-15,1863.15,1868.65,1842.0,1845.75,290604.0,537622904.55
2024-01-16,1846.0,1912.25,1836.0,1881.3,1452652.0,2733107959.2
2024-01-17,1860.0,1884.75,1842.0,1847.5,599141.0,1111719004.75
2024-01-18,1845.0,1855.95,1770.05,1820.65,963185.0,1742848369.45
2024-01-19,1849.0,1849.0,1810.1,1820.75,356616.0,651034550.5
2024-01-20,1828.0,1836.0,1800.0,1804.6,289087.0,525486795.45
2024-01-23,1810.0,1815.7,1725.0,1733.35,704774.0,1245365276.1
2024-01-24,1745.0,1774.0,1717.45,1761.5,527580.0,924337489.9
2024-01-25,1766.5,1782.0,1743.1,1770.2,464589.0,819331455.45
2024-01-29,1770.0,1795.0,1760.0,1765.4,390789.0,692740274.2
2024-01-30,1770.0,1775.55,1740.05,1745.05,479143.0,841634356.75
2024-01-31,1749.0,1785.0,1734.0,1775.05,752644.0,1324191404.05
2024-02-01,1782.9,1835.0,1757.7,1810.95,1211934.0,2182765395.95
2024-02-02,1833.8,1883.2,1823.55,1873.8,1740090.0,3240947778.35
2024-02-05,1895.0,1912.0,1808.0,1827.55,1620802.0,3027091509.4
2024-02-06,1843.0,1878.0,1815.15,1850.35,884055.0,1633873094.1
2024-02-07,1866.9,1998.85,1848.0,1957.95,5972762.0,11677421360.8
2024-02-08,1978.0,2044.0,1919.0,2000.3,3610129.0,7213219928.65
2024-02-09,2012.0,2067.0,1916.1,1946.95,2720850.0,5378508688.9
2024-02-12,1958.0,1958.95,1825.0,1849.85,1401587.0,2655438683.9
2024-02-13,1849.85,1900.0,1807.35,1885.5,1195658.0,2229552642.6
2024-02-14,1848.0,1907.0,1837.7,1898.7,816478.0,1541074134.75
2024-02-15,1912.65,1916.45,1871.65,1878.4,563632.0,1067095870.95
2024-02-16,1883.0,1906.0,1870.1,1876.15,596658.0,1124247038.0
2024-02-19,1868.4,1883.55,1832.0,1841.5,591969.0,1097138106.65
2024-02-20,1843.95,1866.5,1835.0,1841.3,486031.0,899120591.7
2024-02-21,1842.0,1856.95,1786.35,1799.6,568555.0,1034403407.3
2024-02-22,1807.0,1828.9,1793.0,1824.65,480392.0,871844163.2
2024-02-23,1835.0,1877.7,1814.7,1859.55,957638.0,1773273754.9
2024-02-26,1859.55,1938.5,1842.05,1900.0,1896223.0,3622369351.75
2024-02-27,1912.05,1960.0,1902.7,1913.95,1479422.0,2858002917.1
2024-02-28,1923.0,1980.0,1917.0,1931.05,2128319.0,4159138967.6
2024-02-29,1934.8,1934.8,1882.85,1917.15,966164.0,1845954152.55
2024-03-01,1925.0,1958.0,1908.1,1918.55,635328.0,1225769185.75
2024-03-02,1923.5,1933.0,1912.95,1929.6,87871.0,169317780.6
2024-03-04,1938.95,1944.8,1892.2,1900.75,547337.0,1044527603.8
2024-03-05,1904.0,1907.7,1873.6,1879.65,392464.0,740052841.9
2024-03-06,1880.0,1880.0,1810.1,1836.8,680849.0,1251098654.85
2024-03-07,1853.0,1858.65,1825.8,1830.6,481857.0,885399413.05
2024-03-11,1830.6,1853.75,1806.0,1810.6,447401.0,818189043.15
2024-03-12,1813.0,1821.9,1776.1,1807.45,710526.0,1282396392.45
2024-03-13,1809.7,1825.0,1665.55,1684.65,1300232.0,2253705579.15
2024-03-14,1679.7,1735.5,1650.0,1709.35,857724.0,1466911207.75
2024-03-15,1714.0,1757.7,1690.1,1719.7,864617.0,1487226713.3
2024-03-18,1704.8,1734.0,1681.1,1687.3,623603.0,1060145207.7
2024-03-19,1686.7,1708.0,1670.0,1677.75,402198.0,678678553.25
2024-03-20,1677.75,1684.5,1622.0,1657.6,694051.0,1146942499.1
2024-03-21,1681.0,1778.6,1677.0,1766.1,1497640.0,2606593710.1
2024-03-22,1760.0,1798.0,1755.1,1787.35,677206.0,1206720883.7
2024-03-26,1798.0,1819.0,1776.05,1788.9,755800.0,1359388612.15
2024-03-27,1718.55,1749.75,1675.0,1686.05,21995292.0,37263120256.75
2024-03-28,1705.0,1729.7,1705.0,1711.95,2995595.0,5144101232.0
2024-04-01,1729.0,1845.0,1726.8,1837.7,4304858.0,7735934735.65
2024-04-02,1843.0,1889.2,1809.0,1876.2,2736527.0,5067600149.55
2024-04-03,1858.6,1887.85,1845.45,1876.4,1539426.0,2881841581.65
2024-04-04,1897.7,1929.0,1863.5,1877.55,1511773.0,2854630329.9
2024-04-05,1870.0,1898.0,1852.6,1884.45,972913.0,1821531440.5
2024-04-08,1895.0,1906.75,1862.0,1877.25,770973.0,1450062228.7
2024-04-09,1884.0,1894.95,1856.0,1866.35,920126.0,1721970702.9
2024-04-10,1867.8,1919.9,1858.2,1882.05,1656688.0,3137994775.15
2024-04-12,1882.0,2020.0,1877.45,2008.1,8095570.0,16075112587.0
2024-04-15,1968.6,2042.1,1923.55,1975.95,3703616.0,7345340388.7
2024-04-16,1970.0,2008.0,1952.65,1975.55,1967510.0,3892163321.6
2024-04-18,1987.0,2048.95,1955.55,1965.7,2850341.0,5714520806.35
2024-04-19,1949.0,1964.0,1922.0,1940.3,1526773.0,2968874814.5
2024-04-22,1965.0,2018.0,1950.85,2012.2,1768212.0,3517946642.4
2024-04-23,2030.0,2118.6,2023.0,2105.9,5299172.0,11023420191.7
2024-04-24,2127.0,2195.35,2069.0,2080.75,3655331.0,7779631261.75
2024-04-25,2080.25,2165.0,2056.05,2151.0,2369450.0,5039840914.35
2024-04-26,2151.0,2158.0,2100.05,2119.5,1159479.0,2465856169.55
2024-04-29,2103.0,2128.0,2051.55,2109.75,1790696.0,3747631422.45
2024-04-30,2115.0,2147.7,2086.7,2108.7,1466214.0,3097814442.0
2024-05-02,2116.0,2131.2,2071.0,2077.0,957633.0,1998478656.75
2024-05-03,2090.0,2097.7,2035.0,2079.6,1092311.0,2256787783.1
2024-05-06,2185.0,2199.9,2104.5,2146.35,4753815.0,10239367827.5
2024-05-07,2153.8,2239.0,2100.1,2109.85,4859533.0,10587951614.5
2024-05-08,2115.0,2182.0,2090.0,2168.65,1935324.0,4160434564.6
2024-05-09,2169.0,2174.95,2060.0,2072.0,1420616.0,3005447011.7
2024-05-10,2060.5,2070.0,1980.0,2016.45,2516947.0,5071240609.15
2024-05-13,2000.0,2024.0,1936.05,1993.8,1595876.0,3151541403.45
2024-05-14,2008.0,2067.6,2002.35,2056.55,1178742.0,2395346828.05
2024-05-15,2062.5,2144.0,2062.0,2121.7,1669215.0,3530913218.55
2024-05-16,2139.95,2149.7,2083.0,2094.3,845578.0,1782864422.1
2024-05-17,2100.0,2130.0,2092.25,2115.4,832940.0,1759026398.8
2024-05-18,2111.0,2124.7,2108.0,2114.15,142718.0,302139977.15
2024-05-21,2119.0,2161.1,2097.8,2148.6,1198131.0,2558602603.25
2024-05-22,2160.0,2205.8,2158.05,2164.85,1459651.0,3179889138.75
2024-05-23,2170.0,2176.6,2151.0,2168.45,696461.0,1508212560.75
2024-05-24,2155.0,2194.25,2128.5,2145.55,976004.0,2101713319.7
2024-05-27,2150.5,2160.0,2103.2,2118.95,614822.0,1306745744.15
2024-05-28,2123.0,2129.4,2080.0,2088.15,630408.0,1323392067.95
2024-05-29,2075.0,2109.0,2062.05,2074.9,521641.0,1087801928.85
2024-05-30,2075.0,2083.5,2038.0,2069.55,602116.0,1242187840.85
2024-05-31,2075.0,2096.25,2039.0,2079.7,698553.0,1443882662.4
2024-06-03,2200.0,2200.0,2091.75,2155.85,1534941.0,3299080399.25
2024-06-04,2155.85,2155.85,1835.25,1969.4,2473156.0,4940125373.5
2024-06-05,2003.25,2033.0,1905.2,1967.9,1568159.0,3079891090.35
2024-06-06,1990.0,2055.95,1990.0,2034.2,905970.0,1840673371.15
2024-06-07,2040.0,2104.7,2023.1,2081.8,956303.0,1991259237.7
2024-06-10,2090.0,2097.95,2060.0,2067.05,526307.0,1093227390.8
2024-06-11,2074.0,2120.0,2060.4,2087.85,651675.0,1365215965.4
2024-06-12,2093.95,2133.0,2086.25,2095.55,647734.0,1365567441.75
2024-06-13,2110.0,2126.6,2095.55,2102.0,526288.0,1109139726.65
2024-06-14,2110.0,2139.8,2095.65,2114.8,767403.0,1626645125.45
2024-06-18,2115.0,2119.95,2069.0,2073.3,844407.0,1763045585.2
2024-06-19,2080.0,2089.65,2043.05,2051.6,619806.0,1276503506.35
2024-06-20,2053.95,2055.0,2033.05,2039.45,353156.0,722082973.8
2024-06-21,2042.0,2069.05,2020.1,2027.0,699125.0,1427743855.0
2024-06-24,2025.0,2038.35,2002.9,2032.65,361149.0,731859824.75
2024-06-25,2038.0,2062.8,2025.5,2035.15,411269.0,837725278.9
2024-06-26,2034.9,2042.0,2010.0,2017.25,330866.0,670424970.55
2024-06-27,2015.0,2028.5,1999.2,2006.2,505825.0,1016870102.2
2024-06-28,2160.0,2407.4,2120.1,2387.25,21716546.0,49454248273.85
2024-07-01,2420.0,2538.65,2389.0,2438.0,8138174.0,19885548966.5
2024-07-02,2446.0,2488.8,2368.0,2391.1,4940652.0,11972752306.0
2024-07-03,2395.0,2404.8,2312.1,2319.65,2277560.0,5309262694.1
2024-07-04,2338.0,2364.45,2315.0,2320.05,1546906.0,3610873305.9
2024-07-05,2324.0,2348.0,2289.0,2322.95,1070353.0,2479286987.2
2024-07-08,2340.0,2345.95,2302.05,2309.1,885793.0,2050517871.05
2024-07-09,2311.8,2360.0,2290.0,2298.0,1069017.0,2485355543.8
2024-07-10,2314.0,2339.95,2260.0,2297.05,875650.0,2014249134.0
2024-07-11,2314.0,2493.0,2299.9,2442.4,6135993.0,14886016858.05
2024-07-12,2464.0,2495.0,2406.0,2418.9,1519920.0,3715922572.25
2024-07-15,2431.0,2474.7,2387.0,2406.95,1409504.0,3415498927.25
2024-07-16,2400.0,2415.95,2378.0,2383.05,647212.0,1548188462.95
2024-07-18,2381.0,2403.1,2315.0,2331.95,747835.0,1754094624.95
2024-07-19,2328.2,2328.2,2275.5,2285.2,703801.0,1614750866.0
2024-07-22,2265.25,2314.8,2253.65,2291.1,527054.0,1206849620.2
2024-07-23,2297.1,2360.1,2171.0,2323.25,1374076.0,3145487442.8
2024-07-24,2324.0,2423.5,2319.0,2383.6,1451422.0,3460430820.3
2024-07-25,2359.0,2425.0,2345.55,2415.8,1077223.0,2578616168.65
2024-07-26,2430.0,2469.5,2417.1,2446.8,1167614.0,2851991650.75
2024-07-29,2471.25,2507.0,2440.0,2446.0,1135069.0,2807942005.65
2024-07-30,2459.0,2512.45,2445.9,2453.0,1109877.0,2741644312.1
2024-07-31,2463.0,2594.2,2455.0,2501.5,3724359.0,9456945374.4
2024-08-01,2525.0,2530.0,2430.0,2437.8,1512643.0,3715038611.5
2024-08-02,2404.75,2468.0,2391.3,2453.2,964648.0,2353169109.0
2024-08-05,2450.0,2451.95,2301.75,2310.9,2925600.0,6924951428.65
2024-08-06,2355.55,2390.0,2284.5,2292.85,1494638.0,3473178035.25
2024-08-07,2351.85,2360.5,2279.2,2349.05,820767.0,1908098922.3
2024-08-08,2355.45,2495.0,2352.1,2453.2,3475027.0,8511776966.2
2024-08-09,2505.0,2594.85,2468.0,2565.25,3418980.0,8721086690.65
2024-08-12,2590.9,2667.95,2569.45,2573.8,2571971.0,6727759047.7
2024-08-13,2590.0,2593.7,2520.0,2528.25,981571.0,2504720329.95
2024-08-14,2545.0,2591.0,2508.0,2560.6,1265092.0,3219814173.3
2024-08-16,2588.0,2812.0,2580.35,2788.15,6376190.0,17352168846.5
2024-08-19,2855.0,2955.0,2840.0,2876.15,4411644.0,12750309275.2
2024-08-20,2902.0,2934.0,2855.0,2886.1,2243572.0,6500816445.5
2024-08-21,2905.0,2923.15,2851.0,2866.1,1611512.0,4643837732.5
2024-08-22,2882.7,2989.0,2867.45,2898.1,2907470.0,8511876391.7
2024-08-23,1500.0,1664.4,1485.65,1568.5,20675572.0,32668968717.75
2024-08-26,1600.0,1615.0,1531.0,1539.1,4234039.0,6570935324.15
2024-08-27,1538.0,1545.0,1490.5,1534.7,3796094.0,5744234271.3
2024-08-28,1520.0,1520.0,1490.0,1493.25,2792969.0,4198546715.55
2024-08-29,1485.0,1485.0,1425.0,1431.4,4290237.0,6184862759.55
2024-08-30,1431.15,1470.0,1405.0,1434.9,4552564.0,6561776358.55
2024-09-02,1443.0,1454.0,1413.0,1416.4,1736140.0,2474097543.1
2024-09-03,1417.95,1441.45,1416.6,1421.45,1752812.0,2498923514.45
2024-09-04,1412.0,1448.45,1402.25,1420.05,1742516.0,2490428598.5
2024-09-05,1430.0,1433.7,1414.0,1417.05,1102929.0,1569957674.1
2024-09-06,1420.0,1434.15,1400.0,1401.5,1712519.0,2418657553.8
2024-09-09,1400.0,1401.9,1366.1,1372.6,1663561.0,2289067904.35
2024-09-10,1379.7,1384.45,1348.4,1354.45,1876431.0,2553628938.25
2024-09-11,1357.0,1383.3,1348.4,1359.3,1973343.0,2693837724.15
2024-09-12,1369.3,1386.0,1366.0,1378.25,1424053.0,1956989057.35
2024-09-13,1387.0,1410.75,1377.0,1381.45,1767372.0,2458404406.8
2024-09-16,1392.5,1460.0,1372.1,1444.7,8519414.0,12231461561.8
2024-09-17,1450.8,1475.0,1442.05,1456.25,4414358.0,6449844043.4
2024-09-18,1463.2,1542.6,1461.0,1504.15,9162441.0,13849504474.4
2024-09-19,1525.0,1568.3,1475.05,1511.1,6908309.0,10509193691.5
2024-09-20,1519.9,1581.0,1518.5,1538.65,6003579.0,9311252122.7
2024-09-23,1554.0,1559.8,1515.9,1521.55,2994931.0,4588643328.3
2024-09-24,1528.0,1528.0,1492.0,1497.75,2258903.0,3403234030.6
2024-09-25,1488.0,1542.9,1488.0,1496.25,2859531.0,4326669285.45
2024-09-26,1503.75,1513.5,1465.0,1468.8,2502729.0,3723464558.05
2024-09-27,1471.8,1479.8,1454.8,1463.05,1642909.0,2407591695.1
2024-09-30,1462.4,1482.55,1435.0,1437.1,2141817.0,3098134502.25
2024-10-01,1447.95,1454.25,1425.05,1436.65,1968977.0,2828864351.7
2024-10-03,1417.05,1456.1,1399.0,1415.3,2732106.0,3899333280.3
2024-10-04,1415.3,1428.2,1366.2,1373.8,3344049.0,4670934853.7
2024-10-07,1385.0,1434.0,1357.0,1368.1,4234264.0,5886874294.45
2024-10-08,1371.0,1378.35,1344.6,1362.1,5155410.0,6991848428.4
2024-10-09,1382.05,1484.95,1380.0,1471.85,10862241.0,15737161396.85
2024-10-10,1486.0,1515.0,1461.1,1483.65,4389364.0,6524644806.0
2024-10-11,1489.7,1509.0,1468.0,1478.05,2604195.0,3864888131.55
2024-10-14,1485.0,1615.0,1480.35,1579.3,18199893.0,28442579634.85
2024-10-15,1599.0,1632.0,1565.65,1586.5,8021400.0,12777754339.55
2024-10-16,1586.0,1640.0,1560.05,1569.7,8398509.0,13443506487.85
2024-10-17,1589.0,1609.7,1538.05,1545.0,5857237.0,9217457382.65
2024-10-18,1540.9,1587.2,1495.0,1579.3,5823127.0,9046795047.1
2024-10-21,1592.6,1604.9,1545.0,1551.9,3300832.0,5189502294.45
2024-10-22,1555.0,1555.0,1452.15,1460.85,4151788.0,6192222424.6
2024-10-23,1464.7,1506.0,1436.4,1480.35,4215077.0,6227211903.55
2024-10-24,1485.95,1494.7,1453.3,1470.0,2022849.0,2981669452.8
2024-10-25,1474.0,1478.6,1381.2,1419.0,4023814.0,5695680166.75
2024-10-28,1472.0,1518.0,1455.05,1483.65,7146725.0,10641766131.45
2024-10-29,1484.8,1484.8,1447.7,1461.9,3134180.0,4574864290.0
2024-10-30,1463.0,1527.0,1460.15,1519.0,4585292.0,6881594224.2
2024-10-31,1520.9,1550.0,1508.0,1545.8,4157987.0,6355046809.05
2024-11-01,1559.0,1570.0,1550.05,1558.0,1203130.0,1880085143.45
2024-11-04,1556.45,1556.45,1504.0,1521.8,3090069.0,4717271928.15
2024-11-05,1519.6,1549.9,1506.8,1541.55,2739631.0,4189543860.4
2024-11-06,1555.0,1610.0,1552.4,1572.4,5565895.0,8811480618.8
2024-11-07,1580.0,1620.0,1575.85,1600.95,4899725.0,7856087946.45
2024-11-08,1611.0,1678.85,1576.0,1596.75,9470178.0,15458128220.05
2024-11-11,1587.9,1589.75,1548.5,1554.25,3104978.0,4871024064.3
2024-11-12,1560.0,1583.95,1516.0,1521.9,2901567.0,4488895072.3
2024-11-13,1521.0,1524.4,1427.0,1435.25,4363184.0,6394295897.45
2024-11-14,1445.0,1497.25,1444.0,1472.75,3977598.0,5869799666.15
2024-11-18,1480.0,1515.0,1451.45,1504.65,3341820.0,4968559016.75
2024-11-19,1514.0,1538.25,1494.0,1506.35,2601301.0,3958186662.5
2024-11-21,1505.0,1549.0,1480.05,1544.35,4049265.0,6154959930.1
2024-11-22,1549.7,1553.7,1522.7,1540.25,2418025.0,3724038323.1
2024-11-25,1560.0,1587.9,1550.0,1554.55,3092888.0,4837941545.8
2024-11-26,1559.9,1592.0,1553.2,1587.6,2778041.0,4374188457.1
2024-11-27,1595.3,1629.95,1583.0,1617.9,4269089.0,6897466014.1
2024-11-28,1623.35,1657.9,1590.05,1598.25,3317499.0,5374276115.75
2024-11-29,1606.0,1663.9,1600.0,1639.45,5347934.0,8773197862.1
2024-12-02,1647.0,1692.0,1630.0,1665.05,6119468.0,10205514664.2
2024-12-03,1673.4,1688.45,1650.5,1663.9,3351305.0,5591934341.6
2024-12-04,1668.95,1731.2,1665.25,1718.6,5507611.0,9355806667.4
2024-12-05,1740.0,1865.4,1732.7,1855.95,18985579.0,34589429180.95
2024-12-06,1869.0,1899.0,1840.55,1883.8,8017285.0,14970870882.4
2024-12-09,1875.0,1929.4,1859.7,1904.95,5624475.0,10726025465.6
2024-12-10,1907.0,1915.35,1865.95,1908.9,3534180.0,6681215211.15
2024-12-11,1912.0,1935.3,1897.25,1930.35,2801940.0,5375420809.85
2024-12-12,1933.8,1962.2,1926.35,1948.0,3445419.0,6708199615.05
2024-12-13,1940.0,1951.75,1905.0,1943.5,3341528.0,6447071019.85
2024-12-16,1948.6,1980.0,1945.3,1957.95,3239135.0,6357575856.65
2024-12-17,1954.85,1989.8,1947.7,1964.05,2900596.0,5714150878.6
2024-12-18,1970.0,1973.6,1917.55,1948.95,2653745.0,5170055922.75
2024-12-19,1902.0,1965.9,1897.0,1956.45,2579536.0,5010110548.2
2024-12-20,1962.0,1965.85,1851.6,1860.75,3245637.0,6170254686.45
2024-12-23,1878.0,1888.0,1814.0,1818.6,2838705.0,5216307233.2
2024-12-24,1822.0,1836.9,1791.55,1815.5,1872798.0,3403687977.55
2024-12-26,1819.0,1822.85,1776.55,1806.65,2000656.0,3596742106.4
2024-12-27,1840.0,1840.0,1762.55,1777.55,2180027.0,3890495000.15
2024-12-30,1779.0,1794.8,1740.0,1748.95,2277156.0,4017254797.6
2024-12-31,1744.05,1766.45,1720.35,1758.65,1719924.0,3001708343.7
2025-01-01,1760.4,1822.0,1752.05,1808.65,2831813.0,5098855916.25
2025-01-02,1818.0,1818.7,1775.05,1804.85,2065202.0,3703647084.6
2025-01-03,1810.0,1828.5,1800.05,1805.35,1932053.0,3503905037.25
2025-01-06,1807.4,1816.9,1723.0,1731.25,2547576.0,4473183808.6
2025-01-07,1732.0,1772.0,1726.65,1758.75,2361921.0,4135274979.8
2025-01-08,1760.4,1760.6,1698.0,1722.4,2695329.0,4627021461.55
2025-01-09,1718.85,1723.5,1671.0,1673.95,1757818.0,2979344939.05
2025-01-10,1671.65,1687.3,1590.0,1594.45,3222381.0,5247113000.0
2025-01-13,1574.85,1598.0,1516.75,1529.25,3421640.0,5326803337.85
2025-01-14,1544.0,1588.0,1527.7,1572.5,2693590.0,4201020912.4
2025-01-15,1586.0,1642.25,1569.1,1602.9,3865884.0,6215780479.2
2025-01-16,1631.0,1633.8,1590.25,1603.25,2852472.0,4595500677.3
2025-01-17,1606.95,1616.35,1587.1,1597.9,1738737.0,2781258372.15
2025-01-20,1607.7,1619.35,1591.3,1598.4,1507671.0,2414068608.5
2025-01-21,1600.05,1606.0,1522.0,1527.55,3591072.0,5542035465.95
2025-01-22,1526.0,1526.0,1474.05,1504.7,2987026.0,4464883338.2
2025-01-23,1503.85,1528.7,1485.45,1516.15,2036494.0,3081353378.1
2025-01-24,1525.0,1542.0,1491.85,1500.25,2204447.0,3336829281.85
2025-01-27,1400.0,1420.2,1323.0,1344.05,11269999.0,15393269458.35
2025-01-28,1339.0,1341.0,1242.5,1264.6,11438810.0,14559228323.75
2025-01-29,1270.0,1300.0,1257.65,1291.45,5527228.0,7090944825.65
2025-01-30,1304.7,1319.1,1259.5,1270.8,4418841.0,5692248949.6
2025-01-31,1285.0,1315.9,1271.0,1309.7,3621641.0,4705695064.85
2025-02-01,1318.95,1347.0,1264.25,1306.9,4099037.0,5383045825.4
2025-02-03,1300.0,1302.75,1238.5,1247.05,3824554.0,4816461755.85
2025-02-04,1266.0,1293.95,1258.1,1290.5,2894579.0,3692797305.1
2025-02-05,1307.0,1356.0,1304.95,1348.85,5132426.0,6895476453.65
2025-02-06,1360.0,1365.0,1322.15,1328.05,2719181.0,3639977860.7
2025-02-07,1334.9,1355.95,1322.0,1336.2,2767119.0,3704619471.4
2025-02-10,1337.0,1339.0,1290.25,1297.6,2062278.0,2689694406.15
2025-02-11,1298.0,1298.7,1230.3,1239.9,3686050.0,4600971350.25
2025-02-12,1220.0,1258.0,1168.95,1235.7,6478169.0,7876128670.35
2025-02-13,1239.0,1263.7,1225.0,1227.0,2558775.0,3183659341.45
2025-02-14,1235.0,1246.65,1193.15,1205.3,2951830.0,3579821967.4
2025-02-17,1184.9,1221.0,1165.15,1206.95,2845961.0,3421323386.55
2025-02-18,1207.4,1208.05,1172.0,1184.55,2479554.0,2935743161.95
2025-02-19,1177.7,1224.25,1151.05,1208.25,4621419.0,5576268493.0
2025-02-20,1204.7,1256.3,1196.15,1249.25,4737475.0,5858291730.05
2025-02-21,1280.0,1294.0,1250.0,1255.65,7809931.0,9907509869.55
2025-02-24,1240.0,1244.85,1210.55,1213.95,3379288.0,4140585892.0
2025-02-25,1211.0,1221.45,1196.1,1201.25,2575233.0,3108632541.1
2025-02-27,1203.0,1208.7,1150.25,1153.75,3485153.0,4088249400.0
2025-02-28,1135.0,1142.95,1103.05,1107.9,5075016.0,5673108790.45
2025-03-03,1115.0,1126.95,1078.0,1104.2,4773224.0,5263175495.8
2025-03-04,1083.9,1123.8,1080.0,1116.25,3120446.0,3468077959.85
2025-03-05,1116.25,1144.0,1106.25,1139.0,3821041.0,4299817795.6
2025-03-06,1158.0,1185.55,1142.45,1175.9,4564238.0,5333775318.45
2025-03-07,1179.0,1184.8,1147.95,1152.9,3811591.0,4444378450.2
2025-03-10,1150.05,1167.55,1102.0,1107.3,2936448.0,3309568013.6
2025-03-11,1088.0,1113.9,1072.2,1104.45,3779264.0,4130418677.0
2025-03-12,1111.8,1118.45,1080.0,1089.85,3539335.0,3869974860.3
2025-03-13,1100.0,1101.25,1070.0,1071.0,3198756.0,3452418879.65
2025-03-17,1071.0,1074.45,1047.45,1058.2,5464185.0,5783384063.55
2025-03-18,1062.0,1125.0,1062.0,1119.75,7304235.0,8066974501.1
2025-03-19,1131.0,1179.95,1129.05,1173.25,7699060.0,8894577430.7
2025-03-20,1196.0,1202.65,1152.0,1170.3,5818751.0,6830653044.5
2025-03-21,1177.7,1220.1,1169.0,1216.3,8270787.0,9984211690.4
2025-03-24,1236.0,1249.5,1228.3,1235.55,4963411.0,6148718331.2
2025-03-25,1248.0,1253.6,1204.0,1210.4,4719219.0,5756668946.7
2025-03-26,1215.0,1222.0,1175.0,1181.2,3253652.0,3902712014.8
2025-03-27,1175.0,1198.5,1170.0,1187.7,3913181.0,4636528277.3
2025-03-28,1206.4,1259.8,1206.4,1220.05,11646090.0,14393084303.15
2025-04-01,1219.0,1222.25,1194.0,1197.8,3060117.0,3693076239.4
2025-04-02,1201.9,1225.9,1192.55,1221.45,3007043.0,3651021673.85
2025-04-03,1208.0,1240.0,1203.0,1238.3,3425692.0,4214532430.95
2025-04-04,1240.0,1242.0,1185.0,1199.85,4443755.0,5353018402.4
2025-04-07,1079.9,1169.0,1079.9,1143.8,5195672.0,5860911177.75
2025-04-08,1190.0,1206.4,1160.05,1171.95,3902247.0,4588791712.25
2025-04-09,1169.0,1173.55,1140.6,1146.65,2230395.0,2576269122.55
2025-04-11,1190.0,1190.0,1162.0,1168.0,2544305.0,2979859342.15
2025-04-15,1190.0,1231.0,1180.0,1227.4,3779299.0,4589376957.6
2025-04-16,1239.0,1239.0,1221.3,1232.2,2790449.0,3433321188.4
2025-04-17,1230.0,1249.8,1218.0,1241.9,4032112.0,4995798245.3
2025-04-21,1251.0,1315.0,1248.4,1306.8,8458914.0,10890824403.9
2025-04-22,1322.5,1334.7,1305.0,1312.6,6473593.0,8549113055.6
2025-04-23,1322.0,1368.3,1297.7,1360.9,8199720.0,10960410510.9
2025-04-24,1362.0,1377.9,1345.5,1367.4,6970592.0,9510779779.8
2025-04-25,1370.0,1378.9,1291.4,1330.9,9992155.0,13225158447.8
2025-04-28,1330.9,1346.8,1312.9,1339.1,4813144.0,6432467875.5
2025-04-29,1346.5,1376.2,1343.0,1346.2,3707540.0,5034562204.8
2025-04-30,1340.0,1342.0,1310.3,1320.0,3086189.0,4082094802.1
2025-05-02,1320.0,1334.5,1311.1,1328.2,3877045.0,5134611735.8
2025-05-05,1279.9,1328.0,1260.0,1313.5,9286432.0,11944163913.4
2025-05-06,1313.5,1325.0,1251.1,1260.2,4494504.0,5761134792.5
2025-05-07,1236.2,1292.5,1236.2,1266.6,5075138.0,6435382986.3
2025-05-08,1278.0,1292.9,1230.8,1240.2,3179456.0,4040435059.8
2025-05-09,1194.0,1233.1,1194.0,1218.6,3987697.0,4835147227.8
2025-05-12,1285.0,1288.0,1260.8,1279.0,3821660.0,4863755632.9
2025-05-13,1281.7,1325.0,1275.4,1323.3,5386536.0,7040367359.9
2025-05-14,1334.4,1349.9,1326.7,1336.4,3810475.0,5096184307.6
2025-05-15,1339.0,1347.4,1331.7,1337.2,2586421.0,3461956003.2
2025-05-16,1342.0,1435.0,1337.1,1408.8,10872895.0,15220187958.7
2025-05-19,1420.0,1468.0,1408.0,1450.8,9502730.0,13755071288.1
2025-05-20,1463.7,1488.7,1430.1,1448.6,10139304.0,14803937638.8
2025-05-21,1447.9,1463.3,1420.1,1450.3,5806437.0,8388481685.3
2025-05-22,1450.0,1479.0,1440.0,1455.5,5632570.0,8227053896.6
2025-05-23,1461.0,1474.7,1445.0,1462.3,4422837.0,6451550424.8
2025-05-26,1468.0,1485.0,1465.0,1468.9,3616335.0,5327160187.1
2025-05-27,1467.9,1476.0,1452.1,1465.8,3129322.0,4590222328.8
2025-05-28,1470.0,1524.9,1466.1,1519.3,8320963.0,12518809676.6
2025-05-29,1534.0,1538.0,1506.0,1513.0,4432920.0,6746543275.1
2025-05-30,1514.7,1554.0,1513.3,1529.7,5711655.0,8794727274.0
2025-06-02,1533.4,1698.0,1531.1,1682.9,19982537.0,32825593189.4
2025-06-03,1698.0,1730.0,1683.0,1708.9,12431994.0,21257261901.0
2025-06-04,1714.0,1746.3,1677.1,1701.3,6823572.0,11634816869.2
2025-06-05,1713.0,1795.0,1703.0,1778.8,9554463.0,16745818751.8
2025-06-06,1795.0,1815.9,1765.1,1776.0,8394808.0,15059328361.9
2025-06-09,1786.0,1815.5,1773.0,1793.5,4467666.0,8030456430.4
2025-06-10,1802.1,1828.9,1783.1,1787.2,4428584.0,7995655174.4
2025-06-11,1789.0,1798.8,1715.8,1739.4,7668758.0,13397918928.7
2025-06-12,1728.0,1728.0,1636.1,1644.2,8169499.0,13651204506.9
2025-06-13,1595.0,1668.9,1590.7,1659.7,6176138.0,10143598041.2
2025-06-16,1650.0,1686.0,1625.0,1682.6,4531283.0,7516239016.2
2025-06-17,1690.3,1723.9,1677.0,1686.8,5365587.0,9123700017.7
2025-06-18,1683.9,1702.6,1672.3,1680.3,2574935.0,4341517781.5
2025-06-19,1678.9,1685.9,1635.0,1637.8,2740650.0,4539645472.0
2025-06-20,1636.0,1688.9,1632.7,1685.8,3125164.0,5225398070.7
2025-06-23,1675.0,1740.0,1665.0,1723.3,7333258.0,12536282301.2
2025-06-24,1755.0,1764.2,1728.0,1748.5,5572107.0,9741129885.9
2025-06-25,1756.8,1782.0,1740.7,1744.3,4128802.0,7288424370.2
2025-06-26,1749.0,1755.0,1726.1,1746.8,2840860.0,4948152265.6
2025-06-27,1750.0,1797.5,1750.0,1760.5,4679966.0,8308685940.7
2025-06-30,1768.0,1812.0,1764.0,1794.0,5084031.0,9119947987.5
2025-07-01,1804.0,1809.0,1773.7,1797.5,3619853.0,6494862990.3
2025-07-02,1794.6,1814.0,1763.0,1779.0,3075273.0,5497263943.0
2025-07-03,1780.5,1809.8,1764.7,1804.9,3253951.0,5842664378.4
2025-07-04,1805.0,1805.0,1726.7,1762.5,5459008.0,9620281551.4
2025-07-07,1761.8,1790.0,1743.4,1778.5,2706713.0,4806689572.7
2025-07-08,1783.0,1794.9,1722.3,1754.1,4684269.0,8207823148.8
2025-07-09,1755.0,1769.7,1750.1,1761.5,1846080.0,3253954885.2
2025-07-10,1764.0,1784.8,1743.1,1747.2,2045231.0,3603777399.8
2025-07-11,1735.0,1749.0,1685.0,1688.7,3250994.0,5553123624.5
2025-07-14,1694.0,1725.9,1667.0,1677.4,4160928.0,7054719752.5
2025-07-15,1685.0,1706.0,1666.6,1701.4,2506938.0,4231391779.1
2025-07-16,1703.0,1732.0,1695.0,1721.5,2277719.0,3912994147.2
2025-07-17,1724.9,1735.0,1708.0,1714.1,1721691.0,2961615919.2
2025-07-18,1714.0,1717.5,1687.3,1698.5,1669910.0,2843229419.3
2025-07-21,1695.0,1736.0,1690.3,1731.5,2168014.0,3731526518.5
2025-07-22,1745.9,1753.9,1708.5,1714.7,2601526.0,4500464559.4
2025-07-23,1724.0,1724.0,1675.0,1697.3,2624523.0,4436917177.1
2025-07-24,1698.9,1698.9,1675.6,1679.3,1500102.0,2524530064.4
2025-07-25,1671.0,1671.3,1611.0,1614.7,3021430.0,4944411625.3
2025-07-28,1550.0,1596.4,1517.1,1522.8,6256943.0,9730539791.5
2025-07-29,1522.9,1550.7,1516.2,1539.7,2790287.0,4284350589.9
2025-07-30,1542.0,1549.0,1509.0,1512.8,2574925.0,3917189402.4
2025-07-31,1495.0,1509.8,1475.0,1480.8,2862587.0,4272136437.4
2025-08-01,1480.0,1494.0,1462.9,1478.8,2222837.0,3294159356.6
2025-08-04,1480.0,1577.9,1475.5,1572.4,5011132.0,7709147247.8
2025-08-05,1576.0,1577.4,1543.0,1566.2,2757011.0,4312308843.0
2025-08-06,1565.5,1565.5,1524.2,1545.6,2781305.0,4296491680.3
2025-08-07,1530.0,1571.0,1515.0,1564.5,3084909.0,4751165402.4
2025-08-08,1566.0,1605.9,1550.1,1567.1,6086096.0,9602836068.3
2025-08-11,1572.0,1584.0,1546.1,1564.8,2750081.0,4304644372.7
2025-08-12,1565.0,1575.0,1540.0,1541.7,1706051.0,2652742985.1
2025-08-13,1546.0,1573.0,1543.9,1564.5,1778979.0,2781828793.1
2025-08-14,1564.0,1577.0,1551.2,1559.8,1289206.0,2013073773.3
2025-08-18,1583.0,1596.9,1562.4,1575.1,1982597.0,3136196048.1
2025-08-19,1578.7,1589.0,1565.5,1581.7,1073753.0,1695486137.4
2025-08-20,1581.7,1587.5,1572.4,1583.6,1008227.0,1593143420.3
2025-08-21,1590.0,1611.5,1556.1,1569.5,3472849.0,5497505575.5
2025-08-22,1565.0,1589.5,1565.0,1574.4,1575909.0,2488931538.5
2025-08-25,1575.0,1579.3,1539.0,1541.9,1269755.0,1975699478.1
2025-08-26,1535.8,1539.9,1488.8,1492.1,2013894.0,3039637087.2
2025-08-28,1491.0,1498.0,1448.1,1452.0,1952370.0,2875065108.6
2025-08-29,1453.7,1457.0,1421.0,1424.4,2043349.0,2931238788.7
2025-09-01,1431.5,1480.0,1431.3,1476.9,1785436.0,2612983554.2
2025-09-02,1479.9,1543.3,1463.3,1508.9,3467152.0,5239125290.5
2025-09-03,1508.9,1526.9,1507.1,1518.6,1183630.0,1795306836.6
2025-09-04,1525.7,1533.6,1501.8,1509.4,1287980.0,1950220190.3
2025-09-05,1508.5,1541.0,1506.5,1523.4,1679391.0,2565424387.1
2025-09-08,1523.4,1565.0,1523.4,1554.3,1698162.0,2629668273.0
2025-09-09,1559.0,1563.7,1540.0,1548.9,1320841.0,2051021630.3
2025-09-10,1553.3,1567.3,1532.2,1548.8,1744358.0,2703656919.9
2025-09-11,1548.5,1560.9,1525.0,1531.9,1313310.0,2024906197.1
2025-09-12,1537.0,1553.3,1534.7,1545.8,1186378.0,1833972305.4
2025-09-15,1550.0,1564.5,1546.0,1553.6,1129103.0,1757052422.0
2025-09-16,1553.6,1555.5,1542.0,1549.4,626658.0,969995585.0
2025-09-17,1551.5,1576.8,1551.1,1568.9,1718548.0,2693953485.5
2025-09-18,1575.0,1625.0,1570.0,1588.3,4680341.0,7498296708.2
2025-09-19,1591.0,1601.9,1575.8,1582.0,1496807.0,2378755838.5
2025-09-22,1582.0,1582.8,1551.0,1558.5,1040158.0,1631553915.2
2025-09-23,1551.0,1559.2,1525.6,1546.6,1127421.0,1738961492.1
2025-09-24,1543.0,1549.8,1506.1,1514.0,1373690.0,2092655996.8
2025-09-25,1508.8,1521.0,1490.0,1494.8,1356025.0,2039305263.9
2025-09-26,1490.0,1502.6,1460.0,1467.7,1537976.0,2275030170.4
2025-09-29,1473.0,1501.4,1470.0,1475.0,1962994.0,2908150722.8
2025-09-30,1475.0,1476.3,1450.0,1458.6,1400153.0,2048202165.4
2025-10-01,1462.0,1479.7,1459.0,1475.5,1182174.0,1738874264.7
2025-10-03,1475.5,1493.9,1470.0,1490.1,1372102.0,2038254401.2
2025-10-06,1490.0,1528.0,1485.1,1524.9,2020414.0,3053801073.8
2025-10-07,1530.0,1592.0,1520.4,1562.8,4417500.0,6933528480.2
2025-10-08,1559.9,1571.0,1535.0,1539.7,1327054.0,2054508386.0
2025-10-09,1539.7,1564.8,1528.5,1558.6,1698777.0,2633981672.5
2025-10-10,1555.0,1611.0,1555.0,1605.3,3338032.0,5312775522.9
2025-10-13,1601.0,1628.0,1597.6,1619.4,3364466.0,5424807665.6
2025-10-14,1627.0,1661.2,1600.3,1606.5,2945797.0,4792357014.6
2025-10-15,1610.0,1635.9,1603.0,1622.0,1672560.0,2713878086.2
2025-10-16,1624.3,1635.0,1615.0,1620.3,1347594.0,2189898704.5
2025-10-17,1625.4,1641.6,1602.4,1611.3,2174965.0,3534535548.7
2025-10-20,1620.0,1629.7,1596.9,1599.8,1232035.0,1980786881.5
2025-10-21,1611.0,1614.9,1600.1,1604.0,326850.0,524815570.8
2025-10-23,1608.0,1626.0,1589.0,1600.3,1347483.0,2171720489.9
2025-10-24,1601.4,1617.2,1581.1,1590.2,1230930.0,1967773717.8
2025-10-27,1592.0,1641.0,1592.0,1636.5,2697487.0,4381119807.7
2025-10-28,1643.4,1651.3,1624.0,1632.8,1894587.0,3099466340.5
2025-10-29,1625.0,1626.5,1591.0,1616.4,1844623.0,2969521219.8
2025-10-30,1613.8,1625.0,1607.0,1614.7,809134.0,1307041020.2
2025-10-31,1614.0,1619.0,1569.1,1587.2,2101693.0,3346254580.4
2025-11-03,1585.0,1616.5,1577.0,1593.4,2171717.0,3468636155.9
2025-11-04,1585.1,1589.9,1531.5,1539.1,3060056.0,4743772864.3
2025-11-06,1529.9,1538.5,1517.0,1532.9,1409286.0,2153022942.5
2025-11-07,1525.0,1612.0,1508.0,1578.8,3992633.0,6265219726.6
2025-11-10,1580.4,1607.2,1580.4,1589.8,1566128.0,2498504958.7
2025-11-11,1590.0,1606.4,1576.0,1600.9,1310637.0,2090648705.1
2025-11-12,1616.0,1659.9,1610.0,1655.3,4718903.0,7746171345.4
2025-11-13,1659.5,1665.0,1621.0,1626.3,2358185.0,3884925579.0
2025-11-14,1626.0,1648.8,1616.0,1625.8,1521310.0,2482672423.3
2025-11-17,1629.8,1640.0,1621.0,1631.5,1219735.0,1988878999.5
2025-11-18,1633.0,1633.4,1601.0,1605.7,1562523.0,2522330751.8
2025-11-19,1605.0,1631.9,1589.1,1622.8,1551858.0,2506160221.5
2025-11-20,1627.0,1673.7,1625.0,1640.1,4399462.0,7285514838.5
2025-11-21,1636.0,1639.5,1608.0,1610.2,1455188.0,2365561918.9
2025-11-24,1611.0,1626.0,1582.5,1587.6,1225592.0,1964275938.9
2025-11-25,1587.0,1597.2,1570.3,1574.1,1245972.0,1971394001.1
2025-11-26,1580.0,1625.8,1577.8,1619.9,1900973.0,3069778965.3
2025-11-27,1625.0,1632.3,1605.5,1624.6,1440230.0,2334134189.2
2025-11-28,1628.9,1629.7,1611.0,1617.2,736163.0,1190949485.1
2025-12-01,1620.0,1638.9,1596.5,1604.5,1240350.0,2005769611.0
2025-12-02,1600.0,1607.0,1579.0,1592.1,1046619.0,1667504268.1
2025-12-03,1590.0,1591.7,1544.1,1550.5,1568685.0,2448322741.9
2025-12-04,1549.0,1559.5,1531.0,1536.3,1554894.0,2397753733.2
2025-12-05,1535.0,1554.6,1527.9,1550.6,1187921.0,1832563177.2
2025-12-08,1550.0,1565.9,1505.0,1520.9,1629503.0,2500599161.9
2025-12-09,1505.0,1523.9,1458.4,1517.2,2122000.0,3174183667.9
2025-12-10,1517.2,1523.1,1474.0,1479.3,1602602.0,2394996690.8
2025-12-11,1481.0,1530.0,1477.0,1522.7,1810907.0,2732632535.5
2025-12-12,1531.0,1537.4,1518.0,1526.5,907070.0,1385565754.8
2025-12-15,1518.9,1522.6,1506.0,1517.6,720157.0,1090690989.3
2025-12-16,1508.0,1514.7,1495.0,1501.2,798177.0,1199610038.8
2025-12-17,1501.2,1509.6,1472.6,1477.3,1256442.0,1865429744.4
2025-12-18,1477.0,1492.9,1470.6,1489.6,1015587.0,1507231832.6
2025-12-19,1493.0,1501.9,1481.3,1499.6,817447.0,1221566358.9
2025-12-22,1506.0,1524.0,1503.3,1518.7,975094.0,1477236662.3
2025-12-23,1522.9,1524.0,1506.9,1515.5,772845.0,1172663895.5
2025-12-24,1513.0,1520.9,1496.0,1498.9,764304.0,1152170702.6
2025-12-26,1496.0,1506.4,1476.9,1482.7,1213369.0,1807084544.0
2025-12-29,1482.7,1484.0,1460.4,1463.5,1145867.0,1684995054.3
2025-12-30,1459.0,1466.9,1421.0,1433.9,2130446.0,3062332738.4
2025-12-31,1436.0,1456.0,1435.0,1443.6,1144940.0,1654447013.9
2026-01-01,1443.7,1452.0,1436.0,1446.2,681478.0,984445142.7
2026-01-02,1446.2,1467.8,1440.9,1466.6,1061313.0,1550873032.3
2026-01-05,1465.0,1479.0,1452.1,1468.6,1534959.0,2247834434.0
2026-01-06,1469.0,1477.4,1448.3,1457.0,917193.0,1340977609.4
2026-01-07,1452.1,1479.9,1446.3,1475.6,854521.0,1256863438.6
2026-01-08,1473.9,1480.3,1433.5,1438.2,1808746.0,2618634173.8
2026-01-09,1432.7,1450.9,1403.1,1409.7,2028398.0,2892229329.9
2026-01-12,1408.0,1429.6,1395.1,1417.5,1764414.0,2494347522.6
2026-01-13,1420.0,1437.4,1402.1,1419.9,1288820.0,1827500754.5
2026-01-14,1419.0,1432.3,1410.0,1415.6,1253505.0,1780281019.8
2026-01-16,1417.0,1451.7,1417.0,1434.3,1832515.0,2633728043.2
2026-01-19,1430.0,1437.5,1410.1,1414.9,951384.0,1352927185.5
2026-01-20,1415.0,1415.2,1334.4,1341.0,3660268.0,5005051003.6
2026-01-21,1337.6,1352.8,1310.9,1333.8,2164548.0,2886058528.0
2026-01-22,1345.0,1382.0,1345.0,1356.6,1454883.0,1987426174.7
2026-01-23,1356.6,1374.0,1322.5,1326.3,1204091.0,1626258593.9
2026-01-27,1326.6,1344.8,1297.0,1322.1,1976187.0,2608335467.8
2026-01-28,1327.0,1359.4,1326.0,1356.9,1696080.0,2278691409.3
2026-01-29,1357.9,1359.6,1313.3,1323.0,2530693.0,3355749276.6
2026-01-30,1317.3,1339.8,1302.1,1320.2,1830315.0,2423787377.6
2026-02-01,1315.0,1315.9,1196.3,1230.3,5785378.0,7249752975.0
2026-02-02,1229.0,1244.6,1195.0,1237.2,3307440.0,4031001428.1
2026-02-03,1331.6,1357.3,1318.4,1343.0,5410284.0,7248258614.1
2026-02-04,1344.8,1372.0,1329.6,1366.3,2783558.0,3763469366.0
2026-02-05,1363.0,1368.0,1340.6,1363.3,1462213.0,1982305702.4
2026-02-06,1362.0,1362.0,1315.1,1331.4,1801895.0,2389919012.3
2026-02-09,1349.3,1377.4,1342.2,1374.3,1639681.0,2236242241.0
2026-02-10,1386.5,1412.0,1381.2,1400.9,2540851.0,3559097648.1
2026-02-11,1407.9,1409.0,1385.0,1397.2,1302246.0,1817420037.3
2026-02-12,1395.0,1395.1,1367.0,1370.2,1133736.0,1559696587.2
2026-02-13,1350.0,1359.0,1321.1,1335.3,1663043.0,2223247467.4
2026-02-16,1300.0,1362.6,1282.8,1353.7,1709640.0,2289604713.6
2026-02-17,1352.6,1353.0,1333.2,1339.4,901508.0,1209998213.9
2026-02-18,1340.1,1358.4,1334.0,1355.7,1366930.0,1840795384.1
2026-02-19,1355.7,1365.0,1313.5,1320.3,1202401.0,1605333124.0
2026-02-20,1320.5,1331.5,1317.0,1320.4,1072874.0,1420521623.1
2026-02-23,1330.0,1338.8,1320.1,1334.3,901439.0,1199518640.2
2026-02-24,1325.9,1342.0,1318.4,1324.8,1312682.0,1743219224.3
2026-02-25,1329.0,1338.8,1319.5,1326.8,873158.0,1161104797.6
2026-02-26,1324.0,1324.0,1284.0,1295.8,3319781.0,4307917114.0
2026-02-27,1290.0,1299.0,1268.0,1272.2,1682338.0,2148738672.1
2026-03-02,1205.2,1253.0,1205.2,1228.3,3150540.0,3880365474.6
2026-03-04,1210.0,1218.5,1188.0,1209.4,2561793.0,3085137072.8
2026-03-05,1226.0,1244.0,1213.0,1239.6,1533461.0,1880879283.7
2026-03-06,1226.0,1248.0,1221.9,1224.1,1119602.0,1381761847.2
2026-03-09,1199.0,1214.4,1175.0,1210.5,2081372.0,2488343317.0
2026-03-10,1234.7,1254.0,1223.0,1249.3,1624184.0,2014596859.1
2026-03-11,1249.0,1261.7,1215.2,1219.4,1531624.0,1893981666.3
2026-03-12,1206.0,1218.5,1193.1,1210.8,1620635.0,1953010835.9
2026-03-13,1205.0,1208.0,1172.2,1176.5,2195060.0,2602468864.0
2026-03-16,1178.0,1196.0,1159.2,1184.5,2120620.0,2494191175.4
2026-03-17,1190.0,1206.0,1181.6,1199.3,1858349.0,2216587445.8
2026-03-18,1209.0,1244.0,1205.3,1233.6,2027771.0,2493342808.3
2026-03-19,1205.0,1213.9,1187.3,1194.2,1909124.0,2289645231.2
2026-03-20,1198.0,1213.0,1186.2,1190.8,1507667.0,1805443775.8
2026-03-23,1175.6,1176.9,1130.0,1133.8,2661615.0,3050758199.1
2026-03-24,1170.0,1189.8,1151.1,1185.5,2510822.0,2953563264.9
2026-03-25,1202.0,1229.9,1200.6,1212.8,2459343.0,3000374353.7
2026-03-27,1205.2,1206.0,1167.0,1171.3,2484627.0,2934112483.2
2026-03-30,1152.0,1158.9,1116.3,1119.4,2950773.0,3358280433.2
2026-04-01,1158.5,1195.9,1154.6,1182.8,2151571.0,2547915107.9
2026-04-02,1155.0,1191.0,1136.1,1186.3,2020485.0,2342095125.9
2026-04-06,1186.3,1209.9,1160.5,1205.3,2144856.0,2552697264.6
2026-04-07,1200.0,1206.0,1184.6,1203.5,1790857.0,2145173234.2
2026-04-08,1268.3,1292.0,1249.6,1287.4,4449476.0,5669520392.4
2026-04-09,1285.7,1297.4,1261.2,1279.3,2724972.0,3483050922.0
2026-04-10,1290.0,1309.0,1286.8,1303.4,2534434.0,3294000193.3
2026-04-13,1265.3,1306.0,1255.1,1290.6,2222592.0,2855912570.0
2026-04-15,1323.0,1352.0,1318.1,1339.8,2943754.0,3936394628.9
2026-04-16,1353.7,1373.9,1345.0,1367.8,2375688.0,3223647893.5
2026-04-17,1370.0,1399.9,1367.0,1393.2,2418769.0,3354244736.5
2026-04-20,1394.0,1401.1,1366.1,1370.3,2430970.0,3347328379.2
2026-04-21,1370.0,1375.5,1355.0,1362.6,1643169.0,2244005172.2
2026-04-22,1360.0,1367.2,1316.1,1321.2,3311575.0,4409929804.6
2026-04-23,1317.0,1335.0,1312.6,1323.6,1334615.0,1767286517.0
2026-04-24,1323.6,1335.9,1304.2,1312.8,1395501.0,1836344103.0
2026-04-27,1315.0,1331.1,1314.5,1324.1,1084591.0,1435800986.2
2026-04-28,1324.1,1332.6,1318.0,1324.6,1238028.0,1640523512.6
2026-04-29,1331.0,1345.5,1300.2,1306.4,1876708.0,2486303836.6
2026-04-30,1298.0,1298.7,1268.5,1272.0,2429730.0,3106762977.7
2026-05-04,1256.2,1259.9,1226.1,1238.3,4740623.0,5883935220.3
2026-05-05,1230.0,1262.8,1222.1,1254.7,2522931.0,3136752010.8
2026-05-06,1269.0,1288.8,1256.1,1282.8,3364296.0,4267500873.8
2026-05-07,1291.0,1291.0,1267.1,1269.8,1958453.0,2496634010.2
2026-05-08,1270.0,1274.4,1250.2,1259.3,2883848.0,3628340264.3
2026-05-11,1253.7,1254.0,1224.3,1226.8,2274941.0,2803623442.1
2026-05-12,1216.0,1225.0,1180.0,1182.4,2520735.0,3018991072.6
2026-05-13,1180.5,1211.0,1178.0,1186.2,2650766.0,3163095172.5
2026-05-14,1192.1,1206.5,1172.0,1198.7,2705051.0,3230202835.0
2026-05-15,1205.0,1206.9,1185.0,1186.7,1401730.0,1674183877.6
2026-05-18,1174.0,1187.7,1152.7,1184.2,1892291.0,2211537510.3
2026-05-19,1187.0,1215.9,1185.3,1209.5,1653732.0,1992983058.4
2026-05-20,1200.0,1229.0,1192.0,1224.6,1750026.0,2117589835.3
2026-05-21,1228.0,1234.3,1196.0,1199.8,2489809.0,3012415355.8
2026-05-22,1204.0,1209.8,1197.0,1204.1,1176424.0,1416483447.8
2026-05-25,1224.0,1224.0,1212.9,1217.4,1199970.0,1461124021.3
2026-05-26,1216.0,1232.4,1212.9,1226.3,1592677.0,1946812732.3
2026-05-27,1230.2,1249.8,1229.9,1243.8,1997940.0,2481191026.6
2026-05-29,1249.8,1269.3,1236.1,1244.6,2255976.0,2836693491.3
2026-06-01,1250.5,1260.9,1210.0,1215.1,1377240.0,1696818542.8
2026-06-02,1212.6,1232.0,1198.7,1226.8,1153482.0,1406402974.8
2026-06-03,1226.7,1227.0,1201.0,1218.2,1215220.0,1473186745.3
2026-06-04,1210.0,1228.0,1208.1,1216.9,968318.0,1180563657.1
2026-06-05,1224.0,1235.1,1208.2,1217.5,1137730.0,1390366550.5
2026-06-08,1200.0,1209.5,1185.0,1193.4,1105175.0,1326908727.1
2026-06-09,1196.0,1215.0,1196.0,1212.3,792606.0,956244717.3
2026-06-10,1212.3,1221.0,1197.1,1200.9,1060031.0,1282032229.9
2026-06-11,1193.9,1197.5,1183.0,1190.2,1050788.0,1250715705.6
2026-06-12,1210.0,1230.4,1202.5,1227.9,1479892.0,1801415943.0
2026-06-15,1252.0,1273.0,1247.1,1265.7,2840662.0,3585115957.6
2026-06-16,1272.0,1277.2,1255.6,1264.0,1198830.0,1517589949.5
2026-06-17,1270.0,1294.0,1263.2,1290.9,2169716.0,2779841525.0
2026-06-18,1291.8,1396.8,1289.0,1350.4,9899144.0,13482122008.5
2026-06-19,1351.9,1379.4,1337.5,1370.3,3067601.0,4178728958.4
2026-06-22,1377.0,1396.0,1366.6,1371.8,2248451.0,3112569427.4
2026-06-23,1371.8,1376.8,1345.1,1351.1,1768236.0,2402596649.9
2026-06-24,1351.0,1351.0,1325.0,1331.7,1209579.0,1613951751.5
2026-06-25,1336.0,1347.9,1314.7,1317.0,1342804.0,1784706862.7
2026-06-29,1317.0,1321.8,1295.1,1297.9,1473279.0,1925049525.7
2026-06-30,1301.8,1318.2,1300.0,1305.5,1186187.0,1552793882.1
2026-07-01,1308.8,1345.0,1305.7,1332.4,2265248.0,3019613746.4
2026-07-02,1335.8,1356.0,1331.0,1350.8,1802724.0,2430523047.9
2026-07-03,1357.9,1365.9,1345.6,1350.6,1144321.0,1552481292.0
2026-07-06,1350.0,1364.5,1342.7,1358.6,925001.0,1254373441.9
2026-07-07,1359.0,1363.5,1342.7,1360.0,1075852.0,1455906838.7
2026-07-08,1347.0,1364.0,1301.0,1311.4,1820046.0,2421531272.2
2026-07-09,1316.0,1354.6,1316.0,1346.5,1462201.0,1968489977.7
2026-07-10,1353.5,1443.0,1352.7,1431.9,9178914.0,13010012198.3
2026-07-13,1422.0,1453.1,1415.6,1444.5,3777293.0,5432463660.9
2026-07-14,1435.0,1445.8,1421.0,1428.5,1855465.0,2658072756.6
2026-07-15,1429.9,1448.6,1424.3,1440.1,1645779.0,2366412856.8
2026-07-16,1444.5,1446.7,1408.0,1410.5,1279121.0,1814941367.6
2026-07-17,1405.5,1423.0,1376.0,1418.2,1729889.0,2423415201.2
2026-07-20,1415.0,1415.0,1383.1,1385.2,1381921.0,1926419680.1
2026-07-21,1385.0,1390.9,1361.5,1364.9,1431384.0,1962210701.2
2026-07-22,1363.7,1364.9,1331.0,1339.7,1408948.0,1888338684.9
2026-07-23,1335.0,1346.6,1318.0,1323.4,1133991.0,1508742216.7
2026-07-24,1310.0,1340.0,1305.0,1333.1,969219.0,1282092840.7
2026-07-27,1345.1,1349.0,1326.0,1329.0,835504.0,1115206714.7
2026-07-28,1329.0,1348.0,1326.0,1345.1,984104.0,1315011660.4
2026-07-29,1349.9,1361.3,1344.2,1350.0,1018335.0,1376728737.2
2026-07-30,1349.0,1349.9,1325.0,1336.4,813461.0,1085798840.3
2026-07-31,1338.0,1348.0,1330.0,1333.0,745681.0,998472952.8
2026-08-03,1341.9,1354.0,1318.0,1322.2,2784297.0,3727584788.9
2026-08-04,1318.0,1362.0,1312.5,1340.0,1929942.0,2589913079.6
2026-08-05,1350.0,1352.0,1323.1,1326.5,1063938.0,1420255856.2
2026-08-06,1327.8,1341.9,1325.1,1331.0,817532.0,1091221138.1
2026-08-07,1331.0,1334.4,1324.1,1328.0,571095.0,758502052.7
2026-08-10,1328.0,1341.9,1318.2,1332.5,790304.0,1053203344.6
2026-08-11,1332.5,1349.9,1326.1,1347.0,970597.0,1301676931.9
2026-08-12,1349.8,1353.4,1333.1,1339.0,764487.0,1024988996.1
2026-08-13,1339.0,1352.4,1336.3,1350.0,833682.0,1124210429.2
2026-08-14,1355.0,1358.3,1338.3,1344.4,482964.0,649730633.0
2026-08-17,1344.0,1359.8,1323.3,1356.8,1012698.0,1360447698.6
2026-08-18,1356.8,1361.5,1336.0,1340.6,759440.0,1020612209.6
2026-08-19,1340.6,1345.0,1325.0,1329.0,560859.0,749147425.6
2026-08-20,1335.0,1358.0,1330.1,1345.9,1113440.0,1503902964.9
2026-08-21,1345.9,1401.8,1345.9,1388.9,3743675.0,5171095900.2
2026-08-24,1390.0,1412.5,1379.6,1385.1,2224774.0,3108059612.5
2026-08-25,1382.2,1400.2,1375.2,1394.8,997537.0,1386737555.9
2026-08-26,1395.0,1444.8,1395.0,1434.0,3818012.0,5448825352.4
2026-08-27,1440.0,1445.0,1405.1,1410.8,1543936.0,2190814361.6
2026-08-28,1410.8,1417.3,1397.0,1414.7,1052357.0,1483402975.4
2026-08-31,1413.9,1413.9,1382.7,1402.5,1190879.0,1660523864.1
2026-09-01,1400.0,1407.4,1376.0,1391.0,743240.0,1032891014.2
2026-09-02,1378.0,1379.7,1355.9,1365.2,858052.0,1171265708.1
2026-09-03,1370.0,1397.3,1367.0,1394.0,921968.0,1276308903.3
2026-09-04,1400.0,1417.9,1391.6,1394.6,1117172.0,1568607134.1
2026-09-07,1392.1,1438.0,1383.8,1414.9,2731594.0,3883082379.9
2026-09-08,1415.0,1417.0,1395.0,1400.0,975781.0,1367984805.0
2026-09-09,1393.0,1393.0,1360.0,1368.6,1314059.0,1802648761.9
2026-09-10,1360.9,1372.9,1352.0,1355.0,771857.0,1051301355.5
2026-09-11,1343.6,1360.0,1315.5,1360.0,1040559.0,1385494631.7
2026-09-15,1360.0,1361.3,1302.5,1311.0,1265342.0,1677753480.7
2026-09-16,1311.0,1319.9,1284.0,1299.0,1055453.0,1367785385.2
2026-09-17,1299.0,1357.5,1296.3,1349.4,1823018.0,2448339119.5
2026-09-18,1348.0,1390.0,1346.5,1390.0,1694146.0,2332778788.1
2026-09-21,1390.0,1394.4,1353.3,1361.0,838882.0,1145665113.1
2026-09-22,1361.0,1374.0,1342.5,1348.0,721143.0,977161673.7
2026-09-23,1348.0,1359.5,1347.2,1351.1,400345.0,542324800.6
2026-09-24,1339.0,1347.3,1318.1,1320.0,1232299.0,1642645712.9
2026-09-25,1320.0,1337.4,1313.0,1318.0,1248040.0,1651388768.1
2026-09-28,1318.0,1318.0,1286.3,1289.0,1109537.0,1440408636.0
2026-09-29,1289.0,1290.0,1261.3,1261.9,1412255.0,1801843990.2
