date,open,high,low,close,volume,value
2011-01-27,180.6891,215.876,142.6493,209.647,359654.0,72022917.95
2011-01-28,209.219,213.974,200.1846,202.1816,203191.0,42227571.5
2011-01-31,192.1011,199.6615,192.1011,195.2394,10239.0,1975447.2
2011-02-01,194.9541,204.4165,187.3461,190.9599,8951.0,1732716.05
2011-02-02,183.0666,194.9065,181.4499,185.6343,5177.0,957785.85
2011-02-03,178.7872,185.3966,176.4097,178.6445,2107.0,378247.35
2011-02-04,180.6416,181.6401,169.7527,171.0841,2463.0,421493.2
2011-02-07,162.6202,168.564,162.5251,163.0006,616.0,100377.3
2011-02-08,166.4242,171.0841,162.6202,168.5164,9932.0,1664021.55
2011-02-09,166.4242,171.1792,163.5712,166.4242,2555.0,424882.4
2011-02-10,163.1908,163.1908,135.8497,154.0613,4878.0,756259.3
2011-02-11,128.4795,165.3781,128.4795,157.4373,2057.0,320073.2
2011-02-14,154.0613,176.8852,147.4043,156.6765,4328.0,672062.0
2011-02-15,162.6202,171.1792,161.6692,167.9458,12625.0,2112420.5
2011-02-16,171.1792,171.1792,162.6202,166.7095,1295.0,212429.6
2011-02-17,155.3927,166.4718,155.3927,163.4761,905.0,148149.35
2011-02-18,159.8148,165.0453,136.8483,151.7789,1660.0,245413.15
2011-02-21,152.1593,153.1103,139.5586,146.1205,3040.0,442514.0
2011-02-22,141.6983,143.5528,139.7963,142.6493,1084.0,154448.05
2011-02-23,142.6969,152.0642,142.6969,147.4043,2039.0,305180.75
2011-02-24,143.0773,147.4043,142.6493,147.4043,634.0,91592.55
2011-02-25,147.1666,155.9633,142.6493,152.1593,1096.0,163530.85
2011-02-28,156.8667,158.3408,145.5499,155.7731,2130.0,319146.45
2011-03-01,150.1146,161.6692,150.1146,158.0079,8300.0,1305914.1
2011-03-03,152.397,160.528,152.397,156.9143,254.0,39483.05
2011-03-04,155.9633,160.4805,155.9633,157.0094,839.0,131410.4
2011-03-07,152.2068,158.7687,134.661,157.6275,981.0,148177.1
2011-03-08,156.9143,160.8133,156.9143,157.152,5842.0,917167.95
2011-03-09,157.152,164.0467,156.8667,163.381,8199.0,1321305.05
2011-03-10,161.6692,172.1302,161.6692,171.4169,22825.0,3898011.25
2011-03-11,157.1045,176.8852,157.1045,175.9342,26261.0,4587878.85
2011-03-14,175.9342,181.6401,166.7095,180.6416,15678.0,2779634.1
2011-03-15,182.5911,182.5911,173.0812,180.6891,23143.0,4179947.85
2011-03-16,180.6891,180.6891,174.5077,174.6028,11440.0,2063776.05
2011-03-17,167.4703,180.6891,167.4703,177.6935,1692.0,297896.85
2011-03-18,175.9342,175.9342,169.2772,169.4198,340.0,57583.6
2011-03-21,166.7095,175.0783,166.7095,174.0322,2114.0,359728.4
2011-03-22,166.4718,170.2282,166.4718,168.8017,2868.0,484089.95
2011-03-23,166.662,170.7037,166.4242,170.0855,4523.0,761235.25
2011-03-24,169.3247,173.4616,169.2772,172.7483,1241.0,212347.5
2011-03-25,174.7454,174.793,171.1792,171.5596,7610.0,1311870.1
2011-03-28,169.7527,174.0322,169.7527,171.8449,8498.0,1458199.85
2011-03-29,166.8997,174.0322,166.8997,172.5106,12368.0,2133902.0
2011-03-30,174.9832,177.7886,171.1792,173.842,22625.0,3971680.15
2011-03-31,175.9342,176.8852,171.4645,175.9342,219329.0,38741182.7
2011-04-01,175.9817,180.6416,168.4689,171.0365,4796.0,835204.15
2011-04-04,173.5567,175.8391,168.8493,174.365,3215.0,557420.2
2011-04-05,173.5567,175.9342,173.5567,174.4601,2569.0,448283.4
2011-04-06,175.9342,180.594,171.9875,175.9342,173989.0,30757466.5
2011-04-07,173.5567,179.5955,173.5567,177.0278,51253.0,9039596.05
2011-04-08,175.9342,184.398,175.9342,181.3548,9689.0,1726789.05
2011-04-11,179.7381,184.4931,171.2743,176.5523,33825.0,6067545.7
2011-04-13,176.8852,177.9788,174.9832,175.8391,6514.0,1152615.8
2011-04-15,178.7872,178.7872,173.5567,174.6979,8148.0,1426829.5
2011-04-18,178.7872,178.7872,171.6071,172.7008,1370.0,238225.45
2011-04-19,170.7512,173.0336,169.2772,172.4155,6545.0,1120969.9
2011-04-20,175.8391,175.9342,169.3247,170.3708,5067.0,879375.75
2011-04-21,170.7037,175.744,167.3752,169.087,5117.0,868350.85
2011-04-25,174.6503,174.6503,167.4703,170.8463,2772.0,472345.6
2011-04-26,171.1792,174.5077,169.2772,171.4169,6853.0,1182046.85
2011-04-27,172.1302,172.1302,167.3752,168.3738,5550.0,937186.6
2011-04-28,171.1792,173.0812,166.8997,170.989,3789.0,642806.65
2011-04-29,168.564,170.9414,168.1836,168.6115,6424.0,1083779.3
2011-05-02,167.4703,170.1806,163.6188,163.7614,6096.0,1011536.4
2011-05-03,170.1806,170.1806,163.5712,166.4242,10821.0,1794603.55
2011-05-04,166.4242,166.4242,162.2398,164.3796,11196.0,1834918.6
2011-05-05,162.8104,163.5712,160.7182,161.3364,6980.0,1129230.25
2011-05-06,161.6692,163.5712,156.9143,160.3854,13830.0,2207097.5
2011-05-09,161.6692,161.7168,158.8162,161.6217,4512.0,727763.95
2011-05-10,163.5712,164.4747,160.7182,162.2874,31251.0,5068009.6
2011-05-11,163.5712,164.5222,162.6202,163.4761,478735.0,78074322.7
2011-05-12,159.8148,163.5712,159.8148,162.858,4254.0,692860.9
2011-05-13,163.381,163.6188,160.956,161.7168,2407.0,391253.0
2011-05-16,162.6678,163.5712,159.7672,160.6231,187065.0,30310293.75
2011-05-17,156.9618,156.9618,152.2068,152.9201,3320.0,509005.9
2011-05-18,155.0123,171.2267,152.7299,166.7095,11491.0,1867839.15
2011-05-19,166.4242,174.8881,166.4242,170.6086,8730.0,1498294.3
2011-05-20,174.9832,174.9832,167.613,171.1316,3885.0,661446.15
2011-05-23,174.8881,174.8881,163.5712,169.9904,4422.0,736861.25
2011-05-24,171.1792,171.1792,162.8104,166.4242,2220.0,370622.9
2011-05-25,169.2772,169.8478,161.6217,163.0482,10207.0,1699269.15
2011-05-26,163.0482,164.9977,157.0094,157.6751,1355.0,218887.4
2011-05-27,158.3408,161.2413,157.8653,158.1506,141.0,22296.95
2011-05-30,157.1045,161.2888,157.1045,160.2427,273.0,43642.2
2011-05-31,159.7672,161.1937,158.8162,159.8148,552.0,88421.75
2011-06-01,160.8133,161.6692,156.9618,158.3408,2244.0,358311.45
2011-06-02,158.8638,159.7672,152.6823,156.2961,2790.0,442402.45
2011-06-03,150.4475,160.1952,150.4475,154.1564,2641.0,408303.5
2011-06-06,151.2558,161.6692,150.2573,150.6852,4735.0,727984.3
2011-06-07,150.6852,158.8162,149.3063,150.7328,1732.0,261538.25
2011-06-08,153.9186,153.9186,143.6954,144.4562,5396.0,789239.85
2011-06-09,145.5974,147.1666,139.511,140.8424,1619.0,231663.65
2011-06-10,147.4043,147.4043,138.8929,144.0758,3597.0,512568.4
2011-06-13,146.2631,146.4533,142.6493,144.9317,3162.0,454101.05
2011-06-14,143.7905,145.0268,142.8395,144.6464,3893.0,562588.45
2011-06-15,145.0268,145.0268,144.0758,144.9317,5122.0,740843.4
2011-06-16,140.462,146.4533,140.3669,144.5989,2432.0,350296.5
2011-06-17,144.6464,146.168,143.0297,144.3611,965.0,139488.15
2011-06-20,154.0613,154.0613,141.6983,143.4577,3660.0,524724.1
2011-06-21,140.7473,156.9143,140.7473,145.217,14422.0,2128499.2
2011-06-22,143.8381,167.3752,143.8381,165.8536,20731.0,3345371.2
2011-06-23,161.6692,167.3752,157.152,160.1476,5125.0,830889.4
2011-06-24,161.6217,163.5712,157.3898,160.3378,1797.0,285940.15
2011-06-27,160.6231,171.4645,158.8162,169.5149,10375.0,1741200.9
2011-06-28,171.1316,171.1792,161.6692,163.9041,15785.0,2630364.15
2011-06-29,159.9574,160.2903,157.152,159.6721,512.0,81900.1
2011-06-30,157.0094,159.6721,156.9143,159.4819,767.0,120662.55
2011-07-01,164.3796,164.3796,156.9143,157.3422,369.0,58169.8
2011-07-04,160.7182,160.7182,152.6348,155.2025,99.0,15593.25
2011-07-05,152.6823,154.0613,152.4446,154.0613,621.0,95012.75
2011-07-06,153.1103,158.7687,152.1593,154.9647,587.0,89797.4
2011-07-07,148.9734,160.7182,148.9734,154.7745,6806.0,1037767.0
2011-07-08,150.4475,158.8162,150.4475,156.0108,841.0,131227.0
2011-07-11,150.6852,155.9157,150.6852,154.3941,90.0,13903.55
2011-07-12,152.8725,152.8725,150.7328,150.923,368.0,55701.7
2011-07-13,152.1593,152.1593,149.4965,150.3524,1386.0,209076.85
2011-07-14,150.2573,150.2573,147.4043,148.4979,1269.0,188377.65
2011-07-15,149.7818,151.1607,147.3568,147.8798,1776.0,263415.75
2011-07-18,146.5009,149.7818,146.4533,148.8308,851.0,125761.05
2011-07-19,146.9764,147.1666,146.9764,147.0239,132.0,19477.3
2011-07-20,148.8308,149.2587,146.7386,147.4043,146.0,21723.25
2011-07-21,146.7386,148.2602,142.6493,147.3092,281.0,40877.65
2011-07-22,147.9749,147.9749,144.1234,144.7891,350.0,50882.45
2011-07-25,147.547,147.5945,140.7473,141.5557,3756.0,535288.9
2011-07-26,142.6493,143.5052,138.56,142.2214,2320.0,328434.1
2011-07-27,135.9924,145.3597,128.7172,136.7532,3137.0,428337.05
2011-07-28,133.1869,139.1782,133.1869,136.135,632.0,85879.1
2011-07-29,135.0414,140.6998,133.5198,135.3267,1220.0,165510.35
2011-08-01,133.9002,137.8943,131.7604,133.9953,837.0,112895.3
2011-08-02,134.0904,134.0904,129.3354,131.4276,376.0,49662.15
2011-08-03,129.8584,131.2374,125.579,128.6697,911.0,116592.15
2011-08-04,128.4319,134.0428,128.4319,133.1394,3700.0,492549.05
2011-08-05,126.4824,133.1394,126.4824,130.1913,2335.0,300459.0
2011-08-08,123.4868,128.3844,110.9336,123.249,3874.0,463765.65
2011-08-09,117.3053,136.7532,117.3053,133.282,4032.0,518451.4
2011-08-10,138.8453,143.6003,131.3325,142.3165,7583.0,1062525.65
2011-08-11,136.2777,142.2689,133.8526,136.9909,1350.0,185559.4
2011-08-12,131.7604,141.0326,131.7129,140.2243,1892.0,256724.75
2011-08-16,136.5154,148.3553,131.1898,133.5198,2741.0,370629.75
2011-08-17,131.025,137.118,131.025,132.0805,2179.0,290238.1
2011-08-18,132.8961,134.0955,129.4897,130.6412,1664.0,219447.75
2011-08-19,124.74,124.8839,106.5088,118.0712,17938.0,2061182.6
2011-08-22,119.9423,124.74,119.2226,119.8943,324.0,38925.75
2011-08-23,124.74,134.2394,121.8614,127.6666,2323.0,295704.45
2011-08-24,126.5151,131.1689,119.9423,129.3938,2045.0,261258.25
2011-08-25,128.5781,128.5781,124.74,125.2198,354.0,44554.5
2011-08-26,123.7805,128.962,119.4625,120.1822,487.0,59326.2
2011-08-29,117.0637,126.0833,115.1446,117.6874,2787.0,332529.2
2011-08-30,118.503,124.74,118.1672,121.8614,628.0,76461.8
2011-09-02,119.9423,121.8614,119.3666,119.9423,289.0,34630.0
2011-09-05,120.9018,123.7805,119.0307,121.6695,304.0,36747.0
2011-09-06,118.0232,121.6215,117.6874,119.1267,836.0,99618.25
2011-09-07,121.7654,123.7325,114.1851,117.2556,7213.0,846874.3
2011-09-08,117.2556,118.9348,115.3845,116.6799,3433.0,398748.3
2011-09-09,113.5134,117.5914,113.5134,116.7758,1835.0,214786.95
2011-09-12,117.9273,117.9273,108.4278,114.7128,2621.0,302003.4
2011-09-13,112.8417,116.1041,111.3065,112.0741,2937.0,333582.8
2011-09-14,111.7862,111.7862,109.0515,110.5388,4147.0,458333.1
2011-09-15,109.8671,113.8972,109.8671,112.4099,55952.0,6178876.2
2011-09-16,113.3215,113.3215,110.5868,111.8822,971.0,108365.35
2011-09-19,107.2284,119.7504,107.2284,111.3065,7005.0,790233.2
2011-09-20,107.9001,112.6978,105.5492,109.0995,8291.0,901887.75
2011-09-21,108.4278,110.2989,107.9481,108.3799,6097.0,661082.6
2011-09-22,110.251,110.251,104.1099,105.0695,4719.0,499161.3
2011-09-23,105.5492,105.5492,102.8145,104.2538,1881.0,196825.7
2011-09-26,103.6301,103.6301,98.3527,98.9284,2701.0,271029.25
2011-09-27,101.7111,107.0365,97.8729,100.1758,8382.0,849976.95
2011-09-28,99.792,105.5972,99.792,101.4232,2116.0,216756.1
2011-09-29,101.5192,104.5897,100.7515,101.6631,3573.0,363105.05
2011-09-30,98.9284,104.4937,98.9284,103.6301,937.0,95609.15
2011-10-03,106.5088,106.5088,102.6706,104.7816,313.0,32655.85
2011-10-04,100.7515,104.4458,100.7515,101.807,1054.0,107770.6
2011-10-05,99.0244,104.5897,99.0244,99.8879,1370.0,137472.3
2011-10-07,99.1203,104.3498,99.1203,101.6151,460.0,46734.55
2011-10-10,103.3903,103.3903,98.8325,100.8475,3411.0,341684.25
2011-10-11,102.5747,106.4128,100.9914,104.1579,14020.0,1458289.45
2011-10-12,105.3573,109.9631,101.6151,105.4053,9694.0,1005570.6
2011-10-13,103.6301,105.5492,102.9585,103.6301,6811.0,706562.3
2011-10-14,105.3573,105.3573,103.6301,104.3018,9724.0,1012475.5
2011-10-17,101.1353,105.4053,101.1353,103.7261,7849.0,813065.7
2011-10-18,101.855,103.6301,101.807,103.2463,1035.0,106943.55
2011-10-19,102.6706,104.5897,102.6706,103.918,8422.0,873072.8
2011-10-20,103.6301,105.7411,101.0874,102.6706,10857.0,1124596.15
2011-10-21,102.7186,103.6301,99.3122,100.2238,4057.0,415338.75
2011-10-24,103.6301,103.6301,96.5296,97.3452,3347.0,335118.05
2011-10-25,95.2342,102.5747,95.2342,101.0394,3658.0,361746.45
2011-10-26,102.6226,105.0215,100.7515,102.8145,2111.0,215905.55
2011-10-28,105.5492,105.5492,103.0064,104.6377,14191.0,1476513.6
2011-10-31,105.5492,106.9406,101.7111,102.4307,3478.0,362586.3
2011-11-01,104.4937,104.4937,101.2313,101.7111,1358.0,138551.7
2011-11-02,104.5897,104.5897,100.8475,100.9434,1038.0,105446.75
2011-11-03,103.3903,103.3903,100.9914,102.6226,869.0,88876.75
2011-11-04,104.3978,104.3978,101.807,102.2388,1302.0,133710.7
2011-11-08,102.6706,109.7232,101.7111,105.4053,12155.0,1281666.95
2011-11-09,105.4053,105.6452,102.8625,103.7741,4957.0,519455.6
2011-11-11,105.5012,105.5012,98.9284,99.9839,1606.0,161841.6
2011-11-14,100.7995,103.1504,97.9689,98.3527,2379.0,238088.9
2011-11-15,97.8729,99.5521,94.1307,95.1862,1837.0,176471.75
2011-11-16,94.1307,100.4637,88.7573,95.666,4110.0,381777.7
2011-11-17,94.9943,97.5851,94.2746,94.2746,607.0,57514.45
2011-11-18,93.0752,96.8174,92.1637,95.2822,4159.0,394572.1
2011-11-21,95.9538,99.792,90.0527,93.7949,773.0,72933.55
2011-11-22,95.9059,95.9538,90.4365,91.492,1694.0,157576.2
2011-11-23,87.318,97.9209,85.3989,92.1157,16067.0,1482518.0
2011-11-24,94.9463,94.9463,85.4469,86.3585,6073.0,530542.8
2011-11-25,86.3585,95.9538,86.3585,95.4741,12277.0,1156131.3
2011-11-28,89.2371,95.9538,89.2371,92.1157,3467.0,317516.3
2011-11-29,95.9059,102.5747,92.1157,100.8475,240158.0,22205225.45
2011-11-30,98.0168,109.3874,97.0573,103.2943,93225.0,9525038.8
2011-12-01,103.0064,106.5088,101.7111,105.6452,5338.0,560865.5
2011-12-02,103.6301,113.2255,103.6301,112.0741,7987.0,877785.2
2011-12-05,107.4683,113.1776,107.4683,112.5059,2250.0,250043.2
2011-12-07,112.9856,114.0411,100.7036,112.4579,44182.0,4829174.65
2011-12-08,107.996,112.266,107.996,111.5943,11297.0,1256462.4
2011-12-09,110.3469,113.2255,108.4278,111.3544,19230.0,2142587.15
2011-12-12,110.3469,113.9932,110.3469,111.3065,69843.0,7777871.3
2011-12-13,113.1776,113.1776,110.8267,111.3065,13325.0,1482925.05
2011-12-14,110.3469,112.1221,110.3469,111.2585,12524.0,1393747.65
2011-12-15,111.3065,113.2255,110.3469,111.7382,159986.0,17831648.45
2011-12-16,111.3065,112.266,110.6348,111.2585,17876.0,1989794.85
2011-12-19,111.0666,113.2255,108.8117,111.3065,111815.0,12372299.8
2011-12-20,111.1625,113.7053,111.1145,112.1221,81627.0,9191097.25
2011-12-21,110.4429,113.7053,110.4429,113.2255,33540.0,3796594.5
2011-12-22,111.3544,113.7053,111.3065,113.7053,17304.0,1958963.0
2011-12-23,113.2255,114.4729,111.7382,113.0816,14084.0,1593385.9
2011-12-26,113.2255,120.7579,113.2255,114.233,1225.0,140136.6
2011-12-27,113.2255,113.4174,112.7458,112.8417,13192.0,1493671.9
2011-12-28,113.1296,113.6573,111.9781,113.0816,7105.0,804556.1
2011-12-29,113.5614,113.6093,111.5463,113.2255,20611.0,2333455.2
2011-12-30,113.2255,117.0637,110.8267,114.425,13343.0,1497185.25
2012-01-02,111.7862,115.1446,111.7862,113.3215,607.0,68638.0
2012-01-03,113.2255,115.3845,112.266,112.4099,3815.0,432770.2
2012-01-04,113.2255,115.0487,113.2255,114.233,87035.0,9910718.25
2012-01-05,112.7458,117.0637,112.7458,115.3365,95386.0,10950109.25
2012-01-06,117.5435,117.9752,113.8972,116.392,131465.0,15286260.55
2012-01-07,116.1041,117.0157,115.3845,116.2001,112.0,12951.45
2012-01-09,114.6648,121.7654,114.6648,120.2302,110624.0,13050850.7
2012-01-10,118.503,126.9949,118.503,126.755,166093.0,20881478.45
2012-01-11,125.6516,133.2799,124.74,129.3938,207340.0,26870699.8
2012-01-12,129.5377,130.6412,128.5781,130.4492,27677.0,3593765.85
2012-01-13,128.1464,133.1839,128.1464,128.818,178771.0,23307841.45
2012-01-16,129.0579,130.4972,129.0579,129.6336,9125.0,1182461.1
2012-01-17,134.3354,147.2412,126.899,140.2845,23215.0,3139621.6
2012-01-18,143.9308,146.7614,135.7267,143.9787,410579.0,59094774.0
2012-01-19,143.9308,147.2891,140.0926,144.3626,24569.0,3533329.1
2012-01-20,146.7134,146.7134,139.7568,144.3146,2967.0,423661.0
2012-01-23,139.4689,142.9712,135.4868,138.1735,1065.0,148367.4
2012-01-24,135.3429,139.0851,135.3429,135.4868,115.0,15607.65
2012-01-25,140.0926,141.7718,126.9469,134.4313,6826.0,917473.35
2012-01-27,128.914,133.3279,125.8435,127.8585,4270.0,550971.7
2012-01-30,128.6741,130.4013,125.6995,126.2273,398.0,50619.1
2012-01-31,136.1105,136.1105,121.7654,124.4521,1493.0,186780.4
2012-02-01,131.1689,131.2169,124.1643,128.5781,330.0,42656.6
2012-02-02,124.788,129.9695,123.9724,128.4342,2755.0,350719.3
2012-02-03,125.0758,136.2545,125.0758,132.992,2148.0,284573.2
2012-02-06,139.1331,139.1331,130.4972,131.9365,2889.0,388840.4
2012-02-07,138.8932,138.8932,129.5377,130.929,5213.0,698461.6
2012-02-08,134.2874,136.2065,131.6487,134.8151,12932.0,1731685.25
2012-02-09,134.7192,137.0221,131.9845,134.0475,4404.0,591700.55
2012-02-10,128.0984,140.0446,128.0984,135.2469,65353.0,8832409.15
2012-02-13,131.3608,133.2799,127.7146,128.4342,8104.0,1054616.3
2012-02-14,125.6995,128.5781,124.0203,124.8839,4839.0,609501.2
2012-02-15,125.2677,133.2799,121.4776,129.7776,33001.0,4281595.3
2012-02-16,130.3533,131.025,125.7475,127.7625,9718.0,1247767.8
2012-02-17,131.4568,132.4163,117.0637,124.9319,26861.0,3418406.4
2012-02-21,125.1238,131.7446,125.1238,129.0099,19230.0,2498294.0
2012-02-22,129.1539,129.5377,125.1238,125.5076,5451.0,690904.6
2012-02-23,123.9724,127.0909,123.9724,125.6036,2854.0,356911.65
2012-02-24,123.8284,128.5781,123.8284,125.5556,12361.0,1549196.15
2012-02-27,127.5706,127.6186,119.9903,123.0128,2116.0,262530.65
2012-02-28,123.7805,128.866,123.3007,126.4672,18662.0,2367316.85
2012-02-29,124.8359,124.8359,123.7325,124.1163,18316.0,2282562.0
2012-03-01,122.9648,125.3157,121.0937,124.692,26865.0,3346548.4
2012-03-02,124.5001,131.6966,124.2602,129.2498,407399.0,52200972.8
2012-03-03,132.3203,132.5123,128.6741,129.7296,2413.0,316816.4
2012-03-05,129.0579,132.8961,129.0579,132.2724,35888.0,4737673.75
2012-03-06,132.4163,134.7192,131.4568,134.1914,13460.0,1799755.3
2012-03-07,133.3758,134.7672,132.992,134.3354,44313.0,5936510.25
2012-03-09,134.6232,135.7747,131.5527,133.04,617.0,82234.7
2012-03-12,133.8556,136.2545,133.8556,134.4313,4559.0,614471.4
2012-03-13,133.4718,135.2949,133.4718,134.3354,60351.0,8105344.45
2012-03-14,135.2949,135.2949,131.5047,133.3279,12456.0,1675039.95
2012-03-15,130.4972,134.8151,130.4972,134.3354,7705.0,1030058.15
2012-03-16,132.992,137.118,132.992,134.5273,17217.0,2313801.7
2012-03-19,134.3354,135.2949,133.3758,134.3354,77257.0,10378352.0
2012-03-20,136.2545,136.2545,133.4238,134.6232,37193.0,4991870.65
2012-03-21,133.9516,136.7342,130.4972,132.5123,631845.0,84495147.7
2012-03-22,135.2949,140.0926,132.7521,136.3984,102523.0,13944034.95
2012-03-23,142.9712,142.9712,131.7446,136.4464,3770.0,511874.85
2012-03-26,141.9637,141.9637,134.1435,135.7747,2621.0,357386.25
2012-03-27,135.199,136.4464,132.8481,134.3354,7906.0,1062536.65
2012-03-28,134.3354,142.9712,133.088,135.3909,6113.0,829319.9
2012-03-29,138.2695,138.2695,133.3758,134.6232,975.0,130699.35
2012-03-30,137.9816,138.1735,134.9111,137.214,3715.0,505186.85
2012-04-02,134.8151,138.1735,134.8151,137.214,601.0,81982.3
2012-04-03,136.2545,142.9712,135.4388,141.0521,205045.0,28154789.25
2012-04-04,137.6938,143.6909,137.214,141.0521,366201.0,50256522.15
2012-04-09,145.8498,145.8498,135.2949,139.1331,369457.0,50001277.2
2012-04-10,140.9562,141.0521,136.2545,139.181,367499.0,50081895.9
2012-04-11,137.214,137.214,131.7926,133.2319,19017.0,2562046.65
2012-04-12,132.4163,137.118,132.4163,136.4943,3797.0,513849.7
2012-04-13,136.2545,137.166,134.8151,136.0625,609.0,82693.0
2012-04-16,138.7493,139.1331,135.7747,138.1735,799.0,110182.75
2012-04-17,134.3354,134.8631,132.3203,133.6637,389.0,52036.55
2012-04-18,136.2545,136.7342,135.3909,135.3909,398.0,53937.5
2012-04-19,134.1435,134.7192,130.5932,132.2724,7212.0,952145.1
2012-04-20,132.8481,135.151,131.4568,131.5527,1941.0,255632.55
2012-04-23,132.8961,133.3758,130.4972,130.6891,943.0,123999.4
2012-04-24,129.5377,132.3683,129.4417,130.6412,9156.0,1196318.75
2012-04-25,106.7486,133.088,106.7486,132.3683,7042.0,923915.4
2012-04-26,131.4568,131.4568,126.755,127.4747,4617.0,593972.6
2012-04-27,126.6591,127.5227,120.9018,121.9573,98853.0,12332220.85
2012-04-28,124.8359,124.8359,120.9498,123.7325,215.0,26677.0
2012-04-30,124.692,124.692,120.8539,123.0128,13856.0,1701326.15
2012-05-02,120.518,125.6036,119.0307,120.4221,2298.0,282338.8
2012-05-03,119.9903,120.9498,119.9903,120.0862,23.0,2753.3
2012-05-04,119.9423,119.9423,112.7458,113.3695,3082.0,353837.4
2012-05-07,113.2255,114.5689,107.2764,110.3469,1591.0,173215.6
2012-05-08,110.8267,113.2735,110.8267,110.8267,7372.0,826911.6
2012-05-09,109.3874,110.3469,105.5972,106.7966,11866.0,1297315.9
2012-05-10,106.029,108.4278,96.0498,100.6076,4885.0,490311.55
2012-05-11,100.7515,103.3423,99.792,102.7666,8530.0,870275.75
2012-05-14,103.6301,106.029,103.6301,103.87,2873.0,298911.8
2012-05-15,99.0244,100.8955,98.4486,100.3677,5531.0,554980.25
2012-05-16,102.7666,103.5342,96.9134,98.6405,3461.0,342060.6
2012-05-17,98.3527,101.6631,98.3527,99.4562,2458.0,245165.45
2012-05-18,99.792,101.7111,96.9134,101.6631,5034.0,496806.1
2012-05-21,100.7995,102.4787,100.7515,100.9434,2627.0,265259.3
2012-05-22,99.8879,104.5897,99.8879,100.9914,136699.0,13914368.25
2012-05-23,104.1099,104.5897,100.7036,103.7261,1953.0,199957.75
2012-05-24,106.9885,106.9885,101.7111,104.3498,992.0,103058.95
2012-05-25,102.1908,102.1908,100.0319,101.0394,3777.0,381764.9
2012-05-28,102.6706,103.1504,100.3677,100.4637,1363.0,137193.55
2012-05-29,100.2718,103.4382,97.9689,98.9284,2309.0,231535.6
2012-05-30,99.696,105.5492,97.8729,103.3903,6653.0,688498.75
2012-05-31,105.0695,105.0695,99.84,101.3752,176.0,17943.25
2012-06-01,103.6301,103.6301,97.0093,98.1608,3353.0,330858.0
2012-06-04,99.6001,99.6001,96.2417,96.8174,583.0,57157.1
2012-06-05,96.9134,98.8804,88.6613,91.7319,7253.0,671310.9
2012-06-06,95.8579,95.9538,92.4995,95.2822,174604.0,16633146.4
2012-06-07,95.9538,100.7515,94.2267,96.0978,1200.0,115882.0
2012-06-08,95.9538,97.2972,94.2267,95.0903,452.0,43232.0
2012-06-11,95.0903,99.0723,94.9943,95.522,1734.0,167177.85
2012-06-12,96.9134,98.8325,96.9134,98.2088,753.0,73618.9
2012-06-13,98.8325,98.8325,91.396,95.714,27162.0,2603023.3
2012-06-14,94.5145,96.4336,91.2521,93.3631,1096.0,102287.75
2012-06-15,94.9463,101.6151,93.459,96.7694,9156.0,903933.45
2012-06-18,95.9538,98.5926,89.477,92.4995,5323.0,492670.5
2012-06-19,93.9388,96.3377,89.429,93.555,1370.0,127643.8
2012-06-20,92.1157,97.8249,92.1157,95.9059,3619.0,340925.45
2012-06-21,97.8249,98.1128,93.9388,95.9059,7010.0,670083.45
2012-06-22,100.2718,102.4307,95.9538,100.7995,8097.0,793799.15
2012-06-25,99.84,106.5088,99.84,104.6377,21188.0,2223842.45
2012-06-26,106.3169,106.6527,104.5897,105.6452,2716.0,286565.2
2012-06-27,106.2209,106.5088,104.4458,105.5492,1016.0,106705.9
2012-06-28,104.6377,106.029,104.5897,105.5972,2334.0,245888.5
2012-06-29,104.7336,107.6602,104.7336,106.5088,14247.0,1517898.05
2012-07-02,107.8521,110.3469,104.1579,107.3244,16809.0,1783553.45
2012-07-03,107.3723,107.4683,104.8296,105.5012,18611.0,1976868.6
2012-07-04,105.6452,107.4683,104.6856,106.4128,10694.0,1129775.75
2012-07-05,104.6856,110.3469,104.6856,110.0591,8543.0,932681.35
2012-07-06,108.9076,111.2105,107.4683,109.6273,870.0,94882.75
2012-07-09,107.4683,112.7458,107.4683,108.6677,487.0,52612.9
2012-07-10,106.5088,110.7307,105.6452,108.5238,3881.0,420402.3
2012-07-11,107.5643,110.2989,107.5163,109.3874,1204.0,129663.5
2012-07-12,108.9076,109.7232,108.9076,108.9076,640.0,69699.6
2012-07-13,109.3394,110.251,107.4683,109.3874,17264.0,1885550.5
2012-07-16,112.266,114.1851,108.092,108.9556,13626.0,1492542.8
2012-07-17,109.3874,110.3469,105.6452,108.14,55325.0,5964115.95
2012-07-18,110.3469,110.8267,107.4683,110.4429,73235.0,7937085.0
2012-07-19,112.6978,112.6978,108.5718,109.3874,329.0,35944.7
2012-07-20,108.4278,110.3469,108.4278,108.8117,4385.0,476825.65
2012-07-23,108.5718,110.155,108.4758,108.6197,1733.0,188462.45
2012-07-24,110.3469,114.9047,108.9076,109.5313,1117.0,124805.35
2012-07-25,108.9076,110.8267,108.9076,109.7712,156.0,17084.3
2012-07-26,108.4278,110.0591,107.4683,109.3394,216.0,23456.8
2012-07-27,110.3469,110.3469,107.5163,108.5718,5815.0,632706.9
2012-07-30,109.3874,110.3469,108.4278,108.8117,389.0,42530.7
2012-07-31,111.0666,111.0666,107.9481,108.4758,7183.0,781103.9
2012-08-01,107.5643,113.6573,106.6047,109.0036,14960.0,1650693.3
2012-08-02,112.1221,120.2302,109.4354,117.0637,13623.0,1569671.95
2012-08-03,119.8463,119.9423,114.425,114.8567,14078.0,1634260.65
2012-08-06,114.8567,121.5735,113.2255,118.8388,16320.0,1893729.55
2012-08-07,120.518,122.8209,118.9828,120.3741,7421.0,898433.6
2012-08-08,119.6065,127.6186,115.8163,116.9198,15616.0,1900679.85
2012-08-09,119.7504,125.6036,116.344,118.503,11591.0,1397730.7
2012-08-10,120.4457,121.3684,118.503,119.1344,7126.0,845622.7
2012-08-13,120.8342,120.8342,116.706,117.9202,2492.0,294220.0
2012-08-14,121.417,123.3597,117.5317,120.9313,14985.0,1806306.55
2012-08-16,120.4942,123.3597,117.5802,117.8231,4067.0,485776.95
2012-08-17,120.3971,120.3971,118.503,118.503,4826.0,572505.4
2012-08-21,118.503,120.3971,117.9202,118.503,5763.0,682850.3
2012-08-22,117.0946,118.503,117.046,117.4831,6279.0,740643.95
2012-08-23,119.9114,119.9114,115.8318,118.8915,35795.0,4223893.15
2012-08-24,117.5317,119.3772,115.0547,116.5603,43962.0,5143681.8
2012-08-27,116.1232,118.3087,116.1232,117.2403,2119.0,248317.8
2012-08-28,118.503,118.503,115.6376,117.5802,1048.0,123319.05
2012-08-29,118.4544,118.4544,115.6376,116.5603,822.0,95401.6
2012-08-30,118.4544,120.5428,113.0149,116.6575,3788.0,443705.25
2012-08-31,115.589,118.503,114.6662,116.6575,221.0,26061.65
2012-09-03,114.7148,119.8143,114.7148,116.6575,2771.0,323251.25
2012-09-04,114.6662,122.1941,114.6662,118.8915,870.0,104027.05
2012-09-05,116.6575,122.7769,116.6575,117.8231,946.0,114198.5
2012-09-06,121.417,135.0157,118.503,132.3931,55755.0,7301875.75
2012-09-07,135.987,139.7753,130.4019,131.1789,9174.0,1230855.8
2012-09-08,132.0531,132.0531,130.499,132.0046,168.0,22056.8
2012-09-10,133.073,134.0444,126.2737,128.5563,7505.0,966524.55
2012-09-11,129.1877,130.0619,128.2164,128.702,9139.0,1179040.15
2012-09-12,129.1877,131.956,126.7593,131.1789,19823.0,2593905.6
2012-09-13,132.7816,133.073,126.6622,131.1304,6500.0,854318.55
2012-09-14,131.1789,134.53,131.1304,132.7331,1076.0,141619.3
2012-09-17,131.1304,133.073,131.1304,132.3931,1183.0,155709.0
2012-09-18,135.987,144.7291,133.2673,135.987,24095.0,3323363.25
2012-09-20,134.4329,142.7378,134.4329,139.3867,12971.0,1825410.25
2012-09-21,141.8151,141.8151,134.0444,135.7442,9660.0,1322030.2
2012-09-24,135.5014,140.8437,135.5014,138.9982,7755.0,1076420.05
2012-09-25,138.901,140.8437,138.901,140.0667,4317.0,603414.8
2012-09-26,139.0467,144.1463,138.901,141.7179,8345.0,1180015.8
2012-09-27,144.7291,148.323,142.0093,145.8461,26095.0,3814619.7
2012-09-28,150.5571,170.0809,144.7291,165.9528,327631.0,53765793.75
2012-10-01,169.9838,170.9551,163.8644,166.4384,33518.0,5565732.2
2012-10-03,170.7123,170.7123,157.6478,160.2704,16221.0,2631852.1
2012-10-04,160.4647,168.0411,151.8198,154.6853,35142.0,5618174.05
2012-10-05,154.7824,154.7824,145.7975,149.1486,9181.0,1368220.1
2012-10-08,147.6916,155.0738,145.7004,150.2657,22048.0,3317101.75
2012-10-09,151.9655,152.0141,147.1574,148.7601,7051.0,1054827.6
2012-10-10,148.6144,150.5571,145.7004,147.5945,2631.0,387375.3
2012-10-11,147.5945,150.5571,145.6518,150.4599,13730.0,2018027.55
2012-10-12,147.6431,160.9504,146.6717,153.9082,44532.0,6868552.3
2012-10-15,154.8795,163.1844,154.8795,162.4074,17474.0,2817712.7
2012-10-16,165.1271,168.4297,160.3676,166.6327,11894.0,1973404.55
2012-10-17,165.1271,167.9926,158.3278,160.7561,17749.0,2908796.65
2012-10-18,159.6876,162.1645,155.608,159.202,4318.0,687437.4
2012-10-19,159.2991,160.7075,152.7912,154.9767,945.0,148312.15
2012-10-22,160.2704,160.2704,154.0053,156.1908,8262.0,1289250.5
2012-10-23,155.4138,159.4934,155.4138,159.0563,2741.0,434350.5
2012-10-25,157.3564,157.3564,153.5197,155.3652,2116.0,328730.65
2012-10-26,153.4711,155.4138,149.78,155.3652,1578.0,241144.9
2012-10-29,153.4711,159.1048,152.0141,156.0937,20945.0,3252157.9
2012-10-30,155.4138,159.979,155.4138,155.948,2283.0,356861.65
2012-10-31,159.1048,159.1534,154.5881,156.3851,776.0,121114.5
2012-11-01,154.5396,158.8134,151.7712,156.5794,5109.0,790498.15
2012-11-02,154.4424,157.8421,149.8771,150.9456,6013.0,912124.3
2012-11-05,150.6542,154.9281,146.8174,147.6431,3211.0,477607.75
2012-11-06,147.7888,151.4313,143.7577,149.5857,6654.0,979668.3
2012-11-07,153.2768,157.3564,152.0141,155.4623,6628.0,1028456.4
2012-11-08,151.6255,152.0627,149.5857,150.3628,5782.0,871680.2
2012-11-09,153.374,158.2306,148.7115,150.2657,7940.0,1199723.8
2012-11-12,150.5571,157.065,150.5571,151.577,2283.0,348751.15
2012-11-13,158.2306,159.1048,155.4138,157.745,1390.0,218272.05
2012-11-15,156.8708,157.3564,151.6255,154.9281,873.0,135038.9
2012-11-16,153.9568,157.1136,151.6741,154.6367,11314.0,1753561.3
2012-11-19,159.202,159.202,139.581,142.9321,14012.0,2051810.55
2012-11-20,147.4002,147.4002,141.9122,145.5061,1741.0,251216.1
2012-11-21,142.6893,145.1662,141.8151,142.5921,28131.0,4062230.1
2012-11-22,144.9719,145.2147,141.9122,142.9807,2117.0,306003.6
2012-11-23,142.8835,144.7291,137.2498,138.1725,3134.0,440743.8
2012-11-26,143.4178,145.5547,139.921,142.835,5138.0,726875.9
2012-11-27,142.835,146.1375,142.835,145.5547,592.0,86200.05
2012-11-29,145.7004,147.6431,139.8724,140.5038,2557.0,361800.85
2012-11-30,139.921,142.9321,139.6295,140.4066,4417.0,620807.6
2012-12-03,141.3294,147.6431,141.3294,143.8549,4292.0,619282.55
2012-12-04,147.6431,147.6431,141.4265,141.8151,4212.0,599130.65
2012-12-05,147.5459,147.5459,142.0579,142.6407,1285.0,184285.0
2012-12-06,145.7004,145.7004,141.038,143.1264,825.0,117589.75
2012-12-07,141.5722,144.6805,138.3182,138.7553,4229.0,595918.65
2012-12-10,137.9297,145.7004,136.6184,143.952,6742.0,973345.3
2012-12-11,149.4886,149.4886,143.7577,145.5547,2963.0,431308.1
2012-12-12,148.6144,152.1112,143.2721,147.9345,2748.0,403843.65
2012-12-13,153.8596,153.8596,143.1749,143.6606,9393.0,1367951.35
2012-12-14,151.577,172.3636,143.9034,172.3636,177235.0,29095231.45
2012-12-17,174.889,174.889,158.3278,169.6438,61591.0,10330110.25
2012-12-18,169.0125,173.772,167.0698,170.2752,16629.0,2802549.15
2012-12-19,170.7609,193.4901,169.4981,183.2911,109498.0,20309273.55
2012-12-20,179.6972,189.4105,175.0347,176.2489,19050.0,3383302.95
2012-12-21,174.8405,178.5801,168.0411,169.1096,12569.0,2153879.8
2012-12-24,170.9551,184.2624,165.5157,178.8715,33587.0,6004717.35
2012-12-26,180.6685,181.4456,170.7609,171.8779,7969.0,1395494.5
2012-12-27,175.8118,175.8118,170.1781,172.5578,8268.0,1433503.6
2012-12-28,171.0037,173.8691,169.9838,172.2664,7450.0,1278933.25
2012-12-31,174.8405,177.6088,171.9265,173.9663,5741.0,1000035.25
2013-01-01,184.5538,184.5538,172.0236,174.5491,6791.0,1185991.35
2013-01-02,176.7832,179.0658,174.8405,175.9089,14866.0,2615472.8
2013-01-03,181.5427,184.3596,174.9376,183.1454,23903.0,4319785.75
2013-01-04,181.1542,184.0682,176.7832,180.0371,10519.0,1905567.05
2013-01-07,176.8803,186.2051,176.8803,185.0881,47067.0,8595735.75
2013-01-08,186.4965,192.0817,183.5825,189.7991,17079.0,3175691.25
2013-01-09,188.4878,199.1239,188.4392,194.2672,25024.0,4867653.3
2013-01-10,194.4129,195.2871,183.2425,189.362,17466.0,3316734.05
2013-01-11,192.2274,192.2274,178.2887,182.0284,12044.0,2192669.9
2013-01-14,188.3421,188.3421,179.6972,182.2226,17673.0,3193772.5
2013-01-15,184.3596,188.1478,181.6398,185.3309,5585.0,1025629.2
2013-01-16,181.6884,189.2648,181.6398,182.1255,5961.0,1084739.3
2013-01-17,188.4392,188.4392,179.9886,181.6398,3649.0,662425.55
2013-01-18,188.3906,188.3906,178.7258,179.1144,7311.0,1325333.95
2013-01-21,181.6398,187.4678,178.7258,182.0769,15213.0,2779944.05
2013-01-22,184.5538,185.5252,181.737,183.0968,4386.0,810278.8
2013-01-23,183.5339,184.5538,172.9464,176.1518,27385.0,4882164.0
2013-01-24,177.026,178.7258,174.2091,176.8317,7431.0,1308459.75
2013-01-25,173.9177,180.6199,172.2664,177.4145,1821.0,322969.45
2013-01-28,179.6972,179.6972,174.8405,176.9774,1849.0,330423.75
2013-01-29,174.8405,179.5029,174.0634,174.9376,1668.0,293876.65
2013-01-30,173.9177,178.7258,168.8182,174.9376,4461.0,778202.85
2013-01-31,173.8691,174.8405,170.1781,172.4121,972.0,167380.05
2013-02-01,171.6351,179.5029,171.5865,174.1605,2202.0,387478.3
2013-02-04,181.6398,181.6398,171.4408,172.5578,574.0,99126.65
2013-02-05,172.8978,175.7632,171.1008,171.1008,1291.0,224122.95
2013-02-06,170.9551,172.8978,169.9838,170.0324,3952.0,678233.15
2013-02-07,181.6398,181.6398,155.8994,165.2243,7426.0,1209040.9
2013-02-08,171.3437,171.3437,156.4822,161.3875,6800.0,1122929.4
2013-02-11,159.3477,161.2418,152.0141,153.7625,8543.0,1335676.9
2013-02-12,155.4138,159.2991,151.7227,155.2681,2140.0,334463.0
2013-02-13,155.4138,156.3851,149.6343,151.6741,13155.0,2030182.8
2013-02-14,156.288,156.288,145.7975,147.5945,6690.0,989405.1
2013-02-15,156.3365,156.3365,144.7291,150.6056,2346.0,346556.55
2013-02-18,148.5173,173.8691,148.5173,155.1224,4407.0,685125.95
2013-02-19,151.577,155.4138,140.8437,145.749,21893.0,3212141.15
2013-02-20,151.0427,159.0077,148.6144,156.8222,3883.0,601486.1
2013-02-21,159.202,160.2704,152.9854,157.3079,1372.0,216576.85
2013-02-22,153.8596,163.0873,153.2768,158.862,2206.0,348331.0
2013-02-25,168.8668,168.9153,155.4623,165.4185,2787.0,452430.5
2013-02-26,159.2991,166.0499,151.1884,158.8134,2330.0,369351.8
2013-02-27,156.8708,160.0762,156.3851,157.3564,447.0,70512.0
2013-02-28,163.9615,163.9615,154.5396,158.7649,1404.0,220603.1
2013-03-01,155.4138,155.4138,150.12,153.034,3245.0,496150.35
2013-03-04,168.5268,168.5268,146.6717,149.1972,1848.0,274236.75
2013-03-05,154.4424,154.4424,145.5061,147.2545,11634.0,1787799.4
2013-03-06,152.9854,153.3254,148.4201,150.4114,9051.0,1349639.0
2013-03-07,154.2482,154.4424,149.3429,151.577,2984.0,453795.1
2013-03-08,152.9854,157.3564,152.4998,153.5682,4445.0,685939.1
2013-03-11,157.1622,158.9591,152.694,155.948,5054.0,785194.65
2013-03-12,152.3055,159.2991,152.3055,158.2792,2964.0,465351.4
2013-03-13,159.2505,159.2991,153.4711,158.0364,4608.0,714400.45
2013-03-14,155.4138,160.1733,151.5284,156.0937,3216.0,496198.5
2013-03-15,158.3278,158.3278,145.7004,147.0603,7689.0,1164489.6
2013-03-18,147.0603,153.2283,140.5038,151.8198,13171.0,1920894.45
2013-03-19,152.4512,152.4512,143.3692,143.612,39980.0,5768807.25
2013-03-20,141.8636,147.4488,140.4552,141.7665,9271.0,1317486.95
2013-03-21,140.6495,143.7577,133.6073,135.3557,7800.0,1078089.75
2013-03-22,135.987,139.8724,135.4042,136.327,5167.0,707827.35
2013-03-25,141.8151,146.6717,137.3469,142.8835,7528.0,1068744.85
2013-03-26,145.7975,145.7975,140.3581,143.2721,14231.0,2040489.95
2013-03-28,147.3517,147.3517,139.921,141.8636,3919.0,552564.25
2013-04-01,140.4066,144.0977,140.4066,142.1065,1699.0,240466.2
2013-04-02,141.0866,152.4026,140.9409,149.78,4110.0,593907.85
2013-04-03,145.8947,150.9942,145.6033,146.2832,1538.0,225057.5
2013-04-04,143.7577,145.8947,143.7577,145.7975,3061.0,444573.15
2013-04-05,150.12,150.3628,142.7864,145.2633,583.0,85299.2
2013-04-08,143.7577,145.7004,142.3493,143.8063,6344.0,909489.95
2013-04-09,141.8151,145.5547,141.8151,142.5921,930.0,133388.25
2013-04-10,140.1638,140.8437,138.901,139.3381,2491.0,348785.85
2013-04-11,141.8151,141.8151,138.901,139.8724,14655.0,2049837.6
2013-04-12,141.8151,141.8151,135.987,137.784,572.0,79409.5
2013-04-15,141.8151,141.8151,137.444,138.4154,1100.0,153831.4
2013-04-16,138.124,138.4154,133.073,135.6471,3619.0,491722.25
2013-04-17,137.9297,137.9297,132.9759,135.987,21545.0,2921633.3
2013-04-18,136.9584,137.9297,133.8501,135.9385,20128.0,2743205.65
2013-04-22,134.0929,137.1526,134.0444,135.5499,36294.0,4929323.5
2013-04-23,135.21,136.1813,128.8477,131.5675,4895.0,658376.85
2013-04-25,134.0444,134.7729,127.245,128.4106,4114.0,540774.75
2013-04-26,132.1017,133.0245,122.6797,123.8453,5028.0,647522.65
2013-04-29,126.0794,128.0221,124.331,124.5253,12350.0,1563523.8
2013-04-30,126.7593,126.8079,124.331,124.5253,12063.0,1521823.6
2013-05-02,128.0707,128.1192,123.3597,125.2052,2008.0,251682.9
2013-05-03,125.2538,125.3023,121.0285,123.4568,11643.0,1447152.85
2013-05-06,126.0794,126.2737,123.8453,125.1566,33237.0,4162458.8
2013-05-07,126.2737,126.8565,122.874,125.5452,12733.0,1609888.55
2013-05-08,130.1105,130.1105,122.874,127.245,1476.0,186666.8
2013-05-09,126.2737,126.7593,124.331,126.2737,22383.0,2823988.7
2013-05-10,126.2737,127.925,123.8939,126.2737,50152.0,6330954.6
2013-05-11,124.9138,125.0109,124.9138,124.9624,106.0,13250.8
2013-05-13,126.3708,128.2649,126.2737,127.1479,6166.0,784505.85
2013-05-14,128.2164,129.382,126.2737,126.4679,1991.0,252848.85
2013-05-15,124.5253,130.159,124.5253,129.1877,5510.0,707269.6
2013-05-16,134.0444,134.0444,125.788,126.2737,3284.0,420936.3
2013-05-17,130.9847,133.0245,125.3995,129.4305,4570.0,591037.35
2013-05-20,127.5364,132.9759,127.5364,132.4902,1566.0,205185.1
2013-05-21,130.159,130.6447,124.331,125.9823,3794.0,488689.4
2013-05-22,127.1964,127.245,121.6113,123.5054,5311.0,663181.2
2013-05-23,123.3597,123.3597,117.5802,119.8629,8098.0,971306.95
2013-05-24,116.6575,122.874,116.6575,121.1256,4533.0,549054.05
2013-05-27,123.3597,125.788,117.7745,123.7482,3534.0,437911.75
2013-05-28,121.5141,123.991,119.5715,122.5826,1124.0,137360.9
2013-05-29,125.2538,125.2538,121.417,122.7283,1720.0,210854.2
2013-05-30,122.3883,125.6423,120.5914,124.9624,11333.0,1391270.85
2013-05-31,128.702,137.9297,121.417,128.5078,35838.0,4695819.1
2013-06-03,130.6447,134.7729,130.6447,133.6558,4298.0,568209.3
2013-06-04,135.987,138.8039,128.2164,130.2076,5862.0,791219.7
2013-06-05,129.6734,140.5038,127.2936,138.4154,8395.0,1134672.9
2013-06-06,135.0157,137.444,134.53,136.4241,1067.0,145240.15
2013-06-07,134.5786,140.8437,130.4504,133.2673,33128.0,4479455.15
2013-06-10,131.2761,134.0444,125.3023,129.2848,20920.0,2737424.9
2013-06-11,127.2936,129.0906,122.4855,124.4281,12722.0,1595658.95
2013-06-12,126.2737,126.2737,122.4855,125.4966,3929.0,494217.25
2013-06-13,124.2339,133.0245,124.2339,130.8875,6442.0,822861.05
2013-06-14,126.7108,132.1017,126.7108,128.0221,4753.0,619751.05
2013-06-17,125.5452,130.159,125.5452,126.9536,439.0,55665.8
2013-06-18,130.5961,130.5961,123.4082,127.8764,2176.0,274889.55
2013-06-19,128.9934,128.9934,125.788,126.6622,769.0,97212.75
2013-06-20,128.5078,128.5078,122.4855,123.8453,289.0,36354.35
2013-06-21,122.5826,125.2538,122.3883,122.4369,1243.0,152846.8
2013-06-24,121.5141,126.5651,121.5141,124.8167,2064.0,256922.0
2013-06-25,121.8055,124.1853,121.8055,121.9512,1931.0,236797.15
2013-06-26,123.7482,125.6423,123.7482,123.8453,10362.0,1283083.8
2013-06-27,121.5627,129.1391,121.5627,128.2164,7347.0,931235.95
2013-06-28,129.0906,129.0906,121.7084,124.3796,4546.0,567314.45
2013-07-01,126.2251,126.2737,122.4855,125.1081,3497.0,437660.65
2013-07-02,123.3597,129.9162,123.0197,125.5937,3345.0,422929.85
2013-07-03,126.2251,126.6622,121.9027,122.9226,4222.0,527177.05
2013-07-04,122.7769,123.7968,120.3485,120.7856,3364.0,409146.5
2013-07-05,124.9138,124.9138,113.6463,119.0858,4757.0,566274.7
2013-07-08,117.5317,120.9799,113.6463,115.589,2883.0,336395.55
2013-07-09,115.589,119.96,114.7148,118.6973,1390.0,162445.15
2013-07-10,119.4743,119.4743,110.5866,115.2004,3850.0,441457.15
2013-07-11,118.4059,121.1256,117.5802,118.9887,1143.0,135530.9
2013-07-12,116.5603,121.417,115.6376,115.6376,3199.0,381550.05
2013-07-15,116.5603,118.8915,113.792,115.1033,1117.0,129187.5
2013-07-16,118.4059,118.503,114.4234,115.589,3174.0,372704.7
2013-07-17,116.5603,116.5603,113.2578,114.5691,2142.0,247014.85
2013-07-18,113.9377,117.5317,111.4122,117.4831,5676.0,653777.15
2013-07-19,114.7633,117.4345,114.6176,114.7148,158.0,18132.55
2013-07-22,114.7148,117.4345,114.132,117.0946,2153.0,251828.1
2013-07-23,117.5317,117.5802,114.2291,115.929,1637.0,191121.4
2013-07-24,115.8804,116.7546,111.8979,112.6264,4396.0,500187.0
2013-07-25,114.6176,116.4632,108.8382,113.5006,3830.0,432607.8
2013-07-26,111.7522,111.7522,108.4011,109.0325,2816.0,310203.85
2013-07-29,110.7323,116.5603,108.9353,111.995,5048.0,564837.45
2013-07-30,108.9839,111.7036,101.456,102.0874,4164.0,438683.25
2013-07-31,101.9903,106.6527,99.1734,102.0388,3907.0,399026.5
2013-08-01,101.1161,104.5158,97.1336,100.2419,2788.0,277674.35
2013-08-02,97.3279,103.4473,92.3255,98.9791,6164.0,604731.65
2013-08-05,97.1336,99.0763,93.8796,98.6877,1646.0,158153.45
2013-08-06,97.1336,97.1336,92.0827,94.0739,23786.0,2268007.2
2013-08-07,92.2769,98.0078,89.5572,97.1336,33650.0,3181199.9
2013-08-08,95.0938,101.8931,95.0938,100.6304,32451.0,3209616.65
2013-08-12,97.6193,102.9616,97.6193,100.5818,22565.0,2262013.55
2013-08-13,100.1447,104.6129,98.1049,102.0388,6379.0,639542.3
2013-08-14,106.7917,110.901,104.0192,109.5148,6852.0,738667.25
2013-08-16,109.9108,109.9108,103.9697,104.5638,939.0,99866.3
2013-08-19,102.9795,105.653,101.2467,102.9795,13419.0,1410171.9
2013-08-20,101.8408,104.7124,101.8408,103.9697,528.0,54646.0
2013-08-21,108.8216,108.8216,103.6727,104.2173,835.0,86737.25
2013-08-22,107.1878,107.6829,103.9697,105.4055,2645.0,282182.6
2013-08-23,105.356,109.7623,105.2074,105.356,1166.0,123200.85
2013-08-26,106.9403,108.0295,104.3658,105.1579,1428.0,150399.35
2013-08-27,107.7324,107.7324,104.5143,106.5937,1630.0,172685.45
2013-08-28,108.9207,108.9207,104.7124,108.079,2429.0,259771.8
2013-08-29,106.1481,109.6138,106.1481,107.1383,1022.0,109543.5
2013-08-30,107.9305,109.4157,106.6927,109.3167,518.0,56623.2
2013-09-02,108.9207,108.9207,106.6927,108.8711,2086.0,224361.55
2013-09-03,107.2868,108.376,106.2471,106.4947,7693.0,822732.25
2013-09-04,105.9501,108.6236,102.6825,104.9599,1305.0,137142.0
2013-09-05,111.6932,122.3872,107.4354,117.6343,6068.0,696693.75
2013-09-06,114.8618,118.8225,114.8618,118.773,3846.0,452145.4
2013-09-10,116.8422,127.9323,116.248,125.1597,3634.0,445635.7
2013-09-11,122.2882,124.7637,116.8422,121.0505,9834.0,1208056.05
2013-09-12,117.8323,138.6263,116.8422,129.3185,4794.0,607900.4
2013-09-13,127.3381,137.6361,120.8029,128.6749,3370.0,425898.45
2013-09-16,126.7935,132.1901,116.9412,123.6249,5231.0,639120.8
2013-09-17,126.744,126.744,121.7931,121.7931,4510.0,549718.75
2013-09-18,122.7833,122.7833,114.8618,121.7931,1189.0,142059.45
2013-09-19,121.8921,122.7338,119.3176,121.3475,2846.0,343753.7
2013-09-20,123.7735,123.7735,116.8422,118.4265,1629.0,193761.35
2013-09-23,123.2784,123.2784,118.3274,121.3475,1484.0,177524.1
2013-09-24,121.7931,124.1695,116.8917,122.3377,746.0,90238.35
2013-09-25,124.5161,124.7637,119.2186,124.4171,2501.0,310291.55
2013-09-26,124.7637,125.6053,120.9514,123.7735,6433.0,795012.95
2013-09-27,122.7833,131.4474,119.8127,125.8529,3374.0,421691.9
2013-09-30,125.2587,128.7244,118.872,122.7338,5488.0,674055.1
2013-10-01,120.5058,122.7833,120.5058,121.6446,12344.0,1505185.0
2013-10-03,120.3078,123.7735,120.3078,121.8426,5728.0,696551.05
2013-10-04,121.298,128.7244,121.298,127.3877,1385.0,173885.8
2013-10-07,125.7538,126.1994,121.9911,123.0308,1362.0,167991.05
2013-10-08,124.7637,125.7538,124.2686,124.2686,659.0,82476.15
2013-10-09,128.4274,128.4274,123.823,125.0607,1833.0,230474.85
2013-10-10,126.744,127.1896,123.922,125.3083,572.0,71858.4
2013-10-11,125.3083,127.2391,125.3083,127.1401,2192.0,277561.2
2013-10-14,125.7538,127.2391,125.0112,125.2587,1320.0,165882.75
2013-10-15,126.0014,126.0014,123.0308,123.7735,1563.0,196054.25
2013-10-17,124.6646,125.3083,121.4465,122.6843,3565.0,445422.5
2013-10-18,121.7931,123.2784,120.8029,122.7338,612.0,74826.7
2013-10-21,122.7833,122.7833,119.8127,120.8524,3779.0,456154.8
2013-10-22,120.4068,122.5357,119.4662,120.3573,1660.0,200828.3
2013-10-23,123.6744,123.6744,119.8127,121.5455,1458.0,175809.75
2013-10-24,122.2882,122.3377,120.0603,122.2882,762.0,93099.1
2013-10-25,123.7735,124.021,123.7735,123.7735,5130.0,635013.0
2013-10-28,122.8328,126.744,122.7833,122.9813,5355.0,667820.45
2013-10-29,121.7931,127.3381,119.8622,123.7735,5531.0,685118.85
2013-10-30,121.9416,125.7043,121.9416,123.6744,1019.0,125992.95
2013-10-31,121.7931,126.744,118.9215,119.9117,9258.0,1127687.9
2013-11-01,124.5161,124.5161,118.4265,120.8029,2275.0,273193.65
2013-11-03,124.6646,128.5264,120.8029,122.7833,1654.0,205166.35
2013-11-05,120.8029,124.1695,120.8029,122.8823,1441.0,176522.05
2013-11-06,122.9318,125.3578,122.8823,124.8132,3937.0,489895.35
2013-11-07,126.744,126.744,123.823,125.6548,3800.0,473677.65
2013-11-08,123.823,127.1896,123.7735,124.5161,1457.0,181853.85
2013-11-11,126.4965,126.4965,123.7735,124.8627,1097.0,136190.05
2013-11-12,123.7735,126.2489,123.7735,125.7538,2256.0,283135.7
2013-11-13,125.7538,125.7538,123.7735,124.4666,90420.0,11194071.95
2013-11-14,126.1004,127.0411,125.7538,126.546,8632.0,1091436.7
2013-11-18,125.2587,126.2489,123.7735,125.7538,5730.0,713597.25
2013-11-19,125.2587,131.2989,123.823,127.9323,5666.0,718201.05
2013-11-20,126.843,131.1504,126.843,127.6352,322.0,40998.35
2013-11-21,126.744,126.744,124.4171,126.744,3981.0,504551.15
2013-11-22,128.7244,129.6651,126.7935,127.0411,717.0,92151.7
2013-11-25,126.744,131.1009,126.744,129.467,923.0,119586.5
2013-11-26,127.7342,128.4274,124.8132,124.8627,51608.0,6458591.75
2013-11-27,128.4769,128.4769,124.7637,124.7637,1012.0,126712.75
2013-11-28,124.8132,129.3185,122.8823,124.2191,36384.0,4601591.0
2013-11-29,127.1401,127.2391,127.1401,127.1401,5101.0,648553.5
2013-12-02,125.8529,125.8529,124.7637,125.5063,2210.0,276200.55
2013-12-03,128.7244,130.6553,125.3083,129.9126,29854.0,3829971.45
2013-12-04,128.7244,128.972,126.1499,128.8234,305.0,39251.4
2013-12-05,131.794,135.3587,126.2984,131.794,23694.0,3181227.8
2013-12-06,131.695,135.5072,131.3484,134.4675,63713.0,8588223.9
2013-12-09,133.8239,146.8448,130.7048,145.4091,13989.0,1933793.8
2013-12-10,143.5772,143.5772,137.6856,142.8841,2973.0,422751.85
2013-12-11,141.5968,142.587,138.5768,139.3194,1899.0,265156.6
2013-12-12,143.5772,143.5772,132.6852,134.0219,1775.0,239661.35
2013-12-13,132.6852,137.5866,131.3979,132.4871,8852.0,1191883.6
2013-12-16,135.6557,158.9746,132.2891,158.9746,26571.0,4116664.8
2013-12-17,163.2324,165.3614,148.2311,149.4193,20010.0,3078733.05
2013-12-18,148.5282,155.41,147.538,149.0728,19014.0,2851643.8
2013-12-19,147.538,153.3306,143.5772,143.8743,16426.0,2427408.7
2013-12-20,143.5772,151.8948,141.4483,149.0728,5049.0,744633.25
2013-12-23,148.5282,152.4889,148.5282,151.2017,3660.0,550731.4
2013-12-24,148.5282,153.4791,148.5282,153.182,5930.0,895238.35
2013-12-26,152.6374,162.2423,152.6374,161.054,26824.0,4241630.55
2013-12-27,166.3515,173.2829,158.43,165.0643,23039.0,3771066.8
2013-12-30,167.3417,169.3221,160.1134,163.381,11570.0,1889641.8
2013-12-31,167.2922,168.2824,158.43,165.5099,23225.0,3769363.2
2014-01-01,165.8564,167.8368,161.4006,163.381,1983.0,326655.55
2014-01-02,165.3614,165.3614,161.9947,162.1432,2048.0,333890.2
2014-01-03,163.381,164.3712,161.4006,163.48,1127.0,183435.6
2014-01-06,173.0848,175.9069,160.4104,171.7481,93093.0,15741430.8
2014-01-07,169.3221,173.2829,166.005,167.9358,35782.0,6124031.75
2014-01-08,166.8466,188.1357,165.0148,176.0059,167488.0,29166221.9
2014-01-09,178.2338,182.1945,170.8074,173.2829,96802.0,16839932.75
2014-01-10,175.7583,175.7583,171.154,172.2432,18980.0,3300264.85
2014-01-13,171.4015,176.1544,170.4113,173.0848,9095.0,1574667.25
2014-01-14,172.7878,175.2632,170.7084,173.6294,8213.0,1411969.5
2014-01-15,171.4015,182.1945,171.0054,178.8279,18082.0,3184015.75
2014-01-16,182.9867,188.0367,179.2735,182.9372,90884.0,16600614.75
2014-01-17,189.918,212.6923,182.6896,195.0175,282610.0,56003800.6
2014-01-20,196.0572,217.8413,194.0768,211.9497,143507.0,30021012.55
2014-01-21,213.534,216.8511,202.1963,205.3649,36330.0,7574772.7
2014-01-22,202.8895,207.7414,177.2436,179.8181,74780.0,14032415.8
2014-01-23,177.2931,193.0866,177.2931,184.4225,36773.0,6914272.2
2014-01-24,181.848,184.1749,175.4613,177.4912,10394.0,1856670.05
2014-01-27,173.2829,177.9862,166.6486,168.3814,14246.0,2439596.3
2014-01-28,166.5991,171.2035,163.9751,166.3515,16288.0,2720719.1
2014-01-29,165.8564,175.1147,165.8564,172.3422,5615.0,963760.75
2014-01-30,168.3319,171.3025,166.401,169.1241,3282.0,553104.8
2014-01-31,168.3319,171.3025,165.1138,168.7775,2165.0,365036.8
2014-02-03,166.6981,170.2628,165.6089,166.005,1518.0,253084.45
2014-02-04,165.3614,167.2922,163.381,163.7275,1063.0,174525.9
2014-02-05,166.203,170.8074,161.6977,167.3417,6560.0,1098828.4
2014-02-06,172.2927,174.3721,165.3614,166.9952,1669.0,281446.6
2014-02-07,170.8074,173.0848,166.203,167.1932,9299.0,1561379.4
2014-02-10,168.1339,170.4608,165.7079,166.5991,2422.0,405350.4
2014-02-11,166.4506,167.8368,163.4305,165.0148,1603.0,265744.4
2014-02-12,168.827,170.3123,164.5692,165.2623,786.0,129569.4
2014-02-13,168.2329,168.2329,158.6281,159.7173,6540.0,1051751.1
2014-02-14,157.0438,165.0643,153.4791,160.0143,4741.0,745042.55
2014-02-17,159.4202,182.6896,158.331,177.9862,15454.0,2615177.35
2014-02-18,175.2632,188.5317,173.2829,176.798,29935.0,5494564.9
2014-02-19,174.273,181.1053,173.4809,177.3426,5558.0,986366.35
2014-02-20,177.2436,183.1847,173.4314,178.2338,5788.0,1033828.1
2014-02-21,177.0951,181.1053,174.6691,180.0161,5117.0,912152.15
2014-02-24,181.6499,181.6995,173.2829,174.4216,7404.0,1301100.25
2014-02-25,179.9171,186.0068,173.2829,174.4216,14918.0,2649361.25
2014-02-26,175.4613,180.2142,168.4309,169.6687,4667.0,805738.5
2014-02-28,169.3221,175.7583,169.3221,172.1441,21953.0,3786702.0
2014-03-03,173.4809,176.2039,167.4407,168.4804,12978.0,2231392.15
2014-03-04,167.8368,174.5701,165.4109,168.3814,15232.0,2568761.5
2014-03-05,168.5795,173.2829,168.5795,171.352,9288.0,1594355.65
2014-03-06,176.2039,192.8886,169.5697,182.0955,81041.0,14148522.95
2014-03-07,184.4225,207.8404,181.3034,203.2855,120028.0,23964818.0
2014-03-10,207.8899,209.9198,189.8685,204.9194,52751.0,10726425.0
2014-03-11,208.0384,245.8636,208.0384,245.8636,585503.0,141448294.5
2014-03-12,254.0327,262.3998,239.6254,247.7945,606350.0,151079134.2
2014-03-13,248.9827,259.4292,244.1308,254.2307,309294.0,78356193.35
2014-03-14,247.6955,251.5077,242.596,248.3886,27028.0,6700480.65
2014-03-18,244.5764,255.9635,239.6749,246.7548,52409.0,12877136.55
2014-03-19,244.7249,249.5273,240.7146,247.1509,16850.0,4144503.45
2014-03-20,247.9925,250.0224,242.596,244.2793,13958.0,3444707.95
2014-03-21,245.6161,249.9234,223.0398,242.794,24775.0,5963355.2
2014-03-22,243.9328,245.2695,239.6254,243.7842,2111.0,512169.3
2014-03-24,238.7838,242.596,231.7039,234.724,40355.0,9614864.3
2014-03-25,237.6451,240.6156,219.8217,227.3966,74707.0,17015017.9
2014-03-26,231.2088,250.1214,228.7334,234.724,80992.0,19495754.2
2014-03-27,239.6254,244.2793,230.9118,236.2588,17415.0,4123751.85
2014-03-28,239.6254,259.8748,234.2289,253.6861,169952.0,43162850.75
2014-03-31,259.4292,265.3703,248.5371,249.9729,17182.0,4384941.5
2014-04-01,247.5469,274.9256,245.5666,264.0831,130688.0,34708969.35
2014-04-02,266.3605,272.3016,253.7356,258.34,60632.0,15936981.15
2014-04-03,259.0331,269.232,250.5175,259.9738,37798.0,9748029.95
2014-04-04,257.6469,268.3409,256.5576,265.9644,55278.0,14598660.1
2014-04-07,258.439,272.1036,258.439,266.113,30854.0,8197863.8
2014-04-09,263.3899,282.253,263.3899,270.7668,36196.0,9944864.0
2014-04-10,277.2526,279.8271,267.3507,277.4011,38486.0,10597972.05
2014-04-11,271.3114,283.1937,264.3801,271.5095,41641.0,11337223.95
2014-04-15,269.3311,279.2329,263.489,273.0938,23823.0,6452832.65
2014-04-16,269.7271,274.6286,254.0327,255.9635,42929.0,11289755.65
2014-04-17,258.439,262.3998,254.4782,257.5973,14160.0,3665485.55
2014-04-21,265.8159,265.8159,242.695,257.8449,19284.0,4958237.2
2014-04-22,257.9439,263.1919,249.5273,250.3195,15267.0,3877908.5
2014-04-23,253.4881,260.4194,249.0817,255.5675,19847.0,5087759.5
2014-04-25,252.7949,268.3904,252.4979,254.9238,31738.0,8324230.9
2014-04-28,263.3899,263.3899,252.0028,256.2606,19233.0,4895711.1
2014-04-29,259.4292,260.3204,246.7548,249.8739,14666.0,3688291.25
2014-04-30,249.5273,252.4979,232.5951,236.8529,17300.0,4217800.25
2014-05-02,237.6451,241.6058,231.803,238.6848,10043.0,2371009.55
2014-05-05,237.348,246.4577,237.348,242.2989,8298.0,2010349.35
2014-05-06,251.5077,251.5077,237.7441,248.6857,10876.0,2690524.9
2014-05-07,246.1607,249.5273,239.6254,241.5563,7958.0,1960895.65
2014-05-08,246.5567,247.4479,244.0813,245.022,8432.0,2066379.35
2014-05-09,247.5469,252.3989,231.803,235.9122,28056.0,6695614.6
2014-05-12,239.6254,244.4774,235.6647,238.9818,25442.0,6051302.25
2014-05-13,239.873,253.4881,237.5955,250.4185,63419.0,15566480.85
2014-05-14,252.4979,270.1232,250.6165,262.0037,101603.0,26537071.25
2014-05-15,266.3605,266.3605,240.6156,243.1901,29161.0,7219872.15
2014-05-16,239.6254,261.9047,238.6352,256.4586,397769.0,102190308.0
2014-05-19,262.3998,307.7504,260.4194,307.7504,147020.0,42336379.25
2014-05-20,325.7718,336.3668,306.9582,316.0679,82565.0,26108967.25
2014-05-21,316.8601,323.7914,307.7504,308.394,401483.0,126923172.55
2014-05-22,316.662,339.6344,308.1464,318.8405,59326.0,19055110.7
2014-05-23,316.8601,330.5247,315.3748,319.7316,12624.0,4054924.05
2014-05-26,326.6629,366.3695,307.7504,350.774,154094.0,53813438.9
2014-05-27,353.497,353.497,321.811,341.5653,18172.0,6107260.35
2014-05-28,341.6148,382.4105,341.6148,369.6866,83940.0,30759154.5
2014-05-29,379.0934,379.0934,361.5175,366.3695,18064.0,6655984.15
2014-05-30,375.2812,376.0733,359.9332,369.8846,9267.0,3428677.1
2014-06-02,376.2713,410.9279,370.6768,373.7464,23766.0,9154950.4
2014-06-03,376.2218,386.1732,362.4087,374.8851,90009.0,33562805.35
2014-06-04,374.291,397.0653,374.2415,391.9163,97546.0,38414203.35
2014-06-05,395.778,458.4074,393.8967,426.5729,169113.0,72418205.35
2014-06-06,416.869,455.9815,416.869,449.5947,731323.0,326303912.7
2014-06-09,450.0403,475.2901,449.5452,466.6755,453934.0,209733900.8
2014-06-10,470.3887,475.2901,467.2696,471.8245,49119.0,23166293.35
2014-06-11,473.3097,504.0056,467.1211,471.0818,70872.0,33893962.7
2014-06-12,482.2214,482.8155,454.1991,479.2509,60040.0,28062062.4
2014-06-13,493.1135,503.0154,459.4471,475.2901,79892.0,39000751.85
2014-06-16,477.2705,481.2312,454.5952,468.6559,25505.0,11892002.8
2014-06-17,457.4667,494.1037,457.4667,484.3503,20745.0,9959351.45
2014-06-18,495.0939,499.0546,464.9922,491.1331,242391.0,119834796.35
2014-06-19,485.192,502.8173,470.7353,481.5778,12874.0,6160632.25
2014-06-20,479.6965,482.9641,459.4471,462.4177,25568.0,12048375.55
2014-06-23,462.4177,473.2107,450.5354,461.0809,16946.0,7732933.4
2014-06-24,461.4275,477.7656,455.5854,464.3981,6639.0,3115636.75
2014-06-25,458.0113,470.3392,441.6237,457.3182,19273.0,8757817.85
2014-06-26,463.1603,473.3097,447.5649,451.4266,15396.0,7052312.55
2014-06-27,452.5653,462.0216,450.5354,457.2192,11844.0,5397117.25
2014-06-30,460.4373,473.1612,450.5354,469.25,6024.0,2800208.75
2014-07-01,467.3686,467.3686,457.4667,458.2094,3709.0,1709627.8
2014-07-02,465.3882,465.3882,448.6541,456.4765,14618.0,6660641.95
2014-07-03,456.4765,467.3686,450.5849,451.1295,11653.0,5342586.65
2014-07-04,446.5747,459.3976,446.5747,451.9217,2840.0,1285291.15
2014-07-07,446.0796,455.4864,429.3454,448.2085,49159.0,22171268.1
2014-07-08,465.3882,465.3882,440.6335,444.9904,55304.0,24639572.6
2014-07-09,435.6826,467.2201,425.7807,462.9128,36930.0,16642684.7
2014-07-10,464.3981,469.349,439.7919,443.9012,50383.0,22417968.3
2014-07-11,433.7022,444.4458,421.7705,421.9685,5875.0,2510029.35
2014-07-14,401.026,406.9672,400.8775,402.3628,26603.0,10698420.75
2014-07-15,405.977,416.869,405.977,412.9083,10896.0,4480587.25
2014-07-16,423.8004,433.5537,410.9279,433.5537,5556.0,2358796.15
2014-07-17,436.6728,454.4962,436.6728,453.506,3670.0,1632000.3
2014-07-18,445.5845,450.5354,440.7326,446.5747,3030.0,1353089.2
2014-07-21,468.8539,468.8539,450.5354,460.5858,5983.0,2754237.45
2014-07-22,456.13,470.2402,455.4864,464.8931,14565.0,6756539.4
2014-07-23,465.2397,465.2397,450.5354,459.9917,4498.0,2054729.35
2014-07-24,464.3981,464.3981,450.7335,456.4765,2415.0,1098982.8
2014-07-25,435.6826,454.4962,435.6826,448.4065,2947.0,1321549.95
2014-07-28,440.6831,440.6831,426.0283,426.1768,2624.0,1124268.25
2014-07-30,425.7807,446.9212,423.8004,445.733,6349.0,2790088.5
2014-07-31,449.5452,449.5452,433.2071,439.6434,2818.0,1241079.1
2014-08-01,425.7807,440.0889,420.1367,431.0287,10078.0,4370595.25
2014-08-04,431.8209,449.4462,431.2268,443.6041,7100.0,3139561.8
2014-08-05,453.704,462.2196,443.6041,457.3182,15976.0,7211595.85
2014-08-06,475.2901,475.2901,463.4079,471.9235,23032.0,10853093.85
2014-08-07,475.0921,485.0435,461.6255,464.9427,27710.0,13034769.75
2014-08-08,465.3882,465.3882,441.7228,441.7228,3841.0,1719317.0
2014-08-11,444.1487,460.4373,444.1487,451.4266,25911.0,11588936.1
2014-08-12,460.4373,470.3392,445.6835,464.9922,12908.0,5965148.7
2014-08-13,464.9922,479.2509,453.506,456.13,12763.0,5971220.1
2014-08-14,455.4369,470.3392,455.4369,462.0711,7980.0,3708635.7
2014-08-18,446.5747,465.0912,446.5747,455.8824,26957.0,12215575.6
2014-08-19,457.4667,465.3387,447.7629,450.9315,1237387.0,558609418.75
2014-08-20,454.5952,464.9922,452.0207,461.3285,50525.0,23152517.95
2014-08-21,463.3584,469.7451,457.5162,463.2593,112611.0,52147779.65
2014-08-22,467.3863,486.2309,466.4913,471.3143,93020.0,44456337.55
2014-08-25,475.2423,483.2973,455.453,461.8174,37721.0,17821767.5
2014-08-26,462.4141,475.3418,456.6463,468.4801,35104.0,16482219.8
2014-08-27,467.4857,479.3195,457.9391,463.9057,19822.0,9328135.35
2014-08-28,466.3918,472.1098,458.4363,459.7291,3910.0,1809721.2
2014-09-01,465.4968,467.3863,437.6525,457.5413,14381.0,6628153.15
2014-09-02,457.4419,462.3643,453.4641,457.4419,6448.0,2945329.6
2014-09-03,449.9836,460.4252,447.4975,452.8674,6994.0,3175514.45
2014-09-04,448.293,450.0333,441.5308,444.6633,20679.0,9181831.05
2014-09-05,451.4255,452.9669,441.7795,443.9672,4618.0,2067374.1
2014-09-08,452.4697,465.3974,436.7575,459.2816,11862.0,5371849.75
2014-09-09,462.2152,462.3643,450.4311,457.7899,8753.0,3989649.15
2014-09-10,463.4085,467.2868,458.4363,466.8393,9223.0,4286929.15
2014-09-11,465.8449,470.3696,465.8449,466.9885,11429.0,5345709.5
2014-09-12,465.8946,473.6015,457.4419,467.5354,4524.0,2101671.0
2014-09-15,462.4141,467.3863,454.7569,457.591,5591.0,2563821.05
2014-09-16,457.4419,464.4029,419.2057,425.8187,15969.0,7111808.35
2014-09-17,445.5086,446.503,427.7081,443.5197,11349.0,5012574.15
2014-09-18,438.4978,459.381,438.4978,455.6022,18958.0,8617016.45
2014-09-19,457.4419,460.4252,452.4697,457.243,25369.0,11606634.15
2014-09-22,460.4252,460.4252,448.4919,458.5855,8767.0,4014147.45
2014-09-23,467.3863,467.3863,423.6309,432.4815,13745.0,6037578.2
2014-09-24,437.6028,442.227,421.6421,432.1334,10882.0,4643201.05
2014-09-25,427.8076,448.4919,422.5868,439.9895,30272.0,13145602.45
2014-09-26,426.6143,441.0336,425.7193,432.1334,4326.0,1870751.4
2014-09-29,423.6309,441.5308,423.6309,435.7134,3885.0,1687745.95
2014-09-30,432.034,445.5086,421.6421,425.3215,12746.0,5552768.25
2014-10-01,421.6421,443.9672,421.1448,440.8845,19027.0,8236292.4
2014-10-07,445.4589,445.4589,422.736,424.5757,7289.0,3119466.5
2014-10-08,418.6588,429.0009,418.6588,423.5315,4943.0,2099070.6
2014-10-09,423.6309,437.5531,419.6532,435.2162,9818.0,4202276.7
2014-10-10,427.6087,433.5753,424.1282,426.3159,3830.0,1639453.8
2014-10-13,425.6695,431.8351,420.1504,424.1282,2753.0,1168128.8
2014-10-14,422.6862,432.034,422.6862,427.7579,26005.0,11118596.25
2014-10-16,432.5312,441.5308,413.786,416.6202,4742.0,2003092.2
2014-10-17,418.6588,425.1226,409.7088,419.2057,11492.0,4798876.45
2014-10-20,428.2054,428.2054,419.6532,421.5426,2436.0,1030353.8
2014-10-21,422.6365,442.1772,413.9849,422.2387,6763.0,2918900.35
2014-10-22,419.0068,435.5642,415.6754,418.1118,5857.0,2463764.05
2014-10-23,427.6087,427.6087,420.1504,420.9957,4050.0,1710377.35
2014-10-27,421.6918,424.6254,415.6754,417.6643,4452.0,1880015.25
2014-10-28,416.3218,420.8465,412.6921,418.7085,2763.0,1154003.0
2014-10-29,416.6202,422.6365,406.2283,417.6643,43872.0,18319835.25
2014-10-30,419.4046,424.6254,415.924,419.2554,4764.0,1999439.1
2014-10-31,420.051,427.6087,417.6146,421.3935,616160.0,257413016.65
2014-11-03,434.4703,434.4703,422.6365,427.8573,26338.0,11224618.2
2014-11-05,423.1337,436.1112,422.6365,426.5148,10070.0,4279912.65
2014-11-07,426.5148,426.5148,405.383,423.0343,6650.0,2814979.2
2014-11-10,422.6862,422.6862,400.7589,402.698,10520.0,4290891.7
2014-11-11,403.7422,422.4376,403.0461,414.5816,94984.0,38951397.2
2014-11-12,412.6921,448.5914,412.6921,440.4867,22546.0,9782886.95
2014-11-13,442.9231,467.3863,441.2325,462.8616,52602.0,24354524.5
2014-11-14,452.5691,474.7948,449.2377,456.0497,27863.0,13001635.2
2014-11-17,466.8393,484.2917,456.4474,477.6787,196374.0,91091786.5
2014-11-18,483.7945,561.8579,483.7945,517.7049,109074.0,57456568.3
2014-11-19,524.9145,524.9145,497.3686,499.805,46416.0,23546023.85
2014-11-20,501.1475,521.9809,498.2139,517.4065,28937.0,14768792.85
2014-11-21,512.6332,532.3728,509.2521,514.9702,22941.0,11921313.5
2014-11-24,518.2021,521.4837,497.2194,502.7883,18173.0,9160917.7
2014-11-25,497.7166,505.871,479.0212,488.5678,45463.0,22383008.5
2014-11-26,491.0539,493.1919,477.3306,486.1812,13585.0,6605409.55
2014-11-27,485.2862,500.2027,480.314,493.2914,14670.0,7240155.45
2014-11-28,501.9927,501.9927,492.2472,494.6836,12073.0,5973794.2
2014-12-01,511.1416,526.5056,490.2086,520.8373,41662.0,21089307.15
2014-12-02,520.8373,520.8373,492.4958,508.8544,11132.0,5663188.8
2014-12-03,509.6002,515.9149,504.4291,511.1913,13391.0,6817091.55
2014-12-04,527.0526,527.0526,502.1916,504.2799,17717.0,9048953.55
2014-12-05,507.1638,511.6388,495.2305,498.015,6514.0,3266459.45
2014-12-08,498.2636,510.6941,494.7333,498.5619,320946.0,161298368.05
2014-12-09,501.0977,501.0977,487.2253,491.6506,11341.0,5575183.4
2014-12-10,492.2472,502.0424,483.347,484.8387,10254.0,5017387.55
2014-12-11,484.8387,492.1478,479.3195,481.6565,3482.0,1689075.65
2014-12-12,484.2917,501.1972,477.3306,481.209,12281.0,5995812.15
2014-12-15,478.524,478.524,459.4307,471.4137,28820.0,13567744.7
2014-12-16,474.3473,474.3473,428.2054,434.172,11447.0,5120608.85
2014-12-17,434.5698,434.5698,399.7644,429.5479,23024.0,9763621.35
2014-12-18,432.5809,447.4478,424.6254,429.349,5761.0,2515381.5
2014-12-19,432.5809,452.4697,430.7412,437.4039,14163.0,6223717.95
2014-12-22,437.5531,466.3918,432.3323,435.0173,21084.0,9280902.1
2014-12-23,438.5475,447.4975,426.3657,428.7026,124260.0,53355103.85
2014-12-24,431.5865,441.3817,417.7638,431.4373,84918.0,36055950.05
2014-12-26,434.5698,442.5253,428.6031,439.7906,10782.0,4704390.95
2014-12-29,442.5253,445.5086,432.6803,436.1609,11531.0,5048424.05
2014-12-30,439.542,477.3306,434.0726,437.5531,28923.0,12842833.45
2014-12-31,440.5364,458.0385,437.6028,449.6852,12598.0,5689142.55
2015-01-01,452.42,452.5691,432.6306,446.2047,6516.0,2910400.5
2015-01-02,447.5969,447.5969,429.697,432.1334,33832.0,14812860.55
2015-01-05,430.6417,442.4756,429.5976,432.4815,17590.0,7619918.05
2015-01-06,441.4314,441.4314,412.6921,415.4765,53984.0,22518378.2
2015-01-07,421.6421,421.6421,408.7144,410.4546,25240.0,10407752.9
2015-01-08,425.1226,425.1226,408.7144,411.5982,30832.0,12723945.1
2015-01-09,414.681,421.5426,353.523,411.7474,19059.0,7859440.35
2015-01-12,423.6309,460.1269,399.6152,454.2099,486234.0,201954883.1
2015-01-13,450.7791,479.0709,447.1991,461.3699,85573.0,39839442.35
2015-01-14,462.3146,477.3306,461.1213,464.5024,33989.0,15994358.55
2015-01-15,481.2587,482.2034,456.3977,465.5963,25303.0,11823150.65
2015-01-16,463.856,471.0657,459.4307,469.1265,21650.0,10050987.25
2015-01-19,473.3032,476.9826,456.1491,461.9168,8536.0,4000182.4
2015-01-20,464.4029,476.3362,461.4196,470.7176,12488.0,5883332.1
2015-01-21,463.6571,471.364,462.4141,463.9057,7851.0,3663499.65
2015-01-22,463.7068,472.1098,453.7624,461.2207,12684.0,5898783.75
2015-01-23,461.7677,481.3084,461.7677,466.9885,14227.0,6740092.05
2015-01-27,462.3146,474.3473,462.3146,471.4635,8558.0,4024155.65
2015-01-28,470.3696,490.2583,470.3696,483.347,28853.0,13784567.75
2015-01-29,487.1756,512.136,487.1756,499.258,63891.0,32022364.75
2015-01-30,499.2083,507.0644,475.3418,477.3804,25740.0,12442662.95
2015-02-02,475.9384,488.3192,475.9384,479.2698,21278.0,10256847.0
2015-02-03,478.3251,498.2139,472.9551,497.2194,39728.0,19561531.65
2015-02-04,488.2695,499.7055,482.8001,486.1314,7958.0,3897922.3
2015-02-05,483.3967,491.6506,453.0663,467.8338,13490.0,6422253.1
2015-02-06,462.4141,467.2371,444.1164,450.8288,14754.0,6735186.0
2015-02-09,446.503,450.4808,424.874,428.7026,13269.0,5816682.6
2015-02-10,441.5806,454.4586,437.4536,441.8789,7203.0,3218114.2
2015-02-11,444.5142,462.4141,444.5142,458.0883,3056.0,1397436.7
2015-02-12,453.4641,464.1046,449.4864,455.8508,9908.0,4525804.7
2015-02-13,459.4307,488.8164,449.5858,466.0935,15125.0,7143493.75
2015-02-16,472.3585,480.2642,462.961,471.4635,19768.0,9302456.75
2015-02-18,466.3918,485.1867,462.4638,464.8007,8776.0,4139140.2
2015-02-19,470.3696,473.3529,452.5691,461.0218,6906.0,3195621.35
2015-02-20,470.0712,470.2701,458.9335,464.1543,8256.0,3817458.55
2015-02-23,472.259,472.259,446.503,456.1988,14673.0,6706980.05
2015-02-24,452.7183,467.1874,452.7183,464.5024,16739.0,7734946.3
2015-02-25,457.5413,498.6116,456.4474,476.8334,149268.0,71957629.75
2015-02-26,481.209,486.2806,467.3863,469.0271,14053.0,6728899.5
2015-02-27,476.3859,485.2862,469.4249,473.8998,27266.0,13057556.1
2015-02-28,476.734,486.2806,465.3974,475.0932,24145.0,11495108.85
2015-03-02,467.5851,486.2806,467.5851,477.0323,52003.0,25043943.8
2015-03-03,479.8167,486.9767,471.4137,479.7173,22961.0,11046969.2
2015-03-04,480.2642,482.3028,465.3974,468.0824,60095.0,28442861.7
2015-03-05,468.4801,472.3585,457.5413,469.2757,12148.0,5630021.6
2015-03-09,462.4638,463.4085,451.0277,454.6574,29154.0,13328532.55
2015-03-10,453.4641,462.4141,448.4919,460.0771,7662.0,3501737.65
2015-03-11,452.5691,457.243,439.542,449.3372,11079.0,4946006.2
2015-03-12,451.7736,458.8838,442.8236,449.0886,4795.0,2158145.4
2015-03-13,447.4975,466.3421,427.6087,432.5809,8982.0,3941569.8
2015-03-16,446.4533,446.4533,428.6031,435.8128,5620.0,2442193.05
2015-03-17,439.4425,447.8455,437.5531,441.7795,5922.0,2619305.6
2015-03-18,433.5753,447.4975,433.5753,437.752,1698.0,746236.15
2015-03-19,439.542,444.5142,423.6309,427.3601,8624.0,3737023.45
2015-03-20,427.6087,432.4815,421.1448,427.7081,6606.0,2822497.1
2015-03-23,419.156,435.4648,412.7916,427.907,4703.0,1998392.9
2015-03-24,423.6309,437.5531,412.6921,428.6031,8518.0,3664487.9
2015-03-25,422.6365,432.5312,411.6977,415.4268,6279.0,2620778.9
2015-03-26,423.4818,423.5315,409.8082,412.2943,7239.0,2995114.5
2015-03-27,422.6365,422.6365,409.7088,413.786,11339.0,4716261.6
2015-03-30,407.8194,426.5148,395.9358,413.2391,8045.0,3335206.15
2015-03-31,420.6476,432.5312,417.6643,422.2885,10101.0,4295180.65
2015-04-01,425.769,437.4536,420.1504,430.244,9806.0,4192057.9
2015-04-06,431.487,441.5308,424.7248,432.2328,10755.0,4653910.8
2015-04-07,436.3598,436.3598,426.6143,429.2495,6289.0,2701100.0
2015-04-08,462.4141,462.4141,439.0447,450.8288,29628.0,13354721.5
2015-04-09,455.8508,456.1491,447.4975,450.083,11215.0,5056283.25
2015-04-10,454.9558,481.1095,448.0941,468.7785,75281.0,35551454.7
2015-04-13,467.4857,475.4412,456.4474,461.1213,15393.0,7203784.05
2015-04-15,474.7451,475.2423,464.9002,467.9829,156140.0,73276654.55
2015-04-16,463.4085,472.7562,453.5636,457.3921,21788.0,10076842.15
2015-04-17,457.3921,463.3091,440.1386,443.9672,8528.0,3823605.35
2015-04-20,452.4697,467.2868,415.1285,459.2319,56224.0,24884253.5
2015-04-21,454.4586,470.3696,447.7461,468.5299,25428.0,11863091.0
2015-04-22,462.4141,472.3585,453.4641,465.8946,6218.0,2892916.15
2015-04-23,465.8946,472.3585,464.4527,468.8779,131511.0,61474919.85
2015-04-24,466.3918,466.3918,448.0444,454.1602,3308.0,1507254.3
2015-04-27,449.0389,449.0389,420.6974,426.5148,13373.0,5817340.7
2015-04-28,445.0611,452.4697,424.6751,447.5472,6449.0,2875206.95
2015-04-29,442.5253,450.978,428.1556,435.2659,55582.0,24566030.5
2015-04-30,435.1167,445.5086,428.6031,437.4536,3733.0,1635120.15
2015-05-04,444.9119,457.4419,444.5142,452.3205,160339.0,72709330.3
2015-05-05,449.9836,457.4419,449.9836,453.9116,22175.0,10046511.95
2015-05-06,447.5969,461.4196,430.592,434.0228,6495.0,2845714.85
2015-05-07,428.6529,438.7961,415.6754,420.2499,10062.0,4289581.65
2015-05-08,442.4756,447.4975,427.6087,441.3817,8908.0,3877672.15
2015-05-11,435.5642,452.4697,432.6803,449.4366,15783.0,7105075.65
2015-05-12,448.4422,448.8897,425.8187,427.8076,6481.0,2805328.35
2015-05-13,444.4644,475.1926,433.9234,470.5685,42270.0,19246246.2
2015-05-14,485.2862,495.2305,467.4857,488.8164,172358.0,83400982.8
2015-05-15,496.9211,511.1416,486.2806,501.5452,52307.0,26162834.6
2015-05-18,501.4458,513.1304,493.6892,509.0532,20586.0,10403674.7
2015-05-19,509.103,517.1082,502.6888,512.3846,20220.0,10363101.15
2015-05-20,510.0974,526.5554,510.0974,524.3676,20217.0,10530950.45
2015-05-21,526.0581,536.997,526.0084,532.522,32690.0,17370156.6
2015-05-22,536.9473,550.9191,536.0025,548.1347,28635.0,15589298.25
2015-05-25,548.085,571.8023,548.085,557.7807,21515.0,11980170.85
2015-05-26,565.1893,584.1334,548.98,579.8076,32673.0,18683842.2
2015-05-27,575.1337,620.9276,561.8579,606.8563,74679.0,45014971.25
2015-05-28,611.5302,618.4912,571.8023,578.117,24833.0,14672819.9
2015-05-29,581.7467,616.5521,581.697,603.5249,270788.0,162869926.95
2015-06-01,606.5083,642.4075,605.4641,629.7781,861166.0,547802133.4
2015-06-02,641.1147,646.3852,593.3319,598.9008,248186.0,157350639.4
2015-06-03,603.326,609.7402,569.8135,575.5315,39074.0,22951366.7
2015-06-04,585.6748,585.6748,561.8579,574.9348,13710.0,7854397.7
2015-06-05,570.4598,576.4762,556.9852,567.8246,23805.0,13481237.5
2015-06-08,566.8301,571.4543,532.5717,537.9914,20181.0,10989081.5
2015-06-09,543.958,596.6633,536.4003,574.4873,92738.0,52543640.2
2015-06-10,579.7578,607.1546,579.7081,596.713,170297.0,101659986.7
2015-06-11,606.9557,620.5298,578.8629,583.9842,54647.0,33242517.5
2015-06-12,579.7578,601.3869,576.874,583.1887,14676.0,8631222.65
2015-06-15,569.366,589.9011,569.366,576.8243,12906.0,7522730.9
2015-06-16,580.802,586.7686,571.8023,584.2825,7002.0,4068565.25
2015-06-17,584.382,601.5361,580.8517,597.1605,16356.0,9703859.5
2015-06-18,601.5361,604.6188,594.6744,598.4036,11712.0,7018602.15
2015-06-19,605.9613,613.6185,591.6911,597.3594,10526.0,6334744.85
2015-06-22,603.3758,620.5298,602.1824,613.9665,41386.0,25599111.6
2015-06-23,620.5298,620.5298,602.6299,609.8396,39783.0,24465859.15
2015-06-24,609.6407,616.751,597.6577,615.856,29351.0,18054921.65
2015-06-25,607.9999,610.5854,574.8354,580.5534,41736.0,24708604.5
2015-06-26,585.4261,608.2982,576.7745,579.3103,90106.0,53527892.95
2015-06-29,571.504,592.6856,558.8746,587.0172,19118.0,11119186.45
2015-06-30,589.4536,596.6633,579.2606,583.8848,12836.0,7560415.95
2015-07-01,594.6744,607.6021,586.7189,597.9561,26319.0,15686023.2
2015-07-02,600.6908,602.7791,580.7523,585.5753,15958.0,9465873.15
2015-07-03,586.6195,599.4477,583.6362,587.9122,22728.0,13494494.5
2015-07-06,593.0336,596.1164,571.8023,579.4098,56811.0,32903712.8
2015-07-07,590.9453,591.7408,582.6417,589.0061,22301.0,13109538.4
2015-07-08,587.4647,595.6689,572.7968,580.6031,14945.0,8673509.3
2015-07-09,576.9734,589.6525,576.9237,586.8681,14314.0,8383025.55
2015-07-10,587.4647,595.1716,576.7745,578.4154,4794.0,2810971.5
2015-07-13,589.9011,591.6911,579.2606,585.4261,11547.0,6769921.2
2015-07-14,596.6136,611.5799,581.7467,597.9064,48303.0,28978311.15
2015-07-15,605.4641,610.5854,594.923,604.9669,105475.0,63790943.0
2015-07-16,610.5357,624.2093,602.6797,611.3313,67539.0,41576874.15
2015-07-17,614.1157,614.1157,599.6466,602.2819,25050.0,15173688.0
2015-07-20,609.243,609.2927,591.7906,594.7739,11308.0,6760693.55
2015-07-21,596.4147,604.6188,586.0228,591.8403,31850.0,18957010.05
2015-07-22,599.1494,599.1494,579.3103,586.5698,5715.0,3352589.2
2015-07-23,589.205,606.6077,589.205,590.9453,18794.0,11215572.1
2015-07-24,591.8403,619.5851,584.73,613.0715,30605.0,18645103.45
2015-07-27,606.6077,625.502,606.6077,617.3974,24004.0,14803540.15
2015-07-28,628.3859,643.8992,619.5354,635.4464,67387.0,42842161.0
2015-07-29,668.1635,721.0179,666.0751,707.4935,372303.0,261748453.0
2015-07-30,712.9629,720.9682,697.1016,705.7035,51141.0,36403495.6
2015-07-31,705.0571,718.2832,686.1628,707.9907,90875.0,64049508.65
2015-08-03,706.0516,728.8242,705.1069,712.2668,28636.0,20527351.95
2015-08-04,716.9904,719.8743,698.0961,703.5655,14384.0,10183543.85
2015-08-05,708.0405,722.957,706.0516,711.521,15932.0,11386352.75
2015-08-06,713.3607,713.3607,691.6819,700.433,48562.0,34058368.1
2015-08-07,702.9688,714.0071,701.0794,706.2007,13889.0,9837186.0
2015-08-10,697.6486,710.7254,696.1072,699.7369,15535.0,10926896.35
2015-08-11,691.9305,705.0571,683.5773,687.3064,29404.0,20419454.4
2015-08-12,695.1128,696.1072,648.8713,666.0751,15337.0,10387023.75
2015-08-13,670.2021,728.9237,641.7611,648.9211,19798.0,13048883.9
2015-08-14,655.3352,671.3954,638.2806,647.6283,84363.0,55592849.85
2015-08-17,677.2129,677.2129,646.435,661.6996,19982.0,13209734.45
2015-08-18,665.2299,687.6545,656.3296,661.8488,54067.0,36109396.6
2015-08-19,661.3516,677.2129,656.3296,667.3182,37973.0,25422955.4
2015-08-20,661.799,687.1572,659.2632,676.2681,85225.0,57622818.75
2015-08-21,671.1965,671.2462,646.3852,666.1746,13604.0,9052806.15
2015-08-24,598.2544,659.5616,585.7245,616.8504,30244.0,19254526.7
2015-08-25,627.839,647.8272,601.5858,626.1981,28874.0,17967359.7
2015-08-26,625.4523,637.2861,622.469,626.4965,15822.0,9913822.3
2015-08-27,641.8606,649.8161,631.4687,637.9325,126744.0,81248592.25
2015-08-28,644.645,693.82,644.645,673.1854,29182.0,19715418.85
2015-08-31,676.0692,701.0794,631.4687,685.4667,50803.0,34461394.45
2015-09-01,690.1406,691.135,667.8154,680.1464,64445.0,43604252.0
2015-09-02,681.1906,686.1628,648.573,657.3241,10159.0,6790935.0
2015-09-03,664.2851,679.6492,662.7935,674.329,14119.0,9478670.2
2015-09-04,674.0804,676.2184,626.4965,628.734,37667.0,24314232.95
2015-09-07,646.3852,652.9485,626.4965,635.8442,29382.0,18771084.25
2015-09-08,641.4131,649.468,624.5076,641.065,10016.0,6346042.7
2015-09-09,656.081,659.9096,636.4409,646.1366,7290.0,4743149.4
2015-09-10,626.9937,659.7605,626.9937,653.4458,12462.0,7913248.85
2015-09-11,650.6116,661.3018,640.1203,644.7444,4912.0,3198839.1
2015-09-14,646.2858,663.3902,646.2858,656.5782,9994.0,6530934.6
2015-09-15,658.6666,675.224,651.5563,660.2079,7834.0,5212587.95
2015-09-16,661.3516,679.2515,656.4291,659.313,6311.0,4222040.45
2015-09-18,662.2465,671.0971,652.8988,656.5782,4873.0,3215458.65
2015-09-21,650.6613,669.0585,646.3852,660.5063,5877.0,3886681.0
2015-09-22,657.9647,680.7391,647.8483,653.1308,8228.0,5435367.65
2015-09-23,665.7887,665.7887,646.752,652.7819,13086.0,8556840.35
2015-09-24,640.5725,662.0511,640.5227,644.6091,24558.0,15933121.5
2015-09-28,646.8516,657.8152,638.3798,645.1074,14304.0,9253670.8
2015-09-29,643.9114,653.8285,637.8316,646.752,12425.0,8053883.6
2015-09-30,642.9147,657.7654,639.9745,647.7487,7573.0,4912537.85
2015-10-01,652.7819,660.4564,640.3731,647.4995,27045.0,17530714.7
2015-10-05,649.8417,673.7623,649.8417,654.8251,28370.0,18564322.5
2015-10-06,657.8152,691.7027,657.7155,686.4202,42725.0,28973845.35
2015-10-07,689.7093,697.633,680.1909,683.1311,11381.0,7861814.05
2015-10-08,682.7325,697.6828,679.1942,689.1611,7172.0,4948931.9
2015-10-09,707.5002,707.55,679.7424,681.0879,3807.0,2609131.35
2015-10-12,692.7492,702.4171,671.8685,678.5962,13453.0,9246316.05
2015-10-13,692.6495,697.6828,678.2474,693.098,13102.0,9080805.45
2015-10-14,693.696,697.6828,686.0714,688.5631,10875.0,7569097.1
2015-10-15,692.7492,697.6828,688.8123,689.809,8090.0,5624243.85
2015-10-16,688.8621,697.6828,687.7657,693.2475,10577.0,7361431.55
2015-10-19,692.6994,705.6563,687.7657,698.7792,149753.0,104463174.05
2015-10-20,697.8323,718.6133,697.6828,713.0318,98481.0,69414216.9
2015-10-21,717.5169,721.6034,707.8989,712.6332,6655.0,4772108.65
2015-10-23,708.7461,717.6166,708.6464,709.8424,15940.0,11407123.35
2015-10-26,711.7361,717.6166,703.6629,708.8457,55336.0,39240414.55
2015-10-27,703.7128,716.6199,696.6861,699.1778,18772.0,13119431.7
2015-10-28,692.6994,713.6298,688.2143,703.8124,13155.0,9256215.85
2015-10-29,699.3273,712.5833,697.6828,698.9785,6451.0,4515165.1
2015-10-30,692.6994,710.4404,688.3638,700.2244,9557.0,6732448.85
2015-11-02,692.6994,717.6166,687.7657,714.2777,151912.0,108384555.2
2015-11-03,717.6166,717.6166,697.6828,700.9719,16121.0,11494482.9
2015-11-04,708.0484,708.148,698.5798,705.0085,28598.0,20116573.35
2015-11-05,700.2244,716.1216,700.2244,710.4903,112928.0,80666196.35
2015-11-06,717.6166,722.6,679.5431,715.7727,34482.0,24389186.45
2015-11-09,710.6398,717.6166,682.7823,707.9985,10921.0,7763223.4
2015-11-10,701.7194,714.8259,701.7194,710.5899,11487.0,8121759.3
2015-11-11,722.6,722.6499,698.2808,715.9222,3479.0,2492662.35
2015-11-13,717.4173,717.4173,705.8058,715.4737,5877.0,4203387.85
2015-11-16,712.6332,717.6166,699.1778,714.2279,8386.0,5994799.95
2015-11-17,714.2279,716.3707,710.2909,712.5335,43881.0,31390586.45
2015-11-18,710.1913,719.61,707.1015,717.3176,109631.0,78672274.9
2015-11-19,710.5899,726.5868,710.5899,722.1515,16355.0,11807134.25
2015-11-20,710.6398,730.5736,710.6398,717.8658,13895.0,10047371.7
2015-11-23,710.0916,728.0818,709.6431,725.2911,69692.0,50477867.05
2015-11-24,726.5868,728.5802,717.6166,724.2944,5449.0,3947585.3
2015-11-26,718.6631,791.7703,718.6133,742.6833,220345.0,162242929.6
2015-11-27,741.288,762.368,741.288,753.3479,85781.0,64566698.0
2015-11-30,737.5504,756.2882,737.5504,744.3279,21209.0,15856088.85
2015-12-01,729.5769,756.9858,729.5769,746.1718,21034.0,15801687.8
2015-12-02,757.4344,782.4014,738.5471,761.1221,96962.0,73424512.0
2015-12-03,781.4047,783.3981,766.3547,776.5708,10411.0,8071530.15
2015-12-04,750.6569,797.3518,750.607,786.8865,44770.0,35155507.85
2015-12-07,791.3716,797.4016,766.4544,769.3946,11840.0,9202166.45
2015-12-08,782.0028,792.3683,772.6339,781.7037,57500.0,44980378.3
2015-12-09,775.3748,783.2985,748.0655,753.6469,12157.0,9318871.35
2015-12-10,763.4145,766.0059,748.514,760.2251,29217.0,22211027.1
2015-12-11,751.7034,765.4577,748.0655,753.0489,13624.0,10333208.25
2015-12-14,747.6668,780.4081,741.0388,777.0691,6898.0,5300865.45
2015-12-15,770.3913,777.418,761.7201,772.3349,18982.0,14668053.7
2015-12-16,775.4246,787.335,767.4511,770.3913,6673.0,5145123.35
2015-12-17,769.7933,777.418,769.7435,771.9362,1838.0,1422368.6
2015-12-18,771.9362,784.3948,762.4676,771.089,19215.0,14931792.95
2015-12-21,763.7135,782.4014,761.7201,778.315,5703.0,4427697.95
2015-12-22,770.4412,786.3882,770.4412,779.7602,18884.0,14699488.95
2015-12-23,774.3781,787.8832,774.3781,780.0592,6045.0,4717658.0
2015-12-24,775.8731,784.8433,772.6837,778.2652,10161.0,7931018.3
2015-12-28,770.8897,789.4281,770.8897,780.8566,11274.0,8799626.3
2015-12-29,780.0592,794.7604,776.4213,791.2221,73537.0,57635159.45
2015-12-30,784.1456,831.1396,784.1456,824.1627,51494.0,41810533.8
2015-12-31,828.2492,870.3095,813.2988,861.2894,81541.0,69464785.5
2016-01-01,877.087,884.0139,849.1796,864.3293,22066.0,19067726.8
2016-01-04,850.1265,861.1399,808.714,829.0963,16914.0,14105771.4
2016-01-05,823.2657,844.1464,822.269,832.9336,7717.0,6417961.75
2016-01-06,826.2558,845.1929,814.445,823.8637,25481.0,21023648.75
2016-01-07,815.2922,825.7574,787.3849,796.3551,58657.0,46653827.3
2016-01-08,802.8336,824.2624,777.4678,784.2951,13074.0,10447222.6
2016-01-11,776.82,794.0627,757.5839,785.6407,9412.0,7297260.4
2016-01-12,784.4446,806.5712,783.6473,791.272,10121.0,8006631.2
2016-01-13,796.3551,802.2356,752.5007,787.1855,12921.0,10053428.2
2016-01-14,782.3516,811.7041,757.4842,785.242,18179.0,14375710.8
2016-01-15,782.4014,792.3683,741.5372,761.0224,111111.0,84685663.45
2016-01-18,761.4709,771.8365,711.6365,738.8461,29811.0,21828568.95
2016-01-19,736.5039,768.4478,722.6,754.0954,21022.0,15903814.7
2016-01-20,742.5338,767.4511,697.6828,743.68,27763.0,20562452.8
2016-01-21,746.4708,762.9161,717.6664,729.7264,14199.0,10552882.5
2016-01-22,746.4708,761.4709,730.5736,746.8196,106741.0,79121979.2
2016-01-25,752.4509,762.2683,707.6497,720.208,7147.0,5246748.5
2016-01-27,722.6,732.5171,709.2444,718.5635,9255.0,6692894.1
2016-01-28,718.2146,732.5669,716.8192,717.3674,7873.0,5683220.15
2016-01-29,713.879,733.5636,712.6332,728.032,6529.0,4753372.5
2016-02-01,735.258,746.2216,721.5535,729.0785,8488.0,6227014.3
2016-02-02,739.5438,747.4675,719.5103,721.105,7223.0,5274033.7
2016-02-03,712.6332,731.5204,709.6929,711.4371,10568.0,7564177.3
2016-02-04,718.7628,745.2747,700.9719,732.2679,41723.0,30343286.25
2016-02-05,729.6765,739.5438,714.6265,721.703,5560.0,4049937.0
2016-02-08,720.3077,747.0688,715.6232,717.3674,6494.0,4710641.7
2016-02-09,707.6497,720.5568,677.0015,690.6561,8436.0,5907040.15
2016-02-10,693.696,696.5864,670.2738,692.0515,14533.0,9900739.95
2016-02-11,686.7192,699.6762,672.7656,677.9483,20608.0,13983397.15
2016-02-12,673.0147,722.6,629.0607,687.1677,120507.0,78226490.7
2016-02-15,690.706,722.2512,682.7325,706.9022,6036.0,4273276.9
2016-02-16,730.5736,730.5736,697.7825,703.2643,3804.0,2696809.0
2016-02-17,697.6828,697.6828,630.1571,684.8255,96784.0,65215076.25
2016-02-18,686.47,705.3573,682.7823,687.5664,8663.0,6027489.15
2016-02-19,677.8487,682.7325,662.8485,668.0313,24337.0,16403879.25
2016-02-22,675.7556,675.7556,642.9645,657.4165,27096.0,17816303.75
2016-02-23,667.4831,667.4831,623.4294,652.5328,41346.0,26863727.0
2016-02-24,661.3036,661.5528,634.4428,637.8814,25277.0,16170957.1
2016-02-25,656.8185,656.8185,620.1902,628.9112,21701.0,13870202.6
2016-02-26,625.9211,642.1174,613.1635,619.1437,12303.0,7705126.15
2016-02-29,632.898,634.4927,600.8046,627.8647,23001.0,14188259.3
2016-03-01,634.8914,720.6067,631.6521,707.1514,25774.0,17742872.55
2016-03-02,708.6464,762.4676,706.6032,756.6868,75357.0,54771682.7
2016-03-03,749.7598,767.4013,736.5039,738.4973,7726.0,5806752.75
2016-03-04,732.5669,748.7133,722.6,733.2148,9645.0,7112728.55
2016-03-08,733.5636,757.2849,707.6497,715.1249,12864.0,9505710.15
2016-03-09,708.6464,742.5338,697.7825,733.1151,24244.0,17535951.45
2016-03-10,747.5173,772.9329,727.6333,733.3145,14178.0,10638394.5
2016-03-11,746.5206,746.5206,707.6497,720.507,7671.0,5532999.55
2016-03-14,720.6067,736.5537,713.6298,717.0684,5471.0,3962154.55
2016-03-15,719.9588,722.6,692.6994,694.9917,13099.0,9208825.0
2016-03-16,692.6994,717.2678,680.5896,688.5133,9570.0,6611612.1
2016-03-17,706.653,730.3244,698.1812,711.9355,35644.0,25612276.45
2016-03-18,722.6,732.5669,717.1183,726.8858,32082.0,23233346.5
2016-03-21,726.8858,822.269,726.8858,792.8168,81548.0,64626467.7
2016-03-22,806.2561,823.8421,789.3696,800.7605,20135.0,16242171.9
2016-03-23,801.6098,817.1474,796.364,801.7597,37170.0,29912175.45
2016-03-28,805.8564,819.0459,785.073,800.4607,40486.0,32611938.55
2016-03-29,803.4583,809.3536,796.5139,804.7073,30552.0,24586098.0
2016-03-30,809.3536,820.3449,799.4615,808.7042,40885.0,33047261.0
2016-03-31,811.352,819.3457,793.1166,798.5123,36211.0,29266669.5
2016-04-01,790.3688,808.3544,784.3736,791.1682,28133.0,22486438.5
2016-04-04,792.8668,802.609,782.3752,795.7145,14167.0,11309200.2
2016-04-05,794.8652,807.3552,789.3696,796.9136,5296.0,4223546.85
2016-04-06,803.6082,803.6082,787.3712,799.1618,14649.0,11656968.0
2016-04-07,808.3544,819.1458,794.9651,799.2617,12732.0,10172292.15
2016-04-08,817.1974,879.2478,794.3656,865.8085,273487.0,225727716.5
2016-04-11,868.3066,877.2994,852.9188,864.2098,20911.0,18098899.15
2016-04-12,864.2098,872.3034,851.42,855.0671,8572.0,7366500.5
2016-04-13,859.3137,865.0591,851.5699,862.9608,25670.0,22074089.7
2016-04-18,863.3105,879.2978,859.4137,863.6103,71913.0,62864426.3
2016-04-20,889.2898,889.2898,849.3217,852.9688,15212.0,13143113.75
2016-04-21,849.3217,864.2098,848.6223,856.416,10466.0,8942376.35
2016-04-22,872.8529,873.3026,839.3297,846.7238,8055.0,6889840.25
2016-04-25,862.3113,874.3018,854.6674,866.8077,15610.0,13541369.45
2016-04-26,867.807,871.4041,854.3177,862.9608,12476.0,10738072.9
2016-04-27,863.96,873.3026,855.3169,863.8601,7326.0,6357596.7
2016-04-28,865.8585,874.3018,849.2718,860.3629,14136.0,12240160.6
2016-04-29,861.3621,871.3042,842.6271,849.4716,7144.0,6127038.9
2016-05-02,840.3289,868.7062,840.3289,850.9704,17536.0,15046897.6
2016-05-03,854.3177,869.3058,847.3233,850.8205,18169.0,15548948.7
2016-05-04,846.2741,852.3193,819.3457,824.4915,12922.0,10837692.35
2016-05-05,845.2749,845.2749,802.3592,813.4504,17078.0,14019459.65
2016-05-06,809.3536,826.8896,789.4196,806.1562,14640.0,11882712.05
2016-05-09,819.3457,843.7262,813.3504,838.98,6744.0,5603428.95
2016-05-10,846.8237,904.1779,846.8237,875.5508,50497.0,44705906.15
2016-05-11,851.3201,896.2842,851.3201,875.7006,14379.0,12662577.25
2016-05-12,876.3501,895.285,872.0536,879.7474,17961.0,15928231.9
2016-05-13,881.2962,896.2842,859.8133,867.1575,15527.0,13678076.4
2016-05-16,868.3066,886.2922,844.8253,874.2018,7786.0,6802389.7
2016-05-17,879.2478,919.2659,878.2986,914.3698,41220.0,37247676.25
2016-05-18,924.9613,958.2347,914.2698,932.4054,95377.0,89342350.85
2016-05-19,944.2959,958.1348,854.3177,862.2114,81919.0,72494004.4
2016-05-20,864.5096,879.0979,856.3661,872.2534,19349.0,16853446.8
2016-05-23,870.305,885.293,853.3185,859.3637,12206.0,10651306.6
2016-05-24,868.3066,868.3066,845.8245,863.4604,41243.0,35402994.85
2016-05-25,880.297,893.2866,869.3058,890.1391,25132.0,22287894.5
2016-05-26,890.1391,898.2826,871.3042,894.7854,14095.0,12493065.05
2016-05-27,895.0352,926.2603,886.2922,905.6767,27326.0,24711907.6
2016-05-30,909.2239,909.2239,889.2898,900.8805,7303.0,6564937.35
2016-05-31,900.8805,913.2706,891.488,903.3286,17841.0,16104235.0
2016-06-01,914.1699,925.2611,895.285,919.6655,17058.0,15647283.55
2016-06-02,919.6655,927.2595,914.8194,924.4617,13821.0,12742137.75
2016-06-03,924.2619,937.2515,919.2659,927.0596,28255.0,26331260.3
2016-06-06,939.2499,939.2499,912.771,918.3666,8158.0,7513357.1
2016-06-07,908.2746,937.2515,908.2746,931.0564,16708.0,15497135.7
2016-06-08,927.2595,964.9793,921.2643,956.5861,43525.0,41213427.05
2016-06-09,960.2331,979.218,955.2371,969.0761,28002.0,26995170.35
2016-06-10,978.1688,983.7144,964.8295,970.3251,29963.0,29215657.6
2016-06-13,962.3315,989.21,960.2831,976.9698,22645.0,22217408.5
2016-06-14,990.2092,997.2036,974.222,986.662,23440.0,23057304.95
2016-06-15,988.9102,1011.1924,984.2639,997.6033,17900.0,17816329.85
2016-06-16,1017.0378,1018.1369,970.2252,1007.4954,20789.0,20732215.2
2016-06-17,1013.1908,1097.1238,1004.7476,1077.4895,48994.0,51890131.85
2016-06-20,1063.1509,1094.1262,1061.2025,1080.9367,44875.0,48340821.6
2016-06-21,1079.2881,1090.1294,1049.6617,1067.0978,29061.0,31308742.85
2016-06-22,1067.3476,1095.0255,1067.3476,1087.2817,12830.0,13907416.2
2016-06-23,1084.1342,1099.1222,1075.1414,1090.9288,31764.0,34647960.8
2016-06-24,1066.0986,1090.1294,1019.1861,1077.2897,42147.0,44637007.4
2016-06-27,1072.2936,1097.1238,1067.1478,1092.6274,23022.0,24927958.95
2016-06-28,1084.334,1206.0368,1084.334,1151.1806,86311.0,100114696.95
2016-06-29,1160.0735,1196.0448,1159.1243,1174.2122,81643.0,96471628.0
2016-06-30,1175.5112,1206.2866,1175.5112,1195.795,44675.0,53325763.95
2016-07-01,1197.094,1220.7251,1196.0448,1217.4777,42087.0,50947382.0
2016-07-04,1214.0305,1228.0193,1206.4365,1218.327,19894.0,24173602.65
2016-07-05,1227.9693,1228.9186,1211.0328,1215.0796,7188.0,8775637.7
2016-07-07,1224.0225,1224.2723,1209.0344,1216.8282,25820.0,31480609.9
2016-07-08,1223.0233,1224.0225,1204.588,1208.7846,7002.0,8490999.15
2016-07-11,1239.0105,1239.0105,1212.2818,1214.8298,11850.0,14463155.65
2016-07-12,1219.0265,1224.0225,1208.0352,1211.4325,10275.0,12507645.65
2016-07-13,1210.0336,1218.1272,1190.2494,1199.4921,20495.0,24778382.65
2016-07-14,1207.036,1234.0145,1179.508,1225.921,30176.0,36664199.25
2016-07-15,1211.2327,1238.7107,1194.1463,1226.6704,39917.0,48649640.25
2016-07-18,1216.6783,1236.1628,1179.558,1223.5229,18331.0,22428817.85
2016-07-19,1211.5824,1244.0065,1210.0336,1236.3127,33590.0,41352169.1
2016-07-20,1230.0676,1287.4218,1230.0676,1282.8255,26361.0,33360525.5
2016-07-21,1288.9706,1358.4151,1280.1776,1344.9759,31532.0,41490986.0
2016-07-22,1353.9187,1456.8365,1348.9227,1435.5036,143192.0,203734536.9
2016-07-25,1448.2434,1450.6415,1380.9971,1389.4903,35410.0,50324864.95
2016-07-26,1386.8924,1433.5551,1378.8988,1387.8416,31949.0,44828708.2
2016-07-27,1416.8685,1422.8637,1388.8408,1404.2286,19064.0,26791338.2
2016-07-28,1435.8533,1498.803,1398.8828,1465.1799,685345.0,966658728.75
2016-07-29,1463.831,1479.8182,1428.9588,1440.7494,49906.0,72372487.9
2016-08-01,1433.8549,1458.8349,1423.8629,1443.8969,46605.0,67334953.9
2016-08-02,1437.8517,1463.731,1421.8645,1438.4512,32358.0,46775328.25
2016-08-03,1436.8525,1446.7946,1401.8804,1423.1634,23893.0,34134864.55
2016-08-04,1436.8525,1448.3433,1410.6734,1418.7669,12212.0,17450960.25
2016-08-05,1418.7669,1453.739,1418.7669,1444.8461,24291.0,34996598.7
2016-08-08,1444.8461,1451.7406,1414.1706,1441.8485,27623.0,39772817.45
2016-08-09,1439.8501,1458.8349,1428.8589,1435.5036,17086.0,24600453.65
2016-08-10,1438.8509,1463.2314,1415.5195,1437.1023,44540.0,64126687.75
2016-08-11,1453.8389,1488.761,1405.8772,1471.4249,28987.0,42005710.05
2016-08-12,1463.831,1498.803,1458.8849,1482.6659,49092.0,73097373.2
2016-08-16,1493.6072,1493.6072,1464.7302,1473.9729,17257.0,25580604.95
2016-08-17,1478.9189,1533.7751,1474.8222,1480.018,59992.0,89835860.95
2016-08-18,1508.795,1529.6284,1408.0755,1444.3465,134490.0,201694412.0
2016-08-19,1448.5432,1449.8921,1379.4483,1423.8129,32017.0,45400113.45
2016-08-22,1423.8129,1463.831,1416.7685,1442.5979,44371.0,64171382.05
2016-08-23,1457.8357,1507.7459,1439.3005,1499.4525,59038.0,87885912.15
2016-08-24,1506.7966,1523.7831,1488.811,1515.6895,18323.0,27600875.15
2016-08-25,1522.634,1526.8306,1439.8501,1488.9109,19470.0,29050243.45
2016-08-26,1502.1004,1509.7942,1488.811,1493.6072,15266.0,22808469.75
2016-08-29,1486.313,1512.0425,1483.815,1505.6476,12277.0,18463900.4
2016-08-30,1508.795,1557.7559,1508.795,1552.5101,58255.0,89319987.45
2016-08-31,1558.7551,1678.6594,1534.1248,1663.5215,113294.0,184778637.65
2016-09-01,1678.7093,1702.6402,1639.6905,1668.0179,89603.0,150504782.6
2016-09-02,1667.6682,1733.3657,1665.6698,1726.9708,87021.0,148796039.25
2016-09-06,1728.6195,1808.5557,1728.6195,1800.562,85902.0,152929254.95
2016-09-07,1806.5572,1848.5237,1773.5836,1787.0228,161858.0,294438058.3
2016-09-08,1779.5788,1798.5636,1754.5987,1771.8849,42639.0,75643280.9
2016-09-09,1753.5995,1837.3327,1753.5995,1804.4589,92643.0,168259807.05
2016-09-12,1798.5636,1816.4993,1753.5995,1807.5065,157593.0,279798366.05
2016-09-14,1807.5564,1843.0281,1776.5812,1794.6168,96653.0,173826456.65
2016-09-15,1795.566,1810.5541,1773.5836,1782.1268,21906.0,39186156.1
2016-09-16,1783.5756,1809.5549,1712.7821,1749.3529,373895.0,655489019.95
2016-09-19,1739.6107,1739.6107,1679.3588,1703.1898,36141.0,61809382.95
2016-09-20,1716.5291,1716.5291,1623.7033,1641.0394,37066.0,61702177.4
2016-09-21,1643.6873,1779.5788,1642.6881,1732.3165,77319.0,132444747.7
2016-09-22,1748.6035,1803.5596,1731.6171,1793.6176,738864.0,1308535057.95
2016-09-23,1789.5708,1897.4846,1750.1523,1875.6021,182256.0,335109654.1
2016-09-26,1877.4506,1882.4966,1805.5081,1811.903,58445.0,107499599.4
2016-09-27,1819.447,1882.4966,1819.447,1833.6856,70441.0,130015965.0
2016-09-28,1845.5261,1873.254,1834.6348,1852.5205,91023.0,168345031.4
2016-09-29,1863.4618,1887.8923,1818.5477,1843.8275,68330.0,126791256.85
2016-09-30,1784.7746,1873.5038,1784.7746,1869.507,19567.0,36256700.05
2016-10-03,1871.5054,1938.4519,1871.5054,1918.9675,62956.0,120327470.45
2016-10-04,1938.4519,2008.3961,1923.5138,1969.2773,159716.0,316224867.65
2016-10-05,1969.2773,1978.42,1890.4902,1926.8612,61700.0,118522289.2
2016-10-06,1923.4639,1948.4439,1898.5838,1910.824,714365.0,1373298917.7
2016-10-07,1910.824,1938.5019,1865.5102,1885.9438,114644.0,219969231.0
2016-10-10,1895.9359,1915.4703,1859.1153,1865.1105,15847.0,29828163.4
2016-10-13,1886.4934,1895.4363,1866.5094,1880.5482,40238.0,75628902.95
2016-10-14,1884.0454,1918.4679,1882.4966,1905.9279,41624.0,79116539.4
2016-10-17,1898.4838,1936.4535,1867.5585,1914.2712,83600.0,159457614.2
2016-10-18,1913.4719,1948.4439,1906.9271,1930.9079,19343.0,37182831.25
2016-10-19,1937.4527,1944.4471,1918.4679,1928.8096,9102.0,17599340.35
2016-10-20,1928.4599,1957.3868,1908.4759,1926.7612,28560.0,55512190.95
2016-10-21,1926.4615,1948.4439,1918.4679,1928.5099,8476.0,16387079.4
2016-10-24,1928.4599,1988.3121,1918.4679,1978.1702,33236.0,65302405.6
2016-10-25,1977.4208,2001.4016,1973.424,1989.2114,20741.0,41257504.1
2016-10-26,1996.2058,2022.3849,1983.466,2003.8996,22702.0,45449426.1
2016-10-27,2023.3841,2033.3761,1996.4056,2026.2818,58478.0,118005715.45
2016-10-28,2033.3761,2068.3482,2022.3849,2055.7083,51572.0,105629385.8
2016-10-30,2062.353,2068.2483,2038.8717,2053.9097,5284.0,10842227.1
2016-11-01,2053.3601,2083.3362,2044.0176,2080.6384,16195.0,33596383.2
2016-11-02,2078.3402,2078.3402,2008.3961,2039.5712,421077.0,864383354.9
2016-11-03,2066.3498,2068.3482,2018.3881,2026.8813,43496.0,88331918.5
2016-11-04,2028.4301,2048.0644,1959.4352,1987.8125,36402.0,72482602.6
2016-11-07,2038.3721,2048.2143,2009.3953,2023.0344,21277.0,43208082.8
2016-11-08,2026.4317,2039.3713,2010.5943,2023.2342,12608.0,25505206.75
2016-11-09,1898.4838,1998.404,1669.6666,1993.0083,117204.0,225587923.5
2016-11-10,2016.3397,2042.3689,1998.404,2027.5308,12939.0,26143885.9
2016-11-11,2027.281,2033.3261,1788.9213,1821.845,94216.0,177790582.1
2016-11-15,1825.642,1841.4794,1500.8014,1594.2268,120653.0,190270050.95
2016-11-16,1672.6642,1685.3041,1547.7639,1556.6069,35725.0,56441979.85
2016-11-17,1549.9122,1618.5074,1523.833,1533.0257,30941.0,48194952.0
2016-11-18,1566.6988,1566.7488,1476.8206,1536.0733,29620.0,45065071.35
2016-11-21,1539.7703,1543.7671,1421.6646,1464.9301,74870.0,108791718.8
2016-11-22,1486.8126,1491.309,1439.0008,1458.5352,101491.0,148054294.0
2016-11-23,1466.8286,1498.803,1442.6978,1487.3122,133377.0,197125424.35
2016-11-24,1498.803,1539.5205,1480.7674,1508.5952,242869.0,367506883.25
2016-11-25,1505.9473,1554.2088,1505.9473,1549.5625,15545.0,23898955.35
2016-11-28,1549.7124,1596.2752,1533.7751,1586.7828,37218.0,58769806.95
2016-11-29,1603.5194,1691.699,1595.7756,1650.4319,60158.0,99836943.3
2016-11-30,1676.661,1689.6506,1600.0222,1621.1553,53434.0,88217264.55
2016-12-01,1637.0426,1641.589,1583.7352,1595.5258,15791.0,25410252.4
2016-12-02,1563.7512,1585.0342,1518.7871,1524.4326,14197.0,21969538.05
2016-12-05,1568.7472,1568.7472,1528.9789,1552.9598,8700.0,13462372.95
2016-12-06,1564.7504,1575.3919,1518.7871,1532.8259,8900.0,13804439.1
2016-12-07,1528.7791,1594.7264,1528.7791,1569.7963,17364.0,27219192.4
2016-12-08,1562.1025,1642.4883,1530.9773,1615.5098,21757.0,34783224.15
2016-12-09,1623.7532,1648.0838,1603.7692,1624.003,15400.0,25009479.05
2016-12-12,1618.1577,1624.8524,1526.7807,1539.0709,18175.0,28414616.85
2016-12-13,1572.744,1572.744,1436.8525,1461.233,71963.0,105946009.8
2016-12-14,1483.815,1498.803,1475.022,1487.7119,16334.0,24354752.45
2016-12-15,1453.9389,1502.7998,1453.9389,1492.2583,11818.0,17642901.6
2016-12-16,1479.9681,1503.6492,1479.9681,1494.4065,43715.0,65444131.2
2016-12-19,1513.7911,1513.7911,1478.9189,1484.8142,13135.0,19509165.8
2016-12-20,1486.9625,1498.803,1468.827,1490.11,11144.0,16551458.1
2016-12-21,1501.7007,1501.7007,1472.9737,1490.9093,10602.0,15768089.7
2016-12-22,1475.022,1493.807,1449.8421,1476.5208,60982.0,90088941.35
2016-12-23,1473.8729,1528.7791,1358.9147,1398.1834,35652.0,51625360.3
2016-12-26,1398.2833,1398.8828,1219.5261,1292.8175,91964.0,119747584.0
2016-12-27,1328.4391,1348.8728,1250.0017,1307.4059,90304.0,116166522.25
2016-12-28,1292.9674,1372.9036,1288.8707,1327.0402,89946.0,120090830.9
2016-12-29,1327.0402,1348.9227,1327.0402,1337.5818,26330.0,35330786.25
2016-12-30,1345.7253,1365.9092,1337.9315,1350.1717,30531.0,41354287.35
2017-01-02,1373.8528,1472.7239,1364.86,1452.5899,85169.0,121808712.25
2017-01-03,1468.827,1598.6233,1468.827,1565.2,103255.0,160169316.35
2017-01-04,1583.7352,1596.7248,1540.4198,1579.5885,60693.0,95154224.4
2017-01-05,1597.724,1597.724,1521.9346,1571.1952,134099.0,210044393.05
2017-01-06,1583.4354,1591.7288,1523.7831,1536.9725,27764.0,43164163.35
2017-01-09,1538.7711,1557.6061,1520.0361,1542.5681,19171.0,29477223.65
2017-01-10,1540.2199,1568.5473,1533.2755,1552.8599,22633.0,35074967.2
2017-01-11,1558.7551,1681.4072,1558.7551,1671.5151,120855.0,198750223.15
2017-01-12,1686.653,1726.1215,1659.6745,1703.0899,446047.0,752361029.45
2017-01-13,1696.645,1772.5844,1660.7237,1739.7106,68585.0,117369649.8
2017-01-16,1739.7106,1788.5216,1722.2246,1757.6463,44050.0,77352620.65
2017-01-17,1757.6463,1783.6256,1728.6195,1751.4013,39152.0,68542279.5
2017-01-18,1767.5384,1835.5341,1754.5987,1818.3978,165627.0,294540858.35
2017-01-19,1816.5493,1836.2335,1788.5716,1796.3654,38362.0,69427167.25
2017-01-20,1788.5716,1828.4398,1753.5995,1778.2798,68636.0,122674383.0
2017-01-23,1788.6216,1818.5477,1778.5796,1790.0704,14072.0,25331812.8
2017-01-24,1789.5708,1837.5325,1789.5708,1833.9853,42823.0,77698063.1
2017-01-25,1840.5301,1886.4934,1838.5317,1849.473,165459.0,309748507.2
2017-01-27,1849.6229,1908.4759,1849.6229,1874.8527,62025.0,117179629.95
2017-01-30,1870.5062,1886.4934,1809.7047,1850.9218,68286.0,125169959.8
2017-01-31,1885.4942,1885.4942,1823.5437,1837.5325,111260.0,204589498.15
2017-02-01,1848.9734,1918.368,1813.6516,1899.9826,108850.0,202566816.6
2017-02-02,1909.4751,1946.1458,1906.5774,1931.4075,28175.0,54317135.3
2017-02-03,1912.073,1956.9371,1902.3308,1924.4631,62564.0,120522152.15
2017-02-06,1934.4551,1973.424,1916.0698,1950.892,219511.0,426273129.6
2017-02-07,1963.432,1963.432,1907.2268,1911.8232,25225.0,48468298.15
2017-02-08,1913.5718,2045.3665,1848.5237,1952.0411,116996.0,225906732.4
2017-02-09,1977.4208,2010.5443,1939.9008,1947.045,62945.0,123395068.35
2017-02-10,1967.4288,1982.3169,1934.4551,1949.4431,22827.0,44491228.7
2017-02-13,1966.4296,1971.1258,1916.4695,1958.9356,37444.0,72876605.6
2017-02-14,1964.4312,1969.677,1919.4671,1931.8072,17038.0,32954350.65
2017-02-15,1933.5059,1942.2489,1878.4998,1912.3727,34522.0,66002176.6
2017-02-16,1912.9223,1939.5011,1898.4838,1900.5822,19702.0,37682927.75
2017-02-17,1928.4099,1928.4099,1889.541,1898.6337,26157.0,49964421.95
2017-02-20,1923.4639,1923.4639,1881.997,1907.4766,12020.0,22877118.5
2017-02-21,1924.4631,1928.7597,1898.4838,1903.3799,16236.0,31147322.1
2017-02-22,1905.4782,1918.4679,1885.9938,1892.9882,12536.0,23795503.45
2017-02-23,1908.4759,1908.5258,1873.5038,1891.8391,11896.0,22458000.6
2017-02-27,1895.4862,1913.4719,1866.5593,1886.7932,11822.0,22412040.45
2017-02-28,1900.4822,1918.4679,1878.4998,1904.4291,142267.0,269622725.35
2017-03-01,1898.4838,1922.065,1839.5309,1884.1453,39268.0,73674363.1
2017-03-02,1897.4846,1918.4679,1865.5102,1876.3515,26869.0,51054129.75
2017-03-03,1875.5022,1892.3387,1848.5737,1866.4094,8741.0,16361871.85
2017-03-06,1886.4934,1906.4774,1878.4998,1889.2912,27315.0,51584502.4
2017-03-07,1890.4902,1913.4719,1873.5038,1904.579,25121.0,47640306.35
2017-03-08,1898.4838,1913.4219,1869.6569,1888.8415,65369.0,124072329.8
2017-03-09,1888.5418,1900.4822,1873.7036,1894.9367,21710.0,41152544.35
2017-03-10,1906.5274,1912.9223,1873.5038,1895.4862,56358.0,106842969.35
2017-03-14,1913.4719,1946.7453,1898.4838,1907.8264,86016.0,164873290.55
2017-03-15,1917.4687,1920.2165,1890.5402,1897.9343,28621.0,54516044.6
2017-03-16,1908.4259,1923.4639,1880.698,1908.1761,41546.0,79218946.3
2017-03-17,1918.4679,1918.4679,1898.4838,1913.5218,30539.0,58350402.7
2017-03-20,1918.4679,1927.4607,1894.2872,1911.1237,38377.0,73116092.05
2017-03-21,1923.4639,1923.4639,1864.7108,1900.9319,43305.0,82043194.25
2017-03-22,1908.5258,1908.5258,1860.5641,1885.6441,24024.0,45225371.6
2017-03-23,1900.6821,1907.3767,1861.5134,1891.3395,49068.0,93042917.45
2017-03-24,1894.0873,1933.4559,1871.9051,1907.6265,109726.0,209518801.75
2017-03-27,1909.4751,1933.4559,1878.5997,1926.7113,24829.0,47587080.9
2017-03-28,1933.5059,2011.3937,1923.5138,1942.9983,203572.0,400255595.45
2017-03-29,1953.39,1983.416,1923.6637,1951.2917,53979.0,105220641.8
2017-03-30,1953.39,1991.3097,1948.4439,1954.9887,31885.0,62582542.85
2017-03-31,1958.436,2018.3881,1948.4439,1964.1314,153092.0,302247528.5
2017-04-03,1973.3241,1993.408,1960.4344,1969.0775,30521.0,60376962.2
2017-04-05,1971.1758,2098.3242,1969.4272,2063.3022,177438.0,360652729.8
2017-04-06,2076.5916,2138.2923,2038.3721,2111.8135,184004.0,384161098.65
2017-04-07,2108.3163,2208.2365,2083.3362,2160.7244,354216.0,766867214.15
2017-04-10,2163.2724,2193.5482,2093.1284,2119.1576,91418.0,195624162.7
2017-04-11,2112.3131,2187.1533,2104.9689,2163.1724,147986.0,318003800.4
2017-04-12,2148.2843,2377.1016,2106.3678,2191.25,128811.0,279496619.85
2017-04-13,2169.2676,2270.0871,2104.3694,2111.7135,180230.0,386301028.95
2017-04-17,2108.4661,2158.2764,2055.3585,2088.7819,128897.0,268989594.85
2017-04-18,2086.4337,2123.3043,2049.4133,2071.046,209245.0,434686904.6
2017-04-19,2059.3554,2097.325,2048.3641,2066.6495,119671.0,246362757.2
2017-04-20,2075.5424,2137.2931,2055.3585,2098.0245,259055.0,541375900.2
2017-04-21,2063.3522,2143.2883,2049.3633,2056.3078,1561413.0,3259808178.5
2017-04-24,2058.4061,2131.9973,2054.1095,2109.4154,461583.0,968429069.05
2017-04-25,2124.2036,2130.2987,2077.341,2086.1839,93081.0,195001538.65
2017-04-26,2098.2743,2130.2987,2078.2403,2112.9126,254912.0,536517293.6
2017-04-27,2109.3155,2124.3035,2091.8294,2099.7731,221725.0,467195821.3
2017-04-28,2103.3202,2178.2604,2100.8722,2170.5166,179500.0,385253627.65
2017-05-02,2179.5594,2205.1889,2155.2288,2189.2516,228865.0,499425707.4
2017-05-03,2208.2365,2218.1785,2168.3183,2183.9558,79837.0,175323669.55
2017-05-04,2185.7544,2248.904,2178.3603,2237.2133,159228.0,352717600.55
2017-05-05,2241.5099,2300.163,2215.2808,2259.9452,161225.0,364517986.05
2017-05-08,2268.1886,2368.1088,2268.1886,2340.0812,168997.0,393912914.9
2017-05-09,2340.1311,2414.3718,2319.1978,2404.5797,190770.0,454201130.4
2017-05-10,2414.3718,2424.0641,2339.6815,2366.0105,154688.0,368373353.65
2017-05-11,2433.0569,2570.8968,2421.1164,2520.3872,742227.0,1853251609.15
2017-05-12,2515.9907,2570.3473,2449.0941,2523.7345,191906.0,481331474.25
2017-05-15,2528.2809,2622.3557,2522.9851,2527.8312,314238.0,804030413.8
2017-05-16,2524.9835,2597.9252,2524.9835,2574.1942,139029.0,357241547.7
2017-05-17,2572.9452,2586.934,2524.9835,2539.422,69680.0,177929395.0
2017-05-18,2503.0011,2521.786,2421.5161,2442.999,139616.0,344676770.85
2017-05-19,2442.999,2497.0058,2402.1316,2424.3639,83101.0,202817028.45
2017-05-22,2454.9894,2463.9822,2360.1651,2371.9057,104229.0,250658091.35
2017-05-23,2353.8702,2446.9458,2297.665,2364.062,189586.0,449910152.7
2017-05-24,2363.4125,2420.467,2320.297,2331.1883,96553.0,228748916.4
2017-05-25,2323.1447,2397.7351,2307.707,2373.1547,130590.0,308962494.9
2017-05-26,2402.0816,2478.021,2362.6631,2459.3359,139271.0,339160315.0
2017-05-29,2488.013,2514.8916,2383.6464,2390.9405,80924.0,196609706.1
2017-05-30,2401.0325,2427.961,2363.6623,2417.3195,95789.0,230740087.85
2017-05-31,2390.5908,2448.6944,2390.5908,2429.4098,94158.0,229075339.0
2017-06-01,2446.0465,2453.4906,2373.6544,2419.3678,61844.0,149462771.85
2017-06-02,2438.003,2450.443,2404.3798,2425.6628,51402.0,124774018.55
2017-06-05,2437.0537,2457.0378,2398.0848,2413.1228,74766.0,181024040.25
2017-06-06,2433.0569,2438.0529,2351.1223,2377.5013,99244.0,236003422.1
2017-06-07,2378.0009,2413.5725,2359.6156,2377.9509,69041.0,164508712.35
2017-06-08,2369.108,2436.3543,2359.116,2415.5209,98477.0,236636989.15
2017-06-09,2399.2839,2474.0242,2388.1927,2461.1844,97605.0,237933639.85
2017-06-12,2457.0378,2491.2604,2443.1489,2477.4714,95380.0,235504078.35
2017-06-13,2478.021,2506.9979,2442.0497,2463.5825,117644.0,292266367.75
2017-06-14,2458.3367,2480.3691,2426.712,2466.5801,44270.0,108900105.0
2017-06-15,2448.0449,2519.8876,2444.248,2481.6181,92658.0,230200291.8
2017-06-16,2488.013,2504.6497,2445.2971,2465.1313,89256.0,220604155.4
2017-06-19,2473.025,2554.41,2467.9291,2546.6662,116430.0,293464370.4
2017-06-20,2554.6598,2579.3401,2533.2269,2547.8153,118163.0,302444352.75
2017-06-21,2563.8525,2567.9492,2501.0526,2531.9779,55357.0,140405629.9
2017-06-22,2517.9891,2553.8604,2486.0146,2505.2493,40630.0,102754221.6
2017-06-23,2499.0042,2514.9915,2433.0569,2471.9758,55717.0,137710899.85
2017-06-27,2473.025,2497.9551,2342.0796,2376.8018,99767.0,239300526.6
2017-06-28,2378.1008,2439.4018,2349.074,2427.5613,89378.0,213757663.4
2017-06-29,2437.5533,2453.041,2402.0816,2413.7723,86522.0,209605880.95
2017-06-30,2383.0968,2493.6086,2378.6004,2467.7292,121716.0,298242495.55
2017-07-03,2467.7292,2537.7733,2455.0893,2523.8344,79648.0,198535810.35
2017-07-04,2527.9811,2602.2718,2510.545,2594.528,114250.0,292379466.8
2017-07-05,2596.926,2642.8893,2588.183,2606.4185,120116.0,314419585.1
2017-07-06,2616.6103,2616.6103,2569.5479,2588.0331,69883.0,180709707.55
2017-07-07,2587.6335,2608.267,2549.0643,2566.6003,51279.0,132149517.3
2017-07-10,2647.8853,2647.8853,2582.6874,2616.8601,10607.0,27680120.15
2017-07-11,2614.8118,2675.863,2613.6127,2644.8877,552434.0,1465826519.0
2017-07-12,2633.8965,2686.8542,2633.8965,2661.1248,49201.0,131137827.2
2017-07-13,2674.8638,2715.7312,2658.327,2706.6384,216687.0,582260920.25
2017-07-14,2714.8319,2772.6857,2690.851,2740.7612,144588.0,396160581.6
2017-07-17,2767.6897,2777.5318,2717.9294,2748.455,177708.0,488949947.15
2017-07-18,2742.8095,2777.7816,2712.8335,2736.3647,177423.0,490182233.1
2017-07-19,2732.8175,2782.1781,2707.8375,2724.0245,100384.0,275910205.75
2017-07-20,2728.9206,2746.8563,2629.8997,2648.7846,95136.0,253236882.05
2017-07-21,2657.7774,2658.6767,2609.9157,2642.8893,146014.0,384692155.6
2017-07-24,2637.8434,2660.6751,2613.1131,2620.3573,47530.0,125517878.45
2017-07-25,2643.8885,2646.2866,2574.8437,2585.685,170376.0,442241284.9
2017-07-26,2614.8118,2619.9077,2589.1323,2601.9221,102105.0,265918903.65
2017-07-27,2597.9252,2636.8941,2587.9332,2624.6039,529142.0,1382115577.95
2017-07-28,2624.9037,2677.8114,2598.275,2647.4357,119241.0,315898932.2
2017-07-31,2657.9273,2684.3562,2638.343,2657.2279,55463.0,147309144.9
2017-08-01,2657.2279,2710.7352,2576.6422,2588.3829,120996.0,321496182.25
2017-08-02,2597.9252,2643.8386,2568.3988,2622.6055,50259.0,131666305.7
2017-08-03,2622.5556,2646.5364,2590.8309,2613.4628,76854.0,201061679.8
2017-08-04,2636.6943,2639.7918,2554.8097,2567.4995,68673.0,177793966.0
2017-08-07,2619.0084,2714.7819,2619.0084,2649.9837,123272.0,327327225.05
2017-08-08,2651.8822,2672.2159,2580.739,2634.7458,96479.0,253920439.1
2017-08-09,2622.6555,2653.4809,2533.2269,2554.0603,91816.0,238813340.95
2017-08-10,2538.6726,2565.4512,2453.2408,2472.7752,132181.0,329630083.7
2017-08-11,2398.2847,2527.3816,2371.5061,2491.3603,133040.0,328003635.4
2017-08-14,2497.8052,2582.9372,2497.8052,2552.6114,80560.0,205625184.3
2017-08-16,2567.7493,2618.4588,2547.7653,2608.0671,59071.0,153340844.05
2017-08-17,2612.9133,2642.3398,2574.494,2616.5104,81646.0,213189278.5
2017-08-18,2587.9332,2612.9133,2559.356,2604.5699,52084.0,134552053.3
2017-08-21,2603.9205,2622.6055,2565.9508,2580.9388,27197.0,70578475.5
2017-08-22,2596.926,2601.6223,2515.2413,2554.0103,44388.0,113404391.65
2017-08-23,2568.9484,2619.8577,2563.153,2590.731,53334.0,138204654.25
2017-08-24,2599.6239,2665.6711,2598.4748,2617.1599,160017.0,419915404.55
2017-08-28,2625.6031,2682.8574,2603.1711,2673.4649,112981.0,301156550.85
2017-08-29,2667.8694,2700.3435,2650.883,2677.7615,94873.0,254262204.55
2017-08-30,2681.8582,2729.1704,2678.8606,2688.7027,62979.0,171015736.0
2017-08-31,2717.8295,2737.8135,2677.8114,2710.985,69986.0,188971711.1
2017-09-01,2732.8175,2735.5653,2672.9154,2689.9517,82259.0,221626134.35
2017-09-04,2695.3474,2730.4194,2667.12,2707.6876,77603.0,209630527.65
2017-09-05,2721.1269,2776.7324,2694.1984,2753.2012,66962.0,182818800.2
2017-09-06,2743.9087,2766.1409,2714.3323,2729.3203,95442.0,261942423.4
2017-09-07,2737.8135,2752.8016,2708.8367,2730.2696,119792.0,326777569.9
2017-09-08,2731.3187,2746.3067,2689.652,2711.0849,61223.0,166308443.85
2017-09-11,2719.728,2760.7952,2693.5988,2754.75,61220.0,167348346.4
2017-09-12,2760.0,2816.2,2735.05,2796.7,152953.0,428130680.6
2017-09-13,2813.0,2848.8,2766.5,2777.35,82187.0,231194236.6
2017-09-14,2790.0,2808.9,2771.75,2792.75,72022.0,200838560.05
2017-09-15,2789.8,2835.0,2763.55,2826.85,110412.0,309939181.6
2017-09-18,2826.85,2849.7,2800.0,2825.0,68074.0,192675359.35
2017-09-19,2815.55,2823.65,2788.45,2798.8,75888.0,213279669.9
2017-09-20,2800.0,2818.15,2751.95,2762.95,85354.0,236200844.35
2017-09-21,2779.95,2791.95,2722.2,2775.95,81104.0,223084954.55
2017-09-22,2760.0,2791.0,2663.0,2670.95,113915.0,307061155.9
2017-09-25,2625.0,2715.0,2579.3,2635.7,118936.0,312295787.45
2017-09-26,2630.5,2645.2,2585.0,2620.7,76544.0,199279879.2
2017-09-27,2620.0,2620.0,2570.0,2585.25,52563.0,136463863.2
2017-09-28,2599.8,2600.0,2505.55,2546.2,84133.0,213968190.0
2017-09-29,2550.7,2595.0,2545.5,2568.85,64389.0,165463087.65
2017-10-03,2594.0,2750.0,2587.15,2715.0,226134.0,603266717.1
2017-10-04,2718.0,2739.3,2667.25,2695.65,111793.0,301643175.35
2017-10-05,2689.2,2765.0,2680.25,2755.85,107182.0,292595136.5
2017-10-06,2779.85,2798.0,2735.0,2755.05,84595.0,234454884.8
2017-10-09,2790.0,2790.0,2713.5,2735.4,53351.0,146662771.2
2017-10-10,2721.0,2780.75,2714.05,2752.8,53616.0,147566127.15
2017-10-11,2786.0,2820.95,2711.0,2722.15,105713.0,293436535.5
2017-10-12,2740.0,2756.95,2701.0,2724.5,49586.0,135006786.8
2017-10-13,2721.0,2757.0,2710.0,2728.8,92678.0,252999398.45
2017-10-16,2729.0,2776.0,2721.0,2741.8,79209.0,218275134.75
2017-10-17,2744.8,2749.0,2694.1,2703.9,43918.0,119471026.75
2017-10-18,2724.0,2734.25,2685.7,2696.55,40946.0,110782288.6
2017-10-19,2698.0,2723.85,2666.15,2690.7,13670.0,36745269.1
2017-10-23,2682.0,2754.7,2682.0,2733.55,75753.0,206131962.1
2017-10-24,2742.15,2780.2,2733.55,2774.5,77084.0,212316549.45
2017-10-25,2791.0,2800.0,2699.65,2761.45,53422.0,147878452.55
2017-10-26,2784.0,2849.0,2731.45,2828.55,67729.0,189886450.7
2017-10-27,2843.1,2935.0,2843.0,2895.05,159475.0,461679694.15
2017-10-30,2901.0,3006.0,2901.0,2959.2,178253.0,529316308.4
2017-10-31,2965.5,3050.05,2965.5,2992.15,217016.0,650918756.6
2017-11-01,3000.2,3038.95,2966.5,2976.75,78321.0,235428103.75
2017-11-02,3000.0,3085.7,2986.0,3073.3,231185.0,702416067.0
2017-11-03,3075.0,3085.0,3015.5,3060.95,103167.0,314746707.9
2017-11-06,3071.4,3071.4,3000.05,3022.3,42701.0,129651158.05
2017-11-07,3025.1,3064.45,2970.8,3021.05,51266.0,155171847.25
2017-11-08,3019.0,3019.0,2925.1,2976.7,179323.0,533676855.75
2017-11-09,2969.7,3015.0,2920.0,2926.7,58134.0,171950525.95
2017-11-10,2925.0,2983.15,2875.8,2907.8,40491.0,118684725.2
2017-11-13,2920.0,3013.15,2895.3,2976.7,63545.0,188323946.45
2017-11-14,2977.05,3014.35,2962.1,2982.4,49895.0,148790228.45
2017-11-15,2961.0,3015.35,2960.0,2980.6,64881.0,193830199.65
2017-11-16,2990.0,3067.95,2977.1,3010.2,88045.0,266190984.4
2017-11-17,3058.75,3116.0,3037.05,3074.55,174178.0,536473391.3
2017-11-20,3070.0,3073.95,3001.9,3028.35,50772.0,153949009.65
2017-11-21,3026.0,3047.45,2997.45,3028.15,32577.0,98664932.15
2017-11-22,3030.0,3050.0,2958.8,2966.05,51925.0,154814609.2
2017-11-23,2970.0,3038.4,2964.3,3029.55,55844.0,168044115.1
2017-11-24,3030.0,3074.9,3010.0,3063.8,97303.0,296109037.0
2017-11-27,3059.5,3237.35,3036.1,3222.15,304176.0,969219637.8
2017-11-28,3244.6,3350.0,3168.0,3222.3,488294.0,1602766245.65
2017-11-29,3188.0,3207.8,3114.55,3147.3,194512.0,613145056.6
2017-11-30,3138.0,3182.0,3096.05,3153.3,179704.0,564175238.05
2017-12-01,3154.75,3159.95,3082.0,3120.15,97629.0,304332236.2
2017-12-04,3135.55,3148.95,3065.0,3079.9,46091.0,142981487.9
2017-12-05,3065.0,3109.5,3040.3,3057.9,99426.0,305012583.3
2017-12-06,3086.0,3094.0,3017.0,3034.75,66305.0,202239179.75
2017-12-07,3069.0,3088.9,3036.05,3062.0,65227.0,199339489.95
2017-12-08,3038.0,3110.0,3038.0,3099.05,59220.0,182980365.75
2017-12-11,3119.0,3234.7,3101.75,3215.85,167133.0,530704796.8
2017-12-12,3230.0,3247.95,3160.3,3177.75,102462.0,328569108.2
2017-12-13,3199.0,3204.7,3121.3,3147.05,49088.0,155670206.9
2017-12-14,3174.0,3204.95,3151.1,3199.1,86784.0,275942770.3
2017-12-15,3218.0,3231.95,3175.0,3195.55,31309.0,100208658.45
2017-12-18,3210.0,3233.9,3130.0,3209.05,67481.0,215143566.7
2017-12-19,3200.0,3258.1,3188.0,3237.25,105929.0,342901699.6
2017-12-20,3240.0,3276.0,3223.05,3239.35,64646.0,210163276.4
2017-12-21,3250.0,3264.85,3235.6,3253.8,44017.0,143056000.95
2017-12-22,3279.0,3314.8,3257.1,3278.6,153345.0,502750441.35
2017-12-26,3269.9,3269.9,3220.05,3230.7,115660.0,373864220.9
2017-12-27,3230.1,3246.9,3190.1,3201.8,64352.0,207060992.1
2017-12-28,3220.0,3254.8,3189.6,3223.3,135565.0,437259508.85
2017-12-29,3223.0,3239.0,3201.0,3208.05,20440.0,65673783.3
2018-01-01,3224.9,3224.9,3183.85,3193.85,22269.0,71222822.45
2018-01-02,3210.0,3229.9,3070.3,3113.1,82317.0,256821121.2
2018-01-03,3133.5,3146.0,3094.45,3103.75,30144.0,93998854.15
2018-01-04,3110.0,3132.2,3082.15,3101.05,77777.0,241596563.9
2018-01-05,3124.0,3144.3,3086.0,3103.55,199969.0,620954175.45
2018-01-08,3117.05,3143.95,3090.0,3106.65,95931.0,299368013.75
2018-01-09,3124.0,3205.0,3086.45,3194.65,146502.0,460666380.2
2018-01-10,3200.0,3222.0,3151.7,3171.0,62537.0,198941272.55
2018-01-11,3172.0,3214.85,3155.05,3169.45,66964.0,213336662.3
2018-01-12,3162.0,3216.85,3128.75,3188.2,72792.0,231904701.9
2018-01-15,3192.0,3238.0,3162.0,3173.25,68312.0,218504409.1
2018-01-16,3220.0,3220.0,3100.0,3123.15,67661.0,214293672.9
2018-01-17,3120.0,3199.0,3054.3,3149.8,53461.0,166523022.6
2018-01-18,3151.1,3209.75,3070.1,3098.3,48506.0,151829257.15
2018-01-19,3100.35,3131.0,3006.6,3028.4,67655.0,205192192.0
2018-01-22,3025.0,3028.35,2970.0,2987.2,71214.0,212860650.65
2018-01-23,2980.0,3048.95,2979.85,3026.1,104527.0,315680081.55
2018-01-24,2991.05,3049.05,2991.05,3001.35,50540.0,152579933.85
2018-01-25,3010.0,3029.5,2979.0,3003.4,186503.0,559820304.95
2018-01-29,3024.9,3031.9,2974.0,2986.6,132198.0,395499884.05
2018-01-30,2998.8,3000.0,2930.05,2941.2,150858.0,447608302.95
2018-01-31,2932.0,2962.05,2914.0,2935.25,173458.0,506693503.05
2018-02-01,2935.0,3045.0,2928.15,2972.0,215502.0,643313782.9
2018-02-02,2980.0,2980.15,2771.4,2829.35,257953.0,726110320.45
2018-02-05,2799.4,2799.4,2690.65,2731.45,118574.0,325413220.2
2018-02-06,2560.0,2799.0,2528.05,2727.85,159771.0,430094056.25
2018-02-07,2751.0,2770.0,2680.1,2705.45,272743.0,741239885.1
2018-02-08,2730.2,2839.95,2720.05,2795.45,222937.0,622320272.05
2018-02-09,2764.6,2805.0,2735.65,2794.05,60427.0,167404398.7
2018-02-12,2800.0,2905.0,2797.05,2884.75,109054.0,312177459.85
2018-02-14,2904.95,2937.55,2850.0,2868.05,159878.0,463169963.3
2018-02-15,2870.0,2938.7,2869.5,2894.7,120212.0,350950721.05
2018-02-16,2904.0,2923.45,2758.0,2800.7,87621.0,250798847.2
2018-02-19,2822.0,2879.9,2802.3,2842.15,45960.0,130074230.25
2018-02-20,2828.85,2885.0,2821.8,2842.55,98387.0,281582303.8
2018-02-21,2851.55,2860.0,2817.55,2829.2,64077.0,181211634.05
2018-02-22,2819.8,2819.8,2713.0,2737.8,128311.0,352395696.55
2018-02-23,2740.05,2741.0,2694.55,2716.6,117476.0,319022604.8
2018-02-26,2712.0,2724.9,2669.5,2692.95,149675.0,403539679.2
2018-02-27,2700.0,2702.0,2661.15,2673.5,98501.0,263685368.3
2018-02-28,2700.0,2714.0,2574.05,2632.5,204068.0,538608659.4
2018-03-01,2660.0,2798.0,2659.95,2742.5,657094.0,1795656836.4
2018-03-05,2739.9,2748.0,2655.0,2663.7,103925.0,279564486.6
2018-03-06,2694.0,2707.05,2658.65,2669.15,62137.0,166608692.55
2018-03-07,2665.0,2719.95,2640.85,2711.2,224856.0,602274614.35
2018-03-08,2724.0,2739.0,2684.0,2725.2,152992.0,415363180.35
2018-03-09,2734.8,2759.95,2671.0,2740.55,160304.0,435720097.8
2018-03-12,2759.0,2860.65,2743.0,2843.1,110734.0,309993839.55
2018-03-13,2870.0,2898.0,2850.2,2869.35,194967.0,561178678.8
2018-03-14,2849.9,2894.7,2835.0,2882.5,234869.0,676743747.65
2018-03-15,2890.0,2915.0,2802.0,2869.7,296773.0,849286673.75
2018-03-16,2852.0,2889.0,2826.55,2842.25,218928.0,623548376.8
2018-03-19,2849.0,2879.2,2829.55,2841.35,195711.0,559273289.4
2018-03-20,2848.8,2926.0,2804.85,2893.6,138025.0,399339793.0
2018-03-21,2900.0,2936.4,2856.0,2875.8,203763.0,593117962.95
2018-03-22,2879.0,2890.1,2811.75,2846.9,202956.0,577422173.85
2018-03-23,2809.5,2823.75,2631.25,2739.0,342112.0,921889933.1
2018-03-26,2755.0,2860.0,2680.0,2831.4,290362.0,801744503.6
2018-03-27,2840.0,2975.0,2840.0,2891.0,237180.0,689859847.85
2018-03-28,2850.0,2910.0,2805.25,2874.15,128483.0,367463835.9
2018-04-02,2874.15,2886.9,2727.65,2818.1,286357.0,795256549.2
2018-04-03,2816.6,2887.45,2800.0,2870.1,54861.0,156240945.8
2018-04-04,2884.95,2937.65,2856.45,2896.7,108713.0,316584416.6
2018-04-05,2927.0,2977.4,2910.1,2925.95,66533.0,195648316.1
2018-04-06,2920.0,2948.1,2845.0,2859.3,105137.0,304334705.25
2018-04-09,2827.0,2862.2,2759.0,2780.0,173316.0,483636751.9
2018-04-10,2780.0,2825.0,2751.3,2766.05,174250.0,483414104.25
2018-04-11,2783.7,2788.95,2730.0,2776.8,141461.0,390647313.45
2018-04-12,2758.0,2795.0,2731.0,2780.8,400694.0,1113743501.1
2018-04-13,2779.0,2877.0,2762.0,2836.35,240218.0,678888319.85
2018-04-16,2850.0,2924.4,2820.0,2905.9,71952.0,207221017.35
2018-04-17,2920.0,2920.0,2830.1,2844.4,161695.0,462929778.85
2018-04-18,2845.0,2907.95,2820.05,2890.25,113893.0,327631209.4
2018-04-19,2900.0,2949.0,2886.7,2911.8,71674.0,209718991.8
2018-04-20,2909.0,2939.25,2857.0,2902.4,98863.0,286252928.85
2018-04-23,2911.0,3034.5,2911.0,3002.3,203084.0,608134773.15
2018-04-24,3025.0,3068.1,2991.35,3004.2,130219.0,393314330.75
2018-04-25,3029.0,3036.75,2907.1,2970.5,109109.0,324466504.25
2018-04-26,2982.4,3024.75,2935.15,3005.65,148198.0,442595016.6
2018-04-27,3015.0,3055.0,3008.45,3034.2,141487.0,429760925.15
2018-04-30,3069.9,3098.95,3033.95,3049.35,137780.0,419175720.8
2018-05-02,3069.2,3072.35,2952.45,2965.7,130682.0,394175899.9
2018-05-03,2975.0,3004.75,2932.25,2949.7,348534.0,1035603313.75
2018-05-04,2960.0,2961.85,2820.2,2857.55,86613.0,250804649.25
2018-05-07,2860.0,2950.05,2851.95,2882.35,116158.0,335611376.3
2018-05-08,2899.9,2913.55,2814.0,2867.05,89149.0,253870772.15
2018-05-09,2864.0,2865.0,2720.35,2764.45,144064.0,399997354.3
2018-05-10,2786.0,2790.0,2699.3,2769.4,114283.0,312715599.3
2018-05-11,2840.0,2840.0,2751.55,2805.2,84961.0,237542605.45
2018-05-14,2800.0,2822.9,2723.0,2750.75,53278.0,146566981.45
2018-05-15,2725.0,2800.0,2705.0,2738.2,86086.0,237156826.1
2018-05-16,2749.0,2777.0,2710.05,2762.85,45323.0,124865892.5
2018-05-17,2773.85,2784.8,2712.75,2752.7,42071.0,115791089.95
2018-05-18,2752.7,2779.05,2667.2,2703.35,74978.0,204175062.3
2018-05-21,2703.35,2779.9,2650.0,2737.2,175836.0,476751007.25
2018-05-22,2768.0,2770.0,2714.0,2731.4,85061.0,233216536.0
2018-05-23,2750.0,2754.75,2666.55,2710.4,108004.0,292589678.05
2018-05-24,2703.7,2703.7,2529.0,2568.3,195756.0,506795350.3
2018-05-25,2540.0,2671.15,2534.0,2655.65,257260.0,672260275.25
2018-05-28,2689.0,2723.35,2650.0,2705.2,79889.0,214643180.15
2018-05-29,2702.0,2780.0,2680.25,2742.0,102165.0,280263996.6
2018-05-30,2745.0,2745.0,2691.0,2717.55,41954.0,113887397.65
2018-05-31,2730.0,2804.85,2705.55,2726.4,150351.0,411849204.8
2018-06-01,2759.8,2770.0,2678.0,2717.25,167528.0,456932183.5
2018-06-04,2719.0,2730.2,2680.0,2706.2,87287.0,236915855.7
2018-06-05,2680.0,2712.0,2600.6,2624.75,109943.0,289521285.55
2018-06-06,2625.0,2637.85,2507.5,2542.65,95803.0,245049717.25
2018-06-07,2560.05,2677.65,2542.25,2662.7,86211.0,227691992.0
2018-06-08,2622.0,2688.9,2554.25,2575.65,70554.0,184628267.5
2018-06-11,2579.0,2625.0,2560.0,2591.2,168698.0,437787181.3
2018-06-12,2602.0,2604.15,2493.65,2511.9,160138.0,404911758.05
2018-06-13,2520.1,2547.1,2497.0,2522.3,107010.0,269763538.5
2018-06-14,2529.5,2539.0,2461.0,2523.4,124550.0,310249114.6
2018-06-15,2516.0,2559.85,2501.95,2548.4,99109.0,251730019.4
2018-06-18,2548.4,2562.95,2502.45,2515.95,48099.0,121388909.7
2018-06-19,2516.0,2520.95,2460.0,2468.4,57597.0,142843663.0
2018-06-20,2456.0,2483.0,2395.0,2401.5,125630.0,303937082.35
2018-06-21,2429.9,2429.9,2345.05,2352.95,95627.0,226704519.35
2018-06-22,2355.0,2405.9,2315.0,2397.7,157560.0,371476720.35
2018-06-25,2400.0,2428.45,2340.0,2355.6,118321.0,282697808.35
2018-06-26,2364.0,2395.75,2343.7,2361.1,118867.0,282461720.6
2018-06-27,2372.9,2372.9,2282.05,2305.4,64435.0,149258971.2
2018-06-28,2308.8,2315.2,2217.05,2247.6,126666.0,285269183.1
2018-06-29,2259.1,2314.55,2250.0,2280.05,141367.0,323144896.9
2018-07-02,2297.75,2297.75,2200.0,2206.95,220457.0,490018841.2
2018-07-03,2221.0,2250.55,2178.7,2204.2,142222.0,314146817.45
2018-07-04,2215.15,2259.7,2190.85,2250.95,39231.0,87276770.65
2018-07-05,2251.0,2361.6,2244.2,2343.7,252109.0,580864528.05
2018-07-06,2347.0,2373.0,2288.0,2299.6,152486.0,356026057.2
2018-07-09,2316.8,2333.4,2295.0,2309.65,200813.0,464213215.65
2018-07-10,2309.65,2384.05,2306.65,2356.5,86623.0,204115769.45
2018-07-11,2351.3,2377.45,2325.0,2344.15,114021.0,268790505.25
2018-07-12,2345.0,2373.0,2302.05,2325.5,172531.0,404260719.9
2018-07-13,2335.05,2347.85,2301.0,2330.85,93278.0,216699932.5
2018-07-16,2305.1,2354.0,2282.85,2330.2,248310.0,579102459.7
2018-07-17,2331.0,2391.0,2331.0,2365.05,108203.0,256878902.55
2018-07-18,2378.0,2397.95,2318.05,2336.3,48475.0,113724861.05
2018-07-19,2350.0,2372.5,2300.25,2324.75,84715.0,197991081.45
2018-07-20,2343.35,2382.0,2326.35,2360.1,148852.0,351477026.0
2018-07-23,2360.1,2442.7,2352.1,2396.3,97322.0,233094091.35
2018-07-24,2414.25,2619.85,2414.0,2583.0,474011.0,1218669837.55
2018-07-25,2583.0,2639.85,2552.55,2578.55,127752.0,330335735.1
2018-07-26,2595.0,2632.0,2565.35,2601.9,265078.0,694388227.55
2018-07-27,2617.0,2779.0,2603.0,2711.7,295883.0,800661680.7
2018-07-30,2704.95,2711.95,2582.5,2620.55,114864.0,300564233.05
2018-07-31,2641.55,2669.9,2565.0,2645.6,118986.0,310670961.6
2018-08-01,2645.2,2712.95,2640.6,2663.1,83560.0,224201608.05
2018-08-02,2678.95,2720.8,2640.0,2661.65,48805.0,130607050.6
2018-08-03,2675.0,2708.0,2662.0,2677.45,47551.0,127703867.25
2018-08-06,2708.0,2708.0,2637.0,2642.9,45055.0,120069511.6
2018-08-07,2664.05,2697.3,2620.0,2636.9,102395.0,272145649.9
2018-08-08,2645.05,2674.45,2622.5,2656.9,56440.0,149459988.15
2018-08-09,2640.0,2684.9,2632.05,2657.15,64336.0,171125865.0
2018-08-10,2680.0,2695.0,2641.0,2660.75,36595.0,97539901.75
2018-08-13,2650.0,2650.1,2552.2,2560.5,218942.0,566562270.6
2018-08-14,2562.0,2609.1,2514.55,2594.45,80691.0,207355266.2
2018-08-16,2599.0,2606.55,2515.0,2535.95,248675.0,641201453.2
2018-08-17,2556.25,2717.45,2554.4,2701.95,269266.0,708456587.25
2018-08-20,2715.0,2740.0,2690.15,2711.25,76677.0,208220805.25
2018-08-21,2716.55,2788.0,2711.3,2726.6,193262.0,529941481.8
2018-08-23,2730.05,2747.0,2695.5,2730.45,123363.0,336318332.25
2018-08-24,2729.75,2759.55,2700.05,2728.65,111894.0,304891653.95
2018-08-27,2750.0,2755.0,2731.0,2745.2,42149.0,115628956.6
2018-08-28,2751.65,2751.7,2700.0,2714.0,73577.0,199947713.05
2018-08-29,2713.0,2723.35,2612.2,2619.4,225817.0,605171012.1
2018-08-30,2620.0,2663.9,2611.55,2652.05,67610.0,178924028.1
2018-08-31,2651.1,2664.6,2601.25,2623.5,156583.0,411719798.05
2018-09-03,2632.0,2679.3,2579.0,2589.35,76409.0,201658616.65
2018-09-04,2588.65,2589.0,2497.15,2526.7,95106.0,240913507.15
2018-09-05,2546.4,2577.0,2456.85,2557.4,76695.0,193097516.25
2018-09-06,2583.2,2625.0,2507.55,2534.65,80398.0,204227472.8
2018-09-07,2553.65,2572.5,2502.35,2563.35,60695.0,154226343.0
2018-09-10,2570.0,2590.25,2550.0,2581.6,46411.0,119519010.7
2018-09-11,2570.0,2590.8,2521.05,2533.45,108511.0,276852699.6
2018-09-12,2501.0,2598.65,2479.45,2570.05,53769.0,135841710.65
2018-09-14,2582.0,2715.0,2582.0,2698.95,147615.0,396328237.05
2018-09-17,2679.0,2679.0,2623.0,2643.85,53621.0,141890363.85
2018-09-18,2625.0,2664.55,2557.1,2573.1,61256.0,158933376.7
2018-09-19,2570.0,2585.85,2522.0,2544.75,64469.0,163817246.8
2018-09-21,2586.0,2586.0,2475.0,2482.4,123444.0,310584890.55
2018-09-24,2476.5,2484.0,2400.1,2411.1,53676.0,130116411.15
2018-09-25,2420.0,2440.0,2356.65,2421.65,117617.0,282048898.35
2018-09-26,2458.9,2458.9,2417.7,2430.15,53364.0,129633741.0
2018-09-27,2435.25,2485.85,2352.0,2370.95,131235.0,314785350.2
2018-09-28,2380.0,2420.25,2300.0,2319.95,178806.0,423328516.6
2018-10-01,2319.0,2337.3,2237.4,2316.9,95474.0,218656025.7
2018-10-03,2317.0,2347.95,2235.5,2252.65,62059.0,140916597.05
2018-10-04,2245.0,2301.95,2115.1,2159.3,145826.0,318606902.3
2018-10-05,2155.0,2180.1,2101.0,2119.9,62305.0,133900979.95
2018-10-08,2130.0,2151.7,2071.3,2091.95,218705.0,459020792.85
2018-10-09,2107.6,2127.95,2020.05,2076.55,114419.0,236015403.05
2018-10-10,2069.9,2190.0,2051.1,2132.2,57535.0,122058062.35
2018-10-11,2119.9,2119.9,2032.55,2051.35,59725.0,122818262.1
2018-10-12,2067.8,2169.8,2066.1,2105.3,72016.0,153659435.4
2018-10-15,2118.9,2145.0,2062.0,2083.95,51868.0,108861854.65
2018-10-16,2089.9,2198.0,2070.0,2089.5,189253.0,402655409.15
2018-10-17,2099.8,2119.0,2052.1,2058.7,53011.0,110348317.75
2018-10-19,2079.45,2079.45,1982.05,2009.75,60810.0,123218595.5
2018-10-22,2025.0,2066.75,1972.0,1994.45,95247.0,190580341.0
2018-10-23,1975.25,2095.7,1930.0,2038.45,247007.0,488505966.45
2018-10-24,2040.0,2080.0,2001.0,2057.55,92607.0,189266089.3
2018-10-25,2030.0,2139.95,1993.7,2114.4,177753.0,369780185.25
2018-10-26,2088.1,2145.0,2069.55,2125.95,54468.0,115067810.6
2018-10-29,2100.2,2182.6,2057.0,2069.95,72788.0,151726103.65
2018-10-30,2020.5,2130.0,2011.65,2111.15,212262.0,442095215.55
2018-10-31,2099.95,2138.05,2022.0,2100.7,250020.0,519292712.6
2018-11-01,2090.2,2155.0,2090.0,2132.15,110089.0,234094273.7
2018-11-02,2150.0,2233.95,2134.45,2178.4,152836.0,334841290.0
2018-11-05,2187.9,2225.65,2159.5,2183.6,71738.0,157501837.9
2018-11-06,2192.05,2215.55,2160.05,2171.65,51772.0,112657541.35
2018-11-07,2210.0,2210.0,2175.5,2186.95,2788.0,6093741.9
2018-11-09,2186.95,2230.65,2173.05,2199.85,45367.0,99728997.1
2018-11-12,2220.0,2220.0,2113.65,2124.05,118400.0,255006632.5
2018-11-13,2139.0,2166.9,2097.8,2126.0,98794.0,210300768.5
2018-11-14,2147.9,2162.45,2110.1,2123.05,134387.0,286907998.9
2018-11-15,2120.0,2258.05,2091.55,2243.45,505854.0,1075542547.1
2018-11-16,2259.0,2298.9,2222.0,2263.7,107652.0,243707540.95
2018-11-19,2273.7,2378.45,2223.2,2252.8,118073.0,267155483.5
2018-11-20,2251.0,2293.05,2222.0,2258.6,69800.0,158146146.5
2018-11-21,2251.0,2394.4,2241.4,2358.7,191051.0,439670371.6
2018-11-22,2373.35,2426.7,2338.2,2384.7,132578.0,316734103.2
2018-11-26,2365.0,2454.6,2361.0,2380.9,329876.0,790232265.75
2018-11-27,2378.0,2440.0,2357.25,2398.15,220265.0,529508249.7
2018-11-28,2400.0,2544.0,2279.05,2372.9,397340.0,937684457.35
