date,open,high,low,close,volume,value
2011-01-03,100.7537,101.8916,100.316,101.1038,87187.0,8823599.15
2011-01-04,101.9792,103.1171,100.9288,102.5044,83977.0,8585255.05
2011-01-05,102.5482,102.6795,99.9221,100.316,40246.0,4062782.7
2011-01-06,100.4035,101.0163,99.003,99.4844,58907.0,5882119.95
2011-01-07,101.5415,102.2418,98.9154,99.5282,199821.0,20063665.2
2011-01-10,99.7908,100.0096,95.414,95.983,162850.0,15812945.6
2011-01-11,94.6262,96.6833,91.9126,92.7004,210571.0,19745160.45
2011-01-12,92.8755,94.4949,92.0876,92.7879,134424.0,12521903.15
2011-01-13,93.2256,94.3636,92.7879,93.4444,91295.0,8559920.6
2011-01-14,93.4444,94.3636,92.394,93.1818,68738.0,6422968.85
2011-01-17,93.1818,93.4007,91.9126,92.3502,66700.0,6168295.6
2011-01-18,92.7879,93.6633,91.1247,93.0068,72886.0,6770504.05
2011-01-19,95.2389,95.2389,92.7879,93.7071,102563.0,9640521.05
2011-01-20,92.8755,93.532,91.0372,91.8688,141149.0,12997809.55
2011-01-21,91.4311,92.3502,89.8117,90.5995,158382.0,14470408.6
2011-01-24,92.2627,93.4444,90.2494,92.5253,119913.0,11013144.85
2011-01-25,93.2256,95.3265,93.2256,93.5757,220471.0,20765172.85
2011-01-27,93.7071,94.0134,91.0372,91.4749,34741.0,3208192.65
2011-01-28,91.6937,91.6937,87.8859,88.4111,74291.0,6619190.45
2011-01-31,85.7851,92.7879,83.3341,91.9563,173921.0,15487581.85
2011-02-01,92.1752,93.4007,85.4349,86.8355,139584.0,12313004.75
2011-02-02,87.0981,89.7242,86.6604,87.2732,68115.0,5998047.55
2011-02-03,87.5358,90.512,87.0981,90.0305,92213.0,8270881.95
2011-02-04,89.2865,89.9868,87.0981,87.5358,132063.0,11749328.5
2011-02-07,87.7546,88.4111,84.9097,85.9164,55830.0,4826782.65
2011-02-08,85.7851,86.0039,83.2465,84.5158,90732.0,7669334.75
2011-02-09,84.9097,86.2227,81.4083,82.1961,91420.0,7644997.7
2011-02-10,83.159,83.159,79.3074,79.7889,79748.0,6381985.3
2011-02-11,80.0952,86.4416,77.7755,81.9335,579959.0,47808173.6
2011-02-14,83.2465,90.4245,82.5025,88.7175,556027.0,48881682.1
2011-02-15,89.5491,91.65,87.5795,89.1552,390597.0,34913706.1
2011-02-16,90.1619,94.5386,88.805,90.9934,515727.0,47093529.2
2011-02-17,91.0372,93.6195,89.5053,92.7879,292430.0,27066499.05
2011-02-18,94.5386,94.5386,90.6433,91.1247,330729.0,30558865.15
2011-02-21,81.277,81.277,70.9915,76.3312,806173.0,61283778.35
2011-02-22,77.0315,79.395,71.8669,75.7622,434990.0,33613626.0
2011-02-23,76.1561,76.9877,73.6176,73.924,143860.0,10779957.65
2011-02-24,74.4054,75.1932,71.5167,71.8669,142097.0,10351764.4
2011-02-25,70.0286,74.5805,70.0286,70.5101,379093.0,27196482.5
2011-02-28,70.904,71.9982,70.0286,70.9915,202123.0,14339330.2
2011-03-01,70.1599,70.904,68.7156,69.8536,308994.0,21528433.05
2011-03-03,68.7156,70.0286,68.3654,69.1533,181942.0,12590568.9
2011-03-04,67.4026,70.4663,67.4026,69.022,243476.0,16944065.2
2011-03-07,68.7156,69.5909,67.0524,67.9715,208611.0,14149942.9
2011-03-08,68.2779,70.4663,67.4463,69.7222,282866.0,19489790.9
2011-03-09,69.9411,70.335,68.7594,69.022,140479.0,9741757.85
2011-03-10,68.6281,69.8536,67.8402,68.2779,162321.0,11094419.65
2011-03-11,67.4026,68.6281,66.6585,66.9649,156529.0,10569334.0
2011-03-14,67.4026,68.7156,66.7898,67.6652,207354.0,14025370.65
2011-03-15,67.4026,67.4026,64.9078,66.571,360288.0,23893743.25
2011-03-16,67.4901,71.8231,67.2275,71.648,1397961.0,98696098.4
2011-03-17,71.7793,75.5434,71.0353,71.6043,1147410.0,84194584.45
2011-03-18,72.217,73.355,70.5538,70.9477,230107.0,16475702.4
2011-03-21,71.3417,72.4796,69.5909,70.3788,233899.0,16620383.75
2011-03-22,71.5167,71.9544,70.1162,70.6851,140156.0,9943544.2
2011-03-23,70.6851,71.2541,70.3788,70.7727,129359.0,9165547.65
2011-03-24,71.6918,73.5301,71.4292,72.217,337149.0,24448216.1
2011-03-25,72.5672,72.9611,71.6043,71.9544,187723.0,13550739.7
2011-03-28,72.1295,73.0924,71.3854,72.786,286000.0,20740616.45
2011-03-29,73.355,73.4425,71.3854,71.6043,197198.0,14240208.1
2011-03-30,71.6043,72.7422,70.4663,70.8602,383846.0,27388440.4
2011-03-31,71.6043,71.6043,69.3283,70.5976,256901.0,18123994.35
2011-04-01,71.2541,72.3921,70.5976,72.0857,309526.0,22205352.6
2011-04-04,72.6547,74.7993,72.217,74.4492,388856.0,28594114.75
2011-04-05,74.668,75.6309,73.5738,74.6243,246335.0,18419762.55
2011-04-06,75.2808,75.7184,74.0553,75.1495,261284.0,19599234.65
2011-04-07,74.5367,78.4321,72.1295,77.7755,430245.0,33124520.45
2011-04-08,77.688,79.4387,75.7184,76.1999,277732.0,21533397.55
2011-04-11,75.3683,77.7755,75.3683,77.0315,475218.0,36302305.75
2011-04-13,76.8564,82.7213,76.2437,79.8764,1526315.0,122548962.7
2011-04-15,78.9135,80.2703,77.688,79.4387,350996.0,27726284.45
2011-04-18,79.4387,79.4387,77.0315,78.4758,408178.0,31888062.4
2011-04-19,78.0819,79.0448,77.9068,78.6071,194590.0,15245159.95
2011-04-20,78.9135,79.395,78.1695,78.7384,116439.0,9164803.8
2011-04-21,78.7822,79.3074,77.6442,78.3008,211893.0,16593723.6
2011-04-25,77.9944,78.6071,75.2808,76.0686,208534.0,15950394.3
2011-04-26,77.0315,77.0315,75.0619,75.8498,243003.0,18325505.95
2011-04-27,76.8564,77.3379,74.5805,75.6747,188771.0,14248798.05
2011-04-28,76.375,76.9877,74.8431,75.3683,137351.0,10356172.65
2011-04-29,76.1124,76.1124,74.6243,75.4996,200976.0,15137219.55
2011-05-02,75.3683,75.8935,74.7556,75.2808,156758.0,11789565.65
2011-05-03,74.668,75.2808,73.7489,74.4492,108857.0,8100272.5
2011-05-04,74.0115,74.4054,73.0924,73.8802,75974.0,5601512.55
2011-05-05,73.8802,74.2741,72.8735,73.2237,86895.0,6360747.1
2011-05-06,74.3179,74.4054,72.6985,73.6176,43046.0,3157316.6
2011-05-09,74.2303,74.7556,72.9173,73.2237,47843.0,3526215.8
2011-05-10,72.9173,74.1866,72.9173,73.3988,70461.0,5179745.5
2011-05-11,73.5738,75.806,73.0924,74.1866,96313.0,7143717.45
2011-05-12,73.6176,74.4054,72.6985,73.0486,40595.0,2974838.8
2011-05-13,72.3046,74.3179,72.3046,73.6614,74286.0,5453823.05
2011-05-16,76.1561,76.1561,73.0048,73.3988,52077.0,3813990.5
2011-05-17,72.8735,74.3179,72.8735,74.0553,109855.0,8082082.95
2011-05-18,74.2303,74.2303,72.9611,73.6176,83760.0,6161138.0
2011-05-19,73.5301,73.8364,72.6985,73.0486,72969.0,5335588.0
2011-05-20,72.6547,73.9677,72.6547,73.4425,34160.0,2505605.8
2011-05-23,72.7422,72.9611,71.3854,72.3483,113451.0,8209121.1
2011-05-24,71.7793,72.3046,71.473,72.0419,56554.0,4066631.15
2011-05-25,71.7793,72.7422,70.0286,70.4225,69381.0,4922153.7
2011-05-26,70.6851,72.6547,69.8098,71.3854,78730.0,5626978.85
2011-05-27,71.0791,72.217,71.0791,71.6043,61177.0,4388843.05
2011-05-30,72.217,73.4425,71.5167,72.1733,46102.0,3343802.05
2011-05-31,74.1428,74.1428,71.3417,72.217,129320.0,9324038.0
2011-06-01,72.2608,73.0048,71.7793,72.2608,52309.0,3773814.4
2011-06-02,71.7793,73.0048,71.7793,72.3921,66551.0,4818753.65
2011-06-03,71.8231,73.7051,71.6043,73.2674,114654.0,8390672.0
2011-06-06,73.924,74.0553,72.5672,73.0486,27609.0,2015331.95
2011-06-07,72.7422,74.2303,72.4359,73.8802,67254.0,4928242.95
2011-06-08,73.9677,76.4187,73.5301,73.8802,192540.0,14433684.4
2011-06-09,73.5301,74.4054,72.8735,73.0924,25783.0,1893550.35
2011-06-10,73.0924,73.6614,72.9611,73.1799,28910.0,2118276.25
2011-06-13,73.0924,75.9373,72.3483,75.2808,257959.0,19400289.55
2011-06-14,75.7184,76.5063,75.1495,75.4996,61654.0,4672193.15
2011-06-15,76.1124,76.1561,73.7927,74.1866,57586.0,4298506.45
2011-06-16,73.9677,74.3616,73.0048,73.8364,35355.0,2610384.55
2011-06-17,73.7489,75.1932,72.7422,73.924,311665.0,23026951.55
2011-06-20,75.1932,75.9811,72.217,73.2237,440603.0,32240088.75
2011-06-21,73.9677,75.1932,73.1361,73.6176,258477.0,19038089.05
2011-06-22,74.8431,75.0182,73.4863,74.2303,380496.0,28118183.9
2011-06-23,74.4054,74.7556,73.3112,74.0115,258537.0,19093897.35
2011-06-24,73.7051,74.7993,73.7051,74.3616,298471.0,22139667.05
2011-06-27,74.1866,74.8431,74.0553,74.4054,324392.0,24112947.95
2011-06-28,74.5367,75.6309,74.1866,74.7118,113018.0,8445990.05
2011-06-29,74.4929,75.4996,74.4929,75.2808,60771.0,4562909.75
2011-06-30,75.2808,76.0686,74.9306,75.7622,133897.0,10102009.2
2011-07-01,75.7622,76.375,75.2808,75.4996,44161.0,3344189.75
2011-07-04,76.1561,76.6376,74.668,75.3245,97374.0,7354074.0
2011-07-05,75.3683,75.3683,74.7118,74.9306,272719.0,20414527.5
2011-07-06,74.5805,75.3245,74.5805,75.1495,143869.0,10779285.9
2011-07-07,74.8431,75.3683,74.4054,74.8869,52513.0,3931622.65
2011-07-08,74.8431,75.4996,73.8802,75.237,69709.0,5243516.05
2011-07-11,74.8431,75.237,73.924,74.8869,46963.0,3512227.05
2011-07-12,74.099,75.3683,74.099,74.7118,89648.0,6684775.5
2011-07-13,74.2303,75.0619,74.1428,74.7556,23580.0,1762172.7
2011-07-14,75.0619,75.4121,74.3179,75.1932,84898.0,6358568.4
2011-07-15,74.668,75.4121,74.4054,75.2808,143311.0,10763915.4
2011-07-18,75.6309,75.6309,74.1866,74.2741,37615.0,2804485.85
2011-07-19,74.1428,75.1057,74.1428,74.8869,62392.0,4656615.5
2011-07-20,75.0182,78.3883,74.7556,75.2808,222753.0,17090904.25
2011-07-21,75.6309,76.1561,74.7556,75.0182,42246.0,3187949.25
2011-07-22,75.0182,76.0248,74.4492,75.4558,82491.0,6206022.8
2011-07-25,76.0751,76.5174,75.4558,76.0751,56643.0,4299858.65
2011-07-26,75.8539,76.0751,74.8366,75.6328,61871.0,4669199.25
2011-07-27,75.3674,76.252,75.1905,76.0751,152473.0,11584815.3
2011-07-28,75.2789,76.2962,75.0135,75.4116,79360.0,6002460.35
2011-07-29,77.9769,89.2555,77.0481,85.2748,5618382.0,471041252.75
2011-08-01,86.5575,89.1228,83.7268,84.6556,2466555.0,214378166.0
2011-08-02,83.9479,85.496,79.8788,81.9576,895278.0,73684894.9
2011-08-03,81.2057,83.4172,79.8788,81.8691,502920.0,41159610.1
2011-08-04,82.1345,82.6211,79.3038,80.3211,238626.0,19304565.0
2011-08-05,75.6328,78.1539,75.2789,77.3135,270309.0,20788801.9
2011-08-08,76.0751,76.5616,74.3501,75.0135,177210.0,13334004.15
2011-08-09,74.3059,79.3038,73.377,76.5174,846442.0,64562836.2
2011-08-10,79.0827,81.1615,77.8442,78.9058,610576.0,48473485.5
2011-08-11,78.2865,79.4365,75.8097,76.0308,209168.0,16229804.25
2011-08-12,77.6231,77.6231,75.1905,75.5885,130284.0,9906297.8
2011-08-16,76.0751,76.8712,73.4213,73.554,98626.0,7347144.2
2011-08-17,74.3059,74.3943,72.5367,72.9348,101998.0,7494571.05
2011-08-18,72.5367,75.5001,72.5367,72.8905,304351.0,22422310.5
2011-08-19,71.7405,74.129,69.6175,71.9175,320239.0,23043617.05
2011-08-22,71.6521,76.3847,70.7675,73.6867,137845.0,9931512.8
2011-08-23,74.3059,75.7655,70.4137,75.5443,282128.0,20857214.45
2011-08-24,75.1905,76.7827,74.3059,76.4731,114090.0,8665094.15
2011-08-25,76.4289,76.9597,75.7212,76.7385,79344.0,6065359.5
2011-08-26,76.0751,77.4019,75.0135,76.5174,134595.0,10264686.6
2011-08-29,76.9597,77.4019,75.5001,77.0923,56892.0,4377090.25
2011-08-30,77.3135,77.9769,76.65,77.7116,92025.0,7100764.2
2011-09-02,78.2865,78.5962,76.5174,77.8442,83985.0,6499371.05
2011-09-05,77.7558,77.9327,76.2962,77.5789,223370.0,17291106.8
2011-09-06,76.9597,78.5519,76.4289,78.2865,357745.0,27842435.55
2011-09-07,77.8442,79.525,77.8,78.7731,327757.0,25789287.8
2011-09-08,78.8173,80.0557,78.5519,78.8173,71551.0,5664377.1
2011-09-09,79.2596,79.9673,77.4904,78.5519,103738.0,8153958.7
2011-09-12,75.102,79.1269,74.7482,77.4904,70517.0,5476022.55
2011-09-13,78.5962,79.0827,77.8442,78.7288,108217.0,8510272.75
2011-09-14,78.7288,78.9942,77.4019,78.375,87190.0,6822292.9
2011-09-15,79.0384,79.0827,77.8885,78.1539,67252.0,5291883.4
2011-09-16,79.0384,81.1172,78.4635,79.1269,199484.0,15892515.2
2011-09-19,79.6134,79.6134,77.7558,78.95,31923.0,2510470.2
2011-09-20,79.6134,79.6134,76.7385,79.1269,91693.0,7182524.9
2011-09-21,78.7288,79.525,78.1981,79.0827,35881.0,2821901.4
2011-09-22,77.4019,78.5077,75.1905,75.8097,52397.0,4025203.8
2011-09-23,73.5982,76.2077,73.5982,74.7924,87204.0,6534030.4
2011-09-26,76.9597,82.5768,75.677,76.7385,1183362.0,93941078.55
2011-09-27,77.5789,79.3923,77.1366,78.3308,183473.0,14344838.35
2011-09-28,77.1366,79.4807,77.1366,79.0384,116196.0,9131218.55
2011-09-29,76.9154,78.9942,76.7827,78.4192,67268.0,5266927.1
2011-09-30,76.7385,80.2769,75.3674,78.3308,166593.0,13189051.5
2011-10-03,78.5962,78.5962,76.1635,77.3135,54488.0,4202606.65
2011-10-04,76.252,78.2423,74.3059,74.9693,148092.0,11239427.95
2011-10-05,76.0308,77.7558,75.1905,76.4731,181384.0,13847087.65
2011-10-07,77.225,78.1539,76.0751,76.5174,52374.0,4038665.3
2011-10-10,77.7558,78.5519,75.8981,77.225,44947.0,3460038.4
2011-10-11,77.2693,77.7558,76.2962,76.65,33013.0,2545251.7
2011-10-12,77.225,78.1096,76.6943,77.8885,68043.0,5270888.7
2011-10-13,78.1096,79.6134,77.225,78.4635,70173.0,5507046.3
2011-10-14,78.4192,78.6404,77.5789,78.1096,28002.0,2190046.4
2011-10-17,78.6404,78.6404,76.5616,76.7385,39407.0,3040345.8
2011-10-18,76.5616,77.8442,76.2077,77.4904,48994.0,3792986.0
2011-10-19,77.8442,79.525,77.8,79.2596,50548.0,3979175.3
2011-10-20,78.2865,80.2326,78.1096,79.7019,59829.0,4740743.0
2011-10-21,80.2769,82.0018,79.6134,79.8788,156212.0,12625894.75
2011-10-24,81.1172,82.1788,78.375,79.3481,55145.0,4413046.4
2011-10-25,78.8173,79.4365,78.1539,79.1711,41299.0,3250464.7
2011-10-26,79.6134,80.3211,78.1981,79.7019,33553.0,2670163.15
2011-10-28,80.9403,81.7365,79.7019,80.6307,236938.0,19138922.85
2011-10-31,81.8249,84.4787,81.6038,83.1076,769743.0,64156080.6
2011-11-01,85.8056,87.2652,83.9479,84.7883,903223.0,77259423.15
2011-11-02,84.0364,84.8325,81.1615,82.223,175284.0,14511577.25
2011-11-03,82.2672,83.7268,81.6038,82.0903,54215.0,4465175.95
2011-11-04,80.9403,83.3287,80.9403,81.2499,52035.0,4246363.7
2011-11-08,82.3557,82.3557,79.4365,80.1442,85278.0,6855797.35
2011-11-09,80.1442,82.7095,78.4635,79.0827,142183.0,11479734.8
2011-11-11,79.1711,79.923,76.65,78.0654,70890.0,5556593.7
2011-11-14,78.7288,79.4365,77.4904,77.8442,89008.0,6949625.9
2011-11-15,76.4289,78.1096,74.7924,75.8097,58255.0,4455942.75
2011-11-16,75.2789,76.5174,75.2347,75.8981,48501.0,3673737.05
2011-11-17,75.1905,76.1635,74.3943,75.677,71926.0,5439376.1
2011-11-18,74.7924,76.0308,74.3943,75.4558,72217.0,5430396.4
2011-11-21,75.5443,75.5443,74.3501,74.9251,63871.0,4789523.05
2011-11-22,74.9251,75.8539,74.3943,75.1905,45814.0,3433367.45
2011-11-23,74.8366,76.0308,74.3501,75.2789,86817.0,6512362.7
2011-11-24,74.4828,75.1905,71.7848,73.5982,155838.0,11383950.2
2011-11-25,74.2174,74.7039,72.979,73.1559,30226.0,2228545.25
2011-11-28,73.0674,74.7039,73.0674,74.2616,61363.0,4549589.15
2011-11-29,73.6424,75.0135,73.6424,74.3943,30361.0,2255488.95
2011-11-30,75.0135,75.102,73.4213,74.4386,68356.0,5076661.85
2011-12-01,74.9251,76.8712,74.9251,76.4289,104495.0,7936629.95
2011-12-02,75.5001,76.9597,74.3059,76.4289,92490.0,7049316.65
2011-12-05,76.8712,76.9597,74.7924,75.677,60667.0,4582903.0
2011-12-07,76.0751,77.3135,75.6328,76.7827,112913.0,8645804.0
2011-12-08,76.9597,77.1366,75.1905,76.827,136789.0,10468269.5
2011-12-09,75.1905,76.5174,74.7482,75.9424,180084.0,13576958.7
2011-12-12,75.3674,76.9154,74.4828,75.2347,148134.0,11150837.9
2011-12-13,74.3501,75.1905,73.2886,73.9078,154310.0,11351662.35
2011-12-14,75.102,75.3674,74.0405,74.9251,102920.0,7693021.2
2011-12-15,74.3059,74.7482,73.5982,74.3059,93003.0,6904179.0
2011-12-16,74.4386,75.102,73.2001,73.8636,58653.0,4338691.0
2011-12-19,73.377,73.8193,72.0944,73.0232,153234.0,11173823.0
2011-12-20,73.5982,74.527,71.7848,73.952,154497.0,11334873.7
2011-12-21,74.3059,74.7482,72.5367,72.8021,26230.0,1916185.45
2011-12-22,71.4752,73.5982,71.2983,73.2886,24242.0,1765359.45
2011-12-23,73.4213,74.7039,73.4213,74.3059,95598.0,7104359.2
2011-12-26,75.102,76.4289,73.0674,73.554,79888.0,5980261.55
2011-12-27,74.3059,74.7039,73.0232,74.3059,28809.0,2133095.15
2011-12-28,74.3059,74.8809,73.4213,74.4386,33594.0,2488511.65
2011-12-29,75.102,75.102,72.7136,73.2886,65291.0,4851302.2
2011-12-30,74.2616,74.527,73.2886,74.3059,144038.0,10685479.35
2012-01-02,75.102,75.102,72.979,74.7924,123707.0,9210534.7
2012-01-03,75.4558,76.0751,74.4386,75.5443,65444.0,4929387.9
2012-01-04,76.0308,76.5174,74.5712,76.0751,116574.0,8834907.75
2012-01-05,76.0751,76.9154,74.2616,76.5174,204388.0,15510577.35
2012-01-06,76.0751,76.6058,74.7482,76.1193,88826.0,6734053.65
2012-01-07,76.8712,76.8712,74.8366,75.2347,3069.0,231367.65
2012-01-09,74.6155,75.6328,74.6155,75.3232,68362.0,5126568.0
2012-01-10,75.1462,76.8712,75.1462,75.5443,135479.0,10250039.7
2012-01-11,76.3847,79.4365,75.677,76.0308,85643.0,6635760.5
2012-01-12,76.0751,77.4019,74.7482,75.0578,59201.0,4484327.7
2012-01-13,75.8981,77.6231,75.102,75.6328,295782.0,22411133.6
2012-01-16,76.5174,77.8442,75.4558,76.65,150965.0,11543467.1
2012-01-17,76.9597,77.4904,76.1193,77.1366,205379.0,15736350.05
2012-01-18,77.7558,78.1539,75.7655,76.1193,74509.0,5707176.2
2012-01-19,76.3404,76.7385,75.3232,76.0751,43980.0,3351590.15
2012-01-20,76.0751,76.6943,75.5001,75.677,24979.0,1898990.8
2012-01-23,76.5174,76.5174,74.8809,75.1905,50576.0,3814390.8
2012-01-24,75.9866,75.9866,74.8366,75.102,37838.0,2845971.7
2012-01-25,75.1905,77.1808,75.1905,76.827,101284.0,7747196.45
2012-01-27,79.9673,84.3902,77.8442,79.525,747950.0,60442478.05
2012-01-30,79.9673,80.8519,76.3847,77.0481,133794.0,10542289.6
2012-01-31,79.4365,79.4365,77.0039,78.4192,82072.0,6425333.35
2012-02-01,78.7288,79.4365,77.0923,78.7731,63763.0,4988005.75
2012-02-02,79.6134,80.5865,78.8173,79.525,130988.0,10431377.4
2012-02-03,81.3826,82.8422,79.7019,80.1442,372216.0,30073398.35
2012-02-06,80.4538,82.2672,79.2154,79.6577,266076.0,21475964.25
2012-02-07,80.4538,80.7634,77.9769,78.5962,86800.0,6841895.7
2012-02-08,79.5692,79.6577,77.4019,78.8173,105239.0,8255213.65
2012-02-09,77.4019,80.498,77.4019,79.6134,143356.0,11387149.5
2012-02-10,79.6134,80.0115,77.8885,79.2596,97991.0,7748206.35
2012-02-13,79.3923,79.6134,77.9327,78.7288,60276.0,4735889.15
2012-02-14,78.0654,78.7288,77.6673,78.0654,113708.0,8891610.5
2012-02-15,78.6846,80.4096,78.2423,78.6846,276840.0,21897107.35
2012-02-16,77.8885,79.1711,77.4019,77.8442,216697.0,16917750.55
2012-02-17,78.6846,79.0827,77.5789,78.0212,236313.0,18547399.25
2012-02-21,77.8885,79.3481,76.1635,76.9154,177580.0,13722702.9
2012-02-22,76.9597,76.9597,73.2444,73.8636,393193.0,29531758.15
2012-02-23,73.8636,74.527,72.6251,73.4213,158859.0,11647114.25
2012-02-24,73.8636,75.3232,73.4213,73.8636,89621.0,6643952.5
2012-02-27,74.129,75.102,73.0232,73.7751,84891.0,6258566.7
2012-02-28,74.2174,74.7482,73.6424,74.2616,32470.0,2405959.8
2012-02-29,75.0135,76.3404,73.9963,75.102,188124.0,14155436.65
2012-03-01,74.4386,78.4635,74.4386,77.8,211398.0,16205306.05
2012-03-02,78.7288,81.3826,76.2077,79.4807,1443693.0,114590774.15
2012-03-03,81.4711,91.2901,80.1884,87.1325,6448093.0,566846870.7
2012-03-05,87.4863,87.7959,81.073,81.7365,2209914.0,185258925.65
2012-03-06,81.7365,83.8595,79.7461,80.1442,1502100.0,122999790.7
2012-03-07,79.8346,81.648,78.0212,78.5962,455149.0,36240894.85
2012-03-09,80.8961,80.8961,77.0923,77.7558,315145.0,24744528.45
2012-03-12,77.8442,79.3038,76.252,76.5616,200359.0,15419642.65
2012-03-13,77.4904,79.3923,76.8712,78.5519,336171.0,26331128.9
2012-03-14,78.8173,78.9058,76.7827,77.6231,168457.0,13109910.2
2012-03-15,77.4019,77.6231,76.3404,76.6058,160999.0,12373181.35
2012-03-16,76.65,78.6404,74.9693,75.2789,236565.0,18064756.8
2012-03-19,75.6328,75.9424,74.6597,75.3674,107853.0,8118793.85
2012-03-20,74.8366,75.9424,74.7924,75.1462,134138.0,10115234.85
2012-03-21,75.1905,76.9597,74.5712,76.4731,81940.0,6233627.3
2012-03-22,76.4731,76.4731,74.7924,75.0135,56514.0,4264291.0
2012-03-23,74.6155,75.9866,74.5712,75.102,151498.0,11377758.3
2012-03-26,77.1808,80.1884,75.8539,76.252,1196407.0,93938280.45
2012-03-27,76.9597,77.4019,74.7482,75.3674,199013.0,15013325.7
2012-03-28,76.5174,76.5174,74.129,74.527,182612.0,13708581.75
2012-03-29,75.1905,75.5885,73.9963,74.7039,110239.0,8218598.9
2012-03-30,74.3501,75.9866,74.3501,75.677,73815.0,5568735.8
2012-04-02,75.6328,76.4731,75.4116,76.0751,50103.0,3800836.75
2012-04-03,76.2077,77.9769,75.3674,76.827,166315.0,12791207.05
2012-04-04,76.2077,76.6943,75.2789,76.1193,60139.0,4571008.05
2012-04-09,75.9424,76.4731,75.3232,75.7212,39934.0,3022542.5
2012-04-10,75.5001,78.7288,74.9693,75.1905,52612.0,3983908.25
2012-04-11,75.0135,75.677,74.3501,74.527,50653.0,3792709.05
2012-04-12,74.7924,76.252,74.7482,75.1905,62712.0,4731440.1
2012-04-13,75.2789,76.252,74.7924,75.0135,65613.0,4946271.8
2012-04-16,74.8809,75.6328,74.7482,75.1905,35884.0,2693202.75
2012-04-17,74.9251,75.3674,74.7924,75.1905,24437.0,1834882.35
2012-04-18,76.6058,76.6058,74.8366,75.0578,32020.0,2413979.6
2012-04-19,75.2789,75.4558,74.3059,74.5712,36218.0,2710573.05
2012-04-20,74.5712,75.6328,74.3943,74.7039,66456.0,4978117.0
2012-04-23,74.527,75.8981,73.952,74.1732,83800.0,6244603.45
2012-04-24,74.3059,74.8366,73.8636,74.5712,51890.0,3866634.15
2012-04-25,74.3943,75.102,74.0847,74.3943,48473.0,3605648.7
2012-04-26,74.3059,74.6597,73.7751,74.0847,34212.0,2533925.0
2012-04-27,74.527,74.527,73.4213,73.554,44234.0,3261984.25
2012-04-28,73.9078,73.9078,73.4213,73.4655,7810.0,574105.35
2012-04-30,73.4655,74.6597,73.4213,74.0405,45978.0,3400408.15
2012-05-02,73.8636,74.527,73.5097,73.952,17596.0,1302024.0
2012-05-03,73.9078,73.952,73.4655,73.7751,19998.0,1475314.7
2012-05-04,73.4655,73.7309,72.0944,72.8463,67157.0,4891724.75
2012-05-07,72.5367,72.979,71.4752,72.5809,110034.0,7900108.9
2012-05-08,72.9348,73.2444,71.6521,71.7848,39406.0,2850519.65
2012-05-09,71.6521,72.0944,70.7675,70.9002,72146.0,5138873.25
2012-05-10,70.8117,72.2271,70.3694,70.6348,94119.0,6683456.6
2012-05-11,70.1925,70.856,68.9983,70.3694,67960.0,4771183.3
2012-05-14,69.8829,70.9886,66.3445,68.3349,62608.0,4328341.75
2012-05-15,68.2464,70.856,67.2734,69.8829,44479.0,3109692.9
2012-05-16,69.0425,70.5021,68.6002,69.5733,49532.0,3463096.4
2012-05-17,69.8387,70.5463,69.5291,69.8387,38757.0,2709578.15
2012-05-18,68.1579,69.8387,67.008,69.5291,35369.0,2451798.65
2012-05-21,69.8387,70.7675,69.5291,69.8829,21396.0,1501288.95
2012-05-22,69.9714,70.4579,68.9983,69.131,12674.0,882283.6
2012-05-23,68.9983,69.8829,67.6714,68.0253,44527.0,3037659.25
2012-05-24,67.6714,68.9098,67.0522,67.9368,32563.0,2202185.1
2012-05-25,67.3618,69.4406,67.3618,69.2195,32717.0,2251046.4
2012-05-28,68.556,69.3079,67.6714,68.2022,76366.0,5224636.1
2012-05-29,69.1752,71.3867,67.8926,68.556,218274.0,15148664.95
2012-05-30,68.8214,69.3521,68.1137,68.2906,34378.0,2359078.5
2012-05-31,68.0253,68.9983,67.3618,68.4233,48021.0,3261629.85
2012-06-01,68.1579,68.4233,67.583,68.2022,44232.0,3013453.6
2012-06-04,67.2734,68.9098,66.9637,67.3618,37458.0,2530991.15
2012-06-05,67.406,69.5291,66.8753,69.0425,38264.0,2625532.5
2012-06-06,69.0425,69.4406,68.6002,69.0868,20664.0,1426980.15
2012-06-07,69.4406,70.7233,69.1752,69.8829,39156.0,2743178.8
2012-06-08,69.0425,70.1925,68.4676,69.5291,24621.0,1703092.5
2012-06-11,69.8829,70.7675,69.131,69.7944,21453.0,1496712.5
2012-06-12,69.6618,70.1925,68.8214,69.9271,28186.0,1961529.85
2012-06-13,70.7675,70.7675,68.3791,68.6445,64515.0,4450580.5
2012-06-14,68.556,68.9098,67.6714,67.7599,37443.0,2557404.4
2012-06-15,67.981,68.556,67.4503,67.6272,52847.0,3582259.15
2012-06-18,68.0253,68.7772,68.0253,68.5118,40051.0,2738758.05
2012-06-19,67.8041,68.556,67.6714,67.8041,45619.0,3104688.4
2012-06-20,67.3618,70.2367,67.3618,68.6887,65612.0,4519055.05
2012-06-21,68.9098,69.7944,67.8483,69.6175,39787.0,2738662.25
2012-06-22,69.2195,69.4406,68.3791,69.2637,26854.0,1856957.45
2012-06-25,69.4406,70.3694,68.6445,68.9541,49310.0,3419934.75
2012-06-26,68.9983,69.5291,68.6887,69.1752,28290.0,1951664.2
2012-06-27,68.556,69.3521,68.556,69.0425,15094.0,1041635.6
2012-06-28,69.0425,69.8829,69.0425,69.5733,17960.0,1248384.55
2012-06-29,69.4406,71.2098,69.3964,70.9444,56068.0,3966437.3
2012-07-02,70.7233,72.4482,68.9983,71.0329,49153.0,3476497.2
2012-07-03,71.6079,71.6079,69.8829,71.2098,20882.0,1478593.2
2012-07-04,71.254,71.8732,70.4579,70.8117,35744.0,2540133.05
2012-07-05,70.5021,74.6155,70.4137,72.7578,102142.0,7458549.3
2012-07-06,72.5367,72.8905,71.6521,71.8732,30504.0,2199204.8
2012-07-09,72.1828,72.1828,70.9444,71.0771,17125.0,1222935.7
2012-07-10,71.4752,75.1905,71.1213,74.7482,150366.0,11138204.1
2012-07-11,76.1635,80.0115,75.4558,76.1635,1903138.0,148892726.0
2012-07-12,75.6328,75.6328,73.8636,74.2174,121524.0,9034607.15
2012-07-13,74.2616,75.3674,73.4213,73.5982,79930.0,5933371.2
2012-07-16,73.4655,74.0405,71.6521,71.8732,60222.0,4368676.25
2012-07-17,72.5367,73.1559,70.856,71.1213,51722.0,3720009.1
2012-07-18,70.856,71.4309,70.0156,71.2098,73236.0,5185359.85
2012-07-19,72.5367,72.5367,70.5906,70.8117,60801.0,4325958.15
2012-07-20,70.8117,71.6521,70.2367,70.5463,47388.0,3357771.0
2012-07-23,70.5463,71.4752,70.0156,70.5021,44071.0,3119959.7
2012-07-24,71.6682,71.6682,70.7712,70.9955,26608.0,1891071.85
2012-07-25,70.4573,71.6682,70.4124,70.9955,42427.0,3004427.15
2012-07-26,70.9058,70.9058,69.2464,70.0088,74103.0,5194176.95
2012-07-27,70.8161,71.2197,68.753,69.0221,52182.0,3646987.55
2012-07-30,70.3676,70.3676,69.067,69.6948,19394.0,1351540.45
2012-07-31,69.4257,71.2197,69.4257,70.5918,50978.0,3579271.8
2012-08-01,71.13,71.13,69.9639,70.7712,19471.0,1376242.3
2012-08-02,71.4439,71.4439,70.5021,70.9506,18708.0,1328349.75
2012-08-03,70.8609,71.6682,69.3809,71.4888,29157.0,2069516.75
2012-08-06,71.6682,74.2694,70.9506,72.1615,112443.0,8172021.0
2012-08-07,71.3094,74.7179,70.1433,73.9555,244859.0,17812594.2
2012-08-08,75.1215,76.2427,73.0136,73.4173,195080.0,14572915.85
2012-08-09,73.4173,73.4173,71.3094,71.5336,72170.0,5213304.2
2012-08-10,71.7579,73.2379,71.1748,71.6233,115709.0,8355858.5
2012-08-13,71.8924,72.5652,70.8609,71.2645,37906.0,2706335.0
2012-08-14,71.13,72.2512,70.8609,71.2197,50557.0,3610797.15
2012-08-16,71.2197,71.7579,70.9058,71.0852,38504.0,2742169.15
2012-08-17,70.9506,71.6233,70.4124,70.8609,41444.0,2946920.45
2012-08-21,71.2197,71.6233,70.6367,70.9506,53313.0,3788044.55
2012-08-22,70.8609,71.6233,70.4124,70.8161,53223.0,3773039.55
2012-08-23,71.2197,74.2246,70.9058,71.3991,123095.0,8954682.5
2012-08-24,71.2197,72.2961,70.9506,71.3991,55271.0,3967399.3
2012-08-27,71.7579,71.7579,70.7264,70.9058,36354.0,2582659.3
2012-08-28,71.5336,71.5336,69.9639,70.3227,37294.0,2629128.95
2012-08-29,69.9639,70.9506,69.2912,69.7845,47159.0,3307963.85
2012-08-30,69.9639,70.233,69.2912,69.6051,43056.0,2999050.05
2012-08-31,69.9639,70.0536,68.8876,69.0221,62650.0,4337445.05
2012-09-03,69.1567,70.3227,69.1567,69.6948,32020.0,2232012.7
2012-09-04,69.8742,69.9639,69.2464,69.7845,21812.0,1518489.35
2012-09-05,70.6815,70.8609,67.9009,68.17,162847.0,11142817.7
2012-09-06,68.17,68.9324,67.7663,68.2148,47753.0,3269152.7
2012-09-07,68.17,69.5154,67.8112,68.0803,90779.0,6205913.7
2012-09-08,68.9324,69.067,68.17,68.5736,11668.0,800160.2
2012-09-10,68.753,73.1033,68.17,71.3094,496989.0,35193765.25
2012-09-11,73.1033,74.673,70.4124,71.13,533694.0,38425753.5
2012-09-12,71.1748,71.1748,69.9639,70.5021,87813.0,6188995.05
2012-09-13,70.547,73.1033,70.3227,70.9506,134136.0,9610797.45
2012-09-14,72.2961,72.5652,70.4124,70.7264,106236.0,7522517.55
2012-09-17,71.3991,71.5785,69.8742,70.3676,151028.0,10658912.6
2012-09-18,69.1567,71.9373,67.1833,70.8161,87065.0,6194976.0
2012-09-20,70.6367,72.7446,68.7979,69.2464,292384.0,20673160.4
2012-09-21,69.5603,70.3227,68.3942,69.1118,236978.0,16403893.2
2012-09-24,70.6815,70.7712,69.067,69.2912,191437.0,13326327.0
2012-09-25,69.1567,69.9191,69.1567,69.7397,51136.0,3558999.15
2012-09-26,70.5918,70.7712,69.5603,70.0088,213306.0,14971821.3
2012-09-27,69.7845,71.2197,68.2597,69.9191,131605.0,9262231.2
2012-09-28,70.4124,72.4306,70.1433,71.8476,269068.0,19167798.8
2012-10-01,72.1167,74.5833,71.3542,71.6682,348475.0,25241577.6
2012-10-03,72.5652,72.5652,70.6367,71.0852,111511.0,7967453.9
2012-10-04,71.13,74.0003,70.6815,72.2512,467853.0,33904457.3
2012-10-05,72.6549,73.0585,70.5021,71.0852,161945.0,11533809.25
2012-10-08,70.1882,71.9373,70.1882,70.5021,78374.0,5565980.85
2012-10-09,70.8609,71.8476,70.3227,70.4573,96014.0,6795673.6
2012-10-10,70.1433,70.7264,69.5154,69.7397,59374.0,4152337.15
2012-10-11,69.1118,70.3227,68.6185,69.4257,122441.0,8520353.9
2012-10-12,69.1567,70.7712,69.1567,69.7845,106054.0,7439848.2
2012-10-15,69.2015,70.0088,69.067,69.3361,90316.0,6272471.9
2012-10-16,69.8742,71.4888,69.2464,69.8742,205401.0,14451005.3
2012-10-17,69.6051,70.7712,69.5154,69.7397,71332.0,4994778.95
2012-10-18,69.6051,71.9373,69.2912,69.9191,236854.0,16710940.05
2012-10-19,70.2779,70.547,69.3361,69.6948,68752.0,4797896.3
2012-10-22,69.6948,70.0536,69.067,69.3809,47107.0,3272081.85
2012-10-23,69.2015,69.9639,69.067,69.1567,51169.0,3549032.15
2012-10-25,69.8294,69.8294,68.6633,68.8427,53551.0,3700791.45
2012-10-26,69.2912,69.7845,68.2597,68.4839,90602.0,6247671.55
2012-10-29,69.7845,69.7845,68.17,68.3942,80325.0,5518835.05
2012-10-30,68.3045,68.753,67.7215,67.9906,68048.0,4629534.25
2012-10-31,67.7663,68.1251,67.4973,67.856,97624.0,6626400.75
2012-11-01,67.9009,68.7979,67.4524,67.6767,84785.0,5759461.5
2012-11-02,67.273,68.9773,66.8245,67.1833,261566.0,17638259.2
2012-11-05,67.7215,68.17,65.6585,65.8379,237781.0,15809196.6
2012-11-06,66.1069,66.4657,64.4924,65.2548,137307.0,8977313.95
2012-11-07,65.5239,66.0621,64.7166,65.5239,135321.0,8846127.3
2012-11-08,65.4791,66.1069,64.8512,65.3894,56730.0,3708662.4
2012-11-09,64.7615,65.9276,64.4924,64.5821,86351.0,5612239.25
2012-11-12,64.6269,65.1651,62.9227,63.0572,138822.0,8837233.6
2012-11-13,63.5954,64.2233,63.0572,63.9991,29100.0,1857839.6
2012-11-15,64.4924,64.4924,63.0572,63.2815,85054.0,5390038.9
2012-11-16,63.2815,64.1336,62.7881,62.9227,135542.0,8594950.3
2012-11-19,63.4609,63.6851,62.833,63.0124,56832.0,3587835.3
2012-11-20,63.6403,63.6403,62.6088,62.6088,97770.0,6160157.25
2012-11-21,63.5057,63.5057,62.6088,63.0124,52436.0,3299752.2
2012-11-22,63.5506,63.8197,62.5191,62.6536,60431.0,3808898.75
2012-11-23,62.7881,64.0439,62.5639,63.73,62476.0,3969575.0
2012-11-26,63.9542,64.8512,62.6984,64.2233,79665.0,5088524.25
2012-11-27,63.8197,64.8512,63.5506,64.4924,113006.0,7231684.95
2012-11-29,64.1336,65.1651,63.9542,64.2682,90020.0,5812990.9
2012-11-30,64.5821,65.4791,64.4924,64.6718,84331.0,5478631.05
2012-12-03,65.0306,66.3312,64.2233,65.6585,88403.0,5792013.65
2012-12-04,66.0621,66.8245,65.4791,65.7033,111166.0,7349763.7
2012-12-05,65.6136,66.2863,65.1651,65.6585,60266.0,3968668.4
2012-12-06,65.6585,66.5106,65.6585,66.1069,68079.0,4501367.8
2012-12-07,65.9724,66.7797,65.0754,65.3894,79677.0,5253576.0
2012-12-10,65.3894,66.1518,64.7615,65.2548,56605.0,3700451.1
2012-12-11,65.3894,66.1069,63.9094,64.5372,66762.0,4347000.15
2012-12-12,64.5821,65.4791,64.1785,64.3578,59066.0,3819800.3
2012-12-13,64.6269,64.7615,63.6851,63.8645,49515.0,3176805.4
2012-12-14,63.5057,64.0888,55.7918,63.73,46695.0,2969559.7
2012-12-17,64.5821,64.5821,63.0124,63.1918,63481.0,4021460.6
2012-12-18,63.5057,63.9991,62.2948,62.7881,133191.0,8414152.45
2012-12-19,62.8778,63.6403,62.5191,62.7881,179264.0,11257508.85
2012-12-20,62.8778,64.0439,62.8778,63.1918,90257.0,5718353.6
2012-12-21,63.3263,64.4924,62.1603,62.2948,176044.0,11075544.7
2012-12-24,63.4609,63.4609,62.4294,62.6984,25522.0,1603235.85
2012-12-26,62.7881,63.0572,62.0706,62.2051,42598.0,2664700.5
2012-12-27,62.1603,63.3263,61.9809,62.5191,63917.0,4005958.55
2012-12-28,62.8778,63.5954,62.5191,62.7433,34672.0,2176874.3
2012-12-31,62.7881,62.7881,62.2051,62.5191,32504.0,2032010.9
2013-01-01,62.7881,63.5057,62.4294,63.0572,37945.0,2387437.85
2013-01-02,63.416,63.5057,60.8597,62.25,204455.0,12748199.45
2013-01-03,62.3397,64.5372,61.936,63.8645,204968.0,13033969.35
2013-01-04,64.4027,66.5554,63.6851,65.6585,526967.0,34601408.75
2013-01-07,66.0621,66.4209,64.6269,65.1651,263519.0,17221728.45
2013-01-08,65.2548,66.0621,64.0439,64.4475,124056.0,8038684.55
2013-01-09,64.6269,65.21,63.9991,64.0888,94550.0,6095799.4
2013-01-10,64.313,64.4475,62.833,63.2366,102109.0,6479039.7
2013-01-11,63.2366,63.5506,62.3845,62.6088,86997.0,5460728.9
2013-01-14,63.4609,63.4609,62.3845,63.0124,62653.0,3933934.25
2013-01-15,63.0124,63.6851,62.6984,63.4609,81754.0,5177481.85
2013-01-16,63.2366,64.3578,62.7881,62.7881,62369.0,3946728.6
2013-01-17,62.8778,67.1833,62.7881,65.793,1094651.0,72221758.9
2013-01-18,65.9724,65.9724,64.5821,65.2997,131446.0,8547434.3
2013-01-21,65.7033,67.1385,64.6718,65.7033,311146.0,20605442.7
2013-01-22,66.376,66.8245,64.5821,64.6718,119936.0,7823126.9
2013-01-23,64.4475,65.3894,63.6851,64.2233,70634.0,4540293.8
2013-01-24,64.2682,64.2682,62.9227,63.0124,67585.0,4272472.7
2013-01-25,62.8778,64.3578,62.5191,64.1336,111108.0,7027183.5
2013-01-28,63.7748,64.4924,63.5954,64.1785,30309.0,1942973.35
2013-01-29,63.8645,64.313,63.1469,63.5954,39933.0,2548418.6
2013-01-30,64.5372,64.5372,63.0572,63.1918,33995.0,2157392.7
2013-01-31,63.2366,63.2366,61.7118,62.3845,114651.0,7151181.75
2013-02-01,62.7433,63.7748,62.3397,62.4742,46361.0,2919758.55
2013-02-04,62.4742,63.1469,61.8912,62.833,96274.0,6027786.9
2013-02-05,62.2051,63.6851,62.0706,62.1603,48492.0,3035594.1
2013-02-06,62.2948,63.6851,61.8912,62.2051,102529.0,6447915.4
2013-02-07,62.1154,62.5191,60.9942,61.039,113740.0,6983119.8
2013-02-08,61.039,61.3978,60.5457,60.6803,23578.0,1434688.45
2013-02-11,60.7251,61.2633,60.2766,60.6354,46708.0,2830149.95
2013-02-12,60.456,63.8645,60.2766,63.3263,159612.0,9949792.55
2013-02-13,63.7748,64.5821,61.7566,62.2051,474031.0,29985147.35
2013-02-14,62.3397,62.3397,60.0972,60.1869,70159.0,4272419.5
2013-02-15,60.1421,60.9942,58.7966,58.976,114894.0,6855288.4
2013-02-18,59.4245,60.0075,58.8415,59.2003,58413.0,3476455.2
2013-02-19,59.3348,60.8597,59.2899,60.0972,51472.0,3077110.2
2013-02-20,60.3215,60.7251,59.4245,60.3663,36525.0,2201019.7
2013-02-21,60.0972,60.3663,59.2899,59.559,23735.0,1417552.15
2013-02-22,59.3348,59.7384,58.7069,59.4693,53850.0,3190763.05
2013-02-25,60.0524,60.9942,58.976,59.3348,74834.0,4443092.3
2013-02-26,58.976,59.3796,58.1239,58.6172,110371.0,6448612.9
2013-02-27,58.393,59.6487,57.8548,58.5724,59364.0,3468594.85
2013-02-28,59.3796,59.3796,56.6887,57.1821,67810.0,3917826.2
2013-03-01,57.0027,57.2269,55.8814,56.1057,53420.0,3017053.5
2013-03-04,56.1057,56.5093,53.8184,54.6705,91472.0,5047155.15
2013-03-05,54.7602,56.5093,54.7602,56.1505,43000.0,2391519.3
2013-03-06,56.3748,57.4063,56.3299,56.6887,19385.0,1102150.4
2013-03-07,57.3166,57.9445,56.5093,57.8099,37177.0,2129356.45
2013-03-08,57.4063,58.079,57.0475,57.3615,24487.0,1407469.85
2013-03-11,57.3615,57.4063,56.3748,56.7336,40375.0,2290643.05
2013-03-12,56.599,57.0027,55.7469,56.0608,55115.0,3106303.0
2013-03-13,55.7021,56.7784,55.3433,55.7021,50142.0,2810182.2
2013-03-14,55.7021,56.2402,54.7154,55.9711,30510.0,1700675.45
2013-03-15,55.9711,56.0608,55.0742,55.2536,21124.0,1175747.9
2013-03-18,55.2087,55.3881,54.2669,54.4911,40942.0,2234757.15
2013-03-19,54.3566,54.4463,53.1905,53.5493,52359.0,2822365.2
2013-03-20,53.1457,53.639,52.0693,52.2936,89984.0,4754570.85
2013-03-21,52.9214,52.9214,51.2172,52.2487,64107.0,3345755.9
2013-03-22,52.0245,52.159,50.4548,50.7239,80366.0,4102202.8
2013-03-25,50.7239,51.1275,49.8269,50.0511,115076.0,5815783.0
2013-03-26,50.0063,51.0826,49.0196,49.6923,57780.0,2873850.8
2013-03-28,49.3784,50.2305,49.3335,49.4681,128573.0,6376758.6
2013-04-01,50.1857,50.5893,49.5129,50.2305,55113.0,2759400.75
2013-04-02,49.4232,52.2487,49.4232,51.9796,41171.0,2110665.05
2013-04-03,51.9796,54.1324,51.1275,51.7554,82206.0,4338644.45
2013-04-04,51.7554,51.7554,50.0511,50.1857,61412.0,3100718.65
2013-04-05,50.8135,51.0826,49.3335,49.9166,61604.0,3085584.7
2013-04-08,51.1275,51.1275,49.8717,50.2754,18449.0,930423.15
2013-04-09,50.8135,50.8135,49.6026,49.8269,27575.0,1383031.0
2013-04-10,49.9166,50.4548,49.3335,49.7372,70262.0,3494041.15
2013-04-11,49.1541,50.6342,49.1541,49.9614,37051.0,1845305.25
2013-04-12,50.096,50.4548,49.0645,49.782,36707.0,1824027.2
2013-04-15,50.0511,50.9481,49.4681,50.2305,24252.0,1215646.05
2013-04-16,50.7239,50.8135,49.8717,50.1408,20459.0,1026385.8
2013-04-17,50.1408,51.0378,49.782,50.1408,31745.0,1601718.05
2013-04-18,50.2305,50.4548,49.6475,50.1857,32048.0,1603151.5
2013-04-22,49.3335,52.2487,49.3335,51.8002,120507.0,6164541.2
2013-04-23,52.9214,53.1457,51.7105,52.7869,46747.0,2458028.0
2013-04-25,53.6839,53.8184,52.473,53.5942,63615.0,3392758.35
2013-04-26,53.639,54.6257,53.1905,53.8184,105335.0,5672527.6
2013-04-29,53.8184,54.3566,52.9214,53.953,36009.0,1931932.25
2013-04-30,53.953,55.4778,53.9081,54.9396,82966.0,4523391.4
2013-05-02,55.119,55.119,53.5942,54.3117,37294.0,2021511.3
2013-05-03,52.9214,54.6257,52.9214,53.8184,20350.0,1096034.2
2013-05-06,54.2669,54.3566,53.1457,53.8633,36416.0,1957165.1
2013-05-07,53.5045,54.8051,53.3699,53.8184,68420.0,3679862.15
2013-05-08,53.8184,58.3033,53.4148,57.8996,314637.0,17826852.05
2013-05-09,58.6621,58.9312,55.7021,56.5093,588947.0,33491310.95
2013-05-10,56.2851,57.1821,55.7021,56.016,76475.0,4297256.75
2013-05-11,56.5093,57.8548,56.5093,56.7784,12906.0,737136.05
2013-05-13,56.5093,56.6439,55.2087,55.3433,43972.0,2452074.0
2013-05-14,55.3433,55.5227,54.2669,54.6705,31972.0,1752451.35
2013-05-15,54.7602,55.6124,54.3566,54.5808,46496.0,2556914.6
2013-05-16,54.536,55.0742,53.9081,54.0875,38667.0,2101908.6
2013-05-17,56.2851,56.2851,53.9081,54.0427,38392.0,2087132.25
2013-05-20,54.536,54.8948,53.8184,54.222,58447.0,3176195.4
2013-05-21,55.433,55.433,53.9978,54.222,48802.0,2650552.4
2013-05-22,53.8184,54.6257,53.5045,53.8184,74253.0,4001090.2
2013-05-23,53.1008,53.8184,52.159,52.742,55657.0,2940135.5
2013-05-24,52.4281,52.9214,52.159,52.3833,26074.0,1367911.35
2013-05-27,52.0245,52.6972,52.0245,52.2936,24237.0,1269663.2
2013-05-28,52.1142,52.6972,51.9796,52.2487,40380.0,2107223.95
2013-05-29,52.2936,52.742,52.0245,52.2487,41856.0,2190223.1
2013-05-30,52.0245,53.8184,52.0245,52.0693,26636.0,1397591.3
2013-05-31,52.0245,52.742,50.2305,50.6342,76362.0,3919996.4
2013-06-03,50.9032,51.0826,49.4232,50.3202,33509.0,1688495.1
2013-06-04,49.9614,51.3517,49.6026,50.5445,53269.0,2698138.25
2013-06-05,50.4099,50.9929,50.3651,50.7687,17584.0,891460.0
2013-06-06,50.5893,51.4414,50.3651,50.679,98255.0,4983251.55
2013-06-07,50.5893,50.9929,50.2305,50.4099,94701.0,4794061.4
2013-06-10,50.2305,50.9929,48.7954,49.2887,48567.0,2422302.9
2013-06-11,48.5263,49.1541,47.3602,47.6741,79820.0,3828489.2
2013-06-12,47.5396,48.4366,47.4499,47.6293,48794.0,2341449.1
2013-06-13,47.5396,48.3469,47.136,47.5396,17998.0,859325.15
2013-06-14,47.5396,48.0778,47.3154,47.8984,25165.0,1201188.9
2013-06-17,47.5396,48.1226,47.2705,47.9432,31670.0,1510124.2
2013-06-18,47.5844,48.2572,47.5844,47.9881,27276.0,1308555.05
2013-06-19,47.8087,49.2438,47.7638,49.0196,37233.0,1813124.55
2013-06-20,48.4366,48.4366,47.2705,47.719,50679.0,2423779.75
2013-06-21,47.5396,48.302,46.7772,47.0014,73858.0,3483088.35
2013-06-24,46.6875,48.3917,45.8802,46.1941,37321.0,1729053.2
2013-06-25,45.7905,46.3735,45.7456,45.8353,20139.0,926812.8
2013-06-26,45.7456,47.9432,44.8935,46.9117,57629.0,2682591.6
2013-06-27,46.6426,48.4366,45.5214,46.0147,57088.0,2639306.9
2013-06-28,45.9699,47.8535,45.9699,46.4632,40336.0,1890213.75
2013-07-01,46.6426,48.302,46.1941,47.4499,107333.0,5116028.2
2013-07-02,46.7323,47.9881,46.7323,47.2257,46134.0,2179967.6
2013-07-03,46.6426,47.4947,46.6426,47.2705,26961.0,1268692.2
2013-07-04,46.6426,47.5396,46.6426,47.2257,21965.0,1036966.45
2013-07-05,46.7772,47.4947,46.4184,47.0911,47005.0,2207428.0
2013-07-08,46.6875,47.1808,46.6426,47.0014,27800.0,1302351.65
2013-07-09,46.9117,47.5396,46.7323,47.4947,22660.0,1073778.35
2013-07-10,47.4947,47.8984,47.136,47.405,42630.0,2027835.25
2013-07-11,46.8669,47.7638,46.8669,47.3154,38586.0,1826407.85
2013-07-12,47.5396,47.6741,47.0014,47.4947,33164.0,1569250.8
2013-07-15,47.6741,47.9881,46.7323,47.4499,51662.0,2444409.95
2013-07-16,47.6293,48.8851,47.0014,47.5844,73077.0,3511512.6
2013-07-17,47.6741,48.1675,46.9117,47.1808,24041.0,1138547.85
2013-07-18,47.3602,47.3602,46.822,47.136,27538.0,1294999.9
2013-07-19,47.1808,47.8535,47.0014,47.2257,29889.0,1417763.5
2013-07-22,47.1808,47.4499,46.7772,47.0911,34679.0,1631737.0
2013-07-23,47.9581,48.0037,47.2736,47.6843,47374.0,2257983.85
2013-07-24,47.4562,47.4562,46.7717,46.9998,38009.0,1792853.8
2013-07-25,47.4105,47.4105,46.0872,46.1329,29212.0,1354894.25
2013-07-26,47.4562,47.4562,46.1785,46.4979,27367.0,1272884.1
2013-07-29,45.6309,46.4979,44.7183,44.9008,85042.0,3859823.7
2013-07-30,45.0833,45.0833,42.2086,42.6649,115528.0,4994817.85
2013-07-31,42.5736,43.7601,40.3834,42.8018,207396.0,8673318.25
2013-08-01,42.163,43.5319,41.9804,42.3455,43055.0,1832205.15
2013-08-02,42.0261,42.8931,40.7028,40.9766,107032.0,4453825.95
2013-08-05,41.0678,41.8892,40.2008,41.1135,41233.0,1690550.95
2013-08-06,41.1591,41.9348,40.1552,40.3377,67750.0,2754856.25
2013-08-07,40.2008,42.6193,39.6989,42.2999,84277.0,3445810.8
2013-08-08,42.3455,47.4562,42.2086,46.1329,811879.0,37574565.1
2013-08-12,45.7678,46.361,43.8057,44.1251,100705.0,4494604.7
2013-08-13,43.8057,44.7183,43.8057,44.3533,49164.0,2179938.8
2013-08-14,44.0795,45.4028,43.8969,45.129,63941.0,2876596.5
2013-08-16,45.5397,45.5397,43.7601,44.0795,179623.0,7989223.0
2013-08-19,44.7183,44.7183,42.9387,43.395,44922.0,1951335.7
2013-08-20,43.395,43.8057,42.528,43.6232,28076.0,1217031.0
2013-08-21,44.262,44.7183,42.8931,43.2125,55991.0,2457118.2
2013-08-22,43.0756,43.8057,42.8931,43.5775,38358.0,1658963.6
2013-08-23,43.4406,45.0377,43.3037,44.5814,42224.0,1877025.1
2013-08-26,44.7183,45.4484,43.7144,44.7183,44492.0,1980511.5
2013-08-27,45.1746,45.1746,43.5319,44.1707,35022.0,1544410.0
2013-08-28,44.1707,44.7183,42.4824,44.3989,48318.0,2106576.25
2013-08-29,44.5358,45.5853,43.9426,44.8096,83848.0,3761152.6
2013-08-30,44.7183,46.5435,44.0338,45.8591,113434.0,5151354.5
2013-09-02,45.8591,46.8173,45.6309,46.5435,46385.0,2146144.45
2013-09-03,47.0911,47.0911,45.7678,46.5892,120725.0,5614392.25
2013-09-04,46.5435,49.6008,46.5435,49.0076,58579.0,2809427.3
2013-09-05,48.6882,49.4639,47.5474,48.095,52622.0,2535552.45
2013-09-06,48.0037,49.5552,47.6843,48.2775,73958.0,3615627.1
2013-09-10,47.9125,49.2814,47.9125,48.7795,33729.0,1643096.75
2013-09-11,49.0989,51.6542,48.8251,51.2435,114146.0,5789802.55
2013-09-12,51.1523,53.4338,51.1523,52.795,139354.0,7351186.4
2013-09-13,52.0192,53.2513,52.0192,52.9775,63832.0,3369489.15
2013-09-16,52.9319,54.1639,52.9319,53.6163,83773.0,4487533.7
2013-09-17,53.3425,54.7115,53.0231,54.2552,40533.0,2178267.65
2013-09-18,54.7571,54.7571,52.2018,52.3843,55680.0,2948332.35
2013-09-19,52.8862,53.6163,50.7872,51.4717,104274.0,5433007.2
2013-09-20,51.5173,52.7493,51.1979,51.4717,49105.0,2547194.45
2013-09-23,52.0192,52.795,50.194,50.2396,28728.0,1466125.3
2013-09-24,49.327,50.696,49.2814,49.5552,20128.0,1002865.45
2013-09-25,49.5095,50.0571,49.4183,49.9202,22129.0,1101108.35
2013-09-26,49.6008,50.6503,49.2814,50.1484,52124.0,2599487.65
2013-09-27,49.2814,50.194,49.2814,50.0115,25146.0,1256364.55
2013-09-30,49.6008,49.7377,49.0076,49.0989,17070.0,841164.95
2013-10-01,48.7338,49.6464,48.7338,49.1901,11051.0,543529.65
2013-10-03,48.8707,49.8746,48.5513,49.5095,28126.0,1390608.15
2013-10-04,49.0989,49.7377,48.9163,49.1901,21609.0,1064302.0
2013-10-07,50.0115,50.5134,49.4639,50.2853,25277.0,1266645.95
2013-10-08,50.3309,51.0154,49.7377,49.7833,16592.0,836643.4
2013-10-09,50.194,50.194,49.0989,49.2814,22477.0,1110811.2
2013-10-10,50.0115,50.3765,49.2814,49.8746,30226.0,1511024.3
2013-10-11,50.0571,52.3843,49.4183,51.9736,63948.0,3259213.75
2013-10-14,51.1066,52.4756,50.2396,50.3765,40128.0,2054163.5
2013-10-15,51.1066,52.4756,49.2814,49.7377,113237.0,5731334.45
2013-10-17,49.7833,50.6503,49.327,49.829,70674.0,3538618.35
2013-10-18,49.9202,51.1066,49.2814,50.696,101259.0,5074620.3
2013-10-21,51.1066,51.7455,50.4222,51.426,68836.0,3517513.0
2013-10-22,51.1979,51.8824,51.1066,51.3348,42957.0,2206793.45
2013-10-23,51.5173,51.8824,50.5591,51.1066,34481.0,1767692.05
2013-10-24,51.6542,51.928,49.829,50.0571,86738.0,4422594.4
2013-10-25,49.7377,50.3765,48.962,49.5095,30276.0,1497423.4
2013-10-28,49.5095,49.8746,48.5969,48.7338,24783.0,1220674.3
2013-10-29,48.4144,50.1027,48.4144,49.4639,45251.0,2222570.85
2013-10-30,49.9202,51.1066,49.3727,50.8328,121819.0,6133294.7
2013-10-31,51.3804,51.928,49.829,50.1027,87009.0,4401577.1
2013-11-01,50.194,52.0192,50.0115,51.7911,214762.0,10959898.6
2013-11-03,52.0192,53.2513,52.0192,52.7493,59613.0,3146525.25
2013-11-05,52.9319,53.662,51.2892,53.1144,168330.0,8830131.4
2013-11-06,54.7571,55.6241,53.662,54.5746,696778.0,38122939.0
2013-11-07,53.8901,54.5746,52.9775,53.0688,77764.0,4170986.95
2013-11-08,53.2057,53.2513,52.2018,52.293,42713.0,2245401.55
2013-11-11,52.293,53.3425,50.9241,51.2435,55700.0,2876471.4
2013-11-12,51.1066,51.3348,49.2814,49.3727,85922.0,4302055.6
2013-11-13,49.327,50.3309,49.2814,50.194,47756.0,2375581.9
2013-11-14,50.8785,51.1066,49.7377,49.7833,18304.0,914511.8
2013-11-18,50.194,50.3309,49.3727,49.5552,28508.0,1418428.45
2013-11-19,49.7833,50.194,48.9163,49.2814,67119.0,3328887.7
2013-11-20,49.4183,49.8746,48.7338,49.0532,111689.0,5517525.9
2013-11-21,49.1901,49.5552,48.9163,49.2358,22148.0,1090084.5
2013-11-22,49.3727,49.6464,48.5969,48.9163,31112.0,1527105.75
2013-11-25,49.0532,49.6464,48.5513,49.0532,36026.0,1766296.1
2013-11-26,48.8707,51.1066,48.8707,49.8746,170634.0,8588699.35
2013-11-27,49.8746,49.9659,48.1863,48.7338,157470.0,7646708.95
2013-11-28,49.0532,49.1445,48.3688,48.6882,52607.0,2565125.25
2013-11-29,49.1901,49.1901,48.46,48.6426,34023.0,1663484.15
2013-12-02,48.6882,49.0532,48.3688,48.4144,185652.0,9010565.1
2013-12-03,48.9163,49.6008,48.3688,49.0076,95036.0,4666341.95
2013-12-04,48.962,49.9202,48.8707,49.3727,127914.0,6332705.7
2013-12-05,49.5095,50.0571,48.9163,49.4183,85419.0,4219970.6
2013-12-06,49.6921,49.6921,48.5969,49.1901,57925.0,2843838.05
2013-12-09,50.1484,50.1484,48.9163,49.2814,143333.0,7065936.05
2013-12-10,49.3727,49.9202,48.8707,49.6464,145683.0,7194492.15
2013-12-11,50.194,51.6542,49.2814,49.4639,287367.0,14486856.65
2013-12-12,49.5095,49.8746,48.962,49.1901,52826.0,2601664.65
2013-12-13,49.0989,49.6921,48.5513,48.7795,145775.0,7170424.0
2013-12-16,48.8707,49.9659,48.5969,49.5095,91803.0,4520424.2
2013-12-17,49.5552,50.9697,48.9163,49.1445,328556.0,16435704.75
2013-12-18,49.6464,50.194,49.3727,49.9202,70260.0,3502654.4
2013-12-19,50.194,50.3765,49.2814,49.3727,54988.0,2738379.85
2013-12-20,49.4639,50.0571,48.8251,49.0532,80322.0,3960941.95
2013-12-23,49.4639,51.0154,48.8707,50.6503,226891.0,11446457.7
2013-12-24,51.061,51.4717,50.2853,51.061,154026.0,7851462.05
2013-12-26,50.2853,53.8445,50.2853,51.1066,458985.0,24010276.4
2013-12-27,51.426,56.2173,50.4222,54.7571,759311.0,40799931.4
2013-12-30,55.6241,56.3542,53.8445,55.1678,436337.0,24045161.4
2013-12-31,55.2134,57.7687,54.5746,57.2668,552043.0,31285522.25
2014-01-01,57.6775,57.6775,54.3921,54.7571,329278.0,18351471.65
2014-01-02,55.2134,56.0804,51.5629,52.4756,457430.0,24843626.6
2014-01-03,52.0649,53.16,51.2892,51.9736,138981.0,7220493.05
2014-01-06,52.795,53.3882,52.1105,52.9319,135594.0,7133100.75
2014-01-07,53.3882,53.7989,51.1523,51.5629,382097.0,19823157.95
2014-01-08,51.6542,52.2474,51.426,52.0649,137590.0,7139142.25
2014-01-09,51.6998,52.2474,51.4717,51.8367,146443.0,7578382.1
2014-01-10,51.6998,52.8406,51.6086,52.293,171216.0,8947267.45
2014-01-13,52.5668,53.3882,52.0649,52.7037,107410.0,5663142.15
2014-01-14,52.1105,57.1755,52.1105,53.0688,239402.0,12941263.4
2014-01-15,52.293,53.6163,52.293,53.0688,47182.0,2504837.75
2014-01-16,52.9775,53.5251,52.4756,52.8406,80520.0,4260235.3
2014-01-17,52.6125,53.0688,52.293,52.4756,111178.0,5848653.25
2014-01-20,52.293,52.9319,51.9736,52.7037,64999.0,3416916.05
2014-01-21,52.1105,53.2969,52.1105,52.6125,80900.0,4264097.45
2014-01-22,52.3387,52.7493,51.8367,52.1105,95603.0,4991538.55
2014-01-23,52.1105,52.6581,51.7911,52.2018,72010.0,3763381.3
2014-01-24,51.6086,52.4756,51.3348,51.6542,65885.0,3408431.3
2014-01-27,51.1066,51.3348,50.7416,51.0154,138134.0,7050743.35
2014-01-28,50.2396,51.2892,50.1027,51.061,157827.0,8017497.7
2014-01-29,50.8785,51.928,50.5591,51.061,78757.0,4013503.95
2014-01-30,50.194,50.7416,49.5552,50.3765,259213.0,12972534.8
2014-01-31,51.5173,52.293,50.8785,51.6998,94584.0,4872984.9
2014-02-03,52.2018,52.2018,51.1066,51.3348,48790.0,2511051.55
2014-02-04,50.9241,51.5173,49.7377,50.2853,326732.0,16440345.5
2014-02-05,50.8328,51.6086,50.0115,51.1979,59585.0,3027560.25
2014-02-06,51.6542,51.8367,50.7416,51.3348,40853.0,2090911.45
2014-02-07,51.1979,51.8367,51.1979,51.5629,51356.0,2642124.05
2014-02-10,51.1523,52.2018,50.6503,52.0649,72521.0,3747352.2
2014-02-11,52.0192,54.2095,51.6542,53.4338,114997.0,6108114.0
2014-02-12,53.4794,54.2095,52.4756,53.6163,94645.0,5056567.85
2014-02-13,52.9319,54.7571,52.7037,54.2095,197836.0,10637930.45
2014-02-14,52.9319,54.4833,52.9319,53.7989,74235.0,3971747.9
2014-02-17,52.9319,53.7532,51.8367,52.4756,39867.0,2094059.85
2014-02-18,51.1979,52.9319,51.1979,52.0649,37563.0,1967846.3
2014-02-19,52.0192,52.5668,51.7911,52.2474,47197.0,2459712.65
2014-02-20,51.5629,56.4454,51.5629,54.894,737076.0,40613753.15
2014-02-21,54.9853,56.4911,53.5707,54.027,602668.0,33063852.35
2014-02-24,53.2969,56.5367,53.2969,55.9891,268663.0,14820220.85
2014-02-25,56.126,57.7687,55.2134,55.8522,160466.0,9058511.7
2014-02-26,55.7154,57.5862,55.7154,56.7649,179172.0,10158305.75
2014-02-28,56.7649,59.6852,56.126,59.1833,277947.0,16186806.85
2014-03-03,58.8639,59.9134,57.2212,57.4493,135157.0,7874222.35
2014-03-04,57.9513,58.4076,56.3998,57.1755,199654.0,11390117.4
2014-03-05,56.628,59.1377,56.1717,58.6357,226399.0,12948917.25
2014-03-06,58.2707,58.727,57.4037,57.9056,89144.0,5164467.2
2014-03-07,57.9513,58.5445,56.628,57.3581,106944.0,6147370.0
2014-03-10,57.0386,59.1833,56.7192,57.6775,134091.0,7770186.95
2014-03-11,57.6775,58.0425,56.8105,57.4493,133390.0,7647897.4
2014-03-12,56.5823,59.3202,56.5823,58.7726,349236.0,20410117.05
2014-03-13,58.0882,59.1377,57.495,57.8144,107655.0,6299958.7
2014-03-14,57.7687,58.4076,56.5823,57.9056,99540.0,5716943.4
2014-03-18,57.9056,58.5445,57.1299,57.9513,87735.0,5078477.7
2014-03-19,57.9513,58.6814,57.7231,58.1338,244059.0,14226773.05
2014-03-20,58.3163,59.1377,56.628,56.993,143960.0,8316765.85
2014-03-21,56.5823,57.9969,56.5823,57.3124,68829.0,3942673.95
2014-03-22,57.495,58.3163,56.6736,58.1338,62851.0,3585467.35
2014-03-24,57.5862,59.0464,57.5862,58.4076,217095.0,12685617.85
2014-03-25,57.86,61.328,57.86,60.8716,462149.0,27764141.15
2014-03-26,61.328,65.0697,61.2823,64.5678,693666.0,44055285.2
2014-03-27,65.4804,67.5338,64.4765,66.758,589522.0,39041636.65
2014-03-28,65.7085,68.3551,65.7085,67.8075,221529.0,14882097.25
2014-03-31,67.5338,68.4464,65.3435,66.5755,507120.0,33970625.0
2014-04-01,66.1648,67.3512,64.0202,65.2522,205669.0,13437929.2
2014-04-02,65.2522,66.5755,64.8872,65.3435,126982.0,8313138.65
2014-04-03,66.5755,66.5755,63.0619,63.4726,174606.0,11235132.25
2014-04-04,64.7046,65.161,63.2445,64.294,167480.0,10731902.65
2014-04-07,63.9745,66.3474,63.8833,66.0279,164963.0,10711947.85
2014-04-09,65.7542,68.3095,65.7085,67.3056,423555.0,28420594.45
2014-04-10,67.0775,67.8075,66.6211,66.9862,213667.0,14319945.45
2014-04-11,66.6668,69.0852,66.1192,67.9444,444521.0,29935334.4
2014-04-15,67.5338,69.359,67.1687,68.4464,271343.0,18517123.7
2014-04-16,68.4464,71.5949,67.9901,70.3172,379054.0,26638025.25
2014-04-17,70.0891,71.093,69.4046,70.9104,172131.0,12137498.2
2014-04-21,71.1842,74.6066,70.3172,73.9677,424662.0,30915317.85
2014-04-22,73.0551,74.1959,72.4163,73.4201,176895.0,12974512.6
2014-04-23,72.6901,73.3745,71.4124,72.0512,96972.0,6997525.25
2014-04-25,71.3211,72.1425,70.7736,71.2299,195048.0,13878433.75
2014-04-28,71.4124,71.5037,70.3172,70.7736,104294.0,7386400.8
2014-04-29,70.7736,71.0473,69.8153,70.2716,64137.0,4524222.7
2014-04-30,69.4959,71.0017,68.4464,68.8571,100039.0,6975722.25
2014-05-02,68.492,70.1804,68.4464,69.4959,108943.0,7538940.4
2014-05-05,68.8114,69.8609,68.6289,69.4503,155222.0,10764487.05
2014-05-06,68.7658,69.6328,68.1726,68.3551,38703.0,2660210.1
2014-05-07,67.7619,69.1765,67.7619,68.0357,73295.0,5034505.2
2014-05-08,67.7619,69.359,67.7619,68.4007,94432.0,6477594.2
2014-05-09,67.8988,68.9027,67.5338,67.9444,120167.0,8214462.4
2014-05-12,68.4464,69.1765,67.1231,67.8532,131298.0,8934151.15
2014-05-13,68.1726,69.9522,68.1726,69.6328,192892.0,13369896.45
2014-05-14,69.359,70.2716,68.7202,69.4959,60231.0,4184898.95
2014-05-15,69.359,71.9143,69.1308,70.5454,168322.0,11848471.55
2014-05-16,69.4959,71.1842,69.359,70.7736,285791.0,20193102.1
2014-05-19,71.1842,75.7473,70.7279,75.0629,350315.0,25683160.15
2014-05-20,75.7473,81.8619,74.8347,79.5347,398813.0,31580420.75
2014-05-21,80.3104,83.7784,78.7133,79.2609,409344.0,33174176.85
2014-05-22,80.2648,82.5007,77.5726,78.8502,379836.0,30305235.05
2014-05-23,80.1279,80.1279,77.7095,79.2153,166658.0,13169989.0
2014-05-26,78.5308,81.6793,76.6599,77.7095,222829.0,17752552.75
2014-05-27,78.0289,78.257,75.3823,75.9755,104008.0,7965696.7
2014-05-28,74.8347,77.5726,74.8347,76.3862,76252.0,5821704.85
2014-05-29,75.9299,78.759,73.9677,74.6522,223160.0,16876987.65
2014-05-30,73.9677,76.2949,72.7357,73.4201,286735.0,21195591.25
2014-06-02,74.059,77.39,73.4658,76.8425,178232.0,13539798.25
2014-06-03,77.025,81.6793,76.0211,80.9036,493041.0,39357260.9
2014-06-04,81.3143,85.6949,80.3104,82.4094,814686.0,67836602.05
2014-06-05,82.592,85.923,81.9531,84.9648,676916.0,56961885.2
2014-06-06,86.2424,90.7143,85.6949,89.9385,969870.0,85560683.5
2014-06-09,90.3492,90.3492,87.6114,89.3453,533888.0,47527898.65
2014-06-10,90.258,93.4978,87.6114,91.0793,863707.0,78199830.0
2014-06-11,92.1745,96.555,90.3492,91.3987,1788856.0,169395636.75
2014-06-12,92.2201,95.0036,90.5317,94.091,1292793.0,121399855.15
2014-06-13,94.456,95.688,91.0793,93.224,917916.0,86096052.2
2014-06-16,93.5434,93.5434,89.8929,90.9881,280071.0,25515138.9
2014-06-17,91.2618,92.8589,89.4366,92.0832,176426.0,16118521.9
2014-06-18,92.9502,93.9997,91.2618,92.357,262413.0,24283678.05
2014-06-19,91.6269,93.0871,89.1172,90.1667,93599.0,8501203.9
2014-06-20,89.4366,91.2162,88.7065,90.7143,90524.0,8141672.75
2014-06-23,89.8929,90.3492,88.7978,89.7104,65018.0,5820963.5
2014-06-24,90.3492,90.3492,88.5696,89.6191,190946.0,17084773.55
2014-06-25,89.2997,90.5774,88.7521,88.9347,183266.0,16365608.65
2014-06-26,88.9803,89.6648,87.0638,87.6114,82158.0,7266331.65
2014-06-27,87.6114,88.7978,84.8735,86.0143,178501.0,15423079.9
2014-06-30,86.6531,87.5201,85.8318,87.1094,267770.0,23262528.5
2014-07-01,87.5201,87.9308,85.3298,85.4667,117349.0,10155490.5
2014-07-02,85.7861,86.6987,82.592,84.4628,260859.0,22069422.95
2014-07-03,83.824,86.9725,82.1357,83.459,371042.0,31247877.05
2014-07-04,83.824,85.3755,83.2308,84.9191,166336.0,14032539.45
2014-07-07,85.558,86.3793,83.7784,84.0978,115532.0,9778929.8
2014-07-08,83.9609,86.2424,81.223,82.2269,195776.0,16396267.25
2014-07-09,81.223,82.5463,79.991,82.1813,142113.0,11614364.8
2014-07-10,82.957,83.9609,81.3599,82.3638,129532.0,10699768.7
2014-07-11,83.0483,83.0483,75.8842,77.39,149766.0,11804502.7
2014-07-14,76.9337,78.1201,75.2454,77.892,109455.0,8422407.3
2014-07-15,77.025,80.0823,77.025,79.8541,147824.0,11732736.25
2014-07-16,80.3104,86.3337,80.2648,85.056,355553.0,29735111.7
2014-07-17,85.7861,86.6987,83.9609,84.5541,273686.0,23439704.45
2014-07-18,83.9609,85.2842,81.9075,83.0026,174323.0,14523136.2
2014-07-21,82.957,85.1473,82.957,84.7822,198152.0,16709212.9
2014-07-22,84.4172,88.7065,84.0065,87.5201,665095.0,58114438.2
2014-07-23,89.4588,90.0128,87.0123,89.505,247244.0,21928124.3
2014-07-24,89.0896,90.8437,88.9049,90.4744,155972.0,14052793.8
2014-07-25,90.0128,91.1668,89.5512,90.5205,386287.0,34980455.05
2014-07-28,90.1974,93.5671,90.1974,93.244,335279.0,31173574.35
2014-07-30,92.3208,94.0287,92.3208,93.244,195145.0,18194700.65
2014-07-31,93.1517,93.7056,92.4131,93.1978,243335.0,22687633.45
2014-08-01,92.3669,93.0132,90.8898,92.2285,229512.0,21156445.9
2014-08-04,91.4437,93.1055,91.4437,92.2285,158307.0,14611828.95
2014-08-05,91.8592,93.0594,91.8592,92.4131,188837.0,17437852.8
2014-08-06,91.4437,92.3208,88.628,90.659,424211.0,38211116.45
2014-08-07,91.3976,91.3976,89.6435,90.936,293870.0,26711864.25
2014-08-08,90.4744,90.4744,87.4278,87.7047,333082.0,29225048.25
2014-08-11,86.7815,87.7047,85.9507,87.2893,532070.0,46410451.05
2014-08-12,87.7047,87.7047,84.0119,84.889,73068.0,6238492.0
2014-08-13,84.9351,86.7815,84.0119,84.9813,136543.0,11632894.9
2014-08-14,84.9351,86.3661,84.0119,84.7043,213426.0,18134523.8
2014-08-18,84.0119,84.9351,83.0887,83.2733,95035.0,7951042.0
2014-08-19,83.2733,84.9351,83.0425,83.458,84028.0,7044739.3
2014-08-20,83.9196,84.7966,83.1349,84.4274,46291.0,3888099.7
2014-08-21,83.1349,93.7056,83.1349,92.5516,542883.0,49305834.15
2014-08-22,93.1978,94.7211,90.0128,91.3976,393400.0,36229550.4
2014-08-25,90.936,93.7056,89.9204,92.5516,215282.0,19736978.45
2014-08-26,92.3208,93.244,91.0283,92.5054,247751.0,22891697.95
2014-08-27,92.3208,98.7832,92.3208,96.8445,971190.0,93539765.2
2014-08-28,98.4601,101.0451,97.3984,99.9372,825198.0,81966841.15
2014-09-01,101.5529,102.2453,97.9524,99.1525,830644.0,83536547.5
2014-09-02,99.1525,99.8911,96.4752,97.3984,185964.0,18237238.0
2014-09-03,97.5369,98.5063,95.1827,96.1059,191134.0,18487098.85
2014-09-04,96.8445,97.3523,93.0594,94.2134,290520.0,27401553.4
2014-09-05,93.244,99.4295,93.244,97.7677,266314.0,25889258.3
2014-09-08,98.7832,101.1836,96.706,96.983,298756.0,29527630.8
2014-09-09,97.8139,99.7064,95.7367,96.8907,203500.0,19673974.6
2014-09-10,96.1059,97.2138,95.275,95.552,123188.0,11852388.65
2014-09-11,95.0904,96.4752,93.8441,94.5365,216598.0,20552827.65
2014-09-12,95.0904,96.9368,95.0904,96.2444,133328.0,12826173.65
2014-09-15,96.0136,97.3984,94.6288,94.8134,108949.0,10435693.0
2014-09-16,95.0904,96.3829,89.4127,90.1051,165649.0,15292953.05
2014-09-17,88.6741,91.4899,88.6741,89.2742,58857.0,5310417.45
2014-09-18,88.6741,93.244,88.6741,90.6129,168269.0,15343736.5
2014-09-19,91.3976,93.244,89.5512,89.9204,198779.0,18101579.4
2014-09-22,90.2436,93.3363,89.6435,92.2285,125752.0,11579733.95
2014-09-23,92.3208,92.5054,91.3976,91.6745,82303.0,7558025.35
2014-09-24,91.3976,91.9977,90.4744,90.7975,43243.0,3928342.2
2014-09-25,89.6896,91.3053,88.9049,89.782,95326.0,8577251.3
2014-09-26,89.5512,92.7362,89.5512,92.3208,180675.0,16632809.3
2014-09-29,91.5361,93.244,91.5361,92.5977,54343.0,5018328.65
2014-09-30,92.5516,95.7367,92.3208,92.4593,110436.0,10265242.9
2014-10-01,92.3208,92.6901,91.3976,91.6284,39001.0,3576730.55
2014-10-07,91.6284,93.0594,90.5205,92.4593,139907.0,12883418.05
2014-10-08,91.813,93.6133,91.3976,93.0132,109900.0,10154491.2
2014-10-09,92.4131,94.0749,92.1823,93.0594,158050.0,14622844.1
2014-10-10,92.3208,93.244,91.9977,92.6901,79123.0,7316691.75
2014-10-13,91.7669,92.6901,91.6284,92.09,105349.0,9714279.1
2014-10-14,91.3976,92.3208,89.8281,90.382,73122.0,6670957.6
2014-10-16,89.5512,90.4744,88.8588,89.5973,72270.0,6481870.7
2014-10-17,89.0896,90.0128,88.074,88.8588,134376.0,11934644.5
2014-10-20,88.074,91.7207,88.074,91.4899,122009.0,11056059.1
2014-10-21,90.8898,91.7207,89.2742,91.5822,108453.0,9850988.85
2014-10-22,91.4437,93.244,90.936,92.2746,63699.0,5864521.7
2014-10-23,93.1978,93.1978,90.0128,90.5205,24272.0,2203244.7
2014-10-27,91.3976,91.7669,88.2587,89.1819,131446.0,11735502.55
2014-10-28,89.5512,93.521,89.5512,92.4131,593048.0,54820775.1
2014-10-29,93.1517,94.9058,92.4131,94.4903,254853.0,23953387.75
2014-10-30,94.9519,94.9519,93.4748,94.1672,146817.0,13827930.85
2014-10-31,93.6133,94.5365,92.3669,94.2595,276208.0,25989603.55
2014-11-03,94.3518,96.8445,93.8441,95.3212,218354.0,20704889.3
2014-11-05,95.0904,96.983,95.0904,96.4291,284259.0,27325327.0
2014-11-07,96.4752,96.8445,95.0904,95.4597,196517.0,18756382.35
2014-11-10,95.4597,96.6599,94.5826,95.3674,163666.0,15564656.4
2014-11-11,95.1366,96.0136,94.9981,95.1827,170861.0,16255570.9
2014-11-12,95.1827,95.8751,93.8441,95.1366,117330.0,11166067.4
2014-11-13,95.8751,96.5675,94.2595,95.8751,183715.0,17524560.5
2014-11-14,95.6905,96.0136,95.275,95.6443,88077.0,8419954.7
2014-11-17,96.0136,96.706,94.6288,96.2444,180724.0,17330386.85
2014-11-18,96.3367,97.3984,96.3367,97.1215,114060.0,11067507.6
2014-11-19,97.2138,97.86,96.9368,97.3061,130343.0,12666446.25
2014-11-20,97.3984,98.7371,95.1827,96.8907,786171.0,77082571.05
2014-11-21,97.86,102.2453,97.86,100.2604,1109602.0,110775093.55
2014-11-24,100.6297,100.6297,97.7677,99.9834,238708.0,23652353.75
2014-11-25,100.1681,101.5529,98.9217,100.4912,351244.0,35059592.8
2014-11-26,100.6297,100.6297,99.7064,99.9372,170453.0,17020813.45
2014-11-27,99.9834,100.9989,99.9834,100.5835,214760.0,21531820.95
2014-11-28,101.4144,102.0145,100.3527,101.5529,265364.0,26848616.5
2014-12-01,102.4761,106.3997,101.5529,105.9381,369859.0,38693746.05
2014-12-02,107.5537,116.278,107.1844,115.3548,1876203.0,213632065.85
2014-12-03,116.1395,120.8941,115.6779,119.6939,802196.0,95883805.65
2014-12-04,119.5093,119.5093,111.7081,115.5856,275728.0,31977361.75
2014-12-05,115.4933,118.1706,115.401,116.9704,188999.0,22062589.65
2014-12-08,117.2474,118.1706,114.5701,115.7241,300211.0,34874709.45
2014-12-09,115.401,116.0472,108.2923,108.6154,177467.0,19567778.8
2014-12-10,108.9385,110.6926,106.3535,108.0615,126967.0,13717054.5
2014-12-11,107.5999,108.4769,106.3535,106.6305,87680.0,9396710.35
2014-12-12,105.7535,108.4769,104.4148,105.7535,126942.0,13554146.9
2014-12-15,104.9226,108.0153,103.7686,106.769,134466.0,14160696.05
2014-12-16,105.7996,108.3384,104.4148,107.2306,199391.0,21191248.75
2014-12-17,107.5537,107.5537,99.8911,103.9994,149844.0,15394183.45
2014-12-18,104.0917,108.0153,104.0917,106.6767,126219.0,13429519.95
2014-12-19,106.6767,107.8768,105.7073,106.2612,117739.0,12553356.1
2014-12-22,105.7073,109.8617,105.7073,108.4308,159737.0,17303794.15
2014-12-23,109.6771,109.6771,107.046,108.1076,128753.0,13897217.0
2014-12-24,107.0921,108.4769,106.2151,107.0921,114093.0,12236408.45
2014-12-26,106.3535,107.2306,105.7073,106.3535,91788.0,9755285.25
2014-12-29,106.6305,109.8617,105.7535,109.1232,308240.0,33406021.5
2014-12-30,109.7694,115.6318,109.1693,114.3393,220105.0,24817850.35
2014-12-31,116.6012,117.709,114.8471,117.0628,249146.0,28991463.45
2015-01-01,116.7858,116.7858,112.4006,112.6314,43325.0,4927133.45
2015-01-02,111.5235,114.9394,109.8617,110.6465,156316.0,17570148.1
2015-01-05,109.8617,112.2621,108.0153,108.9385,156875.0,17154674.35
2015-01-06,108.9385,108.9385,106.2612,107.646,31660.0,3398861.85
2015-01-07,106.7228,107.6922,106.1689,106.8151,91498.0,9791587.1
2015-01-08,106.2612,107.7845,105.7073,106.2612,98841.0,10528756.7
2015-01-09,105.7535,109.8617,105.7535,108.0615,130451.0,14127322.15
2015-01-12,107.0921,108.3384,105.7535,106.3997,298024.0,31753727.95
2015-01-13,105.9381,108.2,105.4765,106.0304,154350.0,16511064.0
2015-01-14,105.8458,107.9692,104.8303,106.5843,290444.0,30972131.45
2015-01-15,106.5843,111.2004,105.7996,108.3384,694360.0,76151400.7
2015-01-16,108.8462,108.8462,106.2612,106.3535,239934.0,25896099.75
2015-01-19,106.1689,107.7384,103.3993,104.184,81247.0,8582997.25
2015-01-20,104.3225,106.7228,103.4454,103.9532,84011.0,8822773.6
2015-01-21,103.8609,107.8307,103.8609,107.1383,410018.0,42958767.7
2015-01-22,107.1383,108.4769,106.9536,107.2768,245219.0,26313819.2
2015-01-23,108.0153,112.1236,101.7375,104.3225,5689873.0,627838167.85
2015-01-27,104.3225,106.0766,101.876,103.2608,384312.0,40025371.4
2015-01-28,104.184,106.2151,103.1685,104.8764,416067.0,43583408.4
2015-01-29,105.7073,105.7073,102.9377,103.3531,299580.0,31047078.55
2015-01-30,104.3225,105.4303,103.1223,104.1378,155776.0,16131401.85
2015-02-02,105.2457,106.3074,101.5529,102.2914,95103.0,9828081.8
2015-02-03,102.9377,104.7379,101.4605,102.753,193085.0,19794683.45
2015-02-04,102.5222,103.8147,101.2297,102.5222,111941.0,11438963.15
2015-02-05,102.4761,102.9838,98.9217,99.8449,68025.0,6913553.3
2015-02-06,98.8294,102.2914,97.9985,101.6913,61755.0,6197061.75
2015-02-09,101.6913,101.8298,98.414,101.5067,141216.0,14240961.9
2015-02-10,100.9989,101.7375,98.7832,99.7988,72533.0,7222368.35
2015-02-11,98.9217,102.8454,98.9217,102.6146,135091.0,13731876.65
2015-02-12,102.9377,102.9377,100.1681,101.9221,55565.0,5634189.25
2015-02-13,101.5529,101.876,99.2448,101.5067,122184.0,12380690.65
2015-02-16,102.9377,102.9377,100.1681,100.5373,26480.0,2677303.65
2015-02-18,100.1681,101.5529,100.1681,100.8605,43168.0,4348777.65
2015-02-19,101.4605,106.0766,99.6141,104.6456,168075.0,17409448.3
2015-02-20,104.7841,106.5843,101.5529,102.4299,218884.0,22897996.15
2015-02-23,104.3225,104.3225,100.5835,101.5529,74098.0,7529357.75
2015-02-24,100.6297,102.8454,99.9372,101.6913,47963.0,4848719.4
2015-02-25,100.6758,103.5839,100.6758,103.2146,74099.0,7591376.85
2015-02-26,101.599,103.307,100.8143,100.9528,30198.0,3058458.1
2015-02-27,100.6297,102.6607,100.445,102.0606,79859.0,8125071.95
2015-02-28,102.753,103.3993,98.7832,101.7837,122775.0,12403633.3
2015-03-02,101.599,102.4761,100.1681,101.5067,152541.0,15469865.45
2015-03-03,101.3682,102.9377,100.1681,100.5835,56038.0,5668791.05
2015-03-04,100.445,101.5529,98.8756,99.6603,160185.0,16133059.05
2015-03-05,99.2448,99.7064,96.1059,98.0908,108834.0,10605485.55
2015-03-09,96.1521,98.7832,96.0136,97.3061,96276.0,9328892.8
2015-03-10,97.5831,98.6909,96.4752,96.6137,65072.0,6330563.65
2015-03-11,96.6599,97.3061,95.552,95.7828,267360.0,25838299.7
2015-03-12,95.7828,96.6137,95.0904,95.6443,69355.0,6651091.15
2015-03-13,96.0136,96.8445,94.675,95.3212,218772.0,20988469.05
2015-03-16,96.0136,96.2444,93.8441,94.8134,119536.0,11288944.3
2015-03-17,95.0904,96.0136,93.3825,94.398,213741.0,20402002.7
2015-03-18,94.2595,97.5831,94.2595,95.9675,292318.0,28076353.75
2015-03-19,97.3984,98.5063,93.3825,94.121,220194.0,21260894.1
2015-03-20,94.1672,98.3216,94.1672,95.829,201384.0,19347341.95
2015-03-23,98.5986,98.6909,94.675,95.4135,261792.0,25156235.75
2015-03-24,95.0904,96.7522,94.0749,95.0442,336469.0,32085975.8
2015-03-25,95.0904,95.829,93.244,94.4903,153574.0,14523281.9
2015-03-26,93.7056,96.3829,93.7056,94.7211,62542.0,5951275.4
2015-03-27,94.6288,99.3833,94.6288,98.5524,429630.0,41892156.8
2015-03-30,98.5524,102.7069,98.5524,101.3682,317041.0,32231312.8
2015-03-31,100.6297,101.5067,98.8294,99.1525,47349.0,4757229.8
2015-04-01,99.014,101.5529,99.014,101.0913,62073.0,6216754.75
2015-04-06,101.5529,104.1378,100.6297,101.9221,139794.0,14373377.7
2015-04-07,102.2453,103.7224,100.722,100.8143,54467.0,5537502.5
2015-04-08,100.6297,102.9377,100.6297,101.5067,101778.0,10381743.4
2015-04-09,101.2297,102.0145,99.291,100.1681,110648.0,11092917.75
2015-04-10,100.1681,101.5529,100.1681,101.4605,56907.0,5755663.0
2015-04-13,101.8298,101.9221,99.2448,101.5529,128540.0,12917134.0
2015-04-15,101.0913,101.9221,98.2293,99.3833,58845.0,5901978.3
2015-04-16,99.7064,101.5529,98.4601,101.4605,178464.0,17916858.1
2015-04-17,101.9221,102.8454,99.7988,101.5067,137243.0,13867505.25
2015-04-20,101.5529,101.5529,96.983,98.1832,187692.0,18418772.85
2015-04-21,98.0447,100.1681,97.3984,99.7064,103276.0,10231963.5
2015-04-22,100.1681,100.1681,97.3984,98.9217,80853.0,7933929.85
2015-04-23,98.5986,99.8449,97.9524,99.7064,101977.0,10094315.1
2015-04-24,99.5218,99.5218,92.0438,96.706,216452.0,20614023.7
2015-04-27,97.8139,97.8139,93.244,94.9981,155592.0,14686358.95
2015-04-28,95.0904,98.3216,95.0904,96.3829,41269.0,4007990.0
2015-04-29,96.9368,97.86,93.7979,96.9368,149907.0,14486241.35
2015-04-30,95.552,99.7064,94.675,97.4907,125079.0,12071593.3
2015-05-04,97.3984,101.0451,97.0291,100.4912,34572.0,3417686.4
2015-05-05,100.6297,101.0913,97.6292,100.0757,124581.0,12399467.1
2015-05-06,99.2448,99.2448,92.3208,97.4446,210673.0,20070724.95
2015-05-07,96.9368,97.3984,94.5365,96.983,69174.0,6643829.05
2015-05-08,97.3984,101.7375,96.2444,100.9066,175930.0,17592924.75
2015-05-11,101.5067,101.5067,97.3984,98.2293,49286.0,4888179.1
2015-05-12,98.7832,98.7832,96.0598,96.4291,28051.0,2730099.35
2015-05-13,97.3984,101.8298,93.3363,101.4144,208814.0,20898573.35
2015-05-14,100.6297,100.6297,97.7677,98.1832,32954.0,3251702.1
2015-05-15,98.6448,100.5373,97.86,98.0908,57285.0,5674575.45
2015-05-18,97.86,99.3372,96.4752,98.6909,46963.0,4600150.55
2015-05-19,99.2448,101.0913,98.0447,99.1525,63658.0,6358878.6
2015-05-20,98.2293,100.0757,97.0291,97.5369,67858.0,6697994.4
2015-05-21,97.4446,97.86,95.4597,96.4291,27511.0,2655622.0
2015-05-22,97.3984,97.86,94.7211,95.3674,52645.0,5052493.95
2015-05-25,96.0598,97.3061,93.244,96.1521,57606.0,5507948.0
2015-05-26,97.1676,97.2599,94.6288,96.3367,106262.0,10288518.15
2015-05-27,94.675,98.2755,94.675,97.86,115369.0,11270735.35
2015-05-28,97.8139,97.8139,95.4597,96.0598,16833.0,1621223.3
2015-05-29,95.6905,97.6292,94.6288,96.9368,99065.0,9538501.4
2015-06-01,96.9368,99.1987,95.4597,98.414,81154.0,7911238.25
2015-06-02,97.4907,98.6909,95.1827,97.3061,69171.0,6685989.8
2015-06-03,97.2138,100.0296,95.0904,99.6603,221180.0,21735575.1
2015-06-04,99.7064,99.8449,97.1215,97.3984,37108.0,3652289.25
2015-06-05,97.8139,98.5524,96.5214,96.9368,28171.0,2734109.8
2015-06-08,97.8139,98.7832,94.7211,96.983,63244.0,6102807.25
2015-06-09,97.3984,97.3984,94.1672,94.675,45287.0,4302899.75
2015-06-10,94.6288,95.7367,94.6288,95.1366,33422.0,3179800.1
2015-06-11,94.7673,95.552,94.1672,94.2134,17585.0,1666578.45
2015-06-12,93.244,94.8134,91.4437,91.6284,40992.0,3794853.85
2015-06-15,91.3976,93.244,91.3976,92.3208,13646.0,1264672.1
2015-06-16,91.8592,93.0594,91.4899,91.8592,13145.0,1208346.45
2015-06-17,91.8592,94.1672,91.4899,93.2902,37741.0,3502177.5
2015-06-18,94.6288,94.6288,92.4131,93.7056,14492.0,1360004.8
2015-06-19,93.3363,94.398,93.244,94.1672,27311.0,2563356.35
2015-06-22,94.1672,94.6288,92.3208,92.5977,38896.0,3629875.45
2015-06-23,93.1055,94.1672,92.4593,92.7362,34412.0,3213039.45
2015-06-24,93.244,94.5365,92.5054,93.244,35825.0,3353597.65
2015-06-25,93.1055,93.6133,92.5516,92.8747,7696.0,714781.4
2015-06-26,93.521,95.829,91.8592,92.1823,64783.0,6060972.75
2015-06-29,91.5822,92.3208,90.936,91.3514,32643.0,2995553.6
2015-06-30,91.3976,92.1823,90.0589,90.8437,35380.0,3223232.9
2015-07-01,90.4744,94.9058,90.4744,92.6439,158438.0,14535893.3
2015-07-02,93.244,96.0136,93.244,94.121,73694.0,6966507.25
2015-07-03,94.3518,95.829,93.3363,94.4442,64853.0,6150379.6
2015-07-06,94.4442,94.5826,93.2902,93.5671,48942.0,4595541.4
2015-07-07,93.244,94.5826,92.5977,92.8285,29911.0,2799455.95
2015-07-08,93.4748,94.5365,92.1361,92.4593,64514.0,6015798.7
2015-07-09,91.3976,93.244,90.7052,90.9821,31240.0,2870931.35
2015-07-10,91.3976,92.2746,91.1206,91.4437,36255.0,3320973.45
2015-07-13,91.8592,91.8592,90.6129,91.0283,39583.0,3617514.15
2015-07-14,91.9515,94.121,90.7513,92.6901,48690.0,4511381.2
2015-07-15,93.6133,94.6288,92.4593,93.4748,82555.0,7718290.2
2015-07-16,93.4286,99.7064,93.4286,98.8756,155527.0,15065924.3
2015-07-17,99.4295,102.753,97.86,102.0606,388057.0,39284056.7
2015-07-20,102.5684,106.6305,101.7375,105.9843,234839.0,24571657.6
2015-07-21,105.8919,110.231,105.8458,109.5848,218553.0,23734752.8
2015-07-22,110.8894,112.9394,109.4916,111.8678,225012.0,25159250.5
2015-07-23,111.8212,114.6167,109.6314,111.8678,166089.0,18734200.75
2015-07-24,111.0291,113.6849,108.7927,110.8428,195676.0,21906309.9
2015-07-27,110.1905,112.1007,109.0257,110.9359,166947.0,18508643.2
2015-07-28,109.9575,111.8212,107.3018,108.0938,342140.0,37563635.95
2015-07-29,109.4916,109.9575,101.6641,104.1801,89229.0,9448862.55
2015-07-30,105.1119,106.6961,103.9005,105.8574,164478.0,17394744.5
2015-07-31,106.6029,107.0688,104.6926,105.671,58544.0,6224340.65
2015-08-03,106.6961,106.6961,102.5959,103.2948,180677.0,19127752.8
2015-08-04,104.1335,106.0438,103.5278,104.7858,74259.0,7753254.1
2015-08-05,106.6961,109.4916,104.4596,105.2983,124376.0,13333064.05
2015-08-06,105.7642,107.0688,104.8324,105.8108,96899.0,10253558.85
2015-08-07,104.3664,108.0938,104.3664,106.2301,64803.0,6901033.95
2015-08-10,106.6961,108.0472,105.2983,106.1835,62941.0,6692963.15
2015-08-11,106.2301,106.6961,105.3915,106.1835,67206.0,7126494.2
2015-08-12,105.7642,106.6961,105.0653,105.2983,37319.0,3935433.05
2015-08-13,105.9972,105.9972,104.3664,105.2517,23451.0,2466100.05
2015-08-14,105.2983,105.7642,104.879,105.2051,24188.0,2547076.2
2015-08-17,105.2983,107.162,105.0653,106.6961,69577.0,7376350.1
2015-08-18,107.2552,109.8643,105.9506,108.6063,55844.0,6005983.55
2015-08-19,108.0938,110.4234,106.7426,108.3268,105777.0,11498737.45
2015-08-20,106.6961,108.0938,105.2983,106.2767,29382.0,3133919.2
2015-08-21,105.2983,106.2301,102.6891,103.9005,24761.0,2584416.35
2015-08-24,104.3664,104.3664,96.9583,97.8901,147060.0,14627462.75
2015-08-25,98.7754,100.6391,95.5139,99.5675,79275.0,7738803.75
2015-08-26,99.7072,99.7072,97.1913,99.5209,51613.0,5090876.45
2015-08-27,99.7072,100.3595,97.1447,97.9833,53677.0,5314753.95
2015-08-28,97.8435,99.4743,96.2594,97.8901,72726.0,7090566.3
2015-08-31,98.3095,98.3095,94.7219,95.7003,31344.0,3015644.9
2015-09-01,95.048,97.7038,93.4639,96.9117,71109.0,6820218.4
2015-09-02,98.3095,98.3095,94.1162,94.2559,35052.0,3326485.95
2015-09-03,94.5821,96.7253,93.3241,94.2559,71542.0,6758419.4
2015-09-04,93.2309,94.023,91.3206,92.8582,32480.0,3012077.95
2015-09-07,92.2525,94.023,91.4138,92.2525,23325.0,2160674.7
2015-09-08,92.2525,95.5139,91.7866,94.4423,24927.0,2334837.15
2015-09-09,95.5139,95.5139,94.1162,94.3957,10545.0,996260.0
2015-09-10,94.1162,95.4673,92.7184,94.3957,16690.0,1566152.65
2015-09-11,94.1162,95.281,93.3707,93.9298,7428.0,699544.85
2015-09-14,93.6503,95.5139,93.3241,94.1628,21907.0,2067774.4
2015-09-15,93.5571,95.3742,93.1843,93.9764,26603.0,2509553.75
2015-09-16,93.3707,97.564,93.2775,96.2128,144540.0,13878491.7
2015-09-18,95.9799,96.8651,92.8582,94.6287,100156.0,9444015.65
2015-09-21,94.5821,94.8616,92.8582,93.0911,46871.0,4382994.75
2015-09-22,93.9764,96.4458,92.7184,94.9082,342916.0,32581106.75
2015-09-23,95.048,95.048,91.7866,92.8116,59812.0,5565790.3
2015-09-24,93.0911,95.0946,93.0911,94.1628,22288.0,2105032.0
2015-09-28,94.9548,95.5139,91.3206,91.9729,60527.0,5624877.85
2015-09-29,92.1593,92.1593,89.1308,90.482,74598.0,6742041.35
2015-09-30,89.6899,92.1593,89.5501,91.1809,19738.0,1800056.75
2015-10-01,92.2059,100.4527,92.2059,98.0299,502177.0,49189614.55
2015-10-05,98.7288,99.3811,93.79,97.331,94183.0,9121356.85
2015-10-06,97.0981,97.3776,95.9799,96.7253,33897.0,3276651.6
2015-10-07,97.564,97.8435,96.0265,97.4242,43972.0,4267571.75
2015-10-08,96.9117,99.1015,95.6071,98.5424,40217.0,3932089.7
2015-10-09,98.5424,98.5424,96.9117,97.6106,13965.0,1363654.0
2015-10-12,98.3095,98.3095,96.9117,97.2378,11418.0,1113361.0
2015-10-13,97.0981,99.7072,95.2344,96.3526,58722.0,5662690.3
2015-10-14,95.6071,99.1947,95.6071,98.7754,51497.0,5050272.45
2015-10-15,98.7754,102.4096,97.0981,100.6857,70901.0,7111322.0
2015-10-16,100.6391,103.2482,98.3561,102.363,75270.0,7623601.05
2015-10-19,101.1516,103.7608,99.614,100.2663,26060.0,2626184.75
2015-10-20,99.9402,103.2016,99.9402,102.5959,68711.0,7040396.7
2015-10-21,102.9687,103.9005,101.105,101.7107,23667.0,2422380.7
2015-10-23,102.5028,102.5028,99.7538,100.7323,20066.0,2028086.05
2015-10-26,100.4527,103.2948,99.7072,102.5494,61126.0,6251023.3
2015-10-27,101.1516,103.8539,101.1516,103.4812,47597.0,4909118.55
2015-10-28,103.7608,103.8539,101.3846,103.5278,46202.0,4755341.4
2015-10-29,103.9005,105.5778,101.3846,105.2517,69887.0,7258824.05
2015-10-30,105.3449,108.6063,103.9471,107.3483,246816.0,26410643.25
2015-11-02,107.3483,107.3483,103.4346,105.1585,75802.0,7946888.35
2015-11-03,104.8324,107.9075,103.9005,107.2552,103621.0,11037931.6
2015-11-04,107.6279,108.8859,106.2301,108.3734,89920.0,9680092.85
2015-11-05,107.6279,108.5597,106.6961,108.1404,78047.0,8437016.0
2015-11-06,109.4916,110.0507,103.4346,107.1154,144251.0,15449807.4
2015-11-09,106.6495,107.5813,103.9005,106.3699,67825.0,7181051.25
2015-11-10,105.7642,105.7642,102.5028,102.9221,92322.0,9625600.3
2015-11-11,103.4346,106.6961,102.9687,104.413,22654.0,2376523.05
2015-11-13,104.879,106.0438,99.7072,104.9256,140382.0,14526688.75
2015-11-16,104.3664,108.0472,103.0619,107.162,123669.0,13164010.3
2015-11-17,108.0938,108.0938,105.2983,107.162,106710.0,11378963.2
2015-11-18,106.2767,107.7211,104.8324,107.2086,107400.0,11458627.95
2015-11-19,106.7426,109.8177,105.2983,109.1654,112878.0,12204593.3
2015-11-20,108.0938,110.8894,104.5994,105.3915,53610.0,5729850.0
2015-11-23,106.6029,109.3052,105.5313,109.0257,84440.0,9140932.8
2015-11-24,108.0938,109.3518,105.904,106.1835,199657.0,21391770.1
2015-11-26,106.929,107.5347,104.879,107.2086,177311.0,18791184.9
2015-11-27,106.8824,107.162,105.2983,105.904,59045.0,6253841.2
2015-11-30,106.6961,107.954,105.8574,107.4881,57222.0,6134000.05
2015-12-01,107.1154,108.2802,106.2301,107.162,65911.0,7078378.15
2015-12-02,107.8609,118.3441,106.6029,117.0395,1407891.0,162590208.55
2015-12-03,123.9352,126.7307,118.5305,120.2544,4444782.0,552248701.05
2015-12-04,119.1828,123.3295,116.2009,117.8316,847152.0,101197913.65
2015-12-07,118.4373,118.9964,112.3337,113.9644,375783.0,43460437.7
2015-12-08,113.6849,118.2509,110.8894,114.1042,519815.0,59596148.35
2015-12-09,115.0826,116.2009,112.986,113.9644,287881.0,32875088.8
2015-12-10,113.6849,116.294,111.4485,114.8497,223002.0,25463482.05
2015-12-11,114.6167,117.3657,112.4735,113.219,218994.0,25230397.15
2015-12-14,113.0792,114.3372,111.7746,113.0792,155350.0,17560381.7
2015-12-15,113.6849,115.9679,111.9144,114.7099,124873.0,14208920.65
2015-12-16,115.7349,116.5736,112.753,113.8713,109228.0,12557318.3
2015-12-17,114.1508,116.0145,112.986,113.7781,318342.0,36541905.4
2015-12-18,114.1508,115.4554,112.3803,114.4304,119249.0,13659820.1
2015-12-21,114.6167,114.9895,112.2871,112.4735,123553.0,13982335.05
2015-12-22,112.6133,114.3838,112.2871,112.5667,73100.0,8278952.2
2015-12-23,112.753,116.8531,111.2621,114.6167,392970.0,44989487.6
2015-12-24,115.0826,116.2009,112.7996,114.5701,189179.0,21701751.15
2015-12-28,114.5701,117.8782,113.6849,117.5054,268151.0,31425359.25
2015-12-29,117.8782,121.4658,117.785,120.8601,561366.0,67700976.05
2015-12-30,121.7919,122.0715,117.8782,119.0896,182074.0,21892067.25
2015-12-31,118.6237,122.0715,117.8782,121.1862,168830.0,20386565.4
2016-01-01,121.4192,128.1285,119.2759,125.5659,495354.0,61856627.65
2016-01-04,124.5874,125.7988,118.9032,121.6056,206175.0,25180282.5
2016-01-05,122.5374,125.5193,120.4873,121.9783,319437.0,39128781.05
2016-01-06,122.4908,123.7488,120.3942,121.6521,180736.0,22152169.85
2016-01-07,120.6737,120.7203,112.8928,114.3372,137930.0,16084258.1
2016-01-08,113.6849,118.1577,113.6849,116.1543,77472.0,9032710.8
2016-01-11,115.0826,116.294,114.1508,115.5486,122031.0,14069347.55
2016-01-12,116.1543,117.8782,114.3838,114.9895,346411.0,40296639.2
2016-01-13,116.2475,116.7134,106.6029,112.3337,187160.0,20730739.8
2016-01-14,112.2871,114.6167,108.7927,113.9178,93829.0,10463086.35
2016-01-15,113.2656,114.0576,107.8609,108.3734,61032.0,6753889.85
2016-01-18,108.0006,108.3734,103.9005,106.4631,93172.0,9869428.05
2016-01-19,105.904,109.0257,104.8324,108.6063,73787.0,7907169.6
2016-01-20,107.162,110.1905,105.7642,108.4666,118687.0,12800267.35
2016-01-21,108.9325,109.4916,105.2983,105.8108,68261.0,7345935.15
2016-01-22,106.6961,109.7245,105.5778,107.7211,91474.0,9852948.7
2016-01-25,108.0938,112.7996,108.0006,111.8212,139301.0,15397896.8
2016-01-27,110.8894,115.7815,110.8894,112.1007,301201.0,34100318.65
2016-01-28,113.1724,113.6849,109.9575,110.2837,54841.0,6105182.55
2016-01-29,112.2405,112.2405,107.9075,108.6063,129690.0,14184657.05
2016-02-01,108.6063,108.6529,103.9005,105.2983,151161.0,16062774.3
2016-02-02,104.5994,107.6279,104.5994,105.904,59477.0,6335257.25
2016-02-03,105.2983,106.2301,103.9005,104.1801,51131.0,5353942.95
2016-02-04,105.2983,105.2983,102.5028,103.0619,63436.0,6567486.7
2016-02-05,102.5959,103.7142,102.5028,102.8289,15768.0,1621502.8
2016-02-08,102.9687,104.3664,102.5494,103.5744,20344.0,2109610.15
2016-02-09,102.9687,105.0653,102.0368,104.5994,62757.0,6526569.65
2016-02-10,103.4346,105.1119,102.0368,102.4096,28819.0,2982271.0
2016-02-11,102.0368,102.5494,98.3095,100.4993,184488.0,18467452.25
2016-02-12,98.3095,99.7072,94.7219,98.0765,146796.0,14377623.65
2016-02-15,98.7754,101.105,97.1447,98.1231,33975.0,3375403.4
2016-02-16,97.8435,99.7072,96.3526,98.4027,38135.0,3729540.25
2016-02-17,99.6606,99.6606,95.0946,98.0765,46196.0,4486830.8
2016-02-18,97.1913,99.7072,97.1913,98.3561,18293.0,1804245.0
2016-02-19,97.8435,97.8435,93.8366,95.2344,190946.0,18324391.65
2016-02-22,93.2775,97.797,93.2775,96.6787,33268.0,3181121.35
2016-02-23,96.4458,99.2413,95.7003,98.2629,36142.0,3524222.0
2016-02-24,99.1481,101.0584,96.9117,100.1732,34869.0,3465757.25
2016-02-25,99.3811,102.3164,98.3561,101.105,38592.0,3876799.2
2016-02-26,100.6391,101.105,98.4958,100.5925,111660.0,11199099.45
2016-02-29,101.0118,101.105,96.9117,99.9868,50298.0,4979589.2
2016-03-01,99.7538,101.0118,99.7072,100.6391,142463.0,14337889.25
2016-03-02,101.105,101.105,98.7754,99.2879,31886.0,3196640.35
2016-03-03,98.3561,100.4993,97.8435,98.3561,46047.0,4551978.4
2016-03-04,98.822,99.2413,96.9117,97.0981,47555.0,4661839.35
2016-03-08,101.105,101.2914,98.3095,98.8686,72307.0,7227348.05
2016-03-09,98.3095,99.9402,97.0981,99.7072,49979.0,4927592.2
2016-03-10,99.7072,100.1732,97.8435,98.1697,22615.0,2224431.15
2016-03-11,98.1231,100.2663,97.1447,99.7538,92160.0,9134730.75
2016-03-14,100.6391,101.105,97.564,97.9367,37787.0,3724042.5
2016-03-15,97.8435,98.2163,95.5139,97.2844,77016.0,7481252.6
2016-03-16,96.7253,97.8435,96.7253,97.0515,16965.0,1645871.95
2016-03-17,98.6054,99.1234,97.4753,97.9462,22066.0,2168840.2
2016-03-18,97.9462,98.888,97.2869,98.1345,28923.0,2837573.75
2016-03-21,99.3118,99.3118,97.9462,98.6054,27269.0,2684494.65
2016-03-22,97.0986,99.5943,97.0986,98.1345,37965.0,3746701.7
2016-03-23,98.0874,98.6525,97.7578,98.0874,227014.0,22289500.7
2016-03-28,99.2647,99.2647,97.1927,97.4753,17250.0,1688510.15
2016-03-29,97.7578,98.6996,96.7219,98.1345,56416.0,5501379.65
2016-03-30,97.9462,99.3118,97.6166,98.37,17483.0,1719018.05
2016-03-31,98.8409,99.3589,97.9462,98.2287,27857.0,2742033.35
2016-04-01,98.2287,98.888,97.4753,97.7107,45021.0,4411884.55
2016-04-04,99.1234,99.7356,97.4753,99.1705,39712.0,3910353.4
2016-04-05,98.5113,100.0181,98.1816,99.2647,27129.0,2700990.9
2016-04-06,100.6774,100.6774,98.4171,99.453,21736.0,2161257.0
2016-04-07,99.5943,99.8768,98.4171,99.7356,20436.0,2034819.4
2016-04-08,99.6885,100.2065,98.4642,99.0292,14959.0,1486891.85
2016-04-11,100.6774,101.9017,99.3589,100.0652,62563.0,6276981.75
2016-04-12,99.406,105.0096,99.406,103.9265,110410.0,11279852.7
2016-04-13,106.4223,108.1646,101.2895,102.2313,276966.0,28923147.65
2016-04-18,100.8657,103.4086,100.3477,100.9128,292039.0,29896175.2
2016-04-20,100.5361,101.6663,99.6414,100.2065,62916.0,6314390.05
2016-04-21,100.2065,101.525,99.8298,100.3007,190747.0,19063643.7
2016-04-22,99.5001,101.1483,99.5001,100.2065,33826.0,3388756.55
2016-04-25,101.4779,101.4779,98.4171,98.7938,106165.0,10519834.75
2016-04-26,98.8409,99.5472,98.4171,98.6054,79494.0,7850338.15
2016-04-27,98.888,99.3589,98.1816,98.7467,32368.0,3192975.3
2016-04-28,99.1234,99.8298,96.5806,97.0044,198630.0,19553469.55
2016-04-29,97.0044,97.5224,95.5446,96.816,71447.0,6905850.4
2016-05-02,97.7578,97.7578,95.9684,96.8631,28476.0,2752666.6
2016-05-03,96.0626,97.9462,96.0626,96.7689,222671.0,21572294.2
2016-05-04,96.9573,97.7107,95.5446,95.9213,110053.0,10584559.15
2016-05-05,96.1568,96.9102,95.7801,96.1097,174879.0,16800757.0
2016-05-06,96.0626,96.4864,94.4616,94.6028,154504.0,14702758.2
2016-05-09,96.0155,98.7467,95.1208,97.6166,59668.0,5781876.2
2016-05-10,97.4753,98.3229,95.5917,96.298,78830.0,7582106.8
2016-05-11,95.215,98.888,95.1208,98.1345,47488.0,4613188.45
2016-05-12,98.6996,101.1483,97.6636,100.3477,87306.0,8667953.85
2016-05-13,99.406,102.561,99.3589,101.9959,87234.0,8841730.7
2016-05-16,102.6551,103.126,99.5472,101.7604,87068.0,8808615.7
2016-05-17,102.1371,108.1175,101.3837,106.281,283797.0,30050333.4
2016-05-18,105.4805,105.4805,101.9959,103.8795,302050.0,31269930.1
2016-05-19,104.5858,105.0096,102.6551,103.4086,72654.0,7532721.0
2016-05-20,103.5969,103.644,99.3589,102.7493,107139.0,10870630.65
2016-05-23,102.7493,104.0678,100.489,103.644,69352.0,7112015.2
2016-05-24,102.6551,104.2562,101.8075,103.4557,110404.0,11422380.2
2016-05-25,103.5969,105.9043,101.2895,102.6551,148481.0,15219063.8
2016-05-26,102.8435,103.4557,100.8657,101.5721,102516.0,10489864.2
2016-05-27,101.2424,101.2424,99.8298,100.4419,50093.0,5026928.3
2016-05-30,99.8298,102.1842,99.3589,99.5943,39051.0,3913215.9
2016-05-31,99.8298,101.4779,98.5113,99.971,99790.0,9989679.75
2016-06-01,100.3007,100.3007,99.2176,99.5472,40120.0,4007451.8
2016-06-02,99.406,103.4086,99.3589,101.7604,108218.0,10998082.8
2016-06-03,101.7604,103.3144,99.0763,99.406,47966.0,4815821.2
2016-06-06,100.5361,101.5721,98.888,100.1594,23648.0,2363822.75
2016-06-07,100.5832,101.7133,99.5472,100.3948,49039.0,4940628.1
2016-06-08,101.525,103.5969,100.489,100.9599,126369.0,12883758.85
2016-06-09,101.525,101.7133,99.8298,100.1594,62363.0,6272080.85
2016-06-10,100.5361,101.6192,99.5001,100.0652,51032.0,5130435.2
2016-06-13,100.0652,100.5832,98.9351,99.7356,28158.0,2808360.85
2016-06-14,99.2647,100.489,99.0763,100.0181,32277.0,3223391.95
2016-06-15,100.489,105.6218,99.6885,104.2091,199731.0,20788872.3
2016-06-16,105.0096,106.5636,103.644,105.0096,87340.0,9211901.9
2016-06-17,105.9985,108.3059,105.0096,106.281,138897.0,14850143.65
2016-06-20,105.4805,109.2477,105.0567,106.9874,88957.0,9575028.35
2016-06-21,106.8932,108.2117,105.0567,105.4334,32917.0,3496262.75
2016-06-22,105.4805,107.1757,103.644,104.0678,37287.0,3930434.65
2016-06-23,103.8795,105.9514,103.644,105.198,29893.0,3134078.5
2016-06-24,102.6551,104.3504,100.7716,103.6911,79802.0,8155758.95
2016-06-27,103.5969,107.317,103.1731,105.9514,76813.0,8113473.35
2016-06-28,105.5276,107.2228,105.1038,106.281,246541.0,26228432.0
2016-06-29,106.1398,106.4223,102.1842,104.7742,88887.0,9281375.8
2016-06-30,106.4223,107.1757,104.9625,106.3752,59916.0,6348729.8
2016-07-01,107.7879,107.7879,105.1038,105.9514,87849.0,9374529.4
2016-07-04,105.9514,108.1175,105.9514,106.4694,78779.0,8427450.45
2016-07-05,107.1757,107.1757,104.1149,104.9154,72648.0,7648392.5
2016-07-07,103.8324,106.3281,102.8906,103.7382,79992.0,8367341.3
2016-07-08,103.5969,105.6218,103.2202,104.8683,69270.0,7208484.55
2016-07-11,106.3281,106.4223,103.644,105.3863,84425.0,8864036.45
2016-07-12,104.6329,105.4805,103.8324,104.5387,49833.0,5206375.55
2016-07-13,104.0678,105.4805,103.126,104.9154,183286.0,19040523.4
2016-07-14,105.2451,108.3059,105.2451,106.9403,227981.0,24308431.0
2016-07-15,106.7048,119.1365,106.6577,110.3307,801399.0,90149635.45
2016-07-18,110.2365,112.073,107.9292,108.4001,119064.0,12951882.2
2016-07-19,109.2477,112.073,106.5636,107.7879,145922.0,16004388.2
2016-07-20,107.835,108.7768,106.4223,107.1286,41167.0,4422794.85
2016-07-21,107.5995,111.6021,106.9874,109.6715,119536.0,13102816.8
2016-07-22,109.8127,109.8127,106.4223,107.1757,69038.0,7425671.2
2016-07-25,108.0233,110.5662,107.1757,109.954,114187.0,12475034.25
2016-07-26,109.8598,111.3196,109.2477,110.2365,71782.0,7924466.05
2016-07-27,109.4831,111.2725,108.7768,110.8487,82322.0,9054273.0
2016-07-28,111.6021,111.6492,107.8821,108.2588,90671.0,9907385.4
2016-07-29,109.6244,112.073,109.1064,110.99,104170.0,11549801.05
2016-08-01,111.9318,112.073,110.1895,111.7434,56024.0,6221489.65
2016-08-02,112.073,112.9677,107.835,109.6244,101006.0,11233621.25
2016-08-03,107.0815,107.0815,104.5387,105.198,234879.0,24804538.7
2016-08-04,104.3504,106.0456,103.7382,104.2562,138380.0,14478377.55
2016-08-05,104.6329,105.4805,103.3144,104.5387,106788.0,11155009.7
2016-08-08,105.4334,105.4805,103.8795,104.4916,83357.0,8709838.55
2016-08-09,103.644,105.2921,103.5498,103.7853,130556.0,13563947.9
2016-08-10,103.1731,104.2091,103.1731,103.7382,15900.0,1648892.05
2016-08-11,103.1731,105.0096,102.7493,103.3144,50654.0,5241038.95
2016-08-12,103.5969,107.3641,102.2784,106.5165,180740.0,18795617.65
2016-08-16,106.3752,107.3641,105.5276,107.0815,23631.0,2523596.5
2016-08-17,107.1286,107.7879,103.7382,103.8795,162838.0,17077837.95
2016-08-18,104.9625,106.2339,103.126,103.7853,135844.0,14147845.1
2016-08-19,102.8906,107.7408,102.8906,105.9985,116725.0,12377390.7
2016-08-22,107.2228,107.3641,105.1509,106.6577,40902.0,4371060.0
2016-08-23,106.5636,110.6603,106.4223,108.3059,195885.0,21196268.8
2016-08-24,107.4112,108.4471,106.1868,107.8821,38280.0,4123407.55
2016-08-25,108.2588,108.3059,105.4805,107.317,34954.0,3745697.0
2016-08-26,107.3641,107.5524,105.763,106.0456,26050.0,2772208.7
2016-08-29,105.0567,107.3641,105.0567,106.5636,32980.0,3514767.9
2016-08-30,107.7408,107.7879,105.198,105.6218,44148.0,4685536.6
2016-08-31,105.5747,106.3281,102.8906,103.5969,127360.0,13217841.0
2016-09-01,103.5969,104.8212,102.1842,102.608,86564.0,8980435.4
2016-09-02,102.608,103.0789,101.8546,102.1842,19701.0,2015860.85
2016-09-06,102.608,108.0704,101.7133,107.7408,294989.0,30956838.35
2016-09-07,107.4112,108.6826,105.6218,108.2588,151586.0,16365538.7
2016-09-08,108.918,108.918,105.0096,105.3392,68989.0,7295056.75
2016-09-09,105.4805,107.9292,104.6329,106.2339,67561.0,7189380.45
2016-09-12,106.1398,106.1398,103.5969,104.9154,91135.0,9563931.95
2016-09-14,104.8683,105.4805,104.1149,104.8683,30199.0,3163645.0
2016-09-15,105.9514,105.9514,103.2202,103.644,45333.0,4709075.55
2016-09-16,104.3033,104.9625,101.9959,102.2313,62640.0,6465341.3
2016-09-19,103.126,104.4445,102.2313,102.5139,47905.0,4937838.85
2016-09-20,102.3255,103.3144,100.7716,102.1842,64032.0,6517580.55
2016-09-21,101.7133,103.5027,101.7133,102.2784,30758.0,3155543.6
2016-09-22,102.7493,103.8795,101.8546,102.5139,38853.0,3997659.5
2016-09-23,103.2202,105.8572,101.9017,105.4805,175897.0,18325106.5
2016-09-26,105.4805,106.0927,102.4668,103.126,67842.0,7011627.4
2016-09-27,102.8906,104.5387,102.1842,102.5139,18667.0,1918602.7
2016-09-28,103.3615,107.3641,102.7493,104.9625,90627.0,9562349.9
2016-09-29,103.6911,105.8572,100.8657,101.8546,61951.0,6365439.9
2016-09-30,100.7716,104.0678,100.3477,103.7382,72598.0,7427240.5
2016-10-03,103.7382,105.7159,102.9377,104.9154,87645.0,9130113.0
2016-10-04,104.0678,106.0927,102.9848,104.4916,62030.0,6439421.55
2016-10-05,105.0096,105.0096,103.4557,103.9265,28926.0,3012704.5
2016-10-06,103.5969,104.9154,103.5969,104.4445,16779.0,1751921.4
2016-10-07,103.0318,104.8212,103.0318,104.3033,19023.0,1984181.55
2016-10-10,103.8324,104.9625,102.7493,102.8906,32433.0,3358116.05
2016-10-13,103.2202,104.4445,101.7133,102.2313,120857.0,12404408.3
2016-10-14,103.2202,104.0207,101.3837,103.5969,27979.0,2885500.4
2016-10-17,102.9377,104.4916,101.3837,102.043,22701.0,2329920.35
2016-10-18,102.9848,102.9848,101.2895,101.8546,38654.0,3942019.05
2016-10-19,102.0901,103.5969,101.525,102.3255,45844.0,4689093.0
2016-10-20,102.7493,104.1149,102.2784,102.9377,37544.0,3877184.65
2016-10-21,102.2784,103.5969,101.7604,102.8435,31052.0,3187102.7
2016-10-24,103.2202,103.7853,102.3726,103.1731,47930.0,4942166.0
2016-10-25,103.0789,103.5027,102.6551,103.0318,14462.0,1487811.65
2016-10-26,103.2202,113.5799,103.2202,107.1286,2621029.0,280057614.8
2016-10-27,106.3281,107.5995,103.3615,105.2921,155324.0,16435849.9
2016-10-28,105.1509,106.5636,103.8795,104.68,73857.0,7781234.55
2016-10-30,104.0207,106.3281,103.5498,104.9625,38190.0,3987099.4
2016-11-01,105.4334,107.3641,104.2091,104.7271,55303.0,5816919.6
2016-11-02,103.5969,104.5387,102.1842,102.7022,76684.0,7904065.3
2016-11-03,102.6551,104.3504,101.3366,101.8075,47638.0,4901950.65
2016-11-04,100.7716,103.5498,97.9462,101.6192,120465.0,12151852.15
2016-11-07,101.6192,103.126,100.7716,101.7604,36091.0,3668503.5
2016-11-08,101.7133,102.2784,100.8657,101.525,32199.0,3264009.45
2016-11-09,94.179,101.4779,85.9384,100.7716,238717.0,23605887.15
2016-11-10,100.3477,102.1371,98.5113,99.1705,49036.0,4919072.5
2016-11-11,97.9462,99.7827,97.9462,99.2647,113973.0,11313416.1
2016-11-15,97.9462,99.8298,94.179,98.7938,155005.0,15113902.9
2016-11-16,100.6774,100.6774,94.4616,98.6054,82381.0,8005879.55
2016-11-17,98.8409,98.8409,95.1208,95.4033,27911.0,2687536.95
2016-11-18,96.0626,97.9462,95.1208,97.7578,37119.0,3587748.05
2016-11-21,97.0044,97.9462,92.3425,94.8383,159643.0,15123629.05
2016-11-22,94.179,96.5335,93.2372,96.2039,61023.0,5799418.0
2016-11-23,96.4864,96.5335,95.1208,95.6388,10776.0,1032241.7
2016-11-24,96.298,96.3451,94.697,95.1679,10428.0,993242.45
2016-11-25,95.9684,96.0626,94.179,95.1679,47331.0,4495200.3
2016-11-28,94.6499,95.9213,94.2732,95.0737,12852.0,1223211.8
2016-11-29,94.4616,96.2039,92.2954,93.1901,52252.0,4928198.9
2016-11-30,94.0848,97.6636,93.6139,96.5335,76688.0,7321490.15
2016-12-01,96.5335,97.0044,95.3092,96.1097,14625.0,1405565.6
2016-12-02,95.3563,96.298,94.3203,96.0626,45733.0,4372896.7
2016-12-05,96.0626,96.0626,93.7081,94.2261,82376.0,7777860.85
2016-12-06,95.0737,95.1208,93.8023,94.3674,14224.0,1345418.3
2016-12-07,94.8854,95.0737,93.8023,93.9907,27710.0,2611519.7
2016-12-08,93.8494,94.5557,93.7552,93.9907,38652.0,3634408.9
2016-12-09,93.9907,94.9795,92.8605,93.4256,42984.0,4015873.2
2016-12-12,94.179,94.179,92.5309,93.2843,20796.0,1942835.3
2016-12-13,93.2372,94.5557,93.2372,94.179,13931.0,1307910.55
2016-12-14,93.8965,96.816,93.8494,94.2261,55771.0,5300005.85
2016-12-15,93.2843,96.5335,93.2843,94.7912,34698.0,3284408.65
2016-12-16,95.1208,95.4975,94.2732,94.7441,38252.0,3625093.15
2016-12-19,94.9325,94.9795,93.2372,94.179,201647.0,18989443.2
2016-12-20,93.5198,94.4145,91.6362,92.2483,26507.0,2464035.35
2016-12-21,92.2954,92.578,90.506,90.7415,22765.0,2082859.05
2016-12-22,91.6833,91.6833,89.7997,90.3648,27227.0,2462205.7
2016-12-23,89.7526,91.3066,88.8108,89.423,17788.0,1597626.5
2016-12-26,88.5283,89.2817,86.6447,86.9743,43757.0,3842360.6
2016-12-27,86.9743,89.2817,85.9384,88.3399,30307.0,2666542.4
2016-12-28,88.9992,89.3759,87.4923,87.8219,25690.0,2269732.4
2016-12-29,88.4812,88.4812,87.1156,87.6336,26456.0,2320290.7
2016-12-30,88.4812,89.8939,87.8219,89.5172,21351.0,1903503.55
2017-01-02,90.3648,92.2954,88.9992,91.542,16977.0,1540422.1
2017-01-03,90.9769,92.2954,90.1293,91.3066,51332.0,4681320.7
2017-01-04,92.2013,92.2013,89.4701,90.2706,41577.0,3758535.65
2017-01-05,90.4119,91.3536,90.2235,90.6002,36983.0,3356211.3
2017-01-06,91.2595,91.542,90.4119,90.9769,32523.0,2957197.85
2017-01-09,91.7775,91.8245,90.8828,91.4478,11692.0,1070188.3
2017-01-10,91.7775,94.7441,90.6002,93.0018,121908.0,11388288.45
2017-01-11,93.143,93.8965,91.3536,91.7775,21847.0,2021086.95
2017-01-12,91.3536,92.2954,90.9769,91.4949,33759.0,3089345.8
2017-01-13,91.3536,92.1071,89.5642,90.6473,55500.0,5023931.45
2017-01-16,90.6473,91.0711,89.5642,90.7415,15286.0,1382479.9
2017-01-17,89.7997,91.2124,89.7997,90.8357,16594.0,1504220.0
2017-01-18,91.3066,93.4727,90.6944,93.143,33522.0,3103419.7
2017-01-19,93.661,93.9436,92.578,93.7081,15650.0,1460417.8
2017-01-20,94.1319,94.5557,92.7663,92.9547,24957.0,2337001.25
2017-01-23,93.661,94.179,90.6002,93.7081,45258.0,4187411.7
2017-01-24,93.3785,94.6499,92.8605,93.5198,66685.0,6230492.2
2017-01-25,93.7081,95.1208,92.3896,93.2843,43039.0,4022492.0
2017-01-27,92.8605,94.8854,92.8605,93.9907,43555.0,4096924.7
2017-01-30,94.179,95.1208,93.7081,94.4616,69305.0,6553725.75
2017-01-31,95.0266,95.0266,93.0018,93.661,41707.0,3894845.55
2017-02-01,93.2843,95.5917,93.2372,94.9325,35885.0,3387527.8
2017-02-02,95.215,95.9684,93.8494,94.4145,45403.0,4309236.0
2017-02-03,94.9795,97.852,94.179,97.4282,149609.0,14430289.85
2017-02-06,97.9462,101.7133,97.9462,98.888,125928.0,12541421.3
2017-02-07,98.9351,99.3589,98.0404,98.37,58322.0,5742649.65
2017-02-08,98.37,99.8298,98.1816,98.4642,35975.0,3557208.45
2017-02-09,98.5583,102.043,98.1345,98.4642,140454.0,13978478.55
2017-02-10,99.1705,100.6303,98.6054,99.0292,476256.0,47327434.85
2017-02-13,98.5113,99.3589,98.1816,99.1234,90098.0,8907980.55
2017-02-14,100.0181,101.7133,98.1816,98.888,396973.0,39729532.25
2017-02-15,98.4642,99.2176,96.5335,96.9102,46515.0,4561340.6
2017-02-16,96.8631,97.2398,95.4504,96.298,118681.0,11422155.7
2017-02-17,97.9462,98.6054,96.1568,96.7219,278757.0,27096506.95
2017-02-20,96.298,96.7689,95.3092,95.733,55625.0,5340101.35
2017-02-21,96.4864,97.334,95.5917,95.8742,45391.0,4380377.65
2017-02-22,95.7801,97.4282,95.7801,96.298,66624.0,6434668.4
2017-02-23,96.1097,98.2758,96.0626,97.0515,95350.0,9285659.2
2017-02-27,96.6748,98.0404,96.0626,97.0044,112358.0,10893095.6
2017-02-28,96.6277,97.0986,96.0626,96.4864,188131.0,18131490.9
2017-03-01,97.6166,101.1483,97.0515,99.8768,288020.0,28645070.35
2017-03-02,100.6303,101.6192,98.1816,100.8186,155199.0,15538261.9
2017-03-03,100.7716,104.0678,99.8298,103.5027,166693.0,17158706.35
2017-03-06,103.5027,104.9625,98.888,98.9821,321317.0,32340279.7
2017-03-07,100.3007,101.2424,99.8298,100.4419,26674.0,2679912.35
2017-03-08,100.4419,100.7716,97.7578,100.0181,235317.0,23374710.75
2017-03-09,99.7827,104.2562,99.3118,100.489,216071.0,22011574.1
2017-03-10,100.7716,101.3366,98.4171,99.1234,88969.0,8840553.25
2017-03-14,100.7716,105.3863,100.2065,104.5858,307549.0,31637763.15
2017-03-15,104.5858,104.5858,102.2313,102.608,58467.0,6019853.45
2017-03-16,102.1842,103.4557,101.5721,102.1842,52210.0,5337324.35
2017-03-17,102.7022,103.5969,100.0652,101.525,124379.0,12688807.05
2017-03-20,102.1842,102.1842,99.453,99.971,103686.0,10433530.75
2017-03-21,100.3007,101.7133,99.406,99.8298,93382.0,9367987.25
2017-03-22,99.406,100.7716,97.6636,98.2287,115502.0,11429320.7
2017-03-23,98.4171,102.6551,98.0874,102.0901,356433.0,35915531.25
2017-03-24,101.9488,106.0456,101.9488,104.7271,178811.0,18573817.25
2017-03-27,104.5387,105.0096,103.5969,104.1149,47204.0,4911851.35
2017-03-28,103.6911,107.835,103.2673,106.9874,136946.0,14532167.55
2017-03-29,107.3641,111.0371,107.3641,109.9069,279828.0,30735132.65
2017-03-30,110.6603,113.9566,110.4249,113.5328,348327.0,39353207.6
2017-03-31,113.5328,114.663,112.073,113.4386,79747.0,9062709.1
2017-04-03,113.9566,115.2751,111.4609,112.073,162855.0,18421209.85
2017-04-05,112.3085,115.3222,112.073,113.4857,266811.0,30364583.35
2017-04-06,114.2862,114.8042,110.6603,112.073,158780.0,17848293.85
2017-04-07,111.3196,114.8984,111.1312,114.5688,101500.0,11538736.75
2017-04-10,115.8402,116.3111,113.5328,114.9926,90583.0,10416344.3
2017-04-11,115.7931,118.0534,115.5577,117.5825,288451.0,33700253.95
2017-04-12,117.7238,118.1947,115.0397,117.2058,103331.0,12105662.15
2017-04-13,117.2058,119.1835,115.1809,116.9233,129762.0,15265672.1
2017-04-17,117.6296,117.6767,115.6518,117.2058,101537.0,11860412.7
2017-04-18,117.7238,122.5269,117.5825,121.4909,531952.0,64533147.9
2017-04-19,123.8454,127.848,122.4327,124.7401,847491.0,105902746.05
2017-04-20,125.6819,126.9062,123.9867,124.8814,348905.0,43675243.8
2017-04-21,125.9644,125.9644,123.8925,124.4105,128225.0,16000081.8
2017-04-24,124.3634,125.2581,120.5491,121.4909,112513.0,13861485.8
2017-04-25,121.4909,125.5877,120.3608,123.092,536245.0,65890308.65
2017-04-26,125.6348,127.0475,123.1391,125.2581,394043.0,49064749.7
2017-04-27,126.5766,128.3189,123.8454,124.7401,244069.0,30458048.75
2017-04-28,125.729,126.7179,123.8925,124.3163,106903.0,13398554.2
2017-05-02,123.8454,125.8703,121.9618,123.8925,165803.0,20519744.4
2017-05-03,123.0449,127.6126,123.0449,126.9062,141090.0,17753402.55
2017-05-04,126.6708,127.5184,123.8925,124.8343,113619.0,14185684.15
2017-05-05,126.1999,126.9062,123.8925,125.9644,167682.0,21049533.6
2017-05-08,127.0475,127.0475,122.9036,124.3634,89944.0,11139198.95
2017-05-09,125.211,130.4379,124.0809,128.0364,867236.0,109264092.7
2017-05-10,128.7427,129.4962,127.4242,128.6015,105962.0,13639588.15
2017-05-11,128.9311,129.4962,126.1999,127.0475,87471.0,11125903.05
2017-05-12,127.8009,128.0835,123.9396,124.8814,81422.0,10213350.4
2017-05-15,124.9756,128.4131,124.9756,127.9422,192016.0,24398636.25
2017-05-16,126.4824,132.6982,126.4824,131.5681,497763.0,65104813.3
2017-05-17,132.0861,136.8421,131.003,135.5707,804634.0,108081622.2
2017-05-18,135.0998,135.1469,131.9448,132.9808,166957.0,22259303.8
2017-05-19,134.4876,136.3712,131.3797,135.9003,285599.0,38386782.95
2017-05-22,136.7008,139.7617,134.7231,135.6178,253709.0,34866976.9
2017-05-23,135.6178,136.4183,129.0253,132.2273,138732.0,18254139.15
2017-05-24,132.3215,134.6289,129.6374,132.0861,155737.0,20579801.55
2017-05-25,129.4962,135.1469,129.4962,134.3935,405764.0,53210552.0
2017-05-26,133.3104,136.277,133.2162,134.2522,114168.0,15346521.95
2017-05-29,134.2522,134.9585,128.366,129.402,195896.0,25519665.05
2017-05-30,128.1776,132.2273,127.6126,129.8729,218249.0,28278387.6
2017-05-31,128.0835,129.8729,125.729,128.2247,213515.0,27280918.05
2017-06-01,129.4491,129.967,126.9533,127.2359,146153.0,18638483.7
2017-06-02,127.5184,128.9782,126.1999,126.5295,87693.0,11191784.0
2017-06-05,127.1417,128.8369,121.8677,123.8454,205975.0,25617940.0
2017-06-06,124.9756,124.9756,122.4327,123.0449,40362.0,4974567.55
2017-06-07,123.092,125.729,122.9507,124.4576,86735.0,10798046.05
2017-06-08,124.4576,127.5184,124.4576,125.7761,1227973.0,153882174.4
2017-06-09,125.3523,126.6708,124.3634,124.9756,86773.0,10908362.65
2017-06-12,126.1057,126.1057,122.6682,123.092,43659.0,5408325.1
2017-06-13,125.1168,125.1639,122.8565,124.6459,80738.0,10004297.05
2017-06-14,125.729,129.4962,125.1168,127.0475,606893.0,77965303.2
2017-06-15,127.1417,127.8009,124.0338,124.3163,34446.0,4319844.7
2017-06-16,126.812,126.812,121.0671,121.9147,66118.0,8147458.9
2017-06-19,123.7512,124.3163,119.3248,122.2915,97057.0,11828067.25
2017-06-20,122.7153,125.6348,121.9618,124.5047,67752.0,8382611.2
2017-06-21,124.4105,134.2051,123.3745,129.6845,447450.0,58440184.5
2017-06-22,129.1194,133.2633,127.2359,128.2247,392208.0,50927904.5
2017-06-23,128.0835,131.3797,123.6571,129.3549,184396.0,23336549.7
2017-06-27,129.3549,131.3797,124.4105,128.9782,127463.0,16376664.25
2017-06-28,128.5544,129.7787,125.8232,128.884,68644.0,8838878.05
2017-06-29,128.884,130.4379,128.1776,129.8258,45321.0,5871570.0
2017-06-30,130.3438,130.3438,127.5184,128.3189,46321.0,5956666.6
2017-07-03,129.3078,129.4491,126.4353,127.2359,63711.0,8129736.05
2017-07-04,126.2941,128.0835,125.729,126.1528,33481.0,4237151.9
2017-07-05,126.3882,129.4962,125.9173,129.0723,74615.0,9542901.05
2017-07-06,129.4962,129.4962,127.1417,127.7068,33694.0,4315773.25
2017-07-07,129.4962,132.7924,128.2247,131.1914,163504.0,21422598.2
2017-07-10,131.8506,132.9808,128.1306,130.1083,32591.0,4246175.65
2017-07-11,131.3326,132.2744,129.2136,130.9088,250186.0,32790571.3
2017-07-12,131.6623,133.2162,128.0835,130.0612,103653.0,13423060.8
2017-07-13,130.8147,133.7342,129.4491,132.7453,77539.0,10202363.55
2017-07-14,132.2273,135.6178,129.2607,132.3686,143846.0,19129457.15
2017-07-17,134.5347,134.5347,128.2247,130.7205,87591.0,11412414.25
2017-07-18,129.4962,131.3326,125.4935,126.247,116891.0,14868254.4
2017-07-19,127.4242,132.7924,122.9978,131.5681,662515.0,83201200.75
2017-07-20,132.7924,133.7342,129.1665,131.8977,94307.0,12391436.75
2017-07-21,131.4268,133.2633,129.2607,131.3326,67631.0,8843556.0
2017-07-24,132.1858,132.2806,129.8634,130.6691,52095.0,6815656.15
2017-07-25,130.1478,131.7592,129.3894,130.8113,54547.0,7115459.65
2017-07-26,131.0009,132.2332,127.4936,128.2519,53229.0,6904161.15
2017-07-27,128.2519,137.1623,127.9676,131.5222,362044.0,48373584.6
2017-07-28,130.3847,131.9488,129.3894,130.0056,31308.0,4082618.15
2017-07-31,132.0436,132.8967,129.8634,131.5222,133206.0,17523017.8
2017-08-01,130.8113,132.8967,124.2707,124.9817,172304.0,21949583.75
2017-08-02,126.7827,130.6217,126.5457,127.3988,263556.0,33730238.45
2017-08-03,127.9676,129.3894,123.3228,125.977,77681.0,9804405.85
2017-08-04,126.5457,128.8207,124.2707,125.4082,67246.0,8477605.1
2017-08-07,125.4082,126.7353,121.3322,124.2233,66081.0,8214236.3
2017-08-08,124.9817,126.5457,123.228,126.0244,53282.0,6654232.1
2017-08-09,125.977,125.977,123.2754,124.4603,40322.0,5021043.0
2017-08-10,124.1285,125.0765,122.0905,124.4129,101386.0,12605021.6
2017-08-11,122.7541,124.9817,120.0525,124.5077,86330.0,10602813.3
2017-08-14,125.1238,125.503,122.8489,123.5124,25125.0,3111466.2
2017-08-16,123.228,124.6973,123.228,123.9864,45243.0,5604701.85
2017-08-17,123.702,126.9723,123.702,124.7447,48315.0,6064143.3
2017-08-18,124.4129,128.8207,123.465,128.1572,109572.0,14001072.75
2017-08-21,128.9155,131.5222,128.9155,130.9535,101524.0,13270590.05
2017-08-22,132.2332,132.2332,125.2186,126.5457,137928.0,17557793.6
2017-08-23,125.8822,127.541,124.8395,125.266,97053.0,12227342.2
2017-08-24,126.0244,127.1618,123.7494,124.5077,99690.0,12549913.35
2017-08-28,123.8442,126.5457,123.8442,126.2139,71552.0,9007847.05
2017-08-29,124.6499,127.4462,124.6499,126.6879,320857.0,40627730.3
2017-08-30,125.74,128.0624,125.74,127.0197,54998.0,6986612.5
2017-08-31,127.6358,128.4415,126.8775,127.4936,208327.0,26590490.5
2017-09-01,127.6358,129.579,127.1618,128.9629,43270.0,5565602.85
2017-09-04,127.9676,130.8113,127.4462,128.9629,47835.0,6179204.05
2017-09-05,128.4889,130.1952,128.4889,128.9629,26967.0,3476881.45
2017-09-06,128.5363,128.5363,126.5931,127.9676,47605.0,6075714.7
2017-09-07,127.0671,128.8207,127.0671,127.9676,34486.0,4414505.8
2017-09-08,129.1998,130.3373,127.7306,129.342,84144.0,10789277.5
2017-09-11,130.2899,130.2899,128.9629,129.8634,33394.0,4335912.3
2017-09-12,130.3373,138.9633,129.5316,135.5034,281046.0,37645136.0
2017-09-13,135.5034,140.1956,134.9821,136.2618,169222.0,23236865.1
2017-09-14,137.5888,138.1102,135.456,135.693,90403.0,12334605.8
2017-09-15,135.6456,141.7122,134.5555,139.769,200544.0,27628312.2
2017-09-18,139.3425,141.2383,135.5982,136.3566,80124.0,11151466.5
2017-09-19,137.3045,138.2524,133.0389,137.3993,73463.0,10005379.2
2017-09-20,137.494,138.1102,134.1764,134.5555,39909.0,5425662.5
2017-09-21,134.5555,137.4466,132.9915,134.1764,102288.0,13857683.2
2017-09-22,132.8019,136.8779,130.8113,134.7451,92298.0,12318645.75
2017-09-25,134.6029,134.6029,127.0197,132.2806,132015.0,17307959.2
2017-09-26,132.7071,133.4654,128.9155,129.2946,40298.0,5249260.45
2017-09-27,131.5696,131.5696,127.1145,130.7639,94835.0,12329266.3
2017-09-28,132.0436,132.0436,127.0197,127.7306,74982.0,9598916.5
2017-09-29,129.0103,129.0103,127.0197,128.0624,43568.0,5573614.05
2017-10-03,130.2899,130.2899,126.5931,128.3467,35003.0,4484957.75
2017-10-04,127.1618,129.6264,125.2186,126.3087,25131.0,3193548.9
2017-10-05,125.4082,130.2899,125.4082,128.0624,66548.0,8537098.85
2017-10-06,129.5316,129.5316,127.5884,128.4889,51040.0,6554399.9
2017-10-09,129.1051,130.7639,127.3514,128.7733,45323.0,5876922.2
2017-10-10,129.579,129.8634,127.0197,127.4936,44204.0,5687712.1
2017-10-11,128.5837,128.8207,126.5457,127.2566,46896.0,5997933.6
2017-10-12,127.2566,128.7733,124.6499,128.015,101705.0,13008262.95
2017-10-13,128.8207,130.3373,127.7306,128.9629,66950.0,8634234.6
2017-10-16,129.7212,129.7686,128.4415,128.9629,41253.0,5320933.4
2017-10-17,128.9155,131.5696,126.5457,130.8113,81536.0,10525933.85
2017-10-18,130.6691,131.7592,127.1145,130.1004,90620.0,11736159.05
2017-10-19,131.7118,131.7118,128.4889,129.4842,17188.0,2232401.0
2017-10-23,129.8634,131.5222,127.0197,130.8113,98572.0,12784937.1
2017-10-24,129.4842,134.6029,129.4842,133.7972,92071.0,12288311.95
2017-10-25,135.1717,141.7122,132.9915,140.1482,258240.0,35741261.05
2017-10-26,137.968,139.8164,134.1764,136.6883,97787.0,13367767.6
2017-10-27,138.3946,142.0914,137.1149,141.57,138550.0,19507962.35
2017-10-30,145.0299,149.6747,144.4138,147.1153,835292.0,122746435.9
2017-10-31,147.3997,148.2528,138.3946,145.9778,520133.0,75580986.55
2017-11-01,145.9778,149.2955,142.1862,142.3284,190103.0,27632661.35
2017-11-02,143.4659,145.5039,143.4659,144.082,111180.0,16022793.55
2017-11-03,145.3617,145.4565,144.082,144.082,44243.0,6380151.0
2017-11-06,145.4565,145.4565,141.9018,143.1341,46615.0,6672147.55
2017-11-07,143.1341,143.608,139.8164,143.1341,123327.0,17576152.05
2017-11-08,143.1341,145.5039,142.1862,142.9919,79014.0,11309627.5
2017-11-09,144.082,144.082,141.7122,142.2336,39847.0,5667909.05
2017-11-10,143.1341,145.0773,141.0013,143.3711,109612.0,15635062.1
2017-11-13,142.1862,145.5039,141.6648,142.1862,37647.0,5366849.8
2017-11-14,142.1862,148.5372,142.1862,142.4232,232556.0,33425923.55
2017-11-15,143.1341,146.8783,141.7122,144.4612,282052.0,40842178.25
2017-11-16,142.8023,147.7314,142.8023,147.0205,235822.0,34536988.85
2017-11-17,148.7741,148.9163,146.1674,146.9257,221226.0,32582644.95
2017-11-20,146.9257,148.8215,146.9257,147.7314,73876.0,10925151.3
2017-11-21,148.7268,148.7268,146.4518,147.3997,121629.0,17891454.1
2017-11-22,147.8736,148.3476,143.608,145.2195,111365.0,16362140.85
2017-11-23,144.8877,147.3997,144.082,144.3664,60957.0,8857495.1
2017-11-24,145.7408,153.5611,144.1768,145.9304,305511.0,45711785.2
2017-11-27,146.3096,149.6747,144.6507,146.6888,143871.0,21125583.35
2017-11-28,146.8309,148.3476,141.7122,143.7502,119640.0,17314584.15
2017-11-29,144.082,144.9825,142.1862,142.8023,117778.0,16853561.0
2017-11-30,143.1341,144.9351,140.9539,142.281,156657.0,22391092.75
2017-12-01,144.6034,145.5039,137.968,139.0107,116886.0,16656441.5
2017-12-04,140.3852,140.7169,136.0248,138.6315,137684.0,19055588.8
2017-12-05,140.006,140.006,136.4987,137.9206,127089.0,17535862.5
2017-12-06,138.1576,139.2951,135.5508,137.8258,74169.0,10181697.8
2017-12-07,139.3425,141.1435,135.5508,136.8305,2200216.0,302536808.4
2017-12-08,137.5414,141.7122,135.8826,136.4039,132727.0,18449161.9
2017-12-11,137.9206,138.4893,136.4513,136.9253,45676.0,6273357.95
2017-12-12,139.8164,146.6414,136.7357,137.3519,597723.0,84459578.35
2017-12-13,138.205,140.243,136.6883,137.3519,893019.0,123353309.8
2017-12-14,138.8211,138.8685,136.5935,138.2998,450875.0,62267744.35
2017-12-15,139.8164,141.2383,138.442,140.3378,320628.0,44911023.15
2017-12-18,141.2383,141.2383,136.9727,137.5414,79396.0,10991820.5
2017-12-19,138.205,139.6268,137.4466,137.5414,160658.0,22119217.0
2017-12-20,138.3472,141.2383,137.5888,137.7784,125837.0,17433893.6
2017-12-21,138.7263,141.2383,137.5414,139.9112,254477.0,35503748.25
2017-12-22,141.2383,143.9872,138.4893,139.8638,305571.0,43055240.55
2017-12-26,141.0961,143.9398,139.8164,140.2904,118419.0,16789261.45
2017-12-27,140.5747,141.6174,137.4466,137.6836,190132.0,26347171.5
2017-12-28,137.8732,139.3425,137.731,139.0581,53961.0,7483768.95
2017-12-29,139.2477,142.044,137.3993,137.5414,315082.0,43626156.65
2018-01-01,138.6315,140.1482,138.1102,139.3899,134873.0,18803766.6
2018-01-02,141.1435,141.6174,138.0154,138.7737,91956.0,12826274.4
2018-01-03,140.0534,142.0914,139.3899,141.4279,194163.0,27337845.45
2018-01-04,141.2857,145.0299,141.2857,143.4659,217527.0,31155391.45
2018-01-05,144.6507,146.8309,144.1294,145.9778,171344.0,24952404.4
2018-01-08,151.6653,175.1734,147.8736,174.5098,2068721.0,340121948.6
2018-01-09,177.9223,180.5765,164.462,166.5474,1223069.0,209258252.1
2018-01-10,166.8318,172.3297,166.3104,171.6661,426839.0,72515546.1
2018-01-11,172.3771,178.2067,169.9125,175.7421,412418.0,71725512.7
2018-01-12,176.9744,182.6619,172.0453,182.0457,492038.0,88195982.6
2018-01-15,183.4202,184.842,180.5765,182.9462,441558.0,80743202.45
2018-01-16,182.9462,219.5355,177.7327,204.8903,2280237.0,469504779.3
2018-01-17,203.6106,203.7054,191.0508,194.8425,400402.0,78133930.95
2018-01-18,196.5961,206.3122,189.866,192.0461,735322.0,145522000.8
2018-01-19,193.468,196.2169,182.3301,188.3967,247947.0,46706448.0
2018-01-22,186.4061,203.8002,186.2639,192.9467,322549.0,62793835.0
2018-01-23,194.3211,202.7575,188.0175,190.3399,311061.0,60760256.9
2018-01-24,189.4394,194.3211,185.9795,187.2592,153542.0,29158211.6
2018-01-25,188.6337,191.9987,186.0269,186.88,179062.0,33623343.25
2018-01-29,187.6858,197.1648,183.8941,185.1264,285864.0,53756516.6
2018-01-30,184.842,195.9326,183.8941,188.5389,386928.0,73718294.05
2018-01-31,188.8233,188.8233,177.7327,181.3348,284700.0,52056307.75
2018-02-01,178.6332,187.591,178.2541,180.1499,368730.0,66704647.2
2018-02-02,179.5812,179.6286,172.5192,172.5192,217167.0,37726264.15
2018-02-05,172.0453,173.4671,166.1209,167.3531,202782.0,34392507.8
2018-02-06,163.5141,163.7985,156.8788,160.0543,158775.0,25259670.6
2018-02-07,163.5141,167.7797,163.1823,165.6943,83232.0,13808437.3
2018-02-08,168.538,174.889,164.0355,170.6708,112301.0,19162515.1
2018-02-09,169.2016,176.1213,166.8318,171.6661,242555.0,42038761.8
2018-02-12,174.2255,176.0739,169.6755,170.576,81775.0,14056295.4
2018-02-14,173.1828,174.889,170.6234,173.3724,71120.0,12279466.05
2018-02-15,173.8937,176.69,169.2016,170.6234,50937.0,8848461.15
2018-02-16,172.0453,172.0453,162.8506,167.9219,73391.0,12326992.5
2018-02-19,167.7797,168.9646,161.2865,163.5141,84107.0,13793892.5
2018-02-20,165.0782,169.2016,162.0923,162.898,125277.0,20611801.25
2018-02-21,165.6469,172.0453,162.0923,163.7985,254949.0,42360140.15
2018-02-22,163.0402,170.6234,159.5329,160.623,355149.0,58702584.95
2018-02-23,162.1396,164.936,159.4381,160.0069,149230.0,24166407.5
2018-02-26,161.1443,162.2344,156.9262,158.3954,178381.0,28518811.55
2018-02-27,159.2485,162.0923,158.5376,161.097,131501.0,21088011.7
2018-02-28,159.2485,169.1068,158.9642,164.7464,549332.0,90657225.6
2018-03-01,163.4193,164.8886,159.7225,160.9074,175357.0,28465090.85
2018-03-05,160.9074,162.0923,159.2485,159.2959,157104.0,25088959.4
2018-03-06,161.1443,162.0449,156.4048,156.547,96629.0,15325831.95
2018-03-07,157.9215,158.7272,155.4569,157.3527,106921.0,16841529.3
2018-03-08,157.8267,167.7797,155.4569,162.9928,162910.0,26215494.75
2018-03-09,165.8839,166.3578,162.0449,164.8886,149969.0,24508269.35
2018-03-12,166.3578,166.3578,158.8694,159.9121,71393.0,11489981.05
2018-03-13,159.4855,164.7938,159.4855,160.4334,92115.0,14942812.2
2018-03-14,160.4334,162.3292,158.3006,158.7272,42582.0,6812766.85
2018-03-15,159.9121,161.8079,158.3954,159.5329,389335.0,62688916.3
2018-03-16,161.0496,161.0496,158.3006,158.4428,133983.0,21328779.15
2018-03-19,160.1964,160.1964,156.073,157.4001,178716.0,28278717.9
2018-03-20,157.4001,163.0402,148.158,158.4902,387050.0,60539140.35
2018-03-21,163.0402,163.0402,155.0777,156.4048,2596561.0,412264199.05
2018-03-22,157.9215,157.9215,155.0303,155.7887,52503.0,8207467.4
2018-03-23,154.6986,154.9829,149.4377,151.9496,152404.0,23151932.3
2018-03-26,149.8168,152.471,148.0632,149.5799,182739.0,27322404.5
2018-03-27,152.5658,153.0871,148.9163,151.7601,610858.0,92194624.0
2018-03-28,149.5799,153.0871,147.8736,150.8122,369178.0,55753479.5
2018-04-02,152.2814,154.4142,151.1913,152.8975,347080.0,53049326.1
2018-04-03,151.9496,154.6038,151.9496,152.5184,719391.0,109967685.7
2018-04-04,153.9402,160.1016,152.6132,153.4663,143483.0,22435153.05
2018-04-05,154.9829,162.5188,154.1772,157.9689,1154440.0,182451395.6
2018-04-06,158.7272,160.6704,155.7413,156.7366,92892.0,14687706.75
2018-04-09,158.6798,159.6277,154.746,155.0777,105312.0,16462784.15
2018-04-10,156.4048,158.9642,155.0303,156.8314,1077110.0,168241780.7
2018-04-11,158.2058,158.7746,156.4048,157.0209,741202.0,116638079.95
2018-04-12,157.7793,160.1964,156.7366,159.3907,101470.0,16111696.65
2018-04-13,160.1016,168.7276,159.7225,164.9834,325686.0,53980902.3
2018-04-16,164.699,166.7844,161.8079,163.0402,193319.0,31552104.15
2018-04-17,164.6042,195.6482,162.187,191.0034,3865855.0,719482261.8
2018-04-18,191.8566,202.1414,186.2639,187.9227,3196521.0,619981918.9
2018-04-19,187.6858,189.5816,181.0504,185.9321,1106484.0,204298036.1
2018-04-20,187.1644,194.3211,181.1452,183.4202,419034.0,78264875.45
2018-04-23,182.9462,186.2639,180.9556,181.6666,594022.0,108392006.1
2018-04-24,182.7566,185.2212,175.9791,181.3348,1425165.0,259586929.6
2018-04-25,180.766,180.766,169.2016,171.1448,271537.0,47335179.8
2018-04-26,172.3297,175.363,164.225,165.4573,411463.0,69211044.65
2018-04-27,165.5047,168.6328,162.2818,163.135,425385.0,70068346.85
2018-04-30,165.4099,170.4338,162.3292,166.9266,236004.0,39302567.8
2018-05-02,167.0688,181.9983,167.0688,179.7233,780478.0,137195392.85
2018-05-03,178.965,182.7566,175.363,180.8134,326467.0,58102634.3
2018-05-04,178.2541,181.6666,175.4578,175.9317,95776.0,17012268.75
2018-05-07,175.363,180.1025,173.4671,174.5572,502821.0,88626549.75
2018-05-08,175.7895,180.5291,171.8557,174.4151,310919.0,54823879.95
2018-05-09,177.4958,177.4958,169.9599,171.287,233025.0,40228569.0
2018-05-10,172.0453,172.5192,164.5094,169.249,186382.0,31428567.65
2018-05-11,169.2016,169.9599,160.2912,162.0923,297917.0,48919254.7
2018-05-14,163.4193,164.8886,160.6704,163.7037,134650.0,21889161.3
2018-05-15,163.7037,166.3578,159.3433,161.7131,206467.0,33719318.0
2018-05-16,161.8553,163.5141,157.6371,162.8506,68704.0,11020034.65
2018-05-17,163.5141,165.6943,159.2959,161.3339,153393.0,24923421.6
2018-05-18,161.8553,162.3292,157.5897,158.822,89521.0,14264087.5
2018-05-21,158.3006,158.585,152.708,153.4189,141330.0,21945671.2
2018-05-22,153.5611,158.0163,151.8548,157.0209,143471.0,22264867.4
2018-05-23,157.3527,159.7699,155.5517,158.348,64444.0,10174342.05
2018-05-24,160.1964,160.1964,155.5517,159.2011,165978.0,26319296.7
2018-05-25,159.8173,160.9074,157.8267,159.2959,149615.0,23826474.45
2018-05-28,160.1016,164.5094,158.7746,162.5188,190129.0,30891834.5
2018-05-29,162.898,169.4859,161.3813,168.3958,240867.0,40038963.75
2018-05-30,166.974,172.0453,165.4573,166.3578,259140.0,43975784.75
2018-05-31,167.5901,170.2917,162.2818,167.5427,497031.0,82240120.7
2018-06-01,167.5427,168.3958,163.5615,165.1256,318623.0,52651153.05
2018-06-04,168.0167,168.0167,164.0355,165.1256,356882.0,59138194.15
2018-06-05,168.2537,168.2537,158.3006,159.8647,187393.0,30697497.7
2018-06-06,159.9595,165.5521,159.2959,160.149,121196.0,19550339.45
2018-06-07,159.8647,166.737,159.8647,161.3339,164952.0,26913022.85
2018-06-08,160.7652,170.5286,160.7652,165.2204,485264.0,81160368.0
2018-06-11,164.936,169.2016,163.3245,167.9219,388436.0,64539203.55
2018-06-12,168.7276,172.9932,166.263,170.5286,413505.0,69662995.1
2018-06-13,171.5239,174.889,170.6234,170.813,501207.0,86569538.25
2018-06-14,171.287,171.287,167.3531,169.2964,94533.0,16027155.0
2018-06-15,169.2016,171.5239,161.2865,164.9834,190564.0,31612213.15
2018-06-18,164.225,165.5521,160.6704,161.2865,49896.0,8094289.15
2018-06-19,161.2865,162.6136,153.8929,155.9782,209399.0,32830445.85
2018-06-20,156.8788,158.7272,153.6559,155.5043,256558.0,39856782.25
2018-06-21,156.784,156.784,153.2293,154.4142,173685.0,26829258.9
2018-06-22,154.035,157.4949,152.234,154.3194,133188.0,20574449.85
2018-06-25,154.2246,154.9355,152.3762,153.4189,134135.0,20572958.95
2018-06-26,153.4189,154.9829,151.1913,152.6132,105603.0,16151615.4
2018-06-27,152.0444,152.6132,145.5513,149.5325,179128.0,26764501.35
2018-06-28,149.7221,151.1913,144.2716,148.7268,295163.0,43610339.45
2018-06-29,147.3997,162.0923,145.7408,160.9548,305861.0,47426023.9
2018-07-02,160.5756,160.5756,153.9402,154.6038,239923.0,37155702.25
2018-07-03,155.4569,156.8788,151.7601,152.471,78222.0,12037798.9
2018-07-04,153.0871,158.7746,151.8548,157.1631,178476.0,27868804.3
2018-07-05,157.5423,157.5423,154.035,154.6512,476836.0,73765135.1
2018-07-06,155.9309,156.6892,151.8548,152.4236,237381.0,36618701.75
2018-07-09,152.8502,154.035,152.1866,152.5658,75322.0,11511087.15
2018-07-10,152.5658,155.9309,151.7601,152.471,105478.0,16147043.15
2018-07-11,151.7601,158.2058,151.7601,155.2199,205571.0,31800837.35
2018-07-12,156.4048,157.2579,153.7981,155.0303,234218.0,36350178.4
2018-07-13,154.509,156.0256,151.1913,153.4189,93858.0,14393973.25
2018-07-16,154.3194,154.3194,149.2955,152.471,105819.0,16090561.35
2018-07-17,151.3335,153.8929,150.0538,152.1392,38289.0,5831749.05
2018-07-18,152.1866,153.3715,149.7695,150.3856,37774.0,5694418.05
2018-07-19,151.3335,151.3335,147.3997,148.0158,24172.0,3589602.65
2018-07-20,148.7268,153.0871,147.3997,150.4804,83930.0,12599628.5
2018-07-23,152.53,155.2469,150.671,154.389,36217.0,5555279.05
2018-07-24,153.4833,157.2012,153.4833,154.7703,2660399.0,413257018.9
2018-07-25,154.4366,156.3433,153.96,154.3413,103604.0,16020444.25
2018-07-26,154.103,155.5806,150.957,152.1487,107334.0,16461098.5
2018-07-27,153.5786,153.96,151.815,152.8637,39090.0,5981212.95
2018-07-30,153.0067,160.0612,152.2917,157.2489,227348.0,35707049.25
2018-07-31,158.1545,161.5865,157.7732,160.7762,117291.0,18716206.4
2018-08-01,157.7732,157.7732,154.1983,156.2479,132547.0,20674020.85
2018-08-02,154.7226,156.1526,152.7683,153.4833,62997.0,9726432.05
2018-08-03,152.816,155.7713,152.816,155.1516,122628.0,18905882.4
2018-08-06,155.7236,157.7732,154.532,157.0106,84598.0,13225993.35
2018-08-07,156.9629,157.2966,153.96,155.3899,143265.0,22186645.35
2018-08-08,157.2966,165.781,156.5816,162.3015,950478.0,152647628.25
2018-08-09,162.4921,164.4464,158.4405,162.3491,334417.0,53945903.05
2018-08-10,162.3491,163.4931,161.7771,162.9688,92739.0,15087758.15
2018-08-13,162.0631,178.2694,161.5865,173.7889,426021.0,72506026.05
2018-08-14,175.4095,176.3628,169.3083,171.4533,362875.0,62729044.7
2018-08-16,171.5009,171.5009,164.9231,165.924,83284.0,13864843.55
2018-08-17,166.8297,169.1176,164.5417,167.5923,75547.0,12630127.9
2018-08-20,169.213,173.0262,165.4951,170.5476,53634.0,9043479.7
2018-08-21,170.1663,171.3103,166.8297,169.499,68772.0,11597177.7
2018-08-23,168.6887,169.6896,166.21,168.069,64900.0,10907180.3
2018-08-24,166.4484,169.4036,164.7324,165.9717,35795.0,5943834.65
2018-08-27,166.8297,167.7353,162.5398,165.1614,43611.0,7210126.2
2018-08-28,165.7334,168.5457,161.5865,166.8297,77056.0,12738091.85
2018-08-29,166.8297,167.3063,164.3987,166.21,61356.0,10186598.85
2018-08-30,166.8297,172.5496,164.5894,169.499,105239.0,17786836.15
2018-08-31,170.9766,171.6439,167.783,171.2149,63953.0,10898953.05
2018-09-03,169.3083,172.5496,167.8783,169.928,50057.0,8504286.4
2018-09-04,171.5486,172.9309,169.499,171.3579,257051.0,44117992.7
2018-09-05,168.927,171.0719,164.0174,166.496,67378.0,11196863.05
2018-09-06,165.8764,169.6896,164.6371,168.3073,66050.0,11017694.15
2018-09-07,166.8774,168.1643,165.1137,166.067,52801.0,8775108.6
2018-09-10,164.5417,166.21,163.3978,165.2091,57243.0,9466502.55
2018-09-11,164.6371,168.9746,161.7771,165.0184,156581.0,25865573.6
2018-09-12,164.5894,166.5914,157.9639,159.4892,100356.0,16080600.9
2018-09-14,159.7752,161.5388,158.2022,158.9649,49838.0,7949376.6
2018-09-17,159.5845,159.5845,154.961,155.9619,71098.0,11145070.7
2018-09-18,155.4376,157.1059,153.674,154.2936,578331.0,89828475.7
2018-09-19,155.8189,155.8189,148.0018,151.2907,128565.0,19468880.85
2018-09-21,151.2907,153.4357,146.7625,147.6204,190686.0,28572094.15
2018-09-24,150.1467,150.1467,141.1856,147.0008,544777.0,78101591.15
2018-09-25,146.3811,148.0971,141.1379,147.4774,163832.0,24020205.4
2018-09-26,145.3802,148.5261,142.5202,143.1399,839909.0,120338106.9
2018-09-27,143.5212,143.7595,142.0436,142.9015,74989.0,10722535.7
2018-09-28,143.0445,143.4735,136.8957,141.0426,161614.0,22751814.65
2018-10-01,141.0903,143.4259,136.8003,142.8062,439213.0,61511454.05
2018-10-03,142.6156,142.6156,139.279,140.2323,35785.0,5042341.7
2018-10-04,140.0893,143.8072,136.848,142.8539,150184.0,21286906.15
2018-10-05,143.3305,143.3305,131.1281,141.9006,377814.0,51588567.5
2018-10-08,141.9959,141.9959,134.8937,136.848,73753.0,10140496.65
2018-10-09,136.5144,138.6116,133.7497,136.0854,42898.0,5830631.55
2018-10-10,135.8947,141.0903,135.418,140.6136,46978.0,6558732.5
2018-10-11,138.707,140.6136,136.991,139.7556,18628.0,2587148.05
2018-10-12,140.6136,145.1895,138.278,142.8062,50451.0,7158715.85
2018-10-15,142.0436,144.4268,140.7089,142.8539,151876.0,21686751.25
2018-10-16,143.9502,152.0057,141.5669,150.4804,154092.0,22468086.45
2018-10-17,151.4814,152.0533,144.8558,147.8588,114960.0,17015185.35
2018-10-19,146.3335,151.4337,146.3335,149.5747,98974.0,14702962.7
2018-10-22,148.3354,151.529,146.8578,150.0037,44740.0,6693118.45
2018-10-23,148.7168,151.243,146.9055,149.5271,137089.0,20431080.8
2018-10-24,149.1934,153.96,149.1934,153.102,202828.0,30745465.1
2018-10-25,152.2917,153.8646,150.1467,150.9094,144648.0,21878300.25
2018-10-26,151.958,152.53,148.7168,151.0047,22223.0,3357102.25
2018-10-29,153.388,158.8695,149.4794,157.7732,284685.0,43335976.45
2018-10-30,157.5349,159.1555,155.1039,158.0116,73694.0,11558907.35
2018-10-31,159.6798,159.6798,152.0533,154.3413,593078.0,91182535.0
2018-11-01,154.9133,157.2489,153.7693,156.1049,39195.0,6103685.55
2018-11-02,155.3899,158.2499,154.675,157.6779,123197.0,19280083.85
2018-11-05,159.1079,160.6332,156.0573,159.9182,45883.0,7270125.15
2018-11-06,161.5388,164.9231,158.5359,163.4931,67264.0,10957208.85
2018-11-07,165.6857,165.8764,162.3491,163.4454,12350.0,2024354.55
2018-11-09,164.0651,164.8277,161.5865,163.5884,28987.0,4727045.7
2018-11-12,161.7295,164.3987,159.2509,160.5378,144338.0,23171835.45
2018-11-13,161.4435,161.4435,155.8666,159.5845,253664.0,40554988.8
2018-11-14,157.7732,160.2042,154.675,156.4386,178705.0,27964212.6
2018-11-15,154.961,158.0116,154.0553,156.3909,67332.0,10534349.2
2018-11-16,158.2022,159.0125,156.2956,156.4386,279085.0,43648326.25
2018-11-19,156.0096,157.6302,156.0096,156.8199,31618.0,4956639.85
2018-11-20,157.2012,161.5865,156.3909,160.3948,112635.0,17835319.1
2018-11-21,159.6322,160.1088,157.8209,159.7752,33311.0,5311107.1
2018-11-22,161.5865,166.639,160.3948,162.3015,166307.0,27092379.05
2018-11-26,165.781,167.3063,161.5865,165.1137,75717.0,12372213.25
2018-11-27,166.6867,182.7977,162.0631,174.9328,501261.0,86943812.9
2018-11-28,179.5087,180.1761,173.6935,178.3171,222065.0,39486743.25
2018-11-29,176.9348,182.0827,176.9348,178.3648,140651.0,25179031.05
2018-11-30,181.2247,186.7539,177.2208,185.8959,792804.0,146131391.6
2018-12-03,184.2753,187.2782,180.6527,181.8444,113288.0,20683331.35
2018-12-04,179.3181,182.7023,179.3181,181.8444,88598.0,16094090.95
2018-12-05,179.2704,180.1284,175.9815,176.6965,73284.0,12981905.9
2018-12-06,175.8862,177.2208,173.7889,175.5048,66173.0,11649152.55
2018-12-07,173.7412,174.8852,170.7383,173.9319,39146.0,6783818.55
2018-12-10,171.8346,172.5496,169.6896,171.6916,156706.0,26890994.6
2018-12-11,169.1653,193.5224,167.5923,180.0807,244001.0,43482046.4
2018-12-12,187.7072,201.0536,179.2704,192.8551,497924.0,95205089.65
2018-12-13,192.4261,195.1907,187.3259,190.4718,527695.0,100610412.75
2018-12-14,189.7092,194.3328,187.4212,190.6625,330944.0,63010665.65
2018-12-17,190.6625,192.2831,183.179,186.7539,524426.0,98089132.5
2018-12-18,186.5633,188.2792,183.322,186.0389,326406.0,60776632.75
2018-12-19,186.8016,189.1849,183.2267,184.895,198460.0,36979523.5
2018-12-20,183.036,190.6625,180.2714,188.2316,193952.0,36242107.0
2018-12-21,187.3736,187.4212,183.2267,183.3697,91531.0,16874300.6
2018-12-24,184.6566,185.7053,180.5097,183.4173,70369.0,12853676.6
2018-12-26,182.2734,190.1858,179.9854,185.5146,106872.0,19671003.65
2018-12-27,184.895,188.2316,184.466,185.467,136712.0,25444778.55
2018-12-28,186.8016,194.9524,183.179,189.0895,413620.0,77838953.7
2018-12-31,190.6625,191.1868,186.4203,188.7082,210634.0,39788295.05
2019-01-01,187.4212,189.6615,184.5136,186.4679,95002.0,17820042.5
2019-01-02,185.1333,185.324,177.0301,179.7471,114245.0,20703005.0
2019-01-03,179.5087,180.0807,174.6469,176.8395,371065.0,65560492.75
2019-01-04,175.4095,181.5584,175.4095,179.3658,316142.0,56349718.3
2019-01-07,178.6031,183.5127,176.8395,178.5078,544939.0,98641920.9
2019-01-08,176.1722,181.0817,176.1722,179.2228,66494.0,11897479.6
2019-01-09,179.0321,182.893,179.0321,181.177,110772.0,20041141.9
2019-01-10,181.1294,181.1294,176.7441,178.3648,52482.0,9384795.8
2019-01-11,177.6021,178.5078,173.0262,175.6955,40893.0,7213542.25
2019-01-14,174.5039,175.6955,171.6916,173.5982,51349.0,8912507.35
2019-01-15,174.2655,175.3142,172.9786,174.4562,66643.0,11603743.8
2019-01-16,174.4562,175.4095,172.2159,173.1216,65727.0,11409830.95
2019-01-17,171.7869,174.3609,171.6439,173.5982,36294.0,6275242.35
2019-01-18,171.6916,173.0262,170.1663,171.8346,35363.0,6066438.45
2019-01-21,171.5963,173.5029,170.6906,172.0729,190617.0,32884308.9
2019-01-22,175.1235,175.1235,171.5963,171.9299,23617.0,4059317.65
2019-01-23,171.8822,174.4562,170.2616,171.1196,34776.0,5971236.35
2019-01-24,170.1663,172.5972,170.1663,171.5009,29041.0,4979852.8
2019-01-25,170.1663,174.9328,170.1186,172.8356,68087.0,11703064.15
2019-01-28,170.3093,175.4095,165.4474,172.7879,132486.0,22695161.85
2019-01-29,171.5963,174.8375,168.1643,172.1682,202962.0,34868676.0
2019-01-30,173.4075,173.4075,169.785,171.7869,68355.0,11714151.1
2019-01-31,177.5068,199.2423,176.4581,192.4261,3639222.0,698852361.25
2019-02-01,195.3814,196.6684,184.466,185.467,307110.0,58251636.05
2019-02-04,184.466,187.3259,181.606,184.3706,86570.0,15999469.65
2019-02-05,181.749,188.9942,181.606,186.3726,263028.0,48472911.85
2019-02-06,185.8959,189.1849,182.178,184.752,97661.0,18095892.55
2019-02-07,182.5593,185.8959,179.1751,180.9387,113942.0,20791154.1
2019-02-08,180.0807,183.9893,178.7461,181.5107,108172.0,19577469.1
2019-02-11,180.0807,184.3706,177.4115,179.1274,144303.0,26028618.5
2019-02-12,180.5097,183.036,178.3171,181.32,99878.0,18099180.15
2019-02-13,182.0827,187.5642,181.2247,183.8463,581900.0,107844167.15
2019-02-14,184.4183,186.3726,178.8891,180.7004,350537.0,63473181.35
2019-02-15,181.5584,184.466,178.7461,179.4611,233841.0,42150991.35
2019-02-18,178.7938,182.75,177.0301,179.2228,379343.0,68433042.15
2019-02-19,177.6975,180.8434,174.7899,175.6002,138375.0,24592806.8
2019-02-20,175.6002,177.5068,174.5992,176.6011,225336.0,39740255.95
2019-02-21,174.5039,179.3181,174.5039,176.6488,96253.0,17047482.25
2019-02-22,178.1741,180.0331,176.1245,176.9348,114168.0,20262387.45
2019-02-25,176.8395,179.4611,174.6945,176.0768,100154.0,17721951.5
2019-02-26,175.4095,177.0778,174.5992,176.0768,191438.0,33752174.65
2019-02-27,175.4095,178.6984,175.4095,177.2685,382970.0,67867080.85
2019-02-28,176.1722,180.3191,175.5525,176.8871,544648.0,96654461.95
2019-03-01,178.2218,181.606,175.9338,177.0301,341949.0,61123598.35
2019-03-05,178.1741,184.9426,177.0778,179.9854,572671.0,103659590.75
2019-03-06,180.1761,184.2753,178.9844,179.3658,342684.0,61948030.15
2019-03-07,181.034,183.5127,178.9368,181.606,463735.0,83987011.45
2019-03-08,180.1761,191.7111,180.1761,188.7559,902677.0,168756532.4
2019-03-11,191.4252,195.3337,190.6625,191.6158,533818.0,102568252.85
2019-03-12,193.0458,198.289,192.4738,192.8551,649718.0,126480019.4
2019-03-13,193.5224,198.861,190.9962,193.2841,330239.0,64422801.1
2019-03-14,194.3804,204.7715,193.5224,195.3814,817208.0,161684681.9
2019-03-15,193.7608,197.3357,186.0866,190.5672,2647820.0,505127632.0
2019-03-18,188.4699,191.5682,185.6576,190.1858,558201.0,105925766.1
2019-03-19,190.6625,191.9971,186.2773,187.2306,88327.0,16623851.8
2019-03-20,184.9903,187.7549,179.4611,180.6051,240414.0,43941277.7
2019-03-22,180.6051,183.2743,179.2228,180.1284,110797.0,20117200.45
2019-03-25,178.7938,180.7957,177.9358,178.6031,90016.0,16120890.1
2019-03-26,177.4591,195.3337,175.8862,183.2743,440495.0,79839234.95
2019-03-27,184.752,188.2792,180.3667,185.4193,736170.0,135023850.45
2019-03-28,185.4193,195.3337,183.9893,192.2831,513556.0,98302918.4
2019-03-29,192.5691,201.1489,190.2335,196.3347,395068.0,77158762.4
2019-04-01,198.5273,204.0089,191.6158,195.6674,362247.0,71656694.35
2019-04-02,197.8123,199.9573,193.5701,196.6207,233974.0,46106323.4
2019-04-03,195.4291,197.0497,190.7578,192.2831,153952.0,29761469.7
2019-04-04,189.9952,194.2851,187.8502,189.1849,223931.0,42725060.3
2019-04-05,188.8035,190.6625,186.2296,187.8502,305656.0,57687840.95
2019-04-08,189.4232,189.9952,185.7053,186.7063,44790.0,8415877.95
2019-04-09,188.2792,188.8512,184.5136,185.8959,53859.0,10049744.85
2019-04-10,186.8493,189.6139,181.2247,184.037,365026.0,68006471.25
2019-04-11,182.607,183.751,180.4144,182.5117,104608.0,19044169.1
2019-04-12,182.6547,184.8473,181.32,182.5117,69493.0,12722531.55
2019-04-15,181.6537,185.7529,181.2724,184.9903,59713.0,10974439.05
2019-04-16,184.9903,188.1839,183.322,186.2296,208344.0,38720564.2
2019-04-18,184.609,186.4679,181.606,184.2276,140097.0,25728510.55
2019-04-22,184.9426,186.6109,181.177,182.6547,122820.0,22727993.2
2019-04-23,182.464,184.0846,181.4154,183.0837,55931.0,10242885.4
2019-04-24,184.3706,185.4193,182.3687,183.7033,165732.0,30406896.35
2019-04-25,185.2763,185.2763,181.7014,182.8453,44866.0,8227158.05
2019-04-26,183.036,184.4183,180.5097,182.1304,148382.0,27077450.45
2019-04-30,182.0827,182.0827,177.6498,180.0331,279817.0,50387125.45
2019-05-02,181.1294,183.2743,178.0311,180.8434,896728.0,162201431.75
2019-05-03,179.4611,181.5584,177.4115,179.0321,201215.0,36093139.15
2019-05-06,179.0321,179.9854,173.0739,174.4562,60000.0,10557417.95
2019-05-07,174.4562,174.5039,169.928,170.9289,286612.0,49407705.3
2019-05-08,173.0262,173.0262,165.3997,167.2587,49249.0,8285482.95
2019-05-09,166.5437,167.1157,165.1614,166.496,51762.0,8621801.5
2019-05-10,167.783,167.783,164.9707,165.8287,71666.0,11892674.85
2019-05-13,164.4464,165.781,155.8666,159.0125,99154.0,15906231.7
2019-05-14,157.9162,164.4464,156.8199,162.2061,748387.0,118767206.8
2019-05-15,161.1575,170.1663,159.6798,167.8783,119897.0,19816858.35
2019-05-16,169.5466,178.7461,164.4941,175.1235,107390.0,18652522.1
2019-05-17,176.5535,180.1284,169.7373,172.6449,127894.0,22162907.1
2019-05-20,175.4095,175.8862,171.2626,173.3599,262116.0,45351614.95
2019-05-21,175.7432,175.7432,169.7373,172.1682,255174.0,43700644.05
2019-05-22,170.4523,172.1682,167.354,167.9737,109688.0,18544301.95
2019-05-23,169.6896,170.1186,164.4941,166.0194,79498.0,13289289.7
2019-05-24,169.499,169.499,165.1137,166.21,191086.0,31784228.2
2019-05-27,168.2597,191.6158,166.353,184.2753,228739.0,41066094.25
2019-05-28,187.3259,198.289,182.607,187.1352,729330.0,136098188.35
2019-05-29,184.609,189.2325,184.5613,188.3269,179748.0,33622727.8
2019-05-30,186.1819,191.1392,185.8959,188.6129,251041.0,47249830.95
2019-05-31,184.466,184.895,173.7889,175.9815,395642.0,70137716.6
2019-06-03,175.4095,175.4095,169.356,170.7383,131227.0,22527753.1
2019-06-04,170.0233,174.8852,169.499,171.5486,120206.0,20785092.55
2019-06-06,172.5019,172.5019,167.3063,167.6877,57622.0,9764473.1
2019-06-07,167.354,170.071,166.353,167.497,37637.0,6320048.55
2019-06-10,167.3063,169.0223,165.7334,166.4007,36003.0,6014932.45
2019-06-11,166.4007,169.3083,164.0651,165.8287,488736.0,80859459.9
2019-06-12,164.9231,166.3054,160.1565,160.7285,111698.0,18053488.55
2019-06-13,160.1565,163.0164,155.8189,161.1098,183669.0,29180533.25
2019-06-14,162.2538,162.3015,156.6769,161.2051,146210.0,23356894.65
2019-06-17,161.2051,162.0631,157.9162,161.1098,156423.0,25122332.05
2019-06-18,161.5388,163.0164,157.7732,158.4882,195188.0,31100634.2
2019-06-19,159.3939,161.4435,158.6312,160.2042,292508.0,46588961.2
2019-06-20,158.5359,161.6818,158.5359,160.7762,238355.0,38216987.15
2019-06-21,161.4911,163.8744,159.6798,162.5398,68566.0,11072261.65
2019-06-24,163.4931,164.4464,160.5378,163.3024,246738.0,40335287.9
2019-06-25,163.9221,167.211,162.0631,165.6381,136101.0,22580272.2
2019-06-26,164.9231,169.213,164.9231,166.7344,102112.0,17041185.45
2019-06-27,165.8764,174.4085,165.8764,171.5009,139195.0,23630796.25
2019-06-28,170.6429,175.8862,170.6429,174.4085,107258.0,18522254.8
2019-07-01,174.4562,176.7918,171.6916,173.0739,79148.0,13795772.5
2019-07-02,174.4562,174.4562,170.6906,171.7393,45964.0,7892630.05
2019-07-03,172.5019,172.9786,170.1663,171.8346,33695.0,5784088.25
2019-07-04,172.9786,172.9786,170.3093,172.2159,47028.0,8060060.3
2019-07-05,172.9786,172.9786,170.214,171.5963,107003.0,18359418.8
2019-07-08,171.5963,171.5963,166.496,169.7373,62293.0,10520525.85
2019-07-09,170.1186,170.1663,167.8307,168.5457,29346.0,4960561.2
2019-07-10,168.5457,169.07,164.4464,166.7344,51828.0,8647724.4
2019-07-11,165.8764,166.8297,163.2071,165.0184,77714.0,12800935.85
2019-07-12,166.8297,166.8297,161.5865,163.7791,48773.0,8029122.8
2019-07-15,164.3987,164.3987,159.6798,160.4902,30153.0,4863221.95
2019-07-16,160.7762,161.1098,159.6798,160.2518,226758.0,36317449.6
2019-07-17,160.1565,161.5865,160.1088,160.2995,35630.0,5728959.9
2019-07-18,161.3958,161.4435,159.6798,159.9658,35867.0,5743859.65
2019-07-19,161.4911,163.7791,157.8686,160.6332,125545.0,20106221.9
2019-07-22,160.9192,160.9192,154.3413,155.5806,51258.0,8047235.55
2019-07-23,157.7732,159.2032,153.96,157.1059,163698.0,25718537.55
2019-07-24,158.0116,159.6798,152.53,154.6273,284183.0,44410011.65
2019-07-25,155.3899,157.2966,154.2936,155.8666,52101.0,8103081.35
2019-07-26,157.6302,157.7732,154.7226,157.0582,35826.0,5601560.6
2019-07-29,155.9143,157.7256,155.9143,157.4396,26692.0,4195939.4
2019-07-30,155.9143,157.9639,155.9143,157.2489,61641.0,9688383.3
2019-07-31,159.0602,159.6798,154.7703,157.9162,103810.0,16399796.15
2019-08-01,159.5369,159.5369,148.2878,149.8131,76979.0,11687693.45
2019-08-02,149.6701,149.6701,138.707,145.6185,132505.0,19066861.7
2019-08-05,145.5705,158.133,141.447,153.2422,171199.0,25874656.15
2019-08-06,154.4889,155.8794,151.0366,153.1463,1488445.0,228366913.7
2019-08-07,151.2284,156.7904,150.9407,154.2012,61675.0,9478445.4
2019-08-08,154.8725,154.9204,151.0366,151.9476,40516.0,6183875.9
2019-08-09,151.1805,156.263,151.1805,155.1122,42012.0,6476996.7
2019-08-13,155.1122,155.1122,149.1187,149.742,51831.0,7855925.05
2019-08-14,149.1187,156.7904,145.2829,152.6669,208282.0,31258158.15
2019-08-16,152.9546,153.3861,147.6803,149.0708,60417.0,9050065.05
2019-08-19,150.8928,150.9887,144.8034,147.0569,153814.0,22550317.65
2019-08-20,145.9541,147.1049,140.6798,143.3649,123852.0,17754057.8
2019-08-21,145.187,147.2008,139.0496,146.6733,123085.0,17634602.05
2019-08-22,145.2829,148.6392,139.5291,144.5157,145203.0,20819032.95
2019-08-23,145.187,154.8245,140.536,151.1805,301803.0,44674176.45
2019-08-26,152.9066,155.352,146.3377,152.7148,220988.0,33566017.25
2019-08-27,153.3381,160.0988,149.1187,155.6396,161689.0,24939877.95
2019-08-28,156.7425,157.6055,153.482,155.3999,118711.0,18468803.55
2019-08-29,154.8725,156.9342,151.5641,152.9546,63365.0,9726682.35
2019-08-30,151.0846,157.174,147.8721,154.2971,219322.0,33597967.8
2019-09-03,154.2971,154.2971,149.3105,152.6669,116774.0,17735933.15
2019-09-04,151.5161,152.8587,149.79,151.1325,48072.0,7264264.8
2019-09-05,149.79,152.2833,149.2625,150.9887,50498.0,7610218.55
2019-09-06,149.2625,151.7079,149.1187,149.9818,47029.0,7063610.0
2019-09-09,149.6941,150.9407,148.2556,149.4064,77158.0,11534125.15
2019-09-11,148.3036,153.434,148.3036,152.8587,129885.0,19758299.6
2019-09-12,153.2902,155.6876,151.0366,154.2492,137607.0,21126321.35
2019-09-13,154.393,156.7425,151.9956,153.9135,101593.0,15674826.35
2019-09-16,153.434,156.3109,152.9546,153.6258,97796.0,15089129.4
2019-09-17,153.0504,154.8725,146.8172,151.4202,230213.0,34842471.6
2019-09-18,154.8725,156.7904,149.79,150.4613,185107.0,28322754.25
2019-09-19,150.9407,158.2768,148.4474,154.0094,216754.0,33095479.3
2019-09-20,158.8042,175.4902,151.7079,160.7701,913717.0,143501858.6
2019-09-23,165.4211,177.8876,165.1813,175.8258,1052148.0,180654671.4
2019-09-24,171.6543,177.8876,169.0651,175.2984,167457.0,29000698.8
2019-09-25,175.7299,176.3532,166.4759,169.7364,140355.0,24030556.75
2019-09-26,169.8323,171.6064,167.6267,169.6405,128430.0,21804145.35
2019-09-27,169.5926,175.3943,164.558,169.7843,214630.0,36231734.7
2019-09-30,172.6133,180.1891,166.9075,175.3463,220181.0,38105248.95
2019-10-01,175.9697,177.4081,167.8185,170.5515,69969.0,12007897.35
2019-10-03,168.7774,170.6954,166.428,169.0172,36312.0,6102544.55
2019-10-04,168.3939,168.9692,163.2634,165.5649,44999.0,7477618.4
2019-10-07,164.9416,165.7088,159.8591,160.6742,52093.0,8468239.15
2019-10-09,158.8522,162.4003,158.8522,160.9139,29428.0,4729824.2
2019-10-10,160.5304,167.4349,159.1878,164.8936,87032.0,14235418.35
2019-10-11,164.8457,167.7705,162.5921,165.6608,58502.0,9674222.75
2019-10-14,167.5308,172.5174,162.5442,166.2362,112609.0,18655714.45
2019-10-15,167.9144,169.0172,162.5442,163.5511,144232.0,23826568.25
2019-10-16,163.8867,164.5101,161.2975,162.5442,56417.0,9204882.1
2019-10-17,162.0647,166.38,159.2358,164.9416,113679.0,18545827.15
2019-10-18,165.8047,175.9697,163.7908,173.4764,358988.0,61441122.1
2019-10-22,174.1476,174.1476,167.339,170.7913,65606.0,11198400.75
2019-10-23,169.4008,171.1269,167.1951,168.5856,42594.0,7199664.3
2019-10-24,167.291,172.0379,166.428,167.5787,53266.0,8988069.7
2019-10-25,167.8185,168.0582,162.5442,163.7429,60384.0,9935808.8
2019-10-27,165.8526,166.7636,163.8388,164.9895,13024.0,2153937.4
2019-10-29,165.6129,165.6129,161.4414,164.0306,87915.0,14365703.45
2019-10-30,163.2634,165.3731,161.6811,162.8319,103245.0,16833372.6
2019-10-31,163.9826,163.9826,159.3796,160.6742,86459.0,13932691.45
2019-11-01,159.4276,162.5442,158.7083,160.0988,134764.0,21584472.75
2019-11-04,159.3317,160.3865,154.9684,155.7355,116242.0,18266812.9
2019-11-05,158.2288,158.7083,152.9546,154.2012,744659.0,115485300.5
2019-11-06,152.571,158.133,149.3584,153.1463,684426.0,103366899.45
2019-11-07,154.8725,154.8725,151.0366,151.5161,135632.0,20599478.7
2019-11-08,152.2833,152.4751,149.6941,150.6051,54448.0,8212189.35
2019-11-11,151.0366,152.8587,145.7623,148.1118,164584.0,24372988.65
2019-11-13,148.4474,148.879,144.228,145.3787,200796.0,29415213.95
2019-11-14,145.3787,146.05,142.1662,144.7075,316351.0,45593697.3
2019-11-15,145.2829,145.2829,141.447,141.9265,74990.0,10710611.9
2019-11-18,142.3101,147.1528,140.2003,145.187,160747.0,23170190.25
2019-11-19,144.9472,145.6185,141.5908,143.5567,97422.0,13956758.55
2019-11-20,143.7485,144.4677,142.406,143.269,111880.0,16034284.05
2019-11-21,143.4608,143.4608,141.0155,141.8306,109356.0,15518612.5
2019-11-22,141.8785,144.7075,140.2483,143.4608,180442.0,25673121.0
2019-11-25,142.0224,144.8034,142.0224,143.9403,91575.0,13136488.6
2019-11-26,145.0911,151.0366,142.2142,149.6461,225213.0,33341128.5
2019-11-27,149.2146,149.4064,145.9541,148.6392,101121.0,14970282.15
2019-11-28,147.2487,148.3995,146.1939,147.92,61364.0,9036267.05
2019-11-29,147.1049,154.4409,145.6664,153.9615,210112.0,31914394.25
2019-12-02,154.7286,154.7286,148.831,149.8379,95091.0,14360115.65
2019-12-03,150.3654,155.0163,147.92,153.3861,131734.0,19913981.8
2019-12-04,151.8517,152.4271,148.0638,149.0228,110576.0,16572808.45
2019-12-05,149.0708,150.2695,145.2829,145.9541,120551.0,17779478.8
2019-12-06,145.9541,148.4954,142.2142,146.961,162603.0,23736178.85
2019-12-09,146.2418,147.2008,144.1321,145.0911,111035.0,16192842.55
2019-12-10,143.8444,145.6185,139.5291,140.536,115313.0,16416659.3
2019-12-11,140.4401,141.3991,134.2548,138.1865,210466.0,28875954.2
2019-12-12,137.5153,138.5222,136.0768,137.1796,45885.0,6301921.85
2019-12-13,137.9468,139.0496,136.3166,137.5632,66343.0,9149068.6
2019-12-16,137.1317,139.4811,134.7822,135.8371,100245.0,13730768.25
2019-12-17,135.7891,138.0906,135.1178,137.0358,102300.0,13974656.75
2019-12-18,137.1317,137.8988,135.6932,136.3645,36732.0,5007300.25
2019-12-19,136.1727,136.844,135.7412,135.9809,36279.0,4934511.75
2019-12-20,136.1248,137.6111,135.4535,135.885,72962.0,9924446.05
2019-12-23,135.2617,137.3714,135.2617,135.8371,68676.0,9341981.95
2019-12-24,135.7891,136.9878,135.2137,135.3576,66769.0,9067085.15
2019-12-26,135.885,136.2207,129.9394,130.9464,210098.0,28081465.8
2019-12-27,131.8574,135.5973,130.4669,134.5904,160577.0,21497007.15
2019-12-30,135.1658,137.6111,132.9602,136.1248,172208.0,23486477.95
2019-12-31,135.5014,137.2276,134.2548,136.796,1769434.0,238873086.75
2020-01-01,137.5632,139.5291,136.796,137.6591,93334.0,12900510.6
2020-01-02,139.0496,139.5291,136.796,139.0016,59340.0,8204106.7
2020-01-03,138.9537,139.2893,136.2686,137.6111,60459.0,8336682.55
2020-01-06,136.2207,137.4673,135.3096,135.6932,513852.0,69958284.15
2020-01-07,135.2617,137.1317,135.0699,135.933,46299.0,6306326.85
2020-01-08,135.5973,135.933,133.8712,134.1589,28231.0,3801885.85
2020-01-09,136.1727,141.8306,135.6932,141.1593,145718.0,20324526.55
2020-01-10,140.9675,142.406,139.5291,139.9606,64662.0,9093045.45
2020-01-13,140.8716,141.3032,137.6111,138.9057,53083.0,7386115.9
2020-01-14,139.0016,143.2211,138.5701,141.3991,645854.0,90322004.0
2020-01-15,142.6457,144.1321,141.447,142.7416,126546.0,18104004.85
2020-01-16,143.5567,143.5567,141.0155,141.2073,39876.0,5653187.1
2020-01-17,141.0634,142.7895,140.7757,141.0634,22987.0,3254504.55
2020-01-20,140.3921,141.9265,139.0975,140.1524,560742.0,78291060.4
2020-01-21,137.6591,141.447,137.6591,140.8237,46496.0,6513490.15
2020-01-22,141.447,143.269,140.9675,142.4539,71164.0,10121926.6
2020-01-23,143.1731,143.1731,140.0565,141.5429,48979.0,6951651.4
2020-01-24,142.2142,142.8854,140.6798,141.1593,43661.0,6182153.1
2020-01-27,141.8785,146.7213,141.6388,142.6457,373120.0,54036759.5
2020-01-28,142.1662,144.8513,140.2003,141.2552,458992.0,65986356.25
2020-01-29,140.9675,141.3511,139.1934,140.4401,587290.0,82124960.0
2020-01-30,140.4401,140.9675,135.5973,136.2686,76780.0,10554581.1
2020-01-31,136.8919,137.1317,133.7753,134.3507,73822.0,9940077.9
2020-02-01,133.8712,135.022,128.5969,129.6038,71408.0,9416552.95
2020-02-03,129.5079,132.241,126.5831,129.5079,97672.0,12552386.0
2020-02-04,130.0353,131.4738,127.0626,128.2613,50815.0,6541241.8
2020-02-05,128.2133,131.8574,127.0146,130.6107,40252.0,5213540.8
2020-02-06,131.0902,133.104,129.9874,130.7546,38728.0,5094470.5
2020-02-07,131.3779,139.4332,130.5148,137.1317,174552.0,23748454.25
2020-02-10,137.8029,143.5567,135.7412,142.2142,215218.0,30316677.15
2020-02-11,142.406,145.2829,136.7001,138.9537,131027.0,18377934.3
2020-02-12,138.8099,138.8099,136.1727,137.2755,28158.0,3862877.4
2020-02-13,137.8029,137.8029,132.8163,133.8712,35536.0,4804877.1
2020-02-14,133.8712,134.5425,132.3369,132.7204,37897.0,5056483.15
2020-02-17,132.0971,135.4055,125.1446,132.3369,276334.0,36012443.7
2020-02-18,131.3779,132.3369,127.8777,129.5079,60047.0,7795086.25
2020-02-19,131.3779,137.5153,129.3641,134.5904,114772.0,15384634.15
2020-02-20,133.8232,139.4811,133.7753,138.714,197985.0,27327314.5
2020-02-24,138.0906,138.0906,133.8232,134.4466,38065.0,5164385.55
2020-02-25,133.8232,136.0289,131.9533,132.6725,38175.0,5120084.7
2020-02-26,129.7477,132.4328,129.0764,129.7956,33601.0,4390503.7
2020-02-27,130.8505,130.8505,125.72,126.679,69107.0,8749059.6
2020-02-28,124.6652,127.0626,119.8703,126.4392,159889.0,19967965.35
2020-03-02,125.6241,128.3572,121.9801,123.5144,122056.0,15173856.75
2020-03-03,123.7062,124.6172,116.1304,122.7952,56492.0,6925672.95
2020-03-04,123.6103,124.4734,118.9114,119.6785,58402.0,7017909.5
2020-03-05,119.6785,122.028,116.2263,119.0073,71034.0,8443408.15
2020-03-06,116.0345,120.6375,115.1714,118.2881,47512.0,5587096.7
2020-03-09,116.7537,116.7537,109.3217,114.0686,71834.0,8115204.9
2020-03-11,112.1986,117.8086,105.5338,113.8768,118571.0,13383529.45
2020-03-12,102.4172,107.4038,93.0673,93.7386,350984.0,33647149.0
2020-03-13,84.3887,107.3079,77.9637,96.9511,384343.0,36395281.7
2020-03-16,96.8552,96.8552,83.4777,85.8751,193448.0,17212691.2
2020-03-17,88.2246,88.2246,76.9088,77.4362,122272.0,9920969.9
2020-03-18,80.2652,80.2652,65.1136,71.2509,266939.0,18965476.55
2020-03-19,68.1343,74.9429,64.1546,64.2505,601739.0,38906811.8
2020-03-20,66.7438,70.6756,60.3188,70.244,397814.0,25938044.1
2020-03-23,67.0794,67.0794,63.2436,63.2915,67929.0,4325188.95
2020-03-24,63.4833,67.0315,58.0652,58.7844,69667.0,4207864.65
2020-03-25,58.7844,64.6341,52.9347,62.0928,196948.0,11847461.9
2020-03-26,64.1546,68.2781,61.1339,63.8669,157906.0,10380832.0
2020-03-27,68.374,68.374,62.4285,63.9628,99373.0,6418064.65
2020-03-30,66.1205,66.1205,62.0449,63.0039,68435.0,4376886.55
2020-03-31,62.7641,65.1615,59.4557,63.0997,129101.0,8036834.65
2020-04-01,65.1136,65.2095,60.3188,63.0518,53634.0,3380403.7
2020-04-03,64.0587,64.6341,62.3326,62.6203,50859.0,3216178.3
2020-04-07,66.8397,68.8535,63.4354,68.0384,1087905.0,71500195.65
2020-04-08,70.4838,73.8401,67.3192,71.8263,97814.0,7042760.9
2020-04-09,72.8812,74.6073,71.9702,72.7373,66406.0,4827552.25
2020-04-13,72.7373,72.7373,69.2851,69.7166,55257.0,3875284.3
2020-04-15,70.0043,74.1758,69.2851,72.8332,248558.0,18054330.55
2020-04-16,72.8812,73.6963,70.5317,71.9222,274893.0,19837570.65
2020-04-17,74.4155,76.5732,72.114,75.6622,187900.0,14202661.4
2020-04-20,79.3062,79.3062,69.2851,76.1896,105399.0,8022401.35
2020-04-21,74.7991,74.7991,71.2989,72.3537,70469.0,5093578.9
2020-04-22,71.155,73.3606,71.155,72.114,188411.0,13561091.9
2020-04-23,72.8812,75.5183,72.114,74.6073,115676.0,8608100.65
2020-04-24,73.8401,74.6552,72.3058,72.3537,76592.0,5565532.9
2020-04-27,72.8812,73.8401,71.6345,71.8743,41137.0,2978998.9
2020-04-28,72.7373,72.7373,70.9153,71.5866,72975.0,5233118.6
2020-04-29,72.5935,72.5935,70.7714,70.9153,56210.0,4009169.95
2020-04-30,72.5935,73.6483,71.203,72.4496,758724.0,55409574.1
2020-05-04,72.8812,72.8812,68.374,69.2371,82721.0,5790930.1
2020-05-05,69.2371,70.7714,69.2371,69.6207,39207.0,2737698.2
2020-05-06,70.8194,70.8194,67.7507,67.9425,114244.0,7929970.0
2020-05-07,68.0864,69.4289,66.7438,67.1274,78020.0,5252611.7
2020-05-08,67.7028,68.0864,63.0518,63.9149,98022.0,6423471.2
2020-05-11,64.8259,64.8259,59.9352,61.3736,230198.0,14152874.85
2020-05-12,60.4147,61.0859,59.168,59.3598,105629.0,6302101.5
2020-05-13,64.2026,64.2026,59.168,59.3598,373182.0,22500157.0
2020-05-14,58.8803,59.2639,56.5788,57.0583,371794.0,21382651.2
2020-05-15,57.8734,58.4967,56.0993,56.7226,506339.0,28802930.5
2020-05-18,55.428,56.387,52.7429,52.9347,287777.0,15430938.45
2020-05-19,53.4142,54.6129,52.5032,53.9417,296876.0,15767809.9
2020-05-20,55.0924,55.0924,52.6471,52.7429,158591.0,8465051.0
2020-05-21,52.7909,58.0172,52.7909,56.8185,1187414.0,67798885.2
2020-05-22,56.0034,59.8393,55.2363,56.3391,372541.0,21395543.8
2020-05-26,56.387,57.8255,53.1265,55.3801,162325.0,9063056.3
2020-05-27,56.0993,60.4147,55.7157,56.387,498305.0,28426630.3
2020-05-28,59.2639,61.9969,59.2159,61.9969,350360.0,21412363.6
2020-05-29,64.73,67.1274,62.0928,63.6272,1124224.0,72659018.3
2020-06-01,67.1274,69.9563,65.8328,68.0384,1327491.0,90930260.2
2020-06-02,69.0453,71.8743,68.1343,70.292,914745.0,64345536.5
2020-06-03,73.4565,73.4565,70.7235,71.4907,575995.0,41319783.6
2020-06-04,71.4907,71.7784,68.0864,69.5248,354695.0,24686575.65
2020-06-05,70.9632,76.2375,70.5797,74.7991,3172191.0,233948405.0
2020-06-08,77.1965,78.1555,73.8401,74.4635,1468370.0,111788120.15
2020-06-09,77.1965,77.1965,68.6617,68.9974,1261705.0,89663020.4
2020-06-10,69.7645,69.9563,67.1753,68.422,845965.0,57925300.1
2020-06-11,68.9974,69.4289,66.2643,66.5041,362866.0,24573546.5
2020-06-12,61.1339,65.7848,59.8872,64.9697,1165162.0,72893304.95
2020-06-15,65.4013,67.0794,63.5313,64.1067,417847.0,26991447.85
2020-06-16,65.2095,66.3602,60.6064,62.5244,294411.0,18656682.85
2020-06-17,61.5654,66.8397,61.038,63.3874,550556.0,35518461.0
2020-06-18,64.0108,66.7438,63.3874,65.4013,321717.0,20946597.9
2020-06-19,65.4013,66.552,64.2505,64.9218,323759.0,21221032.6
2020-06-22,66.7438,68.0384,65.6889,67.0794,451933.0,30241693.15
2020-06-23,67.8946,71.8263,66.3123,70.5797,903609.0,62669307.65
2020-06-24,70.9632,71.3948,65.6889,66.0246,1125478.0,76609436.75
2020-06-25,65.6889,65.6889,63.771,64.0587,707185.0,45479901.3
2020-06-26,64.4902,65.4492,62.7641,63.1956,684839.0,43804607.85
2020-06-29,65.1136,65.4972,61.4695,61.9969,1385499.0,87196020.5
2020-06-30,62.1408,63.0039,60.4626,60.9421,384122.0,23753808.15
2020-07-01,60.7982,62.1408,60.4147,61.5175,421393.0,25852180.05
2020-07-02,61.8531,64.6341,61.2777,63.2436,1011454.0,63833951.2
2020-07-03,63.771,64.0587,62.3326,62.4764,590291.0,37243384.65
2020-07-06,63.6751,64.4423,62.3326,63.2915,776980.0,49246490.25
2020-07-07,65.2095,65.9287,64.2505,65.0177,1636618.0,106499324.7
2020-07-08,65.4972,67.6069,63.771,64.3943,2814265.0,185153033.25
2020-07-09,64.73,65.0177,63.4833,63.6272,516343.0,33020224.35
2020-07-10,63.2915,63.9149,61.8531,63.6272,865088.0,54330972.05
2020-07-13,63.0518,64.1067,62.5244,62.6203,618477.0,39148662.4
2020-07-14,62.6203,62.6203,60.4147,60.5105,467834.0,28585096.35
2020-07-15,60.8941,61.6613,59.6954,59.8393,473300.0,28746851.3
2020-07-16,59.9352,60.6544,59.4557,59.7913,462085.0,27613404.05
2020-07-17,59.7913,60.2708,58.7844,58.9762,829428.0,49036289.35
2020-07-20,60.1749,60.1749,57.298,57.7296,1504711.0,88636313.45
2020-07-21,59.2639,60.3188,58.4967,58.9283,1498390.0,88549552.95
2020-07-22,58.5926,60.7982,58.0652,60.079,717221.0,42450516.25
2020-07-23,59.5036,60.7023,59.5036,60.127,691268.0,41637932.35
2020-07-24,60.3188,60.3188,58.3529,58.4488,917171.0,53820698.0
2020-07-27,58.4967,58.9762,57.6337,57.8734,593590.0,34426053.8
2020-07-28,58.0172,58.209,57.3939,57.5857,1046315.0,60430644.05
2020-07-29,58.3049,58.6885,57.0583,57.2501,2249115.0,129708418.0
2020-07-30,57.4419,62.9559,56.8665,62.8121,5307690.0,328681396.75
2020-07-31,63.6272,64.5861,61.5175,62.1887,1850166.0,116555887.15
2020-08-03,61.6613,65.8807,61.3736,62.7162,1671700.0,106870741.7
2020-08-04,63.0997,64.1067,62.0928,62.3326,713942.0,45095608.4
2020-08-05,62.86,63.1956,61.3736,61.9969,684542.0,42567470.4
2020-08-06,64.0108,65.9766,63.4354,64.73,1933929.0,124671524.55
2020-08-07,65.2095,67.1274,65.0656,65.9287,1632629.0,108003018.2
2020-08-10,66.6479,68.0864,64.73,65.3054,1303556.0,86805850.95
2020-08-11,66.1205,66.8876,63.9628,64.2505,1236719.0,80139068.95
2020-08-12,64.3943,66.4561,64.3464,65.4492,3150025.0,206833923.1
2020-08-13,65.2095,74.0319,64.8259,73.025,6389852.0,454953319.35
2020-08-14,74.7991,77.1006,69.5248,72.114,3879913.0,284052306.4
2020-08-17,75.7581,77.9157,74.0799,75.6622,3172772.0,240480190.95
2020-08-18,76.6211,81.0323,75.7101,78.4911,4522194.0,351314570.3
2020-08-19,76.2375,79.0665,76.0457,77.4362,2407703.0,186965717.5
2020-08-20,76.717,86.2587,76.717,84.4846,7361110.0,611696600.55
2020-08-21,88.0328,92.3481,85.6833,88.5123,7251951.0,649370786.6
2020-08-24,89.4712,90.8138,84.5326,87.6492,3027582.0,265725152.2
2020-08-25,89.0397,89.5192,85.3956,86.1149,1623941.0,140668121.5
2020-08-26,86.6902,87.0259,83.9572,85.7313,1280159.0,109059738.2
2020-08-27,86.4984,90.0945,84.101,88.0328,3667580.0,321448567.35
2020-08-28,88.7999,91.0056,88.3205,89.663,3001411.0,268918565.5
2020-08-31,92.1563,92.1563,82.4708,84.101,2885097.0,249277797.3
2020-09-01,85.3477,88.3684,82.9023,85.1079,1369287.0,117170976.65
2020-09-02,86.3066,86.3066,82.0872,82.9982,1073610.0,90364741.1
2020-09-03,84.101,84.4367,82.2311,82.4708,877667.0,72947059.8
2020-09-04,81.4159,85.2038,79.8336,84.0531,1303140.0,108810875.25
2020-09-07,84.8682,84.8682,79.8816,80.8885,679145.0,55367273.7
2020-09-08,82.4708,83.19,80.3131,81.1762,691609.0,56490909.9
2020-09-09,78.7788,80.5049,75.9498,77.8198,1961889.0,152019442.85
2020-09-10,79.4021,81.8954,78.8747,80.2652,1100529.0,88394411.65
2020-09-11,80.0734,83.1421,80.0734,81.7036,1649112.0,134292324.05
2020-09-14,82.3749,86.6423,81.7995,85.2997,1928396.0,161451896.55
2020-09-15,86.5464,88.0328,82.9503,83.5257,3256244.0,278154864.45
2020-09-16,83.9092,86.019,82.5187,84.7723,737599.0,62033751.25
2020-09-17,84.1969,84.8682,82.5667,82.8064,462003.0,38545865.85
2020-09-18,83.6695,86.1149,81.9913,83.0462,2185008.0,184000772.0
2020-09-21,82.8064,83.3818,66.4561,80.2172,1745241.0,139315665.5
2020-09-22,79.8511,80.1941,74.4624,76.7159,1652498.0,126916949.4
2020-09-23,78.0386,79.2633,74.5604,77.4017,1163190.0,89720050.4
2020-09-24,76.226,76.9118,73.0907,73.3357,849470.0,63373895.6
2020-09-25,73.7766,77.4017,73.5806,76.7159,671869.0,50383743.35
2020-09-28,77.3037,82.3006,77.1568,80.9779,810062.0,64611414.65
2020-09-29,81.3208,82.9864,79.3613,80.1941,507092.0,40943718.35
2020-09-30,80.1941,81.4678,78.5774,78.9693,470149.0,37492462.35
2020-10-01,81.3208,82.7904,80.341,81.9086,699153.0,57051030.8
2020-10-05,82.2026,82.2026,79.3613,79.8511,527298.0,42558638.3
2020-10-06,80.586,80.586,77.9406,78.1855,596201.0,47065282.05
2020-10-07,78.3325,78.3325,76.9118,77.2058,326268.0,25261774.1
2020-10-08,76.4709,77.4017,75.4422,75.8831,466373.0,35656053.95
2020-10-09,76.128,78.0386,76.03,76.6179,366160.0,28162401.75
2020-10-12,77.4017,77.8426,73.4826,74.0705,640200.0,48230679.45
2020-10-13,73.7766,74.9033,72.5029,74.6584,504263.0,37258608.4
2020-10-14,74.6584,77.0588,74.0215,76.226,703980.0,53276782.05
2020-10-15,75.981,76.7159,73.4826,73.7276,340317.0,25599379.1
2020-10-16,74.0705,75.6381,73.4826,75.2462,293718.0,21994370.25
2020-10-19,75.4422,76.4219,73.7766,75.0993,238481.0,17783190.25
2020-10-20,76.079,76.079,73.1397,73.8256,297346.0,22023351.95
2020-10-21,74.9523,75.3932,73.9235,74.8053,266464.0,19882717.05
2020-10-22,74.2175,76.373,74.2175,75.6381,213737.0,16145826.85
2020-10-23,77.3527,78.7244,76.7159,77.3037,824124.0,64117399.3
2020-10-26,78.3815,78.3815,75.0503,75.5402,254885.0,19466552.75
2020-10-27,74.9523,75.9321,74.5604,75.5891,193679.0,14615327.2
2020-10-28,75.5891,75.5891,74.0705,74.6094,384902.0,28739237.5
2020-10-29,74.3644,74.3644,73.0417,73.5316,254135.0,18717670.55
2020-10-30,73.5316,74.2175,73.2377,73.5806,170267.0,12544615.95
2020-11-02,73.5806,74.1195,71.5231,72.2579,250759.0,18272849.35
2020-11-03,72.5029,73.4826,70.4454,72.9438,257555.0,18638469.75
2020-11-04,73.0417,73.7276,72.2089,72.6008,123624.0,9000398.05
2020-11-05,73.4826,73.5806,72.2089,72.7478,338148.0,24607575.5
2020-11-06,73.0907,77.9896,73.0417,74.6094,1518080.0,115548988.3
2020-11-09,75.4422,76.324,74.4624,75.3442,830118.0,62490934.25
2020-11-10,78.3815,82.2026,76.8628,81.2718,3558997.0,285725844.0
2020-11-11,81.4188,81.6147,78.6754,79.1653,1056687.0,84197742.35
2020-11-12,79.3613,81.3208,79.1653,79.7042,852959.0,68417090.4
2020-11-13,80.0961,80.7329,78.3815,79.9491,482286.0,38452627.05
2020-11-14,80.488,81.3208,80.341,80.6839,160129.0,12923814.1
2020-11-17,83.8682,88.1302,81.6637,86.6115,3056912.0,261020015.75
2020-11-18,86.7585,87.5913,80.341,85.7297,1165504.0,99147228.05
2020-11-19,84.2601,88.1792,83.9172,86.8565,1032338.0,89511566.8
2020-11-20,86.8075,88.5711,84.652,87.1994,1984417.0,172660829.85
2020-11-23,88.0322,88.0322,84.603,84.848,630971.0,53797025.25
2020-11-24,85.4358,87.7873,84.848,85.0929,530132.0,45325833.7
2020-11-25,85.8767,85.8767,84.0152,84.456,519146.0,44002047.65
2020-11-26,84.505,89.6488,83.3783,87.6403,1015713.0,87876773.55
2020-11-27,87.6403,89.4039,86.3666,88.0322,1322414.0,116476102.15
2020-12-01,88.2771,92.98,86.8075,89.8448,2275002.0,205627561.25
2020-12-02,94.0578,95.0375,90.1877,92.1472,2287752.0,212165610.2
2020-12-03,92.931,97.7809,92.0982,97.0461,2900495.0,277739064.75
2020-12-04,98.0258,98.5647,94.5477,96.3112,995666.0,96305758.95
2020-12-07,98.2218,101.651,96.9971,99.4955,1626073.0,161554902.65
2020-12-08,99.9364,102.8757,96.8011,99.2016,1650425.0,165499263.15
2020-12-09,101.8959,102.1899,97.7319,100.7202,1145362.0,114082778.95
2020-12-10,99.9364,99.9364,96.9971,98.1728,788556.0,77328378.65
2020-12-11,97.9769,100.9162,97.9769,98.3688,511781.0,50635427.85
2020-12-14,98.5157,100.4753,97.487,99.5935,919835.0,91265263.4
2020-12-15,99.9364,100.7692,98.4177,98.8586,641018.0,63704217.55
2020-12-16,99.7404,100.6712,97.536,98.4177,946540.0,93888237.65
2020-12-17,98.8097,98.9076,97.0461,97.5849,372461.0,36531743.25
2020-12-18,97.5849,97.9769,93.3719,94.5967,1329395.0,126853802.8
2020-12-21,96.5072,96.5072,83.5743,88.816,1424450.0,130255731.9
2020-12-22,86.2196,88.5221,84.0641,87.8362,1300593.0,112603998.35
2020-12-23,88.1792,91.1185,87.4443,90.4326,966668.0,86583640.9
2020-12-24,91.4124,93.5679,88.767,89.3059,530151.0,48118164.55
2020-12-28,89.7958,90.9225,87.7873,88.1792,1816570.0,160765478.4
2020-12-29,88.5711,89.6488,85.2399,87.2484,1315105.0,114282124.4
2020-12-30,87.6893,89.1099,86.3666,88.767,417466.0,36720963.6
2020-12-31,88.767,89.7958,87.9342,88.2282,1035690.0,91532899.35
2021-01-01,89.012,92.0003,88.5221,91.5104,921220.0,83852576.65
2021-01-04,94.0578,95.1845,92.3922,94.2537,1247713.0,117191334.05
2021-01-05,92.2942,93.7149,91.2654,93.4209,745533.0,69304315.15
2021-01-06,94.8906,96.4582,93.323,94.4987,840767.0,79639155.8
2021-01-07,94.9886,96.6052,94.2047,95.5764,793274.0,75839495.9
2021-01-08,95.7234,97.536,95.0375,95.9683,919408.0,88563428.9
2021-01-11,96.8501,97.34,92.5881,95.0865,476822.0,45195025.6
2021-01-12,94.3027,95.4784,93.7149,95.0865,381323.0,36071930.35
2021-01-13,95.2825,98.9566,94.0578,94.7436,1063659.0,102648103.95
2021-01-14,94.7436,97.8789,94.7436,95.1845,721609.0,69175834.95
2021-01-15,95.4295,96.7032,92.5881,94.7926,868253.0,81577743.85
2021-01-18,95.0375,95.2825,90.6776,91.1675,1507708.0,137843685.2
2021-01-19,92.0493,93.5679,91.8043,92.7351,303665.0,28152820.4
2021-01-20,93.078,94.4007,92.5881,93.078,328337.0,30664150.8
2021-01-21,94.4497,94.4497,92.98,93.4209,448766.0,42029210.0
2021-01-22,93.274,93.7149,90.8245,91.3634,528495.0,48693404.35
2021-01-25,91.8043,92.6371,88.6691,90.5796,526991.0,47504630.7
2021-01-27,90.6776,91.9513,89.3059,90.7756,946103.0,85242593.45
2021-01-28,89.8938,92.5881,89.1099,92.1962,1023213.0,92635314.85
2021-01-29,92.7841,92.98,90.1877,91.1185,266809.0,24438497.5
2021-02-01,91.1185,91.9023,88.2771,89.3549,650325.0,58641360.6
2021-02-02,89.6488,91.7553,89.6488,90.3347,949242.0,85872151.45
2021-02-03,90.4326,93.4699,89.9917,92.2942,605685.0,55135006.4
2021-02-04,91.1185,93.078,90.7266,91.2164,1626215.0,149214976.4
2021-02-05,92.5881,95.0375,92.5881,94.2047,1066587.0,100327583.85
2021-02-08,95.0375,97.6829,94.5967,96.9971,1545494.0,149507035.9
2021-02-09,97.9769,99.2995,92.1962,93.8618,1831354.0,176918637.8
2021-02-10,95.2825,96.0173,93.5679,95.4295,1527917.0,144980917.7
2021-02-11,95.5274,97.5849,95.1355,95.8214,917709.0,88837688.6
2021-02-12,96.8011,97.438,95.5764,96.5562,1252742.0,121278789.0
2021-02-15,97.487,97.9279,96.2133,97.34,645013.0,62664721.9
2021-02-16,97.5849,99.2016,96.1153,97.34,860294.0,84050064.35
2021-02-17,96.9971,97.389,93.9598,95.2335,965678.0,92129335.35
2021-02-18,95.6744,96.9481,94.5477,96.0173,742808.0,71272116.15
2021-02-19,96.5072,97.7809,94.5967,95.1845,828056.0,79295857.8
2021-02-22,95.2825,95.5274,94.0578,95.0375,704599.0,66932371.75
2021-02-23,94.9886,96.0663,94.4007,94.9886,728715.0,69341989.2
2021-02-24,96.4582,96.4582,94.5967,95.4784,228154.0,21770248.7
2021-02-25,96.2623,97.0951,95.0375,95.2825,706282.0,67661855.1
2021-02-26,92.5881,96.2623,92.5881,94.7436,417745.0,39475769.65
2021-03-01,95.5274,95.7724,94.1068,94.6456,447760.0,42600605.5
2021-03-02,95.1355,95.5274,94.4987,95.0865,276713.0,26303044.3
2021-03-03,95.4784,102.5818,94.4497,101.553,2189868.0,217897447.4
2021-03-04,101.8469,108.6563,101.553,106.5988,4268726.0,449540303.9
2021-03-05,105.864,109.0482,105.815,106.9907,1821475.0,195557306.35
2021-03-08,109.7341,110.7138,105.3251,106.3049,1044890.0,113183297.5
2021-03-09,106.3049,108.0195,103.2676,105.619,931852.0,98925796.4
2021-03-10,106.6968,107.1867,104.6393,105.717,340933.0,36096578.05
2021-03-12,107.2357,107.2357,102.9737,104.4433,698370.0,73531625.15
2021-03-15,104.4433,104.8842,99.2016,100.6712,1128099.0,114403880.6
2021-03-16,100.5243,102.4838,100.1813,100.8672,664495.0,67383169.8
2021-03-17,101.3081,102.7287,97.6339,98.2708,622983.0,62400336.85
2021-03-18,98.5647,101.0631,96.5562,97.291,646076.0,63920042.6
2021-03-19,96.9971,97.9279,93.5679,96.2133,1322803.0,126794912.15
2021-03-22,95.9193,96.8011,93.6169,96.3112,642813.0,61091204.95
2021-03-23,96.8011,97.9769,94.9886,97.8299,701030.0,67745921.65
2021-03-24,97.8299,97.8299,96.1153,96.8501,399800.0,38797530.6
2021-03-25,96.8011,96.8011,91.7063,94.1068,924891.0,86183061.15
2021-03-26,95.0375,96.2133,93.274,93.7638,219137.0,20790445.25
2021-03-30,94.2537,94.5967,88.6201,91.0695,739211.0,67447542.95
2021-03-31,91.3634,94.3517,90.4326,91.0695,590030.0,54400397.0
2021-04-01,91.3144,95.4295,91.3144,93.5679,465926.0,43736512.9
2021-04-05,92.4901,92.5881,89.6488,90.6776,1739331.0,157944521.05
2021-04-06,89.7958,90.5306,88.2771,89.6978,602792.0,54081213.85
2021-04-07,89.7468,92.4412,89.6978,91.6573,269328.0,24662927.5
2021-04-08,92.0493,92.4412,90.6286,91.0205,231053.0,21130963.25
2021-04-09,91.0205,91.4614,89.5508,90.0897,756249.0,68142657.15
2021-04-12,88.1792,89.1099,85.2399,85.4848,1006172.0,87113085.35
2021-04-13,85.3378,88.3261,85.3378,87.2484,423892.0,36757922.05
2021-04-15,87.1994,87.1994,84.75,86.1706,504608.0,43242181.0
2021-04-16,85.0929,87.1014,84.799,85.2399,231087.0,19827369.45
2021-04-19,84.0641,84.0641,80.341,81.7617,788322.0,64216673.8
2021-04-20,82.0066,84.652,81.7617,82.1046,433362.0,36010834.65
2021-04-22,81.8107,84.0641,80.439,81.8107,889811.0,72592915.75
2021-04-23,81.4188,85.2399,81.3208,83.4763,1890188.0,156208837.95
2021-04-26,85.2399,87.0524,83.4763,86.7095,641434.0,55064905.95
2021-04-27,86.4646,87.7383,85.8277,87.1994,375717.0,32662523.35
2021-04-28,88.0322,88.963,85.7787,86.5625,465274.0,40647439.3
2021-04-29,86.7095,87.1014,85.0439,86.0237,483371.0,41510282.3
2021-04-30,85.2399,86.1217,84.4071,84.9459,333516.0,28388652.55
2021-05-03,84.799,85.5828,83.9662,85.2889,125663.0,10685798.55
2021-05-04,86.2196,89.1589,84.799,85.7787,677309.0,58990300.75
2021-05-05,87.0034,87.5423,85.7297,86.9055,209436.0,18137276.5
2021-05-06,86.9545,88.4731,85.9257,88.1792,386240.0,33882037.8
2021-05-07,88.1792,89.4529,86.9545,88.1302,250302.0,22057415.95
2021-05-10,87.4933,89.5019,86.2196,87.3954,482915.0,42234782.5
2021-05-11,86.7095,91.5104,86.4156,89.6978,854145.0,76868073.85
2021-05-12,90.4326,92.0982,89.6978,90.8735,501884.0,45615799.75
2021-05-14,92.0982,92.0982,90.1877,90.2857,423304.0,38479290.2
2021-05-17,91.5104,91.8533,90.6286,91.0205,1089325.0,99216897.6
2021-05-18,92.0982,97.438,91.9023,95.1355,1440854.0,136688720.7
2021-05-19,95.0375,98.1728,94.1558,96.7521,1258306.0,121449093.05
2021-05-20,97.7319,97.9769,94.7926,95.2335,352164.0,33747027.3
2021-05-21,95.2335,99.6425,95.2335,97.8299,1149986.0,112431510.2
2021-05-24,99.4465,104.3453,99.2016,103.6595,2116399.0,216036374.75
2021-05-25,104.3453,110.7138,104.3453,107.0397,3201652.0,346074632.85
2021-05-26,108.2644,108.7543,104.0024,104.9822,1122819.0,119702219.25
2021-05-27,105.0312,112.1835,105.0312,110.8608,2365899.0,259132892.55
2021-05-28,111.4487,112.0855,107.3336,108.2154,1199061.0,130974190.95
2021-05-31,108.6563,110.5179,106.7948,107.2357,1067996.0,115442650.75
2021-06-01,107.8725,109.5381,106.9417,107.4806,915419.0,98868960.0
2021-06-02,107.7745,108.5584,104.7862,105.864,827692.0,88570910.35
2021-06-03,107.0397,108.9503,106.5988,108.3134,820458.0,88723640.15
2021-06-04,111.1058,118.7969,109.5871,114.29,6716751.0,773980638.55
2021-06-07,115.6617,118.2091,115.6127,116.1516,1616947.0,188730049.05
2021-06-08,114.8289,116.0536,111.8406,113.3592,866032.0,98506424.35
2021-06-09,113.9961,116.1026,110.9588,111.5956,926501.0,105330649.55
2021-06-10,112.8693,115.7597,111.3507,114.7799,675810.0,76685445.9
2021-06-11,115.5147,116.0046,111.9875,112.5264,505204.0,57334766.7
2021-06-14,111.2527,117.3273,109.8321,114.9268,1524525.0,175940246.1
2021-06-15,115.8086,117.0334,115.0738,115.6127,569977.0,66144885.4
2021-06-16,116.3475,116.3475,112.4774,113.4572,487011.0,55614750.6
2021-06-17,112.5754,114.5349,110.8118,111.3017,328948.0,37079153.4
2021-06-18,112.0855,112.6244,106.1089,108.4604,1701628.0,184960347.55
2021-06-21,106.2559,109.0482,104.9332,108.4114,641881.0,68994401.3
2021-06-22,110.7138,114.29,109.5871,111.5956,1101941.0,123540382.6
2021-06-23,112.5754,113.5552,111.7916,112.3305,355941.0,40114612.0
2021-06-24,113.1143,113.1143,108.5584,109.5381,394379.0,43409611.2
2021-06-25,110.6159,113.5552,109.4401,111.5466,1220926.0,135527903.3
2021-06-28,112.2815,112.6244,110.8118,111.1547,857076.0,95669713.55
2021-06-29,111.5466,113.3592,108.9503,109.4401,402470.0,44735429.0
2021-06-30,110.2729,110.2729,109.1952,109.6851,158322.0,17373809.95
2021-07-01,110.224,110.224,108.2644,108.9013,177381.0,19337664.55
2021-07-02,109.4891,110.7138,108.0195,109.7341,206021.0,22483668.0
2021-07-05,110.5669,111.7426,109.2932,110.8608,495285.0,54879122.1
2021-07-06,111.2037,117.2293,110.9098,115.4167,3502134.0,404615089.2
2021-07-07,117.0334,120.3156,113.2612,115.0738,2747813.0,323733566.05
2021-07-08,114.6329,117.1803,113.3102,114.9758,734345.0,84834805.05
2021-07-09,114.6329,116.0536,113.5552,115.4167,381115.0,43759043.3
2021-07-12,116.1026,117.0823,114.094,114.7309,432346.0,50057772.1
2021-07-13,115.5147,116.6414,113.9471,114.437,367760.0,42258030.5
2021-07-14,114.6329,116.0046,113.7511,114.29,279331.0,32063631.45
2021-07-15,114.388,118.552,113.6531,114.6329,3724744.0,427255405.5
2021-07-16,115.2208,115.9066,113.1633,113.5552,645069.0,73728699.55
2021-07-19,112.2815,114.339,110.9098,111.5956,706261.0,79289477.1
2021-07-20,110.7628,111.0078,106.5008,107.9215,655179.0,70979884.1
2021-07-22,109.7341,110.9098,108.4604,110.028,477531.0,52446280.15
2021-07-23,109.0482,111.6936,105.717,110.5669,540443.0,58856789.1
2021-07-26,111.5956,113.1633,109.0972,110.5669,281283.0,31381050.05
2021-07-27,112.4284,112.4284,109.7341,110.175,436867.0,48438954.9
2021-07-28,110.175,110.9588,107.5296,109.1952,310833.0,33894195.4
2021-07-29,110.224,112.1345,108.9992,110.4199,293940.0,32617695.3
2021-07-30,109.4401,111.5956,108.8033,108.9992,307518.0,33810379.0
2021-08-02,111.6446,111.6446,108.7543,108.9992,297684.0,32588162.55
2021-08-03,110.224,110.224,106.6968,107.2847,560810.0,60547528.5
2021-08-04,108.2644,109.6361,104.9332,105.913,509163.0,54589196.95
2021-08-05,104.8352,107.1867,103.3656,106.2069,293872.0,30848369.95
2021-08-06,106.2069,107.6766,105.913,106.0599,136567.0,14552565.3
2021-08-09,106.0599,107.2357,104.0514,104.5413,186409.0,19714189.15
2021-08-10,103.8555,105.5211,100.9162,101.9449,509978.0,52525200.8
2021-08-11,101.406,102.9247,97.9769,100.7692,312752.0,31295249.6
2021-08-12,101.7,103.8555,101.602,103.0227,305492.0,31435194.65
2021-08-13,103.8555,104.9332,102.4838,102.9737,192906.0,20002596.05
2021-08-16,105.815,105.815,100.9162,101.455,201889.0,20630385.45
2021-08-17,100.1323,101.8469,99.5445,101.3081,240121.0,24149837.65
2021-08-18,101.1611,102.1409,100.8182,101.553,143054.0,14515294.05
2021-08-20,100.8672,101.455,99.4465,100.5243,246617.0,24764874.35
2021-08-23,100.9162,102.1899,97.9769,98.7607,254324.0,25267733.45
2021-08-24,99.4465,103.3656,98.9566,102.6797,188088.0,19008859.95
2021-08-25,103.7575,104.6393,102.6797,103.5615,170295.0,17627406.0
2021-08-26,103.5615,103.5615,101.2591,101.9939,137068.0,14085691.05
2021-08-27,102.8757,103.8555,101.8959,102.4838,117058.0,12049755.35
2021-08-30,102.4838,104.4923,100.8182,101.1121,314680.0,32177062.95
2021-08-31,101.1611,103.8555,100.0344,100.3283,270849.0,27503003.0
2021-09-01,100.3283,102.2388,99.7404,100.9162,402624.0,40568515.4
2021-09-02,101.3571,107.5786,101.0631,104.8352,1094692.0,115115745.55
2021-09-03,105.717,107.3826,103.2186,104.0514,405772.0,42832855.1
2021-09-06,104.9332,106.4519,103.6595,104.1984,411868.0,43249357.6
2021-09-07,104.0514,106.3049,101.8959,104.0024,459389.0,47610276.4
2021-09-08,103.8555,106.0599,102.8267,103.9045,527567.0,55016190.9
2021-09-09,103.8065,106.2069,103.0716,104.8842,916590.0,96078819.8
2021-09-13,105.2271,108.7543,104.2964,107.5296,985496.0,105635985.4
2021-09-14,108.3624,109.3422,106.4029,107.5296,492087.0,53089645.25
2021-09-15,108.4114,109.6361,107.7745,108.5094,464844.0,50615555.25
2021-09-16,108.9992,110.224,107.1867,107.5786,451724.0,49099301.55
2021-09-17,108.3624,109.7341,104.8352,105.2761,621388.0,66514204.75
2021-09-20,106.2069,118.7969,105.4721,108.5584,4998829.0,566059357.1
2021-09-21,108.9503,110.7138,106.7948,109.7831,1010719.0,110314338.15
2021-09-22,109.979,115.0738,109.8321,113.0163,2044108.0,231367361.75
2021-09-23,114.339,121.6383,113.8981,120.9034,5019220.0,596186210.9
2021-09-24,121.8832,123.8917,118.65,123.2549,3126011.0,380797036.0
2021-09-27,123.4508,147.8961,118.7969,138.0984,14816441.0,2027816877.1
2021-09-28,140.1069,142.0664,123.5978,125.1164,8140332.0,1068595257.05
2021-09-29,124.7245,132.2688,123.5488,126.3412,1970085.0,251590735.95
2021-09-30,127.6638,129.4764,123.4508,126.7331,872937.0,110354735.55
2021-10-01,126.2922,128.8396,124.4306,125.5573,594779.0,75243488.25
2021-10-04,125.7533,132.0728,125.4594,127.9578,883334.0,113582785.05
2021-10-05,127.7618,129.6234,125.9492,129.3294,635580.0,81680902.15
2021-10-06,129.3784,134.4732,127.3699,129.5744,1446362.0,189016539.8
2021-10-07,132.0238,134.7182,130.2602,133.9833,1220024.0,162271955.3
2021-10-08,136.1878,144.4669,134.7182,135.551,3701699.0,516299214.2
2021-10-11,136.0409,144.8098,133.5425,138.7352,2115665.0,296816923.7
2021-10-12,138.7842,143.3401,137.6575,138.5883,1345645.0,188260117.6
2021-10-13,140.0579,141.0867,137.0696,138.0984,1044205.0,145312551.1
2021-10-14,140.1069,140.6458,137.2656,138.9802,795149.0,110397333.15
2021-10-18,141.0867,143.0462,138.7352,140.8907,1117682.0,158004368.3
2021-10-19,142.0664,145.9855,133.3955,136.5797,1290751.0,182557210.85
2021-10-20,137.6085,140.7927,132.4647,138.9802,1375313.0,187714407.2
2021-10-21,139.617,139.666,133.4935,135.306,735059.0,100059418.9
2021-10-22,135.9919,140.3518,133.5425,135.404,809077.0,111264018.5
2021-10-25,136.1878,138.0984,128.8396,137.3146,1383202.0,184898305.85
2021-10-26,137.1676,141.5766,136.2368,137.0696,736289.0,102496785.6
2021-10-27,137.4615,140.5968,137.4125,138.5883,515647.0,71724186.3
2021-10-28,138.2943,140.5968,133.8364,134.7182,657280.0,90099801.25
2021-10-29,135.502,138.0984,133.0036,135.9429,508424.0,69147713.95
2021-11-01,136.4328,138.6372,134.3753,137.8044,359774.0,49176933.45
2021-11-02,138.2943,141.0867,137.1676,138.3433,565851.0,78789431.4
2021-11-03,138.7352,139.715,136.1388,137.1676,314667.0,43384024.1
2021-11-04,138.1474,139.617,137.3635,138.6372,110179.0,15284144.75
2021-11-08,138.7352,149.8066,138.3923,148.8268,3192781.0,469162703.15
2021-11-09,149.1208,151.8641,147.5531,149.7086,1345130.0,202281865.2
2021-11-10,149.3167,151.8641,147.7001,149.5127,543498.0,81410278.9
2021-11-11,149.2677,149.2677,142.1644,143.83,475945.0,69155059.85
2021-11-12,143.5361,145.8385,138.6372,139.617,433356.0,61302631.85
2021-11-15,139.617,143.83,137.1676,142.4094,642302.0,90289504.15
2021-11-16,141.5766,144.7118,139.1761,140.3518,440642.0,62711236.2
2021-11-17,140.9887,142.9482,140.4008,141.0377,263802.0,37352536.1
2021-11-18,141.8705,142.5563,138.5393,138.8332,164139.0,22905853.85
2021-11-22,139.519,140.7437,129.8193,133.6404,442478.0,59175564.0
2021-11-23,133.2485,136.1878,130.9461,133.3465,260938.0,34998392.8
2021-11-24,135.2081,136.7757,134.3753,135.0121,242490.0,32873108.45
2021-11-25,135.2081,135.9919,134.0323,134.7672,405304.0,54691838.4
2021-11-26,132.2198,132.8076,124.4306,124.7245,688020.0,88223920.35
2021-11-29,121.0014,125.9003,114.29,123.4998,1362918.0,162628049.65
2021-11-30,124.0387,127.3699,116.1516,117.9641,765186.0,93285730.4
2021-12-01,120.0216,122.3731,117.5722,118.0621,464906.0,55337931.05
2021-12-02,118.65,122.4711,118.2091,121.0994,306898.0,36837757.75
2021-12-03,121.4913,124.9205,121.0014,122.2751,536592.0,66064613.5
2021-12-06,123.2549,123.2549,117.8662,118.9929,353105.0,42457955.8
2021-12-07,120.0216,127.2719,120.0216,125.2634,917123.0,114193585.15
2021-12-08,126.0472,126.2922,124.2346,125.3614,659272.0,82595054.0
2021-12-09,126.0962,127.027,124.4306,124.5776,253594.0,31777918.85
2021-12-10,124.4306,128.3497,124.4306,127.7128,286423.0,36309834.3
2021-12-13,128.3497,131.4359,128.1537,130.8481,503194.0,65709859.3
2021-12-14,130.7991,132.5137,129.4274,130.8481,480951.0,62939251.45
2021-12-15,132.2688,141.5766,132.2688,135.453,3680335.0,510120302.75
2021-12-16,136.1388,136.3838,132.6607,134.3753,585724.0,78738913.9
2021-12-17,134.3753,134.8161,129.4764,130.7011,395259.0,51878328.5
2021-12-20,128.3987,129.1825,119.7277,123.2059,438044.0,54368075.2
2021-12-21,123.8427,127.2719,118.9929,120.3156,431411.0,53371427.7
2021-12-22,120.9034,123.4018,117.0823,118.356,621153.0,74278401.25
2021-12-23,121.9812,123.3529,120.5115,122.3241,420259.0,51049229.5
2021-12-24,123.4508,123.4508,116.7884,118.0621,464860.0,55163420.15
2021-12-27,116.1026,119.0419,115.0738,118.0131,305887.0,35939624.8
2021-12-28,119.0419,122.618,119.0419,120.9524,340837.0,41230517.45
2021-12-29,122.4711,123.3529,120.5605,121.5403,193883.0,23579351.1
2021-12-30,122.0792,122.618,119.9237,121.3443,270631.0,32857465.65
2021-12-31,121.9812,122.912,121.3443,121.9812,157896.0,19296392.15
2022-01-03,121.9812,123.1079,120.9034,122.618,223505.0,27280174.75
2022-01-04,123.4508,125.7043,123.0099,124.4796,292252.0,36415679.7
2022-01-05,123.5488,125.1164,122.0792,124.5776,247355.0,30562086.35
2022-01-06,122.4711,125.4104,122.4711,124.8225,168914.0,20944968.9
2022-01-07,123.6958,125.9003,123.3529,125.3614,205320.0,25582143.3
2022-01-10,123.5488,130.7991,123.5488,129.7214,531692.0,68392763.3
2022-01-11,130.4072,131.7789,127.6149,128.3497,313972.0,40623883.85
2022-01-12,129.3294,135.2081,128.4477,132.3667,683946.0,90270571.0
2022-01-13,133.7384,133.8364,130.4072,131.387,137224.0,18063752.95
2022-01-14,130.3582,136.1388,129.4764,131.9258,371266.0,49515406.5
2022-01-17,130.7011,142.6543,130.7011,140.6948,809826.0,112142519.4
2022-01-18,142.0664,144.6138,135.2081,136.3838,472296.0,66267542.95
2022-01-19,135.2081,137.9024,132.9056,136.4328,207447.0,28151658.5
2022-01-20,136.0898,138.5883,133.2975,135.1101,205256.0,27897545.35
2022-01-21,133.2975,138.1474,130.3092,136.4818,393538.0,52839649.9
2022-01-24,138.0494,138.1474,126.1452,128.3987,331172.0,43416159.8
2022-01-25,127.3699,131.7789,125.0675,130.9951,244461.0,31548576.65
2022-01-27,129.7703,133.2485,128.0068,132.5627,191236.0,25068148.4
2022-01-28,133.2485,137.2166,132.0728,133.5914,421438.0,56674017.85
2022-01-31,138.0494,144.5159,134.2773,137.7065,1210136.0,169616205.75
2022-02-01,139.1761,140.8907,136.4818,137.3146,377484.0,52294364.75
2022-02-02,138.6372,141.0867,135.6,139.519,575083.0,79696052.7
2022-02-03,140.4008,145.3487,137.3635,144.4179,1066253.0,151825011.75
2022-02-04,144.9078,144.9078,136.4818,137.8044,1216177.0,170873743.15
2022-02-07,138.1964,143.6831,138.1964,139.2741,463134.0,64964693.5
2022-02-08,139.9109,139.9599,134.8161,136.1388,187938.0,25743213.6
2022-02-09,136.8247,137.8044,132.1218,134.5712,289057.0,39063840.4
2022-02-10,134.8651,136.8737,133.2975,133.7384,182035.0,24564466.25
2022-02-11,133.2485,133.8364,129.3294,131.4359,477731.0,62762352.95
2022-02-14,130.3582,133.2485,128.3497,129.9663,383139.0,50192658.85
2022-02-15,130.3092,137.6575,127.3699,135.551,300561.0,39774832.75
2022-02-16,137.9514,137.9514,133.2975,134.3753,307369.0,41616398.25
2022-02-17,135.0121,137.7555,134.7182,136.8737,310466.0,42426853.65
2022-02-18,137.5595,138.1474,134.2283,136.5797,234370.0,31897791.0
2022-02-21,136.1388,139.47,133.2485,134.2773,840110.0,114605260.35
2022-02-22,131.7789,136.1878,124.0877,128.0068,1162615.0,150567169.1
2022-02-23,129.2315,132.1708,128.3497,128.7906,588977.0,76899481.45
2022-02-24,127.174,127.174,122.4711,122.765,497340.0,61634804.05
2022-02-25,124.2346,128.0557,124.2346,127.027,210740.0,26691623.4
2022-02-28,126.3901,127.5659,123.7938,127.174,168937.0,21338885.85
2022-03-02,127.8108,128.3497,124.6755,126.0472,203131.0,25766497.45
2022-03-03,127.3699,131.6809,127.3699,130.1622,401600.0,52142095.7
2022-03-04,128.8885,129.6234,123.4508,124.4796,412081.0,52189402.1
2022-03-07,122.4711,124.1857,120.5115,122.2261,477689.0,58286525.55
2022-03-08,122.4221,125.4104,119.7767,122.814,529498.0,64576307.45
2022-03-09,123.4508,128.2517,121.7852,123.2059,1440460.0,178878125.35
2022-03-10,126.1942,127.3209,120.7075,122.4221,1064260.0,132017604.75
2022-03-11,122.765,124.7245,120.1196,120.9524,500822.0,61200285.45
2022-03-14,122.3241,123.8427,119.2378,122.0302,613154.0,74558865.9
2022-03-15,122.1771,122.765,119.9727,121.2464,600492.0,72701387.15
2022-03-16,121.8832,126.5861,121.2464,125.8023,945378.0,117295971.4
2022-03-17,127.8598,139.1271,126.978,136.4328,1761330.0,234641382.6
2022-03-21,137.0696,137.3635,131.8768,136.0898,491462.0,66118231.45
2022-03-22,136.1878,137.5595,133.4445,134.7182,432011.0,58554568.55
2022-03-23,135.649,140.9397,134.4242,135.551,911980.0,125534900.75
2022-03-24,135.502,137.1186,133.4445,135.8939,287524.0,38915923.6
2022-03-25,136.5797,146.9653,136.0409,145.9855,3793617.0,546589257.1
2022-03-28,149.4147,158.4286,149.4147,155.2933,6434915.0,1000124588.45
2022-03-29,155.7832,157.1549,149.6107,154.8034,1444005.0,222328604.7
2022-03-30,156.2731,159.4083,148.9248,150.9333,1183175.0,182850608.35
2022-03-31,151.3252,153.8237,149.0228,151.5212,614507.0,93091403.5
2022-04-01,152.6969,157.7427,150.7374,156.2241,1207031.0,187415220.9
2022-04-04,156.2241,158.6735,152.9909,154.2646,608021.0,94476609.4
2022-04-05,156.763,160.633,154.6075,156.812,1171812.0,185342761.1
2022-04-06,157.0079,168.2752,157.0079,163.1804,3849970.0,633626368.55
2022-04-07,164.0133,164.6011,157.7917,158.8205,563834.0,90894712.55
2022-04-08,159.7023,165.189,159.7023,163.8173,731723.0,119089375.9
2022-04-11,165.14,166.4137,161.8578,163.1804,386755.0,63340163.7
2022-04-12,162.1517,162.1517,155.2933,157.7427,625573.0,99184745.45
2022-04-13,159.2124,164.0622,158.3306,161.7108,917062.0,148316673.65
2022-04-18,161.5638,161.5638,156.763,157.8407,318682.0,50506028.7
2022-04-19,159.1144,161.5638,152.354,156.567,423480.0,67343991.6
2022-04-20,155.7832,158.4776,153.8237,156.9099,356246.0,55738967.6
2022-04-21,156.3711,160.682,156.3711,157.8407,235091.0,37347210.6
2022-04-22,156.714,159.5553,153.8237,155.1953,295241.0,46448827.1
2022-04-25,152.8439,154.4605,146.5244,147.8471,427117.0,63944188.7
2022-04-26,149.0228,158.4286,148.4349,154.3135,1141301.0,177082110.0
2022-04-27,152.8439,155.4893,151.7172,152.7949,312052.0,47774178.4
2022-04-28,153.5787,160.4861,153.5297,158.3306,883752.0,140148107.15
2022-04-29,159.4083,162.3476,155.6852,157.1549,668530.0,105969156.45
2022-05-02,156.42,164.5521,154.8034,162.3476,1846934.0,295499618.3
2022-05-04,162.6416,166.0708,152.354,155.8322,1003385.0,161265579.15
2022-05-05,157.9387,162.1517,145.4956,146.9653,1551143.0,233239028.5
2022-05-06,145.0057,145.4466,141.3806,142.7523,574989.0,82289416.2
2022-05-09,141.0867,141.2826,138.1474,139.617,313148.0,43712928.15
2022-05-10,138.8822,143.0952,132.7586,135.453,438905.0,60924427.85
2022-05-11,136.1388,138.6372,130.3092,130.8971,682147.0,90153064.7
2022-05-12,128.3497,135.2081,126.3901,131.24,484288.0,62513002.5
2022-05-13,135.0121,135.0121,128.3497,131.24,684105.0,90423919.0
2022-05-16,133.1505,135.2081,130.0643,134.4732,197278.0,26268637.55
2022-05-17,134.9631,136.5307,133.8854,135.355,216009.0,29167567.5
2022-05-18,136.1878,138.4903,133.2485,135.2081,255501.0,34651782.35
2022-05-19,132.2688,138.3923,130.5052,135.6,297169.0,39799350.7
2022-05-20,135.9919,137.1186,132.6117,135.8939,276512.0,37338059.55
2022-05-23,135.8939,137.9514,130.9951,136.5797,256148.0,34615140.9
2022-05-24,135.9429,137.5595,131.6809,132.3667,291513.0,38977127.95
2022-05-25,132.3177,133.4445,123.8917,124.3816,403891.0,51438958.2
2022-05-26,125.0185,130.3092,121.1974,127.8598,286359.0,35770673.55
2022-05-27,130.4072,131.24,122.4711,125.0675,650116.0,81316112.35
2022-05-30,125.7043,132.6117,125.7043,131.9748,531918.0,69355168.0
2022-05-31,132.5137,133.6894,130.9461,132.4157,276561.0,36657459.95
2022-06-01,132.7586,136.0898,132.7586,134.5222,297404.0,40006616.9
2022-06-02,135.2081,137.0696,133.5914,135.9919,172421.0,23307479.8
2022-06-03,137.1676,142.0174,136.4328,138.0004,709268.0,99312358.7
2022-06-06,137.1676,137.2166,131.387,132.5137,247945.0,33025765.0
2022-06-07,132.2198,133.4445,130.4072,131.6809,135258.0,17844697.7
2022-06-08,132.5627,134.1793,131.4359,132.8566,103107.0,13720148.05
2022-06-09,132.2688,133.5914,130.4072,131.7789,171778.0,22655878.15
2022-06-10,131.289,133.5914,129.8683,132.4647,129319.0,17109626.85
2022-06-13,129.8193,130.3582,125.4104,129.3784,197723.0,25338761.25
2022-06-14,126.4391,130.1622,126.4391,127.7618,124527.0,16011914.9
2022-06-15,127.7618,129.8193,127.5659,129.1825,87321.0,11227815.6
2022-06-16,129.8193,130.4562,124.4306,127.027,214058.0,27171540.5
2022-06-17,125.4594,125.9492,121.0014,122.569,461391.0,56814774.75
2022-06-20,122.569,124.2836,117.8172,119.8257,207292.0,24982281.65
2022-06-21,121.0014,125.0185,120.0706,123.5978,145886.0,17990606.75
2022-06-22,121.0504,125.7043,121.0504,124.0877,159814.0,19805053.35
2022-06-23,124.4306,125.2634,121.4913,123.3529,152221.0,18755907.3
2022-06-24,123.3529,127.2719,122.5201,122.912,249326.0,31018194.6
2022-06-27,124.4796,125.7533,122.2261,122.618,247988.0,30715850.4
2022-06-28,122.667,124.2346,122.0792,122.618,166213.0,20427693.5
2022-06-29,122.4711,125.9003,121.0014,123.4998,304721.0,37526307.6
2022-06-30,123.4508,124.0877,122.0792,122.3731,126531.0,15529420.45
2022-07-01,121.8832,125.3614,121.6873,124.1367,165464.0,20514095.4
2022-07-04,124.7735,125.7533,123.3039,124.0387,188917.0,23532179.8
2022-07-05,124.8715,126.978,124.0387,125.2144,243591.0,30623628.75
2022-07-06,125.8023,126.1452,124.0877,124.9205,145909.0,18239921.75
2022-07-07,125.7043,129.2805,125.6063,127.7618,520862.0,66682861.95
2022-07-08,128.3497,132.9546,127.4679,131.044,537973.0,70514119.5
2022-07-11,133.1505,133.9344,131.044,131.5339,299955.0,39832032.75
2022-07-12,131.289,132.7586,129.9663,130.6031,113285.0,14899026.75
2022-07-13,131.289,133.1505,126.978,128.0068,323648.0,41734613.75
2022-07-14,128.3007,128.9865,125.7533,127.4189,170129.0,21683575.05
2022-07-15,128.3007,130.0643,126.978,127.8598,231141.0,29621640.85
2022-07-18,129.3294,132.2688,127.4679,129.7703,374420.0,48525853.3
2022-07-19,129.8193,130.2112,127.4189,127.6638,368914.0,47329545.65
2022-07-20,129.0355,132.5137,128.3497,128.9375,502349.0,65536543.1
2022-07-21,129.0355,135.8939,128.4966,135.404,994029.0,132339724.95
2022-07-22,135.404,137.9024,132.1218,137.4125,493377.0,66879630.25
2022-07-25,137.3635,141.5766,135.7469,141.1846,713339.0,99554309.8
2022-07-26,142.0664,155.5872,142.0174,151.8641,7522551.0,1141102521.7
2022-07-27,151.8641,151.8641,145.5446,146.7693,811302.0,120940094.75
2022-07-28,151.8641,153.3338,148.092,149.5127,1467516.0,220834671.2
2022-07-29,150.4435,151.4232,144.7118,148.092,467471.0,69451140.7
2022-08-01,148.6309,150.0515,145.2017,146.3774,344679.0,50741815.5
2022-08-02,145.0547,151.3742,143.5361,150.7864,573676.0,84706937.45
2022-08-03,147.7981,151.2273,145.8875,150.2475,420719.0,62342154.95
2022-08-04,150.9823,152.354,148.6309,150.5904,398977.0,60075038.75
2022-08-05,150.8844,155.7832,150.3455,152.8929,1338346.0,204531694.85
2022-08-08,152.9419,155.4893,148.5819,149.9536,488029.0,74255173.15
2022-08-10,150.7374,153.8237,150.4435,152.256,280917.0,42826329.75
2022-08-11,154.4605,155.7832,149.9046,150.4924,284793.0,43185297.25
2022-08-12,151.7172,151.7172,147.7001,148.9738,179245.0,26766346.2
2022-08-16,147.5042,155.2933,147.5042,153.0398,397731.0,60381277.3
2022-08-17,153.8237,154.7055,149.9046,154.1666,389373.0,59481528.95
2022-08-18,154.8034,159.6533,152.354,153.7257,635128.0,99238957.05
2022-08-19,152.9909,154.1666,149.1208,151.0803,277200.0,41995154.35
2022-08-22,149.8066,152.354,147.945,151.9131,260303.0,39098133.0
2022-08-23,149.5127,152.452,149.5127,151.8641,183000.0,27660754.5
2022-08-24,152.5989,157.7427,151.8641,156.518,371594.0,57636370.65
2022-08-25,156.9099,159.2124,152.0601,156.763,1032544.0,160400585.55
2022-08-26,157.5468,158.6735,152.7949,157.7427,1007190.0,158190606.35
2022-08-29,153.3338,160.3391,152.9419,153.3338,550221.0,85608825.2
2022-08-30,154.1666,158.2326,154.0196,157.0569,769599.0,119994947.95
2022-09-01,155.8812,159.2124,154.9504,156.3711,308178.0,48341646.3
2022-09-02,157.1549,187.6257,156.763,184.1475,10799925.0,1909183702.1
2022-09-05,187.9196,187.9196,177.632,180.4244,3695968.0,674641826.75
2022-09-06,181.5511,183.2167,174.1539,176.5543,1192279.0,213022670.55
2022-09-07,175.8685,201.3424,174.3008,197.0315,8777553.0,1706625454.35
2022-09-08,194.9739,194.9739,189.1933,191.1039,1177983.0,226306122.7
2022-09-09,192.9164,192.9654,183.4127,184.8823,487216.0,91356520.85
2022-09-12,185.6661,190.0261,181.943,183.2167,482219.0,89554596.8
2022-09-13,184.1475,185.1763,180.2774,180.8653,348683.0,63767395.5
2022-09-14,177.681,184.1965,177.3871,179.9345,392465.0,71085153.65
2022-09-15,182.041,182.041,176.8482,177.73,426861.0,76327771.9
2022-09-16,179.2976,192.1326,176.9462,180.6693,2323924.0,433529093.0
2022-09-19,180.6693,184.7843,177.828,179.7385,927865.0,168633944.3
2022-09-20,181.1592,191.0549,181.1102,184.2455,1531269.0,286099102.4
2022-09-21,186.058,194.9249,183.7556,192.2306,2825852.0,538576969.45
2022-09-22,192.1326,193.9942,186.6949,191.0059,1353729.0,257342890.25
2022-09-23,191.0549,196.7375,188.7034,194.827,1347290.0,259019722.15
2022-09-26,193.7982,195.9537,185.1763,190.8589,1259023.0,238797205.1
2022-09-27,188.9973,193.0144,181.4531,183.1187,913961.0,170486325.5
2022-09-28,181.1592,189.2913,180.2774,184.9313,1075025.0,200254027.95
2022-09-29,185.9601,189.0953,179.3956,181.1102,528242.0,97310165.6
2022-09-30,182.2369,186.156,178.3669,183.5106,611989.0,112202954.1
2022-10-03,183.2167,193.3573,181.3552,191.9856,2097510.0,396846737.05
2022-10-04,193.9942,197.3744,188.3115,189.5852,871991.0,167004884.95
2022-10-06,191.6427,194.9739,185.3722,186.401,524445.0,99647929.25
2022-10-07,187.8216,188.1156,183.4127,187.1848,483899.0,89820334.45
2022-10-10,185.4702,192.8184,182.4329,183.5106,929144.0,174513523.6
2022-10-11,185.3722,186.7929,180.5713,181.5511,379019.0,69488503.5
2022-10-12,183.8536,183.8536,177.3871,179.1997,242991.0,43653322.4
2022-10-13,179.9345,183.1187,178.6118,180.8163,518544.0,93910153.35
2022-10-14,183.2167,184.1475,177.3871,178.5628,203039.0,36585749.45
2022-10-17,179.2976,181.6981,176.0154,180.7673,225526.0,40302887.6
2022-10-18,182.2369,184.8823,180.8163,184.0005,661496.0,120951648.85
2022-10-19,185.7641,188.1156,181.3062,182.041,950533.0,175106718.15
2022-10-20,182.041,183.9026,179.5916,180.1304,217261.0,39422520.4
2022-10-21,181.0122,187.1358,180.4734,186.352,599764.0,110375437.4
2022-10-24,188.1156,190.8589,186.45,188.5075,200390.0,37838012.5
2022-10-25,188.1156,191.9367,185.5192,186.401,298678.0,56363392.1
2022-10-27,187.9686,187.9686,183.2657,185.5192,262327.0,48702127.4
2022-10-28,185.5192,186.4989,182.2369,185.1763,244086.0,44914219.05
2022-10-31,186.107,193.5043,184.5884,189.9281,888586.0,168999915.95
2022-11-01,190.9079,192.6225,186.205,187.6747,366728.0,69117542.65
2022-11-02,187.6257,193.0144,186.7929,188.5075,1149846.0,218814122.0
2022-11-03,188.5075,190.565,183.7556,184.6374,801099.0,150042468.8
2022-11-04,185.0783,187.6747,182.2859,183.0208,395499.0,72934521.25
2022-11-07,183.2657,184.6864,180.3754,181.6491,328999.0,59955723.25
2022-11-09,183.2167,185.5682,181.3552,182.3839,359385.0,65863648.65
2022-11-10,181.894,182.7268,177.3381,178.8078,244874.0,44069103.55
2022-11-11,179.6406,182.5799,177.926,180.9143,324889.0,58536365.3
2022-11-14,180.9143,180.9143,171.9494,174.4478,901973.0,157472588.35
2022-11-15,175.2316,175.2316,169.6959,170.5287,391322.0,67021782.9
2022-11-16,170.7247,175.5255,169.8429,170.2348,361992.0,62229171.95
2022-11-17,170.2838,171.0186,164.6011,165.5809,504794.0,84281993.55
2022-11-18,165.5809,167.5404,161.5148,162.5926,441088.0,72421900.7
2022-11-21,162.5926,173.37,161.6618,168.9121,990676.0,167856620.05
2022-11-22,169.7939,169.7939,167.3445,167.8833,154234.0,25938766.15
2022-11-23,168.5692,169.304,166.5606,168.3732,152175.0,25561300.25
2022-11-24,169.108,169.6469,167.4424,168.3242,152101.0,25644704.0
2022-11-25,168.5692,174.3988,167.6384,173.419,538467.0,92913401.5
2022-11-28,173.2231,174.2518,169.9898,171.6065,543170.0,93155809.7
2022-11-29,170.8716,172.2433,169.6469,170.4307,116704.0,19950260.05
2022-11-30,170.4797,176.9952,170.3328,175.2806,1151281.0,200902430.55
2022-12-01,175.7215,178.2689,171.5575,172.3903,729934.0,126847639.05
2022-12-02,171.4595,173.419,170.9206,172.3903,384454.0,66126902.95
2022-12-05,172.3903,174.3498,172.1453,173.713,298923.0,51794276.45
2022-12-06,174.2028,176.9952,173.0761,176.2114,332129.0,58179530.05
2022-12-07,175.8685,179.1017,174.7417,178.3179,575744.0,102602081.05
2022-12-08,179.2487,181.7471,178.0239,180.9143,207937.0,37443452.85
2022-12-09,182.6778,182.8248,178.3179,179.6406,378038.0,67855549.55
2022-12-12,178.7098,180.5224,177.5341,179.7385,310244.0,55454993.3
2022-12-13,180.2774,183.6576,178.9057,179.6406,297095.0,53915752.55
2022-12-14,180.4734,181.0612,176.3583,177.4851,353294.0,63079211.55
2022-12-15,178.3179,180.2284,176.6033,177.828,229725.0,41014750.45
2022-12-16,177.3381,179.6406,174.8887,175.7215,321849.0,57015014.8
2022-12-19,177.0442,177.0442,170.4797,172.0474,448540.0,77551932.25
2022-12-20,172.4393,176.2114,169.5,174.4478,637432.0,111169252.25
2022-12-21,175.3786,175.8685,164.4052,166.2177,560429.0,95778207.65
2022-12-22,166.8546,168.0303,159.2124,162.2007,431662.0,70095747.75
2022-12-23,160.682,160.731,153.0398,155.2933,656359.0,102949328.7
2022-12-26,151.8641,161.5148,148.9248,160.2411,1120820.0,175579023.85
2022-12-27,162.6416,166.5606,156.0281,158.8205,1453803.0,230682220.95
2022-12-28,159.7023,172.6352,157.4978,169.5979,1393690.0,233905300.0
2022-12-29,167.0505,168.2752,164.0133,165.042,315512.0,52328070.35
2022-12-30,165.5809,176.4563,165.5809,173.713,995180.0,172070909.6
2023-01-02,171.7044,174.4478,170.1368,173.1741,270180.0,46579989.1
2023-01-03,173.9089,177.2401,172.1943,175.5255,320769.0,56033774.75
2023-01-04,176.0154,177.926,171.8024,172.5862,260014.0,45458042.4
2023-01-05,174.7907,174.7907,170.3817,172.1943,248474.0,42777744.3
2023-01-06,171.9984,174.3008,169.7449,173.37,212942.0,36656151.75
2023-01-09,174.3988,178.1709,172.7332,173.713,300405.0,52768990.75
2023-01-10,173.713,180.2774,172.4882,174.3008,555707.0,98179902.3
2023-01-11,174.6927,175.1826,170.6757,171.7044,203617.0,35092355.85
2023-01-12,171.9494,173.566,169.255,170.9206,106505.0,18175662.65
2023-01-13,170.9206,172.6352,169.8919,171.3125,154905.0,26484555.4
2023-01-16,169.9898,172.9291,169.9898,171.9004,174401.0,29997606.35
2023-01-17,171.4595,172.8802,168.0793,168.7651,184553.0,31412239.2
2023-01-18,168.9121,169.5489,166.5606,166.8056,116095.0,19459788.5
2023-01-19,166.5606,166.5606,164.1602,165.3359,182783.0,30170854.65
2023-01-20,166.2177,167.0505,161.6128,164.6991,300957.0,49497455.6
2023-01-23,164.6011,165.6299,161.8578,162.5436,172695.0,28171822.25
2023-01-24,162.5436,163.4744,160.2411,160.78,168719.0,27281831.7
2023-01-25,160.0452,162.4946,160.0452,161.3189,156122.0,25200470.4
2023-01-27,161.4169,162.2987,156.1261,157.3998,205630.0,32682448.65
2023-01-30,156.763,160.927,152.452,153.8726,254744.0,39672618.5
2023-01-31,154.3135,160.927,153.9216,159.7023,206113.0,32589151.55
2023-02-01,161.6618,174.2518,161.6618,171.9004,2443515.0,416783907.3
2023-02-02,168.6672,172.9781,165.287,166.7566,357285.0,60319015.9
2023-02-03,166.6096,167.9323,162.6416,163.5724,317677.0,52333327.45
2023-02-06,165.3849,170.5287,162.6416,163.3274,890586.0,147616584.6
2023-02-07,164.993,167.8343,162.8865,163.4744,571885.0,94506019.7
2023-02-08,164.993,167.2465,160.78,163.4744,572474.0,93692007.75
2023-02-09,164.4541,169.9409,164.0622,166.2177,886176.0,148323285.4
2023-02-10,166.2667,171.0676,166.2177,168.3732,597013.0,100904990.25
2023-02-13,168.3242,170.1858,163.3274,165.042,912278.0,152571970.4
2023-02-14,164.6011,165.091,159.7023,160.2901,387839.0,62908506.0
2023-02-15,159.2124,162.6416,159.2124,161.2699,202215.0,32537895.25
2023-02-16,161.7598,165.4339,161.7598,163.9643,204110.0,33477544.7
2023-02-17,162.7396,165.3359,159.3104,160.5351,294557.0,47842517.95
2023-02-20,160.927,161.5638,157.7427,158.4776,196870.0,31309386.85
2023-02-21,158.1346,160.5841,157.7427,158.4776,155628.0,24728810.5
2023-02-22,156.8609,159.1144,152.9909,153.4318,335059.0,52274787.6
2023-02-23,153.8237,162.3966,152.354,161.2699,766873.0,122324827.6
2023-02-24,160.682,163.5724,156.9099,159.2124,471634.0,76012960.65
2023-02-27,157.9387,158.8205,154.9504,155.6362,235145.0,36749296.75
2023-02-28,155.9302,158.7225,152.55,154.0686,610817.0,94511311.3
2023-03-01,155.0974,161.4169,154.2646,156.567,682546.0,107930832.35
2023-03-02,157.2528,158.4776,154.6075,154.9994,220230.0,34379468.25
2023-03-03,155.8812,158.9185,155.5872,157.3018,324095.0,51014908.9
2023-03-06,157.7917,160.633,156.9099,157.7917,268463.0,42593393.35
2023-03-08,158.2326,170.8716,156.763,166.7566,2096131.0,346722580.55
2023-03-09,165.9728,167.4424,163.1315,163.6703,251704.0,41462924.5
2023-03-10,162.8865,163.6213,160.633,162.5926,199217.0,32301141.95
2023-03-13,163.0335,163.6213,156.8609,158.7715,248628.0,39911181.4
2023-03-14,157.7427,166.4627,157.4488,164.993,821899.0,134467210.75
2023-03-15,166.5606,166.7566,161.6618,162.4456,282389.0,46385674.9
2023-03-16,160.731,162.2497,158.8205,160.5841,159581.0,25574182.05
2023-03-17,161.6128,163.0825,159.2124,159.5063,161313.0,25910294.9
2023-03-20,168.5202,168.5202,157.0079,158.1836,260414.0,41342032.85
2023-03-21,159.7513,159.7513,156.42,157.2528,196903.0,31114938.3
2023-03-22,157.7427,159.3594,155.7832,156.3711,234259.0,37022525.4
2023-03-23,155.9302,157.8407,154.3135,154.8034,137723.0,21472747.15
2023-03-24,155.5872,156.2241,152.354,152.6969,127295.0,19617417.45
2023-03-27,152.8439,153.5297,147.3082,149.1208,304631.0,45698788.55
2023-03-28,149.5617,155.7832,147.7491,153.3338,292573.0,44140468.4
2023-03-29,151.5212,163.0825,151.5212,161.3189,573247.0,91219011.2
2023-03-31,161.7108,163.8663,160.976,162.2987,190670.0,30974662.45
2023-04-03,163.1315,164.6011,159.9962,160.633,297940.0,48253736.4
2023-04-05,160.3881,165.091,160.3391,163.9643,487062.0,79484106.4
2023-04-06,164.5521,164.7971,160.1432,160.5351,349254.0,56610418.95
2023-04-10,160.5351,165.091,160.4861,162.5926,489358.0,79514530.6
2023-04-11,163.4254,165.3849,162.0047,163.9643,256462.0,41989850.8
2023-04-12,165.8748,171.2635,164.1602,166.8056,1522373.0,257514127.6
2023-04-13,167.1975,170.2838,166.7566,167.5404,325194.0,54675153.3
2023-04-17,167.5404,171.3615,166.1198,169.8919,452718.0,76575928.75
2023-04-18,169.9409,173.419,167.6384,169.255,376522.0,64279216.85
2023-04-19,168.5692,173.9089,165.091,166.1198,766047.0,129277925.05
2023-04-20,166.5606,169.5,166.5606,167.9813,510447.0,85754094.55
2023-04-21,168.6182,174.3988,166.6096,167.2955,1231464.0,209455183.45
2023-04-24,167.4424,169.9898,165.3849,166.8546,426674.0,71353197.8
2023-04-25,166.7566,169.157,165.238,166.4137,491972.0,82197495.05
2023-04-26,166.7566,171.8514,166.7566,168.7161,611728.0,103771270.9
2023-04-27,169.304,169.8919,167.5404,168.0303,235108.0,39591266.25
2023-04-28,169.5489,188.9973,169.5489,184.9313,10735081.0,1967710023.35
2023-05-02,183.2167,188.0176,182.7758,184.7843,966602.0,178946524.25
2023-05-03,185.1763,191.8387,183.2167,186.6459,1361025.0,256676919.1
2023-05-04,186.156,189.5362,182.4329,183.5106,540410.0,100234048.3
2023-05-05,183.9026,188.4095,180.4244,181.6981,609000.0,111987388.25
2023-05-08,180.3264,187.7726,180.3264,185.2742,568304.0,105277950.5
2023-05-09,185.7641,188.2135,183.2167,184.6864,803596.0,149605793.95
2023-05-10,185.5682,186.9398,183.1677,185.0783,383163.0,70709972.8
2023-05-11,186.156,190.7609,184.6864,186.5969,712434.0,133642727.5
2023-05-12,186.107,187.8216,184.1965,185.5682,350631.0,65154377.05
2023-05-15,185.1763,188.9484,185.1763,187.7236,394983.0,73923271.35
2023-05-16,188.0666,193.2104,188.0176,190.7609,1131989.0,216609600.85
2023-05-17,190.8099,194.2391,186.303,189.3403,539596.0,102941058.75
2023-05-18,191.3488,214.0794,191.0549,203.4489,13992642.0,2881046605.0
2023-05-19,203.4489,206.0453,198.893,201.0975,1812899.0,366352313.75
2023-05-22,203.302,203.302,196.2476,197.1784,738232.0,146078559.45
2023-05-23,200.8525,205.4575,195.0229,196.6885,2153333.0,431240937.85
2023-05-24,196.9335,201.7343,194.9739,195.9047,910479.0,180692365.6
2023-05-25,195.9047,211.3851,195.3658,199.8728,4053503.0,828159360.35
2023-05-26,200.3627,203.6449,199.9218,200.8036,752252.0,151445327.25
2023-05-29,202.5671,203.6449,199.4319,201.1465,506118.0,101934179.5
2023-05-30,201.1465,203.6939,198.893,202.8121,569990.0,115146887.95
2023-05-31,202.7631,206.6822,199.9218,204.5757,1172871.0,239604911.85
2023-06-01,204.4777,213.3936,203.302,211.728,2113620.0,445038697.55
2023-06-02,213.5895,214.3734,208.3478,210.1114,611155.0,129147514.85
2023-06-05,211.532,214.9612,210.1114,211.777,1209110.0,257884402.0
2023-06-06,212.5118,215.941,209.7684,210.6992,925663.0,197619177.8
2023-06-07,211.3851,215.1572,206.9761,209.3765,622775.0,131623968.65
2023-06-08,210.4543,212.5118,203.7919,204.6736,700183.0,145185498.75
2023-06-09,205.7514,211.532,201.8323,203.351,671758.0,138672078.1
2023-06-12,204.5267,207.0741,202.0773,205.8984,522790.0,107425859.45
2023-06-13,206.6822,210.4543,206.1433,209.5235,502328.0,104778767.35
2023-06-14,209.6705,210.4053,206.7312,208.1518,329759.0,68743537.75
2023-06-15,208.2498,210.6012,206.7312,208.3478,354518.0,74139458.1
2023-06-16,208.2008,210.0624,206.6822,208.2498,338414.0,70441711.1
2023-06-19,209.3765,214.0794,206.7312,208.6907,517870.0,108975130.55
2023-06-20,208.6907,209.5725,205.5064,207.9559,261240.0,54166990.35
2023-06-21,208.6907,214.5693,207.368,208.9846,740586.0,156246552.45
2023-06-22,209.0826,209.6705,203.7919,204.4287,378614.0,78094491.6
2023-06-23,203.7919,207.466,202.3222,203.302,343063.0,70096471.5
2023-06-26,203.7919,207.466,202.8611,206.6822,283388.0,58376263.55
2023-06-27,206.7312,208.8866,202.9101,203.7429,392404.0,80356358.95
2023-06-28,204.7716,206.7312,202.8121,203.7919,363791.0,74340406.65
2023-06-30,203.9388,210.2583,203.9388,207.7109,534836.0,111223140.3
2023-07-03,207.7109,212.1199,202.3712,206.0453,655618.0,135149414.85
2023-07-04,206.0453,207.7109,203.4489,205.3105,481582.0,98826027.6
2023-07-05,205.1635,209.4745,203.253,204.2327,670935.0,138107816.85
2023-07-06,202.9101,205.8494,202.3712,203.6449,372224.0,76004597.55
2023-07-07,203.302,204.7716,199.1869,201.9793,419487.0,84641548.75
2023-07-10,203.302,205.2615,199.2849,201.4404,476771.0,96715519.55
2023-07-11,201.5874,208.9846,201.5874,207.417,1647172.0,338272426.4
2023-07-12,208.1028,217.5086,207.7109,210.1114,4614057.0,987491036.35
2023-07-13,211.581,212.4628,204.1348,206.0453,728267.0,151968167.6
2023-07-14,206.6332,211.581,205.3105,208.0538,573971.0,119867834.15
2023-07-17,210.0624,217.5086,209.2786,211.483,1623624.0,346745644.1
2023-07-18,212.4628,213.5895,205.7514,209.7195,659118.0,138014028.25
2023-07-19,209.9644,215.5491,208.8866,213.8345,626523.0,133169504.65
2023-07-20,215.5491,217.5086,212.6098,214.9612,1136069.0,244590958.55
2023-07-21,214.8142,218.4884,212.6098,214.0794,1062164.0,228918595.85
2023-07-24,214.8142,215.2551,210.3563,213.6875,581856.0,124079101.85
2023-07-25,214.3244,216.4309,209.9644,210.6992,523810.0,111539235.05
2023-07-26,211.532,212.1199,208.4947,209.8664,355555.0,74577601.4
2023-07-27,211.0421,212.3648,205.8494,207.417,379744.0,79370404.6
2023-07-28,207.9069,210.6502,205.8004,210.2093,503106.0,104783102.7
2023-07-31,211.532,212.7077,205.9963,207.7109,767946.0,160677459.35
2023-08-01,208.8866,209.8174,204.8206,205.5064,524110.0,108064844.8
2023-08-02,206.4421,208.2643,202.4039,205.3095,465803.0,95727378.7
2023-08-03,205.211,208.1658,203.6843,207.4763,419248.0,86486749.4
2023-08-04,208.1658,209.9879,205.211,206.1959,491364.0,101942725.2
2023-08-07,207.3286,212.6472,206.0974,206.7376,741803.0,155142750.15
2023-08-08,206.7376,210.7758,204.3738,206.6391,536661.0,111046383.1
2023-08-09,210.0864,211.4653,207.4271,209.9879,2117514.0,443509101.9
2023-08-10,210.6774,211.1698,204.8662,207.0331,728266.0,150678610.2
2023-08-11,208.7075,209.1015,203.9798,206.8361,500452.0,103160162.8
2023-08-14,205.9497,207.2301,202.3054,202.9456,518050.0,105630506.2
2023-08-16,202.5024,208.7567,201.9607,208.1658,364652.0,74980995.65
2023-08-17,209.0522,212.1548,207.0331,211.7115,1150903.0,241979089.65
2023-08-18,212.5487,222.4966,210.6281,220.8222,4360969.0,951041469.6
2023-08-21,225.4021,235.2022,220.2312,233.0846,7815648.0,1797857712.8
2023-08-22,235.3992,237.8615,228.8986,234.3158,3324516.0,778163595.9
2023-08-23,234.1188,239.2897,233.9218,236.1379,2214752.0,524912030.8
2023-08-24,237.8123,238.2555,231.8042,233.8725,849241.0,199254901.5
2023-08-25,236.3841,239.6344,229.9821,231.6564,1950880.0,458881490.4
2023-08-28,233.6263,234.3158,227.1257,228.9479,821483.0,189422939.8
2023-08-29,231.164,231.361,226.8303,228.9971,646213.0,147923107.95
2023-08-30,228.5047,240.9148,225.0574,238.4032,3379644.0,800000279.4
2023-08-31,240.8163,248.1048,238.748,245.1008,2517778.0,611656758.75
2023-09-01,249.1883,270.8076,245.1008,268.1482,9145262.0,2372540852.95
2023-09-04,260.0225,260.0225,246.4797,248.1048,3260969.0,821572831.1
2023-09-05,248.942,251.6014,242.2445,245.8887,1536885.0,379868595.3
2023-09-06,246.5782,254.7039,246.0365,251.7491,1691619.0,426361916.95
2023-09-07,251.9953,253.3742,246.2335,250.0747,857500.0,214053297.3
2023-09-08,252.537,252.537,245.8887,247.5139,703687.0,174985059.05
2023-09-11,248.5481,251.6506,246.332,249.1883,700401.0,174232138.1
2023-09-12,249.7792,250.3209,229.7851,235.0545,1463114.0,349135169.25
2023-09-13,233.7248,240.1269,232.4444,236.4334,588126.0,139118382.25
2023-09-14,237.7138,243.7711,237.1721,240.9641,499815.0,120333283.4
2023-09-15,241.8013,243.3279,229.8343,233.0846,2505829.0,586688948.6
2023-09-18,234.7097,236.3841,228.5047,229.5388,675502.0,157137906.5
2023-09-20,228.3077,229.9328,223.186,225.1559,994589.0,224261037.55
2023-09-21,225.9931,238.354,223.8262,225.2051,2897047.0,669160408.75
2023-09-22,225.3036,230.179,221.8564,229.8343,1838867.0,418027862.95
2023-09-25,231.164,231.9519,223.3338,224.1709,1099633.0,248594169.5
2023-09-26,224.5649,225.3529,220.6252,221.7086,526620.0,117320125.55
2023-09-27,222.4966,223.3338,218.3106,222.1518,636471.0,140645437.65
2023-09-28,222.5458,224.6634,218.0644,220.2312,741641.0,164258403.85
2023-09-29,220.3297,221.4131,217.4241,219.6895,722841.0,158830639.8
2023-10-03,223.4815,231.361,221.5116,228.7016,2401222.0,547525590.4
2023-10-04,230.967,235.3499,227.2735,229.0956,2365398.0,548416062.35
2023-10-05,230.7208,233.3801,226.7318,229.6866,850495.0,194942910.5
2023-10-06,230.8685,238.8465,229.5388,232.9861,2027444.0,476178255.3
2023-10-09,232.5921,232.5921,222.9398,225.2051,776608.0,176946217.25
2023-10-10,225.9931,231.1147,225.9931,229.1449,626678.0,143535035.8
2023-10-11,230.0313,231.5087,225.6483,227.6675,619467.0,141386079.3
2023-10-12,228.7016,231.4595,226.6825,228.9971,467979.0,107039314.1
2023-10-13,228.0122,230.376,226.5348,226.7318,372198.0,84821566.0
2023-10-16,227.4212,228.0122,224.5649,225.5499,457592.0,103338714.9
2023-10-17,225.9931,228.9971,224.6142,225.5991,405146.0,91928378.85
2023-10-18,226.978,226.978,221.9056,225.6483,624651.0,140686667.95
2023-10-19,225.1066,225.1066,220.7729,222.1518,383514.0,85296643.25
2023-10-20,222.1518,223.2845,218.7538,219.8372,399609.0,88080827.65
2023-10-23,219.7387,220.4282,210.4311,213.5829,800783.0,171665653.25
2023-10-25,213.5829,214.8633,206.3929,210.5789,580869.0,121838821.55
2023-10-26,208.7567,212.3025,202.4532,209.9387,745056.0,154752288.1
2023-10-27,210.5789,212.7457,206.3436,208.1658,651478.0,136150526.4
2023-10-30,208.1658,226.3378,207.0823,224.4664,3176791.0,700128999.0
2023-10-31,223.6292,227.9629,220.6744,221.5609,796525.0,178605114.35
2023-11-01,220.8222,224.0232,219.0493,222.5458,282814.0,62582741.9
2023-11-02,224.5649,225.2544,219.0,220.6252,282758.0,62797437.1
2023-11-03,221.6101,222.9398,217.9659,219.2463,374861.0,82595487.0
2023-11-06,225.5499,231.361,220.6252,230.0313,2585870.0,588857400.3
2023-11-07,231.6072,236.7781,228.5047,234.4635,2325857.0,544491104.95
2023-11-08,236.3841,239.3389,234.5128,237.6153,1521302.0,361399161.6
2023-11-09,237.6645,238.2555,228.8001,229.5881,546799.0,127140236.25
2023-11-10,228.7016,231.7549,225.6483,227.372,561270.0,128432836.0
2023-11-12,230.2775,231.4595,229.5388,231.0655,119910.0,27670159.85
2023-11-13,232.1489,232.1489,225.6976,227.8644,458766.0,104601283.9
2023-11-15,231.164,233.2816,228.8986,231.3117,500177.0,115669652.65
2023-11-16,231.3117,231.8042,227.372,228.5539,388137.0,89076935.55
2023-11-17,229.4896,230.6223,226.0916,228.9971,891799.0,203398939.55
2023-11-20,238.354,245.1993,236.3841,239.6344,4605714.0,1107462259.45
2023-11-21,242.2937,242.5892,235.4484,236.4334,571642.0,136452894.2
2023-11-22,235.4484,236.3841,229.7358,233.3801,878913.0,204648267.4
2023-11-23,234.2665,237.8615,232.3951,234.6112,405332.0,94960315.15
2023-11-24,235.8917,237.3691,230.0805,231.0655,418512.0,97305952.95
2023-11-28,233.4293,237.96,228.4062,235.3992,1158495.0,271681363.45
2023-11-29,236.3841,236.9751,230.4745,231.9027,636669.0,147998799.75
2023-11-30,233.4293,235.3992,230.376,234.3158,671006.0,156277694.75
2023-12-01,232.8876,234.6112,231.0162,232.6414,867341.0,201803487.35
2023-12-04,235.9902,239.3389,233.5278,235.2515,1106365.0,261347633.65
2023-12-05,236.2856,240.8656,234.2173,236.3349,868884.0,206360228.2
2023-12-06,237.3198,237.9108,234.7097,235.5469,748794.0,176477285.3
2023-12-07,235.0545,247.2184,234.4143,245.6425,2715880.0,660959009.0
2023-12-08,246.332,251.6506,239.3389,243.6234,1671366.0,411429443.95
2023-12-11,247.1692,247.9079,242.5892,244.9038,2672453.0,651433970.25
2023-12-12,247.2184,247.2676,239.3389,241.0626,709909.0,172543475.75
2023-12-13,242.1952,242.7369,235.3992,237.9108,720122.0,171699574.15
2023-12-14,241.0133,241.5058,237.4183,238.945,767467.0,183578085.05
2023-12-15,240.3239,242.7369,238.4525,240.0776,1114523.0,267590869.45
2023-12-18,239.3882,246.2335,238.9942,241.4565,1512122.0,366252938.85
2023-12-19,242.1952,244.8546,238.4032,239.5852,608848.0,147208983.55
2023-12-20,240.5701,241.752,223.7277,225.0574,1664803.0,386554300.6
2023-12-21,222.2503,231.7057,219.0985,231.164,1225016.0,276843932.75
2023-12-22,231.164,235.1037,229.6373,233.971,557496.0,129768233.85
2023-12-26,232.0997,238.5017,232.0997,237.7138,720504.0,170114899.25
2023-12-27,238.4525,240.0284,236.6304,238.3047,543047.0,129541867.75
2023-12-28,238.354,240.8163,238.354,239.5359,1105688.0,264703732.85
2023-12-29,239.5359,246.7259,239.3389,245.741,1269749.0,310270983.95
2024-01-01,249.1883,250.1732,244.7561,247.0707,1040990.0,257412911.4
2024-01-02,247.0707,264.6025,245.2485,261.5492,6967979.0,1796922444.2
2024-01-03,262.3864,265.9321,258.8899,264.9965,1793728.0,472541219.4
2024-01-04,266.4246,283.6609,265.3412,276.2739,2680006.0,730179547.8
2024-01-05,276.7664,282.9222,270.9553,274.9935,1662582.0,458487524.8
2024-01-08,273.8116,274.7473,265.9321,267.2126,1274860.0,343913013.9
2024-01-09,268.1975,275.289,268.1975,271.0045,741561.0,201842131.1
2024-01-10,271.0045,277.3574,269.8719,271.7432,760360.0,207859443.15
2024-01-11,269.9211,278.687,269.9211,274.0578,863771.0,237894229.7
2024-01-12,275.0428,278.6378,271.8417,275.486,713496.0,197030959.65
2024-01-15,275.88,286.6158,273.7131,284.5966,1573551.0,443423321.75
2024-01-16,287.9947,290.063,280.7554,284.8921,1109109.0,317206864.7
2024-01-17,281.6911,284.9414,276.7172,279.081,939802.0,264140538.5
2024-01-18,278.884,285.9755,270.2658,281.3956,1216482.0,340676875.35
2024-01-19,284.4489,288.4871,278.8348,284.1042,1226913.0,347979567.6
2024-01-20,288.3394,290.5555,283.267,289.0288,394240.0,113212252.15
2024-01-23,299.4199,311.9778,289.0288,290.9987,3801589.0,1136483665.4
2024-01-24,293.5103,311.0421,292.8208,304.0491,1715118.0,519897133.05
2024-01-25,302.9657,310.2049,302.4239,305.7727,2690128.0,823510333.25
2024-01-29,307.7918,320.202,304.837,318.5276,1637125.0,515083737.85
2024-01-30,318.7246,319.414,309.3677,314.5386,719935.0,225496398.7
2024-01-31,316.804,324.7327,314.7849,322.9106,1195243.0,383238503.25
2024-02-01,324.0925,324.6834,318.1336,322.3688,385165.0,123353216.0
2024-02-02,325.0282,336.8474,321.6301,333.8926,1820220.0,596459252.05
2024-02-05,333.8926,342.56,330.4453,339.0635,1202069.0,404714028.5
2024-02-06,342.954,353.1973,339.2112,350.0947,1162831.0,403490279.1
2024-02-07,390.0338,420.0743,377.3282,418.5969,15418503.0,6305914084.9
2024-02-08,418.5969,418.5969,401.1143,407.9104,2435011.0,996160717.9
2024-02-09,406.7284,414.9526,380.4799,401.3605,903165.0,358712709.5
2024-02-12,397.9133,405.6943,379.5443,385.2076,685555.0,267158939.85
2024-02-13,385.2076,392.9886,354.5762,382.4498,865910.0,330708259.95
2024-02-14,385.0106,409.043,374.9151,385.9956,659714.0,257353352.35
2024-02-15,390.477,407.7626,387.1775,403.3797,640494.0,254928944.8
2024-02-16,404.8078,407.5656,386.5865,388.7534,865053.0,338838353.3
2024-02-19,396.9283,406.2852,389.2951,398.7012,571561.0,226174078.0
2024-02-20,396.9283,478.4316,384.1734,392.2992,6187545.0,2602132613.85
2024-02-21,393.9735,416.627,389.5413,394.5645,3231200.0,1302267867.1
2024-02-22,396.8791,403.7244,384.1242,391.4127,1313538.0,519790197.8
2024-02-23,393.9243,405.4973,391.1665,401.2128,824502.0,327279328.4
2024-02-26,398.8982,408.5013,392.2499,398.7505,750917.0,299482767.95
2024-02-27,395.9434,401.3605,389.0489,392.3484,458636.0,181329337.55
2024-02-28,393.1856,395.254,385.4046,388.0147,2011677.0,781463545.3
2024-02-29,386.0941,401.1143,378.5593,397.864,1729664.0,683691092.05
2024-03-01,400.6711,407.0732,396.7806,399.9816,559175.0,224246583.4
2024-03-02,405.5465,405.5465,396.9283,398.5042,59070.0,23659489.35
2024-03-04,403.6751,421.8964,400.8681,407.4179,1504772.0,621417704.1
2024-03-05,409.24,424.5065,407.4179,420.4683,1499453.0,622950225.25
2024-03-06,423.5216,425.4914,409.5847,421.6009,1850016.0,773553531.9
2024-03-07,420.5668,423.1768,413.7215,418.4491,430585.0,180379334.95
2024-03-11,421.7979,423.1768,405.3003,408.2551,519654.0,213410485.0
2024-03-12,412.5888,412.5888,395.9434,400.1294,379481.0,151941504.55
2024-03-13,395.6479,403.8229,360.2396,380.1352,1162565.0,441317454.05
2024-03-14,374.3734,420.4683,371.6648,413.6722,888601.0,355509234.0
2024-03-15,419.5818,422.5366,393.9735,410.7667,521913.0,212265707.25
2024-03-18,410.7667,412.6873,396.3374,398.9475,289597.0,116352786.9
2024-03-19,398.7012,402.3455,390.0338,392.5454,174735.0,69219828.4
2024-03-20,392.0037,414.6572,390.5263,409.9787,597463.0,241464277.65
2024-03-21,410.2249,416.5285,408.846,412.835,244381.0,100728739.7
2024-03-22,413.6722,418.5969,409.6832,415.3959,366961.0,151863077.65
2024-03-26,421.5517,441.6936,418.6461,435.8332,1355467.0,589917691.0
2024-03-27,443.0232,449.8193,423.8663,433.1739,1094926.0,481248538.95
2024-03-28,434.3558,466.7602,434.3558,442.7278,1578960.0,714648195.85
2024-04-01,457.748,476.905,454.3007,467.7451,1377062.0,645208805.85
2024-04-02,471.5371,480.3522,439.773,457.4525,1424808.0,666724744.65
2024-04-03,461.934,465.5782,450.6072,463.1159,737146.0,337705962.95
2024-04-04,466.3662,472.7682,461.0475,464.3471,1038936.0,484720545.3
2024-04-05,466.8586,489.4136,464.4456,472.0295,1362830.0,649844264.9
2024-04-08,472.7682,482.2729,464.4948,477.102,429015.0,203293639.4
2024-04-09,472.8175,485.5724,464.8888,483.2578,1062006.0,505276535.5
2024-04-10,485.6216,494.6338,467.8436,480.4507,789132.0,379740779.35
2024-04-12,477.6929,482.1251,464.8888,468.1883,1046617.0,496676982.35
2024-04-15,457.551,462.9189,434.9468,455.0887,517006.0,234731077.2
2024-04-16,446.2735,467.7943,446.2735,460.1611,378576.0,174986009.85
2024-04-18,460.9983,464.1008,439.6745,448.5389,631788.0,285167648.4
2024-04-19,436.3257,449.8193,428.6432,446.5198,855863.0,378749149.7
2024-04-22,449.1298,480.5,440.3639,470.9954,647196.0,298394063.45
2024-04-23,474.5904,476.5602,455.1872,460.9983,864366.0,398944463.1
2024-04-24,462.8697,467.2526,437.9508,447.8494,536492.0,242666827.5
2024-04-25,451.4444,461.5892,441.2504,449.1791,1546889.0,694371105.85
2024-04-26,460.8505,477.6929,456.0736,467.7451,1148841.0,537710839.25
2024-04-29,468.8285,475.9693,463.8054,467.4004,347023.0,162749863.5
2024-04-30,469.7642,475.2306,466.5139,471.1431,438128.0,205983297.6
2024-05-02,472.8667,474.6396,458.339,460.1118,402883.0,187422245.4
2024-05-03,462.6234,472.7682,460.949,470.0104,429068.0,200358123.6
2024-05-06,474.7381,488.5272,469.8134,475.0828,1123799.0,539134804.6
2024-05-07,477.2989,485.5724,466.7602,484.6859,961465.0,462138167.75
2024-05-08,487.9362,492.4669,473.9009,476.314,560150.0,270964039.2
2024-05-09,478.1361,490.4971,460.949,470.3552,419555.0,201111225.15
2024-05-10,467.5973,484.5875,454.547,478.4809,552470.0,261480658.65
2024-05-13,480.7955,482.5191,465.135,467.1049,316314.0,149578911.9
2024-05-14,471.7833,478.6779,461.9832,467.1541,326073.0,152967811.4
2024-05-15,472.4728,480.9432,469.715,473.0145,306680.0,145412355.4
2024-05-16,475.3783,486.4588,470.7984,474.3934,563987.0,267905606.35
2024-05-17,476.4618,477.8899,466.8094,475.4768,327413.0,154598604.4
2024-05-18,477.5452,479.909,471.1924,473.9009,29815.0,14160714.4
2024-05-21,473.9009,482.1251,469.1732,473.2607,323060.0,153758715.55
2024-05-22,475.6246,482.6176,470.8476,473.7532,306258.0,146333992.75
2024-05-23,475.6246,479.6628,466.9079,475.0336,275468.0,130080091.35
2024-05-24,474.7381,478.4316,460.4566,464.8395,544031.0,254555555.95
2024-05-27,462.9189,464.6425,434.4543,437.2614,1571721.0,695594508.75
2024-05-28,436.3257,437.1136,421.5517,424.0633,709046.0,303325329.7
2024-05-29,433.3709,440.1177,420.5668,429.9729,1607026.0,693270257.45
2024-05-30,429.9729,430.7608,406.433,409.6832,1222946.0,506205032.7
2024-05-31,411.7024,433.1739,410.2742,425.0975,1815966.0,764438743.35
2024-06-03,437.3106,437.7046,411.9486,415.8883,914385.0,384265546.9
2024-06-04,418.0059,418.5969,371.6648,402.2962,1102479.0,436969728.3
2024-06-05,402.2962,430.3176,384.3212,414.5587,1564435.0,620793163.65
2024-06-06,415.5928,423.7678,408.846,412.1948,900831.0,373463602.4
2024-06-07,413.7215,437.6061,413.7215,432.0905,1071239.0,460506284.6
2024-06-10,441.2504,447.8494,424.5557,430.1699,1222634.0,531629859.5
2024-06-11,432.5829,433.1739,419.5326,422.0442,694549.0,293682196.4
2024-06-12,423.9155,426.2794,414.4602,417.5627,688487.0,288019151.2
2024-06-13,414.6572,423.4231,412.638,420.4683,989984.0,412438852.25
2024-06-14,421.9457,439.2805,420.3205,435.784,1207056.0,523368369.7
2024-06-18,439.2805,447.5539,431.8935,442.2845,868968.0,382933750.85
2024-06-19,445.0916,445.0916,433.8634,438.4433,403782.0,178019024.75
2024-06-20,439.773,448.1449,435.39,445.0916,448691.0,198972648.8
2024-06-21,446.6675,453.759,435.3408,439.2313,1141680.0,509740661.35
2024-06-24,438.7388,444.7961,435.587,441.3489,274192.0,121040491.55
2024-06-25,443.565,453.0696,433.5186,436.2272,611490.0,270715862.05
2024-06-26,436.2272,438.1971,429.4804,432.1397,377391.0,163259525.65
2024-06-27,432.386,433.3709,419.3848,426.8703,370468.0,157848815.7
2024-06-28,426.8703,441.6936,419.6803,422.8321,722724.0,306451324.35
2024-07-01,415.8391,426.5749,411.8993,422.0934,886793.0,371721429.25
2024-07-02,427.4613,427.9538,415.9376,416.8733,362413.0,152047989.45
2024-07-03,417.1687,426.4764,414.1647,417.3657,639755.0,268253904.4
2024-07-04,417.8089,423.5216,415.7406,418.5476,430198.0,180653508.3
2024-07-05,419.1878,428.4462,417.612,422.8813,779068.0,330411999.15
2024-07-08,425.4914,428.4462,418.1537,425.9346,474552.0,201499673.25
2024-07-09,425.9346,430.9086,422.6351,423.9648,665371.0,284154229.05
2024-07-10,425.4914,426.0824,408.9938,416.5778,418993.0,174681077.45
2024-07-11,421.7487,421.7487,417.6612,420.9607,246331.0,103477353.45
2024-07-12,423.5216,423.5216,414.8541,417.2672,257676.0,107756858.75
2024-07-15,417.5627,418.3014,411.2099,413.9185,185405.0,76790184.2
2024-07-16,413.9185,416.2823,403.1334,408.2551,557830.0,227965434.7
2024-07-18,412.3426,413.6722,401.459,404.0199,482402.0,195883935.95
2024-07-19,404.8078,404.8078,390.0338,391.7574,711187.0,280349862.95
2024-07-22,391.7082,412.3918,387.4237,394.5153,1082570.0,433337357.5
2024-07-23,394.86,401.7053,387.5222,398.5042,515499.0,204667210.9
2024-07-24,399.5877,413.623,398.5042,412.7365,734438.0,300663768.85
2024-07-25,412.4903,417.8089,403.8229,411.4561,461032.0,188333049.3
2024-07-26,410.7174,419.5818,407.4671,416.0853,407256.0,168528145.95
2024-07-29,418.9909,432.189,414.2139,428.9879,1119005.0,473905474.2
2024-07-30,433.3709,438.7388,428.4462,433.3216,913524.0,396382682.9
2024-07-31,433.2723,437.3709,427.4453,435.2475,697110.0,302717439.8
2024-08-01,439.0993,439.3956,418.7541,422.8528,1982567.0,837300453.9
2024-08-02,421.6183,423.4948,410.2112,412.4333,794811.0,330615160.3
2024-08-05,404.9274,418.7541,399.7917,409.2235,834155.0,339657317.35
2024-08-06,410.1124,413.2234,386.1624,391.7425,847914.0,340968070.6
2024-08-07,383.6934,386.1624,352.2374,375.101,6932049.0,2537061246.6
2024-08-08,370.953,377.7676,366.4099,368.8296,755498.0,280173173.7
2024-08-09,373.7677,388.5821,370.1135,385.0267,1234794.0,472649676.0
2024-08-12,386.1624,394.0141,377.5207,388.2858,999592.0,384981314.6
2024-08-13,388.1377,388.1377,368.4839,370.8048,756847.0,284511610.45
2024-08-14,377.2738,378.1626,364.5334,366.9531,566875.0,210244234.2
2024-08-16,377.6688,377.6688,367.3975,371.1011,405465.0,150609095.45
2024-08-19,377.2244,378.3602,365.0272,366.558,504179.0,186241451.7
2024-08-20,369.3728,369.5703,359.5952,360.8792,2153274.0,782369944.4
2024-08-21,357.0274,370.3604,356.978,369.3234,1490467.0,540529469.05
2024-08-22,372.7307,377.5207,367.1506,376.138,1141923.0,425850137.1
2024-08-23,377.175,378.7058,367.6444,375.5454,941010.0,351516368.05
2024-08-26,377.4713,388.434,373.5702,381.1749,1132430.0,432968886.15
2024-08-27,382.7057,385.1748,377.8664,383.0514,409167.0,156239397.6
2024-08-28,384.8785,384.8785,375.101,376.0886,346815.0,131093502.4
2024-08-29,376.0886,384.1872,370.2122,374.8047,512563.0,191719775.6
2024-08-30,375.5454,379.891,370.4591,377.8664,563832.0,211825572.95
2024-09-02,378.9527,379.7922,369.8666,372.1381,352696.0,131535766.8
2024-09-03,374.0146,375.2985,369.7184,374.064,344687.0,128195733.9
2024-09-04,365.4222,373.8171,365.4222,368.8296,258412.0,95588882.5
2024-09-05,372.1381,389.3722,369.9653,387.792,1624975.0,622175025.05
2024-09-06,391.1006,401.3719,378.6565,380.8786,1965136.0,770458802.35
2024-09-09,380.4836,380.4836,374.5578,376.5331,954798.0,359734313.85
2024-09-10,376.5331,388.9278,375.9899,387.9402,695164.0,267200015.2
2024-09-11,388.1377,388.1377,374.5084,377.817,336601.0,128147653.25
2024-09-12,378.5083,382.0144,374.1134,379.0515,287060.0,108417030.0
2024-09-13,379.1503,381.3724,372.3356,375.3973,852022.0,321087623.4
2024-09-16,380.0391,381.5206,368.9777,378.1626,850344.0,320539694.2
2024-09-17,376.2861,376.9281,367.6444,369.669,508173.0,188363094.25
2024-09-18,371.5455,374.3109,368.632,373.5702,363148.0,134853081.05
2024-09-19,375.2985,377.5207,362.5581,370.7061,459171.0,169320493.5
2024-09-20,368.9777,372.0394,360.1878,362.41,1027412.0,376783928.4
2024-09-23,360.4841,371.6937,360.1878,370.8048,512209.0,187714561.2
2024-09-24,374.3109,374.4097,364.484,368.8789,438810.0,161384159.7
2024-09-25,368.1382,370.1629,361.4717,367.8419,398085.0,145495207.95
2024-09-26,365.4222,367.3975,361.8174,365.3729,318014.0,116021619.85
2024-09-27,363.842,377.4219,363.2495,375.101,636854.0,236881992.65
2024-09-30,375.1504,379.891,367.5456,373.7183,343330.0,128473614.65
2024-10-01,373.7183,379.1009,368.8789,376.78,572701.0,214290819.1
2024-10-03,374.459,378.0145,364.6321,376.9281,645942.0,241548318.4
2024-10-04,378.9034,389.0265,373.4714,386.3106,1049685.0,401802201.35
2024-10-07,390.1129,396.5325,378.1133,386.6562,998863.0,385872292.75
2024-10-08,386.8538,389.6191,381.5206,386.5575,978321.0,378593735.0
2024-10-09,386.3106,403.9397,386.1624,402.3595,927679.0,368137625.5
2024-10-10,404.9274,436.1364,400.9768,426.0626,4521929.0,1921637365.3
2024-10-11,427.149,430.3094,419.4455,424.8774,819966.0,348148048.25
2024-10-14,424.6799,425.2725,418.6554,422.9516,490942.0,207360271.1
2024-10-15,426.6552,426.6552,410.4087,419.001,471590.0,196125853.15
2024-10-16,420.4331,426.9021,414.2111,418.5566,383765.0,161674164.65
2024-10-17,419.7418,421.9639,401.3719,404.5323,1210585.0,493549542.65
2024-10-18,399.9892,405.5199,392.0882,393.8165,442906.0,175597454.65
2024-10-21,394.9523,398.6559,386.36,388.5327,257998.0,101269464.1
2024-10-22,387.1501,390.0636,367.7926,369.2246,584885.0,218556478.8
2024-10-23,373.5208,377.2738,361.7186,370.1629,419322.0,155449709.2
2024-10-24,373.3233,375.0022,361.7186,363.8914,996296.0,363057737.85
2024-10-25,363.8914,368.1382,356.583,358.4101,379919.0,136702670.85
2024-10-28,359.1014,363.7927,336.8304,348.04,1053901.0,368227438.6
2024-10-29,350.7066,356.1879,344.1882,351.2004,464251.0,161732527.6
2024-10-30,352.83,360.336,349.6696,354.3608,430633.0,152343800.45
2024-10-31,354.3608,362.4594,350.8054,359.9409,553811.0,198401740.55
2024-11-01,365.3235,375.3973,360.6323,373.5702,175525.0,65364088.55
2024-11-04,374.3109,374.3109,357.1262,358.8545,620627.0,224593135.2
2024-11-05,360.4841,363.7433,350.114,351.2004,828716.0,293383301.95
2024-11-06,356.3855,358.015,353.1757,355.3484,588104.0,209029473.65
2024-11-07,358.4101,361.1754,352.188,354.3114,283103.0,100743038.95
2024-11-08,359.3977,368.8296,350.8547,354.7559,1200395.0,428381103.6
2024-11-11,356.5336,379.1503,354.7559,367.0024,2108364.0,779001958.7
2024-11-12,367.2987,373.3726,355.0522,358.2619,527325.0,192239488.05
2024-11-13,369.7678,377.4219,344.5339,349.9659,3238399.0,1164514557.15
2024-11-14,352.5337,360.3853,351.1016,353.225,800717.0,283805439.65
2024-11-18,353.225,358.657,348.1388,352.7312,410959.0,145074621.3
2024-11-19,353.9658,360.4841,351.4967,353.4226,357648.0,127564188.8
2024-11-21,355.546,357.7187,345.6203,350.8054,494226.0,173285420.6
2024-11-22,354.5583,364.4346,351.0523,362.2618,435075.0,156358722.7
2024-11-25,368.237,370.6073,357.9163,359.299,529806.0,191574759.05
2024-11-26,361.2742,361.373,356.6324,358.2619,354212.0,127000451.0
2024-11-27,359.694,373.3233,357.8175,365.3235,636607.0,233175474.7
2024-11-28,367.9901,377.175,363.0026,370.1629,949729.0,353173181.3
2024-11-29,371.2986,376.4837,361.6199,374.7059,696178.0,258805773.75
2024-12-02,377.7676,380.2367,371.5455,374.3603,343124.0,128659574.25
2024-12-03,371.4962,392.0882,371.4962,386.755,830146.0,318037850.15
2024-12-04,391.1006,394.5573,386.4587,391.5944,915584.0,357960739.2
2024-12-05,393.5203,398.8041,386.1624,397.2732,570005.0,224967478.8
2024-12-06,398.014,409.3717,395.9399,406.3594,1102221.0,445685433.05
2024-12-09,408.7297,416.7789,401.0756,405.273,966525.0,396069758.05
2024-12-10,405.273,408.5816,397.5201,400.7299,761582.0,306319975.35
2024-12-11,400.9768,436.2845,400.5818,421.5195,3528016.0,1495880739.65
2024-12-12,419.9887,425.9638,414.853,418.5072,912911.0,383137087.05
2024-12-13,417.7665,428.6304,411.3469,424.5318,988635.0,414961549.8
2024-12-16,423.396,427.8403,413.816,418.8035,735568.0,308425407.1
2024-12-17,421.322,423.5441,415.9394,419.248,427840.0,179623946.25
2024-12-18,420.7294,425.47,414.1123,417.2233,451085.0,189371266.7
2024-12-19,416.7789,423.9392,409.9149,421.9145,508552.0,213363194.3
2024-12-20,421.6183,426.0132,405.3718,407.1495,491142.0,202738486.75
2024-12-23,408.7791,414.7049,398.6065,401.1744,428670.0,172935363.9
2024-12-24,403.7422,407.1001,399.8411,404.7298,384411.0,155124209.05
2024-12-26,404.7298,411.8901,398.409,408.1371,366087.0,148452583.75
2024-12-27,409.8655,424.6305,403.7422,406.1619,920540.0,381074219.65
2024-12-30,405.915,408.7791,392.2363,395.0511,608029.0,242726083.1
2024-12-31,393.9647,420.2356,389.9648,414.6555,1037466.0,423904550.7
2025-01-01,417.7665,429.7168,411.9889,424.1367,1629658.0,690189258.95
2025-01-02,424.0873,426.6552,420.285,423.9392,1331523.0,563760069.65
2025-01-03,424.5811,429.5193,421.717,423.0503,490478.0,208239200.95
2025-01-06,424.433,425.3219,397.6189,404.3348,847463.0,346385958.95
2025-01-07,406.0137,422.7047,403.199,417.1246,795520.0,327198251.1
2025-01-08,414.8036,418.9517,412.5321,415.7913,545316.0,226459649.8
2025-01-09,412.0383,417.569,400.9275,403.6928,299319.0,121869540.65
2025-01-10,403.6928,409.2729,390.3598,406.0631,721213.0,289651052.15
2025-01-13,396.0387,401.8657,391.0018,394.7054,608210.0,240646452.0
2025-01-14,395.1498,400.2855,385.5205,387.9402,466719.0,182399782.9
2025-01-15,389.1253,403.4459,380.5329,391.94,792561.0,308007795.3
2025-01-16,394.8535,398.9522,391.94,392.7795,239073.0,94341904.4
2025-01-17,392.7795,396.1868,391.0018,394.3104,193987.0,76435644.05
2025-01-20,399.0016,402.7546,393.1252,399.9398,239223.0,95119694.4
2025-01-21,399.9398,403.841,396.5325,397.5695,258315.0,102887441.45
2025-01-22,397.3226,397.4214,385.3723,393.1252,414693.0,162467882.35
2025-01-23,387.2488,393.8165,373.4714,380.4342,1039440.0,394934528.65
2025-01-24,380.928,383.4958,372.5825,374.6566,390865.0,147178067.75
2025-01-27,369.8666,369.8666,348.1388,351.6942,472559.0,168390689.95
2025-01-28,351.9905,354.8546,336.6329,350.7066,548014.0,189042850.5
2025-01-29,355.546,362.9038,350.9041,361.3236,261557.0,93518461.65
2025-01-30,365.4222,367.3481,353.3732,356.583,234522.0,84484870.35
2025-01-31,352.5831,367.1506,352.5831,365.9161,164409.0,59685049.4
2025-02-01,367.0024,369.3728,353.6695,366.6074,506608.0,183033579.7
2025-02-03,365.4222,374.9529,361.768,370.6567,484362.0,179515089.55
2025-02-04,371.2986,384.1872,370.6567,378.7552,727139.0,274096155.8
2025-02-05,380.0885,381.6193,370.8542,372.6813,211199.0,79417782.9
2025-02-06,377.175,380.2367,371.4962,379.0021,279119.0,105037467.7
2025-02-07,377.9651,381.6687,371.3974,379.5947,267963.0,101063814.5
2025-02-10,383.1995,385.1748,362.6569,374.8047,316494.0,117435726.4
2025-02-11,351.9411,359.5459,340.8303,349.5708,2058192.0,720271043.4
2025-02-12,346.6573,346.6573,329.4726,337.8674,1209453.0,411406018.05
2025-02-13,339.0032,344.3858,329.0282,331.0528,723194.0,241656580.55
2025-02-14,335.7934,336.2872,325.8184,331.2503,441409.0,145619001.3
2025-02-17,306.1646,323.5962,306.1646,317.1766,1590118.0,504089178.5
2025-02-18,316.0409,317.9667,301.2264,310.6583,973668.0,300780050.25
2025-02-19,310.1151,326.5097,306.6584,324.2382,747376.0,238983898.3
2025-02-20,322.5098,326.9048,316.4359,321.374,635614.0,204487232.15
2025-02-21,319.4976,330.0158,313.1767,316.3865,709420.0,227219161.2
2025-02-24,313.078,316.0409,308.6337,312.0903,376983.0,117738035.8
2025-02-25,310.8064,316.6828,307.3497,314.4113,789099.0,245900165.05
2025-02-27,317.0285,333.3243,309.72,325.5221,1894642.0,615796978.45
2025-02-28,320.0901,326.3122,310.4608,315.3001,629216.0,198430779.55
2025-03-03,315.3001,320.7815,306.609,317.5223,583451.0,183538754.9
2025-03-04,316.0409,332.3861,310.7571,329.8676,636848.0,206070098.1
2025-03-05,324.9295,339.6452,324.9295,337.0773,555160.0,185567125.45
2025-03-06,340.7316,343.0525,334.1144,338.1637,311205.0,105348624.65
2025-03-07,338.4106,342.6574,333.67,335.5465,267005.0,90244893.05
2025-03-10,334.8058,339.6452,329.2751,336.8798,549874.0,183863250.45
2025-03-11,335.7934,339.0526,328.0405,336.8798,322319.0,108293161.65
2025-03-12,335.3984,347.6449,332.1392,341.8179,590143.0,200906948.0
2025-03-13,342.0648,357.4225,335.7934,354.6571,1603560.0,561722566.65
2025-03-17,351.793,368.237,349.3239,359.0027,1013747.0,362819127.1
2025-03-18,358.1138,368.9283,356.0892,361.6199,625314.0,226676921.55
2025-03-19,364.0889,366.4099,356.5336,357.5706,616270.0,222246043.7
2025-03-20,358.5089,365.9654,353.6695,355.4966,459967.0,165279363.35
2025-03-21,355.0522,385.076,353.3238,380.3848,708215.0,262556330.85
2025-03-24,381.2737,397.6189,370.3604,373.2739,1236835.0,474212824.15
2025-03-25,373.3233,374.6072,364.0396,369.8172,294238.0,108550254.95
2025-03-26,372.5332,372.5332,356.0892,357.9163,311471.0,112684686.9
2025-03-27,357.9163,381.9156,345.8178,359.299,837806.0,301584032.05
2025-03-28,360.4347,364.9284,346.9536,349.1264,577475.0,204465907.5
2025-04-01,347.6449,372.3356,345.8672,361.9162,458425.0,165372439.9
2025-04-02,364.3359,379.249,359.4965,371.2986,1722359.0,643729220.15
2025-04-03,369.7678,375.2985,366.0148,372.2369,230641.0,85826229.45
2025-04-04,372.9776,374.459,358.7558,361.4717,170874.0,62312922.25
2025-04-07,335.7934,351.1016,330.8059,347.5956,659893.0,225197114.25
2025-04-08,361.4717,361.4717,348.7313,355.4472,231419.0,82097205.5
2025-04-09,358.5089,358.5089,345.6697,348.8301,210007.0,73181399.55
2025-04-11,365.4222,365.4222,351.6942,356.8793,385205.0,137813972.8
2025-04-15,360.4347,368.4345,358.1138,364.6815,389388.0,141949241.15
2025-04-16,367.1012,371.4962,362.6075,365.8173,256678.0,94100522.55
2025-04-17,365.8173,373.6196,363.842,368.3851,312592.0,115350409.55
2025-04-21,369.2246,380.1379,366.9037,376.8293,307642.0,114761245.85
2025-04-22,376.8293,379.5947,372.385,377.5701,225688.0,84935673.9
2025-04-23,381.2243,391.6931,373.3726,389.1253,537375.0,206115884.2
2025-04-24,389.1253,392.4832,384.1872,386.8044,502037.0,194182094.05
2025-04-25,386.8044,386.8044,364.4346,379.0515,923733.0,346333425.95
2025-04-28,379.0021,379.0021,370.6073,375.5454,267955.0,100410215.25
2025-04-29,378.1133,380.2367,369.5703,373.9652,233614.0,87508209.35
2025-04-30,370.953,373.9158,362.7063,365.8667,414222.0,151942267.95
2025-05-02,362.7063,369.0765,358.5582,359.9903,155358.0,56322291.85
2025-05-05,360.4841,365.2247,357.5212,358.8545,196174.0,70575922.3
2025-05-06,359.4965,363.2001,344.6327,347.1511,430258.0,152375782.5
2025-05-07,350.6078,368.7802,341.9167,365.7185,706997.0,253410864.75
2025-05-08,367.0024,368.1382,349.6202,351.8917,170135.0,60823484.35
2025-05-09,332.1886,350.3609,330.0158,343.6944,786017.0,266147201.75
2025-05-12,356.5336,364.4346,356.5336,362.3606,384101.0,138834816.85
2025-05-13,362.2618,367.595,357.8175,362.1631,250189.0,90576713.3
2025-05-14,362.1631,368.1382,360.2866,361.2742,284740.0,103365337.55
2025-05-15,364.4346,364.484,357.5706,359.3977,207547.0,74769527.15
2025-05-16,364.4346,371.348,359.8915,370.5579,571020.0,208074218.0
2025-05-19,371.8912,380.2367,366.0148,372.0394,647464.0,241621229.8
2025-05-20,378.0639,379.1503,369.6197,374.7059,617821.0,231303823.25
2025-05-21,373.3233,376.5824,363.5458,365.4716,843990.0,311197533.4
2025-05-22,367.0024,374.0146,366.0642,368.8296,472624.0,174588100.45
2025-05-23,370.3604,377.2738,365.5704,369.0271,526028.0,195430933.45
2025-05-26,370.2616,373.027,364.484,365.5704,209890.0,77228306.0
2025-05-27,367.2,369.3728,362.1631,364.6815,252843.0,92382238.15
2025-05-28,367.3975,369.5703,359.4965,360.4841,241258.0,87600621.8
2025-05-29,364.2371,364.2371,357.7681,360.8298,841338.0,303246364.6
2025-05-30,360.8298,369.274,359.5459,365.0272,342524.0,125109090.45
2025-06-02,369.0271,375.7923,366.0642,372.2369,442810.0,164845933.05
2025-06-03,376.1874,378.5083,365.7185,370.1629,238929.0,88869910.6
2025-06-04,372.2863,373.422,367.2494,369.1752,283558.0,105177167.95
2025-06-05,371.2492,374.3109,368.1876,369.916,210597.0,77945177.35
2025-06-06,372.1381,375.1998,369.5703,369.9653,389461.0,144659238.9
2025-06-09,371.7924,380.0391,369.4221,376.2861,502289.0,188535228.85
2025-06-10,378.0145,380.928,370.953,374.3603,368037.0,138776624.7
2025-06-11,377.2738,378.0145,366.5086,368.0888,314655.0,116726567.95
2025-06-12,369.7678,371.99,358.657,360.1384,200862.0,73171274.2
2025-06-13,350.6078,359.1508,349.6202,354.509,319406.0,113272108.75
2025-06-16,363.1507,363.1507,349.6202,354.7065,356889.0,126353523.6
2025-06-17,355.546,358.4101,348.6326,350.2622,267152.0,94349790.05
2025-06-18,350.4103,353.9658,346.8548,348.8301,196293.0,68693218.3
2025-06-19,349.4227,351.1016,339.8427,341.9167,216886.0,74665780.7
2025-06-20,343.2006,346.8055,336.2872,340.2871,845580.0,287874475.75
2025-06-23,338.8551,344.9784,337.1761,341.7686,146961.0,50291657.5
2025-06-24,345.6697,348.6326,340.7316,345.1759,329436.0,113642716.5
2025-06-25,345.4722,361.0767,345.4722,358.9533,490623.0,174388918.75
2025-06-26,360.8298,366.3111,357.62,359.8915,321150.0,115901679.85
2025-06-27,362.2618,363.447,352.5831,353.9164,1106883.0,392951284.1
2025-06-30,353.9164,365.8173,353.9164,364.7803,447222.0,162243499.65
2025-07-01,367.0024,367.0024,359.4965,363.0519,167356.0,60709843.75
2025-07-02,363.3482,366.8049,357.7187,359.3483,137473.0,49508973.55
2025-07-03,359.3483,365.9161,358.6076,363.3976,309499.0,112497587.7
2025-07-04,363.0026,366.9037,359.8915,361.9162,134260.0,48729246.8
2025-07-07,361.8668,365.7679,360.4841,364.0889,121483.0,44139805.6
2025-07-08,364.0396,371.2492,362.7063,366.9531,1405605.0,515172736.05
2025-07-09,367.9901,374.3109,367.0518,371.4962,687239.0,254755161.9
2025-07-10,374.8047,378.2614,371.5455,376.1874,392795.0,147279977.75
2025-07-11,376.1874,379.0021,369.3728,372.7801,299393.0,111733595.3
2025-07-14,370.5579,375.1998,369.8666,371.1505,157272.0,58477191.45
2025-07-15,369.8666,376.0886,369.8666,374.1134,195474.0,73047154.55
2025-07-16,371.7924,379.3478,370.6567,375.6936,202245.0,75911675.9
2025-07-17,378.0145,388.5327,376.5331,379.7428,954754.0,365597189.6
2025-07-18,380.7305,381.57,372.1381,375.7923,261976.0,98530164.75
2025-07-21,376.2368,379.249,372.6319,377.5701,227060.0,85611447.95
2025-07-22,377.2738,386.113,374.3109,375.6442,269208.0,102048628.8
2025-07-23,377.175,380.2367,370.2122,379.1997,235495.0,88446322.85
2025-07-24,380.286,386.113,380.286,382.8539,321797.0,123330232.3
2025-07-25,382.1132,382.1132,369.5703,370.5579,196995.0,73561979.7
2025-07-28,370.3604,375.2985,367.3975,371.5949,413466.0,153874848.0
2025-07-29,373.7183,376.78,369.4221,374.3109,180806.0,67461684.85
2025-07-30,376.8394,383.2349,374.9058,376.6906,295410.0,111800357.0
2025-07-31,369.5231,379.8762,369.5231,373.8037,193733.0,72740717.6
2025-08-01,373.306,382.2653,373.306,374.6499,157370.0,59441015.0
2025-08-04,376.2924,382.2155,368.8263,375.7947,289853.0,108789625.9
2025-08-05,376.2924,378.1838,367.8806,370.1702,218716.0,81401914.75
2025-08-06,365.3421,369.324,359.0706,363.8987,433430.0,157243628.25
2025-08-07,363.5502,364.5457,350.2606,357.7764,391322.0,139101963.2
2025-08-08,358.3737,364.3466,352.7493,354.0932,257209.0,92117265.0
2025-08-11,352.5004,359.3692,350.9076,358.0253,89358.0,31759111.75
2025-08-12,358.3737,363.5502,357.4778,362.8534,82808.0,29929048.05
2025-08-13,363.5502,424.0756,362.7041,416.5597,10719400.0,4375013176.45
2025-08-14,406.4058,407.6501,388.2382,390.3287,1759554.0,696465391.1
2025-08-18,392.0708,392.9668,382.4644,384.5549,401853.0,155874412.5
2025-08-19,387.193,388.9351,381.1205,383.4599,275163.0,106032554.6
2025-08-20,385.2518,402.175,383.5097,399.6863,1998690.0,793325373.7
2025-08-21,400.184,403.9668,395.2066,400.4827,2725629.0,1087881250.7
2025-08-22,404.1659,416.8086,402.0257,404.365,1054576.0,430137009.3
2025-08-25,407.1026,410.4375,402.2745,409.3424,573948.0,233728376.3
2025-08-26,409.3424,410.0393,399.2881,403.6184,437762.0,176455501.05
2025-08-28,403.1705,407.5506,398.9894,400.1342,455254.0,183406828.45
2025-08-29,400.184,406.0574,395.555,397.1976,177256.0,71040613.9
2025-09-01,398.0935,404.9126,393.564,395.0075,267648.0,106650976.8
2025-09-02,398.1433,405.5098,394.6591,396.2519,282076.0,112878609.6
2025-09-03,399.089,415.614,399.089,410.6366,2104760.0,863265130.4
2025-09-04,416.1117,417.0574,409.0438,410.4375,382308.0,157546692.2
2025-09-05,412.1298,416.9579,406.4058,409.2927,342304.0,140926397.15
2025-09-08,412.1796,421.2882,406.2565,416.2611,559701.0,231702499.45
2025-09-09,419.6955,432.8358,403.1705,405.8583,1454581.0,609326628.1
2025-09-10,407.6501,408.2972,397.3469,399.3378,330844.0,133495675.65
2025-09-11,403.1705,404.6139,396.2021,397.546,176564.0,70737318.9
2025-09-12,398.193,399.6863,393.2156,395.3559,171217.0,67886562.8
2025-09-15,395.3559,401.1795,392.3695,399.1885,267813.0,106330073.2
2025-09-16,401.279,403.1705,396.9487,399.2383,221572.0,88696747.55
2025-09-17,400.184,403.1705,395.2066,401.4284,283735.0,113395228.55
2025-09-18,401.4284,402.7225,398.193,400.0347,154524.0,61796010.95
2025-09-19,403.1705,403.718,388.288,389.3332,549919.0,215683057.05
2025-09-22,388.2382,393.6636,387.0934,389.7812,201157.0,78645740.1
2025-09-23,392.2201,392.2201,382.3649,385.4509,257208.0,99140368.2
2025-09-24,386.2473,388.9351,380.3241,381.7178,138482.0,53156125.1
2025-09-25,379.6771,382.8128,376.4915,377.487,104099.0,39421710.0
2025-09-26,375.3965,379.7268,369.8716,373.4553,242359.0,90872418.3
2025-09-29,371.315,373.1069,361.3602,363.8489,440595.0,161535124.7
2025-09-30,364.3466,370.3195,356.3828,358.2742,443104.0,160492977.15
2025-10-01,359.6181,366.5367,358.2742,363.9982,194385.0,70417513.05
2025-10-03,363.9982,412.08,362.505,391.4735,7213671.0,2870775583.6
2025-10-06,390.2292,390.2292,379.3286,380.4735,287675.0,110095081.5
2025-10-07,379.5775,390.2292,377.3875,388.3378,234155.0,89859529.3
2025-10-08,387.2925,394.2111,383.9079,393.1659,250076.0,97637010.5
2025-10-09,392.7179,392.7179,385.6002,388.6862,184760.0,71766963.3
2025-10-10,388.2382,393.1161,383.1613,383.9079,83034.0,32202904.75
2025-10-13,379.5277,389.9305,374.7494,376.8897,260820.0,99565825.5
2025-10-14,376.8897,380.9712,374.3512,376.1431,424050.0,159170700.6
2025-10-15,377.2879,385.2518,376.1929,383.5097,114874.0,43798998.2
2025-10-16,382.2653,387.2427,381.6183,385.4509,109445.0,42117667.2
2025-10-17,387.2427,387.6409,380.8716,382.7631,112895.0,43348339.3
2025-10-20,387.2427,387.2427,380.2744,383.0617,71583.0,27427344.9
2025-10-21,387.193,389.3332,384.3558,388.0391,53578.0,20772963.8
2025-10-23,388.4373,388.4373,382.3649,383.6092,106271.0,40965678.35
2025-10-24,383.7088,388.1387,381.2698,384.0074,128502.0,49347240.35
2025-10-27,384.2563,384.4554,380.8219,382.8128,92094.0,35269526.8
2025-10-28,383.2608,392.6183,382.564,391.7722,200535.0,77993853.0
2025-10-29,393.8129,396.003,386.8943,388.288,191164.0,74483821.1
2025-10-30,386.5459,393.9622,385.2518,393.0165,135792.0,53104770.8
2025-10-31,393.1659,395.7043,386.297,388.0391,167603.0,65299111.85
2025-11-03,388.1387,396.0528,386.4463,394.012,160989.0,63128406.85
2025-11-04,393.2156,403.1705,393.0165,397.2971,318079.0,126698859.6
2025-11-06,397.2971,397.4962,384.6047,389.5821,221821.0,86709482.0
2025-11-07,384.2563,392.6183,380.573,390.4781,116686.0,45145899.2
2025-11-10,387.3423,390.0301,383.9576,385.6002,161559.0,62423111.65
2025-11-11,384.3558,388.3875,382.6137,384.8038,91841.0,35394040.85
2025-11-12,378.2834,382.2653,370.1204,375.5956,797703.0,298525216.3
2025-11-13,377.5866,378.3332,370.6182,375.1476,322420.0,120688490.0
2025-11-14,372.858,378.4327,372.858,375.3965,115858.0,43522521.1
2025-11-17,375.3965,378.2834,371.6634,372.7585,322910.0,120716308.75
2025-11-18,371.2155,389.831,371.2155,381.7178,1029601.0,394694061.15
2025-11-19,382.8626,382.8626,374.2019,378.0843,153562.0,57797265.9
2025-11-20,377.2381,379.8762,374.2019,375.6454,185498.0,69695406.35
2025-11-21,375.496,377.487,371.6634,372.8082,200881.0,75116548.05
2025-11-24,371.315,375.0481,369.6725,372.0119,170697.0,63602515.2
2025-11-25,372.0616,376.2427,369.8716,373.2562,147494.0,55039262.25
2025-11-26,373.7042,380.0255,371.9621,373.5548,154830.0,58096471.35
2025-11-27,373.5051,377.2879,369.5729,371.5639,181437.0,67635174.4
2025-11-28,371.6137,375.944,371.0661,372.2607,164809.0,61396408.05
2025-12-01,374.3015,377.7856,371.5141,374.2517,141674.0,53135542.05
2025-12-02,374.3015,379.9259,374.3015,376.1929,84047.0,31628583.6
2025-12-03,376.1929,378.2834,374.8988,376.9893,1488791.0,561262796.05
2025-12-04,375.1476,377.0888,372.858,376.2924,109012.0,40951828.65
2025-12-05,378.2336,378.4825,371.315,373.0073,130782.0,48926828.55
2025-12-08,373.306,374.6499,368.3286,371.315,145674.0,54023844.2
2025-12-09,369.4236,383.1613,367.3331,379.5277,279468.0,105107327.8
2025-12-10,376.6906,390.1296,375.2472,376.8399,205669.0,78715956.75
2025-12-11,375.3467,378.1838,371.0164,374.7992,98614.0,36909456.5
2025-12-12,373.8037,377.7359,371.3648,376.4417,123173.0,46210507.95
2025-12-15,376.4417,376.5413,369.324,370.4191,71154.0,26484426.6
2025-12-16,372.41,372.41,364.5955,368.3783,99271.0,36528110.55
2025-12-17,368.3783,370.5684,363.3512,363.9484,50590.0,18522150.8
2025-12-18,363.5502,363.5502,356.3828,358.6724,107641.0,38700469.7
2025-12-19,358.6724,366.3376,357.9258,365.1928,1232842.0,450174389.3
2025-12-22,364.8444,367.6815,363.0027,366.3376,95912.0,35092115.5
2025-12-23,367.2833,367.3829,362.5548,364.0978,93612.0,34123284.8
2025-12-24,365.8399,366.9847,361.1113,362.1068,78617.0,28617726.5
2025-12-26,362.0073,366.7358,360.3647,365.4417,76918.0,28031607.4
2025-12-29,365.4417,369.324,358.3737,362.505,178738.0,65117318.55
2025-12-30,362.505,364.8941,359.3692,362.4552,134780.0,48923284.6
2025-12-31,364.3466,367.2335,361.8082,366.5865,60990.0,22292162.5
2026-01-01,366.5865,368.5277,362.9032,364.4462,45875.0,16731691.1
2026-01-02,364.3466,367.2335,361.9575,365.6408,101343.0,36946330.1
2026-01-05,368.0299,369.3738,359.9665,362.2561,167151.0,61059685.7
2026-01-06,363.6498,363.6498,351.1067,354.7402,253701.0,90116249.85
2026-01-07,353.8941,355.2877,350.4099,353.3466,118104.0,41707410.0
2026-01-08,352.8986,354.8895,347.6723,348.8171,76259.0,26675338.35
2026-01-09,348.5185,350.4099,343.0433,345.0343,103178.0,35773691.3
2026-01-12,340.5546,346.2289,340.5546,343.7401,150616.0,51733355.6
2026-01-13,345.4822,345.8804,341.1021,344.7356,164127.0,56385269.65
2026-01-14,343.4913,346.8261,342.2967,343.2922,749864.0,257922402.2
2026-01-16,342.6949,345.1338,336.3736,339.3102,177521.0,60161449.65
2026-01-19,337.5682,337.8668,330.0523,335.4279,136723.0,45574027.4
2026-01-20,336.4233,336.4233,325.5726,327.9617,215581.0,70922923.95
2026-01-21,327.5138,334.3826,322.5364,329.3056,188758.0,61929044.5
2026-01-22,334.1835,335.3781,327.7129,328.9572,150287.0,49655634.75
2026-01-23,328.9572,330.9482,319.4006,320.9436,169939.0,55185412.35
2026-01-27,319.7988,320.4956,303.1245,307.5046,1668848.0,513301230.75
2026-01-28,309.0476,317.6585,308.5996,313.9254,174264.0,54748757.15
2026-01-29,314.1245,315.568,304.8665,308.2014,291037.0,89608686.35
2026-01-30,307.3553,315.4684,305.4141,313.1291,402216.0,124806559.6
2026-02-01,313.1291,320.0477,308.6494,315.8666,114058.0,35903880.3
2026-02-02,313.7761,326.5183,310.2919,323.5816,251159.0,79759794.35
2026-02-03,331.4957,334.4324,327.4142,330.8486,230557.0,76207244.7
2026-02-04,332.4414,333.4867,323.7309,330.8984,151449.0,49809712.95
2026-02-05,332.4414,372.9576,325.7717,339.6587,22471644.0,7975332595.3
2026-02-06,344.437,362.2561,334.731,346.4777,15238955.0,5370680281.0
2026-02-09,347.4732,347.8714,334.8803,341.4505,1239127.0,420208916.35
2026-02-10,342.446,346.8261,339.2605,344.8849,380595.0,130914405.8
2026-02-11,349.4144,349.4144,335.0297,338.5636,365112.0,123638005.65
2026-02-12,338.5636,338.6134,328.7084,332.2921,279540.0,92956349.65
2026-02-13,330.6495,331.4459,326.3192,328.7581,173124.0,56945954.25
2026-02-16,329.4052,330.5002,325.4233,328.8079,110314.0,36210050.9
2026-02-17,331.3962,334.8803,328.3102,333.2378,146470.0,48599149.0
2026-02-18,333.5862,339.4098,330.5998,331.5953,88350.0,29385325.5
2026-02-19,331.5953,334.731,322.6857,324.6767,65581.0,21556727.15
2026-02-20,322.5364,327.0658,320.5454,325.1246,84078.0,27312005.05
2026-02-23,325.5228,328.1111,318.5047,322.1382,168852.0,54435412.7
2026-02-24,322.1382,322.1382,315.8169,319.0024,183860.0,58490011.7
2026-02-25,320.0477,321.6404,312.1336,317.0114,201249.0,63686127.35
2026-02-26,314.5725,327.5138,312.7309,319.8983,236551.0,74969151.2
2026-02-27,319.5499,319.5499,309.5951,312.1336,626481.0,196874635.6
2026-03-02,299.1425,313.577,299.1425,311.1381,286518.0,88319165.8
2026-03-04,308.0023,312.034,301.1335,310.7399,406183.0,124521912.05
2026-03-05,311.6358,372.858,308.7987,324.8757,8008234.0,2749102762.55
2026-03-06,327.2151,333.8351,321.0431,327.8622,644671.0,210983917.35
2026-03-09,315.568,322.835,311.2376,313.5272,239921.0,75406786.45
2026-03-10,318.5544,318.6042,312.3824,313.9752,200051.0,62853027.6
2026-03-11,313.577,319.6992,313.0793,318.6042,185638.0,59064446.15
2026-03-12,316.5635,332.4414,311.9345,330.3011,711774.0,232444228.55
2026-03-13,328.2106,328.2106,313.6268,316.3644,224761.0,71852175.95
2026-03-16,318.2558,318.2558,308.2014,313.1291,295131.0,92588146.15
2026-03-17,317.8078,317.8078,311.4865,314.3734,111138.0,34921065.2
2026-03-18,314.5725,324.9753,312.5318,321.74,243112.0,78020441.5
2026-03-19,318.654,321.8395,310.1426,312.7806,130044.0,40935048.45
2026-03-20,313.0793,316.4141,306.9073,308.1019,192950.0,59879948.2
2026-03-23,301.6312,306.6086,286.8981,290.4818,306523.0,90582008.6
2026-03-24,294.0656,301.4819,286.4999,299.6403,367290.0,108418264.6
2026-03-25,300.6357,308.1019,297.2511,298.1968,279490.0,84477289.3
2026-03-27,296.1561,297.7488,281.4229,283.0157,505780.0,144921674.85
2026-03-30,281.7216,282.9659,270.6219,272.3143,467162.0,128549469.05
2026-04-01,280.3279,288.5406,277.0926,278.7351,725654.0,203412134.35
2026-04-02,275.7487,288.5904,269.9251,286.8981,315327.0,88432469.0
2026-04-06,288.69,331.8939,280.8256,302.2285,33082327.0,10443458262.35
2026-04-07,302.1787,304.0702,294.0656,296.1561,1923645.0,571914533.2
2026-04-08,306.5589,308.948,299.4909,305.9118,906616.0,277049095.2
2026-04-09,306.6086,308.8485,302.5272,306.6086,308629.0,94466842.95
2026-04-10,307.0068,313.2784,305.862,310.7897,692481.0,214784995.25
2026-04-13,302.6267,312.7806,299.6403,307.0068,369030.0,113363037.75
2026-04-15,311.4865,315.12,310.2422,313.6268,292788.0,91570316.65
2026-04-16,315.6675,319.5001,311.9842,318.3553,328740.0,104053348.45
2026-04-17,317.6087,322.387,317.3599,320.4459,189848.0,60745466.2
2026-04-20,321.5409,333.4867,316.5635,330.998,637675.0,208769398.2
2026-04-21,332.0432,340.2062,330.3011,338.1654,438712.0,147433708.9
2026-04-22,333.4867,337.8668,330.0523,337.0206,179799.0,60223485.45
2026-04-23,335.4279,338.0161,328.6088,330.0523,116873.0,38977383.5
2026-04-24,329.0568,334.084,322.835,324.9255,116453.0,38009608.0
2026-04-27,326.5183,330.6495,325.8712,327.1654,95740.0,31384712.45
2026-04-28,328.4595,328.7084,323.5318,324.7264,296314.0,96461540.35
2026-04-29,327.1156,329.1563,320.5454,321.8395,123284.0,40060486.75
2026-04-30,321.5409,324.4278,315.9662,317.5092,129364.0,41156353.2
2026-05-04,322.4368,327.016,322.4368,325.2242,156172.0,50745382.1
2026-05-05,325.2242,328.5093,321.74,327.7129,90687.0,29520503.7
2026-05-06,329.3554,333.9844,322.0884,331.6948,185605.0,60992286.75
2026-05-07,333.4867,334.4822,330.5002,333.4369,110395.0,36740075.45
2026-05-08,335.4776,335.5274,331.1971,333.8849,85887.0,28669614.9
2026-05-11,333.636,333.636,324.2287,324.9753,136703.0,44769527.3
2026-05-12,325.5228,327.464,314.5725,316.4639,130715.0,41659815.55
2026-05-13,311.5861,319.5499,311.0883,316.9119,131223.0,41516433.9
2026-05-14,317.2603,323.4821,312.8802,318.4051,88585.0,28069474.75
2026-05-15,320.3961,321.5907,313.577,314.6721,73781.0,23415106.95
2026-05-18,315.9662,322.4866,308.5996,321.0431,193881.0,61235030.15
2026-05-19,321.5409,329.1563,318.8531,324.7762,135057.0,43934075.55
2026-05-20,324.5771,324.5771,316.4141,321.0431,112853.0,36249598.3
2026-05-21,320.5454,324.3282,316.1155,318.0567,102235.0,32654395.3
2026-05-22,319.5997,319.6495,316.3146,317.3599,44365.0,14107142.8
2026-05-25,318.5544,322.9843,316.3644,319.5997,156513.0,50119242.25
2026-05-26,319.5997,322.5364,317.0612,318.4549,93398.0,29916776.25
2026-05-27,316.5635,317.559,310.7399,311.7852,131994.0,41366714.7
2026-05-29,312.5815,315.568,287.6945,294.8619,985442.0,293027937.15
2026-06-01,293.6674,294.8122,284.9071,287.4456,322947.0,93569371.15
2026-06-02,283.7125,289.3868,282.4184,288.4909,219667.0,62858106.9
2026-06-03,288.2918,290.6809,282.4184,288.9886,168421.0,48181890.6
2026-06-04,288.9886,294.1651,288.5904,290.3823,152301.0,44354647.7
2026-06-05,291.9253,294.1153,289.1877,290.6311,121233.0,35377387.3
2026-06-08,288.7895,289.1877,282.9162,284.2601,123101.0,35088223.85
2026-06-09,286.3008,290.6809,283.8121,289.8348,141959.0,40747132.8
2026-06-10,291.2284,294.4638,287.794,291.975,174311.0,50844439.25
2026-06-11,290.7805,291.7262,286.699,288.2918,63474.0,18382801.2
2026-06-12,291.2284,295.1606,286.699,294.1153,142764.0,41548508.95
2026-06-15,299.6403,312.4322,298.1968,308.1516,333554.0,102241058.45
2026-06-16,309.5951,313.5272,302.5272,304.2693,142215.0,43757375.3
2026-06-17,304.5181,315.8666,304.4684,313.4775,171703.0,53467390.7
2026-06-18,313.4775,316.2151,310.5906,315.0702,148441.0,46560272.2
2026-06-19,315.0702,323.5318,312.482,320.3961,291824.0,92946194.85
2026-06-22,323.4323,331.3464,321.6902,328.6586,366836.0,120491266.7
2026-06-23,332.6405,332.6903,318.2558,325.5726,223870.0,72664328.0
2026-06-24,323.8803,327.7129,322.6857,325.0748,100357.0,32669918.55
2026-06-25,327.4142,327.4142,323.8305,324.9753,92622.0,30122201.3
2026-06-29,324.9753,331.0975,318.5544,319.4504,396965.0,129491990.65
2026-06-30,318.5544,323.1337,318.5544,318.8531,86317.0,27602527.65
2026-07-01,321.8395,331.4957,319.102,323.7309,349199.0,113951908.25
2026-07-02,326.3192,327.464,322.5364,324.1789,104495.0,33871998.6
2026-07-03,323.4821,329.0568,321.74,327.912,171025.0,55796688.9
2026-07-06,328.4097,333.4867,325.1744,332.8894,266705.0,88150351.8
2026-07-07,332.8894,336.5727,328.2106,335.4279,290380.0,97014794.65
2026-07-08,335.4279,335.4279,318.8033,320.2468,142741.0,46363404.85
2026-07-09,320.2965,351.1565,318.9526,326.369,1822275.0,613608208.0
2026-07-10,328.5093,331.3962,325.1246,328.2604,236465.0,77530587.35
2026-07-13,326.5183,338.4641,324.5273,335.5274,241040.0,80446976.25
2026-07-14,332.1428,339.36,330.5998,335.2785,261198.0,87943747.1
2026-07-15,333.3871,339.2107,332.1925,337.4686,215505.0,72608770.6
2026-07-16,337.5184,339.3102,331.0975,334.4324,127167.0,42492883.2
2026-07-17,334.4822,338.265,332.7401,337.2197,132602.0,44549161.75
2026-07-20,338.1654,340.4551,333.4867,338.6632,135857.0,45937382.9
2026-07-21,333.4867,335.8758,331.0477,333.7355,116482.0,38872085.05
2026-07-22,332.4912,332.9889,328.5093,330.1518,76351.0,25188772.95
2026-07-23,331.4957,331.5455,318.5544,319.8983,181561.0,58537646.85
2026-07-24,317.559,327.464,315.568,324.9255,157588.0,50602282.2
2026-07-27,325.5726,330.2514,325.5726,329.1563,98816.0,32444830.65
2026-07-28,327.016,330.2514,321.8395,324.0296,76943.0,25068702.9
2026-07-29,324.5771,336.3736,324.5771,334.2333,286380.0,95386597.75
2026-07-30,332.541,332.8396,328.559,330.55,84346.0,27906941.55
2026-07-31,332.0,334.3,325.75,327.0,161327.0,52961611.8
2026-08-03,327.55,332.1,327.4,330.1,85964.0,28383961.5
2026-08-04,330.15,332.9,326.3,327.1,60713.0,19968116.85
2026-08-05,327.1,330.7,326.85,328.0,59456.0,19529057.5
2026-08-06,328.0,333.3,324.15,325.65,120225.0,39400513.3
2026-08-07,320.0,321.65,304.35,306.55,1391523.0,431552629.7
2026-08-10,305.55,311.4,302.0,303.15,246679.0,75563198.65
2026-08-11,303.15,303.8,299.5,302.35,184703.0,55683238.7
2026-08-12,300.35,302.5,297.7,298.5,142176.0,42514029.15
2026-08-13,297.7,301.95,297.7,300.65,111064.0,33361923.7
2026-08-14,298.8,302.05,298.3,300.35,144245.0,43339375.25
2026-08-17,301.0,301.05,295.0,296.0,184080.0,54640610.55
2026-08-18,296.0,297.45,294.05,296.7,111718.0,33065789.6
2026-08-19,296.55,298.4,294.3,297.65,181605.0,53949369.7
2026-08-20,298.35,302.95,298.0,299.9,111627.0,33558136.9
2026-08-21,303.5,303.65,299.0,302.75,63736.0,19276274.15
2026-08-24,305.7,307.95,298.2,299.8,107159.0,32441955.05
2026-08-25,299.75,303.95,298.2,302.75,201193.0,60714154.7
2026-08-26,303.0,306.0,302.5,303.5,47993.0,14588188.7
2026-08-27,302.0,304.45,294.85,300.05,367367.0,109809881.6
2026-08-28,302.15,302.15,296.35,297.8,52017.0,15549895.05
2026-08-31,297.8,297.8,281.05,282.3,670027.0,191374843.0
2026-09-01,282.3,296.45,282.15,294.45,430234.0,124806639.2
2026-09-02,290.0,292.8,285.0,285.8,174245.0,50023656.25
2026-09-03,288.5,292.3,287.8,290.75,350687.0,102042550.9
2026-09-04,292.65,293.4,290.1,291.9,154906.0,45192744.55
2026-09-07,294.0,294.85,290.5,294.0,112598.0,32987511.2
2026-09-08,291.9,307.5,291.45,295.75,1038216.0,307869370.15
2026-09-09,295.25,295.75,288.3,289.35,133319.0,38820477.5
2026-09-10,288.95,290.0,281.35,285.05,131511.0,37662103.2
2026-09-11,283.9,287.5,281.6,286.45,104848.0,29866065.05
2026-09-15,286.55,287.9,280.3,283.8,203168.0,57572230.45
2026-09-16,284.15,294.0,283.5,292.1,671193.0,194590785.75
2026-09-17,292.0,302.0,290.0,299.9,302712.0,90196617.65
2026-09-18,304.0,321.15,299.95,317.9,1308371.0,411507743.85
2026-09-21,315.3,317.45,306.1,309.0,307454.0,95278292.45
2026-09-22,309.0,309.0,302.6,303.9,107926.0,32989778.7
2026-09-23,303.0,304.7,300.15,301.15,98871.0,29836636.65
2026-09-24,299.0,301.15,295.25,296.9,85796.0,25581265.9
2026-09-25,295.15,296.95,292.0,294.7,120396.0,35399944.35
2026-09-28,296.95,296.95,289.3,295.1,150656.0,44140850.9
2026-09-29,298.0,309.0,294.7,301.85,2110585.0,641175501.75
2026-09-30,301.85,306.15,297.55,301.1,1001715.0,299378093.55
2026-10-01,300.65,301.0,295.15,297.85,167855.0,49951622.8
