date,open,high,low,close,volume,value
2011-01-03,147.0,150.7,147.0,149.95,474486.0,70718261.45
2011-01-04,152.6,152.6,148.75,149.25,689652.0,103434730.6
2011-01-05,149.25,150.5,148.0,148.65,192843.0,28795948.25
2011-01-06,148.75,149.35,144.7,145.25,642124.0,93917379.0
2011-01-07,145.5,146.95,141.15,141.95,494053.0,71175441.2
2011-01-10,142.8,143.85,139.55,139.9,954001.0,135004144.7
2011-01-11,141.3,141.3,136.05,137.45,653345.0,90972336.85
2011-01-12,138.15,139.6,135.65,138.85,440537.0,60665226.35
2011-01-13,139.1,140.4,135.2,135.85,453116.0,62174488.6
2011-01-14,136.85,138.0,134.0,135.05,829466.0,112957202.5
2011-01-17,135.5,135.95,134.0,135.15,349631.0,47194601.25
2011-01-18,136.25,136.65,130.4,131.55,546379.0,72520914.95
2011-01-19,133.9,134.8,131.25,132.9,300381.0,39996880.5
2011-01-20,131.6,134.0,131.0,133.05,236221.0,31434628.45
2011-01-21,133.4,135.95,132.1,134.15,336099.0,45204265.3
2011-01-24,134.3,134.55,132.0,133.0,1122041.0,149132569.8
2011-01-25,133.0,133.95,131.25,131.85,916150.0,121665798.05
2011-01-27,131.7,133.0,127.8,129.3,2160236.0,282092330.55
2011-01-28,129.3,132.5,128.0,131.2,1085969.0,141278602.1
2011-01-31,129.9,131.15,128.45,129.65,685547.0,88728622.3
2011-02-01,132.3,135.35,129.6,134.45,2002016.0,266678715.95
2011-02-02,135.4,141.9,135.0,140.15,2452052.0,341222305.55
2011-02-03,140.95,142.45,139.75,140.45,733907.0,103488099.95
2011-02-04,140.3,141.9,138.5,139.35,413874.0,57793822.3
2011-02-07,140.1,141.25,138.1,140.0,566313.0,79259177.4
2011-02-08,141.2,148.25,141.0,147.2,3610528.0,526092109.1
2011-02-09,148.0,148.1,143.5,146.45,1363619.0,198515361.85
2011-02-10,146.8,148.0,144.0,146.7,469504.0,68326564.75
2011-02-11,147.0,151.9,147.0,151.45,971252.0,145492817.0
2011-02-14,152.25,154.85,151.2,154.35,679752.0,104521054.65
2011-02-15,154.9,154.9,150.15,154.05,336866.0,51474287.25
2011-02-16,154.0,157.25,151.7,156.35,756735.0,117376587.45
2011-02-17,156.35,157.4,152.05,152.55,449406.0,69190891.4
2011-02-18,153.0,154.3,147.3,147.9,626273.0,93907206.55
2011-02-21,147.0,148.95,145.05,148.2,301824.0,44350763.35
2011-02-22,144.0,149.75,144.0,146.0,281059.0,41329116.2
2011-02-23,145.6,148.0,145.6,147.25,261196.0,38367578.5
2011-02-24,147.0,148.4,141.0,142.95,925771.0,133472235.85
2011-02-25,144.0,147.0,143.05,145.45,762346.0,110675263.2
2011-02-28,146.0,149.45,143.55,146.4,811963.0,119504715.75
2011-03-01,147.4,149.4,145.1,148.75,295880.0,43676147.1
2011-03-03,148.0,152.7,148.0,150.65,441965.0,66812522.15
2011-03-04,152.85,152.85,148.15,150.55,447906.0,67155694.7
2011-03-07,140.05,152.4,140.05,151.6,588567.0,89112533.9
2011-03-08,152.4,153.9,152.0,152.55,488921.0,74756604.4
2011-03-09,153.65,153.65,151.05,152.45,220927.0,33668147.45
2011-03-10,152.0,153.35,150.45,151.65,152840.0,23220602.15
2011-03-11,151.0,153.8,150.15,153.05,367348.0,55956219.6
2011-03-14,154.0,155.4,152.5,154.45,601605.0,92902139.25
2011-03-15,150.95,153.8,150.05,151.35,603617.0,91822987.55
2011-03-16,151.45,152.95,150.4,150.95,237312.0,36043932.0
2011-03-17,155.0,155.0,148.7,149.45,225051.0,33799380.95
2011-03-18,151.9,151.9,149.15,149.95,261815.0,39336977.85
2011-03-21,150.05,150.6,147.55,148.35,164913.0,24504650.05
2011-03-22,149.0,152.75,148.65,151.6,491612.0,74510910.1
2011-03-23,152.9,152.9,150.5,150.95,201730.0,30547123.65
2011-03-24,151.15,153.8,149.7,150.4,1456488.0,221221271.15
2011-03-25,151.6,152.0,149.05,149.7,422114.0,63477123.85
2011-03-28,150.0,151.2,148.8,149.5,532895.0,79868457.5
2011-03-29,149.05,150.45,148.85,149.4,284986.0,42637772.1
2011-03-30,150.0,152.0,148.65,151.1,314137.0,47250732.25
2011-03-31,152.0,153.0,149.2,150.9,389213.0,58725108.9
2011-04-01,152.0,157.55,150.3,156.85,1012527.0,157498118.25
2011-04-04,158.0,163.3,157.65,162.0,1062814.0,171934185.05
2011-04-05,163.0,165.1,161.5,162.3,685428.0,111735329.65
2011-04-06,162.7,163.35,159.4,160.4,353463.0,56871594.9
2011-04-07,160.35,163.35,160.05,160.9,371938.0,60199149.65
2011-04-08,161.85,162.35,157.6,158.65,304085.0,48531506.7
2011-04-11,158.65,161.25,157.3,158.35,376803.0,59982236.2
2011-04-13,157.85,162.8,157.35,161.8,423194.0,68280472.85
2011-04-15,162.0,164.6,160.85,162.15,614372.0,99821501.8
2011-04-18,163.4,163.7,157.2,158.65,626626.0,100266001.5
2011-04-19,158.75,159.5,157.1,158.85,182949.0,28999311.5
2011-04-20,160.0,161.7,159.15,160.1,248987.0,39865845.6
2011-04-21,160.8,160.95,158.4,159.15,181638.0,28986807.05
2011-04-25,160.15,160.15,157.4,158.7,206675.0,32771411.15
2011-04-26,158.6,158.6,156.8,157.65,130921.0,20615255.1
2011-04-27,158.35,158.5,155.55,157.2,147270.0,23119622.0
2011-04-28,157.95,158.7,154.95,155.45,319518.0,49953634.4
2011-04-29,156.75,158.4,154.25,155.1,224265.0,35058473.75
2011-05-02,155.2,156.15,154.15,154.9,141618.0,21936465.8
2011-05-03,154.9,155.4,150.5,151.65,299168.0,45649891.8
2011-05-04,151.45,151.9,148.1,150.65,239263.0,35914456.7
2011-05-05,151.2,154.0,150.25,152.3,522011.0,79539527.75
2011-05-06,153.9,154.0,150.1,152.15,290331.0,44012493.95
2011-05-09,150.0,153.5,150.0,152.2,235501.0,35701207.9
2011-05-10,152.15,153.35,151.25,152.55,297979.0,45446761.45
2011-05-11,152.5,157.9,151.3,157.45,538565.0,83902328.55
2011-05-12,157.95,158.9,155.3,156.45,486001.0,76347953.55
2011-05-13,149.4,159.9,149.4,158.45,419239.0,66472149.15
2011-05-16,158.05,159.9,156.0,157.1,450267.0,71366811.55
2011-05-17,157.65,160.7,157.3,158.7,400221.0,63597634.3
2011-05-18,159.7,160.65,158.15,159.9,414102.0,66134023.65
2011-05-19,160.2,160.25,156.95,158.3,218286.0,34636573.2
2011-05-20,158.15,160.0,157.75,158.95,239710.0,38192844.0
2011-05-23,158.2,160.3,157.0,157.85,220609.0,35005537.2
2011-05-24,157.55,159.8,157.55,158.85,178646.0,28397286.5
2011-05-25,159.0,159.2,157.0,157.7,145933.0,23064471.75
2011-05-26,158.2,159.4,156.7,157.35,443108.0,69848065.8
2011-05-27,158.2,162.8,158.2,160.9,559166.0,90154066.65
2011-05-30,176.1,176.1,158.45,162.3,344615.0,55727220.4
2011-05-31,162.7,163.7,161.0,162.25,272786.0,44239211.25
2011-06-01,162.5,163.9,160.8,161.55,191997.0,31142535.35
2011-06-02,160.55,168.0,159.3,167.05,1192710.0,197909437.45
2011-06-03,167.5,169.7,164.1,164.7,583103.0,97325858.35
2011-06-06,165.0,165.8,161.2,164.05,286978.0,46794856.25
2011-06-07,163.7,166.4,162.5,164.65,243459.0,40130556.3
2011-06-08,164.2,164.9,162.55,163.95,172649.0,28275951.2
2011-06-09,164.05,165.45,163.25,164.9,256549.0,42221515.05
2011-06-10,165.0,165.7,162.8,163.95,149034.0,24455083.35
2011-06-13,165.0,165.0,161.3,162.8,99471.0,16193459.95
2011-06-14,163.05,164.0,162.15,163.15,92886.0,15158631.7
2011-06-15,163.85,163.9,161.55,161.9,113064.0,18335117.85
2011-06-16,161.5,162.1,158.7,160.05,276634.0,44472363.35
2011-06-17,159.8,161.5,158.1,159.35,252631.0,40147403.75
2011-06-20,160.8,160.8,153.2,153.9,494648.0,77100374.85
2011-06-21,153.95,155.45,151.85,154.3,301559.0,46441448.05
2011-06-22,155.0,155.95,152.05,153.1,151208.0,23228099.25
2011-06-23,152.6,154.55,150.55,154.05,161286.0,24707626.05
2011-06-24,154.5,157.0,154.05,156.45,161899.0,25218240.15
2011-06-27,156.05,157.6,155.15,156.8,112179.0,17570008.3
2011-06-28,159.75,159.75,155.65,157.85,139645.0,21944610.05
2011-06-29,142.0,158.95,142.0,157.15,272985.0,42928601.1
2011-06-30,157.15,164.0,156.65,162.75,461834.0,74201937.3
2011-07-01,164.2,165.7,160.35,161.45,338092.0,54976419.55
2011-07-04,161.8,165.3,161.05,164.55,308687.0,50637045.15
2011-07-05,164.6,164.7,161.85,163.5,217005.0,35424908.1
2011-07-06,163.5,164.9,161.85,164.15,155799.0,25444321.85
2011-07-07,164.0,165.0,163.55,164.15,179328.0,29461128.85
2011-07-08,165.0,165.75,163.25,164.35,195398.0,32140819.5
2011-07-11,165.4,165.4,162.55,164.55,125917.0,20640097.3
2011-07-12,163.85,167.8,161.8,166.6,500065.0,82392870.1
2011-07-13,167.5,171.4,167.25,169.2,938706.0,159410326.15
2011-07-14,169.3,169.3,166.85,167.45,196135.0,32953304.45
2011-07-15,169.0,169.0,165.6,166.85,154962.0,25894930.15
2011-07-18,166.8,168.4,164.6,165.05,214378.0,35577114.65
2011-07-19,165.05,167.6,164.45,166.65,145650.0,24281203.8
2011-07-20,167.75,168.25,164.5,165.05,106083.0,17625066.35
2011-07-21,165.0,166.9,163.2,165.15,168223.0,27765481.25
2011-07-22,165.6,169.55,164.4,168.9,445441.0,74906231.45
2011-07-25,169.95,170.7,167.2,167.9,221848.0,37482841.65
2011-07-26,168.4,168.7,165.3,165.6,100589.0,16731483.1
2011-07-27,166.05,171.5,165.4,170.8,679775.0,115439668.75
2011-07-28,170.0,170.5,166.15,167.25,420388.0,70642480.55
2011-07-29,166.95,170.5,166.15,166.75,193000.0,32541511.65
2011-08-01,167.6,168.4,164.0,165.9,162610.0,26905987.85
2011-08-02,166.4,168.1,164.0,164.8,215652.0,35753530.3
2011-08-03,163.85,164.75,161.85,162.6,173720.0,28292716.5
2011-08-04,162.0,166.85,162.0,164.25,460464.0,75700317.3
2011-08-05,160.0,161.7,154.0,156.8,300588.0,47413882.35
2011-08-08,154.0,159.25,150.1,156.75,387831.0,60463420.5
2011-08-09,153.0,159.6,150.0,155.2,453151.0,70405045.05
2011-08-10,159.45,159.8,155.3,157.1,233274.0,36632050.4
2011-08-11,158.0,158.0,153.55,155.75,330253.0,51302179.55
2011-08-12,157.0,161.8,156.0,160.25,776342.0,124309671.45
2011-08-16,164.7,164.7,153.2,155.4,259909.0,40630696.65
2011-08-17,155.25,155.95,152.45,152.95,109830.0,16901126.55
2011-08-18,153.25,153.95,148.5,149.7,154802.0,23434657.55
2011-08-19,148.0,150.7,146.2,148.85,294936.0,43829210.55
2011-08-22,150.0,151.95,147.5,150.55,125475.0,18792446.8
2011-08-23,151.5,152.0,149.0,150.55,107857.0,16222941.45
2011-08-24,151.3,152.45,145.0,146.0,244504.0,36205400.05
2011-08-25,147.8,157.9,147.15,153.6,1310754.0,200564921.95
2011-08-26,154.0,154.6,148.4,149.2,155572.0,23486808.2
2011-08-29,150.1,154.85,150.1,151.3,153461.0,23379335.35
2011-08-30,153.9,154.5,152.0,152.6,141740.0,21706650.5
2011-09-02,153.6,154.6,151.3,151.8,157588.0,23992743.9
2011-09-05,151.8,153.7,150.65,151.9,105226.0,16013072.15
2011-09-06,151.1,153.9,149.1,153.15,202797.0,30732006.2
2011-09-07,153.95,154.4,151.6,153.1,259027.0,39624545.25
2011-09-08,154.55,157.3,153.0,154.8,249130.0,38786094.75
2011-09-09,155.2,156.4,151.6,151.95,174118.0,26733300.15
2011-09-12,151.0,152.4,150.0,151.4,118661.0,17896889.1
2011-09-13,152.15,155.5,149.35,150.7,250640.0,38240854.25
2011-09-14,151.45,152.0,149.1,150.0,156253.0,23474941.25
2011-09-15,150.2,151.35,149.5,150.6,120079.0,18037788.5
2011-09-16,151.25,152.2,144.65,147.1,347938.0,51591655.25
2011-09-19,149.7,154.65,143.8,144.45,3148493.0,470675783.05
2011-09-20,145.15,145.6,140.0,141.0,2340660.0,330537712.25
2011-09-21,141.0,142.65,138.65,139.05,1166595.0,163498918.5
2011-09-22,137.65,138.85,135.05,135.25,672455.0,91972759.95
2011-09-23,135.0,135.0,132.0,132.45,993235.0,132169982.9
2011-09-26,132.2,134.0,125.85,126.7,630233.0,81294782.7
2011-09-27,129.0,129.3,124.2,124.6,1367983.0,171702523.85
2011-09-28,125.2,126.75,123.0,124.85,873265.0,108904054.95
2011-09-29,124.85,127.25,123.05,126.6,1919976.0,242351918.25
2011-09-30,127.35,128.3,125.2,125.85,664885.0,84068909.85
2011-10-03,124.5,124.5,120.25,121.8,345672.0,42071969.05
2011-10-04,120.65,122.9,119.8,120.75,282371.0,34208572.25
2011-10-05,121.5,122.4,120.0,120.1,189102.0,22814668.3
2011-10-07,122.0,123.35,120.4,121.15,246216.0,29932841.65
2011-10-10,122.0,122.3,119.8,120.2,857277.0,103390086.85
2011-10-11,121.5,124.75,120.5,121.85,902807.0,110985986.4
2011-10-12,123.0,123.0,120.75,121.65,659641.0,80363184.25
2011-10-13,122.8,124.0,122.0,122.85,489013.0,60191267.45
2011-10-14,123.0,125.9,122.1,124.2,1157391.0,144160080.9
2011-10-17,125.8,125.8,122.85,123.5,321350.0,39893181.1
2011-10-18,121.95,122.8,120.25,122.35,200591.0,24501060.75
2011-10-19,122.55,123.6,122.45,122.9,194222.0,23891635.5
2011-10-20,123.05,123.05,120.7,121.95,286466.0,34840378.65
2011-10-21,122.25,122.5,121.0,121.25,150423.0,18317513.6
2011-10-24,122.0,122.05,120.1,120.75,248890.0,30104911.05
2011-10-25,120.2,122.4,118.15,122.1,218796.0,26566074.5
2011-10-26,122.9,123.75,121.5,123.3,82398.0,10131799.65
2011-10-28,125.0,126.9,123.55,124.85,250359.0,31207566.9
2011-10-31,125.0,125.45,123.5,124.5,146240.0,18219512.75
2011-11-01,126.0,130.2,124.55,129.55,1848079.0,237307271.65
2011-11-02,129.0,131.6,128.0,130.05,682343.0,88831802.9
2011-11-03,130.0,132.6,128.75,130.25,671645.0,87932857.85
2011-11-04,132.8,134.45,129.1,129.8,288763.0,37617151.3
2011-11-08,131.45,132.45,129.35,131.55,274610.0,36027412.65
2011-11-09,132.95,133.1,129.7,130.35,297299.0,39094076.05
2011-11-11,130.0,130.9,127.8,128.85,228871.0,29532263.55
2011-11-14,129.95,130.55,121.7,123.5,504679.0,63205855.25
2011-11-15,122.0,123.5,120.0,121.5,404219.0,49264729.25
2011-11-16,122.0,122.0,117.5,118.35,288787.0,34273690.15
2011-11-17,117.95,119.65,116.1,116.8,167699.0,19760918.55
2011-11-18,115.0,119.05,114.6,117.65,224157.0,26171851.1
2011-11-21,116.35,117.05,114.3,115.0,489982.0,56377195.1
2011-11-22,115.45,120.55,110.1,115.0,903124.0,103500959.75
2011-11-23,115.45,115.45,111.5,112.6,619552.0,69620779.5
2011-11-24,112.65,113.8,111.2,112.7,619468.0,69682668.15
2011-11-25,112.4,116.95,111.6,114.4,189332.0,21595988.3
2011-11-28,114.85,118.0,114.85,116.25,479301.0,55716357.6
2011-11-29,117.0,117.0,113.25,115.4,564809.0,65090163.3
2011-11-30,115.0,115.45,113.15,113.6,304203.0,34619858.9
2011-12-01,116.85,116.9,111.4,113.8,648969.0,73677629.85
2011-12-02,114.1,115.75,113.35,115.25,365018.0,41872163.95
2011-12-05,116.75,116.75,113.6,114.2,253841.0,29062099.75
2011-12-07,114.95,115.5,112.15,112.9,508208.0,57594414.0
2011-12-08,113.0,113.9,111.5,112.0,306844.0,34462455.05
2011-12-09,111.45,113.45,108.9,112.05,315012.0,35286264.25
2011-12-12,110.6,112.0,106.0,107.4,540938.0,58702937.2
2011-12-13,107.7,108.5,105.25,105.85,378483.0,40164243.95
2011-12-14,104.45,106.7,99.55,100.6,435736.0,45221359.4
2011-12-15,98.1,98.95,92.05,93.0,877434.0,82418728.05
2011-12-16,93.75,95.35,90.15,92.4,875070.0,81104581.3
2011-12-19,92.0,92.6,88.6,90.75,506853.0,45784802.7
2011-12-20,91.1,92.15,89.05,90.45,375091.0,33834370.4
2011-12-21,92.05,92.15,87.5,91.55,711691.0,64326713.25
2011-12-22,90.95,91.9,90.1,91.25,287402.0,26160053.25
2011-12-23,91.5,93.35,88.8,90.1,915901.0,82791417.5
2011-12-26,91.3,91.3,88.5,88.95,347437.0,31078724.15
2011-12-27,88.95,89.05,82.25,83.15,1831463.0,154635320.0
2011-12-28,81.15,82.95,76.0,82.0,1218941.0,100070003.55
2011-12-29,82.05,89.3,81.1,84.65,7655651.0,657877729.2
2011-12-30,85.0,85.0,82.35,84.2,1896371.0,159273053.25
2012-01-02,84.85,85.9,83.25,84.2,530067.0,44710823.3
2012-01-03,84.85,86.4,84.55,85.85,875882.0,75019830.65
2012-01-04,85.85,89.45,85.4,88.0,530014.0,46713310.8
2012-01-05,87.55,92.4,87.55,91.9,887300.0,80996953.15
2012-01-06,92.5,95.2,92.1,94.7,1094317.0,102871827.55
2012-01-07,94.9,95.65,93.6,94.2,121081.0,11445897.85
2012-01-09,94.0,96.6,92.2,94.55,372454.0,35122400.75
2012-01-10,95.0,95.95,94.6,95.05,232742.0,22179910.35
2012-01-11,95.0,98.9,94.25,97.95,805488.0,77996670.3
2012-01-12,98.15,99.7,97.2,98.15,344560.0,33967437.55
2012-01-13,98.05,102.85,98.05,101.6,453324.0,45844007.75
2012-01-16,102.0,102.0,98.2,99.5,354060.0,35167733.95
2012-01-17,99.9,101.6,99.45,99.65,306946.0,30867935.05
2012-01-18,100.05,100.55,93.5,95.1,339722.0,32937717.95
2012-01-19,96.3,99.35,95.6,98.6,460159.0,44999293.25
2012-01-20,99.45,101.3,98.75,100.05,565904.0,56798317.45
2012-01-23,100.9,100.9,98.35,98.7,242823.0,24153463.4
2012-01-24,98.65,100.45,98.05,99.1,282867.0,28054274.85
2012-01-25,99.5,100.7,97.5,98.85,669364.0,66228995.9
2012-01-27,99.9,106.8,99.3,105.7,1928136.0,202359830.0
2012-01-30,106.7,108.8,104.1,105.1,1314994.0,140837002.65
2012-01-31,105.95,106.25,102.55,104.75,447298.0,46668258.75
2012-02-01,105.8,108.5,105.65,106.4,919820.0,98403589.8
2012-02-02,107.6,108.7,104.55,105.55,523616.0,55806903.0
2012-02-03,106.5,110.4,106.45,108.45,1274254.0,138895553.25
2012-02-06,110.0,111.1,108.1,109.0,566646.0,62155504.4
2012-02-07,109.1,109.9,105.1,106.05,375322.0,40439879.5
2012-02-08,107.0,109.85,105.55,108.8,933784.0,100893216.25
2012-02-09,107.0,110.85,106.25,108.1,1329819.0,145389553.35
2012-02-10,108.25,109.75,105.6,107.05,644358.0,69439599.6
2012-02-13,107.0,109.0,106.1,107.3,298295.0,32093580.9
2012-02-14,107.65,110.2,107.0,109.5,548344.0,59924047.05
2012-02-15,110.9,111.95,109.0,110.4,726171.0,80441667.7
2012-02-16,110.4,116.45,108.7,115.8,1984705.0,226809084.0
2012-02-17,117.0,117.6,112.1,113.35,857037.0,98730258.4
2012-02-21,114.0,116.5,112.2,115.3,520537.0,59806090.9
2012-02-22,116.0,116.5,110.0,110.75,566506.0,64069946.05
2012-02-23,109.95,110.45,107.0,108.0,596736.0,64615904.45
2012-02-24,108.9,109.8,106.55,107.4,356766.0,38569384.35
2012-02-27,107.65,107.7,104.4,104.95,407285.0,42876774.3
2012-02-28,106.0,109.3,105.1,108.25,333797.0,35974981.75
2012-02-29,108.65,111.0,107.25,108.65,542002.0,59276355.65
2012-03-01,108.0,110.9,107.3,108.75,687451.0,75159529.65
2012-03-02,111.75,111.75,108.65,109.5,371304.0,40636653.15
2012-03-03,111.9,122.05,108.4,109.15,59258.0,6476327.45
2012-03-05,109.0,109.4,105.7,106.65,378774.0,40717148.15
2012-03-06,106.75,109.1,105.0,105.5,219317.0,23498477.3
2012-03-07,105.35,106.5,103.8,104.75,186304.0,19588547.05
2012-03-09,105.1,107.0,104.8,105.65,467883.0,49451709.75
2012-03-12,107.2,109.0,105.95,106.15,272054.0,28943344.1
2012-03-13,107.85,108.5,106.5,107.1,415263.0,44728131.4
2012-03-14,108.0,109.95,107.35,109.4,748203.0,81597335.45
2012-03-15,110.0,111.5,108.5,108.95,1028284.0,113182260.5
2012-03-16,110.0,111.9,106.5,107.35,1294692.0,142240939.05
2012-03-19,108.0,108.0,104.75,105.3,286113.0,30257272.95
2012-03-20,105.45,107.2,104.75,105.9,223025.0,23646149.7
2012-03-21,106.8,107.5,105.5,107.05,229823.0,24508424.2
2012-03-22,107.8,107.8,104.25,104.75,344850.0,36483242.1
2012-03-23,104.5,105.35,100.65,102.95,812667.0,83049693.5
2012-03-26,102.8,103.0,100.65,101.05,287553.0,29248487.3
2012-03-27,102.5,103.8,101.55,102.2,328488.0,33630086.95
2012-03-28,101.2,103.0,99.2,99.85,398889.0,40150655.1
2012-03-29,99.2,101.95,97.0,97.75,800157.0,79330715.0
2012-03-30,97.75,100.85,97.75,100.2,387896.0,38675814.95
2012-04-02,98.1,102.35,98.1,101.25,260878.0,26445567.9
2012-04-03,99.6,100.95,98.0,99.65,868239.0,86148806.95
2012-04-04,99.75,103.45,98.9,102.35,860118.0,87964924.2
2012-04-09,102.2,102.5,100.15,101.25,255640.0,25864807.3
2012-04-10,101.5,102.2,100.05,100.6,142621.0,14367430.2
2012-04-11,100.0,101.2,98.4,98.75,264864.0,26384555.65
2012-04-12,99.5,102.1,99.5,101.7,352289.0,35639754.1
2012-04-13,100.95,107.85,100.95,105.2,1281294.0,135194102.7
2012-04-16,105.3,109.0,105.0,108.3,651286.0,70240944.05
2012-04-17,108.3,108.9,106.25,108.25,547653.0,59003914.5
2012-04-18,109.0,109.9,107.0,107.5,397549.0,43136998.1
2012-04-19,107.55,112.0,107.15,111.1,926973.0,102290938.35
2012-04-20,111.7,113.7,108.8,110.05,1376680.0,154296680.75
2012-04-23,110.9,111.45,104.2,104.8,500464.0,54000370.2
2012-04-24,105.15,107.3,105.0,106.35,335316.0,35666514.2
2012-04-25,106.95,106.95,104.25,104.85,233875.0,24623340.2
2012-04-26,105.0,105.35,102.1,104.95,565699.0,58894328.55
2012-04-27,105.25,106.9,104.1,105.05,278148.0,29327218.35
2012-04-28,105.2,105.35,103.5,104.65,32166.0,3360573.75
2012-04-30,105.0,107.6,104.75,106.8,225966.0,24044919.6
2012-05-02,107.9,109.65,107.15,108.1,360263.0,39057448.35
2012-05-03,108.0,108.7,105.05,106.4,250686.0,26881097.9
2012-05-04,105.55,106.45,101.15,101.8,435470.0,44718141.05
2012-05-07,100.75,104.0,98.6,103.25,249047.0,25350164.2
2012-05-08,104.4,104.5,99.55,100.35,150109.0,15323293.3
2012-05-09,100.05,101.85,99.55,100.2,377827.0,37952920.05
2012-05-10,101.2,102.0,99.9,100.9,307384.0,31075855.35
2012-05-11,100.95,101.4,98.75,99.95,257263.0,25704436.95
2012-05-14,100.05,100.45,95.6,96.7,248692.0,24340205.55
2012-05-15,96.5,98.9,95.1,97.85,375590.0,36312183.75
2012-05-16,97.1,98.7,94.15,94.8,335355.0,31987899.45
2012-05-17,96.0,96.95,92.1,93.2,353416.0,33374756.75
2012-05-18,91.95,94.85,91.95,93.5,669754.0,62459778.8
2012-05-21,94.0,95.6,94.0,94.35,252248.0,23938911.75
2012-05-22,95.8,95.8,93.2,93.8,452370.0,42856678.6
2012-05-23,94.0,96.6,93.3,95.65,505760.0,48140982.5
2012-05-24,95.8,99.7,94.05,99.0,517308.0,50271468.2
2012-05-25,98.95,100.65,97.55,100.1,354206.0,35104520.25
2012-05-28,100.75,101.9,99.1,101.2,274905.0,27640385.6
2012-05-29,105.0,105.4,102.75,103.5,1388905.0,144874562.35
2012-05-30,103.6,103.8,99.1,99.7,389432.0,39339590.75
2012-05-31,99.7,99.7,97.5,98.3,377230.0,37121417.65
2012-06-01,98.3,98.3,96.2,96.85,285834.0,27744146.2
2012-06-04,96.0,100.1,95.15,99.4,399630.0,39054772.9
2012-06-05,101.8,101.8,97.4,97.85,357429.0,35383397.05
2012-06-06,98.15,100.0,98.1,99.25,498976.0,49444944.8
2012-06-07,100.0,101.8,99.3,100.1,529606.0,53204642.25
2012-06-08,99.2,101.35,99.0,100.35,445596.0,44628548.5
2012-06-11,100.55,103.4,100.2,100.75,491203.0,50187248.35
2012-06-12,100.9,100.95,99.35,100.3,182863.0,18299996.5
2012-06-13,101.4,103.45,101.1,101.75,500438.0,51139472.35
2012-06-14,101.75,102.0,98.9,99.25,194649.0,19547238.0
2012-06-15,100.0,100.6,99.5,99.75,118065.0,11809693.45
2012-06-18,98.65,101.5,98.25,98.55,216474.0,21593492.15
2012-06-19,98.25,99.8,97.5,98.85,238790.0,23503549.4
2012-06-20,99.9,99.9,98.6,99.0,115919.0,11488200.45
2012-06-21,99.0,101.4,98.85,100.95,262512.0,26400085.5
2012-06-22,99.95,102.3,99.5,100.55,238032.0,24056160.15
2012-06-25,100.55,101.9,99.8,100.05,144019.0,14548074.05
2012-06-26,100.9,101.45,100.15,100.35,174875.0,17604827.85
2012-06-27,100.7,101.45,99.55,99.9,93099.0,9336571.9
2012-06-28,99.9,100.45,98.55,99.0,276793.0,27463121.15
2012-06-29,100.0,101.7,99.95,101.4,267565.0,27034057.7
2012-07-02,102.65,102.9,101.05,101.95,236640.0,24209509.4
2012-07-03,103.0,106.2,102.1,105.9,940599.0,98464049.4
2012-07-04,106.9,107.4,105.1,105.7,686915.0,73042942.05
2012-07-05,106.2,108.4,105.3,107.5,674375.0,72317794.1
2012-07-06,107.5,107.5,104.6,104.9,238558.0,25200438.0
2012-07-09,101.65,105.7,101.65,102.8,211119.0,21880824.0
2012-07-10,100.4,104.7,100.4,104.35,225153.0,23437074.05
2012-07-11,104.2,105.35,102.55,102.95,185428.0,19273672.55
2012-07-12,101.5,102.8,100.8,101.8,182182.0,18539879.6
2012-07-13,102.75,102.75,100.6,100.95,178706.0,18168328.25
2012-07-16,101.65,102.6,100.9,101.3,206191.0,20936909.85
2012-07-17,101.8,102.25,99.5,99.8,193687.0,19500570.9
2012-07-18,99.8,100.6,99.45,100.2,140575.0,14052083.9
2012-07-19,101.0,101.5,99.5,99.75,178140.0,17886694.25
2012-07-20,100.0,100.45,98.75,99.55,175012.0,17423469.6
2012-07-23,99.0,100.0,98.05,98.75,307912.0,30488554.6
2012-07-24,99.0,99.3,98.1,98.25,107288.0,10588564.9
2012-07-25,98.0,98.0,95.15,96.9,271298.0,26186495.35
2012-07-26,97.5,97.65,96.1,96.5,372640.0,36011935.25
2012-07-27,98.45,98.5,96.5,96.7,107819.0,10501023.65
2012-07-30,95.3,98.5,95.3,98.05,71407.0,6949151.55
2012-07-31,97.8,99.3,97.1,98.2,103232.0,10096672.8
2012-08-01,98.55,100.8,98.0,99.6,182924.0,18191625.05
2012-08-02,100.5,101.3,99.1,99.4,267928.0,26836277.9
2012-08-03,99.8,99.8,97.3,98.5,163523.0,16059720.9
2012-08-06,99.9,102.6,99.0,100.8,493399.0,49990598.5
2012-08-07,101.2,101.55,99.25,99.55,224187.0,22485626.7
2012-08-08,100.45,100.45,98.1,99.2,409403.0,40595967.95
2012-08-09,99.3,100.4,99.15,99.35,93925.0,9342567.15
2012-08-10,99.1,100.35,99.0,99.2,105291.0,10459765.2
2012-08-13,99.9,99.95,98.85,99.35,103575.0,10288412.85
2012-08-14,99.8,102.0,99.15,101.3,438115.0,44336891.75
2012-08-16,102.05,102.5,97.9,99.35,510812.0,50898226.85
2012-08-17,99.0,100.55,99.0,99.65,440065.0,43811902.35
2012-08-21,99.4,100.45,99.2,99.45,607718.0,60449517.5
2012-08-22,103.0,103.0,99.35,99.4,315918.0,31451114.7
2012-08-23,100.0,100.5,99.35,99.5,538308.0,53669425.55
2012-08-24,99.85,100.95,91.75,93.7,1317243.0,128561366.75
2012-08-27,95.0,95.85,91.35,94.0,411773.0,38418007.4
2012-08-28,94.5,94.95,92.45,94.45,227167.0,21402182.65
2012-08-29,94.85,95.1,93.0,93.4,260247.0,24451232.35
2012-08-30,94.15,94.15,89.55,90.85,520406.0,47538529.95
2012-08-31,90.65,93.2,90.55,90.9,305165.0,27981099.3
2012-09-03,91.65,93.95,90.6,92.95,308711.0,28502596.6
2012-09-04,93.1,94.7,92.6,93.6,239489.0,22400461.7
2012-09-05,93.6,94.0,93.0,93.6,95579.0,8923725.4
2012-09-06,92.9,94.25,92.85,93.85,87088.0,8155350.65
2012-09-07,94.25,95.25,94.0,94.35,143713.0,13588629.25
2012-09-08,94.35,96.0,94.35,95.6,66526.0,6358920.15
2012-09-10,95.15,96.3,94.9,95.25,210622.0,20070450.55
2012-09-11,95.65,95.65,94.9,95.05,187084.0,17783196.4
2012-09-12,95.5,98.4,94.75,97.9,484663.0,46681589.4
2012-09-13,98.45,98.9,96.05,96.5,233422.0,22743259.75
2012-09-14,97.75,97.8,96.15,96.6,196403.0,19034876.7
2012-09-17,97.4,99.5,95.7,99.2,374040.0,36729617.35
2012-09-18,99.0,101.4,99.0,100.05,342872.0,34310864.55
2012-09-20,98.3,100.0,98.0,99.55,138920.0,13821935.95
2012-09-21,99.5,103.15,99.25,101.6,652624.0,66456004.45
2012-09-24,101.85,102.95,99.5,100.1,579312.0,58142495.55
2012-09-25,100.6,102.55,100.0,101.65,863625.0,87901824.65
2012-09-26,101.9,103.9,100.5,103.05,792074.0,81574628.95
2012-09-27,104.75,105.85,102.8,105.25,1739472.0,182237579.55
2012-09-28,105.05,105.5,102.55,102.9,191633.0,19843358.75
2012-10-01,103.75,105.85,103.0,104.1,190781.0,19815233.65
2012-10-03,104.5,105.5,103.05,104.95,175677.0,18359485.4
2012-10-04,104.9,108.3,104.55,105.35,343318.0,36537300.8
2012-10-05,106.3,106.45,102.15,103.95,260229.0,27088707.1
2012-10-08,102.5,105.5,95.0,103.05,147405.0,15298457.5
2012-10-09,102.9,106.9,102.85,106.15,214120.0,22520843.8
2012-10-10,105.6,105.85,104.0,104.1,120238.0,12578475.6
2012-10-11,104.2,107.8,103.6,106.35,526376.0,56069350.2
2012-10-12,106.2,107.7,105.05,105.55,195763.0,20838053.3
2012-10-15,105.25,107.2,104.7,105.7,170284.0,18021630.9
2012-10-16,106.8,109.0,104.95,105.45,385900.0,41454918.45
2012-10-17,106.1,106.8,103.75,104.25,146744.0,15457188.05
2012-10-18,104.6,104.95,102.75,103.2,148299.0,15402771.3
2012-10-19,104.9,106.8,103.25,104.05,549304.0,57520102.05
2012-10-22,104.05,105.35,103.2,103.7,91546.0,9539173.3
2012-10-23,103.9,104.5,102.75,103.05,85957.0,8890446.95
2012-10-25,102.55,104.5,102.55,103.85,105559.0,10920660.65
2012-10-26,105.0,105.0,102.05,102.35,93133.0,9602174.25
2012-10-29,102.85,104.0,101.65,102.05,100554.0,10333009.25
2012-10-30,102.4,103.2,100.55,100.7,89649.0,9102384.95
2012-10-31,100.85,102.45,100.2,101.85,90964.0,9220170.05
2012-11-01,101.85,103.9,101.2,103.4,78788.0,8112251.5
2012-11-02,103.0,104.9,103.0,103.6,65635.0,6815338.6
2012-11-05,103.7,104.75,103.5,103.7,79930.0,8321188.75
2012-11-06,103.4,104.0,102.55,102.7,78008.0,8049119.6
2012-11-07,102.8,106.0,102.8,104.95,230335.0,24164376.2
2012-11-08,103.8,105.0,103.55,104.5,71108.0,7420251.2
2012-11-09,104.9,105.35,103.3,103.65,99354.0,10352963.35
2012-11-12,103.05,103.5,100.5,102.35,90031.0,9218061.4
2012-11-13,105.7,105.7,102.0,102.95,35336.0,3643337.85
2012-11-15,101.95,103.05,101.6,102.05,64455.0,6584435.4
2012-11-16,102.5,103.5,101.5,101.9,92267.0,9461129.6
2012-11-19,101.85,103.4,100.2,100.5,112598.0,11387854.5
2012-11-20,100.8,101.35,98.65,99.15,114547.0,11421838.8
2012-11-21,101.2,102.9,99.3,101.0,422229.0,42809376.75
2012-11-22,101.6,102.8,100.35,100.9,82908.0,8416636.8
2012-11-23,101.6,101.6,100.0,100.15,101129.0,10156986.3
2012-11-26,100.75,101.75,97.55,100.2,381023.0,38124958.9
2012-11-27,101.3,102.3,100.6,101.2,239075.0,24261267.1
2012-11-29,101.95,113.9,101.5,108.95,1614647.0,174982162.05
2012-11-30,109.35,116.35,107.1,112.15,1975721.0,224009997.35
2012-12-03,112.5,114.45,111.55,112.4,458984.0,51851911.45
2012-12-04,112.9,113.5,110.25,112.4,350999.0,39365485.3
2012-12-05,113.15,113.9,111.15,111.7,308330.0,34693777.75
2012-12-06,112.05,112.9,110.3,111.0,178755.0,19866126.8
2012-12-07,111.15,111.7,108.6,109.25,247730.0,27236836.1
2012-12-10,109.95,113.9,109.0,112.85,891831.0,100559139.25
2012-12-11,113.4,114.45,111.0,112.35,395964.0,44733317.65
2012-12-12,112.8,113.0,110.2,110.6,147046.0,16396340.05
2012-12-13,111.2,112.0,108.7,109.1,219222.0,24210375.1
2012-12-14,109.8,109.85,107.75,109.2,183527.0,19980508.95
2012-12-17,112.05,117.75,111.5,116.7,3170100.0,369130517.2
2012-12-18,117.9,119.4,115.7,116.15,911264.0,107411897.5
2012-12-19,116.85,117.75,114.0,116.15,612758.0,71282025.1
2012-12-20,116.65,116.75,114.65,114.95,229498.0,26485843.25
2012-12-21,114.1,115.65,113.1,113.9,363535.0,41538307.4
2012-12-24,113.9,114.9,112.0,113.6,150528.0,17152082.0
2012-12-26,115.95,118.3,114.1,115.95,917698.0,107277954.25
2012-12-27,116.8,117.15,115.0,115.6,202755.0,23465727.85
2012-12-28,116.0,117.25,115.35,116.2,336897.0,39226999.9
2012-12-31,116.6,116.8,114.5,114.95,137178.0,15808096.9
2013-01-01,115.1,116.55,114.5,114.85,155478.0,17957703.15
2013-01-02,115.65,116.05,114.2,114.8,180281.0,20762640.0
2013-01-03,115.3,115.9,113.35,115.05,216002.0,24785967.95
2013-01-04,115.05,115.9,113.9,114.55,160746.0,18471984.95
2013-01-07,115.5,115.5,114.2,114.45,194879.0,22414094.05
2013-01-08,114.05,117.0,114.05,115.15,310927.0,35982451.9
2013-01-09,115.2,115.9,113.0,113.15,180527.0,20615389.5
2013-01-10,113.75,114.2,112.0,112.25,120192.0,13580237.3
2013-01-11,112.55,113.15,109.5,110.15,185716.0,20614872.55
2013-01-14,110.95,111.7,110.15,111.25,101061.0,11224668.3
2013-01-15,111.65,112.3,110.8,111.85,140613.0,15708578.95
2013-01-16,113.85,113.85,109.8,110.35,148458.0,16488366.45
2013-01-17,110.9,111.1,109.7,110.15,95897.0,10581124.1
2013-01-18,110.75,111.3,109.3,109.7,112021.0,12356255.3
2013-01-21,110.2,111.3,109.05,110.9,138223.0,15273349.9
2013-01-22,110.95,113.0,110.3,110.8,239426.0,26677700.9
2013-01-23,112.2,112.35,108.0,111.1,181411.0,20061188.45
2013-01-24,111.95,112.0,107.1,108.45,176442.0,19236149.8
2013-01-25,108.2,110.0,108.2,109.55,118773.0,12985362.35
2013-01-28,109.8,110.45,108.6,109.6,142053.0,15563204.6
2013-01-29,109.55,111.0,108.25,109.95,112972.0,12433575.85
2013-01-30,109.8,110.95,108.8,109.4,97925.0,10755439.65
2013-01-31,108.8,110.95,108.3,109.95,85364.0,9328244.1
2013-02-01,110.5,111.0,108.1,108.55,90151.0,9851188.0
2013-02-04,108.55,110.4,107.5,108.2,78068.0,8511688.8
2013-02-05,108.35,108.35,106.5,106.9,88412.0,9471316.75
2013-02-06,107.85,108.5,105.25,106.1,94265.0,10081045.55
2013-02-07,106.5,106.65,103.65,104.65,229211.0,23952134.6
2013-02-08,104.05,105.0,103.1,103.5,566414.0,58669931.55
2013-02-11,104.75,104.8,100.2,101.15,423332.0,43286124.65
2013-02-12,101.05,102.5,99.6,101.6,140137.0,14203743.3
2013-02-13,104.0,116.9,102.05,102.75,1642246.0,174536689.2
2013-02-14,103.0,103.45,99.55,99.95,364907.0,36782612.5
2013-02-15,100.0,102.45,99.05,101.6,367436.0,37158331.55
2013-02-18,102.25,102.85,101.0,101.3,154029.0,15626552.7
2013-02-19,101.7,102.25,100.6,101.35,306890.0,31121286.7
2013-02-20,102.0,102.8,101.3,101.8,710016.0,72316262.5
2013-02-21,101.4,102.2,100.35,101.1,433003.0,43780204.55
2013-02-22,101.4,102.5,100.0,100.65,126847.0,12834874.3
2013-02-25,101.4,104.0,100.5,101.05,260421.0,26580474.2
2013-02-26,101.5,102.0,98.7,99.4,144945.0,14538809.45
2013-02-27,100.35,101.2,98.5,100.15,154031.0,15373160.1
2013-02-28,101.05,102.7,96.3,97.05,423434.0,42150009.55
2013-03-01,97.1,101.1,95.7,99.8,453894.0,44571983.75
2013-03-04,99.8,102.0,98.1,100.2,309135.0,31031724.85
2013-03-05,100.85,101.0,99.25,100.5,83759.0,8391530.3
2013-03-06,101.05,101.5,100.05,100.4,85419.0,8615098.05
2013-03-07,100.25,100.8,99.25,99.9,68561.0,6853867.3
2013-03-08,100.55,101.6,99.75,99.85,107027.0,10741019.45
2013-03-11,100.05,101.1,99.9,100.4,97439.0,9782592.0
2013-03-12,100.6,100.9,99.5,99.75,104640.0,10485422.55
2013-03-13,99.75,101.75,99.3,101.45,796346.0,80340703.75
2013-03-14,101.85,102.95,99.65,101.45,257991.0,26253653.45
2013-03-15,101.75,102.5,99.6,99.85,122339.0,12365114.15
2013-03-18,99.35,101.0,98.6,99.2,92769.0,9220166.3
2013-03-19,99.75,99.9,96.1,96.4,124890.0,12216997.25
2013-03-20,96.4,98.0,95.5,97.1,116597.0,11258311.35
2013-03-21,97.25,97.85,95.0,95.2,67872.0,6520804.35
2013-03-22,96.75,96.8,93.0,94.9,84291.0,7926546.35
2013-03-25,95.25,98.9,95.0,97.2,226308.0,21980253.7
2013-03-26,97.05,97.4,95.6,96.7,43707.0,4212160.4
2013-03-28,96.85,102.5,95.2,100.25,271399.0,26993987.9
2013-04-01,98.9,99.9,98.0,98.7,60691.0,6007766.45
2013-04-02,98.0,105.4,98.0,103.0,367278.0,37901587.6
2013-04-03,102.0,103.8,99.5,100.55,185039.0,18899987.7
2013-04-04,99.0,99.9,98.05,98.5,50597.0,4997377.2
2013-04-05,98.5,100.25,98.5,98.8,40866.0,4062345.85
2013-04-08,97.1,100.6,97.1,98.15,55700.0,5507238.5
2013-04-09,100.5,100.5,97.1,97.8,54889.0,5400094.0
2013-04-10,97.25,99.35,96.55,97.25,84618.0,8233007.8
2013-04-11,97.7,98.3,97.0,97.2,37082.0,3609882.7
2013-04-12,97.3,97.3,96.1,96.55,52548.0,5081886.05
2013-04-15,96.55,98.8,96.15,97.05,81913.0,7958941.7
2013-04-16,96.1,100.7,96.1,99.05,118147.0,11671616.35
2013-04-17,99.55,101.8,98.5,99.75,146452.0,14725467.75
2013-04-18,99.85,102.5,99.65,101.0,107416.0,10854353.2
2013-04-22,104.4,104.4,99.8,100.35,56101.0,5654059.25
2013-04-23,99.35,101.0,99.35,100.05,68202.0,6824601.55
2013-04-25,100.0,102.4,99.65,100.1,189621.0,19096661.25
2013-04-26,100.15,101.4,99.55,99.6,50450.0,5058322.4
2013-04-29,99.9,100.5,99.1,99.85,60209.0,5998470.25
2013-04-30,99.5,101.8,98.55,101.15,107655.0,10776097.25
2013-05-02,100.55,103.35,100.0,102.85,139265.0,14161371.65
2013-05-03,102.95,103.9,101.25,103.3,151219.0,15549537.15
2013-05-06,101.5,105.3,101.5,102.25,140582.0,14511490.15
2013-05-07,102.25,103.3,99.75,100.15,212964.0,21533062.95
2013-05-08,99.6,100.75,99.0,99.4,128043.0,12753796.65
2013-05-09,99.9,106.0,99.15,104.3,473767.0,48805155.05
2013-05-10,104.1,106.8,103.6,105.55,309112.0,32575856.45
2013-05-11,106.25,106.25,105.0,105.05,59932.0,6303148.3
2013-05-13,105.0,106.5,103.2,105.05,338849.0,35585736.35
2013-05-14,105.95,105.95,102.0,102.4,86560.0,8896341.9
2013-05-15,99.9,103.4,98.2,102.1,283384.0,28711882.8
2013-05-16,102.5,104.0,101.15,101.75,108395.0,11118049.0
2013-05-17,102.5,102.55,101.15,101.4,52241.0,5315281.2
2013-05-20,101.5,104.0,101.5,101.65,139184.0,14284929.5
2013-05-21,101.1,103.3,94.45,96.0,4042858.0,389798912.95
2013-05-22,96.0,97.15,95.85,96.05,560057.0,54027961.35
2013-05-23,96.0,96.0,93.95,94.85,1647796.0,155889899.95
2013-05-24,96.9,96.9,89.55,91.2,2658706.0,242495723.1
2013-05-27,94.4,96.0,91.2,92.3,566322.0,52292393.25
2013-05-28,92.8,93.9,90.2,91.45,1422091.0,131403127.95
2013-05-29,90.15,91.95,90.15,90.5,219712.0,19942196.45
2013-05-30,90.5,92.7,90.0,91.05,184432.0,16824398.45
2013-05-31,91.0,91.05,87.1,88.55,1002249.0,88722839.1
2013-06-03,88.0,90.9,88.0,90.0,159893.0,14388791.2
2013-06-04,89.0,90.5,88.3,88.55,85573.0,7637241.55
2013-06-05,88.0,90.5,88.0,90.1,179208.0,16051954.15
2013-06-06,91.0,92.75,89.0,90.05,449203.0,40854982.25
2013-06-07,91.5,92.5,89.65,90.35,346969.0,31573713.5
2013-06-10,92.1,93.7,90.1,90.7,373303.0,34198212.0
2013-06-11,90.0,90.5,89.55,90.0,197223.0,17757017.15
2013-06-12,90.6,91.4,89.6,90.05,254511.0,22943111.25
2013-06-13,89.5,90.5,89.5,90.05,107396.0,9672495.7
2013-06-14,90.05,92.4,89.75,91.85,444126.0,40124849.85
2013-06-17,91.0,92.2,90.55,91.9,56029.0,5126152.0
2013-06-18,91.0,93.9,90.6,92.55,181703.0,16866926.65
2013-06-19,92.0,92.5,91.6,92.0,386793.0,35587128.65
2013-06-20,90.2,91.1,89.0,89.1,100337.0,9020523.9
2013-06-21,88.15,90.8,88.1,88.25,52155.0,4648804.3
2013-06-24,88.05,88.25,86.3,86.8,92883.0,8091547.3
2013-06-25,86.2,88.0,85.0,86.45,135781.0,11679685.75
2013-06-26,86.0,87.15,85.05,85.4,102368.0,8771303.55
2013-06-27,85.55,86.8,83.55,84.95,125821.0,10680345.15
2013-06-28,85.05,87.0,85.05,86.1,83534.0,7174001.45
2013-07-01,85.35,88.8,85.35,87.35,264824.0,23066372.65
2013-07-02,87.0,88.6,86.5,87.45,400694.0,35076677.75
2013-07-03,87.2,89.2,86.05,86.4,484324.0,42286649.9
2013-07-04,86.25,87.0,85.0,85.85,84392.0,7249718.5
2013-07-05,86.75,86.75,84.75,85.25,130097.0,11131343.75
2013-07-08,85.95,89.55,84.1,88.9,984390.0,85732695.15
2013-07-09,89.25,93.4,89.25,92.3,188426.0,17219406.25
2013-07-10,92.15,96.25,91.7,95.75,778046.0,73288307.6
2013-07-11,96.0,100.8,95.85,99.75,458860.0,45321238.0
2013-07-12,99.0,101.0,97.5,100.0,163676.0,16196781.1
2013-07-15,98.2,102.25,98.0,101.45,217616.0,22021781.3
2013-07-16,100.0,101.5,98.5,100.6,119169.0,11921766.35
2013-07-17,99.85,102.5,99.75,100.7,928453.0,93387794.1
2013-07-18,100.0,102.4,100.0,100.8,154476.0,15557160.6
2013-07-19,101.0,103.45,99.5,100.4,228765.0,23168215.65
2013-07-22,100.95,101.0,99.0,99.9,128196.0,12809581.65
2013-07-23,100.0,101.2,98.65,99.4,135353.0,13523698.8
2013-07-24,99.65,99.65,97.55,98.45,514539.0,50775287.7
2013-07-25,98.5,99.25,97.25,98.95,76175.0,7476886.95
2013-07-26,98.3,99.0,94.05,97.25,158013.0,15299898.75
2013-07-29,96.3,99.0,96.05,97.35,90446.0,8801386.0
2013-07-30,98.0,99.45,97.05,97.5,201283.0,19848152.1
2013-07-31,97.0,98.35,92.75,97.7,229575.0,21814656.5
2013-08-01,97.7,100.0,96.1,96.9,313747.0,30484727.8
2013-08-02,97.5,97.85,94.65,96.15,117290.0,11213775.85
2013-08-05,97.0,97.0,94.7,96.1,96818.0,9285569.9
2013-08-06,94.2,95.9,94.2,95.15,83018.0,7883403.1
2013-08-07,95.0,96.15,94.0,95.15,58967.0,5616549.2
2013-08-08,94.35,96.8,94.35,96.2,106701.0,10239659.85
2013-08-12,95.0,98.75,93.3,97.95,218632.0,21339173.4
2013-08-13,98.8,98.8,97.55,97.95,119990.0,11764991.6
2013-08-14,98.0,98.5,96.55,98.1,58898.0,5761452.4
2013-08-16,98.1,99.0,95.0,96.9,2644210.0,251500796.7
2013-08-19,96.0,98.5,94.25,94.95,610065.0,58181277.45
2013-08-20,94.5,97.0,92.95,96.15,324566.0,30783481.9
2013-08-21,98.5,100.0,96.2,98.15,1015720.0,99617162.15
2013-08-22,97.75,99.4,96.05,99.05,538793.0,53143119.0
2013-08-23,98.6,99.4,98.0,99.15,108119.0,10700453.35
2013-08-26,99.4,100.75,97.25,98.95,182778.0,18144491.15
2013-08-27,98.35,98.75,95.4,96.2,49328.0,4772803.25
2013-08-28,95.0,99.05,93.15,98.15,300646.0,28681134.7
2013-08-29,98.0,98.8,96.3,96.65,91856.0,8923020.15
2013-08-30,97.3,97.3,95.05,95.15,34345.0,3290539.05
2013-09-02,96.05,97.8,95.65,96.25,76452.0,7414893.9
2013-09-03,95.85,96.5,93.3,94.6,39661.0,3768123.5
2013-09-04,94.0,96.6,93.6,95.55,472146.0,45081617.85
2013-09-05,95.15,97.45,94.35,95.9,126985.0,12166396.65
2013-09-06,98.4,99.0,95.5,96.2,170831.0,16580883.15
2013-09-10,94.1,100.2,94.1,96.95,214543.0,21001577.05
2013-09-11,96.0,99.0,96.0,98.0,587868.0,57523349.75
2013-09-12,98.2,98.75,96.3,97.0,50058.0,4879057.05
2013-09-13,98.1,98.1,96.4,97.5,100346.0,9775621.2
2013-09-16,97.5,98.15,96.75,97.5,159182.0,15490382.1
2013-09-17,97.5,99.0,96.95,97.8,119568.0,11694193.55
2013-09-18,96.6,100.35,96.6,99.3,219031.0,21575352.6
2013-09-19,100.0,100.0,97.55,98.0,126471.0,12394603.6
2013-09-20,98.1,100.1,96.55,98.1,426316.0,41887355.25
2013-09-23,97.4,99.1,97.4,97.7,299681.0,29351064.3
2013-09-24,97.05,98.95,97.05,97.75,72295.0,7083976.45
2013-09-25,97.75,98.0,96.5,97.5,92325.0,8989325.4
2013-09-26,97.8,98.0,96.8,97.25,84772.0,8239548.8
2013-09-27,97.8,97.95,96.5,97.0,87025.0,8446282.1
2013-09-30,97.0,98.35,96.15,97.65,126017.0,12255629.45
2013-10-01,98.5,99.5,96.65,98.65,67987.0,6679233.55
2013-10-03,98.15,99.75,97.3,98.2,64551.0,6361662.8
2013-10-04,97.65,98.25,96.8,98.0,86441.0,8453557.1
2013-10-07,96.8,98.9,96.8,97.95,75874.0,7405396.65
2013-10-08,97.65,99.2,97.2,97.85,78230.0,7679503.95
2013-10-09,97.3,99.25,97.25,98.2,45147.0,4441136.0
2013-10-10,98.2,104.65,98.2,102.8,389249.0,39574390.7
2013-10-11,104.65,104.85,101.05,102.5,111721.0,11439194.7
2013-10-14,101.95,107.35,101.1,104.55,233713.0,24438726.4
2013-10-15,108.9,111.4,104.25,105.25,829136.0,90159607.05
2013-10-17,105.0,105.05,102.2,102.4,138610.0,14301638.85
2013-10-18,102.5,105.0,101.55,101.65,127477.0,13096964.85
2013-10-21,102.7,103.5,100.4,101.3,119937.0,12193656.4
2013-10-22,102.7,102.7,100.55,101.1,120046.0,12183117.75
2013-10-23,102.1,102.8,100.4,100.75,109440.0,11092516.55
2013-10-24,100.95,102.5,99.55,100.3,243593.0,24517745.0
2013-10-25,99.7,100.75,99.1,99.5,90750.0,9046223.8
2013-10-28,99.25,100.0,97.7,98.0,50079.0,4935209.3
2013-10-29,97.6,98.7,97.15,97.7,66791.0,6534252.85
2013-10-30,98.2,100.0,97.3,97.55,133673.0,13131442.15
2013-10-31,97.25,98.5,97.25,98.2,81954.0,8024033.45
2013-11-01,98.2,99.9,98.2,98.95,88596.0,8780919.05
2013-11-03,99.8,99.8,98.2,99.15,48225.0,4773128.9
2013-11-05,98.65,105.6,98.6,103.25,386357.0,39966097.4
2013-11-06,101.55,104.95,101.55,102.65,270437.0,27977628.15
2013-11-07,102.5,103.8,100.15,100.6,117718.0,12028466.2
2013-11-08,101.0,103.1,100.6,101.85,111724.0,11383818.15
2013-11-11,100.0,102.85,99.55,100.1,89036.0,8987505.95
2013-11-12,100.0,101.35,97.5,98.0,120889.0,11980852.05
2013-11-13,100.6,102.25,99.2,100.1,267251.0,26844201.3
2013-11-14,101.1,101.7,99.95,100.85,102653.0,10329185.95
2013-11-18,101.2,102.4,100.4,101.9,133879.0,13587779.65
2013-11-19,101.0,103.5,100.55,102.5,180207.0,18339419.45
2013-11-20,101.5,105.95,101.5,105.4,587822.0,61742641.25
2013-11-21,105.0,107.95,103.6,106.4,722333.0,76701600.05
2013-11-22,107.0,108.5,104.7,106.45,586813.0,62663734.15
2013-11-25,107.0,107.7,103.55,105.25,176631.0,18591954.15
2013-11-26,102.55,109.0,102.3,107.2,442061.0,46704138.3
2013-11-27,106.0,114.45,106.0,111.4,1169189.0,130460209.35
2013-11-28,111.1,111.5,108.0,110.0,376931.0,41307316.5
2013-11-29,110.35,110.9,108.5,108.95,397415.0,43413396.15
2013-12-02,109.9,110.4,106.6,106.8,129964.0,14053153.5
2013-12-03,106.8,108.4,105.55,105.8,118587.0,12649405.8
2013-12-04,105.8,107.9,105.2,105.55,94529.0,10040676.1
2013-12-05,106.0,107.5,104.1,104.4,83164.0,8761187.6
2013-12-06,105.9,106.0,104.0,105.15,226240.0,23764909.4
2013-12-09,108.1,108.15,104.15,104.55,91151.0,9589856.55
2013-12-10,105.0,106.5,102.6,103.75,398687.0,41571836.6
2013-12-11,103.05,104.15,102.25,102.65,85594.0,8811982.2
2013-12-12,102.5,104.1,102.05,103.15,123885.0,12773016.75
2013-12-13,103.4,103.9,102.1,102.65,104558.0,10765216.8
2013-12-16,102.0,103.5,102.0,102.65,141770.0,14596934.25
2013-12-17,102.8,105.9,102.1,102.8,133249.0,13851409.55
2013-12-18,103.65,103.65,101.9,102.8,90505.0,9276857.8
2013-12-19,103.05,103.7,101.5,101.8,83157.0,8496901.4
2013-12-20,101.7,103.35,101.7,102.0,90884.0,9291136.95
2013-12-23,102.2,103.5,102.2,102.55,85242.0,8776763.05
2013-12-24,103.35,104.45,101.9,103.15,143579.0,14786307.3
2013-12-26,103.65,107.5,103.65,104.8,456950.0,48197479.15
2013-12-27,106.25,106.25,104.1,104.6,124144.0,13027373.15
2013-12-30,103.25,105.55,102.3,102.55,147351.0,15251972.55
2013-12-31,103.0,103.95,102.2,102.55,111241.0,11460049.9
2014-01-01,103.8,104.4,101.6,101.9,212194.0,21781987.55
2014-01-02,102.1,102.9,101.05,101.7,201417.0,20543709.3
2014-01-03,101.65,102.6,101.0,102.1,105034.0,10696720.15
2014-01-06,102.0,102.8,100.0,101.95,190650.0,19413697.1
2014-01-07,102.0,103.85,101.1,101.95,291670.0,29777090.55
2014-01-08,101.85,103.85,101.65,101.85,373001.0,38153027.4
2014-01-09,101.7,102.65,100.6,100.95,67747.0,6873024.5
2014-01-10,100.35,101.8,99.75,99.95,132790.0,13339061.5
2014-01-13,99.0,100.8,99.0,99.4,66905.0,6682119.35
2014-01-14,99.4,100.0,98.55,98.65,68981.0,6829497.85
2014-01-15,99.55,99.7,98.75,99.4,120986.0,12021917.7
2014-01-16,99.05,102.05,99.05,100.45,182555.0,18313514.15
2014-01-17,101.25,101.25,98.35,98.6,70558.0,7019778.8
2014-01-20,98.1,100.5,98.1,98.95,105157.0,10430631.5
2014-01-21,99.65,100.4,98.5,98.85,59850.0,5943692.3
2014-01-22,99.15,103.35,99.15,102.55,238094.0,24284381.55
2014-01-23,102.1,102.95,100.6,101.0,83944.0,8512454.95
2014-01-24,101.15,102.85,100.15,100.4,101744.0,10306953.75
2014-01-27,100.3,100.3,97.5,97.9,76886.0,7590249.65
2014-01-28,99.0,99.25,97.2,98.15,74995.0,7367043.75
2014-01-29,98.8,99.4,96.8,97.2,96505.0,9449896.75
2014-01-30,97.0,97.7,96.05,96.55,56010.0,5415089.65
2014-01-31,98.4,101.8,96.1,101.0,141332.0,14060726.95
2014-02-03,100.0,100.9,97.75,98.15,50369.0,4986385.55
2014-02-04,97.0,101.3,96.75,100.05,153975.0,15400200.8
2014-02-05,99.85,100.85,98.5,99.0,252971.0,25126141.8
2014-02-06,98.5,99.75,97.55,98.5,41289.0,4080197.55
2014-02-07,98.55,99.6,98.55,98.95,48929.0,4841508.25
2014-02-10,102.15,105.45,100.7,101.15,437247.0,45104237.35
2014-02-11,100.25,102.6,98.6,99.0,214004.0,21502339.95
2014-02-12,99.2,99.9,97.5,97.65,121829.0,12009037.55
2014-02-13,98.0,99.8,97.45,98.1,156532.0,15431568.85
2014-02-14,97.2,98.8,97.0,97.25,59118.0,5767332.95
2014-02-17,97.05,97.8,94.1,95.2,118344.0,11336254.2
2014-02-18,94.5,96.4,94.5,95.4,133744.0,12758472.7
2014-02-19,95.6,96.0,95.1,95.3,62680.0,5986806.4
2014-02-20,95.1,95.5,94.1,94.15,181041.0,17127355.1
2014-02-21,94.8,95.1,94.15,94.4,97531.0,9225412.35
2014-02-24,95.0,95.4,94.05,94.5,85821.0,8124239.25
2014-02-25,95.0,95.0,94.05,94.25,75739.0,7158810.8
2014-02-26,94.05,95.3,94.05,94.25,158230.0,14996333.0
2014-02-28,94.0,94.85,93.8,94.5,89928.0,8485554.8
2014-03-03,94.05,94.7,93.1,93.45,84381.0,7910704.1
2014-03-04,94.0,94.5,93.3,94.15,150898.0,14185522.2
2014-03-05,94.45,95.4,94.2,94.9,204759.0,19417262.6
2014-03-06,95.35,96.2,94.65,94.95,453226.0,43219721.3
2014-03-07,95.05,96.0,94.2,94.55,196270.0,18630171.35
2014-03-10,94.6,95.4,93.9,94.0,159366.0,15052540.8
2014-03-11,94.1,96.55,94.1,95.0,493558.0,47023516.6
2014-03-12,95.85,96.35,94.2,95.65,155556.0,14830794.55
2014-03-13,94.55,96.4,94.55,95.35,171498.0,16364722.4
2014-03-14,94.75,95.5,94.55,95.0,79111.0,7509355.05
2014-03-18,94.05,96.0,94.05,94.8,311999.0,29654442.2
2014-03-19,94.95,97.95,94.7,95.65,420863.0,40189616.2
2014-03-20,95.7,99.1,95.65,97.4,353323.0,34400222.45
2014-03-21,97.8,99.85,97.5,98.65,180484.0,17809194.15
2014-03-22,97.8,99.3,97.8,98.95,26177.0,2590851.15
2014-03-24,98.1,100.2,97.55,98.05,181171.0,17833972.95
2014-03-25,97.6,99.2,97.5,97.95,153654.0,15056927.35
2014-03-26,98.45,99.2,97.25,97.5,140568.0,13778131.7
2014-03-27,97.4,98.75,97.2,97.45,92427.0,9032484.15
2014-03-28,98.0,98.2,97.2,97.85,173399.0,16965825.45
2014-03-31,98.0,98.45,97.0,97.7,292532.0,28650334.55
2014-04-01,98.5,98.7,97.15,97.35,97255.0,9497098.65
2014-04-02,97.6,98.35,97.5,97.75,166653.0,16316438.25
2014-04-03,97.95,98.25,97.3,97.55,116589.0,11390314.0
2014-04-04,97.6,101.8,96.7,97.9,1155252.0,114283726.2
2014-04-07,98.85,101.25,97.4,97.85,578735.0,57304416.05
2014-04-09,98.1,99.5,98.1,98.8,228067.0,22525930.4
2014-04-10,99.0,99.25,98.0,98.2,251592.0,24773721.95
2014-04-11,98.4,98.4,97.2,97.4,243084.0,23775522.55
2014-04-15,97.1,97.9,96.85,97.05,174525.0,17008023.85
2014-04-16,96.6,101.3,96.6,99.9,837099.0,83403421.35
2014-04-17,100.75,105.45,100.45,103.05,1227703.0,127008059.5
2014-04-21,103.5,105.85,103.25,104.5,428022.0,44849213.05
2014-04-22,104.95,105.0,101.1,101.45,556531.0,56799524.3
2014-04-23,101.1,102.45,100.8,101.1,270201.0,27349195.7
2014-04-25,100.25,102.9,100.25,101.6,241363.0,24597127.65
2014-04-28,101.5,102.6,101.5,101.7,140398.0,14299828.6
2014-04-29,102.0,102.4,100.3,100.55,188294.0,19024535.25
2014-04-30,100.6,101.5,97.55,99.65,309880.0,30862309.35
2014-05-02,98.3,100.0,98.3,98.75,96647.0,9569469.2
2014-05-05,99.05,101.35,98.3,98.5,181354.0,18028348.35
2014-05-06,98.25,99.2,98.25,98.6,96462.0,9517750.2
2014-05-07,98.55,99.6,97.25,98.95,180834.0,17815130.8
2014-05-08,99.25,99.9,98.75,99.0,92321.0,9164178.95
2014-05-09,98.7,99.7,97.9,98.25,169756.0,16733741.1
2014-05-12,99.7,99.7,98.0,98.25,128959.0,12709168.4
2014-05-13,99.7,101.2,98.0,98.55,294504.0,29252638.9
2014-05-14,98.85,100.8,98.65,99.75,226199.0,22573362.1
2014-05-15,100.2,101.25,98.55,98.85,177751.0,17728555.75
2014-05-16,99.95,105.95,98.1,103.05,527004.0,53449194.85
2014-05-19,103.05,105.3,100.85,104.1,576124.0,59532822.65
2014-05-20,104.5,108.9,103.7,107.1,887646.0,95028320.55
2014-05-21,108.2,111.2,106.95,109.85,753530.0,82396611.4
2014-05-22,111.5,114.4,110.05,111.9,635406.0,71340404.55
2014-05-23,112.6,119.0,112.0,116.25,1080607.0,125186824.45
2014-05-26,119.45,119.45,107.6,109.7,658133.0,75179817.5
2014-05-27,110.8,112.8,107.65,110.4,310265.0,33883027.4
2014-05-28,112.0,114.4,110.6,111.05,220386.0,24712233.4
2014-05-29,111.25,112.9,108.5,108.95,182428.0,20121230.05
2014-05-30,107.8,107.8,104.25,105.55,392274.0,41378513.35
2014-06-02,105.0,109.15,104.45,107.55,269785.0,28964951.4
2014-06-03,108.1,111.4,107.6,109.25,256663.0,28068324.35
2014-06-04,108.5,110.95,108.05,108.4,191386.0,20962041.55
2014-06-05,108.5,113.1,108.5,111.45,441778.0,49159560.1
2014-06-06,111.1,116.4,111.1,114.85,624740.0,71611385.9
2014-06-09,116.0,117.4,114.2,115.55,647136.0,75037903.1
2014-06-10,116.25,125.65,114.35,123.05,2728912.0,333306803.45
2014-06-11,124.75,127.45,120.2,121.45,1182295.0,147207760.35
2014-06-12,123.0,127.7,122.2,123.9,1348360.0,169460826.45
2014-06-13,124.5,125.7,115.0,119.0,779998.0,93776350.7
2014-06-16,117.2,120.9,116.6,119.9,453696.0,54137842.8
2014-06-17,118.25,122.4,118.25,120.9,339117.0,40966373.5
2014-06-18,121.9,123.9,118.25,119.0,406299.0,49248439.55
2014-06-19,120.2,120.95,117.0,117.85,187726.0,22261821.0
2014-06-20,118.2,120.7,116.25,117.3,283538.0,33481183.1
2014-06-23,116.15,122.9,116.15,118.95,613184.0,73636912.9
2014-06-24,119.8,122.0,118.55,119.8,482451.0,58049538.1
2014-06-25,120.0,124.5,119.35,122.1,911869.0,111471313.15
2014-06-26,122.9,124.9,120.6,122.45,721630.0,88890172.35
2014-06-27,122.45,123.6,119.75,120.1,327235.0,39723510.15
2014-06-30,122.0,122.45,120.55,121.95,452178.0,54957277.7
2014-07-01,123.0,123.8,120.55,121.5,449513.0,54932902.6
2014-07-02,122.1,125.5,122.1,124.8,1200275.0,149037501.45
2014-07-03,125.2,129.3,122.85,123.25,2048098.0,258916882.85
2014-07-04,122.55,124.75,121.25,123.2,725749.0,89488292.6
2014-07-07,122.8,123.9,121.25,121.65,335926.0,41121983.35
2014-07-08,121.3,125.5,118.5,119.4,1119371.0,138055178.1
2014-07-09,119.8,119.85,114.75,115.35,440207.0,51475356.15
2014-07-10,114.65,118.45,113.6,115.35,400324.0,46442624.15
2014-07-11,115.7,117.6,110.0,110.5,539055.0,60772703.9
2014-07-14,109.8,112.45,108.8,109.7,370332.0,40791979.4
2014-07-15,111.0,115.3,110.5,114.35,349485.0,39529130.1
2014-07-16,114.5,120.8,114.0,120.05,651908.0,77527434.3
2014-07-17,119.1,121.75,118.2,120.35,330088.0,39535935.4
2014-07-18,120.05,120.05,118.4,119.05,183829.0,21892505.85
2014-07-21,118.55,122.4,118.55,119.7,274597.0,33113556.8
2014-07-22,119.9,125.35,119.5,124.6,618011.0,76069541.2
2014-07-23,125.0,126.4,120.65,123.0,593526.0,73436714.15
2014-07-24,123.2,125.15,122.0,123.9,474136.0,58887688.35
2014-07-25,123.05,124.0,118.35,119.0,209016.0,25102866.45
2014-07-28,118.2,119.7,116.2,119.0,186646.0,22086535.5
2014-07-30,118.05,119.75,116.7,119.05,166973.0,19742784.25
2014-07-31,118.05,121.2,117.55,117.9,165174.0,19703252.7
2014-08-01,117.1,119.4,115.7,116.15,172934.0,20292615.2
2014-08-04,115.55,118.0,115.2,116.35,159509.0,18582411.15
2014-08-05,116.55,119.8,115.5,118.4,335834.0,39755444.55
2014-08-06,117.55,118.5,114.1,114.7,295844.0,34341161.35
2014-08-07,114.95,116.9,113.4,115.05,655169.0,75281536.2
2014-08-08,113.05,116.15,112.05,114.25,462947.0,52735492.25
2014-08-11,114.6,115.8,113.6,114.95,306311.0,35089807.55
2014-08-12,115.2,116.9,114.6,115.5,291496.0,33710163.35
2014-08-13,115.15,115.55,112.65,115.05,431390.0,49501108.65
2014-08-14,114.1,115.45,113.55,113.95,132738.0,15145013.6
2014-08-18,113.65,116.75,113.65,115.75,175572.0,20272807.25
2014-08-19,115.7,118.7,114.9,117.95,530322.0,62045330.5
2014-08-20,118.25,121.7,118.25,120.55,655056.0,78930997.65
2014-08-21,119.8,123.75,119.8,121.9,489879.0,59833062.25
2014-08-22,121.3,122.8,118.15,118.35,189791.0,22741429.35
2014-08-25,118.1,120.1,116.1,116.6,139094.0,16456775.45
2014-08-26,116.35,118.0,115.15,116.25,135716.0,15821630.7
2014-08-27,120.0,123.4,118.75,121.45,721206.0,87303907.45
2014-08-28,121.55,123.4,119.5,120.05,295402.0,35782136.95
2014-09-01,119.05,121.55,118.95,119.75,153880.0,18464001.7
2014-09-02,119.25,122.3,119.0,119.45,251698.0,30327327.25
2014-09-03,119.25,120.3,117.3,117.75,299553.0,35563325.1
2014-09-04,117.3,118.9,116.25,117.15,178375.0,20888869.85
2014-09-05,117.2,120.75,117.2,118.35,440568.0,52360389.7
2014-09-08,119.0,119.8,118.3,118.7,230342.0,27419668.45
2014-09-09,118.55,119.15,117.6,118.1,176195.0,20835693.6
2014-09-10,118.0,126.45,117.5,125.25,1990857.0,247135207.25
2014-09-11,125.95,128.6,124.15,124.95,1201211.0,151359488.0
2014-09-12,125.85,126.0,121.55,121.9,413995.0,51106904.85
2014-09-15,128.45,136.0,127.05,129.85,5172570.0,683380165.05
2014-09-16,130.85,131.2,121.15,122.3,1062409.0,134476378.1
2014-09-17,124.0,124.6,120.45,123.15,550762.0,67613466.3
2014-09-18,123.0,126.4,122.25,123.95,457649.0,56965647.45
2014-09-19,125.05,126.9,121.95,123.3,531300.0,66134863.3
2014-09-22,123.4,125.8,122.05,123.3,327978.0,40638814.9
2014-09-23,124.2,124.2,118.05,118.7,354022.0,42830120.15
2014-09-24,118.35,119.8,116.1,117.05,349408.0,41104933.5
2014-09-25,117.1,119.0,114.55,115.65,381421.0,44534888.45
2014-09-26,116.0,117.5,115.0,116.75,272970.0,31734244.85
2014-09-29,117.2,118.9,116.55,117.3,157716.0,18554134.65
2014-09-30,116.6,119.8,116.6,116.9,228614.0,26989854.6
2014-10-01,116.6,118.3,116.1,116.55,276159.0,32259687.6
2014-10-07,116.1,117.35,115.5,116.1,203653.0,23694427.0
2014-10-08,115.4,116.5,115.0,115.45,163024.0,18852934.35
2014-10-09,115.15,119.2,115.15,117.7,232161.0,27367805.1
2014-10-10,116.85,119.4,115.75,116.6,383004.0,45036676.25
2014-10-13,116.95,118.4,116.95,117.35,141608.0,16641018.7
2014-10-14,117.5,118.2,116.1,116.35,151940.0,17745499.45
2014-10-16,116.7,117.2,114.55,115.25,240680.0,27850872.85
2014-10-17,115.2,116.95,114.5,115.95,260808.0,30137442.9
2014-10-20,116.15,117.7,115.1,116.05,204462.0,23765157.7
2014-10-21,115.4,117.5,115.4,116.95,118314.0,13820590.5
2014-10-22,117.05,117.8,116.05,116.3,155738.0,18182355.9
2014-10-23,117.0,117.65,116.5,117.15,53505.0,6265923.45
2014-10-27,116.8,121.7,116.5,119.7,454313.0,54503448.1
2014-10-28,119.8,121.95,119.1,120.45,229436.0,27614986.45
2014-10-29,120.0,121.8,120.0,120.85,207728.0,25138064.85
2014-10-30,120.2,121.45,120.2,120.65,151453.0,18307346.75
2014-10-31,120.25,122.1,120.25,121.5,374032.0,45353924.6
2014-11-03,122.0,122.0,120.1,120.7,199684.0,24137180.95
2014-11-05,121.9,123.15,120.5,120.75,316840.0,38496269.95
2014-11-07,121.5,121.9,119.05,119.65,180283.0,21648473.7
2014-11-10,120.0,120.95,119.1,119.45,136247.0,16355577.25
2014-11-11,120.15,120.8,118.35,120.3,154795.0,18511319.55
2014-11-12,120.0,125.0,119.5,121.85,845043.0,103507602.3
2014-11-13,122.1,122.55,115.1,116.35,894417.0,105227563.4
2014-11-14,116.0,116.4,114.1,114.55,295571.0,33912109.35
2014-11-17,114.1,115.95,114.05,114.4,178384.0,20490930.3
2014-11-18,113.55,115.95,113.5,113.9,257536.0,29537454.45
2014-11-19,114.5,115.7,113.5,113.95,253323.0,29039799.1
2014-11-20,113.35,114.45,111.05,112.05,189644.0,21379149.0
2014-11-21,111.9,113.35,108.6,109.2,333794.0,36870468.15
2014-11-24,108.55,109.95,105.15,106.1,349926.0,37456462.35
2014-11-25,105.55,107.9,105.25,106.05,324704.0,34486643.1
2014-11-26,106.0,107.9,105.3,106.5,147522.0,15735669.8
2014-11-27,106.5,108.75,106.25,107.35,158012.0,16999434.5
2014-11-28,107.05,108.4,105.7,106.7,201020.0,21578354.8
2014-12-01,105.7,106.9,105.7,106.0,145264.0,15411154.6
2014-12-02,105.25,107.65,104.55,106.95,268715.0,28470199.75
2014-12-03,106.25,109.1,106.25,107.0,228723.0,24679668.6
2014-12-04,107.2,107.85,106.1,106.6,145582.0,15581106.25
2014-12-05,106.3,106.95,104.4,104.95,167468.0,17720404.25
2014-12-08,105.45,106.3,104.55,104.85,169012.0,17800872.0
2014-12-09,104.85,105.85,103.6,104.1,225255.0,23545639.35
2014-12-10,103.9,104.4,103.55,104.05,203815.0,21201303.35
2014-12-11,104.45,104.45,102.15,102.55,217541.0,22407421.65
2014-12-12,102.7,103.3,101.0,102.5,263831.0,27041657.25
2014-12-15,102.05,105.4,102.05,103.3,320417.0,33240310.1
2014-12-16,103.05,103.85,100.25,103.0,589213.0,60558730.3
2014-12-17,102.55,103.1,101.7,102.6,385476.0,39451434.05
2014-12-18,102.7,104.0,102.55,102.95,128100.0,13239749.3
2014-12-19,103.35,104.5,102.55,102.8,132302.0,13666314.0
2014-12-22,102.9,103.4,101.55,102.05,109599.0,11227650.05
2014-12-23,102.1,103.45,101.75,102.3,185824.0,19021462.45
2014-12-24,102.05,105.4,102.05,104.8,413973.0,42815650.35
2014-12-26,104.3,109.3,104.05,107.2,279393.0,29775856.3
2014-12-29,108.5,109.05,105.6,106.7,257253.0,27630985.65
2014-12-30,106.25,110.7,105.4,109.4,230571.0,24952232.05
2014-12-31,109.7,111.85,109.05,111.05,254863.0,28213318.75
2015-01-01,110.6,112.75,110.55,112.25,142376.0,15957969.2
2015-01-02,112.25,113.55,111.2,111.55,201256.0,22619034.55
2015-01-05,109.1,113.25,109.1,110.45,164543.0,18356419.5
2015-01-06,110.05,110.1,106.5,106.95,212246.0,22908561.5
2015-01-07,106.55,107.85,105.4,105.6,177371.0,18850815.65
2015-01-08,106.3,107.45,105.55,106.25,257769.0,27370686.75
2015-01-09,106.7,107.4,105.0,105.65,1601502.0,169221179.2
2015-01-12,106.3,108.4,106.05,107.25,157527.0,16900314.95
2015-01-13,107.65,108.65,106.05,106.65,161533.0,17348230.85
2015-01-14,106.3,107.2,104.5,104.9,141898.0,14971752.2
2015-01-15,105.45,107.45,104.6,106.6,150632.0,15994546.25
2015-01-16,106.2,106.85,105.35,105.6,66561.0,7052870.85
2015-01-19,105.5,108.95,105.2,108.2,188605.0,20273266.35
2015-01-20,108.85,112.1,108.6,109.6,494379.0,54631361.8
2015-01-21,109.85,115.85,109.85,114.4,678852.0,76662926.2
2015-01-22,115.9,119.85,115.25,117.15,923404.0,108425650.3
2015-01-23,117.2,117.75,113.5,113.9,277676.0,31902832.55
2015-01-27,113.55,114.85,112.55,113.2,158516.0,18000396.15
2015-01-28,112.55,114.15,112.0,113.4,208168.0,23532284.8
2015-01-29,113.4,117.0,112.6,116.2,305027.0,35134501.3
2015-01-30,116.2,117.85,113.15,114.0,174464.0,20026469.8
2015-02-02,113.05,116.5,112.8,114.35,220055.0,25265023.05
2015-02-03,114.45,115.35,113.0,113.2,166952.0,19021116.8
2015-02-04,113.45,114.45,112.3,112.55,102408.0,11598236.3
2015-02-05,112.65,116.85,112.15,113.2,430295.0,49360407.7
2015-02-06,112.9,115.0,112.85,114.0,282394.0,32152830.1
2015-02-09,113.55,116.25,113.15,113.85,242148.0,27757827.1
2015-02-10,113.55,117.85,113.0,116.15,451021.0,52158844.7
2015-02-11,118.5,139.35,117.0,139.35,19983303.0,2559026228.35
2015-02-12,142.4,146.3,136.05,137.3,7068729.0,1002303652.9
2015-02-13,139.1,145.8,137.0,138.9,4634653.0,654483213.9
2015-02-16,139.85,142.25,137.05,138.05,1239142.0,172566001.3
2015-02-18,138.0,151.5,137.7,144.7,4022523.0,588358187.75
2015-02-19,145.2,146.35,139.55,142.7,1007862.0,144030135.4
2015-02-20,142.55,149.45,140.55,146.3,1438174.0,209621678.15
2015-02-23,146.8,158.3,146.3,152.2,3645950.0,560765270.25
2015-02-24,153.8,158.3,151.05,155.75,2101839.0,325704011.1
2015-02-25,157.3,162.0,154.25,156.35,2476280.0,392914140.45
2015-02-26,156.4,156.75,150.65,152.2,773957.0,118608752.1
2015-02-27,153.0,162.5,152.7,160.85,1547553.0,244091277.15
2015-02-28,162.0,169.75,157.3,162.15,3110317.0,509962121.95
2015-03-02,162.45,165.2,157.0,158.65,1059020.0,170709900.0
2015-03-03,158.95,162.75,158.45,160.5,1117136.0,179408535.75
2015-03-04,161.2,163.5,154.6,156.0,1132063.0,181410089.9
2015-03-05,156.4,157.3,146.8,149.4,1395547.0,209853504.9
2015-03-09,148.0,151.4,144.1,145.1,1007430.0,148925913.3
2015-03-10,147.85,149.45,141.05,143.1,851463.0,123953060.95
2015-03-11,143.9,169.9,142.0,155.4,9350762.0,1480849820.6
2015-03-12,156.7,164.4,155.8,163.1,3857419.0,622720305.6
2015-03-13,164.45,166.4,152.7,154.55,2798032.0,448799492.55
2015-03-16,152.2,157.4,147.4,154.0,2004791.0,305953113.45
2015-03-17,155.35,162.2,155.1,157.05,1982265.0,314894448.35
2015-03-18,158.0,160.7,156.0,156.9,992940.0,156953106.95
2015-03-19,158.5,160.4,151.25,152.55,874275.0,137247309.6
2015-03-20,153.0,155.9,150.1,150.95,850994.0,129402335.75
2015-03-23,152.3,153.7,147.5,148.65,508161.0,76096488.8
2015-03-24,148.0,158.0,148.0,151.8,1529627.0,235584177.55
2015-03-25,153.35,157.0,152.6,154.0,1290107.0,199578354.35
2015-03-26,153.0,160.7,151.8,156.35,1448885.0,227551616.75
2015-03-27,158.1,164.95,155.35,163.5,2295832.0,368331075.7
2015-03-30,169.1,173.0,165.5,166.8,3208456.0,542828487.25
2015-03-31,166.9,171.0,163.6,164.6,1034241.0,172869012.15
2015-04-01,165.25,171.0,164.4,168.9,1085399.0,181970553.25
2015-04-06,170.05,177.8,168.1,176.75,1933612.0,337011007.95
2015-04-07,179.7,183.4,175.75,180.6,3572435.0,644177254.6
2015-04-08,180.1,180.4,174.6,175.45,1244836.0,220001049.9
2015-04-09,176.45,177.65,170.75,172.9,1005061.0,174547774.5
2015-04-10,173.15,180.5,171.45,178.25,1259736.0,222085296.55
2015-04-13,178.1,184.4,175.35,180.9,1868010.0,338818166.0
2015-04-15,181.15,181.4,173.15,175.05,1040677.0,185015135.85
2015-04-16,175.3,177.95,169.5,171.4,930387.0,160702531.7
2015-04-17,171.9,172.8,165.5,166.8,746796.0,126557938.95
2015-04-20,167.85,169.1,161.15,163.45,679680.0,112667849.95
2015-04-21,163.4,167.4,158.8,161.6,919080.0,149869854.1
2015-04-22,161.6,164.65,155.4,160.35,1203045.0,193579601.8
2015-04-23,161.7,167.0,161.05,162.45,1371282.0,224984164.9
2015-04-24,162.8,163.4,155.05,156.0,802227.0,126520229.7
2015-04-27,156.0,156.7,142.1,143.65,1438146.0,213345870.6
2015-04-28,143.65,151.4,141.55,150.25,932977.0,137287989.95
2015-04-29,150.3,153.4,148.55,152.0,621822.0,94172774.35
2015-04-30,151.55,156.4,148.75,154.8,688693.0,105679008.5
2015-05-04,158.8,177.75,158.05,173.1,3295102.0,555802559.9
2015-05-05,172.5,174.75,169.5,171.9,1252942.0,215737563.2
2015-05-06,171.0,171.2,159.65,163.0,1106313.0,181686925.05
2015-05-07,161.65,168.0,157.15,158.4,2298679.0,375975247.6
2015-05-08,160.5,165.45,160.5,162.75,572804.0,93379549.9
2015-05-11,164.35,167.25,161.65,162.6,645199.0,106225075.1
2015-05-12,162.9,164.4,158.05,158.6,701961.0,113060930.9
2015-05-13,160.0,162.95,158.4,160.45,468677.0,75272745.5
2015-05-14,159.95,162.35,158.0,160.85,435975.0,69889328.2
2015-05-15,160.75,163.35,158.5,159.1,465875.0,74953932.75
2015-05-18,159.5,163.4,159.5,162.6,495038.0,80180151.3
2015-05-19,162.35,170.9,161.55,165.7,1277670.0,213953486.95
2015-05-20,166.15,167.75,161.65,163.85,397161.0,65382361.9
2015-05-21,164.0,171.4,161.45,170.0,1413795.0,237770282.25
2015-05-22,171.85,172.7,168.3,169.95,913557.0,155887413.35
2015-05-25,170.5,174.55,168.3,170.25,761588.0,130753875.7
2015-05-26,170.25,172.25,164.5,164.85,505627.0,84845848.35
2015-05-27,163.75,164.5,161.45,161.9,474791.0,77349764.8
2015-05-28,162.4,164.65,158.05,161.55,1315711.0,212159706.55
2015-05-29,159.95,175.8,158.75,174.4,2417045.0,408010240.05
2015-06-01,176.0,176.3,161.25,162.2,1817705.0,305507473.0
2015-06-02,163.1,166.8,160.0,161.7,1083836.0,177386575.2
2015-06-03,161.9,163.45,150.1,155.7,1132295.0,177329407.3
2015-06-04,156.1,158.35,153.0,156.9,663304.0,103596164.95
2015-06-05,155.8,161.6,155.15,158.75,833196.0,132700352.55
2015-06-08,159.1,159.9,155.05,157.3,390202.0,61379558.9
2015-06-09,156.0,159.25,154.25,155.3,404758.0,63250244.45
2015-06-10,155.3,159.3,153.3,157.25,443802.0,69876612.35
2015-06-11,157.45,159.7,153.0,153.75,514755.0,80086590.75
2015-06-12,154.4,155.45,151.6,154.3,419366.0,64541214.3
2015-06-15,154.45,159.65,153.55,155.9,707070.0,111131891.6
2015-06-16,155.8,158.7,154.1,157.75,393885.0,61537078.35
2015-06-17,156.5,161.9,156.1,158.3,1078173.0,171974575.15
2015-06-18,158.45,167.7,158.25,164.65,1292831.0,210424918.3
2015-06-19,167.0,173.0,164.2,170.55,1802840.0,306042802.65
2015-06-22,171.0,171.25,166.4,168.1,498485.0,83907160.45
2015-06-23,168.1,171.5,168.0,170.0,619396.0,105241453.8
2015-06-24,169.8,177.25,168.55,174.95,1874008.0,326138883.55
2015-06-25,174.2,179.4,173.0,175.7,1249611.0,220381299.15
2015-06-26,174.8,182.35,173.0,179.65,1106520.0,196369745.75
2015-06-29,177.0,177.3,172.1,176.15,1016494.0,177901725.5
2015-06-30,175.15,185.7,175.15,179.55,1401147.0,253841238.0
2015-07-01,179.65,183.9,177.0,181.5,1039044.0,188168422.0
2015-07-02,181.0,184.65,178.15,178.95,806821.0,146018393.4
2015-07-03,179.15,180.4,171.0,172.3,623491.0,109429501.9
2015-07-06,167.3,177.5,167.3,176.85,1014792.0,176260513.05
2015-07-07,177.0,181.0,174.55,179.6,1096165.0,195287715.35
2015-07-08,176.25,179.4,171.65,174.55,817716.0,143211183.15
2015-07-09,176.0,178.0,171.8,172.75,577467.0,100751098.95
2015-07-10,173.5,175.8,172.25,174.15,430067.0,74882712.1
2015-07-13,174.4,183.75,172.7,181.0,1124370.0,200993346.25
2015-07-14,183.3,191.5,182.55,186.4,2708939.0,509105599.3
2015-07-15,187.6,191.8,186.05,186.7,1151275.0,217402137.65
2015-07-16,188.5,190.0,186.1,187.45,803433.0,150910708.75
2015-07-17,187.85,194.35,186.6,190.6,2478549.0,471322321.45
2015-07-20,192.0,192.4,189.0,190.45,720759.0,137300768.05
2015-07-21,191.0,191.05,181.05,182.85,778002.0,144494886.55
2015-07-22,183.5,189.8,182.0,187.1,1123458.0,209421278.75
2015-07-23,188.0,191.05,186.15,187.45,636571.0,120017813.0
2015-07-24,186.75,189.65,185.0,185.8,422960.0,79161501.65
2015-07-27,184.9,189.4,183.5,184.65,493912.0,91862766.3
2015-07-28,186.0,187.1,181.1,181.95,426479.0,78395090.8
2015-07-29,182.2,187.8,182.2,184.9,537429.0,99681723.3
2015-07-30,185.45,186.9,183.1,185.85,391296.0,72649572.25
2015-07-31,186.6,192.5,186.6,191.3,2975317.0,566242468.2
2015-08-03,191.0,192.0,188.0,190.05,939069.0,178661725.8
2015-08-04,190.8,196.7,189.4,194.55,3055581.0,591148247.75
2015-08-05,198.25,198.4,191.2,192.4,1866865.0,364058704.55
2015-08-06,193.4,198.0,191.55,195.1,1665201.0,324690908.3
2015-08-07,199.2,199.8,189.3,191.7,2077711.0,402223122.85
2015-08-10,192.0,195.0,188.6,190.45,889373.0,171138673.75
2015-08-11,191.0,192.45,183.1,184.0,775435.0,144716078.15
2015-08-12,183.0,183.7,176.8,178.95,849548.0,152339434.6
2015-08-13,178.6,183.9,177.55,179.25,738074.0,133693017.45
2015-08-14,180.5,183.2,178.7,182.3,522191.0,94732448.95
2015-08-17,183.2,183.2,177.0,177.9,572246.0,102514914.6
2015-08-18,178.35,182.0,178.25,180.75,468880.0,84539114.45
2015-08-19,180.2,186.6,179.15,183.5,728159.0,133931965.75
2015-08-20,182.5,183.7,176.1,177.5,344996.0,61933711.55
2015-08-21,175.4,179.7,172.4,175.7,608432.0,106751138.35
2015-08-24,168.0,170.8,161.75,163.25,892393.0,147383166.5
2015-08-25,165.15,171.45,155.85,169.7,1274992.0,212736080.95
2015-08-26,169.0,185.5,165.2,179.05,1081250.0,193254043.0
2015-08-27,181.5,183.5,175.8,176.95,1004321.0,180441858.55
2015-08-28,178.0,180.65,171.55,173.2,420576.0,74006181.45
2015-08-31,172.05,176.9,165.6,167.95,374780.0,64217148.75
2015-09-01,164.9,167.3,155.2,158.85,749783.0,120749198.95
2015-09-02,161.3,164.15,157.3,158.75,432259.0,69229264.95
2015-09-03,160.3,163.5,160.3,161.1,315869.0,51186880.05
2015-09-04,160.0,160.6,153.8,155.95,406000.0,63287593.95
2015-09-07,156.8,157.9,148.9,149.85,365993.0,56000308.5
2015-09-08,151.35,155.35,148.7,153.35,529814.0,81032821.8
2015-09-09,156.6,160.5,155.1,156.75,534134.0,84367116.9
2015-09-10,153.2,169.4,152.5,167.9,1434823.0,234123981.75
2015-09-11,168.65,169.6,163.1,164.8,426379.0,70876176.45
2015-09-14,165.95,167.8,163.1,167.3,197744.0,32972514.8
2015-09-15,166.05,167.8,162.5,163.25,171701.0,28295569.65
2015-09-16,164.9,166.2,161.0,161.55,197109.0,32203400.05
2015-09-18,163.15,184.85,163.15,178.1,3474507.0,612538498.55
2015-09-21,176.8,180.0,174.3,178.4,937263.0,166443898.75
2015-09-22,179.85,181.0,168.9,170.45,559603.0,98649444.3
2015-09-23,169.6,178.9,168.8,175.7,1114366.0,195222761.4
2015-09-24,175.8,177.55,172.3,173.6,273641.0,47784023.9
2015-09-28,173.9,180.0,171.2,171.95,839272.0,148051455.7
2015-09-29,170.0,171.9,166.35,168.1,448513.0,75951906.7
2015-09-30,169.9,172.65,167.6,168.9,355541.0,60467437.45
2015-10-01,169.75,173.25,169.5,171.2,553651.0,94814329.65
2015-10-05,171.65,174.3,171.1,171.75,485010.0,83714455.7
2015-10-06,172.5,173.95,170.7,171.25,311260.0,53612335.6
2015-10-07,171.3,176.7,170.65,171.7,590429.0,102343619.45
2015-10-08,172.0,173.0,168.0,168.8,304546.0,51735758.2
2015-10-09,172.1,173.85,168.6,169.5,602426.0,103177132.8
2015-10-12,170.0,171.5,164.2,165.15,382456.0,64000277.05
2015-10-13,165.5,167.35,162.4,164.2,377335.0,61965728.65
2015-10-14,163.8,166.35,162.0,162.45,356050.0,58349329.85
2015-10-15,163.2,164.85,161.2,161.75,384906.0,62688900.7
2015-10-16,162.4,164.95,161.35,162.05,452148.0,73726547.95
2015-10-19,162.3,164.95,161.1,161.75,651060.0,106043888.2
2015-10-20,162.5,169.7,162.0,166.45,1437669.0,239614438.0
2015-10-21,167.8,170.0,164.05,165.8,698630.0,116708911.85
2015-10-23,166.85,167.4,162.6,163.0,306208.0,50401246.05
2015-10-26,164.4,165.55,159.85,160.15,451024.0,72818872.2
2015-10-27,160.0,162.85,158.55,159.65,515579.0,82692520.75
2015-10-28,159.95,161.0,157.0,157.3,490694.0,77980931.8
2015-10-29,157.55,158.35,154.2,154.8,428745.0,66870083.45
2015-10-30,155.7,157.9,153.7,155.1,476704.0,74377657.85
2015-11-02,156.5,158.0,155.0,157.25,406119.0,63522213.5
2015-11-03,159.0,164.8,157.95,163.7,944015.0,153557486.85
2015-11-04,165.0,165.95,158.25,160.45,740536.0,120444825.3
2015-11-05,165.55,166.4,162.5,163.2,1481063.0,242716576.35
2015-11-06,163.85,164.75,158.75,161.1,308808.0,49776599.6
2015-11-09,156.25,167.65,156.25,166.55,698519.0,115097960.6
2015-11-10,166.5,167.95,163.05,163.7,360222.0,59667273.2
2015-11-11,164.85,168.15,164.4,167.4,178795.0,29856491.3
2015-11-13,166.7,167.0,160.2,160.8,332731.0,54097512.65
2015-11-16,158.9,163.5,158.9,159.9,436619.0,70099625.9
2015-11-17,160.9,168.35,160.75,164.7,872241.0,143143912.35
2015-11-18,164.55,164.6,158.75,159.3,552260.0,89256075.75
2015-11-19,160.7,162.6,160.1,160.75,248139.0,39991247.0
2015-11-20,161.85,161.85,158.5,159.3,672565.0,107260053.35
2015-11-23,159.85,165.0,159.75,161.1,537294.0,87073110.95
2015-11-24,160.9,162.5,159.2,159.85,249719.0,40152495.75
2015-11-26,160.8,164.0,159.8,161.2,419684.0,67940544.55
2015-11-27,162.4,164.2,160.1,161.15,518595.0,84142861.0
2015-11-30,160.65,168.15,160.65,166.2,972489.0,160658469.15
2015-12-01,168.85,173.85,166.05,167.05,1372812.0,233070887.85
2015-12-02,167.85,168.9,164.3,166.0,490655.0,81646276.3
2015-12-03,166.0,167.4,162.65,163.45,324465.0,53533600.0
2015-12-04,163.85,171.9,163.1,166.85,1955032.0,327457422.65
2015-12-07,168.9,178.3,167.25,177.4,2726037.0,475470805.9
2015-12-08,175.6,179.7,169.55,170.75,1481238.0,259711646.5
2015-12-09,170.3,171.6,161.4,162.35,978827.0,162042950.05
2015-12-10,163.4,175.8,162.75,174.7,1661390.0,284085935.3
2015-12-11,176.0,179.8,170.2,174.8,2642232.0,464123298.7
2015-12-14,172.3,180.25,171.1,179.1,1438875.0,256365334.2
2015-12-15,178.8,179.9,174.5,175.45,623401.0,110327020.8
2015-12-16,175.4,178.2,170.0,170.65,715838.0,124264103.95
2015-12-17,171.85,177.9,171.85,177.2,1062764.0,186825255.3
2015-12-18,177.25,177.8,174.5,176.15,546046.0,96202856.05
2015-12-21,176.05,176.8,172.4,173.7,413292.0,72010461.85
2015-12-22,174.85,177.0,172.85,174.0,610031.0,106889109.95
2015-12-23,175.0,179.05,174.4,176.7,3422312.0,604502485.3
2015-12-24,177.1,178.4,174.5,177.85,1104803.0,195640988.9
2015-12-28,178.8,191.65,176.5,185.9,4545014.0,845656097.45
2015-12-29,185.95,186.85,181.3,182.15,1052353.0,193691233.4
2015-12-30,182.8,184.8,180.1,180.8,558301.0,101831110.7
2015-12-31,180.55,183.5,179.1,180.05,597560.0,108135456.35
2016-01-01,181.4,186.35,180.6,185.25,772204.0,141997194.75
2016-01-04,185.0,185.05,176.6,179.25,988787.0,178447621.45
2016-01-05,180.0,184.6,178.25,182.0,701611.0,127732870.55
2016-01-06,182.8,185.05,179.5,180.1,1353143.0,247099960.4
2016-01-07,178.3,179.3,170.6,172.05,806216.0,140336684.15
2016-01-08,173.0,177.9,173.0,176.7,537205.0,94595962.45
2016-01-11,175.1,179.7,173.45,177.65,454064.0,80162634.05
2016-01-12,178.6,185.2,178.3,183.35,1499458.0,274441823.55
2016-01-13,184.25,184.7,161.0,170.35,2830568.0,483844477.75
2016-01-14,168.5,184.35,166.0,181.75,1994398.0,353301982.45
2016-01-15,183.55,184.4,174.15,175.0,1309471.0,231111582.1
2016-01-18,174.2,176.0,164.6,166.75,889371.0,150568193.25
2016-01-19,168.55,172.75,167.55,171.2,559859.0,95528666.3
2016-01-20,168.65,173.6,166.5,170.7,656585.0,111604894.05
2016-01-21,172.2,174.75,167.0,172.25,615330.0,105442832.8
2016-01-22,173.85,180.8,173.05,179.85,679335.0,120732890.0
2016-01-25,180.25,181.75,176.0,176.45,283491.0,50674379.35
2016-01-27,177.4,177.4,173.05,173.6,254737.0,44398921.9
2016-01-28,174.4,176.9,173.1,173.65,243362.0,42417840.85
2016-01-29,173.8,179.35,173.35,178.5,401194.0,71029047.85
2016-02-01,178.7,181.5,175.5,176.2,585201.0,104707062.75
2016-02-02,176.45,177.75,169.7,170.85,399417.0,69624115.9
2016-02-03,169.7,170.4,167.2,168.05,423322.0,71354814.05
2016-02-04,170.95,175.85,167.15,172.65,2011367.0,342426751.25
2016-02-05,171.05,172.45,165.65,168.25,923057.0,154921330.15
2016-02-08,168.85,170.0,167.7,169.0,341049.0,57647213.9
2016-02-09,166.05,170.0,163.1,164.45,339583.0,56163582.6
2016-02-10,165.85,166.2,163.75,165.05,866086.0,142898151.2
2016-02-11,164.05,164.95,151.65,155.0,591183.0,92201085.55
2016-02-12,156.2,157.05,141.0,151.25,705029.0,103517013.2
2016-02-15,153.1,157.75,151.55,156.25,395806.0,61223311.5
2016-02-16,157.0,157.55,149.55,150.4,192588.0,29446427.5
2016-02-17,151.3,154.9,146.0,154.15,451824.0,67645821.15
2016-02-18,155.0,162.4,154.45,156.8,638067.0,101592660.25
2016-02-19,158.95,180.9,157.8,175.7,5974927.0,1040655647.2
2016-02-22,173.2,173.8,167.0,169.9,897618.0,152712783.05
2016-02-23,169.0,179.1,168.0,169.6,1131808.0,196475969.65
2016-02-24,169.05,173.9,164.35,165.35,580500.0,98519377.05
2016-02-25,166.35,171.6,166.35,168.65,410172.0,69482134.15
2016-02-26,169.4,171.55,166.3,167.0,229476.0,38602979.3
2016-02-29,167.65,170.0,161.05,167.35,422667.0,70723093.75
2016-03-01,167.85,172.85,167.3,170.05,301176.0,51474870.15
2016-03-02,171.5,176.3,169.5,170.8,626833.0,108646180.15
2016-03-03,172.0,174.95,170.0,173.1,414209.0,71643121.8
2016-03-04,173.85,173.85,170.3,171.05,184598.0,31696649.1
2016-03-08,171.85,175.0,168.55,171.35,276704.0,47503193.4
2016-03-09,171.6,173.7,169.05,172.0,225868.0,38713135.5
2016-03-10,172.5,172.65,168.9,169.6,218739.0,37294635.2
2016-03-11,169.75,170.35,161.5,168.25,703419.0,117013969.45
2016-03-14,168.85,172.8,168.25,170.55,352887.0,60252074.5
2016-03-15,170.8,173.45,170.1,171.7,298400.0,51354283.55
2016-03-16,170.35,177.9,170.35,176.9,1315893.0,231508071.7
2016-03-17,178.0,181.7,176.85,179.9,2225038.0,399604297.0
2016-03-18,180.0,183.4,177.1,181.65,1240031.0,223448800.5
2016-03-21,183.0,183.7,180.9,182.25,839905.0,152947551.4
2016-03-22,182.85,182.95,179.5,180.4,255981.0,46282709.75
2016-03-23,180.4,184.95,178.5,181.25,629339.0,114818030.8
2016-03-28,181.05,181.35,176.0,176.7,468897.0,83790522.15
2016-03-29,176.85,179.3,174.0,174.7,210907.0,37136779.6
2016-03-30,177.0,178.85,176.15,177.1,137273.0,24342816.95
2016-03-31,177.0,177.8,175.0,175.5,105838.0,18623339.55
2016-04-01,175.0,181.9,175.0,180.7,311287.0,55976749.25
2016-04-04,180.0,182.3,177.2,179.3,186394.0,33502468.6
2016-04-05,180.0,183.0,177.1,178.0,400688.0,72177148.4
2016-04-06,178.85,179.8,176.25,178.35,248423.0,44347157.2
2016-04-07,178.35,180.6,175.45,175.9,209456.0,37323395.0
2016-04-08,176.7,179.0,174.1,174.95,1244086.0,217991028.35
2016-04-11,175.1,181.85,175.1,178.95,428063.0,76726272.75
2016-04-12,178.95,188.7,178.95,184.25,1865514.0,345504809.3
2016-04-13,185.65,188.25,179.6,180.35,1262679.0,232982489.05
2016-04-18,181.0,181.45,177.25,179.35,1908146.0,340205102.95
2016-04-20,179.5,183.5,179.5,180.7,617328.0,112104144.35
2016-04-21,181.4,185.0,178.5,179.2,808899.0,147218947.65
2016-04-22,179.65,182.8,179.1,180.15,515360.0,93298189.5
2016-04-25,180.8,181.4,176.75,178.3,184997.0,33044578.75
2016-04-26,178.0,180.9,178.0,178.7,214298.0,38428531.1
2016-04-27,178.25,180.8,177.3,177.9,154643.0,27631512.1
2016-04-28,178.1,181.2,177.05,178.9,249584.0,44713921.6
2016-04-29,178.55,179.4,174.1,175.15,183872.0,32448171.65
2016-05-02,175.45,178.2,174.0,174.8,174133.0,30569187.85
2016-05-03,175.7,179.4,174.5,175.0,252709.0,44727613.85
2016-05-04,175.0,175.45,172.05,173.05,241120.0,41804805.85
2016-05-05,172.9,174.55,169.3,170.1,724879.0,125010342.55
2016-05-06,168.95,168.95,162.3,166.95,375832.0,62517702.65
2016-05-09,167.5,171.65,167.4,168.2,229314.0,38829724.15
2016-05-10,168.45,171.15,168.25,170.05,160281.0,27228396.5
2016-05-11,169.0,173.8,168.35,170.5,350277.0,60189865.65
2016-05-12,170.85,173.0,167.1,167.65,394435.0,67037019.3
2016-05-13,168.95,169.6,165.9,167.6,219050.0,36745241.75
2016-05-16,167.85,168.85,165.5,166.65,92810.0,15507709.25
2016-05-17,167.4,168.4,166.7,167.25,83251.0,13939014.0
2016-05-18,167.05,171.8,166.6,170.4,293145.0,49877505.15
2016-05-19,169.7,172.5,167.25,168.5,258225.0,44162351.1
2016-05-20,168.0,170.2,166.3,167.65,106541.0,17944361.45
2016-05-23,169.15,170.1,166.05,167.25,250127.0,42124000.55
2016-05-24,167.65,169.05,167.1,167.75,136154.0,22820543.3
2016-05-25,169.4,170.6,167.75,169.0,267880.0,45329529.75
2016-05-26,169.8,182.0,166.25,173.15,2133378.0,368393102.65
2016-05-27,169.8,169.8,162.85,164.0,1184791.0,196525342.95
2016-05-30,164.85,165.85,158.85,159.45,521591.0,84548148.35
2016-05-31,159.5,162.9,155.7,161.65,651960.0,103684584.65
2016-06-01,161.95,164.45,161.05,162.95,275852.0,44920821.75
2016-06-02,162.05,164.8,162.05,164.15,227178.0,37175413.65
2016-06-03,164.9,164.9,159.1,159.65,277762.0,44841439.05
2016-06-06,159.5,165.8,159.5,163.5,425211.0,69486088.05
2016-06-07,164.05,166.95,163.3,165.35,384125.0,63673230.45
2016-06-08,165.55,168.9,162.1,163.05,478348.0,78636216.75
2016-06-09,163.8,166.0,163.25,164.5,259657.0,42802392.7
2016-06-10,165.35,169.0,164.5,168.55,609323.0,102133267.5
2016-06-13,162.9,166.8,160.25,164.5,473240.0,77183104.15
2016-06-14,164.95,166.1,162.45,163.5,125715.0,20640516.45
2016-06-15,163.6,165.0,162.25,163.55,107269.0,17544409.0
2016-06-16,163.6,165.4,161.05,161.45,192251.0,31158052.25
2016-06-17,162.0,163.2,160.0,161.8,174082.0,28151343.6
2016-06-20,161.05,166.85,160.3,164.65,265973.0,43503538.55
2016-06-21,164.5,165.45,162.7,163.35,195313.0,32022187.75
2016-06-22,163.8,163.9,160.55,161.15,173178.0,28105119.05
2016-06-23,161.8,162.0,158.95,159.45,234461.0,37529558.5
2016-06-24,157.9,157.9,151.7,155.8,637712.0,98249918.5
2016-06-27,155.6,157.15,154.55,155.9,254996.0,39850897.85
2016-06-28,157.0,162.85,156.55,158.85,606639.0,97370195.6
2016-06-29,159.8,160.85,157.35,157.95,236275.0,37533611.8
2016-06-30,158.85,160.0,156.5,157.7,255993.0,40542372.95
2016-07-01,158.8,162.1,158.6,159.25,274588.0,44011898.5
2016-07-04,159.5,163.15,159.5,161.0,343209.0,55511282.9
2016-07-05,161.75,163.75,158.95,159.6,443896.0,71696675.7
2016-07-07,159.85,161.2,159.0,159.45,172595.0,27586044.8
2016-07-08,160.1,160.55,157.95,158.85,189362.0,30103297.85
2016-07-11,160.9,160.9,159.4,159.85,192418.0,30774557.95
2016-07-12,160.0,160.45,155.6,155.9,619224.0,97313028.8
2016-07-13,156.5,158.2,152.6,154.1,562437.0,86934257.35
2016-07-14,154.0,157.7,153.45,156.9,541459.0,84230597.0
2016-07-15,157.1,172.4,157.1,169.95,3817856.0,642201534.45
2016-07-18,169.8,174.85,168.95,170.85,2548497.0,439343749.1
2016-07-19,171.55,174.95,168.05,173.45,1122394.0,193346413.05
2016-07-20,173.05,184.0,171.4,178.45,5785669.0,1034503034.95
2016-07-21,179.0,183.3,178.55,180.55,1876499.0,340641849.8
2016-07-22,180.6,183.05,178.55,180.45,827940.0,150168070.8
2016-07-25,179.8,181.8,176.55,178.45,647369.0,115759636.1
2016-07-26,178.6,179.0,170.2,171.4,592100.0,103366474.1
2016-07-27,172.8,175.05,171.25,174.75,701496.0,122128124.2
2016-07-28,175.0,175.05,172.15,174.1,476574.0,83109883.55
2016-07-29,174.5,175.7,170.55,171.75,533345.0,92437538.8
2016-08-01,172.5,174.8,170.1,173.35,436849.0,75582985.65
2016-08-02,173.7,182.9,173.0,177.35,2539423.0,451488167.35
2016-08-03,175.05,191.6,173.3,189.85,8171979.0,1520058831.35
2016-08-04,191.8,192.9,185.15,187.25,2327477.0,439223004.95
2016-08-05,192.25,195.95,187.15,189.05,3781298.0,721984832.85
2016-08-08,189.0,190.0,184.6,185.85,522715.0,97717050.4
2016-08-09,186.3,196.7,186.3,191.0,4929836.0,949278797.7
2016-08-10,190.95,191.8,186.25,188.2,1429777.0,270403595.25
2016-08-11,188.05,192.65,188.0,191.7,1881854.0,359434436.7
2016-08-12,192.4,195.0,191.15,193.2,2643196.0,511908471.15
2016-08-16,193.2,198.9,188.5,190.55,4844537.0,938741660.35
2016-08-17,190.9,192.15,185.6,187.4,2446372.0,461491396.2
2016-08-18,188.35,195.45,188.3,193.8,4252152.0,820807219.45
2016-08-19,194.0,196.6,185.5,188.05,4989765.0,963642908.95
2016-08-22,190.0,194.6,180.05,181.9,4014553.0,752194802.05
2016-08-23,181.9,185.3,176.45,182.0,1253366.0,227529681.4
2016-08-24,182.95,184.5,180.1,181.45,609452.0,111183149.15
2016-08-25,181.45,182.2,175.7,176.3,793073.0,141447465.5
2016-08-26,176.7,177.85,172.3,172.9,630631.0,110132516.0
2016-08-29,173.2,176.75,172.15,175.1,570523.0,99933784.25
2016-08-30,175.85,178.3,174.15,175.1,772241.0,135842843.1
2016-08-31,175.75,182.15,175.1,178.3,2856200.0,508560780.75
2016-09-01,177.3,179.4,175.2,175.9,397941.0,70595346.0
2016-09-02,176.4,180.9,175.15,176.65,731756.0,130273270.3
2016-09-06,177.0,179.9,177.0,178.5,469744.0,83793915.25
2016-09-07,178.0,179.0,175.55,176.55,298439.0,52865100.95
2016-09-08,176.9,183.7,176.9,182.35,854542.0,155322982.95
2016-09-09,183.15,184.4,178.5,179.15,589385.0,106613254.05
2016-09-12,176.0,177.5,173.15,174.35,455266.0,79838441.3
2016-09-14,173.9,175.75,172.7,174.6,292589.0,50987835.15
2016-09-15,174.9,177.35,172.8,174.45,585026.0,102242458.75
2016-09-16,174.7,180.5,173.4,174.95,778918.0,137847823.4
2016-09-19,175.0,176.65,174.05,174.65,327203.0,57321413.45
2016-09-20,175.0,175.85,171.7,172.3,303682.0,52737447.95
2016-09-21,172.9,174.3,171.0,172.2,273485.0,47319119.55
2016-09-22,174.75,176.8,173.05,175.0,344113.0,60068278.95
2016-09-23,175.85,177.5,174.7,175.25,451964.0,79644867.85
2016-09-26,175.0,176.9,172.9,173.35,294853.0,51437826.3
2016-09-27,173.9,176.25,173.9,174.75,316319.0,55422252.6
2016-09-28,174.9,175.9,173.3,173.6,257974.0,44976760.95
2016-09-29,174.8,175.4,161.0,161.8,788057.0,131097179.95
2016-09-30,161.8,167.9,161.75,167.0,532941.0,88101842.9
2016-10-03,168.0,175.0,167.0,174.3,740677.0,127851577.25
2016-10-04,174.5,175.3,172.85,174.6,681666.0,118919979.9
2016-10-05,174.85,176.0,173.05,174.15,556204.0,96940434.65
2016-10-06,174.5,175.15,169.65,171.85,652050.0,113106212.0
2016-10-07,172.5,174.3,170.05,172.7,274140.0,47235892.85
2016-10-10,173.75,177.05,173.25,173.8,473326.0,82637177.85
2016-10-13,173.1,173.45,166.65,168.9,481976.0,81829936.6
2016-10-14,169.25,172.2,168.55,170.55,501603.0,85772779.4
2016-10-17,179.05,188.0,176.6,178.2,4850312.0,881928140.6
2016-10-18,179.3,188.9,178.7,182.75,5313227.0,979336215.55
2016-10-19,187.1,187.9,179.1,180.05,3392562.0,622938285.25
2016-10-20,181.65,181.7,178.1,178.55,869439.0,156619347.15
2016-10-21,179.4,182.8,175.8,177.3,1521388.0,273522782.85
2016-10-24,178.9,181.6,178.25,178.85,1242277.0,223387614.4
2016-10-25,179.45,179.85,176.5,177.8,326564.0,58144621.2
2016-10-26,178.15,184.5,175.5,180.7,1024856.0,185632358.2
2016-10-27,180.1,180.85,177.0,177.5,390343.0,69588825.2
2016-10-28,178.3,181.5,177.0,178.5,717584.0,128491364.2
2016-10-30,179.9,181.7,179.25,180.75,342417.0,61800885.45
2016-11-01,181.0,181.55,178.0,178.65,587257.0,105503166.95
2016-11-02,177.75,177.75,173.15,173.65,708560.0,123784795.75
2016-11-03,174.0,175.4,170.3,171.65,755578.0,131322588.2
2016-11-04,171.85,172.15,165.15,168.7,738318.0,124775391.35
2016-11-07,170.75,172.25,168.15,169.1,314220.0,53471973.1
2016-11-08,170.1,170.95,168.0,170.35,363889.0,61684471.7
2016-11-09,154.05,169.8,142.25,167.4,1380207.0,222579209.15
2016-11-10,168.85,171.8,165.0,165.1,1981581.0,330316330.55
2016-11-11,164.45,169.0,161.75,163.15,867162.0,142246142.2
2016-11-15,163.5,163.75,158.75,161.6,671334.0,107903337.35
2016-11-16,164.0,166.65,159.8,163.05,496846.0,81344696.15
2016-11-17,162.15,164.65,159.5,161.25,463135.0,75048550.75
2016-11-18,161.4,162.25,159.5,160.25,362333.0,58178597.0
2016-11-21,160.85,162.0,155.3,158.05,458404.0,72478341.8
2016-11-22,159.0,164.0,159.0,162.95,541875.0,87672985.35
2016-11-23,163.25,174.15,163.25,173.25,932079.0,157736620.2
2016-11-24,173.45,173.55,168.55,170.3,396438.0,67793910.05
2016-11-25,171.85,177.5,170.55,176.45,1097024.0,192807858.85
2016-11-28,175.95,185.75,175.65,183.45,1890976.0,345024028.85
2016-11-29,183.85,186.4,173.8,182.85,1708228.0,308377644.35
2016-11-30,181.0,181.7,176.35,177.35,469492.0,83971144.75
2016-12-01,178.65,178.8,173.2,173.9,299499.0,52573037.8
2016-12-02,174.0,177.4,172.5,172.9,253335.0,44159793.3
2016-12-05,173.0,173.3,168.65,169.45,365224.0,62222324.65
2016-12-06,170.75,171.95,168.05,168.85,337089.0,57240182.15
2016-12-07,169.45,170.85,168.85,169.95,271605.0,46133307.75
2016-12-08,171.0,172.0,168.9,169.15,259186.0,44067479.0
2016-12-09,169.85,175.9,169.55,172.7,510318.0,88570839.95
2016-12-12,173.45,173.85,169.55,170.6,225744.0,38783110.6
2016-12-13,174.0,178.0,174.0,175.65,627302.0,110132352.0
2016-12-14,175.0,182.95,174.15,179.95,1379533.0,248351728.35
2016-12-15,179.05,187.0,178.3,184.8,1140477.0,209863439.65
2016-12-16,184.0,186.5,180.15,183.25,375666.0,68913639.35
2016-12-19,184.0,184.0,177.5,178.5,492042.0,88051201.2
2016-12-20,179.0,182.4,175.8,180.8,1400428.0,250548945.55
2016-12-21,181.5,189.0,181.5,185.6,1684217.0,313968175.7
2016-12-22,185.5,185.85,180.05,183.3,514454.0,93915755.1
2016-12-23,183.3,185.6,177.3,179.15,577890.0,104970898.4
2016-12-26,178.05,178.5,171.35,172.05,431830.0,75014465.3
2016-12-27,172.3,180.4,171.1,178.85,549024.0,96397194.8
2016-12-28,179.0,181.4,176.35,177.25,449250.0,80433505.45
2016-12-29,178.0,186.0,178.0,183.45,652430.0,118670216.7
2016-12-30,183.55,184.85,179.8,180.85,336750.0,61126468.05
2017-01-02,181.8,183.85,178.7,182.4,318628.0,57775571.7
2017-01-03,183.5,188.5,180.95,187.5,692200.0,128645082.6
2017-01-04,189.0,191.6,187.5,189.65,1046110.0,198495180.85
2017-01-05,192.5,192.85,183.6,185.0,1724512.0,322261729.3
2017-01-06,185.9,198.2,185.55,190.9,10974756.0,2106795953.35
2017-01-09,195.0,204.9,194.25,198.75,6469459.0,1297062760.9
2017-01-10,199.65,202.0,196.25,200.65,2539425.0,507912490.45
2017-01-11,204.0,205.0,196.1,197.35,2811694.0,562771133.75
2017-01-12,197.95,198.45,194.05,195.7,1047527.0,205229326.6
2017-01-13,197.6,198.35,189.0,189.8,1965032.0,377489155.15
2017-01-16,192.7,195.95,190.55,191.4,1113368.0,214553917.55
2017-01-17,189.4,189.4,185.1,186.9,1990163.0,371873584.75
2017-01-18,188.5,189.7,185.0,187.2,665734.0,124918667.7
2017-01-19,187.85,189.9,186.05,189.0,385260.0,72468786.8
2017-01-20,187.8,188.5,183.4,183.9,514690.0,95682277.8
2017-01-23,183.4,185.05,179.05,181.7,786073.0,143946051.6
2017-01-24,182.0,194.1,181.45,189.0,1588194.0,300054880.4
2017-01-25,189.0,190.7,186.55,188.65,529935.0,100064856.65
2017-01-27,188.65,195.5,188.3,190.7,1239595.0,238935370.65
2017-01-30,189.8,192.2,187.9,188.1,555384.0,105172258.9
2017-01-31,188.1,190.05,182.4,183.75,867356.0,161239616.25
2017-02-01,182.25,184.7,179.15,183.45,668457.0,121770375.65
2017-02-02,183.65,185.9,181.0,182.75,531810.0,97631292.75
2017-02-03,182.1,190.7,182.0,184.1,5628355.0,1032270395.6
2017-02-06,191.0,191.8,185.1,186.15,4096194.0,765285875.85
2017-02-07,185.8,190.2,183.6,185.25,1130093.0,211180844.5
2017-02-08,185.6,189.3,184.6,188.4,1124442.0,209994534.45
2017-02-09,188.75,196.0,188.2,194.7,3957008.0,763681630.25
2017-02-10,196.0,203.2,193.0,194.7,5525465.0,1092091655.2
2017-02-13,195.0,195.75,184.8,185.7,1700310.0,321598142.35
2017-02-14,186.5,199.8,185.7,195.75,4801870.0,927801411.3
2017-02-15,197.9,199.75,190.2,192.2,2905470.0,567770336.3
2017-02-16,193.0,199.8,192.9,198.95,1940753.0,382232172.05
2017-02-17,200.2,201.9,194.5,195.45,2006471.0,398004598.25
2017-02-20,195.45,198.8,193.6,196.35,1022121.0,201170364.7
2017-02-21,196.55,198.1,190.4,193.05,3337992.0,639705593.1
2017-02-22,193.55,194.7,188.1,188.8,960007.0,183106247.4
2017-02-23,189.1,198.25,188.2,195.7,1584261.0,308894489.75
2017-02-27,194.9,198.4,193.25,195.65,1409449.0,276420724.6
2017-02-28,193.6,198.5,191.35,192.8,1554763.0,302067565.0
2017-03-01,194.0,197.0,192.5,194.95,1147244.0,223514201.6
2017-03-02,194.95,195.45,185.2,186.0,1356783.0,256617916.65
2017-03-03,186.0,188.75,185.7,187.1,399134.0,74806388.35
2017-03-06,187.2,188.75,181.1,182.2,1196939.0,220314924.75
2017-03-07,182.5,183.8,179.45,181.1,1030225.0,187475883.75
2017-03-08,180.6,185.5,178.1,180.15,2245043.0,406842617.35
2017-03-09,179.0,181.3,177.6,178.65,1063669.0,191232375.05
2017-03-10,181.0,182.0,177.2,178.2,1754069.0,314924837.85
2017-03-14,180.85,183.6,178.3,179.1,4900197.0,879810122.75
2017-03-15,179.9,186.2,179.25,183.05,2896207.0,531522336.45
2017-03-16,185.0,185.8,183.3,185.3,779120.0,143980623.65
2017-03-17,185.55,186.5,182.35,183.45,918216.0,169103435.15
2017-03-20,183.55,184.7,179.1,179.7,1893090.0,343119707.0
2017-03-21,180.8,181.45,178.5,179.55,713621.0,128222423.0
2017-03-22,178.65,178.9,173.7,174.4,846644.0,148858594.25
2017-03-23,175.7,180.45,174.5,176.6,2145114.0,381360913.1
2017-03-24,178.1,183.0,175.8,176.9,2299405.0,413014463.25
2017-03-27,177.9,183.9,177.05,178.0,4307666.0,769779409.3
2017-03-28,179.3,181.9,178.0,179.1,3038360.0,546193099.0
2017-03-29,180.2,180.9,177.5,178.45,1910043.0,342205763.5
2017-03-30,179.3,181.3,178.55,180.5,1551354.0,279132252.85
2017-03-31,181.1,182.7,179.4,180.7,1181505.0,214313027.65
2017-04-03,181.1,190.45,181.1,189.3,8340112.0,1558105180.2
2017-04-05,190.7,192.4,188.8,190.4,4345857.0,827883600.05
2017-04-06,189.1,192.6,185.5,188.85,3962504.0,752849745.05
2017-04-07,187.55,191.4,185.5,186.3,1486328.0,280571844.4
2017-04-10,187.0,187.7,184.55,185.2,722025.0,134122142.25
2017-04-11,185.8,186.75,184.25,185.45,755770.0,140418482.35
2017-04-12,185.95,186.3,180.0,183.4,1229340.0,225175339.7
2017-04-13,183.0,190.3,182.85,185.45,1494753.0,279837558.9
2017-04-17,186.05,206.7,185.8,202.75,19143728.0,3783963041.15
2017-04-18,204.5,208.25,193.6,195.6,5978540.0,1206973528.85
2017-04-19,195.5,205.0,194.6,204.1,4117294.0,831735472.25
2017-04-20,208.0,211.0,202.4,208.8,6122868.0,1273285895.65
2017-04-21,209.0,210.4,203.2,204.05,2840588.0,586923228.85
2017-04-24,209.0,213.65,207.3,210.75,5921706.0,1246133869.75
2017-04-25,211.35,217.7,210.3,216.3,6244472.0,1339736722.4
2017-04-26,218.0,222.9,214.0,215.65,8240786.0,1805706640.15
2017-04-27,215.5,217.05,208.25,209.6,2491094.0,525116696.75
2017-04-28,210.0,222.5,210.0,220.3,12274811.0,2662196671.6
2017-05-02,220.65,228.9,216.1,226.8,8929307.0,1994076935.85
2017-05-03,228.9,228.95,219.2,221.05,3129748.0,700463387.5
2017-05-04,226.0,226.2,215.7,217.1,6859426.0,1514732297.25
2017-05-05,217.0,218.75,210.0,210.75,4148077.0,886589892.6
2017-05-08,211.95,213.9,207.8,209.6,2049665.0,432127857.65
2017-05-09,213.0,215.75,211.35,213.05,4713567.0,1007131167.85
2017-05-10,214.1,214.95,208.65,209.7,4909611.0,1037514243.4
2017-05-11,209.9,210.75,204.0,208.2,2589257.0,537509525.2
2017-05-12,208.6,210.8,206.85,208.4,1793935.0,375013750.5
2017-05-15,208.4,209.65,204.05,205.25,9078354.0,1867054982.65
2017-05-16,206.25,209.45,205.45,207.9,2146212.0,446110937.1
2017-05-17,208.0,210.8,204.9,205.9,3032479.0,630785426.7
2017-05-18,204.0,205.25,195.0,196.85,2852401.0,570619895.75
2017-05-19,197.8,204.9,196.45,203.55,4144993.0,832917326.1
2017-05-22,206.0,206.25,193.5,194.8,3379385.0,671631356.5
2017-05-23,195.5,199.0,191.2,196.55,3746973.0,735080892.7
2017-05-24,197.65,200.2,192.5,194.35,2471551.0,486456184.1
2017-05-25,192.5,203.5,192.1,202.55,2337720.0,465502529.9
2017-05-26,205.1,206.25,201.75,202.75,2141143.0,437178776.75
2017-05-29,200.4,203.05,194.9,196.1,928548.0,183618279.55
2017-05-30,195.0,200.5,193.65,198.15,1134162.0,223596868.25
2017-05-31,198.85,200.8,194.6,195.15,1517166.0,297893928.15
2017-06-01,195.9,200.25,195.15,198.35,837394.0,165259710.35
2017-06-02,200.05,201.6,191.75,192.95,2967855.0,579722984.45
2017-06-05,194.0,196.9,193.6,194.9,1688838.0,329943733.9
2017-06-06,195.4,195.45,189.1,191.05,3708378.0,712161812.1
2017-06-07,191.1,198.7,191.1,194.05,3368728.0,659018005.25
2017-06-08,195.9,196.85,191.8,192.95,2996960.0,579821552.1
2017-06-09,193.0,195.5,192.3,193.55,1998918.0,387449433.9
2017-06-12,192.9,194.4,190.8,191.45,1553424.0,298918150.25
2017-06-13,192.0,193.3,189.1,189.45,3566743.0,678776508.25
2017-06-14,189.9,190.75,186.4,187.0,1577482.0,296882480.45
2017-06-15,187.4,199.9,187.1,197.65,6971986.0,1356565535.7
2017-06-16,198.3,198.4,189.55,190.5,7414966.0,1424558026.8
2017-06-19,191.5,194.4,189.25,190.1,5482255.0,1051440703.35
2017-06-20,195.0,199.4,193.0,198.4,11848712.0,2315799351.8
2017-06-21,198.0,201.95,194.1,194.9,11095314.0,2196186460.5
2017-06-22,199.35,201.6,196.25,197.9,10220365.0,2033436337.0
2017-06-23,186.0,187.5,168.25,172.5,29553250.0,5274850820.75
2017-06-27,174.05,175.7,162.95,165.25,12778285.0,2135647078.55
2017-06-28,166.65,171.85,165.5,167.0,9996688.0,1687072869.9
2017-06-29,169.0,169.95,163.3,164.4,12374425.0,2053080395.95
2017-06-30,160.0,164.45,157.45,162.0,8337124.0,1348795147.2
2017-07-03,163.4,166.0,162.05,163.25,4247225.0,696317686.1
2017-07-04,163.85,164.65,154.65,155.95,6888990.0,1095153745.15
2017-07-05,155.95,162.45,152.25,161.15,12863683.0,2037590014.05
2017-07-06,161.45,165.0,159.8,162.35,4745708.0,772961842.8
2017-07-07,161.85,164.6,158.0,158.85,3863951.0,621773374.05
2017-07-10,174.0,174.7,158.75,162.55,825741.0,134579146.05
2017-07-11,163.5,164.2,159.45,161.0,4635145.0,751177303.7
2017-07-12,161.9,163.95,159.5,162.9,3747235.0,606848348.85
2017-07-13,163.5,165.4,162.3,164.1,4897217.0,800230849.9
2017-07-14,164.0,167.4,162.4,162.95,6047801.0,996641070.35
2017-07-17,163.75,163.8,142.15,148.4,24035120.0,3647683916.35
2017-07-18,149.25,153.8,147.7,150.4,27783163.0,4188285161.75
2017-07-19,153.15,155.6,150.3,150.7,11692514.0,1787408352.35
2017-07-20,151.5,158.85,151.45,157.0,8576575.0,1328161159.8
2017-07-21,159.0,164.5,158.0,163.55,12421238.0,2001397337.25
2017-07-24,166.0,169.7,162.9,167.05,9578224.0,1597930897.15
2017-07-25,167.85,170.35,165.2,168.65,6592943.0,1109536432.3
2017-07-26,169.8,169.8,165.6,166.25,3793744.0,635692466.85
2017-07-27,166.55,168.8,162.85,163.65,7916508.0,1307417225.95
2017-07-28,163.0,164.9,157.7,159.1,6178056.0,995270684.35
2017-07-31,159.2,159.8,155.0,155.55,3445199.0,539479412.15
2017-08-01,156.4,157.7,154.75,155.45,6563699.0,1023880658.25
2017-08-02,156.6,157.4,151.5,153.3,4836024.0,742862044.4
2017-08-03,153.95,164.4,153.0,163.3,22100914.0,3544813381.7
2017-08-04,163.45,167.3,161.9,166.35,10217390.0,1689215845.15
2017-08-07,167.0,168.9,160.7,164.15,8518218.0,1407412420.3
2017-08-08,164.75,166.45,158.5,159.8,3504956.0,567310787.2
2017-08-09,160.0,164.0,157.4,158.6,2867206.0,461568571.85
2017-08-10,157.0,162.0,147.6,151.85,7245672.0,1117673061.6
2017-08-11,150.05,158.65,148.0,151.95,10893156.0,1658940241.15
2017-08-14,153.0,153.95,149.35,150.0,4650019.0,704206210.5
2017-08-16,151.15,152.7,149.1,151.05,1717493.0,259705005.55
2017-08-17,151.0,152.85,148.6,151.45,3669508.0,554622703.1
2017-08-18,150.0,150.85,143.0,145.15,4571826.0,670175650.4
2017-08-21,145.95,148.5,143.1,143.7,3042225.0,444913489.05
2017-08-22,144.1,145.6,125.55,141.55,47735739.0,6498667016.95
2017-08-23,149.7,154.3,146.6,152.6,31289450.0,4718424479.5
2017-08-24,153.9,155.4,150.65,151.75,8690298.0,1327696218.4
2017-08-28,152.75,154.85,148.05,148.9,5407774.0,819766269.0
2017-08-29,146.25,148.65,143.4,143.9,7673004.0,1116208130.4
2017-08-30,145.75,154.9,145.5,154.4,10455461.0,1586290441.9
2017-08-31,154.5,156.95,145.3,146.05,18869121.0,2806025381.2
2017-09-01,147.1,150.0,146.1,149.1,5492056.0,817213478.45
2017-09-04,149.5,151.15,145.5,147.85,3698669.0,547489028.9
2017-09-05,147.75,152.8,147.55,152.2,5880542.0,887513143.05
2017-09-06,150.7,154.5,149.7,152.2,3931996.0,598071471.25
2017-09-07,156.0,156.7,152.6,153.4,5898229.0,912937601.95
2017-09-08,153.5,156.6,151.9,154.2,4912635.0,758469437.65
2017-09-11,154.8,156.1,153.1,154.0,3151422.0,487545147.75
2017-09-12,154.5,155.15,152.65,153.25,1902056.0,292939291.95
2017-09-13,154.95,154.95,149.75,150.85,2518268.0,384576644.35
2017-09-14,151.1,153.7,151.05,151.7,1647301.0,250990772.35
2017-09-15,151.5,152.2,148.4,149.95,3782862.0,568052083.45
2017-09-18,150.1,151.9,149.5,150.85,2189661.0,329740764.9
2017-09-19,150.15,158.4,150.15,153.55,6933289.0,1076578167.15
2017-09-20,154.3,155.85,151.8,153.55,2082872.0,320675210.7
2017-09-21,154.25,154.6,149.45,152.05,2160735.0,327406736.5
2017-09-22,151.95,153.9,149.05,150.05,2894670.0,439502494.4
2017-09-25,150.0,150.6,145.5,146.75,2519332.0,371726127.8
2017-09-26,146.8,149.2,145.8,147.35,1718594.0,253439826.0
2017-09-27,148.4,149.3,143.5,144.9,1947854.0,285565438.8
2017-09-28,145.45,148.6,143.35,145.5,3280177.0,476274101.45
2017-09-29,146.6,148.85,143.15,144.0,1628660.0,237681076.5
2017-10-03,145.05,146.8,143.95,145.6,2138950.0,311329687.85
2017-10-04,145.8,146.95,143.2,146.15,1649369.0,239407679.5
2017-10-05,146.95,150.95,146.2,150.0,4471075.0,665038033.4
2017-10-06,150.5,157.5,149.0,156.85,4656306.0,718692785.25
2017-10-09,156.0,160.0,149.4,152.3,6185680.0,959705205.75
2017-10-10,150.0,154.3,148.5,153.15,7525748.0,1145328383.4
2017-10-11,153.85,154.15,148.75,149.55,3890451.0,591601276.05
2017-10-12,150.05,152.85,147.65,149.95,3827613.0,574128317.7
2017-10-13,150.0,152.85,149.1,151.8,2802436.0,424428783.2
2017-10-16,153.25,153.9,150.25,150.85,962027.0,145904464.7
2017-10-17,151.2,151.95,149.15,149.55,1068298.0,160694290.8
2017-10-18,149.8,150.45,147.0,147.45,1917224.0,284317751.05
2017-10-19,148.9,148.9,145.05,146.0,810123.0,118511362.0
2017-10-23,146.05,148.0,144.7,144.85,2333185.0,339891614.35
2017-10-24,145.5,147.1,144.0,146.15,2152300.0,313707136.75
2017-10-25,146.9,147.65,144.75,145.6,2594581.0,379275236.55
2017-10-26,145.6,147.45,145.0,145.8,1999708.0,292153473.15
2017-10-27,146.3,147.95,145.2,146.0,2145906.0,314706628.35
2017-10-30,146.7,147.2,143.55,144.0,2193231.0,318211331.75
2017-10-31,144.85,145.25,143.2,143.9,1570426.0,226470179.35
2017-11-01,144.9,146.0,142.8,143.2,2061361.0,297054140.2
2017-11-02,143.45,145.4,143.1,143.4,2076851.0,299168265.3
2017-11-03,143.65,144.75,142.25,142.7,1285918.0,183993154.75
2017-11-06,142.75,145.35,142.4,143.2,2330554.0,335582679.9
2017-11-07,144.0,144.7,139.3,140.2,1999357.0,283137889.55
2017-11-08,140.45,142.2,137.4,138.0,1970947.0,275594036.2
2017-11-09,138.9,139.7,136.0,138.9,2632322.0,363333819.75
2017-11-10,138.4,138.6,134.1,134.45,2678018.0,365013445.5
2017-11-13,134.7,136.45,131.75,132.2,3671471.0,490924408.45
2017-11-14,132.7,134.2,130.05,130.45,3161975.0,416021388.45
2017-11-15,137.0,145.5,133.3,140.45,18295768.0,2575134765.85
2017-11-16,140.2,141.2,127.7,130.65,14935560.0,1986314173.8
2017-11-17,132.0,132.75,129.3,129.95,6021937.0,785672847.75
2017-11-20,130.0,133.7,129.3,130.95,7229335.0,951217939.0
2017-11-21,130.65,131.55,128.35,129.0,4356672.0,565971756.0
2017-11-22,128.0,128.1,123.4,125.1,10046177.0,1258314369.65
2017-11-23,125.5,133.0,124.55,132.0,10752102.0,1397853012.1
2017-11-24,132.9,139.8,132.0,138.75,9677659.0,1318622631.0
2017-11-27,138.55,145.0,137.3,143.0,12452619.0,1775236125.65
2017-11-28,143.0,146.05,140.1,141.15,6773155.0,971201067.35
2017-11-29,141.7,142.9,137.0,138.6,3596612.0,505181682.85
2017-11-30,138.3,146.0,138.0,144.85,14304454.0,2049867282.3
2017-12-01,146.0,149.9,142.5,143.6,7518907.0,1104268357.45
2017-12-04,144.0,150.8,141.0,148.35,8592097.0,1264291300.6
2017-12-05,148.45,151.3,145.1,150.0,4986710.0,736429915.45
2017-12-06,149.65,149.8,141.85,144.75,4817211.0,707603316.25
2017-12-07,140.3,147.25,139.7,146.1,8140801.0,1165240537.25
2017-12-08,147.0,148.25,144.1,146.85,3964882.0,579674254.95
2017-12-11,143.0,144.6,137.15,138.7,7037780.0,994344368.9
2017-12-12,137.05,139.75,126.5,128.0,27814613.0,3661193395.6
2017-12-13,130.5,132.8,129.25,130.5,15572059.0,2040696651.6
2017-12-14,130.7,137.0,127.7,135.15,9324769.0,1237582622.35
2017-12-15,135.2,137.8,132.6,135.65,9392108.0,1274995818.45
2017-12-18,135.9,136.8,128.15,133.65,4386534.0,586576629.8
2017-12-19,134.7,137.15,133.8,136.05,3462737.0,471132812.95
2017-12-20,136.7,142.0,133.45,140.8,9253853.0,1289766217.6
2017-12-21,141.3,144.25,140.9,142.55,3851597.0,550059506.75
2017-12-22,143.0,144.45,141.8,142.45,5277265.0,755749863.1
2017-12-26,143.75,152.5,143.5,150.35,15894056.0,2380555601.25
2017-12-27,151.9,159.6,151.25,158.1,12995380.0,2025395004.1
2017-12-28,160.2,167.9,155.85,161.95,17624348.0,2870512847.9
2017-12-29,163.0,165.9,158.1,160.45,6415419.0,1043143754.75
2018-01-01,159.95,163.25,156.25,157.4,2878195.0,461583375.7
2018-01-02,157.0,158.4,152.8,154.75,5056467.0,784947295.5
2018-01-03,155.55,170.9,155.35,163.25,25657824.0,4265574396.65
2018-01-04,163.85,166.25,163.15,164.05,6249153.0,1028615049.0
2018-01-05,165.8,171.25,162.25,163.3,7027626.0,1170594878.95
2018-01-08,164.8,167.8,155.1,163.5,11714532.0,1907827324.8
2018-01-09,164.35,167.0,160.8,165.6,6968155.0,1145694132.4
2018-01-10,165.4,166.45,161.25,162.45,4997597.0,817834252.8
2018-01-11,159.8,161.0,144.9,148.9,25500697.0,3865882733.35
2018-01-12,149.95,152.45,143.55,144.65,11663572.0,1718256047.65
2018-01-15,146.55,148.7,144.2,146.25,5290321.0,775937696.75
2018-01-16,146.55,148.2,139.0,140.3,8562156.0,1210856958.3
2018-01-17,141.8,146.25,139.35,144.05,11180626.0,1609073263.95
2018-01-18,145.8,148.35,139.4,144.1,10480554.0,1525913067.45
2018-01-19,146.25,147.65,144.15,145.45,3609020.0,525370137.5
2018-01-22,145.1,148.5,145.1,147.2,5273735.0,778200380.45
2018-01-23,147.8,151.95,146.1,150.5,7706210.0,1145010117.1
2018-01-24,151.4,156.0,149.8,153.85,12708073.0,1949087520.05
2018-01-25,153.4,158.5,153.0,157.3,7498516.0,1174391048.85
2018-01-29,160.0,160.05,146.1,147.5,8976189.0,1352552018.8
2018-01-30,147.6,149.9,146.0,146.9,3428882.0,506794167.05
2018-01-31,147.1,147.5,135.15,139.05,18945343.0,2671531143.15
2018-02-01,136.5,137.0,125.15,132.6,32923073.0,4284906357.8
2018-02-02,132.0,135.9,125.3,126.45,11857160.0,1538514789.3
2018-02-05,125.0,125.0,117.2,118.45,17584182.0,2117816512.05
2018-02-06,112.0,117.0,107.1,114.2,15167517.0,1688152910.15
2018-02-07,117.5,124.75,116.75,123.75,13973446.0,1686447164.15
2018-02-08,123.6,128.3,121.0,126.05,8170647.0,1032211774.6
2018-02-09,125.0,156.7,125.0,148.6,86214453.0,12367217800.9
2018-02-12,148.55,152.7,137.8,139.0,26330832.0,3821687546.35
2018-02-14,145.0,145.65,140.1,142.45,15177477.0,2163213162.95
2018-02-15,142.6,149.0,135.15,143.4,13885802.0,1952102361.2
2018-02-16,145.0,151.0,116.15,137.5,98426544.0,13270297740.0
2018-02-19,133.2,148.0,131.5,146.4,43929730.0,6195905940.05
2018-02-20,150.5,155.6,135.5,153.6,98975207.0,14444624599.45
2018-02-21,151.5,159.0,148.2,155.5,43017735.0,6702672487.95
2018-02-22,155.0,155.85,145.0,146.3,30802682.0,4610987971.75
2018-02-23,144.55,167.4,143.65,159.95,71207389.0,11104541088.7
2018-02-26,160.05,163.15,154.1,159.9,40895580.0,6478957180.25
2018-02-27,161.0,162.45,154.55,155.6,19482774.0,3092802493.35
2018-02-28,153.6,160.8,153.0,159.8,21349954.0,3360232195.75
2018-03-01,159.0,167.45,157.0,161.05,40490589.0,6556266140.8
2018-03-05,158.45,167.0,152.1,163.3,38792259.0,6129954699.9
2018-03-06,163.8,167.25,158.5,161.35,30423475.0,4992121579.55
2018-03-07,160.75,161.5,145.55,147.55,36866132.0,5625844927.0
2018-03-08,150.65,154.75,146.05,148.15,20664624.0,3098883329.2
2018-03-09,151.25,151.25,144.0,145.4,12833958.0,1894507857.0
2018-03-12,148.0,150.25,146.05,149.3,8539983.0,1262447466.85
2018-03-13,148.5,154.0,147.95,152.55,10381464.0,1581586704.6
2018-03-14,155.5,161.0,155.5,158.8,26897984.0,4276004617.6
2018-03-15,159.7,162.8,158.7,160.25,13938064.0,2236435173.2
2018-03-16,161.0,161.65,155.1,155.9,9233133.0,1453829310.05
2018-03-19,156.0,158.35,151.6,153.5,6711812.0,1036443497.0
2018-03-20,150.6,157.75,150.6,156.65,9023908.0,1408360854.55
2018-03-21,159.0,159.0,155.1,155.95,5946386.0,930044580.5
2018-03-22,156.0,157.2,153.45,154.6,6066648.0,943634425.05
2018-03-23,151.0,153.5,138.2,143.5,21179106.0,3075867604.3
2018-03-26,144.0,149.25,138.1,147.65,17657482.0,2553579929.15
2018-03-27,152.0,153.9,140.65,142.25,33244642.0,4862263548.45
2018-03-28,133.5,136.8,120.45,123.35,132125804.0,16839021931.75
2018-04-02,125.95,129.55,124.35,128.15,17926207.0,2284008282.15
2018-04-03,127.65,131.9,124.8,129.95,13133571.0,1685744179.5
2018-04-04,130.8,133.5,127.55,128.5,8091617.0,1060802997.45
2018-04-05,131.0,138.8,128.2,137.85,16172998.0,2164034473.7
2018-04-06,139.0,144.95,134.6,138.8,21556741.0,3041747282.4
2018-04-09,139.6,144.9,138.6,141.8,9523568.0,1350798318.45
2018-04-10,142.9,147.9,138.85,146.6,11570592.0,1668967077.05
2018-04-11,152.0,152.0,144.3,147.85,29264715.0,4330879724.8
2018-04-12,147.5,154.7,147.5,153.9,19813729.0,3010370875.75
2018-04-13,156.8,157.4,150.1,152.05,13170032.0,2030892024.25
2018-04-16,152.0,152.65,147.0,148.75,6340680.0,945592968.65
2018-04-17,149.2,150.2,143.0,144.5,9635835.0,1406030512.5
2018-04-18,146.3,148.0,144.1,144.85,5800737.0,848369176.55
2018-04-19,147.5,152.3,145.2,148.45,9614244.0,1422663386.3
2018-04-20,149.4,153.3,148.05,149.65,7969761.0,1198032504.05
2018-04-23,149.5,151.95,149.0,150.45,3283918.0,494159201.85
2018-04-24,151.2,154.4,149.8,151.9,3951002.0,600264461.85
2018-04-25,153.0,154.4,150.35,152.65,7526133.0,1145892369.65
2018-04-26,152.0,152.75,149.2,150.15,3502302.0,527471064.65
2018-04-27,151.3,154.9,150.55,153.9,4339254.0,662934643.85
2018-04-30,154.0,154.0,151.5,152.4,2392384.0,364714859.75
2018-05-02,156.0,160.5,155.6,158.9,9977663.0,1583030921.85
2018-05-03,158.0,160.95,156.25,157.85,37053894.0,5830244179.4
2018-05-04,158.0,159.45,155.1,157.95,5365729.0,845693541.25
2018-05-07,159.65,159.85,155.05,155.95,4572188.0,715551833.5
2018-05-08,156.0,156.3,151.75,152.9,4704013.0,721062817.8
2018-05-09,152.9,152.9,148.55,150.5,3091563.0,465146114.15
2018-05-10,151.0,154.7,151.0,152.9,3065853.0,468460714.6
2018-05-11,157.0,157.0,145.4,148.25,10640545.0,1581694857.3
2018-05-14,148.85,152.4,147.0,148.8,3842487.0,576836271.7
2018-05-15,152.0,155.0,150.5,153.4,5350870.0,815611170.1
2018-05-16,153.35,153.95,150.25,151.5,2574865.0,391243361.4
2018-05-17,151.5,152.9,150.0,151.4,1223745.0,185183392.3
2018-05-18,152.0,152.0,143.25,144.5,4279786.0,628682905.0
2018-05-21,146.0,150.95,145.1,148.4,5235081.0,775367806.35
2018-05-22,148.9,148.95,144.1,145.2,2306689.0,336434505.05
2018-05-23,145.2,147.5,144.0,144.9,1862677.0,270718608.2
2018-05-24,145.9,146.25,141.2,142.95,1984782.0,284285665.2
2018-05-25,142.6,145.9,142.1,145.05,1986211.0,286192776.1
2018-05-28,145.8,148.8,143.9,147.05,2436091.0,357156384.35
2018-05-29,145.15,147.95,143.05,143.95,2026122.0,294043676.5
2018-05-30,144.25,150.8,144.1,145.6,5347247.0,783921492.3
2018-05-31,146.75,147.9,144.7,147.15,1906475.0,279748579.65
2018-06-01,147.9,147.9,144.7,145.8,1808500.0,263798994.55
2018-06-04,146.1,146.4,143.0,144.15,1295023.0,186711803.45
2018-06-05,144.2,147.0,142.0,145.0,1858485.0,269179536.25
2018-06-06,144.0,145.0,142.6,144.6,1438446.0,206895045.15
2018-06-07,145.0,146.75,144.75,145.75,813792.0,118532155.6
2018-06-08,145.05,148.0,144.8,146.2,1310584.0,191589232.6
2018-06-11,146.2,146.5,143.5,143.75,1210362.0,174853434.85
2018-06-12,141.95,143.75,138.5,139.95,2783485.0,391533555.2
2018-06-13,140.0,140.2,137.25,138.45,1430164.0,197605432.25
2018-06-14,138.0,138.0,136.25,136.75,1663895.0,227751701.15
2018-06-15,136.9,141.2,136.5,138.9,1688513.0,234056873.7
2018-06-18,139.9,139.95,137.0,137.5,958285.0,131981411.0
2018-06-19,137.5,138.2,134.7,136.3,1404038.0,191011269.25
2018-06-20,136.9,137.4,134.0,135.55,1695960.0,229689268.7
2018-06-21,135.9,136.2,133.1,134.8,1196558.0,160868970.05
2018-06-22,134.0,140.8,133.55,139.2,2651204.0,366853219.0
2018-06-25,140.1,143.75,136.5,137.6,3036216.0,424128408.0
2018-06-26,136.2,137.95,133.35,134.6,1548115.0,210241279.8
2018-06-27,130.55,138.4,129.25,135.75,11164615.0,1501429370.5
2018-06-28,134.05,135.5,131.0,134.95,6329148.0,848960370.15
2018-06-29,134.65,135.4,131.4,134.85,3393853.0,453331538.45
2018-07-02,134.75,137.8,132.5,133.65,2677569.0,359491317.95
2018-07-03,134.1,145.9,132.8,142.1,10183791.0,1423290083.2
2018-07-04,139.0,144.9,135.25,144.4,10132507.0,1422325190.15
2018-07-05,144.0,144.35,138.5,139.4,2752632.0,386515625.5
2018-07-06,138.5,140.85,137.0,138.5,2118003.0,294031486.75
2018-07-09,141.0,146.4,140.0,140.8,8684891.0,1242732127.25
2018-07-10,141.1,142.0,139.8,140.25,1715538.0,241555778.6
2018-07-11,140.1,140.2,137.65,137.95,2574474.0,356475678.45
2018-07-12,141.5,143.8,139.5,142.2,4495709.0,636348653.5
2018-07-13,145.0,149.45,141.0,147.8,24948484.0,3640227727.6
2018-07-16,147.0,147.6,144.4,145.3,6941824.0,1013998067.2
2018-07-17,145.95,146.0,142.0,142.25,1971831.0,282527591.75
2018-07-18,142.5,144.9,140.6,141.95,2366092.0,335945909.5
2018-07-19,141.5,141.5,136.8,137.25,1941740.0,268996693.0
2018-07-20,137.9,139.8,135.05,135.55,2729708.0,372820943.7
2018-07-23,136.4,137.35,132.1,132.85,2149108.0,287868034.75
2018-07-24,133.1,135.9,132.0,132.9,3645486.0,486754912.15
2018-07-25,133.4,135.5,133.0,134.35,2210235.0,297156643.7
2018-07-26,134.9,140.4,133.1,139.7,4033357.0,553658112.2
2018-07-27,139.1,139.5,136.1,136.6,1935372.0,266454307.75
2018-07-30,137.1,138.75,136.3,137.1,1232615.0,169159023.85
2018-07-31,137.45,140.4,137.45,139.65,1478651.0,205275145.25
2018-08-01,139.65,146.5,139.05,145.95,4854403.0,700870404.75
2018-08-02,145.8,145.8,142.0,142.95,1596836.0,228916382.55
2018-08-03,143.4,146.9,143.0,145.95,2178037.0,316685642.35
2018-08-06,146.15,148.4,144.3,147.85,2880002.0,423201420.7
2018-08-07,147.55,147.55,143.3,146.6,1803985.0,262740881.65
2018-08-08,146.5,146.7,142.1,142.5,1103884.0,158449166.7
2018-08-09,142.7,143.95,139.05,140.8,1393394.0,196031808.85
2018-08-10,140.8,143.3,139.25,140.9,1037631.0,146095201.15
2018-08-13,142.5,145.4,141.55,145.05,2251732.0,324652185.15
2018-08-14,145.35,146.8,145.35,146.05,1786496.0,260948171.55
2018-08-16,147.0,150.05,146.0,148.45,3844745.0,570060421.1
2018-08-17,148.2,151.3,148.05,150.15,2647739.0,397216408.45
2018-08-20,152.0,152.3,149.25,150.2,2614955.0,395872589.2
2018-08-21,150.9,152.0,148.5,149.5,1636986.0,246309910.75
2018-08-23,150.6,150.8,148.05,148.6,1279785.0,190980790.35
2018-08-24,148.05,151.0,147.5,149.4,1589747.0,236547481.5
2018-08-27,150.0,150.35,147.1,149.5,2376900.0,353485373.45
2018-08-28,149.5,150.95,149.05,149.85,1466086.0,219749115.7
2018-08-29,149.95,149.95,148.15,148.95,1808084.0,269507544.55
2018-08-30,148.85,150.0,147.65,148.65,1867433.0,277518304.9
2018-08-31,149.1,149.4,146.1,146.6,1988693.0,293147161.4
2018-09-03,146.85,149.9,146.15,149.15,2649444.0,392961115.1
2018-09-04,149.4,149.4,145.55,146.4,1137932.0,167282476.15
2018-09-05,144.25,147.4,142.25,145.85,1916667.0,278940102.2
2018-09-06,145.9,146.95,145.1,145.8,909339.0,132548813.5
2018-09-07,146.0,147.4,145.1,146.35,1224770.0,179172299.15
2018-09-10,146.5,146.5,145.05,145.3,628319.0,91384445.2
2018-09-11,145.3,145.9,143.0,143.65,917082.0,132008797.9
2018-09-12,143.85,144.9,142.4,143.9,790659.0,113521813.1
2018-09-14,144.85,146.5,143.7,144.85,3775219.0,546856181.8
2018-09-17,145.9,146.2,144.25,144.85,2768149.0,401165629.7
2018-09-18,145.0,145.4,141.1,141.8,1081695.0,154684352.7
2018-09-19,142.4,143.0,141.0,142.0,1047839.0,148623155.3
2018-09-21,143.4,143.65,137.0,137.25,2219492.0,308124363.15
2018-09-24,137.25,137.8,135.2,136.55,1294561.0,176283385.4
2018-09-25,135.25,138.8,134.5,136.35,1124219.0,152959540.55
2018-09-26,137.35,137.35,131.4,132.05,1296118.0,173541061.5
2018-09-27,132.45,136.45,132.1,134.45,1303390.0,174627588.25
2018-09-28,134.05,135.5,132.6,134.95,2254196.0,303509526.75
2018-10-01,134.95,136.4,133.2,135.35,1317558.0,177592516.55
2018-10-03,135.0,136.75,133.75,136.25,1568305.0,211681500.3
2018-10-04,135.25,137.4,132.6,134.4,2376530.0,321345989.3
2018-10-05,132.05,135.4,132.05,134.7,1136394.0,152775641.5
2018-10-08,133.8,134.8,132.3,132.85,1419513.0,189374751.55
2018-10-09,133.5,134.45,132.55,132.75,863655.0,114854883.4
2018-10-10,133.3,134.3,131.55,131.85,1341338.0,178377964.25
2018-10-11,130.0,133.4,129.2,131.95,966170.0,126843130.65
2018-10-12,132.3,134.65,132.3,134.1,920319.0,123060396.7
2018-10-15,134.0,139.9,134.0,138.75,885401.0,121245943.95
2018-10-16,138.3,139.35,135.8,137.2,621615.0,85312305.7
2018-10-17,137.05,137.4,131.95,132.95,770457.0,102906972.4
2018-10-19,132.0,133.55,130.65,131.3,720311.0,94909927.5
2018-10-22,131.9,133.1,130.35,131.25,457866.0,60281600.2
2018-10-23,130.95,132.85,127.0,127.4,788194.0,101678174.0
2018-10-24,128.15,134.0,126.45,132.95,1305927.0,168104651.55
2018-10-25,131.9,131.9,128.3,129.85,757576.0,98303702.5
2018-10-26,130.0,130.6,128.1,129.25,953846.0,123031776.7
2018-10-29,129.05,131.9,128.3,130.35,912650.0,118411844.05
2018-10-30,130.35,134.4,130.0,134.15,982397.0,131050169.85
2018-10-31,139.8,141.8,135.1,140.35,3542439.0,494624156.2
2018-11-01,140.6,141.75,139.05,140.75,736294.0,103473144.6
2018-11-02,140.5,140.5,138.0,138.5,545926.0,75816797.65
2018-11-05,139.0,141.5,138.55,140.9,1401114.0,197213429.65
2018-11-06,138.0,142.5,138.0,141.3,1811088.0,254397021.35
2018-11-07,141.8,142.35,140.65,141.65,167255.0,23671357.7
2018-11-09,141.15,141.65,139.55,140.35,1186147.0,166863963.35
2018-11-12,141.2,141.2,139.25,139.6,785285.0,110149054.05
2018-11-13,139.1,144.35,138.05,141.7,2934172.0,414752846.35
2018-11-14,142.9,143.75,140.05,140.5,1689283.0,238100503.45
2018-11-15,140.45,144.3,140.1,143.75,2456491.0,350615565.45
2018-11-16,143.75,146.85,143.1,146.5,2567112.0,374111815.75
2018-11-19,147.25,149.25,147.25,148.7,2234117.0,331480023.3
2018-11-20,148.1,149.3,146.25,147.5,11161587.0,1642066036.55
2018-11-21,147.15,147.9,145.6,146.55,933351.0,136738810.1
2018-11-22,146.4,147.5,145.7,146.4,814845.0,119411768.65
2018-11-26,146.7,148.95,146.4,147.1,435143.0,64081136.75
2018-11-27,147.1,147.4,145.5,146.15,444899.0,65143499.0
2018-11-28,146.7,147.4,145.3,146.05,15823982.0,2310342649.55
2018-11-29,146.5,148.5,146.0,147.55,794648.0,116928197.4
2018-11-30,148.05,148.45,146.4,147.7,439592.0,64820097.3
2018-12-03,147.0,148.45,146.3,147.8,553662.0,81751842.8
2018-12-04,148.45,148.95,147.65,148.45,674636.0,100059962.65
2018-12-05,147.6,148.4,146.75,147.85,594365.0,87661860.65
2018-12-06,147.15,148.0,146.75,147.4,620635.0,91461381.95
2018-12-07,147.25,147.8,147.0,147.1,414163.0,60969233.75
2018-12-10,147.9,150.45,147.05,150.05,1738612.0,259753839.85
2018-12-11,149.5,151.8,149.1,150.85,1130379.0,170634321.55
2018-12-12,151.2,152.95,150.6,152.85,1137179.0,173057941.3
2018-12-13,153.0,153.0,149.6,151.6,1387139.0,209542833.65
2018-12-14,151.7,152.0,130.0,141.45,19939263.0,2785025856.45
2018-12-17,140.0,142.1,136.1,137.05,4644258.0,639902265.05
2018-12-18,136.3,137.9,134.65,136.15,2425611.0,328953536.0
2018-12-19,136.3,138.25,136.1,137.15,1264147.0,173157107.0
2018-12-20,137.2,137.3,134.7,135.55,1508541.0,205075520.9
2018-12-21,136.0,138.4,134.55,134.95,1332380.0,181112619.65
2018-12-24,135.4,135.9,134.6,134.95,1278231.0,172711284.25
2018-12-26,134.6,135.8,134.2,135.2,546089.0,73699511.95
2018-12-27,135.45,136.5,133.2,134.15,1784316.0,240491082.35
2018-12-28,134.7,138.5,134.1,137.4,803545.0,109456600.6
2018-12-31,138.0,141.85,137.5,140.5,1851994.0,259476087.7
2019-01-01,140.5,140.55,138.55,140.2,624458.0,87032679.25
2019-01-02,139.9,141.25,139.3,140.5,681165.0,95601869.95
2019-01-03,140.15,141.7,140.0,140.75,396135.0,55821119.65
2019-01-04,140.3,141.2,139.25,140.3,790643.0,110977586.45
2019-01-07,140.5,140.9,139.1,139.9,578155.0,80963127.15
2019-01-08,139.25,140.9,139.2,139.4,330240.0,46159471.2
2019-01-09,139.4,140.0,138.1,139.2,463832.0,64442339.0
2019-01-10,139.2,140.55,138.3,139.95,1189523.0,166432932.3
2019-01-11,140.0,140.35,139.35,139.9,297526.0,41632102.3
2019-01-14,140.7,140.7,139.0,139.3,212638.0,29620750.9
2019-01-15,139.25,139.8,137.6,138.25,313646.0,43493891.5
2019-01-16,139.5,140.2,137.7,137.9,818662.0,113210361.6
2019-01-17,138.3,138.3,136.35,136.55,1022473.0,140117524.15
2019-01-18,136.65,136.65,135.25,135.5,524388.0,71189028.85
2019-01-21,135.5,135.8,135.2,135.45,729369.0,98807275.1
2019-01-22,135.15,137.45,135.15,135.85,513395.0,69625610.85
2019-01-23,135.9,136.6,135.4,135.5,1090339.0,147954046.85
2019-01-24,135.35,136.85,135.35,136.35,599598.0,81507932.95
2019-01-25,135.85,136.7,135.1,135.4,524340.0,71207311.2
2019-01-28,135.6,136.4,134.85,135.85,1242789.0,168616791.6
2019-01-29,135.2,135.9,135.1,135.5,760124.0,102960499.95
2019-01-30,135.15,136.0,135.1,135.3,590319.0,79946402.7
2019-01-31,135.3,136.0,135.0,135.2,382175.0,51670559.7
2019-02-01,134.15,135.95,134.0,135.2,617588.0,83377815.0
2019-02-04,135.25,135.85,134.4,134.85,255545.0,34455889.45
2019-02-05,134.6,135.3,134.3,134.9,401925.0,54130881.9
2019-02-06,134.5,138.45,134.2,134.95,457606.0,61797729.75
2019-02-07,135.25,135.25,134.0,134.55,184088.0,24771449.15
2019-02-08,134.8,135.75,134.4,135.05,520445.0,70279373.6
2019-02-11,134.75,135.4,134.0,134.65,251970.0,33958906.2
2019-02-12,133.2,135.4,133.2,135.0,367457.0,49586406.25
2019-02-13,134.65,135.75,134.25,134.5,232273.0,31254664.05
2019-02-14,133.0,134.95,133.0,134.6,884532.0,118744768.1
2019-02-15,134.6,137.5,134.15,134.95,1014566.0,137419344.55
2019-02-18,134.7,135.4,133.6,134.95,901528.0,121629147.55
2019-02-19,134.05,135.6,134.05,135.05,1012695.0,136686542.6
2019-02-20,135.05,139.0,134.7,136.9,1062706.0,145796116.4
2019-02-21,135.8,137.8,135.45,135.6,1188565.0,162183858.0
2019-02-22,135.15,136.75,135.15,135.6,1039654.0,141176901.15
2019-02-25,135.6,136.85,135.6,136.0,841351.0,114582061.35
2019-02-26,136.25,138.85,134.6,135.0,1900504.0,258557621.5
2019-02-27,134.15,135.5,134.1,134.35,336099.0,45285277.95
2019-02-28,134.15,135.45,133.15,134.75,409167.0,54936561.3
2019-03-01,134.55,135.4,134.1,134.75,256378.0,34538396.55
2019-03-05,134.0,135.45,133.55,134.25,626833.0,84198862.05
2019-03-06,134.6,135.0,132.75,134.0,1401575.0,187532043.75
2019-03-07,133.9,135.8,133.65,135.1,636165.0,85875094.95
2019-03-08,135.1,135.85,134.75,134.95,438444.0,59208614.55
2019-03-11,134.95,135.75,134.6,135.45,616933.0,83295918.1
2019-03-12,135.9,142.9,135.45,141.8,1783197.0,250003778.9
2019-03-13,142.8,143.0,137.55,139.5,526384.0,73846476.85
2019-03-14,139.5,140.4,135.05,136.1,768420.0,105329288.9
2019-03-15,135.3,138.2,135.0,137.8,4109349.0,565591131.25
2019-03-18,136.7,137.3,135.65,136.9,369409.0,50475545.8
2019-03-19,136.3,137.5,135.0,136.65,1009222.0,137460879.25
2019-03-20,137.95,137.95,135.5,136.3,4510974.0,614524291.05
2019-03-22,136.4,137.1,135.7,136.35,390016.0,53190623.95
2019-03-25,136.2,137.8,134.75,136.85,566509.0,77221427.1
2019-03-26,136.65,137.4,136.0,136.3,493827.0,67378890.95
2019-03-27,136.5,138.4,136.0,137.45,779034.0,106652292.45
2019-03-28,137.4,138.85,135.8,136.6,388808.0,53374472.35
2019-03-29,136.75,137.3,135.4,135.75,664481.0,90444677.8
2019-04-01,136.45,137.05,136.15,136.6,223189.0,30491884.35
2019-04-02,136.85,137.45,136.2,137.05,507874.0,69553112.3
2019-04-03,136.8,138.0,136.05,136.4,383119.0,52345587.25
2019-04-04,137.25,137.45,136.2,136.8,293462.0,40105766.95
2019-04-05,137.0,138.85,136.2,136.75,1110396.0,152060072.9
2019-04-08,136.4,137.15,134.75,135.15,778588.0,105841779.8
2019-04-09,135.5,136.6,135.1,135.65,255576.0,34678705.8
2019-04-10,135.5,136.25,135.25,135.75,186999.0,25374348.0
2019-04-11,135.8,137.35,135.5,136.65,528653.0,72211882.95
2019-04-12,136.0,144.85,136.0,138.75,2355983.0,332509758.75
2019-04-15,139.15,141.8,138.75,141.1,950881.0,133812839.65
2019-04-16,141.9,141.9,139.85,141.15,441128.0,62218480.15
2019-04-18,141.4,141.4,139.0,140.4,581496.0,81470116.95
2019-04-22,139.6,140.35,139.2,139.55,380870.0,53196212.45
2019-04-23,139.65,140.7,138.5,139.5,549528.0,76603510.5
2019-04-24,139.9,139.9,139.0,139.15,444148.0,61823373.8
2019-04-25,139.0,140.1,138.6,138.95,516366.0,71984677.05
2019-04-26,139.4,139.7,138.5,139.1,308156.0,42832690.15
2019-04-30,138.15,139.1,137.0,138.55,485562.0,67001069.6
2019-05-02,138.9,138.9,137.0,137.85,238818.0,32880572.05
2019-05-03,137.85,138.45,137.3,137.75,134430.0,18532525.55
2019-05-06,137.15,137.75,135.6,136.35,175876.0,24063209.5
2019-05-07,136.0,136.7,135.0,135.2,165465.0,22493161.85
2019-05-08,135.35,135.75,133.3,133.6,377871.0,50693610.2
2019-05-09,133.6,133.75,132.3,133.0,959494.0,127506510.15
2019-05-10,133.05,133.6,131.0,131.9,868778.0,115155250.65
2019-05-13,131.1,132.05,129.2,129.7,412786.0,53870829.8
2019-05-14,129.15,130.7,127.9,129.6,801754.0,103575746.4
2019-05-15,129.5,130.65,127.95,128.45,409685.0,52895199.1
2019-05-16,128.35,128.85,127.2,128.0,400373.0,51215389.0
2019-05-17,127.5,127.9,126.15,126.9,611010.0,77553614.8
2019-05-20,128.0,129.9,126.15,126.75,1439227.0,183050800.25
2019-05-21,126.9,128.35,125.4,125.8,1217275.0,153953829.85
2019-05-22,125.9,126.5,124.7,125.95,771592.0,96924529.55
2019-05-23,125.95,126.9,125.0,125.85,947812.0,119421756.9
2019-05-24,125.95,126.15,125.0,125.45,690945.0,86867269.9
2019-05-27,127.05,132.0,127.05,128.25,2442613.0,316802045.9
2019-05-28,128.85,128.9,127.0,127.25,673066.0,85970319.15
2019-05-29,127.4,127.65,126.3,126.5,1178109.0,149608336.75
2019-05-30,126.1,126.8,125.7,126.15,859892.0,108691675.05
2019-05-31,126.1,126.2,124.5,125.3,457788.0,57393033.85
2019-06-03,125.1,125.35,124.1,124.95,441725.0,55153213.95
2019-06-04,124.9,126.3,123.45,124.0,822997.0,102468499.1
2019-06-06,124.3,124.4,121.85,122.15,759033.0,93043093.75
2019-06-07,122.4,123.6,121.25,122.45,619871.0,75916513.9
2019-06-10,123.4,129.45,122.0,127.25,6609709.0,811994020.2
2019-06-11,128.0,134.8,127.6,132.55,4156157.0,545519653.35
2019-06-12,131.1,132.4,129.3,131.15,657288.0,85834364.85
2019-06-13,131.0,132.5,129.6,131.2,395201.0,51724569.5
2019-06-14,131.2,131.75,130.35,131.0,241735.0,31674961.85
2019-06-17,131.9,132.5,128.75,129.55,480092.0,62445205.55
2019-06-18,129.55,131.8,129.0,131.05,698124.0,91142997.1
2019-06-19,131.05,134.0,130.45,132.75,805612.0,106404707.0
2019-06-20,133.0,133.45,130.7,131.15,326509.0,42934422.55
2019-06-21,131.4,131.4,127.75,129.2,996246.0,129170927.1
2019-06-24,128.2,129.95,127.5,129.25,490926.0,63150120.05
2019-06-25,129.0,129.4,128.1,129.0,968578.0,124721538.2
2019-06-26,128.8,130.1,128.1,129.4,1104106.0,142470602.15
2019-06-27,129.2,130.5,128.75,129.75,480088.0,62345766.6
2019-06-28,129.9,130.95,128.8,130.1,1731499.0,225190180.35
2019-07-01,130.15,133.5,130.0,132.85,684086.0,90456913.2
2019-07-02,133.7,134.2,132.55,132.85,346087.0,46078977.5
2019-07-03,132.7,133.7,130.6,133.45,359871.0,47760388.15
2019-07-04,133.2,134.6,133.05,133.8,257284.0,34408081.0
2019-07-05,133.15,133.6,132.0,132.7,611323.0,80927269.45
2019-07-08,132.1,132.65,129.75,130.55,921556.0,120089634.1
2019-07-09,130.5,131.1,129.25,129.8,296994.0,38632933.7
2019-07-10,129.35,130.15,127.2,128.7,562637.0,72268087.2
2019-07-11,129.2,129.35,128.0,128.35,473229.0,60769861.05
2019-07-12,128.4,129.15,127.7,128.9,200037.0,25761571.8
2019-07-15,128.5,130.4,127.6,129.4,208029.0,26808860.6
2019-07-16,129.5,130.8,128.55,130.4,272816.0,35516237.6
2019-07-17,130.2,130.8,128.8,130.35,344598.0,44707849.55
2019-07-18,130.4,132.25,128.6,129.4,555520.0,72468913.6
2019-07-19,129.1,130.25,128.6,129.6,340608.0,44050204.25
2019-07-22,129.1,129.6,127.55,129.3,391556.0,50502118.35
2019-07-23,128.6,130.0,127.85,128.2,1465785.0,189103370.15
2019-07-24,128.05,129.2,126.2,126.85,452012.0,57504161.65
2019-07-25,126.55,127.55,126.05,127.0,296647.0,37611110.7
2019-07-26,126.6,127.0,124.05,124.95,843695.0,105956361.4
2019-07-29,124.2,125.9,123.3,123.9,2024842.0,251210965.6
2019-07-30,123.55,126.25,123.1,123.95,621789.0,77387129.8
2019-07-31,123.05,125.9,119.5,120.0,1960043.0,238237289.6
2019-08-01,119.6,122.9,116.95,118.65,1841610.0,220168763.9
2019-08-02,117.75,119.95,116.1,117.95,971120.0,115113311.85
2019-08-05,117.95,117.95,111.3,116.25,831378.0,94688276.5
2019-08-06,115.5,121.7,115.5,120.7,540397.0,64306562.0
2019-08-07,122.0,124.9,118.2,119.35,2230689.0,274029894.65
2019-08-08,119.9,124.2,118.1,123.7,944079.0,115000255.05
2019-08-09,124.2,124.8,120.65,121.75,814025.0,99595186.35
2019-08-13,121.15,121.7,117.55,118.6,567991.0,67620259.75
2019-08-14,118.25,129.0,117.3,127.7,1243563.0,154654646.15
2019-08-16,127.0,127.35,123.75,125.45,284357.0,35732638.5
2019-08-19,125.9,125.9,122.3,123.6,331759.0,41035993.35
2019-08-20,123.65,124.35,121.8,123.7,353800.0,43627091.6
2019-08-21,123.7,125.4,122.2,122.8,387061.0,47912761.85
2019-08-22,122.4,123.2,120.15,121.55,419979.0,51049316.8
2019-08-23,121.3,123.9,120.7,121.35,3931377.0,478242315.5
2019-08-26,122.0,122.85,120.0,121.45,433432.0,52539179.05
2019-08-27,121.8,124.15,121.2,121.9,417787.0,51256835.45
2019-08-28,121.9,122.8,120.9,122.35,285910.0,34781014.15
2019-08-29,122.1,124.4,121.55,122.25,588080.0,72361349.85
2019-08-30,122.25,125.3,120.35,124.15,466877.0,57409910.7
2019-09-03,122.7,125.25,122.7,123.8,363591.0,45207627.5
2019-09-04,123.3,125.5,122.65,124.7,195388.0,24225034.45
2019-09-05,124.7,125.75,123.6,123.85,140685.0,17511112.45
2019-09-06,123.85,127.8,123.4,126.95,303389.0,38095965.6
2019-09-09,126.2,128.05,126.1,126.6,203811.0,25883188.5
2019-09-11,126.9,129.0,126.0,126.45,253922.0,32342207.65
2019-09-12,126.4,127.35,124.9,125.3,201545.0,25431598.05
2019-09-13,125.8,125.9,124.1,124.7,148201.0,18500931.8
2019-09-16,124.7,125.9,123.5,124.6,277713.0,34678628.95
2019-09-17,124.3,124.9,123.3,123.85,298385.0,37010600.85
2019-09-18,124.0,125.4,123.9,124.75,356951.0,44511586.65
2019-09-19,124.7,128.0,123.6,126.0,547394.0,69401223.6
2019-09-20,126.0,130.45,125.25,129.4,646155.0,82761691.0
2019-09-23,130.1,138.0,128.0,136.9,1391984.0,185333581.15
2019-09-24,137.0,138.35,134.4,136.35,1488557.0,202457874.8
2019-09-25,136.0,136.0,130.0,130.45,621176.0,81624666.7
2019-09-26,130.9,137.8,130.7,137.0,1117552.0,150710025.65
2019-09-27,137.0,138.4,134.55,136.6,658819.0,90190765.7
2019-09-30,136.9,137.7,134.25,135.15,802882.0,108789412.95
2019-10-01,135.05,137.95,132.35,135.65,690796.0,93857624.7
2019-10-03,134.75,136.7,134.55,135.2,660396.0,89420539.45
2019-10-04,135.55,142.9,135.55,139.7,2144737.0,301458377.9
2019-10-07,140.55,141.95,136.9,138.05,770952.0,106902054.4
2019-10-09,138.15,141.3,138.15,140.25,816356.0,114546835.8
2019-10-10,139.9,141.5,139.55,140.85,564954.0,79274211.45
2019-10-11,139.05,139.95,136.25,138.0,1228054.0,169850858.4
2019-10-14,137.8,138.05,131.1,132.75,10270980.0,1365492999.0
2019-10-15,134.9,136.7,133.25,136.05,2918078.0,395631369.7
2019-10-16,136.35,137.9,135.3,136.15,872109.0,119053633.25
2019-10-17,136.2,137.7,135.5,136.75,571284.0,77843669.25
2019-10-18,136.1,139.8,136.1,138.25,1027099.0,142434401.9
2019-10-22,138.1,139.9,136.85,138.4,810369.0,112525285.5
2019-10-23,138.35,139.4,135.85,137.2,744264.0,102883838.65
2019-10-24,137.9,140.9,136.2,137.9,1313755.0,182178230.9
2019-10-25,138.4,138.85,136.5,137.65,425425.0,58538173.65
2019-10-27,138.2,139.7,137.8,139.15,314332.0,43686365.1
2019-10-29,139.5,140.0,138.2,138.65,642313.0,89368891.45
2019-10-30,139.2,140.6,138.1,139.0,905366.0,126433826.7
2019-10-31,139.7,148.7,138.15,146.8,4756638.0,683717549.75
2019-11-01,147.75,152.75,145.9,150.85,6498519.0,974336220.7
2019-11-04,152.0,152.4,149.0,150.35,2435999.0,367447506.05
2019-11-05,150.0,151.4,143.25,145.25,6704050.0,999246157.4
2019-11-06,145.9,147.7,142.2,146.8,1140714.0,165943998.25
2019-11-07,151.0,154.4,147.9,150.8,13476171.0,2039525069.95
2019-11-08,150.8,153.5,149.8,152.05,3404637.0,518319130.95
2019-11-11,153.15,159.95,152.25,158.6,7887743.0,1238041210.6
2019-11-13,158.6,159.4,153.35,156.75,3863541.0,604757390.65
2019-11-14,156.8,159.7,155.2,156.2,3097070.0,486759750.45
2019-11-15,158.25,161.0,129.0,143.8,44526375.0,6259064681.7
2019-11-18,138.55,143.8,134.4,142.75,7728031.0,1086340888.55
2019-11-19,142.9,144.45,141.55,144.05,1790374.0,256811954.4
2019-11-20,143.55,143.8,141.75,142.5,1068567.0,152674298.7
2019-11-21,142.0,142.95,139.05,140.1,991684.0,139315244.8
2019-11-22,140.4,146.8,140.35,145.55,2060263.0,296484204.15
2019-11-25,145.4,145.6,143.1,143.9,1091021.0,157379439.3
2019-11-26,144.0,144.9,138.5,140.25,770323.0,109263813.65
2019-11-27,140.3,140.85,137.15,139.1,528737.0,73470014.1
2019-11-28,139.1,141.8,138.7,139.85,339178.0,47546297.15
2019-11-29,138.75,139.5,138.0,138.75,577673.0,80095173.8
2019-12-02,138.9,139.7,137.55,139.0,485922.0,67391108.7
2019-12-03,139.0,139.15,137.15,137.95,323117.0,44573281.8
2019-12-04,137.1,139.2,137.1,138.85,469128.0,64994727.9
2019-12-05,138.55,139.05,137.2,137.85,305385.0,42172138.95
2019-12-06,137.9,139.0,137.05,137.25,304623.0,41901909.6
2019-12-09,137.25,139.35,136.1,137.3,790653.0,108615940.7
2019-12-10,137.4,137.7,135.8,136.45,1954970.0,267700685.2
2019-12-11,136.1,136.8,134.6,135.0,1624675.0,219539153.7
2019-12-12,135.4,137.9,134.7,137.15,2458953.0,333663270.4
2019-12-13,137.0,137.65,135.3,136.25,340302.0,46515997.6
2019-12-16,136.25,136.4,134.6,134.95,561137.0,75884841.85
2019-12-17,135.4,137.4,134.25,135.0,366930.0,49676443.25
2019-12-18,135.0,135.55,133.1,133.45,318911.0,42710459.05
2019-12-19,133.45,138.4,133.1,137.6,1000934.0,136966390.0
2019-12-20,137.2,137.7,134.4,135.3,413952.0,56215649.7
2019-12-23,134.3,134.35,130.55,132.05,3146457.0,415503591.1
2019-12-24,131.7,132.0,130.35,130.6,317923.0,41666853.0
2019-12-26,130.65,133.2,130.05,130.75,279539.0,36726579.8
2019-12-27,130.9,133.0,130.1,131.35,697213.0,91476411.2
2019-12-30,131.5,131.95,129.0,129.3,298050.0,38820517.35
2019-12-31,129.4,133.95,129.2,131.9,1032722.0,136742257.1
2020-01-01,132.4,133.4,131.3,132.95,199669.0,26473537.2
2020-01-02,133.45,136.35,132.55,134.15,637088.0,85495537.35
2020-01-03,133.6,136.0,133.4,135.05,659414.0,89120646.8
2020-01-06,134.25,134.65,132.15,133.05,480400.0,63910090.4
2020-01-07,133.4,135.05,131.35,133.05,500000.0,66743742.7
2020-01-08,132.5,136.0,131.3,133.6,6238333.0,832119304.45
2020-01-09,135.6,136.0,134.1,135.5,1081802.0,146252159.15
2020-01-10,135.1,139.0,134.65,137.9,888491.0,122161598.4
2020-01-13,139.0,143.95,137.35,143.15,2567210.0,363079836.75
2020-01-14,144.0,144.0,140.6,143.25,889692.0,126932159.8
2020-01-15,143.05,144.8,142.4,143.55,791831.0,113575551.55
2020-01-16,143.9,144.85,142.25,144.0,1133965.0,162938070.45
2020-01-17,144.0,144.35,138.5,141.65,796786.0,112151719.1
2020-01-20,142.5,144.15,141.8,143.15,1420996.0,203312936.55
2020-01-21,142.05,146.8,142.0,146.15,4456421.0,643459819.05
2020-01-22,148.55,153.35,146.3,151.75,9515716.0,1428169821.1
2020-01-23,152.75,155.4,150.65,154.0,2311259.0,355255555.5
2020-01-24,153.85,155.25,151.8,153.2,1313374.0,201910769.35
2020-01-27,156.0,157.15,154.1,155.95,2525124.0,393312285.95
2020-01-28,156.1,156.95,153.35,155.25,4635625.0,714471410.2
2020-01-29,155.95,156.8,154.65,156.3,808934.0,126165400.05
2020-01-30,157.0,157.4,154.8,156.05,1822091.0,284629657.4
2020-01-31,156.9,157.7,151.45,153.45,1933119.0,296576507.25
2020-02-01,153.4,154.65,150.3,151.55,2175308.0,331500410.4
2020-02-03,149.25,155.15,149.25,152.7,2865425.0,438231616.2
2020-02-04,152.7,159.8,151.65,154.85,1782860.0,279533536.55
2020-02-05,154.85,157.6,154.0,156.8,874925.0,136698948.1
2020-02-06,156.55,156.55,153.75,155.7,349186.0,54189062.05
2020-02-07,154.25,169.0,154.25,163.65,6128752.0,1000042155.45
2020-02-10,164.2,166.0,159.15,164.45,1509455.0,245406826.1
2020-02-11,163.0,163.0,155.2,159.7,2221649.0,353716748.75
2020-02-12,159.0,159.1,154.0,155.05,1731166.0,269697363.3
2020-02-13,155.1,161.7,154.55,157.7,1283770.0,203409204.85
2020-02-14,157.6,159.3,155.1,156.1,882359.0,138127731.2
2020-02-17,157.0,157.8,149.1,150.75,1001496.0,152032315.9
2020-02-18,150.6,155.45,149.55,151.8,903732.0,137655616.1
2020-02-19,152.05,159.45,151.35,157.4,1093466.0,171132151.9
2020-02-20,157.3,158.6,153.5,156.3,671168.0,104464812.4
2020-02-24,156.0,156.4,152.4,153.3,731574.0,112198940.55
2020-02-25,153.05,156.85,151.0,154.6,1195195.0,184194179.45
2020-02-26,154.6,160.25,153.1,156.7,2099578.0,330847389.55
2020-02-27,155.2,156.9,152.0,155.9,854082.0,131990966.15
2020-02-28,151.55,156.9,150.0,154.05,1098570.0,168853797.5
2020-03-02,156.1,157.0,151.0,152.0,1824050.0,279206547.7
2020-03-03,153.5,156.1,151.0,153.8,1262588.0,193761935.15
2020-03-04,155.7,156.75,152.6,153.8,1409635.0,217478330.8
2020-03-05,153.5,156.95,153.0,154.55,1132076.0,175931004.4
2020-03-06,152.0,152.85,148.2,149.3,2962811.0,443916249.9
2020-03-09,146.0,152.95,141.0,143.85,3478787.0,500113366.2
2020-03-11,142.15,145.95,139.75,144.9,873771.0,124319678.35
2020-03-12,138.05,141.9,134.1,135.75,3607900.0,496217453.85
2020-03-13,120.0,142.4,117.1,138.7,1515437.0,202559950.0
2020-03-16,133.0,137.8,129.3,130.8,1228944.0,162052751.35
2020-03-17,131.0,134.35,127.35,130.9,1309478.0,171250169.75
2020-03-18,132.4,134.0,118.55,121.55,1983802.0,245975272.8
2020-03-19,117.1,124.0,115.2,121.25,1333182.0,158871025.4
2020-03-20,123.0,135.9,121.7,131.9,1392885.0,180666947.05
2020-03-23,118.55,127.85,115.35,121.35,1264255.0,152594705.9
2020-03-24,123.5,130.5,120.5,128.65,1465145.0,186763073.1
2020-03-25,130.0,134.1,124.4,131.6,758372.0,97820030.65
2020-03-26,130.35,133.9,128.2,129.6,1507886.0,196492773.5
2020-03-27,132.5,132.5,125.0,128.95,1897551.0,244607297.8
2020-03-30,128.0,129.0,123.0,127.1,1954256.0,245188291.55
2020-03-31,133.0,133.0,124.75,126.15,1323064.0,168425233.25
2020-04-01,126.15,127.0,120.25,121.2,677745.0,83182311.35
2020-04-03,121.7,125.8,119.1,122.15,813065.0,99829428.0
2020-04-07,124.1,124.8,120.2,123.8,1784112.0,219154620.15
2020-04-08,123.4,125.95,121.35,123.3,952237.0,117835264.2
2020-04-09,123.8,130.0,123.1,127.15,1244560.0,157206681.8
2020-04-13,126.6,127.0,122.1,123.7,1307455.0,161530896.0
2020-04-15,125.05,125.45,120.1,121.0,1743665.0,213333620.1
2020-04-16,120.0,120.75,117.7,119.15,916569.0,109267210.45
2020-04-17,121.0,122.1,117.65,118.05,1182246.0,140543093.25
2020-04-20,119.05,124.4,118.5,122.65,2048575.0,250666301.75
2020-04-21,120.2,121.9,117.85,118.35,761056.0,90991345.05
2020-04-22,118.3,124.9,117.8,123.25,1695494.0,204983918.85
2020-04-23,124.0,124.8,122.05,124.0,1038138.0,128634625.15
2020-04-24,122.9,124.0,121.1,121.45,587797.0,72272026.9
2020-04-27,122.0,122.7,119.0,119.4,807105.0,96915448.45
2020-04-28,120.95,120.95,116.7,117.5,583081.0,68761121.9
2020-04-29,118.0,120.2,115.6,117.15,1413452.0,165731733.3
2020-04-30,119.95,127.95,118.4,127.0,1984965.0,246471157.4
2020-05-04,124.0,126.8,119.9,125.25,1432507.0,175697371.8
2020-05-05,125.65,126.45,121.8,122.15,404008.0,50195226.1
2020-05-06,122.15,123.9,121.1,121.95,408011.0,49901641.3
2020-05-07,121.25,124.3,121.25,124.0,374022.0,46135279.9
2020-05-08,124.95,125.95,123.15,125.05,480430.0,59731297.1
2020-05-11,125.9,125.95,123.05,124.5,1251699.0,155314621.8
2020-05-12,123.8,124.2,119.85,120.2,644668.0,78525998.95
2020-05-13,122.95,122.95,118.2,118.85,776796.0,93214368.75
2020-05-14,119.0,119.35,117.1,117.7,630535.0,74393398.55
2020-05-15,118.0,118.35,116.6,117.25,467430.0,54918011.0
2020-05-18,120.9,120.9,116.2,116.5,418243.0,49084647.9
2020-05-19,117.0,117.5,115.55,115.9,450486.0,52250702.95
2020-05-20,115.5,116.8,114.6,115.15,463387.0,53400553.75
2020-05-21,115.4,117.5,115.05,116.5,892730.0,104034596.95
2020-05-22,116.45,116.9,113.9,114.15,440612.0,50506913.85
2020-05-26,114.55,115.45,113.1,114.9,610380.0,69587998.4
2020-05-27,115.0,115.45,113.35,113.5,1475258.0,168122135.35
2020-05-28,113.55,118.0,113.55,114.55,602404.0,69715226.3
2020-05-29,114.0,118.15,114.0,115.65,2138902.0,247259684.0
2020-06-01,116.95,122.5,114.55,120.85,4962452.0,580091528.2
2020-06-02,122.0,123.0,118.1,118.95,863298.0,104013844.4
2020-06-03,120.0,120.7,116.75,117.65,836774.0,99262438.0
2020-06-04,117.65,118.65,116.1,116.75,612869.0,71693016.6
2020-06-05,117.0,118.4,117.0,117.65,1102172.0,129861137.35
2020-06-08,118.5,121.3,116.35,117.0,3553101.0,416563815.25
2020-06-09,118.0,120.0,117.7,118.15,1023160.0,121561198.1
2020-06-10,118.5,125.4,118.2,121.9,5845389.0,717653238.05
2020-06-11,122.3,126.7,119.1,120.1,1922882.0,237164429.35
2020-06-12,117.1,122.35,116.8,120.2,3877838.0,462794282.2
2020-06-15,120.8,122.75,118.4,119.3,1074884.0,129438963.85
2020-06-16,120.5,127.9,120.2,123.6,5309493.0,659584036.15
2020-06-17,123.2,124.8,122.3,122.85,1213435.0,149756411.0
2020-06-18,122.0,125.9,120.9,122.25,3308818.0,408139823.15
2020-06-19,122.6,124.9,121.5,122.4,2849024.0,350123257.6
2020-06-22,123.3,123.85,120.35,121.25,1243817.0,151550267.75
2020-06-23,121.0,129.8,121.0,127.1,7084326.0,887750413.15
2020-06-24,130.0,130.65,122.2,123.45,2736359.0,342831732.7
2020-06-25,122.9,127.0,122.9,124.5,1584245.0,198469445.1
2020-06-26,125.4,125.9,123.0,123.35,1579278.0,195973501.05
2020-06-29,123.0,123.6,121.0,122.1,1606216.0,196199103.7
2020-06-30,122.75,123.45,121.4,121.95,1663312.0,203493121.0
2020-07-01,122.0,124.9,121.75,122.6,1696766.0,210027940.65
2020-07-02,124.5,131.75,123.1,128.3,7700160.0,985312302.95
2020-07-03,129.0,131.25,126.1,126.75,2249177.0,287679007.35
2020-07-06,128.0,128.0,123.15,123.7,3216603.0,402745830.4
2020-07-07,124.15,125.65,122.3,123.6,2538388.0,313598659.0
2020-07-08,124.75,124.75,122.6,122.95,1899425.0,233753245.85
2020-07-09,123.0,123.9,122.6,122.75,1098799.0,135026144.05
2020-07-10,122.75,123.9,121.0,121.4,924294.0,112904196.5
2020-07-13,122.05,124.4,121.8,123.15,1435724.0,176984522.9
2020-07-14,123.7,130.9,123.55,127.4,6543170.0,834230735.85
2020-07-15,128.4,133.0,127.4,128.5,3505768.0,456272343.35
2020-07-16,128.5,130.7,127.1,129.85,1664435.0,215268965.25
2020-07-17,130.25,134.5,126.55,128.55,6929664.0,904169438.4
2020-07-20,128.7,133.9,128.7,133.25,2497039.0,328781533.5
2020-07-21,134.0,136.3,132.7,134.6,2574189.0,346184093.1
2020-07-22,134.6,135.0,130.7,133.75,1568968.0,208582884.65
2020-07-23,134.0,139.0,134.0,138.1,1820913.0,248775596.75
2020-07-24,136.9,138.4,134.25,135.2,1425464.0,193257786.2
2020-07-27,136.7,137.35,133.5,135.55,2146773.0,290325445.15
2020-07-28,135.55,137.25,135.0,136.4,596977.0,81256214.3
2020-07-29,136.5,137.7,134.5,136.2,734922.0,99935039.7
2020-07-30,136.3,140.0,136.0,138.5,2177669.0,300071938.85
2020-07-31,138.95,138.95,136.7,138.0,1461076.0,201309224.45
2020-08-03,136.0,139.4,134.5,138.0,1220414.0,167446112.7
2020-08-04,139.3,141.7,137.4,138.5,1308733.0,182218018.5
2020-08-05,139.0,140.1,137.05,138.5,995829.0,138059585.35
2020-08-06,139.0,141.0,138.4,139.9,792071.0,110296333.75
2020-08-07,140.9,141.0,137.15,138.0,961673.0,133195856.9
2020-08-10,139.35,140.75,137.55,138.0,1271295.0,176818140.95
2020-08-11,138.7,139.7,136.05,136.5,568173.0,78342622.4
2020-08-12,136.45,136.45,134.1,134.5,528987.0,71419975.6
2020-08-13,135.0,135.7,132.1,132.65,865724.0,115313031.65
2020-08-14,133.45,137.4,132.0,135.4,1676125.0,225562233.35
2020-08-17,135.5,136.45,133.4,135.45,1138431.0,153321334.75
2020-08-18,136.0,142.0,135.6,140.75,2587840.0,361854159.65
2020-08-19,141.5,141.9,138.75,139.7,1815591.0,253955693.1
2020-08-20,138.9,141.5,138.2,139.9,1214485.0,169762413.6
2020-08-21,140.0,142.8,136.1,137.6,3748277.0,524784360.3
2020-08-24,137.5,140.75,135.55,139.05,3340644.0,461073669.05
2020-08-25,139.4,139.5,135.7,136.05,821573.0,112329244.6
2020-08-26,136.4,137.35,135.6,135.9,536753.0,73046061.05
2020-08-27,135.9,137.6,135.1,135.6,1386115.0,188511482.25
2020-08-28,135.9,136.1,133.0,133.15,861716.0,115682421.15
2020-08-31,133.45,133.9,129.25,132.8,2214705.0,291739605.5
2020-09-01,133.9,133.9,130.65,131.75,692584.0,91311025.6
2020-09-02,132.45,135.45,131.7,133.4,415041.0,55261652.0
2020-09-03,133.7,135.1,132.05,132.65,703510.0,94137677.9
2020-09-04,131.95,134.0,130.95,133.1,836301.0,110946937.15
2020-09-07,133.85,136.0,133.35,134.9,791905.0,107037529.45
2020-09-08,134.8,136.95,133.3,135.35,817844.0,110578628.15
2020-09-09,135.0,136.75,134.3,135.05,1282401.0,173334950.3
2020-09-10,135.1,135.9,133.1,133.6,746661.0,100725631.15
2020-09-11,134.15,138.9,133.6,135.25,3276278.0,442431438.35
2020-09-14,135.95,136.25,131.6,132.9,843084.0,112732537.15
2020-09-15,133.1,133.7,130.8,131.45,1037531.0,137093698.5
2020-09-16,133.0,133.7,131.6,132.35,691409.0,91805861.25
2020-09-17,132.0,135.75,131.5,134.7,739292.0,98745816.5
2020-09-18,135.0,135.85,131.8,132.95,738149.0,98915576.4
2020-09-21,133.1,134.7,130.2,131.35,639217.0,84426347.05
2020-09-22,131.35,133.0,129.45,132.05,567004.0,74222420.85
2020-09-23,132.6,137.55,132.2,134.9,1674533.0,226007690.15
2020-09-24,133.6,141.45,133.0,136.5,3381745.0,466246832.0
2020-09-25,137.2,138.75,135.55,137.15,1049484.0,143636828.8
2020-09-28,137.8,139.0,137.0,137.1,1196300.0,164333942.9
2020-09-29,137.4,137.9,136.0,136.3,1013579.0,138457931.1
2020-09-30,136.5,136.9,134.1,135.3,677714.0,91736760.7
2020-10-01,135.9,136.3,135.0,135.3,460099.0,62322888.3
2020-10-05,136.3,136.85,135.0,135.15,590977.0,80415125.75
2020-10-06,135.45,137.2,134.2,134.9,3355337.0,454928190.45
2020-10-07,135.0,142.7,134.25,140.15,5218673.0,726340426.7
2020-10-08,139.85,139.9,135.6,135.95,2018482.0,276834103.8
2020-10-09,135.95,136.9,132.75,133.6,8745623.0,1169907697.3
2020-10-12,134.9,136.4,133.0,133.8,1537084.0,206480260.05
2020-10-13,133.9,138.4,133.85,136.45,3802545.0,518861034.1
2020-10-14,136.0,136.0,127.55,129.9,8394290.0,1094240341.05
2020-10-15,130.4,130.8,126.15,126.85,1113162.0,142568285.8
2020-10-16,127.4,128.5,125.5,127.05,1496402.0,189576425.7
2020-10-19,127.5,128.4,126.1,126.9,1464628.0,185970787.7
2020-10-20,126.8,127.25,125.15,125.45,704074.0,88870861.3
2020-10-21,125.8,127.9,125.55,126.9,1554676.0,197452681.0
2020-10-22,126.8,128.7,126.5,128.3,763222.0,97546664.05
2020-10-23,128.4,128.75,126.05,126.6,1061404.0,134725074.6
2020-10-26,126.9,127.6,125.5,125.75,791842.0,100039346.0
2020-10-27,125.75,126.45,123.25,123.9,1071950.0,133418484.65
2020-10-28,124.5,126.75,124.15,126.3,1018996.0,128243053.7
2020-10-29,126.0,127.1,125.2,126.85,707947.0,89617571.45
2020-10-30,126.15,127.05,123.2,125.6,877824.0,109827214.45
2020-11-02,125.2,129.25,124.7,128.1,8196819.0,1034815193.65
2020-11-03,129.35,133.15,128.05,130.4,3408186.0,445547598.9
2020-11-04,130.8,130.8,127.0,127.6,650432.0,83559943.6
2020-11-05,128.1,132.55,127.45,131.15,806385.0,105006809.0
2020-11-06,131.0,132.75,128.3,128.95,807526.0,105282535.35
2020-11-09,129.65,130.15,128.5,128.9,311887.0,40281922.75
2020-11-10,129.35,129.85,126.55,126.65,1001620.0,127850502.65
2020-11-11,126.7,132.5,126.7,131.4,1888787.0,246750060.45
2020-11-12,133.0,136.8,132.5,135.0,3349198.0,452436399.75
2020-11-13,133.95,142.8,131.4,141.9,5589252.0,779384730.95
2020-11-14,143.0,144.5,141.2,143.45,781958.0,111816947.15
2020-11-17,143.8,144.5,138.55,141.85,1851079.0,262830480.7
2020-11-18,141.9,143.4,139.2,139.6,989701.0,139178710.15
2020-11-19,139.05,143.4,136.5,137.15,1147855.0,160373366.35
2020-11-20,137.6,140.0,136.6,139.2,1204894.0,166919638.4
2020-11-23,140.0,143.35,138.25,142.3,1758239.0,249346775.8
2020-11-24,143.0,151.0,141.7,146.6,7399402.0,1084377547.3
2020-11-25,147.0,151.6,144.1,145.25,3093146.0,455978770.5
2020-11-26,149.0,150.0,145.3,148.0,5280833.0,781953412.95
2020-11-27,148.7,153.85,148.35,150.9,5346027.0,806503103.7
2020-12-01,152.15,155.9,148.05,152.95,7981013.0,1227416879.65
2020-12-02,154.2,154.5,148.1,150.05,2429671.0,368229012.1
2020-12-03,145.9,147.8,144.1,144.95,3773935.0,548994731.5
2020-12-04,146.0,147.0,141.1,142.2,2209526.0,316967127.0
2020-12-07,142.4,145.9,142.4,145.15,1704276.0,246541310.8
2020-12-08,146.05,147.9,143.5,144.9,2194384.0,319333111.15
2020-12-09,145.55,146.0,142.5,144.15,1163636.0,167952519.15
2020-12-10,143.7,148.95,141.75,148.1,2295851.0,336527633.2
2020-12-11,148.9,153.4,148.2,152.15,4121121.0,623443505.8
2020-12-14,152.0,157.85,150.1,155.4,4544849.0,701047782.9
2020-12-15,155.05,159.45,154.05,158.15,6159495.0,966019754.3
2020-12-16,159.5,162.0,156.55,158.0,1698199.0,269766081.75
2020-12-17,157.9,162.0,157.05,158.25,1826575.0,291846371.95
2020-12-18,157.3,161.6,153.1,158.85,4837694.0,773611150.4
2020-12-21,159.1,161.8,150.4,152.75,2137509.0,333019640.3
2020-12-22,153.0,157.8,148.05,154.35,2318147.0,356774563.6
2020-12-23,154.9,158.45,152.55,154.0,2251989.0,350748682.55
2020-12-24,154.95,157.1,153.2,154.05,1328722.0,205959588.4
2020-12-28,154.9,158.4,154.25,155.65,1038264.0,161873252.75
2020-12-29,155.95,157.0,152.35,156.3,1506280.0,232948619.55
2020-12-30,155.1,156.2,151.4,154.3,1309215.0,201166682.4
2020-12-31,156.3,158.6,154.1,155.2,2047677.0,320072386.5
2021-01-01,156.0,156.6,154.15,156.0,670919.0,104297323.1
2021-01-04,156.9,157.4,153.25,155.75,2250071.0,350547913.85
2021-01-05,155.0,159.9,154.0,155.9,3960113.0,615886780.15
2021-01-06,160.0,168.9,158.55,162.1,14196916.0,2311401717.1
2021-01-07,164.0,166.5,160.6,163.9,3645932.0,597661063.5
2021-01-08,165.7,181.2,164.85,179.4,16293902.0,2852555357.7
2021-01-11,180.95,182.1,170.5,174.4,6653525.0,1163858824.9
2021-01-12,175.95,177.1,171.15,171.8,3270150.0,566865887.9
2021-01-13,172.05,176.5,162.1,167.55,5104842.0,858302095.2
2021-01-14,167.0,177.75,164.55,171.65,5419711.0,937139045.45
2021-01-15,171.5,172.65,164.7,166.35,3258556.0,543621722.2
2021-01-18,167.1,170.0,163.2,163.9,2790557.0,462628781.45
2021-01-19,165.75,169.7,165.25,168.8,1646882.0,276191046.25
2021-01-20,168.6,170.5,166.35,167.2,1581727.0,265226954.3
2021-01-21,168.1,171.1,162.5,163.65,2089113.0,348085296.8
2021-01-22,164.4,169.4,163.5,165.7,2782513.0,461431046.75
2021-01-25,166.85,177.0,163.1,172.4,6400409.0,1103844419.95
2021-01-27,172.6,173.7,162.75,164.4,4210193.0,706988750.05
2021-01-28,162.9,165.95,161.2,162.6,2113804.0,345101306.6
2021-01-29,163.65,164.7,160.5,161.55,1640846.0,265462971.1
2021-02-01,163.0,165.0,160.25,163.6,3644422.0,594960054.05
2021-02-02,165.3,166.25,163.1,163.85,1054622.0,173433590.25
2021-02-03,164.2,170.0,163.4,169.35,2928550.0,492245569.5
2021-02-04,170.0,172.0,167.6,171.15,1551150.0,263489279.65
2021-02-05,172.5,173.0,164.1,167.5,2680143.0,452981206.0
2021-02-08,171.75,173.0,168.0,168.75,2545140.0,433940254.2
2021-02-09,169.45,179.4,168.8,173.95,6610807.0,1159692055.65
2021-02-10,175.0,180.0,171.55,177.8,5106654.0,900953415.5
2021-02-11,176.4,176.5,169.65,171.15,4418615.0,764473755.0
2021-02-12,171.45,172.75,165.0,165.45,3910590.0,653115252.1
2021-02-15,166.9,167.65,161.7,163.45,3256751.0,533542771.1
2021-02-16,164.9,166.85,161.6,162.7,2942249.0,480684039.15
2021-02-17,163.0,165.0,157.6,160.55,5360551.0,860515226.9
2021-02-18,162.0,163.5,159.2,160.05,4012344.0,645202656.35
2021-02-19,159.0,161.5,158.0,158.85,1803767.0,286975054.75
2021-02-22,159.45,160.2,156.0,159.35,2301557.0,364310909.1
2021-02-23,160.0,164.95,159.35,162.55,2824089.0,460369681.35
2021-02-24,164.0,164.2,159.25,160.6,709665.0,115042224.05
2021-02-25,160.65,161.9,158.5,159.0,1889983.0,301876284.25
2021-02-26,157.0,160.55,156.45,158.35,1108001.0,175966325.1
2021-03-01,159.0,172.4,159.0,170.75,5710024.0,958693789.75
2021-03-02,172.5,179.9,169.55,175.55,4919780.0,864388912.6
2021-03-03,177.0,179.75,170.35,173.9,4121967.0,727057935.85
2021-03-04,170.0,184.7,169.7,178.55,6426919.0,1154939377.3
2021-03-05,178.3,186.0,174.0,177.4,4369247.0,785498320.3
2021-03-08,178.15,181.4,175.65,178.05,2280145.0,406947405.9
2021-03-09,179.0,184.9,177.4,181.7,6748783.0,1219628703.25
2021-03-10,182.5,185.0,176.1,179.7,3856608.0,703520903.95
2021-03-12,182.4,183.45,177.7,180.05,3619549.0,654554884.4
2021-03-15,180.8,188.95,177.65,186.9,5468749.0,1006554733.85
2021-03-16,188.65,206.3,186.95,194.05,17999272.0,3537698106.85
2021-03-17,195.2,199.2,183.1,184.65,6952488.0,1320758141.3
2021-03-18,190.0,193.7,186.5,188.45,7162945.0,1366692355.2
2021-03-19,188.0,195.4,183.1,192.4,4520119.0,862714652.8
2021-03-22,193.15,204.5,191.05,202.15,8868991.0,1760859286.05
2021-03-23,203.9,212.7,200.0,208.95,5448134.0,1120602673.65
2021-03-24,209.0,216.7,206.0,207.85,9688878.0,2046122006.3
2021-03-25,209.3,211.8,195.55,199.85,5749238.0,1166995231.55
2021-03-26,204.0,205.8,196.2,198.55,2943558.0,592500903.7
2021-03-30,201.7,205.65,197.5,200.6,2651307.0,531560584.75
2021-03-31,201.0,202.0,196.0,199.15,2289561.0,456001100.35
2021-04-01,201.0,203.8,198.15,202.25,1650936.0,331400182.75
2021-04-05,204.0,227.35,201.2,219.4,13070896.0,2834076783.6
2021-04-06,218.95,218.95,212.25,214.95,6971422.0,1496453346.55
2021-04-07,215.2,219.65,212.5,213.55,3380642.0,727788766.65
2021-04-08,215.0,223.3,211.0,212.35,5993349.0,1298044804.35
2021-04-09,214.1,215.55,207.15,207.95,3139824.0,659749129.65
2021-04-12,204.0,216.0,201.0,205.95,6623960.0,1386758744.75
2021-04-13,206.2,209.45,199.25,200.9,5224442.0,1067503631.4
2021-04-15,203.0,208.7,201.2,205.9,4553093.0,932163405.65
2021-04-16,206.5,206.5,203.0,203.65,2417435.0,493006207.15
2021-04-19,201.75,207.6,198.95,200.4,4288546.0,871344465.65
2021-04-20,203.85,217.5,203.1,207.9,10949396.0,2290215287.55
2021-04-22,209.0,214.0,208.6,211.25,6077541.0,1285428820.25
2021-04-23,212.65,214.75,205.35,207.8,3574189.0,748625880.25
2021-04-26,209.1,210.0,204.5,204.9,2379968.0,491647797.15
2021-04-27,206.05,211.4,205.3,208.85,2737706.0,571040954.5
2021-04-28,210.6,216.0,210.0,211.7,3781016.0,804501423.05
2021-04-29,213.65,216.65,209.0,210.25,3477855.0,741613146.4
2021-04-30,210.45,215.5,210.0,210.7,2444471.0,519315281.05
2021-05-03,214.0,228.4,213.3,223.9,16074527.0,3574526527.05
2021-05-04,228.15,231.0,213.6,215.35,8059458.0,1783251071.85
2021-05-05,218.0,224.4,215.2,221.0,7484763.0,1642057340.8
2021-05-06,222.6,223.5,218.25,219.9,2793784.0,615702659.9
2021-05-07,221.5,236.0,219.0,232.9,15571198.0,3569065902.9
2021-05-10,235.0,239.85,230.45,234.45,7822837.0,1841487940.35
2021-05-11,232.85,242.1,230.1,236.2,8886344.0,2106146922.55
2021-05-12,236.2,237.05,227.1,230.75,3528151.0,820956847.4
2021-05-14,232.45,232.95,220.5,221.85,5078807.0,1144137305.2
2021-05-17,223.2,226.65,217.9,224.05,2861859.0,640551818.35
2021-05-18,225.0,225.95,221.5,222.9,2106188.0,470672703.45
2021-05-19,223.9,223.9,220.0,221.6,2264108.0,503582110.3
2021-05-20,222.0,226.7,219.75,221.4,4418577.0,986493892.95
2021-05-21,222.5,229.7,221.75,227.5,3798892.0,861514476.15
2021-05-24,228.65,229.4,225.35,227.15,2016108.0,458176678.45
2021-05-25,228.2,233.3,223.7,225.65,2868626.0,655686660.85
2021-05-26,226.8,228.75,224.5,227.25,1618623.0,367466581.55
2021-05-27,228.85,228.9,224.55,226.25,2221623.0,504413537.1
2021-05-28,227.55,235.0,225.65,230.1,5646216.0,1308024371.4
2021-05-31,235.0,235.0,227.0,227.65,3970503.0,914117800.65
2021-06-01,229.1,233.1,227.15,230.05,5005463.0,1153160139.0
2021-06-02,228.05,231.65,227.85,228.55,1610265.0,369466774.5
2021-06-03,229.9,230.7,225.6,227.25,3377938.0,770904055.9
2021-06-04,228.35,229.2,223.65,226.95,6764676.0,1537938096.35
2021-06-07,228.2,238.85,227.25,236.25,6820060.0,1594687323.05
2021-06-08,237.0,244.15,234.0,235.9,5810837.0,1383496041.45
2021-06-09,237.6,237.95,229.3,230.85,3537076.0,826412746.75
2021-06-10,232.0,237.5,232.0,236.15,4146004.0,976395190.8
2021-06-11,237.35,237.35,229.1,233.0,3010824.0,702876580.0
2021-06-14,234.4,236.5,228.3,234.3,3115538.0,726713559.5
2021-06-15,235.3,236.0,231.3,232.6,1700377.0,397467137.5
2021-06-16,232.0,241.45,229.1,238.1,4427938.0,1047225688.25
2021-06-17,236.6,242.0,232.15,233.95,2650207.0,629629902.2
2021-06-18,235.5,237.3,227.0,232.0,4262994.0,990411499.15
2021-06-21,228.95,237.3,227.55,235.15,1920622.0,449582884.05
2021-06-22,237.0,237.3,231.5,232.0,2005761.0,469468278.85
2021-06-23,233.35,235.0,231.25,231.95,1055758.0,245697245.1
2021-06-24,232.5,234.0,231.4,232.9,1221504.0,284006367.7
2021-06-25,232.9,245.6,231.0,241.0,9968856.0,2380740768.35
2021-06-28,244.5,245.35,236.2,237.75,3568772.0,860755741.0
2021-06-29,237.15,245.35,236.05,240.3,3567997.0,860366835.8
2021-06-30,242.0,247.75,238.35,243.4,4270182.0,1041337306.25
2021-07-01,244.75,249.5,242.85,247.05,5047736.0,1247999481.75
2021-07-02,248.3,253.9,244.15,248.95,5396530.0,1347758329.65
2021-07-05,251.0,251.2,245.5,247.05,1863759.0,461867589.1
2021-07-06,247.15,248.45,241.6,243.9,1717683.0,420132749.65
2021-07-07,245.0,247.5,241.65,243.0,1279504.0,312033646.2
2021-07-08,244.25,244.8,237.25,239.4,1385006.0,333519470.8
2021-07-09,239.1,241.9,236.05,237.0,1811802.0,432867897.1
2021-07-12,238.0,239.0,234.65,235.85,1469291.0,347964948.2
2021-07-13,237.95,237.95,233.2,233.85,1901989.0,446263830.15
2021-07-14,234.0,243.0,232.5,239.3,7510626.0,1774003359.75
2021-07-15,240.5,242.8,236.6,237.95,2087052.0,500317380.8
2021-07-16,239.2,239.8,234.7,235.35,1095270.0,259505558.25
2021-07-19,234.0,242.5,231.75,236.8,3195842.0,759983936.65
2021-07-20,238.0,243.0,234.2,236.95,2846091.0,679913969.05
2021-07-22,238.0,240.8,236.2,239.25,1488418.0,355734486.2
2021-07-23,237.25,243.8,237.25,241.9,1897182.0,456753505.4
2021-07-26,241.9,248.15,240.0,246.65,3634292.0,892150099.6
2021-07-27,247.1,257.05,246.6,254.95,6638535.0,1675751524.95
2021-07-28,257.3,259.8,245.1,249.7,5167497.0,1302383360.2
2021-07-29,251.25,255.0,246.7,252.55,1925994.0,484378477.4
2021-07-30,254.55,254.55,246.6,250.7,2095878.0,524825773.35
2021-08-02,251.5,254.4,248.55,251.4,1220510.0,307046721.7
2021-08-03,252.3,256.0,251.1,255.05,1864037.0,474027966.9
2021-08-04,255.3,256.75,246.45,248.05,1815527.0,454619515.3
2021-08-05,248.7,248.7,240.1,243.3,1720813.0,419829260.8
2021-08-06,244.4,247.95,242.6,245.15,1079261.0,264271217.4
2021-08-09,245.0,248.65,237.85,238.55,1671685.0,406634125.15
2021-08-10,240.0,242.0,226.0,232.65,2470795.0,577626831.4
2021-08-11,232.95,238.0,225.0,235.85,2658892.0,616973114.85
2021-08-12,236.85,244.3,233.45,241.25,2101244.0,506467874.75
2021-08-13,242.9,242.9,235.35,236.5,985820.0,235921754.1
2021-08-16,247.0,260.9,240.75,257.7,13847979.0,3498611967.15
2021-08-17,257.45,269.4,256.15,264.6,16360052.0,4322452464.35
2021-08-18,264.5,274.5,259.0,267.75,11855819.0,3179307629.85
2021-08-20,263.0,285.9,261.0,277.6,25875824.0,7211008451.9
2021-08-23,289.9,291.35,271.55,280.0,12765049.0,3599372296.75
2021-08-24,280.0,286.7,272.15,280.05,8286796.0,2314694147.4
2021-08-25,286.95,288.0,277.3,280.8,5911135.0,1662380258.65
2021-08-26,282.0,283.6,274.4,277.55,2438316.0,678840380.1
2021-08-27,274.0,296.9,269.4,294.5,13613526.0,3903618954.2
2021-08-30,297.0,303.8,282.0,285.7,12394477.0,3656344224.7
2021-08-31,288.0,296.75,285.55,290.5,5712361.0,1663658084.7
2021-09-01,291.7,293.8,282.75,284.4,3331981.0,960027035.8
2021-09-02,284.55,287.55,276.25,277.45,3385393.0,949242255.45
2021-09-03,278.8,288.85,278.45,287.3,4043787.0,1154398313.65
2021-09-06,288.4,292.7,282.5,283.35,3140749.0,899876676.95
2021-09-07,284.8,284.8,274.3,275.55,3713330.0,1032451818.45
2021-09-08,277.0,283.3,274.05,280.6,3702093.0,1032740742.5
2021-09-09,280.6,285.75,275.1,277.35,2672361.0,748481820.45
2021-09-13,278.0,278.8,271.55,272.3,2262454.0,620149158.9
2021-09-14,273.0,280.3,273.0,277.35,2576387.0,713591407.4
2021-09-15,278.9,279.25,273.05,274.3,1533061.0,421703701.95
2021-09-16,275.0,278.25,272.1,273.3,1952339.0,535963198.7
2021-09-17,274.4,275.75,266.5,267.95,3596412.0,971915287.5
2021-09-20,261.6,266.8,258.1,260.1,2604040.0,684425650.3
2021-09-21,261.9,267.9,255.05,266.45,3247277.0,844704286.3
2021-09-22,267.4,269.8,263.25,265.25,2020872.0,537713045.85
2021-09-23,267.6,273.7,266.5,270.9,2293336.0,621129111.2
2021-09-24,271.0,273.55,269.2,271.55,1635930.0,443956744.95
2021-09-27,272.95,275.65,265.1,266.5,3248068.0,871718473.05
2021-09-28,267.0,270.85,261.65,263.25,3123748.0,828940753.2
2021-09-29,262.8,268.6,260.15,263.2,1967271.0,518278944.3
2021-09-30,263.8,269.5,262.1,263.5,1661424.0,441237357.2
2021-10-01,262.0,266.85,260.7,265.7,1435799.0,378838844.65
2021-10-04,266.0,281.8,265.25,280.2,3699982.0,1020033335.7
2021-10-05,280.0,280.2,274.95,275.55,1100038.0,304281702.35
2021-10-06,276.0,281.7,273.5,278.65,2751508.0,765710095.45
2021-10-07,280.0,281.2,273.0,274.4,1155868.0,318664873.5
2021-10-08,275.0,277.25,270.65,271.45,1222662.0,334053470.5
2021-10-11,272.55,273.8,266.05,268.0,1188970.0,319456026.8
2021-10-12,267.8,267.85,262.3,262.9,1390698.0,366869768.85
2021-10-13,264.5,275.35,263.2,269.5,2713011.0,728822671.6
2021-10-14,269.3,276.2,265.0,274.45,2221783.0,601620230.65
2021-10-18,273.25,274.15,261.25,262.7,2873128.0,764745546.8
2021-10-19,262.7,264.9,252.2,255.85,2755985.0,712798059.1
2021-10-20,255.75,262.9,250.55,254.05,1737033.0,443639523.7
2021-10-21,254.75,267.0,254.75,265.1,3499536.0,913401090.9
2021-10-22,266.45,266.45,255.1,256.15,1173066.0,303342970.55
2021-10-25,253.55,255.8,247.95,248.9,1409445.0,353558652.95
2021-10-26,248.05,258.0,248.05,257.25,1368351.0,347029328.05
2021-10-27,257.6,258.0,251.7,253.6,938875.0,239748775.45
2021-10-28,254.2,254.9,244.25,248.8,1864471.0,464753685.6
2021-10-29,247.5,250.9,242.5,244.3,1654680.0,408632066.0
2021-11-01,244.3,248.2,231.3,242.4,3434123.0,830142926.15
2021-11-02,243.8,252.6,243.7,248.45,1377790.0,344026902.55
2021-11-03,248.45,255.6,248.45,251.85,927621.0,234394938.9
2021-11-04,254.75,254.75,250.25,252.35,202499.0,51115116.6
2021-11-08,255.0,255.25,250.65,251.15,949706.0,239211517.55
2021-11-09,252.45,269.9,251.25,268.1,3677143.0,965175242.15
2021-11-10,267.6,273.7,263.7,264.8,2242325.0,602141514.95
2021-11-11,264.8,268.8,252.75,254.35,2991928.0,768388170.55
2021-11-12,256.65,259.3,253.65,257.25,925315.0,237093475.55
2021-11-15,266.0,280.7,261.1,276.4,12231590.0,3353637288.1
2021-11-16,277.5,288.9,275.05,285.25,6196487.0,1751094411.95
2021-11-17,283.95,299.25,280.4,286.2,12377403.0,3612652308.45
2021-11-18,287.9,291.8,280.25,283.1,3152376.0,899466535.35
2021-11-22,285.65,286.25,258.85,266.9,3520539.0,952985580.35
2021-11-23,267.4,279.5,263.15,277.55,2534589.0,695032988.65
2021-11-24,280.7,290.9,278.5,284.75,3508154.0,1001260881.05
2021-11-25,284.75,293.5,279.3,288.65,4668464.0,1347692135.35
2021-11-26,285.75,303.0,280.0,283.35,9087729.0,2653473064.05
2021-11-29,284.75,295.7,282.3,288.25,4221721.0,1216948769.5
2021-11-30,288.25,292.9,279.0,280.8,2635994.0,752325753.6
2021-12-01,282.05,292.0,275.0,286.6,2310999.0,651101554.6
2021-12-02,287.05,293.9,284.6,289.1,2780210.0,805314483.3
2021-12-03,290.4,290.95,283.5,285.45,1103224.0,315706600.25
2021-12-06,285.45,285.45,269.05,271.1,2250032.0,619498844.4
2021-12-07,272.95,276.0,271.05,273.5,1524907.0,417040839.75
2021-12-08,275.5,277.45,271.3,272.45,1359317.0,372726181.8
2021-12-09,274.0,277.8,267.15,276.45,2315307.0,630802383.6
2021-12-10,277.6,284.05,275.2,280.65,1825771.0,511668291.7
2021-12-13,279.1,284.9,279.1,283.0,1259711.0,356630387.05
2021-12-14,280.1,284.5,276.5,282.85,1413799.0,397140275.85
2021-12-15,282.45,291.9,281.7,289.25,2838556.0,821251402.8
2021-12-16,290.75,292.5,286.05,290.05,2482746.0,719621797.55
2021-12-17,290.0,290.0,274.3,276.3,1520555.0,426045488.3
2021-12-20,273.0,278.9,265.25,268.1,1403103.0,380243443.75
2021-12-21,271.25,282.0,271.25,277.95,1632856.0,454556538.15
2021-12-22,278.45,281.3,275.2,277.8,715282.0,198930027.05
2021-12-23,277.6,280.0,275.0,277.4,559743.0,155495735.2
2021-12-24,277.9,277.9,269.6,273.65,900461.0,246564629.35
2021-12-27,274.35,281.95,272.2,279.4,918797.0,255757340.75
2021-12-28,280.9,283.85,278.0,282.8,1187570.0,333558130.4
2021-12-29,284.0,291.75,282.0,289.5,2052365.0,591433102.75
2021-12-30,291.0,294.35,288.1,291.45,2596642.0,756793331.15
2021-12-31,293.9,308.0,289.15,297.3,7036897.0,2112282940.35
2022-01-03,299.7,311.3,299.3,309.5,4720831.0,1447215892.5
2022-01-04,312.0,313.45,302.2,304.25,2253490.0,689974661.75
2022-01-05,302.5,302.5,292.55,293.9,2681296.0,792436354.45
2022-01-06,289.0,290.95,283.25,288.65,2804174.0,805230731.1
2022-01-07,288.7,296.5,286.0,286.95,2546584.0,741607329.2
2022-01-10,286.5,291.5,285.45,289.4,1304481.0,376722394.6
2022-01-11,286.2,289.1,282.35,286.05,1892225.0,539569128.3
2022-01-12,288.5,295.5,286.6,293.45,1830492.0,535305970.85
2022-01-13,295.3,295.3,286.65,287.8,1483332.0,428523766.35
2022-01-14,287.1,288.55,283.1,286.45,1185581.0,338117952.2
2022-01-17,283.55,289.9,283.55,289.4,818943.0,235587737.3
2022-01-18,290.65,294.75,285.6,289.0,1764331.0,513669958.3
2022-01-19,289.0,290.0,284.1,286.5,778330.0,223081685.65
2022-01-20,286.55,290.5,279.0,280.25,1645821.0,466191776.05
2022-01-21,278.75,280.45,274.0,276.0,1064579.0,294967876.0
2022-01-24,275.95,275.95,261.2,266.25,1675875.0,449738148.65
2022-01-25,263.55,271.9,260.75,271.05,953021.0,253991304.1
2022-01-27,269.7,269.7,261.65,262.6,869231.0,229209945.15
2022-01-28,265.0,272.9,263.85,265.3,763449.0,205485685.25
2022-01-31,267.5,273.9,267.2,270.3,834734.0,225460867.25
2022-02-01,271.95,278.9,271.2,275.45,994602.0,274168112.6
2022-02-02,277.0,279.8,275.7,277.65,458697.0,127240813.8
2022-02-03,277.5,277.5,268.0,268.5,1119001.0,302456408.7
2022-02-04,268.6,270.35,263.9,264.8,633499.0,168621298.85
2022-02-07,263.95,266.55,261.3,263.6,1046332.0,274937699.65
2022-02-08,264.9,265.9,257.75,260.85,851145.0,222271446.3
2022-02-09,262.05,263.7,258.0,258.6,657786.0,170912882.55
2022-02-10,260.0,263.2,255.25,261.9,1676825.0,432899003.85
2022-02-11,256.0,260.5,254.7,259.2,788664.0,203605689.55
2022-02-14,257.0,267.5,253.0,259.0,2612884.0,683179387.45
2022-02-15,263.3,268.0,254.9,266.4,1310649.0,343926670.4
2022-02-16,266.95,269.75,263.9,266.9,1378169.0,367483885.8
2022-02-17,269.85,269.85,260.55,263.05,1188407.0,313630758.85
2022-02-18,260.95,264.4,260.0,261.15,658412.0,172310545.6
2022-02-21,259.0,259.95,253.4,256.25,930261.0,237770375.15
2022-02-22,252.0,256.25,246.5,249.35,1621309.0,406918124.45
2022-02-23,249.35,252.0,243.3,245.4,1112022.0,275981350.95
2022-02-24,230.0,239.05,229.0,233.3,2547489.0,596154408.8
2022-02-25,236.0,242.95,235.25,241.35,1002183.0,240170254.65
2022-02-28,241.35,248.5,239.7,245.5,1365180.0,333986039.0
2022-03-02,242.05,249.0,242.05,246.65,1008782.0,248355682.05
2022-03-03,248.2,272.35,248.2,267.0,3808322.0,1002203949.4
2022-03-04,262.0,265.65,257.6,263.5,903234.0,237336093.45
2022-03-07,254.5,258.75,251.0,256.55,716152.0,183475390.05
2022-03-08,259.8,262.3,253.45,259.35,1599481.0,414935302.1
2022-03-09,259.8,265.0,257.2,264.3,2638347.0,694142108.2
2022-03-10,267.0,267.0,258.6,260.5,596937.0,157063065.9
2022-03-11,259.0,266.0,256.6,262.4,885731.0,231268524.7
2022-03-14,261.2,262.35,255.4,257.75,443350.0,114811845.1
2022-03-15,257.75,259.0,250.7,251.75,990817.0,252973503.25
2022-03-16,253.95,255.0,246.85,253.7,2035446.0,511857249.95
2022-03-17,256.0,260.2,251.35,254.45,2813652.0,717823500.1
2022-03-21,259.0,263.9,256.6,258.35,1100925.0,286222796.75
2022-03-22,256.8,262.9,256.65,261.7,543948.0,141541212.25
2022-03-23,261.7,268.95,260.5,266.95,1521621.0,405429424.05
2022-03-24,265.0,284.9,264.45,280.2,3816666.0,1047118920.05
2022-03-25,280.6,282.55,273.5,275.65,1451537.0,404549731.85
2022-03-28,276.0,276.2,264.05,270.95,1723760.0,464694543.8
2022-03-29,271.95,274.9,265.1,271.35,1440112.0,387095423.55
2022-03-30,273.0,290.0,268.05,280.35,2578305.0,709807356.7
2022-03-31,282.5,292.85,276.25,290.4,4508944.0,1296364102.95
2022-04-01,289.0,289.0,282.15,284.1,920868.0,262684689.2
2022-04-04,286.0,286.45,274.2,276.0,1247065.0,347784796.25
2022-04-05,278.9,282.0,275.05,275.5,1551153.0,429982991.35
2022-04-06,275.5,278.9,273.25,277.0,566627.0,156683798.45
2022-04-07,277.45,277.95,267.5,271.05,990785.0,269067353.6
2022-04-08,272.5,273.8,267.3,271.9,1074256.0,291164193.65
2022-04-11,271.9,280.8,271.5,276.0,1128022.0,313020494.85
2022-04-12,277.4,279.8,270.8,276.3,1075262.0,296567018.5
2022-04-13,276.85,279.25,270.15,270.75,876345.0,239734968.6
2022-04-18,270.0,280.85,268.75,272.15,1393597.0,384374867.9
2022-04-19,273.25,274.95,267.25,270.85,2002813.0,541722723.6
2022-04-20,269.9,275.0,268.1,270.85,1471587.0,399837114.6
2022-04-21,272.95,279.8,272.05,278.8,1337223.0,369820937.5
2022-04-22,278.0,279.9,273.0,274.4,808754.0,223646050.85
2022-04-25,273.25,274.2,269.0,270.05,657737.0,177878188.3
2022-04-26,272.25,278.0,269.5,275.8,1278720.0,349458581.85
2022-04-27,273.25,274.8,270.8,272.75,1851930.0,505455531.45
2022-04-28,273.15,273.85,267.05,268.25,531580.0,143488203.25
2022-04-29,269.05,271.8,265.55,267.15,290528.0,77978955.1
2022-05-02,266.0,268.75,262.55,264.05,434660.0,115233917.05
2022-05-04,266.4,269.1,257.65,259.55,1445918.0,380461861.15
2022-05-05,260.0,263.5,249.5,253.8,1973436.0,507722860.8
2022-05-06,250.0,252.65,247.2,250.9,1351945.0,337569451.2
2022-05-09,246.6,249.75,244.7,245.85,1263464.0,311459359.5
2022-05-10,247.35,252.4,236.4,242.95,1067819.0,261065845.8
2022-05-11,245.0,249.75,239.9,242.1,1329588.0,324523724.0
2022-05-12,237.6,243.6,233.3,237.85,726874.0,173861861.9
2022-05-13,241.05,244.4,235.0,236.0,518519.0,124106986.55
2022-05-16,237.2,244.0,234.8,236.5,1378165.0,330825255.25
2022-05-17,237.35,242.85,235.0,240.95,1959085.0,466796377.45
2022-05-18,242.0,243.85,239.2,240.35,1057266.0,255452834.0
2022-05-19,237.95,237.95,232.6,235.05,950221.0,223044152.1
2022-05-20,237.0,242.9,235.7,241.0,828315.0,198002744.55
2022-05-23,243.5,247.65,240.0,242.2,1041102.0,252855857.9
2022-05-24,244.4,246.9,240.95,245.3,569757.0,138806587.8
2022-05-25,245.0,248.0,239.35,241.8,573655.0,138679496.7
2022-05-26,234.4,241.95,233.55,238.15,1271788.0,303586069.45
2022-05-27,241.0,242.0,233.0,234.7,604678.0,142490670.6
2022-05-30,238.0,245.7,234.0,244.7,1021995.0,245662834.1
2022-05-31,243.8,246.4,236.55,238.05,749585.0,180208545.35
2022-06-01,240.3,246.05,239.0,243.7,893013.0,217550747.45
2022-06-02,244.4,244.6,240.55,241.65,228201.0,55231866.75
2022-06-03,242.5,243.6,239.4,240.55,362761.0,87532019.05
2022-06-06,240.15,243.85,239.95,242.55,375684.0,90842851.65
2022-06-07,241.0,242.85,239.55,241.2,645284.0,155761861.35
2022-06-08,240.1,241.9,239.3,240.45,409745.0,98380544.6
2022-06-09,239.5,246.0,237.6,245.3,438982.0,106842841.7
2022-06-10,244.1,245.3,240.7,244.25,293567.0,71402864.5
2022-06-13,241.3,241.6,235.2,236.0,760932.0,180449300.45
2022-06-14,237.0,239.4,225.1,230.75,1177129.0,271324582.15
2022-06-15,229.4,235.0,228.85,233.95,462900.0,107737946.45
2022-06-16,234.55,236.0,225.7,228.0,507152.0,116837571.3
2022-06-17,227.6,230.5,221.45,227.5,768454.0,174749594.15
2022-06-20,228.65,229.5,219.75,226.05,2269181.0,502459169.55
2022-06-21,229.0,235.75,228.45,234.3,1116161.0,261585685.75
2022-06-22,233.8,233.9,226.5,229.2,1309041.0,300094627.1
2022-06-23,229.0,238.45,228.6,236.1,594004.0,139691082.1
2022-06-24,236.7,240.8,234.9,235.9,300227.0,71455027.15
2022-06-27,236.55,237.5,229.2,230.5,605467.0,140038020.8
2022-06-28,230.25,231.9,229.0,230.45,527101.0,121366524.45
2022-06-29,229.9,234.5,228.15,233.65,317627.0,73478153.55
2022-06-30,233.65,241.5,231.55,240.0,628729.0,149244106.6
2022-07-01,236.65,238.0,232.3,235.9,536057.0,125769795.65
2022-07-04,236.0,242.75,233.95,241.5,660194.0,158395782.55
2022-07-05,241.85,243.9,238.95,239.8,244812.0,59218004.15
2022-07-06,240.0,241.5,235.3,238.1,484347.0,115295331.9
2022-07-07,239.3,254.7,239.3,253.0,1243415.0,310412628.8
2022-07-08,252.9,256.65,247.0,250.8,1348328.0,338602024.5
2022-07-11,246.1,249.55,246.0,248.15,974475.0,241702148.2
2022-07-12,248.45,258.25,247.55,252.7,1585001.0,401735682.55
2022-07-13,254.4,256.95,251.05,252.6,347425.0,87977403.1
2022-07-14,252.6,260.0,251.0,259.1,978728.0,249300143.05
2022-07-15,259.0,262.6,257.0,261.55,332160.0,86591203.55
2022-07-18,262.5,270.3,261.85,268.3,514799.0,137553072.9
2022-07-19,265.0,269.3,264.25,267.2,473337.0,126125257.35
2022-07-20,268.55,270.95,262.85,264.05,259648.0,69017398.75
2022-07-21,265.4,281.6,262.5,277.35,1746608.0,481792608.7
2022-07-22,277.2,281.0,271.3,278.05,738406.0,204052333.7
2022-07-25,277.85,281.05,275.1,275.8,464826.0,129180281.3
2022-07-26,275.0,275.6,265.5,267.25,1836333.0,496863267.75
2022-07-27,267.0,267.9,264.2,266.65,276790.0,73683937.95
2022-07-28,268.8,278.25,263.65,276.7,1013941.0,277946896.55
2022-07-29,276.0,279.7,268.0,278.45,1004671.0,274477288.1
2022-08-01,278.45,282.9,271.4,273.6,536021.0,148548132.15
2022-08-02,275.1,275.85,268.1,268.8,643849.0,174187554.45
2022-08-03,270.3,272.55,264.0,264.7,558326.0,149222545.05
2022-08-04,266.05,271.5,264.75,267.9,1063669.0,286461522.7
2022-08-05,268.8,270.4,263.0,264.4,300820.0,80102299.5
2022-08-08,261.35,274.9,261.35,269.15,2078882.0,561921345.45
2022-08-10,270.0,274.4,265.8,267.3,989518.0,267251481.75
2022-08-11,268.55,271.9,266.65,270.85,997601.0,267617755.1
2022-08-12,271.9,291.4,271.15,281.35,6017503.0,1718646340.65
2022-08-16,283.0,293.9,277.4,292.25,2322558.0,668905822.4
2022-08-17,295.0,297.9,290.9,293.65,2629234.0,774311120.9
2022-08-18,294.75,295.55,287.7,291.65,1312467.0,381121555.85
2022-08-19,290.1,299.9,288.65,298.75,2251278.0,667532451.45
2022-08-22,299.95,304.85,288.1,295.4,2918505.0,864619671.0
2022-08-23,294.45,299.15,292.1,296.0,863576.0,256204304.3
2022-08-24,295.75,301.0,290.25,291.75,740110.0,218410754.75
2022-08-25,293.0,297.55,290.6,292.65,1207226.0,355366568.4
2022-08-26,292.65,294.65,289.35,291.2,489994.0,142718195.15
2022-08-29,288.0,291.35,284.4,290.1,659774.0,189782459.85
2022-08-30,291.75,298.85,290.6,294.3,930304.0,275190626.75
2022-09-01,292.55,296.5,290.0,294.05,723160.0,211831617.75
2022-09-02,295.95,298.15,289.55,291.65,707093.0,207640775.65
2022-09-05,292.9,292.95,285.55,287.0,706896.0,203563736.55
2022-09-06,289.85,294.7,286.0,287.55,862064.0,250854270.85
2022-09-07,285.95,290.8,285.9,289.9,288708.0,83489658.6
2022-09-08,290.0,291.25,286.55,288.8,284737.0,82201725.8
2022-09-09,291.7,292.0,286.3,288.15,448398.0,129338654.65
2022-09-12,288.0,293.8,288.0,292.4,569953.0,165841859.0
2022-09-13,294.7,295.0,289.5,292.1,379406.0,110772366.05
2022-09-14,287.1,315.75,287.1,307.7,6312232.0,1942853711.7
2022-09-15,310.0,312.4,301.9,306.55,1489633.0,457089077.2
2022-09-16,306.45,306.45,295.3,297.2,1337552.0,402890784.85
2022-09-19,299.0,325.0,292.0,321.05,6537848.0,2070118340.05
2022-09-20,320.95,324.85,312.6,314.95,2805061.0,895502388.1
2022-09-21,315.6,316.85,307.25,311.35,2221147.0,691034278.95
2022-09-22,318.0,323.7,250.35,265.55,43628376.0,11651105986.35
2022-09-23,264.0,267.8,251.3,262.25,14105644.0,3660575365.85
2022-09-26,259.95,265.0,256.35,258.05,5477138.0,1420596637.6
2022-09-27,258.95,263.55,256.95,258.9,1469750.0,381336138.45
2022-09-28,259.55,261.3,255.05,258.4,1393157.0,359793479.35
2022-09-29,261.9,266.0,259.0,261.7,1512602.0,398425482.55
2022-09-30,262.9,265.0,260.3,264.2,668099.0,175563887.45
2022-10-03,264.0,264.0,259.1,261.1,838588.0,218629146.1
2022-10-04,264.0,269.0,262.3,267.6,1602525.0,425754634.0
2022-10-06,267.6,282.75,267.4,277.95,4064259.0,1105403371.85
2022-10-07,281.45,286.8,274.05,275.2,1590140.0,444240572.05
2022-10-10,272.0,273.7,267.8,271.4,448774.0,121515376.1
2022-10-11,272.4,272.4,264.05,265.8,310572.0,83168516.1
2022-10-12,266.7,274.5,263.35,269.85,774096.0,209153952.25
2022-10-13,270.05,274.9,270.05,272.85,867973.0,236957001.8
2022-10-14,274.25,277.9,272.1,274.2,714508.0,196270017.35
2022-10-17,275.0,275.55,270.5,272.1,279170.0,75972634.0
2022-10-18,273.5,274.0,270.5,272.95,248415.0,67615956.9
2022-10-19,272.1,277.0,271.55,273.05,394553.0,107896494.35
2022-10-20,273.25,274.9,269.6,272.15,438604.0,119285329.9
2022-10-21,272.25,275.95,271.75,274.45,231611.0,63292673.3
2022-10-24,276.25,276.4,272.0,272.8,55242.0,15094932.1
2022-10-25,272.8,277.0,265.0,265.75,1112710.0,299099200.35
2022-10-27,268.4,276.2,266.7,272.7,1269990.0,347434928.3
2022-10-28,272.9,279.5,271.55,277.65,1048381.0,291090478.55
2022-10-31,278.0,279.7,273.65,277.45,681900.0,188637651.1
2022-11-01,277.8,279.5,274.95,277.45,916423.0,254363246.9
2022-11-02,277.0,286.8,275.65,280.25,920657.0,259233382.8
2022-11-03,280.95,286.0,278.55,283.4,756385.0,214263320.5
2022-11-04,284.05,285.3,280.2,282.4,364780.0,103070545.0
2022-11-07,283.0,289.4,283.0,287.45,462665.0,132471018.7
2022-11-09,290.0,292.45,276.55,281.4,865928.0,247530049.15
2022-11-10,281.0,281.0,275.0,279.4,439437.0,122181500.95
2022-11-11,280.9,285.15,276.9,282.25,723993.0,203616967.85
2022-11-14,289.0,313.9,285.25,303.85,11323150.0,3436591422.2
2022-11-15,301.0,305.95,299.9,301.5,1645047.0,498073572.7
2022-11-16,301.5,302.9,291.5,294.0,1094572.0,322092212.95
2022-11-17,292.6,293.65,277.35,285.35,2270414.0,643663827.85
2022-11-18,286.7,304.2,282.0,285.7,4022878.0,1178588936.95
2022-11-21,285.7,285.7,279.0,283.3,796058.0,224128968.95
2022-11-22,284.6,284.7,278.45,280.45,462103.0,129760715.05
2022-11-23,280.55,282.0,275.5,276.8,456640.0,127395397.9
2022-11-24,278.2,286.5,277.55,284.6,797339.0,225725943.7
2022-11-25,285.95,290.8,284.85,287.55,1009233.0,291161633.8
2022-11-28,287.3,294.8,284.65,292.5,1475350.0,429463252.85
2022-11-29,292.5,295.1,292.0,294.25,993623.0,292161604.85
2022-11-30,294.9,295.8,286.1,290.1,822817.0,238238229.85
2022-12-01,292.0,295.0,288.15,291.0,983406.0,286707279.85
2022-12-02,292.4,292.4,288.0,288.7,403892.0,116956899.45
2022-12-05,289.95,291.95,286.2,287.8,1605493.0,466574187.8
2022-12-06,289.0,293.8,285.6,291.35,1509391.0,437800574.55
2022-12-07,291.35,292.55,286.0,286.8,324411.0,93540663.1
2022-12-08,288.25,288.25,281.4,282.55,312444.0,88522071.15
2022-12-09,285.1,288.55,282.25,285.7,702553.0,200465482.45
2022-12-12,286.0,288.65,282.35,287.9,531343.0,152320860.9
2022-12-13,287.15,291.95,283.0,286.7,701446.0,201120340.7
2022-12-14,288.0,291.25,286.45,288.05,1104434.0,320062814.85
2022-12-15,288.05,289.7,283.25,284.4,317996.0,90798589.0
2022-12-16,284.4,284.9,275.2,277.9,718144.0,201319654.45
2022-12-19,277.7,284.05,277.5,279.8,334499.0,94137730.75
2022-12-20,279.0,283.0,278.4,281.5,225493.0,63308902.1
2022-12-21,281.95,290.6,281.65,285.65,1421749.0,408534068.9
2022-12-22,285.65,287.2,277.35,280.0,1799516.0,505808762.95
2022-12-23,276.55,279.7,269.1,272.15,754021.0,207238805.4
2022-12-26,273.2,280.0,271.3,275.35,828928.0,229910127.55
2022-12-27,276.2,282.7,275.6,281.35,913390.0,255580189.35
2022-12-28,282.4,284.85,280.0,281.0,374149.0,105681528.55
2022-12-29,280.65,290.5,278.6,279.7,993641.0,282092979.75
2022-12-30,281.1,288.0,280.15,286.1,743045.0,212025803.6
2023-01-02,284.1,286.45,280.9,281.95,287492.0,81323412.35
2023-01-03,283.4,285.0,281.1,283.6,280865.0,79616180.85
2023-01-04,284.8,285.0,281.5,283.25,678732.0,192304237.95
2023-01-05,284.7,288.35,283.1,287.1,745831.0,213649115.25
2023-01-06,288.0,288.0,282.7,284.85,1142991.0,325810559.95
2023-01-09,285.75,289.75,282.4,287.25,938448.0,269113114.45
2023-01-10,288.65,290.0,283.4,288.45,410817.0,117922270.5
2023-01-11,286.0,289.65,281.5,283.55,379315.0,108510323.95
2023-01-12,285.0,286.8,281.45,283.0,431015.0,122423721.8
2023-01-13,283.0,288.85,281.0,287.65,460522.0,131573036.5
2023-01-16,287.0,287.0,282.0,282.65,230558.0,65355197.5
2023-01-17,281.0,285.95,281.0,283.5,314056.0,89140213.6
2023-01-18,283.5,285.0,282.0,284.05,279074.0,79203301.35
2023-01-19,284.0,288.6,283.0,285.95,774965.0,221464030.3
2023-01-20,285.95,288.45,283.0,284.3,568122.0,162906495.25
2023-01-23,285.7,285.8,281.1,283.45,307160.0,87017500.45
2023-01-24,283.3,285.95,281.0,281.9,316481.0,89895882.3
2023-01-25,281.0,282.85,275.5,277.9,928275.0,259217325.55
2023-01-27,277.85,282.7,275.35,280.65,567891.0,158618456.7
2023-01-30,280.25,283.0,275.55,277.6,765847.0,213313852.5
2023-01-31,278.1,284.0,274.0,281.65,681883.0,190550766.6
2023-02-01,281.65,283.5,277.0,278.0,490299.0,137535646.7
2023-02-02,278.0,281.0,274.8,278.2,781140.0,217136661.5
2023-02-03,277.3,282.6,274.9,277.3,618632.0,173009519.65
2023-02-06,278.7,279.45,275.55,277.0,189520.0,52580333.1
2023-02-07,277.75,280.0,274.55,278.0,583483.0,161704108.3
2023-02-08,277.5,281.15,276.65,280.0,912671.0,254438081.65
2023-02-09,279.8,281.35,275.6,276.6,544780.0,151293773.25
2023-02-10,277.5,285.0,276.65,282.75,539987.0,152470868.35
2023-02-13,277.8,278.0,270.35,272.25,712187.0,195531687.05
2023-02-14,273.15,274.55,261.65,265.1,998627.0,265653024.95
2023-02-15,267.25,274.0,267.25,269.7,666229.0,180514073.55
2023-02-16,271.9,277.5,268.0,271.2,839910.0,229586371.6
2023-02-17,270.0,272.0,267.5,268.7,469769.0,126572989.2
2023-02-20,269.85,279.5,269.5,277.95,788487.0,217335337.5
2023-02-21,277.0,281.0,273.6,279.75,362712.0,100688245.55
2023-02-22,276.1,279.75,271.85,273.6,403951.0,111273646.3
2023-02-23,275.0,278.9,269.35,272.6,554863.0,151964797.9
2023-02-24,274.85,276.2,270.05,270.95,270103.0,73836680.8
2023-02-27,270.95,273.4,262.65,265.7,591691.0,157463679.6
2023-02-28,267.0,271.1,262.35,267.25,827201.0,221708935.25
2023-03-01,268.6,270.0,265.0,269.0,477009.0,127616299.1
2023-03-02,268.8,277.4,265.0,274.05,680601.0,184918171.5
2023-03-03,276.0,279.0,272.25,276.6,446477.0,122950834.15
2023-03-06,277.95,282.0,273.65,280.8,730210.0,203092617.5
2023-03-08,279.9,280.6,267.6,271.5,1351430.0,367792583.15
2023-03-09,272.9,275.2,272.25,274.15,359145.0,98385470.65
2023-03-10,272.65,275.2,268.2,270.95,764223.0,206302223.75
2023-03-13,271.15,271.9,265.5,267.7,670945.0,180514347.25
2023-03-14,267.65,268.5,259.45,262.5,698625.0,183785953.0
2023-03-15,263.9,272.0,263.9,267.95,818025.0,218367014.1
2023-03-16,266.05,268.2,264.0,265.3,1018980.0,271279293.65
2023-03-17,265.95,266.6,261.3,262.95,379813.0,100170981.55
2023-03-20,262.9,263.9,256.1,260.5,631138.0,163707879.0
2023-03-21,260.95,261.8,251.25,253.8,1041480.0,264841862.4
2023-03-22,254.9,256.0,250.55,253.35,588574.0,149058604.85
2023-03-23,253.3,254.25,249.55,250.6,551389.0,138408750.5
2023-03-24,251.45,259.0,245.5,254.85,1140398.0,285519090.35
2023-03-27,252.25,261.2,251.1,255.15,1321291.0,337193703.35
2023-03-28,255.15,263.5,255.15,259.15,1043211.0,272181386.45
2023-03-29,258.5,264.7,257.65,262.15,452340.0,118735236.65
2023-03-31,262.0,266.95,258.3,259.9,827210.0,217824516.5
2023-04-03,262.15,266.2,261.4,262.6,404423.0,106433841.3
2023-04-05,263.35,265.95,254.7,255.7,519800.0,134746365.25
2023-04-06,253.2,255.95,251.0,253.0,3277081.0,826825356.45
2023-04-10,255.4,261.6,253.25,255.7,743385.0,191457007.3
2023-04-11,257.45,261.45,256.25,257.45,445428.0,115396773.45
2023-04-12,258.8,267.6,257.9,265.05,1755306.0,464000696.4
2023-04-13,265.25,269.4,263.65,265.2,513057.0,136741373.15
2023-04-17,264.95,268.05,262.05,264.9,737712.0,195286648.95
2023-04-18,264.9,272.15,263.4,264.7,819800.0,218717670.3
2023-04-19,264.95,268.6,263.9,267.25,385066.0,102634996.75
2023-04-20,266.95,269.7,264.3,265.45,437079.0,116599080.85
2023-04-21,266.0,267.5,264.1,265.15,415963.0,110507480.6
2023-04-24,265.5,267.4,263.55,265.35,846221.0,224347011.75
2023-04-25,265.35,266.45,262.35,264.2,465634.0,123315926.2
2023-04-26,264.35,266.45,257.65,258.7,606499.0,158902145.15
2023-04-27,259.85,260.5,255.1,256.25,921255.0,237266256.7
2023-04-28,256.9,261.75,254.75,260.8,667625.0,172594194.4
2023-05-02,261.0,263.15,259.0,260.7,436355.0,113908498.8
2023-05-03,259.95,264.7,258.85,263.3,880937.0,231606365.15
2023-05-04,263.6,266.5,263.1,264.0,995161.0,263734585.45
2023-05-05,263.95,267.05,261.0,266.25,532316.0,140910150.3
2023-05-08,267.85,268.5,263.4,268.0,971102.0,259282705.75
2023-05-09,270.9,274.4,266.5,270.15,2006779.0,541084548.15
2023-05-10,270.15,271.3,265.0,269.05,316359.0,84731392.2
2023-05-11,269.05,270.65,265.5,268.5,329543.0,88431186.0
2023-05-12,268.4,271.2,266.5,270.5,411245.0,110981007.05
2023-05-15,268.0,277.2,268.0,276.15,1166973.0,319504254.0
2023-05-16,276.95,283.95,275.0,275.55,801612.0,224268098.8
2023-05-17,275.6,283.25,275.6,282.25,819564.0,229821134.7
2023-05-18,283.2,285.0,280.0,283.65,659087.0,186778527.15
2023-05-19,283.95,284.95,278.5,282.25,397914.0,112650610.05
2023-05-22,281.7,286.35,278.8,285.4,374399.0,106175846.0
2023-05-23,286.0,289.8,284.55,289.0,580628.0,167338694.0
2023-05-24,292.0,295.0,283.45,287.6,2002607.0,579845187.8
2023-05-25,289.1,290.65,285.15,286.25,936595.0,269612697.2
2023-05-26,286.5,289.65,282.65,287.3,1059460.0,304624123.05
2023-05-29,288.8,289.2,279.05,280.25,1220481.0,344433288.3
2023-05-30,279.9,282.4,279.4,281.05,1318116.0,370517367.2
2023-05-31,280.0,281.05,272.6,274.7,1334358.0,366589824.2
2023-06-01,275.2,282.3,275.2,278.85,1148477.0,321561151.4
2023-06-02,280.75,281.1,275.4,276.25,224222.0,62330718.65
2023-06-05,277.7,278.45,271.9,274.45,1162106.0,318240382.35
2023-06-06,274.5,282.55,274.3,281.7,609104.0,170085431.35
2023-06-07,282.75,282.75,278.15,279.6,1034792.0,290817863.95
2023-06-08,280.9,283.45,278.6,280.8,716088.0,200750749.45
2023-06-09,282.5,284.85,280.25,284.05,1596862.0,452066722.35
2023-06-12,284.05,285.4,279.65,283.95,1207018.0,342201625.8
2023-06-13,285.0,291.2,280.6,287.7,2135476.0,612907266.95
2023-06-14,288.9,294.15,284.3,293.45,2197295.0,641138352.25
2023-06-15,296.15,309.0,295.25,305.95,4283920.0,1297567180.7
2023-06-16,307.4,310.9,303.85,310.2,1581149.0,487893807.1
2023-06-19,314.4,316.05,302.6,306.85,1918111.0,589438887.85
2023-06-20,305.4,306.4,301.45,303.05,677612.0,205335838.65
2023-06-21,304.6,311.0,304.0,309.5,1992132.0,612215763.35
2023-06-22,310.1,311.0,303.65,309.2,2752868.0,843664488.45
2023-06-23,309.8,309.8,302.65,304.8,1072917.0,326611976.8
2023-06-26,306.8,309.0,298.45,302.8,1628437.0,491557272.65
2023-06-27,304.4,309.7,303.4,304.0,1288772.0,396729413.15
2023-06-28,304.9,307.95,303.4,305.05,762477.0,233058303.65
2023-06-30,305.05,316.8,303.5,315.05,2204780.0,687454883.85
2023-07-03,319.0,319.0,310.05,313.75,1165522.0,365704245.75
2023-07-04,314.7,315.7,311.3,314.6,1287859.0,404182760.4
2023-07-05,316.0,317.5,310.8,315.75,1997960.0,627984803.35
2023-07-06,315.5,325.7,315.05,322.15,2594549.0,833206229.75
2023-07-07,322.15,328.25,321.5,325.8,2035961.0,661586090.8
2023-07-10,326.95,328.4,321.65,322.65,1397462.0,454502898.85
2023-07-11,323.15,334.55,323.15,332.1,5612103.0,1857229210.9
2023-07-12,332.0,333.0,326.3,331.3,2919645.0,963472079.45
2023-07-13,333.0,333.0,318.05,330.35,3778100.0,1240454017.8
2023-07-14,329.0,329.0,324.2,327.05,1078315.0,351914526.1
2023-07-17,327.15,336.2,322.3,330.05,1396867.0,462515727.4
2023-07-18,330.05,331.0,323.0,326.55,967074.0,316112029.35
2023-07-19,327.0,331.0,323.2,329.05,987320.0,323965919.75
2023-07-20,329.85,337.5,329.35,334.95,5926738.0,1983164315.1
2023-07-21,334.75,335.95,331.25,335.2,2344000.0,784953510.75
2023-07-24,335.1,338.25,332.5,336.05,2518889.0,845362869.3
2023-07-25,337.75,341.65,335.0,340.1,2546686.0,865142485.85
2023-07-26,340.2,341.65,333.55,336.25,1597194.0,536730431.4
2023-07-27,337.9,344.0,334.15,336.75,2173584.0,738729357.3
2023-07-28,336.85,337.95,330.25,335.25,1053071.0,351848974.0
2023-07-31,338.0,352.5,334.4,345.85,1314718.0,450468466.2
2023-08-01,345.0,349.95,341.55,345.8,2563216.0,889829142.9
2023-08-02,343.1,347.65,323.25,335.0,4221157.0,1416673584.0
2023-08-03,336.85,339.55,330.25,332.65,1303979.0,438995466.95
2023-08-04,334.5,339.5,333.35,338.5,2095650.0,709329304.3
2023-08-07,332.2,337.8,319.05,323.9,6552304.0,2135834008.7
2023-08-08,324.2,331.2,323.45,325.4,1637894.0,535842254.3
2023-08-09,325.4,337.95,325.4,328.0,1241466.0,410585528.05
2023-08-10,330.55,330.55,322.5,323.8,442552.0,144856948.7
2023-08-11,323.8,327.45,314.4,317.95,1051866.0,336339885.85
2023-08-14,318.0,319.55,308.5,313.85,2256917.0,703096267.8
2023-08-16,313.6,320.95,310.9,319.7,1107828.0,350521977.1
2023-08-17,322.0,323.0,311.3,318.05,1738659.0,547800747.2
2023-08-18,319.25,326.05,314.5,316.2,3505166.0,1116713563.85
2023-08-21,316.05,322.85,316.0,322.0,1020078.0,326077237.65
2023-08-22,323.0,327.2,321.35,326.5,1031438.0,336460754.1
2023-08-23,328.0,328.2,322.3,323.25,816979.0,265016438.9
2023-08-24,324.85,331.65,322.95,328.15,1055752.0,346283010.95
2023-08-25,329.85,335.15,327.85,333.45,915900.0,305330957.8
2023-08-28,330.0,336.0,329.05,332.1,1053558.0,348634590.5
2023-08-29,333.8,335.7,330.5,334.5,2116853.0,703697369.2
2023-08-30,335.0,336.2,329.6,331.9,1534178.0,509267023.1
2023-08-31,335.3,335.95,327.35,331.65,732499.0,243163844.35
2023-09-01,332.0,335.5,321.65,324.4,843338.0,275811472.75
2023-09-04,328.0,333.65,326.2,330.85,685079.0,226551078.6
2023-09-05,331.95,336.0,330.95,334.85,584257.0,195286449.75
2023-09-06,334.5,338.0,332.85,334.75,409909.0,137459518.45
2023-09-07,335.0,337.1,331.7,336.15,732310.0,245400909.4
2023-09-08,335.2,342.75,334.3,339.3,2333674.0,791464332.65
2023-09-11,342.8,343.0,338.9,341.45,1853407.0,631724092.75
2023-09-12,342.85,347.0,331.0,335.3,1993932.0,673595313.75
2023-09-13,334.25,336.9,325.3,328.05,1763709.0,581152707.05
2023-09-14,331.7,337.95,327.45,332.65,584352.0,194737010.65
2023-09-15,334.1,334.35,329.05,330.5,1477926.0,488308774.3
2023-09-18,332.0,332.95,324.0,325.4,3244509.0,1060422125.7
2023-09-20,326.0,337.9,325.05,336.75,1293133.0,431320365.65
2023-09-21,336.0,338.5,333.7,336.7,885032.0,298222208.5
2023-09-22,336.7,338.85,330.0,331.3,875030.0,291243852.6
2023-09-25,331.0,334.8,328.1,332.2,846772.0,281034843.0
2023-09-26,336.9,339.5,332.0,335.65,1543972.0,517351646.8
2023-09-27,337.4,342.1,333.1,341.35,846141.0,286840182.0
2023-09-28,343.1,348.35,341.25,343.25,1666697.0,575149796.05
2023-09-29,347.25,347.25,338.1,339.95,1064552.0,363134362.1
2023-10-03,342.7,344.0,336.3,339.75,926615.0,315544127.7
2023-10-04,340.85,340.85,332.5,336.3,734035.0,246615062.15
2023-10-05,338.1,339.0,327.15,328.1,2791330.0,924634949.6
2023-10-06,329.7,335.0,326.4,327.9,830405.0,274159685.6
2023-10-09,327.9,333.7,326.8,330.55,1435111.0,473974907.9
2023-10-10,331.7,334.9,330.65,333.4,712977.0,237479621.1
2023-10-11,333.4,337.15,331.1,333.9,627262.0,209808259.5
2023-10-12,334.8,338.15,331.8,336.25,3081915.0,1033649591.7
2023-10-13,334.0,339.0,334.0,338.5,3206078.0,1083034149.7
2023-10-16,339.0,339.75,334.3,337.2,1443002.0,486072086.15
2023-10-17,338.0,338.6,334.55,337.45,1343240.0,451123022.0
2023-10-18,338.9,339.7,334.0,335.75,474363.0,159370268.3
2023-10-19,334.05,337.0,330.5,333.8,797192.0,266358353.0
2023-10-20,333.0,336.35,330.5,332.2,259748.0,86563225.45
2023-10-23,333.8,333.8,320.0,325.05,480831.0,157778341.45
2023-10-25,325.4,335.75,316.95,328.8,1835988.0,594484033.7
2023-10-26,330.0,330.0,313.8,320.1,4607990.0,1481146277.45
2023-10-27,321.3,326.7,320.05,325.05,770484.0,248230106.2
2023-10-30,325.5,330.75,324.65,326.9,694809.0,227576997.15
2023-10-31,328.6,328.6,320.15,322.95,374266.0,121677295.45
2023-11-01,323.0,328.75,323.0,327.3,2061584.0,671337566.05
2023-11-02,328.0,330.9,326.0,330.1,317299.0,104395238.0
2023-11-03,333.0,338.0,332.1,334.1,1267556.0,425761366.9
2023-11-06,336.75,338.4,332.4,333.6,271790.0,90884613.8
2023-11-07,336.35,339.25,331.4,337.65,608792.0,204446520.6
2023-11-08,338.9,341.45,333.1,340.25,879120.0,297967471.25
2023-11-09,340.95,346.5,339.25,342.2,750240.0,257296068.6
2023-11-10,343.5,366.0,341.05,359.4,3712746.0,1313493550.0
2023-11-12,365.25,366.0,353.0,358.4,579703.0,208371315.65
2023-11-13,359.8,373.15,352.0,368.7,3020750.0,1108512693.9
2023-11-15,372.8,372.9,356.4,359.1,2621313.0,952066293.55
2023-11-16,360.0,366.45,353.3,362.2,1695692.0,610621036.45
2023-11-17,364.0,364.15,355.2,356.3,604319.0,217273231.05
2023-11-20,359.0,363.25,356.3,360.55,557791.0,200390524.2
2023-11-21,363.05,374.2,359.05,372.4,4289619.0,1582238780.75
2023-11-22,373.0,374.9,356.2,365.45,3811400.0,1379887490.55
2023-11-23,366.9,368.0,362.75,365.2,1125795.0,410679783.15
2023-11-24,366.0,373.65,363.1,366.5,1410775.0,520559973.35
2023-11-28,371.1,374.0,365.1,373.25,2507207.0,930809291.5
2023-11-29,377.0,379.95,372.0,377.4,2040084.0,767129357.45
2023-11-30,379.0,388.2,375.35,386.0,2851233.0,1089012658.1
2023-12-01,384.95,385.95,375.2,383.8,1977300.0,754480129.35
2023-12-04,388.35,389.8,377.2,387.35,2477746.0,954944445.3
2023-12-05,387.35,388.9,379.7,387.95,1443081.0,558095771.95
2023-12-06,387.0,390.0,383.0,385.95,1832423.0,707446785.95
2023-12-07,384.8,386.45,379.55,385.55,578385.0,221754691.0
2023-12-08,383.0,384.5,380.0,382.05,1682641.0,642394349.7
2023-12-11,382.05,389.0,376.15,386.05,2733630.0,1044654916.95
2023-12-12,385.05,390.0,381.25,385.85,2409797.0,929988116.4
2023-12-13,388.95,392.0,382.2,390.3,1372268.0,533416715.6
2023-12-14,393.9,398.0,388.8,396.1,1805935.0,711508684.8
2023-12-15,399.05,399.4,388.95,394.2,3495008.0,1368559975.8
2023-12-18,395.95,395.95,389.3,392.35,463131.0,181590961.65
2023-12-19,394.2,401.65,394.2,399.9,2232300.0,890269448.3
2023-12-20,401.0,401.9,390.6,391.75,1559925.0,613145647.75
2023-12-21,389.9,407.35,385.0,397.85,2482683.0,984065555.1
2023-12-22,394.05,395.95,386.65,390.7,1050433.0,410794646.4
2023-12-26,394.45,404.0,387.55,396.1,1483447.0,592009563.3
2023-12-27,398.05,402.55,395.45,400.2,979146.0,391403748.45
2023-12-28,404.0,407.0,398.0,405.3,1222326.0,494146434.15
2023-12-29,405.5,423.0,398.5,419.2,2396214.0,992626107.5
2024-01-01,424.7,448.8,422.0,439.6,3687892.0,1627729272.7
2024-01-02,443.7,445.05,432.05,435.5,1296066.0,565506058.3
2024-01-03,433.2,434.3,422.4,428.8,1142771.0,488026163.1
2024-01-04,430.0,430.8,421.05,428.9,1103306.0,471154664.35
2024-01-05,430.05,438.0,425.7,434.3,1158967.0,498176293.6
2024-01-08,433.0,434.45,425.05,429.0,778869.0,334371601.75
2024-01-09,430.7,432.0,424.2,426.05,835991.0,356887951.05
2024-01-10,426.2,426.2,414.95,424.3,1187137.0,499478151.9
2024-01-11,424.3,435.6,420.5,432.3,1403628.0,603697914.45
2024-01-12,432.05,432.6,420.0,421.2,2522432.0,1075273538.75
2024-01-15,423.0,424.9,413.1,414.2,2115329.0,887890533.75
2024-01-16,414.9,419.4,413.75,417.15,575816.0,239640532.7
2024-01-17,415.9,421.5,413.7,418.75,807963.0,338524354.4
2024-01-18,418.55,422.9,408.95,421.2,695910.0,290519880.8
2024-01-19,420.0,425.9,416.85,424.35,1044013.0,440071169.2
2024-01-20,419.1,422.0,412.7,419.0,645543.0,268989014.75
2024-01-23,417.7,430.85,415.15,420.05,1237958.0,526394961.0
2024-01-24,421.2,433.5,416.1,430.95,1092980.0,464825162.7
2024-01-25,430.95,434.0,416.0,430.15,1236775.0,526523666.8
2024-01-29,430.0,430.15,422.0,424.15,526104.0,223398107.25
2024-01-30,424.55,428.45,418.8,420.0,586041.0,247108030.45
2024-01-31,421.35,433.05,421.25,431.9,1120857.0,480263877.8
2024-02-01,435.0,436.0,422.2,426.95,579432.0,249667280.6
2024-02-02,429.2,435.0,427.2,429.75,1468731.0,633730201.95
2024-02-05,429.75,444.7,429.75,435.3,1495004.0,656577891.1
2024-02-06,441.25,469.7,437.4,456.75,4856442.0,2238698650.65
2024-02-07,457.0,459.9,450.55,452.4,865012.0,393733911.6
2024-02-08,446.0,452.5,433.95,440.9,2003835.0,884786879.9
2024-02-09,444.0,444.0,428.2,434.95,1036200.0,450339419.6
2024-02-12,438.0,439.25,428.0,431.5,601946.0,260872337.0
2024-02-13,430.05,438.5,429.6,435.2,1430784.0,622346956.45
2024-02-14,434.0,434.0,414.0,425.5,2358376.0,994751221.7
2024-02-15,427.6,434.2,426.85,433.0,630612.0,271491819.2
2024-02-16,435.0,437.9,430.35,434.15,261050.0,113317621.95
2024-02-19,437.0,437.9,430.25,433.2,219204.0,95196532.6
2024-02-20,434.45,448.0,433.2,443.25,1655372.0,734635329.25
2024-02-21,445.85,452.9,443.25,445.75,931187.0,416345927.0
2024-02-22,446.0,452.0,437.25,446.8,773992.0,344958241.8
2024-02-23,448.15,448.95,437.55,438.6,574672.0,252621902.0
2024-02-26,440.75,445.0,425.45,429.95,610887.0,263383232.4
2024-02-27,430.5,437.55,424.95,429.05,1410739.0,604706410.5
2024-02-28,429.7,431.45,417.8,421.5,543645.0,231373032.85
2024-02-29,417.25,424.0,398.0,408.0,1260951.0,518283267.4
2024-03-01,399.0,405.2,390.0,399.6,2323290.0,925954361.15
2024-03-02,398.0,406.35,397.05,402.65,124089.0,49904539.7
2024-03-04,406.0,406.5,382.75,385.4,4165595.0,1615828118.2
2024-03-05,384.05,388.8,379.35,383.1,4076177.0,1563294015.4
2024-03-06,384.5,387.1,375.05,380.8,1655810.0,630030158.4
2024-03-07,381.55,402.8,380.8,397.35,4429143.0,1741649265.8
2024-03-11,399.0,416.55,392.2,412.7,2913358.0,1192660149.95
2024-03-12,411.0,414.0,399.3,409.3,2648500.0,1074760051.8
2024-03-13,409.0,409.0,378.0,385.55,2799185.0,1094020287.05
2024-03-14,382.1,403.5,381.05,402.3,1039978.0,410003335.15
2024-03-15,400.65,407.0,386.45,388.85,1053016.0,413177149.45
2024-03-18,392.7,402.9,386.5,401.25,888686.0,352054446.35
2024-03-19,399.5,404.9,395.6,400.05,4444709.0,1778184887.9
2024-03-20,400.0,404.0,395.6,400.1,576497.0,231095755.45
2024-03-21,401.2,409.9,400.3,401.55,291647.0,118057897.4
2024-03-22,404.25,405.85,399.25,404.7,248100.0,99858380.35
2024-03-26,398.7,415.0,391.35,411.05,2113010.0,858838757.35
2024-03-27,414.95,414.95,408.4,413.2,600633.0,247241754.55
2024-03-28,415.0,421.95,410.2,420.2,1330031.0,557283703.9
2024-04-01,426.0,429.9,424.6,428.95,756195.0,322582664.15
2024-04-02,429.0,429.3,423.6,427.6,206652.0,88151331.9
2024-04-03,423.3,425.95,421.5,423.65,371118.0,157217976.7
2024-04-04,428.2,428.2,422.35,425.4,699748.0,297457339.45
2024-04-05,427.4,442.6,424.55,436.85,1708812.0,742468892.65
2024-04-08,441.05,443.9,432.0,434.25,2436764.0,1072826322.25
2024-04-09,435.6,443.7,431.5,436.85,1337640.0,584225084.4
2024-04-10,436.85,439.0,431.6,433.8,200164.0,87118017.55
2024-04-12,430.35,439.0,426.65,431.45,567935.0,245427348.0
2024-04-15,432.0,443.05,423.35,435.9,1137216.0,495677919.7
2024-04-16,432.0,443.4,429.3,441.1,2177615.0,953625327.4
2024-04-18,444.5,449.9,434.05,436.05,1173327.0,513308140.05
2024-04-19,436.05,436.05,425.0,430.2,442141.0,190680262.0
2024-04-22,430.2,445.95,430.15,441.35,2366953.0,1046300104.45
2024-04-23,445.4,457.3,442.05,445.55,1100032.0,495278116.45
2024-04-24,446.7,456.0,445.1,450.0,744571.0,337881958.75
2024-04-25,451.8,452.7,438.7,444.85,716149.0,318431657.1
2024-04-26,442.1,449.45,441.0,443.55,256171.0,114190595.95
2024-04-29,447.0,448.6,438.0,443.05,1082968.0,479247005.9
2024-04-30,446.95,446.95,437.0,438.55,355652.0,156022547.35
2024-05-02,440.9,442.0,435.1,440.3,523690.0,229168588.85
2024-05-03,444.0,456.25,440.2,451.95,1518217.0,683009471.2
2024-05-06,455.5,470.5,454.5,461.4,1927228.0,889325690.5
2024-05-07,461.4,462.9,448.2,453.5,832631.0,377873730.1
2024-05-08,452.55,467.1,448.0,462.75,2260121.0,1035849923.6
2024-05-09,462.05,465.2,447.1,452.1,1135963.0,515361026.7
2024-05-10,454.0,454.0,438.3,441.6,707452.0,314194494.6
2024-05-13,442.0,449.0,434.0,446.3,572434.0,252457973.9
2024-05-14,447.0,449.8,442.95,444.95,296108.0,131803658.45
2024-05-15,446.6,448.6,442.45,443.7,157640.0,70220258.15
2024-05-16,443.7,451.5,438.45,448.85,1185784.0,527055408.7
2024-05-17,448.85,454.0,446.15,450.55,380178.0,171404158.8
2024-05-18,451.85,454.0,447.05,452.75,32099.0,14489565.75
2024-05-21,454.1,468.0,447.1,462.05,1384604.0,636968872.35
2024-05-22,467.0,479.45,462.5,469.7,4225384.0,1992015105.6
2024-05-23,475.0,476.0,461.1,468.95,1117028.0,522679906.6
2024-05-24,472.5,479.2,460.0,462.0,2374758.0,1106858099.3
2024-05-27,463.75,464.7,452.0,454.95,1475580.0,671335446.85
2024-05-28,457.85,465.0,451.2,464.5,1601149.0,734050064.85
2024-05-29,464.05,465.0,459.65,462.95,956451.0,441919937.4
2024-05-30,465.0,474.2,454.3,457.2,1923350.0,898136052.15
2024-05-31,460.0,484.9,451.1,475.1,2379563.0,1118404007.35
2024-06-03,489.0,489.0,457.45,459.35,1476514.0,684535807.65
2024-06-04,462.0,463.4,406.0,439.35,1061126.0,464263797.2
2024-06-05,441.7,448.8,421.45,443.25,2323667.0,1017161978.8
2024-06-06,451.4,455.05,444.5,446.3,1305847.0,584494497.3
2024-06-07,447.4,467.95,447.35,465.8,1576892.0,722210553.25
2024-06-10,472.0,472.7,454.15,461.0,2075818.0,953897118.95
2024-06-11,464.0,473.95,461.25,469.35,2665188.0,1249474555.6
2024-06-12,469.35,472.4,465.55,468.1,831917.0,389436978.5
2024-06-13,468.9,489.0,468.3,483.0,1363028.0,650968699.8
2024-06-14,484.0,509.6,478.95,502.25,1542124.0,764366941.1
2024-06-18,502.25,509.85,487.35,493.5,1255345.0,627064335.8
2024-06-19,492.0,496.15,487.0,489.55,1113280.0,546495180.95
2024-06-20,491.75,496.45,485.0,487.75,1059397.0,520824103.4
2024-06-21,489.2,499.95,483.35,488.65,1337547.0,654699287.75
2024-06-24,488.2,499.8,482.0,485.0,1529511.0,751186926.1
2024-06-25,485.55,491.0,481.55,484.9,5633642.0,2734152395.1
2024-06-26,485.95,487.75,480.0,481.3,2089571.0,1011238271.65
2024-06-27,483.1,492.25,473.45,478.3,2661888.0,1289650928.55
2024-06-28,479.0,482.0,473.05,475.35,1985061.0,947191416.45
2024-07-01,479.9,482.45,470.2,471.55,1468186.0,699761854.3
2024-07-02,475.85,476.1,456.55,459.5,2481749.0,1151643846.7
2024-07-03,460.7,474.8,454.6,470.45,3773074.0,1755569836.5
2024-07-04,473.9,479.95,464.6,470.65,5684718.0,2685608841.05
2024-07-05,470.65,482.55,458.75,461.65,3584918.0,1692369702.15
2024-07-08,464.0,471.7,453.4,455.95,1650173.0,766088688.45
2024-07-09,462.0,466.85,453.0,455.3,1481727.0,680256942.7
2024-07-10,456.55,473.95,456.55,470.1,1924549.0,898750453.3
2024-07-11,468.5,474.9,463.5,470.3,1011485.0,473581155.2
2024-07-12,470.25,489.4,469.35,480.4,2457854.0,1178119966.05
2024-07-15,486.2,490.8,480.3,486.1,780235.0,379021660.05
2024-07-16,487.0,492.0,486.15,488.9,1189708.0,582555123.85
2024-07-18,492.0,493.0,482.0,488.2,2431341.0,1185484441.25
2024-07-19,492.45,493.0,475.65,481.4,1089473.0,531119568.9
2024-07-22,479.7,494.8,475.0,493.25,1126027.0,552001772.1
2024-07-23,496.0,500.9,481.05,487.2,1596328.0,788385150.5
2024-07-24,486.95,493.25,482.15,483.05,615195.0,298491085.65
2024-07-25,482.4,514.7,482.0,503.4,4413514.0,2230522564.2
2024-07-26,508.45,532.25,507.0,509.8,4118967.0,2154507391.55
2024-07-29,513.35,517.15,495.35,496.6,762874.0,384704834.05
2024-07-30,500.6,507.35,494.05,502.2,1813385.0,909072089.3
2024-07-31,504.35,506.95,500.25,501.9,636329.0,319511234.45
2024-08-01,502.4,507.5,497.0,505.05,2114868.0,1060215628.75
2024-08-02,501.0,511.0,497.25,505.7,2056545.0,1036130938.45
2024-08-05,495.7,517.95,493.0,501.85,3398458.0,1715215201.5
2024-08-06,505.05,514.95,493.8,496.9,2392736.0,1194139223.55
2024-08-07,516.0,516.55,484.0,486.25,3803159.0,1866425325.05
2024-08-08,490.35,490.5,480.55,489.15,843964.0,411294258.4
2024-08-09,490.8,492.35,485.0,489.75,767782.0,374179374.05
2024-08-12,488.9,503.4,486.0,499.45,1227290.0,610488301.75
2024-08-13,500.0,534.8,500.0,517.1,5074475.0,2652519348.8
2024-08-14,518.0,529.0,517.4,522.15,1355740.0,708467839.7
2024-08-16,524.0,539.55,524.0,532.8,1880922.0,1002415698.75
2024-08-19,537.5,542.5,519.25,523.2,2034984.0,1078561971.65
2024-08-20,526.45,535.95,520.0,528.8,1012799.0,534390643.25
2024-08-21,528.3,534.95,524.0,526.4,891306.0,471770582.6
2024-08-22,528.8,533.4,523.35,531.0,960379.0,507098169.15
2024-08-23,532.0,562.75,527.1,551.2,4503684.0,2482317552.55
2024-08-26,553.15,562.95,539.05,543.3,2158912.0,1185708878.05
2024-08-27,542.6,552.7,537.7,539.7,794329.0,431686612.15
2024-08-28,544.4,558.0,536.5,546.3,1892589.0,1036390618.75
2024-08-29,548.65,550.1,534.4,538.8,686905.0,371411067.3
2024-08-30,542.5,563.0,537.2,551.8,4032385.0,2227105144.2
2024-09-02,558.0,566.4,549.05,561.85,2365508.0,1325903658.4
2024-09-03,565.0,569.1,561.75,563.4,1039483.0,587955673.65
2024-09-04,555.05,557.0,537.4,543.5,1860454.0,1012766519.55
2024-09-05,547.95,569.9,547.0,561.15,2300118.0,1293468077.6
2024-09-06,566.1,566.1,544.5,546.8,1221611.0,679347855.15
2024-09-09,548.8,553.25,542.15,546.25,948980.0,517957500.2
2024-09-10,553.0,564.0,547.85,561.0,1176616.0,659364180.35
2024-09-11,561.0,576.95,559.35,567.05,1532277.0,876599951.0
2024-09-12,569.8,576.5,564.1,576.1,654811.0,375540987.35
2024-09-13,578.45,588.0,572.1,584.2,1115323.0,650095941.4
2024-09-16,592.0,599.0,583.3,596.85,807098.0,477278380.25
2024-09-17,600.55,609.95,596.35,603.85,1248627.0,752366359.25
2024-09-18,600.0,600.0,581.55,592.95,1189237.0,699653059.45
2024-09-19,591.0,598.25,575.25,590.5,1415602.0,832449044.0
2024-09-20,592.0,622.85,588.8,605.8,3330825.0,2014225021.2
2024-09-23,619.0,621.65,594.2,598.55,948595.0,573339228.85
2024-09-24,598.55,604.9,590.85,594.95,1568505.0,934525004.2
2024-09-25,594.95,601.95,591.3,595.35,459155.0,274161495.45
2024-09-26,595.35,612.4,586.0,610.05,1870728.0,1128661611.45
2024-09-27,612.85,622.2,592.0,596.7,1549964.0,941998851.75
2024-09-30,598.0,618.8,592.5,615.1,1512592.0,923585317.3
2024-10-01,615.1,628.5,610.5,615.85,1345716.0,832832199.85
2024-10-03,600.7,602.55,589.45,597.4,1961949.0,1172064848.05
2024-10-04,593.2,596.0,574.0,581.4,3641519.0,2137532428.55
2024-10-07,581.0,592.9,574.0,580.05,1505563.0,873621482.35
2024-10-08,575.25,598.95,575.25,597.2,1224589.0,727523609.85
2024-10-09,600.0,610.75,600.0,607.45,1015365.0,616082868.35
2024-10-10,611.0,622.5,610.05,614.4,1617252.0,995508647.95
2024-10-11,614.4,619.9,598.55,600.3,1050732.0,636669543.75
2024-10-14,603.25,615.7,594.1,597.7,754787.0,452061118.9
2024-10-15,604.0,622.5,600.05,619.7,1100126.0,675423422.95
2024-10-16,619.7,627.4,606.0,608.85,1495330.0,915248733.4
2024-10-17,609.0,619.85,601.25,603.55,937208.0,570032838.1
2024-10-18,596.1,615.8,595.85,609.55,976974.0,591560045.75
2024-10-21,609.55,612.9,603.0,608.35,508325.0,308322663.1
2024-10-22,601.65,610.9,589.95,593.7,757107.0,455357198.8
2024-10-23,593.0,602.4,586.65,593.55,574699.0,340290210.8
2024-10-24,595.1,600.75,583.1,585.6,593134.0,350196926.1
2024-10-25,585.6,591.95,572.0,582.8,729129.0,424899384.05
2024-10-28,583.15,608.6,583.15,604.9,1035581.0,623377931.95
2024-10-29,608.25,612.0,599.0,600.35,1271482.0,764025041.0
2024-10-30,603.0,615.95,600.1,614.1,673945.0,412352299.95
2024-10-31,612.8,631.75,609.1,624.7,1631278.0,1015003235.85
2024-11-01,643.9,643.9,633.1,635.35,213717.0,136031097.05
2024-11-04,636.1,642.7,624.9,635.05,1951464.0,1237165067.45
2024-11-05,633.25,633.5,604.9,614.05,1799778.0,1104692924.35
2024-11-06,614.85,627.95,614.5,621.65,1211960.0,755922611.5
2024-11-07,624.2,633.5,620.0,623.1,664029.0,414670589.2
2024-11-08,623.1,624.75,612.65,620.75,330920.0,204746469.0
2024-11-11,624.2,632.1,620.0,623.95,603779.0,377089170.7
2024-11-12,625.0,658.85,625.0,643.2,2813521.0,1821694279.05
2024-11-13,639.9,639.95,616.0,620.4,877467.0,546281602.7
2024-11-14,621.9,648.55,620.8,639.1,1899805.0,1217889193.85
2024-11-18,642.0,653.0,627.05,648.5,942545.0,602199305.95
2024-11-19,649.35,662.0,645.0,657.8,1285256.0,840927504.85
2024-11-21,655.0,691.0,654.9,680.7,5476983.0,3730597130.35
2024-11-22,686.0,698.7,676.55,685.85,3306695.0,2264966469.35
2024-11-25,698.7,740.35,690.95,697.85,3830944.0,2705007143.8
2024-11-26,703.0,707.0,661.05,664.6,1835923.0,1238589407.6
2024-11-27,668.8,676.15,643.0,645.6,1844068.0,1209243508.95
2024-11-28,647.4,669.75,638.6,650.15,1808720.0,1186266623.05
2024-11-29,654.4,663.6,646.0,659.2,1010249.0,662173875.8
2024-12-02,660.5,683.0,649.0,676.95,1788751.0,1191019394.65
2024-12-03,683.8,705.9,682.95,700.25,6313555.0,4409389424.4
2024-12-04,703.8,714.6,697.8,710.9,1840718.0,1302903450.95
2024-12-05,711.15,712.85,690.95,693.95,1580545.0,1101610776.95
2024-12-06,693.95,716.85,688.0,714.25,1806463.0,1274573844.95
2024-12-09,715.8,727.65,706.55,719.6,2193683.0,1573937649.55
2024-12-10,721.2,721.7,703.6,713.8,1610610.0,1146459741.4
2024-12-11,714.0,719.25,705.65,713.7,752834.0,536827726.15
2024-12-12,717.95,724.45,710.1,721.3,1939832.0,1396611785.0
2024-12-13,723.8,729.0,708.05,711.95,1989778.0,1425905482.6
2024-12-16,717.0,717.0,690.7,696.7,1251913.0,875947748.75
2024-12-17,698.0,701.5,685.0,686.95,629791.0,434850326.85
2024-12-18,689.45,691.05,671.6,682.7,914834.0,622739747.4
2024-12-19,661.6,683.0,661.6,677.85,986910.0,669377960.75
2024-12-20,681.8,683.55,666.0,677.85,1065409.0,723463342.6
2024-12-23,680.0,685.25,667.0,678.9,1052680.0,714365646.2
2024-12-24,680.85,685.95,673.0,682.8,857059.0,583979578.9
2024-12-26,688.0,691.95,670.0,672.2,1308932.0,883301068.2
2024-12-27,673.0,685.25,659.15,682.1,1053846.0,710403355.65
2024-12-30,685.95,744.5,682.1,725.8,3668802.0,2622690954.1
2024-12-31,706.0,720.65,695.0,719.85,2142362.0,1520402266.6
2025-01-01,722.3,723.0,700.7,708.5,984457.0,696831796.6
2025-01-02,709.4,731.0,706.1,717.8,1863634.0,1342811631.4
2025-01-03,721.1,739.05,717.8,732.05,3084201.0,2260297838.5
2025-01-06,739.0,743.3,714.15,719.0,1961233.0,1428601058.05
2025-01-07,721.95,742.1,714.3,735.15,2155049.0,1567283270.55
2025-01-08,739.55,739.55,718.5,723.9,1199217.0,868723540.4
2025-01-09,723.9,725.0,702.0,713.25,1000535.0,710995374.4
2025-01-10,712.05,716.95,685.1,687.2,1532883.0,1067689897.2
2025-01-13,684.0,686.95,658.55,662.75,1242474.0,828424549.6
2025-01-14,669.45,674.55,654.35,663.55,912483.0,602569345.15
2025-01-15,666.0,667.5,648.0,651.3,1806479.0,1181478131.85
2025-01-16,655.0,680.4,655.0,663.4,1443163.0,963360390.5
2025-01-17,664.8,664.8,641.05,644.5,1017844.0,659792631.9
2025-01-20,648.0,655.45,636.3,653.5,1097181.0,710344342.9
2025-01-21,656.05,659.85,637.25,640.0,1287598.0,828915201.05
2025-01-22,641.0,642.2,623.7,629.6,1776604.0,1117996413.05
2025-01-23,629.65,644.4,624.8,635.9,1016611.0,647270406.8
2025-01-24,639.0,641.55,614.75,616.05,775798.0,481555642.5
2025-01-27,605.55,611.15,585.45,591.95,2739002.0,1629358993.85
2025-01-28,592.55,596.0,577.0,581.2,2048344.0,1190569182.0
2025-01-29,580.05,632.0,578.65,628.55,1738092.0,1071625741.35
2025-01-30,628.0,654.5,627.0,647.75,1854870.0,1198795600.3
2025-01-31,647.5,654.9,628.8,640.2,2044740.0,1309149678.35
2025-02-01,644.0,649.95,622.35,626.85,503374.0,317573217.45
2025-02-03,625.45,647.5,614.2,620.75,1137364.0,712576547.9
2025-02-04,622.0,641.7,615.55,629.05,1912645.0,1196290898.5
2025-02-05,630.0,672.9,630.0,669.7,2512836.0,1661701842.05
2025-02-06,669.65,669.65,640.5,651.1,1179716.0,768166381.35
2025-02-07,651.0,661.7,645.0,650.15,730191.0,475701691.6
2025-02-10,658.0,661.65,622.25,627.05,2416690.0,1526601082.8
2025-02-11,627.4,632.05,609.55,615.45,1513676.0,937706983.6
2025-02-12,614.7,627.25,601.85,614.55,1987381.0,1219386361.25
2025-02-13,614.55,619.6,604.35,611.8,2019406.0,1235187202.7
2025-02-14,618.95,618.95,590.0,603.85,1260837.0,759126430.1
2025-02-17,591.0,616.45,587.1,613.45,1432144.0,863650014.75
2025-02-18,614.95,619.9,599.1,603.95,1120147.0,677741434.6
2025-02-19,601.0,610.25,597.9,603.1,1100162.0,663642890.95
2025-02-20,605.6,622.55,602.9,609.9,1441873.0,880908615.25
2025-02-21,608.1,624.6,605.05,619.35,1134236.0,695446600.45
2025-02-24,614.9,617.5,593.35,598.6,870481.0,526393315.55
2025-02-25,598.1,615.0,589.05,608.35,1219572.0,731971278.9
2025-02-27,610.0,622.0,602.45,615.8,1227911.0,755324643.5
2025-02-28,613.05,620.0,603.0,612.7,1802592.0,1101058935.9
2025-03-03,602.0,635.4,602.0,629.1,2058887.0,1285183618.1
2025-03-04,627.45,656.0,620.0,639.1,2348928.0,1507651726.45
2025-03-05,643.05,673.65,630.15,661.5,3088536.0,2042122342.85
2025-03-06,666.0,669.65,643.0,648.65,4162778.0,2751650939.75
2025-03-07,644.2,654.1,627.0,629.5,1197982.0,767135162.5
2025-03-10,631.1,635.8,611.25,621.3,972185.0,606716394.15
2025-03-11,614.2,632.2,614.15,626.3,1012887.0,635723580.75
2025-03-12,629.95,629.95,613.25,615.55,774758.0,478348239.5
2025-03-13,616.75,620.0,599.6,605.45,1662890.0,1009497654.05
2025-03-17,603.1,609.0,595.6,598.3,1042443.0,626709190.75
2025-03-18,600.0,619.8,600.0,615.15,1424203.0,875727447.9
2025-03-19,614.0,618.65,604.2,609.85,1555187.0,948881278.85
2025-03-20,618.0,630.95,612.85,627.35,1496370.0,936317900.65
2025-03-21,632.0,644.4,614.9,628.25,10375675.0,6530725050.35
2025-03-24,637.9,656.7,633.5,653.2,1262762.0,813821280.25
2025-03-25,660.0,661.7,640.0,647.65,1613266.0,1043178334.55
2025-03-26,650.0,653.85,638.7,645.7,905883.0,583421855.35
2025-03-27,639.7,677.9,630.65,671.8,2353906.0,1549394011.7
2025-03-28,671.0,724.95,666.05,698.35,6070165.0,4261458555.45
2025-04-01,699.8,721.9,680.15,688.65,2136107.0,1489420958.4
2025-04-02,685.65,686.95,652.65,662.6,1791342.0,1186902146.9
2025-04-03,663.45,672.45,652.8,659.7,1053691.0,697404797.15
2025-04-04,659.0,661.1,639.9,649.45,1080116.0,700991620.55
2025-04-07,606.0,640.0,595.8,633.35,1489123.0,928367130.15
2025-04-08,644.45,661.9,641.0,648.85,2244532.0,1466336288.8
2025-04-09,648.9,660.6,642.25,654.0,1191181.0,778759868.4
2025-04-11,668.5,671.85,635.2,649.55,3042575.0,1983713633.35
2025-04-15,663.0,699.7,656.6,669.25,4115812.0,2788620867.75
2025-04-16,671.3,687.95,645.6,649.95,3759757.0,2470353902.35
2025-04-17,651.15,667.0,645.4,664.55,1737247.0,1144056610.45
2025-04-21,664.55,667.85,654.55,656.3,1053508.0,692832106.25
2025-04-22,656.65,674.5,655.7,664.6,1322108.0,878468053.35
2025-04-23,664.6,678.95,656.0,676.65,2027535.0,1354704412.5
2025-04-24,679.0,683.0,664.35,668.4,868517.0,581002983.45
2025-04-25,671.5,671.5,638.0,654.65,2367728.0,1546140668.35
2025-04-28,650.0,677.8,647.65,675.2,1149511.0,770981619.7
2025-04-29,677.85,679.0,662.3,667.2,738560.0,494085727.2
2025-04-30,667.2,701.0,663.25,685.55,4791505.0,3306260646.35
2025-05-02,686.0,692.55,676.15,678.6,1441513.0,987333926.3
2025-05-05,680.35,686.45,669.95,681.0,775182.0,524334505.0
2025-05-06,682.0,694.8,666.0,686.85,1659976.0,1134599729.25
2025-05-07,679.8,686.2,663.1,682.75,1678787.0,1139200323.05
2025-05-08,686.0,691.7,657.7,662.75,1444130.0,968595492.2
2025-05-09,646.7,669.0,646.7,664.7,812628.0,535894266.2
2025-05-12,676.0,679.3,669.35,676.65,1074733.0,725659619.25
2025-05-13,676.6,678.7,660.8,666.2,1406175.0,937436600.15
2025-05-14,669.0,694.6,663.0,691.85,1531628.0,1048316867.15
2025-05-15,694.8,709.8,684.4,699.4,1659992.0,1162595117.55
2025-05-16,707.0,709.05,695.3,700.05,850892.0,596940966.8
2025-05-19,702.0,705.0,682.35,685.85,1032224.0,711683556.5
2025-05-20,693.7,693.85,675.0,679.15,1637259.0,1113533958.25
2025-05-21,675.0,687.45,667.2,672.05,1844005.0,1245500336.0
2025-05-22,671.5,741.35,671.5,723.8,11786233.0,8518704242.7
2025-05-23,717.95,724.8,712.45,719.05,1754879.0,1263769193.25
2025-05-26,721.0,728.9,702.0,708.2,1010386.0,720646743.7
2025-05-27,708.6,716.9,698.7,704.95,1327676.0,937674242.15
2025-05-28,708.0,722.2,703.2,710.6,2332242.0,1664386428.9
2025-05-29,714.2,719.25,707.0,716.3,1226368.0,875541459.0
2025-05-30,716.3,723.0,705.0,706.3,1759347.0,1247928146.65
2025-06-02,706.1,735.0,702.0,722.35,2933911.0,2125041311.95
2025-06-03,725.0,739.9,725.0,729.65,2131110.0,1559611768.75
2025-06-04,734.4,744.95,723.0,738.85,3148123.0,2322824112.3
2025-06-05,744.8,756.9,736.45,754.75,3099466.0,2331512789.55
2025-06-06,759.0,767.85,753.8,763.3,2851545.0,2173805563.4
2025-06-09,767.0,768.95,754.1,767.2,1061954.0,810239513.55
2025-06-10,767.2,781.0,758.3,778.9,1369394.0,1058686020.95
2025-06-11,778.9,778.9,760.35,764.25,1434544.0,1102752173.35
2025-06-12,765.0,774.3,757.65,760.0,1968926.0,1507865817.95
2025-06-13,752.0,757.0,742.2,754.0,1478261.0,1109646637.75
2025-06-16,755.0,767.0,747.15,764.85,1367904.0,1040084615.1
2025-06-17,763.3,771.9,756.1,761.55,1575983.0,1203367515.95
2025-06-18,763.1,769.7,755.55,759.0,1090681.0,829205138.55
2025-06-19,762.8,763.35,743.65,748.1,751819.0,565288317.3
2025-06-20,745.6,760.0,745.3,755.25,2129046.0,1601990849.55
2025-06-23,746.0,767.7,746.0,754.65,1864033.0,1410624266.75
2025-06-24,761.9,768.6,751.2,765.4,2588488.0,1971129407.2
2025-06-25,770.0,782.0,764.65,779.8,2481315.0,1930523542.25
2025-06-26,786.0,793.0,780.25,790.7,2455980.0,1932443679.8
2025-06-27,793.15,802.9,779.95,784.0,2321087.0,1832781146.2
2025-06-30,790.0,800.1,778.4,794.5,1000311.0,790953371.85
2025-07-01,794.0,794.0,773.0,774.75,1743062.0,1357649943.2
2025-07-02,775.0,795.95,768.3,792.55,2063730.0,1613980497.25
2025-07-03,793.0,800.65,786.55,794.05,1082475.0,859854383.6
2025-07-04,798.0,809.4,795.05,807.05,1071405.0,861128352.7
2025-07-07,807.0,813.0,797.05,806.0,970189.0,782011387.35
2025-07-08,806.05,813.0,787.0,790.5,1486913.0,1185934439.65
2025-07-09,787.0,797.55,780.1,784.7,662542.0,521790902.05
2025-07-10,785.0,785.8,766.55,773.45,1649585.0,1278746198.45
2025-07-11,773.4,779.7,757.15,764.55,2036196.0,1557514860.1
2025-07-14,761.0,786.9,761.0,782.3,1646076.0,1280998901.55
2025-07-15,782.3,807.4,780.0,799.25,2210713.0,1766529414.05
2025-07-16,802.8,808.9,794.0,795.15,1041070.0,835104312.95
2025-07-17,796.55,812.85,795.35,810.25,896550.0,722831365.4
2025-07-18,810.25,813.7,796.7,798.5,687933.0,553237558.7
2025-07-21,798.5,809.9,790.7,802.25,1278624.0,1024413820.65
2025-07-22,806.0,817.8,795.35,809.1,1589708.0,1285330514.95
2025-07-23,814.0,832.0,807.25,823.7,2607043.0,2135089183.15
2025-07-24,830.8,849.7,828.65,846.55,3454820.0,2904023922.1
2025-07-25,844.35,849.0,832.0,845.55,1914241.0,1610553289.75
2025-07-28,849.05,854.5,839.35,846.25,1760490.0,1490174860.6
2025-07-29,846.65,854.5,840.2,850.6,1899113.0,1612405075.75
2025-07-30,850.6,850.75,835.55,842.7,1418596.0,1195045993.6
2025-07-31,832.5,859.95,830.15,857.45,2040110.0,1735852625.55
2025-08-01,859.8,867.35,849.75,859.25,1774519.0,1525550247.4
2025-08-04,860.0,865.0,850.0,861.9,1131789.0,972567080.35
2025-08-05,862.1,869.9,853.35,867.9,751602.0,648701093.55
2025-08-06,868.75,869.05,848.75,858.15,1517625.0,1300880028.3
2025-08-07,885.0,904.5,874.0,884.0,10596141.0,9414624766.15
2025-08-08,884.05,904.25,879.15,897.35,3789175.0,3402531355.5
2025-08-11,899.0,923.0,895.0,920.65,3957450.0,3607832260.75
2025-08-12,921.95,935.45,918.2,931.65,2815033.0,2608817721.25
2025-08-13,933.0,948.7,928.6,945.8,3010275.0,2828035921.9
2025-08-14,947.2,951.05,929.0,932.0,1808600.0,1692172100.3
2025-08-18,944.8,946.65,934.4,938.25,1441061.0,1354762954.2
2025-08-19,945.0,950.85,936.0,948.9,1484535.0,1401866587.3
2025-08-20,952.8,966.0,943.0,963.95,2071877.0,1983958920.65
2025-08-21,965.0,971.0,945.15,947.55,2035584.0,1940381773.05
2025-08-22,944.55,947.0,932.1,934.4,1777906.0,1664691203.1
2025-08-25,940.0,941.85,913.0,915.15,1863978.0,1718458313.15
2025-08-26,915.15,920.95,905.35,916.0,2279071.0,2084794752.65
2025-08-28,922.5,924.8,908.95,911.4,1982246.0,1810074406.85
2025-08-29,911.4,920.85,904.4,911.5,963721.0,879541105.1
2025-09-01,918.8,928.0,914.3,924.65,1081763.0,998442887.15
2025-09-02,934.0,940.0,920.6,929.75,1061729.0,989680560.3
2025-09-03,934.2,959.0,931.8,956.6,1737341.0,1640425401.6
2025-09-04,960.0,960.0,944.55,949.8,1204974.0,1145542390.2
2025-09-05,955.0,958.9,941.5,947.85,851085.0,808296328.6
2025-09-08,949.05,950.0,930.1,942.9,1072123.0,1007294560.4
2025-09-09,942.0,954.9,937.0,949.6,911020.0,860191751.75
2025-09-10,956.6,968.9,948.05,967.15,1786226.0,1713387161.55
2025-09-11,973.3,977.0,958.9,965.95,1846188.0,1783577140.05
2025-09-12,969.0,974.95,962.0,970.0,836103.0,810407604.1
2025-09-15,969.0,979.0,960.0,977.65,817441.0,793982474.5
2025-09-16,980.0,983.2,965.0,966.65,763410.0,740161700.65
2025-09-17,967.0,970.2,952.05,962.6,1596331.0,1533012739.65
2025-09-18,966.0,970.8,953.25,968.4,970002.0,935789055.6
2025-09-19,967.6,968.5,950.35,953.95,2694235.0,2572884644.15
2025-09-22,950.0,972.25,950.0,966.25,975105.0,935690400.0
2025-09-23,969.0,979.3,962.7,967.7,1333250.0,1295970320.2
2025-09-24,969.0,972.15,952.85,960.4,1197147.0,1150059742.95
2025-09-25,960.4,965.0,942.5,944.6,1486815.0,1412739376.65
2025-09-26,939.0,944.6,929.35,932.75,1580604.0,1477827458.2
2025-09-29,938.0,974.9,933.9,970.75,4072382.0,3925186289.8
2025-09-30,972.0,973.5,958.4,969.8,2065028.0,1998134489.9
2025-10-01,971.0,996.9,967.5,989.65,2567566.0,2535297001.2
2025-10-03,996.1,1004.7,970.85,980.4,3470330.0,3412595822.05
2025-10-06,994.0,1060.1,987.1,1053.9,10745414.0,11203243780.2
2025-10-07,1053.9,1055.5,1035.05,1041.8,3101947.0,3235493110.85
2025-10-08,1041.8,1059.95,1041.3,1055.35,2109565.0,2223528367.95
2025-10-09,1061.0,1072.55,1050.0,1068.85,2248117.0,2392159031.15
2025-10-10,1062.0,1067.85,1047.25,1060.3,2321964.0,2458564117.2
2025-10-13,1062.0,1103.15,1060.3,1095.15,4683912.0,5121807653.85
2025-10-14,1095.15,1102.4,1079.8,1081.4,1549189.0,1687809309.65
2025-10-15,1085.75,1096.75,1077.05,1087.6,1749228.0,1903864575.15
2025-10-16,1095.0,1097.95,1078.05,1095.25,1855480.0,2019255073.0
2025-10-17,1095.0,1104.3,1082.0,1084.9,2088011.0,2278837416.95
2025-10-20,1087.0,1097.3,1080.0,1093.0,1010720.0,1103272684.4
2025-10-21,1095.05,1101.4,1094.0,1097.9,87444.0,96026592.45
2025-10-23,1098.15,1104.0,1045.1,1049.45,4103160.0,4375626283.5
2025-10-24,1054.2,1065.7,1034.9,1037.3,2426439.0,2529478102.55
2025-10-27,1045.0,1056.35,1036.05,1052.55,1544690.0,1618671584.15
2025-10-28,1059.8,1067.7,1050.8,1057.0,1342739.0,1422457874.2
2025-10-29,1061.0,1064.5,1051.85,1055.45,1208644.0,1277250616.75
2025-10-30,1054.55,1057.45,1039.8,1044.6,1010326.0,1061349890.25
2025-10-31,1044.45,1048.9,1020.3,1023.05,2027450.0,2089895985.2
2025-11-03,1024.0,1040.5,1018.3,1030.7,1501905.0,1551842717.6
2025-11-04,1031.0,1034.5,1016.0,1019.1,1773694.0,1814177685.7
2025-11-06,1025.0,1029.9,995.1,1009.9,2298960.0,2318541856.9
2025-11-07,1007.0,1022.5,1000.8,1020.0,1719538.0,1741199908.0
2025-11-10,1020.0,1020.3,984.5,992.7,4626269.0,4612965317.3
2025-11-11,999.0,999.0,980.0,986.9,3524034.0,3477115457.3
2025-11-12,1004.1,1007.5,949.6,969.4,6846735.0,6641356289.1
2025-11-13,971.0,977.9,948.4,953.0,3239284.0,3111603064.3
2025-11-14,950.0,951.0,930.3,937.7,3268449.0,3062798553.4
2025-11-17,943.0,953.2,931.2,944.1,3466951.0,3269245950.7
2025-11-18,946.4,946.4,922.0,928.1,2325318.0,2162594881.2
2025-11-19,932.0,935.5,912.5,922.9,3031991.0,2795889250.3
2025-11-20,925.0,940.5,921.0,935.4,2621786.0,2452833528.8
2025-11-21,937.7,938.0,914.4,921.0,2145127.0,1980164169.7
2025-11-24,926.5,932.8,915.7,922.2,59357806.0,54764428406.0
2025-11-25,920.0,929.0,915.6,920.4,2226236.0,2054583632.9
2025-11-26,925.7,935.4,921.0,932.9,1562116.0,1453440529.1
2025-11-27,932.9,935.0,916.2,922.1,1594941.0,1471535396.0
2025-11-28,929.0,929.0,906.7,919.1,2836398.0,2595142606.4
2025-12-01,919.1,921.8,899.65,904.85,2757915.0,2508375832.65
2025-12-02,904.2,918.4,893.55,915.75,3998767.0,3625213428.8
2025-12-03,916.05,920.85,895.15,898.25,2120959.0,1915889063.4
2025-12-04,895.0,900.65,884.5,888.55,2075176.0,1847013090.85
2025-12-05,890.0,896.4,882.0,888.55,1895397.0,1685052721.95
2025-12-08,882.55,888.55,854.4,860.8,2161483.0,1865685052.4
2025-12-09,860.7,867.4,845.4,863.85,2095907.0,1805190340.0
2025-12-10,868.9,868.9,850.2,852.95,3041856.0,2604348925.55
2025-12-11,853.0,862.5,848.95,855.85,1367549.0,1169355839.75
2025-12-12,860.45,877.0,858.25,874.05,2286632.0,1994073339.5
2025-12-15,875.0,876.85,858.0,869.8,834186.0,722634140.5
2025-12-16,873.9,882.0,867.6,875.0,2131839.0,1865786876.05
2025-12-17,879.05,879.8,865.2,870.95,1608846.0,1403764463.15
2025-12-18,868.0,868.85,855.5,866.35,1836638.0,1588161206.35
2025-12-19,866.35,894.0,866.35,890.9,4605427.0,4080162924.35
2025-12-22,898.9,915.8,892.3,914.15,2450822.0,2226866394.1
2025-12-23,915.0,916.95,895.1,901.6,961078.0,866516571.8
2025-12-24,901.6,910.0,898.55,902.7,1221735.0,1105301643.4
2025-12-26,903.0,909.2,896.4,902.4,1130940.0,1023262264.75
2025-12-29,903.0,903.0,882.0,883.8,992064.0,882173811.55
2025-12-30,883.8,888.3,875.8,878.8,4043040.0,3556123937.6
2025-12-31,880.05,888.85,875.3,884.0,929120.0,821192174.35
2026-01-01,885.0,903.0,878.0,900.55,910259.0,809400662.1
2026-01-02,906.3,923.55,896.3,914.75,1811265.0,1653732603.35
2026-01-05,919.3,920.0,904.1,915.45,1482946.0,1356610723.1
2026-01-06,915.45,950.45,914.0,945.0,3869929.0,3623365639.6
2026-01-07,950.0,950.05,935.2,940.85,2034953.0,1918548570.9
2026-01-08,939.65,940.95,912.75,917.05,1678214.0,1553938646.65
2026-01-09,913.35,928.2,901.3,903.05,1355905.0,1237137930.0
2026-01-12,903.05,905.0,878.35,893.3,1629908.0,1448448206.6
2026-01-13,893.5,911.0,887.4,908.0,978014.0,879526324.5
2026-01-14,908.0,917.05,903.0,909.95,2425030.0,2207230575.85
2026-01-16,910.6,915.0,893.7,896.45,2171062.0,1953192768.35
2026-01-19,895.0,898.95,888.6,892.05,1173321.0,1048014949.9
2026-01-20,890.0,892.7,851.1,856.45,2644957.0,2293393381.7
2026-01-21,850.25,857.45,832.0,844.15,2537960.0,2146544547.9
2026-01-22,846.0,859.75,832.4,841.45,2982573.0,2520763928.55
2026-01-23,851.95,864.45,839.3,844.0,2332499.0,1989953491.65
2026-01-27,846.0,851.95,826.15,838.45,1363842.0,1142086091.65
2026-01-28,843.85,853.2,839.45,849.05,1089769.0,923279098.2
2026-01-29,845.5,849.55,837.55,842.25,1813385.0,1528167244.45
2026-01-30,838.0,858.15,838.0,851.5,2077023.0,1768797235.3
2026-02-01,857.0,868.3,827.8,832.8,364148.0,309195422.9
2026-02-02,828.0,842.9,812.6,837.95,1205946.0,999615768.15
2026-02-03,855.0,870.95,852.15,863.1,1995886.0,1721210878.5
2026-02-04,859.5,869.65,855.1,859.85,1371869.0,1183270491.85
2026-02-05,858.0,872.45,850.4,857.2,749831.0,643089639.3
2026-02-06,854.1,857.6,844.05,855.7,908963.0,773962160.3
2026-02-09,859.0,895.05,853.2,891.3,1297869.0,1142412581.05
2026-02-10,892.0,897.85,885.4,891.85,1062353.0,946722420.0
2026-02-11,891.85,930.9,890.2,918.85,3865582.0,3551808818.7
2026-02-12,924.7,943.0,921.05,928.55,2457834.0,2293894084.15
2026-02-13,928.15,930.9,914.3,916.75,1221319.0,1123691259.35
2026-02-16,916.7,923.8,896.8,915.75,2094816.0,1908014232.65
2026-02-17,921.9,930.0,902.65,907.15,912616.0,833524748.8
2026-02-18,909.5,918.15,902.65,914.95,557147.0,507457788.9
2026-02-19,917.0,922.75,904.6,906.6,660537.0,604510402.95
2026-02-20,906.6,926.9,906.55,921.0,1306102.0,1201487801.5
2026-02-23,921.0,932.15,914.9,919.7,1580750.0,1459558333.0
2026-02-24,916.0,923.5,910.05,919.55,609597.0,559099687.5
2026-02-25,924.3,935.0,917.6,930.75,1678874.0,1560344310.75
2026-02-26,935.15,965.5,935.15,963.65,2899022.0,2770381548.95
2026-02-27,968.8,977.4,938.35,942.65,3208469.0,3050013815.45
2026-03-02,903.75,939.25,903.75,932.5,1177977.0,1096000511.4
2026-03-04,920.0,925.0,901.6,910.9,2075902.0,1888228714.6
2026-03-05,916.8,923.65,905.6,920.95,964390.0,883318027.65
2026-03-06,920.95,927.85,890.15,892.55,1309652.0,1187608895.2
2026-03-09,869.5,899.8,856.2,878.45,1416619.0,1234895386.7
2026-03-10,885.0,890.0,878.2,881.8,867711.0,766101784.0
2026-03-11,884.0,887.75,873.6,881.2,1346013.0,1185302870.65
2026-03-12,874.0,875.05,852.0,859.5,2366155.0,2035075998.0
2026-03-13,859.0,863.6,837.95,839.75,1002669.0,848604140.6
2026-03-16,838.3,848.9,802.7,807.9,2163738.0,1766815450.85
2026-03-17,811.95,825.6,795.0,820.2,2355341.0,1923504555.5
2026-03-18,824.45,850.9,823.35,846.0,2184958.0,1843110718.25
2026-03-19,832.1,836.0,811.75,818.35,2169139.0,1776622568.65
2026-03-20,821.15,834.55,814.35,822.05,1580046.0,1304616428.35
2026-03-23,812.75,814.3,779.55,799.2,2080433.0,1649979372.65
2026-03-24,818.0,819.5,795.7,811.4,2503169.0,2026572335.1
2026-03-25,815.0,833.0,813.05,830.1,1758122.0,1455852847.45
2026-03-27,830.05,830.1,807.75,814.15,2274836.0,1858412120.25
2026-03-30,797.0,807.8,788.0,795.0,2058235.0,1638938024.4
2026-04-01,804.45,817.7,790.3,795.0,1091032.0,871978733.45
2026-04-02,790.05,791.0,766.8,788.75,1171512.0,912734864.5
2026-04-06,794.0,810.0,776.1,808.15,1134897.0,905193779.75
2026-04-07,804.0,842.2,784.35,840.05,2061444.0,1698209575.5
2026-04-08,852.85,861.2,835.65,840.55,2108616.0,1781876535.35
2026-04-09,843.8,858.75,834.55,850.05,1471110.0,1247676133.55
2026-04-10,854.0,859.35,845.6,847.85,725996.0,618375653.35
2026-04-13,840.0,861.1,826.45,850.25,943678.0,803259996.55
2026-04-15,865.0,880.0,855.5,877.55,1750556.0,1527315194.4
2026-04-16,884.0,885.0,861.0,873.9,1572040.0,1372098941.7
2026-04-17,873.9,897.55,867.0,890.2,899582.0,799917955.05
2026-04-20,894.0,898.8,882.6,890.9,1276682.0,1137375552.35
2026-04-21,894.0,927.9,890.95,916.6,2441654.0,2242854166.45
2026-04-22,918.9,934.45,907.05,923.1,2678373.0,2471250646.05
2026-04-23,919.5,932.3,913.35,926.75,1261689.0,1165192014.1
2026-04-24,932.0,934.4,920.2,929.3,1510866.0,1400731205.4
2026-04-27,939.0,958.0,935.0,953.8,1721440.0,1632882594.2
2026-04-28,961.0,964.5,947.25,951.55,1264450.0,1205413389.55
2026-04-29,952.95,956.6,929.25,935.2,903219.0,851798557.4
2026-04-30,930.65,934.9,910.55,922.95,1057073.0,972979529.25
2026-05-04,931.5,961.0,925.0,952.9,1357595.0,1292817893.8
2026-05-05,954.0,955.45,933.3,949.55,932796.0,879790724.15
2026-05-06,960.0,960.1,941.0,956.9,815843.0,777295478.05
2026-05-07,960.0,963.3,946.0,947.7,689475.0,656132741.7
2026-05-08,949.4,966.7,947.0,952.35,2211990.0,2115120616.05
2026-05-11,947.55,980.95,947.55,974.15,2566633.0,2485906411.05
2026-05-12,979.9,982.95,947.3,951.15,1623373.0,1561509177.0
2026-05-13,946.35,972.0,945.2,957.5,1066144.0,1026532752.55
2026-05-14,960.0,976.0,956.15,970.65,1823259.0,1766974974.0
2026-05-15,975.5,977.45,962.0,963.65,736724.0,713313305.65
2026-05-18,960.0,965.0,945.1,962.15,899523.0,861088777.05
2026-05-19,962.15,975.0,955.5,960.55,1026400.0,992352161.45
2026-05-20,960.55,977.0,952.0,974.6,1040975.0,1007917473.4
2026-05-21,980.9,992.7,965.2,967.3,1472617.0,1436059739.85
2026-05-22,971.95,975.0,949.2,960.4,1268964.0,1217199104.3
2026-05-25,969.0,984.4,963.1,970.35,1795872.0,1746217290.15
2026-05-26,974.0,974.55,956.05,966.6,905554.0,873163732.0
2026-05-27,961.4,970.9,953.95,960.9,567070.0,545251344.5
2026-05-29,962.5,967.3,920.0,928.45,3005046.0,2806603443.75
2026-06-01,933.1,939.45,920.85,929.2,838784.0,781830388.05
2026-06-02,920.3,933.85,899.1,929.4,1697089.0,1550642547.7
2026-06-03,931.8,937.15,916.1,930.25,1029896.0,956193964.55
2026-06-04,929.0,948.65,923.6,940.65,1219138.0,1147075491.45
2026-06-05,946.5,972.0,941.55,968.65,1545060.0,1482445877.4
2026-06-08,955.6,1004.5,954.15,989.1,4402527.0,4367983094.35
2026-06-09,995.0,996.25,983.1,989.75,1649601.0,1634658746.45
2026-06-10,993.0,1010.1,983.1,989.0,1909993.0,1902432933.6
2026-06-11,983.15,998.5,977.8,989.0,784738.0,775344696.7
2026-06-12,996.1,1002.0,986.1,990.35,934183.0,926957112.75
2026-06-15,1000.0,1002.0,977.7,980.15,1246775.0,1226940175.05
2026-06-16,980.15,981.9,949.05,969.1,1856149.0,1792491033.15
2026-06-17,972.8,972.8,942.8,949.65,2304366.0,2190108309.4
2026-06-18,956.0,961.0,946.3,958.75,1207115.0,1151847218.3
2026-06-19,958.75,967.0,953.1,962.95,1190940.0,1144969803.85
2026-06-22,963.0,980.25,960.05,975.85,877907.0,853179389.1
2026-06-23,975.9,987.45,966.55,972.1,1067566.0,1041247520.85
2026-06-24,971.0,978.1,963.5,975.4,1081951.0,1051843751.65
2026-06-25,973.05,983.0,950.55,954.8,1053914.0,1017714415.95
2026-06-29,954.35,966.8,935.6,950.4,7667314.0,7274555600.25
2026-06-30,956.6,964.9,948.6,956.95,1619767.0,1550932194.85
2026-07-01,955.0,962.8,946.25,949.05,1455851.0,1389082576.5
2026-07-02,949.0,977.5,946.6,974.95,1255791.0,1210392248.0
2026-07-03,979.0,988.45,970.4,974.6,1136906.0,1111348832.3
2026-07-06,975.0,985.5,972.9,980.05,1280512.0,1253658583.15
2026-07-07,980.05,996.55,968.4,971.9,1543271.0,1510789888.65
2026-07-08,969.9,973.1,938.4,943.75,2290888.0,2177617090.25
2026-07-09,944.25,964.0,944.25,951.45,1998003.0,1907298556.15
2026-07-10,959.0,969.9,948.7,968.0,1781037.0,1703291194.1
2026-07-13,961.85,969.8,954.15,963.5,1224946.0,1175846786.0
2026-07-14,963.5,972.5,960.05,969.75,870920.0,839714618.9
2026-07-15,978.8,988.25,972.15,976.15,1163956.0,1140294975.15
2026-07-16,981.3,982.05,961.1,963.1,733039.0,708224462.25
2026-07-17,963.1,964.0,944.0,952.45,604717.0,575332518.9
2026-07-20,950.2,960.1,948.8,951.2,532831.0,508375101.45
2026-07-21,952.0,970.45,951.75,969.0,648336.0,624285678.6
2026-07-22,969.0,969.7,945.5,949.85,637310.0,607349009.1
2026-07-23,951.0,952.7,940.0,943.65,826315.0,780312915.95
2026-07-24,940.0,951.05,927.7,948.7,503448.0,474441286.6
2026-07-27,958.0,958.6,939.9,942.3,1227263.0,1159801683.95
2026-07-28,940.0,948.2,936.95,945.45,793673.0,747790357.45
2026-07-29,946.9,958.5,944.75,952.05,986990.0,939045653.9
2026-07-30,951.95,956.0,945.4,948.85,328839.0,312322980.1
2026-07-31,948.05,953.6,940.7,945.0,676906.0,639702032.15
2026-08-03,953.8,979.6,938.0,940.0,2160190.0,2067684316.1
2026-08-04,940.05,942.0,924.05,932.8,1509985.0,1407356168.15
2026-08-05,935.7,935.7,915.05,925.0,1897685.0,1753621234.05
2026-08-06,926.0,927.0,916.1,920.0,815182.0,749685128.35
2026-08-07,920.0,967.7,903.35,955.15,3551821.0,3346174422.9
2026-08-10,965.05,978.7,944.3,945.15,2217206.0,2126563611.9
2026-08-11,945.0,948.55,923.6,935.2,1666135.0,1558170651.4
2026-08-12,935.25,936.0,879.1,900.0,4300020.0,3839017067.75
2026-08-13,892.9,906.15,887.65,906.15,1031900.0,926381339.5
2026-08-14,905.9,929.0,897.6,929.0,1535625.0,1404081232.75
2026-08-17,923.5,927.8,906.3,908.75,1263131.0,1156191853.2
2026-08-18,912.4,918.25,905.35,916.7,1108225.0,1012452474.75
2026-08-19,925.0,927.0,907.3,911.3,2496457.0,2287665290.35
2026-08-20,915.0,920.95,911.05,916.8,654971.0,600464613.45
2026-08-21,915.15,919.7,904.45,907.1,812713.0,738210623.2
2026-08-24,907.0,918.0,904.5,918.0,401483.0,365814349.45
2026-08-25,916.4,923.95,901.4,923.95,1498492.0,1365411739.85
2026-08-26,926.85,933.8,913.85,913.85,586874.0,542638062.8
2026-08-27,916.95,920.0,911.3,915.65,302082.0,276511002.25
2026-08-28,918.75,941.9,916.05,926.75,1462799.0,1362375628.85
2026-08-31,929.0,929.0,903.15,906.9,2197250.0,2000846438.6
2026-09-01,911.6,921.45,893.0,915.0,1605569.0,1463420900.85
2026-09-02,907.65,915.0,901.35,915.0,725295.0,659650471.6
2026-09-03,915.0,920.0,908.45,917.5,751728.0,687636650.75
2026-09-04,914.0,917.45,903.8,905.0,627470.0,570533027.85
2026-09-07,902.1,911.5,892.8,910.0,893344.0,807740796.9
2026-09-08,908.05,913.0,902.35,908.0,768379.0,696670612.95
2026-09-09,906.9,918.4,903.65,915.0,670656.0,611012787.5
2026-09-10,914.65,915.0,900.6,902.45,963139.0,874341992.85
2026-09-11,897.5,900.0,885.0,887.8,784589.0,700322801.6
2026-09-15,894.0,896.55,875.2,880.1,842800.0,747771598.1
2026-09-16,880.0,880.1,861.4,870.3,1094839.0,952045104.05
2026-09-17,877.0,897.0,874.35,886.1,1175220.0,1045288189.35
2026-09-18,884.7,899.7,884.7,886.0,1928099.0,1720131096.2
2026-09-21,887.2,906.5,887.2,893.5,916405.0,825387613.2
2026-09-22,894.2,908.8,892.35,896.55,808369.0,727456011.35
2026-09-23,895.0,898.4,887.4,894.0,989288.0,882326943.45
2026-09-24,891.6,897.15,877.35,877.35,906861.0,805479552.8
2026-09-25,878.15,880.55,832.0,837.85,2433292.0,2061296793.4
2026-09-28,831.0,840.2,817.25,830.75,2608914.0,2158769100.2
2026-09-29,833.0,838.05,815.2,822.0,2532368.0,2082520798.4
