date,open,high,low,close,volume,value
2018-10-10,102.5,109.0,95.0,103.3,3073888.0,321531706.8
2018-10-11,97.0,106.3,95.5,103.0,234583.0,24177004.45
2018-10-12,105.0,105.8,100.0,101.4,88860.0,9190470.15
2018-10-15,100.8,102.65,98.0,99.15,86326.0,8646527.5
2018-10-16,100.6,100.6,96.5,97.05,83510.0,8192015.85
2018-10-17,97.05,97.85,90.25,91.15,88661.0,8367028.85
2018-10-19,90.0,94.0,89.0,89.25,47045.0,4288199.25
2018-10-22,89.15,91.3,86.0,86.75,49963.0,4401759.65
2018-10-23,87.0,87.0,83.1,83.45,44265.0,3728065.25
2018-10-24,84.0,84.6,82.6,83.0,27149.0,2260298.4
2018-10-25,80.05,81.6,80.05,80.45,21834.0,1766635.45
2018-10-26,79.0,84.2,77.7,81.9,84241.0,6799265.45
2018-10-29,82.0,84.0,81.0,82.3,26963.0,2227419.55
2018-10-30,82.0,84.6,82.0,84.15,22830.0,1911930.6
2018-10-31,86.3,93.85,86.1,90.9,87409.0,7918790.7
2018-11-01,91.9,93.0,88.05,89.4,30624.0,2768763.25
2018-11-02,89.3,91.6,89.3,89.95,18226.0,1644335.0
2018-11-05,88.2,90.5,88.2,89.8,14114.0,1263409.3
2018-11-06,90.35,90.9,89.3,89.9,15975.0,1437201.55
2018-11-07,89.0,90.9,89.0,90.4,2400.0,216757.1
2018-11-09,90.35,91.5,89.65,90.8,11883.0,1077161.65
2018-11-12,90.75,92.7,90.0,90.65,18334.0,1681585.75
2018-11-13,90.25,91.5,90.15,90.6,15387.0,1396105.1
2018-11-14,90.7,92.5,90.0,90.8,13391.0,1219483.7
2018-11-15,90.8,92.8,89.55,89.8,17775.0,1612124.2
2018-11-16,90.05,90.05,89.0,89.55,12095.0,1084079.0
2018-11-19,90.0,93.6,89.6,92.2,37250.0,3417402.4
2018-11-20,92.5,97.0,90.15,90.9,16145.0,1484872.85
2018-11-21,93.0,95.25,90.05,93.75,22903.0,2126742.35
2018-11-22,93.75,97.0,93.0,95.05,28955.0,2761528.85
2018-11-26,93.2,99.8,93.2,97.65,33006.0,3229214.15
2018-11-27,96.5,99.9,96.5,97.7,18491.0,1808000.6
2018-11-28,98.85,101.45,97.9,100.65,33934.0,3371893.05
2018-11-29,100.0,102.4,99.95,100.35,28964.0,2927843.25
2018-11-30,100.8,101.9,99.85,100.6,62560.0,6287573.45
2018-12-03,100.75,101.2,95.95,96.45,59345.0,5942354.35
2018-12-04,96.95,98.1,96.0,96.65,6336.0,616153.55
2018-12-05,97.05,97.7,93.15,93.9,11471.0,1086018.15
2018-12-06,93.6,93.6,88.75,92.0,11367.0,1038411.65
2018-12-07,93.95,97.0,92.6,95.5,8342.0,788228.5
2018-12-10,93.5,97.5,90.4,93.25,8614.0,803153.05
2018-12-11,92.0,95.7,91.3,95.0,10421.0,977292.85
2018-12-12,95.55,96.5,93.65,95.1,10225.0,970787.15
2018-12-13,93.7,96.1,93.7,94.4,11705.0,1109787.5
2018-12-14,94.5,96.55,93.0,95.05,11036.0,1042873.35
2018-12-17,95.95,99.0,93.5,95.6,21724.0,2102290.6
2018-12-18,92.15,95.9,92.15,94.6,14255.0,1350451.5
2018-12-19,93.45,97.4,93.45,95.3,16353.0,1561821.75
2018-12-20,94.7,96.15,94.4,95.35,16419.0,1567294.95
2018-12-21,96.5,96.5,94.15,94.7,28175.0,2676691.45
2018-12-24,94.0,96.5,93.15,95.05,11570.0,1103851.25
2018-12-26,93.2,95.75,93.0,94.45,22358.0,2103761.75
2018-12-27,95.05,96.45,92.1,93.2,13275.0,1256072.25
2018-12-28,92.85,94.8,92.85,93.45,8191.0,766139.05
2018-12-31,93.95,95.0,90.2,92.75,13579.0,1262228.85
2019-01-01,93.8,93.8,92.0,92.45,6696.0,620784.8
2019-01-02,91.0,94.5,90.8,93.35,6727.0,623825.75
2019-01-03,93.7,94.05,90.05,93.65,27865.0,2594140.25
2019-01-04,92.45,94.7,91.8,92.45,3931.0,364883.9
2019-01-07,93.8,100.8,92.0,95.45,40965.0,3982608.55
2019-01-08,95.45,96.4,94.05,94.85,8277.0,788002.5
2019-01-09,95.75,96.9,93.45,93.95,7064.0,666714.15
2019-01-10,93.45,95.4,92.35,92.95,5742.0,534718.05
2019-01-11,93.6,94.0,92.15,93.3,6384.0,594148.8
2019-01-14,92.1,94.2,92.1,92.5,7389.0,687171.1
2019-01-15,92.6,95.9,92.25,94.55,15249.0,1430250.3
2019-01-16,94.2,95.6,93.25,94.3,7701.0,725650.0
2019-01-17,95.15,95.15,92.8,93.6,8930.0,834919.1
2019-01-18,93.55,94.5,92.85,93.45,5298.0,495372.5
2019-01-21,93.65,94.5,92.35,93.1,5789.0,540891.6
2019-01-22,93.85,94.6,91.5,91.95,4775.0,441995.45
2019-01-23,91.95,92.0,90.65,90.9,6056.0,553007.7
2019-01-24,91.8,91.85,89.1,89.3,3578.0,324288.25
2019-01-25,88.65,90.0,87.05,88.75,13861.0,1229517.85
2019-01-28,88.75,89.7,83.0,85.1,10071.0,856879.7
2019-01-29,85.0,85.75,81.6,84.0,5708.0,480204.85
2019-01-30,85.15,85.85,83.25,84.45,3427.0,289336.45
2019-01-31,85.85,86.45,84.0,84.45,3345.0,283991.9
2019-02-01,85.9,88.8,84.05,87.3,6769.0,590314.45
2019-02-04,88.35,88.5,83.45,84.75,4673.0,397416.05
2019-02-05,84.8,86.25,82.1,83.1,16818.0,1420338.35
2019-02-06,83.0,83.95,80.1,81.4,25863.0,2137859.85
2019-02-07,81.75,82.5,80.45,81.3,20161.0,1639946.8
2019-02-08,81.95,83.15,81.55,82.45,8061.0,664974.25
2019-02-11,85.9,86.1,82.55,83.45,21525.0,1810259.55
2019-02-12,83.1,84.3,81.85,84.0,20169.0,1685528.8
2019-02-13,85.0,85.2,82.2,83.3,12993.0,1088778.2
2019-02-14,84.0,84.0,82.65,83.25,12093.0,1004909.5
2019-02-15,82.0,84.35,82.0,82.4,30251.0,2512654.1
2019-02-18,82.85,83.35,81.25,81.6,23282.0,1913371.1
2019-02-19,81.55,82.5,80.75,81.25,31360.0,2567178.9
2019-02-20,82.0,82.5,81.0,81.15,17974.0,1465036.15
2019-02-21,82.0,82.35,80.8,81.5,40560.0,3303771.6
2019-02-22,81.45,85.45,81.2,84.8,30573.0,2524799.45
2019-02-25,83.1,85.5,83.1,84.3,34091.0,2873651.95
2019-02-26,83.55,85.4,82.35,83.7,39358.0,3274871.85
2019-02-27,84.05,86.1,83.45,84.7,35653.0,3013254.7
2019-02-28,85.15,86.4,84.15,85.25,40518.0,3444927.05
2019-03-01,86.5,99.9,86.5,97.25,187680.0,17837331.15
2019-03-05,100.0,102.6,93.1,97.1,124645.0,12264166.65
2019-03-06,96.15,97.7,94.95,95.6,67126.0,6476181.9
2019-03-07,95.2,96.1,93.0,94.2,57434.0,5462614.85
2019-03-08,93.55,96.3,93.05,94.85,46905.0,4432154.3
2019-03-11,95.25,109.0,94.2,100.75,279230.0,28769584.5
2019-03-12,101.8,106.05,101.0,101.75,88350.0,9156428.65
2019-03-13,100.05,105.6,100.05,103.9,86404.0,8945611.95
2019-03-14,101.0,104.1,101.0,102.4,38403.0,3940833.7
2019-03-15,102.35,104.45,99.8,100.6,61595.0,6316626.15
2019-03-18,101.85,101.85,97.1,97.8,51361.0,5100936.1
2019-03-19,98.35,99.85,97.75,99.5,54641.0,5411628.65
2019-03-20,99.35,100.05,97.65,98.1,42134.0,4168863.7
2019-03-22,97.85,103.1,96.85,98.45,97707.0,9780626.5
2019-03-25,99.7,99.7,95.8,96.85,22264.0,2178049.8
2019-03-26,98.3,98.8,97.35,98.55,10858.0,1067213.3
2019-03-27,98.65,98.7,94.0,95.15,21785.0,2099831.1
2019-03-28,97.0,102.75,96.0,98.5,40823.0,4029256.4
2019-03-29,99.8,101.1,97.5,98.65,28880.0,2867787.7
2019-04-01,100.9,103.9,100.05,100.95,22870.0,2322319.4
2019-04-02,100.95,102.3,99.05,100.15,24510.0,2472583.3
2019-04-03,99.0,102.75,98.2,98.5,14888.0,1481466.8
2019-04-04,99.9,99.95,97.45,97.85,11278.0,1104951.25
2019-04-05,97.8,99.15,96.8,98.25,23526.0,2301767.55
2019-04-08,98.15,99.95,96.5,98.15,20538.0,2023457.4
2019-04-09,99.5,99.5,97.7,98.75,12627.0,1243882.65
2019-04-10,99.0,99.8,98.0,99.1,13305.0,1315305.3
2019-04-11,99.45,100.55,97.95,98.35,15916.0,1575132.25
2019-04-12,98.75,99.95,98.5,99.5,15681.0,1557580.4
2019-04-15,99.75,102.75,99.05,101.9,29601.0,3014471.3
2019-04-16,100.1,104.0,100.1,101.8,11098.0,1127119.0
2019-04-18,101.95,102.9,100.25,101.5,13760.0,1395161.85
2019-04-22,100.25,102.0,97.2,99.9,15635.0,1558322.15
2019-04-23,99.1,99.1,98.65,98.75,1733.0,171310.7
2019-04-24,99.95,99.95,97.65,97.95,5919.0,582451.6
2019-04-25,99.3,99.3,95.1,96.0,8217.0,795624.8
2019-04-26,96.85,97.1,96.05,96.9,1706.0,164795.8
2019-04-30,103.55,112.35,102.1,104.45,258464.0,27373469.25
2019-05-02,104.0,123.9,100.3,117.55,939769.0,109531303.4
2019-05-03,115.85,118.6,110.0,111.35,229413.0,26121219.05
2019-05-06,110.65,111.0,107.0,109.65,62540.0,6841714.45
2019-05-07,111.3,121.35,109.6,115.35,304979.0,35918739.6
2019-05-08,115.2,119.7,112.15,114.45,98121.0,11385759.35
2019-05-09,114.7,115.0,109.0,112.6,69809.0,7847373.85
2019-05-10,113.35,117.0,113.0,114.0,44037.0,5085448.95
2019-05-13,115.7,115.7,111.25,112.1,33577.0,3794328.8
2019-05-14,110.1,115.8,110.1,112.85,30478.0,3423399.9
2019-05-15,111.6,115.95,111.6,112.2,27319.0,3101798.0
2019-05-16,113.5,121.9,111.45,118.3,559977.0,66935585.0
2019-05-17,116.05,119.0,114.55,116.3,58190.0,6800620.05
2019-05-20,120.15,121.25,117.05,117.65,100248.0,11899248.9
2019-05-21,118.0,120.0,114.1,115.1,28592.0,3342840.4
2019-05-22,115.5,120.55,115.25,117.0,86072.0,10150647.45
2019-05-23,115.9,121.0,115.9,117.9,146784.0,17525418.65
2019-05-24,119.05,120.0,117.35,119.25,192212.0,22877453.1
2019-05-27,121.0,123.5,118.8,119.55,193852.0,23361576.2
2019-05-28,120.6,121.0,118.85,119.85,125861.0,15074369.5
2019-05-29,119.55,120.75,115.6,117.1,128544.0,15297703.65
2019-05-30,122.0,131.9,121.0,122.4,2578869.0,325001448.65
2019-05-31,123.25,123.9,115.8,117.95,341958.0,40666491.1
2019-06-03,118.45,119.05,117.0,117.75,133430.0,15798872.65
2019-06-04,118.0,122.7,117.0,120.35,548003.0,65742464.65
2019-06-06,120.9,124.65,117.55,118.9,472757.0,57445733.05
2019-06-07,119.5,120.0,117.25,117.8,202437.0,24064362.35
2019-06-10,118.25,119.5,117.1,118.6,302756.0,35998506.1
2019-06-11,119.65,119.65,116.2,118.4,108700.0,12856768.45
2019-06-12,117.55,119.75,117.5,118.55,223260.0,26524510.35
2019-06-13,117.8,119.25,117.35,117.8,76503.0,9062436.35
2019-06-14,118.4,119.25,116.6,117.95,108499.0,12836201.2
2019-06-17,119.7,123.6,117.55,118.35,499840.0,60162638.6
2019-06-18,118.75,119.2,116.25,116.65,64067.0,7524582.85
2019-06-19,116.9,117.95,114.0,115.35,74383.0,8606974.4
2019-06-20,116.65,118.75,114.25,118.25,75737.0,8895882.65
2019-06-21,116.4,119.75,116.4,117.8,68381.0,8085731.0
2019-06-24,118.0,119.3,117.05,118.1,67065.0,7941745.15
2019-06-25,116.55,119.0,116.55,118.15,57453.0,6811682.1
2019-06-26,117.75,118.4,117.15,117.8,68165.0,8040220.4
2019-06-27,117.3,119.4,117.3,118.85,55130.0,6519073.85
2019-06-28,117.6,131.9,117.6,123.65,1241141.0,156238161.15
2019-07-01,124.55,125.7,123.0,123.3,190044.0,23548763.7
2019-07-02,123.0,127.65,123.0,126.45,184970.0,23340088.2
2019-07-03,127.45,127.45,123.0,123.3,199260.0,24789693.65
2019-07-04,123.3,124.2,122.0,122.6,143173.0,17608848.7
2019-07-05,123.2,125.4,118.1,119.25,181084.0,21954146.85
2019-07-08,118.25,119.85,116.1,117.75,145246.0,16999459.45
2019-07-09,117.25,119.5,117.2,118.9,193341.0,22996769.15
2019-07-10,118.7,119.5,116.3,116.95,75584.0,8900909.45
2019-07-11,117.1,119.0,116.7,118.15,72141.0,8496561.4
2019-07-12,118.95,118.95,117.05,117.45,42207.0,4980118.5
2019-07-15,119.25,124.0,118.0,120.1,265588.0,32109577.3
2019-07-16,120.0,123.7,118.65,120.65,178298.0,21561258.5
2019-07-17,120.65,127.9,120.65,125.8,556734.0,69705334.6
2019-07-18,126.0,135.8,125.95,131.85,978042.0,129046836.7
2019-07-19,132.0,138.6,131.0,132.65,682657.0,91670622.7
2019-07-22,132.95,133.8,127.4,130.8,984549.0,127845952.25
2019-07-23,132.4,135.0,130.1,131.15,874737.0,115540905.65
2019-07-24,132.5,133.95,125.6,126.35,188340.0,24304024.7
2019-07-25,127.5,132.0,126.3,130.2,342998.0,44608169.15
2019-07-26,130.2,134.4,128.85,131.0,185883.0,24426208.05
2019-07-29,131.0,134.0,130.4,133.1,124288.0,16510744.2
2019-07-30,133.65,140.8,130.6,132.3,438661.0,60213512.15
2019-07-31,131.8,137.5,130.35,135.85,341546.0,45358648.85
2019-08-01,135.85,142.0,132.5,135.15,484325.0,66377194.4
2019-08-02,134.85,138.0,133.1,135.0,194510.0,26421293.1
2019-08-05,134.25,134.25,126.6,131.3,184312.0,24061376.35
2019-08-06,128.15,136.45,128.15,133.15,143754.0,19268730.8
2019-08-07,133.9,136.35,131.65,132.45,115184.0,15458589.05
2019-08-08,132.5,135.75,132.35,133.2,89792.0,12007677.85
2019-08-09,134.15,138.25,133.0,134.35,278952.0,37919885.45
2019-08-13,137.7,137.7,130.2,132.5,300185.0,39987219.65
2019-08-14,133.4,134.5,130.2,130.8,79683.0,10508182.8
2019-08-16,130.05,130.1,126.55,127.95,114758.0,14700043.55
2019-08-19,126.5,133.5,126.1,129.95,122772.0,15979736.35
2019-08-20,129.35,131.6,126.95,127.35,112974.0,14483841.5
2019-08-21,127.35,131.4,125.4,129.15,162379.0,20923010.15
2019-08-22,128.0,129.75,125.5,126.4,128280.0,16305973.0
2019-08-23,125.55,127.8,122.25,125.4,78529.0,9837307.15
2019-08-26,127.4,130.9,125.0,130.2,213583.0,27505737.2
2019-08-27,131.0,138.0,130.25,136.6,287275.0,38735948.95
2019-08-28,137.0,139.4,131.1,132.0,189247.0,25530016.2
2019-08-29,132.3,135.5,131.35,132.5,186161.0,24731567.65
2019-08-30,132.95,134.65,130.6,133.2,482731.0,63301481.15
2019-09-03,132.4,133.55,130.65,131.85,42031.0,5556307.6
2019-09-04,131.55,136.75,131.15,135.8,107531.0,14443418.25
2019-09-05,135.8,138.0,135.3,135.85,114380.0,15605907.35
2019-09-06,137.0,138.0,135.5,135.8,179744.0,24554203.95
2019-09-09,136.5,137.95,135.3,137.65,196216.0,26927110.6
2019-09-11,138.8,145.45,137.75,141.15,736997.0,104151137.9
2019-09-12,138.65,139.5,135.65,136.15,143206.0,19695772.5
2019-09-13,137.75,141.3,135.55,137.3,285096.0,39527839.55
2019-09-16,136.6,143.4,135.95,140.9,293345.0,41296512.5
2019-09-17,141.9,146.8,140.7,143.1,426820.0,61259611.4
2019-09-18,144.5,163.9,144.25,158.15,1433478.0,221617686.4
2019-09-19,159.9,161.6,152.0,155.7,557757.0,87341936.65
2019-09-20,157.0,165.9,152.25,153.05,871076.0,137725570.15
2019-09-23,156.0,161.75,155.25,157.55,433167.0,68550279.3
2019-09-24,158.95,183.25,157.55,176.9,1473431.0,253831836.65
2019-09-25,176.5,190.0,171.8,177.25,1423679.0,258726709.35
2019-09-26,178.35,184.0,173.1,175.7,925722.0,163668832.1
2019-09-27,176.0,183.7,173.8,179.6,533309.0,95291608.9
2019-09-30,180.4,183.5,175.55,176.8,355304.0,63776378.85
2019-10-01,178.4,181.15,156.1,165.75,541755.0,90469044.75
2019-10-03,165.0,171.75,164.05,165.4,238771.0,40039806.3
2019-10-04,166.15,176.4,165.0,170.0,392509.0,67338480.35
2019-10-07,171.3,175.0,168.5,172.55,352040.0,60812243.2
2019-10-09,173.05,174.9,170.3,171.4,133087.0,22920622.95
2019-10-10,171.45,173.45,166.85,169.6,127476.0,21800001.2
2019-10-11,170.3,170.85,163.15,165.45,165105.0,27558746.6
2019-10-14,166.85,169.7,164.2,168.15,174177.0,29186180.7
2019-10-15,169.45,174.1,168.3,171.45,186172.0,31921094.7
2019-10-16,172.5,172.9,166.25,169.35,91374.0,15519553.05
2019-10-17,170.35,171.5,166.85,168.95,129537.0,21966746.35
2019-10-18,168.1,180.9,168.1,175.3,339979.0,60105295.35
2019-10-22,173.95,191.45,172.9,184.3,601307.0,110694889.2
2019-10-23,185.3,186.9,178.2,182.4,162789.0,29863387.0
2019-10-24,183.8,187.0,178.2,179.95,106510.0,19309111.7
2019-10-25,181.7,198.9,180.5,194.3,525827.0,100118206.6
2019-10-27,196.4,209.6,191.25,206.6,659206.0,134145339.35
2019-10-29,207.85,219.85,207.85,212.05,829828.0,177364856.95
2019-10-30,214.0,214.0,203.25,206.55,366359.0,76526310.4
2019-10-31,209.0,219.0,201.5,212.7,860902.0,182237007.05
2019-11-01,225.0,244.0,224.05,232.95,2708882.0,637054774.3
2019-11-04,234.65,249.0,229.15,240.1,895774.0,216731087.9
2019-11-05,239.75,239.8,226.0,229.1,384803.0,89156704.15
2019-11-06,230.8,233.3,220.1,223.65,387227.0,86976499.8
2019-11-07,223.7,234.2,220.4,228.65,672667.0,154090856.45
2019-11-08,227.4,231.4,225.0,226.35,248457.0,56682256.2
2019-11-11,225.0,227.9,221.05,222.95,156615.0,35110602.3
2019-11-13,224.0,227.2,218.05,219.1,247040.0,54902101.8
2019-11-14,220.75,226.75,215.15,217.3,254703.0,56084433.25
2019-11-15,218.9,227.8,216.9,222.85,292219.0,64653382.5
2019-11-18,224.25,242.0,221.5,236.85,658349.0,154360326.1
2019-11-19,237.95,238.9,230.8,232.75,190171.0,44511393.05
2019-11-20,234.05,235.95,227.1,228.4,173096.0,40030205.4
2019-11-21,227.25,231.6,223.05,224.35,197669.0,44706178.25
2019-11-22,224.35,228.0,219.55,221.6,234313.0,52103521.9
2019-11-25,223.35,223.7,216.65,217.85,295377.0,64748184.5
2019-11-26,217.95,219.7,205.05,208.3,362156.0,76645762.4
2019-11-27,209.0,211.95,203.0,207.45,240036.0,49636470.35
2019-11-28,208.45,208.45,200.8,202.45,149458.0,30521216.9
2019-11-29,202.95,218.7,202.3,211.25,495168.0,105144777.0
2019-12-02,212.0,212.8,205.1,205.7,123805.0,25713164.7
2019-12-03,207.3,208.4,198.5,201.75,234370.0,47601104.1
2019-12-04,200.1,209.5,196.95,201.35,309058.0,62757868.95
2019-12-05,202.5,207.0,199.2,200.7,233083.0,47240183.85
2019-12-06,202.45,238.0,192.5,209.45,1119813.0,235367839.5
2019-12-09,211.4,219.1,207.75,209.75,617159.0,131190251.7
2019-12-10,209.6,213.7,201.75,203.25,188305.0,38872009.2
2019-12-11,202.1,206.75,192.6,196.15,257753.0,51179123.85
2019-12-12,197.1,202.95,194.3,196.55,259553.0,51468065.65
2019-12-13,197.5,209.0,197.5,202.9,352804.0,71901514.75
2019-12-16,203.7,204.8,198.7,199.85,108939.0,21933899.2
2019-12-17,200.25,204.2,198.0,200.85,131535.0,26368878.85
2019-12-18,201.6,201.65,196.25,197.3,120732.0,23982107.75
2019-12-19,197.95,199.7,196.6,198.15,97057.0,19213599.3
2019-12-20,199.35,204.9,198.05,199.7,147733.0,29767081.85
2019-12-23,200.0,211.0,199.7,205.15,431433.0,88989290.6
2019-12-24,206.95,209.7,205.0,205.85,158432.0,32751009.0
2019-12-26,206.0,206.75,201.0,201.7,87175.0,17694783.4
2019-12-27,203.25,205.25,199.4,200.4,134864.0,27208644.85
2019-12-30,201.7,203.5,198.5,199.65,106730.0,21405375.2
2019-12-31,200.45,201.5,198.0,198.85,165824.0,33080058.35
2020-01-01,199.25,200.7,197.8,198.6,59447.0,11826123.6
2020-01-02,198.0,212.7,196.15,209.8,591261.0,122857887.0
2020-01-03,209.7,211.0,203.5,205.05,163765.0,33906620.85
2020-01-06,204.0,204.0,192.05,193.4,292445.0,57267109.9
2020-01-07,196.7,199.8,194.15,195.15,172449.0,33847450.25
2020-01-08,192.5,194.95,187.8,192.85,136286.0,26237781.7
2020-01-09,199.65,202.5,196.55,198.5,230986.0,46063984.0
2020-01-10,198.5,206.0,198.5,200.55,223049.0,45078113.65
2020-01-13,202.95,206.8,200.8,204.05,183924.0,37532493.35
2020-01-14,204.95,216.2,203.0,211.65,628019.0,132648298.0
2020-01-15,211.4,227.7,209.1,224.4,1105089.0,242146490.5
2020-01-16,226.4,229.0,216.1,219.5,373352.0,83534766.55
2020-01-17,220.0,224.0,215.45,218.0,279429.0,61412257.55
2020-01-20,219.85,229.2,217.0,217.45,422728.0,93994131.95
2020-01-21,216.85,219.15,214.1,215.2,134149.0,28937682.95
2020-01-22,216.0,218.9,208.1,209.5,184750.0,39215236.0
2020-01-23,208.6,210.95,202.5,204.25,193133.0,39775511.45
2020-01-24,204.7,210.65,203.0,206.95,174085.0,35999751.05
2020-01-27,206.45,211.7,205.0,205.6,112327.0,23353046.6
2020-01-28,207.0,214.8,204.95,210.4,277575.0,58194085.15
2020-01-29,213.0,219.4,211.95,213.85,277643.0,59860109.6
2020-01-30,213.75,216.6,210.5,213.45,147637.0,31578113.3
2020-01-31,216.7,217.0,211.25,212.45,134026.0,28574402.25
2020-02-01,212.45,215.4,195.35,198.15,180402.0,36980570.75
2020-02-03,180.3,185.0,163.5,175.55,889744.0,153531973.35
2020-02-04,175.55,179.65,170.0,173.35,402316.0,69879993.6
2020-02-05,173.55,183.0,173.55,180.65,284333.0,51149757.1
2020-02-06,181.75,185.05,179.25,181.6,126261.0,23016334.25
2020-02-07,182.6,183.35,178.1,179.95,96277.0,17432783.15
2020-02-10,180.8,180.95,168.55,172.3,281403.0,48464169.2
2020-02-11,170.2,175.55,170.2,173.15,129966.0,22556102.2
2020-02-12,174.5,175.8,172.35,174.35,135908.0,23620211.85
2020-02-13,174.95,175.9,170.7,172.9,175154.0,30457919.1
2020-02-14,172.9,175.15,168.05,169.75,96010.0,16404023.3
2020-02-17,169.75,170.75,159.6,164.8,181017.0,29846566.9
2020-02-18,165.8,179.0,165.05,172.05,301732.0,52243270.95
2020-02-19,173.0,185.9,173.0,183.8,326635.0,58938208.0
2020-02-20,184.0,191.8,181.0,181.85,343340.0,63944219.2
2020-02-24,180.0,186.85,173.1,174.2,192272.0,34677567.4
2020-02-25,172.1,177.8,170.0,173.05,130264.0,22600003.75
2020-02-26,173.9,173.9,170.2,171.45,283995.0,48818104.2
2020-02-27,172.8,173.0,161.8,167.6,221809.0,37010955.4
2020-02-28,160.0,163.85,151.15,152.45,257204.0,40621423.7
2020-03-02,156.35,166.5,151.7,157.3,287970.0,46124267.45
2020-03-03,159.85,166.0,156.0,164.95,111003.0,17829781.2
2020-03-04,165.9,165.9,151.75,157.25,183815.0,29060376.9
2020-03-05,158.4,162.1,153.1,154.75,156583.0,24639047.8
2020-03-06,148.0,151.5,143.05,148.05,128014.0,18884074.0
2020-03-09,136.95,148.0,135.8,143.5,277012.0,39188876.55
2020-03-11,143.5,154.0,143.0,147.25,192601.0,28789554.85
2020-03-12,138.0,139.4,119.8,126.7,226744.0,29324109.9
2020-03-13,110.0,137.85,102.0,136.15,196544.0,25247456.45
2020-03-16,129.9,135.0,124.1,129.1,137494.0,17683446.8
2020-03-17,130.1,135.0,124.25,131.3,103656.0,13571571.85
2020-03-18,133.0,138.85,125.25,127.8,121188.0,15748093.25
2020-03-19,123.0,149.95,120.1,137.5,393423.0,53254919.8
2020-03-20,134.2,141.95,130.2,138.8,210478.0,28821872.3
2020-03-23,126.0,130.0,116.05,121.55,119476.0,14447001.35
2020-03-24,125.15,143.95,110.05,123.2,71572.0,8694189.8
2020-03-25,120.5,128.75,119.0,126.75,61573.0,7717210.1
2020-03-26,125.25,133.2,124.2,127.2,129580.0,16872945.85
2020-03-27,131.7,137.5,122.2,134.2,233122.0,30216573.65
2020-03-30,127.1,134.5,125.0,126.1,64825.0,8320908.65
2020-03-31,128.0,139.0,127.2,136.6,204370.0,27359352.8
2020-04-01,137.0,139.85,129.9,137.85,137201.0,18591760.3
2020-04-03,138.0,147.7,133.45,142.3,192069.0,27682298.85
2020-04-07,148.95,158.15,145.05,155.35,159451.0,24504718.45
2020-04-08,154.0,166.6,149.35,152.6,174262.0,27330022.45
2020-04-09,158.0,158.0,151.25,155.0,99638.0,15365038.9
2020-04-13,163.2,164.5,154.2,157.1,139180.0,21869047.1
2020-04-15,162.3,162.3,153.05,156.1,163310.0,25435216.1
2020-04-16,156.0,160.4,152.0,153.55,105655.0,16328797.45
2020-04-17,157.4,168.3,155.7,164.0,411584.0,67238426.75
2020-04-20,164.3,165.1,156.0,157.9,71478.0,11433694.7
2020-04-21,154.7,157.4,150.3,152.05,85272.0,13070994.25
2020-04-22,155.0,155.0,145.2,148.7,77327.0,11482409.8
2020-04-23,147.1,153.5,146.2,149.35,65812.0,9894157.95
2020-04-24,148.5,150.9,141.9,142.75,59065.0,8594083.8
2020-04-27,144.25,146.0,139.05,140.65,65827.0,9384855.45
2020-04-28,141.95,144.25,136.45,138.15,90585.0,12567484.4
2020-04-29,139.0,142.75,136.25,139.1,175059.0,24401441.85
2020-04-30,141.0,143.8,136.25,137.6,112735.0,15824324.65
2020-05-04,135.0,135.0,129.0,130.45,66605.0,8746669.25
2020-05-05,133.0,155.8,131.25,146.8,1293651.0,182547167.15
2020-05-06,150.0,152.4,141.45,144.25,458989.0,66995523.35
2020-05-07,143.25,145.8,137.0,138.3,123792.0,17389331.85
2020-05-08,139.15,142.0,136.1,137.55,105495.0,14648426.55
2020-05-11,138.5,142.0,138.25,138.85,62774.0,8781587.55
2020-05-12,139.45,139.45,134.2,137.55,58328.0,7952547.4
2020-05-13,143.0,143.0,136.0,139.65,179616.0,24981393.1
2020-05-14,138.9,139.7,137.5,137.75,45672.0,6304637.75
2020-05-15,138.05,149.4,137.2,144.35,467298.0,67891544.15
2020-05-18,147.95,148.0,135.1,138.15,398997.0,56553941.35
2020-05-19,140.1,143.0,137.1,137.6,82304.0,11473099.8
2020-05-20,136.65,139.55,136.15,138.8,56774.0,7855512.8
2020-05-21,141.3,142.6,138.8,139.35,112847.0,15913188.7
2020-05-22,139.35,140.5,133.6,135.1,96664.0,13173558.55
2020-05-26,136.05,137.5,133.1,134.15,55217.0,7466800.8
2020-05-27,135.05,138.5,132.05,134.95,119575.0,16160469.6
2020-05-28,135.5,139.75,135.1,137.6,101644.0,14016829.35
2020-05-29,137.05,143.8,136.5,141.9,184543.0,26017271.25
2020-06-01,143.0,149.25,140.2,147.7,404625.0,59092259.95
2020-06-02,149.35,153.75,146.85,149.95,414905.0,62369560.6
2020-06-03,151.0,153.6,146.5,148.55,276794.0,41795721.5
2020-06-04,149.05,151.95,145.65,149.15,169709.0,25292251.25
2020-06-05,150.9,156.75,149.0,154.2,291891.0,44645757.3
2020-06-08,163.0,164.0,152.45,154.35,505961.0,79831935.8
2020-06-09,156.0,156.8,150.0,150.75,187070.0,28528539.65
2020-06-10,152.7,173.35,152.0,167.55,1505851.0,249493518.55
2020-06-11,169.6,189.4,168.45,181.85,1862280.0,339317320.0
2020-06-12,173.7,183.95,171.0,182.35,680478.0,121976155.95
2020-06-15,182.35,191.2,176.3,187.25,672248.0,123276865.5
2020-06-16,191.5,194.9,181.25,184.9,831486.0,156687199.0
2020-06-17,187.7,201.8,185.35,198.75,1100777.0,214417063.95
2020-06-18,200.25,206.35,196.1,199.15,571500.0,114304139.75
2020-06-19,199.9,203.7,193.0,196.8,437267.0,87672978.65
2020-06-22,201.7,217.2,197.85,210.75,733015.0,150397529.6
2020-06-23,220.5,222.0,207.0,209.8,854433.0,182053006.15
2020-06-24,210.0,212.0,200.15,205.15,468713.0,96870158.55
2020-06-25,200.25,205.0,198.05,202.25,223637.0,45062197.55
2020-06-26,203.7,214.0,203.0,211.35,352060.0,73775966.0
2020-06-29,212.4,218.85,208.45,211.85,425440.0,91033011.6
2020-06-30,213.85,216.45,212.2,214.5,428392.0,91751207.25
2020-07-01,216.0,218.75,211.25,215.95,257475.0,55559122.9
2020-07-02,216.75,224.8,215.45,217.4,380361.0,83591067.85
2020-07-03,220.35,224.0,216.5,219.3,385429.0,84588486.5
2020-07-06,220.0,225.8,215.6,222.85,473196.0,104820855.7
2020-07-07,224.7,225.7,218.0,218.95,347020.0,76819887.85
2020-07-08,219.85,227.15,214.05,215.85,935309.0,207141810.1
2020-07-09,216.9,224.4,212.05,221.45,1399066.0,308081701.75
2020-07-10,219.8,225.45,217.05,219.35,849089.0,187879468.35
2020-07-13,220.45,221.8,212.25,214.6,402763.0,87241753.3
2020-07-14,216.0,217.3,202.7,210.05,401058.0,84357183.55
2020-07-15,212.0,212.95,196.55,199.05,301245.0,61764407.8
2020-07-16,202.0,206.75,192.2,203.05,361783.0,72555236.8
2020-07-17,204.0,212.5,201.05,206.45,623912.0,129747252.2
2020-07-20,207.0,208.05,202.0,203.55,150108.0,30829778.9
2020-07-21,203.65,204.85,196.6,198.9,354643.0,71180256.8
2020-07-22,198.15,201.7,195.05,196.25,177076.0,35016389.55
2020-07-23,197.0,203.3,197.0,197.9,287468.0,57192306.15
2020-07-24,197.0,204.9,193.2,201.85,527764.0,105612839.25
2020-07-27,203.6,208.8,200.0,203.5,425144.0,87135384.55
2020-07-28,203.45,204.9,195.4,196.95,167714.0,33388459.85
2020-07-29,196.95,204.55,196.55,204.05,186003.0,37577231.5
2020-07-30,206.7,206.7,194.25,195.05,166125.0,33162130.55
2020-07-31,195.05,198.35,193.5,194.95,107860.0,21133253.5
2020-08-03,193.8,199.55,193.8,196.85,88574.0,17442329.95
2020-08-04,199.5,216.95,198.2,213.55,957303.0,202030756.35
2020-08-05,215.0,215.9,205.05,208.5,442935.0,92856310.9
2020-08-06,209.55,212.0,206.45,209.1,216031.0,45130209.25
2020-08-07,209.1,210.95,200.7,202.45,242738.0,49557899.5
2020-08-10,212.0,221.8,208.25,217.0,785497.0,169777912.2
2020-08-11,219.95,239.0,217.5,232.8,2023915.0,470075706.5
2020-08-12,237.0,243.0,225.0,228.05,1103629.0,259815811.65
2020-08-13,229.1,236.4,221.5,234.0,564737.0,130039662.65
2020-08-14,226.0,229.9,216.0,219.15,809043.0,179681016.0
2020-08-17,215.0,225.0,212.1,213.2,338901.0,73259664.25
2020-08-18,213.2,215.95,207.75,208.5,232087.0,48741817.55
2020-08-19,210.05,215.45,210.05,214.05,394048.0,83997734.65
2020-08-20,212.95,224.35,212.7,215.3,889598.0,195598623.35
2020-08-21,217.0,218.5,208.5,213.75,459417.0,98324225.45
2020-08-24,214.95,215.45,205.75,208.95,395382.0,83077474.75
2020-08-25,211.2,214.7,208.2,208.75,314048.0,66166657.5
2020-08-26,209.2,219.9,209.15,214.65,428898.0,92298569.35
2020-08-27,217.0,219.75,211.8,212.7,220333.0,47535920.3
2020-08-28,214.75,216.0,209.9,213.35,534688.0,113673527.65
2020-08-31,214.0,214.75,193.5,199.0,606828.0,123243087.0
2020-09-01,198.1,202.65,191.5,196.05,237649.0,46572046.85
2020-09-02,197.4,205.95,196.6,203.95,103489.0,20849544.5
2020-09-03,205.9,208.0,202.5,203.45,107175.0,21979921.3
2020-09-04,198.0,204.2,195.0,200.4,199458.0,39868493.55
2020-09-07,201.3,201.3,193.15,193.85,194003.0,37891184.2
2020-09-08,193.0,194.9,181.5,182.5,344163.0,64461878.1
2020-09-09,177.35,183.2,175.1,181.8,244326.0,43717981.3
2020-09-10,184.2,187.9,183.6,185.85,154606.0,28823698.15
2020-09-11,183.0,184.4,178.0,179.9,197307.0,35506920.3
2020-09-14,181.4,191.6,181.4,189.05,273345.0,51548848.9
2020-09-15,189.8,193.0,185.5,187.65,211989.0,40153913.0
2020-09-16,186.0,191.7,186.0,190.15,128706.0,24262811.65
2020-09-17,190.0,190.45,181.1,184.3,119171.0,22186178.5
2020-09-18,184.0,187.8,181.1,182.05,99413.0,18399688.85
2020-09-21,182.5,185.0,173.0,174.55,134710.0,24222301.65
2020-09-22,175.5,175.5,166.05,170.75,160690.0,27488168.0
2020-09-23,171.65,176.0,170.05,172.95,88684.0,15373867.1
2020-09-24,171.25,172.75,168.1,170.1,94950.0,16155822.65
2020-09-25,172.0,174.95,172.0,173.3,92693.0,16062949.55
2020-09-28,175.95,184.65,172.7,183.5,243230.0,43728764.35
2020-09-29,186.0,196.0,183.5,191.35,417811.0,79020224.85
2020-09-30,193.45,219.45,191.05,216.35,2078914.0,434482444.5
2020-10-01,217.0,227.5,212.1,219.65,1552551.0,342549173.7
2020-10-05,219.65,223.8,216.3,218.95,650638.0,142666906.0
2020-10-06,218.5,224.4,217.7,220.45,245311.0,54272129.9
2020-10-07,217.5,221.8,216.0,216.9,175134.0,38183546.45
2020-10-08,216.0,220.85,215.0,216.15,255804.0,55739431.2
2020-10-09,217.9,219.9,216.3,217.15,120572.0,26231266.8
2020-10-12,218.0,221.85,202.8,204.4,444707.0,93792561.5
2020-10-13,204.0,204.0,193.85,199.15,219255.0,43415136.85
2020-10-14,200.15,207.0,195.0,200.6,133327.0,26912629.65
2020-10-15,201.35,202.95,195.0,198.25,80160.0,16019041.25
2020-10-16,199.0,201.25,197.0,197.65,41355.0,8188149.75
2020-10-19,198.65,199.0,193.0,193.9,79794.0,15593005.4
2020-10-20,193.9,195.7,192.25,193.1,41384.0,8015399.4
2020-10-21,193.95,196.0,192.0,192.55,94010.0,18202574.05
2020-10-22,193.0,196.0,192.0,193.3,106904.0,20728892.1
2020-10-23,200.3,203.95,195.65,198.5,224800.0,44501560.5
2020-10-26,197.0,205.9,196.0,200.6,138090.0,27812459.75
2020-10-27,201.45,203.9,195.35,196.15,152727.0,30623118.95
2020-10-28,196.9,199.0,194.35,195.6,37170.0,7306458.0
2020-10-29,192.2,195.4,192.2,193.65,27662.0,5354990.6
2020-10-30,193.9,196.75,192.0,193.0,25359.0,4916488.4
2020-11-02,193.55,196.75,189.05,190.15,57682.0,11024076.55
2020-11-03,191.5,193.15,189.1,189.75,52857.0,10075030.45
2020-11-04,191.5,192.9,189.0,189.35,25299.0,4812783.05
2020-11-05,190.0,192.9,189.3,189.8,60803.0,11593976.75
2020-11-06,190.5,192.8,190.0,190.6,136959.0,26161009.65
2020-11-09,192.0,193.9,191.0,191.8,41389.0,7961671.75
2020-11-10,192.5,194.0,188.0,188.25,83322.0,15824251.6
2020-11-11,188.9,192.35,188.5,189.4,61624.0,11708958.45
2020-11-12,190.3,190.55,187.0,187.55,64830.0,12197520.65
2020-11-13,188.0,195.0,187.0,192.25,314957.0,60798526.45
2020-11-14,192.5,194.55,191.35,193.0,19121.0,3689037.65
2020-11-17,194.0,197.0,191.6,192.25,86250.0,16769882.05
2020-11-18,192.0,193.4,188.0,189.0,175490.0,33319589.65
2020-11-19,188.9,197.4,188.0,195.8,423591.0,81884331.05
2020-11-20,197.2,203.4,194.7,199.25,316846.0,63428129.1
2020-11-23,200.75,204.0,195.15,195.95,173033.0,34404802.45
2020-11-24,197.15,198.9,195.0,195.4,64615.0,12700473.4
2020-11-25,197.0,201.0,192.5,193.4,131098.0,25738387.7
2020-11-26,193.05,196.2,191.5,192.75,88514.0,17123120.65
2020-11-27,196.8,197.4,192.9,193.3,74068.0,14434047.6
2020-12-01,194.45,195.8,193.3,194.25,39558.0,7693802.45
2020-12-02,194.95,195.4,192.0,193.3,78658.0,15188705.3
2020-12-03,199.0,203.35,196.25,197.35,398892.0,79646066.5
2020-12-04,197.35,203.0,195.0,196.7,284206.0,56325916.9
2020-12-07,198.0,201.75,198.0,198.35,222349.0,44284722.55
2020-12-08,198.55,200.4,195.0,196.25,103257.0,20362271.85
2020-12-09,201.0,202.0,197.0,197.85,237731.0,47506286.35
2020-12-10,198.4,201.6,195.75,196.45,343063.0,68065420.55
2020-12-11,197.45,198.5,194.0,194.45,124972.0,24440117.0
2020-12-14,195.8,201.8,194.6,196.3,472501.0,93770888.4
2020-12-15,200.0,200.0,196.7,197.5,420001.0,83323766.35
2020-12-16,198.55,218.4,196.1,215.05,2385547.0,502755973.75
2020-12-17,217.4,218.8,204.0,204.6,626387.0,131273482.45
2020-12-18,207.95,208.8,199.5,200.9,393844.0,80133137.2
2020-12-21,201.0,206.2,186.3,189.15,269410.0,53135986.65
2020-12-22,187.25,193.8,183.0,186.8,324552.0,60525169.6
2020-12-23,187.65,196.0,187.65,195.0,459954.0,88817505.65
2020-12-24,198.5,198.5,192.2,193.65,87351.0,17057711.7
2020-12-28,195.35,202.0,195.0,200.9,359681.0,71508242.85
2020-12-29,202.7,204.7,196.5,197.4,147397.0,29394334.4
2020-12-30,198.1,198.5,194.4,195.4,204795.0,40096619.25
2020-12-31,195.75,198.05,193.25,194.4,88462.0,17330295.25
2021-01-01,195.5,203.4,194.8,201.85,420380.0,84278342.7
2021-01-04,203.0,204.0,195.55,199.35,194738.0,39133467.2
2021-01-05,199.0,199.9,195.55,196.25,203313.0,40020016.15
2021-01-06,197.45,202.65,193.5,196.05,302024.0,59698435.9
2021-01-07,197.8,198.15,194.65,195.15,137162.0,26892855.9
2021-01-08,196.15,197.85,194.1,195.55,172165.0,33739962.25
2021-01-11,196.95,199.55,195.0,195.75,162374.0,31967108.05
2021-01-12,196.5,198.4,194.45,194.75,166217.0,32571216.2
2021-01-13,195.6,197.5,193.6,194.3,126685.0,24787569.8
2021-01-14,195.4,205.8,194.45,197.65,1177184.0,236213952.45
2021-01-15,198.5,201.6,194.7,195.55,249417.0,49296798.55
2021-01-18,196.5,196.55,191.2,191.9,158509.0,30585011.55
2021-01-19,193.1,197.2,191.6,192.0,137370.0,26575934.35
2021-01-20,192.0,196.0,191.5,191.95,191408.0,37058374.6
2021-01-21,193.7,195.5,182.3,187.9,530936.0,101637904.15
2021-01-22,188.2,190.6,183.9,184.65,159563.0,29771593.5
2021-01-25,186.0,187.4,182.4,184.2,91831.0,16910253.5
2021-01-27,184.0,184.5,182.25,182.8,69693.0,12766792.95
2021-01-28,179.0,182.0,175.0,176.0,184466.0,32844966.7
2021-01-29,181.8,181.8,178.5,180.5,133076.0,23977836.7
2021-02-01,184.0,187.0,181.5,184.35,162989.0,29958826.8
2021-02-02,185.1,189.9,185.0,187.65,135452.0,25425898.8
2021-02-03,188.65,189.65,185.2,186.65,79252.0,14867625.8
2021-02-04,186.7,191.3,185.2,189.05,103640.0,19619655.1
2021-02-05,190.0,191.75,184.8,185.75,105306.0,19825677.7
2021-02-08,186.7,208.0,185.5,202.85,1284570.0,256921813.15
2021-02-09,204.45,205.65,191.5,196.85,605323.0,120465106.35
2021-02-10,198.0,199.85,192.3,193.35,187176.0,36586543.65
2021-02-11,192.95,202.0,192.95,196.15,233315.0,46032003.95
2021-02-12,196.9,200.0,194.05,198.25,134956.0,26549707.75
2021-02-15,199.9,204.45,198.05,199.05,439150.0,88258744.25
2021-02-16,200.05,201.15,195.0,198.3,140564.0,27846962.9
2021-02-17,198.0,206.0,196.45,204.7,494234.0,100283595.75
2021-02-18,205.0,205.7,200.0,203.3,478044.0,97007628.15
2021-02-19,203.95,209.0,196.7,198.0,382851.0,77866948.75
2021-02-22,198.9,208.3,196.75,198.7,506624.0,102651791.3
2021-02-23,202.9,202.9,197.0,197.95,126481.0,25274360.95
2021-02-24,198.5,204.0,195.0,199.7,103782.0,20880832.5
2021-02-25,202.05,202.95,198.75,199.9,180101.0,36151807.55
2021-02-26,195.0,201.5,194.0,198.05,143721.0,28653527.7
2021-03-01,200.0,202.8,198.0,199.4,225738.0,45144741.95
2021-03-02,200.8,217.4,200.0,211.0,1664745.0,352688919.7
2021-03-03,211.85,217.4,207.55,214.75,601245.0,128432100.8
2021-03-04,209.0,214.9,207.15,208.15,211541.0,44416287.65
2021-03-05,205.1,213.15,200.05,202.6,216843.0,44656821.8
2021-03-08,206.5,212.0,201.0,207.45,196085.0,40680422.85
2021-03-09,206.5,208.55,202.1,203.85,120967.0,24796007.8
2021-03-10,204.9,207.8,203.1,205.35,127744.0,26217153.9
2021-03-12,206.4,213.95,205.4,207.8,444835.0,93576503.75
2021-03-15,208.9,210.15,203.65,204.9,664942.0,136257371.5
2021-03-16,206.5,209.7,201.25,202.6,128244.0,26335393.7
2021-03-17,203.0,205.0,196.1,197.95,102749.0,20655243.3
2021-03-18,199.1,201.0,189.0,189.9,159484.0,30879286.35
2021-03-19,188.75,192.95,183.45,188.9,150680.0,28446467.35
2021-03-22,192.0,198.0,190.0,191.4,213865.0,41281394.65
2021-03-23,191.4,201.45,191.4,198.75,441256.0,87068151.8
2021-03-24,197.8,197.8,192.05,192.45,97884.0,19002510.1
2021-03-25,193.3,193.3,185.0,186.8,113098.0,21185523.9
2021-03-26,188.1,191.95,185.85,190.3,209589.0,39579539.7
2021-03-30,193.0,193.1,185.7,186.55,119482.0,22636632.8
2021-03-31,187.45,189.35,184.0,184.85,116427.0,21724921.25
2021-04-01,185.8,193.0,185.8,190.55,121867.0,22951123.95
2021-04-05,190.55,191.0,184.0,184.9,119897.0,22276595.7
2021-04-06,185.8,188.45,184.0,185.8,168050.0,31156605.6
2021-04-07,189.5,190.0,184.45,184.8,171686.0,31942429.65
2021-04-08,185.75,188.4,185.5,186.8,78106.0,14620992.05
2021-04-09,187.5,189.5,185.0,185.7,102547.0,19148841.9
2021-04-12,184.0,184.4,178.2,179.05,148306.0,26849931.3
2021-04-13,180.05,182.65,176.05,177.1,124171.0,22166108.35
2021-04-15,177.3,179.65,175.45,177.0,59789.0,10587654.35
2021-04-16,177.15,185.95,177.15,180.65,239069.0,43489665.8
2021-04-19,175.0,179.75,173.05,176.0,93525.0,16451450.3
2021-04-20,178.0,180.15,175.75,176.5,54623.0,9719973.7
2021-04-22,176.6,177.95,175.4,176.2,52510.0,9278517.6
2021-04-23,175.1,179.5,175.1,176.25,48823.0,8656674.35
2021-04-26,177.2,181.75,177.2,177.5,31483.0,5606558.45
2021-04-27,178.3,180.7,176.5,177.6,82572.0,14716932.9
2021-04-28,178.6,180.0,178.1,179.55,50399.0,9040364.2
2021-04-29,180.6,182.3,178.0,179.8,67630.0,12180200.4
2021-04-30,177.5,178.0,175.05,175.5,124242.0,21953614.1
2021-05-03,175.5,177.9,173.65,174.2,186178.0,32702777.55
2021-05-04,175.2,176.1,171.4,171.85,211586.0,36730620.95
2021-05-05,173.9,176.8,171.15,174.55,209846.0,36513553.3
2021-05-06,176.45,176.45,172.75,174.8,88870.0,15529622.6
2021-05-07,175.5,176.25,170.35,171.0,370167.0,63664302.1
2021-05-10,172.5,174.75,170.1,171.1,267905.0,46117034.45
2021-05-11,171.9,180.2,171.2,177.4,712025.0,125193101.5
2021-05-12,180.0,186.3,180.0,184.65,673015.0,123424262.3
2021-05-14,186.2,187.75,177.4,177.9,280642.0,50811185.5
2021-05-17,179.2,185.8,179.0,181.65,365584.0,66757765.6
2021-05-18,174.9,181.8,173.3,178.25,566065.0,100886322.15
2021-05-19,180.0,185.95,178.25,180.65,557358.0,101930804.45
2021-05-20,182.5,188.4,182.5,185.95,1199933.0,222854310.3
2021-05-21,188.0,189.35,185.0,185.5,336242.0,62924143.25
2021-05-24,189.0,190.5,185.0,186.05,457632.0,86266613.75
2021-05-25,187.3,188.2,184.0,184.65,161110.0,29932208.3
2021-05-26,185.6,189.0,182.85,187.8,542811.0,101237972.0
2021-05-27,188.7,189.45,184.45,184.8,215123.0,40107449.4
2021-05-28,185.75,186.95,181.7,182.0,173268.0,31823923.8
2021-05-31,182.0,183.25,179.0,179.7,197841.0,35693828.35
2021-06-01,184.9,188.7,181.2,181.9,514474.0,94845324.8
2021-06-02,182.4,185.3,182.1,182.85,178650.0,32799674.7
2021-06-03,182.1,192.5,182.1,185.7,1139938.0,214666691.6
2021-06-04,187.0,187.9,183.55,184.85,236654.0,43870489.2
2021-06-07,186.45,206.0,186.0,203.55,2820030.0,557785594.4
2021-06-08,204.85,213.45,196.5,205.65,1923824.0,398483625.4
2021-06-09,207.0,214.9,196.0,198.7,1220104.0,252051680.0
2021-06-10,200.3,212.0,200.0,205.4,1280054.0,262157542.65
2021-06-11,206.8,209.35,204.05,205.3,414233.0,85417224.35
2021-06-14,205.9,206.05,197.5,201.2,518544.0,103916925.05
2021-06-15,202.25,206.0,199.45,199.9,339895.0,68667450.85
2021-06-16,200.9,207.0,197.0,203.95,602706.0,122133164.6
2021-06-17,201.7,203.9,197.1,197.7,316376.0,63307841.0
2021-06-18,198.7,200.7,192.75,194.2,225325.0,44002471.9
2021-06-21,191.9,203.0,190.45,201.9,270103.0,53477734.1
2021-06-22,203.0,206.65,199.5,202.45,462911.0,94304407.0
2021-06-23,203.95,216.45,201.6,208.9,2904782.0,613928615.15
2021-06-24,210.5,219.35,209.3,210.6,1527212.0,328004752.0
2021-06-25,212.1,213.9,207.6,208.45,334599.0,70356178.25
2021-06-28,209.85,210.1,205.05,205.6,283437.0,58525053.85
2021-06-29,206.8,212.95,202.85,208.45,546875.0,113906406.5
2021-06-30,209.9,209.9,202.5,203.7,212717.0,43849438.85
2021-07-01,204.0,205.3,201.0,201.5,215471.0,43674169.65
2021-07-02,202.95,209.5,202.0,204.8,630137.0,129891732.1
2021-07-05,206.0,209.8,205.05,208.3,389706.0,81054570.75
2021-07-06,209.0,210.2,201.1,202.5,280614.0,57738926.3
2021-07-07,203.0,205.25,201.5,202.2,241175.0,48927774.1
2021-07-08,202.95,204.25,198.0,199.8,374926.0,75589389.6
2021-07-09,199.4,202.45,198.4,199.75,150820.0,30179526.15
2021-07-12,201.7,202.45,198.4,199.0,205197.0,41112258.05
2021-07-13,200.75,208.6,200.0,203.25,543001.0,111310943.65
2021-07-14,203.7,209.2,201.3,205.55,459875.0,94745056.5
2021-07-15,209.0,209.0,200.55,200.9,426610.0,86698437.2
2021-07-16,201.9,204.15,200.05,201.2,228416.0,46045351.05
2021-07-19,198.0,207.0,197.5,203.8,278591.0,56471519.55
2021-07-20,204.95,206.9,199.0,199.35,214785.0,43155282.15
2021-07-22,200.95,205.5,200.95,204.5,259143.0,52708079.95
2021-07-23,205.25,205.45,202.0,203.05,136557.0,27738410.4
2021-07-26,203.65,211.85,199.5,209.8,1344820.0,279913708.2
2021-07-27,210.7,212.45,205.0,207.65,650726.0,135384065.0
2021-07-28,208.85,208.85,200.05,202.5,361082.0,73239999.55
2021-07-29,204.75,204.75,199.25,199.8,216861.0,43667356.6
2021-07-30,200.0,202.4,197.1,197.8,211133.0,42162911.85
2021-08-02,198.1,200.0,196.5,197.0,172479.0,34239357.0
2021-08-03,196.1,208.4,196.1,203.15,990084.0,202769200.35
2021-08-04,204.9,206.95,199.0,199.65,359860.0,72890224.55
2021-08-05,199.7,200.6,197.5,199.75,167385.0,33281803.35
2021-08-06,199.95,203.2,199.9,200.4,103798.0,20900659.35
2021-08-09,200.4,201.4,198.0,198.45,86883.0,17305291.35
2021-08-10,198.0,199.8,189.9,191.45,255924.0,49597992.35
2021-08-11,190.0,192.45,181.4,186.6,269796.0,49975735.8
2021-08-12,187.0,194.0,187.0,192.5,148467.0,28310360.15
2021-08-13,192.25,195.3,190.25,191.1,87455.0,16881097.45
2021-08-16,189.0,192.75,188.5,190.0,151812.0,28922617.0
2021-08-17,190.75,191.0,184.35,186.95,191965.0,35831671.1
2021-08-18,187.9,191.65,185.0,190.1,137238.0,25896555.85
2021-08-20,188.2,190.0,184.0,185.15,125819.0,23551031.7
2021-08-23,186.1,187.9,182.6,183.75,184255.0,34060795.3
2021-08-24,184.7,188.75,183.0,185.0,187333.0,34832669.05
2021-08-25,186.0,189.8,184.9,186.7,136289.0,25422680.5
2021-08-26,186.7,187.65,184.55,185.6,203003.0,37621212.5
2021-08-27,185.95,186.15,182.55,183.65,133248.0,24517862.1
2021-08-30,188.0,188.0,183.95,185.65,168656.0,31302907.65
2021-08-31,185.7,191.8,184.75,189.05,223749.0,42118475.5
2021-09-01,191.4,192.9,189.5,190.55,127526.0,24342121.1
2021-09-02,191.4,195.9,191.2,193.25,171000.0,33146997.4
2021-09-03,194.4,197.35,190.0,194.85,185519.0,35957781.5
2021-09-06,194.85,197.85,193.45,195.7,184170.0,36055822.4
2021-09-07,196.0,200.4,194.1,196.3,250875.0,49636825.35
2021-09-08,197.25,198.5,194.0,194.95,76342.0,14999787.85
2021-09-09,195.7,196.25,193.05,194.45,68550.0,13348092.15
2021-09-13,200.0,200.2,193.5,193.85,249955.0,48829240.2
2021-09-14,195.35,195.4,191.05,192.25,124926.0,24126093.1
2021-09-15,193.25,195.25,192.5,192.9,146362.0,28347290.95
2021-09-16,193.9,198.6,192.45,196.15,241979.0,47560798.2
2021-09-17,197.3,197.8,192.9,194.15,112236.0,21896664.2
2021-09-20,192.0,197.5,187.3,190.15,187269.0,36188164.6
2021-09-21,188.25,192.75,188.05,191.4,74342.0,14162658.05
2021-09-22,191.95,193.35,189.6,190.8,55544.0,10624781.6
2021-09-23,191.1,194.2,191.1,192.55,70426.0,13583517.7
2021-09-24,193.75,195.5,188.9,189.85,94225.0,18079776.5
2021-09-27,190.8,192.65,189.5,190.5,41792.0,7968568.95
2021-09-28,190.9,192.15,189.75,190.7,72270.0,13798529.75
2021-09-29,189.9,193.45,189.4,190.7,81883.0,15695781.1
2021-09-30,191.35,195.0,189.65,193.3,104529.0,20203191.05
2021-10-01,192.15,193.0,185.5,186.85,394350.0,74485709.7
2021-10-04,187.8,194.35,187.3,190.95,1635631.0,311137439.95
2021-10-05,191.0,200.5,191.0,197.7,783268.0,154491940.65
2021-10-06,198.95,204.2,193.6,195.2,636213.0,126996105.1
2021-10-07,197.9,213.9,197.9,211.8,1868928.0,388326410.5
2021-10-08,215.0,215.55,206.9,207.45,970755.0,204335933.35
2021-10-11,208.9,210.75,207.6,208.9,371891.0,77658437.5
2021-10-12,210.25,234.3,207.8,226.45,4510036.0,1015865822.75
2021-10-13,227.45,239.3,224.1,226.45,1881639.0,436766753.1
2021-10-14,228.2,236.0,219.5,220.95,660152.0,149460938.5
2021-10-18,225.0,234.9,220.75,230.2,726416.0,166669852.3
2021-10-19,233.0,233.0,215.0,216.7,693189.0,154258017.8
2021-10-20,216.7,224.65,211.9,217.3,492502.0,107383796.7
2021-10-21,218.9,227.5,216.5,224.65,643957.0,143430046.7
2021-10-22,225.8,226.5,219.25,224.35,363321.0,81243987.55
2021-10-25,225.0,229.0,213.55,221.85,440610.0,98241844.25
2021-10-26,222.0,227.0,219.05,221.6,187252.0,41657105.65
2021-10-27,222.35,226.55,219.15,223.25,434429.0,96889845.95
2021-10-28,223.05,234.0,220.75,222.4,626313.0,141944381.3
2021-10-29,222.0,225.8,216.15,219.3,279910.0,61790516.2
2021-11-01,224.0,224.0,218.0,220.2,144071.0,31761003.65
2021-11-02,220.2,227.5,218.0,225.9,311139.0,69413596.55
2021-11-03,226.85,250.4,226.8,247.5,4133316.0,1005674608.2
2021-11-04,250.1,266.8,250.1,262.5,1687486.0,437494062.15
2021-11-08,266.7,269.6,258.5,263.95,1873329.0,495254769.2
2021-11-09,264.9,265.95,255.0,258.25,705013.0,184026694.1
2021-11-10,258.25,267.4,250.7,252.5,908009.0,236538619.7
2021-11-11,253.6,274.8,253.55,272.8,3030158.0,813550008.95
2021-11-12,274.5,276.7,263.0,265.4,840486.0,224879945.1
2021-11-15,269.4,279.8,258.1,259.35,1480134.0,396464715.15
2021-11-16,258.0,266.0,257.4,262.05,417262.0,109455896.6
2021-11-17,260.7,264.25,250.7,253.8,315660.0,81557873.05
2021-11-18,255.1,258.15,244.0,248.4,458717.0,114812703.8
2021-11-22,248.7,254.25,228.7,231.15,800413.0,190931504.6
2021-11-23,231.0,243.7,230.5,241.85,559410.0,133812290.9
2021-11-24,243.85,245.0,236.85,238.85,280170.0,67960793.75
2021-11-25,238.85,244.6,236.9,242.55,237843.0,57342007.8
2021-11-26,239.95,241.5,225.65,227.0,529308.0,122346483.8
2021-11-29,225.05,232.0,217.6,221.6,569865.0,128328990.4
2021-11-30,223.7,228.6,218.25,221.35,243366.0,54703958.95
2021-12-01,222.3,237.45,222.3,235.45,747684.0,174186609.35
2021-12-02,234.8,239.75,232.1,236.3,295153.0,69871400.2
2021-12-03,236.95,243.55,236.95,241.8,323888.0,78076449.0
2021-12-06,241.8,248.45,238.4,240.65,331312.0,80434726.1
2021-12-07,241.9,243.0,233.1,235.6,182739.0,43371487.45
2021-12-08,236.8,242.8,236.55,240.1,150373.0,36028644.65
2021-12-09,241.3,246.7,240.15,241.15,174575.0,42445470.45
2021-12-10,240.9,243.9,237.0,238.3,100399.0,24008173.0
2021-12-13,238.8,242.25,235.1,235.85,129748.0,30842334.8
2021-12-14,234.65,237.85,233.0,233.65,81498.0,19189374.15
2021-12-15,233.1,237.65,227.2,228.95,142171.0,33041845.0
2021-12-16,228.95,234.25,227.3,228.5,148402.0,34232558.8
2021-12-17,229.5,229.5,219.45,220.5,217335.0,48403795.65
2021-12-20,217.9,217.9,208.0,209.8,252827.0,53568475.1
2021-12-21,210.55,218.5,207.25,215.25,167813.0,36020851.95
2021-12-22,216.35,219.8,214.45,215.75,144152.0,31317575.2
2021-12-23,216.2,223.0,215.25,216.65,124475.0,27300684.4
2021-12-24,216.1,218.6,212.1,213.55,134149.0,28855501.75
2021-12-27,212.8,212.8,203.2,210.2,128729.0,27090530.65
2021-12-28,210.55,216.0,210.55,213.95,106575.0,22821946.1
2021-12-29,215.05,223.45,214.25,220.1,221342.0,48625631.2
2021-12-30,219.95,222.55,218.0,219.05,78824.0,17387745.35
2021-12-31,218.1,226.0,218.1,223.35,138566.0,30821784.15
2022-01-03,223.0,227.65,222.85,223.75,134455.0,30267916.0
2022-01-04,225.0,227.7,220.75,225.15,151163.0,33856595.0
2022-01-05,226.25,232.5,222.05,231.55,300591.0,69066925.65
2022-01-06,228.9,233.9,227.3,230.75,166734.0,38552765.15
2022-01-07,230.75,274.0,229.9,261.75,7235590.0,1889766380.25
2022-01-10,256.0,261.25,248.0,249.4,1507828.0,385032017.55
2022-01-11,251.0,256.5,245.75,247.95,590341.0,148033358.6
2022-01-12,250.3,259.55,248.0,256.05,618352.0,157556252.2
2022-01-13,257.3,259.45,251.45,253.9,271783.0,69313762.0
2022-01-14,252.05,258.2,248.1,251.85,278450.0,70305887.5
2022-01-17,251.75,259.0,247.7,248.7,361411.0,91437701.3
2022-01-18,250.3,252.4,240.1,241.65,198164.0,48802788.65
2022-01-19,241.65,250.0,238.15,248.6,255787.0,62938567.1
2022-01-20,249.0,251.9,244.6,246.5,181132.0,44886449.3
2022-01-21,245.45,246.7,237.25,240.15,144774.0,35055018.2
2022-01-24,241.25,241.25,225.0,228.45,226100.0,52163410.3
2022-01-25,229.4,235.25,220.25,232.6,190387.0,43758624.05
2022-01-27,229.95,235.1,227.55,232.5,154367.0,35740883.3
2022-01-28,232.0,243.95,232.0,238.05,230788.0,55403198.55
2022-01-31,240.7,247.15,238.25,241.45,284155.0,68920086.55
2022-02-01,243.95,247.3,234.0,235.4,338419.0,81363141.1
2022-02-02,237.2,240.0,237.2,237.95,108728.0,25944495.35
2022-02-03,238.95,249.95,238.15,246.0,467204.0,114716206.0
2022-02-04,246.1,249.5,242.2,245.3,156942.0,38561749.45
2022-02-07,244.4,246.95,240.1,244.65,127771.0,31114982.5
2022-02-08,245.95,247.35,240.0,243.05,162884.0,39653047.85
2022-02-09,243.0,246.75,238.0,238.7,117380.0,28387375.35
2022-02-10,236.65,239.7,235.6,237.7,99332.0,23626695.85
2022-02-11,235.2,240.5,235.2,238.35,128902.0,30686939.7
2022-02-14,238.25,238.25,221.55,224.45,208938.0,47729358.1
2022-02-15,227.95,230.0,220.0,228.85,170771.0,38421768.2
2022-02-16,228.85,234.95,227.85,232.65,122332.0,28424403.35
2022-02-17,232.55,234.0,226.05,228.0,54903.0,12620805.35
2022-02-18,228.0,230.45,223.0,224.7,71803.0,16243938.45
2022-02-21,224.7,224.7,218.35,221.1,152342.0,33705797.95
2022-02-22,214.8,215.0,206.0,210.8,237947.0,50136363.2
2022-02-23,210.0,223.35,210.0,219.7,166900.0,36594677.65
2022-02-24,211.0,214.65,199.0,204.1,420294.0,86548859.1
2022-02-25,211.0,223.95,210.8,219.35,511597.0,111663431.75
2022-02-28,213.7,220.75,213.45,218.55,108565.0,23647520.15
2022-03-02,217.9,227.3,216.2,225.05,203492.0,45429369.25
2022-03-03,226.2,229.0,222.95,225.2,88198.0,19899425.25
2022-03-04,223.9,231.55,222.65,227.6,139222.0,31527674.45
2022-03-07,220.0,227.15,218.55,223.7,212797.0,47582306.3
2022-03-08,224.8,233.95,223.35,230.0,154863.0,35447214.65
2022-03-09,235.3,235.3,226.35,228.1,66577.0,15401672.8
2022-03-10,232.1,233.05,226.0,227.65,88178.0,20290939.85
2022-03-11,227.3,233.5,225.1,230.75,49688.0,11461053.65
2022-03-14,231.4,233.0,225.5,226.65,64198.0,14709477.1
2022-03-15,227.8,228.1,215.1,216.85,159055.0,35141763.35
2022-03-16,219.0,232.9,218.95,230.65,352744.0,79950764.65
2022-03-17,231.5,244.0,228.75,236.6,479857.0,113844071.7
2022-03-21,241.9,241.9,230.3,232.75,117890.0,27602223.55
2022-03-22,232.0,238.7,230.35,234.65,131121.0,30726449.5
2022-03-23,234.65,238.5,232.0,233.05,91131.0,21374152.95
2022-03-24,231.7,243.75,229.2,231.1,398792.0,94269457.0
2022-03-25,231.1,234.6,226.35,227.7,184843.0,42461943.65
2022-03-28,226.05,227.65,221.0,223.65,146915.0,32821301.2
2022-03-29,223.75,229.6,222.2,225.65,164951.0,37423192.05
2022-03-30,226.8,231.0,225.0,225.75,91011.0,20738950.85
2022-03-31,224.5,232.05,224.5,226.7,152587.0,34842493.15
2022-04-01,226.0,234.6,225.9,230.8,114227.0,26447348.85
2022-04-04,239.4,254.25,237.0,245.25,1327772.0,326709706.9
2022-04-05,246.7,257.2,244.2,250.3,747955.0,188301379.75
2022-04-06,245.9,253.95,244.9,246.85,310528.0,77482899.8
2022-04-07,249.25,262.5,242.0,243.75,912896.0,230997128.85
2022-04-08,245.65,256.75,243.0,251.9,624570.0,157347850.5
2022-04-11,253.8,275.95,253.5,270.7,1931417.0,516047469.85
2022-04-12,272.0,319.35,263.0,312.75,12462892.0,3756554963.15
2022-04-13,308.0,312.8,293.6,297.05,2858143.0,867368100.35
2022-04-18,297.5,316.65,288.75,304.65,3142567.0,955730797.7
2022-04-19,306.8,313.75,276.75,287.0,1349664.0,407212415.85
2022-04-20,284.15,297.0,276.7,290.15,1019484.0,294833575.25
2022-04-21,293.6,319.4,293.0,310.45,3215330.0,993173565.95
2022-04-22,308.8,333.0,306.05,317.85,3562394.0,1151576980.9
2022-04-25,317.0,321.7,298.1,299.7,876123.0,272267234.55
2022-04-26,305.0,312.7,301.5,304.5,559584.0,171388783.85
2022-04-27,300.1,309.0,292.2,298.1,494669.0,148113355.3
2022-04-28,300.2,304.85,290.1,291.4,322695.0,95669250.75
2022-04-29,294.35,298.0,282.5,283.7,412767.0,119741623.35
2022-05-02,284.0,297.3,284.0,290.05,519248.0,151136393.0
2022-05-04,290.25,294.8,273.15,278.95,569786.0,161503368.25
2022-05-05,283.85,291.75,278.0,282.1,430692.0,122499290.6
2022-05-06,278.8,286.45,272.5,276.45,487907.0,135534068.6
2022-05-09,274.2,277.9,265.85,273.35,460972.0,125496822.75
2022-05-10,274.25,287.0,274.25,282.15,786949.0,222679403.8
2022-05-11,281.0,284.0,258.0,281.15,684137.0,187689502.2
2022-05-12,275.0,282.5,271.0,279.2,484516.0,134534886.8
2022-05-13,284.75,294.2,281.15,283.45,344041.0,98637879.8
2022-05-16,284.9,287.85,274.1,277.6,257062.0,71812892.65
2022-05-17,279.9,307.9,279.25,305.5,1009213.0,298720000.8
2022-05-18,306.7,306.7,297.55,300.0,506243.0,152299483.1
2022-05-19,292.4,296.0,283.5,288.8,284349.0,82037006.35
2022-05-20,291.2,316.8,291.2,309.5,1323240.0,409320929.85
2022-05-23,312.0,324.4,305.7,310.6,728086.0,229386142.15
2022-05-24,311.8,314.8,297.45,303.15,448297.0,136313537.05
2022-05-25,304.0,306.9,256.0,268.2,1477095.0,403729354.55
2022-05-26,270.05,273.9,248.3,257.4,668960.0,172562689.8
2022-05-27,262.1,269.8,262.1,266.6,371477.0,99126405.4
2022-05-30,269.1,272.65,262.5,264.1,270787.0,72691816.7
2022-05-31,263.8,270.7,258.0,259.4,329116.0,86923185.3
2022-06-01,260.0,263.9,253.0,254.05,503045.0,129300135.85
2022-06-02,254.0,260.65,253.0,259.2,249294.0,64419625.55
2022-06-03,261.55,265.2,254.0,255.5,245102.0,63177333.35
2022-06-06,255.1,256.7,245.0,245.75,225346.0,55771806.05
2022-06-07,246.9,256.5,245.85,249.7,514338.0,128387033.5
2022-06-08,248.5,250.0,243.0,244.0,184565.0,45302203.45
2022-06-09,243.95,243.95,239.35,241.6,182828.0,44229419.25
2022-06-10,239.4,243.9,236.1,238.35,153412.0,36716413.35
2022-06-13,235.3,235.3,223.5,225.5,230158.0,52378146.75
2022-06-14,222.0,234.8,222.0,230.55,330308.0,75748589.35
2022-06-15,230.5,232.85,227.0,229.4,135085.0,30998278.45
2022-06-16,230.9,234.45,215.6,219.0,258350.0,58041449.35
2022-06-17,218.0,226.2,215.0,222.15,252858.0,55890672.6
2022-06-20,223.25,224.8,207.7,210.85,240877.0,51212372.55
2022-06-21,211.95,223.0,211.95,220.85,181549.0,39736304.2
2022-06-22,220.8,221.3,211.25,213.3,176918.0,38406150.25
2022-06-23,214.45,222.5,213.0,218.15,146836.0,32006012.95
2022-06-24,219.8,231.65,219.7,229.85,309147.0,70210082.45
2022-06-27,233.65,234.0,224.05,225.7,193903.0,44492724.0
2022-06-28,229.4,241.85,225.15,238.85,360369.0,85026816.2
2022-06-29,235.8,237.0,230.75,231.7,131623.0,30706517.2
2022-06-30,232.0,233.0,223.05,224.15,113679.0,25726075.2
2022-07-01,222.0,226.1,218.45,220.55,185514.0,41012729.1
2022-07-04,221.0,226.5,220.6,224.5,87598.0,19598517.75
2022-07-05,225.65,233.7,225.5,226.6,182074.0,41897129.3
2022-07-06,227.75,239.5,226.65,238.0,340355.0,79924704.25
2022-07-07,239.7,243.0,234.4,238.1,162118.0,38764930.3
2022-07-08,239.9,251.6,237.05,240.55,232077.0,56708822.55
2022-07-11,239.0,242.0,236.3,237.25,83999.0,20068287.95
2022-07-12,237.95,248.0,236.1,246.2,366682.0,89416441.2
2022-07-13,248.0,248.6,239.5,240.3,286099.0,69549369.4
2022-07-14,235.0,237.4,225.0,227.6,473988.0,109531039.25
2022-07-15,227.6,235.5,223.5,234.1,510930.0,118002623.9
2022-07-18,234.1,237.35,232.1,235.25,187564.0,44014548.3
2022-07-19,232.05,247.7,232.05,246.95,410392.0,99525655.0
2022-07-20,246.85,254.0,240.15,249.35,477995.0,117538905.1
2022-07-21,250.6,257.4,249.1,253.6,394550.0,100152875.75
2022-07-22,255.65,258.0,250.95,256.0,234601.0,59694193.5
2022-07-25,252.2,255.0,245.0,246.55,197477.0,49186467.5
2022-07-26,247.7,252.0,241.1,245.3,187791.0,46337891.75
2022-07-27,245.3,258.95,244.5,253.7,438000.0,111150583.0
2022-07-28,255.25,258.85,252.0,255.05,171157.0,43699421.7
2022-07-29,259.0,262.3,255.0,257.2,207829.0,53743967.8
2022-08-01,258.45,263.0,256.1,261.15,143921.0,37420688.6
2022-08-02,260.7,267.8,258.4,265.7,406893.0,107169264.65
2022-08-03,265.65,266.6,254.0,255.6,241292.0,62101281.0
2022-08-04,257.6,262.5,250.0,253.4,171399.0,43787835.0
2022-08-05,254.3,256.95,251.4,253.55,97419.0,24693313.0
2022-08-08,254.7,266.5,254.15,259.95,356517.0,93332887.4
2022-08-10,261.25,270.5,258.4,266.6,324650.0,86154759.45
2022-08-11,269.45,275.0,267.55,273.15,558980.0,152377101.65
2022-08-12,280.1,286.5,274.3,277.6,1421669.0,397717709.3
2022-08-16,279.5,285.9,276.0,278.3,317244.0,88800691.85
2022-08-17,280.0,282.0,270.75,273.1,214834.0,59025113.5
2022-08-18,274.15,275.1,267.05,268.5,189295.0,51139820.7
2022-08-19,267.25,271.9,260.45,265.95,181270.0,48340222.6
2022-08-22,267.3,268.9,258.25,259.8,122894.0,32250799.4
2022-08-23,257.0,263.5,252.25,258.45,282666.0,73460578.6
2022-08-24,259.0,274.7,258.6,271.7,524504.0,140013540.1
2022-08-25,278.0,279.5,274.1,276.35,414517.0,114754317.6
2022-08-26,279.5,310.0,277.45,287.6,3507480.0,1033923135.6
2022-08-29,280.0,309.3,280.0,299.95,3447813.0,1038150089.7
2022-08-30,303.2,308.0,296.8,300.65,688044.0,208362700.1
2022-09-01,301.6,316.25,299.2,312.6,1557861.0,484064743.05
2022-09-02,314.6,321.55,307.2,310.1,750678.0,236397708.1
2022-09-05,312.6,317.5,310.0,313.45,577616.0,181403999.85
2022-09-06,315.0,316.4,302.2,304.5,346599.0,107107557.9
2022-09-07,303.0,359.85,300.95,349.4,4228324.0,1420510892.9
2022-09-08,357.9,362.55,337.7,346.6,3035434.0,1062487197.2
2022-09-09,348.0,352.0,336.0,344.7,1185103.0,407691903.55
2022-09-12,345.9,364.35,343.6,359.4,1842906.0,655021084.55
2022-09-13,361.2,362.8,348.0,351.15,646580.0,228519502.15
2022-09-14,343.0,349.95,343.0,345.1,433732.0,150079722.7
2022-09-15,347.7,353.65,339.15,340.4,385061.0,132478398.2
2022-09-16,343.7,368.85,340.45,347.4,2889589.0,1033997327.95
2022-09-19,356.0,358.9,346.0,351.75,1381751.0,486384866.5
2022-09-20,358.0,359.95,346.05,347.65,713599.0,251352680.05
2022-09-21,349.0,353.75,337.0,347.9,625122.0,216561446.55
2022-09-22,347.45,362.25,346.15,353.0,917172.0,325246432.75
2022-09-23,353.7,357.0,336.85,338.7,426183.0,146810318.85
2022-09-26,337.4,337.4,303.15,308.5,719211.0,230003531.05
2022-09-27,312.9,334.0,312.9,329.05,1075278.0,347759125.95
2022-09-28,323.95,334.15,321.0,324.75,396748.0,130040393.1
2022-09-29,331.0,341.9,328.2,337.05,690248.0,231451184.45
2022-09-30,336.5,353.0,331.0,348.7,634981.0,217768997.2
2022-10-03,349.5,372.0,347.9,355.25,2349507.0,854034862.4
2022-10-04,362.25,376.0,355.45,371.3,1260699.0,462107016.85
2022-10-06,377.0,430.0,376.45,400.45,6802535.0,2782180517.8
2022-10-07,397.0,413.65,385.5,392.1,2736265.0,1083481632.55
2022-10-10,386.65,464.9,384.3,450.1,11764808.0,5144546516.7
2022-10-11,453.8,461.7,423.15,430.75,4486886.0,1975214139.5
2022-10-12,429.75,469.0,422.55,464.45,7143500.0,3228178005.9
2022-10-13,459.5,485.95,457.0,475.1,6221210.0,2956105028.75
2022-10-14,486.8,486.8,456.05,464.9,3710339.0,1735199523.45
2022-10-17,464.0,464.0,429.0,436.75,2340057.0,1035385929.5
2022-10-18,441.8,459.0,439.85,456.25,2285802.0,1028863742.2
2022-10-19,457.5,467.9,444.05,464.15,2477415.0,1134286397.8
2022-10-20,460.8,472.8,451.4,466.2,1474453.0,683806569.35
2022-10-21,464.4,467.85,432.95,443.35,1611173.0,724681905.45
2022-10-24,446.9,446.9,433.05,437.65,298065.0,131061573.95
2022-10-25,439.45,452.0,434.15,445.55,1143399.0,508757644.3
2022-10-27,446.8,456.9,441.0,453.85,801267.0,358887519.85
2022-10-28,454.0,458.25,443.0,446.15,683462.0,306872284.0
2022-10-31,448.45,459.0,445.0,447.55,898913.0,405543435.55
2022-11-01,449.0,462.8,446.0,455.65,1012384.0,460613291.9
2022-11-02,457.4,501.0,453.6,494.2,4288602.0,2063315214.25
2022-11-03,494.0,540.0,490.15,503.95,7656249.0,3979258893.1
2022-11-04,506.0,515.75,490.2,509.3,2749382.0,1387835640.9
2022-11-07,509.3,519.9,500.7,516.3,1812897.0,930236983.45
2022-11-09,517.0,520.9,497.25,505.6,1062800.0,543011342.7
2022-11-10,505.0,508.15,460.05,470.2,1532491.0,741327742.15
2022-11-11,470.0,477.1,452.0,461.45,2177645.0,1008235059.05
2022-11-14,465.0,482.8,458.6,463.7,1801949.0,848381768.6
2022-11-15,465.95,498.4,452.0,485.15,1872596.0,893801142.65
2022-11-16,488.25,503.0,481.65,495.95,2983043.0,1472249178.5
2022-11-17,492.5,502.4,486.65,496.2,1521502.0,754238977.05
2022-11-18,496.2,499.0,482.6,486.75,1151893.0,563384879.3
2022-11-21,486.75,488.0,472.0,475.95,884162.0,424885470.95
2022-11-22,473.0,518.8,470.0,516.0,3051334.0,1537049609.7
2022-11-23,517.5,534.0,512.1,518.95,3280519.0,1720516963.05
2022-11-24,518.95,523.0,501.9,505.7,942303.0,483374899.0
2022-11-25,505.7,512.3,487.8,490.85,889638.0,443512469.9
2022-11-28,491.4,506.1,487.1,495.95,1496312.0,745765968.15
2022-11-29,495.0,500.85,480.0,482.5,947638.0,461662393.1
2022-11-30,484.45,514.65,480.6,511.35,2978287.0,1498758274.7
2022-12-01,513.95,520.0,496.5,502.0,1184347.0,602592278.4
2022-12-02,504.55,518.9,502.0,516.05,1072119.0,547848782.5
2022-12-05,516.95,535.8,511.85,515.35,1596647.0,835688512.2
2022-12-06,513.0,522.95,509.35,518.3,873305.0,450808090.4
2022-12-07,517.7,530.0,514.25,523.25,1023066.0,533135604.1
2022-12-08,523.15,549.8,519.1,544.9,2819086.0,1518668767.3
2022-12-09,546.2,556.8,525.1,536.7,2164257.0,1176161460.6
2022-12-12,533.85,543.0,526.5,537.1,785459.0,421066223.6
2022-12-13,540.0,547.7,531.65,536.6,958844.0,518990236.15
2022-12-14,538.75,541.2,521.0,523.3,533245.0,282822061.3
2022-12-15,524.95,526.75,499.2,505.5,913948.0,465145917.0
2022-12-16,505.5,511.05,480.0,483.45,710058.0,350125437.4
2022-12-19,485.4,506.85,481.95,502.9,707605.0,350130233.2
2022-12-20,501.5,522.0,491.75,518.35,1410787.0,720511811.45
2022-12-21,521.5,524.15,481.1,485.25,784306.0,393006054.5
2022-12-22,487.95,490.1,442.0,446.7,1370357.0,625584113.2
2022-12-23,442.3,442.3,392.5,399.2,1580526.0,655066963.9
2022-12-26,395.0,462.05,395.0,454.65,2094812.0,910243190.6
2022-12-27,459.9,472.9,448.6,466.85,1267717.0,586790956.95
2022-12-28,465.0,467.55,451.55,455.1,469275.0,215174671.9
2022-12-29,456.0,483.15,448.75,477.45,873505.0,407384893.0
2022-12-30,483.0,494.75,480.0,484.7,594814.0,289639321.1
2023-01-02,487.0,488.3,474.2,480.35,414482.0,199082555.3
2023-01-03,480.35,502.9,479.7,492.5,1734999.0,860166009.25
2023-01-04,490.0,494.7,478.05,482.95,584288.0,283779611.4
2023-01-05,485.1,491.9,480.0,488.6,637510.0,310156202.85
2023-01-06,488.0,488.5,474.05,476.95,343974.0,165215315.55
2023-01-09,478.45,484.8,475.0,478.6,293235.0,140894489.05
2023-01-10,478.6,479.45,465.2,468.65,295395.0,139627087.8
2023-01-11,466.0,474.7,463.5,466.0,346976.0,162778488.6
2023-01-12,467.95,482.95,466.0,478.9,520188.0,248065712.5
2023-01-13,480.0,492.0,480.0,488.8,498543.0,242709744.3
2023-01-16,493.0,506.0,493.0,501.1,821324.0,410848985.7
2023-01-17,501.0,501.75,488.35,492.9,312117.0,154735713.15
2023-01-18,493.0,495.4,486.0,487.6,220085.0,107840896.5
2023-01-19,486.95,487.5,476.3,479.9,185737.0,89354460.65
2023-01-20,480.9,502.4,480.1,495.6,916168.0,454456953.7
2023-01-23,499.45,506.1,484.05,492.25,399180.0,197142567.5
2023-01-24,486.5,500.8,483.55,487.65,387119.0,191287710.15
2023-01-25,486.0,498.9,476.0,487.4,484355.0,236982627.4
2023-01-27,488.0,498.45,476.0,486.9,482475.0,234816550.35
2023-01-30,489.55,502.8,472.1,481.1,589948.0,286753237.55
2023-01-31,494.9,505.0,487.15,502.2,774968.0,387087284.85
2023-02-01,507.2,529.1,467.0,478.95,1319488.0,664144386.55
2023-02-02,480.95,512.0,478.3,493.55,702392.0,348638754.9
2023-02-03,494.5,499.2,477.65,481.9,374518.0,181854582.25
2023-02-06,481.9,491.9,475.3,480.5,359258.0,173497195.9
2023-02-07,480.5,496.3,480.45,493.05,324619.0,159440709.95
2023-02-08,492.1,494.2,480.3,482.4,165935.0,80576834.95
2023-02-09,485.2,487.2,474.1,478.1,172315.0,82869184.9
2023-02-10,478.9,490.9,471.0,477.15,349124.0,168433224.3
2023-02-13,477.0,480.0,433.0,442.4,788431.0,352762303.0
2023-02-14,444.75,455.85,442.4,449.75,331745.0,149048078.9
2023-02-15,448.55,452.6,442.3,445.9,249994.0,111649875.3
2023-02-16,449.7,455.0,440.0,447.65,719321.0,324313531.6
2023-02-17,444.05,451.65,442.2,446.55,246995.0,110529186.75
2023-02-20,442.5,451.8,439.05,447.85,197037.0,88030602.35
2023-02-21,447.45,449.75,434.05,436.65,152759.0,67504296.05
2023-02-22,431.95,432.0,417.0,419.4,318870.0,134559374.75
2023-02-23,420.95,427.4,412.8,418.55,243472.0,102553661.75
2023-02-24,420.1,435.8,420.1,423.2,349574.0,149678796.45
2023-02-27,420.0,428.8,406.6,411.0,306098.0,127571935.9
2023-02-28,413.0,416.0,400.5,412.6,404461.0,165332914.75
2023-03-01,413.8,440.85,413.3,436.7,691003.0,295898861.45
2023-03-02,438.3,449.25,436.0,439.65,359488.0,159208183.55
2023-03-03,441.0,441.95,433.7,438.3,266184.0,116287826.3
2023-03-06,440.5,447.0,435.5,438.3,229136.0,101270891.3
2023-03-08,437.8,444.5,429.1,434.45,276292.0,120984274.95
2023-03-09,435.1,439.15,428.7,430.5,108155.0,46857514.1
2023-03-10,426.2,429.85,419.0,425.1,189821.0,80287415.5
2023-03-13,417.1,427.0,407.0,409.45,205483.0,85245574.4
2023-03-14,409.05,419.5,404.4,407.6,199187.0,81791617.95
2023-03-15,411.8,417.15,404.0,404.75,115341.0,47149476.65
2023-03-16,405.95,411.5,398.3,407.15,236309.0,95775779.65
2023-03-17,412.0,420.15,412.0,418.35,153264.0,63890129.75
2023-03-20,420.0,428.45,411.0,419.8,263162.0,110838043.0
2023-03-21,420.7,430.0,415.9,426.7,169826.0,71772359.05
2023-03-22,428.85,431.8,423.0,425.65,100312.0,42843788.25
2023-03-23,422.0,429.6,418.35,421.7,198583.0,84285816.25
2023-03-24,420.0,423.55,408.75,410.85,84855.0,35383730.8
2023-03-27,412.4,416.0,400.15,405.8,144875.0,58833182.55
2023-03-28,405.5,412.95,399.9,400.5,154281.0,62217771.0
2023-03-29,402.0,439.95,401.8,435.35,475057.0,201204557.15
2023-03-31,466.0,474.0,452.3,455.4,1170320.0,538631590.9
2023-04-03,455.4,460.95,442.55,447.45,283420.0,128130355.6
2023-04-05,449.4,468.0,444.1,463.65,471091.0,216385742.85
2023-04-06,462.4,469.35,457.75,460.95,288351.0,133452444.5
2023-04-10,463.0,466.8,455.05,457.55,244209.0,112653299.35
2023-04-11,457.5,472.0,456.15,466.1,270504.0,126132669.75
2023-04-12,466.95,482.0,460.8,464.35,433822.0,204829643.05
2023-04-13,465.0,471.9,463.0,467.95,183959.0,85988345.9
2023-04-17,467.4,468.4,460.25,462.25,231367.0,107497713.85
2023-04-18,462.25,466.0,451.25,454.0,174021.0,79903400.45
2023-04-19,455.65,464.75,455.05,458.45,194285.0,89353235.85
2023-04-20,460.35,464.7,457.5,459.6,132388.0,61048233.25
2023-04-21,462.0,462.0,447.0,454.4,251850.0,114197083.7
2023-04-24,457.0,462.8,451.6,455.7,272395.0,124545880.25
2023-04-25,457.9,470.3,456.9,461.95,287036.0,133246993.7
2023-04-26,463.4,464.1,455.0,456.25,154825.0,71128827.3
2023-04-27,457.0,464.0,455.0,457.5,192904.0,88393242.15
2023-04-28,459.0,466.85,458.0,462.5,203395.0,94142298.6
2023-05-02,465.7,499.05,462.95,495.95,1048645.0,508077661.45
2023-05-03,498.0,525.35,498.0,510.75,1945791.0,1000483035.85
2023-05-04,510.6,512.25,495.0,504.8,470951.0,237238957.45
2023-05-05,507.8,512.1,501.75,503.75,310174.0,156992715.35
2023-05-08,507.3,509.6,491.1,496.45,309789.0,154425227.6
2023-05-09,498.95,504.0,486.05,491.35,255196.0,126405758.35
2023-05-10,495.9,515.85,495.0,514.05,834209.0,423271547.2
2023-05-11,517.8,519.7,502.0,508.05,399423.0,204168761.7
2023-05-12,509.0,512.7,499.0,507.1,204150.0,103331338.3
2023-05-15,507.0,516.8,503.3,505.85,315213.0,160789895.45
2023-05-16,507.0,529.8,506.8,518.0,1387668.0,724675125.55
2023-05-17,520.0,526.0,509.05,516.1,442743.0,229212293.2
2023-05-18,518.6,519.8,510.5,514.15,200981.0,103404339.25
2023-05-19,514.5,516.65,501.35,507.0,203076.0,103068606.05
2023-05-22,505.9,505.9,476.0,477.95,645473.0,312047625.35
2023-05-23,480.1,489.0,474.25,478.6,430240.0,206773110.8
2023-05-24,481.0,487.0,467.2,481.45,248044.0,119159617.4
2023-05-25,450.0,467.15,446.0,453.8,767907.0,351193658.2
2023-05-26,457.4,473.0,453.6,459.75,480982.0,222870104.35
2023-05-29,460.5,468.1,458.0,459.8,261005.0,120983466.5
2023-05-30,462.75,463.45,452.65,457.45,233413.0,106823019.2
2023-05-31,460.05,468.3,451.05,454.8,327333.0,149774226.95
2023-06-01,456.8,462.2,454.8,456.4,231020.0,105809865.3
2023-06-02,459.4,469.0,458.0,463.4,437061.0,202865607.1
2023-06-05,467.0,526.0,464.55,505.0,5322415.0,2680380515.65
2023-06-06,506.0,523.4,495.9,508.2,2671455.0,1362240884.7
2023-06-07,514.0,517.8,502.85,505.4,828089.0,420829636.5
2023-06-08,509.1,514.95,494.2,497.45,537691.0,270693392.05
2023-06-09,497.3,512.8,490.85,507.75,773118.0,390378688.75
2023-06-12,510.3,573.0,508.85,564.7,8308265.0,4553177392.7
2023-06-13,556.75,573.4,555.0,563.2,2450979.0,1383859645.25
2023-06-14,563.2,567.95,546.1,548.75,1058182.0,583664865.9
2023-06-15,549.0,564.9,543.25,549.25,1123109.0,621723105.5
2023-06-16,553.0,600.4,550.0,589.9,5709517.0,3339442484.15
2023-06-19,594.8,608.0,590.0,598.15,1900833.0,1137293938.95
2023-06-20,597.0,605.5,575.05,593.05,2103018.0,1248809195.55
2023-06-21,596.0,619.0,575.1,578.0,2482743.0,1487776260.8
2023-06-22,581.1,592.95,565.0,578.05,1174093.0,681438950.75
2023-06-23,578.0,580.9,553.3,561.5,748381.0,421592815.2
2023-06-26,563.8,593.0,560.15,590.25,1603543.0,931298492.9
2023-06-27,593.45,594.7,578.1,581.1,509910.0,298339674.55
2023-06-28,585.0,585.95,574.05,579.8,469532.0,271891006.05
2023-06-30,581.95,587.8,571.5,575.3,470905.0,272502485.2
2023-07-03,576.0,593.15,573.9,577.05,616476.0,359030165.05
2023-07-04,579.0,580.6,559.0,562.35,410338.0,232799440.5
2023-07-05,565.1,575.0,562.35,567.7,302530.0,172127154.4
2023-07-06,570.95,577.0,565.15,571.5,320422.0,182699097.85
2023-07-07,572.0,587.0,562.75,576.05,758870.0,437601249.5
2023-07-10,579.0,590.0,567.0,579.85,1262471.0,735587244.2
2023-07-11,585.9,636.8,585.1,616.3,7978689.0,4907215105.45
2023-07-12,617.0,624.3,604.4,612.2,2557665.0,1576088391.2
2023-07-13,612.0,624.0,596.65,601.75,1422587.0,872189336.0
2023-07-14,606.0,608.3,565.55,584.0,829499.0,490739457.3
2023-07-17,589.9,621.1,588.1,607.85,1983672.0,1211221797.3
2023-07-18,610.9,615.25,596.0,603.95,781621.0,473140690.1
2023-07-19,605.0,607.85,590.0,593.3,515420.0,307386412.1
2023-07-20,593.3,618.35,593.05,606.5,1392270.0,851412338.55
2023-07-21,607.0,614.75,596.6,599.5,722639.0,437824750.55
2023-07-24,601.95,614.7,596.9,608.4,615435.0,372342554.75
2023-07-25,611.5,635.9,593.0,601.3,2539624.0,1578520613.9
2023-07-26,604.95,615.9,601.15,607.65,650311.0,395634369.45
2023-07-27,609.0,617.6,603.55,607.85,489913.0,298594176.65
2023-07-28,609.2,632.0,606.65,618.7,1276389.0,792588982.95
2023-07-31,618.7,624.0,612.0,620.9,451313.0,278368691.2
2023-08-01,623.95,634.5,618.55,624.3,1041906.0,654414853.05
2023-08-02,624.3,625.75,581.1,601.75,863333.0,522422720.15
2023-08-03,600.0,614.15,596.0,605.25,529119.0,319947857.3
2023-08-04,606.0,610.45,595.35,600.15,316148.0,190928320.35
2023-08-07,602.8,609.45,595.0,598.6,258369.0,155027639.95
2023-08-08,601.1,603.45,589.25,591.85,260667.0,155539097.85
2023-08-09,594.75,602.5,591.2,592.7,294773.0,175517807.8
2023-08-10,596.2,605.15,590.65,595.05,261101.0,155812237.4
2023-08-11,597.7,598.9,577.05,582.4,385912.0,227129684.85
2023-08-14,610.0,666.5,595.3,657.5,8368871.0,5387535517.55
2023-08-16,659.85,789.0,651.7,776.3,11983540.0,8984685032.05
2023-08-17,777.9,831.9,771.65,780.05,7808779.0,6251081326.55
2023-08-18,774.25,783.6,741.6,748.55,2989896.0,2267138657.15
2023-08-21,752.85,773.5,735.1,762.65,2667733.0,2023424612.4
2023-08-22,770.2,778.4,752.15,763.75,906267.0,693401486.95
2023-08-23,763.0,823.4,763.0,798.55,3639252.0,2925467536.6
2023-08-24,803.0,806.8,780.0,785.3,1014763.0,801602844.45
2023-08-25,795.1,818.0,774.0,788.95,1322887.0,1049097063.15
2023-08-28,800.0,843.9,796.85,803.2,2643290.0,2160811426.4
2023-08-29,810.0,814.1,786.6,793.75,806741.0,641623188.55
2023-08-30,794.95,833.45,786.7,803.05,2921109.0,2388945473.1
2023-08-31,806.45,824.8,798.1,817.35,1459457.0,1188637971.8
2023-09-01,819.7,841.25,811.1,815.75,1206367.0,994425674.85
2023-09-04,816.0,835.0,809.4,817.35,1128705.0,926513087.2
2023-09-05,821.45,843.0,813.1,830.2,1216756.0,1008698563.35
2023-09-06,830.2,832.0,813.0,821.1,615272.0,504880340.0
2023-09-07,819.05,966.4,816.8,906.9,14969899.0,13664730208.3
2023-09-08,924.75,974.8,879.05,885.3,10954186.0,10145887038.35
2023-09-11,894.9,908.0,878.0,897.9,2043777.0,1825953928.65
2023-09-12,897.9,906.0,802.65,814.8,2686141.0,2258559706.9
2023-09-13,818.65,839.9,776.1,798.95,2249820.0,1801667757.55
2023-09-14,806.5,809.8,789.0,792.95,951609.0,758394988.5
2023-09-15,795.0,859.9,793.65,844.9,5059649.0,4249489723.05
2023-09-18,854.45,869.0,818.3,823.35,1972743.0,1661925319.45
2023-09-20,814.15,852.0,805.0,843.6,2361293.0,1978058222.85
2023-09-21,844.45,851.35,817.5,829.85,962791.0,803113011.35
2023-09-22,834.5,836.5,800.5,808.75,969703.0,787277242.9
2023-09-25,812.3,815.95,786.2,796.35,739418.0,589358800.0
2023-09-26,796.5,862.75,791.3,844.15,4995911.0,4205604852.65
2023-09-27,841.85,853.25,831.1,835.0,1425920.0,1198085582.75
2023-09-28,838.0,843.35,825.0,828.6,603886.0,502329328.5
2023-09-29,832.5,855.0,825.1,841.1,1394027.0,1176884132.05
2023-10-03,844.55,844.95,826.55,830.0,423055.0,352044689.85
2023-10-04,827.8,827.8,795.35,806.3,685298.0,555237798.3
2023-10-05,810.35,844.0,810.3,817.1,1312381.0,1088824623.35
2023-10-06,822.0,826.8,808.0,816.75,562034.0,458005342.9
2023-10-09,806.9,806.9,781.2,785.75,646201.0,513270969.55
2023-10-10,807.0,816.75,797.65,801.35,683892.0,551843989.25
2023-10-11,805.65,812.95,799.0,804.15,466147.0,375260273.6
2023-10-12,807.95,813.75,796.25,801.35,371892.0,299036256.95
2023-10-13,798.45,808.2,795.75,798.75,456531.0,365749094.6
2023-10-16,802.9,816.9,795.6,811.35,834465.0,673733559.45
2023-10-17,818.0,820.0,804.5,805.9,470772.0,381713013.95
2023-10-18,810.3,815.0,784.55,794.15,550762.0,439618859.75
2023-10-19,790.0,797.0,786.0,788.25,300017.0,236948224.15
2023-10-20,791.9,792.6,750.65,758.2,694857.0,533014882.65
2023-10-23,759.0,767.9,693.0,699.65,976476.0,707038712.85
2023-10-25,703.55,721.95,668.0,683.25,834757.0,577982843.9
2023-10-26,682.9,762.45,648.3,742.45,2838282.0,2031384880.35
2023-10-27,754.35,781.9,740.0,763.5,2169160.0,1661301090.0
2023-10-30,761.6,761.6,730.05,742.2,621277.0,463275505.9
2023-10-31,746.0,761.0,739.0,742.95,455174.0,340232406.55
2023-11-01,746.8,747.3,730.1,735.1,324890.0,239870534.75
2023-11-02,741.7,749.7,736.35,741.35,235074.0,174411375.3
2023-11-03,744.95,752.0,740.55,743.0,235202.0,175106931.4
2023-11-06,746.9,771.6,740.05,762.8,899720.0,684516880.2
2023-11-07,762.95,781.85,762.95,775.3,822203.0,636054634.55
2023-11-08,779.2,788.8,768.0,776.3,468486.0,365502594.1
2023-11-09,779.35,787.8,773.3,779.4,506672.0,395573012.6
2023-11-10,783.3,791.25,771.0,774.0,588785.0,460446774.0
2023-11-12,781.0,788.0,776.35,778.0,82698.0,64513741.05
2023-11-13,781.05,781.05,765.5,768.7,279237.0,215339723.85
2023-11-15,776.3,799.55,768.7,790.35,907947.0,715699971.85
2023-11-16,794.0,799.25,780.0,783.5,459757.0,364081000.05
2023-11-17,781.2,787.0,770.0,775.75,334522.0,260566023.5
2023-11-20,779.65,795.0,767.2,786.35,502609.0,394650159.25
2023-11-21,789.95,817.2,780.2,809.95,1628794.0,1315613240.2
2023-11-22,813.3,823.9,794.5,805.1,644736.0,522412489.7
2023-11-23,808.9,844.8,805.2,833.8,3174679.0,2639220575.1
2023-11-24,837.7,844.95,829.5,834.0,1128392.0,944649133.95
2023-11-28,838.1,843.65,826.0,829.45,631948.0,527935419.55
2023-11-29,833.9,845.8,826.5,829.6,613548.0,511334821.2
2023-11-30,834.0,849.9,812.5,847.1,1698735.0,1427895405.0
2023-12-01,850.8,854.45,831.9,836.0,663460.0,557863821.3
2023-12-04,843.6,851.0,836.9,841.65,499222.0,420525289.95
2023-12-05,845.0,854.0,825.25,836.55,680630.0,572070756.0
2023-12-06,840.9,871.9,828.2,861.75,2979065.0,2556361790.25
2023-12-07,864.65,865.45,845.0,847.9,772067.0,660132900.8
2023-12-08,849.75,863.9,830.0,832.4,616053.0,520208843.85
2023-12-11,836.95,849.5,836.05,841.85,389391.0,328203836.25
2023-12-12,845.95,849.05,830.0,833.95,320664.0,268300422.1
2023-12-13,836.5,840.25,827.25,831.7,393028.0,327308960.6
2023-12-14,836.6,845.0,830.0,833.8,418135.0,350461979.45
2023-12-15,837.05,841.2,822.7,827.95,379587.0,315271761.05
2023-12-18,830.25,845.0,828.05,833.5,478121.0,400395714.15
2023-12-19,836.0,882.0,834.7,849.6,2908041.0,2511502272.7
2023-12-20,854.75,858.9,793.75,806.6,1108849.0,918056704.35
2023-12-21,806.0,835.0,790.0,817.05,1134947.0,926157419.25
2023-12-22,821.8,834.7,813.25,819.65,424135.0,349346133.95
2023-12-26,822.0,884.75,820.0,872.2,3921279.0,3400630094.3
2023-12-27,878.05,904.5,862.0,871.15,3060990.0,2703983317.4
2023-12-28,875.35,881.8,854.1,860.85,968297.0,837685895.65
2023-12-29,865.0,893.0,860.25,873.25,1448171.0,1271631734.4
2024-01-01,874.0,886.8,870.0,873.8,604835.0,530818628.7
2024-01-02,878.65,878.65,851.1,865.0,465924.0,403176529.45
2024-01-03,865.0,877.0,860.05,868.05,537995.0,466964905.4
2024-01-04,872.4,889.9,860.1,863.7,952233.0,828792613.5
2024-01-05,867.9,877.0,856.75,863.6,422997.0,366816029.95
2024-01-08,865.0,875.75,854.9,864.7,480205.0,416085688.15
2024-01-09,869.05,882.15,860.4,862.7,861695.0,750967824.8
2024-01-10,866.3,910.75,863.1,905.5,4321529.0,3857969941.85
2024-01-11,907.0,916.9,880.25,885.05,1696471.0,1528525745.8
2024-01-12,890.0,891.75,875.0,876.2,497315.0,438575561.6
2024-01-15,877.0,909.9,870.85,893.25,1136044.0,1018654438.5
2024-01-16,894.0,924.7,872.15,883.7,2148923.0,1948178781.2
2024-01-17,881.0,921.5,870.1,897.0,2319823.0,2101308787.8
2024-01-18,897.05,911.0,861.0,881.65,1055131.0,930159475.2
2024-01-19,886.1,897.0,881.0,888.4,578086.0,513450497.3
2024-01-20,892.85,948.0,889.7,919.15,2745029.0,2543102488.9
2024-01-23,928.0,946.4,885.05,896.4,1538702.0,1414429620.95
2024-01-24,896.4,912.0,865.05,898.35,818922.0,732080444.6
2024-01-25,903.4,951.0,903.35,909.9,1313121.0,1216501221.15
2024-01-29,916.0,918.45,900.0,905.2,442791.0,401167590.7
2024-01-30,908.0,917.5,900.0,902.9,780334.0,708660917.6
2024-01-31,930.0,943.75,911.05,930.95,1162408.0,1079409424.45
2024-02-01,936.2,947.35,910.7,920.1,950915.0,882664567.8
2024-02-02,924.75,924.75,886.6,890.95,651993.0,590975673.25
2024-02-05,895.9,897.6,871.0,878.05,580336.0,513264117.45
2024-02-06,880.2,882.0,863.25,870.45,428511.0,373340837.1
2024-02-07,874.8,880.7,872.5,875.95,216028.0,189377655.15
2024-02-08,878.95,903.8,865.5,892.1,946511.0,841403750.45
2024-02-09,897.15,897.15,855.55,868.7,536664.0,467726800.3
2024-02-12,863.0,864.05,755.0,773.75,1088054.0,878033205.75
2024-02-13,794.0,810.95,750.0,797.6,806840.0,638191146.0
2024-02-14,795.0,819.0,775.0,811.25,497558.0,402732308.55
2024-02-15,819.9,829.5,810.1,814.5,324876.0,266438353.35
2024-02-16,824.2,833.65,788.0,790.45,582627.0,469600246.15
2024-02-19,801.0,847.45,801.0,839.65,889120.0,736368813.25
2024-02-20,839.65,839.65,817.1,825.25,380066.0,313555747.7
2024-02-21,829.3,829.35,803.1,807.9,285878.0,232569204.05
2024-02-22,811.05,828.0,792.35,814.8,403678.0,328048498.25
2024-02-23,813.0,837.15,808.35,823.0,376052.0,309960512.25
2024-02-26,822.0,828.8,808.9,812.6,255474.0,208652329.65
2024-02-27,812.6,824.0,796.6,800.85,251978.0,203978182.15
2024-02-28,806.95,859.65,798.05,805.9,2278219.0,1900987503.0
2024-02-29,809.0,816.45,799.0,813.75,396407.0,321012960.95
2024-03-01,816.0,827.0,814.0,817.85,238069.0,195066069.65
2024-03-02,817.9,827.0,812.85,816.7,47343.0,38681610.45
2024-03-04,817.7,838.2,810.1,819.4,408001.0,336734315.3
2024-03-05,828.0,849.45,821.75,835.25,1086883.0,907597549.4
2024-03-06,834.95,834.95,796.05,806.55,533247.0,432164578.4
2024-03-07,810.7,827.0,806.5,808.9,287030.0,234389622.85
2024-03-11,812.4,813.45,795.0,796.55,252136.0,201975747.0
2024-03-12,796.95,799.45,763.7,768.85,344117.0,267146221.5
2024-03-13,765.05,780.0,673.45,685.8,895016.0,646685068.65
2024-03-14,686.2,733.25,683.35,726.95,574460.0,412031402.6
2024-03-15,732.55,767.45,718.9,760.75,994227.0,740456708.2
2024-03-18,760.75,772.85,757.0,762.0,300605.0,229637130.35
2024-03-19,755.2,774.7,753.65,761.55,365847.0,279154096.2
2024-03-20,764.0,768.1,744.0,751.25,285204.0,215270029.0
2024-03-21,760.0,776.2,757.05,762.35,370356.0,283730145.65
2024-03-22,762.35,793.35,757.0,780.9,707306.0,553088864.05
2024-03-26,791.5,796.7,775.5,790.6,350818.0,276762533.8
2024-03-27,794.9,798.75,768.0,776.9,437350.0,342906491.75
2024-03-28,782.0,788.85,762.15,764.7,471323.0,362697217.7
2024-04-01,798.0,823.0,779.45,807.4,1656396.0,1339017887.2
2024-04-02,809.7,829.5,802.0,825.05,994021.0,816147304.55
2024-04-03,822.05,904.0,820.1,882.75,7045898.0,6235111463.7
2024-04-04,887.0,893.0,864.0,887.95,1389343.0,1220471676.85
2024-04-05,886.7,929.8,880.1,898.15,3229226.0,2935259436.2
2024-04-08,902.5,930.0,894.0,914.7,2491544.0,2284023852.4
2024-04-09,919.0,920.25,888.5,897.25,731085.0,660309325.75
2024-04-10,897.25,901.75,878.2,881.4,515399.0,457070185.2
2024-04-12,880.75,911.0,877.65,881.9,714124.0,638160212.9
2024-04-15,858.1,878.45,836.05,859.8,675890.0,580504674.25
2024-04-16,849.65,901.75,845.2,884.55,1227987.0,1089915530.5
2024-04-18,891.0,898.5,860.65,864.65,448847.0,395785037.75
2024-04-19,850.0,886.0,848.6,870.45,876663.0,765014331.4
2024-04-22,885.0,887.0,861.15,868.65,403899.0,352044200.75
2024-04-23,869.8,969.0,869.8,958.0,7171326.0,6706883541.25
2024-04-24,974.5,1018.5,970.2,983.55,4223795.0,4184459617.05
2024-04-25,985.0,1077.85,970.75,1023.75,7794493.0,8055220911.85
2024-04-26,1029.0,1042.4,991.05,998.85,1569294.0,1593537261.45
2024-04-29,1009.35,1017.65,986.15,1001.2,844804.0,846419166.9
2024-04-30,1005.0,1019.7,985.0,989.05,697236.0,695054805.1
2024-05-02,990.0,1019.0,971.3,990.65,1319033.0,1314720565.05
2024-05-03,994.4,1011.8,971.1,1002.05,952374.0,943215577.1
2024-05-06,1010.0,1010.2,950.0,954.65,883018.0,853248730.4
2024-05-07,958.4,976.0,906.75,913.4,1352680.0,1270761859.3
2024-05-08,914.8,948.0,908.25,929.95,1108353.0,1034518591.95
2024-05-09,933.0,939.8,881.0,900.65,782695.0,718737037.95
2024-05-10,902.0,924.0,890.5,912.55,671588.0,611331377.4
2024-05-13,914.85,928.0,891.0,906.9,702634.0,636669336.0
2024-05-14,913.05,991.95,911.0,985.4,2828234.0,2727440047.7
2024-05-15,980.0,987.8,960.2,979.45,1153889.0,1126214902.95
2024-05-16,982.15,995.75,973.0,990.9,1010615.0,994939213.1
2024-05-17,996.0,1094.8,995.05,1084.35,5745300.0,6045522711.1
2024-05-18,1087.0,1135.0,1083.05,1129.75,856671.0,960195813.45
2024-05-21,1134.9,1235.0,1093.05,1213.35,6509026.0,7604844096.55
2024-05-22,1213.35,1236.0,1177.0,1192.6,2816054.0,3389975236.65
2024-05-23,1314.0,1431.1,1300.0,1425.6,14603622.0,20357752367.15
2024-05-24,1400.0,1508.0,1372.0,1459.7,8164728.0,11901834908.3
2024-05-27,1475.0,1522.45,1404.05,1421.55,3695547.0,5366206929.15
2024-05-28,1419.9,1430.55,1358.05,1403.1,1751271.0,2428177644.15
2024-05-29,1390.0,1460.0,1369.45,1444.75,2864671.0,4087855052.4
2024-05-30,1439.05,1457.3,1403.2,1411.3,1218185.0,1738808911.2
2024-05-31,1415.0,1421.3,1357.0,1369.4,1287442.0,1771246282.3
2024-06-03,1485.0,1485.0,1396.05,1417.35,1117229.0,1585018808.15
2024-06-04,1399.05,1399.05,1275.65,1275.65,1383908.0,1818359223.85
2024-06-05,1259.95,1259.95,1148.1,1180.15,2970705.0,3507122362.9
2024-06-06,1217.0,1298.15,1213.15,1298.15,1834439.0,2355557440.4
2024-06-07,1327.0,1408.0,1320.2,1353.5,2693039.0,3675834056.7
2024-06-10,1368.9,1373.8,1317.0,1325.0,844779.0,1132627522.25
2024-06-11,1340.0,1386.45,1322.15,1328.35,1075126.0,1449250124.65
2024-06-12,1335.0,1371.0,1328.4,1365.3,1088153.0,1470950462.65
2024-06-13,1379.0,1573.0,1353.5,1535.05,5663976.0,8363609214.0
2024-06-14,1579.8,1686.95,1526.0,1630.0,11892498.0,19227187014.35
2024-06-18,1645.0,1888.0,1641.2,1847.55,14576795.0,26204308147.4
2024-06-19,1858.0,1903.5,1750.0,1770.4,5457899.0,9829892899.55
2024-06-20,1775.0,1805.8,1726.1,1761.2,2538518.0,4512155800.75
2024-06-21,1738.0,1769.6,1632.75,1644.25,3005182.0,5033914274.45
2024-06-24,1724.1,1819.3,1720.0,1753.1,7499773.0,13287770515.15
2024-06-25,1763.85,2065.0,1753.1,1946.05,20215533.0,38868437363.15
2024-06-26,1970.0,2162.0,1970.0,2087.5,19131293.0,40175954425.15
2024-06-27,2105.0,2174.7,2065.05,2122.1,10068220.0,21469120419.75
2024-06-28,2134.0,2153.65,2051.0,2099.1,3398709.0,7141778315.8
2024-07-01,2127.7,2309.0,2127.7,2306.5,9513296.0,21649198966.15
2024-07-02,2337.0,2473.95,2331.3,2405.55,7084172.0,17075744853.95
2024-07-03,2450.0,2478.4,2325.0,2459.1,5490800.0,13214794529.55
2024-07-04,2460.0,2697.0,2419.0,2668.8,10822653.0,28102104059.6
2024-07-05,2676.9,2833.8,2546.05,2710.65,8211761.0,22359724662.8
2024-07-08,2716.9,2785.45,2581.55,2600.65,3972546.0,10584607824.0
2024-07-09,2630.0,2670.0,2480.05,2546.15,2412591.0,6183948300.7
2024-07-10,2568.9,2622.0,2426.15,2471.2,2128812.0,5315877699.85
2024-07-11,2515.0,2594.75,2515.0,2594.75,3098954.0,7998315930.2
2024-07-12,2660.0,2677.0,2568.0,2588.2,1644765.0,4313410215.2
2024-07-15,2594.0,2598.7,2488.0,2496.1,1089181.0,2734161009.35
2024-07-16,2503.9,2590.85,2447.0,2562.55,1868013.0,4734772295.7
2024-07-18,2589.45,2618.0,2442.85,2532.45,2144098.0,5464457274.75
2024-07-19,2533.0,2604.0,2421.55,2455.35,1858841.0,4697339328.75
2024-07-22,2425.0,2578.1,2380.2,2568.25,2893707.0,7333572514.2
2024-07-23,2578.0,2635.0,2439.85,2441.2,3762141.0,9488143016.7
2024-07-24,2441.0,2470.0,2370.0,2378.95,1236916.0,2985821285.65
2024-07-25,2328.0,2359.55,2260.0,2260.0,1686099.0,3861485476.6
2024-07-26,2230.0,2308.2,2205.0,2212.75,1406510.0,3165826273.1
2024-07-29,2248.0,2323.35,2210.6,2323.35,1683330.0,3865047851.85
2024-07-30,2366.95,2439.5,2342.0,2439.5,1214676.0,2929777986.25
2024-07-31,2488.0,2510.5,2384.05,2405.55,1348238.0,3285004433.85
2024-08-01,2448.0,2474.0,2330.0,2350.3,793156.0,1906897077.4
2024-08-02,2295.0,2388.8,2285.0,2326.6,753818.0,1763225476.35
2024-08-05,2216.1,2266.0,2210.3,2210.3,1044477.0,2320654099.4
2024-08-06,2206.0,2263.95,2099.8,2099.8,1283335.0,2769195412.8
2024-08-07,2132.0,2224.95,1963.95,2178.95,2791493.0,5870291604.95
2024-08-08,2178.0,2208.95,2071.0,2086.45,1771919.0,3804486376.95
2024-08-09,2134.9,2160.0,2031.8,2055.05,1740077.0,3620275175.1
2024-08-12,2024.95,2053.25,1986.0,2009.15,1043546.0,2102940249.65
2024-08-13,2030.0,2034.6,1940.45,1951.3,799969.0,1586197082.1
2024-08-14,1960.95,2006.8,1891.3,1966.7,1400895.0,2735450018.6
2024-08-16,1999.0,2004.4,1936.25,1966.65,801430.0,1572049468.15
2024-08-19,1960.0,2012.6,1916.0,1921.65,791411.0,1552094713.1
2024-08-20,1904.9,1917.95,1751.55,1776.05,2942955.0,5317738784.15
2024-08-21,1740.0,1864.9,1732.0,1801.35,2650000.0,4831284841.2
2024-08-22,1828.7,1828.7,1747.0,1751.15,1214323.0,2152365967.6
2024-08-23,1750.0,1845.85,1743.25,1764.75,1833693.0,3291666625.2
2024-08-26,1815.0,1815.85,1759.0,1789.25,749700.0,1333701526.85
2024-08-27,1790.1,1812.0,1772.4,1777.75,604641.0,1081915408.15
2024-08-28,1788.8,1812.0,1770.0,1773.5,646857.0,1155497553.85
2024-08-29,1778.4,1788.95,1741.1,1757.05,521154.0,916550957.9
2024-08-30,1770.05,1877.95,1733.35,1811.0,2480956.0,4526720304.65
2024-09-02,1818.0,1862.6,1790.0,1831.3,1183854.0,2161267885.05
2024-09-03,1879.2,1974.8,1857.05,1913.15,5277573.0,10158773407.0
2024-09-04,1920.0,1994.95,1920.0,1961.45,2998200.0,5875581831.2
2024-09-05,1976.7,1984.8,1887.0,1901.3,1446809.0,2773209561.9
2024-09-06,1899.85,1899.9,1824.0,1831.5,978980.0,1806335659.95
2024-09-09,1834.0,1852.75,1771.0,1787.75,843188.0,1515990481.55
2024-09-10,1796.7,1820.0,1776.9,1789.9,546974.0,982097431.3
2024-09-11,1793.95,1795.95,1755.0,1757.15,364803.0,644909710.45
2024-09-12,1767.9,1782.2,1743.05,1750.7,465123.0,815874766.4
2024-09-13,1759.0,1799.95,1744.0,1779.3,607275.0,1082268726.15
2024-09-16,1789.45,1789.45,1747.0,1751.55,363350.0,639735543.85
2024-09-17,1765.0,1780.0,1717.6,1726.7,503350.0,875503120.6
2024-09-18,1731.5,1772.0,1704.0,1717.1,608544.0,1051365217.2
2024-09-19,1810.05,1812.95,1670.25,1700.95,2151421.0,3720155867.85
2024-09-20,1709.5,1871.0,1672.0,1855.6,5810787.0,10605226272.9
2024-09-23,1855.65,1874.2,1794.0,1801.05,1447221.0,2644180408.25
2024-09-24,1800.0,1800.0,1750.15,1755.95,680934.0,1203276810.3
2024-09-25,1755.0,1795.05,1711.0,1718.85,791630.0,1384715696.8
2024-09-26,1724.0,1733.3,1690.05,1705.35,600097.0,1022737756.4
2024-09-27,1709.0,1735.35,1691.7,1698.2,516282.0,883256487.95
2024-09-30,1693.0,1732.5,1671.1,1722.35,736079.0,1253406870.35
2024-10-01,1724.0,1733.1,1701.1,1708.1,318718.0,545013294.4
2024-10-03,1670.0,1694.3,1655.0,1658.4,499934.0,836239308.3
2024-10-04,1658.4,1697.0,1597.45,1659.65,1207497.0,1997601999.9
2024-10-07,1660.0,1674.0,1501.0,1538.15,1218102.0,1925415169.55
2024-10-08,1532.0,1684.8,1511.2,1664.1,2039399.0,3286810935.1
2024-10-09,1672.45,1706.35,1626.1,1636.35,885531.0,1474961902.95
2024-10-10,1655.0,1788.8,1651.85,1742.8,4985663.0,8676428263.65
2024-10-11,1753.7,1775.0,1724.0,1748.15,1370623.0,2395936516.1
2024-10-14,1747.6,1754.95,1688.05,1698.05,650845.0,1113661702.15
2024-10-15,1698.95,1838.8,1682.05,1773.85,3354735.0,5992796944.65
2024-10-16,1772.8,1809.0,1742.1,1778.75,1081766.0,1918785742.55
2024-10-17,1787.65,1790.0,1735.0,1744.7,595787.0,1048407445.45
2024-10-18,1744.7,1829.0,1684.4,1764.65,3006209.0,5347459475.0
2024-10-21,1800.0,1870.0,1793.0,1804.1,2590482.0,4751915003.5
2024-10-22,1800.0,1800.0,1462.4,1573.7,3426226.0,5514959932.55
2024-10-23,1591.95,1652.95,1535.1,1609.75,1470667.0,2357871049.85
2024-10-24,1599.95,1657.35,1578.0,1586.5,843328.0,1358605762.15
2024-10-25,1585.0,1587.6,1489.05,1505.3,951494.0,1446667862.55
2024-10-28,1510.0,1564.4,1469.4,1521.6,641421.0,978235524.7
2024-10-29,1526.15,1573.7,1517.3,1549.35,498413.0,771103635.35
2024-10-30,1565.0,1625.0,1565.0,1605.95,671898.0,1076357611.45
2024-10-31,1609.55,1625.0,1575.55,1614.5,380591.0,608876073.35
2024-11-01,1618.0,1628.85,1605.0,1610.5,170192.0,275077151.1
2024-11-04,1608.0,1621.4,1540.0,1542.85,439869.0,688447041.3
2024-11-05,1540.0,1579.9,1510.55,1548.65,691343.0,1065902574.45
2024-11-06,1557.5,1605.0,1556.95,1589.15,517034.0,815963445.6
2024-11-07,1595.0,1614.0,1570.05,1575.7,343180.0,546200216.0
2024-11-08,1575.0,1579.9,1520.8,1526.15,260980.0,402258814.5
2024-11-11,1518.05,1529.0,1487.5,1496.15,275218.0,414606854.1
2024-11-12,1499.95,1523.0,1458.15,1462.55,273441.0,406577278.3
2024-11-13,1454.0,1457.3,1370.0,1384.2,703813.0,982543197.6
2024-11-14,1438.4,1470.0,1375.0,1406.4,828483.0,1172680541.25
2024-11-18,1428.85,1432.95,1371.1,1387.4,500890.0,697133839.0
2024-11-19,1422.0,1456.0,1401.4,1409.25,411727.0,589940690.15
2024-11-21,1422.0,1424.9,1377.6,1381.65,394303.0,551030587.3
2024-11-22,1391.9,1398.0,1371.0,1375.3,336103.0,464182243.0
2024-11-25,1434.85,1450.0,1415.0,1443.05,463461.0,663362780.35
2024-11-26,1449.7,1579.0,1438.35,1539.8,2342205.0,3619151001.5
2024-11-27,1549.0,1700.0,1535.6,1666.65,1960221.0,3185113109.5
2024-11-28,1700.0,1736.0,1680.0,1721.35,1448899.0,2477878113.45
2024-11-29,1719.95,1719.95,1640.45,1679.25,1003122.0,1681897360.3
2024-12-02,1669.0,1720.65,1646.25,1662.4,744250.0,1249376155.45
2024-12-03,1670.0,1740.0,1644.35,1704.45,995063.0,1690918551.1
2024-12-04,1769.95,1815.35,1740.05,1776.45,1605248.0,2848400651.35
2024-12-05,1784.0,1785.35,1745.45,1760.25,529803.0,933573745.65
2024-12-06,1775.0,1828.8,1770.0,1780.25,1050474.0,1889280533.25
2024-12-09,1787.0,1792.8,1750.0,1754.85,447763.0,791065684.5
2024-12-10,1757.7,1774.0,1710.0,1751.25,464724.0,805812561.15
2024-12-11,1756.55,1765.0,1730.0,1733.7,349094.0,609649621.95
2024-12-12,1738.6,1806.0,1711.0,1770.15,790300.0,1398129725.2
2024-12-13,1760.0,1765.0,1701.85,1720.3,508368.0,877717159.6
2024-12-16,1720.0,1767.8,1714.65,1745.7,453397.0,788235585.35
2024-12-17,1738.9,1791.2,1722.0,1755.2,1086085.0,1913506427.0
2024-12-18,1749.5,1752.0,1687.75,1696.25,547477.0,940086338.4
2024-12-19,1625.1,1669.7,1625.1,1654.75,365402.0,603932490.15
2024-12-20,1661.75,1667.5,1560.2,1572.2,442865.0,711861440.25
2024-12-23,1598.9,1603.55,1525.15,1557.7,406117.0,632037034.65
2024-12-24,1571.8,1598.0,1544.05,1563.2,238997.0,375365200.55
2024-12-26,1569.8,1588.0,1548.1,1557.1,303857.0,476487181.2
2024-12-27,1558.3,1753.95,1536.0,1695.8,3900341.0,6600889267.6
2024-12-30,1680.0,1680.0,1625.55,1638.2,666907.0,1100479762.05
2024-12-31,1627.85,1656.4,1577.0,1616.4,372359.0,599101824.4
2025-01-01,1612.0,1675.0,1606.0,1650.1,428606.0,704093211.95
2025-01-02,1650.0,1681.75,1637.0,1649.6,374070.0,618810295.35
2025-01-03,1647.0,1679.8,1632.05,1642.9,339107.0,562626177.6
2025-01-06,1642.95,1649.25,1522.5,1534.85,396538.0,624970231.9
2025-01-07,1534.85,1620.15,1519.15,1574.55,548553.0,866112871.7
2025-01-08,1575.0,1580.95,1535.5,1542.7,271099.0,421284470.4
2025-01-09,1543.0,1586.85,1520.0,1535.55,370342.0,574299925.45
2025-01-10,1532.05,1532.05,1465.0,1472.1,412641.0,614089169.1
2025-01-13,1445.4,1461.8,1350.0,1371.4,604668.0,849106791.65
2025-01-14,1396.75,1464.9,1365.85,1439.25,740461.0,1054763849.15
2025-01-15,1453.4,1471.55,1400.25,1408.35,474711.0,680546455.25
2025-01-16,1444.85,1462.9,1429.1,1447.8,248484.0,359381794.95
2025-01-17,1448.0,1533.8,1433.55,1507.45,1080745.0,1624673501.8
2025-01-20,1517.85,1599.0,1495.0,1591.55,967459.0,1518993903.5
2025-01-21,1600.0,1631.0,1540.0,1548.85,723457.0,1139232530.05
2025-01-22,1548.65,1552.5,1467.75,1542.65,479181.0,721087185.0
2025-01-23,1543.95,1586.7,1517.9,1534.3,419354.0,650865560.4
2025-01-24,1534.0,1558.45,1507.0,1536.8,310788.0,475903733.7
2025-01-27,1504.9,1504.9,1432.05,1453.8,427804.0,625504343.7
2025-01-28,1465.0,1563.5,1391.2,1507.1,1617043.0,2436475872.45
2025-01-29,1514.0,1565.8,1509.65,1537.3,487256.0,751708862.0
2025-01-30,1545.0,1594.95,1503.0,1519.85,922102.0,1438345846.45
2025-01-31,1526.4,1649.0,1522.25,1624.2,2120516.0,3417204953.35
2025-02-01,1639.6,1709.75,1561.1,1596.65,2410489.0,3953288201.0
2025-02-03,1568.0,1582.5,1474.0,1507.95,983607.0,1484005623.35
2025-02-04,1548.4,1588.3,1490.0,1521.75,1684885.0,2581248255.7
2025-02-05,1530.0,1572.05,1520.05,1527.0,595465.0,918163043.5
2025-02-06,1540.1,1541.0,1507.55,1523.8,360314.0,549046690.0
2025-02-07,1520.0,1520.0,1484.2,1492.8,452495.0,678557977.0
2025-02-10,1493.3,1590.0,1468.0,1502.35,2881334.0,4409534510.75
2025-02-11,1496.0,1501.0,1435.95,1451.3,607263.0,893230295.7
2025-02-12,1440.0,1440.9,1362.05,1412.1,943374.0,1322605526.2
2025-02-13,1417.1,1468.7,1402.2,1410.4,801247.0,1146558774.05
2025-02-14,1423.5,1432.05,1340.0,1350.85,583800.0,802879575.4
2025-02-17,1338.05,1362.35,1289.0,1294.65,828140.0,1084506087.85
2025-02-18,1301.15,1315.0,1210.0,1222.3,815372.0,1010663546.8
2025-02-19,1222.3,1405.55,1201.1,1351.8,4593601.0,6176075821.7
2025-02-20,1340.0,1374.4,1318.5,1347.55,934356.0,1262271134.2
2025-02-21,1344.0,1397.0,1312.0,1319.2,1016652.0,1370373494.05
2025-02-24,1290.0,1374.45,1272.45,1337.85,2333905.0,3123318184.85
2025-02-25,1338.0,1387.7,1322.9,1331.2,1219387.0,1648534261.1
2025-02-27,1337.0,1346.45,1290.85,1309.9,596439.0,779519945.3
2025-02-28,1285.0,1308.0,1246.0,1256.0,915025.0,1158699536.4
2025-03-03,1262.7,1290.1,1184.9,1214.35,1109785.0,1349723469.7
2025-03-04,1191.0,1331.05,1190.95,1263.8,3853810.0,4951447523.75
2025-03-05,1270.35,1301.95,1257.2,1294.4,1099481.0,1410615421.9
2025-03-06,1318.3,1343.75,1285.0,1297.2,845010.0,1108451400.65
2025-03-07,1303.0,1399.0,1289.55,1385.15,4153076.0,5710773908.8
2025-03-10,1396.0,1423.0,1340.1,1360.5,1016946.0,1393991784.2
2025-03-11,1342.45,1342.45,1295.65,1313.5,954381.0,1252158902.4
2025-03-12,1321.75,1338.4,1288.75,1299.45,782310.0,1024975653.7
2025-03-13,1307.55,1372.65,1282.7,1303.35,2045313.0,2728128081.3
2025-03-17,1310.6,1355.0,1303.1,1336.55,1345787.0,1789937587.05
2025-03-18,1340.5,1379.8,1339.35,1367.8,1079993.0,1465864040.95
2025-03-19,1372.0,1641.35,1372.0,1641.35,7963944.0,12390314787.95
2025-03-20,1710.0,1782.9,1648.0,1724.05,11603199.0,19973722641.05
2025-03-21,1715.45,1732.25,1683.55,1701.6,2377276.0,4045276796.7
2025-03-24,1701.6,1754.0,1681.05,1704.55,2206937.0,3799148352.8
2025-03-25,1754.55,1790.0,1692.0,1719.8,2495203.0,4336197880.05
2025-03-26,1717.0,1749.9,1685.0,1701.25,1679494.0,2888082995.7
2025-03-27,1695.0,1729.25,1678.0,1695.9,986191.0,1682680711.5
2025-03-28,1708.0,1745.0,1674.1,1685.7,807872.0,1381121624.0
2025-04-01,1680.0,1705.0,1660.0,1691.25,605974.0,1020589072.2
2025-04-02,1699.7,1726.0,1645.4,1718.8,1023221.0,1732532719.9
2025-04-03,1682.0,1764.25,1682.0,1729.9,2433114.0,4210844176.45
2025-04-04,1718.05,1731.95,1613.55,1636.2,1398649.0,2317616445.4
2025-04-07,1420.1,1540.0,1405.0,1523.5,1453310.0,2169767694.6
2025-04-08,1575.9,1599.0,1529.0,1565.8,980915.0,1535358923.15
2025-04-09,1565.8,1584.4,1513.1,1566.35,794242.0,1229594142.2
2025-04-11,1617.95,1653.0,1587.05,1615.1,1169719.0,1892858790.55
2025-04-15,1638.3,1744.0,1631.3,1698.6,2473482.0,4225211660.7
2025-04-16,1715.0,1753.6,1688.1,1721.5,2071724.0,3578492216.6
2025-04-17,1721.7,1764.0,1703.0,1714.6,1024910.0,1769211578.0
2025-04-21,1723.5,1789.0,1717.0,1740.2,2091025.0,3663967622.1
2025-04-22,1748.0,1757.9,1730.0,1734.1,794520.0,1384180730.9
2025-04-23,1743.0,1770.0,1694.0,1734.8,1300707.0,2258125505.3
2025-04-24,1733.9,1814.0,1722.0,1729.3,2139815.0,3768310022.0
2025-04-25,1732.1,1739.0,1597.8,1616.8,2245648.0,3682279429.4
2025-04-28,1631.0,1777.3,1622.4,1749.6,7642809.0,13303887688.9
2025-04-29,1755.0,2019.9,1754.9,1957.8,17639880.0,33834892451.0
2025-04-30,1980.0,2044.5,1855.1,1917.0,8792427.0,16957661926.9
2025-05-02,1917.0,1947.0,1873.0,1882.8,3501740.0,6686174303.6
2025-05-05,1894.6,1938.0,1849.6,1929.9,2828373.0,5387589114.2
2025-05-06,1934.0,1959.5,1821.0,1832.9,2019380.0,3805778648.7
2025-05-07,1800.0,1942.0,1770.1,1792.8,4662211.0,8603542701.7
2025-05-08,1818.0,1858.0,1754.0,1776.7,1990407.0,3612619564.4
2025-05-09,1747.8,1836.0,1741.2,1795.0,3822483.0,6873358208.5
2025-05-12,1850.0,1859.8,1793.0,1821.3,1801294.0,3273446202.0
2025-05-13,1835.0,1924.0,1818.8,1914.8,4553005.0,8596830950.2
2025-05-14,2175.0,2264.9,2095.1,2188.0,17289335.0,37859184258.1
2025-05-15,2218.0,2340.9,2146.8,2258.8,10837289.0,24517584634.8
2025-05-16,2273.0,2560.0,2252.8,2481.7,14393037.0,35562234790.0
2025-05-19,2524.0,2620.0,2372.2,2482.9,9626311.0,24014727782.8
2025-05-20,2495.0,2514.4,2356.0,2394.4,3436543.0,8294506855.6
2025-05-21,2388.0,2509.7,2348.9,2500.5,3981357.0,9791505454.8
2025-05-22,2474.0,2797.4,2444.4,2756.2,15650434.0,41893921058.2
2025-05-23,2809.0,2896.3,2746.7,2781.1,7939225.0,22396882313.0
2025-05-26,2761.0,2787.3,2703.0,2727.3,2963815.0,8129315998.6
2025-05-27,2735.9,2860.0,2732.0,2815.0,4916001.0,13877779267.7
2025-05-28,2827.0,2944.0,2822.9,2891.8,4612369.0,13314295438.7
2025-05-29,2918.9,3147.0,2918.0,3090.0,5916123.0,17848770118.0
2025-05-30,3090.0,3105.0,2925.3,3003.2,4744712.0,14346645382.4
2025-06-02,3000.0,3028.4,2873.0,2966.0,2069290.0,6096886127.1
2025-06-03,2970.0,3188.7,2963.7,3150.5,3890828.0,12080027755.0
2025-06-04,3186.1,3465.5,3186.1,3356.5,5974176.0,20143357297.7
2025-06-05,3393.0,3532.2,3310.0,3405.5,5836616.0,20116685333.3
2025-06-06,3425.0,3480.0,3197.5,3252.2,3760706.0,12476104546.5
2025-06-09,3340.5,3418.0,3216.0,3271.1,2891598.0,9511237501.4
2025-06-10,3283.4,3312.3,3171.1,3235.4,1815766.0,5862932495.9
2025-06-11,3246.0,3262.6,3033.0,3098.6,2449663.0,7639705553.0
2025-06-12,3104.0,3161.0,2965.7,2978.3,2225357.0,6818594545.1
2025-06-13,2900.0,3158.0,2888.0,3069.3,4781988.0,14607636711.0
2025-06-16,3080.4,3150.0,2974.2,3068.6,2541470.0,7796676671.2
2025-06-17,3074.9,3204.4,3045.2,3173.8,2933678.0,9215467425.9
2025-06-18,3187.9,3286.0,3112.1,3228.8,3156544.0,10141432611.9
2025-06-19,3212.8,3279.9,3112.3,3138.9,2408455.0,7686234667.1
2025-06-20,3138.9,3300.0,3113.0,3287.6,3186035.0,10298462403.7
2025-06-23,3272.0,3538.4,3255.0,3492.7,4933488.0,16931843104.1
2025-06-24,3515.0,3524.0,3151.0,3182.8,5120055.0,16735934051.1
2025-06-25,3196.0,3209.0,2985.0,3003.1,4434340.0,13665849237.3
2025-06-26,3027.0,3086.6,2841.7,2982.9,3889392.0,11620516781.9
2025-06-27,3005.0,3065.0,2982.1,3032.6,2498494.0,7556277999.8
2025-06-30,3044.3,3059.0,2995.3,3015.2,1345451.0,4069187138.1
2025-07-01,3029.3,3062.2,2969.0,2983.2,1201055.0,3617366155.8
2025-07-02,2997.0,3008.9,2935.0,2973.4,1120902.0,3330924394.3
2025-07-03,2973.3,2989.4,2933.2,2942.1,653274.0,1934028549.5
2025-07-04,2955.0,3038.0,2955.0,2973.9,1417707.0,4254046835.4
2025-07-07,2969.1,2969.1,2881.0,2891.9,860265.0,2502858937.2
2025-07-08,2890.0,2914.0,2815.9,2833.9,1028707.0,2935359700.3
2025-07-09,2839.6,2998.7,2837.0,2981.3,2437396.0,7210195701.3
2025-07-10,2986.7,2986.7,2880.0,2896.8,1129182.0,3282830123.6
2025-07-11,2894.9,2905.5,2790.0,2801.6,908759.0,2568504694.7
2025-07-14,2793.0,2798.6,2645.2,2669.0,1518404.0,4091193501.9
2025-07-15,2674.9,2745.0,2613.3,2673.4,1491543.0,4016891985.9
2025-07-16,2686.0,2686.0,2620.0,2624.4,784648.0,2069628299.5
2025-07-17,2629.9,2664.0,2587.4,2646.4,1233673.0,3234050080.7
2025-07-18,2658.0,2712.0,2588.1,2618.2,1101399.0,2902916070.5
2025-07-21,2605.0,2642.2,2555.1,2586.2,782808.0,2033551728.4
2025-07-22,2609.0,2649.8,2581.4,2630.3,711531.0,1862111264.0
2025-07-23,2644.1,2660.6,2610.0,2646.7,566848.0,1493473991.6
2025-07-24,2657.9,2666.0,2606.8,2617.9,337909.0,890448961.3
2025-07-25,2617.9,2640.0,2562.5,2574.4,574434.0,1491948062.0
2025-07-28,2555.1,2587.1,2485.0,2495.0,790071.0,1991914197.7
2025-07-29,2455.0,2508.0,2423.1,2492.8,754649.0,1864398878.4
2025-07-30,2506.0,2574.9,2500.9,2556.3,593948.0,1510421721.3
2025-07-31,2519.3,2642.4,2503.3,2611.9,1204116.0,3137798624.2
2025-08-01,2620.0,2621.9,2552.1,2580.7,524864.0,1351992920.3
2025-08-04,2580.3,2658.0,2566.1,2624.6,491693.0,1292958054.8
2025-08-05,2639.0,2668.0,2635.0,2652.6,446123.0,1183005968.1
2025-08-06,2674.9,2691.9,2581.1,2595.7,525028.0,1377931482.4
2025-08-07,2587.0,2590.0,2501.0,2547.1,424286.0,1079657779.3
2025-08-08,2546.0,2602.9,2475.0,2517.8,1115222.0,2815676104.3
2025-08-11,2500.0,2684.8,2466.1,2544.0,1672950.0,4349305461.0
2025-08-12,2559.9,2568.3,2486.0,2509.7,491328.0,1236745667.3
2025-08-13,2526.5,2649.9,2505.0,2639.1,1042521.0,2706566937.8
2025-08-14,2643.0,2647.0,2540.2,2587.9,767020.0,1973744557.3
2025-08-18,2629.9,2679.0,2611.9,2672.5,692470.0,1837237352.7
2025-08-19,2664.0,2718.0,2590.0,2602.4,1043134.0,2771278096.5
2025-08-20,2618.0,2635.9,2553.0,2563.8,551570.0,1425458636.6
2025-08-21,2570.0,2643.5,2545.1,2579.7,699951.0,1818445063.8
2025-08-22,2579.0,2635.2,2548.0,2552.8,475780.0,1229942876.6
2025-08-25,2580.1,2614.8,2511.0,2518.6,575504.0,1467370987.3
2025-08-26,2498.0,2514.3,2411.2,2424.2,538682.0,1319208510.4
2025-08-28,2433.9,2433.9,2329.0,2337.7,575561.0,1367534780.6
2025-08-29,2344.0,2430.0,2323.0,2351.7,775274.0,1842707772.9
2025-09-01,2360.0,2499.0,2358.1,2485.0,1258179.0,3085618455.8
2025-09-02,2494.9,2589.0,2455.0,2543.8,1110683.0,2801999101.1
2025-09-03,2545.0,2566.4,2487.1,2501.4,734035.0,1850418496.6
2025-09-04,2513.0,2531.3,2397.3,2405.2,843683.0,2062906113.0
2025-09-05,2411.4,2432.0,2388.0,2406.3,480856.0,1157983175.5
2025-09-08,2410.2,2427.0,2364.4,2370.5,440991.0,1053188774.6
2025-09-09,2374.8,2414.2,2350.0,2353.0,380093.0,900467396.1
2025-09-10,2360.2,2437.8,2360.2,2412.9,708758.0,1704328588.7
2025-09-11,2420.0,2455.0,2351.0,2356.2,959367.0,2298353947.7
2025-09-12,2370.0,2586.4,2357.0,2581.9,4291340.0,10774983773.4
2025-09-15,2574.0,2614.4,2481.9,2491.6,2942377.0,7456829874.7
2025-09-16,2498.0,2510.0,2426.6,2440.3,1588077.0,3920808571.7
2025-09-17,2452.4,2625.0,2450.0,2603.6,6160562.0,15878452925.7
2025-09-18,2619.0,2727.0,2570.0,2626.4,5290008.0,14011276394.6
2025-09-19,2634.7,2663.0,2596.0,2605.3,1784478.0,4683091387.4
2025-09-22,2695.0,2760.0,2655.0,2668.4,3371327.0,9134548215.1
2025-09-23,2681.0,2695.0,2620.0,2680.8,1515851.0,4032791097.4
2025-09-24,2692.9,2745.0,2661.0,2714.8,2583699.0,7019743809.8
2025-09-25,2734.7,2829.8,2689.3,2716.9,3692647.0,10256723584.0
2025-09-26,2724.0,2724.7,2605.0,2611.5,1374928.0,3642506227.8
2025-09-29,2630.0,2649.9,2481.5,2493.6,1906360.0,4871566085.6
2025-09-30,2509.0,2559.0,2496.0,2529.1,1095838.0,2766640505.4
2025-10-01,2530.0,2746.0,2515.9,2644.2,3349596.0,8897957290.2
2025-10-03,2655.0,2733.8,2632.2,2724.4,1566682.0,4234573130.4
2025-10-06,2727.9,2793.2,2685.8,2744.4,1737848.0,4763780382.4
2025-10-07,2758.8,2780.0,2693.3,2710.4,978883.0,2675169858.6
2025-10-08,2724.7,2738.0,2663.0,2683.6,1078745.0,2916990237.6
2025-10-09,2699.0,2736.0,2675.1,2722.0,844152.0,2286506981.2
2025-10-10,2739.0,2773.4,2653.1,2660.0,1324205.0,3597539188.5
2025-10-13,2657.1,2657.1,2600.0,2605.6,659926.0,1726262442.5
2025-10-14,2618.0,2629.9,2551.0,2562.4,692581.0,1790750563.3
2025-10-15,2567.6,2637.0,2545.5,2619.3,906814.0,2355953752.4
2025-10-16,2620.0,2641.0,2590.1,2613.0,613347.0,1603056761.9
2025-10-17,2608.0,2670.6,2590.0,2596.4,1065579.0,2800266446.7
2025-10-20,2613.0,2642.0,2598.0,2637.0,592875.0,1555790235.4
2025-10-21,2644.0,2654.9,2636.3,2642.3,153503.0,406005594.8
2025-10-23,2655.0,2660.4,2603.5,2610.2,483335.0,1271086102.5
2025-10-24,2635.0,2681.0,2604.0,2611.6,1611348.0,4258286082.9
2025-10-27,2614.0,2618.5,2558.6,2573.9,697354.0,1795754524.1
2025-10-28,2589.0,2614.0,2553.0,2571.9,601347.0,1552929151.6
2025-10-29,2571.9,2581.0,2532.1,2566.1,357133.0,913440649.5
2025-10-30,2573.8,2592.2,2545.0,2552.6,428032.0,1097851618.4
2025-10-31,2551.2,2577.0,2545.1,2556.1,434933.0,1113861050.5
2025-11-03,2556.1,2580.0,2546.0,2573.8,374801.0,960401085.2
2025-11-04,2580.0,2589.7,2550.0,2556.2,359062.0,921331539.4
2025-11-06,2624.7,2648.8,2571.0,2584.2,1372854.0,3567353516.0
2025-11-07,2570.0,2607.7,2525.0,2574.1,545511.0,1397200844.8
2025-11-10,2584.9,2748.0,2580.0,2682.5,3632699.0,9801393754.9
2025-11-11,2692.0,2798.8,2684.8,2785.9,3367115.0,9316065748.2
2025-11-12,2805.0,2864.6,2745.9,2816.6,2497852.0,7038339446.7
2025-11-13,2812.6,2864.6,2740.0,2749.8,1500945.0,4215558184.3
2025-11-14,2743.0,2904.4,2741.6,2897.1,3473994.0,9959638928.4
2025-11-17,2935.0,2979.6,2873.1,2888.1,2463454.0,7223609911.6
2025-11-18,2880.0,2916.1,2833.9,2857.6,1277240.0,3669182338.9
2025-11-19,2854.6,2863.0,2802.0,2829.4,698504.0,1974844937.3
2025-11-20,2835.0,2963.7,2829.0,2921.1,3107722.0,9098404695.9
2025-11-21,2915.0,2915.0,2810.0,2816.9,1204830.0,3432237399.4
2025-11-24,2809.8,2810.0,2705.0,2711.9,1036557.0,2846212561.2
2025-11-25,2712.0,2810.0,2700.0,2710.1,1561183.0,4308846990.3
2025-11-26,2725.0,2778.6,2725.0,2757.8,809480.0,2227508979.0
2025-11-27,2771.0,2867.8,2755.9,2785.3,1752370.0,4904518386.4
2025-11-28,2799.0,2866.0,2775.2,2793.2,1590264.0,4487901620.9
2025-12-01,2815.0,2845.0,2726.1,2735.0,1149897.0,3203133189.6
2025-12-02,2739.5,2761.3,2595.1,2608.4,1711353.0,4529479714.6
2025-12-03,2619.9,2633.0,2539.4,2560.1,1570551.0,4056543833.7
2025-12-04,2571.0,2589.0,2540.0,2551.1,996024.0,2551313394.2
2025-12-05,2555.0,2574.7,2463.0,2470.9,1223554.0,3057558655.0
2025-12-08,2473.0,2477.0,2356.1,2363.6,1131826.0,2718762951.1
2025-12-09,2352.0,2456.2,2290.0,2446.0,1954181.0,4672658617.8
2025-12-10,2448.0,2455.9,2383.0,2394.5,761770.0,1839857703.2
2025-12-11,2391.1,2423.9,2351.0,2394.4,904753.0,2164270139.3
2025-12-12,2403.0,2445.0,2340.2,2350.0,1025850.0,2443501047.3
2025-12-15,2350.0,2389.6,2330.5,2349.9,872274.0,2055212890.6
2025-12-16,2343.0,2347.6,2281.0,2290.1,817680.0,1881857001.4
2025-12-17,2295.0,2308.0,2222.0,2235.0,1019581.0,2307945294.6
2025-12-18,2225.6,2248.0,2168.6,2222.2,1775059.0,3922466140.5
2025-12-19,2235.9,2313.0,2220.5,2297.2,1240287.0,2807378972.8
2025-12-22,2315.0,2442.0,2315.0,2427.0,1959258.0,4710927802.7
2025-12-23,2438.0,2473.4,2398.1,2420.7,1429945.0,3484445664.2
2025-12-24,2420.1,2511.0,2412.0,2453.8,1436916.0,3551776497.8
2025-12-26,2456.9,2529.5,2448.0,2496.2,1381625.0,3453371419.8
2025-12-29,2512.0,2579.7,2470.7,2483.4,1552839.0,3928231486.7
2025-12-30,2489.8,2497.8,2392.0,2414.3,1081551.0,2629096902.8
2025-12-31,2428.0,2467.5,2418.0,2444.1,658122.0,1607773059.1
2026-01-01,2450.0,2456.5,2406.0,2442.1,641933.0,1562572705.6
2026-01-02,2450.0,2495.0,2411.0,2437.0,760901.0,1867367353.2
2026-01-05,2450.0,2520.0,2438.2,2502.0,1684840.0,4195433563.1
2026-01-06,2510.5,2549.0,2481.8,2507.5,1158517.0,2911625663.6
2026-01-07,2504.1,2509.0,2461.9,2503.6,569122.0,1415653987.8
2026-01-08,2500.0,2552.0,2430.0,2459.4,1022488.0,2557457848.4
2026-01-09,2455.0,2568.0,2432.1,2454.2,2847446.0,7119736030.2
2026-01-12,2460.0,2507.3,2387.2,2480.4,1414465.0,3474020263.6
2026-01-13,2495.9,2516.4,2424.0,2449.4,954435.0,2350845559.7
2026-01-14,2440.0,2479.8,2424.0,2431.0,606996.0,1488445028.4
2026-01-16,2441.9,2452.0,2410.0,2424.1,610176.0,1480183254.7
2026-01-19,2400.0,2435.0,2369.2,2379.2,523626.0,1257445550.5
2026-01-20,2385.0,2401.0,2271.0,2278.9,957562.0,2222133465.5
2026-01-21,2265.0,2312.6,2233.0,2274.1,1352692.0,3068542529.7
2026-01-22,2302.0,2328.3,2273.0,2301.8,674627.0,1552740336.4
2026-01-23,2311.0,2319.0,2214.8,2234.8,538599.0,1223231067.5
2026-01-27,2243.0,2410.0,2188.8,2387.6,1853924.0,4308485236.4
2026-01-28,2406.4,2528.0,2395.7,2518.7,2417633.0,5986005220.8
2026-01-29,2594.2,2647.9,2550.0,2585.0,3427892.0,8876047673.0
2026-01-30,2574.0,2810.0,2528.0,2764.2,5213657.0,14190607952.7
2026-02-01,2781.0,2844.9,2382.0,2522.2,4176738.0,11129054371.6
2026-02-02,2537.0,2599.9,2490.0,2583.5,1849047.0,4696095936.4
2026-02-03,2695.0,2708.3,2535.1,2546.1,1444609.0,3735562025.2
2026-02-04,2546.1,2563.9,2503.4,2522.4,752711.0,1902337782.0
2026-02-05,2511.0,2519.0,2433.0,2439.1,624915.0,1534540246.0
2026-02-06,2420.0,2455.8,2387.0,2401.4,713281.0,1724848725.4
2026-02-09,2422.0,2538.7,2418.0,2514.7,1128413.0,2804340648.1
2026-02-10,2527.3,2595.0,2500.0,2515.4,1340856.0,3408758622.7
2026-02-11,2520.9,2523.5,2462.0,2483.6,548101.0,1359359859.6
2026-02-12,2483.6,2506.7,2455.3,2496.2,668281.0,1661129134.2
2026-02-13,2480.0,2488.0,2424.1,2432.8,440467.0,1078509810.3
2026-02-16,2424.1,2448.0,2391.5,2430.5,378824.0,918361757.7
2026-02-17,2433.0,2488.0,2427.0,2437.0,598812.0,1469023257.3
2026-02-18,2442.0,2514.5,2414.1,2505.2,948899.0,2345960093.8
2026-02-19,2511.0,2525.0,2431.0,2448.4,442428.0,1099921226.7
2026-02-20,2432.0,2548.0,2420.2,2477.3,1067714.0,2665832030.7
2026-02-23,2484.0,2486.5,2432.2,2446.1,411712.0,1010064675.7
2026-02-24,2425.0,2440.0,2395.0,2416.3,377293.0,910264609.3
2026-02-25,2427.0,2448.0,2408.0,2423.3,336511.0,816152675.0
2026-02-26,2422.0,2488.0,2418.4,2469.5,559425.0,1378484560.4
2026-02-27,2458.7,2462.8,2426.4,2434.1,280499.0,684109390.0
2026-03-02,2370.0,2492.3,2344.6,2370.7,1281767.0,3106892216.7
2026-03-04,2370.7,2387.5,2300.0,2314.5,596042.0,1389459130.5
2026-03-05,2335.0,2519.8,2322.0,2409.1,3792001.0,9238891029.0
2026-03-06,2432.7,2576.0,2425.4,2523.2,4692276.0,11864322615.7
2026-03-09,2523.2,2523.2,2436.0,2471.1,1117486.0,2752900233.5
2026-03-10,2520.0,2540.0,2451.1,2511.8,1076740.0,2694779262.9
2026-03-11,2519.0,2574.0,2400.0,2449.1,694118.0,1730135819.1
2026-03-12,2418.0,2439.1,2391.7,2423.8,588730.0,1422140598.7
2026-03-13,2423.8,2425.5,2301.0,2309.2,600975.0,1412961478.6
2026-03-16,2314.0,2336.5,2242.0,2304.5,808957.0,1849150713.0
2026-03-17,2318.9,2368.4,2285.8,2356.8,571325.0,1332849024.9
2026-03-18,2377.0,2404.0,2350.0,2392.6,703469.0,1677215754.3
2026-03-19,2340.3,2371.2,2289.2,2295.8,447708.0,1041709951.0
2026-03-20,2315.0,2351.0,2268.3,2280.8,489233.0,1130919855.4
2026-03-23,2249.0,2249.0,2104.1,2136.2,951888.0,2054748630.3
2026-03-24,2200.0,2249.0,2120.5,2155.0,1178824.0,2553475738.8
2026-03-25,2182.0,2234.0,2168.0,2177.0,808970.0,1782610362.9
2026-03-27,2155.0,2166.0,2060.0,2068.4,1065721.0,2242755636.1
2026-03-30,2049.5,2152.0,1963.7,1972.8,1785373.0,3644378015.6
2026-04-01,2065.0,2367.3,2052.0,2359.3,9291894.0,21360982623.3
2026-04-02,2302.0,2312.0,2190.0,2255.3,4136283.0,9245415335.3
2026-04-06,2270.0,2307.4,2181.1,2259.5,2896110.0,6505229312.8
2026-04-07,2245.0,2326.6,2229.0,2305.3,2040364.0,4673790379.4
2026-04-08,2450.0,2506.0,2392.1,2477.4,3031579.0,7444132713.5
2026-04-09,2464.0,2580.0,2451.1,2523.6,2601637.0,6590006753.0
2026-04-10,2539.9,2641.0,2526.0,2539.8,2321199.0,5980601992.5
2026-04-13,2441.0,2539.8,2441.0,2521.9,1368690.0,3425338787.5
2026-04-15,2599.0,2619.9,2555.0,2565.9,1014010.0,2622746926.3
2026-04-16,2580.8,2638.7,2561.0,2607.8,1261148.0,3277979015.4
2026-04-17,2615.0,2728.1,2606.1,2712.0,2245038.0,6003137396.6
2026-04-20,2712.0,2742.7,2660.0,2667.8,1421551.0,3827639289.5
2026-04-21,2668.0,2779.0,2668.0,2707.5,1745029.0,4765739124.0
2026-04-22,2707.5,2828.0,2700.4,2817.8,2097582.0,5832208860.5
2026-04-23,2810.0,2940.0,2780.8,2879.6,2652583.0,7609029491.3
2026-04-24,2894.0,2979.0,2818.0,2878.7,3648371.0,10606942406.7
2026-04-27,2900.0,2938.2,2821.6,2851.4,1603369.0,4599065414.8
2026-04-28,2855.0,2934.8,2826.1,2875.3,1599578.0,4628572340.0
2026-04-29,3100.0,3339.0,3004.4,3072.7,17027141.0,54013838405.8
2026-04-30,3072.0,3114.0,2885.0,2930.8,4007073.0,11835747280.6
2026-05-04,2956.0,2979.0,2760.0,2778.3,3203077.0,9003033428.3
2026-05-05,2780.6,2928.8,2780.6,2916.4,3139248.0,9013362497.3
2026-05-06,2932.7,3074.5,2926.2,3021.0,3680289.0,11114910597.3
2026-05-07,3029.0,3130.0,3025.0,3093.8,2623449.0,8088480649.2
2026-05-08,3101.1,3129.8,3035.0,3051.3,1371456.0,4210393677.8
2026-05-11,3005.1,3027.0,2915.0,2941.6,1396305.0,4123709711.3
2026-05-12,2926.9,2941.0,2778.2,2791.3,1299830.0,3718667320.1
2026-05-13,2800.1,2884.0,2800.1,2853.4,1693895.0,4833659178.7
2026-05-14,2855.4,2867.5,2664.0,2705.4,2729454.0,7445989960.2
2026-05-15,2719.0,2736.5,2638.0,2685.9,1375094.0,3696722654.4
2026-05-18,2655.3,2659.0,2550.0,2581.7,1496793.0,3858133177.9
2026-05-19,2595.0,2685.0,2595.0,2658.5,1343404.0,3548621247.0
2026-05-20,2635.0,2656.0,2587.0,2647.4,1184785.0,3111779827.5
2026-05-21,2710.0,2743.9,2675.4,2690.6,1328528.0,3597310326.0
2026-05-22,2697.4,2729.0,2674.5,2694.0,668064.0,1804072388.9
2026-05-25,2733.0,2751.9,2665.0,2675.7,922534.0,2496698480.6
2026-05-26,2675.7,2724.9,2655.0,2662.5,744373.0,1996202099.4
2026-05-27,2662.5,2692.0,2629.9,2651.5,637795.0,1696333654.1
2026-05-29,2655.0,2710.0,2616.2,2654.8,1118570.0,2981706414.4
2026-06-01,2663.9,2676.3,2590.0,2601.6,687343.0,1802100414.7
2026-06-02,2570.0,2630.0,2555.1,2614.9,654353.0,1703167718.7
2026-06-03,2614.9,2633.7,2575.0,2608.2,528597.0,1374288525.3
2026-06-04,2590.0,2709.0,2590.0,2676.5,1188201.0,3177690944.0
2026-06-05,2681.0,2723.7,2640.2,2658.7,715283.0,1918465754.5
2026-06-08,2585.0,2637.0,2585.0,2611.0,493862.0,1290456832.8
2026-06-09,2621.1,2688.2,2612.5,2672.6,692367.0,1831692878.8
2026-06-10,2685.0,2693.4,2593.3,2604.0,504556.0,1332000499.9
2026-06-11,2575.0,2585.8,2530.0,2536.1,635680.0,1621594249.8
2026-06-12,2575.0,2659.3,2575.0,2648.7,808526.0,2116087800.3
2026-06-15,2700.0,2714.0,2660.0,2669.2,585709.0,1571929403.5
2026-06-16,2673.0,2683.7,2642.7,2663.2,393126.0,1045612400.1
2026-06-17,2670.1,2835.0,2670.1,2818.4,2606074.0,7195026758.3
2026-06-18,2832.0,2862.8,2795.0,2825.3,1745631.0,4937350890.8
2026-06-19,2810.0,2860.0,2775.0,2798.3,1347157.0,3796986200.7
2026-06-22,2861.0,2934.7,2845.0,2860.6,2757228.0,7956431291.7
2026-06-23,2860.0,2865.0,2790.2,2802.2,809861.0,2289934748.9
2026-06-24,2789.1,2828.1,2767.0,2782.7,747160.0,2085322284.9
2026-06-25,2784.2,2809.0,2715.0,2724.8,615904.0,1696861266.3
2026-06-29,2730.0,2754.9,2663.2,2677.8,625687.0,1682679496.0
2026-06-30,2679.8,2748.0,2656.2,2726.2,950291.0,2563633283.2
2026-07-01,2732.0,2770.0,2700.0,2738.6,666552.0,1825674036.1
2026-07-02,2747.0,2788.0,2733.0,2771.3,485732.0,1339123365.7
2026-07-03,2783.9,2809.7,2742.0,2748.5,530210.0,1472374001.8
2026-07-06,2745.0,2792.8,2727.1,2765.7,539426.0,1490724782.8
2026-07-07,2759.1,2761.9,2686.0,2695.3,539656.0,1462204175.0
2026-07-08,2670.0,2699.6,2606.0,2619.6,424615.0,1125740293.7
2026-07-09,2619.9,2657.7,2607.3,2627.3,315209.0,830340345.2
2026-07-10,2641.6,2675.0,2625.0,2662.0,314601.0,836014955.0
2026-07-13,2631.0,2650.2,2607.7,2640.6,260024.0,684139663.8
2026-07-14,2620.0,2639.0,2611.0,2616.6,212911.0,558107526.9
2026-07-15,2630.1,2653.0,2608.0,2620.2,259911.0,683734194.9
2026-07-16,2625.1,2634.9,2581.5,2590.8,272224.0,709425688.8
2026-07-17,2588.0,2588.0,2564.5,2581.2,245213.0,631602497.6
2026-07-20,2570.0,2606.0,2553.0,2561.7,280972.0,722753104.0
2026-07-21,2560.2,2636.0,2552.0,2619.7,312416.0,809515409.0
2026-07-22,2625.0,2641.1,2581.0,2588.8,304900.0,792765357.6
2026-07-23,2580.0,2604.0,2564.5,2574.4,262762.0,679493654.0
2026-07-24,2551.0,2587.5,2535.5,2565.8,284650.0,728454410.6
2026-07-27,2579.3,2659.0,2570.0,2647.5,479760.0,1261447752.4
2026-07-28,2649.7,2649.7,2590.0,2610.7,332253.0,868496391.9
2026-07-29,2609.0,2665.0,2584.1,2626.1,856027.0,2243369966.4
2026-07-30,2615.7,2615.7,2566.7,2586.2,414345.0,1073257798.9
2026-07-31,2615.0,2632.5,2590.1,2601.2,441279.0,1153579642.9
2026-08-03,2615.0,2622.8,2575.0,2582.7,317050.0,823115482.4
2026-08-04,2582.0,2589.7,2544.0,2546.9,465645.0,1192621447.5
2026-08-05,2559.1,2568.0,2500.0,2507.3,519110.0,1313487081.2
2026-08-06,2508.0,2644.5,2471.7,2599.4,1437003.0,3712776746.2
2026-08-07,2589.0,2641.0,2585.7,2599.0,356679.0,929256528.7
2026-08-10,2593.0,2597.7,2553.5,2586.9,307551.0,793355214.7
2026-08-11,2590.0,2612.0,2571.5,2575.4,251700.0,651240013.5
2026-08-12,2579.0,2584.0,2546.6,2576.4,307019.0,787551681.8
2026-08-13,2576.4,2669.9,2576.4,2632.3,975141.0,2572693294.7
2026-08-14,2636.0,2665.7,2603.7,2618.6,433845.0,1143100818.3
2026-08-17,2622.0,2650.0,2590.0,2600.1,276098.0,720937400.1
2026-08-18,2600.0,2688.0,2592.9,2677.0,1265997.0,3375570996.5
2026-08-19,2689.0,2706.0,2630.0,2638.3,479078.0,1270347867.0
2026-08-20,2651.0,2655.6,2612.0,2617.8,279800.0,735825462.9
2026-08-21,2614.0,2659.9,2592.9,2601.5,363828.0,955663537.9
2026-08-24,2614.0,2662.6,2589.0,2596.1,489377.0,1282139756.2
2026-08-25,2592.3,2622.0,2577.0,2607.5,344854.0,895671511.4
2026-08-26,2617.9,2677.1,2601.0,2630.3,737510.0,1950908774.0
2026-08-27,2639.0,2665.9,2632.5,2643.0,384851.0,1020179039.1
2026-08-28,2642.0,2650.0,2607.1,2612.9,199226.0,521867272.5
2026-08-31,2612.1,2612.1,2543.1,2565.5,393623.0,1008626011.9
2026-09-01,2564.0,2571.1,2513.6,2530.2,327932.0,831733601.9
2026-09-02,2523.0,2535.0,2487.0,2495.1,273379.0,683286383.1
2026-09-03,2507.0,2536.5,2501.0,2509.8,270890.0,682219573.2
2026-09-04,2517.9,2564.4,2517.9,2533.2,299818.0,761866939.1
2026-09-07,2530.0,2542.5,2502.0,2506.6,215499.0,542496797.3
2026-09-08,2518.0,2568.9,2512.0,2525.7,348575.0,885685642.7
2026-09-09,2525.7,2553.3,2488.1,2493.9,237008.0,593408781.8
2026-09-10,2498.0,2508.6,2419.0,2435.3,370821.0,911345659.9
2026-09-11,2418.0,2449.2,2359.7,2427.5,460144.0,1101203011.3
2026-09-15,2434.5,2437.6,2350.0,2358.8,270785.0,644202228.8
2026-09-16,2370.0,2370.0,2290.0,2314.6,428399.0,992960638.6
2026-09-17,2319.8,2371.9,2319.7,2339.8,269660.0,632334770.6
2026-09-18,2349.0,2430.0,2345.0,2411.8,531793.0,1276389611.9
2026-09-21,2408.0,2418.8,2366.1,2372.2,180334.0,430386128.8
2026-09-22,2390.2,2459.2,2386.9,2399.7,584333.0,1414160256.3
2026-09-23,2407.0,2415.3,2376.0,2380.6,190681.0,455339612.9
2026-09-24,2365.0,2369.3,2333.5,2344.0,197066.0,463549863.3
2026-09-25,2344.1,2355.0,2303.0,2319.0,252777.0,586473812.8
2026-09-28,2316.0,2316.0,2236.8,2245.3,389363.0,877987363.8
2026-09-29,2234.0,2242.7,2191.9,2206.1,428953.0,948201008.3
