date,open,high,low,close,volume,value
2019-07-04,1180.0,1338.0,1180.0,1301.95,7561613.0,9579782805.8
2019-07-05,1313.7,1347.7,1305.0,1325.55,1404682.0,1865401208.35
2019-07-08,1312.0,1368.7,1299.1,1347.45,462941.0,616614621.05
2019-07-09,1340.0,1353.7,1321.7,1327.6,175884.0,234831864.55
2019-07-10,1329.8,1337.1,1321.6,1325.25,63036.0,83705296.3
2019-07-11,1338.0,1338.0,1323.45,1325.05,79357.0,105186737.7
2019-07-12,1325.0,1340.0,1245.0,1303.2,195375.0,253161521.95
2019-07-15,1300.0,1323.0,1260.0,1269.0,55983.0,72015097.9
2019-07-16,1274.85,1275.95,1250.0,1252.45,54954.0,69326949.15
2019-07-17,1256.8,1295.25,1246.35,1284.1,101349.0,128915883.2
2019-07-18,1275.0,1275.0,1262.0,1265.0,35414.0,44863426.95
2019-07-19,1271.95,1272.9,1225.0,1225.95,45659.0,56868039.1
2019-07-22,1229.7,1229.7,1190.0,1207.95,28299.0,34059007.7
2019-07-23,1215.0,1232.95,1203.9,1210.5,39873.0,48590329.8
2019-07-24,1211.0,1229.9,1210.0,1217.55,30270.0,36877006.5
2019-07-25,1220.0,1261.0,1211.0,1249.65,39772.0,49182013.5
2019-07-26,1244.95,1284.6,1205.0,1222.8,17368.0,21522584.45
2019-07-29,1217.0,1224.95,1200.0,1205.65,14417.0,17455899.65
2019-07-30,1210.9,1240.05,1188.0,1224.25,35577.0,43077963.5
2019-07-31,1224.0,1224.0,1191.0,1203.7,22083.0,26566713.2
2019-08-01,1260.0,1275.85,1200.0,1217.35,295616.0,364367793.45
2019-08-02,1229.0,1242.0,1194.05,1229.5,187393.0,227805734.4
2019-08-05,1225.0,1225.05,1184.0,1190.1,47072.0,56340779.95
2019-08-06,1188.0,1208.5,1185.5,1193.3,23403.0,27988995.65
2019-08-07,1207.0,1207.0,1192.0,1199.95,101004.0,120857987.25
2019-08-08,1197.0,1201.95,1102.95,1170.05,42802.0,49745341.65
2019-08-09,1175.0,1198.0,1154.75,1170.3,21870.0,25668967.75
2019-08-13,1184.0,1187.0,1152.05,1160.25,38004.0,44618419.7
2019-08-14,1174.75,1174.75,1106.55,1132.6,18703.0,21307602.0
2019-08-16,1130.0,1170.0,1114.8,1149.9,21968.0,25276248.1
2019-08-19,1150.25,1180.0,1147.95,1176.45,27460.0,32120210.35
2019-08-20,1184.0,1194.95,1155.2,1165.5,12324.0,14474430.95
2019-08-21,1173.95,1173.95,1140.0,1147.95,6731.0,7783007.2
2019-08-22,1147.95,1160.0,1110.0,1150.3,16447.0,18803208.4
2019-08-23,1150.0,1160.0,1130.05,1152.7,7353.0,8473916.25
2019-08-26,1179.9,1179.9,1150.0,1160.3,14096.0,16370668.95
2019-08-27,1176.7,1185.0,1160.0,1174.05,28571.0,33520636.9
2019-08-28,1170.0,1180.0,1148.1,1159.3,10213.0,11881432.1
2019-08-29,1163.85,1206.4,1145.25,1187.8,41111.0,48457080.3
2019-08-30,1171.25,1209.85,1130.3,1200.05,44996.0,53870193.75
2019-09-03,1199.95,1210.0,1160.0,1200.05,15044.0,17978383.25
2019-09-04,1213.9,1250.0,1193.1,1220.35,57802.0,70607154.0
2019-09-05,1234.7,1249.9,1217.3,1236.15,123770.0,151815627.75
2019-09-06,1239.95,1483.35,1237.0,1447.2,273080.0,370989935.35
2019-09-09,1463.35,1715.0,1450.1,1610.7,686412.0,1094695534.5
2019-09-11,1603.0,1671.9,1582.25,1600.3,251858.0,410972477.3
2019-09-12,1615.0,1650.0,1541.0,1617.95,97318.0,156650035.3
2019-09-13,1629.9,1665.0,1587.95,1623.5,100289.0,162908199.75
2019-09-16,1623.5,1665.0,1600.0,1650.2,49344.0,80795573.4
2019-09-17,1650.0,1722.0,1640.1,1691.9,129004.0,218292201.35
2019-09-18,1707.0,1783.4,1699.9,1745.35,131686.0,229490120.05
2019-09-19,1751.0,1779.3,1581.1,1629.45,145430.0,245398296.7
2019-09-20,1649.95,1739.9,1603.05,1684.65,103485.0,173844521.8
2019-09-23,1690.0,1723.95,1670.45,1700.7,98823.0,168361997.95
2019-09-24,1701.95,1892.2,1692.0,1857.9,186685.0,333690181.5
2019-09-25,1880.0,1970.0,1843.1,1875.45,113431.0,217194699.75
2019-09-26,1885.0,1944.85,1879.3,1904.35,48596.0,92838167.8
2019-09-27,1925.0,1940.0,1877.0,1892.35,40352.0,76958675.05
2019-09-30,1917.0,1917.0,1765.25,1769.05,33238.0,60398400.6
2019-10-01,1780.0,1841.4,1765.25,1788.55,39092.0,70193295.8
2019-10-03,1799.5,1893.0,1737.25,1863.85,31152.0,56591091.95
2019-10-04,1903.95,1938.7,1880.0,1919.4,34455.0,65700716.65
2019-10-07,1900.0,1930.0,1872.05,1920.05,15621.0,29940994.15
2019-10-09,1933.0,2304.05,1933.0,2264.05,289700.0,631327005.75
2019-10-10,2249.8,2299.0,2001.0,2196.65,113933.0,253487424.1
2019-10-11,2229.9,2278.0,2145.15,2164.15,49589.0,109139397.2
2019-10-14,2200.0,2240.0,2133.65,2163.15,36663.0,80180389.55
2019-10-15,2186.0,2205.05,2025.65,2092.95,71714.0,152861306.0
2019-10-16,2099.45,2099.45,2011.0,2019.0,43007.0,87925098.7
2019-10-17,2039.0,2134.0,1960.0,2016.45,133268.0,271988282.4
2019-10-18,2026.0,2079.5,2000.0,2020.4,37760.0,77150405.3
2019-10-22,2038.0,2071.0,2010.0,2032.05,55187.0,112737138.45
2019-10-23,2080.0,2098.0,1961.3,1994.3,88432.0,179210948.4
2019-10-24,1990.0,1990.0,1787.15,1875.3,150959.0,282181910.2
2019-10-25,1875.3,1928.6,1800.55,1824.15,56930.0,105557007.25
2019-10-27,1850.0,1876.95,1830.0,1861.2,12104.0,22512615.1
2019-10-29,1890.0,1910.0,1825.0,1840.35,29806.0,55057802.75
2019-10-30,1849.0,1927.0,1831.1,1863.1,64453.0,121454523.95
2019-10-31,1882.0,1911.95,1851.0,1858.65,37892.0,71069651.85
2019-11-01,1869.75,1905.0,1832.85,1842.95,32627.0,60565216.2
2019-11-04,1857.0,1868.7,1812.0,1825.3,30047.0,55152165.6
2019-11-05,1835.0,1839.5,1776.05,1784.5,34593.0,62275108.5
2019-11-06,1779.0,1822.0,1728.0,1735.3,43537.0,77194719.2
2019-11-07,1733.0,1757.2,1730.0,1740.0,70575.0,122808484.65
2019-11-08,1741.0,1775.0,1741.0,1750.5,86142.0,151083315.45
2019-11-11,1755.0,1989.8,1753.0,1947.05,223031.0,421261733.2
2019-11-13,2012.1,2100.0,1980.0,2001.4,173879.0,355928665.05
2019-11-14,2008.9,2062.0,1926.0,1985.35,64539.0,128972404.45
2019-11-15,1999.95,2004.8,1909.0,1926.9,41437.0,80464377.35
2019-11-18,1930.0,1966.0,1900.25,1916.05,27453.0,52815384.2
2019-11-19,1925.0,2025.0,1925.0,2018.65,91626.0,183143108.7
2019-11-20,2030.95,2115.0,2030.95,2052.85,77035.0,159470166.95
2019-11-21,2073.35,2083.0,2052.0,2060.3,37995.0,78302345.35
2019-11-22,2080.0,2173.0,2056.0,2142.4,87331.0,184914826.7
2019-11-25,2159.75,2199.0,2096.0,2108.2,47436.0,100988203.55
2019-11-26,2110.0,2176.9,2109.15,2152.05,52343.0,112258524.25
2019-11-27,2172.2,2189.4,2135.0,2164.2,35740.0,77194507.5
2019-11-28,2170.0,2179.95,2149.75,2158.45,26617.0,57409859.2
2019-11-29,2156.6,2175.0,2143.4,2155.2,19111.0,41216700.7
2019-12-02,2160.0,2200.0,2150.0,2191.1,33720.0,73518012.2
2019-12-03,2188.0,2225.0,2153.3,2195.6,103524.0,227731291.9
2019-12-04,2188.0,2200.0,2125.05,2188.4,25358.0,55112985.35
2019-12-05,2188.4,2198.5,2155.0,2167.65,21297.0,46154876.2
2019-12-06,2170.0,2178.9,2115.05,2130.95,13654.0,29134469.95
2019-12-09,2101.35,2158.55,2080.0,2122.95,16220.0,34418822.4
2019-12-10,2163.9,2163.9,1985.05,2004.2,42794.0,87420255.3
2019-12-11,2021.2,2050.0,1980.05,2009.9,15127.0,30434037.7
2019-12-12,2050.0,2137.8,2025.55,2084.85,28566.0,59888683.95
2019-12-13,2090.0,2137.95,2080.65,2113.0,9962.0,21092971.65
2019-12-16,2082.0,2108.35,2000.0,2025.4,20895.0,42657815.85
2019-12-17,2039.85,2060.0,2005.6,2020.3,12185.0,24780117.15
2019-12-18,2037.2,2045.0,2015.0,2020.4,6981.0,14144351.85
2019-12-19,2024.55,2035.0,1961.9,1992.8,17055.0,33920211.2
2019-12-20,2000.0,2025.05,1962.0,1985.0,10967.0,21966151.2
2019-12-23,2055.0,2175.0,2028.0,2140.55,221410.0,469626769.45
2019-12-24,2154.4,2195.0,2060.0,2090.95,127544.0,271990591.3
2019-12-26,2072.0,2131.95,2066.3,2081.5,42233.0,88580973.05
2019-12-27,2089.0,2106.9,2060.0,2072.7,59933.0,124710909.1
2019-12-30,2070.0,2087.95,2051.0,2059.25,11899.0,24608553.05
2019-12-31,2083.9,2083.9,2058.0,2065.95,11629.0,24084426.2
2020-01-01,2070.0,2080.0,2045.0,2058.65,6972.0,14373158.05
2020-01-02,2063.0,2072.9,2037.95,2047.5,13594.0,27863190.45
2020-01-03,2047.55,2143.95,2043.05,2076.9,54320.0,113978726.65
2020-01-06,2080.0,2096.0,2015.0,2039.9,23094.0,47802762.7
2020-01-07,2045.0,2074.0,2027.0,2037.9,9975.0,20492168.5
2020-01-08,2030.0,2065.0,2001.0,2016.9,20219.0,40957132.35
2020-01-09,2035.0,2060.0,2000.0,2003.4,21770.0,43944133.9
2020-01-10,2020.0,2089.0,2016.0,2044.45,25266.0,51973765.65
2020-01-13,2060.0,2085.0,2040.05,2060.85,11629.0,24006688.0
2020-01-14,2062.65,2077.9,2007.1,2010.3,24658.0,49929249.3
2020-01-15,2018.8,2044.05,2010.05,2027.3,10833.0,21977765.5
2020-01-16,2030.45,2034.8,2005.0,2009.1,10036.0,20232852.3
2020-01-17,2025.0,2179.9,2001.7,2139.7,96945.0,203368117.7
2020-01-20,2194.9,2210.0,2111.0,2133.35,46419.0,100596509.7
2020-01-21,2100.0,2164.55,2061.2,2092.75,25896.0,55006014.25
2020-01-22,2233.0,2478.0,2233.0,2379.4,815728.0,1938035082.4
2020-01-23,2408.0,2444.2,2316.5,2342.4,189035.0,449121216.4
2020-01-24,2350.0,2394.9,2326.55,2360.6,75672.0,178092839.8
2020-01-27,2360.6,2400.0,2302.8,2328.2,88530.0,208471318.05
2020-01-28,2350.0,2386.95,2312.0,2336.4,39524.0,92917881.45
2020-01-29,2350.0,2358.45,2320.0,2338.15,20585.0,48143327.8
2020-01-30,2349.0,2350.0,2283.1,2319.1,42039.0,97606377.9
2020-01-31,2349.0,2378.0,2305.0,2334.55,47390.0,111230149.4
2020-02-01,2355.0,2355.45,2270.0,2307.95,35043.0,80557013.8
2020-02-03,2271.0,2350.0,2222.0,2323.9,41528.0,95840973.6
2020-02-04,2318.0,2499.9,2306.5,2363.75,210467.0,509023716.5
2020-02-05,2387.0,2459.95,2380.05,2398.65,48150.0,116418764.25
2020-02-06,2398.65,2449.9,2395.0,2440.75,46145.0,111950960.15
2020-02-07,2450.0,2464.95,2405.55,2423.25,38006.0,92598647.55
2020-02-10,2433.0,2445.05,2390.05,2411.55,28805.0,69554919.2
2020-02-11,2414.0,2444.9,2352.6,2362.5,24981.0,60107157.4
2020-02-12,2365.0,2475.0,2345.0,2421.55,144932.0,353581419.1
2020-02-13,2436.1,2449.85,2400.0,2430.7,44955.0,109185109.65
2020-02-14,2440.0,2525.0,2433.05,2501.75,161616.0,402866733.85
2020-02-17,2520.0,2586.6,2430.65,2456.0,171848.0,433482418.15
2020-02-18,2450.0,2488.3,2364.75,2468.2,97499.0,236430651.25
2020-02-19,2480.3,2550.0,2461.55,2535.95,78896.0,198647428.15
2020-02-20,2574.9,2862.5,2550.0,2609.35,397297.0,1070161759.7
2020-02-24,2616.0,2727.45,2600.05,2662.85,206450.0,553201650.35
2020-02-25,2696.0,2724.9,2550.0,2594.25,136227.0,355863014.25
2020-02-26,2588.0,2646.85,2528.85,2574.1,99805.0,258150992.3
2020-02-27,2586.0,2598.95,2332.0,2457.45,207452.0,508990368.35
2020-02-28,2355.0,2478.9,2315.55,2405.95,138856.0,331690956.05
2020-03-02,2499.0,2547.95,2370.0,2436.65,89500.0,222063023.6
2020-03-03,2498.0,2625.0,2470.6,2578.7,54090.0,136837409.15
2020-03-04,2615.0,2620.0,2434.9,2527.2,91103.0,229089321.35
2020-03-05,2526.0,2698.0,2506.3,2622.85,85919.0,224086293.7
2020-03-06,2510.0,2641.95,2461.6,2545.0,96850.0,249345891.95
2020-03-09,2500.0,2546.95,2320.0,2413.35,100538.0,243656541.85
2020-03-11,2380.0,2529.9,2352.05,2507.9,62452.0,153134760.2
2020-03-12,2385.0,2439.95,2230.0,2285.8,106962.0,250491796.3
2020-03-13,2220.0,2450.2,1900.0,2383.5,83625.0,192045305.35
2020-03-16,2350.0,2350.0,2144.45,2300.5,104223.0,235274273.65
2020-03-17,2255.0,2330.0,2223.8,2266.3,82884.0,189645372.5
2020-03-18,2314.5,2319.95,1960.0,2106.4,88752.0,185453278.25
2020-03-19,1910.0,2105.0,1870.0,1993.7,74959.0,147283651.65
2020-03-20,1951.05,2238.1,1910.0,2213.15,55858.0,117224259.45
2020-03-23,1900.0,2048.8,1820.0,1883.3,56761.0,108975441.4
2020-03-24,1900.0,2099.0,1780.0,1892.35,59286.0,110517934.25
2020-03-25,1890.0,1939.95,1641.05,1744.0,65953.0,117340537.1
2020-03-26,1725.0,1970.0,1700.0,1856.9,68736.0,127099973.4
2020-03-27,1970.0,1984.0,1811.0,1846.85,45664.0,85961156.75
2020-03-30,1802.0,1924.5,1775.0,1843.65,52708.0,97419264.4
2020-03-31,1900.0,1959.0,1870.0,1936.4,30477.0,58277763.65
2020-04-01,1910.0,2065.75,1910.0,2024.35,84110.0,166103756.8
2020-04-03,2020.0,2065.95,1975.0,1999.85,34961.0,70581145.05
2020-04-07,2050.0,2180.0,2020.0,2164.05,67630.0,141296374.0
2020-04-08,2160.0,2290.0,2110.0,2207.75,47463.0,103994101.65
2020-04-09,2274.0,2274.95,2224.1,2246.0,24927.0,56175817.35
2020-04-13,2246.0,2269.9,2189.5,2200.35,35351.0,78266146.7
2020-04-15,2201.0,2252.9,2109.0,2118.6,84756.0,186053231.25
2020-04-16,2118.6,2218.6,2107.05,2190.85,24278.0,53175382.2
2020-04-17,2295.1,2300.0,2193.45,2238.1,33498.0,74499492.4
2020-04-20,2240.0,2269.95,2150.0,2214.85,38062.0,84737353.65
2020-04-21,2145.0,2210.0,2145.0,2198.8,36379.0,79845476.05
2020-04-22,2169.0,2319.0,2169.0,2270.45,34837.0,78598599.7
2020-04-23,2271.0,2284.3,2226.2,2237.8,11758.0,26504805.65
2020-04-24,2230.0,2264.0,2175.0,2188.8,17131.0,37856720.7
2020-04-27,2187.05,2275.0,2187.0,2230.5,42755.0,95638156.05
2020-04-28,2235.0,2260.0,2155.5,2237.35,30961.0,68912319.7
2020-04-29,2216.0,2289.0,2216.0,2261.25,43826.0,98686621.7
2020-04-30,2263.1,2289.0,2198.6,2247.55,54332.0,122117791.35
2020-05-04,2190.0,2284.0,2190.0,2264.45,41366.0,93037383.75
2020-05-05,2301.0,2465.4,2301.0,2369.55,103196.0,246718244.35
2020-05-06,2400.0,2420.0,2311.25,2337.7,41801.0,97952606.9
2020-05-07,2337.7,2381.95,2320.0,2345.4,19912.0,46852402.8
2020-05-08,2364.0,2418.8,2348.45,2362.95,34846.0,83131928.9
2020-05-11,2374.9,2420.0,2231.0,2253.0,56362.0,129983908.15
2020-05-12,2270.0,2274.8,2127.05,2194.4,47123.0,103321677.45
2020-05-13,2417.0,2418.0,2171.0,2200.05,201228.0,456414963.2
2020-05-14,2139.95,2220.0,2101.0,2211.7,78666.0,171222340.05
2020-05-15,2232.0,2319.0,2202.25,2297.35,120252.0,274509845.35
2020-05-18,2318.8,2374.95,2241.0,2282.6,145230.0,336182745.4
2020-05-19,2319.6,2379.0,2282.75,2357.55,59301.0,139261871.4
2020-05-20,2375.0,2404.7,2352.65,2388.8,48158.0,115078295.45
2020-05-21,2409.0,2544.4,2400.0,2506.35,171344.0,425006512.05
2020-05-22,2525.0,2563.45,2442.0,2539.85,91915.0,230649052.05
2020-05-26,2557.0,2562.0,2455.0,2491.2,53679.0,134940923.3
2020-05-27,2491.2,2491.2,2400.0,2422.55,32774.0,80018625.1
2020-05-28,2440.0,2474.45,2350.0,2357.95,124160.0,297642085.75
2020-05-29,2366.75,2499.0,2320.75,2477.4,186284.0,453825350.5
2020-06-01,2499.0,2549.0,2499.0,2545.0,48247.0,122142109.1
2020-06-02,2549.0,2590.7,2455.0,2466.9,80741.0,203567643.8
2020-06-03,2478.0,2516.05,2311.0,2331.3,238066.0,562319843.75
2020-06-04,2344.0,2375.0,2322.0,2332.15,61585.0,144441551.6
2020-06-05,2350.0,2370.0,2270.0,2330.95,62296.0,144144751.95
2020-06-08,2331.0,2366.95,2265.0,2306.75,149622.0,344657691.55
2020-06-09,2310.0,2399.0,2310.0,2357.95,77696.0,183023588.7
2020-06-10,2380.0,2398.0,2346.65,2379.2,192962.0,455373861.0
2020-06-11,2378.8,2387.9,2250.05,2274.25,110700.0,257318846.65
2020-06-12,2160.0,2305.0,2160.0,2274.8,37180.0,83473381.65
2020-06-15,2250.0,2298.5,2200.0,2209.15,71718.0,159648042.45
2020-06-16,2244.4,2253.15,2125.95,2183.45,159921.0,345926540.35
2020-06-17,2191.55,2245.0,2179.85,2231.55,75493.0,167967287.5
2020-06-18,2230.0,2275.0,2206.6,2253.75,61261.0,137564239.0
2020-06-19,2280.0,2347.95,2250.6,2307.95,70614.0,162861951.55
2020-06-22,2308.25,2364.0,2260.15,2356.8,47867.0,112067364.5
2020-06-23,2365.0,2420.0,2350.0,2368.35,50912.0,121515222.95
2020-06-24,2397.4,2399.35,2334.0,2358.55,32404.0,76524543.2
2020-06-25,2320.0,2415.0,2297.45,2390.6,29048.0,68865486.45
2020-06-26,2390.6,2430.0,2371.0,2397.8,30746.0,73857836.25
2020-06-29,2393.0,2398.85,2325.35,2367.75,20379.0,48109606.7
2020-06-30,2350.0,2370.0,2290.15,2325.1,48727.0,114271454.9
2020-07-01,2324.9,2329.0,2168.0,2210.3,181728.0,409201308.45
2020-07-02,2172.1,2193.0,2079.0,2119.95,568286.0,1206443147.05
2020-07-03,2085.0,2136.9,2081.55,2099.85,183196.0,385421194.05
2020-07-06,2125.0,2134.75,2088.7,2096.05,156247.0,327805775.75
2020-07-07,2090.25,2213.95,2090.25,2189.3,246527.0,530533191.1
2020-07-08,2200.0,2257.0,2191.0,2212.05,108071.0,240326778.7
2020-07-09,2224.0,2266.2,2220.0,2260.85,82414.0,185295847.65
2020-07-10,2244.0,2275.0,2210.0,2229.4,49722.0,111896984.15
2020-07-13,2248.0,2248.0,2185.8,2199.9,342301.0,753288082.8
2020-07-14,2198.0,2198.0,2150.25,2165.1,36887.0,80024200.9
2020-07-15,2205.1,2205.1,2161.05,2176.5,63305.0,137980479.85
2020-07-16,2188.0,2188.0,2100.0,2105.8,69502.0,146680615.35
2020-07-17,2112.0,2145.95,2035.0,2050.6,490749.0,1019030080.85
2020-07-20,2070.0,2125.0,2060.0,2090.35,80949.0,170404401.0
2020-07-21,2107.6,2169.5,2107.6,2157.15,82536.0,177032102.7
2020-07-22,2350.0,2454.7,2219.4,2254.4,1266658.0,2888438870.5
2020-07-23,2269.8,2490.0,2260.0,2437.15,1093896.0,2611520850.6
2020-07-24,2459.9,2510.0,2408.0,2455.35,429780.0,1058751116.4
2020-07-27,2475.0,2484.95,2420.0,2442.35,187680.0,459494344.0
2020-07-28,2454.75,2455.0,2391.65,2406.65,111830.0,270853909.7
2020-07-29,2419.8,2509.0,2341.0,2479.2,198165.0,478816329.4
2020-07-30,2520.0,2689.0,2490.0,2598.35,547574.0,1422889630.2
2020-07-31,2619.9,2870.0,2619.9,2828.3,516016.0,1411200882.35
2020-08-03,2846.0,3065.65,2832.05,2892.0,699998.0,2073765024.4
2020-08-04,2928.0,2950.0,2788.0,2892.55,244618.0,706211519.2
2020-08-05,2915.0,3095.0,2878.85,3038.25,519916.0,1571269245.2
2020-08-06,3099.9,3118.75,3025.2,3100.2,269185.0,827426311.2
2020-08-07,3120.0,3145.0,3021.0,3085.15,182104.0,562959856.35
2020-08-10,3088.0,3111.35,3020.15,3067.4,71193.0,218355221.45
2020-08-11,3079.95,3079.95,2950.0,2959.5,61564.0,184668195.75
2020-08-12,2968.8,2974.15,2876.0,2918.9,45412.0,132370419.4
2020-08-13,2928.8,3050.0,2910.0,2962.35,60020.0,179822744.6
2020-08-14,2977.05,2989.0,2900.0,2921.6,34246.0,100453790.3
2020-08-17,2925.0,2970.05,2901.0,2932.2,23451.0,68983201.1
2020-08-18,2932.2,2970.0,2915.0,2954.65,21321.0,62978046.4
2020-08-19,2978.85,3010.0,2955.05,2980.9,34796.0,103946069.55
2020-08-20,3000.0,3100.0,2991.0,3060.2,133590.0,410019946.05
2020-08-21,3100.0,3275.0,3075.0,3234.55,221076.0,708171501.1
2020-08-24,3314.95,3687.6,3300.0,3520.8,301034.0,1030579226.35
2020-08-25,3696.8,3870.0,3612.1,3708.0,477392.0,1779093130.55
2020-08-26,3753.0,3785.0,3485.5,3645.1,110905.0,404774742.4
2020-08-27,3610.0,3785.0,3600.0,3684.45,100197.0,371252281.9
2020-08-28,3720.0,3721.0,3490.0,3531.55,83624.0,299582247.15
2020-08-31,3589.0,3780.0,3550.2,3685.65,330163.0,1201697616.95
2020-09-01,3765.0,3867.7,3681.1,3828.15,233456.0,885085431.35
2020-09-02,3800.0,4593.75,3760.0,4561.8,972053.0,4109206461.65
2020-09-03,4500.0,4728.0,4211.0,4261.45,647811.0,2877917578.0
2020-09-04,4174.0,4266.6,4026.0,4092.8,288602.0,1193732504.1
2020-09-07,4249.0,4764.55,4148.0,4527.85,568757.0,2571370200.35
2020-09-08,4570.0,4923.2,4381.0,4755.05,445113.0,2096076669.1
2020-09-09,4610.0,4725.0,4420.0,4527.9,241796.0,1092807466.05
2020-09-10,4619.95,4800.0,4600.0,4739.4,161037.0,759227776.85
2020-09-11,4741.8,4875.0,4695.0,4768.0,132415.0,633340477.65
2020-09-14,4826.0,5099.0,4810.05,5019.95,230405.0,1151042603.35
2020-09-15,5075.0,5227.0,5057.0,5139.55,173768.0,891412404.4
2020-09-16,5164.8,5216.5,4922.35,5135.8,145738.0,734965335.75
2020-09-17,5150.0,5161.5,4921.0,4966.0,114199.0,572658926.3
2020-09-18,5017.4,5100.0,4945.0,5005.0,143606.0,721069398.4
2020-09-21,5042.55,5047.2,4600.0,4760.85,152702.0,736984854.9
2020-09-22,4694.85,4935.0,4379.9,4859.7,234982.0,1115660599.25
2020-09-23,4880.0,4990.0,4676.0,4904.1,145547.0,708646748.65
2020-09-24,4790.0,4892.0,4675.0,4817.7,141887.0,677673745.15
2020-09-25,4911.7,5299.45,4857.7,5253.95,279378.0,1425071746.4
2020-09-28,5379.0,5487.5,5275.0,5330.45,181264.0,976080090.75
2020-09-29,5369.0,5373.25,5070.75,5097.35,140419.0,724684890.4
2020-09-30,5128.7,5135.0,4875.0,4995.05,178454.0,888231084.95
2020-10-01,5140.0,5140.0,4935.15,4994.1,128003.0,645846851.2
2020-10-05,4950.0,5050.0,4880.0,4989.75,147153.0,734680529.25
2020-10-06,4996.85,5168.0,4961.5,5020.8,118164.0,597917922.4
2020-10-07,5047.0,5116.35,4960.0,5004.45,67053.0,337177033.2
2020-10-08,5070.0,5350.0,4922.25,4944.45,231749.0,1188149271.1
2020-10-09,4984.05,5048.0,4780.0,5000.5,113699.0,559419705.2
2020-10-12,5040.0,5040.0,4943.45,5005.05,54727.0,273644105.75
2020-10-13,5001.1,5088.0,4980.0,4998.35,59102.0,296821042.05
2020-10-14,5000.0,5029.75,4942.9,4998.5,51712.0,258077993.55
2020-10-15,5000.0,5150.0,4881.1,4991.25,184584.0,927245870.7
2020-10-16,4960.0,5015.0,4925.05,5002.15,46004.0,229858582.6
2020-10-19,5050.0,5050.0,4605.8,4849.35,126266.0,607471275.6
2020-10-20,4849.6,4950.0,4809.35,4888.8,29262.0,143046022.05
2020-10-21,4900.0,4989.95,4889.0,4947.95,55387.0,273581856.7
2020-10-22,4999.0,4999.0,4810.0,4877.1,42102.0,205171494.35
2020-10-23,4902.0,5050.8,4887.3,4999.45,53034.0,264448251.0
2020-10-26,5026.05,5044.45,4962.0,4999.05,30749.0,153685341.25
2020-10-27,4925.0,5040.05,4925.0,4999.55,35425.0,177217878.95
2020-10-28,5025.0,5039.85,4881.25,4946.2,35769.0,177901140.7
2020-10-29,4825.0,5000.0,4825.0,4961.6,34832.0,172220655.0
2020-10-30,4998.95,4998.95,4825.0,4846.0,27659.0,135405044.25
2020-11-02,4846.0,4955.0,4670.0,4724.1,45663.0,219099209.15
2020-11-03,4768.05,4866.1,4690.0,4731.8,21694.0,102980846.95
2020-11-04,4800.0,4868.8,4730.0,4852.45,24946.0,120373959.25
2020-11-05,4920.0,4920.0,4805.0,4820.7,36754.0,178180942.15
2020-11-06,4885.0,5024.45,4832.95,4951.75,96273.0,478817517.05
2020-11-09,5001.0,5050.0,4950.0,5019.05,45473.0,228238652.65
2020-11-10,5050.0,5050.0,4515.0,4972.15,92809.0,454077966.0
2020-11-11,5000.0,5010.0,4951.0,4985.95,77172.0,385167363.2
2020-11-12,4985.0,4998.95,4940.0,4958.65,21903.0,109049898.5
2020-11-13,4990.0,5025.0,4900.8,4994.7,42907.0,214149842.45
2020-11-14,5020.0,5020.0,4970.0,4979.75,5255.0,26222602.05
2020-11-17,4979.75,4988.3,4730.0,4859.5,50675.0,247159215.85
2020-11-18,4910.0,4910.0,4752.0,4785.2,74852.0,363161993.6
2020-11-19,4795.0,4874.0,4780.0,4813.85,58281.0,281482881.55
2020-11-20,4850.0,5097.7,4824.35,4995.15,115261.0,573702638.35
2020-11-23,5025.0,5117.0,4905.0,4958.1,53528.0,268940375.4
2020-11-24,4997.8,4997.8,4800.0,4813.9,72863.0,353488381.15
2020-11-25,4868.0,4869.85,4755.0,4759.95,30707.0,147613171.7
2020-11-26,4775.0,4784.15,4630.8,4697.95,59771.0,279762212.15
2020-11-27,4750.0,5238.6,4711.0,5092.4,244598.0,1229950019.2
2020-12-01,5135.1,5200.3,5050.0,5145.25,164082.0,843323854.45
2020-12-02,5139.9,5198.95,4999.0,5053.15,67938.0,346455969.15
2020-12-03,5093.75,5158.3,5000.25,5012.55,48779.0,248472314.05
2020-12-04,5032.0,5200.0,5020.05,5121.2,39053.0,199629445.95
2020-12-07,5164.0,5164.0,5082.25,5108.95,41694.0,213354846.9
2020-12-08,5136.2,5330.95,5060.0,5251.1,124633.0,653584627.8
2020-12-09,5298.0,5420.0,5011.0,5308.45,86602.0,460496936.55
2020-12-10,5296.0,5341.0,5165.6,5298.8,89043.0,471930223.35
2020-12-11,5314.4,5400.0,5301.0,5357.95,62128.0,333237894.9
2020-12-14,5399.0,5399.95,5330.0,5387.85,41060.0,220980345.9
2020-12-15,5400.0,5400.0,5280.05,5387.55,65403.0,350797604.3
2020-12-16,5420.0,5550.0,5420.0,5503.55,135595.0,746898287.4
2020-12-17,5533.35,5780.0,5505.0,5736.3,169397.0,965158819.7
2020-12-18,5829.9,6149.0,5810.0,6078.4,275028.0,1642966814.4
2020-12-21,6188.0,6350.0,4911.0,5692.7,223387.0,1329866196.0
2020-12-22,5850.0,6095.0,5450.3,5995.9,169226.0,998132072.65
2020-12-23,6040.35,6094.95,5923.65,6027.8,68252.0,410723466.2
2020-12-24,6050.0,6274.85,5995.0,6211.65,101942.0,627885171.1
2020-12-28,6259.95,6329.95,6195.0,6268.4,61137.0,383317588.0
2020-12-29,6250.0,6300.0,6175.0,6235.9,48819.0,304832532.15
2020-12-30,6250.0,6283.05,6200.0,6251.05,37478.0,234271281.4
2020-12-31,6283.5,6464.05,6223.0,6407.2,72477.0,462177225.5
2021-01-01,6411.0,7655.0,6382.25,7038.3,525320.0,3672266548.55
2021-01-04,7184.0,7489.8,7184.0,7287.7,262020.0,1920997789.45
2021-01-05,7260.0,7284.0,6996.2,7189.7,126100.0,905087466.05
2021-01-06,7250.4,7599.0,7010.0,7084.55,222682.0,1630165641.1
2021-01-07,7199.95,7615.0,7199.95,7423.3,138122.0,1022094157.5
2021-01-08,7565.0,7598.0,7423.3,7491.35,86630.0,650921712.4
2021-01-11,7546.15,8200.0,7510.2,7978.05,471812.0,3759343043.7
2021-01-12,8021.45,8273.95,8019.35,8217.45,244208.0,1989914484.25
2021-01-13,8300.0,8374.7,7618.3,8115.4,368875.0,2965852611.1
2021-01-14,8180.4,8265.0,7900.0,8196.05,196707.0,1601678064.8
2021-01-15,8250.0,8299.0,7652.0,7785.35,234234.0,1876840667.4
2021-01-18,7850.35,7978.7,7361.1,7465.45,195308.0,1487001585.65
2021-01-19,7559.0,7724.85,7376.95,7404.6,267901.0,2008894872.7
2021-01-20,7472.7,7538.6,7285.0,7320.15,114163.0,843124520.45
2021-01-21,7422.65,8090.05,7422.65,7728.7,511704.0,3980994875.55
2021-01-22,7920.75,7990.0,7804.0,7893.5,196504.0,1550364819.65
2021-01-25,7980.0,8043.85,7550.0,7800.7,111652.0,874548961.45
2021-01-27,7770.0,8014.6,7640.0,7952.7,123428.0,972329568.5
2021-01-28,7850.0,7995.0,7832.65,7953.6,106562.0,844463272.1
2021-01-29,8000.0,8085.15,7715.0,7802.55,94696.0,752731552.05
2021-02-01,7858.15,7858.15,7411.0,7781.85,74204.0,573084722.55
2021-02-02,7840.0,8282.0,7785.55,8006.95,161543.0,1304716544.9
2021-02-03,8035.0,8335.0,7974.95,8255.9,136352.0,1114038154.35
2021-02-04,8330.25,9400.0,8275.0,9199.8,461437.0,4103413921.1
2021-02-05,9350.0,9950.0,9350.0,9780.9,528242.0,5124982942.2
2021-02-08,9871.95,9910.6,9026.65,9182.3,243707.0,2292142140.0
2021-02-09,9000.0,9339.95,8710.0,9090.1,206597.0,1873529657.1
2021-02-10,9171.95,9540.0,9137.15,9326.0,155503.0,1449251795.05
2021-02-11,9388.9,9525.0,9330.0,9369.8,111035.0,1047025279.15
2021-02-12,9426.25,9430.0,9150.0,9210.55,64421.0,594869069.8
2021-02-15,9268.6,9293.5,9013.8,9088.15,75157.0,688917499.4
2021-02-16,9120.0,9224.5,8802.0,8855.85,94314.0,845669868.6
2021-02-17,8884.0,9050.0,8372.1,8557.85,151831.0,1309035593.8
2021-02-18,8748.95,9320.0,8729.1,9058.4,231515.0,2114728382.6
2021-02-19,9118.85,9139.95,8751.0,8836.8,97522.0,863834630.85
2021-02-22,8850.0,9048.9,8650.5,8820.25,102576.0,905671684.9
2021-02-23,8999.0,9463.8,8745.0,9208.6,203146.0,1847985718.45
2021-02-24,9220.6,9410.0,8750.0,8892.55,147683.0,1337887082.3
2021-02-25,8950.0,8991.95,8601.05,8693.55,172317.0,1499804941.4
2021-02-26,8550.0,8687.25,8500.1,8595.75,110984.0,952256477.05
2021-03-01,8700.0,8807.9,8550.0,8580.85,83294.0,720077935.1
2021-03-02,8652.45,8685.0,8115.3,8304.6,177607.0,1482297243.55
2021-03-03,8379.35,8550.0,8120.0,8171.3,164966.0,1363258001.2
2021-03-04,8125.0,8340.0,8006.0,8187.1,128499.0,1055444383.55
2021-03-05,8187.1,8291.2,8035.0,8066.45,84122.0,684131247.7
2021-03-08,8145.2,8199.85,8072.0,8099.35,78666.0,638921179.5
2021-03-09,8175.6,8214.9,7605.55,7751.15,185104.0,1456123924.45
2021-03-10,7820.0,8450.0,7800.0,8401.05,389886.0,3202657673.75
2021-03-12,8499.95,8595.0,8330.4,8488.7,238804.0,2020317153.0
2021-03-15,8499.0,8499.0,8200.5,8343.65,140526.0,1171491008.95
2021-03-16,8380.0,8468.45,8260.05,8421.85,102430.0,860319784.0
2021-03-17,8424.95,8425.35,8025.55,8127.15,79449.0,653443154.75
2021-03-18,8254.4,8372.0,7980.0,8265.7,188872.0,1549906781.55
2021-03-19,8125.7,8286.6,7988.7,8139.0,337700.0,2744449500.0
2021-03-22,8190.0,8264.0,7900.15,7993.2,104348.0,846094638.45
2021-03-23,8040.0,8077.9,7811.15,7919.4,108016.0,862802132.2
2021-03-24,7925.0,8095.0,7781.05,7812.7,80499.0,639523658.75
2021-03-25,7865.05,7980.0,7625.0,7787.45,130461.0,1018419387.95
2021-03-26,7870.0,7943.65,7705.0,7796.8,96362.0,753436180.9
2021-03-30,7849.0,7909.9,7720.0,7820.8,137919.0,1079360733.4
2021-03-31,7800.0,7830.0,7702.0,7737.95,62902.0,488264162.75
2021-04-01,7761.0,8037.7,7761.0,7972.55,115414.0,914861752.1
2021-04-05,7920.0,8078.0,7736.05,8004.55,98752.0,781111575.6
2021-04-06,8020.0,8067.3,7863.0,7953.65,47504.0,377715373.6
2021-04-07,7985.0,8227.0,7931.0,8043.45,97822.0,790163905.2
2021-04-08,8107.95,8275.0,8068.25,8216.75,72048.0,590880802.25
2021-04-09,8293.8,8449.0,8230.0,8396.6,99298.0,832235268.65
2021-04-12,8220.05,8299.85,7800.0,7885.05,115446.0,927635479.55
2021-04-13,7924.0,8079.75,7859.35,7946.4,63698.0,508338224.65
2021-04-15,7890.0,8150.0,7890.0,8043.45,74392.0,595105577.25
2021-04-16,8030.0,8090.0,7950.1,7978.75,43017.0,344691688.8
2021-04-19,7849.0,7890.0,7660.0,7746.8,93675.0,728448938.35
2021-04-20,7875.0,7888.5,7715.7,7764.4,104167.0,810026704.95
2021-04-22,7764.0,8111.0,7755.0,7991.45,148331.0,1179927083.45
2021-04-23,7991.45,8383.3,7980.05,8253.75,167833.0,1382240549.65
2021-04-26,8382.0,8638.8,8300.0,8356.35,174997.0,1483214927.65
2021-04-27,8431.35,8520.0,8352.7,8458.2,76017.0,639269210.25
2021-04-28,8550.0,8795.05,8502.95,8707.15,130482.0,1130042115.7
2021-04-29,8880.0,8924.9,8557.1,8815.4,172162.0,1505325221.8
2021-04-30,8400.0,8580.0,7888.85,7948.65,571964.0,4630014786.65
2021-05-03,7848.65,7920.0,7710.0,7733.45,232566.0,1805428120.9
2021-05-04,7839.4,7939.4,7215.0,7426.1,434179.0,3264358274.65
2021-05-05,7430.1,7594.7,7367.8,7476.85,218352.0,1633858979.8
2021-05-06,7560.0,7749.4,7476.85,7687.05,159389.0,1216961591.3
2021-05-07,7700.0,7702.0,7422.0,7457.35,161757.0,1217472578.2
2021-05-10,7480.0,7505.0,7316.0,7345.65,113524.0,837808334.3
2021-05-11,7340.15,7429.7,6925.0,6962.9,400454.0,2828461593.5
2021-05-12,7000.0,7068.8,6650.05,6681.25,351013.0,2364781266.5
2021-05-14,6740.0,6954.0,6654.0,6808.9,346404.0,2358071130.1
2021-05-17,6910.0,7070.0,6806.0,7039.85,141740.0,986302617.4
2021-05-18,7139.0,7749.0,7063.05,7656.6,484294.0,3610033732.35
2021-05-19,7700.0,7844.0,7307.0,7366.35,356808.0,2687546093.4
2021-05-20,7440.0,7594.7,7221.0,7536.0,238098.0,1774376381.85
2021-05-21,7499.0,7765.5,7499.0,7674.85,172065.0,1321700218.6
2021-05-24,7670.0,7759.8,7420.0,7585.25,101294.0,769835226.55
2021-05-25,7650.0,7728.25,7600.0,7655.1,84920.0,650706149.3
2021-05-26,7674.0,7695.0,7500.0,7541.8,80069.0,608941003.25
2021-05-27,7568.4,7647.1,7460.0,7557.65,86473.0,651352111.25
2021-05-28,7510.1,7598.55,7391.0,7435.55,82295.0,614979787.2
2021-05-31,7469.0,7520.0,7334.0,7369.65,73640.0,543932732.2
2021-06-01,7373.5,7406.95,7171.0,7235.4,109295.0,792620764.05
2021-06-02,7235.4,7235.4,7050.0,7066.9,134782.0,957341560.1
2021-06-03,7130.0,7150.0,6861.5,6895.25,321507.0,2224301072.8
2021-06-04,6959.0,7099.0,6878.15,6930.25,212185.0,1480103902.05
2021-06-07,6989.95,7150.0,6966.8,7119.9,149649.0,1059756159.9
2021-06-08,7160.0,7270.0,7130.0,7240.8,108416.0,782522773.15
2021-06-09,7300.0,7339.95,7075.0,7163.5,133318.0,960861731.8
2021-06-10,7229.0,7269.0,7140.0,7228.6,95298.0,686654067.85
2021-06-11,7269.0,7298.05,7203.0,7267.5,62385.0,452476081.25
2021-06-14,7321.0,7321.0,7120.05,7208.55,51478.0,370609428.65
2021-06-15,7256.0,7419.45,7196.3,7389.1,148918.0,1093437456.0
2021-06-16,7405.0,7418.0,7267.0,7301.25,71644.0,524073075.3
2021-06-17,7289.0,7325.0,7180.0,7211.95,94001.0,680325028.35
2021-06-18,7200.0,7320.0,6779.2,7280.55,128408.0,923781526.3
2021-06-21,7164.0,7266.65,7066.0,7221.6,51633.0,372589596.65
2021-06-22,7266.0,7290.1,7130.85,7161.5,47007.0,339037543.1
2021-06-23,7249.0,7249.0,7120.95,7142.7,39690.0,283946405.0
2021-06-24,7150.0,7175.8,7050.25,7081.75,59254.0,420370222.35
2021-06-25,7108.4,7121.0,6985.0,7003.6,69645.0,490027778.2
2021-06-28,7100.0,7146.75,7007.15,7030.25,71136.0,503626515.15
2021-06-29,7040.55,7079.0,6980.0,6993.9,40890.0,286867175.65
2021-06-30,6994.1,7049.85,6961.0,6992.15,43987.0,308003582.0
2021-07-01,7079.0,7171.0,7000.9,7141.1,97091.0,691428219.65
2021-07-02,7180.0,7348.9,7180.0,7265.95,112556.0,820600970.55
2021-07-05,7337.65,7376.95,7190.0,7251.55,65677.0,479410132.7
2021-07-06,7300.0,7335.0,7215.6,7304.05,56346.0,409952425.35
2021-07-07,7304.1,7349.0,7215.3,7250.75,40629.0,294802421.45
2021-07-08,7290.0,7371.5,7230.0,7321.0,50164.0,366577531.45
2021-07-09,7321.0,7498.0,7245.2,7379.2,98790.0,731130272.65
2021-07-12,7452.55,7452.55,7320.0,7342.15,43866.0,323301793.3
2021-07-13,7336.1,7350.0,7210.0,7226.7,46282.0,335969774.1
2021-07-14,7200.0,7474.0,7200.0,7397.7,111517.0,823694761.55
2021-07-15,7430.0,7430.0,7284.0,7297.95,73561.0,538619870.3
2021-07-16,7260.1,7392.7,7217.2,7228.95,44856.0,326314605.4
2021-07-19,7165.0,7165.0,7005.3,7054.3,166630.0,1174499112.5
2021-07-20,7024.3,7059.0,6996.0,7042.5,69601.0,488983058.1
2021-07-22,7042.5,7169.0,6950.0,7012.0,140900.0,993186664.2
2021-07-23,7260.0,7384.5,7106.05,7250.5,218030.0,1566498833.65
2021-07-26,7220.0,7327.4,7208.0,7286.85,94344.0,687074407.25
2021-07-27,7325.0,7325.0,7166.0,7179.95,61792.0,446537311.0
2021-07-28,7215.0,7215.0,7008.5,7084.3,124888.0,883108476.25
2021-07-29,7084.3,7169.0,7084.25,7145.8,45551.0,325523024.2
2021-07-30,7155.0,7208.9,7101.0,7145.25,48525.0,346796489.5
2021-08-02,7111.0,7309.0,7111.0,7268.15,54780.0,398262843.6
2021-08-03,7300.0,7423.25,7252.0,7352.2,101262.0,742557594.0
2021-08-04,7352.2,7497.0,7340.0,7432.45,96058.0,714996931.4
2021-08-05,7485.0,7490.0,7350.0,7381.55,34139.0,252417562.2
2021-08-06,7381.0,7437.45,7290.0,7353.9,25734.0,189556936.25
2021-08-09,7355.0,7397.95,7210.0,7236.95,33736.0,245109216.75
2021-08-10,7300.0,7419.0,7300.0,7354.25,67144.0,494284267.75
2021-08-11,7400.0,7400.0,7080.0,7148.9,53053.0,379632081.0
2021-08-12,7200.0,7267.95,7150.0,7166.85,20792.0,150132795.05
2021-08-13,7187.0,7317.15,7187.0,7242.2,22674.0,164528863.95
2021-08-16,7240.0,7289.95,7131.0,7170.1,22000.0,158003449.2
2021-08-17,7161.0,7251.6,7115.0,7137.05,36184.0,259209523.85
2021-08-18,7189.85,7190.0,7060.0,7114.0,37114.0,263624925.6
2021-08-20,7040.0,7151.0,7040.0,7109.95,49380.0,350466845.65
2021-08-23,7100.0,7169.85,6992.0,7056.9,51408.0,363932120.85
2021-08-24,7050.0,7124.0,7000.0,7022.65,23616.0,166092710.0
2021-08-25,7023.0,7114.9,7000.0,7016.25,44997.0,316547266.05
2021-08-26,7062.0,7140.0,7020.2,7077.95,32923.0,233179952.5
2021-08-27,7100.0,7234.95,7077.0,7143.45,61992.0,442671083.1
2021-08-30,7200.0,7825.0,7165.0,7786.9,541032.0,4155912260.25
2021-08-31,7800.0,7999.0,7750.0,7848.2,318931.0,2516595820.4
2021-09-01,7886.9,7956.7,7655.0,7668.45,109464.0,850233685.5
2021-09-02,7650.0,8199.0,7580.0,8152.9,404029.0,3231021817.65
2021-09-03,8179.0,8249.0,8011.15,8137.5,194741.0,1583969587.65
2021-09-06,8182.0,9130.3,8166.75,8920.2,782161.0,6813772887.05
2021-09-07,9010.0,9075.95,8600.0,8752.65,474896.0,4180508013.5
2021-09-08,8767.0,9270.0,8734.0,8999.6,671313.0,6099365343.5
2021-09-09,8949.95,9092.8,8832.0,8881.25,182362.0,1628123244.6
2021-09-13,8903.5,8903.5,8527.55,8705.9,190423.0,1651809217.95
2021-09-14,8775.0,8901.0,8720.0,8776.5,157515.0,1385801509.4
2021-09-15,8820.0,9061.3,8719.75,8890.85,188956.0,1682587301.3
2021-09-16,8939.0,8942.05,8652.65,8748.0,129338.0,1133126034.3
2021-09-17,8784.0,8867.0,8599.05,8608.75,206364.0,1795197669.75
2021-09-20,8589.0,8589.0,8050.0,8099.85,239521.0,1991007226.65
2021-09-21,8077.9,8256.25,7972.15,8224.6,205936.0,1671563075.35
2021-09-22,8224.0,8800.0,8200.5,8614.0,362230.0,3111996509.6
2021-09-23,8679.9,8798.0,8530.05,8562.55,118209.0,1018311039.2
2021-09-24,8629.2,8730.0,8462.1,8505.8,131928.0,1128832784.75
2021-09-27,8540.0,8750.0,8536.4,8627.05,112808.0,973941956.9
2021-09-28,8638.9,8669.15,8315.05,8386.4,160613.0,1358114058.65
2021-09-29,8315.0,8345.0,8175.55,8249.6,73859.0,609658957.65
2021-09-30,8300.0,8576.65,8222.55,8378.9,163393.0,1379238653.95
2021-10-01,8394.0,8470.0,8295.0,8310.6,54701.0,457320970.95
2021-10-04,8368.0,8620.0,8339.25,8546.0,89700.0,763432212.95
2021-10-05,8519.7,8519.7,8360.0,8420.15,67908.0,571408650.15
2021-10-06,8450.0,8488.95,8170.0,8197.6,98571.0,817947720.75
2021-10-07,8283.95,8443.0,8263.25,8345.75,68709.0,573632148.95
2021-10-08,8388.0,8850.0,8346.25,8805.75,391685.0,3401155363.5
2021-10-11,8850.0,9099.5,8781.6,8806.65,217071.0,1940050186.05
2021-10-12,8799.95,8999.95,8700.6,8738.35,134219.0,1183949691.4
2021-10-13,8829.55,9555.0,8745.0,9480.1,580592.0,5376423350.85
2021-10-14,9499.95,9676.2,9315.0,9428.9,210290.0,1995083383.15
2021-10-18,9502.85,9710.7,9183.0,9216.05,183408.0,1717369760.6
2021-10-19,9275.0,9449.7,8300.0,8681.7,195350.0,1747295526.95
2021-10-20,8840.0,9087.95,8360.05,8482.3,186052.0,1598991490.75
2021-10-21,8500.0,8647.45,8233.15,8573.85,175762.0,1481671148.95
2021-10-22,8023.0,8299.95,7800.0,7911.75,433979.0,3519203296.85
2021-10-25,7911.75,7915.0,7263.7,7323.95,302086.0,2258809039.55
2021-10-26,7369.0,7488.85,7165.0,7244.55,290566.0,2112427614.45
2021-10-27,7330.0,7540.0,7245.0,7356.7,215926.0,1599708704.5
2021-10-28,7405.0,7412.0,7100.0,7123.8,197885.0,1421120283.75
2021-10-29,7175.0,7299.0,6872.9,7146.5,139765.0,998255676.95
2021-11-01,7248.9,7248.9,7109.85,7190.7,85996.0,617899287.6
2021-11-02,7250.0,7290.6,7156.7,7188.75,97522.0,704822938.55
2021-11-03,7220.0,7456.0,7200.2,7330.9,161403.0,1188074064.9
2021-11-04,7388.7,7447.5,7310.0,7391.8,20707.0,152991033.8
2021-11-08,7411.0,7450.0,7126.3,7182.2,176361.0,1269119208.15
2021-11-09,7180.0,7298.8,7100.0,7212.6,274823.0,1971429945.95
2021-11-10,7210.0,7678.9,7195.15,7597.35,514053.0,3855480783.1
2021-11-11,7625.0,7640.0,7475.1,7511.65,98007.0,737587419.55
2021-11-12,7551.0,7762.95,7502.0,7544.1,202449.0,1540790035.5
2021-11-15,7550.0,7699.0,7496.85,7666.9,138425.0,1050768143.55
2021-11-16,7691.0,7874.45,7605.0,7763.3,254312.0,1981757544.75
2021-11-17,7768.0,7928.8,7723.8,7810.05,142069.0,1114181834.75
2021-11-18,7840.0,7898.4,7556.0,7625.4,102788.0,789396274.45
2021-11-22,7625.4,7750.0,7136.45,7520.35,206082.0,1533445323.5
2021-11-23,7512.35,7599.0,7404.15,7503.2,143189.0,1075413735.05
2021-11-24,7484.0,7598.75,7291.0,7343.2,70165.0,521480795.7
2021-11-25,7339.95,7380.95,7202.05,7258.05,87421.0,634554825.95
2021-11-26,7279.9,7380.0,7177.0,7297.05,100244.0,730457922.1
2021-11-29,7080.0,7449.5,6976.15,7355.55,106707.0,777061640.35
2021-11-30,7360.0,7500.0,7340.0,7459.9,99600.0,740085679.0
2021-12-01,7430.1,7496.4,7382.0,7415.5,53300.0,395502904.0
2021-12-02,7399.0,7438.6,7335.0,7367.6,40110.0,296797169.0
2021-12-03,7399.2,7450.0,7150.15,7163.85,110731.0,801855908.5
2021-12-06,7220.0,7220.0,7030.0,7081.45,69244.0,491640973.45
2021-12-07,7134.9,7200.0,7075.0,7145.0,57195.0,407873473.0
2021-12-08,7241.2,7400.4,7170.0,7306.8,173819.0,1271335284.75
2021-12-09,7343.7,7343.7,7212.55,7288.7,56481.0,410822624.85
2021-12-10,7320.0,7440.0,7265.05,7289.75,91541.0,672613529.0
2021-12-13,7300.0,7359.0,7150.0,7165.35,91407.0,661348141.35
2021-12-14,7165.0,7200.0,7101.0,7118.15,33989.0,242635744.8
2021-12-15,7121.0,7220.0,7120.0,7147.95,59495.0,425624135.75
2021-12-16,7220.0,7220.0,7102.0,7130.45,31121.0,222079807.65
2021-12-17,7110.0,7150.7,6948.4,6967.1,136174.0,953924523.1
2021-12-20,6939.0,6943.9,6472.3,6567.9,143063.0,951794150.3
2021-12-21,6660.0,6733.0,6383.0,6505.05,150466.0,987875798.65
2021-12-22,6599.5,6684.95,6525.0,6597.05,83880.0,552600581.1
2021-12-23,6655.0,6741.4,6561.8,6568.5,88468.0,586779771.2
2021-12-24,6620.0,6697.0,6435.0,6448.85,80424.0,522136497.05
2021-12-27,6448.85,6559.2,6339.3,6491.55,91193.0,590097576.1
2021-12-28,6529.0,6539.95,6420.0,6431.35,84345.0,545866520.6
2021-12-29,6448.0,6448.0,6290.0,6336.3,188996.0,1198889403.75
2021-12-30,6348.0,6398.9,6291.0,6307.0,103155.0,653308777.35
2021-12-31,6350.7,6540.0,6291.0,6476.4,168537.0,1085278878.05
2022-01-03,6470.0,6614.0,6430.0,6574.15,121756.0,794005942.35
2022-01-04,6629.0,6694.0,6491.25,6612.7,126776.0,838291678.6
2022-01-05,6625.0,6626.4,6521.0,6582.2,72496.0,476823456.45
2022-01-06,6536.0,6642.4,6440.0,6569.2,104420.0,681756905.75
2022-01-07,6619.0,6698.95,6570.05,6671.9,102113.0,678070786.0
2022-01-10,6700.0,6736.8,6585.0,6602.7,91050.0,604652380.25
2022-01-11,6639.95,6639.95,6485.0,6504.1,124478.0,811908373.15
2022-01-12,6560.0,6907.0,6508.0,6850.25,311975.0,2119794350.45
2022-01-13,6870.0,6898.75,6711.0,6736.75,123071.0,831940914.7
2022-01-14,6756.45,6870.0,6650.0,6769.9,108380.0,729925414.0
2022-01-17,6762.3,6850.0,6644.65,6703.55,62385.0,419641578.55
2022-01-18,6709.95,6733.3,6451.35,6502.75,91903.0,605291517.85
2022-01-19,6539.0,6539.0,6375.0,6412.0,83628.0,537765907.65
2022-01-20,6440.0,6440.0,6336.0,6353.95,66064.0,421307188.9
2022-01-21,6329.95,6385.0,6066.05,6120.3,166841.0,1032288496.7
2022-01-24,6125.0,6174.95,5720.0,5837.95,182809.0,1079836655.7
2022-01-25,5480.0,5686.65,4970.0,5005.0,938662.0,4844007252.85
2022-01-27,4990.0,4990.0,4301.1,4564.25,1481806.0,6725525570.6
2022-01-28,4605.75,4898.45,4580.5,4825.6,674072.0,3212791112.5
2022-01-31,4947.0,5070.0,4890.5,4988.7,457459.0,2262419619.7
2022-02-01,5070.0,5234.9,4955.0,5172.6,374240.0,1893031586.45
2022-02-02,5239.0,5382.0,5182.0,5273.25,250626.0,1328163181.4
2022-02-03,5273.25,5273.25,5115.0,5182.9,155302.0,804053791.15
2022-02-04,5164.9,5195.0,5060.0,5080.15,117853.0,601718190.65
2022-02-07,5097.0,5139.95,4990.0,5037.35,134552.0,677528999.0
2022-02-08,5054.0,5125.0,4991.65,5002.6,122836.0,617386990.2
2022-02-09,5048.4,5252.65,5032.55,5124.85,195175.0,1010230194.05
2022-02-10,5130.0,5249.9,5035.4,5139.0,109870.0,563719636.1
2022-02-11,5060.05,5099.9,4992.9,5046.0,146303.0,736086633.1
2022-02-14,4805.0,5097.7,4805.0,5023.7,157808.0,786006585.3
2022-02-15,5078.0,5230.0,4984.6,5166.9,171040.0,876606200.95
2022-02-16,5220.0,5248.8,5114.55,5134.9,68329.0,353106515.55
2022-02-17,5165.0,5218.0,4998.15,5008.35,88561.0,449105553.65
2022-02-18,4962.8,5050.0,4810.15,4835.05,236144.0,1171766277.2
2022-02-21,4800.0,4978.85,4640.0,4756.7,268716.0,1296510907.4
2022-02-22,4680.0,4844.0,4555.0,4790.65,151483.0,718812508.05
2022-02-23,4867.7,4978.0,4791.05,4822.1,154752.0,751835676.4
2022-02-24,4699.95,4950.0,4605.0,4794.6,199016.0,939588254.45
2022-02-25,4873.45,4919.5,4764.0,4865.3,231258.0,1119262467.85
2022-02-28,4846.0,4849.0,4740.1,4774.05,123299.0,590377752.2
2022-03-02,4749.0,4880.0,4686.15,4741.55,122816.0,587761904.25
2022-03-03,4814.9,4830.0,4501.15,4547.05,146651.0,680780477.7
2022-03-04,4496.9,4528.25,4380.0,4406.5,154141.0,685294982.2
2022-03-07,4320.0,4320.0,4007.9,4033.8,276327.0,1143456225.95
2022-03-08,4080.0,4189.0,3960.0,4081.75,267610.0,1090433669.65
2022-03-09,4158.4,4315.0,4104.0,4286.45,269091.0,1143949717.2
2022-03-10,4458.85,4521.0,4400.05,4500.8,216674.0,970615044.05
2022-03-11,4500.0,4588.7,4450.0,4477.4,150349.0,675618860.5
2022-03-14,4477.0,4549.85,4400.0,4413.55,119317.0,529544722.7
2022-03-15,4444.1,4550.0,4335.75,4351.85,129780.0,576167280.7
2022-03-16,4414.4,4523.6,4366.05,4464.6,123918.0,551961567.05
2022-03-17,4550.05,4615.0,4465.1,4494.6,141303.0,643511761.55
2022-03-21,4550.0,4584.05,4407.05,4431.0,96471.0,433875600.55
2022-03-22,4439.9,4510.0,4350.0,4485.0,96545.0,428413262.15
2022-03-23,4502.0,4585.0,4450.0,4487.75,99209.0,449198486.0
2022-03-24,4465.0,4542.0,4456.05,4508.0,59943.0,270085569.65
2022-03-25,4545.0,4642.95,4430.2,4453.4,147180.0,666412474.3
2022-03-28,4489.9,4501.85,4332.2,4373.45,82742.0,363535536.05
2022-03-29,4355.0,4407.5,4285.0,4302.4,112978.0,489774904.15
2022-03-30,4328.9,4449.5,4320.0,4416.35,123084.0,540468361.9
2022-03-31,4440.1,4489.95,4310.0,4322.65,97083.0,426886795.25
2022-04-01,4356.8,4499.0,4331.25,4451.25,107839.0,476122033.05
2022-04-04,4499.0,4890.0,4480.0,4821.9,331533.0,1565098224.4
2022-04-05,4959.0,5140.0,4892.55,5069.35,687530.0,3469017996.85
2022-04-06,5069.8,5195.65,4969.05,4996.5,318343.0,1614833568.55
2022-04-07,4990.0,5035.85,4828.2,4852.1,168564.0,829291801.75
2022-04-08,4892.05,4963.8,4865.2,4924.5,99556.0,489923211.9
2022-04-11,4968.8,5248.0,4937.35,5066.15,491774.0,2519629945.6
2022-04-12,5085.0,5085.0,4905.0,5009.45,164034.0,817983303.25
2022-04-13,5057.0,5104.9,4855.2,4896.3,116341.0,575723138.9
2022-04-18,4849.9,4900.0,4750.0,4856.15,85896.0,415920610.65
2022-04-19,4899.95,4975.0,4650.05,4746.05,105553.0,513586766.65
2022-04-20,4779.9,4899.0,4684.0,4712.2,83840.0,399998675.6
2022-04-21,4764.35,4915.0,4750.65,4794.45,168003.0,813745128.4
2022-04-22,4779.75,4865.0,4740.05,4823.2,66419.0,319779644.45
2022-04-25,4726.0,4850.0,4726.0,4813.65,77139.0,369350881.1
2022-04-26,4922.0,5149.9,4905.1,4990.35,392575.0,1967494750.85
2022-04-27,4986.0,5040.0,4811.05,4839.4,158485.0,782841055.9
2022-04-28,4905.0,4985.45,4787.3,4891.45,198881.0,973444881.7
2022-04-29,4739.0,5044.0,4639.6,4914.75,657812.0,3186943415.8
2022-05-02,4889.9,4920.0,4800.05,4877.25,100824.0,490875761.45
2022-05-04,4888.0,4948.85,4770.0,4827.95,117665.0,569475108.0
2022-05-05,4846.75,4908.8,4565.85,4587.45,223091.0,1048479747.8
2022-05-06,4498.0,4540.0,4391.05,4418.7,139137.0,619231794.25
2022-05-09,4380.0,4589.9,4291.2,4411.2,247426.0,1101271184.55
2022-05-10,4400.0,4484.0,4363.3,4388.65,89589.0,396488969.45
2022-05-11,4393.0,4455.0,4273.0,4319.55,92950.0,404671761.1
2022-05-12,4290.0,4319.0,4150.0,4219.0,94513.0,399535507.95
2022-05-13,4255.0,4374.8,4164.7,4187.8,76235.0,326312809.3
2022-05-16,4265.5,4300.0,4130.55,4200.05,60964.0,256024400.9
2022-05-17,4274.9,4310.2,4179.55,4271.35,123976.0,523382982.8
2022-05-18,4285.0,4390.0,4242.55,4258.75,94845.0,408901694.65
2022-05-19,4152.75,4273.45,4101.0,4149.35,95706.0,399138910.8
2022-05-20,4258.55,4296.0,4165.0,4276.25,106148.0,449501562.15
2022-05-23,4296.0,4430.0,4247.0,4279.15,108910.0,475491840.8
2022-05-24,4324.95,4324.95,4215.65,4257.75,77707.0,331350531.8
2022-05-25,4275.0,4338.1,4093.45,4125.25,79927.0,334198652.2
2022-05-26,4144.0,4266.85,4050.25,4174.6,142230.0,591831041.15
2022-05-27,4230.0,4579.0,4229.8,4515.3,417020.0,1858357666.2
2022-05-30,4568.4,4682.1,4523.35,4546.45,173313.0,799578827.6
2022-05-31,4574.0,4693.7,4533.0,4554.5,152283.0,701336629.5
2022-06-01,4575.85,4725.0,4505.0,4569.25,161162.0,744729019.0
2022-06-02,4593.65,4637.45,4500.65,4587.4,81954.0,373870869.05
2022-06-03,4639.0,4650.0,4492.6,4508.85,76328.0,348838150.35
2022-06-06,4525.0,4539.0,4365.0,4425.5,88566.0,391713196.95
2022-06-07,4419.0,4426.4,4320.0,4347.2,56726.0,247649652.35
2022-06-08,4394.0,4421.0,4302.05,4334.75,62566.0,272023182.5
2022-06-09,4315.0,4399.0,4277.6,4355.4,38450.0,166440164.0
2022-06-10,4328.1,4376.0,4201.0,4231.4,75188.0,320893942.4
2022-06-13,4162.0,4164.15,4080.0,4088.75,68538.0,281210214.65
2022-06-14,4060.0,4217.0,4060.0,4118.9,92472.0,384082400.25
2022-06-15,4174.4,4210.0,4110.65,4174.4,45203.0,187884049.25
2022-06-16,4241.8,4280.0,4060.0,4086.9,86692.0,362050161.1
2022-06-17,4092.7,4100.0,3821.45,3975.75,194231.0,764603832.15
2022-06-20,3980.0,4032.8,3785.1,3812.8,116242.0,450301003.2
2022-06-21,3820.0,4194.05,3819.95,4184.25,429774.0,1756995195.0
2022-06-22,4144.9,4198.5,4070.0,4095.5,180993.0,745250880.55
2022-06-23,4095.55,4175.0,4060.95,4115.25,104562.0,429979476.55
2022-06-24,4145.0,4319.0,4115.1,4140.6,201988.0,845130714.1
2022-06-27,4200.0,4237.25,4125.4,4146.4,126766.0,528729315.7
2022-06-28,4149.0,4149.0,4010.0,4073.4,134607.0,549109549.2
2022-06-29,4025.0,4025.0,3890.15,3910.15,273226.0,1072822365.8
2022-06-30,3934.85,3995.0,3788.0,3809.2,203347.0,787679574.75
2022-07-01,3822.5,3877.4,3791.05,3818.5,98110.0,375615543.65
2022-07-04,3845.05,3867.65,3751.0,3765.55,116963.0,442969773.15
2022-07-05,3801.0,3830.7,3700.25,3709.65,165441.0,622516300.5
2022-07-06,3725.0,3780.0,3676.0,3735.15,215465.0,803673227.25
2022-07-07,3800.15,3925.0,3780.0,3911.75,301819.0,1172420460.6
2022-07-08,3959.5,3959.95,3872.0,3908.45,106534.0,415974833.25
2022-07-11,3947.9,3947.9,3875.4,3886.55,82410.0,321923913.45
2022-07-12,3889.0,3923.0,3835.05,3848.1,76206.0,295513797.05
2022-07-13,3891.0,3935.0,3859.2,3911.3,81089.0,316556662.95
2022-07-14,3913.1,3969.0,3882.95,3920.25,101612.0,399032771.85
2022-07-15,3949.0,3989.0,3892.7,3976.0,115843.0,457456142.1
2022-07-18,3999.0,4137.9,3986.55,4068.35,157441.0,642005301.9
2022-07-19,4065.0,4124.55,4040.0,4108.0,102132.0,417327855.7
2022-07-20,4140.0,4239.9,4135.0,4162.85,148718.0,622079888.9
2022-07-21,4162.85,4275.0,4139.1,4256.3,151518.0,641537977.05
2022-07-22,4115.0,4181.45,4050.0,4074.45,481727.0,1968273357.0
2022-07-25,4062.0,4073.6,3927.2,3986.6,199856.0,795062328.65
2022-07-26,4001.0,4088.8,3974.65,4017.05,171095.0,690602936.55
2022-07-27,4029.95,4130.0,4029.9,4098.6,224084.0,918709635.5
2022-07-28,4132.0,4177.0,4107.0,4158.2,139188.0,577314670.15
2022-07-29,4185.0,4310.0,4179.35,4254.15,130438.0,555241794.6
2022-08-01,4289.9,4330.0,4235.0,4300.05,87907.0,377722020.9
2022-08-02,4305.0,4334.05,4228.0,4314.95,79026.0,338686757.4
2022-08-03,4300.95,4358.5,4240.0,4289.7,67250.0,287725747.55
2022-08-04,4323.95,4567.85,4303.0,4486.5,502987.0,2252461593.2
2022-08-05,4504.0,4600.55,4439.35,4573.6,167497.0,759142528.25
2022-08-08,4549.95,4632.0,4473.0,4489.7,230516.0,1053300419.7
2022-08-10,4485.0,4485.0,4362.0,4389.75,115183.0,510585444.5
2022-08-11,4426.4,4456.7,4350.5,4374.65,72667.0,319399249.2
2022-08-12,4370.0,4377.7,4258.1,4272.0,107343.0,462693605.15
2022-08-16,4295.0,4399.7,4266.9,4381.95,182939.0,797245699.35
2022-08-17,4405.3,4435.0,4320.5,4380.15,187490.0,819535562.5
2022-08-18,4385.0,4510.0,4380.0,4434.7,198389.0,884241037.9
2022-08-19,4465.0,4499.0,4263.05,4297.7,100523.0,441046262.25
2022-08-22,4299.0,4324.95,4100.0,4109.9,347374.0,1456385674.7
2022-08-23,4060.0,4161.25,4037.5,4125.75,108148.0,443834472.25
2022-08-24,4139.0,4177.45,4080.85,4091.45,172204.0,708628769.0
2022-08-25,4144.2,4349.1,4123.65,4287.05,354080.0,1511548334.35
2022-08-26,4348.0,4420.0,4295.0,4376.4,121411.0,528625581.55
2022-08-29,4200.0,4449.05,4200.0,4408.9,111122.0,485311170.05
2022-08-30,4418.0,4484.1,4350.05,4410.05,199524.0,880712627.3
2022-09-01,4398.0,4489.05,4359.9,4483.3,108636.0,484410855.15
2022-09-02,4485.0,4880.0,4451.05,4752.3,595254.0,2816997098.65
2022-09-05,4785.0,4795.0,4641.65,4660.75,194922.0,913917590.0
2022-09-06,4684.1,4749.9,4600.0,4688.45,176057.0,822060160.1
2022-09-07,4668.0,4816.55,4658.0,4743.75,221567.0,1054148685.9
2022-09-08,4790.0,4831.7,4731.45,4746.8,100825.0,481245525.25
2022-09-09,4778.8,4830.0,4747.0,4767.8,98101.0,469886407.35
2022-09-12,4775.0,4820.3,4751.0,4764.85,57125.0,273099249.25
2022-09-13,4800.0,4828.0,4720.0,4766.6,68739.0,327806460.85
2022-09-14,4690.0,4738.35,4628.8,4713.55,80414.0,378431001.2
2022-09-15,4737.15,4765.0,4650.0,4697.1,59168.0,278305687.65
2022-09-16,4709.3,4727.9,4435.0,4486.45,149546.0,678956036.3
2022-09-19,4505.0,4516.0,4376.75,4407.85,68187.0,301835202.5
2022-09-20,4429.9,4509.85,4401.35,4436.25,84256.0,376041110.15
2022-09-21,4425.0,4496.45,4390.15,4402.75,69367.0,306707837.05
2022-09-22,4400.0,4448.55,4321.0,4406.65,114015.0,499372778.35
2022-09-23,4406.0,4445.0,4365.05,4402.25,95806.0,421811054.0
2022-09-26,4383.0,4406.3,4230.0,4363.35,153655.0,664907575.45
2022-09-27,4353.0,4429.9,4302.05,4408.8,124498.0,543299843.7
2022-09-28,4390.0,4424.95,4308.05,4341.4,104829.0,457616423.9
2022-09-29,4363.15,4421.55,4355.25,4411.45,71760.0,315931235.1
2022-09-30,4382.0,4510.0,4272.4,4457.85,112116.0,492147926.25
2022-10-03,4448.8,4537.7,4410.25,4470.9,67018.0,299588574.15
2022-10-04,4489.9,4568.0,4466.7,4511.6,64142.0,289763845.9
2022-10-06,4515.0,4553.0,4495.0,4522.25,82863.0,375098318.15
2022-10-07,4515.0,4542.0,4434.75,4486.6,49588.0,222055809.9
2022-10-10,4426.6,4490.0,4382.4,4472.75,39177.0,173787699.15
2022-10-11,4465.1,4530.25,4356.05,4391.95,78206.0,345896660.45
2022-10-12,4413.95,4470.4,4305.7,4457.8,70182.0,308233855.05
2022-10-13,4450.0,4559.95,4338.0,4362.15,102656.0,457812382.95
2022-10-14,4467.55,4467.55,4320.0,4336.8,48846.0,214511109.9
2022-10-17,4320.0,4425.0,4266.0,4373.0,71625.0,311625037.7
2022-10-18,4394.9,4625.05,4391.85,4508.9,310319.0,1406483358.6
2022-10-19,4520.0,4566.15,4475.0,4495.9,69110.0,312152302.1
2022-10-20,4444.0,4537.95,4351.0,4419.2,190178.0,843630000.7
2022-10-21,4401.0,4479.0,4350.0,4360.8,64209.0,283746446.45
2022-10-24,4380.0,4450.0,4334.0,4364.15,11116.0,48742185.35
2022-10-25,4365.0,4438.0,4346.3,4391.85,98538.0,432458795.55
2022-10-27,4404.65,4620.0,4394.25,4567.25,119027.0,533860140.45
2022-10-28,4590.1,4610.0,4510.65,4541.4,122719.0,558652941.6
2022-10-31,4550.0,4636.0,4550.0,4591.45,71442.0,327753808.6
2022-11-01,4600.0,4666.7,4569.0,4631.35,65870.0,303936030.4
2022-11-02,4603.0,4671.2,4600.0,4637.95,48351.0,224222452.3
2022-11-03,4600.0,4730.0,4581.0,4717.4,168558.0,783791007.1
2022-11-04,4717.4,4760.0,4680.0,4700.9,49166.0,231758706.3
2022-11-07,4700.9,4820.0,4700.0,4792.15,100932.0,482698098.75
2022-11-09,4793.0,4837.85,4777.95,4805.05,69065.0,332004597.5
2022-11-10,4764.8,4830.0,4760.0,4820.65,58205.0,279939632.85
2022-11-11,4840.65,4915.0,4756.75,4795.55,136383.0,657818918.2
2022-11-14,4750.0,4789.95,4600.0,4635.6,136864.0,644394898.4
2022-11-15,4639.9,4745.0,4639.9,4704.25,138268.0,650656282.6
2022-11-16,4704.25,4742.0,4657.55,4711.65,74990.0,352860544.65
2022-11-17,4675.0,4713.95,4502.55,4583.25,202487.0,927850663.45
2022-11-18,4594.0,4650.0,4400.0,4491.55,121280.0,542564915.35
2022-11-21,4481.0,4512.5,4380.0,4404.7,43020.0,190921457.45
2022-11-22,4418.0,4459.0,4370.0,4383.65,40226.0,177145818.0
2022-11-23,4405.6,4429.0,4310.0,4341.05,64568.0,280656349.35
2022-11-24,4370.0,4376.5,4292.0,4338.15,131203.0,568282727.65
2022-11-25,4345.0,4395.0,4302.1,4379.6,52618.0,228821097.5
2022-11-28,4398.85,4467.85,4356.3,4405.7,60592.0,267756752.15
2022-11-29,4400.0,4450.0,4372.25,4384.35,41019.0,181008746.2
2022-11-30,4398.8,4427.0,4360.0,4383.6,33183.0,145488698.0
2022-12-01,4422.45,4500.0,4395.0,4443.4,84156.0,375608801.65
2022-12-02,4430.0,4475.0,4414.55,4466.75,36064.0,160640284.55
2022-12-05,4489.1,4496.0,4430.0,4479.7,40431.0,180936899.0
2022-12-06,4463.0,4488.0,4441.05,4458.1,29697.0,132560813.15
2022-12-07,4449.0,4501.1,4365.25,4382.6,51905.0,228990607.25
2022-12-08,4395.4,4442.0,4377.55,4418.7,31105.0,137316425.3
2022-12-09,4420.0,4508.0,4408.2,4435.45,86693.0,386952016.4
2022-12-12,4427.4,4466.5,4398.3,4440.0,35156.0,155821043.6
2022-12-13,4463.95,4463.95,4370.15,4380.7,43577.0,191771677.45
2022-12-14,4398.8,4459.95,4375.0,4393.0,55996.0,246956401.35
2022-12-15,4389.8,4405.6,4264.2,4351.25,136751.0,592377729.35
2022-12-16,4320.0,4364.9,4285.0,4334.5,38651.0,167252354.95
2022-12-19,4330.05,4575.0,4320.0,4481.15,315105.0,1420650923.15
2022-12-20,4455.0,4573.3,4438.8,4518.8,120528.0,543791090.35
2022-12-21,4544.4,4589.0,4390.75,4407.35,69039.0,310272798.9
2022-12-22,4410.0,4446.3,4326.0,4346.6,42281.0,184692550.0
2022-12-23,4276.05,4322.85,4087.0,4108.75,89955.0,375501348.4
2022-12-26,4129.3,4269.0,4091.0,4245.9,75198.0,316931219.4
2022-12-27,4260.0,4294.9,4224.75,4258.15,44157.0,188072020.6
2022-12-28,4258.15,4287.1,4200.0,4210.15,86759.0,368273631.95
2022-12-29,4182.0,4296.05,4175.0,4278.1,68971.0,292760813.35
2022-12-30,4278.1,4355.0,4278.1,4319.5,37193.0,160775586.15
2023-01-02,4341.1,4358.8,4307.25,4327.35,30630.0,132739377.25
2023-01-03,4313.3,4380.0,4313.3,4351.15,20736.0,90327355.3
2023-01-04,4372.0,4385.55,4320.0,4359.95,31403.0,136751900.75
2023-01-05,4385.0,4385.0,4316.9,4368.05,25914.0,112890046.9
2023-01-06,4368.0,4375.0,4291.65,4339.55,35726.0,154990178.15
2023-01-09,4352.15,4386.5,4305.25,4345.1,33072.0,143549294.5
2023-01-10,4346.0,4406.6,4340.05,4364.95,40636.0,177559338.5
2023-01-11,4375.0,4432.9,4370.0,4405.0,31306.0,137828623.25
2023-01-12,4405.0,4460.0,4396.8,4446.55,34163.0,151584938.3
2023-01-13,4456.95,4479.2,4399.0,4460.55,34233.0,152069444.15
2023-01-16,4475.0,4627.0,4464.25,4586.3,158249.0,722977937.15
2023-01-17,4565.55,4595.0,4510.0,4540.5,61807.0,280368890.25
2023-01-18,4520.0,4587.35,4460.0,4510.65,76249.0,343481582.35
2023-01-19,4464.0,4520.0,4443.1,4479.5,62418.0,279673927.5
2023-01-20,4500.0,4698.35,4496.0,4549.6,309371.0,1416571385.55
2023-01-23,4570.0,4650.0,4550.05,4594.95,110662.0,508810312.8
2023-01-24,4620.0,4720.0,4584.05,4694.45,129388.0,603592469.5
2023-01-25,4694.45,4723.95,4640.05,4680.7,83633.0,391128961.2
2023-01-27,4651.1,4674.9,4400.0,4434.35,64055.0,287428355.65
2023-01-30,4444.0,4464.85,4371.0,4418.1,36450.0,160958842.25
2023-01-31,4428.15,4549.9,4410.95,4538.6,42549.0,190911288.75
2023-02-01,4538.8,4656.0,4451.7,4507.4,78287.0,359060207.9
2023-02-02,4502.0,4610.0,4455.1,4538.5,46820.0,213604339.35
2023-02-03,4550.0,4605.0,4527.6,4567.05,72353.0,330368261.0
2023-02-06,4588.0,4720.0,4562.9,4696.2,91895.0,427619514.2
2023-02-07,4690.0,4748.95,4655.3,4715.5,63397.0,298505077.05
2023-02-08,4717.4,4802.85,4665.4,4701.0,108733.0,515304718.25
2023-02-09,4701.0,4766.4,4641.3,4751.55,56592.0,267780631.8
2023-02-10,4722.0,4829.4,4721.95,4791.75,56519.0,271178766.7
2023-02-13,4784.0,4800.0,4657.15,4684.7,52233.0,246822936.7
2023-02-14,4684.0,4757.9,4650.2,4716.55,68316.0,322971533.45
2023-02-15,4700.0,4856.25,4700.0,4743.4,98920.0,473976165.45
2023-02-16,4768.8,4819.55,4736.95,4794.35,60002.0,287302778.5
2023-02-17,4781.0,4816.2,4746.1,4797.45,52938.0,253500981.2
2023-02-20,4810.0,4830.0,4736.15,4754.15,49485.0,237486450.1
2023-02-21,4765.0,4810.0,4743.05,4760.35,53518.0,256288940.7
2023-02-22,4754.0,4760.0,4680.05,4719.25,39798.0,187663039.6
2023-02-23,4738.4,4820.5,4686.0,4788.6,117840.0,560832546.4
2023-02-24,4788.65,4870.0,4748.6,4768.1,59908.0,288001309.3
2023-02-27,4711.0,4773.7,4681.0,4745.35,40696.0,192596893.8
2023-02-28,4759.0,4865.95,4750.0,4848.95,81511.0,393776187.6
2023-03-01,4860.0,5045.0,4848.0,4951.3,231049.0,1150774364.5
2023-03-02,4957.0,4994.0,4848.65,4906.85,79769.0,391767540.55
2023-03-03,4915.95,4964.95,4888.25,4915.2,52057.0,256306252.7
2023-03-06,4958.0,5009.8,4930.05,4954.25,78056.0,387784097.35
2023-03-08,4940.25,4950.0,4908.0,4929.6,31021.0,152888719.6
2023-03-09,4950.0,5050.0,4920.85,4940.25,109650.0,547045537.85
2023-03-10,4919.95,4919.95,4730.0,4755.45,114614.0,547084121.0
2023-03-13,4721.0,4754.7,4639.55,4661.3,82813.0,388418658.05
2023-03-14,4640.0,4734.95,4631.2,4707.55,70016.0,328525735.0
2023-03-15,4745.0,4778.8,4716.3,4739.4,47757.0,226564419.55
2023-03-16,4739.4,4870.0,4700.0,4800.8,66641.0,319505085.25
2023-03-17,4808.05,4920.0,4800.8,4893.5,54251.0,265043580.8
2023-03-20,4893.5,4940.0,4844.0,4904.25,68350.0,332897277.35
2023-03-21,4909.95,5139.95,4900.5,5102.3,327455.0,1662918390.65
2023-03-22,5105.05,5193.0,5019.65,5035.05,129324.0,658608559.2
2023-03-23,5035.05,5035.05,4922.65,4932.9,81806.0,405820922.5
2023-03-24,4923.1,5077.45,4921.0,4976.85,109860.0,550220281.3
2023-03-27,4970.05,5114.0,4950.3,5036.95,116730.0,589741489.95
2023-03-28,5050.0,5066.55,4966.55,5011.25,75787.0,380377718.05
2023-03-29,4990.0,5050.0,4958.8,5006.45,147001.0,736225598.35
2023-03-31,5006.45,5097.7,4990.0,5019.75,85899.0,433577693.9
2023-04-03,5040.0,5041.2,4939.35,5016.75,88490.0,442320566.7
2023-04-05,5015.0,5069.9,4975.55,5052.2,69047.0,346434969.4
2023-04-06,5065.0,5070.0,4987.65,5000.35,25108.0,125861105.75
2023-04-10,5000.35,5061.45,4950.2,5045.75,74293.0,371459993.15
2023-04-11,5045.75,5163.45,5025.25,5136.1,106699.0,546489823.65
2023-04-12,5140.0,5340.0,5128.95,5331.45,285071.0,1506315578.95
2023-04-13,5374.95,5565.5,5329.55,5391.5,346885.0,1890854569.05
2023-04-17,5395.0,5466.0,5340.0,5353.95,117767.0,635018500.8
2023-04-18,5358.0,5432.5,5332.65,5360.7,78106.0,420654108.25
2023-04-19,5361.0,5495.0,5342.1,5397.95,131355.0,713906428.9
2023-04-20,5446.0,5483.2,5400.25,5408.2,79623.0,433147245.15
2023-04-21,5448.0,5448.0,5220.0,5249.7,78101.0,415083716.85
2023-04-24,5250.0,5303.0,5179.3,5204.4,63330.0,331324942.95
2023-04-25,5200.0,5398.0,5182.5,5318.3,156713.0,831445226.75
2023-04-26,5337.95,5360.6,5240.35,5274.15,112208.0,594094319.05
2023-04-27,5306.0,5318.95,5224.45,5248.5,49997.0,262771814.7
2023-04-28,5315.0,5420.0,5211.05,5366.65,183459.0,978121631.45
2023-05-02,5350.0,5653.45,5327.05,5628.15,318763.0,1764383795.3
2023-05-03,5628.0,5750.0,5601.05,5735.1,248018.0,1410394763.3
2023-05-04,5735.1,6097.0,5735.1,6040.2,498194.0,2960318430.2
2023-05-05,6055.0,6055.0,5900.15,5946.9,170206.0,1015321756.65
2023-05-08,5967.15,6020.0,5881.0,5985.65,150996.0,900159180.1
2023-05-09,5998.95,6024.15,5882.1,5939.3,102526.0,610065276.95
2023-05-10,5947.0,5981.85,5893.05,5928.35,69214.0,410279446.55
2023-05-11,5935.0,5966.0,5861.25,5910.7,66457.0,392922464.85
2023-05-12,5917.0,5987.95,5870.0,5909.35,92836.0,550607125.05
2023-05-15,5900.0,5979.95,5852.65,5955.8,95861.0,569021077.4
2023-05-16,5985.6,5990.05,5835.0,5851.35,74851.0,440790776.7
2023-05-17,5850.0,5850.0,5774.5,5809.95,94089.0,546180541.7
2023-05-18,5861.85,5861.85,5615.85,5640.7,112964.0,645170813.05
2023-05-19,5680.1,5694.45,5553.0,5588.5,114407.0,639971587.5
2023-05-22,5594.95,5617.85,5521.9,5571.15,51297.0,285824010.55
2023-05-23,5580.0,5590.0,5520.1,5534.9,47462.0,263092936.05
2023-05-24,5527.65,5559.5,5480.15,5542.6,84908.0,469902652.85
2023-05-25,5542.0,5580.0,5433.0,5498.55,86802.0,475767116.85
2023-05-26,5466.0,5619.85,5456.65,5559.9,99263.0,551045179.25
2023-05-29,5561.0,5598.0,5534.55,5545.6,32425.0,180370574.5
2023-05-30,5550.0,5568.55,5485.0,5502.55,33360.0,184039226.3
2023-05-31,5525.0,5610.7,5495.1,5580.55,92572.0,516100030.95
2023-06-01,5583.95,5665.0,5551.5,5601.05,103278.0,578651149.95
2023-06-02,5622.85,5714.0,5600.0,5700.8,86326.0,490109965.3
2023-06-05,5749.95,5749.95,5581.0,5618.95,100102.0,564287425.9
2023-06-06,5623.0,5639.95,5583.0,5605.4,51604.0,289334740.05
2023-06-07,5634.0,5693.7,5612.2,5649.15,52415.0,296416160.3
2023-06-08,5660.95,5678.85,5518.05,5537.05,70289.0,392021751.75
2023-06-09,5569.9,5669.95,5521.0,5587.95,77838.0,436271381.05
2023-06-12,5600.0,5698.0,5547.55,5677.1,102380.0,578810262.05
2023-06-13,5700.0,5793.75,5699.95,5746.2,86235.0,495709760.95
2023-06-14,5784.0,5838.0,5724.05,5810.75,96160.0,556697437.9
2023-06-15,5811.95,5872.25,5803.65,5838.95,75225.0,439329809.65
2023-06-16,5847.0,5969.0,5809.75,5909.85,126141.0,746676959.85
2023-06-19,5938.0,5950.0,5838.05,5910.35,78710.0,464260789.05
2023-06-20,5911.0,5938.6,5851.6,5915.3,106862.0,630765274.7
2023-06-21,2980.0,3014.0,2965.0,2990.5,346075.0,1034253281.65
2023-06-22,2990.0,3001.5,2888.05,2928.25,263532.0,771419598.05
2023-06-23,2928.0,2938.6,2885.0,2905.5,131604.0,382660403.65
2023-06-26,2893.0,2913.3,2865.0,2873.2,131680.0,380739273.3
2023-06-27,2882.0,2894.0,2840.0,2848.25,131943.0,377909973.75
2023-06-28,2860.05,2872.35,2781.65,2797.7,115682.0,325379568.25
2023-06-30,2817.2,2847.95,2800.45,2814.2,166267.0,468621939.45
2023-07-03,2835.95,2835.95,2740.15,2771.1,108986.0,302109455.1
2023-07-04,2790.95,2801.0,2750.7,2795.1,148163.0,413272229.9
2023-07-05,2817.7,2860.0,2799.15,2802.85,258647.0,729907042.3
2023-07-06,2805.2,2854.9,2801.45,2835.75,200668.0,568822108.5
2023-07-07,2840.0,2850.0,2736.0,2745.8,184170.0,510432264.55
2023-07-10,2746.0,2750.0,2611.4,2649.25,319249.0,847461366.95
2023-07-11,2644.35,2790.0,2644.35,2771.95,557904.0,1521226213.15
2023-07-12,2772.0,2840.0,2772.0,2788.75,274950.0,771656178.85
2023-07-13,2817.15,2817.15,2732.1,2748.6,126216.0,349706788.2
2023-07-14,2770.0,2896.9,2734.5,2849.3,406717.0,1146971767.75
2023-07-17,2875.0,2998.95,2866.6,2902.6,396585.0,1162244116.65
2023-07-18,2920.0,2929.0,2830.45,2891.0,209480.0,599896827.0
2023-07-19,2890.95,2909.55,2851.2,2873.5,126933.0,365278058.85
2023-07-20,2894.4,2924.65,2853.0,2900.5,316226.0,915141968.55
2023-07-21,3050.0,3335.55,2940.0,3151.0,3260210.0,10160600101.8
2023-07-24,3169.85,3169.85,3032.7,3046.6,510989.0,1579390611.1
2023-07-25,3067.95,3080.0,2894.7,2937.75,533394.0,1585224223.05
2023-07-26,2961.65,2972.7,2925.2,2942.75,262170.0,772286718.05
2023-07-27,2962.0,3022.85,2953.75,3000.8,282050.0,846140109.1
2023-07-28,3015.05,3099.0,3005.15,3090.25,372363.0,1144546427.35
2023-07-31,3109.8,3140.0,3088.15,3112.4,197484.0,615332996.5
2023-08-01,3130.0,3157.0,3101.5,3129.15,166030.0,520291234.3
2023-08-02,3130.0,3130.0,3000.0,3033.05,189104.0,576265222.15
2023-08-03,3033.05,3063.95,2963.3,3020.05,180394.0,542978955.75
2023-08-04,3039.55,3135.0,3030.8,3125.2,264574.0,821122275.0
2023-08-07,3143.25,3183.9,3106.6,3171.5,215930.0,680715731.75
2023-08-08,3161.1,3204.3,3123.5,3187.2,169034.0,536202797.45
2023-08-09,3195.7,3207.6,3132.55,3153.1,99490.0,314257041.3
2023-08-10,3151.05,3177.0,3131.0,3160.05,104594.0,329959606.25
2023-08-11,3174.3,3176.7,3126.55,3134.2,77531.0,244222792.75
2023-08-14,3135.3,3188.0,3078.8,3180.75,118745.0,372933477.25
2023-08-16,3180.0,3180.0,3110.05,3124.55,106255.0,332897262.15
2023-08-17,3126.0,3145.0,3115.0,3127.9,101316.0,317259462.85
2023-08-18,3130.0,3141.25,3063.0,3080.95,130998.0,404981704.25
2023-08-21,3096.15,3177.75,3072.45,3113.6,269066.0,840194279.55
2023-08-22,3129.0,3167.1,3100.0,3156.9,139674.0,439021781.3
2023-08-23,3172.0,3198.0,3102.6,3111.85,300929.0,944432580.95
2023-08-24,3135.0,3165.1,3120.0,3131.9,172184.0,540466606.65
2023-08-25,3095.0,3109.0,3005.0,3016.0,181115.0,552458890.2
2023-08-28,3021.1,3065.0,3014.0,3028.7,133279.0,404043494.75
2023-08-29,3028.7,3043.75,3008.6,3019.65,67364.0,203455974.05
2023-08-30,3027.95,3062.3,3000.05,3005.75,150255.0,454790503.2
2023-08-31,3014.95,3070.0,2997.6,3061.05,173562.0,527910928.0
2023-09-01,3063.0,3126.0,3062.95,3111.85,133454.0,413160668.35
2023-09-04,3123.3,3155.0,3100.25,3145.65,143309.0,448771567.45
2023-09-05,3150.0,3265.0,3150.0,3215.85,369970.0,1192626163.55
2023-09-06,3220.1,3281.0,3185.0,3267.95,191780.0,625315385.1
2023-09-07,3260.0,3292.0,3195.0,3202.55,153322.0,497706916.85
2023-09-08,3210.0,3264.95,3210.0,3219.0,112078.0,362611117.7
2023-09-11,3219.0,3247.5,3183.7,3191.4,84066.0,269918323.55
2023-09-12,3210.0,3214.95,3080.8,3131.9,288904.0,903140911.8
2023-09-13,3110.0,3157.4,3055.0,3088.45,127957.0,395398141.2
2023-09-14,3090.0,3121.35,3072.0,3102.15,192971.0,596679816.3
2023-09-15,3120.0,3188.95,3040.0,3086.45,563107.0,1752628681.8
2023-09-18,3079.8,3079.8,3005.55,3026.4,200719.0,606957097.0
2023-09-20,3038.75,3052.95,2992.45,3019.9,178185.0,538491276.45
2023-09-21,3011.0,3029.0,2971.9,2987.95,164911.0,495102466.85
2023-09-22,2990.95,3007.05,2970.0,2991.2,210901.0,631421640.5
2023-09-25,2986.25,2994.05,2935.7,2948.2,98949.0,292933959.75
2023-09-26,2948.2,2953.35,2910.0,2916.15,101888.0,298422785.95
2023-09-27,2930.0,2940.0,2872.5,2911.05,150470.0,435948588.75
2023-09-28,2928.0,2957.95,2850.0,2867.75,172985.0,501951162.0
2023-09-29,2880.0,2889.55,2850.1,2876.3,127064.0,364897181.55
2023-10-03,2876.0,2895.0,2827.05,2882.4,90983.0,260452751.1
2023-10-04,2888.0,2921.55,2866.3,2884.7,242164.0,700942532.7
2023-10-05,2905.0,2924.35,2851.0,2861.7,105851.0,304683145.45
2023-10-06,2880.05,2904.5,2863.4,2867.9,69971.0,201557734.0
2023-10-09,2867.9,2867.9,2790.0,2804.6,132425.0,372227057.5
2023-10-10,2819.95,2834.55,2785.05,2820.8,107762.0,303469397.1
2023-10-11,2830.0,2899.75,2795.3,2831.05,225366.0,644125470.25
2023-10-12,2840.0,2884.0,2825.15,2836.1,131566.0,373942415.55
2023-10-13,2825.0,2847.0,2796.95,2825.8,126610.0,358220215.1
2023-10-16,2826.05,2862.0,2812.0,2821.05,118192.0,334623458.25
2023-10-17,2849.3,2849.3,2816.2,2822.0,81831.0,230965935.7
2023-10-18,2824.0,2834.85,2778.0,2795.25,104408.0,292352878.75
2023-10-19,2773.05,2782.1,2750.0,2760.75,54485.0,150751668.45
2023-10-20,2750.0,2759.95,2702.2,2722.5,152987.0,417276815.0
2023-10-23,2722.5,2751.15,2670.0,2693.05,109330.0,297547459.65
2023-10-25,2677.0,2726.0,2641.05,2692.2,176590.0,475199800.2
2023-10-26,2692.25,2692.3,2613.65,2660.25,143111.0,378815392.0
2023-10-27,2690.0,2807.95,2671.5,2771.5,239787.0,659360718.65
2023-10-30,2715.0,2715.0,2581.5,2634.4,455369.0,1194564108.65
2023-10-31,2650.0,2660.0,2596.5,2649.6,176277.0,462840160.1
2023-11-01,2645.0,2645.65,2540.0,2549.55,216286.0,560756971.2
2023-11-02,2565.0,2576.35,2538.95,2564.7,320302.0,819351992.05
2023-11-03,2565.0,2607.15,2533.85,2590.85,320471.0,821272109.1
2023-11-06,2616.0,2616.0,2568.3,2584.25,256566.0,663522259.2
2023-11-07,2584.25,2612.45,2552.55,2605.45,244879.0,632848180.85
2023-11-08,2610.0,2642.45,2603.25,2638.0,187010.0,491205175.35
2023-11-09,2689.5,2689.5,2587.5,2621.5,240863.0,629803304.85
2023-11-10,2626.45,2628.2,2590.8,2601.75,84558.0,220465898.4
2023-11-12,2634.9,2639.7,2600.0,2615.2,16163.0,42348058.2
2023-11-13,2610.0,2615.2,2572.6,2585.75,158697.0,411523613.55
2023-11-15,2612.0,2619.55,2547.15,2584.2,322758.0,832779728.2
2023-11-16,2584.95,2612.7,2564.05,2602.05,237131.0,615909157.95
2023-11-17,2600.0,2624.45,2577.05,2607.05,311901.0,813078012.75
2023-11-20,2625.0,2645.0,2600.0,2628.5,208150.0,546198578.5
2023-11-21,2639.85,2646.35,2586.9,2593.35,217735.0,569251119.95
2023-11-22,2582.05,2600.35,2557.5,2579.65,107438.0,277107936.0
2023-11-23,2581.95,2602.0,2561.05,2593.85,178260.0,462107352.55
2023-11-24,2599.95,2614.35,2591.15,2599.1,100564.0,261629325.15
2023-11-28,2599.05,2625.0,2581.75,2590.25,90002.0,233215456.6
2023-11-29,2590.25,2624.0,2590.25,2613.7,148896.0,389416178.65
2023-11-30,2626.2,2632.2,2595.0,2604.05,179170.0,467168437.95
2023-12-01,2605.75,2623.0,2585.15,2598.15,217419.0,567172486.5
2023-12-04,2620.15,2629.85,2586.05,2604.4,165462.0,430531994.25
2023-12-05,2619.0,2636.0,2578.0,2601.9,224501.0,585706593.8
2023-12-06,2617.0,2726.0,2599.9,2709.4,688958.0,1839774125.1
2023-12-07,2735.0,2755.3,2678.4,2718.8,416572.0,1133852117.25
2023-12-08,2730.95,2733.55,2645.05,2677.3,296222.0,792892962.0
2023-12-11,2675.0,2720.0,2661.0,2678.2,221114.0,593866255.85
2023-12-12,2679.95,2832.0,2672.1,2751.5,1125987.0,3121159280.1
2023-12-13,2761.45,2813.2,2753.7,2793.15,276609.0,769407575.9
2023-12-14,2820.0,2850.0,2790.0,2796.6,248571.0,701367762.85
2023-12-15,2825.0,2825.0,2775.1,2791.1,202224.0,566717795.3
2023-12-18,2792.0,2860.0,2741.0,2835.05,348651.0,987272413.05
2023-12-19,2851.0,2912.0,2800.0,2809.35,515185.0,1475968321.1
2023-12-20,2813.0,2850.0,2651.1,2680.95,462218.0,1281174894.5
2023-12-21,2665.0,2755.15,2628.5,2739.95,405523.0,1105894514.7
2023-12-22,2763.0,2769.25,2696.05,2711.75,142476.0,388472219.75
2023-12-26,2734.0,2768.0,2721.25,2750.8,159084.0,437749955.75
2023-12-27,2760.0,2791.95,2751.6,2771.55,159631.0,442253423.4
2023-12-28,2784.0,2808.75,2757.05,2793.65,193732.0,539090992.0
2023-12-29,2775.0,2788.9,2652.0,2721.9,452732.0,1222863275.2
2024-01-01,2721.0,2753.65,2700.95,2725.25,92309.0,252166932.25
2024-01-02,2736.0,2736.55,2675.0,2707.95,140094.0,378847708.3
2024-01-03,2708.0,2739.0,2697.8,2705.55,155474.0,422639450.2
2024-01-04,2720.0,2738.95,2703.4,2729.25,69129.0,188239259.95
2024-01-05,2745.0,2783.95,2730.05,2743.15,124632.0,343397472.6
2024-01-08,2745.0,2745.0,2666.0,2674.3,156836.0,422228541.5
2024-01-09,2680.0,2724.0,2600.0,2608.55,159830.0,421680285.25
2024-01-10,2615.0,2626.5,2565.25,2577.95,111596.0,288848649.3
2024-01-11,2590.05,2610.0,2584.65,2599.9,205839.0,535223564.45
2024-01-12,2600.05,2629.9,2588.0,2593.55,213053.0,555222497.5
2024-01-15,2609.9,2630.0,2566.5,2619.8,262171.0,684162730.6
2024-01-16,2624.9,2700.8,2611.45,2654.2,259288.0,690582014.35
2024-01-17,2643.55,2659.0,2595.0,2601.05,112781.0,295587229.3
2024-01-18,2600.0,2636.0,2393.35,2488.65,762462.0,1939405503.2
2024-01-19,2509.05,2704.95,2501.35,2633.5,1153028.0,3038874212.6
2024-01-20,2654.0,2654.0,2551.0,2573.3,214466.0,553761431.9
2024-01-23,2579.0,2600.0,2421.0,2439.05,315494.0,782132483.7
2024-01-24,2466.85,2466.85,2416.65,2449.5,201678.0,491552830.05
2024-01-25,2454.45,2467.15,2435.1,2449.2,161178.0,394828445.8
2024-01-29,2469.95,2539.0,2438.55,2529.65,151380.0,379649588.1
2024-01-30,2557.5,2557.5,2488.85,2499.6,135834.0,341815580.0
2024-01-31,2500.0,2528.95,2461.45,2521.35,222003.0,554032356.9
2024-02-01,2500.0,2565.0,2495.1,2559.8,131131.0,332714463.25
2024-02-02,2560.0,2583.85,2536.05,2562.05,164721.0,421124563.1
2024-02-05,2550.0,2618.0,2522.9,2589.3,195914.0,506010837.3
2024-02-06,2588.95,2618.0,2563.05,2601.9,231165.0,600123463.8
2024-02-07,2605.0,2687.0,2603.05,2673.6,335789.0,891440695.5
2024-02-08,2693.0,2717.5,2665.0,2687.4,359407.0,968769586.45
2024-02-09,2699.0,2711.4,2649.85,2696.6,169477.0,454013426.75
2024-02-12,2696.95,2769.9,2696.0,2742.75,329465.0,903325667.65
2024-02-13,2742.8,2745.0,2640.95,2699.65,197533.0,530167789.15
2024-02-14,2726.6,2731.05,2676.05,2705.15,204700.0,553365378.05
2024-02-15,2710.0,2744.8,2686.05,2731.3,187499.0,509055081.3
2024-02-16,2732.25,2787.0,2713.5,2775.15,265631.0,731077571.7
2024-02-19,2765.05,2805.0,2757.65,2778.0,364299.0,1012724347.15
2024-02-20,2780.0,2793.1,2736.05,2784.05,359208.0,998282145.8
2024-02-21,2784.1,2786.65,2687.5,2718.7,295911.0,809579873.8
2024-02-22,2718.65,2727.95,2685.0,2707.1,156632.0,424247983.45
2024-02-23,2739.0,2739.0,2660.1,2670.95,142064.0,381430453.2
2024-02-26,2670.0,2705.3,2655.05,2680.8,120684.0,323990221.1
2024-02-27,2680.8,2714.45,2669.05,2711.25,142725.0,385091456.2
2024-02-28,2720.0,2724.0,2640.75,2663.6,131028.0,351531113.75
2024-02-29,2651.1,2669.95,2608.15,2654.7,199709.0,527185962.6
2024-03-01,2660.0,2669.75,2626.05,2656.4,91638.0,242585253.0
2024-03-02,2640.0,2675.0,2626.0,2657.75,5415.0,14384899.95
2024-03-04,2675.0,2675.0,2621.05,2624.65,99694.0,263449169.7
2024-03-05,2624.65,2659.7,2608.45,2639.8,89344.0,236008270.75
2024-03-06,2634.9,2635.65,2564.2,2580.8,110023.0,284941650.65
2024-03-07,2600.0,2639.8,2584.1,2609.25,72178.0,188530997.65
2024-03-11,2604.5,2619.9,2534.7,2547.3,87135.0,224102660.25
2024-03-12,2580.0,2689.4,2568.75,2614.65,1028833.0,2715609634.95
2024-03-13,2640.05,2678.6,2504.0,2516.9,177595.0,459381179.85
2024-03-14,2504.95,2628.85,2475.0,2615.1,105587.0,272188366.5
2024-03-15,2612.0,2661.8,2599.25,2627.8,139841.0,368612022.2
2024-03-18,2629.0,2635.3,2575.5,2613.55,78876.0,205594406.7
2024-03-19,2600.1,2619.9,2581.0,2597.0,84886.0,220879802.05
2024-03-20,2596.0,2618.15,2549.35,2585.3,61682.0,159233917.7
2024-03-21,2596.15,2689.6,2596.15,2678.65,129319.0,343260481.8
2024-03-22,2694.9,2694.9,2641.05,2674.55,94930.0,253358869.55
2024-03-26,2660.0,2705.0,2653.3,2688.4,124680.0,335670279.25
2024-03-27,2720.0,2730.0,2673.05,2683.65,148532.0,400934281.8
2024-03-28,2700.0,2700.0,2612.9,2645.45,229253.0,605219957.85
2024-04-01,2647.95,2722.55,2638.15,2711.3,124072.0,333185080.3
2024-04-02,2727.9,2727.9,2586.85,2620.65,508808.0,1337127114.75
2024-04-03,2591.05,2615.9,2575.0,2610.4,242981.0,632354334.65
2024-04-04,2611.0,2619.9,2535.0,2538.5,511345.0,1307255306.9
2024-04-05,2540.0,2570.7,2535.0,2543.2,145981.0,372703577.4
2024-04-08,2548.45,2578.0,2531.05,2557.65,128242.0,328245330.35
2024-04-09,2565.0,2576.0,2546.65,2562.3,85913.0,220159829.5
2024-04-10,2562.0,2585.6,2558.05,2564.2,58957.0,151437031.5
2024-04-12,2564.15,2607.0,2555.15,2580.55,147786.0,382187011.0
2024-04-15,2550.0,2573.1,2513.3,2550.8,85048.0,216524249.5
2024-04-16,2544.6,2609.95,2528.15,2576.05,113112.0,291895285.6
2024-04-18,2584.0,2615.55,2528.85,2539.55,166146.0,427638722.05
2024-04-19,2495.0,2586.1,2487.05,2526.2,208331.0,527757335.4
2024-04-22,2555.95,2611.95,2540.05,2601.85,190530.0,493269172.95
2024-04-23,2604.0,2653.95,2590.65,2635.85,169429.0,444542664.7
2024-04-24,2630.0,2676.0,2621.65,2637.0,158652.0,419255927.0
2024-04-25,2637.0,2669.0,2627.5,2658.3,78484.0,207690088.7
2024-04-26,2684.4,2684.95,2622.55,2634.05,75069.0,198068418.65
2024-04-29,2640.05,2645.3,2600.1,2623.25,94282.0,247220147.95
2024-04-30,2638.8,2678.2,2624.2,2643.9,98153.0,260123048.7
2024-05-02,2702.0,2908.25,2702.0,2861.05,3234178.0,9177319575.3
2024-05-03,2889.65,2892.4,2775.0,2799.65,407560.0,1154422714.8
2024-05-06,2819.95,2821.4,2753.0,2783.3,185861.0,516589806.6
2024-05-07,2783.25,2811.95,2700.1,2754.7,215895.0,595743837.7
2024-05-08,2749.8,2778.0,2706.65,2717.6,113299.0,310422486.7
2024-05-09,2730.0,2755.0,2635.05,2645.0,159480.0,428752144.2
2024-05-10,2665.0,2674.0,2628.55,2665.8,236000.0,627708243.15
2024-05-13,2665.0,2675.65,2620.0,2646.4,83954.0,222027387.35
2024-05-14,2659.9,2659.9,2615.35,2626.2,181891.0,477746879.4
2024-05-15,2634.9,2652.8,2620.0,2627.75,87176.0,229401799.95
2024-05-16,2655.0,2655.0,2602.6,2621.75,129589.0,339493851.5
2024-05-17,2630.0,2653.25,2588.05,2636.6,154765.0,405996773.45
2024-05-18,2644.95,2729.45,2583.9,2632.2,11503.0,30382877.25
2024-05-21,2629.3,2629.6,2590.0,2605.0,99707.0,259348942.15
2024-05-22,2629.85,2689.0,2593.2,2616.15,223457.0,590507117.05
2024-05-23,2619.9,2634.2,2561.1,2592.35,203090.0,526109476.8
2024-05-24,2592.3,2598.0,2555.0,2560.15,88046.0,226436550.65
2024-05-27,2560.25,2577.85,2522.0,2548.75,234367.0,598740032.25
2024-05-28,2559.75,2559.75,2515.0,2526.45,118418.0,299661856.45
2024-05-29,2536.6,2536.6,2501.0,2509.25,96034.0,241762250.1
2024-05-30,2509.25,2516.9,2437.6,2443.4,138465.0,341594480.25
2024-05-31,2467.8,2467.8,2409.35,2417.7,444924.0,1077852840.95
2024-06-03,2530.0,2530.0,2420.0,2445.05,232868.0,569135833.45
2024-06-04,2457.0,2459.85,2230.0,2370.75,348167.0,822197825.35
2024-06-05,2400.0,2503.05,2370.0,2489.5,339325.0,836676927.4
2024-06-06,2514.8,2559.5,2508.05,2546.6,144846.0,367123010.2
2024-06-07,2535.0,2575.9,2531.7,2542.75,118854.0,303119134.3
2024-06-10,2569.5,2580.0,2520.0,2563.05,110786.0,283230575.35
2024-06-11,2563.9,2589.0,2545.05,2554.45,68395.0,175908787.1
2024-06-12,2571.9,2624.85,2554.2,2595.85,223362.0,580041175.7
2024-06-13,2624.0,2624.0,2563.15,2571.25,118670.0,307042549.25
2024-06-14,2590.0,2596.95,2556.4,2577.55,71024.0,182560973.05
2024-06-18,2575.0,2592.7,2535.75,2563.55,140805.0,360688959.4
2024-06-19,2565.0,2645.0,2537.85,2593.7,305318.0,792989401.4
2024-06-20,2614.5,2652.0,2579.75,2614.65,230328.0,604856878.95
2024-06-21,2637.9,2717.25,2627.15,2655.1,438773.0,1175773197.65
2024-06-24,2663.95,2705.0,2643.25,2664.15,206026.0,551119606.5
2024-06-25,2684.85,2734.2,2670.35,2701.8,269880.0,730282803.8
2024-06-26,2706.0,2718.95,2663.4,2683.45,117751.0,315503428.85
2024-06-27,2675.0,2733.15,2659.0,2687.75,213474.0,574840883.95
2024-06-28,2698.8,2718.85,2676.0,2680.85,118918.0,320305030.75
2024-07-01,2681.0,2697.95,2638.2,2684.8,100671.0,269154782.0
2024-07-02,2693.9,2695.8,2667.7,2673.15,83719.0,224274199.0
2024-07-03,2682.05,2742.75,2668.05,2696.95,283319.0,766402508.35
2024-07-04,2706.0,2720.75,2678.35,2699.15,80525.0,217622165.85
2024-07-05,2699.15,2737.5,2690.0,2698.8,94370.0,256033811.65
2024-07-08,2712.0,2715.4,2631.45,2646.4,96302.0,256424646.05
2024-07-09,2674.0,2731.6,2655.25,2717.65,165205.0,446929583.25
2024-07-10,2735.0,2760.0,2662.75,2740.25,249381.0,679358825.75
2024-07-11,2741.0,2798.75,2725.05,2761.2,215881.0,595907395.7
2024-07-12,2761.2,2846.4,2761.2,2812.0,622488.0,1747673706.85
2024-07-15,2820.35,2953.95,2816.0,2894.75,881339.0,2566586195.65
2024-07-16,2900.0,2925.45,2835.35,2862.6,285778.0,823958678.7
2024-07-18,2840.0,2937.55,2826.7,2919.3,324149.0,940923493.6
2024-07-19,2920.0,2942.95,2780.85,2798.2,265881.0,759232506.55
2024-07-22,2789.95,2869.4,2738.35,2855.75,148153.0,418890327.8
2024-07-23,2859.95,2918.2,2728.05,2888.05,205279.0,584531931.9
2024-07-24,2888.05,3020.8,2870.05,3007.55,550172.0,1638567343.55
2024-07-25,2994.85,3051.0,2962.5,2992.3,475889.0,1430940469.7
2024-07-26,3000.0,3050.0,2981.65,3032.95,195982.0,592555807.1
2024-07-29,3064.0,3067.95,3005.0,3048.95,224657.0,682953363.1
2024-07-30,3055.0,3198.4,3005.9,3152.45,626413.0,1948872565.75
2024-07-31,3150.0,3150.0,2882.3,2944.85,1474140.0,4382580953.0
2024-08-01,2956.05,2957.6,2835.0,2848.15,632505.0,1815531134.9
2024-08-02,2807.0,2862.85,2765.0,2788.75,431280.0,1209361186.6
2024-08-05,2716.65,2748.95,2626.25,2667.3,486143.0,1304573837.85
2024-08-06,2698.5,2720.0,2644.7,2678.3,365005.0,974709239.1
2024-08-07,2718.0,2788.0,2650.0,2752.05,288918.0,787141775.75
2024-08-08,2750.0,2832.85,2735.9,2800.4,301925.0,843803506.75
2024-08-09,2808.7,2848.4,2757.5,2777.25,138022.0,387846429.1
2024-08-12,2780.0,2821.3,2714.0,2757.3,132477.0,365661148.1
2024-08-13,2757.3,2757.3,2690.0,2699.4,128834.0,350196280.75
2024-08-14,2709.75,2721.55,2662.0,2673.35,200630.0,537658133.8
2024-08-16,2681.0,2779.85,2676.3,2748.7,203254.0,555914752.45
2024-08-19,2770.0,2867.0,2749.0,2852.55,295080.0,831905434.6
2024-08-20,2875.0,2917.0,2860.0,2905.75,378531.0,1093649211.4
2024-08-21,2920.45,2992.9,2882.45,2911.0,492515.0,1446161705.0
2024-08-22,2926.7,2977.9,2907.2,2915.45,202021.0,593637745.65
2024-08-23,2925.0,2934.9,2884.55,2896.65,208660.0,605476379.45
2024-08-26,2898.0,3029.8,2898.0,2961.35,450936.0,1341902835.65
2024-08-27,2988.25,3008.9,2967.05,2994.25,245703.0,734807642.75
2024-08-28,2995.0,3067.55,2982.85,3044.75,553655.0,1676268289.1
2024-08-29,3050.0,3050.0,2968.0,3020.25,227954.0,686405367.1
2024-08-30,3025.05,3057.0,2985.0,3000.05,134044.0,403493098.9
2024-09-02,3009.0,3011.5,2939.8,2969.3,257590.0,763975060.8
2024-09-03,2969.0,3066.0,2964.85,3024.45,439249.0,1334253375.65
2024-09-04,3009.9,3122.0,2960.3,3054.7,838825.0,2557523102.9
2024-09-05,3067.95,3084.35,3013.55,3029.15,138685.0,422908475.95
2024-09-06,3012.2,3025.0,2963.45,2983.8,167359.0,500831303.15
2024-09-09,2996.0,3050.0,2976.1,3039.05,407276.0,1230873068.75
2024-09-10,3076.5,3142.8,3034.3,3127.95,482916.0,1501677641.4
2024-09-11,3140.0,3145.0,3080.0,3103.0,205051.0,635443468.85
2024-09-12,3117.95,3145.15,3101.0,3128.75,85185.0,266119719.45
2024-09-13,3143.0,3176.0,3125.0,3128.7,137282.0,432511972.65
2024-09-16,3140.0,3145.6,3096.15,3111.3,133790.0,416626521.9
2024-09-17,3115.0,3121.4,3022.05,3044.8,145185.0,444949542.9
2024-09-18,3059.9,3059.9,2966.05,2989.05,152536.0,458130062.45
2024-09-19,3004.95,3049.7,2918.05,2985.8,198884.0,590594033.0
2024-09-20,3006.7,3092.0,2991.05,3055.1,200751.0,612672800.75
2024-09-23,3031.5,3091.0,3025.7,3042.75,106225.0,323192701.3
2024-09-24,3045.0,3055.0,2971.6,2977.9,243162.0,726669204.1
2024-09-25,2977.9,3004.75,2907.15,2926.15,247661.0,730561174.9
2024-09-26,2936.5,2960.0,2875.9,2889.5,364716.0,1054237683.75
2024-09-27,2890.0,2950.9,2890.0,2918.2,89633.0,262657923.1
2024-09-30,2918.2,2966.35,2900.05,2951.8,109003.0,320950044.95
2024-10-01,2970.0,3021.0,2960.05,2998.55,256779.0,770487146.0
2024-10-03,2975.0,2985.5,2874.5,2913.1,148198.0,432763362.15
2024-10-04,2925.15,2935.15,2826.1,2840.9,76146.0,219545036.05
2024-10-07,2877.95,2884.0,2758.0,2779.15,160107.0,447201224.85
2024-10-08,2794.0,2982.45,2770.05,2961.15,445398.0,1293206686.55
2024-10-09,2980.0,3039.75,2972.05,2998.95,307190.0,923511020.55
2024-10-10,3020.0,3022.5,2982.35,2993.3,97420.0,292565161.95
2024-10-11,2990.65,3021.2,2985.05,3011.4,106727.0,320804558.2
2024-10-14,3011.4,3100.0,2960.65,3030.0,590863.0,1786806578.0
2024-10-15,3075.0,3127.6,3030.0,3040.55,408780.0,1253215834.65
2024-10-16,3021.0,3101.0,3007.05,3045.15,462936.0,1413264546.0
2024-10-17,3070.35,3074.95,2980.05,3038.05,528694.0,1607017850.3
2024-10-18,3010.0,3066.6,2969.05,3013.15,302849.0,916778570.55
2024-10-21,2879.05,2879.05,2447.5,2508.6,5190298.0,13170049571.75
2024-10-22,2524.9,2572.35,2485.0,2503.95,1299721.0,3285060425.0
2024-10-23,2503.95,2505.0,2450.0,2485.4,493950.0,1225073168.0
2024-10-24,2479.95,2517.55,2454.0,2494.4,268295.0,667767288.3
2024-10-25,2500.0,2500.0,2416.0,2438.75,278182.0,680503349.65
2024-10-28,2443.95,2527.95,2401.0,2515.95,351753.0,871490609.8
2024-10-29,2516.0,2576.85,2486.75,2553.8,295859.0,752572103.55
2024-10-30,2550.0,2594.75,2501.0,2550.0,562529.0,1445808699.8
2024-10-31,2550.0,2555.75,2488.5,2500.0,488935.0,1230320749.1
2024-11-01,2518.0,2561.95,2511.75,2551.15,105769.0,269326151.25
2024-11-04,2574.85,2578.85,2421.0,2462.9,535328.0,1318378850.65
2024-11-05,2460.0,2472.15,2402.0,2433.15,279317.0,680304552.75
2024-11-06,2465.0,2473.55,2420.7,2462.8,360009.0,880991967.75
2024-11-07,2469.95,2473.35,2400.0,2408.9,236724.0,572890401.85
2024-11-08,2413.0,2425.45,2361.7,2373.45,279067.0,666845346.2
2024-11-11,2373.45,2394.0,2351.8,2369.2,100805.0,239266498.05
2024-11-12,2379.95,2387.65,2300.0,2308.15,158104.0,369549637.75
2024-11-13,2308.15,2332.0,2283.2,2297.6,286532.0,659867247.35
2024-11-14,2307.55,2335.3,2276.45,2284.15,250209.0,575859517.2
2024-11-18,2280.0,2288.8,2234.15,2242.0,284801.0,644875563.4
2024-11-19,2245.05,2312.0,2245.05,2263.25,227007.0,518184427.65
2024-11-21,2251.05,2274.45,2244.0,2253.95,202738.0,456758689.85
2024-11-22,2253.95,2287.6,2244.1,2278.85,180507.0,409797580.45
2024-11-25,2300.95,2320.95,2255.75,2309.4,691659.0,1581217824.15
2024-11-26,2309.7,2355.65,2309.7,2334.15,380827.0,889690196.75
2024-11-27,2340.4,2380.95,2324.8,2367.15,190150.0,449363741.7
2024-11-28,2389.0,2394.6,2335.0,2341.4,268139.0,631973522.0
2024-11-29,2344.7,2355.9,2323.05,2344.9,98585.0,230630871.8
2024-12-02,2344.9,2449.0,2251.0,2362.8,174198.0,408629147.7
2024-12-03,2356.0,2387.7,2339.1,2357.55,143184.0,338521617.35
2024-12-04,2360.0,2378.2,2352.0,2365.4,107184.0,253397517.75
2024-12-05,2387.95,2387.95,2349.25,2367.6,103890.0,245697570.25
2024-12-06,2369.8,2379.95,2350.0,2357.85,135928.0,320999480.15
2024-12-09,2357.85,2378.0,2357.0,2371.15,103487.0,245046932.15
2024-12-10,2371.0,2405.65,2361.2,2377.35,160737.0,383124156.8
2024-12-11,2380.0,2409.95,2377.35,2398.7,194339.0,465141955.1
2024-12-12,2398.95,2409.0,2328.0,2331.35,255332.0,599721453.65
2024-12-13,2339.2,2390.95,2300.55,2385.55,164204.0,386079457.4
2024-12-16,2385.55,2401.5,2371.1,2377.95,114408.0,273148475.7
2024-12-17,2385.0,2399.0,2361.8,2367.2,138887.0,330225588.75
2024-12-18,2367.95,2389.65,2346.1,2359.9,253905.0,600083122.6
2024-12-19,2322.0,2370.0,2322.0,2363.4,171380.0,404810344.6
2024-12-20,2360.0,2373.0,2242.75,2249.95,272969.0,628467045.0
2024-12-23,2265.0,2275.5,2241.85,2252.2,161773.0,365079039.15
2024-12-24,2259.95,2275.0,2235.6,2245.45,143630.0,323943005.2
2024-12-26,2250.0,2251.85,2199.9,2231.5,288582.0,640575129.05
2024-12-27,2234.0,2271.75,2230.0,2256.35,280034.0,629539016.6
2024-12-30,2262.0,2282.0,2244.0,2268.8,481181.0,1084541587.6
2024-12-31,2268.8,2275.0,2226.15,2248.8,270289.0,607176185.4
2025-01-01,2254.85,2291.85,2245.15,2284.8,75411.0,171668781.0
2025-01-02,2288.0,2310.45,2275.05,2307.75,54293.0,124567410.95
2025-01-03,2319.0,2338.05,2244.45,2250.4,236058.0,538090967.55
2025-01-06,2273.05,2275.0,2165.55,2176.45,295756.0,650124106.3
2025-01-07,2218.0,2312.7,2188.9,2293.55,671612.0,1527291022.1
2025-01-08,2301.0,2316.0,2272.75,2299.65,254717.0,585203320.85
2025-01-09,2301.0,2371.0,2295.05,2322.3,239180.0,559874342.1
2025-01-10,2315.05,2339.35,2279.1,2325.15,214208.0,496152794.1
2025-01-13,2314.1,2314.95,2234.1,2242.7,144279.0,327359326.05
2025-01-14,2245.35,2290.4,2228.25,2254.7,350675.0,791531967.55
2025-01-15,2266.0,2278.6,2198.0,2209.65,263290.0,584033613.1
2025-01-16,2220.7,2254.35,2213.15,2239.05,221073.0,494092389.75
2025-01-17,2245.0,2290.0,2224.7,2282.6,249982.0,565440200.45
2025-01-20,2286.0,2311.45,2239.1,2270.0,210157.0,476608167.0
2025-01-21,2279.9,2325.0,2258.55,2294.85,720483.0,1656474834.3
2025-01-22,2100.0,2157.8,2065.4,2143.45,2981410.0,6275860758.95
2025-01-23,2132.75,2143.4,2073.0,2086.55,814555.0,1703129538.05
2025-01-24,2091.4,2095.95,2072.55,2083.4,194079.0,404332122.9
2025-01-27,2075.0,2103.0,2045.6,2084.05,554309.0,1150333429.35
2025-01-28,2080.55,2118.0,2066.65,2087.35,323506.0,673886315.65
2025-01-29,2085.55,2100.45,2063.2,2076.7,520222.0,1082036573.7
2025-01-30,2077.0,2108.0,2046.0,2077.9,298376.0,620367699.7
2025-01-31,2089.8,2097.0,2057.6,2066.4,347027.0,717941956.8
2025-02-01,2068.0,2174.25,2058.0,2166.65,213847.0,455174982.5
2025-02-03,2175.0,2211.5,2111.0,2183.15,146972.0,319527318.7
2025-02-04,2180.0,2198.45,2144.25,2187.0,95795.0,208478028.05
2025-02-05,2185.0,2213.75,2163.0,2196.55,104244.0,228885775.35
2025-02-06,2207.4,2210.0,2162.05,2182.1,78848.0,172392066.7
2025-02-07,2191.1,2192.0,2152.0,2172.65,80659.0,174915444.2
2025-02-10,2172.65,2207.4,2171.95,2184.75,78514.0,171671062.4
2025-02-11,2185.1,2189.35,2124.0,2148.9,108160.0,232019753.35
2025-02-12,2137.5,2187.0,2097.6,2173.0,101762.0,218563289.8
2025-02-13,2173.0,2238.7,2173.0,2199.35,137063.0,302722740.5
2025-02-14,2199.35,2207.9,2097.0,2124.6,133440.0,285208623.1
2025-02-17,2100.0,2153.2,2085.0,2102.4,121761.0,257000591.7
2025-02-18,2091.8,2105.05,2045.0,2068.8,108541.0,224236368.7
2025-02-19,2070.0,2089.9,2048.8,2064.15,194755.0,403053548.15
2025-02-20,2060.0,2082.5,2045.15,2070.0,177997.0,367465775.9
2025-02-21,2071.0,2072.8,2016.0,2022.7,121746.0,247637633.85
2025-02-24,2000.0,2039.6,1986.05,2002.7,149780.0,301936648.7
2025-02-25,2000.0,2035.8,1980.0,2000.4,190799.0,381446315.45
2025-02-27,2009.8,2009.8,1910.0,1961.15,458363.0,903057660.2
2025-02-28,1951.0,2050.0,1903.8,1964.95,193285.0,376721708.95
2025-03-03,1973.05,1997.65,1950.0,1955.8,136653.0,267311158.05
2025-03-04,1949.1,1975.0,1925.65,1960.35,94890.0,185495255.95
2025-03-05,1960.45,1994.2,1951.6,1982.75,187051.0,367956841.75
2025-03-06,2010.95,2020.65,1981.6,2011.1,115719.0,231704989.9
2025-03-07,2010.9,2027.85,1990.15,2010.7,99528.0,200200874.8
2025-03-10,2022.15,2030.0,1977.0,2008.75,143180.0,287305237.75
2025-03-11,1981.55,1981.55,1934.95,1946.05,82002.0,159938695.2
2025-03-12,1946.45,1964.0,1915.65,1934.75,50178.0,97029862.15
2025-03-13,1958.05,1959.85,1914.95,1955.95,99884.0,194740684.5
2025-03-17,1950.05,1984.45,1930.0,1959.1,136823.0,268858415.5
2025-03-18,1956.0,2062.9,1956.0,2035.6,142968.0,290280130.5
2025-03-19,2055.15,2098.0,2046.8,2089.15,90492.0,187673979.9
2025-03-20,2111.75,2134.0,2083.95,2127.3,135375.0,285222491.75
2025-03-21,2149.0,2150.0,2094.75,2142.05,93957.0,199229945.7
2025-03-24,2145.0,2161.95,2121.0,2138.0,96431.0,206239545.1
2025-03-25,2160.0,2160.0,2088.25,2099.9,84911.0,178744114.65
2025-03-26,2100.0,2110.0,2058.0,2069.35,48959.0,102190463.65
2025-03-27,2050.0,2095.65,2050.0,2070.05,150714.0,312130811.25
2025-03-28,2070.95,2100.0,2017.7,2068.7,174994.0,358307236.0
2025-04-01,2065.75,2079.9,2030.1,2058.45,135408.0,278425821.55
2025-04-02,2058.45,2121.0,2050.2,2106.7,61003.0,127375919.65
2025-04-03,2090.5,2153.45,2090.5,2140.95,80518.0,170985950.95
2025-04-04,2120.0,2120.45,2035.55,2069.75,113040.0,234338827.4
2025-04-07,1903.8,2020.0,1900.1,1925.65,265918.0,517664820.85
2025-04-08,1988.0,2018.5,1941.05,1985.75,123042.0,243584875.95
2025-04-09,1985.9,2002.5,1956.8,1993.8,61799.0,122830762.85
2025-04-11,2064.5,2105.75,2018.0,2093.9,102352.0,211875717.7
2025-04-15,2147.8,2147.8,2104.1,2134.9,181255.0,385937431.1
2025-04-16,2124.2,2213.9,2088.1,2148.2,395090.0,850099576.1
2025-04-17,2131.0,2200.0,2131.0,2196.6,74194.0,161857530.8
2025-04-21,2180.6,2265.0,2180.6,2255.3,100198.0,224314644.2
2025-04-22,2255.3,2301.9,2221.5,2281.0,88389.0,200882944.6
2025-04-23,2288.0,2299.8,2245.7,2290.6,68163.0,155328569.7
2025-04-24,2255.4,2344.0,2240.1,2315.8,119170.0,273268016.0
2025-04-25,2307.0,2324.9,2220.0,2248.1,72236.0,163524603.8
2025-04-28,2230.1,2250.0,2216.8,2234.8,46089.0,102922213.4
2025-04-29,2248.0,2372.2,2242.6,2331.0,200003.0,463843157.8
2025-04-30,2370.0,2435.7,2282.8,2308.1,765708.0,1801785971.5
2025-05-02,2308.1,2343.9,2252.0,2257.9,225489.0,514984891.8
2025-05-05,2276.0,2291.7,2228.0,2239.8,92065.0,206391680.8
2025-05-06,2238.0,2241.0,2195.0,2209.2,104766.0,232807700.9
2025-05-07,2160.0,2280.0,2155.1,2272.3,111669.0,249099012.7
2025-05-08,2280.0,2346.2,2257.0,2293.4,113853.0,263431843.7
2025-05-09,2235.3,2261.0,2200.0,2255.6,81646.0,182887305.0
2025-05-12,2323.9,2338.0,2280.0,2293.2,50904.0,117012056.3
2025-05-13,2294.0,2365.0,2263.6,2350.4,121594.0,282386739.4
2025-05-14,2370.0,2370.0,2270.0,2283.8,161403.0,370734411.3
2025-05-15,2304.0,2342.0,2271.2,2330.5,169394.0,394098463.2
2025-05-16,2357.0,2369.6,2332.1,2350.2,117315.0,275750153.5
2025-05-19,2350.0,2389.8,2314.4,2383.3,179809.0,427466483.8
2025-05-20,2395.0,2404.9,2344.5,2363.6,149511.0,353457581.8
2025-05-21,2363.6,2399.9,2357.3,2391.8,167160.0,399121284.7
2025-05-22,2390.0,2410.0,2370.0,2392.7,83107.0,198932804.8
2025-05-23,2404.4,2404.4,2351.7,2368.1,70177.0,166823617.3
2025-05-26,2370.0,2374.0,2323.1,2332.2,149720.0,349102557.1
2025-05-27,2339.9,2339.9,2295.0,2307.4,109687.0,253045035.5
2025-05-28,2328.0,2343.9,2295.1,2318.8,188009.0,435749870.8
2025-05-29,2329.9,2343.9,2300.1,2326.0,106551.0,247487526.4
2025-05-30,2326.0,2353.0,2305.0,2332.5,86180.0,201157201.5
2025-06-02,2320.1,2345.2,2299.8,2324.0,124001.0,287900814.2
2025-06-03,2349.0,2398.9,2336.6,2361.7,181587.0,431100107.4
2025-06-04,2381.9,2398.0,2365.1,2379.9,75541.0,179767993.6
2025-06-05,2390.0,2448.0,2376.0,2437.8,150716.0,364028668.5
2025-06-06,2404.9,2441.0,2382.0,2428.1,106090.0,255673195.4
2025-06-09,2401.0,2480.0,2397.1,2472.1,144651.0,352418776.8
2025-06-10,2494.0,2502.0,2445.0,2488.7,155134.0,382982050.8
2025-06-11,2488.0,2530.5,2450.0,2498.1,236106.0,589539736.6
2025-06-12,2514.0,2514.0,2470.5,2493.8,130758.0,325836042.1
2025-06-13,2421.0,2478.6,2360.0,2468.7,105885.0,260306106.8
2025-06-16,2450.0,2499.0,2428.6,2490.5,63487.0,157371567.1
2025-06-17,2496.0,2513.6,2458.1,2480.8,60655.0,151356383.2
2025-06-18,2480.8,2494.0,2461.0,2471.6,62136.0,153519465.2
2025-06-19,2461.0,2470.2,2419.1,2441.9,50827.0,124305433.5
2025-06-20,2445.0,2498.9,2444.7,2490.4,131941.0,328262032.8
2025-06-23,2472.5,2537.9,2460.1,2511.2,86549.0,216785697.7
2025-06-24,2535.0,2557.5,2478.5,2494.9,93218.0,235069340.3
2025-06-25,2601.9,2675.0,2580.0,2660.6,1198177.0,3155294812.5
2025-06-26,2670.0,2729.9,2623.0,2637.3,162957.0,433315151.6
2025-06-27,2661.9,2664.4,2590.5,2608.3,135647.0,355780288.0
2025-06-30,2615.8,2618.8,2539.0,2598.0,104825.0,270505781.7
2025-07-01,2607.0,2639.8,2580.7,2597.8,94488.0,245168659.1
2025-07-02,2601.0,2609.8,2545.6,2569.5,109048.0,279859439.0
2025-07-03,2587.2,2593.9,2540.0,2580.1,141522.0,363242648.7
2025-07-04,2575.0,2592.9,2530.0,2546.7,184456.0,469308949.5
2025-07-07,2546.7,2576.1,2525.1,2538.4,112040.0,284654157.3
2025-07-08,2539.0,2583.6,2532.9,2553.6,126752.0,322810707.9
2025-07-09,2562.9,2606.9,2559.6,2587.7,153409.0,395791181.3
2025-07-10,2588.5,2606.0,2565.2,2586.2,278842.0,721516070.1
2025-07-11,2580.0,2620.0,2580.0,2604.6,163378.0,424150761.8
2025-07-14,2606.9,2799.0,2606.0,2741.6,931241.0,2515887660.0
2025-07-15,2742.0,2777.9,2695.1,2713.2,101249.0,275564718.3
2025-07-16,2716.0,2745.0,2646.0,2658.9,91545.0,245265408.5
2025-07-17,2670.0,2699.0,2611.0,2626.7,91939.0,242990122.0
2025-07-18,2637.0,2686.7,2596.6,2652.6,102006.0,269157009.6
2025-07-21,2670.0,2679.2,2568.2,2600.2,220570.0,575121522.4
2025-07-22,2604.9,2611.5,2536.1,2552.0,148343.0,378783817.6
2025-07-23,2550.0,2607.6,2536.0,2591.0,91750.0,236743440.0
2025-07-24,2600.0,2634.9,2593.5,2621.0,108154.0,283506048.8
2025-07-25,2635.0,2635.0,2550.0,2560.5,46652.0,120021035.4
2025-07-28,2560.5,2608.0,2542.6,2556.3,130601.0,335055946.6
2025-07-29,2554.1,2598.7,2525.0,2588.9,123459.0,314552248.9
2025-07-30,2588.0,2629.0,2573.1,2585.2,45456.0,118081332.6
2025-07-31,2570.0,2613.5,2570.0,2589.2,52545.0,136363796.5
2025-08-01,2597.0,2609.5,2581.2,2598.8,61705.0,160264288.5
2025-08-04,2599.0,2601.0,2501.4,2525.1,73505.0,186059947.7
2025-08-05,2525.0,2526.0,2455.8,2486.8,129572.0,321797828.8
2025-08-06,2475.0,2548.1,2475.0,2519.1,245032.0,618337692.2
2025-08-07,2517.0,2576.5,2488.0,2560.2,73327.0,184954318.9
2025-08-08,2532.0,2578.9,2528.9,2561.3,62684.0,160184328.5
2025-08-11,2557.4,2590.3,2530.0,2540.6,24580.0,62653399.9
2025-08-12,2540.0,2585.8,2511.9,2521.3,70842.0,179986592.4
2025-08-13,2521.3,2580.9,2519.8,2552.9,60775.0,155080133.0
2025-08-14,2552.9,2579.4,2534.0,2545.8,115254.0,293832730.9
2025-08-18,2545.8,2585.0,2517.0,2572.9,73774.0,188161041.2
2025-08-19,2590.0,2672.7,2575.5,2589.4,140502.0,367738340.6
2025-08-20,2607.5,2638.0,2592.0,2623.6,57937.0,152017656.6
2025-08-21,2636.0,2675.0,2622.4,2659.9,76600.0,203829443.5
2025-08-22,2660.0,2684.0,2636.6,2670.5,53643.0,143072783.6
2025-08-25,2670.5,2685.0,2626.0,2637.6,27317.0,72471736.5
2025-08-26,2630.1,2670.0,2614.6,2654.6,92167.0,244040622.6
2025-08-28,2646.3,2655.9,2550.1,2577.7,63247.0,163438665.7
2025-08-29,2570.3,2610.0,2555.6,2597.2,57395.0,148963931.4
2025-09-01,2572.0,2632.8,2571.8,2600.2,236644.0,618206048.7
2025-09-02,2599.9,2602.1,2536.5,2548.0,59942.0,153180420.6
2025-09-03,2549.9,2556.0,2512.6,2527.8,50427.0,127695218.1
2025-09-04,2545.0,2571.6,2532.0,2561.2,154729.0,396117815.4
2025-09-05,2553.0,2564.0,2527.4,2555.1,69875.0,178174961.9
2025-09-08,2564.0,2587.0,2555.4,2574.6,51099.0,131645565.4
2025-09-09,2595.0,2595.0,2545.0,2574.8,111438.0,287033964.3
2025-09-10,2574.8,2593.4,2553.8,2576.4,84948.0,219051422.0
2025-09-11,2591.0,2626.8,2571.4,2612.4,86257.0,225734268.5
2025-09-12,2626.9,2630.0,2582.5,2600.7,48135.0,125462050.7
2025-09-15,2600.7,2626.4,2577.6,2609.1,54163.0,141081872.9
2025-09-16,2612.4,2629.3,2590.0,2597.8,56396.0,146770865.0
2025-09-17,2583.0,2597.7,2537.7,2550.8,117441.0,300899591.6
2025-09-18,2551.0,2573.8,2516.1,2523.0,134570.0,340096936.3
2025-09-19,2529.8,2534.2,2460.0,2469.6,162591.0,402232415.4
2025-09-22,2460.0,2467.8,2440.0,2449.3,85214.0,208793473.7
2025-09-23,2449.3,2456.3,2383.0,2391.0,87449.0,211460777.3
2025-09-24,2399.4,2404.6,2343.0,2376.7,142665.0,338704108.3
2025-09-25,2388.5,2390.2,2355.0,2373.6,75828.0,180128210.3
2025-09-26,2373.9,2375.2,2326.0,2366.8,67852.0,160109918.2
2025-09-29,2350.0,2387.0,2321.1,2330.4,71405.0,168006780.4
2025-09-30,2320.0,2385.0,2307.0,2356.4,117802.0,275337605.1
2025-10-01,2356.0,2408.6,2320.5,2398.9,95062.0,224991731.9
2025-10-03,2395.6,2409.9,2365.0,2371.4,37676.0,89838209.3
2025-10-06,2374.0,2400.0,2345.0,2376.0,48987.0,116273137.6
2025-10-07,2375.0,2403.3,2328.2,2346.6,86061.0,204230770.9
2025-10-08,2343.0,2459.7,2333.6,2437.6,266420.0,641762701.0
2025-10-09,2442.2,2444.4,2395.0,2412.2,44174.0,106767052.2
2025-10-10,2395.5,2411.9,2378.0,2391.4,135622.0,325172392.9
2025-10-13,2392.0,2417.1,2374.1,2398.5,34819.0,83647868.5
2025-10-14,2398.0,2403.7,2321.1,2334.8,97073.0,227418487.2
2025-10-15,2334.9,2362.0,2316.2,2329.7,68161.0,159356165.8
2025-10-16,2333.8,2368.9,2333.8,2356.2,49079.0,115651093.0
2025-10-17,2350.1,2367.3,2330.9,2344.1,59188.0,138946629.5
2025-10-20,2310.0,2356.9,2252.5,2334.7,269950.0,627760506.6
2025-10-21,2347.9,2385.5,2335.0,2376.7,16940.0,40175887.2
2025-10-23,2379.1,2383.9,2337.2,2349.8,67302.0,158157807.0
2025-10-24,2330.5,2377.5,2326.4,2370.8,56110.0,132353433.4
2025-10-27,2370.8,2465.9,2353.0,2455.1,178806.0,436386478.1
2025-10-28,2450.5,2490.2,2430.0,2480.4,104061.0,256222781.3
2025-10-29,2474.0,2489.0,2435.0,2483.7,91985.0,227721907.8
2025-10-30,2477.0,2485.3,2435.1,2469.6,46086.0,113644727.9
2025-10-31,2458.4,2477.0,2415.4,2457.9,70640.0,173095742.4
2025-11-03,2447.9,2473.7,2437.8,2466.8,53005.0,130436558.1
2025-11-04,2465.0,2476.7,2441.6,2468.2,60053.0,148122527.9
2025-11-06,2470.0,2494.0,2441.1,2473.1,114451.0,282639983.0
2025-11-07,2473.0,2479.9,2422.4,2447.5,67233.0,164178048.1
2025-11-10,2444.1,2458.6,2422.2,2451.8,30194.0,73700237.1
2025-11-11,2451.8,2470.2,2421.0,2452.0,71520.0,174528313.1
2025-11-12,2453.7,2510.0,2448.9,2504.5,108635.0,271396318.1
2025-11-13,2509.0,2525.9,2467.8,2477.1,118124.0,294944287.9
2025-11-14,2489.5,2489.5,2446.0,2451.4,42105.0,103697747.4
2025-11-17,2463.7,2482.1,2426.0,2475.5,42898.0,105564127.0
2025-11-18,2460.0,2469.6,2435.1,2446.2,180243.0,440917908.1
2025-11-19,2446.2,2446.7,2396.0,2413.3,73904.0,178351662.3
2025-11-20,2429.9,2435.0,2375.0,2391.8,374542.0,891908852.7
2025-11-21,2381.8,2395.8,2315.0,2341.8,91738.0,215169770.6
2025-11-24,2321.8,2335.7,2303.5,2307.5,246974.0,570638403.3
2025-11-25,2320.0,2369.0,2291.5,2359.5,55858.0,130377164.7
2025-11-26,2359.5,2359.8,2310.0,2339.5,48238.0,112336328.3
2025-11-27,2339.4,2356.4,2315.0,2323.1,31663.0,73994466.0
2025-11-28,2323.1,2359.2,2300.0,2310.0,56915.0,132677400.7
2025-12-01,2309.9,2338.5,2301.7,2330.8,31509.0,73141003.3
2025-12-02,2311.0,2345.0,2280.0,2326.1,258821.0,594328270.4
2025-12-03,2326.1,2345.5,2301.1,2329.5,127611.0,296889403.0
2025-12-04,2315.1,2325.3,2286.0,2292.3,126589.0,292408212.5
2025-12-05,2292.0,2320.0,2282.1,2312.4,18431.0,42473800.0
2025-12-08,2302.1,2312.3,2250.1,2273.4,39936.0,90645736.3
2025-12-09,2262.1,2298.0,2240.0,2257.8,125235.0,282699839.9
2025-12-10,2256.0,2279.9,2220.4,2234.7,64000.0,143371708.5
2025-12-11,2234.8,2246.9,2225.2,2238.8,37197.0,83326441.3
2025-12-12,2231.0,2248.9,2212.0,2232.1,38266.0,85147394.5
2025-12-15,2219.5,2282.1,2219.5,2266.5,29041.0,65683634.7
2025-12-16,2249.1,2284.2,2211.5,2221.4,83692.0,187688016.7
2025-12-17,2239.0,2269.2,2205.0,2237.0,164400.0,366705072.6
2025-12-18,2237.3,2281.7,2225.2,2264.0,30807.0,69716302.1
2025-12-19,2264.0,2300.0,2210.0,2216.6,79312.0,177302508.0
2025-12-22,2219.9,2231.9,2201.0,2218.1,53662.0,118777375.6
2025-12-23,2217.9,2268.6,2213.0,2259.8,42357.0,95242532.1
2025-12-24,2251.7,2267.3,2215.4,2230.7,25870.0,57913521.6
2025-12-26,2236.0,2244.9,2205.5,2216.2,21939.0,48786418.9
2025-12-29,2215.4,2230.9,2193.1,2199.3,46206.0,102058714.3
2025-12-30,2190.0,2261.0,2190.0,2246.9,162370.0,363800576.0
2025-12-31,2221.0,2237.9,2192.1,2223.5,116331.0,257752501.6
2026-01-01,2234.0,2236.4,2188.5,2194.1,30530.0,67339007.1
2026-01-02,2194.1,2194.8,2159.3,2177.8,69290.0,150601543.7
2026-01-05,2177.9,2210.0,2171.0,2199.1,34179.0,74989186.7
2026-01-06,2180.1,2192.9,2160.0,2167.5,27041.0,58661290.1
2026-01-07,2167.5,2179.6,2157.4,2164.9,26072.0,56520247.3
2026-01-08,2155.0,2173.4,2135.4,2166.9,46471.0,100184568.0
2026-01-09,2150.0,2165.2,2123.2,2145.4,63353.0,135524344.8
2026-01-12,2121.0,2165.4,2110.0,2153.8,41999.0,89795985.7
2026-01-13,2150.1,2174.8,2134.9,2156.6,73123.0,157530608.3
2026-01-14,2153.1,2156.3,2110.0,2114.5,340003.0,717957399.9
2026-01-16,2211.5,2304.0,2211.0,2289.0,1222578.0,2788470613.2
2026-01-19,2289.0,2289.0,2182.1,2194.4,156811.0,347790933.2
2026-01-20,2177.0,2185.3,2132.1,2141.8,72278.0,155923061.3
2026-01-21,2200.0,2295.0,2174.5,2264.6,668643.0,1490665792.6
2026-01-22,2267.3,2272.8,2180.1,2211.4,133454.0,296735211.3
2026-01-23,2191.0,2251.0,2182.1,2194.0,112154.0,247979498.3
2026-01-27,2200.0,2209.0,2145.1,2186.3,97613.0,212311635.6
2026-01-28,2194.5,2199.0,2168.0,2186.3,59376.0,129468243.7
2026-01-29,2185.0,2197.8,2139.1,2175.3,44385.0,96398284.6
2026-01-30,2170.0,2223.3,2142.1,2201.9,97283.0,213244329.0
2026-02-01,2202.2,2248.9,2168.2,2208.4,28637.0,63457081.6
2026-02-02,2195.2,2229.6,2162.3,2210.1,131863.0,289755160.5
2026-02-03,2271.0,2310.7,2220.0,2267.5,108399.0,245928856.7
2026-02-04,2265.8,2287.4,2228.0,2275.1,75046.0,169846535.3
2026-02-05,2269.1,2300.0,2241.4,2282.8,276783.0,626767655.3
2026-02-06,2282.8,2294.9,2210.0,2238.4,99078.0,222036117.6
2026-02-09,2250.0,2268.6,2216.3,2248.3,52363.0,117602231.7
2026-02-10,2269.9,2286.9,2235.0,2250.9,127060.0,286043475.4
2026-02-11,2251.2,2254.0,2213.0,2243.0,102889.0,229813761.1
2026-02-12,2243.0,2244.1,2181.0,2200.2,94826.0,208714656.9
2026-02-13,2176.0,2210.0,2150.0,2200.0,89004.0,195099798.8
2026-02-16,2187.1,2218.2,2162.1,2205.8,55826.0,122997429.5
2026-02-17,2205.8,2236.5,2192.9,2223.7,69232.0,154085903.8
2026-02-18,2223.7,2228.0,2156.0,2179.5,155812.0,339519351.1
2026-02-19,2184.9,2185.8,2152.0,2160.5,95722.0,206991507.7
2026-02-20,2153.0,2194.7,2143.5,2185.7,51378.0,111689032.8
2026-02-23,2186.0,2226.0,2175.4,2217.3,100530.0,222047549.1
2026-02-24,2205.1,2224.0,2177.0,2213.0,93148.0,205232567.9
2026-02-25,2223.9,2242.9,2189.4,2194.4,100781.0,222700422.5
2026-02-26,2195.0,2204.7,2168.0,2180.8,58251.0,126943492.7
2026-02-27,2180.8,2183.4,2125.1,2132.0,50100.0,107710399.2
2026-03-02,2100.0,2126.0,2080.0,2113.8,90010.0,189126579.9
2026-03-04,2105.1,2118.9,2038.1,2080.9,134060.0,277602581.4
2026-03-05,2090.2,2090.2,2030.0,2076.4,89858.0,184927158.6
2026-03-06,2081.1,2126.5,2071.0,2120.6,504063.0,1052797237.1
2026-03-09,2075.4,2195.0,2066.0,2183.5,183308.0,393562080.5
2026-03-10,2217.0,2217.0,2154.1,2179.6,114261.0,248378920.6
2026-03-11,2180.0,2183.7,2119.5,2130.4,57154.0,122652687.8
2026-03-12,2115.0,2120.0,2076.0,2100.3,263684.0,553911888.3
2026-03-13,2100.0,2147.6,2083.0,2101.9,62736.0,132384536.7
2026-03-16,2100.2,2140.0,2074.9,2108.0,125688.0,263982986.9
2026-03-17,2117.8,2117.8,2049.9,2065.7,353119.0,736599654.0
2026-03-18,2051.1,2130.3,2045.7,2098.1,100969.0,211574995.7
2026-03-19,2050.0,2090.0,2007.9,2029.0,66327.0,135609637.3
2026-03-20,2029.0,2046.1,1980.0,1994.4,135768.0,273691878.6
2026-03-23,1961.0,1995.7,1943.1,1970.5,200497.0,394944357.5
2026-03-24,1980.1,2019.0,1947.8,1963.9,405109.0,796992842.4
2026-03-25,1970.0,2045.2,1970.0,2015.7,131715.0,267112935.6
2026-03-27,2015.7,2034.8,1955.1,1970.7,78895.0,157460470.7
2026-03-30,1960.0,2006.7,1925.6,1986.2,132268.0,259904367.9
2026-04-01,2004.0,2078.0,1971.1,2038.8,155604.0,316757644.5
2026-04-02,2033.3,2037.7,1984.2,2018.9,95276.0,192359760.7
2026-04-06,2016.9,2074.0,1977.6,2067.7,72997.0,148465286.0
2026-04-07,2031.0,2086.0,2021.3,2053.5,199814.0,409502821.3
2026-04-08,2112.0,2130.2,2082.1,2095.2,125241.0,263392252.8
2026-04-09,2099.9,2120.0,2080.0,2100.2,399114.0,839788103.1
2026-04-10,2103.0,2118.7,2083.9,2100.0,210513.0,443002532.1
2026-04-13,2055.5,2120.1,2045.8,2106.8,101318.0,213024022.0
2026-04-15,2129.9,2140.4,2096.1,2120.1,180768.0,382708966.5
2026-04-16,2139.0,2165.0,2115.6,2155.7,127876.0,274699371.7
2026-04-17,2151.1,2179.9,2141.3,2170.9,140759.0,305508372.4
2026-04-20,2188.0,2196.0,2149.7,2184.6,125520.0,273616965.3
2026-04-21,2190.5,2199.0,2145.0,2167.0,179185.0,388764936.7
2026-04-22,2155.0,2187.0,2142.2,2168.4,81475.0,176424068.0
2026-04-23,2168.4,2190.0,2148.4,2159.4,65757.0,142510120.6
2026-04-24,2164.7,2170.0,2099.6,2107.1,61379.0,129979463.3
2026-04-27,2125.0,2142.4,2101.0,2119.5,57381.0,121633464.0
2026-04-28,2105.1,2140.1,2101.8,2129.3,82614.0,175527280.9
2026-04-29,2140.0,2154.9,2105.1,2130.8,84882.0,180924190.9
2026-04-30,2130.8,2139.0,2080.0,2103.6,61365.0,129837168.4
2026-05-04,2036.6,2111.2,2013.9,2094.5,187297.0,387832940.4
2026-05-05,2094.5,2094.5,2036.1,2052.9,121131.0,248953533.2
2026-05-06,2066.9,2068.8,2025.3,2056.9,269388.0,554268167.3
2026-05-07,2068.5,2105.4,2062.2,2091.0,75148.0,156678453.3
2026-05-08,2104.9,2122.2,2075.0,2091.8,52221.0,109237079.7
2026-05-11,2071.1,2088.9,2034.0,2065.0,133975.0,276357574.4
2026-05-12,2075.0,2079.3,2004.8,2011.8,64706.0,130977001.2
2026-05-13,2000.0,2022.8,1966.0,1969.2,65566.0,130044316.3
2026-05-14,1970.0,1979.9,1934.4,1971.2,59136.0,116040181.0
2026-05-15,1979.9,1991.0,1950.0,1956.5,72549.0,142522941.7
2026-05-18,1956.5,1966.0,1911.0,1949.0,97653.0,189168513.4
2026-05-19,1969.0,1997.6,1942.4,1982.6,67605.0,133448339.2
2026-05-20,1984.0,2006.3,1958.6,1998.0,71609.0,142340856.9
2026-05-21,1999.9,2037.2,1995.0,2030.2,50216.0,101491175.3
2026-05-22,2032.2,2040.7,2015.0,2030.0,57197.0,116088509.5
2026-05-25,2030.0,2039.8,2023.1,2029.3,62754.0,127365723.9
2026-05-26,2029.3,2047.0,2029.3,2037.9,60733.0,123674386.4
2026-05-27,2030.4,2035.0,2000.0,2020.1,29167.0,58872940.1
2026-05-29,2012.0,2028.6,1966.4,2015.7,131355.0,264456511.8
2026-06-01,2002.4,2014.0,1975.0,1982.9,36756.0,73106340.1
2026-06-02,1994.7,1994.7,1955.1,1971.4,48541.0,95596126.6
2026-06-03,1990.0,1998.9,1965.1,1980.0,33078.0,65419445.0
2026-06-04,1965.5,1999.0,1963.8,1994.2,33014.0,65688183.7
2026-06-05,1994.2,2011.5,1989.7,2000.4,27102.0,54217362.6
2026-06-08,1983.1,2017.1,1969.0,2008.4,50003.0,100190136.6
2026-06-09,2011.9,2022.3,2000.1,2010.7,58429.0,117473467.4
2026-06-10,2012.1,2021.0,2002.5,2010.0,55822.0,112232950.7
2026-06-11,2010.0,2016.1,1961.0,1968.2,86696.0,172682767.3
2026-06-12,1978.1,2019.5,1978.1,2016.4,30991.0,62183382.2
2026-06-15,2021.0,2055.0,2020.7,2048.7,106290.0,217240806.4
2026-06-16,2060.0,2115.0,2060.0,2084.1,220747.0,461360288.6
2026-06-17,2104.0,2113.9,2066.0,2090.0,152571.0,319179356.0
2026-06-18,2099.8,2175.0,2088.1,2137.7,240221.0,507145321.0
2026-06-19,2080.9,2115.1,2060.1,2089.4,143738.0,300993034.3
2026-06-22,2089.4,2095.0,2045.0,2050.4,241920.0,501333469.8
2026-06-23,2050.0,2065.0,1984.0,1993.4,86350.0,173148400.9
2026-06-24,1993.4,1996.6,1964.0,1974.0,80084.0,158281988.3
2026-06-25,1974.6,1990.0,1948.1,1955.4,90398.0,177429211.8
2026-06-29,1970.0,1970.0,1903.2,1927.3,173494.0,333661413.2
2026-06-30,1919.9,1932.0,1893.3,1906.4,108737.0,207603598.5
2026-07-01,1914.0,1933.8,1860.0,1866.5,122274.0,230885518.6
2026-07-02,1872.0,1915.0,1868.0,1896.9,44371.0,83847433.1
2026-07-03,1907.9,1914.8,1872.9,1879.2,72996.0,137969639.7
2026-07-06,1899.7,1910.0,1867.2,1889.3,81582.0,154236941.7
2026-07-07,1905.2,1945.0,1892.3,1923.5,89879.0,172734657.7
2026-07-08,1927.0,1935.0,1897.3,1902.4,60647.0,116213283.5
2026-07-09,1918.0,1928.0,1891.9,1924.7,56637.0,108023105.8
2026-07-10,1928.8,1936.6,1906.2,1924.0,60808.0,116577264.1
2026-07-13,1915.0,1962.9,1906.0,1952.6,74235.0,144459161.4
2026-07-14,1958.0,1958.0,1903.0,1921.0,76073.0,145904953.5
2026-07-15,1920.0,1959.9,1913.0,1944.9,95900.0,186080143.1
2026-07-16,1957.5,1978.9,1934.3,1947.0,78581.0,153448399.3
2026-07-17,1957.9,1957.9,1903.0,1910.1,61208.0,117234901.6
2026-07-20,1910.1,1955.0,1893.4,1932.9,151384.0,292475510.2
2026-07-21,1932.9,1974.5,1879.6,1918.0,253786.0,490843330.3
2026-07-22,1907.0,1907.0,1773.0,1820.0,618752.0,1126943071.9
2026-07-23,1810.0,1831.1,1771.0,1790.6,192655.0,347642119.6
2026-07-24,1792.2,1799.9,1751.1,1759.9,170780.0,301426581.1
2026-07-27,1772.0,1783.8,1755.0,1759.7,119934.0,211657618.9
2026-07-28,1768.4,1771.2,1740.0,1743.0,97059.0,169878517.2
2026-07-29,1764.0,1764.0,1736.1,1751.0,137081.0,240051356.3
2026-07-30,1755.0,1760.9,1730.0,1743.1,194452.0,338621233.3
2026-07-31,1750.1,1807.9,1738.1,1799.8,207650.0,370926009.9
2026-08-03,1820.0,1825.0,1790.0,1798.6,165345.0,299098000.3
2026-08-04,1805.0,1815.0,1771.0,1774.8,97037.0,173614425.8
2026-08-05,1795.6,1796.0,1760.0,1775.7,90440.0,160659164.1
2026-08-06,1775.7,1789.9,1759.4,1763.5,94108.0,166778661.5
2026-08-07,1763.8,1768.5,1748.0,1755.0,129819.0,228158046.8
2026-08-10,1766.0,1812.2,1755.0,1782.7,264184.0,473324110.6
2026-08-11,1790.0,1809.0,1778.6,1784.3,216604.0,387097257.2
2026-08-12,1798.0,1810.0,1764.1,1784.6,139878.0,249643032.7
2026-08-13,1798.4,1813.4,1787.1,1803.6,120337.0,216417482.4
2026-08-14,1803.6,1815.0,1780.0,1789.9,81307.0,145841186.1
2026-08-17,1789.9,1804.6,1766.0,1770.0,113085.0,200461657.1
2026-08-18,1767.2,1785.9,1737.4,1753.1,104847.0,183859566.7
2026-08-19,1753.0,1759.9,1730.0,1734.3,87736.0,152472223.5
2026-08-20,1736.0,1761.9,1736.0,1749.2,64542.0,112976589.2
2026-08-21,1762.0,1767.1,1740.0,1742.2,38325.0,66884213.2
2026-08-24,1750.0,1753.5,1722.3,1746.0,57656.0,100195319.1
2026-08-25,1752.0,1763.2,1730.0,1750.3,34838.0,60986566.7
2026-08-26,1761.9,1771.0,1745.6,1751.9,34787.0,61175893.6
2026-08-27,1750.5,1770.9,1744.1,1755.4,106982.0,188370448.5
2026-08-28,1763.9,1774.0,1752.5,1756.9,74123.0,130442340.1
2026-08-31,1754.0,1775.0,1737.1,1755.4,79285.0,139447993.6
2026-09-01,1757.0,1774.0,1757.0,1764.4,33507.0,59104144.8
2026-09-02,1760.0,1760.0,1733.3,1740.8,48141.0,83808592.7
2026-09-03,1749.9,1758.6,1726.1,1729.5,39380.0,68321243.7
2026-09-04,1730.0,1745.0,1722.5,1726.4,43854.0,75932640.1
2026-09-07,1726.4,1727.9,1703.4,1706.4,54073.0,92498884.8
2026-09-08,1700.1,1714.1,1681.0,1684.5,122055.0,205896875.6
2026-09-09,1684.0,1697.2,1670.0,1671.9,45330.0,76014304.0
2026-09-10,1672.3,1683.2,1626.0,1637.7,135778.0,222905879.3
2026-09-11,1637.7,1716.4,1624.1,1695.0,140423.0,235525293.5
2026-09-15,1713.8,1713.8,1652.0,1659.5,56056.0,93680475.8
2026-09-16,1662.0,1768.8,1645.2,1706.3,365133.0,629081818.3
2026-09-17,1707.9,1718.8,1652.0,1662.7,82888.0,139001250.0
2026-09-18,1651.4,1667.0,1622.4,1646.3,709316.0,1165553360.8
2026-09-21,1650.0,1656.0,1630.0,1631.4,49716.0,81330238.2
2026-09-22,1635.0,1645.0,1630.0,1635.2,39293.0,64214820.7
2026-09-23,1644.7,1657.0,1636.0,1652.4,71004.0,117078618.3
2026-09-24,1657.5,1657.5,1619.0,1635.9,92462.0,151040004.4
2026-09-25,1637.8,1645.0,1625.9,1642.1,31410.0,51336024.8
2026-09-28,1642.0,1646.0,1620.0,1637.0,30046.0,49009627.2
2026-09-29,1638.3,1638.4,1600.0,1612.9,69706.0,113021727.4
