date,open,high,low,close,volume,value
2011-01-03,584.8973,594.2557,574.8956,587.2369,37610.0,22124709.5
2011-01-04,588.4067,591.7991,577.2937,581.271,27488.0,16000176.9
2011-01-05,581.154,601.5084,568.5202,586.2426,78853.0,46374634.75
2011-01-06,589.3426,608.2932,563.841,568.5202,75076.0,43795750.95
2011-01-07,575.422,581.9729,526.4076,546.762,61396.0,34374294.2
2011-01-10,546.2941,546.2941,437.4447,446.2182,343722.0,161478500.15
2011-01-11,438.673,466.7481,367.3155,441.2466,1353785.0,577136697.8
2011-01-12,448.0314,460.7821,440.6617,450.6049,329242.0,147932517.05
2011-01-13,455.5181,497.1627,447.2125,474.1763,677131.0,326092496.7
2011-01-14,476.1064,487.6874,452.7105,460.7236,198401.0,94301188.6
2011-01-17,467.333,485.1723,450.371,454.9332,129619.0,60438586.6
2011-01-18,456.2199,483.0082,453.003,466.6311,308810.0,145369129.05
2011-01-19,471.4273,480.2007,455.0501,458.384,99131.0,46632886.8
2011-01-20,455.0501,464.9934,444.522,450.3125,48939.0,22294691.0
2011-01-21,452.4181,464.4085,438.9655,443.1182,63885.0,28982318.1
2011-01-24,447.7974,455.1086,435.4561,438.0881,35156.0,15633781.4
2011-01-25,441.5975,452.6521,424.7525,428.6713,74202.0,32669986.15
2011-01-27,434.9297,436.3334,409.4281,412.7036,25910.0,10934222.8
2011-01-28,416.3299,416.3299,388.3718,395.8,37448.0,14868016.8
2011-01-31,392.3491,393.051,375.7381,384.0436,40843.0,15720618.9
2011-02-01,388.2549,393.9869,352.5761,357.7232,67172.0,24930371.75
2011-02-02,367.7835,405.2754,360.5307,384.2776,391027.0,152791799.9
2011-02-03,390.2435,403.5792,381.704,395.7415,129149.0,51062353.5
2011-02-04,397.7302,412.879,367.3155,380.1833,124094.0,49813594.8
2011-02-07,382.9908,395.0397,367.3155,375.2701,39152.0,14949088.9
2011-02-08,382.5229,398.9,377.9022,390.0096,116468.0,45314160.0
2011-02-09,392.8171,403.5792,380.1833,397.1453,95506.0,37761694.65
2011-02-10,398.9,409.3112,382.8738,402.1754,74706.0,29822893.6
2011-02-11,404.1641,404.749,389.5416,394.6887,63254.0,25057242.6
2011-02-14,403.8716,417.6167,393.051,413.7564,56442.0,23114022.6
2011-02-15,414.9262,438.4391,414.9262,432.4146,88693.0,38117950.7
2011-02-16,432.824,447.9729,417.6167,423.4657,117221.0,51180265.9
2011-02-17,441.1296,441.1296,415.745,421.4185,117386.0,50232500.6
2011-02-18,429.3147,443.2937,416.5054,438.79,148539.0,63715668.5
2011-02-21,443.2352,443.2352,412.996,419.6054,35109.0,14847518.8
2011-02-22,418.7865,428.6713,389.6001,394.4548,34103.0,13918002.95
2011-02-23,395.3906,408.0829,388.4888,392.1152,61976.0,24664549.7
2011-02-24,397.6132,397.7302,357.4308,366.6137,39441.0,14960511.6
2011-02-25,371.9947,379.9493,356.7874,370.591,30472.0,11305869.45
2011-02-28,374.2173,380.1833,357.4308,365.1514,12795.0,4754846.4
2011-03-01,370.7079,379.0135,362.6364,374.6852,17836.0,6673891.4
2011-03-03,374.3343,384.6285,369.8891,370.6494,19111.0,7147590.65
2011-03-04,374.3343,377.8437,358.8345,362.5779,17720.0,6535890.45
2011-03-07,362.6364,362.6364,352.1082,356.378,11072.0,3953030.55
2011-03-08,360.1798,397.7302,356.7874,376.8494,118936.0,45413121.3
2011-03-09,383.5757,386.9681,364.0401,366.4967,41378.0,15516967.65
2011-03-10,372.8136,372.8136,355.6176,357.9572,38112.0,13729700.85
2011-03-11,357.9572,373.106,352.4591,355.3836,318424.0,115389015.75
2011-03-14,357.7232,367.4325,355.6761,359.5949,24127.0,8719060.75
2011-03-15,354.7987,356.6704,331.6368,347.3705,24920.0,8727568.4
2011-03-16,350.9384,361.4666,350.9384,353.2195,24047.0,8573249.85
2011-03-17,353.161,358.5421,347.429,348.6573,18401.0,6467251.35
2011-03-18,352.3422,354.3308,343.2763,345.3234,194959.0,67978036.45
2011-03-21,352.1082,353.161,328.8878,331.2859,21968.0,7425198.65
2011-03-22,336.316,336.316,322.2784,325.7878,35782.0,11796266.7
2011-03-23,327.5425,331.9877,322.9803,327.4255,39661.0,12987530.95
2011-03-24,329.1802,339.2405,322.103,323.9746,132363.0,43811043.35
2011-03-25,327.3086,383.2832,325.2029,365.9118,1208898.0,443213383.05
2011-03-28,362.6364,371.8777,334.7368,338.0122,190362.0,67609855.8
2011-03-29,339.2405,346.2592,329.9406,332.3972,74724.0,25252446.25
2011-03-30,335.3801,345.0894,333.1575,335.1462,77306.0,26032919.15
2011-03-31,337.1348,344.2121,327.718,329.3557,69607.0,23132880.55
2011-04-01,331.0519,337.9537,327.718,331.3443,25462.0,8464200.45
2011-04-04,333.0405,363.8061,332.6896,348.5403,156470.0,55293453.5
2011-04-05,350.2365,356.7874,341.8725,346.3762,50688.0,17735020.65
2011-04-06,349.4177,356.6704,346.2592,347.546,31804.0,11131808.5
2011-04-07,349.5347,355.8515,347.429,348.5403,70243.0,24611383.45
2011-04-08,350.1196,362.4024,332.2217,333.9179,118999.0,40902255.95
2011-04-11,334.3273,341.2291,327.601,332.2802,21195.0,7087115.35
2011-04-13,332.2217,354.4478,328.8878,344.6215,134532.0,46557684.4
2011-04-15,345.5574,347.1366,336.5499,339.299,61932.0,21046297.7
2011-04-18,340.8782,347.1951,331.2859,333.567,39684.0,13483489.6
2011-04-19,333.3915,334.6783,330.2915,332.0462,15630.0,5202374.15
2011-04-20,334.3273,341.4631,327.0161,328.1274,47677.0,15839945.0
2011-04-21,330.35,335.6726,325.2029,328.2444,21577.0,7144976.15
2011-04-25,331.0519,332.1047,324.0331,326.6067,62997.0,20531647.6
2011-04-26,326.4312,327.9519,319.354,320.6407,18094.0,5827626.25
2011-04-27,322.1615,324.5595,309.9956,312.6276,22888.0,7236083.5
2011-04-28,317.7747,317.7747,292.7411,294.6713,46879.0,14109509.35
2011-04-29,294.7883,296.1335,278.2942,280.2828,67452.0,19111159.35
2011-05-02,280.7507,297.1279,280.7507,288.0035,111683.0,32371448.35
2011-05-03,292.4487,292.4487,276.364,278.7036,18237.0,5145250.6
2011-05-04,279.8149,324.618,275.2527,302.8014,673958.0,208989374.1
2011-05-05,304.3806,305.3164,288.9393,292.2732,94170.0,27775942.3
2011-05-06,294.3203,304.7315,286.8337,291.8638,71151.0,21078226.35
2011-05-09,295.7241,295.7241,280.7507,281.6281,68406.0,19408748.85
2011-05-10,286.4827,311.1654,279.5809,290.7525,131102.0,39126092.15
2011-05-11,292.3317,302.9768,288.3544,294.1449,44918.0,13353942.1
2011-05-12,294.7883,298.9995,284.4941,286.8921,25097.0,7324641.2
2011-05-13,288.2374,299.4674,284.4356,288.1204,74451.0,21883670.85
2011-05-16,291.9808,300.5787,284.845,285.6639,68039.0,19586849.2
2011-05-17,287.4186,291.2789,277.2413,283.6167,16495.0,4688323.5
2011-05-18,283.6752,288.2959,278.8791,280.5753,15231.0,4324053.1
2011-05-19,282.3884,292.3317,280.9847,282.8564,22379.0,6385902.35
2011-05-20,284.728,315.8446,280.7507,288.6468,217276.0,64592523.2
2011-05-23,288.1789,288.1789,278.8206,281.7451,58346.0,16418963.2
2011-05-24,284.1431,286.3657,277.5923,278.8206,15531.0,4365214.35
2011-05-25,277.1244,281.9205,264.3736,266.3038,115054.0,30995592.55
2011-05-26,268.2339,276.0715,263.2038,265.7189,80730.0,21519215.65
2011-05-27,266.9471,280.2828,266.7132,267.532,87859.0,23737150.25
2011-05-30,269.0528,273.1471,263.3793,264.783,71405.0,18974356.85
2011-05-31,266.7132,270.1056,263.8472,265.0755,42956.0,11460479.45
2011-06-01,267.1811,267.1811,257.7643,259.9869,42655.0,11222934.5
2011-06-02,257.1209,262.034,254.0209,255.7756,57995.0,14912658.45
2011-06-03,259.6944,259.6944,245.7739,246.7097,71535.0,17993195.4
2011-06-06,249.5172,252.4417,243.4928,247.9965,39724.0,9843672.75
2011-06-07,247.9965,259.6944,247.9965,255.0152,145120.0,36945151.55
2011-06-08,255.3077,259.4605,253.3775,254.0209,23996.0,6143768.6
2011-06-09,255.0152,267.883,253.8454,265.7774,65438.0,17145373.25
2011-06-10,268.3509,269.5207,258.3492,261.0982,22581.0,5959286.7
2011-06-13,259.402,259.402,252.1492,257.5303,9020.0,2310133.75
2011-06-14,257.5888,279.464,257.3548,268.3509,94007.0,25441154.05
2011-06-15,270.2226,277.2413,269.0528,273.8489,46754.0,12775376.25
2011-06-16,273.264,286.4827,271.9773,274.1414,60929.0,17006636.45
2011-06-17,272.5622,285.4299,272.5622,275.4866,38544.0,10747015.8
2011-06-20,276.0715,279.8149,251.5059,262.268,17541.0,4674081.45
2011-06-21,265.0755,271.2754,247.1776,251.2719,20284.0,5252163.35
2011-06-22,251.5059,252.6757,241.5041,242.4984,19845.0,4885106.55
2011-06-23,243.0833,243.0833,230.9175,233.2571,17376.0,4094536.15
2011-06-24,237.3513,244.3116,234.5438,239.2815,56853.0,13657992.65
2011-06-27,241.4456,277.8262,241.4456,265.134,565407.0,151154307.75
2011-06-28,264.3736,266.9471,254.3134,258.5831,124044.0,32130708.95
2011-06-29,260.7472,266.6547,258.0567,260.4548,28384.0,7431383.45
2011-06-30,260.8642,261.9755,249.7512,250.9795,21762.0,5528389.75
2011-07-01,253.0266,257.2379,241.7966,247.4116,34669.0,8723093.95
2011-07-04,249.0493,252.6172,246.0663,247.5286,15933.0,3955286.05
2011-07-05,246.8852,260.8642,245.2475,246.3588,99519.0,24848728.1
2011-07-06,245.5984,250.2776,244.7795,247.2361,37718.0,9314810.35
2011-07-07,248.4644,254.7813,247.9965,249.6927,22346.0,5594819.75
2011-07-08,251.1549,253.553,247.9965,250.5115,20557.0,5148511.6
2011-07-11,246.8267,254.8398,246.2418,247.7625,23913.0,5947051.25
2011-07-12,246.8267,249.1663,240.9777,243.1418,40329.0,9841486.45
2011-07-13,246.2418,248.9908,242.7324,244.2531,10493.0,2575676.3
2011-07-14,245.2475,246.4757,238.6966,240.7437,28925.0,6987424.8
2011-07-15,243.2003,243.8437,231.7948,232.9646,52696.0,12434963.35
2011-07-18,235.1287,239.6909,231.6193,234.1344,33691.0,7917802.5
2011-07-19,233.9589,237.2344,233.491,234.4853,22103.0,5198776.3
2011-07-20,235.3042,237.0589,229.2798,232.0873,12828.0,2995343.85
2011-07-21,230.625,232.7307,224.1327,225.3025,12737.0,2889352.75
2011-07-22,233.9589,233.9589,213.7215,216.9969,57123.0,12581716.0
2011-07-25,219.9214,219.9214,210.68,214.3064,23346.0,5029749.8
2011-07-26,216.412,216.412,209.3932,210.914,17259.0,3658056.4
2011-07-27,208.2235,212.5517,207.3461,208.7499,15318.0,3214165.3
2011-07-28,207.0537,208.9838,183.8917,188.6294,97103.0,19015012.3
2011-07-29,216.412,219.395,187.6351,215.2422,382907.0,81731210.95
2011-08-01,216.7045,225.7704,211.9668,216.529,158355.0,34626351.4
2011-08-02,216.529,216.529,201.3217,203.3688,48168.0,9972145.05
2011-08-03,198.8651,218.1082,193.0161,207.9895,212218.0,44409994.6
2011-08-04,210.2706,210.2706,195.3557,198.2217,24789.0,5039800.15
2011-08-05,187.2841,195.9406,178.9786,190.1501,45475.0,8512056.15
2011-08-08,187.1672,187.1672,175.8786,177.3994,38122.0,6896285.75
2011-08-09,170.79,188.8634,167.5146,180.4408,109668.0,19961688.8
2011-08-10,187.1672,191.9048,175.7032,176.639,52717.0,9584585.05
2011-08-11,181.0842,181.0842,175.5277,175.9371,48898.0,8662008.7
2011-08-12,178.4522,179.7974,172.0183,177.0484,55776.0,9887838.3
2011-08-16,179.505,179.505,170.3221,173.0126,35848.0,6331250.7
2011-08-17,174.2994,175.6447,152.7752,155.3487,126421.0,20466169.15
2011-08-18,156.6355,156.6355,140.9603,144.4696,74310.0,11137100.5
2011-08-19,140.3169,140.3754,133.0641,138.5622,99187.0,13618061.15
2011-08-22,139.3225,157.9223,133.0641,154.2959,189779.0,28573724.15
2011-08-23,157.0449,185.1785,155.6412,185.1785,369333.0,64734144.75
2011-08-24,190.6765,207.0537,181.3767,188.9218,701522.0,138768359.6
2011-08-25,190.0916,193.5425,180.6163,186.6407,323797.0,60914086.75
2011-08-26,186.5823,188.3369,170.8485,173.1296,83599.0,14974738.05
2011-08-29,177.9258,185.8219,175.2937,179.9144,60205.0,10883254.3
2011-08-30,183.4823,190.0331,173.7145,186.4068,101277.0,18646605.3
2011-09-02,192.3142,196.5255,186.1728,188.2785,81073.0,15463400.95
2011-09-05,183.5993,185.9974,177.8673,180.9672,24809.0,4531109.2
2011-09-06,179.0956,185.0615,175.6447,179.5635,29568.0,5324338.35
2011-09-07,180.7333,185.9974,176.8145,178.3937,19489.0,3522891.85
2011-09-08,182.371,182.371,176.6975,177.7503,11370.0,2034594.9
2011-09-09,178.5107,181.3182,172.6032,174.9428,15121.0,2693030.5
2011-09-12,175.5862,177.7503,164.2977,165.9354,12349.0,2097934.75
2011-09-13,165.5259,173.9485,161.4317,162.4845,26815.0,4487111.3
2011-09-14,164.9411,167.5146,163.7713,165.292,10655.0,1759551.2
2011-09-15,166.1108,168.6259,164.1807,164.8241,10813.0,1796727.6
2011-09-16,165.5844,182.488,165.5844,169.6202,144994.0,25327486.2
2011-09-19,171.141,180.0314,168.041,174.5919,83839.0,14633299.3
2011-09-20,175.4692,177.5748,172.5447,175.8786,20002.0,3517426.15
2011-09-21,178.7446,184.8276,177.8673,181.6106,68367.0,12413066.05
2011-09-22,182.488,182.488,164.3562,166.1693,35228.0,6107240.05
2011-09-23,169.6202,169.6202,153.5356,158.2732,49681.0,7911471.1
2011-09-26,160.2619,160.9637,150.6696,153.8865,24828.0,3852200.3
2011-09-27,157.7468,166.1108,155.7582,158.3317,35286.0,5716066.55
2011-09-28,160.8468,161.0807,155.0563,156.9864,11366.0,1791860.45
2011-09-29,157.3374,164.9411,155.5827,162.0166,20065.0,3222756.45
2011-09-30,167.2806,175.1183,158.5072,160.9637,138607.0,23418075.9
2011-10-03,154.4129,158.7411,152.0733,152.4242,22893.0,3523985.15
2011-10-04,152.0733,155.4072,145.0545,145.23,26950.0,4012916.4
2011-10-05,146.8092,148.8564,141.5452,143.4168,22628.0,3284802.8
2011-10-07,146.2828,150.845,144.0017,146.6923,41343.0,6127377.0
2011-10-10,147.0432,153.945,146.5168,148.8564,29336.0,4396086.4
2011-10-11,151.4299,153.828,148.9149,149.6752,17648.0,2659668.7
2011-10-12,150.3186,150.6111,145.6394,147.5696,22539.0,3322014.85
2011-10-13,147.6281,160.2619,147.6281,152.4242,107857.0,16777560.6
2011-10-14,150.9035,155.2318,149.7337,150.6111,27272.0,4141226.8
2011-10-17,151.9563,157.6298,148.8564,149.9677,22210.0,3374082.3
2011-10-18,147.1017,149.7922,145.6394,146.5753,11252.0,1656307.9
2011-10-19,149.4998,150.2601,145.464,146.6923,15466.0,2281360.15
2011-10-20,146.1074,153.711,146.1074,147.862,49047.0,7325630.9
2011-10-21,147.3941,149.0318,143.4168,144.3527,15519.0,2266574.35
2011-10-24,145.4055,147.979,142.247,143.4753,11659.0,1691754.15
2011-10-25,145.6979,145.6979,139.2056,140.1414,18604.0,2614826.4
2011-10-26,143.2414,145.6394,140.9018,143.7093,7055.0,1010743.7
2011-10-28,147.3941,150.7865,142.3055,143.0074,24527.0,3556490.6
2011-10-31,143.0659,147.5696,143.0074,143.9432,13807.0,2003034.5
2011-11-01,145.0545,148.096,141.6036,142.1885,10670.0,1535486.0
2011-11-02,140.9603,145.347,140.9603,143.5923,9138.0,1311292.05
2011-11-03,143.6508,147.0432,143.1244,144.7621,14034.0,2037906.4
2011-11-04,147.0432,149.7337,143.8847,145.6394,19032.0,2796382.2
2011-11-08,147.9205,147.9205,142.9489,144.0017,9419.0,1360686.1
2011-11-09,146.1074,149.6752,142.481,146.0489,19977.0,2930168.55
2011-11-11,144.1187,147.3941,140.9603,141.7791,21111.0,3048310.0
2011-11-14,144.9376,144.9376,132.5962,133.7075,14954.0,2062923.15
2011-11-15,132.3038,139.2056,120.4889,121.0738,38856.0,4842936.75
2011-11-16,122.8284,122.8284,108.7909,110.1362,31148.0,3539945.5
2011-11-17,113.938,120.1379,111.1305,114.1135,52040.0,6081302.95
2011-11-18,111.189,114.6399,110.0192,111.5984,15736.0,1757085.9
2011-11-21,113.938,113.938,103.4099,106.3343,11357.0,1237649.0
2011-11-22,104.3457,106.2758,100.6023,101.7136,30611.0,3166114.05
2011-11-23,102.474,102.474,94.227,94.6949,15774.0,1528196.45
2011-11-24,93.5836,94.6364,90.0742,93.9345,20074.0,1857185.55
2011-11-25,93.9345,99.4325,91.244,92.4723,20876.0,1984513.25
2011-11-28,93.5836,101.3627,93.5836,99.3156,44668.0,4377940.45
2011-11-29,101.6552,101.6552,92.1798,92.9402,43199.0,4115767.85
2011-11-30,95.5137,97.6779,90.7176,92.9402,27990.0,2630218.5
2011-12-01,93.5836,100.1344,91.3025,92.5892,31609.0,2996701.15
2011-12-02,91.8289,95.9232,90.4251,94.6364,8766.0,821163.75
2011-12-05,93.5836,95.2213,92.3553,93.2911,5091.0,478582.95
2011-12-07,92.4723,98.1458,91.8289,94.3439,19059.0,1827796.2
2011-12-08,93.5836,94.7534,90.1327,90.8346,14781.0,1354844.8
2011-12-09,88.9044,89.8402,87.1497,87.9101,9732.0,859773.75
2011-12-12,87.6761,90.0742,84.2837,84.9271,8457.0,738445.6
2011-12-13,87.7346,87.7346,79.897,80.7743,12390.0,1021055.6
2011-12-14,92.4138,92.4138,76.3876,77.2649,9136.0,722307.45
2011-12-15,76.0367,76.2121,70.4801,71.4745,22545.0,1629220.9
2011-12-16,69.0179,75.3348,61.5312,68.9009,10015.0,715694.15
2011-12-19,70.1877,70.1877,61.9991,63.4614,11687.0,758209.9
2011-12-20,61.6482,61.6482,58.4897,58.7237,14691.0,884227.55
2011-12-21,59.6595,64.5727,56.2671,63.4029,19927.0,1232255.05
2011-12-22,63.1689,65.5085,61.4727,65.2161,15407.0,990880.15
2011-12-23,64.9236,69.6613,64.9236,65.9764,14233.0,958012.1
2011-12-26,65.5085,67.8481,64.6896,67.6726,12037.0,804385.55
2011-12-27,66.3274,68.9594,66.3274,68.0236,3480.0,236872.8
2011-12-28,66.0934,68.9009,64.8651,65.7425,2318.0,154185.7
2011-12-29,65.7425,66.6783,59.1916,60.7708,67215.0,4137277.95
2011-12-30,61.9991,66.8538,59.952,66.7953,39314.0,2603213.15
2012-01-02,69.0179,70.8311,68.199,69.5443,13707.0,951343.5
2012-01-03,72.8782,76.5046,70.5386,76.5046,11314.0,854329.35
2012-01-04,84.1082,84.1082,81.6517,84.1082,16552.0,1386269.65
2012-01-05,88.3195,88.3195,87.6176,88.3195,10987.0,969247.9
2012-01-06,92.7062,92.7062,87.8516,92.7062,39708.0,3631255.6
2012-01-09,94.7119,97.3304,94.7119,97.2747,52844.0,5137208.15
2012-01-10,100.2832,102.1217,100.2832,102.066,62004.0,6324157.05
2012-01-11,105.1859,106.8573,96.9961,96.9961,46973.0,4623905.85
2012-01-12,97.0518,97.0518,92.1491,92.1491,17231.0,1589601.15
2012-01-13,87.7478,93.4862,87.5806,87.8035,20801.0,1849299.95
2012-01-16,83.5693,92.1491,83.5693,92.1491,15781.0,1395195.75
2012-01-17,96.7176,96.7176,90.3106,93.8205,37010.0,3539059.35
2012-01-18,90.3106,94.6005,89.1406,89.1406,12922.0,1163487.85
2012-01-19,89.1406,90.7006,86.9121,89.252,15361.0,1366532.55
2012-01-20,87.1907,92.4834,87.1907,90.422,12974.0,1168748.6
2012-01-23,90.422,92.4277,88.1935,90.1991,22007.0,1978624.85
2012-01-24,90.1991,94.7119,88.3606,92.0934,24834.0,2302629.9
2012-01-25,91.4248,93.4305,89.8649,90.6449,8755.0,795972.85
2012-01-27,90.4777,93.5976,90.4777,92.9291,7155.0,661683.7
2012-01-30,92.4834,93.0405,88.3049,89.1406,5487.0,496191.55
2012-01-31,84.795,92.2605,84.795,88.9735,5923.0,525882.3
2012-02-01,89.0292,93.3748,88.0263,93.3748,11896.0,1095085.3
2012-02-02,96.3833,97.999,96.3276,97.999,10859.0,1061077.65
2012-02-03,102.456,102.846,99.8375,101.7317,26561.0,2710466.65
2012-02-06,102.1217,103.4031,98.8904,100.4503,23531.0,2376977.1
2012-02-07,98.6675,101.1189,98.0547,98.8904,5156.0,511133.9
2012-02-08,98.8904,103.7931,95.8262,99.8932,16386.0,1657120.1
2012-02-09,102.456,102.456,97.5532,99.7818,4851.0,486353.0
2012-02-10,99.1689,101.3974,96.439,97.609,7255.0,719751.55
2012-02-13,100.5617,101.9546,93.0405,100.7846,82657.0,8132547.65
2012-02-14,102.5117,105.7988,102.1217,102.846,40243.0,4172501.2
2012-02-15,103.1245,107.8601,101.0074,105.6316,24312.0,2523119.55
2012-02-16,103.626,110.8686,103.626,110.5344,38511.0,4244330.35
2012-02-17,111.4258,115.8828,111.4258,114.2114,30257.0,3449625.8
2012-02-21,112.54,116.3842,112.54,113.6543,6215.0,712365.45
2012-02-22,112.54,115.7156,107.9716,108.3615,34374.0,3766729.95
2012-02-23,105.1859,107.5816,102.9574,103.4031,13329.0,1388962.05
2012-02-24,105.8545,105.8545,98.6118,102.6788,17318.0,1792373.2
2012-02-27,101.3974,101.3974,97.5532,97.5532,3361.0,332115.95
2012-02-28,93.7648,96.9404,93.7091,95.4362,9377.0,897654.55
2012-02-29,98.5561,99.7261,96.1604,97.999,7339.0,721014.0
2012-03-01,97.4975,101.8989,97.4975,100.3946,7058.0,701760.45
2012-03-02,98.6118,104.9631,98.6118,104.4616,7376.0,764245.5
2012-03-05,107.6201,108.7314,103.5258,106.0409,7893.0,842671.95
2012-03-06,106.0409,111.1294,102.9994,106.3918,10737.0,1165303.4
2012-03-07,103.5258,105.2805,101.1863,103.8183,4689.0,484682.7
2012-03-09,102.9994,108.205,101.6542,102.8824,4002.0,418398.95
2012-03-12,103.4673,106.3918,102.473,104.5201,5531.0,578396.6
2012-03-13,105.2805,107.5616,105.2805,106.4503,5847.0,621376.6
2012-03-14,104.1107,108.205,103.2334,106.8597,7627.0,819196.85
2012-03-15,105.2805,109.1408,104.8711,107.6201,9348.0,997107.95
2012-03-16,108.205,109.9596,107.854,108.7898,3672.0,399680.25
2012-03-19,111.5973,111.5973,104.1692,107.854,12835.0,1366974.8
2012-03-20,108.7898,109.6672,97.209,107.5616,6642.0,706382.6
2012-03-21,106.9767,116.7444,105.6899,112.9426,9590.0,1061506.35
2012-03-22,115.8085,121.8914,107.6201,111.7728,13108.0,1527010.15
2012-03-23,111.7728,120.1367,108.7898,112.4747,10679.0,1211857.35
2012-03-26,114.6388,114.6388,104.7541,105.8069,4771.0,519770.1
2012-03-27,110.8955,110.8955,107.0937,108.7314,27522.0,2966256.15
2012-03-28,114.2878,114.2878,106.4503,108.6144,12124.0,1308503.65
2012-03-29,111.9483,111.9483,106.4503,108.1465,2448.0,263896.4
2012-03-30,111.9483,111.9483,106.4503,108.9653,3714.0,404488.6
2012-04-02,111.1294,111.1294,108.8483,110.0181,4741.0,519299.1
2012-04-03,112.2992,120.3707,111.1294,116.9198,21967.0,2585665.6
2012-04-04,116.3934,116.3934,111.4219,114.5803,3007.0,344115.55
2012-04-09,123.997,123.997,110.0766,112.0067,1267.0,141974.7
2012-04-10,108.7898,115.2237,108.7898,111.6558,3875.0,429945.45
2012-04-11,109.3747,112.8841,107.7955,108.6144,2467.0,268656.95
2012-04-12,114.9897,114.9897,103.2334,105.6899,29822.0,3288544.1
2012-04-13,110.4275,112.2992,99.4316,101.1278,16465.0,1721507.85
2012-04-16,104.1107,104.1107,100.0165,100.7183,3920.0,396859.35
2012-04-17,104.1107,104.1107,98.3788,98.7882,6012.0,596832.95
2012-04-18,99.4316,99.4901,97.9693,99.3146,6304.0,625645.45
2012-04-19,96.7996,101.7711,96.7996,98.4958,2732.0,268135.9
2012-04-20,98.2618,100.6014,96.9165,98.3203,3840.0,376032.35
2012-04-23,98.2618,98.2618,91.8865,93.6996,6561.0,625955.5
2012-04-24,93.8751,93.8751,85.3942,87.3243,10732.0,945910.35
2012-04-25,90.1903,90.1903,80.7735,83.2301,19465.0,1621797.3
2012-04-26,86.0376,87.6168,80.1886,81.8263,47296.0,4041127.35
2012-04-27,81.8848,81.8848,77.7906,77.7906,12715.0,1014581.3
2012-04-30,81.1526,81.1526,73.9069,74.2547,9624.0,717837.4
2012-05-02,77.6747,77.6747,71.0085,73.2113,5857.0,430886.7
2012-05-03,75.4719,75.4719,69.5594,69.7913,11916.0,835517.15
2012-05-04,69.5594,69.5594,66.3133,66.3133,8327.0,555445.4
2012-05-07,66.0814,66.0814,63.0092,63.9367,35561.0,2265564.5
2012-05-08,66.0814,66.8929,61.5601,62.2557,9176.0,585382.05
2012-05-09,61.4441,62.6035,59.1835,60.4007,17044.0,1033141.05
2012-05-10,60.4007,60.4007,57.3865,57.6763,18726.0,1087396.7
2012-05-11,57.6763,57.6763,54.836,54.836,10573.0,586035.65
2012-05-14,52.1116,53.9665,52.1116,52.1116,9522.0,496533.55
2012-05-15,49.5611,49.619,49.5611,49.5611,5649.0,279971.45
2012-05-16,47.1265,47.1265,47.1265,47.1265,7338.0,345809.55
2012-05-17,44.8078,44.8078,44.8078,44.8078,6749.0,302397.6
2012-05-18,42.6051,42.6051,42.6051,42.6051,4944.0,210651.0
2012-05-21,40.5183,44.6919,40.5183,44.576,176291.0,7594754.9
2012-05-22,46.7787,46.7787,45.5614,46.0831,51829.0,2415822.35
2012-05-23,47.4743,47.4743,44.3441,45.2716,16829.0,760699.75
2012-05-24,46.0251,46.3729,43.7645,44.9238,13899.0,624682.05
2012-05-25,46.0831,47.1265,43.1848,44.518,40079.0,1841081.75
2012-05-28,43.9963,46.7207,43.1848,46.0251,34256.0,1546797.6
2012-05-29,48.0539,48.1119,44.576,45.3295,13118.0,605774.1
2012-05-30,44.9817,46.1411,43.0689,43.0689,17224.0,748334.55
2012-05-31,41.7356,42.3733,40.9241,40.9241,15079.0,620376.95
2012-06-01,38.8953,39.417,38.8953,38.8953,5240.0,203834.25
2012-06-04,36.9824,36.9824,36.9824,36.9824,9655.0,357056.7
2012-06-05,35.1855,36.9824,35.1855,35.1855,29357.0,1033009.4
2012-06-06,33.7363,36.2289,33.4465,33.4465,41362.0,1399010.25
2012-06-07,31.9973,33.8522,31.8234,31.8234,82813.0,2670982.15
2012-06-08,32.1712,32.7509,30.7221,31.4756,55675.0,1787886.45
2012-06-11,30.7221,33.0407,30.2583,32.6929,98474.0,3166190.95
2012-06-12,33.0407,34.316,33.0407,34.316,20475.0,696331.2
2012-06-13,35.997,35.997,35.997,35.997,11586.0,417063.6
2012-06-14,37.7939,37.7939,34.2,34.258,146233.0,5297959.2
2012-06-15,32.577,34.6058,32.577,33.0407,24476.0,818876.9
2012-06-18,33.8522,34.5478,31.4177,32.2292,24132.0,790189.75
2012-06-19,32.8088,32.8088,30.9539,31.0699,20201.0,632570.8
2012-06-20,30.2583,31.7655,29.8526,31.0699,28122.0,876140.5
2012-06-21,30.9539,31.3017,30.1424,31.0699,21350.0,661700.6
2012-06-22,30.1424,31.3597,30.1424,30.7221,22321.0,687001.15
2012-06-25,31.1278,31.3017,29.5627,30.0844,34287.0,1042664.2
2012-06-26,30.1424,30.1424,28.6353,28.7512,41067.0,1196332.15
2012-06-27,28.4034,30.0265,27.5919,28.4034,55568.0,1597632.9
2012-06-28,28.4034,29.041,27.418,27.7658,39168.0,1097876.75
2012-06-29,27.8238,28.3455,26.6644,27.7658,83830.0,2325863.05
2012-07-02,27.3021,28.3455,26.7804,27.36,77776.0,2137958.2
2012-07-03,26.7804,27.8238,26.0268,26.0268,95970.0,2548132.2
2012-07-04,26.5485,26.7224,24.7516,24.7516,106694.0,2662690.5
2012-07-05,24.8675,25.9688,23.5343,25.9688,325445.0,8095189.1
2012-07-06,27.2441,27.2441,27.2441,27.2441,13667.0,372334.0
2012-07-09,28.5773,28.5773,26.6644,28.5773,187261.0,5263576.45
2012-07-10,29.9685,29.9685,27.2441,29.9685,327165.0,9542430.8
2012-07-11,29.9685,31.1858,29.5048,30.5482,100250.0,3055370.7
2012-07-12,30.4902,31.3017,29.041,30.896,107849.0,3281601.1
2012-07-13,31.1278,32.4031,30.4902,32.1712,96995.0,3071745.2
2012-07-16,32.577,33.7363,32.577,33.7363,59957.0,2022324.9
2012-07-17,35.3594,35.4173,35.3594,35.4173,11360.0,402332.95
2012-07-18,37.1563,37.1563,34.7797,36.3448,245048.0,9017279.05
2012-07-19,36.5187,36.6346,34.8956,35.0116,98871.0,3549193.45
2012-07-20,33.6204,35.6492,33.2726,33.3305,52324.0,1780427.3
2012-07-23,31.8814,33.8522,31.7075,31.7075,40660.0,1324270.2
2012-07-24,30.1424,31.3017,30.1424,30.3163,37151.0,1128797.15
2012-07-25,31.1858,31.1858,28.8671,29.2149,23521.0,692951.55
2012-07-26,29.3309,29.7366,28.4614,28.8092,23497.0,687762.1
2012-07-27,29.041,30.1424,27.418,27.7078,35607.0,1018243.0
2012-07-30,27.8238,28.9831,27.0702,28.7512,9886.0,279464.2
2012-07-31,28.9831,29.6787,27.418,27.8817,11661.0,330520.35
2012-08-01,27.8238,29.2729,27.8238,29.2729,17798.0,515273.35
2012-08-02,28.9831,30.7221,28.9831,30.7221,6049.0,184612.6
2012-08-03,32.2292,32.2292,31.0699,32.1133,60054.0,1921478.2
2012-08-06,32.9827,33.0407,30.5482,30.78,30057.0,954802.9
2012-08-07,30.0844,31.5336,29.6787,29.9105,12072.0,364718.05
2012-08-08,29.7366,30.896,29.7366,30.2583,28078.0,852872.35
2012-08-09,31.7075,31.7075,29.3309,29.5627,11145.0,333676.75
2012-08-10,29.041,31.0119,28.1136,28.7512,17258.0,504712.1
2012-08-13,28.6353,30.0844,28.5773,29.6787,9664.0,283619.9
2012-08-14,29.2729,30.0844,29.157,29.7366,6474.0,191656.75
2012-08-16,28.9831,29.9105,28.2875,29.041,20363.0,588885.95
2012-08-17,28.4614,30.0265,27.9977,28.7512,12073.0,349307.65
2012-08-21,29.099,29.099,27.8238,28.0556,16011.0,449776.6
2012-08-22,27.8817,27.8817,26.8963,27.418,5276.0,144604.65
2012-08-23,28.2875,28.2875,26.7804,27.1282,6129.0,167015.45
2012-08-24,26.9543,27.6499,26.2587,27.0122,11574.0,308828.3
2012-08-27,27.0122,27.5919,26.3166,26.4905,4646.0,124634.75
2012-08-28,26.0848,26.3166,25.2153,25.3312,15862.0,407299.0
2012-08-29,25.3312,25.679,24.3458,25.2732,18531.0,468899.5
2012-08-30,25.621,25.621,24.056,24.2299,9743.0,239490.95
2012-08-31,23.998,24.9254,23.3024,24.2299,19192.0,465267.5
2012-09-03,24.9254,25.3892,23.3024,24.7516,22001.0,545888.65
2012-09-04,24.4617,25.3312,24.3458,25.0993,3268.0,80876.05
2012-09-05,25.0993,25.737,23.8821,24.2878,8411.0,206213.6
2012-09-06,23.94,24.9834,23.94,24.3458,6500.0,159075.05
2012-09-07,24.3458,26.7804,24.3458,26.7804,11942.0,312959.95
2012-09-10,27.6783,29.0517,26.4106,26.886,62526.0,1739880.15
2012-09-11,26.6219,27.467,24.2449,24.4562,34380.0,858911.95
2012-09-12,24.4034,24.9316,23.7167,24.2449,26137.0,640222.35
2012-09-13,24.2449,25.8824,23.6639,24.9844,20395.0,513513.35
2012-09-14,25.3542,27.467,24.6147,24.826,56095.0,1446031.45
2012-09-17,24.826,25.988,23.347,24.0337,37810.0,920288.7
2012-09-18,24.0337,25.3542,23.8224,24.3506,13797.0,339000.9
2012-09-20,24.0865,25.0373,23.347,24.2978,9488.0,229719.05
2012-09-21,24.7732,25.1429,23.2413,23.6639,36720.0,880368.0
2012-09-24,24.1393,24.1921,22.9772,23.2942,32874.0,776252.1
2012-09-25,22.8716,23.8752,22.449,22.6075,38912.0,891205.7
2012-09-26,20.7059,23.2413,20.7059,22.6075,27297.0,621637.8
2012-09-27,22.6075,24.826,22.1849,24.826,55864.0,1332265.4
2012-09-28,23.3998,26.305,23.3998,25.1957,51212.0,1317637.4
2012-10-01,23.8752,25.5127,23.8752,25.2486,37317.0,940501.85
2012-10-03,25.1957,26.4106,25.1957,26.0937,15594.0,404711.7
2012-10-04,26.0937,26.2522,24.4562,25.3014,26404.0,673319.35
2012-10-05,24.9316,25.8824,24.7203,25.3542,33183.0,835264.5
2012-10-08,25.0901,25.7768,25.0901,25.407,7283.0,185948.8
2012-10-09,25.8296,26.9388,25.3014,25.6711,14836.0,384244.35
2012-10-10,25.1957,25.8296,24.9844,25.1429,16967.0,430325.1
2012-10-11,25.6183,25.6183,24.5619,25.1957,6623.0,166252.25
2012-10-12,25.3542,26.4106,24.6147,25.5127,27496.0,703553.0
2012-10-15,25.4598,25.7768,25.1429,25.407,9351.0,237964.25
2012-10-16,25.3542,27.3614,25.0373,25.7239,45949.0,1213349.05
2012-10-17,25.7239,26.7275,25.407,26.0409,14291.0,373199.65
2012-10-18,26.4106,26.4106,25.7768,26.1465,10734.0,280021.8
2012-10-19,25.6183,26.2522,25.3542,25.407,7151.0,183366.4
2012-10-22,25.2486,26.6219,24.826,24.8788,11234.0,283655.9
2012-10-23,25.3014,25.7768,24.3506,24.6147,9296.0,231664.65
2012-10-25,24.6147,25.3542,24.2978,24.6675,6083.0,151046.4
2012-10-26,24.1921,25.2486,24.0865,24.4562,9338.0,229725.15
2012-10-29,24.9316,24.9316,23.6639,23.8752,9537.0,229116.85
2012-10-30,24.2978,24.2978,23.2413,23.347,9620.0,227275.4
2012-10-31,23.347,25.2486,22.9772,23.4526,6495.0,153190.0
2012-11-01,23.5054,25.2486,23.2942,23.6639,14855.0,358507.95
2012-11-02,24.5619,24.5619,23.7696,24.0337,12716.0,305295.95
2012-11-05,24.0865,25.7768,23.6639,25.3542,76411.0,1868150.2
2012-11-06,24.3506,26.3578,24.3506,25.1957,18654.0,476523.15
2012-11-07,25.4598,25.4598,24.6675,24.9844,12787.0,322495.4
2012-11-08,24.826,25.3542,24.6147,24.826,16122.0,406301.85
2012-11-09,25.6183,25.6183,23.8752,24.2978,12887.0,320752.6
2012-11-12,24.0337,24.7732,23.5583,23.928,13248.0,318191.3
2012-11-13,23.928,24.9844,23.928,24.0865,5033.0,121206.6
2012-11-15,23.928,24.4034,22.2377,22.9244,41375.0,941509.2
2012-11-16,23.1885,23.7167,22.7131,22.8188,9204.0,212639.4
2012-11-19,22.6075,22.9244,21.9736,22.2377,6816.0,152984.05
2012-11-20,22.5547,23.7696,21.3398,22.449,16583.0,371384.55
2012-11-21,22.1849,22.6075,22.0265,22.3434,8216.0,183029.7
2012-11-22,22.3434,22.9772,22.2377,22.2906,4212.0,94222.1
2012-11-23,22.2377,22.449,21.3398,22.0265,16448.0,359878.75
2012-11-26,22.0265,24.2978,20.2305,20.3362,48810.0,1032974.55
2012-11-27,21.0757,21.4982,16.2689,16.85,163622.0,3001098.8
2012-11-29,16.4802,16.85,13.5222,13.5222,244811.0,3464330.1
2012-11-30,12.2017,13.5222,12.2017,12.2017,140207.0,1711165.6
2012-12-03,10.9868,13.4166,10.9868,12.6771,592509.0,7425194.85
2012-12-04,12.6771,13.0997,12.5715,12.6771,189626.0,2439409.0
2012-12-05,12.6771,12.994,12.5715,12.6243,141933.0,1813414.65
2012-12-06,12.994,13.0468,11.4094,12.7827,244942.0,3130627.8
2012-12-07,12.7827,12.8884,12.1489,12.5186,54519.0,691798.85
2012-12-10,12.5186,13.1525,12.3602,12.6771,93395.0,1191618.55
2012-12-11,12.6771,13.0468,12.5186,12.5715,52968.0,676912.45
2012-12-12,12.5715,12.7827,12.1489,12.3602,21725.0,272562.85
2012-12-13,12.3602,12.7299,12.2545,12.5186,65087.0,816911.0
2012-12-14,12.3602,12.7299,12.1489,12.3073,48293.0,594232.85
2012-12-17,12.1489,13.5222,12.1489,13.0468,228954.0,3010357.4
2012-12-18,13.2053,13.6807,12.5715,12.6771,133263.0,1727301.6
2012-12-19,12.994,13.0997,12.2545,12.6771,48175.0,612550.55
2012-12-20,13.0997,13.0997,12.3602,12.4658,24933.0,314539.1
2012-12-21,12.6771,12.7827,12.1489,12.3073,21858.0,269350.8
2012-12-24,12.5715,12.5715,12.1489,12.3073,24212.0,299368.9
2012-12-26,12.1489,12.1489,11.0925,11.9376,38035.0,453084.85
2012-12-27,11.6207,12.0432,11.6207,11.9904,26138.0,310343.55
2012-12-28,11.6207,12.2545,11.6207,12.0961,20796.0,251453.9
2012-12-31,12.3602,13.2581,11.9904,13.2581,56675.0,728168.1
2013-01-01,13.2581,14.5787,13.2581,13.9976,285804.0,4052313.0
2013-01-02,14.0504,14.2617,13.5222,13.6279,84471.0,1168502.75
2013-01-03,13.7335,13.7335,12.8356,13.2581,72270.0,961901.4
2013-01-04,12.9412,13.311,12.7299,12.9412,71439.0,930284.35
2013-01-07,13.0997,13.7335,12.8884,13.0997,68020.0,902219.85
2013-01-08,13.6279,13.6279,12.6243,12.7299,41582.0,533098.0
2013-01-09,12.7827,13.2581,12.5715,12.6771,105321.0,1359913.55
2013-01-10,13.0997,13.311,12.4658,12.5715,51515.0,655548.1
2013-01-11,12.6771,14.7371,12.5715,12.7827,608944.0,8225457.35
2013-01-14,12.9412,13.6807,11.7263,13.2581,152451.0,1968744.05
2013-01-15,13.4166,13.4166,12.6771,12.9412,44205.0,573667.3
2013-01-16,12.9412,13.2053,12.1489,12.5186,60321.0,761633.3
2013-01-17,12.5715,12.5715,12.1489,12.2545,30240.0,373559.3
2013-01-18,12.4658,12.8356,12.2545,12.4658,46614.0,586551.65
2013-01-21,12.2545,12.5715,12.1489,12.2545,42863.0,527842.8
2013-01-22,12.2545,12.5186,11.8848,12.3073,71009.0,870866.9
2013-01-23,12.6243,12.6771,12.0961,12.2017,43278.0,530714.95
2013-01-24,12.3602,12.3602,11.4094,11.5679,57283.0,670474.5
2013-01-25,12.0432,12.0432,9.9304,11.1981,52556.0,588257.8
2013-01-28,10.9868,11.832,10.5642,11.2509,39011.0,436004.35
2013-01-29,10.9868,11.7791,10.8284,11.4094,18528.0,212881.5
2013-01-30,12.0432,12.0432,10.8812,11.0925,13891.0,156557.95
2013-01-31,10.9868,11.3037,10.5642,11.0925,31583.0,349630.15
2013-02-01,11.0925,11.515,11.0396,11.0925,23716.0,265913.95
2013-02-04,10.9868,11.4094,10.9868,11.3037,5896.0,66263.65
2013-02-05,11.3566,11.3566,10.353,10.8284,36321.0,389477.4
2013-02-06,10.8284,11.0396,10.5642,10.6699,61769.0,665401.0
2013-02-07,10.7755,11.3037,10.6699,10.7755,31249.0,341377.4
2013-02-08,10.7227,11.0925,10.5642,10.7227,18624.0,200937.8
2013-02-11,10.7755,10.9868,10.4058,10.5642,41285.0,439030.7
2013-02-12,10.5642,10.5642,9.4022,9.5078,96938.0,966898.4
2013-02-13,9.9304,9.9304,9.2437,9.455,38876.0,366841.6
2013-02-14,9.4022,9.7719,9.1909,9.7191,35265.0,335025.65
2013-02-15,9.5606,10.2473,9.1909,9.2437,55463.0,524000.9
2013-02-18,9.1909,9.6663,8.2401,9.0853,61582.0,542598.25
2013-02-19,9.2437,10.036,8.874,9.455,48584.0,449622.4
2013-02-20,9.0324,9.7191,9.0324,9.1909,41137.0,383091.25
2013-02-21,8.557,9.2437,8.557,8.7155,28332.0,251124.95
2013-02-22,8.557,8.7683,8.0816,8.3986,56429.0,474559.3
2013-02-25,8.4514,8.7155,6.8668,7.7647,55702.0,440667.8
2013-02-26,6.8668,7.9232,6.6027,7.078,186142.0,1282965.3
2013-02-27,7.1837,7.8704,5.916,7.5006,231955.0,1559065.3
2013-02-28,7.5006,8.3458,7.1837,7.2893,72835.0,550522.35
2013-03-01,7.395,7.395,6.9724,7.1309,31339.0,225954.2
2013-03-04,7.1837,7.2365,6.4442,6.6027,38094.0,254834.5
2013-03-05,6.4442,7.9232,6.3385,7.9232,124328.0,909496.75
2013-03-06,6.7611,9.5078,6.7611,9.5078,252112.0,2345943.35
2013-03-07,10.036,11.4094,9.8776,11.4094,382803.0,4151892.9
2013-03-08,12.5186,12.5186,11.832,12.5186,191278.0,2343321.75
2013-03-11,12.6771,13.7335,12.6771,13.7335,328795.0,4481453.35
2013-03-12,14.3674,15.1069,14.2089,15.1069,328283.0,4849311.3
2013-03-13,15.7935,15.8464,15.2125,15.8464,220004.0,3467450.5
2013-03-14,16.2161,16.533,15.0541,15.0541,200543.0,3172744.6
2013-03-15,14.3146,15.0541,14.3146,14.3146,11080.0,158665.05
2013-03-18,13.6279,13.6279,13.6279,13.6279,1372.0,18692.1
2013-03-19,12.994,12.994,12.994,12.994,664.0,8622.3
2013-03-20,12.3602,12.3602,12.3602,12.3602,948.0,11711.7
2013-03-21,11.7791,11.7791,11.7791,11.7791,1543.0,18174.5
2013-03-22,11.1981,11.1981,11.1981,11.1981,2614.0,29277.2
2013-03-25,10.6699,10.6699,10.6699,10.6699,1672.0,17836.6
2013-03-26,10.1417,10.1417,10.1417,10.1417,1043.0,10579.2
2013-03-28,9.6663,9.6663,9.6663,9.6663,29616.0,286276.05
2013-04-01,9.6663,9.6663,9.1909,9.1909,11526.0,105976.2
2013-04-02,8.7683,8.7683,8.7683,8.7683,13795.0,120955.9
2013-04-03,8.3458,8.3458,8.3458,8.3458,17419.0,145375.8
2013-04-04,8.0288,8.7155,7.976,8.7155,59206.0,499497.1
2013-04-05,9.1381,9.1381,8.9268,9.1381,36429.0,332670.25
2013-04-08,9.5606,9.5606,9.5078,9.5606,35061.0,334884.95
2013-04-09,10.036,10.036,10.036,10.036,4607.0,46236.5
2013-04-10,10.5114,10.5114,10.1945,10.5114,31500.0,330781.15
2013-04-11,10.9868,10.9868,10.036,10.036,26555.0,271294.4
2013-04-12,9.5606,9.5606,9.5606,9.5606,9359.0,89477.35
2013-04-15,9.0853,9.0853,9.0853,9.0853,7213.0,65532.0
2013-04-16,9.1909,9.1909,8.6627,8.7683,37184.0,325701.7
2013-04-17,8.3986,9.1909,8.3458,8.7155,27087.0,235922.9
2013-04-18,8.4514,8.7683,8.2929,8.3458,18221.0,153758.0
2013-04-22,8.3986,8.4514,7.976,8.1345,27748.0,225674.25
2013-04-23,7.9232,8.3986,7.7647,7.7647,20312.0,157931.3
2013-04-25,7.395,7.395,7.395,7.395,16731.0,123725.0
2013-04-26,7.0252,7.7647,7.0252,7.7647,34421.0,265860.9
2013-04-29,8.1345,8.1345,7.7119,8.1345,30253.0,245952.0
2013-04-30,8.5042,8.5042,8.2401,8.5042,5056.0,42899.55
2013-05-02,8.5042,8.9268,8.5042,8.9268,36924.0,329194.55
2013-05-03,9.3494,9.3494,8.5042,8.5042,67826.0,604574.5
2013-05-06,8.4514,8.5042,8.0816,8.0816,24410.0,197475.15
2013-05-07,7.9232,7.9232,7.7119,7.8175,54283.0,420818.15
2013-05-08,7.7119,8.1873,7.4478,8.1345,25909.0,206640.95
2013-05-09,8.3986,8.5042,7.8175,8.5042,19237.0,161865.7
2013-05-10,8.4514,8.9268,8.0816,8.2929,45548.0,389873.05
2013-05-13,8.3451,8.5537,7.9278,7.98,13773.0,111377.85
2013-05-14,7.6671,8.3451,7.6671,8.3451,20145.0,162048.75
2013-05-15,7.9278,8.3451,7.9278,7.9278,21389.0,170980.5
2013-05-16,7.98,8.1886,7.5627,7.98,14132.0,110002.65
2013-05-17,7.7714,8.1886,7.6149,7.8235,34085.0,264876.05
2013-05-20,7.9278,8.1886,7.6671,8.1365,37689.0,302529.45
2013-05-21,8.3972,8.4494,7.7714,7.9278,11232.0,88861.45
2013-05-22,7.6149,8.0843,7.5627,7.98,14464.0,113595.1
2013-05-23,7.6149,7.8757,7.6149,7.6671,16288.0,124566.55
2013-05-24,7.4584,7.7714,7.302,7.7192,7632.0,57220.9
2013-05-27,7.5106,7.6149,7.4063,7.5106,12821.0,95935.45
2013-05-28,7.4063,7.7192,7.1455,7.7192,24592.0,182656.9
2013-05-29,7.7192,7.7714,7.3541,7.7714,27115.0,205699.9
2013-05-30,7.7714,7.7714,7.4063,7.6149,24627.0,185463.05
2013-05-31,7.4063,7.98,7.302,7.5106,23419.0,179842.85
2013-06-03,7.5106,7.6149,7.1455,7.4584,15547.0,115722.55
2013-06-04,7.4584,7.8235,7.2498,7.8235,47293.0,360520.75
2013-06-05,7.4584,7.7714,7.4584,7.4584,24552.0,183226.15
2013-06-06,7.1976,7.4584,7.0933,7.0933,15990.0,114752.95
2013-06-07,6.8325,7.4063,6.8325,7.1455,10253.0,72759.4
2013-06-10,7.302,7.4584,6.8325,7.0933,26088.0,183518.15
2013-06-11,6.989,6.989,6.7804,6.7804,5565.0,37855.0
2013-06-12,6.5196,6.6239,6.4674,6.4674,9855.0,63938.9
2013-06-13,6.4674,6.4674,6.1545,6.1545,9250.0,57675.1
2013-06-14,6.4153,6.4153,5.9459,6.1545,10217.0,62836.15
2013-06-17,6.0502,6.2067,5.8937,6.1545,30327.0,179777.85
2013-06-18,5.8937,6.2588,5.8937,5.8937,7609.0,44885.8
2013-06-19,6.1545,6.1545,5.8937,6.1545,11025.0,66367.8
2013-06-20,6.1545,6.3631,5.9459,6.2588,14472.0,89906.65
2013-06-21,6.1023,6.5718,6.1023,6.5718,16796.0,110080.25
2013-06-24,6.8847,6.8847,6.8847,6.8847,16134.0,111078.0
2013-06-25,7.1455,7.1976,6.7282,6.8847,24731.0,175764.5
2013-06-26,7.0933,7.1976,6.5718,6.5718,4283.0,28956.75
2013-06-27,6.4153,6.4153,6.2588,6.2588,10213.0,63989.0
2013-06-28,6.311,6.311,5.998,6.1545,20828.0,128973.3
2013-07-01,6.0502,6.4153,5.998,6.311,51453.0,317606.35
2013-07-02,6.2588,6.2588,5.998,5.998,15883.0,97729.55
2013-07-03,6.2588,6.2588,5.7372,5.7894,37162.0,215907.6
2013-07-04,5.8416,5.8416,5.5286,5.5286,58480.0,325142.4
2013-07-05,5.5286,5.8416,5.2157,5.32,24736.0,133027.65
2013-07-08,5.5286,5.6851,5.2157,5.3722,19478.0,105196.4
2013-07-09,5.32,5.8937,5.2157,5.8937,33603.0,189662.5
2013-07-10,6.3631,6.4674,5.7894,6.4674,32408.0,202397.95
2013-07-11,7.0412,7.0412,6.0502,6.3631,31713.0,210660.6
2013-07-12,6.6761,6.6761,5.7372,5.9459,13583.0,81214.75
2013-07-15,5.9459,6.2588,5.4243,5.5808,26992.0,156019.05
2013-07-16,5.3722,6.0502,5.0592,5.2157,44800.0,244473.1
2013-07-17,5.4765,5.5286,4.9027,5.2678,39977.0,211378.15
2013-07-18,5.2157,5.6851,4.9549,5.1635,36712.0,190785.85
2013-07-19,5.5286,5.5286,5.1635,5.3722,27064.0,143172.25
2013-07-22,5.2157,5.5286,5.1114,5.4243,20108.0,107703.15
2013-07-23,5.2157,5.6851,5.2157,5.4765,14574.0,79279.6
2013-07-24,5.4765,5.4765,5.0071,5.0592,19934.0,102669.25
2013-07-25,5.1635,5.3722,4.9027,5.32,21007.0,109323.5
2013-07-26,5.2157,5.4765,5.0071,5.0592,12962.0,67140.35
2013-07-29,5.1114,5.1635,4.5898,5.0071,16374.0,81691.85
2013-07-30,5.1114,5.1114,4.642,4.642,7494.0,36038.45
2013-07-31,4.6941,5.0592,4.2247,4.7463,59613.0,274122.9
2013-08-01,4.6941,5.2157,4.4855,4.8506,15291.0,73527.2
2013-08-02,5.0071,5.1635,4.9027,5.0592,35688.0,179672.4
2013-08-05,5.1114,5.4765,4.9027,5.2678,35046.0,183528.0
2013-08-06,5.2157,5.5286,5.2157,5.2157,7334.0,38574.9
2013-08-07,4.9027,5.4765,4.9027,5.3722,9574.0,50817.85
2013-08-08,5.3722,5.7372,5.32,5.4765,8761.0,47628.2
2013-08-12,5.32,5.998,5.1635,5.7372,18694.0,103661.05
2013-08-13,6.2588,6.311,5.8937,6.311,19437.0,121312.95
2013-08-14,6.5196,6.9369,6.5196,6.9369,32414.0,224189.8
2013-08-16,7.2498,7.2498,7.2498,7.2498,25087.0,181874.55
2013-08-19,7.2498,7.5627,7.0933,7.5627,119000.0,886427.2
2013-08-20,7.8757,7.9278,7.5627,7.9278,24163.0,190714.35
2013-08-21,7.98,8.2929,7.98,8.2929,47743.0,395689.7
2013-08-22,8.658,8.658,8.658,8.658,20142.0,174391.3
2013-08-23,9.0753,9.0753,9.0753,9.0753,16487.0,149622.6
2013-08-26,9.4404,9.4925,9.1274,9.4925,36276.0,343431.55
2013-08-27,9.962,9.962,9.962,9.962,21958.0,218742.75
2013-08-28,10.4314,10.4314,10.4314,10.4314,33339.0,347770.0
2013-08-29,10.9529,10.9529,10.9529,10.9529,13966.0,152964.0
2013-08-30,11.4745,11.4745,11.4745,11.4745,12901.0,148027.0
2013-09-02,12.0482,12.0482,12.0482,12.0482,9034.0,108847.2
2013-09-03,12.6219,12.6219,12.6219,12.6219,46332.0,584805.1
2013-09-04,13.2478,13.2478,13.2478,13.2478,14477.0,191795.4
2013-09-05,13.8737,13.8737,13.8737,13.8737,23820.0,330465.1
2013-09-06,14.5518,14.5518,14.5518,14.5518,19011.0,276642.45
2013-09-10,15.2298,15.2298,15.2298,15.2298,21522.0,327770.0
2013-09-11,15.96,15.96,15.96,15.96,17075.0,272523.6
2013-09-12,16.7423,16.7423,16.7423,16.7423,59484.0,995902.5
2013-09-13,17.5768,17.5768,15.9078,15.9078,411565.0,6708617.45
2013-09-16,15.1255,15.1255,15.1255,15.1255,24403.0,369112.0
2013-09-17,14.3953,14.3953,14.3953,14.3953,75.0,1076.4
2013-09-18,13.7172,13.7172,13.7172,13.7172,2546.0,34926.4
2013-09-19,13.0392,13.0392,13.0392,13.0392,3758.0,49000.0
2013-09-20,12.4133,13.6651,12.4133,13.2478,109366.0,1438113.05
2013-09-23,13.2478,13.8216,12.6219,12.6219,72097.0,921343.1
2013-09-24,12.5176,13.2478,12.2569,12.6741,44012.0,563826.1
2013-09-25,12.5176,13.0392,12.0482,12.7784,40234.0,509504.9
2013-09-26,12.7784,13.4043,12.2569,13.4043,60737.0,787580.7
2013-09-27,14.0302,14.0302,13.978,14.0302,31067.0,435824.15
2013-09-30,14.7082,14.7082,13.3521,13.7694,137711.0,2000191.4
2013-10-01,14.0823,14.2388,13.0914,13.8216,62715.0,857336.35
2013-10-03,14.1345,14.4996,13.5608,14.4996,44010.0,631784.45
2013-10-04,15.1776,15.1776,15.1776,15.1776,34491.0,523494.45
2013-10-07,15.1776,15.9078,15.1776,15.8557,56022.0,882445.55
2013-10-08,15.9078,16.638,15.9078,16.638,20612.0,340302.0
2013-10-09,17.4204,17.4204,17.4204,17.4204,20165.0,351284.5
2013-10-10,18.2549,18.2549,18.2549,18.2549,9960.0,181825.0
2013-10-11,19.1416,19.1416,19.1416,19.1416,26195.0,501413.75
2013-10-14,20.0804,20.0804,20.0804,20.0804,101640.0,2040962.0
2013-10-15,21.0714,21.0714,21.0714,21.0714,32851.0,692213.6
2013-10-17,22.1145,22.1145,22.1145,22.1145,16280.0,360018.4
2013-10-18,23.2098,23.2098,23.2098,23.2098,21086.0,489411.0
2013-10-21,24.3572,24.3572,24.3572,24.3572,17891.0,435781.05
2013-10-22,25.5568,25.5568,25.5568,25.5568,30730.0,785372.0
2013-10-23,26.8086,26.8086,26.8086,26.8086,577704.0,15487436.8
2013-10-24,26.0784,26.6521,25.5047,25.7133,395635.0,10104228.55
2013-10-25,24.931,25.4525,24.4615,24.4615,125448.0,3071226.5
2013-10-28,24.4094,25.6612,23.627,25.6612,42293.0,1040899.3
2013-10-29,26.9129,26.9129,26.9129,26.9129,45217.0,1216908.6
2013-10-30,28.2168,28.2168,26.9129,28.2168,95631.0,2681944.6
2013-10-31,29.6251,29.6251,29.6251,29.6251,20140.0,596655.6
2013-11-01,31.0855,31.0855,31.0855,31.0855,21861.0,679559.2
2013-11-05,32.6273,32.6273,32.6273,32.6273,20343.0,663740.8
2013-11-06,34.2189,34.2189,34.2189,34.2189,9364.0,320436.0
2013-11-07,35.9099,35.9099,35.9099,35.9099,26645.0,956830.5
2013-11-08,37.7004,37.7004,35.7607,37.0041,337701.0,12566154.2
2013-11-11,38.1978,38.8444,37.7999,38.8444,21386.0,826819.5
2013-11-12,40.7841,40.7841,40.7841,40.7841,7560.0,308320.0
2013-11-13,42.8233,42.8233,42.8233,42.8233,15531.0,665079.45
2013-11-14,44.962,44.962,42.8233,44.962,98506.0,4385045.95
2013-11-18,47.2002,47.2002,47.2002,47.2002,9073.0,428236.25
2013-11-19,49.5378,49.5378,45.2604,49.3388,72884.0,3583056.35
2013-11-20,51.1294,51.7759,50.7315,51.7759,24182.0,1249037.3
2013-11-21,53.0194,54.3623,53.0194,54.3623,35757.0,1941982.85
2013-11-22,56.6004,57.048,51.6765,51.6765,30319.0,1635525.6
2013-11-25,49.1399,49.1399,49.1399,49.1399,13480.0,662404.6
2013-11-26,46.7028,48.742,46.7028,46.7028,212317.0,9922623.4
2013-11-27,44.4149,44.5641,44.4149,44.4149,132869.0,5901738.35
2013-11-28,42.2265,46.6033,42.2265,46.6033,33491.0,1502674.0
2013-11-29,48.8912,48.8912,48.8912,48.8912,5115.0,250075.2
2013-12-02,51.3283,51.3283,51.3283,51.3283,5263.0,270126.0
2013-12-03,53.8649,53.8649,53.8649,53.8649,8108.0,436719.75
2013-12-04,56.5507,56.5507,51.1791,56.5507,137043.0,7646571.75
2013-12-05,59.3359,59.3359,55.9538,59.3359,45100.0,2667807.65
2013-12-06,61.5741,62.2704,59.883,62.2704,47920.0,2973380.3
2013-12-09,64.9562,64.9562,59.1867,60.7286,46684.0,2795800.3
2013-12-10,58.6894,59.6841,57.6946,57.7444,21157.0,1224243.55
2013-12-11,60.5794,60.5794,54.8596,54.9094,19815.0,1098908.05
2013-12-12,52.2236,57.6449,52.1738,57.6449,55489.0,3087599.75
2013-12-13,57.1973,60.4301,57.1973,58.0925,56785.0,3356656.8
2013-12-16,57.6946,57.6946,55.2078,55.2078,18294.0,1013063.15
2013-12-17,52.522,54.7104,52.4723,52.4723,37931.0,2008497.9
2013-12-18,50.1844,51.4775,49.886,49.886,25961.0,1298177.4
2013-12-19,47.3991,52.3728,47.3991,52.3728,41042.0,2015647.7
2013-12-20,54.9094,54.9591,52.0246,54.9591,29769.0,1629648.25
2013-12-23,57.6946,57.6946,57.6946,57.6946,7978.0,460288.0
2013-12-24,60.5794,60.5794,57.1973,59.0872,66033.0,3964232.3
2013-12-26,56.7496,60.1815,56.1528,56.9983,39525.0,2278738.65
2013-12-27,54.213,59.3857,54.1633,57.2967,30550.0,1674083.1
2013-12-30,54.8099,60.082,54.8099,58.8386,31393.0,1814987.0
2013-12-31,61.1265,61.1762,56.8491,57.4459,12880.0,757826.75
2014-01-01,55.8544,58.6894,55.8544,57.8438,8769.0,502822.0
2014-01-02,57.6946,57.6946,55.158,56.2523,19043.0,1077297.15
2014-01-03,53.7157,56.302,53.467,54.0638,14534.0,785462.0
2014-01-06,54.0638,54.6607,51.4775,53.1188,12681.0,676521.05
2014-01-07,50.9802,55.7549,50.8309,55.357,27292.0,1483504.95
2014-01-08,54.7104,58.0925,54.7104,58.0925,22513.0,1299658.85
2014-01-09,60.9772,60.9772,59.6841,60.4799,79141.0,4818890.85
2014-01-10,59.5846,59.6841,57.4957,57.4957,23410.0,1356670.6
2014-01-13,58.7888,58.7888,54.7104,56.5507,22038.0,1235010.8
2014-01-14,58.6894,58.6894,53.7654,54.6607,18440.0,1014376.65
2014-01-15,55.7051,55.7051,52.8204,53.268,4096.0,219846.5
2014-01-16,53.268,55.9041,53.268,55.9041,18973.0,1050654.9
2014-01-17,55.9041,58.6894,55.9041,58.6894,36653.0,2143102.2
2014-01-20,61.1762,61.6238,55.7549,59.0375,74140.0,4514643.5
2014-01-21,59.6344,60.4301,57.6946,59.4851,22629.0,1341924.2
2014-01-22,60.4301,60.4301,57.6946,58.8386,7919.0,463867.5
2014-01-23,58.6894,58.6894,57.1973,57.6946,5073.0,292263.75
2014-01-24,55.3073,59.1867,55.3073,57.1475,9353.0,536579.9
2014-01-27,54.5115,57.1973,54.3125,54.3125,23147.0,1272547.0
2014-01-28,52.7209,55.1083,52.7209,53.5167,12394.0,660137.85
2014-01-29,55.6554,55.6554,52.4723,52.5717,10740.0,571333.8
2014-01-30,52.2733,55.158,49.9854,51.0299,23047.0,1190301.35
2014-01-31,50.7315,53.467,49.9854,50.8807,23905.0,1211068.3
2014-02-03,51.7759,53.4173,48.3441,52.8204,6908.0,365122.1
2014-02-04,50.632,55.0088,50.632,52.1738,7516.0,390984.55
2014-02-05,53.7157,54.213,49.7367,52.6215,10375.0,547213.75
2014-02-06,54.213,54.213,50.9304,51.9252,5796.0,299996.4
2014-02-07,54.1136,54.1136,50.8309,52.1241,4425.0,228375.4
2014-02-10,51.4278,54.7104,50.7315,53.7654,18454.0,999646.1
2014-02-11,53.7654,53.7654,51.0796,51.6765,6700.0,345489.35
2014-02-12,49.9357,53.7157,49.7367,53.0194,14141.0,741761.95
2014-02-13,52.522,53.6659,51.4775,51.4775,1173.0,60820.7
2014-02-14,53.6659,53.6659,51.7262,52.1738,5707.0,297698.9
2014-02-17,51.6765,53.4173,50.2341,50.8309,2244.0,115920.3
2014-02-18,52.7209,52.7209,50.7315,51.8257,4552.0,235882.5
2014-02-19,53.4173,53.4173,51.0299,51.9252,4114.0,215925.2
2014-02-20,53.7157,53.7157,51.7759,52.7209,4928.0,259706.85
2014-02-21,51.7262,53.7157,51.7262,52.8204,3393.0,179260.3
2014-02-24,52.7209,55.357,52.2236,54.6607,11119.0,600954.95
2014-02-25,55.4565,55.4565,52.8204,53.2183,9028.0,480261.2
2014-02-26,53.2183,53.7157,52.0246,52.7707,5807.0,305444.8
2014-02-28,54.7104,54.7104,50.1346,50.1346,33688.0,1693815.35
2014-03-03,50.2341,50.2341,47.7473,49.1896,27854.0,1366203.8
2014-03-04,49.7367,51.6267,46.7525,46.8023,42742.0,2104161.9
2014-03-05,46.9515,48.0954,44.4646,46.4541,19428.0,886426.75
2014-03-06,48.1949,48.742,44.1662,47.5981,32785.0,1519648.4
2014-03-07,48.742,49.9357,47.8467,49.9357,14599.0,724192.95
2014-03-10,49.7367,52.4225,49.7367,52.3728,13720.0,705013.15
2014-03-11,54.9094,54.9591,51.0299,52.1241,22384.0,1209586.65
2014-03-12,52.2236,54.7104,49.9357,54.6607,41348.0,2241952.85
2014-03-13,54.7104,57.3465,54.7104,57.3465,61891.0,3545222.1
2014-03-14,56.6004,60.1815,55.7051,60.082,66831.0,3948735.15
2014-03-18,62.4196,63.0662,61.7233,63.0662,43122.0,2716324.5
2014-03-19,66.1996,66.1996,66.1996,66.1996,28733.0,1902132.1
2014-03-20,69.4822,69.4822,66.1499,69.4822,81107.0,5635419.2
2014-03-21,72.9141,72.9141,72.9141,72.9141,31271.0,2280069.8
2014-03-24,76.5148,76.5148,76.5148,76.5148,35250.0,2697130.75
2014-03-25,80.305,80.305,80.305,80.305,16043.0,1288369.5
2014-03-26,84.2847,84.2847,84.2847,84.2847,25225.0,2126082.9
2014-03-27,88.4539,88.4539,80.1155,87.8854,420905.0,36243359.3
2014-03-28,91.723,91.723,83.5266,83.5266,57953.0,5017010.35
2014-03-31,83.3371,83.3371,79.3574,79.7364,45316.0,3615080.0
2014-04-01,75.7567,83.7161,75.7567,83.7161,17691.0,1436950.0
2014-04-02,87.8854,87.8854,87.8854,87.8854,1970.0,173164.25
2014-04-03,92.2441,92.2441,85.2796,92.2441,77563.0,7137829.25
2014-04-04,95.7027,95.7027,87.6485,93.1443,35971.0,3313650.5
2014-04-07,90.4911,97.7873,90.4911,97.3135,71980.0,7014742.6
2014-04-09,98.0715,102.0986,96.6502,101.1985,54754.0,5478104.25
2014-04-10,104.7044,104.7044,100.4404,104.0885,41586.0,4302359.75
2014-04-11,106.8838,106.8838,100.4404,104.9887,34744.0,3629219.6
2014-04-15,108.4946,110.2002,107.0733,110.2002,49908.0,5486359.15
2014-04-16,115.0327,115.696,114.6537,115.696,61776.0,7142431.6
2014-04-17,121.4761,121.4761,119.4862,121.4761,61204.0,7419063.0
2014-04-21,127.5404,127.5404,127.5404,127.5404,14959.0,1907820.4
2014-04-22,133.889,133.889,133.889,133.889,18378.0,2460598.2
2014-04-23,140.5692,140.5692,133.6047,140.5692,168948.0,23746277.65
2014-04-25,147.5811,147.5811,142.4169,147.5811,70944.0,10436616.2
2014-04-28,154.9246,154.9246,154.9246,154.9246,31262.0,4843197.0
2014-04-29,162.6472,162.6472,162.6472,162.6472,19818.0,3223415.35
2014-04-30,170.7487,170.7487,154.5456,154.6404,183670.0,30622772.85
2014-05-02,146.9178,146.9178,146.9178,146.9178,8301.0,1219623.3
2014-05-05,139.5743,139.5743,139.5743,139.5743,18758.0,2618110.2
2014-05-06,132.6098,132.6098,132.6098,132.6098,12755.0,1691435.7
2014-05-07,126.0243,139.1953,126.0243,139.1953,97621.0,12869136.95
2014-05-08,146.1124,146.1124,134.5523,146.1124,174077.0,25372131.35
2014-05-09,151.5134,153.4085,139.29,141.2799,84575.0,12288409.6
2014-05-12,137.3949,138.3425,134.2206,134.2206,19613.0,2649069.15
2014-05-13,127.5404,127.9194,127.5404,127.5404,32444.0,4137913.2
2014-05-14,127.5404,132.6572,121.1918,126.6402,90520.0,11364832.75
2014-05-15,126.6402,132.4677,124.603,125.5032,43083.0,5485795.65
2014-05-16,125.4558,128.867,122.3762,126.6402,13391.0,1694475.9
2014-05-19,126.0717,132.9414,126.0243,132.9414,21616.0,2859135.05
2014-05-20,139.5743,139.5743,139.5743,139.5743,3955.0,552080.4
2014-05-21,146.5388,146.5388,139.7638,146.5388,68526.0,9997132.6
2014-05-22,153.7876,153.7876,142.1327,143.933,40291.0,5980069.55
2014-05-23,144.0278,145.9229,136.779,138.153,20913.0,2928988.3
2014-05-26,131.2832,141.0904,131.2832,131.5675,34675.0,4587398.1
2014-05-27,125.0768,129.8145,125.0294,125.2189,35195.0,4414413.3
2014-05-28,120.339,131.4727,120.339,131.4727,67773.0,8637987.3
2014-05-29,136.4474,136.4474,124.9346,128.3458,36152.0,4680838.4
2014-05-30,127.9194,129.7198,121.9498,124.603,28130.0,3496255.45
2014-06-02,122.471,123.1817,118.3965,118.4439,31060.0,3706505.95
2014-06-03,112.806,116.5488,112.5217,112.5217,29703.0,3360259.3
2014-06-04,106.9785,118.1123,106.9311,117.2121,108372.0,12268873.25
2014-06-05,113.3745,122.9921,113.3745,120.8128,19498.0,2364147.95
2014-06-06,125.0768,125.0768,116.075,118.1123,16036.0,1904148.25
2014-06-09,116.5488,123.6554,116.5488,117.4963,16784.0,1994486.25
2014-06-10,111.6215,119.8652,111.6215,113.2797,21375.0,2434976.35
2014-06-11,112.8533,113.7061,107.6418,107.6418,34897.0,3815550.0
2014-06-12,112.8533,112.9955,102.2881,112.9955,39268.0,4288384.45
2014-06-13,112.7586,118.6334,112.7586,113.7061,41148.0,4769767.15
2014-06-16,119.2967,119.2967,108.0208,108.0208,24860.0,2705309.05
2014-06-17,103.899,108.9684,103.899,108.3051,21170.0,2249552.35
2014-06-18,110.8635,111.811,106.1257,108.3525,24684.0,2686633.9
2014-06-19,108.7789,112.2374,106.1257,106.6469,23809.0,2569768.3
2014-06-20,106.0784,108.163,104.2306,106.1257,31482.0,3349609.75
2014-06-23,104.2306,108.0208,100.8194,101.2932,21310.0,2195068.0
2014-06-24,97.2661,105.1782,97.2661,103.2831,47974.0,4888994.7
2014-06-25,101.388,108.4472,101.388,105.1782,72887.0,7796607.45
2014-06-26,107.9735,110.4371,100.6773,110.4371,17355.0,1902204.95
2014-06-27,115.9329,115.9329,115.9329,115.9329,10457.0,1212366.15
2014-06-30,121.7129,121.7129,121.7129,121.7129,19398.0,2361039.45
2014-07-01,127.7773,127.7773,126.9719,127.7773,64232.0,8207040.5
2014-07-02,134.1259,134.1259,134.1259,134.1259,7999.0,1072807.45
2014-07-03,138.3425,140.8061,127.9194,130.5252,117374.0,15885930.1
2014-07-04,129.0091,132.3729,126.9719,128.1089,31208.0,4019429.45
2014-07-07,127.9194,134.5049,123.2764,134.5049,31779.0,4223716.75
2014-07-08,136.2579,136.9211,127.8247,128.2037,100041.0,13021216.25
2014-07-09,121.9972,129.3407,121.8077,122.092,42480.0,5267922.7
2014-07-10,116.8331,126.0243,116.0276,122.8026,35145.0,4196881.75
2014-07-11,117.0226,126.0243,116.6909,117.1647,30260.0,3578262.8
2014-07-14,111.3846,122.2341,111.3846,120.1021,21457.0,2549425.75
2014-07-15,118.1596,125.0768,114.6537,121.9972,15017.0,1836190.25
2014-07-16,116.6435,126.8297,116.6435,121.1918,12256.0,1495651.9
2014-07-17,117.3542,123.1817,115.6012,118.586,19884.0,2357191.15
2014-07-18,114.6537,120.1021,114.6537,117.7332,36465.0,4307760.05
2014-07-21,115.6486,123.608,115.6486,123.608,26351.0,3211894.35
2014-07-22,129.7671,129.7671,129.7671,129.7671,6498.0,843201.15
2014-07-23,136.2105,136.2105,130.7621,136.2105,70906.0,9655631.1
2014-07-24,141.1851,142.9855,132.7045,138.0108,119779.0,16940905.7
2014-07-25,137.3949,141.6115,131.2358,133.6995,41489.0,5549833.4
2014-07-28,132.3729,135.2629,127.114,127.3509,24641.0,3174883.75
2014-07-30,123.1817,128.7722,122.2341,125.6453,16351.0,2035937.25
2014-07-31,123.1817,131.8991,123.1817,131.8991,12610.0,1643591.85
2014-08-01,128.9143,137.3949,128.9143,130.8568,37283.0,4974765.35
2014-08-04,135.3103,135.3577,130.9989,132.8941,19485.0,2596313.35
2014-08-05,130.7621,133.6047,128.867,129.7671,16489.0,2154423.15
2014-08-06,133.6047,138.4372,128.867,135.8788,50168.0,6844330.55
2014-08-07,140.2376,144.0278,136.9685,140.0954,56563.0,8004817.2
2014-08-08,136.4474,140.1902,133.6047,134.5523,33818.0,4579530.85
2014-08-11,137.3949,140.7113,132.6572,136.4474,22939.0,3145053.05
2014-08-12,130.9989,139.7638,130.9989,133.4152,16245.0,2208338.35
2014-08-13,132.7045,135.2629,123.1817,129.0091,21852.0,2840483.05
2014-08-14,130.7621,131.7096,126.9719,131.2358,25132.0,3262972.4
2014-08-18,131.7096,131.7096,124.3661,128.7722,13403.0,1716345.95
2014-08-19,129.4355,131.1885,127.0192,127.5878,14077.0,1806832.75
2014-08-20,125.0294,128.3932,125.0294,125.3136,57188.0,7224138.65
2014-08-21,124.4135,133.6047,124.2713,128.7722,40867.0,5265995.3
2014-08-22,128.0615,134.4575,128.0615,130.383,25898.0,3410424.7
2014-08-25,128.6774,133.6521,127.9194,128.0142,18362.0,2388192.35
2014-08-26,127.9194,131.5201,125.4084,126.1664,15309.0,1937276.5
2014-08-27,126.0243,130.7621,124.2713,129.9566,31523.0,4047143.9
2014-08-28,129.8145,130.7621,125.0768,125.8348,27744.0,3557695.5
2014-09-01,125.5505,128.0142,123.1817,123.5607,40865.0,5104247.65
2014-09-02,123.6554,124.0818,120.339,121.0497,32961.0,4029845.95
2014-09-03,118.7282,122.8026,118.4439,118.6808,14155.0,1689914.65
2014-09-04,120.2916,130.5252,118.7282,129.625,73287.0,9418733.2
2014-09-05,142.1327,143.4119,132.7519,139.7164,145993.0,20179245.4
2014-09-08,141.1851,143.0802,134.1259,139.3374,57820.0,8016095.0
2014-09-09,136.9211,140.2376,135.9262,136.4947,34853.0,4811407.6
2014-09-10,139.1953,139.1953,119.8652,134.0311,20027.0,2700712.05
2014-09-11,132.6572,132.6572,129.8145,131.2832,38756.0,5129581.75
2014-09-12,128.9617,132.1834,127.9194,128.867,14781.0,1925902.4
2014-09-15,130.7621,136.4474,127.2087,130.4304,18320.0,2419303.0
2014-09-16,129.8145,132.6098,121.1918,124.2713,39445.0,4962756.35
2014-09-17,124.603,126.7823,122.2815,122.8974,49938.0,6178186.15
2014-09-18,122.2341,127.9194,120.4811,123.0869,70075.0,8697487.0
2014-09-19,122.3762,124.1292,118.4439,119.2493,45314.0,5512412.2
2014-09-22,124.1292,125.0768,111.9058,115.3644,90750.0,10527675.2
2014-09-23,113.7535,118.4439,104.2306,106.1257,82966.0,9205170.8
2014-09-24,104.278,108.9684,86.2272,94.7551,133526.0,12840633.85
2014-09-25,94.4709,103.2357,93.8076,99.0665,102227.0,10063347.1
2014-09-26,96.9345,100.2983,96.6502,97.9294,24682.0,2419829.5
2014-09-29,99.4929,117.4963,99.4929,117.4963,89860.0,10195922.7
2014-09-30,127.3509,138.0582,124.603,126.8297,317400.0,41700801.1
2014-10-01,127.8247,127.8247,121.3813,124.0818,60928.0,7574031.8
2014-10-07,125.6927,129.8145,121.2865,122.5657,50481.0,6359542.7
2014-10-08,124.9346,125.0768,115.1275,116.8331,34451.0,4115364.3
2014-10-09,115.696,125.0768,115.696,123.3712,44121.0,5371707.45
2014-10-10,123.8923,123.8923,117.2121,118.965,32825.0,3944205.25
2014-10-13,116.6435,118.207,113.7061,116.4067,28643.0,3308001.4
2014-10-14,116.2645,119.0124,113.7061,114.0852,19624.0,2267865.1
2014-10-16,112.9481,116.9278,102.8093,105.1782,140143.0,15104740.25
2014-10-17,103.899,107.9735,98.5927,103.1409,44207.0,4553000.1
2014-10-20,102.146,123.7502,101.6722,123.7502,246091.0,29572410.8
2014-10-21,126.0243,127.7299,113.7061,116.5488,117191.0,13851451.9
2014-10-22,117.4963,121.2865,112.0479,114.4642,79182.0,9211570.1
2014-10-23,113.7061,114.6537,110.8635,111.9058,25453.0,2865155.45
2014-10-27,110.7687,130.004,110.7687,115.7908,334152.0,40616884.85
2014-10-28,114.6537,121.7603,113.7061,115.9803,61978.0,7341783.15
2014-10-29,119.0598,119.4862,115.696,118.2544,26581.0,3135703.05
2014-10-30,119.1072,120.339,116.2645,118.6334,28503.0,3381829.65
2014-10-31,119.8178,123.7502,118.6808,120.1021,35956.0,4335622.2
2014-11-03,121.2865,121.2865,115.5539,118.9177,26620.0,3149505.7
2014-11-05,120.1495,125.1241,120.1495,121.6182,47257.0,5799686.75
2014-11-07,121.1918,122.9921,115.6012,116.8331,51189.0,6084849.1
2014-11-10,113.7061,118.1596,109.9159,110.8161,56244.0,6352760.9
2014-11-11,116.9278,116.9278,110.5792,111.1478,52352.0,5931335.15
2014-11-12,112.7112,115.1275,111.9058,112.8533,56559.0,6436551.7
2014-11-13,114.1799,116.1698,112.806,114.1325,49565.0,5680045.0
2014-11-14,124.1292,124.1292,112.7586,114.0378,66468.0,7865061.65
2014-11-17,116.5488,116.9752,110.8635,112.9955,22466.0,2549548.7
2014-11-18,116.4067,116.4067,112.5217,115.0327,31250.0,3576964.05
2014-11-19,113.1376,117.5437,110.8635,111.5741,35681.0,4030544.0
2014-11-20,111.5741,113.7061,109.9159,110.295,13023.0,1445969.05
2014-11-21,109.5843,112.7112,106.2679,107.4523,27455.0,3002780.6
2014-11-24,107.3102,111.7163,107.3102,108.542,22894.0,2494627.15
2014-11-25,107.6892,107.7839,97.6451,100.2983,61406.0,6246359.2
2014-11-26,105.9362,105.9362,99.4455,100.014,27283.0,2756212.4
2014-11-27,99.4929,104.1833,99.4929,101.5301,24870.0,2535669.4
2014-11-28,102.9041,107.9735,93.239,94.5656,449977.0,43285042.95
2014-12-01,95.1341,98.9243,87.1747,88.3591,198906.0,18290618.55
2014-12-02,88.1223,90.0174,81.063,81.9158,187150.0,15731772.3
2014-12-03,81.4894,96.8871,80.1628,85.5639,285072.0,25047129.05
2014-12-04,84.7111,91.8177,84.7111,90.9175,69425.0,6226805.35
2014-12-05,91.3439,91.3439,85.5165,87.4116,39236.0,3446954.5
2014-12-08,88.4539,88.5013,82.9107,85.9429,91360.0,7792521.35
2014-12-09,85.0901,87.08,78.3151,79.0731,216793.0,17578410.15
2014-12-10,78.3625,84.3794,78.3625,80.684,46274.0,3776530.5
2014-12-11,80.1628,81.0156,76.2779,77.5097,139644.0,10965508.15
2014-12-12,79.5943,79.8312,75.8041,76.041,37882.0,2928661.55
2014-12-15,76.5621,80.4471,71.0663,74.5723,110165.0,8427627.0
2014-12-16,73.909,75.5672,65.9022,67.134,100668.0,6989374.4
2014-12-17,66.3286,68.6975,53.7262,63.6754,253974.0,15390971.2
2014-12-18,68.1289,70.1188,64.9546,66.5655,67286.0,4574604.1
2014-12-19,66.376,75.8041,64.4335,69.7398,73392.0,5229649.1
2014-12-22,71.0663,73.1983,68.3184,69.3134,110595.0,7709670.0
2014-12-23,67.2761,70.3557,66.8497,67.7499,20120.0,1378808.9
2014-12-24,67.0866,77.2254,67.0866,70.9242,44443.0,3155994.6
2014-12-26,71.0663,72.2508,69.1239,71.019,44889.0,3166586.8
2014-12-29,70.3083,72.0139,69.2186,70.7821,15888.0,1129282.3
2014-12-30,70.1662,71.5401,67.0392,69.4555,38693.0,2692923.95
2014-12-31,68.887,71.4927,68.4132,68.7922,27544.0,1901828.95
2015-01-01,68.3184,69.8819,68.1289,68.7448,12131.0,837248.45
2015-01-02,68.887,71.7296,68.8396,69.9293,17340.0,1212300.65
2015-01-05,69.6924,71.0663,69.4555,70.3557,17389.0,1226406.9
2015-01-06,68.5553,70.5926,67.2761,67.4183,23422.0,1611250.65
2015-01-07,66.9445,68.1289,63.0122,63.5807,31742.0,2078256.5
2015-01-08,64.4335,65.9022,56.8531,57.3268,94737.0,5661265.75
2015-01-09,61.0223,61.1171,53.0629,57.9901,106302.0,6164333.15
2015-01-12,57.9901,59.7905,57.3268,58.7482,47566.0,2777267.4
2015-01-13,60.8802,70.4978,58.8903,70.4504,372199.0,25366670.0
2015-01-14,71.0663,76.7516,68.6975,71.1137,412385.0,29906900.0
2015-01-15,71.3032,77.6992,68.2237,69.0765,55377.0,3930279.3
2015-01-16,68.7448,69.7398,64.0071,66.0443,50776.0,3393126.1
2015-01-19,65.381,70.0714,64.4335,66.0443,62102.0,4177522.6
2015-01-20,65.9969,70.8768,65.9969,66.8971,58660.0,4007348.15
2015-01-21,66.6602,69.0765,64.9546,65.5705,30345.0,2022526.85
2015-01-22,66.5655,66.5655,63.5333,64.4335,24906.0,1623896.5
2015-01-23,64.4335,65.8548,61.4013,61.733,36949.0,2331142.05
2015-01-27,59.6957,64.3387,59.6957,62.3015,40028.0,2487159.65
2015-01-28,60.8802,62.3962,58.9377,59.5062,42980.0,2598948.1
2015-01-29,59.5062,65.381,59.2219,63.2017,66941.0,4160174.25
2015-01-30,66.8024,68.6975,64.9546,67.134,83580.0,5583162.65
2015-02-02,64.2913,76.7516,64.2913,68.6975,218914.0,15786664.3
2015-02-03,68.6975,70.1188,67.2761,68.2711,34689.0,2386610.95
2015-02-04,68.2237,69.9293,67.4656,68.9343,48668.0,3362557.15
2015-02-05,67.3235,69.1712,67.3235,68.2237,15326.0,1048282.0
2015-02-06,70.1188,70.1188,63.7228,66.3286,28417.0,1889801.55
2015-02-09,65.002,71.0663,63.8649,69.8819,64497.0,4437838.75
2015-02-10,69.8819,70.9716,67.2761,68.0816,48372.0,3318217.75
2015-02-11,68.0816,69.7871,66.376,66.9445,29919.0,2027784.25
2015-02-12,66.6128,69.1712,62.4436,65.6653,94121.0,6213183.5
2015-02-13,67.1814,71.1611,65.381,69.8819,59106.0,4094012.05
2015-02-16,71.8244,76.1831,69.0765,74.1459,282953.0,20716708.5
2015-02-18,82.2474,82.2474,74.6197,74.9987,84212.0,6432491.3
2015-02-19,76.6569,76.6569,72.0139,73.3878,127728.0,9369924.1
2015-02-20,73.4352,78.173,72.0139,74.0511,94331.0,7101933.4
2015-02-23,75.662,75.662,63.1069,72.2034,45704.0,3267066.8
2015-02-24,73.4352,73.4352,68.4132,69.0291,30195.0,2104939.1
2015-02-25,69.0291,72.0139,68.0342,68.7922,48039.0,3361625.9
2015-02-26,70.4031,70.4031,65.381,68.887,12087.0,828906.25
2015-02-27,69.0765,69.5503,68.2237,68.9343,14882.0,1026050.45
2015-03-02,68.2557,80.3265,68.1587,75.5272,380511.0,28177664.65
2015-03-03,75.7696,75.7696,71.2612,72.0854,120382.0,8881435.65
2015-03-04,73.3458,74.8001,71.5521,71.9884,76205.0,5608594.95
2015-03-05,73.6851,75.0425,69.4191,70.4856,44713.0,3226027.3
2015-03-09,66.1227,77.5633,66.1227,74.5092,80442.0,5936561.45
2015-03-10,74.4607,75.6242,73.9275,74.4607,47337.0,3536965.95
2015-03-11,75.3333,75.6242,73.7821,74.1214,90205.0,6724665.2
2015-03-12,75.0425,75.3818,73.4427,73.9275,46462.0,3450040.2
2015-03-13,76.0605,76.0605,71.4067,72.0369,26744.0,1967952.8
2015-03-16,74.1214,74.1214,69.4676,70.0493,47967.0,3384228.5
2015-03-17,69.3222,73.6851,67.8679,71.3097,47590.0,3398194.25
2015-03-18,70.7765,80.7627,69.9524,79.4539,196471.0,15091136.05
2015-03-19,78.1935,95.3059,78.1935,95.0635,534774.0,48508641.95
2015-03-20,98.8932,113.4363,97.1965,111.0124,1474036.0,156935958.05
2015-03-23,110.4307,122.1137,101.0746,122.1137,958473.0,109881448.0
2015-03-24,123.1317,131.4697,116.3449,122.356,845940.0,105482005.35
2015-03-25,120.2231,121.1926,110.1398,110.2368,398112.0,45902980.3
2015-03-26,104.3226,114.4058,100.4444,108.9279,317410.0,33805946.85
2015-03-27,114.3089,119.7868,110.6246,119.7868,450841.0,53225006.5
2015-03-30,122.8408,131.7606,120.9017,131.7606,448529.0,58254568.0
2015-03-31,134.7662,140.0986,123.3256,134.1844,513382.0,68977205.65
2015-04-01,133.7966,140.5834,131.3728,135.1055,283995.0,39036664.45
2015-04-06,136.5598,137.4809,130.3548,131.6636,82108.0,10915001.95
2015-04-07,132.1484,136.7052,123.1802,134.6207,93877.0,12517574.1
2015-04-08,134.9601,138.6443,131.3728,132.924,62050.0,8394742.45
2015-04-09,135.6388,135.7357,127.0583,129.2883,51499.0,6794530.85
2015-04-10,129.2883,139.1291,128.8035,132.8271,141115.0,18985812.4
2015-04-13,132.8271,136.4629,129.9185,131.5182,80043.0,10615366.35
2015-04-15,131.5182,135.2509,123.1317,127.9309,83375.0,10829900.9
2015-04-16,130.4517,132.0999,127.1553,128.7065,30996.0,4007677.6
2015-04-17,127.3007,133.1664,127.2522,128.7065,40857.0,5298235.75
2015-04-20,128.9489,130.8395,121.6774,123.8104,27295.0,3451841.05
2015-04-21,123.0347,125.5555,118.9627,123.2771,30565.0,3769122.3
2015-04-22,122.6954,124.1012,118.5264,123.1317,52979.0,6472181.4
2015-04-23,122.8893,124.1012,120.4654,123.2286,27538.0,3381933.25
2015-04-24,127.1068,127.1068,115.3753,117.7022,27945.0,3388461.05
2015-04-27,118.187,118.187,105.9708,107.6675,48207.0,5395680.55
2015-04-28,111.4972,111.4972,98.9416,100.7838,60205.0,6209552.55
2015-04-29,99.5234,110.8185,99.5234,110.8185,36498.0,3930561.65
2015-04-30,117.7507,121.8713,112.0304,121.8713,125498.0,15208074.55
2015-05-04,122.2106,127.9794,118.8172,123.9073,45977.0,5708719.2
2015-05-05,122.6469,122.6954,112.4667,114.7451,33611.0,3903896.5
2015-05-06,118.9627,120.4654,112.9515,114.9875,23911.0,2759028.2
2015-05-07,117.2175,117.2175,105.5345,105.9708,29835.0,3248130.5
2015-05-08,111.4972,111.4972,104.8074,106.5041,16205.0,1752010.0
2015-05-11,107.619,111.4972,104.7104,106.0193,27404.0,2959741.05
2015-05-12,103.8863,107.2312,103.6439,104.565,13972.0,1473190.3
2015-05-13,107.1343,107.1343,100.1051,101.7048,12899.0,1329603.2
2015-05-14,101.8018,108.3947,100.9292,106.0678,15386.0,1627308.2
2015-05-15,109.0733,110.2368,99.2325,101.5594,28450.0,2944515.4
2015-05-18,106.0678,109.5096,102.8683,105.8738,17344.0,1849277.75
2015-05-19,107.5705,109.3642,104.6134,105.7769,14281.0,1517584.9
2015-05-20,107.2312,108.5886,105.0013,107.4736,12448.0,1332609.45
2015-05-21,106.6495,110.2368,106.6495,108.2007,16987.0,1849233.0
2015-05-22,109.3642,109.3642,103.9832,104.6134,11630.0,1229398.45
2015-05-25,103.7409,103.7409,100.4444,100.6383,9362.0,958198.35
2015-05-26,99.5234,102.3835,99.5234,101.8987,17659.0,1790206.9
2015-05-27,93.0759,101.1716,93.0759,97.6812,17309.0,1701667.85
2015-05-28,97.8751,99.8627,93.9485,95.0635,14959.0,1442230.1
2015-05-29,96.5178,104.565,95.9845,103.2076,32798.0,3322202.7
2015-06-01,105.0982,113.4847,105.0982,113.4847,70980.0,7926355.15
2015-06-02,121.0956,124.8284,104.7104,108.2492,301090.0,34625558.85
2015-06-03,106.9403,114.4058,97.9236,100.5899,132220.0,13764601.2
2015-06-04,102.9652,103.7893,98.0206,101.0746,29829.0,3018685.5
2015-06-05,100.8322,105.1952,99.3779,101.3655,29590.0,3022467.75
2015-06-08,101.8018,105.6799,98.8932,99.8142,32040.0,3227187.3
2015-06-09,101.5109,101.5109,94.8696,97.3904,22298.0,2171172.0
2015-06-10,100.6383,101.8018,96.9056,97.148,29231.0,2859427.45
2015-06-11,97.148,97.5358,91.5246,92.3488,41940.0,3958409.5
2015-06-12,92.979,93.0759,89.9249,90.846,17214.0,1574528.4
2015-06-15,90.4582,95.015,88.4221,93.6576,21723.0,1998852.0
2015-06-16,93.1729,94.3363,89.6825,90.4097,18686.0,1709282.7
2015-06-17,90.749,93.4153,89.2462,91.6216,18341.0,1685531.5
2015-06-18,92.3488,94.918,92.3488,93.5607,22730.0,2139472.8
2015-06-19,93.9485,95.9845,92.2033,92.979,16663.0,1568598.85
2015-06-22,92.1064,95.8876,92.1064,95.1119,19343.0,1829394.85
2015-06-23,94.0455,101.6079,94.0455,97.1965,37364.0,3693636.3
2015-06-24,98.4084,101.2201,95.1604,95.4513,18060.0,1755992.05
2015-06-25,95.4998,98.6992,93.1729,95.2574,18742.0,1787582.9
2015-06-26,95.015,98.8932,92.785,95.1604,15007.0,1440181.6
2015-06-29,94.918,94.918,90.7975,91.3307,13412.0,1229790.0
2015-06-30,93.1244,99.7657,93.1244,97.4388,38184.0,3697335.85
2015-07-01,97.9236,100.3475,95.5967,99.4749,23616.0,2331882.8
2015-07-02,100.4929,107.619,97.9236,103.1591,49380.0,5134096.05
2015-07-03,101.8018,111.5457,101.8018,106.5041,52383.0,5651412.7
2015-07-06,104.7104,107.3282,102.7713,105.2436,32961.0,3441712.95
2015-07-07,104.8074,107.8614,103.7409,106.6495,22623.0,2414012.45
2015-07-08,104.9043,106.6495,103.353,104.2741,25944.0,2723137.95
2015-07-09,104.7104,106.9403,102.7713,105.8738,23940.0,2539171.1
2015-07-10,106.6495,107.8614,104.8074,105.6799,18928.0,2014546.7
2015-07-13,105.3891,107.619,105.1952,106.4071,10190.0,1081786.05
2015-07-14,105.6799,112.4667,105.6799,110.0429,30830.0,3386259.6
2015-07-15,109.6551,119.2535,109.5581,112.4667,72748.0,8329720.6
2015-07-16,114.1149,116.3449,112.2243,113.8241,62721.0,7152681.3
2015-07-17,115.3753,118.3324,113.921,115.9571,137071.0,16012801.1
2015-07-20,118.6718,118.6718,111.5941,113.3878,70159.0,8006621.3
2015-07-21,114.2119,114.2119,109.0733,110.1883,91655.0,10153178.75
2015-07-22,109.5581,116.151,108.0553,114.5028,116267.0,12931316.1
2015-07-23,116.6842,116.9751,112.7091,114.7936,53190.0,6136370.7
2015-07-24,115.3753,115.3753,107.4251,108.4916,39915.0,4443302.1
2015-07-27,108.5886,111.4972,107.619,108.8309,12421.0,1360518.0
2015-07-28,108.1038,110.4307,102.7713,107.1343,13493.0,1453808.3
2015-07-29,108.4431,111.4972,106.1647,108.8794,36031.0,3939710.1
2015-07-30,110.9155,113.3393,110.5276,111.2548,18403.0,2056516.85
2015-07-31,113.1939,113.1939,109.1218,109.6066,11622.0,1281486.8
2015-08-03,112.8545,112.903,109.5581,111.788,17722.0,1985574.5
2015-08-04,111.4972,113.6787,110.1398,111.5941,25866.0,2901848.2
2015-08-05,113.7756,114.3089,110.6246,112.4667,20352.0,2277466.1
2015-08-06,112.8545,130.3063,112.8545,120.2715,234815.0,28960508.5
2015-08-07,121.1926,123.568,115.7147,117.6538,94836.0,11309711.95
2015-08-10,119.4474,119.4474,104.9043,106.3586,100006.0,10906767.6
2015-08-11,107.619,110.5276,105.6799,106.2132,20140.0,2175420.1
2015-08-12,108.2492,109.8974,98.8932,99.7657,33407.0,3403314.4
2015-08-13,104.1772,104.2256,96.13,96.8571,15501.0,1534480.4
2015-08-14,98.6508,99.8627,93.6092,98.166,17852.0,1736240.35
2015-08-17,100.1051,102.6744,96.5663,97.4388,14127.0,1387972.15
2015-08-18,98.8932,101.5109,95.5967,97.0995,16892.0,1666238.55
2015-08-19,97.2449,98.8932,94.7726,95.5482,23808.0,2305472.15
2015-08-20,99.6688,99.6688,92.5427,93.1729,24047.0,2276928.8
2015-08-21,92.8335,97.9236,92.1064,95.2574,30495.0,2906956.0
2015-08-24,94.0455,94.0455,76.2059,77.8056,83468.0,6970270.0
2015-08-25,78.5328,83.0896,75.8666,82.1201,46383.0,3701472.5
2015-08-26,82.1201,88.2282,80.4719,85.562,30874.0,2627792.3
2015-08-27,85.562,91.5731,82.411,90.1673,19547.0,1749564.95
2015-08-28,93.0759,95.4513,90.2158,92.0579,17502.0,1618447.85
2015-08-31,90.9429,92.4457,89.1977,89.4886,5118.0,462417.45
2015-09-01,89.1977,91.2338,84.0107,88.7615,23445.0,2064469.55
2015-09-02,87.4041,89.1493,84.0107,87.4526,14803.0,1289814.3
2015-09-03,86.4346,91.0884,86.4346,88.713,9886.0,882800.15
2015-09-04,88.4221,89.2462,84.544,86.58,23197.0,2006030.5
2015-09-07,86.9193,87.0648,84.35,84.6894,9117.0,778241.25
2015-09-08,85.6104,86.2891,82.411,83.429,19335.0,1623989.5
2015-09-09,86.9678,87.2587,85.3196,85.7559,9462.0,810877.2
2015-09-10,82.7503,86.7739,82.7503,85.6104,6335.0,538797.75
2015-09-11,86.3861,87.2587,83.5744,86.0467,13589.0,1168806.55
2015-09-14,85.3196,88.0828,84.9802,86.5315,5470.0,473810.5
2015-09-15,89.6825,89.6825,84.7863,86.3861,10842.0,929405.35
2015-09-16,87.2587,87.8889,85.6104,86.0952,4427.0,383110.95
2015-09-18,87.2587,87.2587,85.3196,85.6104,4204.0,362199.5
2015-09-21,85.8044,87.0648,83.3805,86.4346,15617.0,1326046.95
2015-09-22,87.2587,87.2587,78.9691,82.0231,40848.0,3331519.25
2015-09-23,82.411,83.9138,78.6782,83.2351,14513.0,1178538.85
2015-09-24,83.3805,85.7074,81.9262,82.9927,6545.0,543781.7
2015-09-28,84.35,86.4346,83.3805,85.7074,7291.0,624621.0
2015-09-29,84.8348,89.1977,84.8348,88.1313,13723.0,1203308.45
2015-09-30,88.713,90.0703,86.7739,87.3071,11190.0,983130.55
2015-10-01,87.7434,89.6825,87.2587,89.1008,16706.0,1472820.65
2015-10-05,90.6521,100.6383,90.1673,95.8391,35382.0,3438413.9
2015-10-06,96.9541,114.2119,95.9845,111.1094,239717.0,26070876.65
2015-10-07,110.5276,110.5276,103.8378,106.1162,56935.0,6045902.25
2015-10-08,103.3046,110.5276,103.3046,106.8919,39037.0,4174142.45
2015-10-09,106.6495,109.4612,105.6799,105.8738,20805.0,2228002.2
2015-10-12,108.2977,109.4127,102.1411,105.9223,16766.0,1788249.4
2015-10-13,104.0802,108.4431,104.0802,107.2312,12373.0,1320859.5
2015-10-14,106.9403,108.1523,106.8919,107.619,7849.0,844665.2
2015-10-15,106.698,110.5276,106.698,108.4916,15485.0,1685360.1
2015-10-16,110.5276,112.4667,108.0553,108.637,27768.0,3054936.95
2015-10-19,108.637,118.5748,107.619,116.8781,63148.0,7239683.95
2015-10-20,120.2231,127.0583,119.302,120.0776,102163.0,12506333.7
2015-10-21,118.3809,120.7078,112.4667,113.8726,29981.0,3492466.2
2015-10-23,116.8297,118.0901,108.8794,109.8005,31886.0,3578681.05
2015-10-26,109.5581,110.5276,106.9403,110.2853,39707.0,4332104.5
2015-10-27,110.0914,116.2479,109.5581,114.3089,43163.0,4923890.45
2015-10-28,116.3449,117.266,114.3573,115.6177,25688.0,2964205.45
2015-10-29,118.284,120.6593,116.3449,118.0901,32131.0,3814216.35
2015-10-30,120.7078,121.1926,114.4058,116.7812,46323.0,5487383.8
2015-11-02,114.5028,119.0596,114.1634,114.7451,37425.0,4302522.3
2015-11-03,114.7451,121.1926,114.7451,117.2175,20630.0,2425186.15
2015-11-04,117.4114,120.7078,117.3144,117.9446,52917.0,6274459.7
2015-11-05,118.5264,121.0956,117.0236,117.9446,53641.0,6364035.45
2015-11-06,120.5139,120.5139,115.5693,116.3934,14249.0,1658525.15
2015-11-09,121.1441,121.1441,111.4972,117.0236,18498.0,2154199.05
2015-11-10,116.6358,118.7687,115.9086,117.3144,14722.0,1721438.35
2015-11-11,115.8601,119.2535,114.4543,116.151,4167.0,484940.9
2015-11-13,116.8297,118.187,111.6911,112.7091,27245.0,3142146.5
2015-11-16,116.2479,116.2479,108.8794,110.8185,11443.0,1270787.9
2015-11-17,110.77,113.4363,109.1218,110.0429,12201.0,1340388.3
2015-11-18,109.752,112.2728,108.1038,108.8309,10528.0,1152433.8
2015-11-19,111.4972,111.4972,107.619,107.716,12479.0,1356006.6
2015-11-20,107.619,110.5276,107.619,109.5581,7632.0,834934.4
2015-11-23,110.5276,111.4972,106.6495,106.9888,22119.0,2396000.25
2015-11-24,108.5401,110.5276,105.2436,106.698,39251.0,4214953.8
2015-11-26,106.7464,109.3642,105.6799,106.5041,6239.0,666967.6
2015-11-27,108.0553,108.5886,105.1952,107.4736,10568.0,1128155.45
2015-11-30,108.4916,108.4916,105.6799,105.7769,8150.0,870837.25
2015-12-01,107.1343,108.5886,105.8254,106.698,23740.0,2548554.85
2015-12-02,107.1343,108.4431,103.7409,104.6134,14116.0,1502894.95
2015-12-03,106.1162,106.1162,100.9292,101.8018,21509.0,2206202.3
2015-12-04,104.4195,104.4195,99.0871,100.4444,16626.0,1681280.4
2015-12-07,104.6134,104.6134,97.9236,99.281,5194.0,515903.05
2015-12-08,98.166,100.8322,97.148,98.6508,14826.0,1460812.6
2015-12-09,98.8932,103.5954,95.3059,97.4388,4619.0,453208.5
2015-12-10,97.4388,100.0566,95.5967,97.9721,11173.0,1094299.45
2015-12-11,99.7657,99.8627,97.9236,99.0386,12166.0,1199498.6
2015-12-14,95.9845,97.9236,95.3543,97.051,12235.0,1189886.8
2015-12-15,96.0815,98.6508,94.3363,97.5358,13648.0,1328522.75
2015-12-16,98.4084,98.4084,95.9845,97.0026,7810.0,761942.6
2015-12-17,95.9845,98.3114,95.015,96.7602,8101.0,785691.45
2015-12-18,98.1175,99.8627,96.0815,97.6328,14139.0,1389202.9
2015-12-21,97.148,97.9236,93.2698,96.1784,9609.0,928126.1
2015-12-22,96.9541,106.5041,95.9845,103.4015,67692.0,6775443.05
2015-12-23,103.7409,107.5705,102.0926,103.4015,21416.0,2256911.2
2015-12-24,102.1411,104.6134,101.8018,103.0622,6574.0,678925.95
2015-12-28,103.2561,104.7104,101.1231,101.7533,4545.0,469987.6
2015-12-29,102.6744,102.7713,99.9597,101.8018,2813.0,285518.2
2015-12-30,100.1536,106.5041,100.1536,101.2685,19214.0,1978807.35
2015-12-31,103.7409,103.7409,101.8987,102.3835,6773.0,698305.25
2016-01-01,100.202,108.9764,100.1051,104.2256,10963.0,1149451.65
2016-01-04,102.4805,104.7104,102.4805,103.6439,6328.0,655432.1
2016-01-05,103.7409,106.6495,103.7409,106.1162,24056.0,2532904.2
2016-01-06,104.0317,111.0124,103.7409,106.7464,33037.0,3566500.0
2016-01-07,104.8074,110.4792,102.0442,105.0982,36883.0,3895132.7
2016-01-08,106.1647,106.2617,101.8018,103.8863,8892.0,928965.7
2016-01-11,103.9348,103.9348,98.9901,101.317,11922.0,1210207.05
2016-01-12,102.6259,107.9099,102.6259,104.1772,18745.0,1971376.85
2016-01-13,104.8074,109.3642,96.9541,98.9901,48909.0,5009755.6
2016-01-14,95.015,101.6563,95.015,98.3599,12226.0,1210651.25
2016-01-15,98.0206,100.2505,93.1244,94.5302,19845.0,1910664.4
2016-01-18,95.015,96.4693,83.5259,84.7379,36990.0,3214212.9
2016-01-19,93.0759,93.0759,82.411,85.6104,25024.0,2129428.3
2016-01-20,85.3196,86.7739,83.4775,84.7863,10503.0,899262.6
2016-01-21,86.8709,89.1008,83.6714,86.0952,5500.0,470106.95
2016-01-22,87.0648,88.713,82.0231,82.7018,68554.0,5724108.4
2016-01-25,84.35,90.1673,79.9871,81.1021,75013.0,6199331.05
2016-01-27,82.0231,84.1561,78.8237,79.4539,62233.0,5036098.55
2016-01-28,77.7572,79.9386,72.7156,76.1089,31650.0,2440327.85
2016-01-29,80.4719,80.4719,74.7031,75.5272,86369.0,6594003.2
2016-02-01,77.5633,83.8653,75.6242,81.8777,47750.0,3886476.3
2016-02-02,80.8597,83.2351,75.7696,76.6907,71512.0,5626640.35
2016-02-03,76.5452,77.4663,74.7516,76.1574,12928.0,980977.15
2016-02-04,77.5633,78.5328,73.6851,75.0909,48588.0,3676694.7
2016-02-05,74.7031,76.4968,72.2308,73.3458,54148.0,3966542.55
2016-02-08,72.9579,76.5937,72.9579,75.8181,11543.0,875488.9
2016-02-09,75.915,78.4358,75.915,76.9815,13369.0,1035463.95
2016-02-10,80.4719,90.0219,77.6602,78.9206,101965.0,8412772.8
2016-02-11,82.8473,82.8473,70.825,72.9579,34495.0,2684955.6
2016-02-12,71.3582,75.5757,69.2252,73.3942,22073.0,1587571.15
2016-02-15,73.6851,79.5023,73.6851,76.012,12715.0,975133.3
2016-02-16,78.048,78.048,76.1089,77.2724,8187.0,630743.0
2016-02-17,78.5328,79.4054,74.0244,76.2544,5710.0,433929.2
2016-02-18,74.8001,78.1935,74.0244,76.3998,5187.0,392655.2
2016-02-19,77.4663,77.4663,71.1643,73.8305,21066.0,1544396.1
2016-02-22,73.8305,78.5328,72.7156,77.0785,30103.0,2310202.9
2016-02-23,77.5633,78.5328,76.1089,76.1574,7558.0,586476.3
2016-02-24,74.5577,77.5633,74.5577,74.897,4930.0,376910.85
2016-02-25,74.8001,76.5937,74.2183,74.7031,2022.0,152440.3
2016-02-26,75.4303,76.5937,72.4247,73.6366,8439.0,628379.55
2016-02-29,74.6546,74.6546,72.7156,73.4427,3790.0,278483.6
2016-03-01,74.6062,77.3694,69.8069,76.8361,10127.0,760038.95
2016-03-02,80.3749,83.1381,78.5328,82.1686,15825.0,1286323.6
2016-03-03,79.6962,81.4414,79.5023,80.1325,4466.0,360054.15
2016-03-04,80.4719,81.1021,79.5023,79.6478,7688.0,618749.6
2016-03-08,80.4719,82.8957,79.0176,81.1506,17520.0,1422864.85
2016-03-09,80.4719,88.2282,79.6962,85.8528,32988.0,2773047.35
2016-03-10,85.9498,88.2282,84.0592,85.9983,14450.0,1250698.65
2016-03-11,89.7795,92.1064,85.5135,89.1008,19714.0,1755304.75
2016-03-14,87.6465,101.8018,87.6465,100.2505,76470.0,7490152.7
2016-03-15,99.8627,108.5886,99.8627,105.0013,83788.0,8854704.85
2016-03-16,105.0497,106.6495,99.9597,101.8987,24347.0,2508065.45
2016-03-17,101.9957,103.7409,91.1853,93.2698,239304.0,22889860.25
2016-03-18,93.9,98.6023,91.7186,96.6147,31239.0,2999636.0
2016-03-21,97.051,105.1952,97.051,103.4985,46648.0,4793404.3
2016-03-22,103.7409,105.1952,100.3475,101.8503,19394.0,2002661.75
2016-03-23,99.8627,102.9652,99.281,101.414,14275.0,1449759.7
2016-03-28,102.7713,103.6924,95.1119,95.7906,21079.0,2049953.85
2016-03-29,98.8932,98.9901,77.7087,80.5204,299533.0,25815137.55
2016-03-30,81.4414,96.6147,81.4414,96.6147,202756.0,18779296.65
2016-03-31,99.7657,112.9515,99.7657,106.4071,485414.0,52504195.75
2016-04-01,105.6799,113.4363,102.7713,108.8794,148824.0,15955660.9
2016-04-04,114.8906,125.0708,114.6482,123.471,414757.0,49778369.45
2016-04-05,135.7357,148.1458,132.003,148.1458,1807443.0,252670886.9
2016-04-06,159.7803,162.9313,150.3273,162.7859,1599909.0,256198107.2
2016-04-07,167.6336,179.0257,161.2346,178.5409,1826129.0,316591416.4
2016-04-08,179.1227,196.3805,177.426,195.314,2356996.0,446247278.65
2016-04-11,197.9802,205.0579,195.8472,204.2338,1537210.0,310916244.0
2016-04-12,206.5122,208.8391,194.0536,194.0536,1011993.0,202408925.05
2016-04-13,184.3582,184.3582,184.3582,184.3582,31958.0,5891797.75
2016-04-18,175.1475,180.3346,175.1475,175.1475,452751.0,79946511.95
2016-04-20,169.7666,183.8734,167.0519,183.8734,987193.0,175133163.8
2016-04-21,188.5757,193.0356,187.1214,192.9871,805609.0,154851973.85
2016-04-22,195.3625,202.634,194.8777,202.634,459587.0,92285412.35
2016-04-25,206.9,211.2629,193.9082,202.5855,950649.0,194529566.95
2016-04-26,202.5855,206.8515,199.0467,203.0218,357168.0,72798891.4
2016-04-27,203.3612,206.1728,195.9442,197.9802,226074.0,45362736.05
2016-04-28,198.368,198.4165,188.0909,188.0909,230921.0,44088019.0
2016-04-29,184.9884,196.6713,180.8194,188.7211,471795.0,88815972.3
2016-05-02,192.8901,197.5439,189.0604,193.4719,270366.0,52469599.65
2016-05-03,201.3251,201.3251,189.1574,190.6602,192322.0,37493045.2
2016-05-04,189.0604,192.3084,182.7584,183.8734,137275.0,25644800.95
2016-05-05,188.8181,188.8181,174.7112,181.7404,179399.0,33135866.9
2016-05-06,182.3706,190.7087,180.4315,187.3153,350716.0,65550650.1
2016-05-09,188.8665,196.332,187.1214,190.7087,333668.0,64348693.25
2016-05-10,192.3569,192.3569,185.2308,187.2668,131116.0,24779354.9
2016-05-11,182.4191,187.2183,180.6254,184.8429,164255.0,30413702.65
2016-05-12,185.7155,194.8777,184.6975,185.861,257960.0,48738788.85
2016-05-13,186.1033,190.5148,182.3706,185.2308,389416.0,72559787.65
2016-05-16,183.3402,187.7031,183.3402,185.764,192071.0,35669851.35
2016-05-17,186.3942,187.1214,182.2737,184.5521,253357.0,46879713.35
2016-05-18,183.7764,202.9734,183.2432,196.8168,983648.0,193394108.15
2016-05-19,197.4955,202.634,189.1574,191.3873,493657.0,97981561.35
2016-05-20,194.4899,198.0287,185.764,186.5881,190006.0,36336483.0
2016-05-23,187.994,191.3873,186.1518,186.7335,101072.0,19010794.1
2016-05-24,187.0244,191.2904,186.1518,188.6242,182644.0,34447633.05
2016-05-25,190.4663,190.9995,187.6061,188.8181,130760.0,24753793.95
2016-05-26,190.3693,198.6589,188.4787,192.163,259606.0,50181658.5
2016-05-27,192.9386,195.6048,189.2059,190.5148,144415.0,27699377.25
2016-05-30,191.3873,201.6645,189.0604,190.6602,487730.0,95414541.65
2016-05-31,202.634,202.634,192.1145,193.7142,228218.0,44838777.4
2016-06-01,194.8777,194.8777,186.1518,188.4787,184225.0,34813055.1
2016-06-02,188.7211,201.8099,186.6366,197.35,403843.0,79196574.1
2016-06-03,199.6284,232.5443,199.2406,216.8863,2697421.0,599345868.8
2016-06-06,219.1162,231.7202,218.3891,223.6731,998581.0,225025000.8
2016-06-07,225.5152,230.7507,221.5885,224.9335,433268.0,98109801.35
2016-06-08,227.5997,229.1994,221.8309,223.1398,212277.0,47669474.65
2016-06-09,224.1578,246.5057,221.0553,236.1316,1046356.0,249043727.75
2016-06-10,237.7314,255.9588,237.7314,252.7108,1379281.0,342120917.55
2016-06-13,252.5654,294.7404,250.3839,288.196,2453262.0,668857508.55
2016-06-14,292.1226,345.8352,291.8318,345.8352,4679692.0,1510379021.4
2016-06-15,356.7425,378.1209,339.5332,346.6108,4254738.0,1541211776.0
2016-06-16,348.0651,349.5194,321.8875,325.8626,1383322.0,455785576.9
2016-06-17,329.1106,351.8463,326.7837,334.8794,1273795.0,434661165.1
2016-06-20,332.5525,363.4808,331.7284,358.0514,1349782.0,472464180.55
2016-06-21,361.6387,372.1097,352.0887,355.3852,1200805.0,436890416.75
2016-06-22,357.1303,357.7605,344.3324,345.8837,476999.0,166537783.55
2016-06-23,348.4529,355.7245,328.5774,349.1801,603292.0,207656960.5
2016-06-24,314.3251,341.0844,314.2766,332.3101,986805.0,322458410.6
2016-06-27,330.0317,365.5169,330.0317,360.3298,1054650.0,372406921.75
2016-06-28,363.5778,377.927,363.5778,370.1707,1087990.0,404224286.45
2016-06-29,373.2732,385.7803,371.1402,375.5516,975196.0,369685629.65
2016-06-30,378.9935,383.7442,365.5169,370.2676,566436.0,211229604.95
2016-07-01,375.9879,392.664,371.3341,377.6846,1141047.0,437394927.3
2016-07-04,381.9506,385.8287,375.5516,381.1749,612632.0,233246310.25
2016-07-05,382.2899,383.4534,366.6803,370.7039,307600.0,114720921.4
2016-07-07,371.625,390.628,365.8077,379.6722,937453.0,355888786.7
2016-07-08,384.229,384.4229,373.4671,377.3453,403196.0,153015023.7
2016-07-11,381.078,385.8772,374.2427,375.4062,263014.0,99709045.35
2016-07-12,378.1209,378.848,346.6108,350.5375,603930.0,217636883.7
2016-07-13,352.3311,361.2994,343.3144,353.1552,511156.0,180375403.25
2016-07-14,353.8339,358.7301,349.2286,350.7314,308668.0,109215639.75
2016-07-15,351.3131,355.676,335.4611,337.9819,354088.0,122198571.25
2016-07-18,339.4847,348.4529,328.6258,330.7104,308000.0,104380324.7
2016-07-19,332.7949,339.1454,322.1299,331.5345,397797.0,131833228.4
2016-07-20,332.7464,357.7605,328.9167,347.7258,1039610.0,363095802.6
2016-07-21,349.5194,352.622,334.7824,337.4002,448042.0,153639013.15
2016-07-22,339.2423,348.0651,332.1162,339.4362,334710.0,114048523.25
2016-07-25,339.4362,357.5666,337.6426,353.1067,575376.0,202107170.25
2016-07-26,357.6636,364.8867,348.5499,350.489,451699.0,160917385.75
2016-07-27,352.9128,355.1913,343.2659,344.3324,264833.0,92097287.8
2016-07-28,346.0291,351.2161,342.7327,347.3865,147405.0,51192866.35
2016-07-29,350.2466,355.7245,345.3504,349.471,230475.0,80827362.3
2016-08-01,350.9738,372.0128,345.6898,367.5529,853741.0,309226356.4
2016-08-02,375.9394,379.4298,353.9793,356.2577,664784.0,244619354.6
2016-08-03,356.5001,357.6636,336.4306,338.7091,393287.0,135075027.25
2016-08-04,342.1994,345.5928,332.7464,335.9943,294722.0,99699068.6
2016-08-05,347.0956,354.8519,342.3448,350.4405,435456.0,152183911.5
2016-08-08,353.8824,368.3285,347.5804,363.093,628551.0,226540727.5
2016-08-09,361.4448,363.093,348.356,353.0583,316486.0,111985051.95
2016-08-10,353.8339,353.8339,344.2839,347.8227,226309.0,78935380.75
2016-08-11,347.8227,356.791,341.6662,346.7078,282318.0,98560156.45
2016-08-12,348.4529,353.7369,337.4971,341.957,318150.0,110150945.5
2016-08-16,373.2732,378.1209,345.2535,356.2093,815393.0,295164283.95
2016-08-17,356.5001,359.4572,346.126,351.1192,341494.0,120159033.0
2016-08-18,353.8339,364.4504,350.9738,356.0154,249925.0,89444345.35
2016-08-19,355.773,361.057,346.223,347.2895,282608.0,99541011.8
2016-08-22,347.0956,351.1677,338.4182,339.0969,288128.0,98719637.05
2016-08-23,340.3088,346.0291,335.4611,336.7215,254571.0,86555775.0
2016-08-24,338.3697,347.1925,337.9334,339.6301,339752.0,116269197.0
2016-08-25,341.2783,344.5748,335.9459,337.6426,120451.0,40998955.25
2016-08-26,338.3697,342.054,330.6134,332.601,118789.0,39989654.6
2016-08-29,332.5525,336.3822,320.0454,321.5482,197175.0,64269225.45
2016-08-30,324.6992,329.5469,318.9304,321.3058,209520.0,67790380.0
2016-08-31,322.033,322.033,258.1887,281.894,1527493.0,441657092.4
2016-09-01,286.0145,297.4551,253.1471,272.247,1349569.0,374464414.95
2016-09-02,276.3191,292.5589,272.5864,284.1724,853971.0,243213053.6
2016-09-06,286.16,293.383,277.9673,279.6156,327123.0,93048105.2
2016-09-07,282.5242,287.9536,266.6237,270.4049,402498.0,111111931.3
2016-09-08,271.4714,272.5379,261.3397,262.3093,353345.0,93475383.6
2016-09-09,264.5877,280.876,263.7151,274.3316,589994.0,160726972.85
2016-09-12,269.4354,284.4633,265.6542,277.0463,470574.0,130794764.65
2016-09-14,281.1668,327.3654,280.1973,322.1784,3060155.0,937080764.95
2016-09-15,331.389,345.9321,327.22,334.7339,2019943.0,680336269.35
2016-09-16,337.3032,344.7202,322.2269,326.8807,875308.0,293442006.0
2016-09-19,329.5469,339.3393,327.8987,333.3281,541530.0,180652279.65
2016-09-20,335.752,357.3727,331.6799,346.32,1607440.0,557803186.7
2016-09-21,349.0347,355.8699,343.4598,346.8532,596477.0,208451028.15
2016-09-22,350.5859,352.4281,342.2479,346.7562,344629.0,119873439.65
2016-09-23,350.1981,355.2882,342.2479,343.9931,396949.0,138010744.3
2016-09-26,344.187,348.0651,335.1218,338.1758,444177.0,151434511.5
2016-09-27,339.3393,346.9017,336.7215,339.5816,449579.0,153778442.3
2016-09-28,342.2479,343.9931,337.4487,338.7575,158922.0,54161781.9
2016-09-29,340.3088,343.0235,282.4272,299.9274,608437.0,188744206.1
2016-09-30,302.8845,330.5649,299.879,322.8571,853442.0,267311886.85
2016-10-03,325.7657,343.0235,325.7657,338.9999,740262.0,248555417.25
2016-10-04,342.2479,346.126,331.6799,333.9098,568922.0,192345864.65
2016-10-05,335.9943,343.7022,329.9347,335.5096,500164.0,168005799.55
2016-10-06,337.5941,338.5636,310.253,315.1492,512934.0,166118975.3
2016-10-07,314.3251,327.0746,303.4663,321.8875,651392.0,206763886.35
2016-10-10,324.7962,324.8446,315.8279,317.9609,176422.0,56409872.4
2016-10-13,312.1921,315.4401,305.4053,309.4289,199028.0,61619040.2
2016-10-14,312.483,318.9789,310.253,311.8528,187933.0,58988430.3
2016-10-17,313.7434,319.2213,307.5383,308.6533,219186.0,68492823.55
2016-10-18,311.465,313.0647,305.4053,308.0231,190219.0,58875935.8
2016-10-19,310.253,317.0398,309.1865,312.2891,228703.0,71679711.45
2016-10-20,315.0038,317.0398,307.3444,308.4594,213196.0,66267087.25
2016-10-21,310.0591,314.1797,307.5383,309.2835,153714.0,47695182.1
2016-10-24,314.0827,348.0651,313.404,335.0733,1399480.0,470098359.9
2016-10-25,335.9459,337.9819,324.6022,327.0746,545009.0,180213201.2
2016-10-26,327.22,333.522,322.8571,324.7962,301359.0,98779996.35
2016-10-27,324.8446,331.1466,323.8266,325.5718,192431.0,62822645.25
2016-10-28,326.6868,340.6481,323.8266,331.3406,832498.0,276057156.9
2016-11-01,334.4502,361.4798,332.0103,345.7404,1707490.0,598600470.1
2016-11-02,339.6647,342.9657,326.2695,328.518,492880.0,164722922.35
2016-11-03,326.2695,338.4687,322.4901,323.4948,289998.0,95810208.95
2016-11-04,323.3991,326.5565,302.3494,308.473,330840.0,103298536.95
2016-11-07,318.9021,336.7943,318.8064,329.9532,503180.0,165813307.55
2016-11-08,334.6894,340.1431,330.1924,334.785,376761.0,126529228.15
2016-11-09,272.7843,332.9671,268.9571,330.1445,718698.0,218196523.7
2016-11-10,339.0906,348.2759,331.0535,332.8236,404770.0,137925261.75
2016-11-11,331.0535,333.9718,316.6536,319.4762,274121.0,89060273.0
2016-11-15,310.9607,315.7447,277.4726,282.5436,579060.0,169108192.4
2016-11-16,292.7814,299.479,268.1438,273.5497,417757.0,118001404.05
2016-11-17,273.6454,280.1516,254.7007,256.9014,447339.0,118739492.2
2016-11-18,258.3366,265.7518,245.5154,252.3087,511922.0,131204176.3
2016-11-21,257.1406,257.3798,235.6125,240.54,300787.0,74855781.35
2016-11-22,243.9845,248.2901,223.1741,236.4258,523340.0,121540255.35
2016-11-23,237.7653,264.5558,231.8331,261.5418,923998.0,233891391.65
2016-11-24,260.0588,274.5065,251.0649,264.4122,598061.0,157722576.95
2016-11-25,267.5219,283.644,267.3305,281.4912,660578.0,183088489.05
2016-11-28,283.022,292.303,278.0945,282.6393,378215.0,108120220.5
2016-11-29,284.1224,289.624,277.5683,280.0081,284614.0,80875532.85
2016-11-30,282.6872,285.0792,277.9988,279.434,183973.0,51682705.4
2016-12-01,279.0992,281.0606,263.6946,265.8475,217478.0,58933311.9
2016-12-02,261.3983,262.8335,254.605,258.5279,228820.0,59296042.45
2016-12-05,256.423,269.7225,252.9785,265.9431,306533.0,80706816.15
2016-12-06,267.5219,271.2055,262.5465,264.0774,142828.0,38140825.3
2016-12-07,266.6129,270.2487,259.6761,261.494,124999.0,33139373.55
2016-12-08,265.0342,268.8135,261.1113,262.3073,102875.0,27227594.25
2016-12-09,263.7903,272.5929,263.1206,265.7039,223762.0,59939712.75
2016-12-12,265.7039,271.2534,262.2116,264.8428,152922.0,40782373.0
2016-12-13,265.7039,287.5669,264.6514,284.6008,659685.0,183650791.7
2016-12-14,288.9542,292.5901,277.9988,280.2473,397919.0,113973923.5
2016-12-15,275.272,288.9064,272.7364,281.3955,229593.0,65149092.15
2016-12-16,283.2134,291.4419,282.5915,289.3369,219548.0,63004240.65
2016-12-19,289.3369,291.7289,281.4433,282.9742,165657.0,47371646.4
2016-12-20,283.2612,284.9835,271.8275,272.6886,130280.0,36206453.55
2016-12-21,272.2102,276.4201,261.5897,263.2641,164456.0,44241049.15
2016-12-22,262.9292,278.7643,257.3798,269.9139,616220.0,166885146.65
2016-12-23,269.9139,274.8892,265.6083,268.6222,229075.0,61967105.9
2016-12-26,267.4262,267.4262,256.8057,258.1452,133979.0,34978081.15
2016-12-27,258.3366,265.5126,258.3366,263.4076,94342.0,24741808.35
2016-12-28,264.1252,281.6825,263.4076,268.9092,386347.0,105645727.15
2016-12-29,270.6793,273.6454,268.8614,270.9185,114043.0,30911727.5
2016-12-30,272.6407,278.3816,271.4926,273.3583,150587.0,41445504.7
2017-01-02,276.0374,280.343,273.6454,275.3198,161724.0,44681309.3
2017-01-03,277.4248,317.4669,276.2766,309.1427,1904984.0,582429282.95
2017-01-04,311.5826,317.1799,307.3727,309.2384,559591.0,174655054.55
2017-01-05,310.4823,321.4855,310.4823,316.7972,600742.0,190368210.0
2017-01-06,319.0935,319.524,306.2723,308.2816,276316.0,86237545.9
2017-01-09,310.9128,312.6829,303.5933,305.1242,186576.0,57587000.2
2017-01-10,304.3109,316.7015,304.3109,308.1859,263726.0,81919155.35
2017-01-11,310.1952,314.5487,303.4019,304.9328,219089.0,67669115.15
2017-01-12,307.5162,309.0471,297.5654,299.192,194080.0,58824462.3
2017-01-13,300.1488,314.6922,297.0392,312.4437,445554.0,137217532.9
2017-01-16,312.6351,319.2848,310.0039,312.6829,314653.0,99044753.3
2017-01-17,313.8789,317.8496,308.1381,309.4298,208056.0,65078851.05
2017-01-18,309.5255,314.7879,307.6597,308.3295,136044.0,42265891.9
2017-01-19,308.3773,310.865,304.4544,306.1767,126950.0,39021691.15
2017-01-20,305.5547,307.6597,296.6086,297.4698,127232.0,38234990.4
2017-01-23,298.5222,315.649,298.4744,313.5919,363894.0,112635709.3
2017-01-24,315.8404,333.4455,314.7879,321.9639,1026850.0,333185572.35
2017-01-25,323.3034,327.5133,309.3341,310.9607,421755.0,134412720.15
2017-01-27,312.9221,320.2416,299.479,301.1056,440446.0,136334893.0
2017-01-30,302.2538,312.7786,294.2645,296.3694,650636.0,197377581.8
2017-01-31,296.8,300.388,282.8307,285.3662,303814.0,88488658.8
2017-02-01,285.9403,294.5994,285.127,290.6286,262196.0,76060187.0
2017-02-02,292.2552,299.2877,289.4326,295.3648,256853.0,75655126.7
2017-02-03,295.4605,298.4744,287.9974,288.8107,148694.0,43564477.85
2017-02-06,290.5808,295.6518,285.7489,287.1841,199299.0,57949224.6
2017-02-07,287.4233,295.6518,285.127,287.6625,258682.0,75132004.3
2017-02-08,289.0977,294.4558,287.6625,288.5715,170538.0,49459622.0
2017-02-09,289.911,293.2598,287.2798,288.7629,171712.0,49789428.65
2017-02-10,290.4851,292.0638,282.2566,284.2181,137008.0,39305139.45
2017-02-13,286.5622,286.5622,278.5251,281.2041,139039.0,39199407.3
2017-02-14,280.056,286.0838,278.8121,279.6732,144765.0,40868133.5
2017-02-15,279.8646,280.7257,265.991,269.1963,229843.0,62439899.25
2017-02-16,268.4787,277.4726,267.9524,276.3244,161983.0,44253882.75
2017-02-17,276.9942,279.3862,270.8707,272.6886,150672.0,41616631.2
2017-02-20,270.8707,287.519,270.8707,285.3662,259569.0,73006053.9
2017-02-21,286.7057,300.2923,285.9881,296.5608,451709.0,133077785.9
2017-02-22,298.2352,298.2352,287.232,289.2891,195258.0,57054325.9
2017-02-23,288.9542,296.1302,288.0931,291.1549,212109.0,62060100.4
2017-02-27,293.1641,293.7382,283.5004,285.4619,143507.0,41687516.15
2017-02-28,286.7536,293.212,285.6533,287.519,199783.0,57838413.15
2017-03-01,288.8585,293.212,285.9881,287.0406,132767.0,38427995.65
2017-03-02,288.9542,289.8153,278.4294,279.434,107395.0,30475525.6
2017-03-03,279.5297,284.9357,277.4726,282.735,140546.0,39646193.5
2017-03-06,284.0745,287.9974,278.4772,282.3044,177023.0,50227078.15
2017-03-07,283.1656,289.7197,281.0606,283.4526,211151.0,60264310.1
2017-03-08,283.6918,295.5083,281.7782,284.84,1328161.0,376903760.05
2017-03-09,283.4048,289.5283,281.2041,282.6872,98456.0,28123235.45
2017-03-10,284.7921,286.5622,272.7843,275.559,149778.0,41952845.45
2017-03-14,282.0652,282.8785,272.2102,273.7411,141036.0,39105680.5
2017-03-15,274.9849,277.042,270.9663,273.1191,118410.0,32535897.25
2017-03-16,274.6022,279.3384,273.2148,275.1284,124617.0,34398497.25
2017-03-17,275.846,288.9542,275.1284,283.5004,961232.0,267537325.95
2017-03-20,285.0792,290.5808,282.735,284.0267,228514.0,65397130.55
2017-03-21,285.0792,285.6054,278.1902,279.7211,128896.0,36300571.15
2017-03-22,279.2905,279.2905,272.7364,273.6932,109852.0,30280878.65
2017-03-23,274.363,277.3769,261.6854,264.4601,251375.0,67786616.85
2017-03-24,266.5651,272.258,262.7857,264.6036,186426.0,49829575.65
2017-03-27,266.1823,268.3351,259.8674,260.9199,164862.0,43474145.7
2017-03-28,262.9292,270.2009,260.5372,263.7425,384083.0,102207982.8
2017-03-29,263.6946,266.4694,256.6622,258.4801,223597.0,58583169.6
2017-03-30,259.2934,267.7132,259.2934,263.3598,203257.0,53646254.0
2017-03-31,265.2255,273.5497,264.3166,269.7225,287078.0,77378490.7
2017-04-03,271.5883,278.238,270.8707,275.5112,217078.0,59748881.05
2017-04-05,276.2288,286.0838,274.6022,285.2705,255016.0,71947477.55
2017-04-06,285.0792,288.0931,278.5251,281.0606,194080.0,54960324.05
2017-04-07,280.056,287.0406,277.6161,279.7689,226098.0,64076743.55
2017-04-10,278.9078,285.127,274.1716,275.8939,127220.0,35539510.9
2017-04-11,277.4726,281.6347,276.5158,276.9464,133087.0,37026365.5
2017-04-12,278.5729,278.5729,270.5358,272.3537,158370.0,43366498.85
2017-04-13,271.7318,274.9849,270.3444,271.3969,82484.0,22488355.25
2017-04-17,273.2627,283.6918,270.775,279.3862,189489.0,52644568.25
2017-04-18,281.252,288.6193,275.4633,276.8985,299482.0,84578483.0
2017-04-19,277.951,280.343,273.9324,277.5683,109403.0,30346066.7
2017-04-20,279.2905,279.9124,275.559,276.755,77865.0,21594576.05
2017-04-21,278.4294,279.7211,270.1531,271.1577,139679.0,38176727.9
2017-04-24,273.3583,275.559,270.2966,271.5883,104783.0,28568492.1
2017-04-25,273.5019,273.8367,268.8614,269.7225,108203.0,29400793.95
2017-04-26,271.7318,273.7889,266.5651,269.0527,96574.0,26081097.05
2017-04-27,269.8182,271.4926,266.7564,267.0435,51816.0,13877959.7
2017-04-28,268.67,272.5929,265.991,267.2348,76663.0,20606438.4
2017-05-02,269.2441,270.5836,264.8906,266.2302,63722.0,17021650.6
2017-05-03,267.9046,269.579,263.2162,264.2209,76274.0,20292172.6
2017-05-04,264.3644,279.8646,264.3644,275.1284,340106.0,93286606.85
2017-05-05,275.4633,276.0374,267.9524,269.866,121606.0,33028005.55
2017-05-08,271.5883,272.3537,266.9478,267.4262,76935.0,20747407.25
2017-05-09,269.2441,271.4447,265.6083,266.6129,73145.0,19661730.15
2017-05-10,269.2441,276.0374,267.9046,268.8614,114868.0,31164609.7
2017-05-11,270.7271,271.5883,267.9046,268.2873,60365.0,16254893.3
2017-05-12,268.383,269.1006,263.2162,264.3644,82139.0,21763119.7
2017-05-15,265.7996,269.7225,264.8428,266.1823,52755.0,14058913.8
2017-05-16,267.4262,269.9617,265.991,267.0435,80852.0,21625331.05
2017-05-17,267.9046,270.4879,264.7471,266.0388,101815.0,27197904.15
2017-05-18,265.6083,265.6083,258.3366,258.815,218499.0,56903444.9
2017-05-19,261.207,264.5558,254.9877,256.3751,154702.0,39953063.85
2017-05-22,259.0063,263.7903,257.4754,259.8674,98762.0,25771641.9
2017-05-23,261.1591,261.1591,248.7685,250.4908,108098.0,27222110.0
2017-05-24,253.5525,255.4183,245.0848,247.1898,101952.0,25617932.7
2017-05-25,245.5632,252.5957,245.5632,251.3519,220411.0,54942472.2
2017-05-26,272.6886,281.7304,261.207,264.5558,654054.0,177248184.6
2017-05-29,266.7086,268.2395,256.5665,258.0017,192782.0,50465699.45
2017-05-30,258.4801,261.781,254.5093,258.193,197373.0,50913544.2
2017-05-31,259.3412,261.1113,249.2469,255.0834,178388.0,45791167.5
2017-06-01,252.6914,257.0449,252.1173,253.6961,123288.0,31353679.35
2017-06-02,255.8967,258.3366,252.213,256.2316,111889.0,28647486.6
2017-06-05,257.6668,260.7286,254.5093,255.1791,126966.0,32655432.15
2017-06-06,256.3273,256.8057,252.5957,253.3612,62613.0,15936087.0
2017-06-07,260.2502,281.6825,255.9924,266.8043,598417.0,161451692.1
2017-06-08,268.9092,272.0667,261.5897,263.0727,252652.0,67612467.35
2017-06-09,263.2162,267.8089,258.4322,260.5372,160358.0,42175052.85
2017-06-12,260.2502,267.4262,258.3366,260.7286,115399.0,30263875.5
2017-06-13,260.298,265.7039,260.298,263.6468,90174.0,23776594.0
2017-06-14,265.0342,267.5697,261.6854,264.3166,84826.0,22385348.5
2017-06-15,264.2687,266.8521,261.207,262.0681,79719.0,21044861.9
2017-06-16,261.207,264.4601,256.423,261.1591,109437.0,28592301.35
2017-06-19,263.0249,264.9385,260.1545,260.7764,69720.0,18265809.15
2017-06-20,261.207,262.5943,251.6389,254.0309,163797.0,41927246.25
2017-06-21,253.6004,258.3366,252.1173,252.5479,133952.0,34138001.75
2017-06-22,254.318,258.3366,251.7346,252.3565,90695.0,23066491.95
2017-06-23,253.2655,254.0309,245.8981,247.9553,160830.0,39937384.45
2017-06-27,248.2901,250.6821,245.8981,246.7592,85173.0,21114731.1
2017-06-28,245.8981,250.9213,244.7021,249.0556,110067.0,27251543.5
2017-06-29,250.2037,261.5418,249.7253,251.8303,297761.0,76421801.75
2017-06-30,252.0217,257.4276,249.7253,255.5618,149647.0,38016565.8
2017-07-03,256.4708,260.2502,251.5433,254.1266,134992.0,34571617.55
2017-07-04,255.2748,256.9492,251.6389,253.8874,80811.0,20519039.95
2017-07-05,252.8349,261.6375,252.8349,260.011,168792.0,43605764.95
2017-07-06,261.8289,287.0406,260.3458,273.167,1169431.0,323186790.1
2017-07-07,273.3583,278.6208,266.278,268.0481,262521.0,71460911.15
2017-07-10,269.3398,276.9942,268.4787,272.4972,49633.0,13550219.65
2017-07-11,272.5929,276.4201,262.7378,265.9431,127734.0,34549263.9
2017-07-12,267.9046,274.1238,267.0435,268.4787,146252.0,39586602.5
2017-07-13,268.9571,273.2148,268.9571,270.0095,95599.0,25879212.25
2017-07-14,270.2966,271.1577,263.2162,264.6514,73702.0,19562205.25
2017-07-17,265.3212,266.5172,259.5326,261.781,65577.0,17212451.5
2017-07-18,260.1545,265.6083,258.3366,260.4415,63142.0,16538007.85
2017-07-19,262.1159,263.5511,261.3026,261.6375,48549.0,12731611.5
2017-07-20,263.1206,267.9046,260.2023,261.3026,82807.0,21813169.85
2017-07-21,262.5465,263.5511,260.2502,260.8242,56254.0,14693153.35
2017-07-24,262.0681,265.0342,253.6482,260.9199,80790.0,21121854.85
2017-07-25,261.9724,273.454,261.2548,268.0481,249343.0,67146459.8
2017-07-26,266.5172,277.4726,266.5172,271.3969,173051.0,47206282.15
2017-07-27,272.4015,275.559,265.8475,273.7411,154631.0,41922988.2
2017-07-28,271.8753,296.513,270.775,285.9403,1054714.0,302940194.8
2017-07-31,288.9064,302.8279,286.0838,300.8664,806342.0,239546178.7
2017-08-01,301.584,303.3063,293.7861,295.4126,230312.0,68596453.25
2017-08-02,294.0253,309.8125,291.8246,301.4405,555365.0,168004684.7
2017-08-03,301.1056,306.368,294.695,295.5083,190450.0,56883961.25
2017-08-04,294.695,296.513,283.9788,287.7104,161489.0,46844699.0
2017-08-07,286.0838,287.9974,279.3862,280.4865,113959.0,32160475.95
2017-08-08,282.2088,290.82,273.5975,279.7211,262395.0,74047996.45
2017-08-09,280.2473,286.0838,271.7318,275.2241,171027.0,47797414.0
2017-08-10,271.7318,274.6022,220.208,235.8995,604966.0,146215180.35
2017-08-11,237.6218,257.3798,220.0645,254.5572,532690.0,131322462.45
2017-08-14,258.2409,273.6454,257.9538,269.1006,219452.0,57998150.0
2017-08-16,273.6454,281.2998,272.2102,277.664,161559.0,44810906.35
2017-08-17,279.3862,286.323,278.7643,280.9171,145527.0,41093805.4
2017-08-18,277.1377,286.0838,274.4587,283.7396,153938.0,43328232.8
2017-08-21,287.0406,293.7382,286.0838,287.2798,271725.0,78724724.45
2017-08-22,289.2413,295.0778,283.2134,286.7057,114492.0,32974734.4
2017-08-23,287.9974,291.9681,284.0745,285.4619,94108.0,27014576.15
2017-08-24,286.3709,288.715,276.5158,282.2088,141948.0,40280542.3
2017-08-28,290.9157,300.9142,287.0406,287.6147,447444.0,131216069.8
2017-08-29,287.0406,290.82,283.7875,288.0931,202137.0,58344833.1
2017-08-30,290.4851,306.081,288.4758,302.3973,613785.0,183655993.55
2017-08-31,305.2199,356.648,300.9142,352.2945,2544830.0,853626753.8
2017-09-01,358.8008,369.0386,349.2328,352.2467,1133788.0,407129728.65
2017-09-04,351.9118,378.8936,349.2328,370.4259,1698380.0,624538104.65
2017-09-05,373.2006,383.4863,368.608,374.5402,1126126.0,424006608.9
2017-09-06,372.6266,380.0896,365.5462,367.9861,504860.0,188300145.85
2017-09-07,365.9768,371.3349,354.0168,357.3177,431354.0,155628279.6
2017-09-08,358.8965,367.0293,352.5337,361.432,451629.0,162822588.5
2017-09-11,364.6851,367.7947,358.8008,360.523,227161.0,82319730.8
2017-09-12,363.7761,367.6033,354.9736,357.844,250037.0,90155804.25
2017-09-13,354.1124,361.6712,350.668,351.6726,203946.0,72358042.55
2017-09-14,353.06,409.1764,352.6294,402.0961,3221465.0,1268365516.55
2017-09-15,400.8044,423.3849,388.4616,404.2489,1810203.0,743941334.75
2017-09-18,406.6409,431.422,393.3413,415.1564,1295399.0,541662772.15
2017-09-19,417.7876,429.03,408.698,411.999,593785.0,248144730.55
2017-09-20,413.3385,426.7337,407.215,409.4634,477925.0,199448250.35
2017-09-21,411.4249,418.1225,387.5527,403.2921,650540.0,261522842.0
2017-09-22,399.9433,400.9001,373.1528,376.0232,613851.0,237481395.35
2017-09-25,376.0232,376.8365,354.1124,363.1542,518538.0,188256359.8
2017-09-26,364.5416,381.477,359.7576,369.0864,582207.0,216450849.7
2017-09-27,373.1528,378.0803,346.171,352.0075,623817.0,225769127.55
2017-09-28,356.9828,359.6619,345.1663,346.6494,575536.0,201598275.75
2017-09-29,349.7112,358.6573,347.367,348.7065,477053.0,168211168.5
2017-10-03,354.7344,356.3131,336.7943,338.0382,386475.0,133496326.35
2017-10-04,339.6647,374.588,336.2202,354.8779,1109246.0,399105811.6
2017-10-05,358.1788,370.2824,355.2606,366.5987,466885.0,169962126.65
2017-10-06,369.1821,382.7208,368.895,379.7547,573909.0,216222243.45
2017-10-09,381.764,415.2999,381.764,410.2289,1427129.0,573456921.4
2017-10-10,417.1657,429.1257,413.3385,419.175,705812.0,296559272.65
2017-10-11,421.9497,456.2511,416.2089,434.9144,1988632.0,870762907.25
2017-10-12,441.0857,452.376,432.044,448.3096,820769.0,365181129.1
2017-10-13,450.5581,457.7341,442.0425,445.8698,612203.0,274935268.15
2017-10-16,449.4578,451.5149,432.044,436.8758,330632.0,145658269.95
2017-10-17,438.5024,447.7834,429.1257,441.612,525601.0,231608476.0
2017-10-18,441.6598,442.9037,431.135,433.6705,323218.0,141002327.75
2017-10-19,435.3449,437.2107,425.7769,430.848,122713.0,53123494.75
2017-10-23,433.8141,447.6398,433.8141,443.3821,334319.0,147856950.0
2017-10-24,445.8698,495.6235,445.8698,486.7252,2166211.0,1037331307.4
2017-10-25,501.6513,503.6606,473.7605,479.8362,766179.0,374039390.65
2017-10-26,480.219,499.4507,471.4164,485.7684,779164.0,379963643.1
2017-10-27,486.1511,502.2254,480.3625,483.8548,646969.0,316789967.8
2017-10-30,487.969,511.7934,487.969,504.6174,837879.0,419750927.75
2017-10-31,516.6731,580.6832,511.2193,571.6892,2736285.0,1513962055.1
2017-11-01,580.2048,595.992,556.9545,571.0673,1446719.0,837782091.2
2017-11-02,569.967,584.6061,560.1598,569.058,705041.0,402997596.85
2017-11-03,571.0195,596.7574,564.5132,579.822,1552392.0,902708153.05
2017-11-06,578.3868,592.9302,571.2108,579.822,745414.0,433932793.45
2017-11-07,580.3483,591.1123,542.5068,556.9545,874115.0,497406291.55
2017-11-08,560.6382,568.9623,526.289,540.4975,596853.0,327123464.05
2017-11-09,545.3772,562.5996,535.8092,554.6582,543084.0,298932071.95
2017-11-10,557.3372,562.5039,542.5546,555.902,470841.0,261099719.75
2017-11-13,559.7292,560.8295,543.4636,546.0948,309828.0,170685153.0
2017-11-14,548.1997,551.9791,508.0619,521.0744,575591.0,303920241.8
2017-11-15,521.0744,522.2704,480.4582,487.682,619399.0,307431452.85
2017-11-16,492.3703,514.1376,490.6003,509.7363,446444.0,225306409.9
2017-11-17,517.1037,542.5068,517.1037,533.5128,568005.0,302328424.05
2017-11-20,538.1533,545.3772,528.6331,541.0237,345585.0,185750676.2
2017-11-21,545.4729,561.595,545.3772,549.4914,382019.0,211664332.95
2017-11-22,552.9359,563.5564,531.9819,551.7877,431835.0,237110496.0
2017-11-23,555.3758,557.8156,540.5453,551.5964,313167.0,172497296.1
2017-11-24,550.3525,581.8792,548.726,566.2833,839457.0,476702597.4
2017-11-27,567.0966,576.6646,543.5592,554.6582,467039.0,263197206.05
2017-11-28,543.4636,549.2044,519.1608,532.3647,611901.0,326931050.55
2017-11-29,533.8955,542.5068,520.5003,524.7102,324660.0,173152138.8
2017-11-30,516.8645,533.5607,516.6731,522.9402,302576.0,158821401.65
2017-12-01,527.3893,549.1087,527.3893,533.8477,488890.0,263987684.55
2017-12-04,536.4789,543.4157,517.4386,520.4046,209787.0,111126727.3
2017-12-05,520.4046,520.4046,500.551,504.8088,309752.0,157436764.0
2017-12-06,502.0819,511.6499,494.9059,499.6899,294334.0,148122409.35
2017-12-07,502.4168,528.1547,502.4168,525.4278,451065.0,233252011.15
2017-12-08,529.0637,542.746,519.113,535.9048,438462.0,234314342.2
2017-12-11,536.766,547.0994,536.766,540.641,203256.0,110009839.25
2017-12-12,540.5932,542.3154,522.3661,525.6192,229491.0,121813857.7
2017-12-13,528.0112,530.8338,511.3629,515.1422,210589.0,109872069.95
2017-12-14,508.1097,521.1701,497.7763,503.5649,238412.0,120901696.0
2017-12-15,510.9323,520.5003,500.4075,502.7516,269438.0,137502321.7
2017-12-18,502.3211,511.8891,469.9333,498.2547,362685.0,180903415.0
2017-12-19,502.1297,511.3629,490.8395,492.7052,315547.0,157254895.65
2017-12-20,494.3796,501.2686,488.0647,490.2654,338724.0,167082506.85
2017-12-21,493.6142,511.6977,491.9876,505.5742,651152.0,328341578.45
2017-12-22,507.0094,518.5867,501.3643,504.139,404963.0,206175020.55
2017-12-26,504.6174,511.8891,496.3889,500.3118,243394.0,122867689.95
2017-12-27,501.3643,504.5217,488.9259,491.9398,261634.0,129746220.35
2017-12-28,494.6667,500.8859,484.1418,487.5863,347883.0,171106378.05
2017-12-29,488.9259,494.0447,476.4874,482.2282,417860.0,202416403.85
2018-01-01,483.3764,493.2315,481.5106,485.8162,193791.0,94409606.0
2018-01-02,490.8395,492.5617,482.0847,485.3378,206130.0,100333198.0
2018-01-03,487.0601,526.2411,485.577,522.2704,1048702.0,534579687.5
2018-01-04,526.0498,561.6428,525.2365,550.9266,1591111.0,865518233.2
2018-01-05,555.5193,562.4561,539.1101,546.8602,603299.0,332717972.05
2018-01-08,550.8788,566.2355,547.5778,557.6721,634064.0,353290622.85
2018-01-09,559.4422,575.8513,550.3047,571.2587,922086.0,521576836.55
2018-01-10,572.1676,583.5536,557.3372,579.9177,830897.0,476110954.25
2018-01-11,583.3622,642.6839,581.8313,616.037,2774942.0,1720041259.15
2018-01-12,621.9213,635.0295,598.0013,610.2484,918661.0,568709943.55
2018-01-15,617.0895,645.8414,617.0895,629.0017,1018176.0,644306058.15
2018-01-16,633.403,638.3783,600.1062,611.0616,807319.0,497899977.7
2018-01-17,604.2205,610.3919,579.822,595.8963,495349.0,293798822.35
2018-01-18,601.6371,608.5261,540.5932,557.4329,506825.0,293565625.55
2018-01-19,558.7724,581.6878,558.7724,570.3019,474157.0,270224954.3
2018-01-22,572.9809,615.5108,570.5889,608.861,797648.0,475547485.55
2018-01-23,615.6543,627.6621,593.2173,599.8192,664062.0,407056734.4
2018-01-24,592.2605,594.1741,576.4732,581.9748,319845.0,186857660.1
2018-01-25,577.9084,603.6464,577.9084,582.5489,308505.0,181503726.2
2018-01-29,588.1462,593.3608,561.6428,567.3836,240938.0,138861781.5
2018-01-30,561.9298,566.8574,544.0855,550.5439,226507.0,125515395.0
2018-01-31,551.405,561.7863,537.7228,544.7074,235755.0,129566811.9
2018-02-01,545.3772,549.9698,518.6824,539.6842,267066.0,143626521.75
2018-02-02,526.3368,534.8045,490.6959,499.7377,435880.0,222906163.9
2018-02-05,477.4442,507.1051,460.5567,499.5942,399760.0,195609609.1
2018-02-06,468.833,496.5803,459.3607,483.8548,406032.0,194827549.05
2018-02-07,494.6667,505.1915,486.5817,490.3611,296732.0,146733114.1
2018-02-08,494.0926,521.6485,492.8009,516.0512,411393.0,210503113.85
2018-02-09,506.1483,523.8013,494.0447,513.3243,310710.0,158836113.5
2018-02-12,518.2997,551.0701,517.9648,536.2397,452306.0,243124109.65
2018-02-14,514.7595,523.0837,497.0587,507.0572,585587.0,300204037.55
2018-02-15,516.6731,521.2658,500.4075,505.335,223248.0,113942642.45
2018-02-16,509.9755,512.8459,488.1604,491.0787,269078.0,133225389.6
2018-02-19,487.969,501.3643,483.185,487.1558,253460.0,124334328.85
2018-02-20,489.8827,498.4939,488.1126,491.0308,144464.0,71144676.25
2018-02-21,493.8055,496.4846,488.0169,491.0308,161985.0,79620864.7
2018-02-22,488.4474,500.7424,486.3903,491.6049,188697.0,93081378.3
2018-02-23,492.9923,506.818,492.9923,497.7763,217125.0,108524211.1
2018-02-26,502.2732,506.0526,494.2839,497.1543,172075.0,86022519.9
2018-02-27,499.4507,501.3643,489.8827,492.6574,117760.0,58103247.35
2018-02-28,487.969,494.6188,485.1943,488.2082,121547.0,59382141.25
2018-03-01,488.0647,496.6759,488.0169,490.8873,123780.0,60863364.65
2018-03-05,489.8348,489.8348,478.9273,483.5199,93809.0,45325124.35
2018-03-06,487.2993,491.2222,457.3035,461.9919,188758.0,89203571.45
2018-03-07,457.4471,458.4517,423.5284,428.2646,482947.0,210946938.3
2018-03-08,433.4313,437.2585,400.1825,420.3231,448335.0,186328261.5
2018-03-09,424.5331,438.2153,413.3863,424.6766,274822.0,117996617.55
2018-03-12,432.2353,443.9562,428.8865,439.7462,285906.0,125145670.4
2018-03-13,439.1721,449.6013,433.527,445.3435,230263.0,102023543.65
2018-03-14,441.9469,445.8698,436.5888,442.808,131622.0,58066102.2
2018-03-15,444.3389,466.9194,441.5641,462.9487,316159.0,143888251.45
2018-03-16,465.0058,481.2714,463.14,473.5213,373643.0,176965552.75
2018-03-19,477.9226,477.9226,450.6538,452.376,161497.0,74206733.85
2018-03-20,443.9562,454.1939,433.1443,435.9669,193482.0,85458254.7
2018-03-21,440.1289,454.2896,436.2061,440.9901,228524.0,101708382.4
2018-03-22,442.9037,445.8219,426.4467,428.6952,130120.0,56598572.8
2018-03-23,416.2089,416.3046,398.0297,404.0097,361546.0,146314464.8
2018-03-26,399.9433,409.0329,389.4184,399.0343,332604.0,132587850.25
2018-03-27,403.2921,416.8787,403.2921,407.9326,209656.0,86053730.35
2018-03-28,405.3492,409.7505,397.1685,400.1346,152261.0,61453070.7
2018-04-02,404.6316,422.9065,404.6316,419.6534,251979.0,104963342.95
2018-04-03,417.5963,446.683,414.5823,433.0965,256953.0,109644480.85
2018-04-04,444.4346,455.4378,431.5177,437.1629,308559.0,137240767.25
2018-04-05,446.683,452.5195,442.0425,447.2571,187662.0,83873307.1
2018-04-06,447.7834,452.5674,440.4638,447.6877,120464.0,53763506.35
2018-04-09,448.4531,451.6106,442.0425,444.4824,96945.0,43211731.95
2018-04-10,446.8266,465.0058,445.1043,454.5767,297793.0,136067084.9
2018-04-11,456.2989,456.3946,444.3389,446.6352,123416.0,55336150.95
2018-04-12,445.3914,455.8205,443.4778,444.6738,168383.0,75668179.9
2018-04-13,445.8698,445.8698,433.0486,442.6166,151004.0,66593617.1
2018-04-16,435.3449,441.899,431.5177,435.1057,137028.0,59634144.4
2018-04-17,436.3017,448.501,435.919,438.1197,206055.0,90928321.7
2018-04-18,441.5163,442.4253,423.05,425.9683,187853.0,81159477.65
2018-04-19,428.1211,429.6041,410.4681,414.8215,145565.0,60956258.0
2018-04-20,415.7305,432.4267,409.5591,422.0454,234847.0,99131567.15
2018-04-23,420.8972,427.6905,416.2089,419.1271,135259.0,56973572.85
2018-04-24,420.9451,428.5516,411.9033,413.8647,167499.0,70157613.15
2018-04-25,416.2089,419.7491,405.6841,407.6455,131698.0,54198087.35
2018-04-26,408.0761,411.999,391.8583,398.6516,148934.0,59662781.95
2018-04-27,401.8569,410.9465,398.5559,402.1917,149936.0,60644733.95
2018-04-30,402.9093,409.2721,388.5095,391.332,187982.0,74703984.55
2018-05-02,393.2456,413.0514,389.4184,395.7333,370743.0,148845524.05
2018-05-03,396.9772,399.3692,391.6669,394.2503,122802.0,48480122.2
2018-05-04,392.4324,403.2921,392.4324,395.1114,103792.0,41312713.85
2018-05-07,396.1161,399.9433,388.7487,391.332,120308.0,47377018.7
2018-05-08,392.5759,407.4063,392.4802,400.2781,205371.0,82382235.1
2018-05-09,398.5559,406.8322,394.346,397.1207,142920.0,57293247.8
2018-05-10,396.1161,405.6841,395.1592,398.1732,124764.0,49981287.05
2018-05-11,399.0821,404.9665,395.1592,401.7612,174375.0,69939812.75
2018-05-14,403.2921,430.3696,401.8569,408.6502,421057.0,174873611.9
2018-05-15,411.4249,420.2275,397.1207,403.7705,231405.0,94933010.6
2018-05-16,400.9001,417.1657,400.9001,413.9126,235653.0,96822002.15
2018-05-17,418.6009,426.0161,412.4774,420.0361,222218.0,93077811.15
2018-05-18,420.8015,424.5331,411.9033,414.4388,119252.0,49744287.95
2018-05-21,413.3385,415.2043,406.2582,410.5638,224845.0,92346909.45
2018-05-22,407.6455,438.2153,406.6409,433.9576,310132.0,132100822.15
2018-05-23,436.2539,449.3142,431.5177,435.2014,267570.0,117962018.05
2018-05-24,437.7369,438.9808,428.6473,430.4652,92223.0,39837988.0
2018-05-25,430.8958,444.3389,430.8958,441.1814,125452.0,55177229.2
2018-05-28,442.1382,529.3986,442.1382,521.5528,1490264.0,740607593.95
2018-05-29,521.8877,527.8677,494.2361,502.034,1070468.0,547722603.55
2018-05-30,494.6188,551.3093,492.8009,530.4989,1449087.0,773382674.3
2018-05-31,531.0251,535.857,510.9323,514.1376,384768.0,201841599.1
2018-06-01,516.6731,522.4139,490.3611,494.4275,353614.0,178232832.55
2018-06-04,492.9444,502.3211,474.7173,478.401,332325.0,160927898.8
2018-06-05,478.2097,478.2097,459.265,459.8391,301641.0,139952071.95
2018-06-06,459.3607,490.7438,459.265,480.5538,431365.0,206713673.05
2018-06-07,484.9551,504.2347,483.3286,494.9537,335550.0,166550778.15
2018-06-08,492.5617,495.5278,484.1897,487.8734,174463.0,85328039.7
2018-06-11,488.8302,497.5371,480.3146,484.8116,170207.0,83501542.55
2018-06-12,483.1372,486.3903,471.2729,474.9565,131142.0,62689753.55
2018-06-13,475.4349,498.9723,472.9473,487.7298,312283.0,152940248.6
2018-06-14,485.7684,492.0833,480.3146,483.6634,132662.0,64285967.0
2018-06-15,483.9026,491.7963,475.6263,479.9798,127866.0,61924998.55
2018-06-18,479.4057,483.185,473.617,474.6695,76058.0,36291481.15
2018-06-19,470.7466,474.4303,461.2743,465.6277,102756.0,47963137.05
2018-06-20,468.4981,474.1911,460.461,466.728,105818.0,49359051.65
2018-06-21,466.5367,470.1725,455.4856,458.2603,91957.0,42453573.8
2018-06-22,454.481,459.8391,447.9269,452.5195,77613.0,35123472.65
2018-06-25,452.4239,494.6667,451.5627,482.0369,717663.0,346782903.45
2018-06-26,479.597,492.6574,470.3639,475.0044,265698.0,128084015.65
2018-06-27,477.8748,486.0554,453.8591,459.265,193180.0,90432489.8
2018-06-28,459.265,466.6324,442.0425,459.7912,250655.0,114124208.45
2018-06-29,463.3792,474.3825,459.8391,463.4271,131717.0,61434429.4
2018-07-02,463.5706,466.8237,459.265,460.0304,114146.0,52579107.65
2018-07-03,480.219,552.0269,480.219,552.0269,1346116.0,724863280.45
2018-07-04,645.8414,652.8739,588.9595,614.841,2821337.0,1742192186.25
2018-07-05,605.6557,613.3101,585.5629,599.0059,899324.0,539439476.4
2018-07-06,569.5364,585.5629,569.058,569.058,213726.0,122236412.1
2018-07-09,553.4621,595.9442,540.641,584.8931,725652.0,415229127.9
2018-07-10,590.1555,601.9242,574.0812,586.3761,277728.0,164410827.9
2018-07-11,584.6061,591.9256,565.5657,570.254,152692.0,88255249.4
2018-07-12,575.9948,580.7788,542.0284,545.7599,163194.0,90948562.6
2018-07-13,549.2044,551.1658,521.792,529.4464,174398.0,93559712.8
2018-07-16,533.8955,533.8955,502.9908,502.9908,156696.0,79985291.4
2018-07-17,489.8827,528.1069,489.8827,528.1069,107205.0,55190898.25
2018-07-18,537.7228,552.0748,517.6299,539.158,302622.0,162925354.85
2018-07-19,540.0669,541.4543,512.8937,516.2904,116374.0,60934803.15
2018-07-20,512.8459,540.4975,512.7981,522.2704,212939.0,112683344.8
2018-07-23,526.2411,530.8816,497.5371,516.5296,68355.0,35563027.4
2018-07-24,520.5003,540.5932,518.6824,524.8059,185381.0,97747175.9
2018-07-25,530.9295,532.9387,511.9848,517.6778,90750.0,47324548.65
2018-07-26,521.3614,526.0498,510.2147,512.224,78247.0,40332010.95
2018-07-27,512.9894,524.3275,512.7981,517.1994,112705.0,58457767.9
2018-07-30,526.2411,530.0683,518.204,522.5096,85425.0,44659450.05
2018-07-31,524.3275,530.5467,513.0373,519.0173,89921.0,46896661.5
2018-08-01,518.9216,526.1455,508.1576,512.224,88684.0,45708611.95
2018-08-02,512.8459,537.8184,507.1051,528.4418,380675.0,200758980.65
2018-08-03,529.1115,554.8495,526.6239,549.9698,231609.0,126187120.75
2018-08-06,553.4143,563.365,548.4389,557.6721,183176.0,102142461.2
2018-08-07,559.0594,559.7292,535.9048,540.354,108639.0,59304232.65
2018-08-08,541.55,544.1333,529.2072,531.5992,89604.0,48049021.6
2018-08-09,533.5128,558.1505,526.2411,556.0455,257434.0,141031359.75
2018-08-10,562.4082,570.1105,528.2504,531.073,319022.0,175402320.0
2018-08-13,525.9541,542.9852,512.8459,522.1747,157242.0,82859029.1
2018-08-14,523.3707,533.752,512.0805,526.4325,135544.0,70911803.4
2018-08-16,526.3847,533.7999,521.6485,526.9109,83053.0,43787251.15
2018-08-17,529.9727,533.6085,516.6731,520.8352,71216.0,37320332.45
2018-08-20,521.4571,526.0019,515.8598,520.309,64534.0,33569411.25
2018-08-21,521.3614,535.8092,514.7595,527.2458,157647.0,83043625.75
2018-08-23,529.877,539.6364,523.4664,526.2411,102492.0,54279365.55
2018-08-24,524.5189,535.7613,523.4664,527.4371,99082.0,52387806.8
2018-08-27,530.9295,534.5175,525.7627,526.4803,61730.0,32590541.4
2018-08-28,526.4803,545.3772,525.2843,536.144,245298.0,131394480.6
2018-08-29,536.766,541.55,531.36,534.4696,75205.0,40354828.15
2018-08-30,534.4696,549.9698,531.0251,536.2876,109295.0,58847070.6
2018-08-31,539.9234,547.2908,537.1965,541.6935,131647.0,71413303.3
2018-09-03,554.9452,568.771,548.1997,556.3804,357240.0,200455366.55
2018-09-04,554.8495,561.4036,528.5853,539.732,133816.0,73209875.75
2018-09-05,538.6796,541.5021,526.576,536.4789,95157.0,50811704.5
2018-09-06,539.5885,546.2383,532.9866,538.3447,91269.0,49201411.4
2018-09-07,538.6317,538.6317,526.2411,528.0112,103962.0,54976580.1
2018-09-10,525.2843,537.6749,525.2365,530.2119,92917.0,49230362.4
2018-09-11,532.8431,538.0098,525.7627,526.9109,101404.0,53797140.05
2018-09-12,527.2458,535.7613,525.093,532.1255,102217.0,54196572.2
2018-09-14,533.8477,534.8523,526.2411,526.9109,120652.0,63815765.55
2018-09-17,528.1547,540.0669,526.2411,527.3415,116368.0,61854796.3
2018-09-18,528.2026,531.8384,521.9834,525.8106,67986.0,35790226.1
2018-09-19,522.8923,528.5853,521.4571,525.9062,113648.0,59697956.25
2018-09-21,526.8152,537.7228,499.6899,532.4603,333035.0,174982890.6
2018-09-24,532.4603,532.4603,511.8891,518.204,156736.0,81355765.3
2018-09-25,518.204,527.1979,518.204,526.3847,190817.0,100117184.15
2018-09-26,527.9155,530.9295,521.4571,525.5235,83225.0,43760933.45
2018-09-27,527.1979,529.9727,499.2593,505.9091,95608.0,48368521.05
2018-09-28,506.0526,509.0187,480.6495,481.2714,134765.0,65740061.85
2018-10-01,480.793,480.793,457.2079,457.7819,117499.0,54131744.6
2018-10-03,447.3528,459.265,435.3449,438.8373,96646.0,43002149.7
2018-10-04,417.2614,447.7834,416.9265,442.5688,94896.0,40688048.8
2018-10-05,432.8572,442.3296,420.4667,420.658,52795.0,22477475.55
2018-10-08,419.2228,419.2228,399.6562,399.6562,48057.0,19500166.25
2018-10-09,392.2888,416.2089,382.0989,384.9693,96514.0,37504738.15
2018-10-10,385.3042,404.201,382.7208,404.201,46666.0,18574277.65
2018-10-11,384.0125,407.1193,384.0125,393.8676,152436.0,59688921.55
2018-10-12,397.1685,413.5298,397.1685,413.5298,54609.0,22293066.95
2018-10-15,420.8972,429.6041,413.8647,416.7351,60199.0,25402602.05
2018-10-16,417.2135,437.4977,417.2135,425.8248,84641.0,36306948.45
2018-10-17,428.456,434.0533,404.5359,405.5406,78014.0,32424133.1
2018-10-19,408.4588,408.4588,387.0743,388.3181,58261.0,22806966.0
2018-10-22,399.9433,401.7612,380.3288,381.5248,66766.0,25745226.9
2018-10-23,381.5727,387.5048,373.2485,383.5341,62663.0,23720102.15
2018-10-24,384.6344,392.2888,377.9368,381.6683,33844.0,13037041.6
2018-10-25,369.3256,379.4677,369.3256,372.0046,30570.0,11387464.7
2018-10-26,372.196,390.5666,366.4552,378.6066,82741.0,31907821.35
2018-10-29,397.5034,397.5034,388.2224,397.5034,80230.0,31789799.5
2018-10-30,411.377,437.2107,410.4681,437.2107,234739.0,101535683.85
2018-10-31,440.8944,457.0643,432.5702,442.3296,127581.0,56809416.8
2018-11-01,445.2957,467.7805,432.6659,449.2186,108886.0,49095612.15
2018-11-02,453.5242,465.9626,453.4285,459.5042,96131.0,44135251.05
2018-11-05,459.265,465.9626,450.6538,460.5088,49359.0,22664574.35
2018-11-06,462.4224,464.2404,446.9222,452.4717,34999.0,15909068.3
2018-11-07,457.3514,463.0922,451.7063,460.2696,20669.0,9491787.8
2018-11-09,460.2696,481.6542,457.0643,475.1957,82287.0,39026138.7
2018-11-12,474.4781,486.2946,451.7541,471.6556,108308.0,51158717.3
2018-11-13,480.3146,518.5867,479.3578,508.636,420288.0,212921516.75
2018-11-14,513.707,513.707,492.7531,495.4321,73799.0,36973729.5
2018-11-15,494.6667,494.6667,479.2143,482.9937,52117.0,25350790.3
2018-11-16,482.2282,487.8255,468.1154,471.0337,58889.0,28038890.65
2018-11-19,472.6602,491.7963,461.1786,474.9087,119814.0,57317383.55
2018-11-20,474.9087,482.1804,459.265,460.9872,68558.0,32075511.35
2018-11-21,463.9533,471.0337,455.4378,459.552,90622.0,41873050.3
2018-11-22,461.1786,463.8576,454.481,456.5859,50846.0,23357070.7
2018-11-26,463.9533,465.8669,458.3082,459.3607,58683.0,26997382.4
2018-11-27,459.265,466.728,453.572,459.4085,59911.0,27512567.55
2018-11-28,462.0397,464.0012,456.873,458.5474,65239.0,29969223.5
2018-11-29,460.2696,464.049,456.3946,458.4995,47772.0,21943907.55
2018-11-30,459.2171,464.049,457.4471,459.265,24329.0,11178105.1
2018-12-03,460.3175,466.9194,458.356,460.0783,26580.0,12236576.65
2018-12-04,458.2603,482.5153,458.069,474.3825,67117.0,31695073.95
2018-12-05,471.7034,474.526,464.1447,468.4981,30140.0,14142709.6
2018-12-06,461.4656,468.9765,458.7866,460.2696,32336.0,14889646.25
2018-12-07,463.0922,468.4981,458.6909,459.265,42553.0,19592022.75
2018-12-10,458.069,458.069,440.1289,440.3681,56121.0,24781772.6
2018-12-11,435.4406,445.0086,435.4406,440.2246,83698.0,36860747.85
2018-12-12,442.9037,452.0411,440.2725,444.4824,58368.0,25972358.05
2018-12-13,444.8173,466.9672,438.7416,445.2478,102247.0,45983143.7
2018-12-14,446.7787,450.1275,439.1721,441.4685,32857.0,14575244.2
2018-12-17,442.0425,445.6306,436.3017,438.5981,36324.0,15987501.05
2018-12-18,436.3496,456.9687,434.0533,444.3389,57901.0,25819665.2
2018-12-19,446.396,457.3514,442.9994,450.4624,53342.0,24094773.5
2018-12-20,450.4624,452.5195,445.0086,447.592,24725.0,11075464.35
2018-12-21,444.6738,448.7402,437.0672,439.1243,38844.0,17114828.45
2018-12-24,439.8897,442.1861,432.4745,434.7709,25048.0,10948868.7
2018-12-26,432.618,433.0008,422.5716,427.4992,35427.0,15186620.5
2018-12-27,431.0393,436.7323,425.2985,428.0732,23850.0,10284905.65
2018-12-28,431.422,437.0672,426.2553,428.2168,24438.0,10512496.65
2018-12-31,430.5609,436.3017,427.7862,430.4652,26420.0,11401173.3
2019-01-01,430.848,436.4931,426.7816,433.7184,30342.0,13097103.4
2019-01-02,431.1828,434.6752,421.9497,424.6288,30299.0,12949317.15
2019-01-03,427.5948,427.6905,421.0886,423.7676,16780.0,7121796.75
2019-01-04,423.8633,425.8248,420.9929,421.4713,36126.0,15234752.85
2019-01-07,424.1504,431.5656,423.8633,426.4945,27705.0,11823595.1
2019-01-08,427.6427,432.044,420.9929,421.9497,28340.0,12033942.55
2019-01-09,427.6905,485.0986,426.7337,457.3514,1291391.0,604265062.95
2019-01-10,457.9255,462.8052,446.396,449.6013,189128.0,85768708.1
2019-01-11,449.697,460.2218,442.1382,444.4346,84847.0,38198352.35
2019-01-14,441.0857,447.3528,431.5177,434.8187,54309.0,23722241.7
2019-01-15,435.6798,444.913,435.0101,438.024,52024.0,22860303.5
2019-01-16,436.9715,440.1289,431.5177,432.7616,41159.0,17926776.3
2019-01-17,433.0486,443.4778,427.6427,429.4128,107907.0,47016460.15
2019-01-18,431.0393,432.1875,422.0932,423.2414,33757.0,14391558.25
2019-01-21,424.6288,428.6473,420.9929,421.854,44125.0,18648377.35
2019-01-22,420.9929,424.6288,420.9929,421.4235,46578.0,19637035.7
2019-01-23,422.763,430.1782,421.2799,424.246,38267.0,16308637.3
2019-01-24,425.7769,425.7769,420.9929,421.2321,65796.0,27719381.4
2019-01-25,421.9497,421.9497,399.6562,401.1393,74180.0,30159023.95
2019-01-28,401.1393,403.6748,382.7208,383.5341,75956.0,29357730.75
2019-01-29,382.7208,392.2888,382.7208,385.6391,44186.0,17060478.8
2019-01-30,387.4092,396.9772,385.2085,394.1068,40964.0,16066323.7
2019-01-31,396.3553,406.1146,384.0603,389.2749,46103.0,18152134.4
2019-02-01,391.332,395.3506,384.4909,386.6437,33417.0,13010491.35
2019-02-04,386.4523,391.045,370.2824,378.6544,43917.0,16733242.85
2019-02-05,382.7208,388.4138,375.0186,378.5109,35234.0,13427088.4
2019-02-06,375.3534,379.8026,363.5848,365.5462,49105.0,18155296.8
2019-02-07,366.4552,397.0729,366.4552,381.5248,89974.0,34565640.35
2019-02-08,381.477,391.7626,376.071,382.2424,50275.0,19343050.35
2019-02-11,377.9847,390.2317,370.8086,373.8226,33156.0,12611421.05
2019-02-12,373.6312,382.1467,368.4645,371.7176,35905.0,13439787.8
2019-02-13,368.608,378.8936,365.1157,373.9182,41973.0,15724081.95
2019-02-14,358.8008,372.5787,358.8008,367.3163,86283.0,31507848.75
2019-02-15,368.3688,368.3688,358.8008,363.4413,78396.0,28351527.2
2019-02-18,358.0832,368.7515,358.0832,362.5323,32005.0,11620700.9
2019-02-19,363.5848,366.4552,358.8008,361.7669,36435.0,13187796.05
2019-02-20,366.4552,368.9429,360.7144,362.3888,34560.0,12577988.4
2019-02-21,363.5848,373.679,362.3888,364.6851,42252.0,15489123.0
2019-02-22,365.4984,369.0386,361.0971,363.824,50928.0,18541845.2
2019-02-25,365.8811,377.4106,361.0971,367.8904,57972.0,21364379.45
2019-02-26,365.307,365.307,356.8872,359.3749,58504.0,21063843.85
2019-02-27,362.628,366.4552,358.8008,359.0878,74394.0,26828674.9
2019-02-28,361.2406,366.503,359.327,362.915,41524.0,15064976.9
2019-03-01,365.9768,386.5002,361.5755,384.1082,193927.0,72828349.8
2019-03-05,385.4955,449.697,384.156,436.3017,611944.0,264850697.15
2019-03-06,440.8944,461.1786,440.8944,445.2,197089.0,88664203.85
2019-03-07,447.2093,447.7355,423.4806,431.3264,104207.0,45329879.15
2019-03-08,430.226,447.6877,426.9729,430.1782,80028.0,34945161.05
2019-03-11,433.5749,437.1629,422.7151,425.4899,52707.0,22618893.45
2019-03-12,429.0779,443.4778,425.8248,430.5609,81332.0,35438177.15
2019-03-13,434.6752,466.9194,434.3881,445.6306,332651.0,151055515.65
2019-03-14,448.788,463.4271,446.9222,453.0936,134748.0,61196691.2
2019-03-15,455.7248,458.2125,432.044,438.7416,97294.0,43416162.45
2019-03-18,438.2153,448.5966,431.9004,439.507,87197.0,38431773.25
2019-03-19,441.0857,442.9994,432.3788,436.1104,39889.0,17436976.25
2019-03-20,438.2153,444.5781,433.1443,437.2107,41451.0,18151118.9
2019-03-22,437.1629,441.7555,432.4745,434.2925,43516.0,18989622.75
2019-03-25,432.4745,449.1229,424.3417,445.3435,85192.0,37287795.6
2019-03-26,450.1754,459.6477,450.1754,456.6816,142012.0,64707539.45
2019-03-27,459.265,464.4796,442.0425,450.7016,86730.0,39341276.75
2019-03-28,451.5627,454.768,446.9701,451.18,27292.0,12301591.05
2019-03-29,453.4285,477.4442,452.8544,474.0476,230556.0,108413633.1
2019-04-01,479.0229,536.4789,479.0229,517.295,828007.0,429401755.6
2019-04-02,519.6392,529.4464,505.3828,511.6021,148651.0,76591569.9
2019-04-03,509.9755,546.9081,508.0619,534.5175,408611.0,218959478.8
2019-04-04,536.8616,576.7603,536.8616,570.1105,516562.0,288531226.1
2019-04-05,578.5782,599.9149,577.43,582.9795,475609.0,279561605.35
2019-04-08,587.3808,595.6571,559.777,565.6135,395773.0,226576003.6
2019-04-09,568.6275,625.7485,562.5996,588.7681,1169910.0,703506152.8
2019-04-10,574.0812,588.2897,542.8416,548.6781,772587.0,436652294.25
2019-04-11,546.621,573.3158,546.621,551.2137,438840.0,245429579.75
2019-04-12,551.118,560.686,545.425,548.5825,163232.0,89976093.8
2019-04-15,551.118,558.1983,536.0005,546.7167,279611.0,153264374.0
2019-04-16,549.8741,557.7678,542.5546,547.9605,143050.0,78592924.4
2019-04-18,549.6828,549.6828,526.2411,533.2736,127953.0,68163126.55
2019-04-22,530.0683,533.5128,516.6731,521.6485,104902.0,55121605.1
2019-04-23,521.7442,526.2411,497.5371,501.4121,110491.0,56302757.45
2019-04-24,506.8659,538.6796,503.3257,527.4371,289012.0,152580020.0
2019-04-25,529.877,549.2044,522.7966,544.229,280057.0,151295376.0
2019-04-26,548.1519,561.1644,532.4603,536.3354,253969.0,139563632.35
2019-04-30,534.1347,537.1487,516.0033,518.1562,77077.0,40503448.45
2019-05-02,519.0651,531.0251,514.8073,517.008,83079.0,43366911.65
2019-05-03,516.9602,528.681,513.1329,521.5528,80683.0,42015917.9
2019-05-06,514.2811,533.8955,510.8845,519.2086,116411.0,61129639.8
2019-05-07,522.4139,525.2843,515.7163,517.1994,52800.0,27413963.7
2019-05-08,518.5867,520.9309,498.5896,501.1251,94089.0,47596199.05
2019-05-09,501.8427,508.8273,494.1883,499.1636,84450.0,42434164.85
2019-05-10,497.5849,506.0526,490.3611,494.3318,66390.0,33052604.3
2019-05-13,489.787,504.2347,488.9259,493.2793,65584.0,32608881.1
2019-05-14,491.3179,498.8766,484.1418,492.6095,70190.0,34518308.85
2019-05-15,493.6142,501.9384,483.185,483.6156,70386.0,34497627.85
2019-05-16,484.6202,490.3611,483.185,485.5292,91815.0,44520289.0
2019-05-17,487.8734,499.4507,487.0122,495.4799,94329.0,46620129.1
2019-05-20,507.1051,511.8891,497.5371,500.8859,98400.0,49675691.2
2019-05-21,505.8612,507.2008,487.0601,490.983,65198.0,32282759.95
2019-05-22,490.983,507.3921,487.969,496.1019,72342.0,35860081.25
2019-05-23,500.5988,507.5835,488.4474,490.9351,40185.0,19972471.5
2019-05-24,493.5663,508.0141,493.5663,504.8088,98391.0,49435661.45
2019-05-27,509.0187,547.9127,507.3921,537.5314,251681.0,134483744.95
2019-05-28,540.4975,554.9452,533.8955,542.6024,138796.0,75510060.75
2019-05-29,547.0037,584.6061,545.4729,566.9531,822986.0,468382908.65
2019-05-30,562.1212,568.8188,505.6699,545.0423,380798.0,209608931.5
2019-05-31,549.5871,552.2183,513.3721,517.3907,163663.0,86410312.0
2019-06-03,520.1176,523.275,507.2008,515.3336,116176.0,60040153.0
2019-06-04,510.3104,518.1083,508.0619,509.4971,46543.0,23825929.4
2019-06-06,509.1622,509.9755,492.8487,495.5278,62576.0,31219843.7
2019-06-07,492.8487,499.9291,487.0122,488.6388,71660.0,35268613.9
2019-06-10,491.7006,499.2593,483.185,493.1358,149378.0,72785806.7
2019-06-11,494.6667,511.5064,494.6667,505.8134,116468.0,59017636.2
2019-06-12,508.0619,510.3582,493.8534,497.1065,50354.0,25154694.2
2019-06-13,497.1065,498.7331,485.0986,490.7916,54339.0,26607088.0
2019-06-14,490.7916,499.9291,483.7113,485.29,59559.0,29257352.55
2019-06-17,487.969,491.5092,483.185,483.3764,63467.0,30756667.55
2019-06-18,483.185,491.5092,483.185,483.4242,58551.0,28373670.0
2019-06-19,486.8687,496.3889,483.185,490.6959,139676.0,68144856.45
2019-06-20,490.6481,497.5371,488.1604,489.2607,36742.0,18048944.85
2019-06-21,489.8827,494.571,487.969,489.5478,51830.0,25380478.65
2019-06-24,489.5478,494.1883,487.969,488.0169,75507.0,36937612.25
2019-06-25,488.0647,491.4135,487.969,488.0647,49589.0,24225156.55
2019-06-26,488.2561,493.5663,487.969,488.0647,52029.0,25419642.3
2019-06-27,488.2561,507.1051,483.185,497.5849,122344.0,60688733.25
2019-06-28,494.6667,505.8612,487.969,489.1172,52139.0,25849186.25
2019-07-01,491.5571,496.963,483.4242,487.0601,64656.0,31591346.1
2019-07-02,487.969,490.2175,483.7113,487.2036,41757.0,20336198.2
2019-07-03,487.969,491.4135,484.1897,485.4814,33165.0,16141536.5
2019-07-04,486.9166,490.5046,483.4721,484.2375,39916.0,19394247.6
2019-07-05,484.7159,486.3425,483.185,483.2329,42119.0,20374794.65
2019-07-08,483.185,488.878,483.185,483.4242,60428.0,29238398.55
2019-07-09,485.9598,488.9737,483.185,483.807,65988.0,31985080.05
2019-07-10,483.6634,485.577,473.617,473.8562,75356.0,35928401.2
2019-07-11,477.3007,480.4582,473.8084,476.7266,23450.0,11171059.95
2019-07-12,479.2143,482.611,474.0954,476.0569,31299.0,14971707.25
2019-07-15,476.0569,482.1326,473.7127,478.5924,31443.0,15010549.95
2019-07-16,478.401,480.4582,477.4442,478.9273,11914.0,5706167.05
2019-07-17,478.8794,510.6453,477.4442,499.7377,170787.0,85358518.1
2019-07-18,503.8998,507.1051,487.0122,489.787,83367.0,41388582.25
2019-07-19,494.3318,494.3318,474.1433,476.5831,57881.0,27779983.75
2019-07-22,475.5306,486.6295,473.617,473.7605,65719.0,31309536.7
2019-07-23,474.7173,474.813,464.049,464.1925,54080.0,25157413.3
2019-07-24,467.7805,471.7034,464.049,465.1972,39977.0,18599474.7
2019-07-25,475.2436,475.5306,465.1015,470.938,35313.0,16607294.85
2019-07-26,468.833,472.3253,464.0968,465.245,28976.0,13536463.05
2019-07-29,465.0058,472.6602,464.049,464.1447,49722.0,23156359.35
2019-07-30,465.0058,469.7898,464.049,464.2882,62950.0,29248960.2
2019-07-31,464.049,470.7466,464.049,464.2404,123098.0,57179601.6
2019-08-01,460.3175,467.8762,449.697,452.4717,59056.0,26773742.75
2019-08-02,453.5242,455.8205,449.697,449.7448,82503.0,37155998.2
2019-08-05,441.3728,441.3728,430.5609,430.6088,94190.0,40609339.0
2019-08-06,429.5563,450.7494,421.0407,430.7523,80916.0,35593294.5
2019-08-07,425.7769,428.3603,411.8076,414.5345,46711.0,19679932.6
2019-08-08,420.9929,420.9929,378.9415,395.542,156952.0,62074612.85
2019-08-09,399.8954,416.2567,396.8337,413.9126,89464.0,36627935.6
2019-08-13,419.0793,419.0793,383.5819,389.2749,48041.0,19080327.4
2019-08-14,386.548,408.4588,386.548,401.809,71720.0,28693824.9
2019-08-16,400.8522,400.8522,387.5527,389.8012,50707.0,19800677.6
2019-08-19,387.5048,396.7858,387.5048,392.1932,30840.0,12091108.0
2019-08-20,395.1592,397.0729,386.548,387.9832,52460.0,20482731.65
2019-08-21,387.5048,388.6052,377.9368,378.3674,69282.0,26317103.05
2019-08-22,378.4152,380.6159,377.9368,378.0325,60622.0,22932394.9
2019-08-23,378.2717,381.8597,377.9368,378.1282,53537.0,20278501.4
2019-08-26,392.241,392.2888,379.4677,382.4338,50789.0,19494056.6
2019-08-27,382.7208,397.0729,378.8936,391.5712,56946.0,22222796.35
2019-08-28,393.2456,397.0729,383.7733,385.4955,40614.0,15882814.1
2019-08-29,383.8211,385.2563,366.6465,371.4784,66350.0,24766640.5
2019-08-30,374.3966,374.875,368.3688,371.8611,30243.0,11231445.85
2019-09-03,368.895,371.1914,363.5848,363.7283,107448.0,39200187.8
2019-09-04,364.5416,366.1681,363.5848,363.8718,42589.0,15510622.2
2019-09-05,364.6373,432.9051,364.1589,426.5424,388310.0,159062792.25
2019-09-06,426.7337,463.0922,426.7337,455.0072,507669.0,228976158.3
2019-09-09,456.1075,471.7034,441.3728,448.0226,203223.0,92658933.8
2019-09-11,453.3328,475.9612,447.8312,462.0397,174515.0,80783220.75
2019-09-12,463.8098,466.3453,444.0518,448.2618,56657.0,25785470.6
2019-09-13,450.1275,458.3082,441.1336,445.8698,37208.0,16642234.9
2019-09-16,442.9994,482.2282,442.9515,476.1047,208837.0,98039772.25
2019-09-17,470.3639,475.5306,452.6631,457.5427,83984.0,38914069.55
2019-09-18,462.5181,467.8284,449.9362,457.0643,59433.0,27174653.6
2019-09-19,457.5427,459.3128,445.0086,451.3714,41821.0,18832040.85
2019-09-20,453.5242,468.833,438.311,446.683,113533.0,51685438.7
2019-09-23,446.8266,473.4735,446.5395,456.2511,109348.0,50271567.6
2019-09-24,458.5474,463.0444,445.7741,447.5442,48736.0,22037070.35
2019-09-25,450.6538,463.0922,435.3449,440.6073,120635.0,54440488.85
2019-09-26,442.0425,448.7402,430.848,434.723,53331.0,23424280.0
2019-09-27,430.5609,434.6273,419.462,421.9497,94430.0,40221972.05
2019-09-30,417.6441,424.8201,382.8165,395.829,112585.0,45387054.55
2019-10-01,397.6948,400.9001,380.6159,389.849,80763.0,31446001.4
2019-10-03,389.0836,400.3738,389.0357,398.4124,62077.0,24549133.25
2019-10-04,402.9572,426.7337,400.9001,415.1564,143101.0,59412564.4
2019-10-07,414.7737,434.3881,414.1996,431.0872,155009.0,66425134.25
2019-10-09,435.3449,456.873,435.3449,448.788,206099.0,92759665.9
2019-10-10,449.697,457.9733,423.0979,424.9158,133929.0,58834245.9
2019-10-11,430.5609,439.5549,415.5391,434.2925,83955.0,35862149.7
2019-10-14,437.2585,447.7355,432.4267,435.1536,88191.0,38924102.0
2019-10-15,435.2493,436.5888,419.3663,421.9975,108497.0,46416345.9
2019-10-16,424.7723,424.8201,408.5545,416.9743,83585.0,34905867.8
2019-10-17,415.1564,419.5099,405.397,410.0375,52603.0,21615097.25
2019-10-18,411.3292,419.8447,405.4449,408.3631,94667.0,39061380.1
2019-10-22,409.5113,409.5113,397.0729,400.2781,69963.0,28046307.25
2019-10-23,400.8044,413.8169,390.9972,395.0157,94220.0,37822951.25
2019-10-24,396.1161,399.4649,388.7008,390.4709,62673.0,24642469.9
2019-10-25,392.1932,412.1903,390.6623,404.9186,110801.0,44657578.75
2019-10-29,408.487,409.9426,396.2794,398.8148,64751.0,25927475.1
2019-10-30,398.8148,405.6699,392.711,394.4482,63801.0,25345788.0
2019-10-31,396.3733,401.3502,386.8889,387.9218,92661.0,36283560.1
2019-11-01,387.9218,391.5841,385.715,386.9828,53124.0,20610326.35
2019-11-04,387.8279,398.9087,382.6631,384.4473,94413.0,36737487.7
2019-11-05,386.5602,387.8279,375.6203,376.2306,79588.0,30244142.35
2019-11-06,374.869,379.799,368.1078,369.7981,64870.0,24188844.0
2019-11-07,370.7841,371.7701,361.5345,362.7553,80794.0,29536438.75
2019-11-08,362.2857,397.6879,359.9851,375.9959,423508.0,163450595.5
2019-11-11,377.4984,389.7999,377.4984,378.9069,110803.0,42418621.65
2019-11-13,369.0469,372.7561,356.8392,358.6704,192177.0,69678176.15
2019-11-14,356.9331,367.1688,356.8392,357.9661,102643.0,36876865.8
2019-11-15,358.8112,372.7092,357.7783,362.8961,152202.0,55646333.6
2019-11-18,363.5065,364.4455,356.8392,356.9801,127251.0,45584221.15
2019-11-19,359.093,359.093,356.8392,356.8862,131844.0,47092462.9
2019-11-20,358.1539,364.2577,357.074,358.7643,112194.0,40351486.7
2019-11-21,358.7173,361.4406,356.8392,356.8862,62695.0,22408189.25
2019-11-22,356.8392,358.06,345.1011,349.4207,88655.0,31254783.6
2019-11-25,351.8153,351.8153,343.9273,346.1341,69421.0,24101518.2
2019-11-26,347.3548,365.1968,346.5566,349.2799,165675.0,58918365.25
2019-11-27,352.0501,352.8013,346.181,347.7774,60225.0,21003877.6
2019-11-28,349.5146,350.7824,345.1011,346.4627,70966.0,24695741.8
2019-11-29,346.5097,347.3548,342.7535,342.8474,94240.0,32368865.6
2019-12-02,343.5986,347.167,342.7535,343.1761,47042.0,16183512.75
2019-12-03,342.9413,346.2749,342.7535,343.1761,70994.0,24400955.1
2019-12-04,342.9413,345.8054,342.7535,342.9413,75607.0,25982543.25
2019-12-05,344.5377,345.242,342.7535,342.8943,68073.0,23372561.25
2019-12-06,344.4907,352.5666,342.7535,342.8474,122278.0,42228779.3
2019-12-09,343.3169,345.5706,342.7535,342.8943,41112.0,14123065.1
2019-12-10,344.3968,346.228,342.7535,342.8004,78137.0,26838031.85
2019-12-11,343.6925,345.195,342.7535,342.8474,77397.0,26568172.75
2019-12-12,336.9314,339.9363,328.6677,330.4989,68942.0,22983067.1
2019-12-13,330.4989,334.5837,328.6677,328.8086,101909.0,33562360.35
2019-12-16,342.7535,361.4406,342.7535,353.6934,337079.0,119118024.25
2019-12-17,354.8203,354.8203,341.8144,343.1291,97878.0,33917250.65
2019-12-18,340.8754,350.2189,340.8754,341.6266,65435.0,22573905.9
2019-12-19,340.9223,343.8803,336.4618,337.9174,58846.0,19988839.25
2019-12-20,338.1052,340.0302,332.1892,333.2691,65556.0,21942591.2
2019-12-23,335.9454,356.8392,335.8984,346.2749,272139.0,95279412.7
2019-12-24,346.7914,347.4487,338.0582,339.8424,54653.0,18686844.95
2019-12-26,338.9973,347.4487,336.1801,337.4009,53816.0,18378536.6
2019-12-27,339.9363,340.8284,334.6776,336.7436,51819.0,17469533.75
2019-12-30,337.9643,396.2794,335.7106,385.4803,1262964.0,473730322.1
2019-12-31,384.6821,405.576,372.1927,377.3575,1139979.0,445946966.75
2020-01-01,377.4984,381.2546,364.4455,367.0749,231595.0,86285388.45
2020-01-02,367.1688,376.7941,366.3236,368.906,189946.0,70476086.7
2020-01-03,368.7652,375.6203,361.5345,363.8821,178179.0,65847159.55
2020-01-06,359.8442,359.8442,345.8523,348.2,135275.0,47388735.15
2020-01-07,349.5616,356.6984,344.3499,347.3079,110999.0,38863163.7
2020-01-08,336.2271,373.7421,335.0533,353.083,349390.0,125810697.7
2020-01-09,357.7783,366.2297,356.2289,357.9191,143401.0,51783686.95
2020-01-10,357.9191,369.8451,357.9191,363.0839,205157.0,74926934.75
2020-01-13,364.8212,369.9859,360.7363,363.6004,103763.0,37900752.2
2020-01-14,366.8871,375.1507,362.9431,368.9999,166726.0,61756985.95
2020-01-15,368.1078,384.0717,366.981,378.5313,334049.0,126667001.9
2020-01-16,382.0997,389.6121,377.4984,384.3534,222512.0,85736311.9
2020-01-17,382.6631,389.8938,373.1787,376.4654,180288.0,69295820.8
2020-01-20,376.9349,379.1417,364.3047,367.4036,96284.0,35680097.8
2020-01-21,361.7223,372.3336,358.8112,365.7602,108055.0,39477386.85
2020-01-22,368.0139,370.878,357.7783,362.99,69474.0,25337340.25
2020-01-23,363.4126,366.6054,358.7173,362.1918,75148.0,27250736.2
2020-01-24,362.4735,365.1968,359.6564,362.6614,80761.0,29257980.75
2020-01-27,362.4266,372.7092,359.8912,362.4735,148823.0,54408698.6
2020-01-28,362.6614,375.1507,359.7033,361.9101,134074.0,49248233.55
2020-01-29,364.3516,368.1078,361.5345,363.0839,63759.0,23245750.7
2020-01-30,364.9151,366.3236,349.0451,354.3038,108331.0,38826682.55
2020-01-31,355.8063,363.4126,347.5426,359.6094,114719.0,40838326.7
2020-02-03,354.918,356.8808,349.7001,350.849,86725.0,30572146.5
2020-02-04,352.716,366.9338,352.716,362.4338,88446.0,31798486.4
2020-02-05,363.3434,368.6092,356.1627,358.5563,53024.0,19165509.5
2020-02-06,359.035,371.9124,359.035,366.2157,101805.0,37156012.6
2020-02-07,363.8221,369.5667,359.9924,362.9126,38226.0,13946165.4
2020-02-10,365.5934,401.832,363.4391,384.2153,727585.0,282444493.5
2020-02-11,388.7152,394.5076,376.3165,380.1941,208331.0,80333115.55
2020-02-12,380.0984,405.6617,374.3538,386.0344,557472.0,219087454.0
2020-02-13,386.3216,396.8055,371.0028,381.1037,172969.0,66524153.45
2020-02-14,381.1037,390.9173,373.3964,375.5027,110729.0,42089734.7
2020-02-17,377.1303,380.5771,368.8486,373.8272,96699.0,36231149.2
2020-02-18,373.3006,389.5769,372.5347,385.0291,267133.0,102096403.2
2020-02-19,386.9918,401.6405,384.8855,389.5769,272034.0,106898591.95
2020-02-20,391.396,411.4062,388.7152,405.901,374587.0,150746080.8
2020-02-24,408.5339,444.1981,407.8637,421.6028,891140.0,381974084.2
2020-02-25,425.8634,437.6397,410.4009,427.7303,351904.0,149088774.9
2020-02-26,427.9697,444.9161,419.3529,423.9964,329954.0,143047359.55
2020-02-27,426.2463,437.4961,408.3425,416.1455,183996.0,77069539.85
2020-02-28,404.034,404.9915,363.87,365.6891,271132.0,102995686.95
2020-03-02,377.1303,386.8004,342.7587,355.301,211702.0,77882687.95
2020-03-03,362.8647,370.5241,335.1951,346.3491,321283.0,110908243.9
2020-03-04,349.365,353.8649,335.1951,347.0193,147590.0,50563992.05
2020-03-05,349.6522,353.434,339.8864,342.2321,143385.0,49380258.45
2020-03-06,335.0993,342.1843,335.0993,335.4344,141341.0,47501952.4
2020-03-09,325.7644,329.1154,306.3765,307.5254,144160.0,44804638.05
2020-03-11,304.1266,319.589,301.3022,308.4829,99665.0,31005209.9
2020-03-12,296.8023,296.8023,246.8246,262.3828,343267.0,91572305.5
2020-03-13,229.7824,282.2494,211.5913,251.3724,221144.0,55492822.55
2020-03-16,244.3353,245.8672,224.9953,227.8675,120230.0,27915359.0
2020-03-17,231.1228,245.1012,225.474,228.1069,116525.0,27316951.8
2020-03-18,234.378,236.1971,205.9425,209.4371,146432.0,32162495.1
2020-03-19,199.1447,217.0486,191.4853,206.4212,154042.0,30690335.75
2020-03-20,208.2403,227.0537,208.2403,224.1814,130628.0,28573519.45
2020-03-23,201.7777,244.1438,201.7777,201.7777,44328.0,9228140.95
2020-03-24,198.2831,212.5487,182.8685,196.9427,101327.0,19884693.5
2020-03-25,197.2299,200.15,181.9111,188.2301,73700.0,14219033.35
2020-03-26,193.4002,204.8893,186.9854,196.2725,103212.0,20276689.95
2020-03-27,202.017,215.8997,202.017,215.8997,93583.0,20062361.4
2020-03-30,225.9527,237.4897,211.1126,237.4897,80176.0,18459698.8
2020-03-31,261.186,261.2339,250.3671,261.2339,13402.0,3499343.35
2020-04-01,274.2549,274.2549,274.2549,274.2549,9782.0,2682890.7
2020-04-03,287.9461,287.9461,287.9461,287.9461,12922.0,3720879.0
2020-04-07,302.3075,302.3075,302.3075,302.3075,26403.0,7981844.25
2020-04-08,317.3869,317.3869,287.228,287.228,168843.0,51349366.35
2020-04-09,272.8666,286.2706,272.8666,280.143,78030.0,21686949.45
2020-04-13,281.4834,290.4832,270.9517,281.9621,43727.0,12341542.45
2020-04-15,284.3557,289.5258,267.888,269.0369,48678.0,13476917.0
2020-04-16,268.2709,282.4887,260.7073,280.0473,29580.0,8126983.8
2020-04-17,290.1003,294.0257,278.6111,288.3769,57470.0,16506015.85
2020-04-20,291.0577,294.2651,280.7175,285.3131,34036.0,9792487.9
2020-04-21,271.0953,279.5686,271.0953,273.0581,65189.0,17842681.7
2020-04-22,273.1059,282.3451,272.8666,277.3186,35529.0,9855656.45
2020-04-23,278.659,291.1534,278.6111,291.1534,47031.0,13537577.2
2020-04-24,296.515,296.515,277.7495,278.7548,51474.0,14679028.25
2020-04-27,280.526,286.2706,274.7814,278.1803,52525.0,14767672.4
2020-04-28,280.6217,290.6268,278.6111,281.7707,58943.0,16774731.95
2020-04-29,281.7707,288.1854,281.4834,285.9833,43644.0,12476134.0
2020-04-30,291.0577,292.9725,279.5686,280.1909,57145.0,16267579.15
2020-05-04,277.7495,277.7495,272.8666,273.1059,36376.0,9967769.05
2020-05-05,275.7389,282.3451,272.8666,273.1059,25525.0,7045344.1
2020-05-06,273.824,276.7442,273.2496,273.824,20913.0,5741735.9
2020-05-07,273.824,276.6484,273.2017,274.3985,15735.0,4324075.5
2020-05-08,275.2602,286.1748,274.5421,276.6005,57338.0,16051937.0
2020-05-11,280.4303,280.4303,272.8666,273.2496,31848.0,8742347.5
2020-05-12,273.824,274.8772,272.8666,273.2017,44936.0,12278731.15
2020-05-13,275.7389,278.1324,272.8666,273.1538,70547.0,19307453.05
2020-05-14,272.8666,276.1697,271.4783,272.8666,120288.0,32854594.9
2020-05-15,273.2017,276.074,272.8666,272.8666,88235.0,24086792.0
2020-05-18,273.0581,274.8293,272.8666,272.8666,102080.0,27859866.7
2020-05-19,271.6219,271.6219,259.2233,259.702,33643.0,8822695.35
2020-05-20,259.9413,272.6751,258.6009,272.6751,46645.0,12487630.85
2020-05-21,272.6751,286.2706,272.6751,286.2706,26250.0,7447273.0
2020-05-22,300.5841,300.5841,292.0151,300.5841,125304.0,37559379.65
2020-05-26,315.5678,315.5678,292.0151,301.8766,69062.0,20925625.1
2020-05-27,306.185,308.2435,293.93,298.2863,26806.0,8030433.2
2020-05-28,302.4032,307.3339,297.7597,298.9086,28186.0,8487356.45
2020-05-29,292.2066,302.5947,292.2066,298.6692,30199.0,8950946.45
2020-06-01,306.8552,306.8552,299.6745,300.8713,34430.0,10428112.95
2020-06-02,298.2384,315.9029,298.2384,315.9029,57785.0,17940649.45
2020-06-03,331.6526,331.6526,318.3443,331.6526,73515.0,24106246.75
2020-06-04,339.1205,348.2161,330.5515,348.2161,185126.0,63891110.4
2020-06-05,354.6308,380.4813,354.6308,360.0882,214801.0,78665209.65
2020-06-08,363.8221,373.2528,345.7268,350.2267,88675.0,31906184.85
2020-06-09,353.0032,353.2904,332.7536,335.2908,58220.0,19703035.9
2020-06-10,335.2908,350.849,330.3122,335.6738,91126.0,31160113.45
2020-06-11,336.0567,342.7587,319.1103,328.9718,45265.0,15074220.7
2020-06-12,306.4244,328.7324,306.4244,321.9347,69566.0,22338550.4
2020-06-15,321.6953,333.1845,320.7379,324.5198,42707.0,13877646.65
2020-06-16,330.3122,378.1835,325.7165,365.0668,646401.0,232619510.9
2020-06-17,367.6518,387.3748,361.0456,365.0668,253117.0,94419032.25
2020-06-18,365.7848,386.8004,359.035,381.2951,187871.0,70783664.45
2020-06-19,385.7951,396.1831,381.8696,384.8376,253677.0,98761647.45
2020-06-22,387.7578,393.4545,384.9812,386.561,117345.0,45652815.8
2020-06-23,392.4492,418.3476,391.5875,414.4221,273702.0,111112606.5
2020-06-24,430.842,437.544,412.7945,416.9593,201952.0,85925854.35
2020-06-25,412.6509,424.14,405.0393,414.9008,123518.0,51479610.65
2020-06-26,418.3954,425.0495,407.0499,414.1828,96177.0,40030504.9
2020-06-29,411.502,417.8688,384.9334,408.4382,122937.0,49912902.65
2020-06-30,402.4064,407.8637,389.7684,397.5235,107951.0,43262005.05
2020-07-01,401.1618,472.0113,389.2897,455.4957,855459.0,376784219.35
2020-07-02,443.2885,451.8575,431.7994,434.2887,230654.0,101410470.9
2020-07-03,438.3578,439.4588,425.9591,429.2622,184028.0,79458801.1
2020-07-06,435.1504,447.4055,433.81,437.8312,193087.0,84660530.7
2020-07-07,441.2301,444.2459,428.9271,433.1877,149652.0,65506499.3
2020-07-08,440.4162,467.2242,436.2036,446.3044,436240.0,197358022.75
2020-07-09,447.9799,457.2191,446.3523,452.2405,206988.0,93487768.4
2020-07-10,451.7139,457.1233,440.4641,447.6927,245570.0,110218084.1
2020-07-13,450.8522,493.0268,447.6927,483.9313,1058361.0,504474838.5
2020-07-14,487.0429,501.6915,466.0274,477.7559,534030.0,258790543.95
2020-07-15,481.5856,485.4153,455.017,462.5807,268438.0,126846782.95
2020-07-16,464.3519,472.9687,450.1341,453.4372,231982.0,106423330.1
2020-07-17,457.1712,482.543,454.8255,469.7135,268534.0,126744614.1
2020-07-20,472.873,480.3409,465.3093,471.9156,179828.0,85101936.15
2020-07-21,471.0539,475.7453,461.5754,466.3146,150423.0,70480401.0
2020-07-22,469.0433,469.0433,454.8255,461.0967,138090.0,63618480.8
2020-07-23,464.2562,470.4316,458.7031,461.8147,95746.0,44470638.95
2020-07-24,461.4796,471.0539,454.7776,467.9423,155161.0,71959348.0
2020-07-27,472.49,522.7549,464.5434,501.6915,1246301.0,626583760.2
2020-07-28,502.8405,521.7975,478.7133,481.8249,446716.0,222936681.0
2020-07-29,484.7451,494.8938,470.0965,478.7133,248956.0,120292388.6
2020-07-30,481.0111,485.511,471.0539,474.5006,113493.0,54225122.0
2020-07-31,474.5006,481.5856,470.0965,472.1549,122561.0,58007454.3
2020-08-03,470.1922,492.213,463.8732,483.3568,176486.0,84658497.9
2020-08-04,484.2664,504.5638,480.0537,492.0694,361936.0,179164477.35
2020-08-05,494.8938,502.3617,487.2823,490.346,208204.0,102816145.65
2020-08-06,488.3833,497.8618,486.5642,489.6758,105169.0,51673135.0
2020-08-07,486.3727,501.6437,486.3727,492.2609,145272.0,71901834.8
2020-08-10,490.3939,493.0747,475.841,478.9048,138610.0,66927804.7
2020-08-11,461.4796,501.6915,457.6499,488.0482,493004.0,237785680.25
2020-08-12,484.9366,493.7449,481.4898,483.5004,99373.0,48444277.55
2020-08-13,485.4153,493.5055,481.6813,483.3568,98345.0,47905966.95
2020-08-14,487.1865,492.0694,472.9687,480.8196,126346.0,61015316.4
2020-08-17,485.4153,485.4153,472.0592,474.6921,50324.0,23992925.65
2020-08-18,477.8038,486.1334,474.1655,475.5538,57396.0,27463361.25
2020-08-19,480.4367,486.277,471.006,477.2293,88555.0,42503878.4
2020-08-20,476.607,478.7133,471.0539,473.7347,55243.0,26261392.7
2020-08-21,477.5644,483.4047,468.1816,469.7614,99102.0,47195842.6
2020-08-24,475.6495,520.2178,475.6495,508.8722,722956.0,366211022.05
2020-08-25,513.1807,556.2649,495.7555,538.1695,557805.0,294956163.15
2020-08-26,545.7332,577.2804,531.5633,556.1212,919679.0,514818276.45
2020-08-27,564.8817,584.0302,560.1424,575.9879,576254.0,330835354.35
2020-08-28,577.3282,586.1844,555.3074,561.3871,280114.0,160227734.7
2020-08-31,561.3871,568.9029,510.3084,520.6007,255166.0,137322075.55
2020-09-01,522.7549,532.6643,489.4844,505.7606,137271.0,70045812.75
2020-09-02,507.1967,521.7018,503.1277,510.6435,111287.0,56908463.85
2020-09-03,512.2232,539.3184,511.7445,529.5527,167350.0,88295425.65
2020-09-04,526.1059,526.5846,513.1807,517.4891,91103.0,47347989.4
2020-09-07,521.606,531.2282,506.2393,525.2442,91855.0,47895837.9
2020-09-08,526.4889,544.5843,517.9678,523.0422,173011.0,92203117.5
2020-09-09,523.4251,531.8026,517.0582,528.4037,120895.0,63443441.5
2020-09-10,531.0845,540.8503,525.8666,527.4463,84461.0,44949486.85
2020-09-11,532.0898,539.0312,526.6325,528.8825,161566.0,85958800.8
2020-09-14,534.0526,536.111,520.8401,523.1379,93728.0,49520263.05
2020-09-15,526.5368,529.9356,507.6755,512.2232,111287.0,57475809.8
2020-09-16,514.6168,528.4516,511.0743,515.0955,95041.0,49333044.95
2020-09-17,512.1275,512.9413,491.7822,494.08,171855.0,86243956.4
2020-09-18,497.8618,516.0529,481.0111,506.3351,229681.0,114983718.4
2020-09-21,511.0743,532.5207,500.7341,509.6861,280360.0,145403036.25
2020-09-22,512.2232,515.7657,493.0747,500.0639,109238.0,54769837.6
2020-09-23,503.7979,520.8401,499.3937,517.8242,186968.0,95263332.3
2020-09-24,503.6064,511.8403,494.0321,496.6651,102548.0,51537854.95
2020-09-25,503.6064,505.2819,488.4312,493.3141,71100.0,35376152.5
2020-09-28,497.6704,509.351,490.729,494.5587,96474.0,48246077.65
2020-09-29,497.048,502.0266,490.2024,492.7875,141100.0,69895886.7
2020-09-30,493.1704,496.4257,482.4473,484.2664,64493.0,31434162.15
2020-10-01,486.7078,494.5108,480.8675,484.9845,58624.0,28553431.65
2020-10-05,488.0961,495.947,484.4579,488.0961,43727.0,21424488.9
2020-10-06,489.2929,511.6488,488.2876,500.2075,220456.0,110765890.55
2020-10-07,497.7661,497.8618,488.2876,489.1493,51611.0,25434177.35
2020-10-08,491.1599,492.979,467.2242,470.1443,99322.0,47686041.2
2020-10-09,472.5379,480.6282,471.1018,472.0592,57644.0,27370565.75
2020-10-12,475.3144,479.6707,470.1443,473.0645,80248.0,38039476.2
2020-10-13,474.8836,476.4155,467.3199,468.5646,31926.0,15037554.65
2020-10-14,468.6125,471.6284,440.512,446.2565,105106.0,47734160.3
2020-10-15,446.1608,458.9903,378.1835,405.1829,137519.0,57926485.05
2020-10-16,404.9915,423.9485,404.7042,417.8688,192490.0,80394041.85
2020-10-19,424.14,464.5434,421.2677,445.9214,272833.0,121298688.2
2020-10-20,441.3737,451.9054,433.7621,436.9695,82894.0,36658790.55
2020-10-21,439.3631,443.0013,426.0548,430.5069,45055.0,19537411.8
2020-10-22,432.6611,435.3419,426.0548,426.5336,93535.0,39967002.45
2020-10-23,427.108,435.6291,426.1027,427.6825,46949.0,20173835.5
2020-10-26,430.842,434.2408,426.0548,429.5973,52177.0,22335466.2
2020-10-27,430.8898,434.0972,428.0654,430.7941,24664.0,10646719.85
2020-10-28,430.7462,437.544,426.0548,426.1985,82872.0,35683242.75
2020-10-29,426.1985,430.5547,425.8155,426.1027,39871.0,17014687.85
2020-10-30,427.0123,430.3154,426.0548,426.4378,34125.0,14558754.35
2020-11-02,426.3899,440.3684,426.0548,426.5336,82341.0,35235792.3
2020-11-03,426.0548,434.9589,426.0548,428.0176,73892.0,31757246.65
2020-11-04,426.0548,476.0804,426.0548,455.0649,258825.0,117939648.05
2020-11-05,459.5169,473.9262,455.7829,470.7667,122700.0,57017715.55
2020-11-06,473.1124,483.0696,459.6605,465.2615,110589.0,52111564.95
2020-11-09,469.0912,472.9687,451.5703,453.4372,105527.0,48696023.5
2020-11-10,455.6872,457.0276,435.6291,439.5067,54181.0,24111902.4
2020-11-11,433.9536,462.6764,431.3686,453.2458,86254.0,38371992.35
2020-11-12,454.8255,473.8783,454.8255,468.1337,117271.0,54862917.2
2020-11-13,468.6125,486.6121,466.2668,476.9899,161891.0,77452352.9
2020-11-17,473.0331,475.5423,451.6566,456.675,77227.0,35781966.25
2020-11-18,458.4122,470.9099,454.8896,460.5354,41885.0,19391871.9
2020-11-19,457.4471,470.6687,455.0827,458.4122,91496.0,42249750.3
2020-11-20,456.9646,463.0446,455.5169,458.2674,29021.0,13315265.65
2020-11-23,457.4954,463.5271,450.7881,453.5385,41241.0,18864882.85
2020-11-24,454.6484,467.2909,454.6484,460.7766,51953.0,23962284.3
2020-11-25,461.3557,463.1893,450.6916,455.0344,89034.0,40702813.5
2020-11-26,454.6484,511.395,454.0693,505.315,778033.0,384640635.95
2020-11-27,515.0623,524.8096,490.2598,497.0153,271778.0,137822419.3
2020-12-01,497.0153,516.2686,492.1417,500.5861,175309.0,88481561.8
2020-12-02,498.9937,515.8343,483.842,492.3829,166174.0,81947411.75
2020-12-03,492.1899,496.7258,474.1912,480.0299,100557.0,48888293.3
2020-12-04,479.6439,483.5042,463.3823,470.2826,152663.0,71980660.65
2020-12-07,470.9582,489.2947,467.1944,474.0947,229475.0,110076766.3
2020-12-08,477.4242,481.5741,463.4306,465.3607,90777.0,42732758.9
2020-12-09,467.7252,474.8185,463.3341,465.3125,85737.0,40168352.75
2020-12-10,466.0363,466.0363,450.6916,452.3322,112092.0,50969253.75
2020-12-11,455.5169,462.0795,445.8662,447.1208,129356.0,58468257.3
2020-12-14,449.2922,450.595,439.1106,440.51,85301.0,37777087.8
2020-12-15,441.1855,461.3074,436.2154,438.6281,190701.0,85470281.4
2020-12-16,442.7779,461.3074,440.0757,447.4585,124841.0,55860995.2
2020-12-17,449.5335,451.0776,440.6065,445.1906,126192.0,56204425.8
2020-12-18,448.7614,534.2191,444.322,511.781,813731.0,405282341.85
2020-12-21,564.5708,609.0126,492.1899,536.7765,2352336.0,1350052836.0
2020-12-22,544.6902,574.2216,513.7594,554.4375,1185684.0,660009407.35
2020-12-23,551.0597,566.3079,545.8965,550.8184,383079.0,213130520.5
2020-12-24,552.4108,553.7137,521.7213,525.5334,359126.0,191755613.9
2020-12-28,518.7778,532.9162,506.7626,509.6578,280682.0,145734305.25
2020-12-29,512.5531,517.7162,495.809,501.4547,233655.0,118242582.95
2020-12-30,503.7709,536.7283,497.1118,525.8712,590817.0,309353115.9
2020-12-31,527.8978,539.141,515.2553,518.8261,153005.0,80445039.1
2021-01-01,521.0458,530.5035,513.4699,516.9924,179844.0,93544606.0
2021-01-04,521.1423,526.981,497.1118,502.854,212449.0,108385632.0
2021-01-05,503.3848,529.635,499.042,508.2585,441102.0,227896154.9
2021-01-06,511.974,514.9658,499.9105,504.3982,127420.0,64657321.25
2021-01-07,507.6312,516.3169,502.3232,503.8191,154627.0,78414419.95
2021-01-08,506.6661,508.4515,497.1118,499.235,107897.0,54223992.75
2021-01-11,501.889,506.4731,488.1848,492.962,113714.0,56413420.85
2021-01-12,494.6991,501.8407,483.6972,493.155,78630.0,39018705.45
2021-01-13,494.1201,499.3315,487.461,493.0102,124446.0,61456676.0
2021-01-14,492.7207,519.0191,488.3296,505.508,262333.0,132989665.1
2021-01-15,506.6661,511.395,495.2299,498.0286,65807.0,33014374.35
2021-01-18,500.5379,501.9855,487.3645,491.9487,87585.0,43157516.0
2021-01-19,494.4096,499.5728,492.1417,494.8921,107194.0,53091828.55
2021-01-20,496.0502,506.6661,487.461,490.8871,131409.0,65514358.85
2021-01-21,487.3645,507.1486,461.3074,464.3957,389872.0,188611053.75
2021-01-22,463.2376,468.5455,440.0757,452.9112,220963.0,100131006.85
2021-01-25,452.7182,461.7417,440.7513,447.2655,243707.0,109730394.1
2021-01-27,450.402,457.4954,442.4884,449.0509,92876.0,41763013.85
2021-01-28,445.8662,469.7036,443.743,463.1411,202281.0,93341271.5
2021-01-29,463.2376,471.4407,447.5068,451.3189,126293.0,58002524.0
2021-02-01,454.4554,469.9931,447.3138,462.8515,85930.0,39140267.0
2021-02-02,453.6833,475.7836,453.6833,464.5404,88136.0,41021179.35
2021-02-03,465.1677,471.7303,460.3906,463.0446,81224.0,37941370.2
2021-02-04,466.0363,468.835,451.2706,456.2408,116233.0,53712736.15
2021-02-05,458.4122,466.4223,454.0693,456.7716,58682.0,26933232.55
2021-02-08,458.4122,461.1144,446.8795,448.6166,84510.0,38166242.45
2021-02-09,450.7398,466.5188,449.3887,455.8065,89510.0,40949594.95
2021-02-10,457.8814,458.4122,450.595,452.5735,84619.0,38448699.5
2021-02-11,454.5036,458.3157,446.8312,449.437,48216.0,21823009.85
2021-02-12,453.2973,464.0579,440.2687,443.1157,96631.0,43707989.0
2021-02-15,443.1639,452.1874,430.4249,434.2852,102228.0,45076493.0
2021-02-16,430.8109,442.0059,426.1786,430.4732,136954.0,59262790.7
2021-02-17,432.6446,485.4344,429.4116,469.7036,706587.0,330367405.65
2021-02-18,472.5023,491.8521,464.2027,467.2426,326955.0,156426572.25
2021-02-19,465.5538,469.7036,446.3487,453.635,122984.0,56313112.3
2021-02-22,458.2192,461.3074,441.089,442.6332,73404.0,32846968.2
2021-02-23,445.7697,449.0027,433.2236,439.6414,124458.0,55104251.95
2021-02-24,439.1106,451.0776,439.0624,440.3652,46844.0,20823050.65
2021-02-25,444.8046,455.5169,438.3868,444.7563,131897.0,58805604.55
2021-02-26,439.7862,448.7131,433.6097,436.8427,75309.0,33135437.0
2021-03-01,439.1106,458.4122,435.8294,449.0509,169019.0,75851351.05
2021-03-02,451.6566,452.6217,441.0408,443.3087,107781.0,48094586.65
2021-03-03,445.3836,476.7487,441.1373,457.0128,302666.0,140032136.1
2021-03-04,449.7265,466.1328,449.7265,454.6966,103988.0,47667904.25
2021-03-05,449.7265,459.4255,445.8662,447.2655,114271.0,51574885.55
2021-03-08,450.3538,453.5868,442.0059,444.1773,83740.0,37526113.65
2021-03-09,445.8662,455.4204,440.0757,443.8395,66258.0,29605075.05
2021-03-10,445.9627,463.8649,443.8878,447.9411,191418.0,86648076.25
2021-03-12,448.7614,455.9995,441.1373,444.8046,82344.0,37006340.95
2021-03-15,448.2789,468.063,444.9011,460.1976,380120.0,174807956.95
2021-03-16,465.1677,467.9665,450.6916,452.2357,106995.0,49202704.55
2021-03-17,457.4471,459.4738,433.3201,436.1189,146050.0,64834789.65
2021-03-18,439.0141,441.9576,429.4598,431.7278,119906.0,51863149.45
2021-03-19,429.5563,438.8693,429.4598,432.5963,113185.0,48908396.65
2021-03-22,430.9075,437.9043,429.4598,431.8243,112600.0,48712170.55
2021-03-23,431.4865,436.1189,415.1284,427.8675,168922.0,72645389.45
2021-03-24,429.3633,438.0973,421.3049,426.1303,189161.0,81179244.95
2021-03-25,426.9506,429.4598,414.2599,415.4662,104796.0,43633066.7
2021-03-26,423.1868,425.4065,403.4992,407.6491,115141.0,47873129.4
2021-03-30,410.1583,412.1367,400.5075,402.1964,87234.0,35425123.65
2021-03-31,404.1748,409.6757,400.5075,401.7621,134442.0,54032278.2
2021-04-01,408.1316,433.7544,407.1183,426.8541,179847.0,76089223.3
2021-04-05,430.2319,450.4985,423.4763,426.1786,176086.0,76629511.7
2021-04-06,427.4332,432.2103,419.7608,421.4014,58527.0,24981001.3
2021-04-07,423.5729,433.0306,414.8389,416.576,95357.0,40159528.7
2021-04-08,418.844,430.4249,417.4929,420.3881,112943.0,47922354.4
2021-04-09,424.4414,428.1087,416.19,424.1037,98207.0,41535927.65
2021-04-12,416.8656,417.3964,400.5075,401.6656,71789.0,29109839.85
2021-04-13,405.3329,412.7157,403.2097,406.0567,46712.0,19049677.2
2021-04-15,407.2148,410.0135,400.5075,401.9068,102580.0,41244592.85
2021-04-16,405.2364,413.4878,402.4376,404.4161,113615.0,46400039.5
2021-04-19,400.5557,403.4027,395.7303,398.0465,119344.0,47743518.85
2021-04-20,399.4942,406.298,392.7386,394.8135,63779.0,25521085.6
2021-04-22,393.5589,408.3246,391.7735,398.5773,111154.0,44458949.7
2021-04-23,401.8586,404.5608,392.7869,396.6954,52284.0,20903092.6
2021-04-26,404.1748,404.1748,393.6072,394.331,47098.0,18715663.6
2021-04-27,398.4808,406.3462,394.7653,401.5208,101438.0,40733239.75
2021-04-28,403.7888,455.4687,400.604,430.8109,767616.0,334776888.5
2021-04-29,435.2503,436.2154,417.3481,419.5678,123138.0,52216741.4
2021-04-30,413.0535,442.9709,410.1583,428.6878,277627.0,120024056.7
2021-05-03,430.8592,447.7481,428.5913,437.5665,205183.0,90329043.8
2021-05-04,441.4751,448.6649,422.7043,426.4198,135072.0,59240890.1
2021-05-05,428.5913,434.044,426.1303,428.6395,60509.0,25991757.05
2021-05-06,430.8109,432.6446,418.2167,419.9056,69514.0,29479359.1
2021-05-07,423.6694,429.3633,418.5062,420.1951,67861.0,28698671.6
2021-05-10,422.7043,445.2871,422.7043,436.3601,188843.0,82311287.85
2021-05-11,432.0173,442.2954,430.3767,437.5665,89568.0,39172837.25
2021-05-12,439.4966,471.103,436.4084,453.249,448180.0,204734081.85
2021-05-14,458.3157,470.8134,440.0274,445.5284,157320.0,71304739.1
2021-05-17,445.5766,448.9062,435.5398,437.7595,63003.0,27777539.65
2021-05-18,446.783,447.3138,434.7678,436.6014,55683.0,24428470.45
2021-05-19,437.1805,444.4668,434.7678,435.4433,62457.0,27383018.1
2021-05-20,436.2154,458.7982,431.1005,444.2738,190002.0,85129547.25
2021-05-21,447.6033,452.4287,440.1239,446.4452,92182.0,41235782.1
2021-05-24,449.5335,453.056,440.0757,444.8528,55315.0,24761389.5
2021-05-25,446.0592,451.6566,439.1106,440.9925,90191.0,40222036.4
2021-05-26,443.8395,456.6268,441.5233,446.8312,155384.0,69552000.6
2021-05-27,448.7614,452.8147,444.0325,446.9278,150230.0,67451302.05
2021-05-28,447.3138,471.8268,447.3138,455.2757,545816.0,251832257.0
2021-05-31,458.6052,459.522,444.9011,449.437,134394.0,60768144.65
2021-06-01,449.7265,455.4204,440.0757,441.1373,148694.0,66301784.0
2021-06-02,443.936,529.3454,440.1239,529.3454,1885464.0,943117022.95
2021-06-03,536.5835,606.8895,493.155,498.0769,4830414.0,2648727604.0
2021-06-04,496.0502,597.673,495.0852,573.9321,5672827.0,3199795933.5
2021-06-07,583.2933,614.4653,555.0165,566.3079,2034659.0,1199172809.85
2021-06-08,570.3613,573.353,541.5537,545.7035,646932.0,357091521.65
2021-06-09,550.6254,575.9105,534.2191,538.5137,654625.0,363790293.7
2021-06-10,544.3042,572.0984,544.3042,566.6457,742983.0,416142747.05
2021-06-11,569.3962,580.3981,555.0165,558.3943,535509.0,304118007.6
2021-06-14,560.7105,569.2032,538.948,552.9899,412191.0,228294223.05
2021-06-15,556.2711,571.8571,549.1295,555.4508,359038.0,201324981.55
2021-06-16,557.2362,562.7854,546.0413,548.8883,254562.0,140786304.0
2021-06-17,550.0946,558.5873,536.294,538.948,197539.0,107777786.65
2021-06-18,542.374,578.0819,514.7245,559.2146,1520866.0,855289726.8
2021-06-21,568.1898,655.2882,566.501,627.9282,5261742.0,3248446908.0
2021-06-22,640.6672,644.5758,603.1739,606.4069,1383127.0,861824713.8
2021-06-23,611.7149,619.532,579.5778,586.4298,654696.0,391217848.55
2021-06-24,589.6628,604.139,571.3746,573.8355,550635.0,323363008.45
2021-06-25,578.0819,601.9676,575.3314,588.4565,560968.0,330710989.35
2021-06-28,592.1238,615.1409,573.353,604.8146,790036.0,472444356.6
2021-06-29,603.6565,632.0298,590.6279,593.4749,1341643.0,824220856.65
2021-06-30,597.1904,601.7746,571.8089,574.3181,475580.0,277605981.0
2021-07-01,575.1867,585.513,565.4876,570.0235,292306.0,167458494.6
2021-07-02,565.8736,591.6895,565.8736,571.9054,474461.0,275451069.65
2021-07-05,572.2914,590.5797,572.2914,584.0171,382418.0,222933625.05
2021-07-06,586.7676,593.4749,572.9187,575.3797,226000.0,132005517.15
2021-07-07,574.2216,580.2051,569.5892,572.3397,146102.0,83869480.5
2021-07-08,577.0686,583.8724,563.7987,567.9968,195590.0,112077125.7
2021-07-09,571.2781,576.8273,566.501,572.0019,134250.0,76785433.05
2021-07-12,576.6343,596.3701,571.5194,582.1835,608828.0,356934003.0
2021-07-13,587.2501,596.4184,584.5479,586.9606,375640.0,221743202.15
2021-07-14,588.6978,597.3835,582.28,585.9473,324419.0,191549157.65
2021-07-15,588.6978,590.3384,579.1435,580.5428,149396.0,87249473.65
2021-07-16,585.2235,585.8025,571.3263,573.7873,186556.0,107947139.15
2021-07-19,571.3263,576.2482,561.7238,565.4876,214032.0,122012726.75
2021-07-20,568.3346,570.3613,547.2476,550.8184,229279.0,127332535.95
2021-07-22,555.7886,568.2381,545.5105,549.3226,272438.0,151807062.55
2021-07-23,554.341,564.4743,545.414,559.5041,328464.0,182499915.4
2021-07-26,559.5041,572.774,556.8019,563.0267,367924.0,207646633.15
2021-07-27,568.4311,570.12,548.7918,552.3626,261728.0,146638121.6
2021-07-28,555.7886,559.4559,538.1759,545.414,211719.0,115698579.0
2021-07-29,549.033,549.8051,538.0311,540.0096,142699.0,77490431.45
2021-07-30,542.374,568.4311,542.374,559.4559,531134.0,295165120.75
2021-08-02,564.4743,567.466,551.1562,553.6654,170583.0,95200678.2
2021-08-03,555.9333,563.2679,545.3657,547.4889,2315845.0,1280541304.35
2021-08-04,552.0248,554.2445,535.715,542.7118,1795273.0,982915914.95
2021-08-05,536.5835,545.414,522.2039,524.6166,270921.0,143074451.1
2021-08-06,525.1956,539.2857,522.1073,523.555,259962.0,137637045.55
2021-08-09,525.0026,527.3188,507.6312,511.6363,186421.0,96303658.55
2021-08-10,514.0972,527.4153,488.1366,500.2966,653778.0,334891311.0
2021-08-11,490.308,496.9671,465.1677,473.1296,391364.0,186309831.5
2021-08-12,477.7137,520.9975,472.9366,512.2636,599333.0,300574690.35
2021-08-13,512.2636,520.1772,495.2299,498.3182,204145.0,103711391.1
2021-08-16,499.9105,499.9105,465.7468,481.2845,147821.0,71492969.7
2021-08-17,482.5391,497.0153,473.8534,476.9417,169729.0,82418604.05
2021-08-18,479.1614,489.7772,472.8884,474.722,125803.0,60342708.65
2021-08-20,466.1328,482.5391,458.4122,462.755,139758.0,65457658.15
2021-08-23,471.9233,471.9233,445.0458,447.5068,124057.0,56352943.4
2021-08-24,448.7614,459.8115,447.3138,453.5385,97403.0,44112427.5
2021-08-25,456.482,469.5588,456.482,465.795,232794.0,108155032.05
2021-08-26,463.4306,474.722,459.4255,462.0795,172326.0,80408587.05
2021-08-27,461.4039,497.9804,461.3074,490.7423,390473.0,188712510.2
2021-08-30,488.6674,498.849,483.6007,486.9302,246903.0,121137049.9
2021-08-31,488.3296,491.2731,476.4109,478.7753,100593.0,48655908.65
2021-09-01,482.2496,489.2464,478.341,480.8503,114553.0,55263336.2
2021-09-02,483.2147,510.9124,482.0083,496.002,278027.0,138647135.85
2021-09-03,499.5245,500.5861,486.0134,488.1848,151923.0,74799102.25
2021-09-06,491.2248,495.9537,485.4344,488.8121,95572.0,46833124.75
2021-09-07,491.9004,496.195,486.3995,488.6191,93674.0,45934153.0
2021-09-08,493.4928,525.9677,490.2598,518.8743,798810.0,410654263.95
2021-09-09,518.9226,530.5518,514.6762,520.9493,350917.0,183924584.45
2021-09-13,519.2121,519.2121,500.8756,502.6128,147762.0,74891035.6
2021-09-14,506.6661,526.9327,500.3931,522.2039,349211.0,180568408.1
2021-09-15,525.0026,528.8629,511.3467,513.5182,182127.0,94477581.05
2021-09-16,517.0407,529.828,511.5397,513.4216,232854.0,120934195.95
2021-09-17,516.3169,516.3169,497.0153,507.9207,168366.0,85168583.85
2021-09-20,496.0502,506.6661,487.461,490.4045,101793.0,50660532.95
2021-09-21,491.0318,494.4096,477.8103,487.075,107896.0,52289845.55
2021-09-22,489.2947,520.1289,487.3645,514.6762,383423.0,195450779.9
2021-09-23,518.7296,526.9327,512.9874,514.4832,253914.0,131681503.5
2021-09-24,515.7378,524.0375,493.155,494.5061,347294.0,174712723.95
2021-09-27,497.9804,522.1073,497.0636,510.0439,353174.0,180878163.5
2021-09-28,511.4915,513.2769,494.8921,497.6909,190241.0,95412456.6
2021-09-29,494.1201,504.7359,491.6591,497.0153,107513.0,53556043.2
2021-09-30,499.814,502.0337,491.2248,494.6026,191006.0,94597595.65
2021-10-01,490.2598,496.7258,486.3995,488.9087,97684.0,47896769.75
2021-10-04,489.3912,507.1486,489.3912,502.5645,183346.0,91800334.3
2021-10-05,501.8407,549.9016,500.8756,532.5784,1368490.0,729864183.2
2021-10-06,533.6883,540.1543,511.4915,513.0839,321382.0,169543445.8
2021-10-07,517.1372,528.7181,511.6845,518.054,219265.0,113491302.0
2021-10-08,520.7562,521.0458,511.4915,513.3734,132903.0,68412627.1
2021-10-11,515.1588,520.9975,506.9556,509.4166,158133.0,81138415.75
2021-10-12,506.9074,536.5835,504.7359,531.4686,573380.0,302651559.45
2021-10-13,535.5219,536.4388,522.1073,523.4102,220997.0,116649325.45
2021-10-14,527.56,527.56,513.9042,515.1588,96157.0,49820054.55
2021-10-18,514.821,519.8877,506.7626,507.8242,126630.0,64717417.0
2021-10-19,511.0089,511.0089,493.2033,494.3131,213556.0,106758025.65
2021-10-20,494.1201,497.4013,479.4026,482.3461,177368.0,86240669.8
2021-10-21,486.1099,486.1099,473.6604,480.6572,148876.0,71555205.2
2021-10-22,483.0699,491.1766,471.9233,473.6122,165429.0,79184319.75
2021-10-25,478.3893,478.3893,465.8915,472.8401,94656.0,44710873.35
2021-10-26,472.7918,492.1899,472.3093,484.8071,146254.0,71006059.05
2021-10-27,484.4693,489.6325,476.7487,478.2928,72885.0,35169781.0
2021-10-28,478.1963,479.7887,466.2776,468.9315,75253.0,35567371.45
2021-10-29,468.1112,479.6439,462.369,466.0363,119371.0,55983731.65
2021-11-01,466.3741,472.5988,466.1328,468.7385,77701.0,36504358.2
2021-11-02,472.5988,490.2598,471.0065,473.6604,168472.0,81039379.4
2021-11-03,474.915,477.376,462.369,467.7734,98045.0,45919748.0
2021-11-04,471.4407,477.8103,469.4623,473.4674,20977.0,9937838.45
2021-11-08,472.8884,478.8718,471.0547,476.1696,105843.0,50304148.7
2021-11-09,476.7004,505.4115,475.7836,488.1848,338791.0,166914192.15
2021-11-10,489.1982,495.5194,485.5309,488.3779,90056.0,44089499.3
2021-11-11,491.9969,502.854,482.6356,490.9836,137532.0,68161121.2
2021-11-12,494.0236,501.1652,469.028,472.8884,471252.0,229735097.55
2021-11-15,478.4858,481.6706,465.988,468.256,138551.0,65254518.6
2021-11-16,472.5988,477.1347,468.063,472.1163,82449.0,39005298.8
2021-11-17,468.1595,476.3144,465.2642,467.0979,90257.0,42409429.0
2021-11-18,469.028,469.9931,452.2839,461.0661,102447.0,47275019.7
2021-11-22,467.0979,468.1112,428.6395,432.8859,165158.0,73143209.8
2021-11-23,428.9773,444.9011,410.1583,442.9709,109179.0,47791489.7
2021-11-24,443.936,456.9646,442.9709,450.1608,87226.0,39352233.15
2021-11-25,450.6916,467.9665,441.5233,459.0877,106317.0,48367715.15
2021-11-26,452.6217,457.4471,436.7944,439.9309,82126.0,36603331.95
2021-11-29,435.3468,439.3036,421.1602,427.1919,88015.0,37968425.95
2021-11-30,428.3982,443.4052,427.5779,431.776,56225.0,24447146.25
2021-12-01,433.2236,437.9525,419.7608,428.929,61802.0,26634039.15
2021-12-02,429.0738,438.9176,429.0738,436.6014,53917.0,23434445.55
2021-12-03,435.7328,446.7347,435.7328,440.1239,80585.0,35583387.85
2021-12-06,441.1373,444.5151,436.2154,437.4217,32150.0,14141553.9
2021-12-07,439.0141,442.5849,434.2852,436.4084,52247.0,22872416.0
2021-12-08,440.5582,495.2782,440.4617,473.0331,1144777.0,546781093.75
2021-12-09,474.3842,488.2814,466.6153,473.9017,318579.0,152312214.75
2021-12-10,471.9233,484.421,468.1595,472.2611,129749.0,61484946.95
2021-12-13,476.7487,480.223,463.0446,464.5887,143164.0,67305598.5
2021-12-14,461.2109,472.8401,457.9296,463.4788,103325.0,48151695.3
2021-12-15,467.0014,470.6204,455.5169,457.5919,74070.0,34270909.4
2021-12-16,461.3074,467.0496,454.1176,458.7017,66272.0,30470969.55
2021-12-17,460.2458,466.4223,443.936,447.169,167394.0,76341529.5
2021-12-20,446.0592,446.0592,431.39,435.0573,84245.0,36778315.25
2021-12-21,435.0573,450.5468,429.6046,438.0973,77008.0,33879403.2
2021-12-22,438.0973,458.7982,438.049,452.3804,157486.0,70819809.3
2021-12-23,453.4903,459.6668,452.0909,456.4338,60485.0,27552114.6
2021-12-24,456.5785,456.5785,443.5017,445.6731,51745.0,23168148.85
2021-12-27,445.6731,461.0179,439.8344,452.7665,69013.0,31100871.35
2021-12-28,454.5519,462.0795,454.4071,457.0128,57351.0,26269267.25
2021-12-29,459.2808,474.336,457.0128,461.5487,124535.0,58008759.55
2021-12-30,461.79,490.2598,453.635,475.3976,209150.0,98582282.15
2021-12-31,475.3976,481.5741,467.0979,469.6553,139074.0,65851601.75
2022-01-03,471.7785,481.5741,469.8484,472.5988,154848.0,73587911.95
2022-01-04,470.4757,479.3544,469.028,471.3442,73646.0,34930444.65
2022-01-05,470.8617,481.5741,468.063,478.0515,136670.0,65078055.55
2022-01-06,477.2312,494.1201,472.0198,487.3163,271328.0,132030767.45
2022-01-07,488.9087,497.9804,482.6356,486.3512,179502.0,88154713.7
2022-01-10,491.0801,492.0452,478.6306,481.6706,90611.0,44040268.9
2022-01-11,480.609,489.1499,476.8934,479.4991,100342.0,48505987.4
2022-01-12,482.5391,482.8769,468.5455,471.1995,137919.0,65339597.6
2022-01-13,473.7569,477.376,469.2211,473.5157,93468.0,44286408.95
2022-01-14,468.256,475.7353,468.256,472.7436,58149.0,27458219.6
2022-01-17,472.7918,505.122,472.7918,501.5994,523867.0,260295877.6
2022-01-18,505.5563,512.5531,484.7588,488.9569,232319.0,116172048.45
2022-01-19,491.2248,494.1201,480.7055,487.9436,102793.0,50047198.35
2022-01-20,484.4693,502.7575,484.4693,499.621,168158.0,83483581.75
2022-01-21,498.9455,515.1588,494.1201,503.9156,337841.0,171266367.65
2022-01-24,502.0337,511.4915,463.4788,470.3309,254280.0,123325320.85
2022-01-25,467.5804,500.8756,458.5087,494.2166,228015.0,111335157.1
2022-01-27,490.2598,512.167,484.9518,490.6941,251941.0,125816664.7
2022-01-28,493.155,503.0953,483.1664,486.7372,111507.0,55111664.95
2022-01-31,491.1283,494.7956,477.762,480.2712,101783.0,49407220.75
2022-02-01,483.9868,493.2033,473.9499,476.9899,146279.0,70587213.7
2022-02-02,481.381,493.348,476.0249,478.7753,169430.0,82064913.25
2022-02-03,481.4293,483.5042,473.0331,474.9633,112957.0,53860596.55
2022-02-04,475.7836,485.5309,472.8884,474.2395,88562.0,42268554.25
2022-02-07,472.8884,479.1131,465.9398,474.915,87958.0,41702937.5
2022-02-08,478.5823,478.5823,459.8115,468.3525,130288.0,60929313.55
2022-02-09,472.4058,487.3163,468.5455,482.6839,189612.0,91195936.5
2022-02-10,482.5391,491.0318,477.7137,484.9036,107806.0,52237907.05
2022-02-11,486.3512,489.2947,471.9233,477.5207,92789.0,44803662.4
2022-02-14,474.722,474.722,447.7963,451.9462,141646.0,65185242.05
2022-02-15,461.0179,468.063,444.1773,461.0661,148122.0,67627691.2
2022-02-16,459.3773,470.9582,453.5868,459.0877,67219.0,31175407.7
2022-02-17,461.3074,466.3258,454.0211,457.1093,74432.0,34253968.95
2022-02-18,453.5868,477.7137,450.6916,464.6852,221718.0,103121739.65
2022-02-21,459.6185,463.5271,447.9411,449.9677,118341.0,53802481.0
2022-02-22,441.7163,446.783,432.9824,442.2471,124652.0,54860246.5
2022-02-23,445.8662,471.7785,445.8662,460.1493,200478.0,92694283.9
2022-02-24,434.2852,447.7481,419.8091,424.6827,189687.0,82185612.65
2022-02-25,435.8294,455.0344,435.8294,451.7531,135262.0,60440699.25
2022-02-28,447.7963,455.1792,439.3519,446.0109,100478.0,44979090.1
2022-03-02,443.8395,457.7849,428.35,442.6332,132617.0,59087941.05
2022-03-03,446.8312,451.7049,442.7297,447.5068,74818.0,33472234.2
2022-03-04,445.7697,452.5735,437.9525,441.5716,89278.0,39813017.4
2022-03-07,434.1887,434.1887,421.5462,429.8941,90022.0,38553590.2
2022-03-08,429.4598,453.3938,429.4598,450.8846,112287.0,49282542.2
2022-03-09,452.6217,477.1347,449.823,466.3258,185353.0,86771228.45
2022-03-10,473.8534,479.9817,468.063,470.3792,121754.0,57798385.0
2022-03-11,466.2776,475.7836,462.2725,465.4573,90264.0,42198007.55
2022-03-14,463.7201,482.5391,463.7201,476.7487,163593.0,77637264.35
2022-03-15,478.5823,496.5328,476.0731,487.7506,272474.0,132977495.5
2022-03-16,492.4794,520.1772,489.5842,511.4915,587624.0,299743880.95
2022-03-17,521.1423,522.7829,497.1118,504.1086,284044.0,145356648.25
2022-03-21,517.282,520.1772,502.9023,507.5347,141690.0,72281462.3
2022-03-22,507.5347,514.6762,501.8407,507.969,98392.0,49916104.9
2022-03-23,510.5264,513.4216,498.1252,499.428,104423.0,52694468.6
2022-03-24,499.428,504.9772,490.308,493.734,103367.0,51348187.5
2022-03-25,496.195,496.9188,480.609,489.6807,170607.0,83405332.95
2022-03-28,492.0934,495.0852,480.802,484.1315,127514.0,62090880.65
2022-03-29,484.6141,501.7442,483.7455,487.7023,188801.0,92611433.95
2022-03-30,491.1283,491.1766,476.8452,478.8718,84156.0,40690921.65
2022-03-31,479.6922,487.7023,468.5938,472.5023,107119.0,51275010.6
2022-04-01,474.8185,489.7772,470.2344,486.882,66375.0,32142619.45
2022-04-04,490.5975,497.4979,486.9785,493.1067,106251.0,52430930.95
2022-04-05,496.8223,520.6115,493.541,508.2102,270223.0,137784346.9
2022-04-06,508.1137,511.3467,497.0153,502.468,107281.0,54083251.8
2022-04-07,503.7709,508.2585,494.1201,498.8972,77065.0,38597978.3
2022-04-08,502.8058,510.5264,495.3747,504.7359,134633.0,67304847.2
2022-04-11,508.5963,511.4432,499.9105,504.0121,97062.0,49248668.85
2022-04-12,506.6661,508.4997,493.1067,496.8706,72455.0,36140645.15
2022-04-13,499.9105,501.8407,490.6458,494.0718,113122.0,55901756.7
2022-04-18,484.4693,493.4928,483.0217,490.5975,114250.0,55771890.85
2022-04-19,495.7607,500.8274,488.0401,489.4877,111727.0,55059175.65
2022-04-20,497.6909,518.6813,488.3296,510.4299,264114.0,132947155.85
2022-04-21,518.247,538.6584,500.8756,505.1702,754566.0,394399030.9
2022-04-22,501.8407,506.6661,493.2033,494.9404,185182.0,92754554.1
2022-04-25,492.1899,492.769,483.7455,488.6674,145888.0,71198772.5
2022-04-26,494.7956,498.4147,487.6058,491.5626,95330.0,46814043.9
2022-04-27,492.1899,493.155,483.5042,491.5144,109102.0,53373369.65
2022-04-28,495.8572,495.8572,483.2629,486.882,95328.0,46525347.55
2022-04-29,490.1633,491.7556,474.8185,480.1264,215707.0,104186774.3
2022-05-02,475.108,482.0566,470.7652,477.4725,127761.0,60905895.9
2022-05-04,481.2845,481.2845,467.5804,472.2128,89681.0,42461065.65
2022-05-05,480.5125,480.5125,472.8884,476.0249,45624.0,21714775.25
2022-05-06,470.0896,484.0833,466.1328,480.9468,116528.0,55608170.65
2022-05-09,480.9468,480.9468,455.6135,462.369,83352.0,39178571.65
2022-05-10,461.3074,466.9531,447.9411,454.2141,74786.0,34390922.45
2022-05-11,455.5169,460.7766,429.4598,443.0192,92997.0,41217119.95
2022-05-12,439.1106,441.7163,407.263,410.6891,127725.0,53855249.4
2022-05-13,419.7125,430.3284,411.4611,427.0954,110384.0,46840317.95
2022-05-16,429.2668,452.6217,422.7043,445.5284,86760.0,38403872.05
2022-05-17,446.4452,464.1061,446.3487,456.1925,76130.0,34648085.4
2022-05-18,458.4122,469.7036,449.7265,451.1258,75158.0,34477313.5
2022-05-19,445.6731,449.1957,434.237,437.1322,56633.0,25044096.1
2022-05-20,443.936,456.482,443.8395,451.2224,49386.0,22280442.4
2022-05-23,453.5868,455.6135,436.4567,441.6198,83194.0,37131701.05
2022-05-24,440.5582,461.3074,439.1106,454.6484,76584.0,34295406.45
2022-05-25,452.6217,460.8249,440.1722,445.1906,58244.0,26044589.7
2022-05-26,437.277,443.55,425.5995,437.6147,104070.0,45310468.45
2022-05-27,442.3919,444.9493,420.7741,424.2967,148055.0,64567058.05
2022-05-30,428.4948,436.4084,409.9653,417.4929,119595.0,50585435.25
2022-05-31,410.1583,422.7043,409.1932,418.2167,89576.0,37525284.55
2022-06-01,418.844,423.7659,413.0535,416.576,59245.0,24762381.9
2022-06-02,417.9754,449.63,416.9138,443.743,326031.0,143026568.6
2022-06-03,448.6649,497.9804,444.9493,467.6769,1743975.0,838032735.25
2022-06-06,462.2725,488.2814,458.5087,478.0033,336204.0,159983710.6
2022-06-07,475.7836,484.7106,466.4223,471.6338,135958.0,64864775.7
2022-06-08,475.4458,482.4909,463.7201,469.2211,163283.0,77030308.2
2022-06-09,469.028,482.5391,467.0979,473.3709,125914.0,60043059.15
2022-06-10,469.9931,474.7703,463.2376,464.7334,62423.0,29209991.15
2022-06-13,460.7284,460.8249,436.3119,440.317,110905.0,49676712.4
2022-06-14,434.3817,448.6649,434.3817,437.663,71820.0,31730227.55
2022-06-15,439.2071,448.4719,439.1106,442.0541,42636.0,18896560.5
2022-06-16,447.7963,447.7963,421.7392,424.7792,74969.0,32381408.3
2022-06-17,426.5646,444.9011,418.651,439.1106,95281.0,41044328.7
2022-06-20,441.3303,448.7131,422.7043,426.7576,66410.0,28580397.35
2022-06-21,432.3551,445.6249,428.8325,439.3036,58021.0,25478871.35
2022-06-22,438.0973,443.6465,425.5995,426.2751,87607.0,38007314.4
2022-06-23,429.4598,446.6865,427.5779,438.242,56904.0,24777154.15
2022-06-24,440.4617,448.2789,435.2503,441.8611,124047.0,54662936.7
2022-06-27,451.6566,451.6566,436.4084,437.7113,113728.0,50176478.8
2022-06-28,438.1455,442.0059,432.5481,436.0706,36505.0,15930062.55
2022-06-29,434.1887,462.9481,433.3201,453.3455,241878.0,109580832.6
2022-06-30,452.6217,457.2058,447.3138,452.1874,54311.0,24544986.35
2022-07-01,453.4903,453.4903,442.0059,445.8662,39446.0,17632643.4
2022-07-04,443.4535,447.7963,440.0757,441.6681,26444.0,11712739.05
2022-07-05,446.7347,454.5036,441.089,444.6598,50571.0,22638059.8
2022-07-06,468.063,533.5918,468.063,533.5918,3839606.0,1986626604.9
2022-07-07,544.9797,545.2692,504.3982,517.7162,2072474.0,1082392789.4
2022-07-08,511.4915,521.1423,497.5944,502.082,644040.0,328136684.9
2022-07-11,502.8058,525.9677,500.3448,503.1436,642561.0,328503283.7
2022-07-12,504.2534,514.0489,492.4312,495.2782,318518.0,160357963.85
2022-07-13,498.8972,502.3232,453.2973,456.0477,618611.0,290616121.55
2022-07-14,462.0795,463.5754,440.9443,444.8046,296439.0,133421731.1
2022-07-15,447.7963,470.4757,446.4452,465.988,461895.0,212869605.15
2022-07-18,469.028,474.8185,460.9214,468.5455,170285.0,79788339.4
2022-07-19,466.0363,476.1696,465.988,470.6687,112067.0,52740901.9
2022-07-20,474.336,486.1099,474.2877,478.1963,253592.0,121427443.9
2022-07-21,480.5125,484.1315,476.8452,478.2445,95292.0,45664577.85
2022-07-22,479.6439,480.802,476.3626,478.0998,113511.0,54279206.35
2022-07-25,472.9849,489.2947,472.9849,477.955,194222.0,93331773.45
2022-07-26,480.3195,482.5391,471.4407,479.7887,124402.0,59418361.65
2022-07-27,480.609,482.4909,477.7137,478.6306,64202.0,30739855.0
2022-07-28,481.2845,481.2845,466.0846,468.449,80613.0,37901946.55
2022-07-29,468.5455,471.7303,456.7716,460.4871,112508.0,52010418.1
2022-08-01,463.0446,463.0446,450.8363,454.6484,123174.0,56162448.45
2022-08-02,455.4204,463.8166,449.7747,460.2458,134959.0,61550034.8
2022-08-03,462.562,462.755,453.635,456.3855,41343.0,18875948.0
2022-08-04,457.8331,468.9798,455.1309,464.5887,121922.0,56295218.2
2022-08-05,467.0014,469.0763,452.0909,454.6001,99719.0,45707049.9
2022-08-08,458.2192,464.6369,453.635,456.289,79562.0,36403583.65
2022-08-10,458.1227,462.9481,453.5868,457.6401,82981.0,37972939.25
2022-08-11,458.4122,461.8865,455.5169,456.7233,63422.0,29036065.05
2022-08-12,461.1144,465.988,456.0477,464.3957,144694.0,66672341.8
2022-08-16,444.2255,461.7417,444.2255,458.2192,104034.0,47525250.35
2022-08-17,460.8249,469.4623,458.5087,462.3208,139810.0,64712601.3
2022-08-18,462.2725,469.9449,458.4122,459.3773,102995.0,47644847.55
2022-08-19,461.6934,465.216,451.4636,457.4471,93181.0,42529538.95
2022-08-22,457.4471,457.4471,449.7265,452.0909,72670.0,32853439.8
2022-08-23,453.4903,457.6401,451.1741,454.6001,64907.0,29467880.75
2022-08-24,453.4903,461.2592,453.4903,457.6884,70146.0,32135161.4
2022-08-25,462.0795,464.9747,458.4122,461.9347,115450.0,53217357.05
2022-08-26,463.2376,470.7652,462.2725,467.2909,144220.0,67280215.05
2022-08-29,464.2027,465.6503,454.7931,463.3341,100237.0,46211443.85
2022-08-30,465.6985,482.2014,465.6503,473.9499,209499.0,99306777.6
2022-09-01,472.8884,481.3328,470.4757,478.0033,120730.0,57559711.35
2022-09-02,477.8103,500.8756,473.2744,490.308,358628.0,175691402.6
2022-09-05,493.8306,493.9753,475.7836,478.1963,102575.0,49678471.35
2022-09-06,480.609,501.5994,474.8185,489.922,204797.0,99996201.35
2022-09-07,488.3296,495.9537,478.6788,482.8769,131456.0,63850671.35
2022-09-08,486.3995,493.6858,482.8769,486.689,98175.0,47937503.8
2022-09-09,493.155,506.2801,487.3645,489.1017,236155.0,117199200.1
2022-09-12,489.1017,492.0934,478.6788,481.1398,78008.0,37626923.65
2022-09-13,485.0483,488.5226,475.3976,477.4242,112600.0,54049574.05
2022-09-14,472.3093,490.501,471.9715,479.6922,105472.0,50499807.7
2022-09-15,484.2763,490.8388,482.7804,487.8471,147906.0,72078525.4
2022-09-16,487.3645,487.3645,462.0312,466.0846,225749.0,106145756.65
2022-09-19,471.8268,482.5391,456.2408,476.8934,137549.0,64950766.75
2022-09-20,486.3995,491.9004,474.336,476.9899,93711.0,45171295.3
2022-09-21,476.9417,480.3195,470.9582,472.5506,82020.0,38957895.3
2022-09-22,469.028,510.2369,469.028,484.7106,882751.0,437813221.15
2022-09-23,487.075,497.0153,478.2445,487.7506,195787.0,95541594.4
2022-09-26,484.4693,496.7258,481.3328,489.2947,253243.0,123802798.8
2022-09-27,491.1283,497.9804,477.7137,486.496,205249.0,100077058.55
2022-09-28,483.5042,496.4363,480.1747,488.0883,200679.0,98512295.95
2022-09-29,493.1067,499.814,476.7487,486.1582,159776.0,77952975.4
2022-09-30,487.3645,490.9353,479.1614,485.4344,96764.0,47008809.65
2022-10-03,489.2947,489.2947,474.915,476.6039,78177.0,37599968.45
2022-10-04,481.5258,484.9518,474.336,477.6655,97229.0,46540243.75
2022-10-06,478.6788,487.7988,477.2312,479.5957,72849.0,35128589.1
2022-10-07,480.609,485.0001,472.9849,475.0598,85848.0,41075188.15
2022-10-10,468.063,484.7588,468.063,476.8934,115002.0,54912580.2
2022-10-11,481.2363,504.6394,475.7836,489.8737,303745.0,149132167.0
2022-10-12,493.9271,494.1201,480.4642,481.4776,80177.0,38931383.65
2022-10-13,481.5741,496.002,476.7487,489.1982,123888.0,60234386.7
2022-10-14,495.8572,495.8572,487.9436,492.1899,98409.0,48347935.75
2022-10-17,487.3645,496.4845,485.3861,489.4877,64393.0,31556422.0
2022-10-18,494.0236,494.0236,479.6922,482.8769,76812.0,37215120.7
2022-10-19,484.3728,488.2814,479.6439,480.609,50111.0,24174610.5
2022-10-20,481.0915,486.5442,477.7137,478.6306,44891.0,21555471.25
2022-10-21,481.2845,484.4693,475.8801,480.1264,36396.0,17452663.25
2022-10-24,485.9169,485.9169,475.7836,478.4858,14253.0,6821236.3
2022-10-25,479.7404,483.1664,475.7353,476.7004,49687.0,23787983.85
2022-10-27,479.1131,480.9468,468.9798,472.0198,72423.0,34440201.6
2022-10-28,472.0198,503.7226,472.0198,499.6693,609065.0,301235584.3
2022-10-31,499.6693,514.3867,497.0153,507.4382,311939.0,157976862.05
2022-11-01,511.4915,515.6413,498.5594,504.8807,206257.0,104416642.5
2022-11-02,506.6661,506.6661,481.1398,484.421,138518.0,67987893.05
2022-11-03,471.9233,486.3995,471.9233,477.9068,102065.0,48913108.9
2022-11-04,484.421,484.6623,476.7487,479.3061,71111.0,34127169.9
2022-11-07,482.5391,484.2763,471.9233,477.6172,99281.0,47347965.45
2022-11-09,480.416,487.3645,471.4407,474.1912,235600.0,112667522.75
2022-11-10,469.028,475.7836,462.2725,464.7334,160588.0,75391801.7
2022-11-11,470.6687,470.6687,451.2706,462.6585,179621.0,82623345.95
2022-11-14,469.9449,474.6255,459.9081,466.1328,126292.0,59065366.35
2022-11-15,463.3341,470.1861,457.5436,461.9347,89827.0,41756527.8
2022-11-16,461.3074,472.3576,460.9214,469.6071,86451.0,40294914.55
2022-11-17,472.4058,472.4058,463.3341,465.602,75627.0,35435415.05
2022-11-18,467.0014,468.3525,457.8331,460.1493,87049.0,40334232.3
2022-11-21,461.3074,465.602,454.6484,457.7849,52576.0,24220102.2
2022-11-22,456.482,461.6452,456.482,458.6052,73617.0,33783452.25
2022-11-23,463.1411,463.1411,457.4954,458.5569,47682.0,21901095.6
2022-11-24,458.4604,467.9665,456.9646,462.2725,68640.0,31603349.5
2022-11-25,466.0363,505.7975,463.6236,487.075,541516.0,263975600.7
2022-11-28,486.3995,494.1201,476.5074,481.7188,152106.0,73711282.3
2022-11-29,480.609,490.2598,477.2795,479.8852,86269.0,41676366.25
2022-11-30,476.2661,481.4293,473.7569,479.0649,47102.0,22483133.95
2022-12-01,481.4776,481.4776,472.0198,475.6871,42354.0,20178061.55
2022-12-02,477.4242,479.4991,461.3074,464.9747,141166.0,66117748.0
2022-12-05,468.6903,471.9233,458.4604,463.8649,91778.0,42778179.6
2022-12-06,464.5887,473.8534,459.4255,467.5804,90681.0,42415088.85
2022-12-07,469.028,469.028,461.3074,465.023,40721.0,18958316.0
2022-12-08,464.2992,466.6636,459.3773,461.79,64843.0,29987161.7
2022-12-09,464.9265,464.9265,456.8198,459.7633,67514.0,31078679.95
2022-12-12,455.5169,463.2376,455.5169,460.5354,51659.0,23719809.3
2022-12-13,462.755,462.755,455.6617,457.0611,36658.0,16793371.1
2022-12-14,458.4122,470.9582,458.3639,468.6903,84135.0,39140286.45
2022-12-15,472.8401,491.7074,472.7918,480.0782,337008.0,163427094.45
2022-12-16,476.7487,492.2382,475.8318,487.075,115383.0,55912105.0
2022-12-19,490.7423,494.1201,480.6572,483.7937,108111.0,52773315.55
2022-12-20,483.2629,493.155,478.2928,480.1747,115760.0,56233054.35
2022-12-21,482.5874,486.5925,461.79,465.1195,93685.0,44307452.15
2022-12-22,467.0979,472.4058,455.7582,466.3258,103746.0,48042569.7
2022-12-23,464.2027,466.1328,451.7531,452.4287,90908.0,41500534.4
2022-12-26,454.6484,460.9696,453.5385,454.8896,57953.0,26467960.05
2022-12-27,456.9646,465.1195,451.6566,454.8414,89866.0,41043068.25
2022-12-28,454.5519,464.2509,452.3322,458.0744,75504.0,34688207.0
2022-12-29,457.4471,458.943,449.5335,452.7182,58367.0,26444360.0
2022-12-30,454.4554,460.0528,453.2008,454.9379,43643.0,19915661.55
2023-01-02,455.5169,460.7284,450.9811,453.2008,65466.0,29768395.15
2023-01-03,453.9728,457.9296,452.7182,454.8414,40336.0,18341165.75
2023-01-04,456.289,457.3506,446.3487,448.8097,60631.0,27363401.1
2023-01-05,450.7881,450.7881,443.9843,445.5766,43188.0,19292221.85
2023-01-06,447.3138,466.5188,443.743,462.4655,120911.0,55126321.2
2023-01-09,463.2376,465.0712,453.1043,454.4554,65556.0,29983478.5
2023-01-10,454.5519,455.5169,442.2471,443.357,101054.0,45096771.3
2023-01-11,445.3836,445.3836,438.6281,440.7995,53953.0,23881437.05
2023-01-12,442.0059,443.6465,431.8725,433.6579,89920.0,39152641.5
2023-01-13,435.2503,435.2503,430.6179,433.4167,103177.0,44753260.8
2023-01-16,434.7678,437.2287,421.7392,426.6611,63239.0,27238186.1
2023-01-17,427.9157,428.543,412.764,420.0021,102862.0,43132108.5
2023-01-18,421.7392,422.1252,410.1583,411.7989,92915.0,38552410.3
2023-01-19,410.1583,410.1583,398.5773,400.3627,106239.0,42815126.5
2023-01-20,400.99,401.0383,366.778,369.7215,386666.0,147389806.7
2023-01-23,369.6732,370.1075,347.5247,365.1856,610312.0,220048954.85
2023-01-24,359.6847,367.6466,354.618,356.4999,181887.0,65255927.7
2023-01-25,355.6313,356.0174,323.3012,325.4244,535561.0,178547021.4
2023-01-27,325.2314,331.1666,270.7045,274.3235,1213336.0,350558964.1
2023-01-30,275.7229,301.3457,262.26,269.9806,814904.0,227435329.25
2023-01-31,276.4467,286.2905,260.5711,273.0689,577708.0,156930347.2
2023-02-01,275.0473,285.4702,250.9686,260.8124,442180.0,120147573.1
2023-02-02,264.3832,265.3965,252.561,254.2499,131569.0,34052524.65
2023-02-03,256.2283,256.6143,246.095,251.0169,146192.0,36685891.4
2023-02-06,250.9204,272.1521,250.3896,269.5464,291268.0,77501368.5
2023-02-07,271.0905,296.472,271.0905,296.472,283923.0,81503194.85
2023-02-08,313.6504,325.0384,278.9076,293.0943,1114607.0,337016245.9
2023-02-09,294.8314,298.933,290.7781,294.7832,170843.0,50348435.2
2023-02-10,292.8048,300.2841,292.8048,294.5419,134792.0,39790152.0
2023-02-13,282.9127,298.74,282.9127,294.3971,163244.0,48071417.95
2023-02-14,295.314,295.507,284.6498,290.4886,224871.0,64434813.65
2023-02-15,290.4886,295.1209,285.7114,287.4486,106095.0,30894035.85
2023-02-16,288.5584,291.5019,286.1457,287.2556,92011.0,26594570.85
2023-02-17,289.5235,292.1292,285.7114,289.7648,72966.0,21062851.6
2023-02-20,291.4536,291.4536,285.6632,287.4968,40148.0,11542317.0
2023-02-21,287.6416,289.1857,270.2219,275.6264,380366.0,104765685.7
2023-02-22,274.613,280.886,274.613,276.881,67742.0,18728656.55
2023-02-23,276.3019,278.6664,267.5197,271.5248,55261.0,15157183.05
2023-02-24,271.766,272.8759,260.6194,262.4048,86626.0,23045922.75
2023-02-27,262.7908,265.8791,260.5711,261.7292,82214.0,21537948.1
2023-02-28,263.4664,271.1387,261.5845,268.533,60780.0,16205292.25
2023-03-01,266.4581,274.9991,263.1286,267.4232,88637.0,23813569.95
2023-03-02,267.0372,294.1559,263.2251,294.1559,127615.0,35994525.95
2023-03-03,317.5108,323.5425,304.5787,323.5425,778286.0,245446903.25
2023-03-06,338.7425,355.8726,335.0752,342.0237,1770338.0,618681076.65
2023-03-08,343.5679,345.2568,326.486,330.9736,214315.0,71792689.5
2023-03-09,336.8123,336.8123,314.4225,314.4225,108444.0,34763080.65
2023-03-10,299.8981,308.7768,298.74,298.8847,282941.0,85113188.55
2023-03-13,300.1393,313.7952,286.4352,289.6682,418651.0,127635042.6
2023-03-14,292.8048,294.0594,281.0308,283.733,139361.0,40054831.55
2023-03-15,284.7946,289.4752,280.8378,281.7064,85317.0,24203922.2
2023-03-16,281.8029,281.8029,268.2918,269.2086,152835.0,41518086.65
2023-03-17,270.1737,282.6232,269.4016,282.6232,147839.0,41635061.5
2023-03-20,296.279,296.7133,273.4067,278.7629,482020.0,137463200.2
2023-03-21,280.3552,287.9311,279.3902,281.5133,111948.0,31753950.1
2023-03-22,283.54,285.3736,278.5698,281.5616,84722.0,23866197.3
2023-03-23,281.8029,283.9743,276.3984,279.2454,114152.0,31880113.1
2023-03-24,278.3286,280.2587,269.4981,272.4416,131275.0,35978773.0
2023-03-27,275.0473,278.2321,265.493,269.1603,144228.0,38989972.7
2023-03-28,266.3616,272.1521,260.5711,261.2467,145707.0,38357190.35
2023-03-29,261.4397,274.0822,260.6676,270.5597,146100.0,38944528.15
2023-03-31,276.9775,279.7279,270.2702,273.1654,104015.0,28712336.35
2023-04-03,276.881,286.8213,276.0124,286.8213,130437.0,36964336.8
2023-04-05,298.6435,301.1527,285.6632,301.0079,394778.0,117713023.95
2023-04-06,301.0562,301.1044,289.0409,293.1908,127094.0,37237329.45
2023-04-10,296.7616,299.1743,282.8162,288.2206,116548.0,34017241.0
2023-04-11,292.4187,310.4657,287.5451,293.0943,465176.0,138766853.5
2023-04-12,294.2524,300.3324,290.1025,291.2124,180506.0,53156439.1
2023-04-13,291.3571,291.6467,284.6981,289.7165,129741.0,37387150.55
2023-04-17,290.8746,293.8663,284.6981,286.2905,103958.0,29917780.45
2023-04-18,286.7248,289.8613,284.3121,285.9044,80812.0,23129219.95
2023-04-19,285.9044,294.2041,282.7197,290.3438,104731.0,30093683.65
2023-04-20,291.5501,292.274,284.7946,286.3387,77168.0,22139488.05
2023-04-21,287.0143,288.3171,278.8111,280.6448,111093.0,31436021.05
2023-04-24,281.7546,283.6365,279.1971,281.4168,53700.0,15092387.05
2023-04-25,281.8029,285.3254,279.8727,283.6848,86708.0,24469959.85
2023-04-26,285.1324,285.4219,281.8511,283.154,36713.0,10400054.45
2023-04-27,283.154,286.0492,280.4517,283.7813,63487.0,17966436.8
2023-04-28,285.8079,293.7698,284.6981,286.0975,176848.0,51107692.35
2023-05-02,287.4003,295.5552,282.2371,283.3952,138380.0,39704457.15
2023-05-03,283.6365,286.8213,281.3686,284.5533,58129.0,16535171.15
2023-05-04,283.0575,288.0759,281.9959,283.6365,61604.0,17492822.15
2023-05-05,285.3736,286.0009,279.8727,280.5,77614.0,21836568.0
2023-05-08,281.2238,284.8911,279.8727,280.7413,103595.0,29111215.7
2023-05-09,283.6365,286.5317,279.8727,280.2587,114937.0,32398522.05
2023-05-10,282.3819,284.6016,279.8727,280.2587,75090.0,21120703.65
2023-05-11,281.8029,284.6016,280.2105,281.7064,73349.0,20690822.25
2023-05-12,282.5267,292.2257,281.8029,283.6365,181301.0,52040565.6
2023-05-15,283.733,285.1324,279.8727,281.4651,44777.0,12630114.6
2023-05-16,281.8511,283.2505,279.8727,280.0175,90246.0,25334070.65
2023-05-17,280.7413,282.2854,279.8727,280.307,131086.0,36738087.05
2023-05-18,280.5483,282.3819,280.0175,280.3552,72621.0,20407327.65
2023-05-19,280.0175,282.3819,279.8727,280.1622,78845.0,22104538.7
2023-05-22,280.1622,281.4651,279.8727,280.307,86434.0,24219002.55
2023-05-23,280.114,287.7863,278.7629,285.0359,171951.0,48746272.25
2023-05-24,285.6632,291.1641,281.8511,283.4435,142330.0,40795727.55
2023-05-25,281.8994,285.3736,279.8727,281.4651,78367.0,22062756.75
2023-05-26,283.347,283.4435,279.6797,279.8727,140158.0,39257239.4
2023-05-29,280.8378,283.3952,279.8727,281.2238,114124.0,32058831.3
2023-05-30,280.9825,283.6365,279.8727,279.921,85648.0,24000872.45
2023-05-31,279.8727,281.4651,279.6797,280.2105,102736.0,28777284.9
2023-06-01,280.7895,281.7064,279.8727,279.921,103913.0,29100259.55
2023-06-02,280.7413,282.0924,279.8727,279.921,108579.0,30424944.0
2023-06-05,280.9343,282.1889,279.8727,280.0175,92924.0,26041474.15
2023-06-06,280.2587,298.2092,279.8727,288.9444,583184.0,169222229.85
2023-06-07,290.3921,297.8714,290.3921,291.1641,192695.0,56502651.05
2023-06-08,292.0809,293.0943,282.8644,286.5317,150331.0,43042495.1
2023-06-09,287.7863,287.7863,280.9343,282.8162,98906.0,28048253.95
2023-06-12,281.5616,284.1673,280.3552,281.5616,93957.0,26422482.25
2023-06-13,281.8029,285.9044,279.9692,281.2238,92420.0,26083510.5
2023-06-14,282.6232,283.347,280.0657,281.3203,70734.0,19907132.85
2023-06-15,280.8378,281.8029,277.267,278.5216,88400.0,24737199.45
2023-06-16,279.8727,280.693,276.8327,277.1705,72302.0,20145725.9
2023-06-19,277.4118,278.9076,271.187,271.8143,110912.0,30359620.25
2023-06-20,271.8143,276.5914,271.187,271.2353,194889.0,52969602.05
2023-06-21,272.4899,274.3235,271.2353,272.0073,120086.0,32715126.95
2023-06-22,271.7178,278.8594,271.187,272.4416,180717.0,49498312.1
2023-06-23,273.1172,273.1172,271.187,271.4283,80858.0,21962065.45
2023-06-26,272.0073,273.3102,271.187,271.2353,142851.0,38819584.55
2023-06-27,272.1521,278.9076,271.4283,272.5864,95375.0,26170186.3
2023-06-28,273.9375,273.9375,267.3749,269.4499,93077.0,25198212.6
2023-06-30,270.7045,273.841,267.3267,267.8575,77303.0,20881625.8
2023-07-03,270.994,271.0905,267.3267,269.0638,57069.0,15332082.9
2023-07-04,270.1737,288.3654,267.9057,271.766,256134.0,70766948.1
2023-07-05,273.0206,278.8594,272.7794,275.9641,124758.0,34527589.7
2023-07-06,275.5298,277.846,273.1172,274.4683,62874.0,17263241.35
2023-07-07,273.9375,275.3851,269.9324,270.6562,91307.0,24761353.3
2023-07-10,272.7794,272.7794,266.6511,268.726,55826.0,14985271.9
2023-07-11,268.6778,270.801,267.1819,267.9057,54187.0,14566312.15
2023-07-12,268.7743,269.2568,260.5711,263.1286,76716.0,20325855.55
2023-07-13,264.4314,270.0289,263.0803,264.721,301178.0,79816556.75
2023-07-14,264.4314,266.0721,260.5711,261.3915,88867.0,23306077.45
2023-07-17,262.9356,265.3965,260.5711,262.1635,117309.0,30788430.2
2023-07-18,263.3699,264.3832,258.6892,262.4048,138474.0,36159981.0
2023-07-19,262.7426,263.4664,260.5711,260.9089,61636.0,16107451.55
2023-07-20,260.9089,263.4664,260.6676,261.3432,82815.0,21660714.05
2023-07-21,260.9089,261.3432,257.4829,259.4613,58182.0,15088140.2
2023-07-24,260.5711,262.2118,258.0137,258.9788,61443.0,15950563.35
2023-07-25,260.0403,303.7101,259.0753,274.2752,2338923.0,668499411.6
2023-07-26,275.4816,281.6098,272.1521,274.3718,306863.0,85043049.0
2023-07-27,274.5165,275.7711,270.3184,272.0073,108108.0,29475401.35
2023-07-28,271.187,276.9775,271.0905,273.841,100895.0,27692788.95
2023-07-31,275.4333,276.881,271.766,273.7927,93281.0,25543976.85
2023-08-01,275.4333,276.3984,272.2486,273.9857,70513.0,19330621.85
2023-08-02,274.0822,281.3203,271.3318,273.6962,131602.0,36269430.8
2023-08-03,273.6962,274.5165,267.568,272.1038,125385.0,33977138.55
2023-08-04,272.1521,274.0822,270.4632,271.6695,56864.0,15469736.0
2023-08-07,272.6346,275.4333,270.2702,271.7178,97933.0,26693131.25
2023-08-08,273.1172,277.267,270.7527,273.3584,98714.0,27025048.4
2023-08-09,272.6829,273.9857,270.3667,271.2353,71054.0,19298994.55
2023-08-10,272.1521,272.1521,267.8092,269.0156,76179.0,20539508.2
2023-08-11,270.1254,278.8594,258.641,272.9241,378336.0,101690454.2
2023-08-14,272.9241,277.9425,268.3883,269.2086,88401.0,23910777.35
2023-08-16,268.2918,269.4981,265.6378,267.761,71209.0,19047117.25
2023-08-17,268.1953,271.6695,266.8441,268.0987,45170.0,12160585.75
2023-08-18,267.3267,269.9324,265.493,267.2302,58599.0,15676108.7
2023-08-21,268.6295,269.9806,260.7159,261.5362,132175.0,34829616.8
2023-08-22,263.4664,273.0689,259.6543,261.2949,186950.0,49715692.7
2023-08-23,262.8873,266.3134,257.8689,259.7508,145451.0,38114618.65
2023-08-24,260.1369,264.5762,258.7857,259.8956,151978.0,39694355.8
2023-08-25,259.6061,273.0689,257.0969,260.8124,542506.0,143404718.55
2023-08-28,264.2384,264.8175,259.5578,260.4746,83068.0,21723359.3
2023-08-29,262.5013,267.2302,262.26,263.5629,155810.0,41233651.45
2023-08-30,264.8175,275.9641,264.8175,270.7045,293782.0,79606953.9
2023-08-31,274.0822,275.0473,266.4099,267.568,138317.0,37370485.2
2023-09-01,268.9673,269.4499,264.528,266.9407,95928.0,25557720.6
2023-09-04,269.4499,269.4981,264.4797,265.5413,111221.0,29579553.05
2023-09-05,265.5413,269.2568,263.6111,264.2384,122095.0,32372910.9
2023-09-06,264.4314,265.6378,260.4264,261.0054,136007.0,35728163.55
2023-09-07,261.7775,264.4314,261.7775,262.8391,124291.0,32739618.45
2023-09-08,264.4314,264.4314,261.0537,262.5978,122497.0,32197014.15
2023-09-11,262.9838,263.4664,260.7642,262.067,106257.0,27867006.45
2023-09-12,262.4048,263.8041,254.7807,257.2416,169881.0,43817211.85
2023-09-13,258.5445,259.9921,255.4562,256.9038,160110.0,41212969.3
2023-09-14,258.5445,282.5749,258.4962,274.42,1054890.0,289318059.05
2023-09-15,275.9159,279.8244,270.5597,271.573,232644.0,63783550.4
2023-09-18,268.533,272.9724,265.3965,265.8308,98949.0,26372056.65
2023-09-20,264.3349,266.3134,261.1984,263.1286,91220.0,23986199.7
2023-09-21,262.453,267.9057,259.9438,261.681,131204.0,34453831.1
2023-09-22,263.4664,271.187,261.5362,267.954,274044.0,73266636.15
2023-09-25,268.4848,269.2568,262.9838,263.8041,119689.0,31667080.4
2023-09-26,263.8041,264.3832,261.5845,262.6943,92059.0,24224471.2
2023-09-27,262.7426,263.9489,260.5711,261.5845,80100.0,20952241.7
2023-09-28,262.9356,262.9356,259.5578,260.0403,96221.0,25062855.05
2023-09-29,260.8607,265.8308,259.7991,261.4397,114604.0,30006573.5
2023-10-03,261.4397,262.8873,261.4397,261.7775,72238.0,18920281.6
2023-10-04,261.7775,264.4314,257.7242,259.7991,90723.0,23649431.2
2023-10-05,260.5711,262.0188,258.641,259.3648,72062.0,18735033.65
2023-10-06,260.3781,261.3432,258.448,259.9921,41624.0,10809967.85
2023-10-09,257.1934,258.3515,252.8505,253.7673,93075.0,23718137.6
2023-10-10,254.7807,259.6061,251.8854,256.0835,114322.0,29235369.5
2023-10-11,260.4746,262.6943,257.7242,260.4264,118897.0,30955758.7
2023-10-12,262.0188,266.1686,260.0403,262.6943,96018.0,25180906.1
2023-10-13,260.0886,264.8657,259.9438,262.9356,95121.0,24941694.75
2023-10-16,262.9838,264.4314,261.0537,262.8391,82418.0,21663539.5
2023-10-17,264.1902,264.6245,261.5362,263.4181,67485.0,17762549.3
2023-10-18,264.3349,264.4314,259.027,261.7775,102086.0,26690190.75
2023-10-19,260.6676,273.7445,259.9438,264.8175,185613.0,49230357.55
2023-10-20,265.7826,265.7826,260.6194,262.1153,103227.0,27072940.85
2023-10-23,273.1172,273.1172,262.1153,263.4664,294901.0,78919044.7
2023-10-25,266.2168,266.2168,256.7108,259.6061,172493.0,44956677.6
2023-10-26,256.8556,261.4397,253.9603,260.1851,87765.0,22636602.05
2023-10-27,261.3915,265.3,259.413,263.2734,70550.0,18487718.75
2023-10-30,263.9489,263.9489,258.2067,262.1635,67774.0,17690520.05
2023-10-31,263.9489,263.9489,259.7991,261.2467,54106.0,14131475.45
2023-11-01,261.5362,261.7292,257.4346,260.0403,79027.0,20526208.2
2023-11-02,261.5362,262.5978,259.7026,260.5711,57504.0,14991248.75
2023-11-03,261.874,267.4714,260.0886,263.8041,134783.0,35488875.3
2023-11-06,265.1553,265.1553,260.5711,261.2949,97603.0,25534644.85
2023-11-07,261.0537,265.8791,260.2816,262.8873,97159.0,25543707.05
2023-11-08,264.2384,270.2219,261.3432,264.721,274022.0,72773715.5
2023-11-09,264.1419,264.8175,260.2816,263.1286,101493.0,26614350.9
2023-11-10,264.4314,265.9756,261.1019,263.8041,81806.0,21528026.05
2023-11-13,264.5752,264.5752,260.5271,261.8765,80718.0,21115228.95
2023-11-15,265.3945,265.3945,260.0452,262.9849,104114.0,27272263.4
2023-11-16,264.1897,265.7318,261.8765,262.3584,97104.0,25562530.45
2023-11-17,261.2018,263.515,257.8283,258.9849,131358.0,34181158.1
2023-11-20,259.2741,261.3945,259.2741,259.5632,79191.0,20584048.75
2023-11-21,260.1897,264.4788,260.1897,261.6355,72749.0,19061605.9
2023-11-22,262.1656,268.7198,261.3463,265.1053,150259.0,39739893.3
2023-11-23,265.9728,291.2737,265.3463,278.1654,2057767.0,581226197.2
2023-11-24,277.5871,286.2617,274.2137,282.5027,406606.0,113772727.9
2023-11-28,282.2618,290.6954,275.7558,283.322,417687.0,118594388.5
2023-11-29,283.8521,289.7316,281.6353,283.081,257907.0,73526752.4
2023-11-30,282.4063,287.9966,282.4063,285.4424,168140.0,48024347.05
2023-12-01,286.8882,289.6352,280.8642,281.9726,134421.0,38259033.5
2023-12-04,284.2376,286.7436,279.7558,281.6353,106464.0,30090417.25
2023-12-05,281.9244,289.587,281.4425,282.6955,203446.0,58058632.6
2023-12-06,284.1413,286.6954,281.6353,284.575,110273.0,31320763.3
2023-12-07,285.2497,285.2497,279.0811,280.4305,111334.0,31354116.4
2023-12-08,281.6353,286.0689,279.6112,282.7437,114995.0,32479287.0
2023-12-11,283.3702,288.1894,282.5027,285.587,92992.0,26502141.2
2023-12-12,286.2617,288.334,280.3341,282.1654,101931.0,28940803.4
2023-12-13,282.4063,284.3822,280.8642,281.4907,55278.0,15596466.5
2023-12-14,284.1413,284.7678,281.4425,282.5027,59773.0,16895964.75
2023-12-15,283.7075,338.984,282.4063,338.984,4342581.0,1405628237.4
2023-12-18,346.4056,346.4056,325.8275,326.7914,1251060.0,416592742.35
2023-12-19,326.7432,392.14,323.948,386.1642,4108072.0,1541529586.1
2023-12-20,375.8992,436.1395,362.5018,379.1281,5267049.0,2142230394.4
2023-12-21,367.4174,407.7061,361.4416,395.8508,1248960.0,493463525.3
2023-12-22,397.1038,404.8145,385.5377,387.6581,389559.0,154062943.1
2023-12-26,389.393,400.8628,380.5739,391.7063,220118.0,86098802.6
2023-12-27,393.2484,405.6338,388.9593,398.7423,289200.0,115663280.0
2023-12-28,399.1279,401.4411,390.8388,393.2966,113076.0,44647771.7
2023-12-29,392.2846,394.0677,381.6823,383.8027,114152.0,44249112.95
2024-01-01,388.622,405.7302,387.0798,399.4652,493253.0,197756351.55
2024-01-02,399.4652,400.0435,387.4172,391.7545,229863.0,90102394.15
2024-01-03,392.0918,404.8145,385.8268,399.2243,341578.0,135538770.95
2024-01-04,403.8507,408.6699,395.2725,403.0796,609332.0,245653544.8
2024-01-05,404.8145,405.3447,400.0917,404.0917,479157.0,193522176.25
2024-01-08,405.7302,405.7302,393.7303,394.5978,187794.0,74839919.4
2024-01-09,400.911,403.8507,385.9714,393.4894,168580.0,66762268.75
2024-01-10,396.0436,396.0436,386.7907,391.7545,120289.0,46969121.2
2024-01-11,393.2484,393.8267,383.61,389.1039,142180.0,55324691.0
2024-01-12,390.8388,404.8145,385.6341,392.9111,4211550.0,1654433003.0
2024-01-15,404.8145,405.1037,391.3207,393.0557,217116.0,86045046.05
2024-01-16,396.6219,396.911,381.6823,389.7786,151725.0,59025911.4
2024-01-17,384.9594,392.1882,377.2004,380.4775,146955.0,56418795.05
2024-01-18,377.4896,393.7303,376.8631,382.5979,200329.0,76962358.6
2024-01-19,385.2485,399.417,380.0438,383.2726,277060.0,107814710.75
2024-01-23,389.8332,393.8742,364.2088,372.8612,382917.0,144951507.15
2024-01-24,375.6186,387.1234,371.958,374.2875,206277.0,77859273.4
2024-01-25,376.3317,392.1627,375.9989,384.1759,491360.0,189708199.2
2024-01-29,389.8332,390.8316,375.0006,384.7464,542730.0,208162788.45
2024-01-30,386.9808,418.1199,380.2776,405.5217,2031246.0,817516563.3
2024-01-31,407.1856,409.0872,388.2169,391.2119,558854.0,223494000.5
2024-02-01,392.5906,392.5906,376.0465,384.0333,536001.0,205360302.3
2024-02-02,388.3119,399.6266,381.2759,385.0316,423802.0,165225027.55
2024-02-05,385.0316,394.0168,378.6612,386.6956,326753.0,126256254.95
2024-02-06,386.9808,389.5955,379.8497,380.6579,169172.0,64712757.75
2024-02-07,388.8349,392.6857,382.6546,385.2218,238538.0,92237735.95
2024-02-08,385.3169,394.2545,377.9005,379.4694,309387.0,118600299.7
2024-02-09,380.4202,381.2759,356.6499,362.4974,354829.0,130439339.65
2024-02-12,364.9219,369.676,348.045,360.0253,829761.0,298200341.55
2024-02-13,366.0629,370.294,354.8433,358.7892,265621.0,96144077.9
2024-02-14,355.604,362.7351,352.7991,358.2663,122168.0,43733705.8
2024-02-15,360.0728,360.9761,353.7024,355.7466,148376.0,52913979.2
2024-02-16,349.8991,363.4006,348.1876,354.0351,247010.0,87801938.0
2024-02-19,354.7007,386.9808,352.0384,373.4793,672385.0,252445765.55
2024-02-20,375.571,378.6136,369.0104,370.9596,131242.0,49037677.2
2024-02-21,374.6202,397.9627,365.3023,392.0677,979174.0,381202649.35
2024-02-22,395.3955,404.0954,389.8332,393.1611,811712.0,321192759.6
2024-02-23,395.8709,424.633,386.9808,394.6348,2173519.0,879359941.7
2024-02-26,397.4873,411.7495,394.5873,398.5332,562027.0,225750816.3
2024-02-27,398.5332,403.8577,377.4727,380.6579,415609.0,162187955.65
2024-02-28,380.8956,383.0349,364.9695,367.9645,425465.0,158165235.9
2024-02-29,368.44,369.8662,359.74,366.6809,191865.0,70081750.85
2024-03-01,367.0137,375.0481,366.158,369.2006,153049.0,56582669.05
2024-03-04,368.0262,373.9924,361.5902,364.3619,227158.0,82973347.8
2024-03-05,363.6102,363.8451,356.2816,358.8185,135714.0,48789005.4
2024-03-06,359.5231,359.5231,345.8055,347.9665,227709.0,79511619.2
2024-03-07,349.5168,356.9393,346.6981,350.5033,204892.0,71919210.95
2024-03-11,349.5168,353.7448,346.6981,348.4833,127822.0,44692850.85
2024-03-12,340.45,347.8256,328.9404,331.853,304415.0,103080035.5
2024-03-13,332.6047,337.3025,295.9618,303.4313,329256.0,103625711.7
2024-03-14,305.6393,324.1486,300.8005,309.2566,271946.0,85521437.0
2024-03-15,308.1761,321.33,306.3909,310.525,257483.0,80375076.25
2024-03-18,310.525,316.5852,304.6997,309.3036,185003.0,57311407.8
2024-03-19,309.0217,311.0887,299.1563,300.9885,147820.0,44812517.7
2024-03-20,302.8206,307.6593,293.2371,296.9483,294067.0,88437913.9
2024-03-21,301.4582,318.3234,300.8945,309.2566,612464.0,191219163.35
2024-03-22,309.2566,311.1357,301.5992,302.8676,249216.0,76311510.75
2024-03-26,302.8676,305.9681,295.9618,298.3107,478643.0,143765410.65
2024-03-27,299.4382,304.3239,288.4453,290.7942,652540.0,194091214.7
2024-03-28,292.1566,299.3442,281.9623,284.781,360524.0,104795693.55
2024-04-01,287.1299,312.8739,287.1299,310.0552,314210.0,95953765.95
2024-04-02,309.7264,322.1756,306.9077,319.169,224813.0,70811297.6
2024-04-03,320.3904,328.7525,320.3904,327.0613,257752.0,83896404.9
2024-04-04,328.8464,337.5844,326.5445,331.6182,244848.0,81261517.15
2024-04-05,333.0745,345.0539,329.3632,342.0473,206848.0,69697686.6
2024-04-08,345.2888,345.8995,334.8127,337.3025,161391.0,54882271.15
2024-04-09,339.1816,342.8459,324.1017,330.3028,154294.0,50915126.9
2024-04-10,331.6651,344.819,326.0278,339.7923,180501.0,60806081.95
2024-04-12,339.4635,347.0739,332.6047,344.3022,238604.0,81682532.9
2024-04-15,333.7791,340.2151,328.9404,335.5643,141998.0,47528910.8
2024-04-16,330.5377,348.9531,330.5377,340.8728,184671.0,63322843.5
2024-04-18,343.5036,347.8256,337.3025,338.6649,154613.0,52785172.25
2024-04-19,333.5443,341.0607,328.2827,333.9671,222815.0,74280969.55
2024-04-22,335.6583,342.9399,335.3764,341.2487,88493.0,30130168.4
2024-04-23,343.0808,366.7108,339.2286,355.3421,623498.0,221720079.2
2024-04-24,357.0333,361.6371,353.5569,356.2816,177114.0,63329521.5
2024-04-25,357.0333,359.711,352.3825,355.2011,102974.0,36634415.95
2024-04-26,357.8789,357.8789,347.7786,349.7047,98772.0,34739413.15
2024-04-29,351.7717,353.416,345.8055,347.027,83008.0,28947338.9
2024-04-30,347.8726,348.2954,338.2421,340.9668,131524.0,45095399.0
2024-05-02,340.7789,344.6781,338.1951,343.6445,74221.0,25360337.1
2024-05-03,343.6445,346.3693,332.1349,337.0676,89955.0,30454470.65
2024-05-06,338.6649,339.5105,326.8264,327.5311,66207.0,21875473.4
2024-05-07,327.5311,331.947,314.0953,318.4643,104430.0,33381414.2
2024-05-08,318.6052,323.6319,315.6926,321.4709,110544.0,35396249.95
2024-05-09,321.4709,323.8668,310.9948,312.1692,85664.0,27000003.0
2024-05-10,313.7195,315.7865,307.7063,311.5585,101303.0,31529871.55
2024-05-13,308.1761,311.5115,296.9014,298.3577,182159.0,55110324.05
2024-05-14,300.0959,303.6662,290.1365,298.9214,331586.0,98119447.8
2024-05-15,301.5992,302.3978,289.4788,290.9821,298870.0,87761604.45
2024-05-16,293.1431,296.1497,288.6802,290.5123,178990.0,52064192.95
2024-05-17,291.5459,348.5772,289.009,347.4498,2144984.0,712953333.5
2024-05-21,348.7613,348.7613,314.9052,317.9168,1012650.0,329434540.35
2024-05-22,316.6053,320.6369,307.2305,308.6877,234790.0,73073149.7
2024-05-23,307.4734,332.2461,306.3562,309.8049,619307.0,197414080.1
2024-05-24,310.8735,314.7595,306.5505,309.4649,206823.0,64095601.65
2024-05-27,308.9306,310.8735,304.0246,306.5019,119350.0,36550307.8
2024-05-28,307.9591,309.1735,299.7501,302.9074,163354.0,49746713.95
2024-05-29,300.1873,304.5104,290.9582,299.4587,144111.0,43223906.05
2024-05-30,297.2728,319.7626,293.9698,296.6899,568336.0,173835907.85
2024-05-31,300.1873,301.2073,294.407,295.1356,116061.0,34398688.8
2024-06-03,304.0732,306.0161,293.5326,295.8156,249227.0,74036480.4
2024-06-04,297.2728,297.2728,272.2572,284.6922,246737.0,70010900.15
2024-06-05,289.9867,294.407,274.7831,286.4408,131886.0,37626370.3
2024-06-06,288.4324,306.0161,288.4324,297.9529,253398.0,75856679.3
2024-06-07,300.333,306.0161,299.2158,300.8673,128124.0,38727280.9
2024-06-10,304.3161,338.5607,304.3161,332.6347,1331106.0,432425702.85
2024-06-11,330.3031,330.3031,323.0656,327.0973,245871.0,80284622.1
2024-06-12,326.4172,332.149,315.4395,318.0139,397344.0,128637870.7
2024-06-13,319.9569,320.7826,313.788,319.0825,258268.0,82142669.95
2024-06-14,319.1311,337.5892,317.2853,327.9716,621294.0,204462574.1
2024-06-18,329.8174,338.075,329.8174,334.2376,483065.0,161369624.5
2024-06-19,335.5977,344.8753,329.6717,335.4034,332278.0,112130813.9
2024-06-20,337.0549,339.7265,330.3517,335.452,203497.0,68439372.3
2024-06-21,336.8121,337.5892,330.3517,334.0919,139897.0,46763984.1
2024-06-24,330.9832,339.0465,325.5915,329.2831,164035.0,54496443.7
2024-06-25,330.1088,332.2947,326.903,329.1859,83370.0,27475039.25
2024-06-26,330.3031,332.149,320.5398,322.2884,132403.0,43047061.9
2024-06-27,323.5028,326.1258,315.6824,316.6538,128228.0,41090077.9
2024-06-28,316.9453,323.9885,314.8566,316.0224,127902.0,40714902.0
2024-07-01,317.4796,324.6686,315.7309,317.2367,157594.0,50216792.5
2024-07-02,319.034,328.0687,317.2367,319.0825,167599.0,53935489.95
2024-07-03,321.0741,326.3686,318.7425,320.0055,148942.0,47928272.0
2024-07-04,321.0741,323.9885,318.6454,320.6369,114613.0,36775827.6
2024-07-05,320.6855,333.2176,320.5883,325.4457,258576.0,84752200.5
2024-07-08,338.1721,384.9489,333.6062,353.4729,2451382.0,890575880.65
2024-07-09,354.9787,354.9787,342.981,345.3125,358423.0,125070362.35
2024-07-10,344.7782,352.5986,332.7804,349.0527,223218.0,76747697.3
2024-07-11,347.8384,350.4128,343.0295,344.7296,82993.0,28709243.6
2024-07-12,342.3009,345.4582,332.1975,333.8005,206730.0,69567683.55
2024-07-15,335.7434,342.9324,328.4088,333.9948,128829.0,43099926.15
2024-07-16,334.8691,336.6663,328.4573,330.3031,143868.0,47748996.15
2024-07-18,330.3031,332.5861,322.9199,327.5344,98826.0,32372424.55
2024-07-19,327.0973,332.149,320.1026,327.3887,94443.0,30819604.45
2024-07-22,327.2916,332.6833,322.8713,329.526,88766.0,29250206.75
2024-07-23,327.2916,333.7033,320.9769,326.7572,180928.0,59395680.9
2024-07-24,328.1659,339.5322,325.9801,337.4435,115125.0,38655958.7
2024-07-25,334.6748,341.6695,333.7033,339.095,121291.0,41067815.55
2024-07-26,339.9694,349.6356,339.095,344.1953,292041.0,100984919.85
2024-07-29,346.8183,349.6356,343.8553,345.1668,145582.0,50363026.2
2024-07-30,348.6155,355.9016,343.5638,345.0211,163783.0,57151210.6
2024-07-31,346.7697,349.927,340.1637,342.7381,181807.0,62666750.8
2024-08-01,344.5839,346.4297,329.6717,334.1405,140976.0,47310025.65
2024-08-02,327.4858,336.7635,327.4858,329.2831,113107.0,37521699.3
2024-08-05,323.0656,325.8829,310.6307,313.3994,188408.0,59680485.75
2024-08-06,316.7024,321.997,306.0647,308.1534,204823.0,64022062.15
2024-08-07,312.9622,320.394,309.3192,318.8397,107717.0,34034969.45
2024-08-08,320.7826,321.7541,313.788,315.2938,77940.0,24760324.3
2024-08-09,318.4511,335.1605,317.2853,325.3972,199345.0,65034730.35
2024-08-12,324.0857,373.0483,321.657,330.2546,1509664.0,527755513.85
2024-08-13,333.1204,336.132,325.4943,329.6717,242872.0,80359816.8
2024-08-14,332.149,332.149,320.0055,322.9685,908719.0,294873183.4
2024-08-16,329.2345,337.3949,322.7256,335.2091,262727.0,87136746.25
2024-08-19,341.9609,372.0768,336.132,351.87,992791.0,356873470.65
2024-08-20,354.6873,364.5964,348.6155,359.5933,561337.0,199251178.1
2024-08-21,358.4761,369.9395,351.6757,354.3958,1022929.0,369953541.05
2024-08-22,358.0875,359.399,349.7813,355.8531,276497.0,98312686.4
2024-08-23,357.796,364.2078,348.8584,350.3642,358997.0,127183482.75
2024-08-26,353.6187,383.1516,345.8468,355.7559,1464258.0,530580479.85
2024-08-27,360.6619,385.6775,360.6619,382.1316,2036610.0,767595148.3
2024-08-28,390.5349,400.2497,382.3745,394.8094,2022777.0,798627271.3
2024-08-29,394.6151,407.9244,373.194,377.1285,2494488.0,980107065.75
2024-08-30,381.6944,385.7746,372.854,375.5255,363118.0,137341042.35
2024-09-02,377.0799,394.2265,370.1338,382.8602,946882.0,364857028.2
2024-09-03,384.026,384.706,375.9627,381.1601,517633.0,196756686.85
2024-09-04,381.2087,385.1918,377.9057,380.8687,428370.0,163221384.85
2024-09-05,384.6089,387.7662,379.12,384.1231,355092.0,136428387.7
2024-09-06,386.649,388.0576,371.4453,374.5055,396782.0,149512906.05
2024-09-09,374.5055,374.6998,367.2679,369.2109,226065.0,83614771.45
2024-09-10,372.2225,376.8856,365.4221,368.0937,337976.0,125209591.15
2024-09-11,369.1623,369.5509,359.9818,363.0906,230900.0,84272285.05
2024-09-12,366.6365,374.5055,355.8045,371.9796,510703.0,187208420.4
2024-09-13,374.9426,386.1147,371.0081,373.4854,439887.0,166040388.95
2024-09-16,374.0683,374.9912,360.8076,362.2163,337558.0,123243075.05
2024-09-17,362.2648,363.8678,354.4444,356.0959,421962.0,150553745.55
2024-09-18,356.0474,360.9048,347.4498,350.4128,392663.0,138998642.75
2024-09-19,353.5215,357.9417,339.0465,344.3896,334524.0,115579582.75
2024-09-20,345.7982,354.5901,337.3949,347.1097,531447.0,184112864.5
2024-09-23,347.7898,348.0326,340.0179,342.2523,267737.0,91664521.75
2024-09-24,342.9324,353.0358,337.8807,341.038,418942.0,144234987.95
2024-09-25,340.9894,343.8553,335.1605,337.2006,299471.0,101227623.95
2024-09-26,338.075,341.2323,330.4003,332.2461,247449.0,82828095.35
2024-09-27,333.1204,341.9609,326.1258,327.4858,370073.0,123081681.6
2024-09-30,327.3401,331.0803,321.7541,325.7858,276760.0,90304928.35
2024-10-01,326.8058,354.9787,326.0286,350.9957,957297.0,331316879.3
2024-10-03,346.8183,356.5331,342.0095,346.3326,477358.0,166363461.6
2024-10-04,346.3326,355.173,338.7064,342.2523,455791.0,157546400.0
2024-10-07,342.981,347.1583,326.6115,331.8089,266464.0,89061059.7
2024-10-08,334.2862,344.0982,327.3887,335.792,449799.0,151661869.9
2024-10-09,336.132,361.3905,336.132,342.981,633038.0,221321400.75
2024-10-10,345.0696,349.7327,336.8121,345.5068,373220.0,128315331.8
2024-10-11,348.3727,353.813,342.0095,350.4613,476024.0,166108227.0
2024-10-14,353.6187,356.5331,339.2408,343.661,635695.0,220045813.2
2024-10-15,341.9609,357.0188,341.9609,354.8816,602360.0,212209135.65
2024-10-16,354.5901,389.5148,354.5901,374.554,2342297.0,883568501.1
2024-10-17,377.6142,386.1632,372.0768,374.7483,1034662.0,392340018.5
2024-10-18,371.1053,373.9226,366.2479,367.6565,600238.0,221513734.2
2024-10-21,368.1909,368.628,357.5046,359.8847,650772.0,234734440.85
2024-10-22,359.4961,360.759,346.2354,350.3642,777867.0,273896099.05
2024-10-23,350.9957,378.8771,342.4466,376.0598,680289.0,249013886.7
2024-10-24,373.0968,387.4262,367.8023,373.9226,637323.0,241822595.7
2024-10-25,375.6712,378.8771,361.5848,364.2564,312666.0,115017488.75
2024-10-28,364.985,374.4083,356.5331,372.7568,226503.0,83498738.3
2024-10-29,372.7568,377.8571,365.4707,371.5425,215462.0,80043250.15
2024-10-30,367.2194,385.9204,367.2194,378.2942,492518.0,187122251.65
2024-10-31,380.5286,383.5888,374.0197,379.8,234213.0,88722152.0
2024-11-01,383.4917,389.5148,380.9172,387.8633,287740.0,111358739.45
2024-11-04,387.6205,387.6205,374.554,379.4114,387700.0,147957040.2
2024-11-05,379.5572,397.821,376.8856,389.4663,882677.0,345362642.95
2024-11-06,391.5064,409.9159,385.7746,407.2443,1055040.0,423548843.9
2024-11-07,412.8789,431.337,408.0701,428.714,1386763.0,586041219.25
2024-11-08,431.337,435.1744,412.3932,415.5991,598809.0,253590474.6
2024-11-11,415.7934,417.202,401.124,407.3415,441245.0,179891823.0
2024-11-12,410.5474,415.7934,391.8464,393.9351,312239.0,126347933.65
2024-11-13,393.9836,396.3638,375.9627,381.0144,847519.0,326991142.05
2024-11-14,382.9088,451.2038,382.9088,439.0603,4404854.0,1899421178.3
2024-11-18,461.4529,496.8148,441.5862,484.5741,5390822.0,2549956611.3
2024-11-19,485.7399,525.522,479.3281,514.8357,3183274.0,1619231757.4
2024-11-21,509.7355,580.9449,506.2381,573.9989,5437058.0,3004147204.2
2024-11-22,571.2301,587.1624,550.2462,560.7867,1500663.0,849518772.05
2024-11-25,566.4213,593.0399,554.5693,574.436,1138869.0,657512255.15
2024-11-26,570.793,582.8393,563.7012,569.4815,556702.0,318448393.4
2024-11-27,571.2301,574.5817,542.9601,562.0011,792204.0,441847104.45
2024-11-28,558.2609,571.0358,553.7435,556.4151,367299.0,206201871.5
2024-11-29,556.4151,557.0465,537.2769,547.0889,589647.0,322177853.65
2024-12-02,543.0572,572.8817,536.7426,561.6611,517462.0,288374790.5
2024-12-03,550.2947,605.2319,550.2947,599.8402,1238261.0,727185494.7
2024-12-04,599.4031,616.7925,588.1339,596.44,901541.0,542462251.5
2024-12-05,598.383,601.346,571.3273,579.8763,425456.0,249678698.15
2024-12-06,579.002,600.7631,579.002,587.3081,359594.0,212563683.15
2024-12-09,588.0367,608.0006,580.2649,586.3366,469951.0,278965067.6
2024-12-10,588.7168,604.2605,573.756,600.3745,664209.0,394425507.8
2024-12-11,606.9806,611.8866,581.3821,590.8055,610081.0,363667617.25
2024-12-12,595.3228,604.2605,585.8995,597.8001,410347.0,245143819.95
2024-12-13,600.4231,629.5189,594.1085,625.6816,1531075.0,943126260.0
2024-12-16,635.3964,672.7498,630.4904,648.3171,1891402.0,1226267087.8
2024-12-17,651.863,672.264,645.1112,652.1058,864548.0,569853623.1
2024-12-18,657.6918,670.1268,624.0786,638.9909,736289.0,475441866.4
2024-12-19,616.8897,659.3434,616.8411,657.449,527437.0,340817550.0
2024-12-20,670.3211,679.9387,635.3478,639.5737,685385.0,449777909.1
2024-12-23,650.4057,650.4057,578.0305,597.7515,891663.0,539718851.2
2024-12-24,596.44,619.9984,593.5256,602.4146,485662.0,293561744.2
2024-12-26,609.1179,611.498,582.8879,590.4654,490443.0,290492341.8
2024-12-27,593.2827,601.7832,583.1793,588.0853,348218.0,206237501.55
2024-12-30,587.7453,603.289,583.0822,592.7484,443979.0,264069732.2
2024-12-31,590.5626,606.592,585.0252,600.5688,302229.0,180054071.8
2025-01-01,600.3745,631.4619,598.4316,617.1326,563914.0,348394213.0
2025-01-02,620.7756,628.8389,599.5973,603.969,350057.0,214018266.7
2025-01-03,605.1834,608.3892,592.9427,594.9342,182532.0,109470363.55
2025-01-06,597.4601,597.9458,558.5523,562.584,469474.0,269553391.6
2025-01-07,568.3157,597.3629,565.6441,593.7199,494962.0,289470959.15
2025-01-08,593.3799,609.8465,591.6312,596.9744,363044.0,218142945.45
2025-01-09,597.4601,605.912,585.8995,587.2596,251592.0,149226280.25
2025-01-10,587.7453,593.9142,564.3812,567.1985,318048.0,182203117.7
2025-01-13,566.7613,566.7613,539.2199,554.2292,506418.0,279173598.55
2025-01-14,555.2493,579.9735,553.7435,556.4151,335844.0,190082772.5
2025-01-15,559.3781,567.2471,548.4489,552.092,175154.0,97367014.15
2025-01-16,553.7435,565.6441,550.8291,557.4837,127882.0,71465800.95
2025-01-17,552.0434,564.4298,551.8977,558.018,190233.0,106021343.75
2025-01-20,560.5439,587.7453,556.6579,575.3104,292615.0,168315485.2
2025-01-21,566.5185,571.0358,547.4289,553.0149,333233.0,185318698.95
2025-01-22,553.0149,554.715,533.3424,543.2029,247025.0,133999740.7
2025-01-23,542.9601,562.2925,535.6254,551.752,191569.0,105671311.1
2025-01-24,552.5777,560.7382,522.8504,536.7912,197490.0,106527675.75
2025-01-27,533.3424,533.3424,492.6374,499.9721,478481.0,242542505.6
2025-01-28,500.3121,528.0964,492.346,521.0046,524088.0,268343717.3
2025-01-29,521.6847,545.3888,521.6847,533.6339,265534.0,141991997.5
2025-01-30,536.2569,574.2417,534.4111,565.207,484769.0,270462977.8
2025-01-31,580.9449,621.6985,567.9271,611.1094,3306323.0,2027197113.15
2025-02-03,607.0492,610.1191,581.3016,587.0453,385928.0,228559179.1
2025-02-04,592.987,617.7939,584.8171,608.7327,513036.0,308652518.1
2025-02-05,609.9705,648.0968,609.7725,632.6978,1162921.0,730670971.15
2025-02-06,641.7094,670.9726,625.8647,638.8871,1686431.0,1093958618.5
2025-02-07,638.8871,660.0793,629.9745,633.589,678068.0,438041493.3
2025-02-10,633.7871,645.6706,604.1773,608.1385,678064.0,419181781.3
2025-02-11,606.0589,607.1977,564.4666,571.2006,589848.0,342856404.35
2025-02-12,559.5152,591.6006,539.6103,578.7763,688186.0,388388649.75
2025-02-13,582.1928,599.0278,568.2297,572.6365,630721.0,367248682.05
2025-02-14,576.1521,581.7967,527.4297,533.0744,744394.0,407709847.7
2025-02-17,524.8549,547.3346,510.0996,522.2306,597325.0,315022766.8
2025-02-18,524.9044,539.7588,520.0025,534.8569,417188.0,220565340.75
2025-02-19,529.8064,560.4064,527.6773,543.4229,292068.0,160072956.4
2025-02-20,540.6501,567.5365,536.4413,557.6336,374702.0,208473931.15
2025-02-21,559.5152,572.389,547.7307,552.8307,301003.0,167966707.95
2025-02-24,541.6899,568.7744,534.8569,561.2482,235330.0,130140423.7
2025-02-25,561.2482,573.8249,557.6831,562.7336,194763.0,110046621.8
2025-02-27,562.9812,562.9812,530.4996,536.887,319081.0,172612822.4
2025-02-28,522.8743,533.52,508.317,520.9433,329709.0,171214814.3
2025-03-03,517.4277,523.2705,479.3015,516.0413,790833.0,395024863.45
2025-03-04,509.0102,548.919,505.3462,540.0064,409614.0,219960631.5
2025-03-05,538.719,561.3967,536.1443,555.752,287592.0,159275012.75
2025-03-06,558.5249,584.4705,558.5249,575.5084,376374.0,215296138.15
2025-03-07,574.2705,598.1366,572.8841,589.0259,475984.0,280429108.05
2025-03-10,588.2336,594.1754,554.5637,560.5054,283554.0,162205363.15
2025-03-11,549.6617,603.088,545.2054,596.1065,479164.0,277186059.8
2025-03-12,603.5832,606.8016,576.3501,593.1851,364839.0,215931421.65
2025-03-13,592.1948,596.9482,577.489,583.3317,212556.0,124989568.4
2025-03-17,583.9754,588.1841,567.0909,570.7055,226364.0,130621172.3
2025-03-18,573.5278,609.3269,568.9229,601.4045,623874.0,369995914.7
2025-03-19,609.0298,617.9424,601.9492,609.0793,437141.0,266047011.8
2025-03-20,621.8541,626.7065,598.087,602.3453,397885.0,242785040.2
2025-03-21,602.3948,616.1104,592.2443,604.1773,407740.0,247361361.05
2025-03-24,610.0201,642.6997,609.9705,619.1308,870913.0,545266381.2
2025-03-25,622.8939,653.5929,600.8103,637.4016,1120482.0,706880331.6
2025-03-26,633.7871,635.9657,619.3288,623.1414,546584.0,343782877.9
2025-03-27,622.8939,628.8356,614.0307,623.191,474035.0,295137260.25
2025-03-28,627.8453,651.8104,612.4958,617.2492,1044241.0,658350449.05
2025-04-01,614.7735,627.9939,605.0686,607.8414,432425.0,266705365.75
2025-04-02,609.5744,643.0958,608.4356,638.2929,899273.0,564196862.8
2025-04-03,633.688,667.2094,614.1298,618.7346,1488840.0,942120798.9
2025-04-04,618.9327,624.6764,586.253,591.8977,806518.0,483671768.65
2025-04-07,541.6899,567.1404,530.9947,561.0996,804574.0,441471320.75
2025-04-08,579.222,584.322,563.4763,577.786,267423.0,153697469.9
2025-04-09,574.3695,576.3501,557.188,566.7938,225606.0,127606447.8
2025-04-11,583.2327,621.3589,576.3501,616.4074,936467.0,569061170.8
2025-04-15,628.8356,639.6298,614.0803,633.2919,1077014.0,675451401.05
2025-04-16,637.7482,647.057,629.9249,637.3521,732726.0,467920326.7
2025-04-17,628.8851,646.6114,628.8851,635.223,391262.0,249516145.9
2025-04-21,639.7288,681.2716,604.3754,611.0599,3259736.0,2079824560.35
2025-04-22,611.654,615.3676,594.2249,604.2764,718126.0,433757657.25
2025-04-23,609.0298,613.5851,592.1948,600.5133,503621.0,303567688.9
2025-04-24,598.1861,605.1181,592.3433,599.7705,374035.0,223927673.4
2025-04-25,602.0977,618.7841,582.4404,591.3531,735253.0,438474421.05
2025-04-28,586.253,597.1463,579.7171,587.1938,334803.0,197012494.25
2025-04-29,590.9074,597.4929,571.8938,575.1123,456674.0,265165139.5
2025-04-30,571.3987,584.2229,564.9618,577.7365,355317.0,204482335.45
2025-05-02,578.7268,613.4861,568.5763,598.8298,913604.0,545424419.45
2025-05-05,602.0977,612.9909,598.9288,604.7715,456205.0,276744193.0
2025-05-06,605.0686,615.9123,581.3016,585.6589,640832.0,381249487.95
2025-05-07,577.3404,594.1754,574.5676,584.322,303042.0,177733380.4
2025-05-08,585.8569,620.7152,580.3113,592.0463,1019444.0,617005587.35
2025-05-09,576.6472,594.1754,571.5472,587.0453,508157.0,295844069.9
2025-05-12,604.0783,628.39,603.088,618.7346,1339360.0,829243111.65
2025-05-13,616.9521,623.8346,611.7531,617.6948,434616.0,268061878.7
2025-05-14,619.5269,638.7385,607.0492,632.5987,1121195.0,698061652.3
2025-05-15,637.7482,651.5628,619.5764,632.4007,1225187.0,778243612.85
2025-05-16,634.2822,648.6415,627.8948,640.7686,764492.0,489136429.85
2025-05-19,641.4123,661.5153,637.0055,652.4046,1100580.0,716323445.3
2025-05-20,668.3978,712.0202,654.2861,672.359,6015554.0,4112087691.5
2025-05-21,673.4483,691.1745,644.1851,658.2473,1766699.0,1174845364.1
2025-05-22,654.4842,663.3968,631.7075,647.1065,924610.0,598680584.0
2025-05-23,648.5919,671.4182,646.2152,657.8017,881802.0,581880762.9
2025-05-26,663.1988,686.124,658.6929,671.3687,1035303.0,695535852.65
2025-05-27,673.3988,684.9852,669.4376,681.7172,787751.0,534580013.95
2025-05-28,683.3017,695.1852,664.4861,689.8376,1369443.0,933857156.3
2025-05-29,703.1075,725.2406,693.4027,719.4969,3330230.0,2371035025.2
2025-05-30,725.3891,732.8163,605.2667,635.8172,6222532.0,4165078147.75
2025-06-02,633.7871,633.7871,606.356,611.8521,1411731.0,872328654.35
2025-06-03,616.4074,623.29,579.222,581.4501,1750524.0,1041679688.0
2025-06-04,586.253,615.7142,581.3016,611.7531,1051664.0,630951087.1
2025-06-05,611.7531,612.9414,586.9463,591.5016,624987.0,372802367.95
2025-06-06,594.1754,620.8638,581.2026,613.3375,1280607.0,775022414.9
2025-06-09,615.8628,631.0638,602.989,607.9404,755796.0,463512270.45
2025-06-10,608.0395,611.0104,589.2239,592.0463,481382.0,288677130.5
2025-06-11,592.1948,603.4841,586.253,588.3327,373175.0,221624731.3
2025-06-12,590.1152,597.3443,581.7967,584.4705,316194.0,185912089.6
2025-06-13,578.0336,594.0764,572.488,590.5113,347160.0,202827888.35
2025-06-16,594.1754,602.0977,584.1239,596.5521,377136.0,223255682.75
2025-06-17,599.1268,599.1268,577.3404,580.5094,286897.0,168437026.95
2025-06-18,578.6278,586.253,575.0627,579.321,186207.0,107937814.15
2025-06-19,578.7268,587.9861,569.4181,572.1909,270789.0,156394898.45
2025-06-20,573.0822,581.3016,569.5666,578.7268,260782.0,150212910.6
2025-06-23,575.3598,576.8453,569.4181,571.2006,248195.0,142028689.0
2025-06-24,576.9938,583.2327,570.4084,573.3792,178016.0,102607848.6
2025-06-25,579.0239,586.154,575.1123,577.588,226269.0,131213153.7
2025-06-26,579.2715,583.2822,571.4482,580.5094,193520.0,111914971.45
2025-06-27,584.2725,590.2142,574.4686,576.7958,194198.0,113014478.95
2025-06-30,579.6181,581.3016,565.655,568.8734,250339.0,143158618.7
2025-07-01,568.8734,578.8259,564.4666,567.8336,284577.0,162308173.0
2025-07-02,568.8239,570.755,554.8113,557.386,260201.0,146118987.25
2025-07-03,558.2278,562.387,551.5433,554.2171,206371.0,114957463.65
2025-07-04,554.5637,563.4268,550.0083,556.5443,230012.0,127675104.2
2025-07-07,557.5841,559.4656,545.8491,548.82,189514.0,104819972.2
2025-07-08,548.1763,559.9113,544.9083,553.5734,266282.0,146567566.3
2025-07-09,553.0783,568.0317,541.6899,546.1957,332400.0,184387782.9
2025-07-10,548.6219,552.5831,542.6802,546.4433,249531.0,136634712.35
2025-07-11,548.1268,549.5132,539.7093,546.0967,225652.0,122873408.35
2025-07-14,539.4617,544.2647,534.8074,538.2239,278125.0,149724245.7
2025-07-15,541.3928,572.8841,540.9472,565.8035,394771.0,219974822.05
2025-07-16,569.6657,586.253,559.8122,581.7967,410584.0,236137449.6
2025-07-17,586.0055,590.5113,577.5385,584.2725,287770.0,168089618.15
2025-07-18,586.5996,586.5996,571.0025,577.0928,181415.0,104638737.65
2025-07-21,578.7763,578.7763,570.4579,575.7064,126073.0,72367455.0
2025-07-22,575.3598,578.4297,564.6152,568.3783,142684.0,81390396.25
2025-07-23,568.4278,569.022,559.4161,563.922,146151.0,82377710.25
2025-07-24,564.3676,574.3695,564.3181,570.854,127491.0,72643833.05
2025-07-25,570.1608,572.7356,558.6239,562.6841,131836.0,74543000.5
2025-07-28,560.5054,562.288,539.2142,542.4821,203812.0,112172423.7
2025-07-29,544.3637,551.5928,535.154,545.7501,254320.0,138036742.35
2025-07-30,548.4734,567.4375,547.9287,555.7025,227255.0,127150013.25
2025-07-31,552.4841,552.5336,540.3035,542.7792,252972.0,138150914.4
2025-08-01,544.5122,554.4647,537.7287,539.2142,136854.0,74399725.65
2025-08-04,543.6705,543.6705,529.8064,533.8666,253403.0,135357949.45
2025-08-05,532.4802,567.7346,526.8355,559.9113,316110.0,171981036.4
2025-08-06,561.4957,584.2725,548.82,569.9627,443245.0,253320170.05
2025-08-07,572.389,573.1812,556.8909,567.7346,206265.0,116225148.95
2025-08-08,567.6356,578.3307,548.3744,550.652,158065.0,89206841.6
2025-08-11,555.0093,570.4084,542.3336,562.0404,512279.0,286798381.4
2025-08-12,561.4957,563.7239,526.885,530.0044,566460.0,306243680.7
2025-08-13,529.7569,536.6394,521.1908,525.9938,237445.0,125450410.75
2025-08-14,525.9938,528.618,516.8336,521.3394,122803.0,64074307.55
2025-08-18,526.8355,532.3811,520.052,521.4879,117743.0,61976765.45
2025-08-19,522.8743,531.7375,519.953,526.1423,127926.0,67213076.05
2025-08-20,527.2811,530.8957,521.686,523.1714,85233.0,44846337.8
2025-08-21,525.8452,528.8161,519.5073,521.3394,87661.0,45962638.85
2025-08-22,524.7559,537.7782,519.3588,534.9559,166901.0,88192449.0
2025-08-25,534.9559,537.7287,523.6171,526.7365,70563.0,37415846.45
2025-08-26,526.687,533.3219,523.0724,528.7171,104776.0,55158652.85
2025-08-28,526.8355,533.2229,516.1404,519.8539,109538.0,57594576.25
2025-08-29,519.0617,538.719,516.9821,525.6967,190273.0,101061201.55
2025-09-01,525.9442,532.3811,521.4879,522.6268,138477.0,72812130.45
2025-09-02,526.3404,533.1734,518.2695,520.3491,182486.0,95441572.75
2025-09-03,522.4287,532.9258,522.4287,528.2714,178566.0,94328676.3
2025-09-04,530.5986,533.5695,519.8044,520.8938,103647.0,54274346.1
2025-09-05,524.3598,524.3598,516.1404,518.2695,153296.0,79415788.15
2025-09-08,521.686,521.884,511.9811,513.417,115034.0,59453299.1
2025-09-09,516.4374,553.1773,513.3675,536.0947,717942.0,387551634.2
2025-09-10,540.6006,549.5627,537.3326,543.8685,162635.0,88529406.9
2025-09-11,547.5326,581.054,546.2948,569.7647,823608.0,470857491.9
2025-09-12,573.5773,583.2822,570.755,579.4695,371410.0,214621331.35
2025-09-15,579.42,598.5327,579.42,587.788,400338.0,236737329.45
2025-09-16,591.1055,628.7861,591.1055,612.1987,1103624.0,678722055.05
2025-09-17,619.824,632.7968,614.0803,617.0511,512407.0,318146194.65
2025-09-18,622.3987,625.8647,601.1569,604.3754,425154.0,259684154.35
2025-09-19,607.99,614.6744,597.6909,602.6424,330436.0,200040670.05
2025-09-22,605.0686,612.0006,593.2841,594.9676,246355.0,148071946.85
2025-09-23,597.1463,598.1366,585.2628,589.8676,177619.0,104978075.95
2025-09-24,590.2637,597.5919,577.489,581.8462,172160.0,101284650.4
2025-09-25,581.153,582.589,567.4375,570.1113,154268.0,88704594.35
2025-09-26,567.1899,573.7754,556.7919,560.1093,203683.0,115133464.5
2025-09-29,565.4569,569.319,547.0375,549.4142,220668.0,123035408.9
2025-09-30,552.5831,554.3656,545.552,549.2161,100874.0,55339580.7
2025-10-01,550.1569,563.4763,546.1957,561.5948,147840.0,82188752.7
2025-10-03,563.4763,610.8123,559.5647,594.72,1324510.0,784956833.45
2025-10-06,595.1657,599.9191,584.8666,586.9958,365154.0,216646239.0
2025-10-07,586.1045,591.5016,577.489,582.2919,158657.0,92560642.75
2025-10-08,586.2035,593.1851,574.9637,586.055,193707.0,113193592.25
2025-10-09,588.7288,597.3938,580.4598,583.6288,161141.0,94552237.65
2025-10-10,585.0647,588.0851,576.4987,578.1327,126723.0,73686426.15
2025-10-13,569.4676,574.3695,559.7132,562.8821,231022.0,130740309.2
2025-10-14,563.1792,565.5559,545.7501,553.7219,279728.0,154458255.35
2025-10-15,556.9899,565.2093,551.8404,562.0404,169649.0,94823542.0
2025-10-16,564.4666,578.3307,562.0899,573.9734,259979.0,148755144.75
2025-10-17,575.7064,583.7773,566.4472,569.319,204099.0,117194606.2
2025-10-20,569.319,577.1424,566.1996,573.0326,118494.0,67711522.65
2025-10-21,572.389,581.6977,572.389,578.4793,60411.0,34968315.45
2025-10-23,579.321,582.688,558.5744,562.2385,316096.0,179717330.45
2025-10-24,565.4569,568.9229,560.0598,564.9122,98875.0,55784886.95
2025-10-27,569.4181,579.1229,566.0511,570.4579,127236.0,72741169.25
2025-10-28,574.6666,584.1239,567.7841,573.3792,170884.0,98390126.4
2025-10-29,575.3598,575.6569,554.5637,557.0889,306073.0,171270228.1
2025-10-30,557.9802,559.4656,541.7394,544.7598,274674.0,150901512.45
2025-10-31,543.819,545.354,524.2607,529.0142,391215.0,208291461.3
2025-11-03,524.7559,558.4753,523.1219,540.1054,556591.0,302496216.2
2025-11-04,542.3831,553.5734,527.8753,533.9161,594693.0,319880664.7
2025-11-06,533.2724,533.2724,516.9326,524.2112,364205.0,190689723.55
2025-11-07,524.2112,545.0074,516.2394,536.6889,683795.0,363233250.55
2025-11-10,534.7578,538.6695,525.1025,526.9841,233236.0,123654250.2
2025-11-11,525.8452,529.3112,520.8938,521.785,200496.0,104961304.9
2025-11-12,521.884,528.0734,516.1404,517.5763,202142.0,105328899.0
2025-11-13,518.9627,531.2423,518.9132,520.1015,219776.0,115441059.95
2025-11-14,521.9336,525.8452,516.9821,520.9928,133476.0,69579622.1
2025-11-17,523.2705,532.2821,520.2501,527.2811,134224.0,70761523.85
2025-11-18,527.2811,532.7277,522.9239,527.5782,121858.0,64360961.7
2025-11-19,529.8064,554.5637,529.5093,541.6899,365542.0,198622481.75
2025-11-20,542.6802,554.019,537.7287,540.353,231043.0,126206262.85
2025-11-21,534.9559,536.7384,528.9646,530.0044,115746.0,61536677.45
2025-11-24,526.8355,530.7472,515.6452,518.8141,216136.0,112598703.9
2025-11-25,518.8141,597.8395,516.1404,575.5579,5598936.0,3224914097.6
2025-11-26,561.4462,592.1948,560.1588,573.3297,1747513.0,1008008967.4
2025-11-27,572.7851,581.2026,567.2889,576.3006,350680.0,201726577.45
2025-11-28,574.4191,593.0861,566.0016,582.2424,671562.0,392342767.85
2025-12-01,584.2725,584.2725,527.6277,537.9763,1044174.0,572847859.0
2025-12-02,535.154,585.2132,533.7676,577.0928,892771.0,503610233.25
2025-12-03,572.389,613.3871,565.5064,609.4259,2005584.0,1203810496.75
2025-12-04,605.0686,624.3298,565.0113,597.79,1810861.0,1080526985.1
2025-12-05,597.79,611.9016,589.422,603.9298,1161212.0,699585888.1
2025-12-08,600.1171,600.6123,574.3695,580.6084,588752.0,343386906.3
2025-12-09,574.3695,577.6375,559.5152,563.6744,739558.0,420089848.9
2025-12-10,562.486,574.4686,551.6918,553.821,411396.0,230890498.1
2025-12-11,557.3365,561.4957,547.4336,549.6617,341918.0,189234271.3
2025-12-12,554.5142,560.654,549.6122,556.0986,284730.0,158150084.05
2025-12-15,558.4258,576.3501,556.5443,565.6055,511998.0,289940002.3
2025-12-16,569.4181,605.0686,556.9404,567.7346,1813986.0,1045860580.45
2025-12-17,569.4181,581.3016,562.486,568.1307,604127.0,345609450.85
2025-12-18,567.4375,573.3792,563.4763,567.9326,304406.0,173153993.35
2025-12-19,570.4084,573.5278,561.9414,563.2783,276890.0,156833414.9
2025-12-22,570.4579,575.2113,566.2491,570.3589,301548.0,171997288.1
2025-12-23,568.1802,591.2045,568.1802,582.8861,604195.0,352535055.55
2025-12-24,587.0948,596.6511,580.3113,582.8365,491335.0,288604103.25
2025-12-26,588.2336,608.0395,577.9841,598.8298,1263698.0,753117312.5
2025-12-29,606.9006,612.0006,594.9181,605.8113,1087115.0,657148217.15
2025-12-30,608.0395,633.7376,603.088,607.3463,1943834.0,1202079151.55
2025-12-31,611.0104,728.8056,604.1773,718.259,13497815.0,9216242157.75
2026-01-01,753.8105,771.4377,658.7424,675.726,33087427.0,23440176940.3
2026-01-02,672.4085,688.2036,602.989,610.0201,16144044.0,10125617114.05
2026-01-05,615.9618,615.9618,568.4773,580.6084,7829689.0,4552103464.6
2026-01-06,580.6084,590.1152,555.554,562.5851,2773405.0,1600541955.95
2026-01-07,560.3074,563.2783,539.8083,541.3433,1973181.0,1086890787.0
2026-01-08,542.5812,554.4647,514.7044,518.1209,2576333.0,1374924378.55
2026-01-09,519.9035,522.6268,488.2636,491.5316,3068621.0,1542425652.15
2026-01-12,489.2044,495.7898,469.4481,481.9258,2706304.0,1299495642.5
2026-01-13,486.7782,542.9773,482.8665,531.0443,15672960.0,8256799863.5
2026-01-14,529.7569,541.1947,518.7646,528.42,5964865.0,3165058033.5
2026-01-16,523.2209,539.6103,523.2209,532.4802,1358877.0,723533069.7
2026-01-19,525.152,533.0248,505.4452,508.6636,959128.0,496068783.6
2026-01-20,508.9607,508.9607,475.3403,477.4199,1513133.0,742268464.4
2026-01-21,477.3704,492.5714,463.4073,467.418,1885236.0,902581625.7
2026-01-22,476.7267,484.2529,460.4859,478.7568,1380404.0,653556481.6
2026-01-23,475.3403,479.8957,449.5927,452.8607,813907.0,377238336.15
2026-01-27,454.0985,470.983,441.4228,462.6646,1413139.0,642836274.3
2026-01-28,466.3782,473.2607,460.1888,469.8442,593902.0,277364458.9
2026-01-29,475.1918,480.2918,460.0898,466.9723,632281.0,296031961.35
2026-01-30,465.4374,467.5665,455.5345,459.05,431532.0,198939902.6
2026-02-02,461.25,466.0,447.4,461.05,467092.0,212415827.0
2026-02-03,485.85,494.6,467.1,485.35,1102540.0,531943412.4
2026-02-04,487.0,491.05,479.0,488.0,411527.0,200244397.7
2026-02-05,480.0,503.6,479.0,498.95,755999.0,375243401.35
2026-02-06,500.9,500.9,484.0,492.25,286580.0,140780532.55
2026-02-09,499.7,521.0,494.7,517.85,764957.0,392984114.75
2026-02-10,522.7,525.9,464.8,468.7,3352737.0,1610376591.2
2026-02-11,461.0,469.0,453.05,458.5,1445874.0,665513309.55
2026-02-12,461.0,472.8,453.5,467.4,726123.0,337118966.2
2026-02-13,466.85,467.2,455.5,457.75,557804.0,257047845.0
2026-02-16,459.5,460.85,450.5,452.4,367745.0,166653927.1
2026-02-17,451.95,462.65,450.25,456.6,324643.0,148669749.1
2026-02-18,456.65,460.0,451.5,455.45,279687.0,127595764.3
2026-02-19,457.45,466.75,451.0,452.0,387685.0,176351425.05
2026-02-20,451.05,463.4,450.55,455.55,335291.0,153171998.9
2026-02-23,457.15,458.25,452.6,455.75,247197.0,112568897.3
2026-02-24,453.95,460.85,450.05,456.3,263923.0,119766170.85
2026-02-25,459.2,459.3,451.75,453.3,248896.0,112909713.55
2026-02-26,454.15,460.0,453.25,456.1,170222.0,77660914.8
2026-02-27,454.2,457.1,448.9,453.2,435055.0,197059986.85
2026-03-02,439.0,444.6,426.75,434.8,524942.0,228768378.5
2026-03-04,425.0,430.7,419.0,426.1,363536.0,154339009.4
2026-03-05,430.15,432.5,410.0,419.0,382332.0,160425009.1
2026-03-06,419.0,423.7,408.2,410.1,403883.0,167656029.4
2026-03-09,401.0,405.0,381.95,384.45,747683.0,291327111.7
2026-03-10,393.1,402.45,386.9,400.15,357888.0,140957085.15
2026-03-11,405.0,409.4,391.05,394.95,310479.0,124800622.6
2026-03-12,390.5,408.4,385.0,401.3,518793.0,206451887.45
2026-03-13,397.1,399.45,384.2,385.75,431109.0,168024574.7
2026-03-16,383.0,388.4,370.35,381.15,587294.0,222748972.65
2026-03-17,383.2,390.95,377.9,384.5,349542.0,134343186.85
2026-03-18,387.0,399.4,387.0,394.75,399894.0,157849854.95
2026-03-19,387.0,389.8,373.15,377.3,338312.0,129459736.0
2026-03-20,381.0,385.5,372.4,374.85,627117.0,236454014.8
2026-03-23,369.0,371.95,354.9,357.9,936779.0,341141551.35
2026-03-24,365.95,373.0,353.0,365.9,506973.0,184922134.85
2026-03-25,368.1,380.6,367.9,372.5,662283.0,247994285.55
2026-03-27,369.05,370.5,348.9,350.6,911270.0,324207552.6
2026-03-30,348.0,355.1,333.8,338.3,732774.0,251823822.2
2026-04-01,352.5,373.2,350.0,364.95,512796.0,186570060.0
2026-04-02,355.0,378.0,350.05,375.1,361514.0,132146627.45
2026-04-06,375.0,382.15,365.4,377.85,291512.0,109138409.6
2026-04-07,374.5,382.9,374.5,378.9,237289.0,89991828.65
2026-04-08,391.0,398.8,385.55,396.95,316658.0,124536534.1
2026-04-09,402.9,405.15,395.5,397.45,250930.0,100336955.2
2026-04-10,402.0,412.65,399.15,405.5,216477.0,88059726.05
2026-04-13,396.65,413.3,391.0,400.85,435830.0,175816576.15
2026-04-15,410.3,427.4,408.15,421.6,453221.0,190337017.65
2026-04-16,427.0,428.5,415.8,420.65,306655.0,129168901.75
2026-04-17,422.9,432.35,416.05,418.65,308042.0,130124047.7
2026-04-20,419.05,423.45,410.2,415.2,222643.0,92743525.6
2026-04-21,414.0,419.7,413.05,418.15,153058.0,63868844.25
2026-04-22,415.35,426.95,415.0,422.25,264331.0,111325884.4
2026-04-23,419.85,423.05,405.95,408.15,321219.0,132405835.2
2026-04-24,407.5,411.4,394.1,398.65,176506.0,70922245.3
2026-04-27,399.5,416.6,399.5,414.35,240107.0,98327493.0
2026-04-28,416.8,419.85,410.0,416.25,183728.0,76354044.65
2026-04-29,418.4,423.1,413.1,415.1,169620.0,70951974.15
2026-04-30,410.0,415.8,405.1,411.25,133827.0,54942536.7
2026-05-04,412.0,428.0,410.55,423.15,230971.0,96753237.85
2026-05-05,419.8,431.3,417.1,420.05,224319.0,94923075.15
2026-05-06,422.9,428.35,418.3,427.2,212656.0,90113045.55
2026-05-07,431.0,439.0,426.05,432.4,290482.0,125564058.1
2026-05-08,429.75,433.65,418.0,422.2,261026.0,111277936.5
2026-05-11,417.0,417.0,410.0,411.25,215608.0,88994956.9
2026-05-12,409.7,412.25,391.3,393.7,184454.0,73847033.8
2026-05-13,399.95,401.85,393.05,397.9,183610.0,73067011.9
2026-05-14,398.0,406.2,392.25,399.35,141668.0,56473878.85
2026-05-15,398.0,401.8,388.65,390.35,127860.0,50457583.0
2026-05-18,382.0,387.0,376.05,385.05,177585.0,67889917.25
2026-05-19,382.95,396.5,382.95,390.4,107719.0,42205900.0
2026-05-20,385.25,399.95,385.25,393.35,131280.0,51309771.05
2026-05-21,398.0,401.55,393.85,396.35,173402.0,68759662.85
2026-05-22,397.0,409.5,396.95,398.45,179162.0,72003633.65
2026-05-25,404.7,406.15,392.95,396.4,143138.0,57371530.5
2026-05-26,395.0,403.95,393.05,394.6,127405.0,50551922.0
2026-05-27,391.2,401.0,391.2,399.85,120319.0,47841463.9
2026-05-29,404.0,420.0,401.1,412.0,397466.0,163951383.45
2026-06-01,413.0,419.3,388.0,389.45,288927.0,115691884.6
2026-06-02,387.65,398.75,383.75,392.4,160782.0,63113554.45
2026-06-03,393.0,396.85,383.1,394.4,156178.0,60971106.6
2026-06-04,395.0,401.75,386.3,389.25,189960.0,74755049.8
2026-06-05,390.7,396.25,386.7,392.5,172583.0,67544782.3
2026-06-08,392.5,427.4,387.1,400.25,1436467.0,594285261.7
2026-06-09,404.45,410.0,399.0,406.5,228145.0,92184610.85
2026-06-10,404.6,410.0,394.15,396.7,134714.0,53942779.2
2026-06-11,396.05,398.15,389.0,392.2,115794.0,45553715.0
2026-06-12,394.9,401.95,394.2,400.45,141769.0,56557050.8
2026-06-15,405.1,411.7,392.15,393.75,269352.0,108394897.55
2026-06-16,396.1,398.05,387.0,391.85,202780.0,79491680.7
2026-06-17,392.25,402.0,388.95,395.75,271261.0,106892302.65
2026-06-18,399.9,399.9,389.1,390.65,156190.0,61349891.9
2026-06-19,387.3,398.5,387.3,394.65,207618.0,82015891.35
2026-06-22,395.95,412.55,395.95,402.9,412564.0,167309619.8
2026-06-23,404.5,405.7,389.4,390.5,257832.0,101973883.9
2026-06-24,394.2,398.4,388.3,391.15,177774.0,69677626.55
2026-06-25,393.7,396.8,385.25,386.9,164625.0,64000305.1
2026-06-29,377.8,386.95,377.8,381.4,169033.0,64530271.2
2026-06-30,382.4,385.2,378.65,381.45,106977.0,40757661.65
2026-07-01,379.35,391.7,377.0,381.8,249666.0,95746640.15
2026-07-02,383.75,388.7,379.0,380.6,169079.0,64631835.35
2026-07-03,384.0,385.45,376.15,381.6,281966.0,107108925.0
2026-07-06,383.0,389.7,380.2,382.85,152105.0,58445470.15
2026-07-07,383.0,385.85,380.05,383.5,105151.0,40198923.75
2026-07-08,381.0,404.0,375.0,379.55,1019832.0,395636751.15
2026-07-09,383.3,385.45,380.5,381.9,117003.0,44787892.7
2026-07-10,383.5,390.65,379.95,387.8,198466.0,76758868.0
2026-07-13,385.45,405.0,380.1,402.2,470315.0,186762343.65
2026-07-14,400.05,409.45,397.45,399.1,174990.0,70377496.3
2026-07-15,401.9,402.75,393.9,396.8,109419.0,43539401.8
2026-07-16,396.3,399.85,394.25,397.25,168915.0,67043718.7
2026-07-17,397.85,403.5,393.6,397.55,144024.0,57286101.6
2026-07-20,399.7,413.0,395.8,408.25,347104.0,140932246.95
2026-07-21,411.3,416.7,405.75,407.95,185746.0,76193042.15
2026-07-22,408.0,408.05,399.05,402.0,167044.0,67237185.65
2026-07-23,399.9,413.2,397.8,411.05,239075.0,97758201.1
2026-07-24,407.0,409.8,398.2,405.55,141246.0,56995081.05
2026-07-27,409.0,414.2,407.0,410.8,126856.0,52109115.2
2026-07-28,410.95,412.4,402.4,404.0,64614.0,26222407.4
2026-07-29,404.75,409.5,401.6,408.15,104365.0,42497061.7
2026-07-30,409.15,413.7,402.0,410.4,163888.0,66946189.7
2026-07-31,411.2,424.95,408.6,414.65,298795.0,124923667.9
2026-08-03,415.95,429.95,415.95,425.6,346596.0,147143571.45
2026-08-04,428.45,428.45,415.5,418.75,119506.0,50120803.1
2026-08-05,421.7,424.0,415.4,419.2,86278.0,36179464.9
2026-08-06,420.15,445.85,419.25,436.55,900788.0,393477257.95
2026-08-07,436.0,441.0,426.05,427.9,178655.0,77401318.75
2026-08-10,428.0,434.35,422.25,429.7,153562.0,65805730.35
2026-08-11,429.35,430.7,425.05,426.7,87260.0,37261499.65
2026-08-12,429.95,449.45,417.05,434.45,1842255.0,806956434.7
2026-08-13,440.0,442.0,411.3,414.65,531728.0,225400254.1
2026-08-14,417.95,419.6,409.6,411.45,174742.0,72297850.4
2026-08-17,413.8,419.2,410.0,410.45,170227.0,70253775.9
2026-08-18,413.5,413.5,403.8,408.95,191225.0,78037594.65
2026-08-19,409.5,439.85,408.95,431.3,2162415.0,931936902.65
2026-08-20,435.0,479.95,434.0,461.3,5952449.0,2776108791.55
2026-08-21,463.95,479.95,458.55,477.9,1726356.0,811894358.15
2026-08-24,480.25,528.0,480.05,502.4,3247098.0,1651044659.5
2026-08-25,506.0,511.0,496.8,498.7,842684.0,424189087.4
2026-08-26,498.0,519.8,488.0,516.2,833857.0,421973917.55
2026-08-27,514.0,518.85,473.15,481.1,1021978.0,508800365.95
2026-08-28,482.5,497.0,482.5,492.9,698220.0,342738055.95
2026-08-31,501.05,536.8,500.0,530.9,3059050.0,1598652762.3
2026-09-01,533.7,536.45,510.0,515.95,979987.0,512846394.9
2026-09-02,510.05,531.0,509.0,523.65,977381.0,509200406.2
2026-09-03,527.0,591.2,527.0,578.95,7182969.0,4129150526.55
2026-09-04,578.75,599.35,555.1,559.1,2243746.0,1297310880.35
2026-09-07,565.05,603.95,565.05,583.2,3877065.0,2287808785.7
2026-09-08,585.0,603.5,569.0,588.1,2404145.0,1416956748.05
2026-09-09,596.05,600.5,546.6,550.75,2378104.0,1362533665.35
2026-09-10,548.55,556.4,520.55,523.1,1189208.0,635823195.5
2026-09-11,518.8,541.0,512.1,537.35,1067749.0,565013254.85
2026-09-15,540.65,544.15,520.0,522.85,551796.0,292990081.4
2026-09-16,521.0,526.2,492.0,513.4,797157.0,405529874.0
2026-09-17,513.0,543.5,512.85,535.45,634854.0,339494146.65
2026-09-18,539.0,541.9,528.2,531.75,384478.0,205410133.1
2026-09-21,533.75,557.4,530.05,537.5,558634.0,304163190.9
2026-09-22,541.0,555.0,538.5,540.5,507200.0,277199004.8
2026-09-23,546.0,577.0,543.6,572.75,1184732.0,668091389.15
2026-09-24,564.0,583.95,552.0,559.9,1422251.0,809187565.4
2026-09-25,563.0,570.0,552.15,557.5,631430.0,353238656.6
2026-09-28,557.0,558.0,532.65,541.95,589119.0,319085449.95
2026-09-29,542.0,560.0,538.5,543.45,476341.0,261135419.05
