date,open,high,low,close,volume,value
2011-01-03,135.9,135.9,131.55,132.2,60952.0,8101091.7
2011-01-04,134.9,136.7,128.85,129.65,77487.0,10168819.4
2011-01-05,130.0,134.9,129.25,132.0,241329.0,31944625.5
2011-01-06,134.7,134.7,125.0,126.1,209118.0,27146215.65
2011-01-07,127.0,127.8,122.05,122.8,138717.0,17310684.35
2011-01-10,123.3,123.3,116.2,117.55,82451.0,9861982.75
2011-01-11,119.6,119.6,107.0,108.9,318386.0,35208258.45
2011-01-12,109.25,111.9,106.25,108.3,162484.0,17634029.5
2011-01-13,100.05,111.9,100.05,107.35,168142.0,18406135.9
2011-01-14,106.25,108.6,104.0,105.2,158604.0,16766439.85
2011-01-17,103.2,109.0,103.2,107.1,1381735.0,147313524.4
2011-01-18,107.45,108.3,105.55,106.4,377698.0,40121584.95
2011-01-19,106.4,107.5,104.7,105.1,117036.0,12363930.3
2011-01-20,104.6,105.7,104.0,105.2,280332.0,29439347.15
2011-01-21,105.55,107.75,105.5,106.7,45521.0,4846293.2
2011-01-24,107.9,120.9,107.15,116.1,1141832.0,130759789.75
2011-01-25,117.1,117.1,112.1,112.8,171401.0,19615244.75
2011-01-27,112.0,117.5,112.0,115.15,116898.0,13484139.9
2011-01-28,111.35,118.0,111.0,112.8,150898.0,17221178.15
2011-01-31,111.5,117.7,106.0,112.75,183353.0,20547632.05
2011-02-01,113.9,113.9,101.5,111.8,52299.0,5811187.65
2011-02-02,113.1,113.9,110.0,112.2,36000.0,4029127.95
2011-02-03,111.0,113.9,110.8,113.3,21486.0,2420410.2
2011-02-04,112.5,114.85,112.5,112.7,44571.0,5059586.65
2011-02-07,111.7,118.55,110.0,113.1,2133092.0,239414382.6
2011-02-08,113.1,114.35,109.0,110.3,43443.0,4816212.7
2011-02-09,111.0,113.0,108.6,111.0,259235.0,28713180.75
2011-02-10,112.0,112.0,110.0,110.1,44716.0,4925111.35
2011-02-11,111.9,111.9,104.75,110.2,34741.0,3800590.3
2011-02-14,112.9,115.8,112.8,113.9,203893.0,23218117.3
2011-02-15,113.45,114.7,113.45,114.0,436205.0,49719666.15
2011-02-16,113.0,115.75,113.0,113.95,55018.0,6276603.1
2011-02-17,107.75,116.2,107.75,113.6,122246.0,13994430.75
2011-02-18,113.0,115.4,112.5,113.0,20136.0,2284463.95
2011-02-21,108.5,114.4,108.5,110.85,48106.0,5328734.75
2011-02-22,110.0,113.7,106.05,109.65,62572.0,6874957.85
2011-02-23,108.05,112.9,107.6,108.7,66950.0,7285351.8
2011-02-24,108.7,108.95,103.0,103.9,91635.0,9709319.8
2011-02-25,104.8,107.8,103.0,104.25,56227.0,5861956.75
2011-02-28,104.75,106.1,104.0,104.55,98414.0,10355396.2
2011-03-01,106.55,106.55,104.75,105.85,73284.0,7737896.7
2011-03-03,105.9,106.25,105.1,105.55,20897.0,2210258.45
2011-03-04,105.2,108.75,105.2,106.45,153055.0,16379908.8
2011-03-07,107.0,107.0,104.0,104.4,13854.0,1450614.4
2011-03-08,106.2,107.8,104.2,107.0,16787.0,1772387.3
2011-03-09,108.0,108.0,104.05,104.75,13952.0,1471186.1
2011-03-10,105.9,106.0,104.05,104.55,42575.0,4456685.45
2011-03-11,103.55,105.0,102.5,104.05,61953.0,6476654.7
2011-03-14,104.0,104.9,103.1,103.9,83978.0,8728222.35
2011-03-15,102.0,103.5,102.0,102.2,11165.0,1144887.95
2011-03-16,105.3,105.3,102.3,103.95,88039.0,9150930.0
2011-03-17,103.0,103.9,102.6,102.75,7166.0,738925.4
2011-03-18,103.5,103.95,101.25,102.05,92024.0,9387476.05
2011-03-21,102.05,103.4,100.45,101.05,128995.0,13131202.75
2011-03-22,101.05,102.75,99.5,100.35,140280.0,14102913.35
2011-03-23,102.9,102.9,97.1,98.95,66482.0,6642863.15
2011-03-24,99.9,101.0,98.0,99.65,26702.0,2660145.3
2011-03-25,100.8,101.15,99.15,99.7,29879.0,2992969.15
2011-03-28,100.75,101.4,99.05,99.6,26057.0,2607274.15
2011-03-29,100.0,111.7,99.8,100.65,994076.0,102547478.1
2011-03-30,101.75,106.4,100.9,102.65,196075.0,20201930.7
2011-03-31,105.0,105.0,100.5,101.1,43187.0,4407366.75
2011-04-01,101.1,104.8,101.1,103.05,72398.0,7484793.45
2011-04-04,103.95,105.8,103.55,104.05,176481.0,18432269.15
2011-04-05,106.0,107.9,104.75,105.9,108387.0,11492181.05
2011-04-06,107.45,115.6,105.25,107.65,1081624.0,120201520.5
2011-04-07,107.95,110.35,106.2,107.35,193633.0,20957313.4
2011-04-08,108.4,108.85,104.1,104.75,127935.0,13605062.1
2011-04-11,105.65,106.0,103.4,104.05,60372.0,6301214.5
2011-04-13,101.1,105.8,101.1,105.35,50941.0,5339664.5
2011-04-15,106.9,106.9,104.1,104.5,49983.0,5258473.8
2011-04-18,105.7,112.35,104.3,107.35,421486.0,46099483.75
2011-04-19,110.0,124.8,108.0,110.55,386685.0,43380205.65
2011-04-20,112.0,112.0,109.5,110.0,90114.0,9959318.25
2011-04-21,111.7,111.7,106.15,107.25,66983.0,7269568.9
2011-04-25,101.1,111.0,101.1,109.25,156720.0,17026103.2
2011-04-26,108.5,113.0,107.05,110.1,267737.0,29632875.7
2011-04-27,112.05,114.1,110.0,111.1,265528.0,29725977.25
2011-04-28,112.95,114.0,110.7,112.6,94240.0,10608252.05
2011-04-29,113.0,117.4,112.3,113.4,1227973.0,140485977.6
2011-05-02,114.4,114.85,111.2,113.5,193660.0,21922607.15
2011-05-03,114.0,114.7,108.0,108.65,126759.0,14121209.15
2011-05-04,108.9,115.9,108.2,113.15,518053.0,58411556.25
2011-05-05,112.2,115.85,111.55,112.15,193038.0,21966579.75
2011-05-06,112.95,113.8,111.0,111.65,184824.0,20631112.9
2011-05-09,113.8,119.95,109.25,111.75,162128.0,17925780.45
2011-05-10,112.5,114.65,111.0,114.2,156473.0,17691161.85
2011-05-11,114.15,115.2,112.2,113.5,110114.0,12503695.65
2011-05-12,112.1,117.45,112.0,115.1,96386.0,11032659.1
2011-05-13,115.0,115.6,113.25,113.85,39643.0,4528995.55
2011-05-16,113.4,116.0,111.05,113.9,80986.0,9196340.75
2011-05-17,116.0,119.45,113.1,115.05,329693.0,38022575.05
2011-05-18,115.3,115.8,112.0,112.55,61275.0,6945457.05
2011-05-19,113.15,114.8,111.2,111.65,35796.0,4012668.1
2011-05-20,112.6,112.9,111.05,111.5,25191.0,2818788.8
2011-05-23,111.05,112.9,110.2,110.65,61995.0,6883088.0
2011-05-24,111.0,111.35,109.55,109.9,45386.0,5008044.3
2011-05-25,109.5,111.6,109.5,109.9,63743.0,7026840.65
2011-05-26,109.6,110.35,109.6,109.9,30137.0,3312204.1
2011-05-27,110.45,110.5,109.75,109.8,70522.0,7761339.45
2011-05-30,110.4,110.95,110.0,110.4,13797.0,1522391.4
2011-05-31,109.9,111.9,109.75,110.45,25680.0,2839800.05
2011-06-01,110.9,111.8,110.4,110.85,13992.0,1552969.7
2011-06-02,110.4,111.75,110.3,110.65,23624.0,2618913.2
2011-06-03,110.25,111.7,110.25,110.95,16120.0,1790953.8
2011-06-06,110.6,111.5,110.55,110.75,30885.0,3422446.05
2011-06-07,111.05,112.8,110.85,112.3,25955.0,2900742.65
2011-06-08,111.55,114.9,111.4,114.45,97152.0,11084519.6
2011-06-09,113.55,116.0,113.55,115.1,42376.0,4870216.4
2011-06-10,115.0,115.85,114.9,115.1,35487.0,4084474.05
2011-06-13,115.0,116.0,114.25,115.0,14613.0,1681122.5
2011-06-14,114.35,115.45,114.35,114.95,19092.0,2197758.0
2011-06-15,114.9,115.9,114.65,114.95,6270.0,720658.8
2011-06-16,115.0,115.85,112.95,115.65,47560.0,5477517.35
2011-06-17,115.65,116.8,115.1,116.25,49132.0,5691849.4
2011-06-20,115.5,116.0,113.55,114.35,131515.0,15087800.3
2011-06-21,114.25,114.75,114.05,114.35,47304.0,5415636.45
2011-06-22,113.75,115.0,112.1,112.6,88788.0,10061368.8
2011-06-23,112.2,113.0,111.05,111.7,101171.0,11334926.6
2011-06-24,111.45,112.0,111.25,111.5,55605.0,6201362.8
2011-06-27,111.5,111.85,110.85,111.0,32542.0,3620024.6
2011-06-28,112.0,112.0,110.6,111.0,87303.0,9691064.45
2011-06-29,111.95,112.85,110.75,111.0,67382.0,7482469.1
2011-06-30,111.05,111.05,109.6,110.05,82354.0,9065427.2
2011-07-01,109.6,111.0,109.5,109.95,39166.0,4312647.3
2011-07-04,110.65,114.45,109.6,111.25,219337.0,24556515.2
2011-07-05,111.95,112.45,109.6,109.7,172819.0,19011738.8
2011-07-06,109.6,111.9,108.8,109.6,197647.0,21654079.2
2011-07-07,109.4,111.0,109.4,111.0,172751.0,19059239.6
2011-07-08,111.0,112.7,111.0,112.2,353823.0,39421154.7
2011-07-11,112.5,113.45,111.25,111.9,112174.0,12539967.6
2011-07-12,111.7,112.5,111.3,112.15,377295.0,42340361.85
2011-07-13,111.55,112.6,111.55,112.15,44654.0,5008893.95
2011-07-14,111.35,112.8,111.35,112.05,227696.0,25521802.7
2011-07-15,112.05,112.95,112.0,112.15,143442.0,16097624.7
2011-07-18,112.5,112.5,111.7,112.2,21510.0,2414020.25
2011-07-19,112.1,112.75,112.05,112.3,44888.0,5048441.15
2011-07-20,112.9,112.9,111.45,111.65,60101.0,6729247.1
2011-07-21,111.3,112.25,111.3,111.65,32393.0,3625630.85
2011-07-22,111.4,112.45,111.4,111.65,17624.0,1969843.0
2011-07-25,111.65,111.95,110.55,110.85,108976.0,12111941.75
2011-07-26,111.75,111.75,109.8,110.1,65573.0,7236295.25
2011-07-27,110.15,110.8,108.95,109.0,155231.0,16955266.9
2011-07-28,110.5,110.5,107.8,108.0,164203.0,17760882.75
2011-07-29,108.55,109.0,106.1,106.55,92527.0,9878988.65
2011-08-01,106.55,108.35,106.05,107.9,27949.0,2999785.7
2011-08-02,107.05,107.85,103.55,104.5,111027.0,11686719.35
2011-08-03,105.2,106.4,103.15,106.0,21036.0,2203630.75
2011-08-04,106.0,106.8,106.0,106.65,10776.0,1145876.2
2011-08-05,103.5,106.15,103.5,105.5,30559.0,3207088.3
2011-08-08,100.0,104.9,100.0,104.3,38227.0,3970618.8
2011-08-09,102.1,104.5,102.05,102.6,231321.0,23730194.35
2011-08-10,103.0,103.0,101.35,102.15,129997.0,13340648.75
2011-08-11,101.55,104.5,101.3,101.95,109208.0,11141453.7
2011-08-12,102.0,102.05,101.65,102.0,102846.0,10487852.75
2011-08-16,102.0,102.1,101.25,102.0,280813.0,28639620.6
2011-08-17,101.55,101.95,100.1,100.7,90409.0,9121195.9
2011-08-18,100.2,100.85,99.6,100.0,53526.0,5349673.7
2011-08-19,98.05,100.5,97.25,100.0,102437.0,10221759.6
2011-08-22,98.2,101.9,98.2,100.25,46234.0,4637079.75
2011-08-23,100.25,101.0,99.8,100.05,300816.0,30103465.9
2011-08-24,100.0,100.9,99.7,100.1,82678.0,8274279.45
2011-08-25,100.2,100.7,99.5,100.0,46929.0,4690896.95
2011-08-26,99.3,99.9,98.55,99.5,16838.0,1674020.0
2011-08-29,99.0,100.85,99.0,99.85,24633.0,2463234.35
2011-08-30,101.0,101.0,98.8,99.2,14886.0,1478948.5
2011-09-02,99.0,100.5,98.7,100.0,190570.0,19050497.55
2011-09-05,101.0,101.0,98.75,100.05,28616.0,2863975.05
2011-09-06,100.6,101.8,99.55,100.9,131226.0,13169018.6
2011-09-07,102.0,105.8,99.55,99.9,498076.0,50703301.7
2011-09-08,100.4,101.05,100.1,101.0,68048.0,6867877.75
2011-09-09,101.0,101.7,100.75,101.3,158866.0,16048633.95
2011-09-12,101.1,101.1,99.6,99.95,120588.0,12058320.65
2011-09-13,99.95,101.5,99.7,100.05,293870.0,29387917.2
2011-09-14,100.0,101.6,99.85,100.1,248170.0,24901823.05
2011-09-15,101.3,101.3,100.0,100.25,51163.0,5138728.3
2011-09-16,101.45,105.05,100.6,104.3,441963.0,45841937.15
2011-09-19,104.0,104.0,102.55,103.05,149585.0,15454193.8
2011-09-20,103.5,108.5,102.1,106.5,889164.0,93767834.9
2011-09-21,107.4,107.5,103.75,104.6,249746.0,26350599.2
2011-09-22,103.3,104.0,102.9,103.4,640013.0,66217663.35
2011-09-23,103.9,105.85,102.75,103.65,147207.0,15347025.6
2011-09-26,103.5,103.75,102.15,102.9,94555.0,9717417.35
2011-09-27,103.75,103.75,102.45,102.9,18733.0,1930040.95
2011-09-28,103.9,106.65,103.05,104.15,288349.0,30224060.45
2011-09-29,104.95,105.0,102.8,103.45,374660.0,38768026.5
2011-09-30,103.55,103.85,102.1,102.6,544339.0,56066123.05
2011-10-03,102.4,104.0,102.4,102.95,180590.0,18599866.05
2011-10-04,103.0,103.2,100.25,101.65,440069.0,45087846.45
2011-10-05,102.95,102.95,100.1,101.1,109071.0,11041126.95
2011-10-07,102.0,102.2,98.25,99.05,91261.0,9104216.45
2011-10-10,101.6,101.6,98.1,100.0,233225.0,23306791.75
2011-10-11,101.9,101.9,99.8,100.0,680966.0,68244450.45
2011-10-12,99.5,101.9,99.5,101.6,444467.0,44549202.25
2011-10-13,101.3,102.55,100.65,101.85,359891.0,36508028.8
2011-10-14,102.6,104.7,101.75,104.1,138108.0,14288959.75
2011-10-17,105.0,105.9,104.1,105.6,299594.0,31433046.95
2011-10-18,105.1,105.75,103.7,105.5,182262.0,19084999.4
2011-10-19,105.9,105.9,105.15,105.45,57771.0,6100347.7
2011-10-20,105.1,106.85,105.1,106.35,166900.0,17701085.6
2011-10-21,105.75,107.4,105.75,106.45,415795.0,44331704.05
2011-10-24,106.55,107.7,105.65,106.15,574690.0,61076433.05
2011-10-25,106.0,107.0,104.5,106.0,185676.0,19511129.25
2011-10-26,106.0,107.0,106.0,106.55,30207.0,3217345.25
2011-10-28,107.0,107.0,103.9,104.55,23003.0,2419463.6
2011-10-31,103.85,104.5,101.0,102.5,26805.0,2738055.55
2011-11-01,101.35,102.35,100.25,101.55,10056.0,1017580.8
2011-11-02,102.9,102.9,99.7,100.9,15096.0,1528115.55
2011-11-03,103.0,103.0,100.8,101.35,7425.0,754171.1
2011-11-04,100.7,103.45,100.7,103.05,21266.0,2187627.75
2011-11-08,101.25,101.65,97.8,98.55,38176.0,3788395.8
2011-11-09,97.5,97.5,78.85,78.95,629884.0,52566961.75
2011-11-11,71.0,76.0,68.45,69.9,644491.0,45973962.75
2011-11-14,70.25,72.3,63.55,65.2,468034.0,32247163.75
2011-11-15,62.95,63.95,58.7,58.7,546055.0,32345980.1
2011-11-16,61.0,61.0,53.75,55.65,866813.0,48019756.6
2011-11-17,56.95,58.0,55.3,56.15,188496.0,10700220.05
2011-11-18,55.6,60.65,54.45,58.85,162631.0,9398130.05
2011-11-21,58.9,58.9,53.75,56.1,170007.0,9496958.65
2011-11-22,56.0,58.4,56.0,57.1,84518.0,4853343.95
2011-11-23,57.1,57.4,54.55,55.05,34238.0,1896902.25
2011-11-24,55.05,55.85,53.75,54.1,45496.0,2473914.8
2011-11-25,53.5,57.9,53.15,54.8,130675.0,7198191.55
2011-11-28,57.95,58.9,54.9,55.1,40532.0,2254537.8
2011-11-29,55.3,57.9,54.0,54.3,215146.0,12033444.1
2011-11-30,54.3,54.75,53.05,53.3,33394.0,1789750.05
2011-12-01,53.6,54.5,50.55,51.3,703217.0,37031607.3
2011-12-02,52.45,53.4,51.15,52.35,74373.0,3878863.15
2011-12-05,52.5,52.95,51.8,52.45,25474.0,1335985.25
2011-12-07,52.05,52.5,51.1,51.9,12662.0,659273.9
2011-12-08,51.35,52.7,49.05,50.15,16529.0,832632.7
2011-12-09,50.0,50.5,46.55,47.1,49728.0,2393407.05
2011-12-12,47.25,47.25,44.05,44.3,42417.0,1926849.55
2011-12-13,44.4,45.95,41.9,43.35,26789.0,1153240.9
2011-12-14,42.0,44.75,42.0,43.05,14307.0,619411.2
2011-12-15,43.0,43.9,41.25,43.2,27128.0,1153006.3
2011-12-16,43.0,43.2,38.9,39.0,97954.0,3997113.2
2011-12-19,38.0,38.45,35.1,35.1,652175.0,23984044.8
2011-12-20,35.1,36.0,33.35,34.8,44722.0,1522719.85
2011-12-21,35.85,36.5,34.3,36.2,21036.0,754534.15
2011-12-22,37.0,37.4,35.35,36.1,239212.0,8824722.1
2011-12-23,37.7,37.7,35.05,35.65,22779.0,822513.15
2011-12-26,35.35,36.3,35.05,35.75,15672.0,560403.05
2011-12-27,35.05,36.4,35.05,36.15,29894.0,1079243.35
2011-12-28,36.15,37.95,34.5,37.3,651523.0,22861476.15
2011-12-29,37.0,38.75,36.05,38.3,97398.0,3642196.85
2011-12-30,37.0,38.6,36.4,37.25,104307.0,3872621.2
2012-01-02,37.0,37.45,35.4,35.5,27974.0,1013578.95
2012-01-03,35.05,36.45,35.05,36.0,10778.0,389078.15
2012-01-04,36.1,36.5,35.05,35.3,19973.0,716012.7
2012-01-05,35.15,37.05,35.15,36.55,573340.0,20717219.05
2012-01-06,36.5,37.3,35.3,36.05,33723.0,1224485.95
2012-01-07,36.8,36.8,35.7,36.1,4245.0,153439.6
2012-01-09,37.45,37.45,36.5,36.7,44293.0,1631643.9
2012-01-10,37.1,40.35,36.65,40.35,108693.0,4265651.15
2012-01-11,41.8,44.35,41.0,44.35,679707.0,30001227.45
2012-01-12,48.75,48.75,47.0,48.75,247056.0,11988776.45
2012-01-13,49.0,51.15,48.1,48.9,542672.0,27564720.0
2012-01-16,48.5,50.0,47.7,48.95,61693.0,3011817.5
2012-01-17,49.6,49.9,48.2,48.6,44193.0,2165227.85
2012-01-18,49.1,49.7,46.2,46.2,27247.0,1285945.55
2012-01-19,46.95,48.5,45.3,48.5,36446.0,1742811.0
2012-01-20,50.05,50.45,48.15,49.05,52415.0,2590912.8
2012-01-23,49.65,49.7,48.75,49.3,38351.0,1885198.85
2012-01-24,47.55,49.25,47.15,49.2,13246.0,643155.45
2012-01-25,50.0,51.65,48.75,51.65,159489.0,8007918.35
2012-01-27,52.1,54.2,50.65,54.2,610457.0,32733444.9
2012-01-30,56.8,56.9,56.8,56.9,26049.0,1482088.1
2012-01-31,59.7,59.7,58.5,59.7,327008.0,19513228.05
2012-02-01,62.65,62.65,60.55,62.65,66005.0,4110438.3
2012-02-02,65.75,65.75,63.0,65.75,151522.0,9871925.55
2012-02-03,68.4,69.0,67.1,69.0,176006.0,12102994.15
2012-02-06,70.5,72.45,70.5,72.45,92238.0,6646143.2
2012-02-07,76.05,76.05,68.85,68.85,198776.0,14311814.25
2012-02-08,68.85,68.85,65.45,65.45,263655.0,17296450.25
2012-02-09,62.3,68.7,62.3,68.7,98660.0,6636682.7
2012-02-10,70.0,72.1,68.05,70.2,195765.0,13957819.95
2012-02-13,70.95,71.7,66.9,67.9,28763.0,1971674.8
2012-02-14,68.7,69.45,65.05,66.7,42246.0,2849996.65
2012-02-15,68.0,70.0,67.0,70.0,108034.0,7400445.6
2012-02-16,69.9,73.5,69.9,73.5,105886.0,7750340.7
2012-02-17,76.0,77.15,72.2,77.15,110189.0,8354275.8
2012-02-21,81.0,81.0,74.0,79.35,202933.0,15911954.55
2012-02-22,80.0,81.0,75.4,75.55,148508.0,11591690.05
2012-02-23,76.95,76.95,71.8,71.85,64725.0,4722012.65
2012-02-24,72.85,75.25,71.2,71.75,121413.0,8924653.2
2012-02-27,72.0,72.0,68.2,68.2,35906.0,2487480.95
2012-02-28,67.55,70.3,66.25,68.85,54211.0,3731389.85
2012-02-29,69.7,72.25,69.05,71.4,69331.0,4933242.0
2012-03-01,71.4,73.35,70.0,71.05,59466.0,4268206.65
2012-03-02,70.0,70.7,69.0,69.35,7524.0,521933.2
2012-03-03,71.0,71.0,67.25,69.3,1645.0,113960.15
2012-03-05,69.0,72.75,66.25,69.5,11311.0,795311.25
2012-03-06,70.95,70.95,67.2,69.15,5856.0,407495.45
2012-03-07,68.35,69.5,65.7,66.6,18815.0,1255007.3
2012-03-09,68.95,69.9,66.8,69.8,196991.0,13756100.7
2012-03-12,70.95,71.95,69.05,69.6,11982.0,840738.7
2012-03-13,71.5,71.5,68.5,69.1,12170.0,846769.95
2012-03-14,71.4,71.65,69.1,69.45,13841.0,966575.6
2012-03-15,69.0,70.45,68.0,69.15,7605.0,525157.65
2012-03-16,68.05,69.95,68.05,68.45,5758.0,395062.75
2012-03-19,67.3,68.85,65.1,66.55,18749.0,1253471.95
2012-03-20,64.05,68.7,64.05,65.4,21656.0,1429014.6
2012-03-21,64.5,67.45,64.05,65.05,8615.0,561862.4
2012-03-22,64.05,65.5,61.85,62.3,12468.0,787983.7
2012-03-23,63.8,63.8,59.2,60.15,14415.0,863091.1
2012-03-26,60.1,60.25,57.15,57.15,7068.0,411234.7
2012-03-27,59.0,59.0,55.05,56.15,7444.0,422996.15
2012-03-28,56.1,57.9,54.0,54.15,5698.0,315507.55
2012-03-29,54.0,55.25,51.45,53.2,68462.0,3590638.3
2012-03-30,54.0,55.85,52.5,55.85,27437.0,1461385.25
2012-04-02,57.2,58.6,55.4,57.8,10169.0,592249.7
2012-04-03,58.0,60.4,58.0,59.25,10006.0,596726.2
2012-04-04,57.0,61.75,57.0,61.35,17869.0,1078473.35
2012-04-09,60.0,62.0,59.0,59.45,8267.0,501430.8
2012-04-10,59.0,60.85,58.55,58.75,5746.0,343579.65
2012-04-11,59.0,60.95,57.25,58.4,6774.0,399473.65
2012-04-12,59.0,59.95,58.05,59.0,6402.0,379814.25
2012-04-13,59.0,59.5,57.1,58.6,385568.0,22597336.3
2012-04-16,59.0,59.5,57.1,58.9,96725.0,5701671.35
2012-04-17,59.05,61.8,59.05,61.8,20860.0,1272329.6
2012-04-18,63.7,64.85,61.1,64.75,48690.0,3152753.75
2012-04-19,64.8,67.95,63.5,67.95,37956.0,2526874.8
2012-04-20,70.7,71.3,68.05,71.3,60608.0,4318788.95
2012-04-23,72.0,74.85,68.0,68.3,17293.0,1242866.4
2012-04-24,68.0,69.5,66.3,66.75,6097.0,412620.9
2012-04-25,66.4,66.4,63.45,63.45,10720.0,686674.55
2012-04-26,63.2,64.75,61.0,62.45,37773.0,2362633.45
2012-04-27,62.5,63.95,61.9,62.15,5862.0,365011.95
2012-04-28,62.5,64.0,62.05,63.95,549.0,34795.05
2012-04-30,63.5,64.0,61.6,63.8,4765.0,302971.65
2012-05-02,64.0,65.95,63.5,64.9,432162.0,27876045.5
2012-05-03,63.05,65.0,62.65,62.65,5845.0,370502.05
2012-05-04,59.6,63.4,59.6,61.65,3395.0,209564.3
2012-05-07,61.7,64.0,60.0,62.3,3651.0,224491.1
2012-05-08,62.0,63.7,59.65,60.7,1256.0,77082.85
2012-05-09,58.3,61.65,58.3,60.1,11637.0,699515.35
2012-05-10,60.1,60.8,59.5,60.6,29209.0,1757260.05
2012-05-11,59.5,60.5,58.9,59.8,6270.0,372988.95
2012-05-14,59.0,60.0,57.55,58.95,5090.0,301610.6
2012-05-15,58.05,60.35,57.55,59.75,120567.0,7101496.85
2012-05-16,61.0,61.0,58.05,59.0,27663.0,1632423.7
2012-05-17,58.6,60.5,58.1,58.85,1788.0,105091.6
2012-05-18,59.0,60.2,55.95,59.2,30040.0,1777132.5
2012-05-21,59.2,60.4,59.0,60.0,32048.0,1922750.65
2012-05-22,58.15,60.0,58.1,59.05,15083.0,902047.6
2012-05-23,59.0,59.9,57.05,59.1,4068.0,238570.6
2012-05-24,59.0,59.8,57.25,58.45,1908.0,112641.1
2012-05-25,57.5,59.95,56.35,59.3,6927.0,405887.95
2012-05-28,59.95,59.95,58.55,59.0,3038.0,178918.95
2012-05-29,58.1,58.1,56.4,56.55,13625.0,776463.75
2012-05-30,56.5,57.0,53.75,54.3,25617.0,1394180.75
2012-05-31,52.45,54.0,51.6,52.45,118039.0,6158968.5
2012-06-01,51.6,52.5,50.05,51.0,9985.0,510202.75
2012-06-04,50.0,52.0,49.0,50.8,4211.0,214001.45
2012-06-05,51.0,52.0,49.0,50.6,3087.0,158052.3
2012-06-06,52.4,52.4,49.5,51.4,8607.0,442549.65
2012-06-07,50.05,52.5,50.0,51.4,231813.0,11922838.6
2012-06-08,51.85,51.85,50.0,51.05,4289.0,218150.25
2012-06-11,51.0,53.6,51.0,53.6,107028.0,5703177.8
2012-06-12,53.6,54.5,52.0,53.6,4661.0,250246.55
2012-06-13,52.15,54.5,52.15,53.65,4860.0,258047.55
2012-06-14,52.0,54.0,51.25,53.25,5213.0,275791.6
2012-06-15,55.0,55.0,50.6,50.9,40539.0,2081510.2
2012-06-18,52.0,53.3,51.8,52.5,27095.0,1416673.05
2012-06-19,53.0,53.1,51.05,52.65,15002.0,785907.9
2012-06-20,52.2,54.0,51.75,53.4,11375.0,601536.2
2012-06-21,52.15,53.85,52.15,53.05,2911.0,154432.15
2012-06-22,51.25,53.35,51.25,52.55,4375.0,230007.05
2012-06-25,52.0,53.0,51.5,52.35,6231.0,328136.1
2012-06-26,51.7,52.5,50.4,50.75,8222.0,422434.5
2012-06-27,52.0,52.5,49.45,51.8,75658.0,3847393.75
2012-06-28,51.5,52.9,50.35,52.6,24277.0,1266625.95
2012-06-29,52.9,52.9,51.5,52.55,28841.0,1514009.3
2012-07-02,52.05,53.8,51.4,53.4,36227.0,1912635.9
2012-07-03,53.05,55.0,52.55,53.1,69670.0,3729505.7
2012-07-04,54.45,55.75,53.1,54.95,50817.0,2755070.95
2012-07-05,56.7,57.65,56.0,57.65,11305.0,647643.6
2012-07-06,63.25,63.4,59.9,63.4,77164.0,4823402.8
2012-07-09,65.15,65.15,60.3,60.8,89816.0,5604770.85
2012-07-10,61.9,63.5,60.0,60.15,37258.0,2282984.85
2012-07-11,59.1,61.65,58.55,59.5,15628.0,946978.15
2012-07-12,58.5,60.5,58.0,60.05,19638.0,1171085.2
2012-07-13,60.5,65.95,59.1,59.35,24756.0,1516185.95
2012-07-16,59.9,60.75,59.2,60.05,15510.0,929905.9
2012-07-17,58.8,61.75,58.0,59.85,15062.0,898880.95
2012-07-18,60.0,61.5,59.1,61.3,11522.0,694084.95
2012-07-19,62.0,62.0,59.6,60.7,12266.0,747747.1
2012-07-20,61.5,61.5,59.55,60.35,10771.0,648393.45
2012-07-23,58.75,61.0,58.75,59.5,42418.0,2535262.1
2012-07-24,60.0,60.95,58.0,58.45,6287.0,370323.0
2012-07-25,58.05,58.8,56.95,57.3,6321.0,364141.2
2012-07-26,57.0,57.55,56.0,57.2,12952.0,733259.8
2012-07-27,58.5,59.0,55.0,56.85,38585.0,2209470.5
2012-07-30,57.0,57.25,56.2,56.95,4290.0,243802.9
2012-07-31,56.75,58.5,56.05,57.05,8800.0,505511.8
2012-08-01,58.3,60.0,58.25,58.85,12321.0,726530.4
2012-08-02,58.9,59.75,57.25,59.3,6617.0,389374.8
2012-08-03,60.0,65.2,58.1,65.2,120590.0,7517951.95
2012-08-06,66.65,67.5,60.6,63.85,168479.0,10956910.05
2012-08-07,64.9,69.2,64.25,66.3,115211.0,7656997.35
2012-08-08,66.0,67.8,66.0,66.55,51011.0,3423242.05
2012-08-09,67.0,69.45,66.0,68.0,83299.0,5647663.0
2012-08-10,68.0,69.7,68.0,68.5,61625.0,4234230.35
2012-08-13,68.0,69.15,68.0,68.85,15892.0,1087488.55
2012-08-14,68.15,69.0,65.35,66.5,15061.0,1014443.05
2012-08-16,65.6,67.0,64.2,64.75,13614.0,887485.15
2012-08-17,65.1,65.5,63.2,63.85,23347.0,1499074.3
2012-08-21,66.3,66.3,64.1,65.35,27400.0,1780537.35
2012-08-22,65.5,67.0,63.5,66.1,25672.0,1682248.0
2012-08-23,66.5,66.5,64.0,64.5,21173.0,1371737.35
2012-08-24,63.15,64.15,61.8,63.2,19811.0,1248988.75
2012-08-27,63.0,64.3,60.0,61.1,24333.0,1502815.1
2012-08-28,61.0,61.0,59.75,60.05,36072.0,2165798.3
2012-08-29,60.0,61.5,59.0,60.1,17112.0,1025556.55
2012-08-30,61.7,61.7,59.2,59.95,11449.0,686407.95
2012-08-31,60.0,60.35,59.55,59.95,17565.0,1052871.55
2012-09-03,61.0,61.05,58.1,58.45,6039.0,361185.4
2012-09-04,58.1,59.2,57.1,58.25,5154.0,300730.85
2012-09-05,58.55,64.05,58.0,64.05,121283.0,7601474.75
2012-09-06,70.45,70.45,63.8,64.65,192796.0,12897347.35
2012-09-07,66.7,68.7,63.25,66.4,159957.0,10590560.6
2012-09-08,66.4,66.4,65.0,65.45,3752.0,245575.3
2012-09-10,66.5,66.5,62.5,63.3,29484.0,1890047.5
2012-09-11,63.9,63.9,62.35,63.35,10744.0,678511.5
2012-09-12,63.0,67.0,63.0,64.35,29720.0,1932455.15
2012-09-13,64.3,64.35,62.1,62.5,10170.0,642256.55
2012-09-14,63.9,64.45,61.0,63.0,1033830.0,65103037.3
2012-09-17,62.05,62.95,60.5,61.3,21979.0,1352880.2
2012-09-18,62.35,64.9,61.6,62.6,31428.0,1985889.85
2012-09-20,61.6,63.0,61.35,61.6,8402.0,521834.85
2012-09-21,62.75,63.0,61.3,61.85,22267.0,1383325.55
2012-09-24,62.9,64.5,62.55,62.8,43196.0,2744294.25
2012-09-25,63.3,65.1,62.5,63.3,36602.0,2335328.15
2012-09-26,63.2,65.75,63.2,63.9,32492.0,2091872.9
2012-09-27,64.45,64.5,62.85,63.15,12468.0,793947.15
2012-09-28,63.15,64.0,62.55,62.65,20255.0,1278252.9
2012-10-01,63.0,63.7,62.5,62.65,11085.0,696714.2
2012-10-03,63.7,63.7,62.15,62.55,9351.0,585856.35
2012-10-04,63.1,64.8,63.1,63.9,29988.0,1921085.4
2012-10-05,64.0,64.8,61.5,63.0,23143.0,1453400.85
2012-10-08,63.95,67.0,63.6,64.2,39406.0,2572309.6
2012-10-09,64.85,74.4,64.5,72.05,324823.0,23051447.6
2012-10-10,73.0,74.3,67.55,68.6,284521.0,20516926.55
2012-10-11,69.4,69.4,65.4,66.95,45625.0,3080270.85
2012-10-12,68.0,69.8,65.25,66.9,29709.0,2028741.65
2012-10-15,67.4,69.9,67.0,67.25,21383.0,1453462.05
2012-10-16,67.05,71.5,67.0,68.6,108375.0,7538242.85
2012-10-17,69.9,70.0,67.5,68.15,31352.0,2156661.8
2012-10-18,68.2,69.0,68.15,68.4,20938.0,1436341.15
2012-10-19,67.05,69.0,66.35,66.65,20616.0,1391962.05
2012-10-22,66.3,68.9,64.55,65.75,36339.0,2419782.3
2012-10-23,65.3,66.0,65.0,65.25,19726.0,1294909.5
2012-10-25,65.3,65.8,64.05,64.3,13221.0,858402.75
2012-10-26,63.3,64.5,63.3,63.6,10691.0,682815.95
2012-10-29,63.95,64.0,62.0,62.15,30820.0,1930372.5
2012-10-30,62.65,63.1,60.35,60.95,11675.0,719626.1
2012-10-31,61.0,62.6,60.1,61.3,12479.0,762765.15
2012-11-01,61.9,62.65,61.1,61.6,7961.0,492301.9
2012-11-02,61.95,62.6,61.35,61.85,20821.0,1291132.4
2012-11-05,62.1,63.85,60.5,61.0,47520.0,2931468.7
2012-11-06,61.0,61.5,60.4,60.7,18260.0,1112653.2
2012-11-07,60.45,61.0,60.1,60.4,17661.0,1071038.3
2012-11-08,60.05,62.9,55.9,60.05,314004.0,19236061.2
2012-11-09,60.95,61.1,59.65,60.0,48201.0,2917714.65
2012-11-12,60.7,60.7,59.55,59.8,10564.0,634078.6
2012-11-13,60.3,60.6,59.7,60.05,6100.0,366293.55
2012-11-15,60.05,61.0,58.2,60.25,66022.0,3970277.45
2012-11-16,59.3,60.8,58.6,59.0,24182.0,1446989.85
2012-11-19,59.5,59.5,56.1,56.55,44232.0,2548387.55
2012-11-20,56.55,57.25,54.3,54.7,28331.0,1569240.65
2012-11-21,55.0,55.95,53.6,53.9,103398.0,5662780.8
2012-11-22,54.75,54.75,52.15,53.1,28428.0,1522112.8
2012-11-23,53.0,53.35,52.25,52.7,28222.0,1489006.55
2012-11-26,53.0,55.85,52.5,54.75,25445.0,1373873.6
2012-11-27,55.5,55.75,53.55,53.8,16058.0,873116.35
2012-11-29,54.75,55.75,52.55,55.05,48560.0,2635121.3
2012-11-30,55.6,57.75,55.0,56.6,40659.0,2295173.2
2012-12-03,57.0,57.7,56.0,57.3,16075.0,917581.65
2012-12-04,57.0,63.0,57.0,62.05,111387.0,6762357.45
2012-12-05,63.05,64.9,61.55,62.1,111688.0,7025542.0
2012-12-06,62.9,62.9,59.7,60.25,41247.0,2503730.5
2012-12-07,61.9,63.0,60.25,60.45,63462.0,3899688.65
2012-12-10,61.45,62.0,60.35,60.6,20527.0,1255224.85
2012-12-11,61.5,61.7,60.25,60.7,23216.0,1411596.5
2012-12-12,61.0,61.5,59.9,60.1,13862.0,835031.35
2012-12-13,60.1,60.5,58.2,58.35,15015.0,884734.65
2012-12-14,59.8,59.8,57.55,57.7,12615.0,730477.65
2012-12-17,58.0,58.5,56.7,58.1,47212.0,2726309.7
2012-12-18,58.6,59.2,57.6,58.1,54174.0,3148565.05
2012-12-19,58.3,61.25,57.8,59.35,45264.0,2702522.25
2012-12-20,59.65,64.45,59.65,62.35,311557.0,19604939.65
2012-12-21,62.5,62.5,58.35,59.1,46437.0,2810321.35
2012-12-24,60.7,61.75,60.0,61.25,18868.0,1149121.5
2012-12-26,61.8,62.45,61.0,61.3,14371.0,888309.8
2012-12-27,61.0,61.05,55.0,55.05,1866592.0,102772367.5
2012-12-28,58.0,62.9,58.0,62.0,344162.0,21348153.75
2012-12-31,62.0,62.5,59.35,60.55,66901.0,4035235.2
2013-01-01,61.0,63.0,60.2,61.05,39394.0,2421250.75
2013-01-02,61.9,61.9,60.6,61.0,32053.0,1961229.2
2013-01-03,61.0,61.5,60.35,60.9,21123.0,1288212.2
2013-01-04,61.0,62.9,60.5,61.25,37253.0,2293062.65
2013-01-07,61.95,62.85,60.3,62.05,43327.0,2683073.95
2013-01-08,62.05,62.5,61.2,61.6,18302.0,1133830.9
2013-01-09,62.0,66.25,61.5,63.5,166875.0,10677521.25
2013-01-10,66.0,70.2,64.6,67.05,763404.0,51692728.25
2013-01-11,67.6,69.2,64.0,64.7,246169.0,16453403.5
2013-01-14,65.0,65.0,63.15,64.15,34856.0,2231759.25
2013-01-15,64.3,64.65,63.15,63.6,15388.0,981681.7
2013-01-16,63.4,65.3,61.75,62.25,49294.0,3141718.6
2013-01-17,62.2,64.4,61.3,62.05,50110.0,3151095.35
2013-01-18,62.1,63.25,60.0,60.45,45943.0,2822403.55
2013-01-21,61.0,62.05,60.55,61.4,30248.0,1850638.65
2013-01-22,61.0,64.5,61.0,61.5,88266.0,5566217.2
2013-01-23,61.7,62.85,60.0,60.65,32407.0,1990287.55
2013-01-24,61.05,61.45,55.55,57.7,154015.0,8830863.0
2013-01-25,58.15,59.0,57.0,58.45,91739.0,5327948.05
2013-01-28,59.0,60.7,57.3,58.05,104442.0,6098625.8
2013-01-29,57.9,58.8,57.0,57.85,104735.0,6047325.85
2013-01-30,58.1,59.05,57.8,57.9,31733.0,1843563.8
2013-01-31,58.3,58.8,57.65,58.2,10670.0,620717.85
2013-02-01,58.4,60.1,58.15,58.55,51748.0,3054111.75
2013-02-04,58.2,59.1,57.1,57.45,22925.0,1328897.3
2013-02-05,57.0,57.75,55.9,56.95,25781.0,1465418.4
2013-02-06,57.45,59.3,57.45,58.05,24043.0,1403109.0
2013-02-07,58.1,58.5,57.4,58.05,8779.0,508425.85
2013-02-08,58.5,58.5,56.65,57.95,30046.0,1735907.25
2013-02-11,57.5,59.25,56.6,58.6,25830.0,1500498.1
2013-02-12,58.4,58.4,57.1,57.4,17108.0,990552.45
2013-02-13,57.65,58.5,56.5,56.7,14254.0,819420.2
2013-02-14,56.1,56.85,54.9,55.0,22274.0,1238864.15
2013-02-15,55.2,55.2,53.4,53.7,11150.0,601064.15
2013-02-18,54.0,55.95,54.0,54.95,7401.0,406143.0
2013-02-19,55.8,55.8,55.15,55.35,5291.0,293104.5
2013-02-20,55.9,58.4,53.65,54.5,103871.0,5856347.4
2013-02-21,54.4,54.5,52.75,52.95,27456.0,1467067.6
2013-02-22,52.85,54.0,52.75,53.5,18920.0,1011418.1
2013-02-25,53.5,54.3,52.0,52.35,30721.0,1622323.65
2013-02-26,52.0,52.45,51.0,51.4,14460.0,745957.55
2013-02-27,54.9,54.9,47.3,51.5,43494.0,2179856.65
2013-02-28,52.45,52.9,49.0,49.5,28616.0,1448052.0
2013-03-01,49.5,52.0,48.3,51.15,21101.0,1065774.15
2013-03-04,51.4,51.4,47.65,49.45,27043.0,1329347.4
2013-03-05,50.0,50.5,48.8,49.7,13050.0,649605.6
2013-03-06,50.9,51.55,50.0,50.9,7881.0,400851.8
2013-03-07,51.35,51.35,48.85,50.3,15284.0,760969.9
2013-03-08,51.0,51.3,48.1,50.2,18754.0,935947.4
2013-03-11,50.85,51.3,49.9,50.25,19527.0,982800.7
2013-03-12,50.35,52.6,49.0,51.0,41097.0,2075546.7
2013-03-13,50.0,50.7,49.0,49.1,8025.0,400131.7
2013-03-14,49.1,50.0,48.25,49.3,4575.0,225461.7
2013-03-15,49.95,50.0,48.7,49.05,4584.0,225331.25
2013-03-18,49.0,49.25,46.4,47.7,12415.0,593000.95
2013-03-19,48.5,48.5,46.9,47.05,1315189.0,62856846.1
2013-03-20,47.05,47.8,46.0,46.4,783449.0,36818760.85
2013-03-21,46.5,47.7,45.15,46.05,10110.0,466435.65
2013-03-22,46.3,46.3,42.0,45.1,165587.0,7229947.3
2013-03-25,45.55,46.4,42.4,43.35,27796.0,1230696.5
2013-03-26,42.35,43.75,41.1,41.75,15709.0,668873.85
2013-03-28,41.2,42.9,41.0,42.4,5649.0,238043.6
2013-04-01,43.0,44.7,43.0,44.45,19295.0,848108.9
2013-04-02,43.35,48.35,43.35,47.6,16869.0,783092.8
2013-04-03,48.5,50.55,47.25,48.9,14665.0,724214.5
2013-04-04,48.0,48.45,46.35,47.0,5249.0,249627.15
2013-04-05,47.85,47.85,45.75,46.2,2096.0,97771.1
2013-04-08,45.5,50.85,45.5,48.15,27547.0,1357223.15
2013-04-09,47.1,48.6,45.65,47.2,6154.0,291805.0
2013-04-10,47.0,49.5,46.0,47.1,4231.0,200592.2
2013-04-11,48.7,48.7,47.0,47.15,5026.0,239956.5
2013-04-12,46.5,47.55,46.5,47.4,3054.0,144081.4
2013-04-15,46.8,49.7,44.65,47.9,3777.0,177725.7
2013-04-16,47.2,48.5,47.2,48.1,4090.0,196332.0
2013-04-17,47.55,50.0,47.55,49.8,15404.0,760776.4
2013-04-18,48.5,50.8,47.7,48.05,13272.0,646296.75
2013-04-22,48.35,49.3,48.35,48.55,2859.0,139424.8
2013-04-23,48.4,49.85,48.35,48.55,5498.0,268906.2
2013-04-25,49.2,49.4,48.6,49.1,7248.0,355726.5
2013-04-26,48.6,49.0,47.95,48.2,5382.0,260233.9
2013-04-29,48.0,48.75,47.65,48.3,2809.0,135302.05
2013-04-30,47.8,48.9,47.1,47.9,4960.0,238949.05
2013-05-02,48.5,48.85,47.3,48.2,4386.0,211644.6
2013-05-03,48.8,48.8,48.0,48.1,3123.0,150965.3
2013-05-06,48.5,48.5,47.75,48.25,3684.0,177776.65
2013-05-07,48.75,48.85,47.75,48.0,8708.0,419451.1
2013-05-08,48.75,48.75,48.05,48.35,3083.0,149383.55
2013-05-09,48.25,51.85,48.25,48.8,14374.0,713657.5
2013-05-10,48.45,49.3,48.0,48.5,7243.0,350477.05
2013-05-11,48.0,48.7,48.0,48.0,901.0,43328.0
2013-05-13,47.55,48.7,47.55,47.55,2665.0,127531.25
2013-05-14,47.5,48.0,47.1,47.25,5320.0,252341.15
2013-05-15,47.9,49.0,47.5,48.3,7269.0,349102.4
2013-05-16,48.5,49.8,48.1,48.45,7170.0,350267.65
2013-05-17,48.65,49.6,48.5,49.0,6322.0,309409.7
2013-05-20,48.8,55.85,48.8,54.6,109606.0,5856078.35
2013-05-21,55.9,55.9,53.0,53.4,30730.0,1675277.9
2013-05-22,54.25,54.45,53.1,54.15,28300.0,1529962.35
2013-05-23,54.1,54.1,51.0,52.25,12972.0,675697.0
2013-05-24,52.1,52.15,49.85,50.3,7617.0,390643.7
2013-05-27,51.0,52.6,50.25,52.15,10778.0,559135.2
2013-05-28,52.0,57.95,51.9,53.55,59306.0,3275377.05
2013-05-29,54.45,54.45,51.0,51.5,14318.0,748504.8
2013-05-30,52.0,53.45,51.25,51.9,12584.0,654079.0
2013-05-31,51.5,52.25,51.5,51.65,4875.0,251980.25
2013-06-03,50.6,51.5,50.1,50.85,17593.0,892058.3
2013-06-04,52.2,53.4,50.7,52.1,49503.0,2559673.9
2013-06-05,52.1,53.7,51.0,52.75,11244.0,592480.05
2013-06-06,52.6,53.3,51.65,52.1,2624.0,137328.55
2013-06-07,52.3,53.2,51.0,51.25,4437.0,230736.85
2013-06-10,52.35,52.35,50.2,50.65,5921.0,301133.5
2013-06-11,51.35,54.65,51.35,53.15,199431.0,10598939.35
2013-06-12,53.8,54.75,52.1,53.95,40011.0,2128724.55
2013-06-13,53.05,53.05,51.0,52.45,18747.0,976477.0
2013-06-14,52.75,54.0,52.0,53.05,8893.0,472130.25
2013-06-17,52.65,53.9,52.15,53.0,7648.0,403966.6
2013-06-18,52.55,53.05,52.3,52.45,1003.0,52754.7
2013-06-19,53.2,57.4,52.05,55.3,76446.0,4234884.6
2013-06-20,55.0,55.0,51.3,52.05,9925.0,523096.25
2013-06-21,51.65,52.65,51.0,52.05,21033.0,1090904.85
2013-06-24,52.65,55.0,51.55,53.15,22805.0,1208825.8
2013-06-25,53.15,54.9,52.55,53.1,7661.0,407154.9
2013-06-26,52.6,54.0,52.15,53.5,12966.0,693385.1
2013-06-27,53.9,54.75,53.9,54.55,7415.0,402007.8
2013-06-28,54.9,61.0,53.0,56.8,66585.0,3738296.6
2013-07-01,58.5,58.5,56.05,56.8,7158.0,407732.2
2013-07-02,56.8,56.8,54.05,54.45,10483.0,574423.3
2013-07-03,54.05,54.75,53.15,53.65,3149.0,169943.45
2013-07-04,53.25,54.9,52.2,52.85,7875.0,419098.2
2013-07-05,52.95,55.8,52.15,54.05,14865.0,796697.75
2013-07-08,53.9,53.9,52.3,52.85,10809.0,572835.0
2013-07-09,53.95,53.95,52.2,53.0,5094.0,269043.45
2013-07-10,53.0,53.7,52.4,52.8,2917.0,154374.3
2013-07-11,53.0,53.95,52.8,53.0,6079.0,323764.7
2013-07-12,53.5,53.6,52.2,53.0,5614.0,297870.05
2013-07-15,52.7,52.7,51.55,51.95,4885.0,255030.3
2013-07-16,51.6,52.85,51.1,52.0,2698.0,139515.55
2013-07-17,51.4,52.4,51.3,51.8,3263.0,169052.15
2013-07-18,51.8,51.8,51.1,51.25,2687.0,138062.65
2013-07-19,51.95,53.45,51.95,53.0,6564.0,347202.1
2013-07-22,53.9,54.75,53.9,54.55,11526.0,624457.5
2013-07-23,54.0,56.1,53.75,55.05,23877.0,1312547.5
2013-07-24,56.4,56.4,54.0,55.2,24926.0,1363314.4
2013-07-25,55.5,56.5,54.5,55.9,19927.0,1114144.75
2013-07-26,56.0,56.5,55.25,56.0,11344.0,635070.25
2013-07-29,55.25,56.4,55.1,56.0,13103.0,733274.65
2013-07-30,56.5,56.5,55.5,56.0,16831.0,942353.15
2013-07-31,55.65,60.0,54.0,56.05,1577248.0,88440203.65
2013-08-01,56.3,57.7,56.3,57.0,7944.0,452955.8
2013-08-02,56.3,56.85,54.05,55.0,8844.0,486605.7
2013-08-05,54.55,55.35,53.55,55.0,11436.0,628048.9
2013-08-06,54.6,54.9,52.9,53.1,2926.0,156592.6
2013-08-07,53.9,53.9,52.0,53.0,4765.0,251827.6
2013-08-08,53.0,55.0,53.0,54.7,8126.0,442557.75
2013-08-12,54.1,54.1,53.05,53.4,4126.0,222079.7
2013-08-13,53.0,53.85,52.7,53.45,3748.0,199649.35
2013-08-14,53.7,54.8,53.7,54.15,19512.0,1054272.9
2013-08-16,53.7,54.35,53.0,54.0,16689.0,900842.35
2013-08-19,54.0,54.85,52.85,53.0,1402.0,74843.9
2013-08-20,52.85,53.9,50.7,52.7,6170.0,322300.85
2013-08-21,52.3,53.95,51.55,51.75,5597.0,294011.3
2013-08-22,52.3,52.85,49.8,51.45,10880.0,555714.6
2013-08-23,52.45,52.9,51.5,51.9,6243.0,325499.65
2013-08-26,52.8,53.8,51.3,53.3,7489.0,397736.25
2013-08-27,53.5,53.9,51.05,51.8,5671.0,295939.5
2013-08-28,52.8,52.8,51.05,51.15,1931.0,99013.15
2013-08-29,51.35,52.05,51.15,51.75,23378.0,1209166.5
2013-08-30,52.9,54.0,52.9,53.7,10028.0,533694.85
2013-09-02,53.0,54.1,53.0,53.9,3028.0,162471.35
2013-09-03,53.7,53.8,51.15,51.85,1954.0,103025.45
2013-09-04,51.2,52.95,51.2,52.55,1836.0,96172.9
2013-09-05,53.45,55.0,52.6,53.2,6891.0,368853.3
2013-09-06,52.7,53.45,52.0,52.75,4167.0,219286.8
2013-09-10,52.5,55.95,52.4,53.85,3858.0,208490.7
2013-09-11,53.5,54.45,52.95,53.25,990.0,52738.25
2013-09-12,53.0,54.0,52.65,53.55,2072.0,110843.55
2013-09-13,53.55,54.25,53.0,53.75,4966.0,266069.7
2013-09-16,54.0,54.45,53.4,53.45,2966.0,159413.9
2013-09-17,53.45,53.45,52.75,53.05,1836.0,97712.75
2013-09-18,53.2,53.3,52.25,52.65,1796.0,94611.5
2013-09-19,53.65,53.75,52.5,53.2,7585.0,402238.5
2013-09-20,53.8,55.95,52.05,53.35,6056.0,327508.1
2013-09-23,53.35,53.45,52.25,52.25,151148.0,7898152.85
2013-09-24,52.35,53.8,52.35,52.55,6126.0,324358.05
2013-09-25,53.4,53.4,52.0,52.25,4415.0,231129.0
2013-09-26,52.0,52.9,51.9,51.95,3362.0,175667.3
2013-09-27,52.8,52.95,50.2,51.85,3219.0,166565.55
2013-09-30,51.5,52.5,50.2,50.55,6791.0,344924.45
2013-10-01,50.45,51.2,50.45,50.55,3214.0,162971.15
2013-10-03,50.55,51.8,50.5,50.8,5055.0,257204.25
2013-10-04,50.8,52.2,50.8,51.75,9323.0,482520.35
2013-10-07,52.0,52.0,50.8,51.1,3632.0,185693.0
2013-10-08,51.85,52.4,51.05,51.35,4783.0,246514.15
2013-10-09,51.9,52.0,51.3,51.55,2836.0,146295.75
2013-10-10,51.9,58.05,50.55,54.95,49833.0,2767240.3
2013-10-11,55.8,55.9,53.5,53.7,10330.0,568057.2
2013-10-14,54.7,54.7,53.0,53.1,4470.0,238064.3
2013-10-15,52.8,55.75,52.55,54.55,14817.0,803486.45
2013-10-17,54.8,54.8,53.3,54.0,5132.0,275851.25
2013-10-18,53.8,53.95,52.75,53.1,14121.0,753183.25
2013-10-21,53.2,54.55,53.2,53.45,6444.0,346597.05
2013-10-22,53.6,54.95,53.4,54.25,8104.0,438924.65
2013-10-23,54.6,56.35,54.6,55.75,18259.0,1016595.3
2013-10-24,55.3,56.4,53.4,56.1,10981.0,612890.95
2013-10-25,55.15,67.3,54.25,65.8,293426.0,19072890.9
2013-10-28,68.0,68.4,60.25,61.8,306178.0,19829282.35
2013-10-29,61.35,64.65,58.8,61.35,97734.0,6040903.6
2013-10-30,61.35,62.0,60.3,60.8,30954.0,1887113.35
2013-10-31,60.8,63.0,59.7,60.1,13537.0,826368.6
2013-11-01,61.95,61.95,57.75,60.1,13487.0,804835.8
2013-11-03,61.5,61.5,59.05,59.75,3263.0,195532.95
2013-11-05,60.75,64.3,59.0,63.05,58642.0,3680405.15
2013-11-06,63.7,65.55,63.15,65.25,52555.0,3406909.15
2013-11-07,65.95,66.0,63.3,65.15,28462.0,1851022.1
2013-11-08,64.5,64.5,61.4,62.05,12929.0,806129.15
2013-11-11,61.8,62.4,60.45,61.65,11788.0,721546.0
2013-11-12,61.5,63.85,60.1,60.9,9528.0,587154.55
2013-11-13,60.5,62.45,58.5,59.05,6443.0,387762.35
2013-11-14,60.0,61.0,59.0,60.45,4076.0,244775.1
2013-11-18,60.25,61.5,59.5,60.25,126523.0,7714874.85
2013-11-19,60.25,61.35,59.8,60.0,5882.0,356231.2
2013-11-20,59.65,61.0,59.2,60.9,13747.0,833528.15
2013-11-21,61.0,62.2,58.5,59.95,18168.0,1106859.6
2013-11-22,60.0,61.8,59.2,59.5,4319.0,259354.9
2013-11-25,60.5,61.25,60.25,60.35,3117.0,188913.25
2013-11-26,60.0,60.6,59.0,59.2,4549.0,272180.15
2013-11-27,59.0,60.0,58.65,59.4,1759.0,104989.6
2013-11-28,59.2,60.25,59.1,59.5,5321.0,317838.2
2013-11-29,60.15,61.8,59.8,60.75,5906.0,357679.15
2013-12-02,60.3,65.5,60.1,63.15,60407.0,3793649.7
2013-12-03,63.9,64.5,61.35,61.55,20059.0,1249505.3
2013-12-04,62.2,64.5,61.5,62.3,22664.0,1433712.75
2013-12-05,62.55,63.9,62.0,62.95,7910.0,496184.05
2013-12-06,62.5,65.0,61.65,64.45,21262.0,1364384.2
2013-12-09,65.9,66.5,64.1,65.05,17555.0,1141328.05
2013-12-10,64.5,66.4,62.25,63.0,15271.0,983984.65
2013-12-11,63.0,64.35,62.5,64.05,13174.0,842463.6
2013-12-12,63.5,64.4,63.0,63.4,13991.0,892288.5
2013-12-13,63.0,63.0,61.6,61.95,6108.0,380034.5
2013-12-16,63.45,63.45,60.65,62.5,7095.0,441099.25
2013-12-17,63.9,64.5,62.45,64.1,11123.0,711996.6
2013-12-18,63.5,65.0,63.0,63.9,2350.0,150579.55
2013-12-19,64.1,64.5,62.1,63.55,1941.0,122951.7
2013-12-20,64.0,64.0,62.4,63.2,5084.0,322096.75
2013-12-23,63.05,64.4,62.5,62.65,4368.0,275850.25
2013-12-24,63.5,63.6,62.2,62.55,4638.0,291593.75
2013-12-26,63.5,65.0,62.6,63.4,13743.0,877107.8
2013-12-27,64.0,67.0,64.0,65.0,37254.0,2457168.4
2013-12-30,66.95,68.85,64.55,67.1,119278.0,8038771.9
2013-12-31,68.75,69.95,66.5,67.4,42690.0,2889267.0
2014-01-01,67.0,67.9,66.05,66.65,7295.0,488438.9
2014-01-02,66.95,66.95,63.0,64.0,28395.0,1832224.75
2014-01-03,65.85,65.85,62.35,63.7,13585.0,860164.0
2014-01-06,63.3,65.0,63.3,64.65,4492.0,289411.35
2014-01-07,64.3,65.0,62.5,63.25,10472.0,663693.25
2014-01-08,64.85,75.9,60.25,75.9,1737653.0,120565227.95
2014-01-09,77.8,80.0,68.6,69.35,443079.0,33074001.05
2014-01-10,70.75,72.6,67.2,68.0,130438.0,9103263.0
2014-01-13,69.45,69.95,66.1,66.35,36260.0,2452756.25
2014-01-14,66.15,70.0,64.65,68.3,79466.0,5428355.45
2014-01-15,69.15,69.6,65.55,65.95,17616.0,1183810.95
2014-01-16,66.75,67.55,65.1,65.9,25917.0,1717062.1
2014-01-17,65.5,69.6,64.5,65.7,70940.0,4772806.2
2014-01-20,65.0,67.25,65.0,65.75,20121.0,1328015.65
2014-01-21,66.2,67.35,65.6,65.9,19697.0,1305987.75
2014-01-22,65.75,66.2,64.5,65.2,10975.0,719490.0
2014-01-23,64.8,73.9,62.65,69.75,5727674.0,376990469.25
2014-01-24,70.2,72.3,66.5,67.2,262628.0,18271272.25
2014-01-27,66.7,66.7,63.1,63.55,65959.0,4255483.4
2014-01-28,63.55,66.45,62.15,63.6,80465.0,5143425.05
2014-01-29,64.65,66.9,61.6,62.15,459472.0,29714476.85
2014-01-30,61.0,61.95,58.1,59.45,1588546.0,95292830.95
2014-01-31,60.0,60.5,58.25,58.65,60533.0,3585182.9
2014-02-03,58.9,58.9,56.9,57.05,14190.0,818326.85
2014-02-04,56.35,58.05,55.4,56.6,31227.0,1763407.55
2014-02-05,56.25,58.4,56.2,57.8,24165.0,1393299.95
2014-02-06,57.35,59.35,57.3,58.3,23753.0,1389146.75
2014-02-07,58.95,61.9,58.65,61.05,92389.0,5622189.25
2014-02-10,61.7,61.7,58.5,59.45,68838.0,4136073.55
2014-02-11,59.55,60.1,57.1,57.5,21146.0,1232693.15
2014-02-12,57.55,58.0,55.6,56.15,32278.0,1838102.95
2014-02-13,56.15,56.95,54.3,54.5,21252.0,1175887.15
2014-02-14,55.0,55.9,54.0,55.05,21424.0,1179999.4
2014-02-17,55.0,55.55,54.25,54.8,10107.0,556026.25
2014-02-18,54.25,55.35,54.25,54.7,17496.0,959772.15
2014-02-19,54.95,57.4,54.95,56.3,31474.0,1769571.7
2014-02-20,55.85,56.45,55.25,55.95,9435.0,527161.5
2014-02-21,56.0,56.85,55.15,56.1,24622.0,1380334.3
2014-02-24,55.65,57.0,55.65,56.25,20448.0,1155651.3
2014-02-25,56.4,56.7,54.1,54.45,18293.0,1007070.65
2014-02-26,55.0,55.6,53.25,54.25,21298.0,1159597.85
2014-02-28,54.25,55.65,54.25,54.65,8379.0,461268.85
2014-03-03,55.3,55.35,53.6,53.9,21434.0,1165200.4
2014-03-04,54.0,54.6,54.0,54.45,9643.0,523367.5
2014-03-05,54.5,55.1,54.25,54.5,5956.0,324719.95
2014-03-06,54.35,59.2,54.35,58.05,59664.0,3415034.75
2014-03-07,58.9,60.1,56.1,57.25,42887.0,2487267.55
2014-03-10,56.6,57.95,56.6,56.95,14105.0,808986.15
2014-03-11,56.65,57.6,55.6,56.0,8887.0,501510.4
2014-03-12,56.1,56.8,55.25,55.55,7385.0,413245.5
2014-03-13,56.0,57.4,55.5,57.1,49666.0,2830758.3
2014-03-14,56.5,58.8,55.55,57.8,11225.0,638968.3
2014-03-18,58.4,58.4,57.7,58.0,33948.0,1968613.2
2014-03-19,58.0,60.6,58.0,60.0,1249422.0,72947181.15
2014-03-20,60.85,63.95,60.6,62.15,255603.0,16044024.15
2014-03-21,63.15,65.9,62.55,63.05,132710.0,8570369.15
2014-03-22,63.9,64.8,62.5,63.6,7653.0,485511.6
2014-03-24,63.0,63.95,61.7,62.8,26322.0,1653817.95
2014-03-25,63.5,63.7,61.6,63.0,15503.0,975359.95
2014-03-26,62.7,64.0,60.25,61.4,237848.0,14851935.95
2014-03-27,60.3,63.9,60.3,62.95,244985.0,15327648.7
2014-03-28,62.5,63.9,62.1,63.05,16086.0,1010953.05
2014-03-31,63.95,69.75,62.25,68.55,970705.0,62707204.7
2014-04-01,69.75,73.75,68.1,69.05,291085.0,20718126.9
2014-04-02,69.95,69.95,66.8,67.3,44815.0,3046237.6
2014-04-03,68.85,69.95,67.4,69.65,84143.0,5812589.85
2014-04-04,69.2,69.6,67.1,68.45,27847.0,1905437.35
2014-04-07,69.15,70.0,67.5,68.45,31116.0,2146421.45
2014-04-09,68.45,69.15,68.1,68.6,34498.0,2366650.3
2014-04-10,68.2,72.55,67.6,69.1,81896.0,5769678.5
2014-04-11,69.2,69.75,67.3,68.4,25105.0,1720378.4
2014-04-15,69.2,70.4,68.2,69.15,53535.0,3716536.7
2014-04-16,68.6,69.6,65.6,66.45,15971.0,1081040.15
2014-04-17,69.0,69.0,67.05,68.05,21022.0,1426398.75
2014-04-21,67.5,69.85,67.35,69.55,55267.0,3828634.2
2014-04-22,69.75,71.1,69.0,69.85,54681.0,3840282.4
2014-04-23,70.65,70.95,69.3,69.45,20695.0,1444255.45
2014-04-25,69.0,73.0,68.95,71.25,121361.0,8603908.75
2014-04-28,71.5,71.95,69.05,70.1,93753.0,6578382.55
2014-04-29,70.1,71.9,69.95,70.0,29569.0,2081925.45
2014-04-30,69.3,71.5,69.3,69.75,59623.0,4186739.25
2014-05-02,69.45,73.9,67.75,70.8,141040.0,10120605.85
2014-05-05,70.25,72.9,69.95,71.6,37818.0,2712058.6
2014-05-06,71.0,73.0,70.8,71.95,39625.0,2854929.65
2014-05-07,72.0,73.0,71.5,72.0,41755.0,3012852.05
2014-05-08,73.0,73.0,71.25,72.0,19447.0,1401176.25
2014-05-09,72.0,74.0,72.0,73.75,74571.0,5478539.45
2014-05-12,74.5,85.0,72.05,81.4,314689.0,25124819.55
2014-05-13,81.6,84.0,78.75,80.1,131420.0,10760323.05
2014-05-14,79.2,84.0,78.3,81.9,84498.0,6898967.3
2014-05-15,84.5,84.75,79.35,80.5,151720.0,12318401.45
2014-05-16,82.0,84.5,80.45,82.6,185381.0,15370420.6
2014-05-19,83.8,99.1,83.8,98.85,624789.0,59996534.4
2014-05-20,100.5,108.95,99.4,104.55,219017.0,22877548.35
2014-05-21,104.5,118.0,97.1,112.35,188493.0,20332440.65
2014-05-22,114.0,115.7,108.1,112.0,259109.0,29254769.5
2014-05-23,113.35,114.85,106.9,110.7,89467.0,9903746.0
2014-05-26,110.0,115.7,97.0,99.8,173902.0,18268902.4
2014-05-27,99.0,104.5,96.4,101.35,571976.0,57422107.35
2014-05-28,101.4,101.8,96.05,98.65,58165.0,5741467.65
2014-05-29,98.5,99.8,96.0,96.75,20493.0,2001127.15
2014-05-30,96.4,111.15,95.3,107.25,238863.0,25506254.3
2014-06-02,109.3,114.95,107.25,112.55,374522.0,42102606.4
2014-06-03,114.25,126.9,110.4,112.8,2401364.0,275383807.1
2014-06-04,113.0,117.0,107.65,112.9,218996.0,24827274.55
2014-06-05,116.0,124.0,112.9,118.25,495697.0,58628391.4
2014-06-06,119.4,124.85,109.1,116.45,671685.0,79465943.05
2014-06-09,119.0,119.0,116.4,117.15,114975.0,13506332.05
2014-06-10,117.2,117.2,108.1,111.75,342408.0,38550416.65
2014-06-11,111.05,114.0,107.35,108.45,631837.0,69778003.55
2014-06-12,107.7,109.8,102.0,103.45,434735.0,45810582.45
2014-06-13,106.0,106.7,98.3,98.75,138176.0,14010182.6
2014-06-16,98.0,101.0,94.05,99.35,68356.0,6592558.6
2014-06-17,103.7,103.95,99.1,101.25,178710.0,17961294.2
2014-06-18,102.0,105.0,99.0,102.75,151455.0,15609129.6
2014-06-19,102.0,105.0,99.5,100.4,16332.0,1667777.75
2014-06-20,96.5,103.7,95.5,100.65,67512.0,6782214.85
2014-06-23,99.6,103.0,96.0,96.95,17382.0,1703074.25
2014-06-24,94.0,101.75,94.0,101.0,240807.0,24094285.05
2014-06-25,101.25,102.1,97.05,100.0,78044.0,7798472.05
2014-06-26,99.0,101.7,97.5,100.6,317852.0,31787702.0
2014-06-27,99.6,102.45,99.25,101.55,231712.0,23399464.4
2014-06-30,102.7,104.9,98.1,98.85,133909.0,13487099.5
2014-07-01,98.0,103.75,98.0,102.15,138050.0,14077478.15
2014-07-02,103.65,103.85,99.8,101.65,90621.0,9229864.2
2014-07-03,102.0,102.0,99.5,100.3,218330.0,21981215.9
2014-07-04,100.5,102.3,99.0,101.85,115537.0,11687108.1
2014-07-07,102.3,103.0,99.65,100.1,36758.0,3711745.85
2014-07-08,100.2,102.7,96.05,98.1,110441.0,11017062.35
2014-07-09,99.05,102.0,94.1,98.4,100720.0,9895151.6
2014-07-10,98.2,99.4,93.8,96.5,316887.0,30295557.05
2014-07-11,94.55,101.3,94.55,99.3,68720.0,6708961.3
2014-07-14,104.2,104.2,101.0,101.8,170015.0,17378442.65
2014-07-15,100.8,103.0,98.45,99.1,55145.0,5571597.4
2014-07-16,98.55,102.0,98.55,100.0,18311.0,1841998.15
2014-07-17,99.05,105.0,99.05,101.4,65317.0,6686842.65
2014-07-18,100.2,106.45,99.65,106.45,1679277.0,171699353.55
2014-07-21,109.0,111.3,105.2,106.45,143338.0,15560265.8
2014-07-22,106.05,108.0,102.0,102.6,86350.0,9091466.1
2014-07-23,102.65,104.05,99.5,101.25,39605.0,4019303.85
2014-07-24,102.45,105.0,99.35,100.6,457417.0,46072398.1
2014-07-25,101.9,101.9,95.6,99.8,47431.0,4684293.8
2014-07-28,102.5,102.5,97.6,98.4,15060.0,1491176.4
2014-07-30,97.9,100.4,97.75,98.85,145471.0,14413516.95
2014-07-31,97.9,100.0,97.85,99.6,154730.0,15216753.2
2014-08-01,97.15,99.45,97.0,99.0,41688.0,4123258.05
2014-08-04,98.95,100.8,98.25,99.6,39472.0,3935871.2
2014-08-05,99.6,100.0,96.0,98.15,21209.0,2084962.3
2014-08-06,98.5,102.9,98.0,99.05,34474.0,3480504.4
2014-08-07,100.7,100.7,97.95,98.55,40489.0,4029948.6
2014-08-08,99.3,100.0,96.5,96.6,25044.0,2429923.15
2014-08-11,97.5,99.5,96.0,96.35,20411.0,1989052.6
2014-08-12,96.55,97.85,94.25,97.05,50683.0,4859690.65
2014-08-13,97.0,98.5,95.05,96.4,157405.0,15113157.85
2014-08-14,95.95,96.9,94.4,95.95,28333.0,2708148.15
2014-08-18,95.15,96.0,93.0,95.7,89703.0,8502333.55
2014-08-19,95.65,99.35,95.65,97.8,37671.0,3681719.05
2014-08-20,99.9,100.3,98.05,99.8,79114.0,7896085.95
2014-08-21,99.05,100.0,97.0,97.8,33235.0,3274614.2
2014-08-22,97.1,102.0,95.1,98.9,205789.0,20476036.55
2014-08-25,99.0,99.0,95.6,95.95,43183.0,4189674.3
2014-08-26,95.25,95.25,86.7,88.75,462346.0,41088664.3
2014-08-27,90.0,92.75,88.05,91.4,50493.0,4553303.2
2014-08-28,92.6,95.0,86.0,94.25,95938.0,8861678.9
2014-09-01,94.25,96.0,90.4,94.35,38248.0,3565178.2
2014-09-02,93.4,95.9,92.55,93.15,130593.0,12225834.8
2014-09-03,92.75,95.9,91.6,93.65,102484.0,9623077.35
2014-09-04,98.6,101.0,95.0,96.85,303995.0,29712005.95
2014-09-05,95.95,96.15,91.2,92.15,53393.0,4968206.1
2014-09-08,93.0,94.9,92.3,94.1,143103.0,13367352.15
2014-09-09,93.9,93.9,89.55,90.65,1076621.0,98077822.65
2014-09-10,89.7,93.65,89.7,90.5,34942.0,3196858.2
2014-09-11,90.6,93.7,90.05,92.55,31960.0,2948034.15
2014-09-12,92.1,98.55,90.7,93.85,138469.0,13247584.95
2014-09-15,92.7,93.4,90.4,91.4,64894.0,5925199.15
2014-09-16,91.85,92.75,85.9,86.45,60411.0,5353743.8
2014-09-17,88.0,90.0,86.55,88.5,123181.0,10911430.05
2014-09-18,88.0,90.5,87.95,89.25,62859.0,5644490.85
2014-09-19,89.65,91.0,87.25,88.2,17171.0,1530513.3
2014-09-22,87.4,88.9,86.1,87.1,13130.0,1149120.75
2014-09-23,86.9,87.6,82.15,83.6,32924.0,2805912.5
2014-09-24,83.2,84.95,73.2,75.65,91341.0,7036498.05
2014-09-25,75.5,79.8,74.35,75.0,578698.0,43702486.3
2014-09-26,74.5,74.5,71.5,73.55,205743.0,15204270.4
2014-09-29,73.25,75.0,69.4,70.2,80121.0,5709999.3
2014-09-30,68.25,74.0,68.25,72.7,480904.0,34082847.55
2014-10-01,72.1,75.5,72.1,74.6,36991.0,2751428.65
2014-10-07,73.9,74.85,71.65,73.05,647252.0,46803378.0
2014-10-08,72.35,73.7,70.65,71.9,32726.0,2365194.05
2014-10-09,72.0,73.8,72.0,73.0,7378.0,539175.1
2014-10-10,72.3,72.4,65.85,70.5,30569.0,2140925.3
2014-10-13,69.8,72.4,69.3,71.2,13371.0,941629.2
2014-10-14,71.25,72.75,71.05,71.5,11664.0,835550.3
2014-10-16,70.8,71.8,67.25,68.25,38873.0,2697563.3
2014-10-17,68.25,70.75,64.2,64.8,1487459.0,98259937.75
2014-10-20,66.05,74.7,66.05,68.0,193168.0,13359809.65
2014-10-21,67.8,69.8,67.1,67.65,48299.0,3292482.25
2014-10-22,69.85,69.85,67.45,67.65,58361.0,3982016.3
2014-10-23,68.95,69.8,68.05,69.4,10925.0,755673.05
2014-10-27,70.0,70.0,65.35,66.45,41291.0,2781000.75
2014-10-28,68.0,68.0,64.9,65.55,78817.0,5191000.0
2014-10-29,65.55,68.9,65.2,66.7,158803.0,10628463.4
2014-10-30,66.55,66.95,64.5,65.25,104668.0,6837133.8
2014-10-31,65.25,66.6,63.25,64.0,177117.0,11510132.35
2014-11-03,64.4,69.0,64.35,67.45,293109.0,19731657.3
2014-11-05,68.9,77.9,67.6,74.6,1672954.0,118778222.5
2014-11-07,75.0,78.5,72.3,76.0,281880.0,21344285.55
2014-11-10,76.0,78.0,74.9,75.7,150780.0,11510591.75
2014-11-11,75.6,76.9,73.7,74.3,73418.0,5528698.5
2014-11-12,74.5,75.75,74.0,75.0,44492.0,3335301.75
2014-11-13,75.45,76.0,73.05,73.4,26974.0,2008960.35
2014-11-14,73.0,74.4,71.3,73.5,389719.0,28617512.65
2014-11-17,73.7,77.0,73.7,75.95,55042.0,4154229.45
2014-11-18,75.95,77.95,75.2,76.2,37612.0,2878933.8
2014-11-19,76.6,79.55,74.7,74.9,169557.0,13142164.65
2014-11-20,75.7,76.85,73.5,75.75,49192.0,3706718.05
2014-11-21,75.2,76.95,74.0,74.7,29633.0,2239928.1
2014-11-24,74.35,76.2,72.25,73.85,13714.0,1024109.8
2014-11-25,73.3,77.4,72.0,72.6,66375.0,4953691.05
2014-11-26,72.05,76.0,71.15,74.75,65605.0,4861549.35
2014-11-27,74.15,78.85,73.25,74.95,36946.0,2800312.3
2014-11-28,74.6,75.9,74.5,75.0,321423.0,24107799.8
2014-12-01,75.0,76.05,72.25,72.6,41757.0,3079949.5
2014-12-02,72.0,73.95,71.0,71.45,26875.0,1927989.35
2014-12-03,75.0,76.0,72.6,73.7,168104.0,12509301.95
2014-12-04,73.55,75.5,72.25,74.35,38140.0,2827289.25
2014-12-05,73.65,74.85,72.85,73.35,18956.0,1398990.3
2014-12-08,72.65,73.95,71.3,72.35,146216.0,10553011.1
2014-12-09,71.6,74.9,70.2,74.2,112647.0,8181826.9
2014-12-10,73.75,74.9,70.75,73.0,34251.0,2501480.5
2014-12-11,73.0,74.1,71.6,73.75,28310.0,2079228.8
2014-12-12,73.0,74.0,72.0,72.0,20690.0,1503536.0
2014-12-15,71.05,72.9,70.2,71.2,20868.0,1490995.8
2014-12-16,71.0,71.05,69.0,70.0,72479.0,5073455.95
2014-12-17,69.75,71.45,67.8,70.1,63380.0,4408008.85
2014-12-18,71.25,73.1,70.5,70.95,47695.0,3389974.05
2014-12-19,70.8,72.2,70.25,71.25,24437.0,1744014.3
2014-12-22,70.65,71.0,69.0,70.25,92842.0,6427276.6
2014-12-23,70.8,70.95,67.55,68.25,273968.0,19157981.5
2014-12-24,68.15,69.0,67.6,67.9,10997.0,749646.25
2014-12-26,68.45,68.9,67.3,67.5,52616.0,3569129.25
2014-12-29,68.7,69.0,68.0,68.05,10613.0,725511.75
2014-12-30,68.15,68.8,68.0,68.6,7442.0,508829.75
2014-12-31,68.0,69.5,67.85,69.15,8945.0,616834.85
2015-01-01,69.15,70.9,68.25,69.8,24970.0,1748265.15
2015-01-02,70.0,73.0,69.4,71.1,45594.0,3252636.35
2015-01-05,72.8,72.8,71.1,71.55,13955.0,1003911.3
2015-01-06,71.0,71.0,69.0,69.3,50078.0,3483010.95
2015-01-07,69.0,70.2,69.0,69.25,3921.0,272188.9
2015-01-08,69.2,71.9,69.2,70.25,12028.0,849787.5
2015-01-09,70.35,72.0,69.25,69.9,12037.0,848696.35
2015-01-12,69.25,73.5,69.0,69.35,1528619.0,105985210.15
2015-01-13,71.7,78.8,71.7,76.05,1768094.0,128749077.15
2015-01-14,77.0,79.0,74.25,75.1,1001659.0,76790928.95
2015-01-15,76.4,81.8,74.7,76.8,172408.0,13597491.45
2015-01-16,76.8,77.9,74.1,74.7,57704.0,4383587.35
2015-01-19,74.7,76.95,73.3,74.0,50537.0,3814941.35
2015-01-20,74.1,75.4,72.0,72.3,43582.0,3216284.4
2015-01-21,72.3,73.7,71.3,71.7,31757.0,2296099.4
2015-01-22,71.3,73.8,70.05,73.2,42119.0,3061198.8
2015-01-23,76.0,76.9,74.55,76.35,129476.0,9824594.65
2015-01-27,77.05,77.4,74.0,75.0,35683.0,2698341.85
2015-01-28,75.0,78.5,75.0,77.45,57274.0,4417255.9
2015-01-29,77.0,77.4,76.25,77.0,52550.0,4036404.3
2015-01-30,76.9,77.5,75.5,76.4,88442.0,6753490.85
2015-02-02,76.0,76.4,75.0,76.05,113071.0,8588806.5
2015-02-03,75.65,77.5,75.1,75.7,39773.0,3027529.0
2015-02-04,75.3,80.8,75.3,76.45,1989049.0,152183737.25
2015-02-05,77.5,80.0,74.95,78.5,1995708.0,156665134.9
2015-02-06,78.2,79.4,78.2,78.95,48352.0,3817198.1
2015-02-09,78.85,81.75,78.0,78.85,37404.0,2944275.65
2015-02-10,77.4,80.0,76.4,78.9,30901.0,2426771.1
2015-02-11,78.25,80.55,78.25,80.2,78728.0,6302279.2
2015-02-12,80.5,81.8,80.5,81.1,26900.0,2183064.2
2015-02-13,82.35,82.4,80.25,81.35,21158.0,1716514.95
2015-02-16,81.1,93.0,75.1,87.45,446959.0,39182800.9
2015-02-18,86.5,87.1,80.8,82.25,82396.0,6823605.65
2015-02-19,83.2,87.9,80.2,84.75,133288.0,11257667.6
2015-02-20,85.0,87.5,83.25,84.6,157650.0,13431257.35
2015-02-23,85.4,85.4,80.5,82.15,64959.0,5431093.4
2015-02-24,82.0,82.55,75.6,76.5,149139.0,11596236.7
2015-02-25,76.0,77.1,73.75,74.05,88192.0,6600041.9
2015-02-26,74.0,75.0,72.25,72.65,48329.0,3527386.45
2015-02-27,72.1,73.45,71.15,72.85,122025.0,8853241.4
2015-02-28,73.95,74.5,70.5,72.8,55115.0,4017296.0
2015-03-02,72.5,72.5,69.45,69.8,61023.0,4284291.95
2015-03-03,70.6,80.75,68.3,79.1,1482427.0,109270044.1
2015-03-04,79.1,79.8,73.2,74.2,113639.0,8587578.85
2015-03-05,74.2,75.0,73.25,73.8,29444.0,2178619.75
2015-03-09,72.15,77.45,72.15,73.9,57791.0,4332618.65
2015-03-10,73.6,75.5,70.6,71.6,40408.0,2947194.45
2015-03-11,72.5,74.85,71.1,72.0,42614.0,3108538.5
2015-03-12,72.5,73.8,71.6,72.1,31427.0,2281391.95
2015-03-13,73.5,73.95,72.4,73.1,71871.0,5276700.2
2015-03-16,73.1,73.1,70.15,70.5,201880.0,14515380.45
2015-03-17,71.4,72.9,68.65,69.25,73897.0,5148939.1
2015-03-18,69.0,70.7,67.0,67.75,3982867.0,270157688.0
2015-03-19,68.65,69.4,65.2,65.9,98300.0,6672135.15
2015-03-20,67.0,67.0,60.5,62.75,227699.0,14185547.3
2015-03-23,64.0,64.0,60.05,61.3,46908.0,2902839.6
2015-03-24,63.0,63.0,58.0,58.5,776082.0,47224717.3
2015-03-25,58.1,59.5,56.6,57.0,68642.0,3951885.9
2015-03-26,56.0,58.0,55.0,55.6,302021.0,16891168.8
2015-03-27,56.3,61.2,55.35,58.05,147263.0,8616098.1
2015-03-30,59.5,62.9,58.5,61.4,67760.0,4134140.4
2015-03-31,60.15,63.6,58.4,60.0,58566.0,3607657.95
2015-04-01,59.2,61.0,58.15,59.25,125369.0,7421154.65
2015-04-06,61.0,61.9,59.25,60.35,130101.0,7801209.35
2015-04-07,64.5,64.75,61.2,62.5,302535.0,18912350.75
2015-04-08,62.8,64.0,61.25,61.45,122167.0,7629134.65
2015-04-09,61.65,63.0,61.6,61.95,98523.0,6140065.1
2015-04-10,61.95,63.9,61.65,61.9,139124.0,8686116.65
2015-04-13,62.05,63.5,61.7,62.15,129150.0,8042394.95
2015-04-15,62.3,68.9,62.15,65.25,566850.0,37498311.4
2015-04-16,65.3,66.0,63.1,63.5,83353.0,5355080.6
2015-04-17,63.85,63.85,60.15,61.15,136330.0,8420758.45
2015-04-20,62.0,62.0,59.05,59.9,87591.0,5284224.05
2015-04-21,59.95,62.65,59.15,60.45,252437.0,15331789.45
2015-04-22,60.05,61.5,60.0,60.05,81078.0,4887135.45
2015-04-23,60.65,61.4,58.6,59.85,63821.0,3801990.65
2015-04-24,59.35,60.4,57.85,58.4,111560.0,6610374.85
2015-04-27,58.95,59.8,57.05,57.5,48585.0,2814645.4
2015-04-28,59.0,59.0,56.1,57.55,33170.0,1904240.2
2015-04-29,59.4,60.0,56.75,57.15,109190.0,6320499.2
2015-04-30,57.2,58.5,56.5,57.65,45961.0,2645667.25
2015-05-04,58.0,59.0,57.55,58.6,32603.0,1905606.95
2015-05-05,58.4,61.0,58.1,59.65,46568.0,2785752.8
2015-05-06,61.45,61.45,57.65,58.05,28801.0,1673496.0
2015-05-07,58.0,58.0,56.0,56.35,19062.0,1079434.8
2015-05-08,57.5,57.8,55.2,55.4,72440.0,4041730.3
2015-05-11,56.8,56.8,54.1,54.75,42464.0,2346912.2
2015-05-12,54.75,55.1,50.8,51.45,154956.0,8133445.2
2015-05-13,52.5,52.8,49.3,50.75,81274.0,4102737.9
2015-05-14,52.25,52.25,49.1,49.55,157676.0,7875439.0
2015-05-15,50.85,51.25,49.75,49.85,34370.0,1724995.95
2015-05-18,49.3,50.4,48.5,49.15,164933.0,8080051.35
2015-05-19,48.7,50.65,48.15,48.5,174843.0,8545098.25
2015-05-20,48.65,50.3,48.65,49.1,171276.0,8476573.95
2015-05-21,49.0,50.75,49.0,50.2,72158.0,3616794.75
2015-05-22,50.0,51.85,48.7,49.1,263688.0,13398242.65
2015-05-25,49.5,51.25,49.2,49.55,35711.0,1784778.1
2015-05-26,50.0,50.0,47.65,48.25,37997.0,1852176.35
2015-05-27,47.25,48.85,47.25,47.8,27878.0,1335838.2
2015-05-28,48.0,48.65,47.3,47.75,14807.0,709048.35
2015-05-29,48.4,49.0,47.55,47.95,16503.0,795214.55
2015-06-01,48.0,48.7,47.0,47.1,32358.0,1531226.65
2015-06-02,47.5,47.5,45.3,45.5,47407.0,2185740.05
2015-06-03,45.9,45.9,42.5,43.9,33299.0,1469723.8
2015-06-04,43.1,44.0,42.0,42.55,37967.0,1619776.4
2015-06-05,42.9,48.3,41.25,44.9,146558.0,6675884.55
2015-06-08,45.0,45.45,41.2,41.7,49009.0,2096339.1
2015-06-09,42.05,45.3,41.8,42.4,83589.0,3593198.85
2015-06-10,42.95,43.95,42.4,42.75,72732.0,3129612.15
2015-06-11,43.1,44.2,40.85,41.3,166141.0,7059317.95
2015-06-12,41.1,41.75,39.05,39.8,87424.0,3514503.6
2015-06-15,41.8,41.8,39.2,39.65,87633.0,3527597.7
2015-06-16,40.25,40.6,37.6,38.6,141298.0,5464795.0
2015-06-17,39.0,39.8,38.0,38.3,73772.0,2843027.55
2015-06-18,38.8,41.3,38.35,39.9,154868.0,6214657.55
2015-06-19,40.0,40.7,39.15,39.8,40351.0,1615136.0
2015-06-22,39.9,40.8,38.8,39.4,87797.0,3484457.6
2015-06-23,39.5,40.25,39.4,39.8,85209.0,3395182.35
2015-06-24,39.8,40.3,38.85,39.25,213423.0,8517092.7
2015-06-25,39.0,39.4,38.6,38.75,33964.0,1323752.45
2015-06-26,39.45,39.5,38.1,38.35,46500.0,1797266.4
2015-06-29,37.95,37.95,35.55,36.9,55190.0,2032072.25
2015-06-30,37.5,39.5,36.6,37.95,35986.0,1364855.9
2015-07-01,38.25,41.4,37.95,39.3,129163.0,5154087.7
2015-07-02,39.85,40.5,39.25,39.35,54478.0,2162812.55
2015-07-03,39.0,39.9,38.55,38.65,28564.0,1118129.9
2015-07-06,38.1,39.5,37.9,39.35,60763.0,2357151.65
2015-07-07,39.35,40.2,38.6,39.4,75367.0,2982747.05
2015-07-08,39.3,41.3,38.5,38.7,141325.0,5644436.75
2015-07-09,38.55,39.95,38.5,38.8,69574.0,2724828.95
2015-07-10,39.05,39.45,38.2,38.45,35664.0,1380986.65
2015-07-13,40.0,40.0,38.1,38.25,93771.0,3609417.65
2015-07-14,38.6,38.7,38.15,38.25,42441.0,1629067.55
2015-07-15,38.25,38.8,38.1,38.15,76155.0,2923740.8
2015-07-16,38.05,38.65,37.9,38.0,75751.0,2890811.75
2015-07-17,38.25,45.4,37.5,42.1,5960499.0,243785391.15
2015-07-20,42.0,46.5,41.9,44.3,2123568.0,94689264.95
2015-07-21,44.55,49.75,44.0,48.25,2650044.0,128132478.45
2015-07-22,47.4,50.4,47.1,47.95,902767.0,44054360.45
2015-07-23,48.25,48.7,45.05,46.55,344459.0,16181365.65
2015-07-24,47.0,47.5,43.4,43.75,464592.0,20925520.85
2015-07-27,44.1,45.9,42.8,43.85,382420.0,17051587.9
2015-07-28,44.95,46.1,42.5,43.3,288822.0,12733857.85
2015-07-29,43.65,44.4,43.05,43.2,116127.0,5058902.1
2015-07-30,43.6,44.5,42.75,43.65,242407.0,10538200.15
2015-07-31,44.9,44.9,42.0,42.1,455343.0,19446752.35
2015-08-03,42.7,48.9,40.1,47.3,1021604.0,47253264.25
2015-08-04,47.65,47.65,45.0,45.75,285051.0,13143829.1
2015-08-05,46.2,48.0,43.5,44.0,321825.0,14682855.45
2015-08-06,44.45,45.5,43.25,44.3,174756.0,7740598.1
2015-08-07,44.75,44.8,40.3,43.2,253750.0,11069186.0
2015-08-10,43.5,44.8,43.0,43.4,148169.0,6494472.15
2015-08-11,43.7,44.5,41.4,41.85,359668.0,15396399.55
2015-08-12,41.85,42.45,38.0,38.75,392332.0,15697423.3
2015-08-13,39.3,40.95,39.3,39.65,204341.0,8173926.95
2015-08-14,40.15,41.0,38.1,40.1,140678.0,5578511.85
2015-08-17,40.0,41.8,38.5,40.1,213174.0,8574097.8
2015-08-18,40.95,41.6,40.1,40.75,85718.0,3501866.7
2015-08-19,40.65,42.35,40.2,41.05,174130.0,7200705.1
2015-08-20,41.1,41.5,39.0,39.4,174420.0,7026775.2
2015-08-21,38.95,38.95,37.3,38.35,120439.0,4605121.2
2015-08-24,37.0,37.0,35.0,35.55,399628.0,14303992.85
2015-08-25,35.65,36.95,31.6,33.65,199871.0,6782348.05
2015-08-26,33.9,36.4,33.5,35.7,102433.0,3602413.9
2015-08-27,37.4,37.4,35.65,36.65,61907.0,2251927.65
2015-08-28,37.25,38.0,34.15,34.95,99842.0,3615416.05
2015-08-31,35.15,36.35,34.45,35.15,80758.0,2841322.85
2015-09-01,34.45,34.95,33.1,34.3,86333.0,2953486.1
2015-09-02,34.8,35.4,32.8,33.0,81629.0,2758262.5
2015-09-03,33.6,34.15,32.6,33.0,105190.0,3490520.75
2015-09-04,33.0,33.0,30.1,30.65,252622.0,7749839.2
2015-09-07,30.35,31.5,29.55,29.85,73805.0,2246811.55
2015-09-08,29.6,31.4,29.0,30.35,132140.0,4001072.7
2015-09-09,31.45,31.8,30.6,30.95,115405.0,3606967.35
2015-09-10,30.1,30.7,29.3,30.0,66982.0,2014172.4
2015-09-11,30.4,32.6,29.8,31.7,180055.0,5550076.75
2015-09-14,31.45,34.7,31.4,34.0,261975.0,8723330.4
2015-09-15,33.7,34.8,33.2,33.5,119479.0,4047335.8
2015-09-16,33.85,34.95,33.5,34.5,89192.0,3053440.45
2015-09-18,33.6,35.9,33.6,34.9,128589.0,4512826.55
2015-09-21,34.5,35.8,33.85,35.4,63233.0,2198398.35
2015-09-22,35.7,36.05,33.35,33.9,57346.0,1993347.1
2015-09-23,34.0,34.65,33.15,33.55,78059.0,2646583.8
2015-09-24,33.8,34.45,33.15,33.35,87501.0,2967923.15
2015-09-28,33.35,34.85,33.35,33.8,66520.0,2267426.85
2015-09-29,33.4,33.5,32.55,32.8,81274.0,2676852.95
2015-09-30,32.8,33.85,32.8,33.4,29665.0,992830.95
2015-10-01,34.0,34.05,33.4,33.65,38483.0,1300268.85
2015-10-05,33.85,35.15,33.85,34.75,46374.0,1598989.45
2015-10-06,34.5,35.7,34.5,34.95,75985.0,2667160.65
2015-10-07,35.5,36.85,34.5,35.8,91660.0,3285615.45
2015-10-08,36.0,37.75,35.5,37.1,141778.0,5226089.05
2015-10-09,37.4,37.8,36.75,37.2,51675.0,1924229.8
2015-10-12,37.05,39.1,37.05,38.55,163270.0,6257775.75
2015-10-13,38.35,39.8,37.65,39.5,187516.0,7354014.15
2015-10-14,39.0,40.25,38.4,39.9,143690.0,5682351.15
2015-10-15,40.3,40.8,38.4,40.35,426799.0,17067027.05
2015-10-16,40.25,43.5,39.5,41.45,309675.0,12888428.65
2015-10-19,41.4,42.4,40.05,41.0,525428.0,21554716.05
2015-10-20,41.0,41.3,39.5,39.85,222396.0,8926137.15
2015-10-21,39.9,40.2,37.55,38.45,97631.0,3790514.65
2015-10-23,39.0,39.85,38.5,38.6,51912.0,2021586.05
2015-10-26,39.0,41.7,38.6,39.25,419607.0,16966082.6
2015-10-27,39.0,39.65,38.4,38.7,76708.0,2985194.85
2015-10-28,38.5,39.9,38.0,38.05,63696.0,2452229.95
2015-10-29,38.0,39.35,37.5,37.65,50236.0,1905523.7
2015-10-30,37.4,38.85,37.05,37.7,65006.0,2472256.6
2015-11-02,37.95,38.3,36.45,36.55,51669.0,1912965.9
2015-11-03,36.45,37.7,35.85,36.05,70588.0,2578349.7
2015-11-04,36.5,36.9,34.85,35.1,88628.0,3151048.35
2015-11-05,34.9,35.5,34.3,34.6,45783.0,1593596.35
2015-11-06,34.05,35.0,34.0,34.4,37806.0,1305561.5
2015-11-09,34.05,34.6,33.4,33.75,73513.0,2490851.05
2015-11-10,34.0,34.95,33.0,33.3,77577.0,2607973.65
2015-11-11,34.25,34.5,33.35,34.05,12724.0,433064.3
2015-11-13,33.9,34.05,33.35,33.6,23154.0,779887.2
2015-11-16,34.0,36.7,33.0,35.15,110802.0,3914131.85
2015-11-17,35.9,37.1,35.1,36.5,111533.0,4034917.45
2015-11-18,36.25,40.8,36.2,39.85,448011.0,17606853.2
2015-11-19,39.55,40.65,37.4,37.6,260749.0,10089633.0
2015-11-20,37.5,39.1,37.5,38.55,138598.0,5342839.4
2015-11-23,38.55,40.0,38.55,39.3,89248.0,3510289.05
2015-11-24,39.5,40.0,38.1,38.7,39660.0,1559782.1
2015-11-26,38.65,40.25,38.65,39.35,90115.0,3578327.65
2015-11-27,39.7,40.8,39.1,39.5,52974.0,2120053.1
2015-11-30,39.5,41.05,38.1,39.35,138291.0,5487870.2
2015-12-01,39.95,40.0,39.1,39.35,60657.0,2399119.1
2015-12-02,40.0,41.6,38.75,40.45,410981.0,16562715.3
2015-12-03,40.45,41.0,38.95,39.35,358734.0,14352904.35
2015-12-04,39.0,45.8,39.0,44.8,1754203.0,76433006.65
2015-12-07,45.5,45.8,43.25,43.95,827663.0,36601848.5
2015-12-08,43.95,44.0,42.1,42.5,165038.0,7052960.9
2015-12-09,41.7,42.85,40.35,40.7,270032.0,11182439.25
2015-12-10,41.0,42.5,39.45,41.75,92453.0,3785714.2
2015-12-11,41.7,48.25,41.55,47.15,848592.0,39131097.85
2015-12-14,48.25,48.6,43.7,47.9,727877.0,34152795.35
2015-12-15,48.5,48.5,46.05,46.65,144011.0,6751509.8
2015-12-16,47.05,47.1,44.4,46.05,208067.0,9477330.55
2015-12-17,45.8,45.95,44.7,45.25,203945.0,9215350.95
2015-12-18,45.95,49.5,45.35,47.5,474589.0,22923549.9
2015-12-21,48.95,53.5,46.5,52.0,1340553.0,69280036.7
2015-12-22,52.45,55.3,51.7,53.5,673902.0,36154440.1
2015-12-23,53.75,54.05,51.65,52.3,210543.0,11145939.35
2015-12-24,52.2,54.25,49.05,53.2,408726.0,21421973.65
2015-12-28,53.2,54.2,51.3,52.45,117517.0,6156618.5
2015-12-29,53.75,53.75,50.25,50.75,161727.0,8308536.35
2015-12-30,50.95,52.0,50.7,50.85,112100.0,5742109.8
2015-12-31,51.5,52.75,49.6,51.15,215730.0,11010676.8
2016-01-01,51.0,52.6,49.65,51.85,139417.0,7216203.95
2016-01-04,51.0,51.9,50.1,51.3,165831.0,8465159.65
2016-01-05,51.5,52.85,51.45,52.35,190652.0,9972954.8
2016-01-06,52.85,54.5,52.05,53.85,421626.0,22654382.7
2016-01-07,53.4,53.4,49.2,49.5,172285.0,8776738.4
2016-01-08,51.4,52.4,50.2,51.95,116582.0,6019589.3
2016-01-11,51.0,54.7,49.5,53.15,183028.0,9646624.55
2016-01-12,53.95,54.65,52.0,53.45,170999.0,9169631.35
2016-01-13,53.5,54.25,49.25,51.95,214488.0,11030264.95
2016-01-14,50.95,52.3,50.0,51.4,89279.0,4606238.05
2016-01-15,51.8,52.5,45.2,47.05,175266.0,8629515.1
2016-01-18,47.05,48.5,41.3,45.85,148020.0,6679743.8
2016-01-19,45.1,47.6,41.2,42.7,217681.0,9491035.05
2016-01-20,44.5,44.75,41.35,41.95,131489.0,5662918.9
2016-01-21,42.9,43.9,41.0,42.25,38553.0,1655347.85
2016-01-22,43.8,45.5,43.0,44.25,64511.0,2848764.35
2016-01-25,44.95,45.9,44.65,44.9,56392.0,2555769.8
2016-01-27,44.8,45.5,43.9,44.95,23095.0,1031041.5
2016-01-28,45.6,45.6,43.95,44.15,26238.0,1169579.5
2016-01-29,44.9,48.35,44.1,47.6,87977.0,4088899.95
2016-02-01,47.8,48.05,45.95,46.1,60879.0,2845305.95
2016-02-02,46.5,47.5,43.5,44.4,45605.0,2108831.2
2016-02-03,43.2,44.2,42.2,42.45,57572.0,2484341.1
2016-02-04,43.0,44.5,42.1,42.45,37475.0,1608916.5
2016-02-05,42.2,43.8,41.85,42.8,41881.0,1789897.7
2016-02-08,43.8,45.2,42.7,43.45,42534.0,1878943.25
2016-02-09,43.2,44.0,42.15,43.15,16167.0,699483.0
2016-02-10,49.4,51.2,45.5,46.1,1246015.0,59165006.6
2016-02-11,47.0,47.0,39.0,39.5,332929.0,14052934.55
2016-02-12,41.25,41.45,34.25,40.2,194836.0,7579084.75
2016-02-15,41.9,43.95,41.3,42.65,62285.0,2663537.85
2016-02-16,43.0,43.9,41.05,41.4,94619.0,4023615.1
2016-02-17,41.4,43.05,40.35,42.8,85990.0,3601786.3
2016-02-18,43.0,43.2,40.25,42.0,53475.0,2248230.75
2016-02-19,41.9,41.9,40.25,40.65,62225.0,2545759.85
2016-02-22,40.7,41.45,39.8,40.0,71155.0,2880587.3
2016-02-23,39.95,40.3,38.5,39.0,439861.0,17349899.25
2016-02-24,38.1,40.55,38.1,38.5,114286.0,4510842.85
2016-02-25,37.9,38.85,36.75,37.0,49475.0,1851654.05
2016-02-26,37.55,38.2,36.3,36.7,39897.0,1476168.45
2016-02-29,36.7,37.7,36.0,36.3,37873.0,1398822.6
2016-03-01,36.2,39.4,35.55,37.45,267021.0,9912573.95
2016-03-02,38.6,40.0,37.05,37.5,183762.0,7076062.1
2016-03-03,38.05,39.0,37.35,37.7,220597.0,8370127.35
2016-03-04,37.95,38.6,37.35,37.95,129896.0,4946406.6
2016-03-08,38.55,38.55,36.75,37.25,172724.0,6480001.75
2016-03-09,37.45,42.1,36.6,39.7,750335.0,30139097.35
2016-03-10,39.55,43.8,39.05,40.5,636979.0,26496753.75
2016-03-11,40.45,41.2,37.55,38.15,387968.0,15034425.2
2016-03-14,38.7,39.2,38.35,38.9,135385.0,5257369.3
2016-03-15,39.75,39.75,38.0,38.4,251301.0,9711822.6
2016-03-16,38.65,38.65,36.7,37.5,141429.0,5320466.85
2016-03-17,38.55,38.9,37.55,37.85,127906.0,4874412.35
2016-03-18,38.25,38.75,37.6,38.1,146812.0,5602119.7
2016-03-21,38.45,38.45,37.3,37.6,71693.0,2711337.9
2016-03-22,37.8,38.55,36.2,36.7,180167.0,6712132.65
2016-03-23,36.4,37.25,35.75,36.25,141543.0,5177166.1
2016-03-28,36.8,36.8,34.9,35.05,142803.0,5073448.4
2016-03-29,35.05,35.4,34.0,34.2,109763.0,3792004.45
2016-03-30,34.75,35.6,33.5,33.7,266387.0,9146365.8
2016-03-31,34.1,35.0,32.65,32.85,508847.0,17158498.4
2016-04-01,33.2,34.45,33.05,33.6,379016.0,12734390.35
2016-04-04,34.25,36.4,33.85,35.65,324367.0,11398208.8
2016-04-05,35.8,37.4,35.3,35.7,281392.0,10235772.75
2016-04-06,36.35,37.7,35.2,37.25,296398.0,10880343.35
2016-04-07,37.0,37.55,36.25,36.9,181338.0,6670556.65
2016-04-08,36.4,36.75,34.65,34.85,303089.0,10744178.7
2016-04-11,35.1,35.3,31.8,32.05,988746.0,32234664.15
2016-04-12,32.5,33.7,32.05,33.3,460198.0,15183336.3
2016-04-13,33.25,34.25,33.25,33.5,230708.0,7798716.55
2016-04-18,33.6,33.85,32.85,33.35,86654.0,2888965.65
2016-04-20,33.35,34.8,33.35,34.3,194772.0,6654985.7
2016-04-21,34.75,35.2,34.35,34.55,148155.0,5131597.3
2016-04-22,34.45,35.0,34.15,34.35,66010.0,2283512.15
2016-04-25,34.55,35.7,33.85,34.0,157237.0,5414052.5
2016-04-26,34.05,34.4,33.8,33.95,113758.0,3865489.25
2016-04-27,34.0,34.0,33.5,33.65,112026.0,3795616.3
2016-04-28,34.15,34.5,33.05,33.25,190212.0,6428676.15
2016-04-29,33.05,33.95,32.45,33.0,131819.0,4372765.2
2016-05-02,33.35,33.9,33.0,33.7,83676.0,2813452.9
2016-05-03,33.85,34.8,33.1,33.3,144772.0,4945323.75
2016-05-04,33.2,35.4,33.2,33.8,543640.0,18688031.7
2016-05-05,34.45,34.6,33.15,33.6,417228.0,14039874.85
2016-05-06,33.4,33.5,32.75,32.95,91897.0,3046618.7
2016-05-09,33.3,33.85,33.15,33.6,88819.0,2983452.8
2016-05-10,33.45,33.7,33.05,33.1,70484.0,2344947.7
2016-05-11,32.7,33.25,32.55,32.85,88264.0,2895688.05
2016-05-12,33.0,33.8,32.5,33.55,154997.0,5153064.55
2016-05-13,33.25,33.55,32.8,33.45,242974.0,8086340.4
2016-05-16,33.4,33.75,33.1,33.25,78655.0,2622080.15
2016-05-17,33.25,33.55,33.0,33.2,347159.0,11616593.7
2016-05-18,33.2,33.5,32.8,33.2,55462.0,1839384.9
2016-05-19,33.15,33.6,32.6,32.75,47011.0,1556341.35
2016-05-20,32.55,32.9,31.0,31.1,114875.0,3651011.9
2016-05-23,31.35,31.85,31.0,31.4,84550.0,2651735.15
2016-05-24,31.4,31.9,30.15,30.65,71009.0,2187817.7
2016-05-25,30.9,31.0,30.6,30.7,125482.0,3854978.0
2016-05-26,30.85,31.05,30.5,30.7,75981.0,2334781.1
2016-05-27,31.0,32.1,30.1,31.75,204440.0,6419357.05
2016-05-30,32.2,32.2,31.35,31.75,348769.0,11062042.45
2016-05-31,31.85,31.85,29.9,30.3,202016.0,6167996.7
2016-06-01,30.1,30.1,29.5,29.55,116758.0,3467828.9
2016-06-02,29.6,29.7,28.25,28.6,854614.0,24623146.05
2016-06-03,28.8,30.75,28.8,29.1,411883.0,12195553.45
2016-06-06,29.4,29.65,28.7,28.8,115812.0,3364043.65
2016-06-07,28.7,30.4,28.6,30.0,267488.0,7940945.55
2016-06-08,30.3,31.2,29.5,30.55,278692.0,8554677.4
2016-06-09,30.65,31.2,30.5,30.7,221851.0,6821832.05
2016-06-10,30.7,30.8,30.15,30.3,113227.0,3453934.15
2016-06-13,30.4,30.75,29.55,29.75,196082.0,5874904.9
2016-06-14,30.4,30.8,29.85,30.25,225628.0,6821552.15
2016-06-15,30.35,31.2,30.35,30.55,234196.0,7194099.65
2016-06-16,30.1,30.85,29.75,30.1,211943.0,6387988.55
2016-06-17,30.3,30.6,29.9,30.1,126909.0,3842985.8
2016-06-20,30.1,30.4,29.9,30.1,93995.0,2826884.35
2016-06-21,30.55,30.55,29.8,30.05,64043.0,1924995.05
2016-06-22,30.35,30.35,29.7,29.8,91082.0,2725493.9
2016-06-23,30.0,30.15,29.3,29.55,81824.0,2421684.75
2016-06-24,29.0,29.05,28.0,28.8,158297.0,4498242.15
2016-06-27,28.8,29.6,28.35,29.4,51027.0,1500360.6
2016-06-28,29.55,30.0,29.3,29.9,34949.0,1042227.1
2016-06-29,29.85,30.3,29.6,29.95,70716.0,2119853.6
2016-06-30,30.3,30.45,29.7,29.85,86440.0,2604147.15
2016-07-01,30.35,30.5,29.95,30.1,176630.0,5328083.6
2016-07-04,30.2,30.35,30.05,30.1,93677.0,2827220.4
2016-07-05,30.3,30.35,29.85,29.95,157827.0,4738245.95
2016-07-07,30.05,31.9,30.0,30.6,472980.0,14698800.05
2016-07-08,31.35,31.6,30.5,30.65,159426.0,4922715.25
2016-07-11,30.75,31.25,30.6,30.8,162288.0,5012948.35
2016-07-12,30.9,31.2,30.15,30.35,97229.0,2970967.4
2016-07-13,30.45,30.8,30.05,30.15,98459.0,2981326.9
2016-07-14,30.45,30.45,29.85,29.95,114955.0,3452223.75
2016-07-15,30.0,30.15,29.55,29.65,135272.0,4032918.85
2016-07-18,29.7,30.1,29.6,29.65,87451.0,2614786.3
2016-07-19,29.8,29.9,29.25,29.7,54681.0,1618456.45
2016-07-20,29.7,29.7,28.25,28.5,340046.0,9780120.65
2016-07-21,28.8,30.6,28.8,29.6,261121.0,7767434.3
2016-07-22,29.55,30.0,29.3,29.55,69736.0,2068034.0
2016-07-25,29.2,30.25,29.2,29.3,107357.0,3194532.05
2016-07-26,29.7,29.95,29.4,29.7,67799.0,2017831.05
2016-07-27,29.55,30.0,29.3,29.65,106097.0,3147862.15
2016-07-28,29.55,29.75,29.0,29.5,34669.0,1020789.4
2016-07-29,29.5,29.95,29.25,29.35,41985.0,1241124.15
2016-08-01,29.2,30.1,29.2,29.35,44721.0,1326526.05
2016-08-02,29.4,29.6,28.9,29.05,44648.0,1301472.95
2016-08-03,29.0,29.3,28.0,28.1,121875.0,3457901.8
2016-08-04,28.9,28.9,27.95,28.4,75924.0,2145918.25
2016-08-05,28.5,29.75,28.2,29.15,129582.0,3761674.65
2016-08-08,29.45,29.7,29.1,29.25,29276.0,859662.9
2016-08-09,29.45,29.5,28.65,28.75,94051.0,2723113.85
2016-08-10,28.9,29.65,28.85,29.2,146400.0,4293187.2
2016-08-11,29.35,29.35,28.15,28.35,119776.0,3416271.55
2016-08-12,28.5,28.9,28.25,28.45,61081.0,1740395.75
2016-08-16,28.5,28.5,27.15,27.25,102813.0,2836284.25
2016-08-17,27.2,27.45,27.0,27.3,54705.0,1485709.8
2016-08-18,27.4,27.9,27.15,27.75,37693.0,1047057.45
2016-08-19,27.5,27.9,27.15,27.45,37340.0,1027226.85
2016-08-22,27.5,28.05,27.15,27.2,50036.0,1370461.45
2016-08-23,27.4,27.45,26.9,27.3,113790.0,3092712.95
2016-08-24,27.3,27.4,27.05,27.3,39625.0,1079775.7
2016-08-25,27.85,29.75,27.75,28.55,335080.0,9680707.1
2016-08-26,29.15,29.3,28.5,28.8,189326.0,5479110.35
2016-08-29,29.5,29.7,27.9,28.3,180148.0,5159245.15
2016-08-30,28.35,28.65,27.65,27.75,75882.0,2117768.25
2016-08-31,27.8,28.1,27.45,27.65,42070.0,1169378.1
2016-09-01,27.65,27.85,27.5,27.6,43142.0,1191740.5
2016-09-02,27.6,30.5,27.2,29.85,426354.0,12623612.0
2016-09-06,30.4,30.7,29.05,29.6,252131.0,7508868.1
2016-09-07,29.35,29.5,28.5,29.05,140135.0,4053073.75
2016-09-08,28.9,29.25,28.75,28.8,57638.0,1669664.4
2016-09-09,28.95,29.65,28.55,29.15,115390.0,3373409.55
2016-09-12,28.4,29.0,27.6,28.6,39902.0,1138996.3
2016-09-14,28.8,29.2,28.1,28.55,221075.0,6332288.75
2016-09-15,28.3,28.6,27.8,28.05,92007.0,2592215.0
2016-09-16,28.0,28.9,28.0,28.25,46356.0,1314108.65
2016-09-19,28.25,28.85,28.1,28.25,68761.0,1954392.05
2016-09-20,28.6,28.6,28.0,28.1,52630.0,1492268.5
2016-09-21,28.05,30.05,27.8,29.8,439327.0,12978985.7
2016-09-22,29.6,30.85,29.1,29.3,142473.0,4242090.5
2016-09-23,29.0,29.3,28.6,28.8,50589.0,1460624.1
2016-09-26,28.15,29.0,28.15,28.45,162784.0,4629401.4
2016-09-27,28.6,29.0,28.0,28.4,33174.0,947557.7
2016-09-28,28.9,28.9,28.2,28.3,23578.0,670427.3
2016-09-29,28.15,29.5,26.05,27.25,219287.0,6088894.3
2016-09-30,26.5,27.5,26.5,27.4,42869.0,1169651.6
2016-10-03,27.75,28.4,27.45,28.1,45204.0,1267884.7
2016-10-04,27.9,28.5,27.9,27.95,40093.0,1126999.2
2016-10-05,27.8,28.5,27.8,28.2,50286.0,1415545.75
2016-10-06,28.45,28.6,27.6,27.75,457710.0,12853604.6
2016-10-07,27.6,28.4,26.75,26.95,131245.0,3567732.55
2016-10-10,27.25,27.25,26.6,26.85,30439.0,816870.25
2016-10-13,27.0,27.0,26.5,26.65,39712.0,1059400.25
2016-10-14,26.7,26.95,26.55,26.7,38737.0,1034607.95
2016-10-17,26.65,26.9,26.5,26.55,45238.0,1205024.8
2016-10-18,26.55,26.75,26.25,26.55,72937.0,1929808.75
2016-10-19,26.75,26.85,26.25,26.4,104509.0,2766728.5
2016-10-20,26.4,26.9,26.25,26.4,137906.0,3647798.3
2016-10-21,26.4,26.55,26.35,26.5,47576.0,1258973.2
2016-10-24,26.45,26.55,26.1,26.35,69291.0,1831594.05
2016-10-25,26.45,26.5,26.2,26.3,64111.0,1691739.45
2016-10-26,26.3,26.4,26.05,26.3,73986.0,1946316.55
2016-10-27,26.1,26.35,25.8,26.0,82068.0,2140361.9
2016-10-28,25.8,26.4,25.45,25.75,63901.0,1662691.1
2016-10-30,26.0,26.25,25.9,26.1,16985.0,442897.45
2016-11-01,26.0,26.6,25.8,26.05,60040.0,1567834.3
2016-11-02,26.4,26.4,25.2,25.6,115227.0,2935580.35
2016-11-03,25.5,25.65,24.9,25.3,76832.0,1941958.3
2016-11-04,25.65,25.65,24.75,24.8,71593.0,1790851.35
2016-11-07,25.0,25.6,24.65,24.9,43600.0,1095769.5
2016-11-08,24.7,25.7,24.6,25.05,49287.0,1229754.05
2016-11-09,23.0,24.25,21.1,23.55,129641.0,2974034.4
2016-11-10,23.5,24.8,23.5,23.9,56116.0,1349021.1
2016-11-11,23.7,24.0,23.3,23.45,64024.0,1507090.65
2016-11-15,23.95,23.95,21.5,22.35,88856.0,1975984.55
2016-11-16,23.0,23.0,22.0,22.55,39249.0,885105.85
2016-11-17,23.0,23.0,22.05,22.6,51202.0,1156680.2
2016-11-18,22.75,22.8,22.35,22.65,11505.0,260282.6
2016-11-21,23.0,23.0,21.5,21.75,38834.0,847475.9
2016-11-22,22.0,22.1,21.5,21.8,18321.0,398003.7
2016-11-23,22.0,22.0,21.25,21.75,44517.0,961666.85
2016-11-24,22.0,22.0,21.15,21.45,23721.0,509220.15
2016-11-25,21.15,22.0,21.15,21.8,45452.0,987591.65
2016-11-28,21.3,21.9,21.3,21.75,61978.0,1350671.95
2016-11-29,22.0,23.7,21.6,21.75,147105.0,3228146.2
2016-11-30,21.6,22.5,21.1,21.25,961954.0,20914829.5
2016-12-01,21.55,21.9,21.1,21.2,196198.0,4209936.5
2016-12-02,21.1,21.7,21.0,21.1,149117.0,3165692.25
2016-12-05,21.5,21.5,21.0,21.0,78859.0,1663660.9
2016-12-06,21.0,21.4,20.2,20.4,119438.0,2484275.8
2016-12-07,21.0,21.0,19.4,20.05,530876.0,10690747.25
2016-12-08,19.95,20.2,19.2,19.6,407088.0,7990775.45
2016-12-09,19.95,19.95,19.05,19.2,274416.0,5302982.55
2016-12-12,19.15,21.15,19.1,20.35,495641.0,10116276.3
2016-12-13,20.5,21.0,19.8,19.95,189986.0,3853589.6
2016-12-14,19.55,19.75,19.0,19.1,248241.0,4783240.9
2016-12-15,19.0,19.15,18.5,18.65,189679.0,3569240.55
2016-12-16,18.7,19.1,18.1,18.3,275436.0,5152043.95
2016-12-19,18.6,18.7,14.65,15.25,1220320.0,19469617.25
2016-12-20,14.65,14.65,12.2,12.2,4263516.0,54835810.45
2016-12-21,11.65,13.4,11.65,13.4,3263524.0,41385066.4
2016-12-22,14.7,14.7,13.3,14.7,1429566.0,20913899.1
2016-12-23,15.8,16.15,14.25,16.15,1866321.0,28855435.65
2016-12-26,16.4,16.75,15.35,15.75,777682.0,12398096.95
2016-12-27,15.75,16.4,15.5,15.7,243236.0,3846553.1
2016-12-28,15.5,15.9,15.25,15.35,126723.0,1968895.4
2016-12-29,15.45,15.7,15.25,15.35,111935.0,1722436.3
2016-12-30,15.15,15.6,14.8,14.95,121503.0,1847940.75
2017-01-02,15.25,15.4,14.75,15.1,86427.0,1302199.6
2017-01-03,15.35,15.85,15.1,15.85,148531.0,2340515.1
2017-01-04,16.55,16.6,16.5,16.6,71566.0,1187390.5
2017-01-05,17.4,17.4,17.4,17.4,78400.0,1364160.0
2017-01-06,17.9,17.9,16.65,17.15,605676.0,10443956.7
2017-01-09,17.15,17.4,16.5,16.65,147502.0,2482953.6
2017-01-10,17.4,17.45,16.05,17.45,258285.0,4449722.0
2017-01-11,18.1,18.1,16.75,17.0,271656.0,4675945.5
2017-01-12,16.55,17.85,16.5,17.75,390609.0,6842622.85
2017-01-13,18.0,18.3,17.2,18.25,361486.0,6500920.1
2017-01-16,18.85,18.85,18.0,18.3,153636.0,2827832.05
2017-01-17,18.75,18.75,17.75,18.3,122428.0,2234226.8
2017-01-18,18.3,19.0,18.05,18.25,328163.0,6077599.1
2017-01-19,18.5,18.65,18.15,18.25,106616.0,1958573.5
2017-01-20,18.6,18.6,17.85,17.9,146097.0,2634798.2
2017-01-23,18.0,18.0,17.1,17.15,245250.0,4281917.8
2017-01-24,17.5,17.85,17.3,17.4,385993.0,6769797.75
2017-01-25,17.35,17.5,16.85,17.0,306865.0,5274443.2
2017-01-27,16.55,17.3,16.55,16.7,243283.0,4090758.8
2017-01-30,16.7,17.3,16.7,17.05,111657.0,1900586.8
2017-01-31,17.1,17.25,16.25,16.4,147557.0,2464570.15
2017-02-01,16.8,17.2,16.3,17.1,145266.0,2453394.25
2017-02-02,17.5,17.5,16.85,17.0,99292.0,1702705.15
2017-02-03,16.8,17.2,16.15,17.0,296532.0,5036560.4
2017-02-06,17.0,17.25,16.6,16.85,253330.0,4283192.7
2017-02-07,16.85,17.15,16.8,17.0,253868.0,4308285.9
2017-02-08,17.25,17.8,16.9,16.95,365715.0,6330214.8
2017-02-09,17.15,17.35,16.4,16.6,456624.0,7772061.35
2017-02-10,16.75,16.8,15.65,16.15,260956.0,4213218.8
2017-02-13,16.8,16.9,15.7,15.85,315544.0,5117420.7
2017-02-14,16.45,16.45,15.85,16.05,77173.0,1244835.35
2017-02-15,16.05,16.15,15.5,15.7,76094.0,1198678.85
2017-02-16,15.7,16.2,15.6,15.65,180565.0,2867656.55
2017-02-17,15.65,16.0,14.85,15.0,226043.0,3444908.15
2017-02-20,15.0,15.1,14.3,14.45,276352.0,4023959.95
2017-02-21,14.45,14.9,13.95,14.05,428865.0,6106555.45
2017-02-22,14.0,14.1,13.65,13.85,501238.0,6956974.9
2017-02-23,13.85,14.0,13.4,13.5,409075.0,5615833.7
2017-02-27,13.6,14.25,12.8,12.9,810961.0,10625537.05
2017-02-28,12.9,13.5,12.85,13.0,774334.0,10088676.85
2017-03-01,13.0,14.3,12.7,12.8,872812.0,11300581.8
2017-03-02,12.6,13.1,12.6,12.75,192038.0,2470227.8
2017-03-03,12.6,13.15,12.35,12.5,309409.0,3892956.8
2017-03-06,12.35,12.6,11.85,12.0,715892.0,8703703.7
2017-03-07,12.2,12.3,11.75,11.95,600066.0,7235152.55
2017-03-08,12.0,12.25,11.9,11.95,532119.0,6377487.25
2017-03-09,11.75,12.0,11.4,11.5,1285524.0,15093236.5
2017-03-10,11.6,11.75,11.15,11.2,468066.0,5320961.9
2017-03-14,12.0,12.0,10.6,10.75,712646.0,7843600.85
2017-03-15,10.85,10.85,10.25,10.3,665280.0,6965775.95
2017-03-16,10.2,10.4,9.95,10.0,844595.0,8511766.15
2017-03-17,10.0,10.5,10.0,10.35,2451862.0,25513544.1
2017-03-20,10.6,10.6,9.85,9.9,981196.0,9868884.25
2017-03-21,10.0,10.0,9.45,9.45,1003875.0,9694354.5
2017-03-22,9.4,9.5,9.0,9.05,1077354.0,9914850.55
2017-03-23,9.1,9.3,8.8,8.95,1138340.0,10293330.4
2017-03-24,9.2,9.35,8.75,9.35,9534615.0,89057740.9
2017-03-27,9.55,9.8,9.35,9.8,3218259.0,31489334.9
2017-03-28,10.2,10.25,9.35,9.65,3689014.0,37524430.45
2017-03-29,9.35,9.45,9.2,9.2,1149080.0,10592474.55
2017-03-30,8.85,9.4,8.75,8.75,1317380.0,11809520.2
2017-03-31,8.75,8.9,8.35,8.4,2076957.0,17438544.85
2017-04-03,8.4,8.8,8.4,8.8,2576912.0,22451564.3
2017-04-05,8.95,9.1,8.4,8.4,2952095.0,25599378.1
2017-04-06,8.45,8.65,8.0,8.0,6330902.0,52079052.25
2017-04-07,8.0,8.2,7.6,7.7,2882096.0,22685019.5
2017-04-10,7.85,7.9,7.65,7.7,2876510.0,22313985.1
2017-04-11,7.8,8.05,7.65,8.05,3971707.0,30853527.55
2017-04-12,8.45,8.45,8.15,8.45,4839971.0,40447658.4
2017-04-13,8.65,8.85,8.65,8.85,3974748.0,35144697.4
2017-04-17,9.25,9.25,9.25,9.25,1056045.0,9768416.25
2017-04-18,9.7,9.7,9.7,9.7,1612049.0,15636875.3
2017-04-19,9.45,10.15,9.25,10.15,9511169.0,92176430.6
2017-04-20,10.55,10.65,10.5,10.65,517451.0,5484823.3
2017-04-21,11.15,11.15,10.35,11.15,7571797.0,83617100.7
2017-04-24,11.6,11.7,11.35,11.7,3355375.0,39017885.6
2017-04-25,11.8,11.9,11.15,11.15,5605631.0,64055544.95
2017-04-26,10.9,11.0,10.6,10.6,2346586.0,25115267.9
2017-04-27,10.1,10.1,10.1,10.1,526181.0,5314428.1
2017-04-28,10.0,10.6,9.65,10.6,1502015.0,15437085.6
2017-05-02,11.1,11.1,10.9,11.1,1340765.0,14874008.95
2017-05-03,10.9,11.2,10.55,10.8,925302.0,9948568.0
2017-05-04,10.6,10.8,10.3,10.35,404876.0,4217568.2
2017-05-05,10.65,10.65,9.85,9.95,642121.0,6415322.8
2017-05-08,9.9,10.3,9.65,10.0,378913.0,3750699.05
2017-05-09,10.15,10.5,10.0,10.15,337080.0,3458360.05
2017-05-10,10.4,10.4,9.9,9.95,218370.0,2191678.75
2017-05-11,10.25,10.25,9.5,9.5,604889.0,5860806.55
2017-05-12,9.6,9.65,9.2,9.45,249663.0,2370694.85
2017-05-15,9.5,9.6,9.25,9.45,348421.0,3289232.45
2017-05-16,9.65,9.9,9.65,9.9,254472.0,2509944.3
2017-05-17,10.35,10.35,10.15,10.35,463460.0,4795017.2
2017-05-18,10.15,10.85,10.15,10.85,615330.0,6640707.35
2017-05-19,11.35,11.35,11.1,11.3,1753548.0,19855521.8
2017-05-22,11.25,11.25,10.75,10.8,1088134.0,11932033.55
2017-05-23,10.65,10.65,10.3,10.3,96089.0,992240.2
2017-05-24,9.95,10.7,9.8,9.8,594892.0,5974160.85
2017-05-25,9.6,10.25,9.6,10.05,548955.0,5577729.75
2017-05-26,10.45,10.55,10.0,10.55,539814.0,5643251.55
2017-05-29,10.05,10.4,10.05,10.05,132119.0,1327933.65
2017-05-30,9.55,10.55,9.55,9.9,896450.0,8946012.25
2017-05-31,9.8,10.1,9.7,9.8,336887.0,3330855.1
2017-06-01,9.9,10.05,9.35,9.75,903717.0,8668199.6
2017-06-02,9.7,10.0,9.6,9.95,573398.0,5642194.1
2017-06-05,9.9,10.0,9.5,9.7,386423.0,3757430.45
2017-06-06,9.65,9.75,9.4,9.45,196946.0,1874323.4
2017-06-07,9.6,9.65,9.2,9.4,496594.0,4676383.25
2017-06-08,9.35,10.0,9.0,9.4,516100.0,4930042.15
2017-06-09,9.35,9.75,9.25,9.4,454765.0,4273662.1
2017-06-12,9.2,9.35,9.0,9.05,360031.0,3292123.35
2017-06-13,9.0,9.4,8.95,9.25,205738.0,1899955.2
2017-06-14,9.05,9.1,8.55,8.9,1072149.0,9413580.4
2017-06-15,9.1,9.1,8.55,8.7,320944.0,2802516.4
2017-06-16,8.7,9.55,8.7,9.55,978413.0,9171646.5
2017-06-19,9.5,10.2,9.5,9.95,760359.0,7539336.6
2017-06-20,9.95,9.95,9.2,9.25,752639.0,7153877.2
2017-06-21,9.25,9.55,8.65,9.15,653552.0,5999847.65
2017-06-22,9.0,9.3,8.95,9.05,406071.0,3697373.9
2017-06-23,9.0,9.3,8.7,8.9,645681.0,5768717.95
2017-06-27,8.75,9.25,8.35,8.5,779551.0,6645121.0
2017-06-28,8.65,9.15,8.15,8.7,696302.0,6128056.25
2017-06-29,8.95,9.25,8.6,8.8,348209.0,3129224.2
2017-06-30,8.8,9.3,8.8,9.15,862018.0,7857261.45
2017-07-03,9.3,9.65,9.15,9.3,353072.0,3306197.05
2017-07-04,9.3,9.6,9.1,9.15,215100.0,1988392.45
2017-07-05,9.2,9.4,9.05,9.25,329183.0,3017408.65
2017-07-06,9.3,9.5,9.05,9.3,415847.0,3868481.1
2017-07-07,9.5,10.2,9.3,10.15,2858616.0,28653310.6
2017-07-10,10.25,10.25,9.5,9.85,124470.0,1232609.4
2017-07-11,10.0,10.05,9.0,9.1,1188248.0,11171545.65
2017-07-12,9.3,9.4,8.85,8.9,865170.0,7774255.35
2017-07-13,8.9,9.1,8.6,8.75,504407.0,4427945.35
2017-07-14,8.8,8.9,8.3,8.4,1472147.0,12428471.75
2017-07-17,8.6,8.85,8.45,8.55,929657.0,8006430.4
2017-07-18,8.55,8.6,8.25,8.3,578743.0,4842165.6
2017-07-19,8.3,8.45,8.3,8.35,357060.0,2995188.2
2017-07-20,8.3,8.5,8.2,8.25,455131.0,3776524.55
2017-07-21,8.15,8.45,8.05,8.25,470804.0,3885544.2
2017-07-24,8.4,8.75,8.25,8.5,2085713.0,17643362.35
2017-07-25,8.6,8.65,8.3,8.4,631175.0,5345332.7
2017-07-26,8.45,8.45,8.2,8.35,768657.0,6405057.65
2017-07-27,8.3,8.45,8.05,8.2,452545.0,3742482.6
2017-07-28,8.2,9.0,8.15,8.6,2159594.0,18658353.55
2017-07-31,8.75,8.9,8.5,8.55,1121129.0,9746754.05
2017-08-01,8.65,8.7,8.25,8.3,611701.0,5124727.8
2017-08-02,8.3,8.4,8.15,8.25,426722.0,3518429.3
2017-08-03,8.25,8.25,7.7,7.9,1651473.0,13133305.25
2017-08-04,7.8,7.9,7.7,7.85,470772.0,3701277.3
2017-08-07,7.85,8.45,7.8,8.0,1844755.0,14955108.6
2017-08-08,8.0,8.05,7.5,7.85,1263510.0,9874653.25
2017-08-09,7.85,7.85,7.4,7.55,709611.0,5375051.2
2017-08-10,7.4,7.5,6.9,7.0,787859.0,5662347.25
2017-08-11,7.2,7.2,6.45,6.7,1160916.0,7804388.25
2017-08-14,7.0,7.3,6.9,7.2,421364.0,3005674.1
2017-08-16,7.25,7.4,6.95,7.1,293070.0,2097493.05
2017-08-17,7.1,7.65,7.1,7.4,591040.0,4397776.35
2017-08-18,7.35,7.85,7.2,7.35,204160.0,1524478.6
2017-08-21,7.5,7.55,7.0,7.05,200365.0,1445888.9
2017-08-22,7.2,7.25,6.6,6.8,769845.0,5184281.25
2017-08-23,6.8,6.95,6.7,6.7,196483.0,1338734.0
2017-08-24,6.85,7.1,6.7,7.05,302474.0,2104289.05
2017-08-28,7.2,7.45,7.2,7.35,372466.0,2727990.75
2017-08-29,7.3,8.05,7.3,7.65,1142013.0,8855253.2
2017-08-30,7.65,7.9,6.45,6.85,1742815.0,12225680.3
2017-08-31,6.95,7.25,6.85,7.05,437870.0,3103280.3
2017-09-01,7.05,7.25,6.95,7.05,266728.0,1885884.6
2017-09-04,7.15,7.2,6.9,7.0,324516.0,2287716.1
2017-09-05,7.0,7.05,6.2,6.7,1514334.0,10071605.7
2017-09-06,6.75,6.95,6.6,6.8,905560.0,6192291.5
2017-09-07,6.8,7.0,6.7,6.8,944304.0,6447888.05
2017-09-08,6.85,7.0,6.7,6.8,381426.0,2589588.45
2017-09-11,6.85,6.95,6.65,6.8,909143.0,6219117.75
2017-09-12,6.9,6.9,6.6,6.8,949124.0,6468504.5
2017-09-13,6.8,8.15,6.75,8.15,9363752.0,71203189.3
2017-09-14,8.7,9.75,8.6,9.75,13426883.0,125423422.2
2017-09-15,10.6,10.7,10.2,10.7,11088667.0,118184598.15
2017-09-18,11.3,11.75,11.0,11.75,3378172.0,39177498.1
2017-09-19,12.65,12.9,10.65,12.0,21071782.0,247568237.65
2017-09-20,12.35,12.35,11.35,11.6,4159374.0,49148609.8
2017-09-21,11.75,11.75,10.6,11.1,6180917.0,67914708.15
2017-09-22,10.7,10.75,10.0,10.0,3878414.0,39712774.9
2017-09-25,10.2,11.0,9.2,11.0,5315058.0,55629082.8
2017-09-26,10.95,11.0,10.25,10.35,2570807.0,27228998.9
2017-09-27,10.55,10.95,9.35,9.6,3785118.0,37557749.0
2017-09-28,9.7,10.05,9.15,9.45,575817.0,5422866.1
2017-09-29,9.5,9.9,9.45,9.8,607348.0,5901310.7
2017-10-03,9.9,10.15,9.5,9.65,237854.0,2313195.25
2017-10-04,9.9,9.9,9.25,9.35,313471.0,2963603.35
2017-10-05,9.35,9.6,9.2,9.45,331931.0,3121244.7
2017-10-06,9.25,9.9,9.15,9.9,609092.0,5972769.75
2017-10-09,10.25,10.35,10.0,10.35,596735.0,6105041.95
2017-10-10,10.85,10.85,10.7,10.85,545558.0,5914109.3
2017-10-11,11.35,11.35,10.6,11.0,2448522.0,27546111.75
2017-10-12,10.95,11.2,10.45,10.6,498700.0,5356956.7
2017-10-13,10.65,10.65,10.1,10.25,332954.0,3416370.2
2017-10-16,10.1,10.45,9.75,9.85,387784.0,3849903.75
2017-10-17,10.0,10.3,9.8,10.3,247574.0,2528786.0
2017-10-18,10.6,10.8,10.1,10.45,443963.0,4674425.55
2017-10-19,10.4,10.75,10.25,10.4,214703.0,2259473.65
2017-10-23,10.55,10.7,9.95,10.1,456601.0,4657491.2
2017-10-24,10.55,10.55,10.1,10.2,336858.0,3463265.75
2017-10-25,10.2,10.5,9.7,9.85,878331.0,8678568.35
2017-10-26,9.8,10.2,9.65,9.8,284902.0,2853215.05
2017-10-27,9.7,10.15,9.7,9.95,508635.0,5087809.6
2017-10-30,10.05,10.4,10.05,10.4,677239.0,6997818.95
2017-10-31,10.75,10.9,10.6,10.9,880181.0,9554131.05
2017-11-01,11.15,11.2,10.4,10.5,725420.0,7804287.4
2017-11-02,10.6,10.6,10.0,10.05,726255.0,7351075.4
2017-11-03,10.15,10.25,9.9,10.05,409531.0,4123487.0
2017-11-06,10.25,10.45,9.85,9.9,407656.0,4072822.65
2017-11-07,9.95,10.0,9.45,9.5,857088.0,8183361.55
2017-11-08,9.45,9.8,9.05,9.05,612713.0,5641030.3
2017-11-09,9.05,9.5,9.05,9.35,757403.0,7007595.95
2017-11-10,9.5,9.5,8.9,8.95,939203.0,8424393.75
2017-11-13,8.8,9.35,8.75,9.0,855448.0,7669767.9
2017-11-14,9.25,9.4,8.65,8.75,664907.0,5911650.5
2017-11-15,8.85,9.0,8.35,8.35,476522.0,4129654.0
2017-11-16,8.35,8.5,8.15,8.25,581049.0,4812170.1
2017-11-17,8.45,8.45,8.2,8.25,888031.0,7348368.55
2017-11-20,8.4,8.4,7.9,7.95,1439903.0,11572197.7
2017-11-21,7.95,7.95,7.65,7.7,1186045.0,9181374.1
2017-11-22,7.65,7.7,7.45,7.5,968571.0,7266077.1
2017-11-23,7.5,7.55,7.4,7.4,1599643.0,11922261.7
2017-11-24,7.5,7.75,7.15,7.35,2906228.0,21260426.15
2017-11-27,7.35,7.35,7.05,7.1,1888908.0,13500342.3
2017-11-28,7.1,7.15,6.95,7.0,1413211.0,9964998.55
2017-11-29,7.15,7.35,7.15,7.35,5797930.0,42556060.9
2017-11-30,7.7,7.7,7.7,7.7,115258.0,887486.6
2017-12-01,8.05,8.05,8.05,8.05,153911.0,1238983.55
2017-12-04,8.45,8.45,7.65,7.95,7650092.0,62389372.25
2017-12-05,7.85,7.85,7.6,7.6,1062354.0,8104749.0
2017-12-06,7.65,7.8,7.25,7.45,1139105.0,8460660.6
2017-12-07,7.75,8.15,7.5,8.15,1698607.0,13580103.85
2017-12-08,8.5,8.9,8.2,8.75,2943328.0,25286019.0
2017-12-11,8.9,9.0,8.2,8.5,1528012.0,13257705.8
2017-12-12,8.65,8.65,8.25,8.4,831704.0,6961367.25
2017-12-13,8.55,8.55,8.0,8.05,735177.0,6039944.95
2017-12-14,8.2,8.45,7.85,8.25,1309817.0,10622449.6
2017-12-15,8.45,8.5,8.2,8.4,821402.0,6858518.45
2017-12-18,8.5,8.75,7.9,8.45,753927.0,6391483.95
2017-12-19,8.35,8.55,8.3,8.4,518798.0,4403106.0
2017-12-20,8.55,8.75,8.4,8.45,696328.0,5983062.25
2017-12-21,8.75,9.25,8.75,9.25,896792.0,8241348.95
2017-12-22,10.15,10.15,9.7,10.15,30952212.0,313994202.25
2017-12-26,11.1,11.15,10.6,11.15,6167879.0,68135782.75
2017-12-27,11.7,11.7,11.7,11.7,1183750.0,13849875.0
2017-12-28,12.25,12.25,12.25,12.25,1290840.0,15812790.0
2017-12-29,12.85,12.85,11.75,12.85,11841801.0,151323622.55
2018-01-01,13.45,13.45,13.45,13.45,1613342.0,21699449.9
2018-01-02,14.1,14.1,12.9,14.1,17759891.0,246004281.7
2018-01-03,14.65,14.8,13.75,14.8,4517521.0,65903920.85
2018-01-04,15.5,15.5,15.5,15.5,1189923.0,18443806.5
2018-01-05,16.25,16.25,16.25,16.25,1039775.0,16896343.75
2018-01-08,17.05,17.05,17.05,17.05,929602.0,15849714.1
2018-01-09,17.9,17.9,16.2,17.9,15734189.0,279071076.5
2018-01-10,17.05,18.75,17.05,18.75,8066139.0,148125045.45
2018-01-11,19.65,19.65,19.0,19.65,4194313.0,82188975.55
2018-01-12,20.6,20.6,19.6,20.15,5751447.0,117845180.75
2018-01-15,19.35,19.35,19.15,19.15,824761.0,15804832.4
2018-01-16,18.2,19.7,18.2,18.2,4670766.0,85829812.05
2018-01-17,17.3,17.3,17.3,17.3,111299.0,1925472.7
2018-01-18,16.55,17.75,16.45,16.45,3089735.0,52068578.25
2018-01-19,15.8,17.25,15.65,17.25,2152379.0,35919217.4
2018-01-22,18.1,18.1,16.4,18.1,4373411.0,78866643.5
2018-01-23,17.45,18.45,17.2,17.2,1036640.0,18288724.2
2018-01-24,16.45,17.3,16.35,16.4,862049.0,14200143.25
2018-01-25,16.85,17.2,15.6,17.05,1013432.0,16998226.35
2018-01-29,16.35,17.2,16.2,16.2,692981.0,11424214.0
2018-01-30,15.4,17.0,15.4,15.95,1358911.0,22090700.2
2018-01-31,16.4,16.4,15.2,15.25,1035961.0,15968946.1
2018-02-01,15.45,16.0,15.0,15.75,1201634.0,18844283.75
2018-02-02,15.0,15.35,15.0,15.0,432643.0,6507663.0
2018-02-05,14.25,14.25,14.25,14.25,125662.0,1790683.5
2018-02-06,13.55,13.55,13.55,13.55,402532.0,5454308.6
2018-02-07,12.95,14.2,12.95,14.2,1050411.0,14815159.35
2018-02-08,14.3,14.3,13.5,13.65,1215369.0,16851535.95
2018-02-09,13.0,14.3,13.0,14.25,1078977.0,14746901.75
2018-02-12,14.8,14.95,14.35,14.95,600759.0,8873231.1
2018-02-14,14.3,15.25,14.3,14.5,649016.0,9535177.7
2018-02-15,14.8,15.1,13.8,13.8,510692.0,7234025.1
2018-02-16,14.3,14.3,13.15,13.15,600505.0,7992293.55
2018-02-19,12.7,13.45,12.5,12.5,703103.0,8813772.5
2018-02-20,12.4,13.1,12.0,12.35,477958.0,5938489.55
2018-02-21,12.65,12.65,12.0,12.4,337807.0,4129431.2
2018-02-22,12.35,12.35,11.8,12.15,724298.0,8675181.65
2018-02-23,12.15,12.45,12.1,12.35,576826.0,7103714.35
2018-02-26,12.55,12.75,11.75,11.75,1684749.0,19972129.45
2018-02-27,12.0,12.0,11.2,11.2,662562.0,7453652.15
2018-02-28,10.65,11.4,10.65,11.0,1400809.0,15281891.85
2018-03-01,11.0,11.3,10.45,10.45,845631.0,9097567.5
2018-03-05,10.7,10.7,9.95,9.95,432917.0,4322327.5
2018-03-06,10.3,10.3,9.5,9.5,1211910.0,11667533.35
2018-03-07,9.05,9.05,9.05,9.05,82720.0,748616.0
2018-03-08,8.6,9.0,8.6,8.6,189012.0,1630229.25
2018-03-09,8.2,9.0,8.2,9.0,4655457.0,40356831.9
2018-03-12,9.45,9.45,9.4,9.45,1348247.0,12739230.15
2018-03-13,9.9,9.9,9.45,9.9,1599460.0,15737065.95
2018-03-14,10.3,10.35,9.9,10.35,2806308.0,28899397.0
2018-03-15,10.85,10.85,10.35,10.85,687372.0,7446448.05
2018-03-16,11.2,11.35,10.35,10.35,1130725.0,12550124.15
2018-03-19,9.85,10.35,9.85,9.85,425330.0,4195864.45
2018-03-20,9.4,10.3,9.4,10.0,594796.0,5901535.3
2018-03-21,10.3,10.3,9.5,9.5,470135.0,4525427.25
2018-03-22,9.9,9.9,9.05,9.05,1053762.0,9557015.3
2018-03-23,8.6,8.6,8.6,8.6,329157.0,2830750.2
2018-03-26,8.2,9.0,8.2,8.3,2965148.0,25321872.05
2018-03-27,8.55,8.7,8.3,8.7,554984.0,4770832.35
2018-03-28,9.1,9.1,8.4,8.55,731086.0,6318983.1
2018-04-02,8.75,8.95,8.4,8.95,982515.0,8706352.2
2018-04-03,9.3,9.3,8.65,9.2,760307.0,6877636.2
2018-04-04,9.55,9.55,8.85,8.95,359542.0,3309131.7
2018-04-05,9.0,9.35,8.85,9.35,1762209.0,16427166.5
2018-04-06,9.35,9.8,9.0,9.65,874830.0,8078067.15
2018-04-09,9.65,9.95,9.4,9.65,529412.0,5150259.8
2018-04-10,9.5,10.1,9.5,9.95,489135.0,4900606.5
2018-04-11,9.95,10.2,9.5,9.5,256417.0,2500959.8
2018-04-12,9.5,9.6,9.05,9.3,155089.0,1444823.65
2018-04-13,9.3,9.75,9.25,9.4,342253.0,3267546.25
2018-04-16,9.35,9.5,8.95,8.95,400462.0,3633153.7
2018-04-17,9.05,9.15,8.75,8.9,517146.0,4642099.75
2018-04-18,8.9,9.2,8.75,8.8,309278.0,2778862.6
2018-04-19,9.0,9.0,8.4,8.5,843860.0,7151334.75
2018-04-20,8.7,8.7,8.2,8.35,373129.0,3123354.05
2018-04-23,8.35,8.55,7.95,8.05,512462.0,4204604.3
2018-04-24,8.3,8.35,7.65,7.75,647947.0,5160604.1
2018-04-25,7.85,8.1,7.5,7.8,488865.0,3836657.2
2018-04-26,8.05,8.05,7.5,7.8,1206503.0,9346484.95
2018-04-27,8.15,8.15,7.65,7.75,270847.0,2136022.15
2018-04-30,7.95,7.95,7.4,7.45,472653.0,3564288.3
2018-05-02,7.8,7.8,7.1,7.1,771679.0,5580653.8
2018-05-03,6.8,6.9,6.75,6.75,1022408.0,6908442.95
2018-05-04,6.65,7.0,6.45,6.45,2211033.0,14383964.35
2018-05-07,6.25,6.75,6.15,6.7,3504192.0,22223677.1
2018-05-08,7.0,7.0,6.75,6.85,929193.0,6433679.6
2018-05-09,6.8,6.85,6.55,6.55,1277757.0,8427934.45
2018-05-10,6.4,6.7,6.25,6.25,1195283.0,7619760.0
2018-05-11,6.2,6.25,5.95,6.05,1367823.0,8239924.75
2018-05-14,6.05,6.1,5.75,5.75,991377.0,5756039.1
2018-05-15,5.5,5.5,5.5,5.5,425959.0,2342774.5
2018-05-16,5.25,5.25,5.25,5.25,141327.0,741966.75
2018-05-17,5.0,5.0,5.0,5.0,94745.0,473725.0
2018-05-18,4.75,5.15,4.75,4.75,4438529.0,21332525.95
2018-05-21,4.55,4.65,4.55,4.55,206124.0,939539.2
2018-05-22,4.35,4.35,4.35,4.35,77229.0,335946.15
2018-05-23,4.15,4.55,4.15,4.15,5347654.0,23106323.3
2018-05-24,4.25,4.35,3.95,3.95,3177003.0,12947640.0
2018-05-25,4.0,4.05,3.8,3.8,1973883.0,7554153.7
2018-05-28,3.9,3.95,3.65,3.75,8166723.0,31715245.35
2018-05-29,3.8,3.8,3.6,3.6,6275379.0,22752107.35
2018-05-30,3.45,3.45,3.45,3.45,329614.0,1137168.3
2018-05-31,3.3,3.35,3.3,3.3,6372619.0,21038552.95
2018-06-01,3.15,3.15,3.15,3.15,404037.0,1272716.55
2018-06-04,3.0,3.0,3.0,3.0,131461.0,394383.0
2018-06-05,2.85,2.85,2.85,2.85,165350.0,471247.5
2018-06-06,2.75,2.75,2.75,2.75,237763.0,653848.25
2018-06-07,2.65,2.65,2.65,2.65,150664.0,399259.6
2018-06-08,2.55,2.55,2.55,2.55,276968.0,706268.4
2018-06-11,2.45,2.45,2.45,2.45,348260.0,853237.0
2018-06-12,2.35,2.55,2.35,2.5,43247626.0,106888834.05
2018-06-13,2.5,2.6,2.5,2.6,4270631.0,11041652.4
2018-06-14,2.7,2.7,2.65,2.7,8482506.0,22901014.95
2018-06-15,2.8,2.8,2.6,2.6,14397592.0,38730435.75
2018-06-18,2.5,2.5,2.5,2.5,275825.0,689562.5
2018-06-19,2.4,2.4,2.4,2.4,173373.0,416095.2
2018-06-20,2.3,2.3,2.3,2.3,239032.0,549773.6
2018-06-21,2.2,2.3,2.2,2.2,2779532.0,6120763.0
2018-06-22,2.1,2.1,2.1,2.1,360697.0,757463.7
2018-06-25,2.0,2.0,2.0,2.0,482346.0,964692.0
2018-06-26,1.9,1.9,1.9,1.9,238108.0,452405.2
2018-06-27,1.85,1.95,1.85,1.85,3871293.0,7305132.05
2018-06-28,1.8,1.8,1.8,1.8,200596.0,361072.8
2018-06-29,1.75,1.75,1.75,1.75,190456.0,333298.0
2018-07-02,1.7,1.7,1.7,1.7,273667.0,465233.9
2018-07-03,1.65,1.65,1.65,1.65,310571.0,512442.15
2018-07-04,1.6,1.7,1.6,1.7,4205352.0,6968437.7
2018-07-05,1.75,1.75,1.75,1.75,176344.0,308602.0
2018-07-06,1.8,1.8,1.8,1.8,217145.0,390861.0
2018-07-09,1.85,1.85,1.75,1.85,12470166.0,22627839.05
2018-07-10,1.9,1.9,1.85,1.9,857471.0,1629194.85
2018-07-11,1.95,1.95,1.95,1.95,100352.0,195686.4
2018-07-12,2.0,2.0,2.0,2.0,41488.0,82976.0
2018-07-13,2.1,2.1,1.95,2.05,6770908.0,13947206.95
2018-07-16,2.1,2.1,1.95,1.95,899925.0,1768105.8
2018-07-17,1.9,2.0,1.9,1.9,3655149.0,6980940.6
2018-07-18,1.85,1.85,1.85,1.85,230371.0,426186.35
2018-07-19,1.8,1.8,1.8,1.8,86205.0,155169.0
2018-07-20,1.75,1.8,1.75,1.75,752818.0,1317431.55
2018-07-23,1.7,1.7,1.7,1.7,117385.0,199554.5
2018-07-24,1.65,1.7,1.65,1.65,1400235.0,2310387.8
2018-07-25,1.6,1.7,1.6,1.7,4226981.0,6958035.0
2018-07-26,1.75,1.75,1.65,1.65,2839761.0,4735917.75
2018-07-27,1.6,1.6,1.6,1.6,351197.0,561915.2
2018-07-30,1.55,1.6,1.55,1.55,1664391.0,2580536.4
2018-07-31,1.5,1.6,1.5,1.5,3490702.0,5401792.8
2018-08-01,1.55,1.55,1.45,1.5,2211451.0,3252468.7
2018-08-02,1.5,1.55,1.45,1.55,2779355.0,4269683.95
2018-08-03,1.6,1.6,1.6,1.6,338205.0,541128.0
2018-08-06,1.65,1.65,1.65,1.65,106870.0,176335.5
2018-08-07,1.7,1.7,1.7,1.7,85314.0,145033.8
2018-08-08,1.75,1.75,1.65,1.75,2406624.0,4183188.8
2018-08-09,1.8,1.8,1.8,1.8,118791.0,213823.8
2018-08-10,1.85,1.85,1.85,1.85,193256.0,357523.6
2018-08-13,1.9,1.9,1.8,1.8,3199000.0,5831492.7
2018-08-14,1.8,1.8,1.75,1.75,1414130.0,2495227.2
2018-08-16,1.75,1.8,1.7,1.7,1793572.0,3067524.25
2018-08-17,1.65,1.75,1.65,1.75,790058.0,1364790.75
2018-08-20,1.75,1.75,1.65,1.65,512996.0,848041.7
2018-08-21,1.6,1.7,1.6,1.6,329702.0,527779.9
2018-08-23,1.55,1.65,1.55,1.55,1078500.0,1679049.15
2018-08-24,1.6,1.6,1.5,1.6,1303642.0,1999065.0
2018-08-27,1.6,1.65,1.6,1.65,605484.0,991852.75
2018-08-28,1.7,1.7,1.6,1.6,450315.0,740332.45
2018-08-29,1.55,1.6,1.55,1.55,438497.0,681895.75
2018-08-30,1.5,1.6,1.5,1.5,1034436.0,1587547.2
2018-08-31,1.55,1.55,1.45,1.55,667790.0,1013737.2
2018-09-03,1.6,1.6,1.55,1.6,395443.0,631152.2
2018-09-04,1.65,1.65,1.65,1.65,341226.0,563022.9
2018-09-05,1.7,1.7,1.7,1.7,264105.0,448978.5
2018-09-06,1.75,1.75,1.65,1.65,1097789.0,1895668.95
2018-09-07,1.6,1.65,1.6,1.6,425890.0,686163.3
2018-09-10,1.6,1.6,1.55,1.55,592493.0,919489.15
2018-09-11,1.5,1.6,1.5,1.55,1534192.0,2370821.45
2018-09-12,1.5,1.6,1.5,1.5,739825.0,1117002.2
2018-09-14,1.5,1.55,1.45,1.5,487194.0,730811.7
2018-09-17,1.5,1.55,1.45,1.45,463990.0,690766.9
2018-09-18,1.5,1.5,1.4,1.45,617388.0,894113.7
2018-09-19,1.45,1.45,1.4,1.4,593070.0,833018.45
2018-09-21,1.4,1.4,1.35,1.35,555502.0,754215.3
2018-09-24,1.35,1.35,1.3,1.3,208312.0,270905.85
2018-09-25,1.25,1.25,1.25,1.25,112296.0,140370.0
2018-09-26,1.2,1.2,1.2,1.2,99006.0,118807.2
2018-09-27,1.15,1.15,1.15,1.15,132730.0,152639.5
2018-09-28,1.1,1.1,1.1,1.1,235815.0,259396.5
2018-10-01,1.05,1.05,1.05,1.05,1091566.0,1146144.3
2018-10-03,1.0,1.0,1.0,1.0,454330.0,454330.0
2018-10-04,0.95,0.95,0.95,0.95,159698.0,151713.1
2018-10-05,0.9,0.9,0.9,0.9,299246.0,269321.4
2018-10-08,0.85,0.85,0.85,0.85,365663.0,310813.55
2018-10-09,0.8,0.8,0.8,0.8,347579.0,278063.2
2018-10-10,0.75,0.85,0.75,0.85,3338925.0,2611592.15
2018-10-11,0.8,0.8,0.8,0.8,543414.0,434731.2
2018-10-12,0.75,0.75,0.75,0.75,1089928.0,817446.0
2018-10-15,0.7,0.7,0.7,0.7,798170.0,558719.0
2018-10-16,0.65,0.75,0.65,0.75,802796.0,596634.25
2018-10-17,0.8,0.8,0.8,0.8,193806.0,155044.8
2018-10-19,0.85,0.85,0.75,0.85,3647379.0,3065421.3
2018-10-22,0.85,0.9,0.8,0.9,2146540.0,1877157.05
2018-10-23,0.9,0.9,0.85,0.85,2458400.0,2140375.6
2018-10-24,0.9,0.9,0.8,0.85,1101831.0,917081.55
2018-10-25,0.85,0.9,0.8,0.85,1155346.0,1001451.5
2018-10-26,0.85,0.85,0.8,0.8,408281.0,339485.45
2018-10-29,0.8,0.85,0.75,0.8,824390.0,667860.45
2018-10-30,0.8,0.85,0.75,0.85,917492.0,760791.35
2018-10-31,0.85,0.9,0.85,0.9,561109.0,501340.8
2018-11-01,0.95,0.95,0.9,0.95,368390.0,349945.5
2018-11-02,1.0,1.0,0.95,1.0,700364.0,699827.85
2018-11-05,1.05,1.05,1.05,1.05,86090.0,90394.5
2018-11-06,1.1,1.1,1.1,1.1,145415.0,159956.5
2018-11-07,1.15,1.15,1.15,1.15,24137.0,27757.55
2018-11-09,1.2,1.2,1.2,1.2,375484.0,450580.8
2018-11-12,1.25,1.25,1.25,1.25,873446.0,1091807.5
2018-11-13,1.3,1.3,1.3,1.3,175798.0,228537.4
2018-11-14,1.35,1.35,1.35,1.35,163160.0,220266.0
2018-11-15,1.4,1.4,1.3,1.4,3992073.0,5553288.85
2018-11-16,1.45,1.45,1.45,1.45,355045.0,514815.25
2018-11-19,1.5,1.5,1.5,1.5,128585.0,192877.5
2018-11-20,1.55,1.55,1.55,1.55,104127.0,161396.85
2018-11-21,1.6,1.6,1.6,1.6,151522.0,242435.2
2018-11-22,1.65,1.65,1.65,1.65,469212.0,774199.8
2018-11-26,1.7,1.7,1.7,1.7,969844.0,1648734.8
2018-11-27,1.75,1.75,1.75,1.75,56944.0,99652.0
2018-11-28,1.8,1.8,1.8,1.8,122626.0,220726.8
2018-11-29,1.85,1.85,1.85,1.85,108914.0,201490.9
2018-11-30,1.9,1.9,1.9,1.9,290149.0,551283.1
2018-12-03,1.95,1.95,1.95,1.95,1076145.0,2098482.75
2018-12-04,2.0,2.0,1.9,1.9,2613270.0,5049519.2
2018-12-05,1.85,1.85,1.85,1.85,425033.0,786311.05
2018-12-06,1.8,1.8,1.8,1.8,233177.0,419718.6
2018-12-07,1.75,1.75,1.75,1.75,160771.0,281349.25
2018-12-10,1.7,1.7,1.7,1.7,162725.0,276632.5
2018-12-11,1.65,1.65,1.65,1.65,294782.0,486390.3
2018-12-12,1.6,1.7,1.6,1.7,2186023.0,3567188.7
2018-12-13,1.75,1.75,1.65,1.65,1116367.0,1884900.1
2018-12-14,1.6,1.6,1.6,1.6,215588.0,344940.8
2018-12-17,1.55,1.65,1.55,1.55,1210998.0,1888048.15
2018-12-18,1.55,1.6,1.5,1.5,1073319.0,1643435.7
2018-12-19,1.5,1.55,1.5,1.55,447445.0,689261.55
2018-12-20,1.6,1.6,1.55,1.6,343830.0,546227.1
2018-12-21,1.65,1.65,1.65,1.65,255553.0,421662.45
2018-12-24,1.7,1.7,1.65,1.7,1080257.0,1831797.45
2018-12-26,1.7,1.75,1.65,1.7,832808.0,1401267.3
2018-12-27,1.75,1.75,1.65,1.65,736256.0,1227015.8
2018-12-28,1.65,1.65,1.6,1.6,384757.0,624242.3
2018-12-31,1.55,1.6,1.55,1.55,577405.0,910914.75
2019-01-01,1.55,1.6,1.5,1.6,470331.0,746668.25
2019-01-02,1.65,1.65,1.55,1.65,919952.0,1511328.0
2019-01-03,1.65,1.65,1.6,1.6,184893.0,297196.35
2019-01-04,1.55,1.55,1.55,1.55,255369.0,395821.95
2019-01-07,1.55,1.6,1.5,1.55,432505.0,673394.0
2019-01-08,1.6,1.6,1.5,1.5,578806.0,891128.8
2019-01-09,1.55,1.55,1.5,1.55,511690.0,789542.8
2019-01-10,1.55,1.6,1.5,1.55,808555.0,1257687.2
2019-01-11,1.55,1.55,1.5,1.55,732999.0,1122281.35
2019-01-14,1.55,1.55,1.5,1.55,381709.0,584168.1
2019-01-15,1.55,1.55,1.5,1.5,718488.0,1081065.1
2019-01-16,1.5,1.5,1.45,1.45,699264.0,1016812.75
2019-01-17,1.4,1.4,1.4,1.4,254820.0,356748.0
2019-01-18,1.35,1.35,1.35,1.35,199696.0,269589.6
2019-01-21,1.3,1.4,1.3,1.4,1042987.0,1406093.7
2019-01-22,1.45,1.45,1.4,1.4,889948.0,1278524.4
2019-01-23,1.4,1.45,1.4,1.45,790479.0,1128304.55
2019-01-24,1.45,1.45,1.4,1.45,499954.0,710212.3
2019-01-25,1.45,1.45,1.4,1.4,792217.0,1110264.55
2019-01-28,1.35,1.35,1.35,1.35,153552.0,207295.2
2019-01-29,1.3,1.35,1.3,1.3,8753641.0,11380405.45
2019-01-30,1.3,1.3,1.25,1.25,351869.0,445977.9
2019-01-31,1.2,1.2,1.2,1.2,207505.0,249006.0
2019-02-01,1.15,1.15,1.15,1.15,134653.0,154850.95
2019-02-04,1.1,1.1,1.1,1.1,116356.0,127991.6
2019-02-05,1.05,1.05,1.05,1.05,117094.0,122948.7
2019-02-06,1.0,1.0,1.0,1.0,170110.0,170110.0
2019-02-07,0.95,0.95,0.95,0.95,404830.0,384588.5
2019-02-08,0.9,0.9,0.9,0.9,724074.0,651666.6
2019-02-11,0.85,0.95,0.85,0.95,1721498.0,1577014.9
2019-02-12,0.95,1.0,0.9,1.0,624828.0,601560.2
2019-02-13,1.05,1.05,1.05,1.05,91925.0,96521.25
2019-02-14,1.1,1.1,1.0,1.1,1506924.0,1642505.2
2019-02-15,1.15,1.15,1.05,1.15,2081354.0,2366076.05
2019-02-18,1.15,1.15,1.1,1.1,892045.0,987585.8
2019-02-19,1.05,1.1,1.05,1.05,234588.0,246949.0
2019-02-20,1.0,1.05,1.0,1.0,444849.0,445662.05
2019-02-21,1.0,1.05,0.95,1.05,2076229.0,2098371.4
2019-02-22,1.1,1.1,1.05,1.05,1578802.0,1718032.75
2019-02-25,1.1,1.1,1.0,1.0,2452319.0,2529386.55
2019-02-26,0.95,0.95,0.95,0.95,1266742.0,1203404.9
2019-02-27,0.95,0.95,0.9,0.95,2560971.0,2357519.85
2019-02-28,0.95,1.0,0.9,1.0,2550030.0,2488571.25
2019-03-01,1.05,1.05,1.0,1.05,1940479.0,2001081.55
2019-03-05,1.05,1.1,1.05,1.1,4127954.0,4521876.15
2019-03-06,1.1,1.15,1.05,1.1,3170370.0,3453760.7
2019-03-07,1.1,1.1,1.05,1.05,1207968.0,1270253.7
2019-03-08,1.0,1.0,1.0,1.0,584184.0,584184.0
2019-03-11,0.95,1.0,0.95,0.95,1556169.0,1478360.6
2019-03-12,0.95,1.0,0.9,0.95,6424781.0,5892288.0
2019-03-13,0.9,0.95,0.9,0.9,1752938.0,1606016.5
2019-03-14,0.95,0.95,0.85,0.95,2257434.0,2097573.6
2019-03-15,1.0,1.0,0.9,0.9,1264661.0,1170662.75
2019-03-18,0.95,0.95,0.85,0.95,1533764.0,1401064.6
2019-03-19,0.9,0.95,0.9,0.9,1033336.0,946514.1
2019-03-20,0.9,0.95,0.85,0.9,1237188.0,1101928.3
2019-03-22,0.9,0.95,0.85,0.9,1696604.0,1520146.75
2019-03-25,0.9,0.95,0.85,0.9,605498.0,541327.1
2019-03-26,0.9,0.9,0.85,0.85,833206.0,722546.1
2019-03-27,0.85,0.9,0.85,0.85,661113.0,572266.55
2019-03-28,0.9,0.9,0.85,0.85,918808.0,792741.7
2019-03-29,0.9,0.9,0.85,0.9,1034696.0,908427.35
2019-04-01,0.9,0.9,0.85,0.85,478263.0,418546.3
2019-04-02,0.9,0.9,0.8,0.9,2537509.0,2262313.15
2019-04-03,0.95,0.95,0.9,0.95,2383954.0,2263040.55
2019-04-04,1.0,1.0,0.95,1.0,1877171.0,1871915.35
2019-04-05,1.1,1.1,1.0,1.1,3332594.0,3598685.1
2019-04-08,1.2,1.2,1.15,1.2,2256446.0,2696880.15
2019-04-09,1.25,1.3,1.2,1.3,2525638.0,3251133.4
2019-04-10,1.35,1.35,1.35,1.35,632150.0,853402.5
2019-04-11,1.4,1.4,1.4,1.4,918249.0,1285548.6
2019-04-12,1.4,1.4,1.35,1.35,1538727.0,2107112.85
2019-04-15,1.3,1.3,1.3,1.3,174180.0,226434.0
2019-04-16,1.25,1.25,1.25,1.25,96698.0,120872.5
2019-04-18,1.2,1.2,1.2,1.2,97033.0,116439.6
2019-04-22,1.15,1.15,1.15,1.15,140918.0,162055.7
2019-04-23,1.1,1.1,1.1,1.1,157821.0,173603.1
2019-04-24,1.05,1.05,1.05,1.05,219423.0,230394.15
2019-04-25,1.0,1.0,1.0,1.0,394331.0,394331.0
2019-04-26,0.95,1.05,0.95,1.05,2016185.0,2083395.2
2019-04-30,1.05,1.1,1.0,1.0,2397600.0,2521058.75
2019-05-02,1.0,1.05,0.95,1.0,973521.0,971673.35
2019-05-03,1.0,1.05,0.95,1.05,691542.0,697207.7
2019-05-06,1.0,1.05,1.0,1.0,765381.0,766216.4
2019-05-07,0.95,1.05,0.95,1.0,1661320.0,1635414.1
2019-05-08,1.0,1.0,0.95,0.95,428902.0,417490.55
2019-05-09,1.0,1.0,0.9,0.95,802040.0,757388.05
2019-05-10,0.9,1.0,0.9,0.95,487970.0,465412.65
2019-05-13,1.0,1.0,0.9,0.9,364608.0,339236.25
2019-05-14,0.95,0.95,0.9,0.9,601243.0,551326.8
2019-05-15,0.9,0.95,0.85,0.9,451201.0,411217.15
2019-05-16,0.9,0.95,0.85,0.9,308754.0,278554.95
2019-05-17,0.85,0.95,0.85,0.9,299795.0,273225.25
2019-05-20,0.95,0.95,0.9,0.95,591055.0,550611.35
2019-05-21,0.95,1.0,0.9,0.95,295210.0,276417.35
2019-05-22,0.95,1.0,0.9,1.0,676040.0,654148.8
2019-05-23,1.0,1.05,0.95,1.0,867825.0,866236.05
2019-05-24,0.95,1.0,0.95,0.95,368566.0,355651.3
2019-05-27,0.95,1.0,0.95,1.0,501842.0,488921.35
2019-05-28,1.0,1.0,0.95,0.95,525246.0,514119.85
2019-05-29,0.95,1.0,0.95,0.95,522841.0,504428.2
2019-05-30,0.95,1.0,0.95,0.95,266328.0,258128.9
2019-05-31,0.95,1.0,0.9,0.95,822034.0,782119.0
2019-06-03,0.9,0.95,0.9,0.9,299055.0,277150.15
2019-06-04,0.95,0.95,0.85,0.9,419275.0,380604.55
2019-06-06,0.9,0.9,0.85,0.85,198394.0,174199.2
2019-06-07,0.85,0.9,0.85,0.85,283927.0,248326.15
2019-06-10,0.9,0.9,0.8,0.8,887184.0,750412.05
2019-06-11,0.85,0.85,0.8,0.85,323553.0,270700.95
2019-06-12,0.85,0.9,0.8,0.85,456060.0,381655.45
2019-06-13,0.85,0.9,0.8,0.8,615095.0,505056.5
2019-06-14,0.8,0.85,0.75,0.75,2156534.0,1661130.55
2019-06-17,0.75,0.8,0.7,0.7,988438.0,712657.0
2019-06-18,0.75,0.75,0.7,0.75,351396.0,262087.75
2019-06-19,0.8,0.8,0.75,0.75,1228223.0,967045.55
2019-06-20,0.75,0.8,0.7,0.75,442708.0,323103.8
2019-06-21,0.75,0.75,0.7,0.75,602118.0,440612.6
2019-06-24,0.75,0.8,0.7,0.75,1032963.0,768528.45
2019-06-25,0.75,0.75,0.7,0.75,468989.0,338343.75
2019-06-26,0.7,0.75,0.7,0.75,136646.0,100957.7
2019-06-27,0.75,0.8,0.7,0.75,642137.0,470703.35
2019-06-28,0.75,0.75,0.7,0.7,135466.0,99209.9
2019-07-01,0.75,0.75,0.7,0.75,318076.0,228006.7
2019-07-02,0.7,0.8,0.7,0.8,818877.0,627723.05
2019-07-03,0.8,0.85,0.75,0.8,586888.0,466383.65
2019-07-04,0.8,0.85,0.75,0.8,251884.0,203049.1
2019-07-05,0.8,0.85,0.75,0.8,378429.0,305448.1
2019-07-08,0.8,0.85,0.75,0.75,210575.0,158083.2
2019-07-09,0.7,0.7,0.7,0.7,597719.0,418403.3
2019-07-10,0.7,0.75,0.65,0.7,637735.0,441164.55
2019-07-11,0.75,0.75,0.65,0.7,639711.0,450040.55
2019-07-12,0.7,0.7,0.65,0.7,243332.0,164578.85
2019-07-15,0.7,0.7,0.65,0.65,1774882.0,1159072.9
2019-07-16,0.65,0.7,0.6,0.7,353207.0,230744.7
2019-07-17,0.7,0.75,0.65,0.65,700848.0,489750.1
2019-07-18,0.7,0.7,0.65,0.65,337628.0,224843.5
2019-07-19,0.65,0.7,0.65,0.7,234013.0,153590.45
2019-07-22,0.65,0.7,0.65,0.65,1222982.0,795000.8
2019-07-23,0.6,0.65,0.6,0.65,356157.0,221421.85
2019-07-24,0.6,0.65,0.6,0.6,196934.0,123841.7
2019-07-25,0.6,0.65,0.6,0.65,96320.0,62192.7
2019-07-26,0.7,0.7,0.6,0.65,407559.0,269739.0
2019-07-29,0.7,0.7,0.6,0.65,337037.0,220107.7
2019-07-30,0.65,0.65,0.6,0.6,329347.0,202539.7
2019-07-31,0.6,0.65,0.55,0.55,976135.0,565720.6
2019-08-01,0.6,0.6,0.55,0.55,517940.0,299863.75
2019-08-02,0.55,0.6,0.5,0.6,927006.0,515602.95
2019-08-05,0.6,0.65,0.55,0.6,366477.0,218564.5
2019-08-06,0.6,0.65,0.55,0.6,208459.0,125866.35
2019-08-07,0.6,0.7,0.55,0.65,441123.0,281048.05
2019-08-08,0.65,0.7,0.6,0.65,460714.0,296668.85
2019-08-09,0.65,0.7,0.6,0.65,440770.0,293525.65
2019-08-13,0.6,0.65,0.6,0.6,269352.0,165891.2
2019-08-14,0.65,0.65,0.6,0.65,166769.0,103531.7
2019-08-16,0.65,0.75,0.6,0.65,1046890.0,709955.8
2019-08-19,0.7,0.75,0.65,0.7,781349.0,555395.75
2019-08-20,0.75,0.8,0.65,0.7,1871319.0,1416067.85
2019-08-21,0.7,0.75,0.65,0.65,425842.0,287727.95
2019-08-22,0.7,0.7,0.6,0.6,807493.0,492228.85
2019-08-23,0.6,0.65,0.55,0.65,191516.0,119039.9
2019-08-26,0.65,0.65,0.6,0.6,296157.0,183811.7
2019-08-27,0.65,0.65,0.6,0.65,197273.0,122554.65
2019-08-28,0.65,0.7,0.55,0.6,1320369.0,795807.3
2019-08-29,0.6,0.65,0.6,0.6,232465.0,140593.8
2019-08-30,0.6,0.65,0.55,0.6,507375.0,308078.8
2019-09-03,0.55,0.6,0.55,0.6,590475.0,335051.0
2019-09-04,0.6,0.6,0.5,0.55,439595.0,240471.2
2019-09-05,0.55,0.6,0.5,0.6,288884.0,168164.45
2019-09-06,0.55,0.65,0.55,0.6,289796.0,173205.65
2019-09-09,0.6,0.6,0.5,0.55,680053.0,379594.15
2019-09-11,0.6,0.6,0.5,0.6,507683.0,282755.6
2019-09-12,0.6,0.65,0.55,0.6,734541.0,438269.45
2019-09-13,0.6,0.6,0.55,0.55,235907.0,135522.5
2019-09-16,0.6,0.6,0.5,0.55,633402.0,352703.75
2019-09-17,0.6,0.6,0.55,0.6,461868.0,274304.65
2019-09-18,0.55,0.6,0.55,0.55,260735.0,146044.5
2019-09-19,0.6,0.6,0.55,0.6,261920.0,148336.35
2019-09-20,0.6,0.6,0.5,0.6,605567.0,341359.35
2019-09-23,0.6,0.6,0.55,0.55,305454.0,171816.35
2019-09-24,0.55,0.6,0.5,0.55,623349.0,343047.15
2019-09-25,0.55,0.6,0.5,0.55,437439.0,245939.25
2019-09-26,0.6,0.6,0.5,0.55,305781.0,166494.75
2019-09-27,0.5,0.6,0.5,0.5,764786.0,402683.7
2019-09-30,0.55,0.55,0.45,0.45,696885.0,349572.55
2019-10-01,0.5,0.5,0.4,0.4,1882048.0,794345.7
2019-10-03,0.4,0.45,0.4,0.45,457575.0,199923.9
2019-10-04,0.5,0.5,0.45,0.5,1313961.0,656916.4
2019-10-07,0.55,0.55,0.5,0.55,544222.0,283178.6
2019-10-09,0.55,0.55,0.45,0.45,1519964.0,713911.95
2019-10-10,0.45,0.5,0.4,0.5,506578.0,240182.1
2019-10-11,0.5,0.5,0.45,0.45,258181.0,119399.0
2019-10-14,0.45,0.5,0.4,0.45,707218.0,320725.45
2019-10-15,0.45,0.5,0.4,0.45,337011.0,151384.6
2019-10-16,0.45,0.45,0.4,0.45,407260.0,180018.05
2019-10-17,0.45,0.5,0.4,0.45,507602.0,216230.35
2019-10-18,0.4,0.45,0.4,0.45,426191.0,189717.55
2019-10-22,0.45,0.45,0.4,0.45,373191.0,161867.6
2019-10-23,0.45,0.5,0.4,0.5,766355.0,339987.65
2019-10-24,0.5,0.55,0.45,0.45,1427803.0,706856.9
2019-10-25,0.5,0.5,0.45,0.5,486572.0,240026.6
2019-10-27,0.55,0.55,0.5,0.5,142985.0,74453.8
2019-10-29,0.55,0.55,0.4,0.5,2292110.0,1053580.9
2019-10-30,0.45,0.5,0.45,0.45,820111.0,372792.4
2019-10-31,0.5,0.5,0.45,0.45,489064.0,227076.05
2019-11-01,0.5,0.5,0.45,0.5,322670.0,152484.65
2019-11-04,0.5,0.6,0.45,0.6,3508050.0,1981884.95
2019-11-05,0.6,0.65,0.55,0.65,958247.0,590356.0
2019-11-06,0.65,0.7,0.6,0.7,807142.0,541884.55
2019-11-07,0.7,0.75,0.65,0.7,699252.0,493466.45
2019-11-08,0.75,0.75,0.7,0.75,1081934.0,796122.5
2019-11-11,0.75,0.75,0.7,0.7,954015.0,678839.8
2019-11-13,0.65,0.65,0.65,0.65,520318.0,338206.7
2019-11-14,0.6,0.6,0.6,0.6,165111.0,99066.6
2019-11-15,0.55,0.6,0.55,0.55,1111123.0,629564.45
2019-11-18,0.55,0.6,0.5,0.6,669154.0,392127.1
2019-11-19,0.55,0.65,0.55,0.6,764346.0,468379.5
2019-11-20,0.65,0.65,0.55,0.65,449989.0,279026.95
2019-11-21,0.65,0.65,0.6,0.6,637864.0,386713.7
2019-11-22,0.6,0.65,0.55,0.6,530148.0,309638.4
2019-11-25,0.6,0.65,0.55,0.6,617104.0,357576.05
2019-11-26,0.6,0.6,0.55,0.55,364949.0,207333.2
2019-11-27,0.6,0.6,0.5,0.55,955379.0,533852.9
2019-11-28,0.6,0.6,0.5,0.6,2193312.0,1263416.0
2019-11-29,0.65,0.65,0.6,0.65,2803032.0,1812606.85
2019-12-02,0.7,0.7,0.65,0.7,1518129.0,1046107.75
2019-12-03,0.75,0.75,0.65,0.75,565493.0,402653.95
2019-12-04,0.75,0.75,0.7,0.7,796494.0,562795.9
2019-12-05,0.7,0.7,0.65,0.65,501253.0,331653.25
2019-12-06,0.65,0.65,0.6,0.6,363465.0,226184.55
2019-12-09,0.6,0.65,0.6,0.6,558001.0,346985.8
2019-12-10,0.65,0.65,0.55,0.6,455954.0,272822.2
2019-12-11,0.55,0.6,0.55,0.55,872873.0,482260.25
2019-12-12,0.6,0.6,0.5,0.55,1056987.0,577658.15
2019-12-13,0.6,0.6,0.5,0.55,206542.0,115057.55
2019-12-16,0.6,0.6,0.5,0.55,435652.0,241198.9
2019-12-17,0.6,0.6,0.5,0.6,301209.0,170023.15
2019-12-18,0.55,0.6,0.55,0.55,112502.0,63585.35
2019-12-19,0.55,0.6,0.55,0.55,301403.0,166207.0
2019-12-20,0.55,0.6,0.55,0.55,123750.0,70330.15
2019-12-23,0.6,0.6,0.5,0.55,245681.0,139944.2
2019-12-24,0.55,0.6,0.5,0.55,201492.0,110917.7
2019-12-26,0.5,0.6,0.5,0.5,277158.0,149902.4
2019-12-27,0.55,0.55,0.5,0.5,151475.0,80798.3
2019-12-30,0.5,0.55,0.5,0.55,255535.0,136826.8
2019-12-31,0.55,0.6,0.5,0.55,350646.0,186794.15
2020-01-01,0.5,0.6,0.5,0.5,197791.0,102833.95
2020-01-02,0.55,0.55,0.5,0.55,219304.0,119722.3
2020-01-03,0.6,0.6,0.5,0.55,245458.0,135870.7
2020-01-06,0.55,0.6,0.55,0.6,289152.0,165837.55
2020-01-07,0.6,0.6,0.55,0.55,252831.0,141915.7
2020-01-08,0.6,0.6,0.5,0.55,232598.0,126587.35
2020-01-09,0.6,0.6,0.5,0.55,285085.0,155789.3
2020-01-10,0.5,0.6,0.5,0.55,352258.0,201077.1
2020-01-13,0.5,0.6,0.5,0.5,300070.0,152404.55
2020-01-14,0.55,0.55,0.5,0.5,173776.0,89043.6
2020-01-15,0.5,0.55,0.5,0.55,190305.0,96795.0
2020-01-16,0.55,0.55,0.5,0.5,334155.0,171481.75
2020-01-17,0.5,0.55,0.5,0.5,258782.0,133106.9
2020-01-20,0.5,0.55,0.5,0.5,443558.0,227873.1
2020-01-21,0.5,0.55,0.5,0.55,137691.0,73463.3
2020-01-22,0.5,0.55,0.5,0.5,446120.0,226613.6
2020-01-23,0.5,0.55,0.5,0.5,364203.0,184039.25
2020-01-24,0.55,0.55,0.5,0.5,123606.0,65969.9
2020-01-27,0.45,0.55,0.45,0.5,331836.0,166510.7
2020-01-28,0.45,0.55,0.45,0.55,205795.0,103505.6
2020-01-29,0.5,0.55,0.5,0.5,408889.0,206403.15
2020-01-30,0.45,0.55,0.45,0.5,273412.0,142797.45
2020-01-31,0.55,0.55,0.45,0.45,199059.0,98263.6
2020-02-01,0.5,0.5,0.45,0.45,156523.0,72454.25
2020-02-03,0.5,0.5,0.45,0.5,236931.0,115505.0
2020-02-04,0.45,0.55,0.45,0.5,621823.0,282327.3
2020-02-05,0.5,0.5,0.45,0.45,247053.0,112705.25
2020-02-06,0.5,0.5,0.45,0.45,160923.0,73705.0
2020-02-07,0.5,0.5,0.45,0.5,90574.0,43193.9
2020-02-10,0.5,0.5,0.45,0.45,125878.0,62090.1
2020-02-11,0.45,0.5,0.45,0.45,66745.0,31200.3
2020-02-12,0.45,0.5,0.4,0.45,342367.0,148602.4
2020-02-13,0.5,0.5,0.4,0.45,818341.0,339265.55
2020-02-14,0.45,0.45,0.4,0.4,754221.0,304819.9
2020-02-17,0.4,0.45,0.35,0.45,427301.0,176561.5
2020-02-18,0.45,0.45,0.4,0.4,383472.0,159867.9
2020-02-19,0.45,0.45,0.35,0.4,198941.0,80862.3
2020-02-20,0.4,0.45,0.4,0.45,396888.0,174761.8
2020-02-24,0.45,0.45,0.4,0.4,503586.0,204049.75
2020-02-25,0.45,0.45,0.4,0.4,518158.0,207963.65
2020-02-26,0.45,0.45,0.35,0.4,297384.0,120848.55
2020-02-27,0.35,0.4,0.35,0.35,1738355.0,610204.45
2020-02-28,0.4,0.4,0.35,0.4,367951.0,131528.55
2020-03-02,0.4,0.4,0.35,0.35,119870.0,46165.45
2020-03-03,0.35,0.4,0.3,0.35,2141876.0,675142.0
2020-03-04,0.35,0.35,0.3,0.35,525717.0,168489.0
2020-03-05,0.3,0.35,0.3,0.3,313364.0,100975.15
2020-03-06,0.35,0.35,0.25,0.3,861983.0,262379.6
2020-03-09,0.3,0.35,0.25,0.35,727469.0,225691.75
2020-03-11,0.35,0.35,0.3,0.35,1347859.0,439696.45
2020-03-12,0.3,0.35,0.3,0.3,701599.0,220221.0
2020-03-13,0.3,0.35,0.25,0.3,1072621.0,301705.2
2020-03-16,0.3,0.35,0.25,0.3,479384.0,150267.7
2020-03-17,0.3,0.35,0.3,0.3,282474.0,90616.2
2020-03-18,0.35,0.35,0.3,0.3,533429.0,168134.35
2020-03-19,0.35,0.35,0.25,0.25,389606.0,106919.6
2020-03-20,0.25,0.3,0.25,0.3,631995.0,183123.05
2020-03-23,0.3,0.35,0.25,0.25,3091829.0,844723.3
2020-03-24,0.3,0.3,0.25,0.3,925636.0,249969.65
2020-03-25,0.3,0.3,0.25,0.25,941390.0,257491.4
2020-03-26,0.3,0.3,0.25,0.3,1501068.0,435980.05
2020-03-27,0.3,0.35,0.3,0.3,1099631.0,350200.9
2020-03-30,0.3,0.35,0.25,0.3,1036099.0,325465.0
2020-03-31,0.35,0.35,0.3,0.35,1282860.0,404907.05
2020-04-01,0.3,0.35,0.3,0.35,492704.0,159166.85
2020-04-03,0.35,0.35,0.3,0.35,257377.0,83478.25
2020-04-07,0.35,0.35,0.3,0.3,628209.0,206338.0
2020-04-08,0.35,0.35,0.3,0.35,516831.0,168516.2
2020-04-09,0.35,0.35,0.3,0.3,778875.0,265155.75
2020-04-13,0.35,0.35,0.3,0.3,1216906.0,412741.05
2020-04-15,0.35,0.35,0.3,0.35,1680456.0,562246.1
2020-04-16,0.35,0.35,0.3,0.35,651179.0,221235.15
2020-04-17,0.35,0.35,0.3,0.35,430811.0,143645.5
2020-04-20,0.35,0.4,0.3,0.35,2301094.0,797857.95
2020-04-21,0.4,0.4,0.35,0.4,1506776.0,577995.95
2020-04-22,0.4,0.4,0.35,0.35,1049016.0,381643.25
2020-04-23,0.4,0.4,0.35,0.4,1307092.0,501867.05
2020-04-24,0.4,0.4,0.35,0.4,1039496.0,397710.8
2020-04-27,0.35,0.4,0.35,0.4,407851.0,151967.55
2020-04-28,0.35,0.4,0.35,0.4,583934.0,217784.25
2020-04-29,0.4,0.4,0.35,0.4,424098.0,161407.65
2020-04-30,0.4,0.4,0.35,0.4,602404.0,229329.4
2020-05-04,0.4,0.4,0.35,0.4,727035.0,273477.45
2020-05-05,0.4,0.4,0.35,0.35,1691673.0,600076.3
2020-05-06,0.4,0.4,0.3,0.35,1914008.0,673213.1
2020-05-07,0.35,0.35,0.3,0.35,1974822.0,626244.45
2020-05-08,0.35,0.35,0.3,0.35,1559892.0,505363.95
2020-05-11,0.35,0.35,0.3,0.35,601756.0,201803.15
2020-05-12,0.35,0.35,0.3,0.35,762210.0,252927.5
2020-05-13,0.35,0.35,0.3,0.35,773782.0,261303.6
2020-05-14,0.35,0.35,0.3,0.35,815838.0,272317.65
2020-05-15,0.3,0.35,0.3,0.35,477125.0,159600.2
2020-05-18,0.35,0.35,0.3,0.35,544108.0,179316.05
2020-05-19,0.3,0.35,0.3,0.35,916575.0,310465.6
2020-05-20,0.35,0.35,0.3,0.35,366947.0,123439.65
2020-05-21,0.35,0.35,0.3,0.35,604080.0,201435.8
2020-05-22,0.35,0.35,0.3,0.3,444071.0,144051.3
2020-05-26,0.35,0.35,0.3,0.35,868199.0,284793.55
2020-05-27,0.35,0.35,0.3,0.35,465694.0,153066.5
2020-05-28,0.35,0.35,0.3,0.3,745416.0,250696.6
2020-05-29,0.35,0.35,0.3,0.35,1295881.0,440895.7
2020-06-01,0.35,0.4,0.35,0.4,3497924.0,1341033.1
2020-06-02,0.4,0.45,0.4,0.45,2790525.0,1202892.45
2020-06-03,0.5,0.5,0.45,0.5,3248857.0,1601130.4
2020-06-04,0.55,0.55,0.5,0.55,2403415.0,1312825.3
2020-06-05,0.6,0.6,0.55,0.6,1256072.0,752730.5
2020-06-08,0.65,0.65,0.65,0.65,509918.0,331446.7
2020-06-09,0.7,0.7,0.7,0.7,623275.0,436292.5
2020-06-10,0.75,0.75,0.65,0.65,3623614.0,2466656.0
2020-06-11,0.6,0.6,0.6,0.6,478281.0,286968.6
2020-06-12,0.55,0.55,0.55,0.55,1154862.0,635174.1
2020-06-15,0.5,0.6,0.5,0.6,4025970.0,2237713.4
2020-06-16,0.65,0.65,0.6,0.65,1741858.0,1110737.95
2020-06-17,0.65,0.7,0.6,0.7,1929892.0,1293642.95
2020-06-18,0.7,0.7,0.65,0.7,1972631.0,1301636.15
2020-06-19,0.7,0.7,0.65,0.7,1991323.0,1329691.8
2020-06-22,0.7,0.7,0.65,0.7,2734266.0,1828103.35
2020-06-23,0.7,0.7,0.65,0.7,1643391.0,1122061.55
2020-06-24,0.7,0.7,0.65,0.7,2371581.0,1600520.6
2020-06-25,0.7,0.7,0.65,0.7,1087724.0,745124.95
2020-06-26,0.7,0.75,0.65,0.75,4230348.0,3080868.7
2020-06-29,0.8,0.8,0.75,0.8,2755009.0,2193046.2
2020-06-30,0.85,0.85,0.85,0.85,542737.0,461326.45
2020-07-06,0.8,0.8,0.8,0.8,144986.0,115988.8
2020-07-13,0.75,0.75,0.75,0.75,101692.0,76269.0
2020-07-20,0.7,0.7,0.7,0.7,76356.0,53449.2
2020-07-27,0.65,0.65,0.65,0.65,16451.0,10693.15
2020-08-03,0.6,0.6,0.6,0.6,266710.0,160026.0
2020-08-10,0.55,0.6,0.55,0.55,2874605.0,1581033.35
2020-08-11,0.5,0.55,0.5,0.5,941258.0,476157.6
2020-08-12,0.5,0.55,0.45,0.5,1398577.0,681106.35
2020-08-13,0.5,0.55,0.45,0.5,1259308.0,624624.95
2020-08-14,0.5,0.55,0.45,0.5,627947.0,317374.85
2020-08-17,0.45,0.55,0.45,0.5,515074.0,254840.75
2020-08-18,0.45,0.55,0.45,0.5,401856.0,198109.0
2020-08-19,0.5,0.55,0.45,0.5,476703.0,241812.0
2020-08-20,0.5,0.55,0.45,0.5,158223.0,80236.55
2020-08-21,0.5,0.55,0.45,0.5,271176.0,140483.55
2020-08-24,0.5,0.55,0.45,0.5,231809.0,109245.75
2020-08-25,0.5,0.5,0.45,0.5,548705.0,253381.2
2020-08-26,0.5,0.5,0.45,0.5,300492.0,143220.35
2020-08-27,0.5,0.5,0.45,0.45,840076.0,383525.15
2020-08-28,0.45,0.5,0.4,0.45,607898.0,282064.85
2020-08-31,0.45,0.5,0.4,0.45,541786.0,254749.3
2020-09-01,0.5,0.5,0.4,0.4,305412.0,127181.25
2020-09-02,0.4,0.45,0.4,0.45,280874.0,121606.25
2020-09-03,0.4,0.45,0.4,0.4,74954.0,31627.1
2020-09-04,0.45,0.45,0.4,0.45,210643.0,91049.5
2020-09-07,0.45,0.45,0.4,0.4,220652.0,96705.65
2020-09-08,0.45,0.45,0.4,0.45,183728.0,78478.25
2020-09-09,0.45,0.45,0.4,0.4,244346.0,102896.75
2020-09-10,0.45,0.45,0.4,0.4,212549.0,88587.7
2020-09-11,0.4,0.45,0.4,0.4,186864.0,79517.3
2020-09-14,0.45,0.45,0.4,0.45,277656.0,120549.55
2020-09-15,0.45,0.45,0.4,0.45,165838.0,69690.35
2020-09-16,0.4,0.5,0.4,0.45,293537.0,134890.8
2020-09-17,0.45,0.45,0.4,0.45,233458.0,99269.2
2020-09-18,0.45,0.45,0.4,0.45,305300.0,129171.35
2020-09-21,0.4,0.5,0.4,0.45,907939.0,401834.6
2020-09-22,0.45,0.45,0.4,0.4,919503.0,370553.1
2020-09-23,0.45,0.45,0.4,0.45,151145.0,62313.15
2020-09-24,0.4,0.45,0.4,0.4,138664.0,58058.35
2020-09-25,0.45,0.45,0.4,0.45,515823.0,230584.05
2020-09-28,0.5,0.5,0.4,0.4,2526845.0,1035726.8
2020-09-29,0.45,0.45,0.35,0.35,1739463.0,627512.65
2020-09-30,0.35,0.4,0.35,0.35,1206437.0,433934.55
2020-10-01,0.4,0.4,0.35,0.4,501885.0,187403.3
2020-10-05,0.4,0.4,0.35,0.4,1625504.0,574586.1
2020-10-06,0.35,0.4,0.35,0.35,745860.0,266038.1
2020-10-07,0.35,0.4,0.35,0.4,569197.0,207769.9
2020-10-08,0.4,0.4,0.35,0.4,337506.0,124338.65
2020-10-09,0.4,0.4,0.35,0.4,623153.0,227614.05
2020-10-12,0.4,0.4,0.35,0.4,409154.0,147382.15
2020-10-13,0.35,0.4,0.35,0.4,619758.0,224431.55
2020-10-14,0.35,0.4,0.35,0.35,479957.0,173332.8
2020-10-15,0.4,0.4,0.3,0.35,1459400.0,520876.25
2020-10-16,0.35,0.4,0.3,0.35,739460.0,260605.95
2020-10-19,0.35,0.4,0.3,0.35,637096.0,224144.4
2020-10-20,0.35,0.4,0.3,0.4,783637.0,272026.35
2020-10-21,0.35,0.4,0.35,0.4,378822.0,138626.05
2020-10-22,0.4,0.4,0.35,0.35,677007.0,240270.95
2020-10-23,0.35,0.4,0.35,0.4,455369.0,173509.1
2020-10-26,0.4,0.4,0.35,0.4,1987113.0,771310.95
2020-10-27,0.4,0.4,0.35,0.35,907640.0,326465.55
2020-10-28,0.4,0.4,0.35,0.35,1268053.0,467023.8
2020-10-29,0.4,0.4,0.35,0.35,371403.0,136623.95
2020-10-30,0.4,0.4,0.35,0.4,304231.0,114313.25
2020-11-02,0.4,0.4,0.35,0.35,866258.0,316869.25
2020-11-03,0.35,0.4,0.35,0.35,218132.0,81750.3
2020-11-04,0.4,0.4,0.3,0.4,1244853.0,447558.2
2020-11-05,0.4,0.4,0.35,0.35,430098.0,156067.8
2020-11-06,0.4,0.4,0.35,0.4,510007.0,187677.05
2020-11-09,0.4,0.4,0.35,0.4,377526.0,139427.0
2020-11-10,0.35,0.4,0.35,0.4,460540.0,175187.25
2020-11-11,0.4,0.4,0.35,0.35,435352.0,156031.8
2020-11-12,0.35,0.4,0.35,0.4,347739.0,133561.15
2020-11-13,0.4,0.4,0.35,0.35,1042848.0,384276.05
2020-11-14,0.4,0.4,0.35,0.4,173190.0,67235.8
2020-11-17,0.4,0.4,0.35,0.4,796815.0,310672.7
2020-11-18,0.4,0.4,0.35,0.4,1074144.0,425493.75
2020-11-19,0.4,0.4,0.35,0.4,683278.0,266376.95
2020-11-20,0.4,0.4,0.35,0.4,235877.0,87284.2
2020-11-23,0.4,0.4,0.35,0.4,981187.0,388996.75
2020-11-24,0.4,0.4,0.35,0.4,668777.0,249531.85
2020-11-25,0.4,0.4,0.35,0.4,1119698.0,425229.45
2020-11-26,0.4,0.4,0.35,0.4,922389.0,359179.6
2020-11-27,0.35,0.45,0.35,0.4,1370777.0,524348.35
2020-12-01,0.4,0.4,0.35,0.35,424172.0,159050.75
2020-12-02,0.4,0.4,0.35,0.35,1467252.0,542739.35
2020-12-03,0.4,0.4,0.35,0.4,272322.0,105989.75
2020-12-04,0.4,0.4,0.35,0.4,342728.0,132964.05
2020-12-07,0.35,0.4,0.35,0.4,490702.0,193698.05
2020-12-08,0.4,0.4,0.35,0.4,219860.0,83896.75
2020-12-09,0.4,0.45,0.35,0.4,1040362.0,430012.5
2020-12-10,0.45,0.45,0.4,0.45,834758.0,370625.35
2020-12-11,0.45,0.5,0.45,0.5,1328856.0,638358.8
2020-12-14,0.5,0.55,0.5,0.55,1548124.0,842622.2
2020-12-15,0.6,0.6,0.5,0.6,1538716.0,888885.25
2020-12-16,0.65,0.65,0.55,0.65,1283422.0,826943.1
2020-12-17,0.7,0.7,0.65,0.7,1036144.0,724800.8
2020-12-18,0.75,0.75,0.65,0.65,2116021.0,1389972.95
2020-12-21,0.65,0.65,0.6,0.6,620322.0,375322.2
2020-12-22,0.55,0.6,0.55,0.6,724300.0,403389.55
2020-12-23,0.55,0.6,0.55,0.55,888634.0,501502.25
2020-12-24,0.6,0.6,0.55,0.6,475612.0,280271.4
2020-12-28,0.65,0.65,0.55,0.65,924554.0,578919.4
2020-12-29,0.7,0.7,0.6,0.7,469011.0,313800.95
2020-12-30,0.7,0.75,0.65,0.75,1889442.0,1324753.75
2020-12-31,0.75,0.75,0.7,0.75,664802.0,491872.55
2021-01-01,0.75,0.8,0.7,0.75,540380.0,398361.6
2021-01-04,0.7,0.75,0.7,0.7,917373.0,654222.05
2021-01-05,0.65,0.75,0.65,0.7,732959.0,494684.6
2021-01-06,0.75,0.75,0.7,0.7,347040.0,252746.6
2021-01-07,0.7,0.75,0.65,0.75,467525.0,339255.25
2021-01-08,0.75,0.75,0.7,0.75,550285.0,391586.75
2021-01-11,0.7,0.7,0.7,0.7,300461.0,210322.7
2021-01-12,0.65,0.65,0.65,0.65,532002.0,345801.3
2021-01-13,0.6,0.6,0.6,0.6,455318.0,273190.8
2021-01-14,0.55,0.6,0.55,0.55,570195.0,314145.75
2021-01-15,0.55,0.6,0.5,0.55,843039.0,430337.3
