date,open,high,low,close,volume,value
2011-03-24,240.0,278.9,240.0,249.55,23297573.0,6038160741.35
2011-03-25,228.6,257.4,228.6,249.85,6981895.0,1709948824.75
2011-03-28,248.3,264.6,243.4,252.55,4448178.0,1139737844.45
2011-03-29,253.0,254.65,240.2,245.65,1374953.0,342792287.5
2011-03-30,246.5,252.5,242.0,245.75,1200774.0,297194479.05
2011-03-31,247.0,251.85,243.4,245.35,473717.0,116912251.25
2011-04-01,246.5,249.95,245.0,246.3,304447.0,75115085.45
2011-04-04,247.4,294.3,244.55,289.85,8280306.0,2296962403.65
2011-04-05,294.4,299.5,278.4,284.85,4091004.0,1179023202.95
2011-04-06,284.85,286.8,274.2,276.8,1133174.0,316591345.8
2011-04-07,250.0,302.2,250.0,292.05,4340402.0,1267588514.1
2011-04-08,260.0,293.3,260.0,280.85,737810.0,210169417.45
2011-04-11,280.0,285.9,267.8,276.15,978372.0,268994260.95
2011-04-13,274.75,285.85,273.35,281.05,752996.0,211668938.9
2011-04-15,281.85,292.0,279.0,287.25,966259.0,277195748.5
2011-04-18,288.9,318.2,288.1,306.1,3486424.0,1062519338.8
2011-04-19,300.7,317.0,300.7,309.85,2168508.0,676146328.05
2011-04-20,312.0,313.6,302.15,305.95,569926.0,174906099.25
2011-04-21,306.25,328.4,304.85,314.95,2087579.0,669282595.1
2011-04-25,315.0,323.9,313.1,319.0,831863.0,265445922.1
2011-04-26,320.0,330.8,316.6,326.65,1182549.0,384211439.85
2011-04-27,300.0,342.0,300.0,338.85,1353283.0,453135547.9
2011-04-28,343.0,349.4,341.0,345.15,878148.0,303571226.55
2011-04-29,344.0,347.0,321.7,329.15,853785.0,285499537.25
2011-05-02,330.0,336.0,323.3,333.9,611374.0,202159664.6
2011-05-03,332.45,335.8,321.3,322.85,364446.0,119781259.25
2011-05-04,322.45,328.9,320.05,326.85,261507.0,84924579.6
2011-05-05,325.0,332.7,304.35,309.2,441444.0,141800208.35
2011-05-06,311.75,314.75,276.6,299.25,1133973.0,333264674.1
2011-05-09,301.95,324.0,301.05,320.55,842423.0,264559423.65
2011-05-10,321.25,327.7,315.7,326.05,540655.0,174269285.35
2011-05-11,326.35,333.0,325.05,329.1,414982.0,136634296.8
2011-05-12,327.1,330.0,316.65,320.25,200441.0,64875238.9
2011-05-13,322.4,326.8,319.6,321.8,129597.0,41868462.35
2011-05-16,318.0,322.4,313.0,314.7,129769.0,41215196.75
2011-05-17,317.4,317.4,303.55,308.85,177530.0,55129737.9
2011-05-18,310.3,313.75,300.1,310.1,254283.0,78534606.35
2011-05-19,312.0,315.5,307.55,310.9,138684.0,43259162.7
2011-05-20,312.35,313.9,301.0,307.8,128373.0,39529152.8
2011-05-23,314.0,314.0,303.1,305.0,78903.0,24174602.25
2011-05-24,305.0,309.1,295.55,301.7,165476.0,49973534.9
2011-05-25,300.3,303.4,285.0,295.25,165443.0,48733558.55
2011-05-26,296.0,308.4,296.0,299.3,299571.0,90804233.5
2011-05-27,301.0,306.45,296.15,297.9,152909.0,46044392.1
2011-05-30,300.1,311.4,297.3,306.15,269561.0,82564931.75
2011-05-31,308.0,314.8,306.15,310.7,212491.0,65963018.8
2011-06-01,314.85,319.9,307.6,317.25,187010.0,59123268.65
2011-06-02,317.0,325.9,311.0,324.35,294835.0,94648001.25
2011-06-03,325.3,329.9,320.95,323.2,127943.0,41602555.5
2011-06-06,324.0,327.65,313.75,314.8,127390.0,40553438.15
2011-06-07,314.8,327.0,312.3,324.95,194262.0,62231629.7
2011-06-08,324.4,332.6,320.0,321.85,192464.0,62867347.1
2011-06-09,320.55,324.5,317.55,322.3,55028.0,17678147.15
2011-06-10,322.35,386.8,322.35,385.35,5746612.0,2116525940.95
2011-06-13,390.0,402.7,372.25,391.05,5383247.0,2082984183.8
2011-06-14,397.35,416.65,384.0,412.65,5008927.0,2035672576.9
2011-06-15,416.0,416.0,385.7,389.65,1936446.0,775054029.05
2011-06-16,379.75,463.8,379.75,448.4,10425826.0,4495582089.2
2011-06-17,445.0,454.0,417.0,429.5,9069533.0,3948765748.25
2011-06-20,429.0,442.3,395.25,402.1,4003138.0,1683137757.4
2011-06-21,400.95,416.95,388.3,393.35,2115133.0,858345994.2
2011-06-22,396.5,408.4,392.25,396.2,1565057.0,626060708.75
2011-06-23,396.3,404.2,337.5,375.65,7078042.0,2566323831.85
2011-06-24,380.0,393.4,356.1,386.6,4101668.0,1551451397.3
2011-06-27,384.0,398.85,372.3,391.3,2740975.0,1066708527.05
2011-06-28,392.1,408.9,390.6,398.2,3005938.0,1206078893.85
2011-06-29,400.5,408.75,398.45,402.1,1318175.0,532323279.95
2011-06-30,403.5,427.8,403.05,418.4,3288782.0,1383468936.75
2011-07-01,420.0,426.0,407.65,413.35,1292650.0,538375532.45
2011-07-04,414.0,423.4,409.4,415.1,832879.0,346633543.7
2011-07-05,416.15,434.8,410.5,430.1,2311592.0,985736717.45
2011-07-06,430.2,441.1,427.6,430.1,1785198.0,775427892.7
2011-07-07,432.0,439.5,428.35,430.65,779705.0,338241869.1
2011-07-08,430.65,438.7,420.0,422.5,750781.0,322602571.85
2011-07-11,421.8,426.65,411.6,416.25,604851.0,253414003.05
2011-07-12,412.85,412.9,402.0,405.55,450633.0,183357052.95
2011-07-13,407.15,428.0,407.15,420.6,1901906.0,804040145.75
2011-07-14,420.15,427.35,417.1,419.65,793138.0,335319144.4
2011-07-15,422.6,425.0,415.4,418.65,338132.0,142098868.7
2011-07-18,419.5,427.3,418.2,419.6,540017.0,228573955.45
2011-07-19,420.0,425.1,416.05,419.75,319494.0,134660720.15
2011-07-20,422.0,453.0,418.1,434.8,2960191.0,1304437560.65
2011-07-21,438.2,451.0,428.85,433.75,1746735.0,772486201.55
2011-07-22,436.05,444.6,433.4,437.4,609480.0,268058266.6
2011-07-25,439.0,446.85,432.7,440.6,1078939.0,476921120.65
2011-07-26,441.95,444.35,431.1,433.5,392271.0,171939903.25
2011-07-27,436.5,438.0,426.1,429.75,268658.0,116112374.7
2011-07-28,429.4,429.4,414.0,418.4,269681.0,113191262.75
2011-07-29,418.5,426.45,414.55,416.15,233360.0,98113962.6
2011-08-01,424.2,425.8,416.55,419.15,256878.0,108329776.85
2011-08-02,418.15,419.65,392.65,402.25,373559.0,150864239.15
2011-08-03,395.35,413.45,390.7,406.95,660616.0,267844806.95
2011-08-04,410.0,414.95,397.15,400.4,333472.0,136135675.35
2011-08-05,385.3,393.9,339.95,369.9,860818.0,315646219.85
2011-08-08,354.7,396.0,350.8,390.05,945482.0,358792090.9
2011-08-09,379.4,394.75,360.0,374.85,732750.0,278837565.15
2011-08-10,382.0,414.8,382.0,409.4,1507528.0,606036429.9
2011-08-11,407.0,464.9,404.65,450.85,4970810.0,2209663242.5
2011-08-12,454.4,471.8,440.0,447.0,1804626.0,830996458.65
2011-08-16,400.0,461.0,400.0,449.0,858805.0,388303291.15
2011-08-17,455.0,456.0,434.0,438.0,488418.0,216829573.5
2011-08-18,439.0,452.85,429.2,432.95,880708.0,389044883.75
2011-08-19,428.0,461.4,415.75,455.5,1456124.0,639504263.25
2011-08-22,460.0,508.8,455.0,502.5,3560808.0,1739990940.7
2011-08-23,510.0,542.2,503.05,535.3,3585149.0,1893648807.1
2011-08-24,535.0,558.95,526.1,546.95,3159318.0,1724170953.3
2011-08-25,547.5,562.9,508.25,545.35,4310771.0,2322726569.25
2011-08-26,547.05,556.6,518.05,524.25,1697943.0,918201748.3
2011-08-29,530.0,551.4,529.0,539.9,1085761.0,587638162.9
2011-08-30,545.0,554.5,535.2,541.7,786849.0,430023862.8
2011-09-02,545.0,581.4,520.1,576.25,2046732.0,1148439190.3
2011-09-05,570.0,611.0,568.15,603.45,2813525.0,1674783301.7
2011-09-06,609.0,635.75,605.0,624.05,2361841.0,1471078880.85
2011-09-07,625.5,637.0,612.5,617.35,1324407.0,826758552.35
2011-09-08,620.05,622.7,598.35,607.2,859133.0,524636021.5
2011-09-09,609.95,632.3,607.05,612.3,1195913.0,743398260.25
2011-09-12,604.9,611.75,537.5,557.1,1894411.0,1082785824.05
2011-09-13,560.25,581.7,543.2,548.3,1710035.0,966080655.25
2011-09-14,550.1,558.8,510.1,523.8,2098812.0,1112182910.85
2011-09-15,525.0,546.5,515.0,527.6,1406675.0,753847288.5
2011-09-16,534.3,536.45,508.8,519.6,1015623.0,530442526.1
2011-09-19,520.0,535.7,515.55,527.15,993406.0,524694316.85
2011-09-20,450.0,538.8,450.0,528.05,774784.0,411508973.35
2011-09-21,532.0,545.8,527.2,535.45,1239260.0,666544504.85
2011-09-22,525.0,532.4,485.5,493.1,1049558.0,532793977.7
2011-09-23,489.4,493.8,467.3,483.05,1231191.0,593155585.45
2011-09-26,486.55,491.55,455.0,464.1,757554.0,358223733.6
2011-09-27,472.5,482.5,454.25,462.1,796450.0,371917637.95
2011-09-28,467.9,479.8,456.25,462.55,792974.0,371477700.55
2011-09-29,461.0,467.5,438.35,446.0,611750.0,275350773.35
2011-09-30,446.0,474.3,438.0,453.45,1331615.0,611355857.9
2011-10-03,449.7,452.05,424.0,430.15,527472.0,229577153.55
2011-10-04,422.2,441.3,421.0,428.1,495966.0,213811833.3
2011-10-05,430.9,435.45,422.1,426.7,354635.0,152033023.05
2011-10-07,434.9,444.0,426.0,430.4,363259.0,158062491.85
2011-10-10,434.25,473.8,430.0,468.25,1242973.0,564839091.2
2011-10-11,470.0,484.4,456.65,468.65,949533.0,453016357.65
2011-10-12,470.0,502.8,470.0,495.75,1478638.0,722625801.65
2011-10-13,500.5,509.0,486.1,489.9,1314089.0,657204196.6
2011-10-14,490.05,492.7,478.05,481.35,383160.0,185898914.05
2011-10-17,450.0,495.5,450.0,485.65,510387.0,249439691.05
2011-10-18,479.0,482.5,462.5,467.55,305926.0,143798755.25
2011-10-19,472.75,492.0,471.4,482.5,469330.0,226489293.65
2011-10-20,480.1,481.45,468.15,473.55,258669.0,122305030.35
2011-10-21,477.3,482.4,465.0,466.5,309023.0,146394877.3
2011-10-24,472.7,481.8,465.25,467.3,344871.0,163208661.8
2011-10-25,470.85,479.55,456.0,475.5,431595.0,202043909.0
2011-10-26,479.5,481.3,472.6,474.7,99103.0,47287634.1
2011-10-28,484.15,499.6,477.1,496.0,675505.0,331780307.45
2011-10-31,498.0,498.8,485.0,489.3,255232.0,124940703.2
2011-11-01,485.55,489.75,476.0,482.0,236018.0,113936238.4
2011-11-02,477.15,488.0,475.2,480.45,287194.0,138502389.25
2011-11-03,478.3,487.0,475.0,480.2,239119.0,115021291.3
2011-11-04,484.5,507.0,484.5,499.05,1045024.0,521826765.15
2011-11-08,500.0,521.4,500.0,515.65,1061776.0,546681065.2
2011-11-09,519.45,530.9,495.5,501.3,815346.0,423580082.85
2011-11-11,498.45,508.95,478.55,491.7,631030.0,310419392.15
2011-11-14,497.0,500.0,398.3,417.4,1117828.0,493100062.0
2011-11-15,420.0,432.0,365.0,373.25,3699105.0,1425334586.0
2011-11-16,374.9,388.0,354.0,380.35,1862952.0,688518146.65
2011-11-17,381.1,385.0,367.0,369.75,969468.0,365367222.1
2011-11-18,367.25,368.0,347.0,351.95,687890.0,244205188.95
2011-11-21,348.95,362.7,339.75,342.65,794267.0,279633306.9
2011-11-22,345.0,354.8,340.1,344.15,488707.0,169971056.1
2011-11-23,340.05,340.9,320.2,325.9,430716.0,142492966.4
2011-11-24,323.0,325.5,290.35,315.45,1538060.0,468787281.95
2011-11-25,320.0,378.55,306.45,373.75,2741635.0,956371217.2
2011-11-28,381.65,404.95,381.0,396.45,2091072.0,830324772.5
2011-11-29,400.0,400.0,371.6,378.0,1036172.0,398070585.2
2011-11-30,375.0,375.55,360.55,366.95,681265.0,250657210.4
2011-12-01,375.0,387.7,372.2,375.4,571882.0,217395824.75
2011-12-02,370.1,400.9,366.1,392.75,1058060.0,409141873.55
2011-12-05,369.0,397.5,369.0,388.8,846054.0,329383166.55
2011-12-07,390.1,397.0,384.0,385.55,504932.0,197541239.8
2011-12-08,381.0,387.7,372.0,375.25,422216.0,160205879.7
2011-12-09,370.1,372.9,362.05,366.8,329645.0,121205184.35
2011-12-12,375.0,378.7,349.4,354.45,466024.0,169713699.3
2011-12-13,349.95,356.9,336.1,344.65,414727.0,143710479.1
2011-12-14,374.65,374.65,335.4,338.55,583351.0,203019321.8
2011-12-15,335.0,336.6,312.3,319.15,560558.0,180703660.4
2011-12-16,323.4,333.8,301.4,304.9,551155.0,177499464.1
2011-12-19,302.95,303.0,278.2,288.35,534586.0,153316970.2
2011-12-20,292.4,300.75,287.5,290.5,568529.0,167767458.85
2011-12-21,299.9,302.9,290.1,297.55,480108.0,142914804.15
2011-12-22,292.0,308.95,286.2,305.05,554229.0,164681602.3
2011-12-23,310.0,343.0,309.8,330.6,2602794.0,860251459.75
2011-12-26,333.1,343.95,327.5,336.65,1106707.0,375194968.7
2011-12-27,336.95,339.6,325.75,328.5,592822.0,197134477.85
2011-12-28,327.75,329.2,311.3,313.45,445374.0,141505887.3
2011-12-29,310.15,322.5,305.3,312.25,822199.0,259712205.15
2011-12-30,315.0,324.45,307.85,311.5,514664.0,163095741.8
2012-01-02,312.8,319.9,312.1,316.45,406732.0,128652575.0
2012-01-03,319.0,331.9,319.0,324.9,697751.0,227830986.8
2012-01-04,326.0,332.4,322.3,324.4,376607.0,123043643.9
2012-01-05,326.5,330.0,315.55,320.8,309968.0,100176448.4
2012-01-06,319.25,326.9,312.55,321.1,429956.0,137733937.5
2012-01-07,325.0,325.0,321.05,322.15,46513.0,15014699.0
2012-01-09,322.2,322.2,309.0,310.6,338906.0,106539044.75
2012-01-10,311.75,329.3,311.75,320.4,691561.0,222696467.65
2012-01-11,324.1,384.45,322.65,384.45,3638477.0,1322804045.55
2012-01-12,398.3,398.7,349.5,355.9,1973587.0,731200837.3
2012-01-13,355.0,388.4,355.0,377.7,2381896.0,894214968.15
2012-01-16,376.9,386.0,367.55,375.9,1045806.0,396755964.75
2012-01-17,378.0,402.0,378.0,386.5,1544634.0,609172233.35
2012-01-18,388.0,398.1,377.0,381.35,682822.0,264969740.8
2012-01-19,388.0,393.8,381.6,385.55,424259.0,164400669.8
2012-01-20,388.0,392.4,369.45,376.4,480647.0,183631752.9
2012-01-23,368.0,380.3,360.25,362.5,341160.0,125293108.9
2012-01-24,363.5,382.8,363.2,376.1,814340.0,305860015.15
2012-01-25,379.75,390.75,371.4,379.8,820836.0,313985269.45
2012-01-27,383.1,392.0,380.65,384.45,784755.0,303720943.35
2012-01-30,379.2,385.8,370.0,371.6,482242.0,183052091.35
2012-01-31,378.3,379.35,367.7,375.95,362743.0,135728027.35
2012-02-01,377.8,416.4,376.55,407.05,3332056.0,1351514579.9
2012-02-02,413.6,416.05,395.55,400.3,874975.0,356089428.4
2012-02-03,402.65,429.2,398.25,420.7,1670060.0,700163455.5
2012-02-06,425.0,435.45,419.15,423.85,1028651.0,441013863.3
2012-02-07,426.35,437.85,417.5,426.0,1034002.0,442225539.75
2012-02-08,429.0,442.95,427.6,436.7,975911.0,425792625.05
2012-02-09,435.0,447.65,429.0,444.6,859251.0,377191601.25
2012-02-10,444.0,479.8,442.75,458.3,1959020.0,909168400.95
2012-02-13,454.4,454.4,396.35,402.95,1823740.0,753831565.1
2012-02-14,402.0,422.8,402.0,409.2,1082492.0,447128514.95
2012-02-15,412.0,419.5,408.0,413.25,687857.0,284830632.55
2012-02-16,410.75,427.9,407.1,418.45,1195936.0,502689395.25
2012-02-17,423.4,427.4,413.6,416.35,648302.0,273307300.2
2012-02-21,416.0,421.9,412.0,415.75,410005.0,170746140.6
2012-02-22,417.85,424.5,396.25,400.7,627685.0,260319441.7
2012-02-23,401.0,404.85,382.2,390.3,501119.0,195609445.15
2012-02-24,394.0,398.45,381.95,386.5,341887.0,133039891.85
2012-02-27,392.0,392.0,364.1,366.7,268968.0,99749285.0
2012-02-28,370.0,387.0,370.0,384.8,453780.0,172878512.0
2012-02-29,389.0,407.35,385.0,394.05,804157.0,319696265.4
2012-03-01,392.0,395.9,378.1,384.8,259211.0,99785247.85
2012-03-02,387.2,388.9,378.6,380.3,216001.0,82596462.7
2012-03-03,381.0,382.0,376.4,377.55,28899.0,10930758.45
2012-03-05,379.0,379.0,366.2,370.2,175462.0,65008309.8
2012-03-06,370.15,384.9,355.05,366.75,338307.0,126810697.35
2012-03-07,361.25,379.2,361.25,374.65,361532.0,135252290.85
2012-03-09,377.8,385.0,374.95,377.5,226655.0,86169233.45
2012-03-12,382.0,387.45,378.3,381.75,291964.0,111864114.5
2012-03-13,387.25,396.9,383.1,385.65,449164.0,175125598.45
2012-03-14,390.95,396.8,381.55,385.1,364262.0,142126187.25
2012-03-15,385.25,386.9,373.0,377.3,142464.0,53919950.55
2012-03-16,374.95,385.0,372.6,375.55,201623.0,76479425.85
2012-03-19,382.95,383.0,363.3,367.3,123286.0,45755217.0
2012-03-20,369.9,375.3,367.0,370.2,160419.0,59582389.1
2012-03-21,370.0,381.4,368.35,377.6,188041.0,70320915.75
2012-03-22,377.9,387.3,363.0,365.3,284114.0,107154805.25
2012-03-23,367.9,376.7,367.0,372.05,182869.0,67987626.1
2012-03-26,371.95,371.95,355.65,358.25,140493.0,50852434.15
2012-03-27,363.15,364.45,358.0,361.25,126808.0,45799899.95
2012-03-28,361.2,367.55,345.1,351.15,327226.0,117282191.8
2012-03-29,345.95,354.5,345.0,351.05,135161.0,47319130.8
2012-03-30,352.95,363.75,352.75,357.8,217214.0,77705009.5
2012-04-02,359.0,368.0,357.0,362.7,191016.0,69371182.7
2012-04-03,365.0,376.4,364.65,371.85,463731.0,172383127.9
2012-04-04,372.3,372.3,365.0,366.65,145351.0,53431468.1
2012-04-09,366.9,366.9,356.0,358.75,103821.0,37307221.3
2012-04-10,348.0,362.25,348.0,353.7,147538.0,52380163.9
2012-04-11,350.5,374.5,348.2,364.25,644359.0,236683847.95
2012-04-12,369.95,381.25,367.0,369.9,405521.0,152110432.8
2012-04-13,372.5,386.45,365.75,367.9,643082.0,243594376.75
2012-04-16,369.0,374.6,365.0,367.0,180414.0,66650232.75
2012-04-17,368.2,377.8,367.15,375.0,294064.0,109650024.25
2012-04-18,378.5,386.4,376.8,379.7,539126.0,206359314.1
2012-04-19,382.0,383.35,361.55,366.75,535743.0,197935178.05
2012-04-20,363.0,373.2,360.45,363.8,221290.0,81282320.05
2012-04-23,364.05,371.0,361.3,367.05,235440.0,86399575.85
2012-04-24,367.9,368.95,358.1,361.45,114854.0,41629098.55
2012-04-25,365.75,365.75,351.5,354.15,118867.0,42399565.3
2012-04-26,354.7,357.9,350.05,352.3,115399.0,40820542.5
2012-04-27,355.0,357.9,347.15,352.75,137466.0,48522383.65
2012-04-28,353.0,353.95,348.5,349.45,23319.0,8164832.9
2012-04-30,351.6,370.5,351.1,368.8,464287.0,169917870.6
2012-05-02,371.75,394.4,362.55,388.15,1260561.0,483889524.2
2012-05-03,388.8,403.95,381.3,393.25,1229667.0,488150622.8
2012-05-04,394.0,396.0,366.35,370.65,350727.0,133235637.3
2012-05-07,363.15,374.0,350.2,371.7,314144.0,113303362.65
2012-05-08,375.0,381.95,360.4,365.4,308319.0,115423819.9
2012-05-09,361.4,369.9,356.1,359.25,212071.0,76767563.85
2012-05-10,362.7,369.0,355.1,356.8,134762.0,48736780.6
2012-05-11,357.0,364.35,351.35,354.2,210948.0,75399364.05
2012-05-14,356.0,359.45,313.0,328.35,408167.0,136823249.35
2012-05-15,319.0,324.0,308.0,314.75,742477.0,233669239.0
2012-05-16,310.2,326.3,308.0,314.8,406718.0,129644352.95
2012-05-17,318.0,322.4,311.1,313.95,207108.0,65674468.0
2012-05-18,309.0,313.15,305.5,310.7,176842.0,54795255.45
2012-05-21,314.45,324.5,311.1,320.6,261743.0,83339270.75
2012-05-22,324.0,326.3,312.25,314.05,228673.0,73381523.6
2012-05-23,312.0,317.0,309.15,311.3,116766.0,36485640.15
2012-05-24,313.0,314.0,305.0,308.7,173726.0,53707989.85
2012-05-25,311.0,317.7,307.8,313.0,242100.0,76033295.25
2012-05-28,314.0,319.9,314.0,315.75,113625.0,35928391.9
2012-05-29,318.0,319.05,312.0,314.9,125099.0,39500584.7
2012-05-30,313.95,335.65,312.0,320.45,886877.0,289828085.15
2012-05-31,319.4,329.8,317.1,322.0,276375.0,89413349.4
2012-06-01,323.0,334.85,320.0,321.5,568992.0,186899649.8
2012-06-04,319.0,329.9,315.95,326.8,261429.0,84628189.85
2012-06-05,331.7,336.55,324.25,327.15,310960.0,102726279.95
2012-06-06,329.75,337.7,327.7,331.05,391123.0,130292797.05
2012-06-07,333.0,336.0,329.1,332.25,259584.0,86392101.45
2012-06-08,332.4,341.4,327.5,335.8,454403.0,152815619.85
2012-06-11,338.75,343.5,329.0,331.5,257988.0,87080729.3
2012-06-12,326.0,335.3,326.0,333.25,182599.0,60454293.95
2012-06-13,334.95,340.4,332.55,334.85,264087.0,88922795.7
2012-06-14,335.0,336.95,320.05,322.4,184170.0,60435662.8
2012-06-15,324.85,327.9,319.0,320.65,180762.0,58230369.55
2012-06-18,325.0,328.65,317.2,320.55,197011.0,63480577.65
2012-06-19,317.2,325.75,317.2,324.6,157489.0,50748864.35
2012-06-20,323.05,328.0,321.8,323.35,119960.0,38934258.5
2012-06-21,323.05,330.5,322.6,328.35,225146.0,73652750.9
2012-06-22,326.0,335.9,325.0,330.95,306594.0,101625295.85
2012-06-25,332.0,337.5,329.5,331.3,171315.0,57138659.4
2012-06-26,331.95,332.8,323.0,326.65,110672.0,36228087.2
2012-06-27,329.0,330.7,325.9,327.35,86585.0,28409561.85
2012-06-28,329.35,332.45,326.0,327.15,98109.0,32235016.3
2012-06-29,329.85,334.7,329.75,331.45,187063.0,62137098.95
2012-07-02,332.85,344.9,331.65,341.75,588518.0,200388091.75
2012-07-03,346.7,351.5,344.1,346.0,393935.0,136780457.2
2012-07-04,348.55,348.6,339.6,342.45,176511.0,60527199.1
2012-07-05,343.1,363.7,342.0,360.65,1011192.0,360627563.95
2012-07-06,362.4,362.4,347.5,351.9,291911.0,102919598.75
2012-07-09,348.95,350.55,340.95,343.65,126114.0,43496557.6
2012-07-10,344.95,352.4,343.5,349.25,192060.0,66751160.4
2012-07-11,348.0,357.5,346.85,348.95,291773.0,102924449.9
2012-07-12,346.25,347.7,341.0,344.05,88707.0,30516132.8
2012-07-13,345.0,349.3,340.1,341.6,106515.0,36699913.55
2012-07-16,345.6,348.5,338.6,341.1,100549.0,34417328.75
2012-07-17,342.45,344.35,333.1,335.25,106303.0,36022728.35
2012-07-18,336.15,336.5,327.1,334.5,122998.0,40833178.6
2012-07-19,337.5,341.0,332.3,334.1,122881.0,41372537.4
2012-07-20,335.0,336.2,328.5,331.05,94373.0,31336199.2
2012-07-23,328.0,331.5,323.65,326.15,118411.0,38776729.3
2012-07-24,327.75,329.4,323.1,324.95,58987.0,19224034.05
2012-07-25,325.0,325.0,318.0,320.45,75972.0,24371171.4
2012-07-26,322.4,323.8,305.0,316.4,92844.0,29260239.5
2012-07-27,319.35,324.0,311.0,313.3,67336.0,21420013.25
2012-07-30,315.0,318.0,311.5,316.45,61356.0,19347100.0
2012-07-31,318.75,318.75,313.45,315.3,49006.0,15460239.5
2012-08-01,316.65,326.8,314.45,322.85,142200.0,45895890.75
2012-08-02,323.85,331.25,321.3,325.45,114451.0,37404916.4
2012-08-03,323.1,324.5,319.9,322.35,37242.0,11995152.55
2012-08-06,323.6,343.3,323.6,339.5,301222.0,101358924.15
2012-08-07,340.7,348.0,338.0,341.05,343408.0,118012139.4
2012-08-08,342.4,348.85,334.35,337.35,195528.0,67014465.05
2012-08-09,339.3,341.45,327.45,332.05,117608.0,39220850.65
2012-08-10,332.85,343.5,328.0,336.4,248484.0,83913017.55
2012-08-13,339.8,344.5,337.3,342.25,201222.0,68655329.5
2012-08-14,342.3,351.5,340.0,341.4,316920.0,109506128.45
2012-08-16,343.1,351.0,336.1,347.8,278312.0,95705319.9
2012-08-17,349.65,355.5,342.0,343.2,229258.0,79945873.3
2012-08-21,344.75,347.7,340.15,343.7,102990.0,35395909.2
2012-08-22,342.2,348.5,340.3,341.75,103672.0,35645002.85
2012-08-23,341.8,345.35,336.15,337.35,86728.0,29467692.85
2012-08-24,337.35,337.35,330.55,331.85,57435.0,19133446.5
2012-08-27,332.75,338.5,327.15,328.95,80130.0,26662297.1
2012-08-28,330.0,330.0,318.5,320.9,73798.0,23774355.4
2012-08-29,322.55,324.4,316.65,321.65,74934.0,24043223.05
2012-08-30,321.0,325.8,317.5,323.7,69133.0,22272571.4
2012-08-31,323.4,326.5,319.55,321.05,52330.0,16853809.55
2012-09-03,319.95,328.4,319.95,325.45,152577.0,49636500.9
2012-09-04,327.0,329.15,322.5,326.9,86918.0,28350373.0
2012-09-05,324.45,326.7,319.7,320.4,89608.0,28903798.85
2012-09-06,320.45,327.9,319.8,320.8,141532.0,45897950.9
2012-09-07,324.15,333.3,323.4,329.3,282484.0,92823074.15
2012-09-08,329.5,330.6,326.1,327.5,18131.0,5944581.0
2012-09-10,328.65,333.7,324.0,326.1,119523.0,39293754.85
2012-09-11,327.0,336.9,324.75,334.05,338265.0,112572282.85
2012-09-12,337.0,342.0,333.5,338.3,194607.0,65881851.5
2012-09-13,337.8,345.0,336.0,340.85,235742.0,80346823.05
2012-09-14,343.8,346.0,334.05,336.45,127792.0,43442606.85
2012-09-17,346.0,346.0,335.15,337.15,162172.0,55133453.05
2012-09-18,333.0,343.4,333.0,337.65,98861.0,33524622.25
2012-09-20,334.3,336.45,331.0,332.35,59310.0,19790511.95
2012-09-21,333.0,339.4,333.0,334.9,140893.0,47378353.2
2012-09-24,337.75,340.25,332.7,333.65,118341.0,39804282.35
2012-09-25,336.15,336.8,328.1,330.4,85662.0,28514460.95
2012-09-26,330.3,336.7,328.15,329.6,122784.0,40785976.35
2012-09-27,332.35,333.3,325.2,327.8,75470.0,24853360.75
2012-09-28,331.0,333.0,327.25,328.4,76589.0,25284839.6
2012-10-01,330.0,333.0,329.0,330.9,63339.0,20931525.05
2012-10-03,333.05,389.65,332.4,383.4,3958050.0,1464113811.4
2012-10-04,385.0,398.9,378.0,381.45,1643408.0,642005572.35
2012-10-05,386.25,391.5,368.5,375.3,705052.0,267957552.65
2012-10-08,376.55,390.0,372.05,380.65,630740.0,241848956.95
2012-10-09,387.35,387.35,372.7,375.95,210572.0,79792895.15
2012-10-10,373.0,377.0,362.2,364.45,202434.0,74309812.15
2012-10-11,362.6,375.0,357.5,368.7,461040.0,169931400.0
2012-10-12,372.2,373.75,365.75,367.95,232649.0,86014133.0
2012-10-15,368.05,369.5,358.25,363.8,131684.0,47915023.95
2012-10-16,366.4,389.9,364.0,379.9,1226945.0,469331803.3
2012-10-17,382.8,385.0,372.0,374.75,297465.0,112221841.7
2012-10-18,378.45,379.4,371.45,376.5,177300.0,66581681.85
2012-10-19,376.1,388.4,375.05,377.4,449423.0,171908038.7
2012-10-22,376.9,378.0,370.0,375.55,129943.0,48553321.6
2012-10-23,376.95,384.8,375.0,376.0,253483.0,96283179.65
2012-10-25,376.5,384.9,372.8,375.8,218725.0,82953475.65
2012-10-26,376.4,378.7,361.5,363.4,142760.0,52625274.15
2012-10-29,366.65,367.3,354.75,356.05,125534.0,45346336.1
2012-10-30,357.2,362.2,348.3,351.1,125094.0,44465896.9
2012-10-31,352.1,376.5,343.05,369.4,406134.0,148279945.9
2012-11-01,375.3,376.8,367.55,369.95,258606.0,96177594.4
2012-11-02,371.0,375.75,368.0,369.15,164264.0,61090954.6
2012-11-05,368.85,381.4,366.05,370.5,281534.0,105470001.15
2012-11-06,371.05,374.6,367.8,369.9,103908.0,38515615.95
2012-11-07,373.4,374.4,368.0,369.25,124071.0,45987643.9
2012-11-08,367.85,373.4,365.0,368.85,161958.0,59792540.55
2012-11-09,370.5,373.2,358.0,360.75,114767.0,42123058.5
2012-11-12,362.3,370.25,358.65,361.75,160410.0,58445531.55
2012-11-13,362.0,364.65,361.05,361.55,20208.0,7315627.8
2012-11-15,359.1,369.9,353.05,361.85,121320.0,43922450.45
2012-11-16,363.5,369.7,352.55,354.55,110749.0,40103599.4
2012-11-19,358.15,360.9,350.1,351.05,81907.0,29022945.05
2012-11-20,353.95,359.5,347.05,349.15,93197.0,32906052.0
2012-11-21,351.0,359.0,346.4,353.1,137777.0,48663864.95
2012-11-22,354.35,355.7,350.05,351.2,63175.0,22242207.85
2012-11-23,352.15,364.6,350.65,359.25,266144.0,95518453.45
2012-11-26,361.55,386.1,355.0,379.2,667395.0,250320715.95
2012-11-27,381.9,387.8,374.15,375.65,457371.0,174541187.8
2012-11-29,377.9,382.7,371.0,375.55,238894.0,90138233.8
2012-11-30,376.25,383.8,375.1,377.0,179440.0,67923662.05
2012-12-03,377.0,391.1,377.0,383.05,475280.0,182547580.5
2012-12-04,382.0,389.4,372.1,377.85,246801.0,94198054.6
2012-12-05,379.75,385.9,374.4,377.95,247868.0,94107599.2
2012-12-06,381.25,385.9,375.35,381.95,287006.0,109427725.55
2012-12-07,382.95,404.0,380.0,391.95,1391400.0,550323051.65
2012-12-10,394.4,396.4,382.2,385.75,345463.0,134732031.85
2012-12-11,386.1,388.45,371.95,374.45,203820.0,77304668.25
2012-12-12,377.85,378.0,371.55,373.0,99390.0,37223439.4
2012-12-13,374.4,376.85,364.0,366.15,100807.0,37366380.15
2012-12-14,368.5,374.5,365.0,368.15,97951.0,36140550.55
2012-12-17,367.1,372.7,366.05,366.9,68295.0,25158513.3
2012-12-18,367.95,373.4,366.0,370.5,136685.0,50640483.55
2012-12-19,370.5,379.8,370.5,373.55,227712.0,85496868.85
2012-12-20,374.3,375.0,368.1,369.95,93409.0,34678017.05
2012-12-21,366.0,368.5,358.35,359.55,79678.0,28977528.3
2012-12-24,360.95,363.5,357.25,358.6,61985.0,22305577.2
2012-12-26,362.0,365.7,356.8,359.7,88288.0,31869927.2
2012-12-27,360.5,365.5,357.0,358.4,91605.0,33133730.85
2012-12-28,356.55,362.8,351.0,354.9,99968.0,35681722.75
2012-12-31,356.95,361.0,355.5,356.5,60325.0,21574088.25
2013-01-01,358.05,364.9,358.0,363.3,126057.0,45670500.9
2013-01-02,366.85,375.4,364.25,371.7,258444.0,95620443.65
2013-01-03,372.95,380.8,370.0,373.15,208240.0,78109794.95
2013-01-04,372.5,380.5,371.3,373.65,227324.0,85549503.75
2013-01-07,373.9,377.65,369.05,369.95,101105.0,37750520.3
2013-01-08,370.7,372.5,367.1,368.7,75943.0,28024397.7
2013-01-09,368.8,374.0,366.3,367.25,120164.0,44480634.3
2013-01-10,370.05,370.9,359.0,361.5,73270.0,26666999.4
2013-01-11,362.75,363.7,354.0,354.8,52827.0,18894105.75
2013-01-14,355.15,367.6,350.4,364.25,94590.0,33943115.8
2013-01-15,365.55,368.5,359.0,361.6,71238.0,25878523.3
2013-01-16,361.95,361.95,352.2,353.45,42712.0,15201992.05
2013-01-17,354.65,357.4,351.3,353.55,49558.0,17548986.35
2013-01-18,355.95,356.9,350.0,351.1,44070.0,15543953.35
2013-01-21,352.8,356.0,348.0,349.4,77597.0,27272102.95
2013-01-22,351.15,356.4,349.2,350.2,75117.0,26504159.9
2013-01-23,351.9,352.9,338.75,341.2,57912.0,19977046.85
2013-01-24,342.15,342.8,328.55,330.05,48692.0,16261084.1
2013-01-25,330.7,338.8,327.0,335.0,59518.0,19822555.65
2013-01-28,337.6,341.5,334.25,335.35,39120.0,13196203.5
2013-01-29,336.4,336.9,328.0,328.8,47607.0,15770600.35
2013-01-30,330.1,334.4,326.8,328.4,44209.0,14606249.7
2013-01-31,328.4,329.1,323.6,324.1,38803.0,12650610.2
2013-02-01,324.95,328.55,322.0,323.3,36344.0,11796361.5
2013-02-04,325.5,327.25,314.45,315.7,32995.0,10559638.75
2013-02-05,315.7,315.7,310.05,312.3,44328.0,13819900.2
2013-02-06,313.0,316.7,311.0,311.3,35843.0,11208264.8
2013-02-07,311.65,313.75,305.0,307.2,40977.0,12648953.65
2013-02-08,307.0,312.25,303.1,305.75,42078.0,12941696.9
2013-02-11,307.0,309.95,305.0,306.0,48913.0,15012083.55
2013-02-12,307.55,333.5,306.2,320.4,557003.0,181219434.0
2013-02-13,323.85,324.45,307.15,308.4,124695.0,38988915.45
2013-02-14,311.4,311.4,295.55,297.35,65362.0,19658265.65
2013-02-15,298.0,298.0,282.4,286.75,65310.0,18745295.15
2013-02-18,288.0,296.85,286.05,293.0,65505.0,19178057.6
2013-02-19,294.05,305.4,292.8,296.9,186965.0,56079378.6
2013-02-20,299.5,308.4,296.25,297.2,249737.0,75530675.65
2013-02-21,297.2,297.2,285.0,286.8,56264.0,16389401.6
2013-02-22,286.75,288.8,281.1,282.8,65642.0,18699551.75
2013-02-25,283.5,288.4,265.3,270.25,130390.0,35863172.4
2013-02-26,269.95,269.95,222.0,243.15,571165.0,137563316.55
2013-02-27,247.0,254.8,227.0,232.55,322581.0,76467871.4
2013-02-28,235.25,275.0,225.0,231.15,159647.0,37049577.25
2013-03-01,225.75,244.75,225.75,240.0,127943.0,30047610.5
2013-03-04,240.0,249.0,239.0,245.35,168821.0,41330937.15
2013-03-05,247.05,257.9,246.0,251.55,92249.0,23098257.1
2013-03-06,254.15,257.9,250.6,252.0,55764.0,14135232.9
2013-03-07,250.75,280.55,249.1,274.05,562910.0,152611234.45
2013-03-08,275.25,282.85,268.95,274.2,221443.0,61165864.1
2013-03-11,274.3,285.6,273.2,279.95,205900.0,57866239.55
2013-03-12,280.25,285.7,275.1,278.6,150270.0,42323784.25
2013-03-13,279.2,280.6,271.1,272.2,57082.0,15735273.3
2013-03-14,273.0,277.9,267.1,271.65,108934.0,29530784.75
2013-03-15,272.2,281.45,270.0,271.35,117139.0,32374423.3
2013-03-18,270.65,271.35,263.35,264.85,43809.0,11663076.55
2013-03-19,265.9,269.45,253.95,255.65,72032.0,18817328.85
2013-03-20,255.95,258.85,249.0,250.2,83882.0,21025331.75
2013-03-21,252.75,253.05,247.25,249.65,139427.0,34880502.45
2013-03-22,250.05,253.9,237.0,249.7,150049.0,37364543.4
2013-03-25,252.6,253.5,249.0,249.95,99259.0,24846622.15
2013-03-26,248.05,256.8,248.05,250.3,112759.0,28299576.35
2013-03-28,249.85,255.0,240.65,244.25,99410.0,24591997.45
2013-04-01,246.45,255.0,246.45,250.45,91296.0,22897455.35
2013-04-02,247.95,295.9,247.95,287.6,1096138.0,308284992.9
2013-04-03,286.0,288.9,274.0,276.8,352459.0,99411722.25
2013-04-04,274.0,276.7,262.1,263.15,125404.0,33526347.45
2013-04-05,263.05,274.75,260.0,268.1,149563.0,40293757.7
2013-04-08,268.25,283.5,266.4,269.0,254268.0,70321164.6
2013-04-09,271.55,277.95,266.0,267.15,91644.0,24944931.1
2013-04-10,269.8,274.5,266.05,270.95,89751.0,24300347.4
2013-04-11,273.6,274.45,269.8,271.8,59677.0,16183749.7
2013-04-12,270.0,272.95,270.0,270.2,47014.0,12714889.9
2013-04-15,269.05,283.0,269.05,278.05,143969.0,40015431.45
2013-04-16,277.7,282.9,276.0,277.6,77339.0,21580798.75
2013-04-17,278.9,287.0,276.5,278.45,147572.0,41676498.45
2013-04-18,280.1,285.9,277.0,278.6,80822.0,22761808.4
2013-04-22,280.0,284.1,278.0,279.45,48342.0,13565856.7
2013-04-23,281.5,283.4,274.4,277.8,39465.0,11017288.1
2013-04-25,280.45,288.0,273.6,284.1,113517.0,32010807.65
2013-04-26,293.35,301.3,290.1,291.45,416134.0,123086199.6
2013-04-29,290.0,293.0,282.2,284.25,65585.0,18748968.65
2013-04-30,285.0,286.85,276.95,279.2,52525.0,14801118.4
2013-05-02,280.75,293.3,279.3,287.6,168547.0,48486848.05
2013-05-03,289.4,289.4,280.6,282.55,52687.0,14920933.55
2013-05-06,283.0,289.0,280.5,284.65,69162.0,19661308.25
2013-05-07,285.75,291.5,284.1,285.85,94855.0,27300422.25
2013-05-08,284.0,294.0,284.0,289.5,113077.0,32814703.2
2013-05-09,290.85,297.0,286.0,287.15,93764.0,27373027.45
2013-05-10,288.9,290.7,282.1,284.65,31729.0,9104220.05
2013-05-11,282.05,284.45,277.5,281.8,12718.0,3575306.7
2013-05-13,283.0,287.8,274.4,278.45,45593.0,12882966.3
2013-05-14,280.45,284.0,276.05,280.45,43422.0,12176674.3
2013-05-15,283.3,289.9,280.8,284.65,96109.0,27400635.85
2013-05-16,286.1,292.9,282.35,284.55,99556.0,28621193.2
2013-05-17,285.9,286.75,279.0,281.7,46000.0,13007348.25
2013-05-20,284.0,291.05,282.25,283.9,127917.0,36693778.7
2013-05-21,285.0,287.6,280.7,281.45,40803.0,11592718.85
2013-05-22,280.05,284.5,274.25,276.7,35802.0,10006020.25
2013-05-23,276.0,276.5,269.4,273.5,89089.0,24276125.8
2013-05-24,275.2,280.0,272.75,276.3,53945.0,14911319.4
2013-05-27,277.0,283.0,277.0,281.25,39796.0,11150772.0
2013-05-28,282.7,287.35,280.25,281.5,52639.0,14907039.85
2013-05-29,279.1,282.8,270.4,271.55,38208.0,10498717.2
2013-05-30,271.6,286.0,270.2,278.8,84130.0,23433544.75
2013-05-31,279.4,284.4,274.5,275.15,58800.0,16356380.2
2013-06-03,276.0,280.65,274.7,275.25,27300.0,7547043.05
2013-06-04,275.2,279.0,274.4,275.15,36678.0,10100026.75
2013-06-05,275.0,277.6,274.8,275.5,18428.0,5081103.2
2013-06-06,275.0,282.0,270.1,279.75,79103.0,22078624.4
2013-06-07,280.0,282.0,274.65,275.05,27917.0,7739358.9
2013-06-10,275.0,277.35,272.5,275.05,31483.0,8661263.05
2013-06-11,275.1,281.0,273.5,277.05,41122.0,11335876.85
2013-06-12,275.1,278.0,274.0,275.25,13444.0,3701642.95
2013-06-13,275.0,276.85,272.2,275.25,21359.0,5875334.6
2013-06-14,275.05,278.7,275.0,275.15,14419.0,3972181.35
2013-06-17,275.1,275.85,274.25,275.0,12975.0,3569386.1
2013-06-18,275.4,288.65,274.95,281.1,113335.0,32148357.1
2013-06-19,277.5,284.95,277.5,282.7,34905.0,9880275.05
2013-06-20,278.15,281.0,275.15,276.8,20967.0,5828344.4
2013-06-21,275.2,277.5,273.95,275.55,19403.0,5343712.05
2013-06-24,275.0,279.0,274.5,276.3,32968.0,9077367.7
2013-06-25,276.65,277.5,275.0,275.3,15722.0,4329651.1
2013-06-26,275.5,276.35,274.8,275.15,14328.0,3942216.15
2013-06-27,277.75,279.0,274.65,275.2,35972.0,9898672.25
2013-06-28,277.3,279.4,274.0,275.0,24597.0,6776631.25
2013-07-01,275.0,283.3,275.0,276.6,21988.0,6113174.8
2013-07-02,277.0,279.0,275.0,275.05,20178.0,5560495.6
2013-07-03,275.0,276.5,275.0,275.15,15842.0,4359132.3
2013-07-04,276.75,278.85,272.2,273.7,18884.0,5207635.7
2013-07-05,274.45,276.65,270.1,270.9,13301.0,3628908.2
2013-07-08,270.05,270.05,257.0,260.35,35083.0,9151546.2
2013-07-09,265.75,273.4,261.5,268.3,24261.0,6489831.1
2013-07-10,269.0,272.7,262.5,265.95,32070.0,8561787.2
2013-07-11,270.0,273.4,267.0,271.05,27302.0,7382322.1
2013-07-12,274.7,274.7,268.95,270.7,16214.0,4382704.1
2013-07-15,270.0,274.95,270.0,270.85,16587.0,4517708.2
2013-07-16,270.0,272.5,267.75,270.2,9041.0,2444187.85
2013-07-17,270.2,277.0,270.2,271.55,20179.0,5505957.95
2013-07-18,271.0,272.6,268.25,269.75,13165.0,3552769.85
2013-07-19,270.15,270.75,267.05,269.45,25315.0,6816922.0
2013-07-22,270.4,273.45,268.2,270.0,8759.0,2367976.25
2013-07-23,270.0,280.0,270.0,275.35,41066.0,11362248.7
2013-07-24,277.5,285.9,277.5,281.35,88304.0,24923903.7
2013-07-25,284.0,284.0,278.0,280.7,15846.0,4438691.75
2013-07-26,280.85,283.0,265.15,267.45,21627.0,5899609.25
2013-07-29,267.0,267.0,254.05,256.4,15707.0,4062014.4
2013-07-30,268.9,268.9,220.5,237.65,38217.0,9086400.75
2013-07-31,238.75,247.65,232.5,243.65,13583.0,3253898.0
2013-08-01,249.0,252.5,240.3,250.7,24425.0,6096813.1
2013-08-02,251.0,254.95,248.0,250.1,20496.0,5131062.55
2013-08-05,262.0,268.8,255.8,264.75,106228.0,27913233.85
2013-08-06,265.9,267.0,256.05,257.0,17765.0,4612812.7
2013-08-07,253.1,259.4,249.5,251.55,14505.0,3677422.8
2013-08-08,250.1,261.7,250.1,258.75,18514.0,4767764.95
2013-08-12,260.0,264.7,255.0,259.45,11441.0,2967312.85
2013-08-13,259.45,269.9,255.1,262.15,15387.0,4049583.6
2013-08-14,263.95,286.3,260.55,274.35,175928.0,49077816.65
2013-08-16,274.0,276.05,250.05,252.65,34860.0,9058356.55
2013-08-19,258.8,258.8,249.5,256.25,26617.0,6762509.9
2013-08-20,255.0,262.0,253.7,256.0,15787.0,4044377.3
2013-08-21,258.7,262.8,255.05,260.45,22336.0,5800260.1
2013-08-22,261.0,264.55,257.75,261.4,8553.0,2230428.75
2013-08-23,264.4,268.0,259.95,262.75,18700.0,4933151.45
2013-08-26,266.95,269.0,262.25,265.05,8394.0,2226848.7
2013-08-27,265.5,269.6,260.5,262.1,22743.0,6024801.85
2013-08-28,263.0,263.0,243.0,257.6,15009.0,3843297.9
2013-08-29,256.05,261.0,253.0,254.55,6844.0,1755018.4
2013-08-30,254.05,257.55,252.0,254.05,6191.0,1576790.6
2013-09-02,250.0,264.4,250.0,258.6,9014.0,2324900.7
2013-09-03,260.0,261.8,257.1,260.5,12161.0,3160359.7
2013-09-04,262.0,262.0,258.85,260.75,8014.0,2087083.05
2013-09-05,265.0,265.75,262.0,262.85,5502.0,1448930.3
2013-09-06,264.85,264.9,259.0,260.1,8523.0,2223986.15
2013-09-10,264.6,275.5,260.75,271.6,87829.0,23893770.7
2013-09-11,270.0,271.0,266.1,267.65,5917.0,1585534.0
2013-09-12,270.0,275.0,267.1,270.85,15456.0,4189920.65
2013-09-13,272.0,296.35,266.05,287.7,200754.0,57667531.9
2013-09-16,285.5,295.0,274.25,276.7,46308.0,13190823.5
2013-09-17,278.95,278.95,270.5,272.0,10295.0,2816462.45
2013-09-18,274.95,278.7,270.85,272.25,12988.0,3555290.85
2013-09-19,277.8,277.8,271.6,272.35,15237.0,4179235.75
2013-09-20,272.1,278.8,272.1,276.0,20646.0,5687319.75
2013-09-23,273.95,277.5,273.2,275.0,6888.0,1894682.0
2013-09-24,274.95,281.4,272.05,276.55,24686.0,6842256.35
2013-09-25,279.8,281.2,273.1,278.45,32061.0,8877466.3
2013-09-26,279.95,282.5,275.95,277.55,13043.0,3650134.95
2013-09-27,275.6,284.8,275.6,279.1,15187.0,4264485.1
2013-09-30,279.0,279.0,273.05,275.65,8828.0,2435216.15
2013-10-01,275.95,279.95,270.6,275.75,7910.0,2178933.05
2013-10-03,275.05,280.0,275.0,278.8,6420.0,1787897.9
2013-10-04,279.25,287.0,275.05,279.95,25297.0,7137082.1
2013-10-07,280.25,282.95,275.6,278.0,15052.0,4202494.95
2013-10-08,280.0,281.65,277.6,279.4,8279.0,2314832.15
2013-10-09,279.95,330.5,279.3,317.35,1073084.0,339498688.1
2013-10-10,320.0,324.9,308.15,310.9,254871.0,80891439.55
2013-10-11,311.05,323.8,304.0,311.75,192992.0,60841889.8
2013-10-14,312.95,326.4,312.95,317.9,134275.0,42958114.75
2013-10-15,319.0,322.8,306.3,307.45,44345.0,13888206.85
2013-10-17,306.7,324.65,306.7,313.6,154157.0,49059535.4
2013-10-18,314.95,318.6,310.25,311.4,37165.0,11655960.2
2013-10-21,310.0,321.8,310.0,318.15,87247.0,27791056.75
2013-10-22,317.8,339.95,315.15,327.7,375657.0,124798151.85
2013-10-23,327.0,333.0,318.0,321.95,58712.0,19121623.55
2013-10-24,322.0,335.0,318.1,319.6,82882.0,27026003.7
2013-10-25,319.8,328.5,316.0,318.35,48897.0,15763481.4
2013-10-28,320.95,338.0,317.0,322.4,237097.0,78299747.15
2013-10-29,324.7,331.2,320.25,326.7,89177.0,29054273.75
2013-10-30,329.5,338.6,325.0,330.15,149083.0,49627439.0
2013-10-31,331.55,343.1,330.1,334.05,143670.0,48346142.75
2013-11-01,335.9,340.0,332.2,334.3,67620.0,22738951.65
2013-11-03,335.0,336.95,330.3,331.75,14726.0,4904293.4
2013-11-05,330.0,334.0,324.35,325.65,40927.0,13468045.85
2013-11-06,326.75,348.95,319.1,333.7,214407.0,71962791.4
2013-11-07,336.2,345.0,331.65,333.0,171288.0,58168725.0
2013-11-08,333.45,336.0,324.1,327.2,57115.0,18886462.75
2013-11-11,329.25,332.7,319.65,330.3,53072.0,17393512.65
2013-11-12,334.8,342.6,302.6,306.75,272202.0,89378751.65
2013-11-13,306.0,320.0,303.05,306.95,164142.0,51326100.25
2013-11-14,309.8,317.0,306.55,308.6,61487.0,19177239.15
2013-11-18,308.0,315.6,308.0,309.35,63245.0,19721385.25
2013-11-19,310.1,315.7,307.25,308.0,91044.0,28361688.25
2013-11-20,307.05,315.5,302.6,303.95,98226.0,30423503.1
2013-11-21,303.95,306.0,290.7,293.5,82555.0,24373988.0
2013-11-22,295.9,303.0,282.0,285.05,92876.0,27113122.35
2013-11-25,287.0,294.3,286.1,289.2,65207.0,18934845.75
2013-11-26,288.1,295.0,282.0,283.1,72241.0,20877152.15
2013-11-27,283.5,285.8,275.0,276.15,44404.0,12388261.35
2013-11-28,279.5,291.7,277.1,280.95,181454.0,51701306.95
2013-11-29,283.0,288.7,281.05,282.4,67495.0,19183320.75
2013-12-02,282.0,290.0,282.0,285.35,81006.0,23198797.45
2013-12-03,285.85,291.0,277.0,281.75,113020.0,32375443.3
2013-12-04,282.75,287.3,277.2,278.65,44976.0,12698513.0
2013-12-05,282.65,292.5,281.9,282.6,176447.0,50603537.65
2013-12-06,282.05,285.0,278.5,280.35,48443.0,13644966.2
2013-12-09,282.45,286.65,276.15,277.85,45865.0,12819047.35
2013-12-10,280.0,283.7,273.8,277.85,73836.0,20604429.35
2013-12-11,278.4,279.5,270.0,272.1,66260.0,18217299.45
2013-12-12,271.7,272.95,270.0,270.15,33624.0,9097073.0
2013-12-13,270.0,273.65,270.0,270.1,20903.0,5654893.4
2013-12-16,270.1,274.8,270.0,270.45,47784.0,12975420.05
2013-12-17,270.35,276.5,270.0,270.1,83378.0,22694536.4
2013-12-18,270.25,276.9,270.2,274.6,89675.0,24584404.6
2013-12-19,274.0,276.0,270.35,271.2,25416.0,6916410.5
2013-12-20,270.15,277.85,270.15,274.35,78832.0,21682229.05
2013-12-23,275.0,280.9,270.5,278.3,85721.0,23841728.3
2013-12-24,279.55,307.7,274.65,302.15,673909.0,199668582.35
2013-12-26,303.1,311.4,296.4,299.4,339059.0,103275839.2
2013-12-27,300.9,302.2,291.35,292.5,69881.0,20654941.55
2013-12-30,290.55,294.5,283.0,284.45,77663.0,22306318.15
2013-12-31,285.1,302.0,280.1,292.4,211160.0,61978709.65
2014-01-01,293.0,302.7,292.25,294.45,152587.0,45337961.7
2014-01-02,293.7,299.4,283.0,284.3,83046.0,24247875.85
2014-01-03,282.7,289.0,281.0,285.1,55411.0,15781399.05
2014-01-06,285.95,290.5,283.15,285.45,45106.0,12929456.5
2014-01-07,287.8,291.7,281.4,283.25,56546.0,16189932.0
2014-01-08,284.95,314.5,283.85,308.05,517128.0,156867972.9
2014-01-09,308.0,316.9,297.1,299.65,417069.0,128947548.8
2014-01-10,301.7,308.7,294.1,295.25,172315.0,51848517.8
2014-01-13,295.15,302.75,292.6,294.1,53006.0,15700273.9
2014-01-14,295.7,303.8,292.5,293.5,111593.0,33238913.55
2014-01-15,295.5,309.3,294.45,304.85,374197.0,112864261.25
2014-01-16,308.0,322.0,305.2,307.9,593009.0,186603667.6
2014-01-17,309.45,312.5,296.05,301.15,181173.0,55419022.4
2014-01-20,303.2,310.4,303.0,308.4,188323.0,57855586.5
2014-01-21,309.85,331.15,308.45,327.15,526187.0,169219895.6
2014-01-22,329.9,335.0,321.35,323.7,293805.0,96733058.95
2014-01-23,323.0,339.1,321.3,331.55,390992.0,129795479.4
2014-01-24,332.0,332.0,313.8,316.2,130796.0,41958713.25
2014-01-27,310.2,310.2,299.95,301.5,77741.0,23586507.6
2014-01-28,300.0,311.0,300.0,303.0,55844.0,17086091.1
2014-01-29,306.0,313.9,303.25,304.25,116101.0,35908976.15
2014-01-30,299.75,306.25,296.2,299.0,75960.0,22859996.15
2014-01-31,301.7,308.95,299.95,304.95,118557.0,36202430.2
2014-02-03,302.0,307.6,297.5,298.3,50886.0,15363230.9
2014-02-04,296.55,302.95,291.55,299.25,75344.0,22408442.25
2014-02-05,300.5,314.7,300.0,308.75,151083.0,46537892.8
2014-02-06,311.0,313.7,303.0,307.7,54634.0,16841391.8
2014-02-07,310.25,312.05,304.0,306.35,40954.0,12611104.0
2014-02-10,307.0,316.1,306.6,309.8,142657.0,44481563.65
2014-02-11,309.35,314.0,305.2,309.15,44874.0,13937251.45
2014-02-12,311.75,326.9,309.3,324.0,307098.0,98112461.25
2014-02-13,327.0,363.0,327.0,350.35,2652157.0,930851210.9
2014-02-14,339.8,343.4,308.65,317.25,789076.0,259061935.45
2014-02-17,318.25,322.5,310.25,313.8,273351.0,86526525.9
2014-02-18,314.9,327.4,313.65,317.55,378653.0,121821754.95
2014-02-19,319.0,329.0,318.0,322.4,190889.0,61869329.3
2014-02-20,320.0,327.95,318.05,322.2,166173.0,53782111.55
2014-02-21,324.55,332.95,324.0,328.15,179402.0,58819189.4
2014-02-24,328.8,346.8,324.3,342.75,561112.0,190164933.95
2014-02-25,344.5,344.9,328.75,333.55,192748.0,64636780.8
2014-02-26,331.25,340.95,331.25,335.7,142762.0,48102864.3
2014-02-28,333.5,344.7,331.7,339.1,278514.0,94703602.25
2014-03-03,335.7,339.65,328.1,330.3,118087.0,39305790.1
2014-03-04,330.55,342.5,330.1,335.9,187982.0,63449616.4
2014-03-05,337.65,339.75,330.25,333.55,84107.0,28195064.15
2014-03-06,334.9,343.4,334.1,336.05,206114.0,69716632.1
2014-03-07,337.0,338.75,329.0,330.2,73101.0,24333994.8
2014-03-10,329.65,336.5,328.2,329.7,79430.0,26370447.75
2014-03-11,331.35,335.45,325.4,326.9,63681.0,21047177.4
2014-03-12,325.4,329.95,324.6,326.55,43429.0,14196818.3
2014-03-13,327.9,343.0,326.0,332.7,284769.0,95916427.3
2014-03-14,330.0,334.8,325.6,327.65,59437.0,19605882.15
2014-03-18,328.0,334.45,326.1,328.25,50130.0,16572277.85
2014-03-19,329.9,343.9,329.35,337.7,230861.0,77960813.6
2014-03-20,337.0,337.4,326.6,328.65,61248.0,20293724.2
2014-03-21,330.0,338.0,329.0,332.7,120932.0,40393344.05
2014-03-22,333.75,333.75,329.5,330.45,10852.0,3594616.3
2014-03-24,332.5,334.55,328.1,329.6,38857.0,12882087.15
2014-03-25,329.5,350.5,329.5,345.3,520132.0,178203474.5
2014-03-26,347.5,354.5,337.35,343.95,311952.0,108557264.5
2014-03-27,345.35,350.0,343.25,347.05,83332.0,28912149.35
2014-03-28,348.5,350.5,339.1,342.5,50787.0,17495232.8
2014-03-31,344.55,352.5,340.2,345.9,69955.0,24260528.35
2014-04-01,346.9,347.8,336.0,338.05,44923.0,15265216.45
2014-04-02,339.8,361.0,339.45,349.3,189625.0,66785569.15
2014-04-03,351.4,352.15,337.25,338.95,59845.0,20508815.45
2014-04-04,340.5,347.9,339.6,340.8,55731.0,19153417.35
2014-04-07,342.0,347.85,336.0,345.15,47478.0,16256241.55
2014-04-09,347.5,358.2,343.5,348.55,102940.0,36152323.15
2014-04-10,349.0,366.3,349.0,353.75,344144.0,123672460.75
2014-04-11,353.0,361.8,348.55,353.75,99993.0,35594668.95
2014-04-15,354.0,360.9,347.6,349.9,85445.0,30293486.0
2014-04-16,349.1,355.0,335.25,338.0,54939.0,18931016.25
2014-04-17,341.6,346.0,339.0,340.9,54954.0,18798293.65
2014-04-21,341.7,348.95,340.95,343.25,51266.0,17647572.2
2014-04-22,344.5,347.5,336.2,338.05,57708.0,19730588.8
2014-04-23,339.65,340.0,335.0,336.25,46150.0,15569542.5
2014-04-25,337.5,340.0,322.2,323.8,100615.0,33345306.45
2014-04-28,322.2,326.6,315.25,318.5,57138.0,18279642.55
2014-04-29,318.4,321.7,310.55,311.7,67366.0,21221603.85
2014-04-30,313.45,321.0,308.5,311.45,78402.0,24768169.25
2014-05-02,311.7,325.7,311.7,320.55,156127.0,50050170.35
2014-05-05,318.0,323.0,311.0,311.8,33560.0,10573773.25
2014-05-06,311.6,318.9,311.6,313.25,36431.0,11475207.5
2014-05-07,314.7,316.95,309.5,311.65,45528.0,14235185.0
2014-05-08,313.35,317.3,306.3,307.9,40757.0,12693267.75
2014-05-09,306.0,313.6,305.95,310.0,51861.0,16072857.8
2014-05-12,312.7,320.0,310.1,310.8,73652.0,23238733.25
2014-05-13,313.0,324.9,313.0,321.8,118733.0,37998164.45
2014-05-14,321.8,336.4,321.8,326.75,203378.0,67090149.75
2014-05-15,328.3,330.4,313.2,315.1,52545.0,16921689.6
2014-05-16,315.15,324.0,312.35,315.95,39335.0,12542247.6
2014-05-19,317.25,334.0,317.25,329.25,93098.0,30449180.5
2014-05-20,335.0,351.8,332.95,343.8,235722.0,80732431.8
2014-05-21,345.15,353.9,338.0,341.55,122098.0,42322590.65
2014-05-22,344.35,392.9,343.25,382.25,798362.0,301650435.0
2014-05-23,385.5,386.8,366.0,370.35,179833.0,67300036.35
2014-05-26,375.1,376.0,336.7,343.35,118179.0,42325702.75
2014-05-27,349.0,358.8,342.95,353.45,89971.0,31662309.95
2014-05-28,353.5,365.0,353.0,359.5,66705.0,23979272.0
2014-05-29,360.45,362.3,346.0,348.65,50255.0,17792658.1
2014-05-30,340.0,344.9,329.05,334.05,60689.0,20498562.1
2014-06-02,336.4,347.7,331.0,333.1,88143.0,29762473.2
2014-06-03,335.4,342.5,334.45,339.0,40937.0,13867083.2
2014-06-04,337.2,353.0,337.2,343.15,132180.0,45788091.5
2014-06-05,343.9,351.9,343.9,346.5,74871.0,26055126.6
2014-06-06,349.3,374.0,345.0,366.45,287236.0,104072791.0
2014-06-09,369.0,381.0,363.0,371.2,174113.0,64821388.95
2014-06-10,371.55,374.7,358.0,362.35,92465.0,33611623.45
2014-06-11,364.85,369.9,350.1,352.0,65789.0,23610368.6
2014-06-12,353.65,355.0,341.2,344.6,60555.0,21084018.35
2014-06-13,342.6,365.0,330.0,332.4,96352.0,33190747.65
2014-06-16,335.9,345.0,328.0,340.05,37933.0,12791025.55
2014-06-17,341.0,347.25,336.0,343.3,34283.0,11751789.55
2014-06-18,345.25,349.0,334.7,337.25,28249.0,9648005.9
2014-06-19,339.9,345.5,335.0,336.75,31813.0,10781454.95
2014-06-20,335.2,345.0,335.0,336.35,43186.0,14688578.4
2014-06-23,338.05,342.5,334.25,338.55,23600.0,7999680.35
2014-06-24,339.25,347.0,338.85,341.0,34329.0,11774461.25
2014-06-25,342.0,364.8,340.25,358.8,287929.0,102931356.6
2014-06-26,358.2,360.6,342.65,345.75,100936.0,35405647.2
2014-06-27,347.75,353.1,345.0,346.95,48884.0,16998418.7
2014-06-30,348.25,358.2,346.05,348.85,77618.0,27305995.85
2014-07-01,350.95,358.1,349.15,351.1,63311.0,22365823.75
2014-07-02,354.0,357.4,350.8,351.5,45273.0,16007748.0
2014-07-03,353.5,416.4,353.5,407.5,3113074.0,1240312771.2
2014-07-04,407.9,412.7,392.0,395.1,810869.0,326881643.5
2014-07-07,397.0,398.9,381.95,383.85,228578.0,89071815.95
2014-07-08,385.0,425.5,375.05,383.95,2000917.0,820597185.7
2014-07-09,383.65,397.4,371.6,374.9,348985.0,134600719.25
2014-07-10,377.6,387.0,360.6,373.75,208230.0,77834687.45
2014-07-11,374.6,383.5,351.1,355.5,117682.0,43148199.05
2014-07-14,358.5,364.0,352.05,354.85,74072.0,26479733.1
2014-07-15,357.3,381.8,357.3,373.55,319764.0,119543247.75
2014-07-16,375.85,382.8,370.8,379.25,139531.0,52654852.1
2014-07-17,380.0,386.2,373.0,378.85,173239.0,65982066.4
2014-07-18,375.95,384.7,371.95,374.9,125522.0,47420162.2
2014-07-21,376.9,387.35,375.2,377.95,125549.0,47932250.05
2014-07-22,380.0,409.0,380.0,396.95,957437.0,382131853.0
2014-07-23,398.2,409.85,381.75,391.1,294294.0,117601830.05
2014-07-24,392.0,397.0,386.0,388.6,127791.0,49956108.35
2014-07-25,389.8,391.85,370.0,376.15,96576.0,36857493.1
2014-07-28,375.4,388.7,373.0,375.05,75875.0,28745061.75
2014-07-30,375.55,378.15,366.0,372.45,67779.0,25237220.05
2014-07-31,374.35,381.5,365.3,371.2,90948.0,34116157.2
2014-08-01,367.0,372.9,363.0,363.9,58354.0,21463013.1
2014-08-04,366.8,376.9,366.2,371.6,94240.0,35101027.6
2014-08-05,373.4,377.95,365.0,373.15,85239.0,31773115.4
2014-08-06,373.4,384.6,367.25,372.75,157995.0,59655221.9
2014-08-07,373.85,378.0,370.0,372.2,54083.0,20203473.7
2014-08-08,368.1,371.5,360.0,362.35,51846.0,18919515.85
2014-08-11,366.7,373.95,366.7,368.7,49967.0,18481811.25
2014-08-12,371.7,379.4,369.2,373.6,126948.0,47581785.2
2014-08-13,373.0,395.0,357.65,383.65,464562.0,173994494.9
2014-08-14,386.0,394.8,375.95,391.1,202899.0,78563472.75
2014-08-18,392.0,410.65,391.35,403.0,278644.0,112285184.4
2014-08-19,406.6,437.9,404.0,429.75,1002926.0,428509077.35
2014-08-20,418.7,419.9,407.45,411.15,203806.0,84256829.3
2014-08-21,412.7,419.6,400.3,404.25,158645.0,65420102.35
2014-08-22,407.3,413.85,401.65,404.2,106707.0,43528762.45
2014-08-25,406.85,416.35,400.15,402.05,146213.0,59818563.8
2014-08-26,403.75,409.5,393.1,397.9,94465.0,37895976.65
2014-08-27,400.55,403.0,387.1,391.7,107989.0,42704747.75
2014-08-28,390.7,394.6,383.05,386.9,74951.0,29126996.05
2014-09-01,388.5,401.7,388.1,393.75,101355.0,40047942.75
2014-09-02,395.65,400.8,389.0,391.05,88008.0,34737921.9
2014-09-03,393.0,401.5,390.1,391.35,111915.0,44315250.65
2014-09-04,392.4,396.0,381.45,388.85,66990.0,26099851.15
2014-09-05,389.8,397.9,385.7,391.0,78020.0,30602269.05
2014-09-08,393.5,402.7,390.2,392.45,319572.0,126809202.75
2014-09-09,393.75,401.7,389.15,390.75,218429.0,86466056.35
2014-09-10,389.8,411.8,389.75,395.5,449874.0,180417757.15
2014-09-11,397.0,404.0,392.0,400.75,616994.0,246237132.05
2014-09-12,413.3,450.8,412.05,427.7,4122339.0,1803579224.65
2014-09-15,420.25,433.8,415.1,417.05,667024.0,282620241.7
2014-09-16,418.9,426.0,386.6,392.2,485027.0,199437403.55
2014-09-17,397.95,400.5,385.05,397.25,240259.0,94801566.35
2014-09-18,397.9,418.7,394.55,412.85,553337.0,226987074.75
2014-09-19,415.3,416.6,401.0,403.1,174601.0,71264854.2
2014-09-22,402.8,414.0,400.4,407.85,171119.0,69820133.75
2014-09-23,404.55,418.55,392.0,394.4,355823.0,145363808.9
2014-09-24,394.3,398.6,382.0,384.9,150643.0,58632648.6
2014-09-25,386.1,389.0,360.15,365.05,171181.0,64120038.15
2014-09-26,361.4,377.95,359.0,372.6,149845.0,55322603.75
2014-09-29,372.6,382.95,372.15,375.45,115445.0,43552917.5
2014-09-30,372.6,383.85,367.0,370.9,154396.0,58189990.55
2014-10-01,372.7,377.65,367.0,368.2,72112.0,26807832.85
2014-10-07,367.1,371.5,361.95,362.8,70113.0,25648784.4
2014-10-08,359.2,367.95,357.55,361.5,79476.0,28779496.7
2014-10-09,365.0,373.7,364.0,371.95,153537.0,56720722.65
2014-10-10,368.0,376.4,362.8,363.95,162151.0,59879298.25
2014-10-13,360.55,370.45,360.55,367.3,86562.0,31750184.05
2014-10-14,370.2,377.0,366.0,368.1,124547.0,46296717.35
2014-10-16,368.9,371.0,351.5,354.8,66454.0,24124354.95
2014-10-17,357.3,359.5,343.75,350.8,62506.0,22009970.25
2014-10-20,357.7,362.3,354.95,358.1,62404.0,22351894.3
2014-10-21,358.55,366.8,355.5,362.65,87729.0,31829635.9
2014-10-22,365.0,368.9,362.2,364.0,59926.0,21872303.6
2014-10-23,364.5,366.45,362.4,364.85,14156.0,5166486.3
2014-10-27,367.25,376.0,363.05,364.05,133067.0,49128155.7
2014-10-28,364.1,370.9,364.1,366.3,66794.0,24529842.5
2014-10-29,369.4,376.0,366.0,368.3,107461.0,39832215.85
2014-10-30,369.5,374.8,365.25,368.45,92172.0,34086315.85
2014-10-31,370.7,379.0,370.0,372.65,148156.0,55490699.0
2014-11-03,375.9,375.9,366.1,367.75,98317.0,36357762.95
2014-11-05,369.4,376.9,366.75,368.7,214534.0,79974841.45
2014-11-07,370.25,372.0,365.25,366.8,66410.0,24454266.05
2014-11-10,369.6,440.15,361.0,440.15,3333154.0,1380917866.2
2014-11-11,446.4,457.8,423.0,441.9,3167274.0,1403636753.75
2014-11-12,437.5,451.0,423.4,427.65,1147699.0,503908479.6
2014-11-13,429.6,435.6,412.6,415.3,362478.0,154165328.05
2014-11-14,416.9,421.7,405.5,409.0,216287.0,89316268.45
2014-11-17,409.95,424.9,409.95,413.0,395418.0,165355475.15
2014-11-18,416.4,425.0,411.1,413.85,313468.0,130749831.2
2014-11-19,415.3,423.95,401.85,407.0,254400.0,105435990.25
2014-11-20,406.1,411.65,396.8,404.0,141855.0,57338821.0
2014-11-21,404.2,416.5,404.0,405.95,203798.0,83385356.75
2014-11-24,405.5,409.7,400.7,401.95,101814.0,41204570.6
2014-11-25,401.55,403.65,380.0,384.85,128534.0,50021942.8
2014-11-26,383.6,402.9,383.25,395.5,270036.0,106964780.55
2014-11-27,394.1,401.0,392.0,394.45,82242.0,32575687.65
2014-11-28,396.0,406.85,395.25,397.25,145676.0,58279025.45
2014-12-01,395.5,402.0,386.0,389.6,101238.0,39981906.55
2014-12-02,387.15,393.0,381.1,390.75,90019.0,34911723.4
2014-12-03,389.05,427.25,389.05,415.0,611077.0,253434990.75
2014-12-04,417.5,423.3,406.25,411.6,187330.0,77802513.0
2014-12-05,413.65,425.9,404.9,407.45,352566.0,147415114.3
2014-12-08,407.9,409.85,395.05,399.05,98913.0,39800585.45
2014-12-09,396.1,400.0,386.95,388.4,90411.0,35455186.25
2014-12-10,387.0,398.4,385.75,391.65,101295.0,39785881.15
2014-12-11,394.0,394.0,385.0,385.55,70695.0,27397827.05
2014-12-12,390.0,397.7,376.0,378.35,138718.0,53921187.75
2014-12-15,374.6,379.45,370.05,372.5,60355.0,22616895.85
2014-12-16,368.8,371.6,352.1,357.65,73666.0,26707943.15
2014-12-17,356.2,361.4,340.1,349.3,91110.0,31910815.35
2014-12-18,356.0,378.6,356.0,370.55,205567.0,76044852.6
2014-12-19,375.5,392.0,372.5,375.55,177323.0,68032124.9
2014-12-22,378.4,384.0,372.75,375.2,78318.0,29514074.3
2014-12-23,376.45,387.05,375.0,381.45,105346.0,40269633.0
2014-12-24,388.0,406.25,385.2,388.35,612185.0,243442231.95
2014-12-26,390.3,393.0,383.65,385.75,96871.0,37592478.6
2014-12-29,388.25,395.75,382.0,383.75,100122.0,38850886.85
2014-12-30,385.7,391.7,383.0,385.1,88700.0,34387197.7
2014-12-31,387.25,391.5,385.65,387.6,65859.0,25562592.45
2015-01-01,385.7,401.45,385.7,395.35,200291.0,79069709.3
2015-01-02,396.4,412.0,396.2,405.55,319351.0,129347289.9
2015-01-05,401.55,418.0,399.1,407.85,266771.0,109649556.25
2015-01-06,405.2,405.2,385.65,387.85,99457.0,39199018.9
2015-01-07,388.3,392.95,382.2,385.9,65057.0,25182367.25
2015-01-08,389.8,397.9,389.8,393.05,108006.0,42533282.3
2015-01-09,396.5,397.0,387.55,388.7,54816.0,21506173.15
2015-01-12,389.45,404.0,386.0,398.45,170118.0,67637108.6
2015-01-13,402.0,407.6,395.0,397.3,117802.0,47347398.3
2015-01-14,395.3,403.5,392.0,395.5,54312.0,21621205.95
2015-01-15,400.1,402.5,393.6,395.75,44364.0,17610844.15
2015-01-16,394.0,398.95,391.0,392.1,56560.0,22309972.75
2015-01-19,394.1,401.5,393.0,394.3,62750.0,24865001.7
2015-01-20,397.35,412.9,396.6,403.15,311911.0,126580513.75
2015-01-21,404.9,409.8,395.05,397.85,94047.0,37793925.1
2015-01-22,398.9,407.0,396.0,400.45,92713.0,37200024.6
2015-01-23,403.85,404.0,392.3,394.45,69927.0,27805037.65
2015-01-27,396.4,400.0,393.8,395.9,45586.0,18083395.15
2015-01-28,397.35,435.4,395.05,401.0,1254290.0,524434879.45
2015-01-29,399.85,404.9,395.0,396.65,162410.0,64890737.75
2015-01-30,398.0,400.3,388.0,390.45,95806.0,37645049.7
2015-02-02,389.45,392.0,385.5,387.75,56771.0,22055042.75
2015-02-03,388.9,391.5,382.5,384.25,60142.0,23256928.7
2015-02-04,386.65,400.9,384.35,387.85,178851.0,70247374.05
2015-02-05,388.0,393.9,376.15,380.85,86281.0,33396818.05
2015-02-06,381.7,383.0,367.0,369.9,77185.0,28857626.95
2015-02-09,367.0,374.7,362.25,363.65,58646.0,21588511.5
2015-02-10,360.0,374.0,358.0,370.7,61533.0,22743285.4
2015-02-11,373.55,385.95,373.0,381.35,99459.0,37817385.8
2015-02-12,381.25,383.85,375.1,376.0,62133.0,23453841.2
2015-02-13,378.2,384.4,375.25,376.9,58106.0,22063437.45
2015-02-16,378.0,382.0,370.4,371.75,50676.0,19028789.9
2015-02-18,373.3,377.7,370.0,370.75,60706.0,22634638.0
2015-02-19,371.55,375.9,367.45,370.55,44426.0,16493435.5
2015-02-20,372.5,383.45,366.25,372.7,118563.0,44555014.9
2015-02-23,374.65,374.65,367.05,367.8,63904.0,23665156.6
2015-02-24,368.8,368.8,351.0,352.95,86094.0,30767938.45
2015-02-25,355.4,363.8,351.3,353.35,64551.0,23092073.35
2015-02-26,357.9,359.5,351.0,352.55,45583.0,16170846.65
2015-02-27,354.05,356.9,349.0,351.75,63888.0,22537608.55
2015-02-28,352.1,362.0,349.25,351.8,86898.0,30817467.1
2015-03-02,352.8,359.25,350.55,354.85,61727.0,21894140.9
2015-03-03,356.0,371.25,355.0,369.35,217874.0,79672799.25
2015-03-04,371.7,373.0,354.2,356.25,93468.0,34127650.3
2015-03-05,357.5,357.6,352.25,355.1,48831.0,17323377.8
2015-03-09,353.0,359.0,350.0,351.55,48892.0,17271386.15
2015-03-10,353.65,363.7,350.15,352.75,66055.0,23513821.3
2015-03-11,352.7,354.7,344.35,345.4,45751.0,15972636.4
2015-03-12,346.95,352.0,345.0,346.1,45333.0,15769716.25
2015-03-13,348.65,354.0,340.6,342.2,72949.0,25267628.75
2015-03-16,343.7,343.7,326.1,328.9,53281.0,17725018.4
2015-03-17,332.3,349.0,328.4,336.75,128069.0,43588880.65
2015-03-18,338.0,338.7,331.0,332.65,47531.0,15850290.5
2015-03-19,335.15,340.8,329.95,330.7,45470.0,15240322.75
2015-03-20,330.0,331.9,320.0,321.8,43313.0,14075930.85
2015-03-23,323.05,326.9,317.85,318.8,41318.0,13268831.85
2015-03-24,318.8,320.75,307.5,309.0,59957.0,18775766.2
2015-03-25,309.05,315.0,302.4,303.7,40158.0,12386775.55
2015-03-26,302.7,309.5,295.4,302.95,108222.0,32751940.85
2015-03-27,304.15,308.4,295.0,297.4,56741.0,17085823.6
2015-03-30,300.5,314.35,299.55,308.75,93286.0,28788939.65
2015-03-31,310.0,322.3,308.0,312.5,103616.0,32677495.8
2015-04-01,313.4,336.65,313.0,331.0,358646.0,117682471.65
2015-04-06,339.45,339.85,318.6,322.45,803782.0,264240567.7
2015-04-07,324.05,333.25,322.5,328.95,277539.0,91286172.4
2015-04-08,330.95,356.0,328.0,340.35,909882.0,314264846.25
2015-04-09,342.9,358.0,340.55,349.0,488193.0,171187089.3
2015-04-10,350.0,356.5,345.15,348.05,184137.0,64523325.4
2015-04-13,349.2,353.15,343.6,345.2,128565.0,44650418.7
2015-04-15,346.65,353.9,338.65,341.85,147130.0,50997059.6
2015-04-16,342.4,342.9,326.15,328.95,128338.0,42516425.8
2015-04-17,330.0,330.0,321.0,322.75,66892.0,21732921.5
2015-04-20,323.15,323.45,310.6,313.05,80567.0,25405053.6
2015-04-21,313.4,314.85,306.25,308.25,64019.0,19873902.15
2015-04-22,310.65,321.85,310.0,314.3,100552.0,31715051.15
2015-04-23,316.9,319.4,312.5,313.55,61671.0,19478649.55
2015-04-24,314.4,314.4,301.55,303.85,42692.0,13093989.1
2015-04-27,306.7,306.8,291.0,292.65,74263.0,21908867.7
2015-04-28,294.8,298.45,290.0,296.6,45413.0,13423274.3
2015-04-29,299.65,305.85,297.0,302.65,62641.0,18933030.4
2015-04-30,302.45,303.8,296.0,297.55,46564.0,13904362.5
2015-05-04,299.2,309.8,299.0,306.85,55091.0,16799292.5
2015-05-05,308.85,311.05,305.05,306.15,52053.0,16002848.3
2015-05-06,307.25,307.25,293.5,295.7,64440.0,19210242.35
2015-05-07,294.85,294.85,282.0,283.45,57642.0,16605263.85
2015-05-08,287.55,294.1,285.0,285.7,70329.0,20351090.15
2015-05-11,288.1,293.7,287.2,290.7,52897.0,15368735.3
2015-05-12,291.0,292.3,282.4,283.5,45139.0,12866200.4
2015-05-13,286.7,291.0,282.6,285.85,54140.0,15504046.15
2015-05-14,287.2,293.2,283.0,290.65,60014.0,17279357.3
2015-05-15,293.3,298.0,290.7,293.35,85377.0,25136089.9
2015-05-18,293.5,298.0,288.75,295.5,44463.0,13103601.4
2015-05-19,295.6,308.8,292.25,300.9,143239.0,43399450.6
2015-05-20,303.55,304.6,296.55,298.3,31101.0,9334141.55
2015-05-21,300.0,300.8,294.2,296.1,38867.0,11544599.05
2015-05-22,296.65,299.45,293.5,294.55,31957.0,9468848.1
2015-05-25,295.0,308.5,293.6,301.7,125178.0,37920263.3
2015-05-26,303.4,315.5,301.0,309.8,150763.0,46477135.2
2015-05-27,307.65,314.95,305.1,311.15,96662.0,30142401.45
2015-05-28,314.2,319.0,313.7,314.95,106427.0,33605852.8
2015-05-29,316.45,321.0,300.0,302.45,173601.0,53993113.25
2015-06-01,305.0,306.9,300.1,301.15,52443.0,15848072.95
2015-06-02,302.8,302.8,285.3,286.55,87964.0,25565464.45
2015-06-03,288.0,288.0,261.0,271.55,99758.0,27331846.4
2015-06-04,272.25,278.0,268.0,270.9,43688.0,11889274.1
2015-06-05,268.35,277.6,262.65,272.15,87868.0,23733061.05
2015-06-08,274.4,275.0,268.6,269.4,32985.0,8931005.75
2015-06-09,270.0,270.05,263.75,265.45,33134.0,8824177.95
2015-06-10,267.0,279.05,266.85,272.9,76235.0,20908185.1
2015-06-11,274.75,274.75,265.0,265.65,44200.0,11863195.2
2015-06-12,266.05,266.05,257.0,259.7,42328.0,11037921.8
2015-06-15,261.8,262.0,255.8,256.75,37271.0,9633144.4
2015-06-16,258.0,260.0,254.65,258.8,43138.0,11114993.7
2015-06-17,260.8,268.5,251.0,251.85,174061.0,45125434.0
2015-06-18,253.75,257.6,253.5,254.6,75783.0,19342761.1
2015-06-19,255.85,260.0,251.75,256.55,60059.0,15442038.2
2015-06-22,258.35,281.5,257.0,273.85,514331.0,141196393.95
2015-06-23,275.9,280.8,263.25,266.05,300215.0,81863156.45
2015-06-24,266.0,274.0,258.75,260.2,217023.0,57870596.75
2015-06-25,260.4,270.0,254.6,256.2,347328.0,90966895.0
2015-06-26,256.0,264.0,252.2,257.1,177146.0,45911429.25
2015-06-29,253.7,253.7,226.0,250.3,105719.0,26270194.6
2015-06-30,252.0,262.6,250.6,257.5,187291.0,48469442.35
2015-07-01,259.0,266.8,258.0,261.45,200280.0,52553949.75
2015-07-02,262.9,269.0,259.5,263.5,155314.0,41154065.55
2015-07-03,262.5,267.0,260.0,260.6,70815.0,18650125.2
2015-07-06,257.85,271.8,253.95,264.9,136745.0,36159322.5
2015-07-07,265.7,272.0,265.05,267.6,103660.0,27827140.2
2015-07-08,265.45,270.2,260.0,262.25,101892.0,26978970.55
2015-07-09,264.85,272.7,262.5,264.55,146137.0,39210019.95
2015-07-10,267.9,269.4,262.5,263.4,61612.0,16349754.7
2015-07-13,265.35,295.85,264.1,292.45,1382419.0,393905677.05
2015-07-14,296.9,314.0,295.65,298.1,1135713.0,346423132.35
2015-07-15,298.2,304.45,293.95,294.75,236677.0,70750593.85
2015-07-16,296.7,297.1,290.0,291.4,128704.0,37734335.05
2015-07-17,292.2,298.0,290.3,291.55,104260.0,30621155.4
2015-07-20,292.1,304.3,290.6,298.65,237245.0,70890799.35
2015-07-21,299.0,300.65,285.2,287.15,87707.0,25687105.55
2015-07-22,288.0,293.65,283.35,288.55,94172.0,27253514.75
2015-07-23,290.0,294.0,284.5,286.05,78532.0,22666878.95
2015-07-24,287.65,292.0,281.85,282.65,72691.0,20820706.6
2015-07-27,281.6,281.6,275.5,276.9,55225.0,15368522.25
2015-07-28,279.4,283.7,275.4,276.45,62602.0,17457116.35
2015-07-29,277.85,281.5,275.0,276.05,60247.0,16730261.9
2015-07-30,277.55,283.35,276.65,279.9,100584.0,28150627.75
2015-07-31,282.25,297.0,279.0,287.7,220746.0,63931298.15
2015-08-03,289.0,318.6,286.5,314.6,777371.0,239183128.7
2015-08-04,316.9,324.2,312.8,316.5,564907.0,180247096.9
2015-08-05,317.65,321.9,305.0,308.4,250374.0,78606441.4
2015-08-06,306.25,311.0,300.65,302.3,116973.0,35749350.65
2015-08-07,302.65,306.0,295.0,296.75,88066.0,26397834.85
2015-08-10,296.0,310.8,294.75,302.3,168397.0,51342299.35
2015-08-11,304.3,305.2,292.4,294.25,82197.0,24461951.9
2015-08-12,292.3,295.25,280.0,282.3,116488.0,33524875.9
2015-08-13,293.0,307.0,278.5,281.95,205706.0,60037565.85
2015-08-14,284.25,298.85,284.15,292.2,215406.0,62872510.3
2015-08-17,294.0,296.35,287.05,291.1,70966.0,20680653.3
2015-08-18,293.3,295.0,286.8,289.75,87256.0,25424396.1
2015-08-19,291.5,298.0,287.6,292.7,111890.0,32758818.2
2015-08-20,291.0,294.8,278.05,280.3,119912.0,34551289.5
2015-08-21,277.1,280.0,271.0,278.8,77578.0,21432690.1
2015-08-24,267.55,268.5,245.2,248.05,99399.0,25674197.7
2015-08-25,255.0,255.0,225.0,242.0,124850.0,29577836.1
2015-08-26,242.0,249.4,235.55,240.4,76535.0,18593218.15
2015-08-27,246.0,250.2,244.0,246.8,69231.0,17088572.7
2015-08-28,251.1,263.0,249.0,252.15,149282.0,38268204.0
2015-08-31,253.0,256.5,248.2,250.25,57174.0,14402700.15
2015-09-01,248.0,248.7,243.2,244.15,44923.0,11023484.45
2015-09-02,247.2,248.05,242.0,244.8,41285.0,10126014.15
2015-09-03,248.7,251.9,246.05,249.5,57717.0,14356061.75
2015-09-04,252.25,258.9,252.25,254.75,175301.0,44726184.65
2015-09-07,256.1,260.0,243.0,243.9,72258.0,17929019.95
2015-09-08,246.3,247.85,236.15,245.7,67476.0,16326182.0
2015-09-09,250.25,258.3,248.2,251.8,117700.0,29859003.9
2015-09-10,248.0,252.9,243.0,250.35,46255.0,11465038.9
2015-09-11,253.3,256.9,250.15,251.6,51718.0,13113388.4
2015-09-14,253.6,258.2,249.5,255.4,59124.0,15108565.6
2015-09-15,255.4,273.9,254.15,267.4,379241.0,101880036.75
2015-09-16,272.55,278.3,265.4,268.5,151892.0,41162208.75
2015-09-18,271.6,272.7,266.9,269.2,50517.0,13639479.85
2015-09-21,264.0,269.8,263.75,267.1,59076.0,15769935.8
2015-09-22,268.0,274.2,260.8,261.85,81730.0,21889875.5
2015-09-23,259.0,265.95,255.0,261.55,60143.0,15707846.95
2015-09-24,261.55,265.95,260.25,261.6,37326.0,9804841.2
2015-09-28,262.0,264.5,256.15,257.75,31193.0,8130894.75
2015-09-29,255.0,261.0,253.3,258.0,34205.0,8789980.65
2015-09-30,260.8,267.0,260.35,262.4,57000.0,15013371.9
2015-10-01,265.0,270.5,262.2,263.85,98184.0,26129821.75
2015-10-05,265.7,267.5,264.0,265.85,71188.0,18919334.35
2015-10-06,268.5,273.5,267.3,269.15,70554.0,19080554.3
2015-10-07,271.0,279.85,269.0,274.25,170074.0,46842224.7
2015-10-08,275.85,276.5,270.1,272.1,45876.0,12512572.95
2015-10-09,274.4,275.7,270.1,271.3,52137.0,14196455.4
2015-10-12,274.8,284.6,268.0,278.25,150983.0,41930128.05
2015-10-13,279.6,286.15,276.25,283.1,102005.0,28835917.05
2015-10-14,283.05,288.5,281.45,283.25,62673.0,17852845.45
2015-10-15,285.9,288.0,282.0,283.5,34949.0,9957268.25
2015-10-16,285.65,285.65,277.8,280.0,38062.0,10723136.3
2015-10-19,280.1,293.35,279.1,280.55,174134.0,49607330.9
2015-10-20,282.6,283.0,277.0,277.65,46923.0,13157022.45
2015-10-21,278.85,284.2,277.0,277.4,64675.0,18099654.3
2015-10-23,280.7,281.0,275.15,275.55,66407.0,18519608.45
2015-10-26,277.8,277.8,267.5,269.0,40210.0,10892608.95
2015-10-27,268.75,273.9,266.0,269.5,32921.0,8897214.05
2015-10-28,267.65,273.1,266.45,268.25,33856.0,9121813.65
2015-10-29,268.1,287.55,268.1,277.75,273548.0,77033050.55
2015-10-30,279.7,279.75,263.3,264.35,101017.0,27232183.25
2015-11-02,265.0,265.0,259.0,261.7,39569.0,10355882.3
2015-11-03,263.75,265.0,260.15,261.25,46942.0,12367220.7
2015-11-04,262.9,265.0,258.5,259.8,97656.0,25627057.3
2015-11-05,260.05,260.4,255.0,255.75,35230.0,9070680.3
2015-11-06,255.05,262.5,254.45,255.35,35320.0,9093469.05
2015-11-09,251.0,253.9,241.25,251.5,50250.0,12550390.9
2015-11-10,251.25,255.9,247.2,250.9,35464.0,8919110.2
2015-11-11,253.3,254.75,251.0,253.9,10166.0,2571950.85
2015-11-13,253.4,254.0,247.5,248.6,34063.0,8491883.75
2015-11-16,248.5,248.5,240.5,241.8,73633.0,17907948.85
2015-11-17,244.9,246.7,238.15,239.15,77284.0,18693575.25
2015-11-18,240.0,242.95,233.2,235.25,64836.0,15460102.7
2015-11-19,237.6,243.7,235.5,236.95,99823.0,23857376.45
2015-11-20,238.1,241.0,224.3,226.6,292669.0,68069714.35
2015-11-23,228.6,261.75,208.05,254.55,1963922.0,484612886.75
2015-11-24,257.0,261.0,242.05,245.75,860657.0,215325594.8
2015-11-26,247.65,261.8,242.55,254.75,698695.0,178527257.0
2015-11-27,256.5,266.0,250.15,262.3,407087.0,105847750.85
2015-11-30,264.0,268.45,260.2,263.8,263920.0,69782522.55
2015-12-01,264.2,272.8,261.2,264.2,253873.0,67725593.8
2015-12-02,265.75,266.3,257.85,261.35,85979.0,22525029.8
2015-12-03,261.0,282.5,257.0,273.75,735390.0,201202945.4
2015-12-04,269.1,275.8,262.2,264.45,190891.0,51471997.1
2015-12-07,266.8,271.4,263.6,267.4,106354.0,28444766.4
2015-12-08,265.95,268.7,257.3,259.95,70028.0,18505547.0
2015-12-09,260.0,260.9,248.15,249.15,69394.0,17577466.6
2015-12-10,251.4,259.0,244.15,256.2,100004.0,25443296.0
2015-12-11,256.95,264.0,250.75,253.85,119324.0,30668450.15
2015-12-14,250.0,264.0,250.0,261.35,120033.0,30936584.4
2015-12-15,261.1,269.85,261.0,266.05,135248.0,36096017.8
2015-12-16,267.85,273.85,263.5,266.3,217271.0,58619034.4
2015-12-17,268.85,268.85,262.8,264.9,81629.0,21656764.4
2015-12-18,265.65,271.0,263.55,267.2,100029.0,26769047.25
2015-12-21,266.0,279.8,265.5,273.7,253675.0,69931982.45
2015-12-22,275.65,280.0,270.4,273.05,139443.0,38491817.9
2015-12-23,274.9,277.7,273.0,274.85,92200.0,25362779.9
2015-12-24,273.55,275.5,270.95,271.8,44367.0,12101913.25
2015-12-28,272.95,279.0,270.9,274.05,63392.0,17432534.95
2015-12-29,274.85,275.45,270.0,271.35,46964.0,12781835.4
2015-12-30,272.9,275.9,266.5,268.35,60218.0,16355823.6
2015-12-31,269.25,277.25,268.0,274.3,80367.0,21946660.2
2016-01-01,273.25,275.9,271.6,273.7,43528.0,11905004.5
2016-01-04,271.5,273.75,265.0,266.7,44243.0,11892842.45
2016-01-05,268.4,281.0,267.75,274.2,139980.0,38476874.8
2016-01-06,275.0,280.9,272.5,274.3,137985.0,38247474.3
2016-01-07,268.35,271.3,261.0,262.2,58191.0,15465974.85
2016-01-08,263.5,268.5,263.5,265.9,32115.0,8538519.95
2016-01-11,260.05,266.75,258.25,263.7,56253.0,14788005.15
2016-01-12,264.0,269.4,261.3,261.95,41979.0,11110983.45
2016-01-13,264.95,265.7,241.2,253.8,67122.0,16972293.4
2016-01-14,248.0,256.1,244.05,250.15,47059.0,11761802.15
2016-01-15,250.2,254.5,237.0,238.95,50142.0,12380843.75
2016-01-18,235.0,242.7,225.1,229.1,53309.0,12334320.95
2016-01-19,234.0,242.6,229.55,239.4,74356.0,17614295.45
2016-01-20,236.7,242.0,230.4,235.25,53658.0,12552078.15
2016-01-21,239.05,244.0,233.75,236.9,38236.0,9104576.4
2016-01-22,238.4,243.95,238.0,241.6,36586.0,8817753.45
2016-01-25,245.0,248.8,242.6,243.8,22976.0,5632267.55
2016-01-27,244.05,249.0,243.0,245.3,29793.0,7333137.2
2016-01-28,248.7,248.7,245.0,245.2,16309.0,4005740.85
2016-01-29,246.7,252.0,245.5,249.35,30443.0,7563142.95
2016-02-01,250.1,256.3,250.1,252.7,32327.0,8190830.4
2016-02-02,254.15,261.9,247.25,248.7,28443.0,7228873.95
2016-02-03,245.0,248.0,242.0,244.8,40383.0,9849133.75
2016-02-04,251.95,252.0,239.1,241.7,18367.0,4496789.0
2016-02-05,241.6,246.5,241.05,243.75,14529.0,3543299.75
2016-02-08,245.9,245.9,241.3,241.85,13267.0,3229371.0
2016-02-09,240.0,242.0,236.05,237.3,10755.0,2563340.4
2016-02-10,236.65,236.65,230.5,232.15,12266.0,2857069.35
2016-02-11,230.3,234.25,221.05,224.25,60050.0,13621876.65
2016-02-12,221.95,223.05,211.0,214.9,28763.0,6216762.95
2016-02-15,227.45,230.0,216.15,228.5,25624.0,5765123.35
2016-02-16,230.5,234.0,223.95,225.55,28244.0,6469483.35
2016-02-17,227.75,227.75,213.0,221.0,23980.0,5234095.2
2016-02-18,226.0,229.6,223.1,223.9,20925.0,4719360.4
2016-02-19,225.0,227.0,222.0,224.5,12395.0,2780886.4
2016-02-22,226.0,231.15,223.65,224.35,16244.0,3683128.8
2016-02-23,225.4,225.4,217.6,219.55,11980.0,2633496.55
2016-02-24,219.05,220.0,214.5,216.6,12598.0,2742908.9
2016-02-25,220.9,220.9,211.8,213.45,38019.0,8221662.45
2016-02-26,216.1,217.55,210.0,210.7,15539.0,3318397.35
2016-02-29,212.55,220.0,208.3,212.2,17576.0,3738415.2
2016-03-01,218.65,225.0,214.0,219.4,37165.0,8187471.95
2016-03-02,223.0,232.1,222.9,226.45,60924.0,13914908.8
2016-03-03,228.65,233.2,226.1,230.5,34448.0,7933553.2
2016-03-04,231.0,238.0,228.0,231.15,44689.0,10367699.35
2016-03-08,231.75,237.5,230.55,233.35,30412.0,7110723.85
2016-03-09,233.0,254.0,230.35,246.4,237444.0,58410346.65
2016-03-10,247.0,248.85,241.0,242.4,63728.0,15570046.2
2016-03-11,243.0,244.8,234.0,235.7,29524.0,7024965.45
2016-03-14,238.45,239.7,232.95,234.4,37279.0,8818865.2
2016-03-15,233.2,234.75,229.0,231.05,32801.0,7597155.55
2016-03-16,232.35,242.75,228.1,235.45,140985.0,33542544.75
2016-03-17,238.0,240.7,232.65,234.7,35260.0,8360997.0
2016-03-18,235.95,238.0,231.5,232.55,25605.0,5999732.25
2016-03-21,233.85,238.0,231.75,233.75,35829.0,8376278.85
2016-03-22,234.05,237.5,232.9,235.6,28294.0,6663786.55
2016-03-23,236.0,240.9,233.75,236.25,47786.0,11332529.25
2016-03-28,235.2,236.9,228.35,229.85,24113.0,5620923.05
2016-03-29,230.95,231.0,224.6,225.65,41312.0,9364250.35
2016-03-30,229.15,231.0,225.1,228.3,26986.0,6163740.95
2016-03-31,228.5,233.0,227.0,227.9,28174.0,6467653.65
2016-04-01,226.8,234.8,226.0,231.0,47830.0,11075632.0
2016-04-04,229.2,237.0,229.15,234.85,36652.0,8596302.85
2016-04-05,234.5,234.6,228.3,229.65,22228.0,5140795.0
2016-04-06,231.4,233.5,229.55,231.25,26608.0,6155543.15
2016-04-07,232.75,237.0,230.35,232.45,46777.0,10935172.2
2016-04-08,231.55,235.35,230.5,234.3,22144.0,5172887.95
2016-04-11,235.95,258.0,235.95,245.2,284725.0,70664680.15
2016-04-12,246.75,247.1,241.55,243.85,39953.0,9788263.25
2016-04-13,245.95,251.0,244.3,245.6,65139.0,16132617.65
2016-04-18,245.1,246.45,242.1,243.65,18994.0,4631659.1
2016-04-20,245.0,252.25,244.1,249.0,55283.0,13751469.0
2016-04-21,250.9,254.7,247.55,250.15,46631.0,11680039.35
2016-04-22,251.0,256.95,247.05,250.15,63147.0,15943815.5
2016-04-25,248.2,254.9,248.0,250.3,25562.0,6417377.3
2016-04-26,249.75,251.8,249.0,250.0,23445.0,5865203.2
2016-04-27,250.05,256.0,249.5,250.15,90321.0,22861122.9
2016-04-28,250.0,256.9,241.2,247.25,123798.0,31212308.8
2016-04-29,248.5,254.5,245.5,250.5,57014.0,14292194.5
2016-05-02,250.5,253.0,249.5,250.45,21021.0,5272946.8
2016-05-03,247.8,254.8,247.8,250.0,27527.0,6923687.7
2016-05-04,250.4,251.3,242.7,243.7,23411.0,5776191.75
2016-05-05,245.4,248.8,242.0,243.6,19886.0,4875454.65
2016-05-06,244.5,244.5,240.85,242.45,15584.0,3775832.95
2016-05-09,244.7,246.8,243.75,244.4,13596.0,3328628.9
2016-05-10,243.15,245.55,243.0,245.0,13571.0,3315651.5
2016-05-11,243.05,245.45,241.15,242.85,19364.0,4705680.3
2016-05-12,244.55,253.95,243.15,248.25,71618.0,17943499.45
2016-05-13,247.85,247.85,242.75,243.4,17515.0,4291219.3
2016-05-16,243.65,247.0,242.5,245.4,15529.0,3794430.65
2016-05-17,247.45,247.5,243.1,244.6,13716.0,3369658.25
2016-05-18,243.5,246.15,242.3,243.6,14210.0,3466786.2
2016-05-19,244.8,245.1,239.95,240.55,14241.0,3456140.95
2016-05-20,242.55,243.65,236.45,237.75,13673.0,3275953.3
2016-05-23,239.7,242.3,234.0,234.95,15602.0,3702014.8
2016-05-24,237.35,238.0,231.7,233.0,13831.0,3244637.15
2016-05-25,236.7,238.7,234.15,235.45,11252.0,2655323.7
2016-05-26,237.85,237.85,230.0,234.5,14578.0,3414442.25
2016-05-27,235.6,239.05,235.55,237.0,23813.0,5661014.5
2016-05-30,238.95,245.0,238.25,241.45,32907.0,7966250.55
2016-05-31,247.0,258.7,247.0,251.2,132927.0,33706482.15
2016-06-01,249.05,253.4,245.0,252.5,44447.0,11119359.3
2016-06-02,255.5,279.7,254.5,270.25,1685995.0,459190011.95
2016-06-03,271.95,274.25,252.5,256.0,283120.0,74940512.2
2016-06-06,255.0,264.9,254.3,263.35,121828.0,31853030.1
2016-06-07,264.0,268.95,258.1,266.3,90438.0,23978110.25
2016-06-08,267.1,272.0,260.5,270.25,81082.0,21788795.95
2016-06-09,275.0,285.5,273.5,276.05,469041.0,131512820.5
2016-06-10,275.75,282.0,270.55,272.25,101604.0,28135992.65
2016-06-13,269.9,273.95,267.25,270.3,48112.0,13003324.5
2016-06-14,271.8,271.95,265.4,268.4,30764.0,8271714.3
2016-06-15,268.5,274.0,268.05,269.0,41017.0,11113482.45
2016-06-16,268.95,284.9,267.5,271.7,183295.0,50671322.75
2016-06-17,274.4,276.25,270.1,272.05,69184.0,18928682.6
2016-06-20,269.8,277.0,265.2,273.75,91569.0,24965880.6
2016-06-21,273.7,282.85,269.0,279.1,164122.0,45479036.7
2016-06-22,285.0,289.0,275.0,277.05,293617.0,82962001.4
2016-06-23,278.0,278.4,270.0,270.9,43447.0,11881779.75
2016-06-24,252.55,266.2,252.55,263.45,76148.0,19851763.25
2016-06-27,265.5,270.7,262.4,265.55,51318.0,13708830.15
2016-06-28,266.1,276.25,266.1,273.3,158885.0,43229902.65
2016-06-29,278.4,278.4,272.1,273.25,104335.0,28755246.55
2016-06-30,274.9,277.2,264.35,268.15,102929.0,27884661.65
2016-07-01,270.0,271.0,268.1,269.2,29582.0,7971618.7
2016-07-04,270.95,273.75,269.95,271.15,30751.0,8354429.15
2016-07-05,271.2,272.0,264.5,266.55,33874.0,9095919.65
2016-07-07,267.0,273.5,266.5,268.4,56539.0,15244463.6
2016-07-08,268.5,269.5,265.1,266.7,24115.0,6439715.85
2016-07-11,268.25,273.0,268.1,269.6,34242.0,9256871.95
2016-07-12,272.0,277.0,269.1,271.75,138126.0,37746334.95
2016-07-13,273.0,277.9,268.5,272.2,56444.0,15458337.8
2016-07-14,270.0,274.5,269.6,271.35,41915.0,11409279.8
2016-07-15,272.85,273.0,269.6,270.15,28089.0,7598994.35
2016-07-18,270.5,280.85,270.0,271.05,223875.0,62055034.8
2016-07-19,272.45,274.7,269.5,271.45,29117.0,7907880.85
2016-07-20,271.65,275.05,271.5,273.75,32931.0,8997036.6
2016-07-21,274.95,276.7,271.45,272.05,31045.0,8484375.6
2016-07-22,272.95,273.7,270.1,271.55,28330.0,7697913.95
2016-07-25,272.05,279.5,270.6,273.95,79968.0,22068732.65
2016-07-26,274.75,275.8,267.65,268.9,33334.0,9049942.0
2016-07-27,270.45,273.5,269.6,271.25,16425.0,4457005.55
2016-07-28,271.45,280.8,270.6,278.4,77960.0,21533916.05
2016-07-29,283.0,286.2,276.35,278.55,287918.0,81417398.35
2016-08-01,280.1,281.8,274.0,275.15,44003.0,12233155.35
2016-08-02,276.0,277.9,272.0,272.55,29725.0,8168011.95
2016-08-03,273.3,273.4,265.1,267.9,33727.0,9094928.95
2016-08-04,272.0,275.0,262.0,264.8,31927.0,8511224.65
2016-08-05,267.1,269.4,263.0,264.15,34624.0,9208713.05
2016-08-08,264.15,269.7,264.15,265.85,30234.0,8056000.95
2016-08-09,266.45,266.5,263.0,263.8,15539.0,4105499.4
2016-08-10,263.4,264.85,256.0,257.7,23302.0,6047334.55
2016-08-11,257.5,264.35,255.0,260.15,35624.0,9279779.15
2016-08-12,259.5,264.9,256.65,258.5,43505.0,11371204.6
2016-08-16,259.5,259.5,248.6,249.65,50391.0,12690649.65
2016-08-17,250.0,253.6,249.1,251.25,24307.0,6114267.25
2016-08-18,252.9,258.9,248.45,254.75,56032.0,14251104.65
2016-08-19,255.7,263.25,253.55,258.55,86973.0,22620671.25
2016-08-22,260.0,260.35,254.25,255.75,23287.0,5990261.85
2016-08-23,254.55,259.9,252.25,253.7,28530.0,7301115.35
2016-08-24,254.65,255.9,250.5,252.6,16838.0,4268026.95
2016-08-25,253.55,255.45,251.15,252.2,17341.0,4393847.1
2016-08-26,253.9,266.75,251.35,256.3,140963.0,36767128.95
2016-08-29,257.15,257.45,246.15,252.55,28279.0,7153668.45
2016-08-30,252.9,256.8,252.2,253.15,33910.0,8631845.4
2016-08-31,254.35,256.5,253.0,254.55,20732.0,5279913.75
2016-09-01,255.65,256.1,251.55,252.05,15415.0,3909517.1
2016-09-02,252.05,253.95,250.35,251.6,16072.0,4053027.3
2016-09-06,253.9,257.9,252.25,254.1,33935.0,8640322.5
2016-09-07,255.05,263.0,251.0,255.9,56693.0,14586019.45
2016-09-08,255.05,269.8,254.35,265.25,170461.0,45183523.65
2016-09-09,267.0,277.0,265.0,275.3,267194.0,72805240.15
2016-09-12,275.0,285.0,266.1,268.1,432569.0,120019368.85
2016-09-14,269.75,275.0,267.0,270.35,59282.0,16079628.8
2016-09-15,271.85,283.0,271.85,274.0,187336.0,52177481.6
2016-09-16,275.1,278.9,267.25,268.4,40165.0,10960137.0
2016-09-19,270.6,273.0,267.0,269.2,28152.0,7603657.9
2016-09-20,270.6,277.0,267.1,273.8,83077.0,22657226.35
2016-09-21,273.5,275.45,268.0,268.9,24256.0,6593800.15
2016-09-22,271.25,279.9,270.1,277.1,117687.0,32419232.65
2016-09-23,278.0,281.0,272.15,275.6,89389.0,24782741.15
2016-09-26,273.55,277.0,269.6,270.6,27483.0,7513374.65
2016-09-27,271.65,273.7,265.0,266.8,23445.0,6304741.95
2016-09-28,267.95,274.0,267.0,270.3,33128.0,8989453.6
2016-09-29,270.55,278.6,250.0,258.15,164605.0,43745342.3
2016-09-30,266.1,270.0,258.5,261.7,131698.0,34647638.85
2016-10-03,261.0,268.75,261.0,262.25,64738.0,17128004.45
2016-10-04,263.2,267.5,262.05,262.95,38861.0,10269560.45
2016-10-05,264.75,267.25,263.0,264.85,31097.0,8248625.1
2016-10-06,266.95,272.3,263.95,264.5,55155.0,14743928.4
2016-10-07,265.0,265.45,261.0,262.65,16780.0,4418991.25
2016-10-10,264.9,269.9,263.25,265.7,50298.0,13428273.05
2016-10-13,265.95,265.95,256.2,258.45,31824.0,8295639.3
2016-10-14,259.5,266.0,257.55,263.0,66551.0,17493978.15
2016-10-17,264.25,264.7,257.9,258.1,34984.0,9093566.15
2016-10-18,260.1,267.9,260.1,263.95,109545.0,29055249.1
2016-10-19,264.65,268.0,261.75,263.25,27546.0,7292636.8
2016-10-20,264.75,266.2,263.5,263.85,26282.0,6948615.15
2016-10-21,264.0,265.9,262.05,262.3,31111.0,8206169.5
2016-10-24,264.35,274.0,263.0,266.5,89755.0,24150175.2
2016-10-25,267.75,271.8,264.7,269.1,51083.0,13662014.75
2016-10-26,272.5,279.1,270.0,272.4,155163.0,42536349.85
2016-10-27,273.45,301.95,271.1,291.7,1953234.0,570929452.5
2016-10-28,294.6,307.0,294.0,300.2,579365.0,174236197.5
2016-10-30,304.3,304.3,295.2,297.65,72348.0,21737394.9
2016-11-01,299.95,300.65,287.5,290.05,122217.0,35686531.35
2016-11-02,287.2,287.2,275.75,278.2,92564.0,26044646.75
2016-11-03,279.8,292.65,279.05,284.45,196185.0,56241597.85
2016-11-04,286.9,287.3,268.25,270.3,101191.0,27739048.15
2016-11-07,279.9,279.9,273.35,274.5,49581.0,13668803.35
2016-11-08,275.35,277.0,268.25,270.2,39040.0,10596671.0
2016-11-09,240.0,266.0,232.0,263.7,75516.0,19253991.35
2016-11-10,269.0,272.4,265.1,266.05,37800.0,10142888.2
2016-11-11,261.85,264.95,249.35,251.8,126049.0,32211393.7
2016-11-15,252.0,253.0,235.6,236.7,52197.0,12549720.0
2016-11-16,242.0,244.2,237.9,238.55,37352.0,9018319.2
2016-11-17,243.0,243.0,232.2,233.6,27396.0,6456035.75
2016-11-18,236.0,237.0,231.0,233.45,13111.0,3062880.4
2016-11-21,236.85,236.95,216.0,218.4,38174.0,8585995.2
2016-11-22,222.0,227.0,214.7,221.15,69635.0,15470446.4
2016-11-23,226.0,226.65,223.5,225.15,19077.0,4290513.65
2016-11-24,225.0,229.0,223.2,225.9,21385.0,4836530.5
2016-11-25,227.2,231.35,226.1,230.1,39696.0,9101161.1
2016-11-28,229.5,236.5,229.0,234.6,33887.0,7913163.6
2016-11-29,236.45,245.45,235.7,239.55,75345.0,18199815.25
2016-11-30,241.75,243.8,237.5,239.65,25017.0,6008150.3
2016-12-01,240.6,242.0,236.15,236.95,18493.0,4418450.6
2016-12-02,235.85,237.0,233.1,233.8,14988.0,3513654.95
2016-12-05,238.0,238.0,231.0,234.45,10407.0,2427301.25
2016-12-06,236.7,240.4,235.1,236.2,17134.0,4066650.95
2016-12-07,237.9,237.9,234.15,235.5,13296.0,3142503.3
2016-12-08,236.35,239.4,236.35,237.7,7467.0,1776391.8
2016-12-09,239.65,244.0,237.55,240.85,36265.0,8763083.15
2016-12-12,240.0,243.8,236.0,237.2,26639.0,6396306.8
2016-12-13,238.0,248.9,238.0,243.35,102700.0,25184828.2
2016-12-14,244.9,244.9,238.0,238.35,18009.0,4335691.5
2016-12-15,236.7,239.85,230.0,235.45,20354.0,4810928.2
2016-12-16,237.5,237.5,233.0,233.45,17018.0,3990402.05
2016-12-19,234.6,236.25,231.1,234.9,12351.0,2891474.2
2016-12-20,235.95,235.95,230.1,230.95,10121.0,2347472.75
2016-12-21,232.7,232.7,228.55,229.8,12318.0,2848642.45
2016-12-22,229.05,229.55,225.1,226.4,14258.0,3239439.5
2016-12-23,227.75,231.8,224.6,225.6,16252.0,3683464.05
2016-12-26,225.5,228.85,221.35,221.9,10279.0,2289846.05
2016-12-27,225.55,225.55,220.15,224.3,6500.0,1451419.2
2016-12-28,227.7,227.8,224.05,224.65,9658.0,2182195.8
2016-12-29,226.0,228.65,224.55,227.25,8720.0,1980724.45
2016-12-30,227.4,235.95,227.4,234.5,17664.0,4114832.85
2017-01-02,236.05,258.65,236.05,249.7,341667.0,86003500.6
2017-01-03,249.65,256.5,246.0,252.25,103985.0,26210109.05
2017-01-04,250.55,256.0,250.0,250.65,51809.0,13106190.4
2017-01-05,255.6,258.5,252.75,254.2,52550.0,13395817.15
2017-01-06,252.5,257.9,247.35,247.85,33484.0,8409920.2
2017-01-09,247.05,251.95,246.05,248.05,13163.0,3274428.25
2017-01-10,248.85,254.0,248.45,249.9,17583.0,4416056.4
2017-01-11,251.85,253.75,248.0,249.6,35597.0,8947994.4
2017-01-12,249.7,251.5,243.6,244.45,22206.0,5474138.95
2017-01-13,245.45,247.8,243.1,244.4,19123.0,4689088.4
2017-01-16,245.35,249.8,243.0,246.2,17678.0,4340138.15
2017-01-17,248.0,255.65,246.55,249.55,73064.0,18430332.95
2017-01-18,250.9,254.0,249.0,249.85,24102.0,6061933.95
2017-01-19,250.95,253.0,250.0,250.15,15964.0,4004899.65
2017-01-20,250.65,251.0,243.2,244.35,16849.0,4171610.15
2017-01-23,246.8,248.45,243.0,244.8,8525.0,2095498.15
2017-01-24,246.5,246.6,242.6,244.4,12998.0,3182837.05
2017-01-25,246.5,248.0,244.95,245.85,16890.0,4155486.4
2017-01-27,247.0,248.95,244.0,244.45,35546.0,8753207.3
2017-01-30,243.95,250.9,243.95,245.05,50087.0,12402759.35
2017-01-31,245.5,246.75,244.05,244.5,18851.0,4619461.55
2017-02-01,244.5,246.15,242.0,244.15,13799.0,3367424.25
2017-02-02,245.3,246.95,241.25,243.15,25355.0,6172664.55
2017-02-03,244.75,245.0,242.2,242.95,23047.0,5616836.55
2017-02-06,245.15,246.65,243.2,243.6,27161.0,6645038.45
2017-02-07,242.25,245.9,242.25,242.5,32934.0,8022213.8
2017-02-08,242.0,245.0,242.0,242.9,30207.0,7360615.15
2017-02-09,244.55,255.0,242.65,251.4,207034.0,52172276.45
2017-02-10,253.85,260.9,252.0,253.15,257992.0,66276133.85
2017-02-13,254.6,255.35,248.45,250.1,29461.0,7392120.9
2017-02-14,250.95,251.0,236.0,238.6,130596.0,31538621.25
2017-02-15,237.35,242.6,232.5,233.85,31880.0,7489179.65
2017-02-16,233.85,235.0,229.25,230.3,45280.0,10509863.2
2017-02-17,232.85,232.85,228.0,229.35,32686.0,7530957.3
2017-02-20,230.6,236.4,228.45,230.35,61096.0,14184577.9
2017-02-21,230.85,232.35,229.0,229.4,44845.0,10322713.6
2017-02-22,230.85,241.0,229.5,235.65,176685.0,41811648.45
2017-02-23,236.85,236.85,232.2,233.25,21926.0,5139580.15
2017-02-27,233.9,234.85,231.0,232.0,28196.0,6557989.25
2017-02-28,232.85,236.7,229.0,233.95,25446.0,5942618.55
2017-03-01,235.0,237.5,233.35,235.65,40778.0,9625398.8
2017-03-02,236.65,236.75,231.5,231.85,19951.0,4662670.55
2017-03-03,232.2,233.0,230.0,230.65,15545.0,3594203.25
2017-03-06,231.9,234.4,231.15,231.75,19668.0,4573220.5
2017-03-07,232.35,233.0,230.05,230.85,20451.0,4725490.25
2017-03-08,232.0,232.0,225.0,227.45,43384.0,9871668.3
2017-03-09,227.0,228.95,224.0,224.85,49711.0,11210794.7
2017-03-10,226.65,230.7,226.05,227.95,21031.0,4784058.6
2017-03-14,231.35,232.95,227.6,228.45,13745.0,3153424.05
2017-03-15,229.8,236.95,228.35,231.85,97397.0,22730952.55
2017-03-16,233.6,233.9,230.1,232.05,23459.0,5453262.2
2017-03-17,233.0,244.4,232.85,238.35,308318.0,74066643.5
2017-03-20,239.55,239.55,235.1,236.7,35472.0,8399967.5
2017-03-21,237.05,237.05,232.45,233.55,25669.0,6020174.05
2017-03-22,232.4,242.4,231.15,236.85,79137.0,18880110.1
2017-03-23,238.5,242.7,237.7,238.95,55563.0,13354057.25
2017-03-24,239.1,241.4,233.9,235.5,32535.0,7743182.15
2017-03-27,232.2,238.5,232.2,235.05,25280.0,5951803.9
2017-03-28,236.75,243.65,236.1,241.45,133464.0,32131255.1
2017-03-29,243.25,247.8,240.2,244.05,126027.0,30846079.6
2017-03-30,246.0,251.7,244.3,249.8,127731.0,31851689.2
2017-03-31,250.7,251.05,245.05,246.2,37774.0,9349893.35
2017-04-03,247.7,252.9,246.05,250.3,50572.0,12632474.8
2017-04-05,250.3,257.0,247.5,250.1,99315.0,25187818.9
2017-04-06,248.3,252.5,245.9,246.8,40017.0,9940661.0
2017-04-07,247.0,249.5,244.5,245.7,28500.0,7044618.95
2017-04-10,249.0,251.0,245.6,249.2,26061.0,6495393.8
2017-04-11,249.2,252.9,248.0,249.15,33026.0,8274545.55
2017-04-12,248.0,250.65,244.4,245.75,31557.0,7789700.15
2017-04-13,246.0,247.95,245.0,245.2,15524.0,3817117.35
2017-04-17,245.5,247.0,243.05,245.1,15348.0,3762085.85
2017-04-18,245.9,248.95,242.6,243.55,25038.0,6151693.5
2017-04-19,244.0,244.9,240.5,241.5,15997.0,3883793.7
2017-04-20,242.95,246.8,242.1,244.45,20633.0,5035860.8
2017-04-21,245.0,266.55,245.0,254.3,535254.0,138233257.3
2017-04-24,256.3,269.5,253.05,263.05,484913.0,127966881.1
2017-04-25,265.95,272.0,264.1,265.85,188239.0,50468764.5
2017-04-26,267.4,267.4,254.15,256.1,136889.0,35460452.1
2017-04-27,255.05,261.0,254.0,256.7,64831.0,16682825.3
2017-04-28,256.8,261.0,255.05,255.7,52352.0,13478489.2
2017-05-02,257.5,262.0,257.0,257.55,56785.0,14717809.6
2017-05-03,258.55,264.6,257.1,259.85,154481.0,40328149.15
2017-05-04,260.8,264.15,258.55,260.0,130494.0,34130385.45
2017-05-05,260.1,264.9,253.5,255.2,102429.0,26595573.0
2017-05-08,255.55,259.0,253.5,254.8,32807.0,8412851.4
2017-05-09,254.8,258.8,252.0,253.75,63020.0,16084126.5
2017-05-10,253.05,256.7,250.6,252.1,46102.0,11685424.8
2017-05-11,253.25,256.0,249.1,249.9,50784.0,12823309.2
2017-05-12,251.0,253.9,249.4,251.35,65377.0,16409269.8
2017-05-15,252.95,259.0,252.05,257.65,75007.0,19239310.15
2017-05-16,258.65,259.0,252.75,255.15,46325.0,11826352.3
2017-05-17,254.85,255.95,251.75,253.45,36597.0,9288701.9
2017-05-18,251.9,252.0,245.0,247.05,38758.0,9640535.85
2017-05-19,248.85,250.7,243.15,246.1,34082.0,8453362.0
2017-05-22,248.45,248.45,241.5,242.65,17262.0,4225969.25
2017-05-23,244.3,244.4,235.1,237.35,23617.0,5618502.2
2017-05-24,239.9,239.9,228.8,229.55,23627.0,5514538.35
2017-05-25,230.5,233.4,229.55,232.55,21172.0,4891666.65
2017-05-26,233.5,241.9,232.65,239.2,29449.0,6995900.5
2017-05-29,241.3,242.0,234.4,235.4,21567.0,5111104.2
2017-05-30,228.85,228.85,218.0,220.25,90932.0,20185273.5
2017-05-31,222.95,224.1,215.25,217.0,57046.0,12529867.15
2017-06-01,217.05,221.7,217.05,220.6,23219.0,5106327.35
2017-06-02,221.2,248.0,221.2,232.8,1047339.0,249739097.3
2017-06-05,233.9,240.0,227.0,230.05,154499.0,36130783.9
2017-06-06,228.4,240.9,225.1,231.85,528255.0,124432062.0
2017-06-07,232.65,235.55,229.0,230.05,97310.0,22628877.3
2017-06-08,230.0,236.5,229.0,233.15,111457.0,25991492.8
2017-06-09,232.5,235.0,230.0,231.0,65187.0,15143275.45
2017-06-12,230.0,231.85,228.2,229.05,37028.0,8504538.7
2017-06-13,229.5,232.0,227.75,228.35,31128.0,7151108.05
2017-06-14,229.9,263.7,227.6,256.9,1689930.0,426360822.3
2017-06-15,256.0,283.8,251.0,267.25,2880511.0,783974053.75
2017-06-16,269.0,274.9,262.3,263.55,402437.0,107722815.5
2017-06-19,265.65,281.25,264.2,273.1,1284107.0,354702068.4
2017-06-20,274.0,275.5,267.05,268.85,245704.0,66572467.0
2017-06-21,267.9,276.75,266.0,268.75,431350.0,117278504.65
2017-06-22,269.8,273.9,261.0,262.7,187257.0,50252669.7
2017-06-23,263.95,265.0,252.1,253.35,214283.0,55016786.1
2017-06-27,254.9,257.8,242.7,243.8,152451.0,37945182.5
2017-06-28,242.45,246.3,239.0,241.05,116547.0,28246838.8
2017-06-29,243.0,252.25,242.5,248.15,241848.0,60074016.25
2017-06-30,246.0,247.85,242.4,243.4,89027.0,21765792.15
2017-07-03,244.9,250.8,243.0,248.8,115845.0,28696411.85
2017-07-04,250.0,267.2,245.5,257.5,600161.0,156631607.05
2017-07-05,259.05,264.8,258.5,260.2,223308.0,58417083.25
2017-07-06,261.55,265.8,257.55,258.45,282976.0,74124157.35
2017-07-07,258.35,262.9,255.55,257.5,175879.0,45584454.8
2017-07-10,258.9,259.7,256.0,257.8,25650.0,6605049.85
2017-07-11,259.9,264.9,256.25,257.35,228582.0,59655191.75
2017-07-12,258.7,271.35,258.0,263.7,460636.0,122812403.0
2017-07-13,265.5,266.75,258.8,259.95,144294.0,37947366.0
2017-07-14,259.1,260.0,254.0,255.95,89196.0,22889757.35
2017-07-17,255.15,257.85,254.0,255.25,79683.0,20393887.1
2017-07-18,254.7,261.0,253.6,255.55,125649.0,32311955.95
2017-07-19,258.15,258.15,254.0,255.1,65157.0,16674870.4
2017-07-20,257.6,259.0,251.6,253.0,60887.0,15508550.5
2017-07-21,254.0,260.95,250.05,252.0,226931.0,57825100.5
2017-07-24,252.95,254.4,250.05,250.9,61913.0,15595682.45
2017-07-25,251.0,254.0,249.05,251.5,115186.0,28964623.25
2017-07-26,250.25,257.95,250.2,255.9,267513.0,68122158.2
2017-07-27,257.3,257.3,249.5,250.75,56344.0,14216395.6
2017-07-28,249.9,252.6,248.15,249.35,52413.0,13105201.7
2017-07-31,250.0,257.95,248.3,249.6,228953.0,57932262.4
2017-08-01,250.6,251.9,247.5,249.7,58464.0,14605625.85
2017-08-02,250.0,250.9,245.8,247.0,120821.0,29919778.65
2017-08-03,247.2,247.3,240.1,240.7,60209.0,14642996.4
2017-08-04,241.3,242.55,236.2,240.5,48462.0,11617929.75
2017-08-07,240.4,244.5,238.0,242.8,48217.0,11667061.2
2017-08-08,243.0,243.65,236.3,237.2,36017.0,8597729.95
2017-08-09,237.0,237.0,228.0,230.55,57444.0,13289853.1
2017-08-10,228.95,229.5,222.0,223.05,52530.0,11867970.6
2017-08-11,221.95,223.9,218.0,220.05,75325.0,16588695.3
2017-08-14,222.05,227.5,222.05,225.65,39998.0,8982974.7
2017-08-16,227.7,233.5,221.0,222.2,116372.0,26340939.35
2017-08-17,222.35,229.4,222.3,228.0,79459.0,18042192.0
2017-08-18,226.5,229.95,223.35,225.0,60468.0,13660587.2
2017-08-21,227.05,229.5,222.5,223.35,28004.0,6325696.3
2017-08-22,224.4,226.9,222.5,223.4,35924.0,8065314.5
2017-08-23,223.8,227.9,223.75,224.75,38984.0,8777175.8
2017-08-24,220.0,236.9,220.0,232.2,353778.0,82383343.7
2017-08-28,234.85,249.4,233.1,236.1,336197.0,81245060.6
2017-08-29,234.75,239.0,231.55,233.15,69482.0,16292731.25
2017-08-30,235.2,238.7,235.0,236.15,54117.0,12807751.05
2017-08-31,237.65,237.95,233.0,235.5,44788.0,10548687.25
2017-09-01,235.45,238.05,233.5,234.5,49734.0,11721676.05
2017-09-04,235.4,235.7,230.15,231.2,37134.0,8628565.8
2017-09-05,232.5,236.95,231.65,235.55,83614.0,19615749.4
2017-09-06,233.8,238.75,232.95,236.75,78052.0,18420838.6
2017-09-07,237.55,242.95,235.5,236.45,85736.0,20541068.75
2017-09-08,237.7,241.9,234.5,238.45,84682.0,20166080.75
2017-09-11,240.25,241.45,238.0,239.55,43888.0,10519109.25
2017-09-12,240.75,242.4,238.35,239.0,45214.0,10851981.75
2017-09-13,238.05,246.95,237.15,238.25,203811.0,49531895.95
2017-09-14,237.0,241.25,235.0,237.5,61786.0,14737829.35
2017-09-15,238.05,242.75,237.5,238.9,75365.0,18067510.85
2017-09-18,240.9,242.0,236.9,238.55,99497.0,23800715.15
2017-09-19,239.0,248.0,239.0,243.15,144867.0,35334157.3
2017-09-20,244.1,251.0,243.05,243.8,134092.0,33116410.55
2017-09-21,244.85,246.15,238.0,240.6,42145.0,10215708.35
2017-09-22,239.9,239.9,230.4,232.1,44804.0,10509474.6
2017-09-25,233.2,233.2,224.05,226.3,33821.0,7689191.6
2017-09-26,227.05,233.0,227.05,229.45,29911.0,6867114.5
2017-09-27,231.0,232.0,222.95,224.0,26116.0,5920390.3
2017-09-28,224.0,228.8,224.0,225.3,21749.0,4906944.5
2017-09-29,242.0,258.8,242.0,245.75,1628736.0,408449561.2
2017-10-03,249.9,249.9,240.2,243.0,141380.0,34374070.95
2017-10-04,243.2,254.95,241.15,246.95,302245.0,75156203.05
2017-10-05,247.0,253.6,244.9,247.2,100477.0,24974983.55
2017-10-06,252.0,254.8,250.0,251.1,229949.0,57959843.15
2017-10-09,241.6,246.0,232.15,240.65,204526.0,49411223.2
2017-10-10,242.2,244.0,238.05,239.1,62747.0,15107561.85
2017-10-11,238.05,240.8,230.0,232.1,74409.0,17508991.65
2017-10-12,234.0,237.35,232.85,233.9,48143.0,11292759.5
2017-10-13,233.7,237.0,231.4,231.85,51008.0,11925901.1
2017-10-16,233.0,237.3,231.85,232.3,75989.0,17787522.15
2017-10-17,233.0,242.05,231.55,233.6,242797.0,57573622.15
2017-10-18,233.2,236.5,232.65,233.4,32208.0,7533225.55
2017-10-19,234.9,234.95,232.1,233.65,9862.0,2306353.3
2017-10-23,234.95,236.9,232.65,233.75,42632.0,9999567.6
2017-10-24,233.8,235.7,229.7,230.85,52659.0,12193554.0
2017-10-25,233.0,233.45,230.0,230.3,24247.0,5605533.15
2017-10-26,231.5,233.65,230.1,231.3,40709.0,9433169.3
2017-10-27,233.0,233.0,230.1,230.95,38859.0,9008443.0
2017-10-30,232.75,234.85,231.0,231.8,39319.0,9138228.8
2017-10-31,233.0,233.8,231.1,231.75,29858.0,6936567.05
2017-11-01,232.0,235.0,231.5,231.95,66238.0,15415984.7
2017-11-02,232.55,234.0,231.5,232.65,34008.0,7906475.1
2017-11-03,234.0,239.8,232.1,235.5,136248.0,32245104.2
2017-11-06,235.5,239.1,233.0,236.75,61772.0,14622776.35
2017-11-07,236.75,241.75,233.05,233.85,135781.0,32256940.15
2017-11-08,234.25,237.25,231.6,232.2,44027.0,10324674.45
2017-11-09,233.0,236.0,232.0,233.5,26404.0,6175829.45
2017-11-10,233.0,234.0,230.4,230.85,35207.0,8168093.85
2017-11-13,232.2,235.8,231.3,232.35,42143.0,9818575.7
2017-11-14,232.25,234.25,228.25,229.2,62557.0,14414592.2
2017-11-15,229.0,229.65,226.1,226.6,29843.0,6799618.15
2017-11-16,226.4,233.5,226.4,230.05,26841.0,6161900.2
2017-11-17,231.7,232.6,228.0,229.55,31360.0,7216415.85
2017-11-20,230.0,232.8,227.3,230.9,23958.0,5518091.1
2017-11-21,231.7,233.95,230.9,231.85,24347.0,5660352.6
2017-11-22,232.65,242.8,231.3,235.6,220958.0,52590332.85
2017-11-23,235.75,238.4,232.1,234.4,42499.0,10016097.35
2017-11-24,236.0,236.7,232.2,232.9,46132.0,10791998.8
2017-11-27,233.05,238.7,232.1,234.05,61519.0,14476605.2
2017-11-28,236.9,237.65,234.0,235.1,47490.0,11195388.6
2017-11-29,235.95,237.5,234.95,235.1,33268.0,7850077.4
2017-11-30,234.85,242.0,233.2,236.75,75996.0,18071704.6
2017-12-01,237.0,251.9,236.25,242.25,705478.0,173624151.15
2017-12-04,244.85,249.0,240.9,242.65,223721.0,54844905.5
2017-12-05,243.3,243.35,239.3,241.15,51393.0,12387409.85
2017-12-06,240.05,241.7,238.0,238.4,54668.0,13080836.4
2017-12-07,237.5,244.0,234.85,235.9,91899.0,21931141.8
2017-12-08,236.95,240.0,236.3,237.3,39259.0,9343057.6
2017-12-11,238.15,239.9,234.1,235.45,61129.0,14492275.6
2017-12-12,236.45,251.5,234.05,236.65,621270.0,151943555.75
2017-12-13,237.0,241.1,233.3,234.65,117278.0,27860290.25
2017-12-14,236.6,237.0,231.25,233.15,64032.0,14945028.55
2017-12-15,234.55,239.2,231.0,233.55,158749.0,37401352.8
2017-12-18,234.0,238.95,225.1,231.35,178042.0,41658739.9
2017-12-19,231.25,238.9,231.25,232.75,159743.0,37566375.5
2017-12-20,234.0,238.6,233.4,235.8,94258.0,22283906.15
2017-12-21,240.0,243.6,238.0,238.8,197700.0,47550811.25
2017-12-22,239.9,240.0,235.3,235.95,51327.0,12198729.95
2017-12-26,236.0,238.1,233.4,236.2,40434.0,9556241.6
2017-12-27,237.85,242.5,236.5,237.4,169942.0,40739236.6
2017-12-28,238.4,239.75,236.1,236.4,31241.0,7404183.4
2017-12-29,237.0,240.8,236.1,238.85,67005.0,15998681.9
2018-01-01,238.05,242.4,237.0,237.5,58590.0,14041365.85
2018-01-02,242.8,247.95,240.55,241.35,449114.0,109588001.85
2018-01-03,242.3,244.9,240.1,240.9,80211.0,19403930.45
2018-01-04,241.9,244.0,241.3,242.15,60562.0,14677746.15
2018-01-05,242.9,244.5,240.7,241.7,123652.0,29996683.7
2018-01-08,243.8,243.8,241.0,241.55,65031.0,15754866.75
2018-01-09,242.95,250.0,241.35,245.45,327834.0,80884865.75
2018-01-10,247.55,247.55,242.0,242.4,56339.0,13721248.65
2018-01-11,244.0,245.15,241.4,242.05,71379.0,17359895.3
2018-01-12,242.85,243.75,238.75,240.65,51675.0,12462733.45
2018-01-15,241.3,245.55,241.3,242.6,60559.0,14740733.25
2018-01-16,243.0,243.9,237.0,237.45,57047.0,13693211.05
2018-01-17,238.85,238.85,232.6,238.0,40767.0,9610460.25
2018-01-18,238.0,245.0,233.75,234.75,114474.0,27527020.15
2018-01-19,234.0,238.4,234.0,237.6,30391.0,7200210.35
2018-01-22,237.1,238.95,235.1,235.5,35250.0,8351820.45
2018-01-23,236.15,240.55,233.6,235.0,56790.0,13482466.0
2018-01-24,236.4,236.4,232.1,232.8,21548.0,5038605.7
2018-01-25,233.4,234.85,232.0,232.55,19706.0,4588311.85
2018-01-29,232.55,240.8,228.8,230.25,120763.0,28478095.95
2018-01-30,230.65,231.5,226.0,227.6,27733.0,6318454.5
2018-01-31,229.5,229.55,225.0,226.3,24532.0,5571516.4
2018-02-01,227.95,227.95,223.0,224.6,30257.0,6805483.8
2018-02-02,224.0,224.0,215.6,217.65,70292.0,15451055.65
2018-02-05,217.0,222.8,212.0,221.0,34541.0,7527187.55
2018-02-06,212.0,217.4,211.0,214.55,38262.0,8183874.95
2018-02-07,217.7,221.0,214.0,215.9,36369.0,7915242.0
2018-02-08,217.55,221.4,217.1,220.15,35654.0,7830705.25
2018-02-09,219.6,222.0,212.05,219.25,20307.0,4430708.0
2018-02-12,222.9,225.5,220.9,223.15,29475.0,6575353.5
2018-02-14,225.0,242.4,222.1,235.4,608135.0,142843273.25
2018-02-15,235.0,242.0,231.0,233.45,184687.0,43915466.75
2018-02-16,234.0,235.0,223.35,225.45,46174.0,10495079.3
2018-02-19,225.9,227.0,218.3,219.4,38519.0,8484309.8
2018-02-20,218.15,222.0,215.35,215.95,33757.0,7348654.1
2018-02-21,218.0,219.2,215.0,215.65,29033.0,6274975.3
2018-02-22,216.95,218.75,213.75,214.15,28919.0,6227557.8
2018-02-23,216.45,217.95,215.0,215.45,25255.0,5457961.3
2018-02-26,217.9,218.85,215.1,215.75,36248.0,7858818.85
2018-02-27,217.4,217.9,215.7,215.85,13852.0,2998706.7
2018-02-28,215.85,217.2,215.2,215.95,14521.0,3138151.0
2018-03-01,216.0,218.2,215.1,215.5,24665.0,5339223.1
2018-03-05,215.6,216.65,211.2,212.05,27753.0,5903127.7
2018-03-06,214.9,214.9,202.0,203.15,77096.0,15982941.4
2018-03-07,202.9,202.95,196.25,198.25,42274.0,8408695.05
2018-03-08,200.9,202.1,196.2,201.05,38369.0,7655495.95
2018-03-09,203.45,203.45,197.1,198.0,14506.0,2888882.5
2018-03-12,200.95,200.95,197.35,198.25,23321.0,4630457.15
2018-03-13,198.4,202.5,197.8,200.8,18303.0,3679891.05
2018-03-14,200.8,201.15,198.45,199.45,14602.0,2913291.65
2018-03-15,199.05,203.0,198.65,202.35,17145.0,3447041.15
2018-03-16,202.55,204.0,197.05,199.05,23626.0,4750759.55
2018-03-19,198.95,198.95,192.0,193.4,21947.0,4288247.6
2018-03-20,190.2,193.95,181.2,188.15,32520.0,6123624.25
2018-03-21,189.85,193.0,186.55,187.65,23648.0,4487727.2
2018-03-22,188.4,189.9,184.05,185.25,23762.0,4433231.4
2018-03-23,182.5,182.5,176.05,177.85,67237.0,11953820.75
2018-03-26,180.0,180.05,174.9,176.1,59587.0,10568084.0
2018-03-27,177.8,181.45,177.15,180.4,45458.0,8162309.75
2018-03-28,179.5,179.5,173.3,173.8,33208.0,5814511.6
2018-04-02,175.5,176.75,174.1,174.9,85180.0,14907385.0
2018-04-03,175.1,176.25,174.5,175.05,50434.0,8827328.35
2018-04-04,176.8,181.0,171.9,172.6,138429.0,24502796.8
2018-04-05,175.0,176.1,173.4,173.8,60463.0,10559851.3
2018-04-06,174.4,175.0,173.3,174.25,43205.0,7537357.1
2018-04-09,175.0,177.0,174.3,175.15,61305.0,10776632.3
2018-04-10,175.5,176.0,173.5,173.85,55831.0,9750811.65
2018-04-11,174.7,175.0,169.0,169.85,78756.0,13502076.4
2018-04-12,170.45,172.0,167.85,168.5,65601.0,11172293.6
2018-04-13,171.0,172.0,164.15,165.95,324290.0,54687585.0
2018-04-16,163.0,170.95,161.5,169.7,97342.0,16399185.75
2018-04-17,170.7,170.8,164.6,165.75,49229.0,8213333.05
2018-04-18,167.0,168.4,164.65,165.9,37878.0,6299490.45
2018-04-19,166.75,170.6,166.25,167.3,61230.0,10317203.95
2018-04-20,167.9,178.0,165.0,172.15,430222.0,74147940.3
2018-04-23,173.4,187.4,173.0,180.8,1142781.0,206968236.05
2018-04-24,181.8,184.8,176.65,179.05,143610.0,26006984.35
2018-04-25,178.1,178.5,172.65,174.05,45854.0,8027084.35
2018-04-26,175.0,176.9,171.05,174.25,45505.0,7928363.6
2018-04-27,174.65,182.3,172.65,177.5,85769.0,15289043.35
2018-04-30,177.0,180.4,175.5,176.9,29214.0,5200353.25
2018-05-02,177.5,184.4,175.0,179.6,106247.0,19209456.6
2018-05-03,179.9,180.0,165.2,167.15,134720.0,22885610.5
2018-05-04,166.5,168.85,164.4,167.45,28181.0,4702911.55
2018-05-07,167.9,168.7,165.35,165.8,18213.0,3036153.35
2018-05-08,166.65,167.3,163.0,164.05,24685.0,4079453.45
2018-05-09,164.9,168.65,159.15,167.45,42864.0,7121443.95
2018-05-10,167.2,167.2,164.0,165.5,18969.0,3139106.1
2018-05-11,165.95,167.2,162.9,163.65,26930.0,4418980.85
2018-05-14,162.2,164.75,160.05,161.15,20849.0,3375622.9
2018-05-15,160.45,165.75,160.0,160.45,21157.0,3440992.4
2018-05-16,160.0,161.0,156.05,160.45,28715.0,4561766.9
2018-05-17,160.0,163.0,158.65,159.85,16589.0,2653760.6
2018-05-18,161.8,164.9,157.6,158.4,27660.0,4464512.35
2018-05-21,159.9,159.9,153.6,154.4,17835.0,2778417.1
2018-05-22,154.05,154.45,151.0,151.5,25797.0,3929016.35
2018-05-23,152.05,158.7,150.6,151.15,81754.0,12657110.55
2018-05-24,152.0,154.45,151.25,152.65,32580.0,4974551.85
2018-05-25,155.0,177.75,155.0,175.1,589672.0,100682553.5
2018-05-28,171.0,174.0,151.35,153.75,901679.0,141413401.2
2018-05-29,153.0,153.0,144.4,145.25,172106.0,25515532.5
2018-05-30,144.5,149.8,142.25,145.45,86086.0,12627030.65
2018-05-31,147.0,149.3,144.4,145.25,52996.0,7769662.0
2018-06-01,145.95,146.6,141.15,142.15,41412.0,5938645.3
2018-06-04,140.65,145.75,131.9,132.95,72782.0,9958442.0
2018-06-05,134.5,134.5,129.25,129.95,36825.0,4817798.4
2018-06-06,129.45,131.0,125.05,128.7,32017.0,4121856.85
2018-06-07,129.2,136.0,129.2,133.15,60738.0,8059781.1
2018-06-08,132.35,137.95,131.3,135.3,49845.0,6747506.15
2018-06-11,135.5,139.0,135.0,135.8,33988.0,4667085.4
2018-06-12,135.0,138.8,133.8,134.7,26239.0,3578133.95
2018-06-13,134.75,152.8,134.75,143.6,711657.0,104731721.05
2018-06-14,143.55,149.15,141.35,145.8,153741.0,22417335.65
2018-06-15,145.4,153.2,145.0,147.05,147935.0,22140100.1
2018-06-18,147.0,147.0,142.05,143.15,15758.0,2262446.25
2018-06-19,142.3,142.55,140.5,140.9,16607.0,2351040.95
2018-06-20,141.1,144.0,141.0,141.4,17200.0,2444093.05
2018-06-21,141.9,147.5,138.05,139.8,59810.0,8535464.9
2018-06-22,139.95,141.55,138.75,139.1,18853.0,2630987.05
2018-06-25,138.4,139.25,133.0,134.45,39858.0,5437992.25
2018-06-26,134.0,137.7,130.05,130.6,43632.0,5832112.95
2018-06-27,130.95,132.45,120.0,121.6,70482.0,8714983.95
2018-06-28,120.0,120.9,116.1,117.05,42440.0,5033653.45
2018-06-29,117.8,125.45,117.8,122.6,49166.0,6038269.25
2018-07-02,124.4,124.4,118.7,120.15,20703.0,2491781.2
2018-07-03,123.0,123.0,118.85,121.55,14625.0,1764977.4
2018-07-04,121.95,121.95,119.5,120.35,10368.0,1246831.4
2018-07-05,120.45,120.95,116.2,117.7,11053.0,1312930.35
2018-07-06,118.65,124.4,116.0,121.5,41599.0,5044768.35
2018-07-09,122.9,126.8,121.0,123.95,41636.0,5186814.8
2018-07-10,126.95,129.25,125.7,126.85,24127.0,3067883.05
2018-07-11,126.0,126.65,122.8,123.25,14784.0,1839695.7
2018-07-12,123.65,131.9,123.65,124.5,123626.0,15823192.65
2018-07-13,125.6,126.35,120.5,121.05,18354.0,2251792.95
2018-07-16,123.65,123.65,117.05,118.6,16149.0,1911499.75
2018-07-17,118.95,132.8,116.55,122.3,250373.0,31349283.45
2018-07-18,122.8,123.75,118.1,118.85,29069.0,3504051.5
2018-07-19,121.0,121.0,115.45,115.8,25854.0,3022245.8
2018-07-20,115.15,116.8,113.55,114.05,26756.0,3086714.9
2018-07-23,114.75,115.95,108.7,109.4,55018.0,6093242.1
2018-07-24,109.15,122.0,109.0,115.0,406064.0,47521844.6
2018-07-25,115.5,123.75,114.8,118.9,229687.0,27734156.75
2018-07-26,119.45,121.5,115.55,116.55,40225.0,4767780.55
2018-07-27,117.3,120.8,117.0,117.55,56913.0,6756874.55
2018-07-30,118.25,119.9,117.5,117.75,23613.0,2798849.0
2018-07-31,118.45,127.8,117.9,123.4,257863.0,31946611.8
2018-08-01,123.75,126.4,120.9,121.55,80968.0,10004140.8
2018-08-02,121.55,125.0,120.75,122.1,53077.0,6522447.75
2018-08-03,122.5,133.85,122.5,133.05,285692.0,37233180.8
2018-08-06,136.4,140.6,134.0,137.1,412839.0,56682335.7
2018-08-07,138.1,139.2,133.05,134.35,94930.0,12930627.8
2018-08-08,131.2,140.95,131.0,135.3,142572.0,19481465.55
2018-08-09,135.0,139.5,134.05,135.4,88968.0,12128226.35
2018-08-10,136.3,139.7,131.3,132.65,119102.0,16235940.05
2018-08-13,133.5,133.5,127.35,127.8,27630.0,3588268.95
2018-08-14,128.3,132.4,128.3,129.8,37007.0,4844417.6
2018-08-16,128.9,129.45,126.1,126.75,21847.0,2798830.85
2018-08-17,126.8,130.4,126.8,127.35,40181.0,5148668.7
2018-08-20,127.35,132.75,127.35,131.05,57228.0,7482553.65
2018-08-21,131.85,134.9,129.0,129.75,62287.0,8234081.6
2018-08-23,130.35,131.35,126.05,126.65,37718.0,4835362.6
2018-08-24,126.8,128.75,123.45,123.75,67224.0,8442778.1
2018-08-27,124.5,125.85,120.25,120.5,76110.0,9323581.6
2018-08-28,122.7,126.0,121.5,122.7,47407.0,5854354.55
2018-08-29,121.9,127.45,121.7,125.8,84372.0,10569605.8
2018-08-30,126.45,131.0,125.1,129.5,92068.0,11915124.5
2018-08-31,129.8,133.7,129.1,131.45,56943.0,7505606.6
2018-09-03,130.2,135.9,130.0,130.65,69102.0,9187638.9
2018-09-04,131.25,131.9,125.35,125.8,27444.0,3512977.9
2018-09-05,125.1,126.75,123.75,125.15,18538.0,2310909.4
2018-09-06,125.9,126.6,123.9,124.85,16014.0,1998559.75
2018-09-07,124.75,128.4,124.6,125.0,21456.0,2697909.5
2018-09-10,125.7,126.4,122.15,122.9,20841.0,2581446.9
2018-09-11,123.7,124.5,120.0,120.25,21737.0,2649882.0
2018-09-12,120.25,121.1,117.1,118.55,18334.0,2173002.8
2018-09-14,119.3,122.7,119.3,121.6,14083.0,1710075.25
2018-09-17,121.05,125.5,120.25,122.2,69035.0,8446461.8
2018-09-18,122.35,126.1,117.9,119.85,87287.0,10764918.75
2018-09-19,120.45,121.5,115.6,117.95,27215.0,3246856.05
2018-09-21,120.1,120.1,111.1,115.1,26627.0,3101221.6
2018-09-24,114.0,115.0,110.55,111.0,29196.0,3270677.9
2018-09-25,112.3,113.4,109.4,110.95,28113.0,3121671.35
2018-09-26,114.6,114.6,111.0,113.1,19380.0,2194268.1
2018-09-27,112.4,114.0,106.05,107.85,35112.0,3841883.15
2018-09-28,108.1,109.5,99.35,101.45,45790.0,4761524.75
2018-10-01,101.4,101.45,95.85,99.1,23979.0,2364250.05
2018-10-03,99.2,105.0,99.0,103.1,24877.0,2551962.7
2018-10-04,100.0,102.95,99.8,100.3,22822.0,2299190.8
2018-10-05,99.9,102.75,99.1,100.5,17773.0,1794847.15
2018-10-08,99.8,100.2,96.75,97.65,15632.0,1540644.9
2018-10-09,98.3,99.2,94.0,94.35,22902.0,2187354.85
2018-10-10,94.7,103.35,94.7,101.1,30376.0,3022366.4
2018-10-11,97.5,99.8,95.95,98.0,12304.0,1203357.4
2018-10-12,98.0,103.65,98.0,101.35,22419.0,2290552.25
2018-10-15,102.0,104.85,100.5,102.75,13690.0,1414907.85
2018-10-16,102.2,117.5,102.2,113.4,258335.0,29375114.9
2018-10-17,116.0,120.9,112.1,112.6,151458.0,17768500.8
2018-10-19,111.5,112.35,108.0,108.95,16002.0,1752974.25
2018-10-22,109.7,111.0,103.9,104.4,23818.0,2539807.35
2018-10-23,103.75,104.25,99.7,100.15,26963.0,2723956.2
2018-10-24,101.15,103.5,100.15,101.15,15036.0,1526918.45
2018-10-25,100.35,101.75,98.0,99.55,17587.0,1744871.9
2018-10-26,100.45,100.45,97.05,97.9,22567.0,2222475.2
2018-10-29,99.35,101.0,98.6,100.2,19732.0,1974592.45
2018-10-30,99.05,104.85,99.0,101.9,34176.0,3521612.5
2018-10-31,102.0,103.35,101.2,102.3,10578.0,1082985.3
2018-11-01,103.0,105.5,102.0,104.2,17677.0,1841293.65
2018-11-02,109.0,110.95,105.75,107.7,45274.0,4913409.65
2018-11-05,108.0,113.5,107.95,112.15,35245.0,3918957.8
2018-11-06,113.95,114.0,109.0,110.05,15774.0,1763793.05
2018-11-07,114.0,114.05,110.1,111.4,8146.0,913426.7
2018-11-09,111.9,113.75,110.1,112.75,16755.0,1882515.55
2018-11-12,112.1,114.25,110.75,111.2,19690.0,2212840.45
2018-11-13,112.0,113.75,109.1,112.95,23854.0,2657131.5
2018-11-14,111.0,111.0,102.5,103.85,95333.0,9976674.75
2018-11-15,105.75,105.75,103.05,103.95,11709.0,1220480.2
2018-11-16,104.5,104.75,102.75,102.85,10860.0,1123069.6
2018-11-19,103.0,103.4,102.0,102.35,10326.0,1059031.65
2018-11-20,101.7,102.55,100.05,100.25,16308.0,1648388.25
2018-11-21,100.0,107.5,99.6,104.65,100325.0,10578532.9
2018-11-22,105.5,105.5,101.4,102.05,16493.0,1702983.0
2018-11-26,103.0,103.35,100.4,101.45,10520.0,1067520.4
2018-11-27,102.0,103.05,100.1,101.1,13363.0,1355623.4
2018-11-28,100.6,103.55,100.35,101.35,12161.0,1235239.4
2018-11-29,102.15,103.05,100.5,101.65,7979.0,810483.4
2018-11-30,102.3,103.0,100.45,101.25,12950.0,1311835.1
2018-12-03,101.75,101.9,100.0,100.45,10322.0,1038660.45
2018-12-04,101.0,103.5,99.3,100.1,25115.0,2539652.15
2018-12-05,100.75,102.2,99.0,99.7,15021.0,1501737.4
2018-12-06,99.35,99.35,96.0,96.9,10221.0,995039.95
2018-12-07,97.5,99.0,94.6,95.6,11768.0,1137511.4
2018-12-10,95.0,95.0,92.8,93.05,14998.0,1401737.65
2018-12-11,93.0,95.0,91.1,94.05,23760.0,2217226.8
2018-12-12,94.7,97.05,94.1,96.55,8465.0,815401.15
2018-12-13,96.3,100.8,96.3,97.9,21949.0,2166656.4
2018-12-14,98.35,98.35,96.0,97.3,5928.0,576617.9
2018-12-17,97.35,102.0,97.2,99.0,18213.0,1811759.15
2018-12-18,98.05,99.3,97.85,98.3,10821.0,1064436.85
2018-12-19,98.9,102.35,98.3,100.5,34050.0,3438264.6
2018-12-20,99.0,101.2,98.4,99.7,13015.0,1298589.2
2018-12-21,107.55,114.4,106.3,110.15,1070861.0,119441553.15
2018-12-24,108.8,109.85,105.35,106.05,72341.0,7733641.2
2018-12-26,106.0,106.35,104.0,104.2,31866.0,3336303.5
2018-12-27,104.9,105.8,103.7,103.95,14730.0,1536461.2
2018-12-28,104.55,110.7,104.55,107.3,105002.0,11381200.95
2018-12-31,106.6,109.5,105.0,107.75,42489.0,4594221.6
2019-01-01,107.6,117.8,105.5,113.95,404421.0,46389036.05
2019-01-02,112.1,125.9,110.5,123.75,971767.0,118920779.75
2019-01-03,123.5,125.3,115.8,118.25,189754.0,23019495.0
2019-01-04,119.0,120.0,116.25,117.0,79197.0,9337173.4
2019-01-07,117.8,119.2,115.05,115.6,55773.0,6519700.2
2019-01-08,115.5,117.75,114.2,114.75,34527.0,3988649.45
2019-01-09,114.75,117.85,113.9,114.65,30867.0,3575092.15
2019-01-10,114.55,115.85,113.0,113.6,13556.0,1547381.8
2019-01-11,115.1,115.1,110.15,110.95,23046.0,2588310.25
2019-01-14,110.45,117.5,109.8,114.3,66695.0,7648976.3
2019-01-15,113.7,116.85,112.5,113.25,33838.0,3868462.4
2019-01-16,113.05,117.3,112.5,115.3,53490.0,6175246.4
2019-01-17,115.75,118.9,112.9,113.8,37775.0,4368923.45
2019-01-18,114.15,114.7,111.1,111.4,18034.0,2024525.3
2019-01-21,112.1,113.0,110.05,110.35,18015.0,2005873.75
2019-01-22,110.0,110.45,106.2,106.55,31166.0,3358058.3
2019-01-23,106.75,109.0,105.9,106.75,25773.0,2775777.7
2019-01-24,106.8,106.8,104.8,105.15,10015.0,1058505.65
2019-01-25,106.0,108.35,100.95,102.0,30192.0,3188647.25
2019-01-28,103.55,103.55,97.9,98.55,34137.0,3397864.0
2019-01-29,99.15,101.1,97.2,98.75,23137.0,2299808.05
2019-01-30,99.2,103.5,98.1,99.0,30372.0,3061135.05
2019-01-31,99.6,103.5,99.5,100.1,11452.0,1152878.35
2019-02-01,100.65,101.8,97.9,98.55,11324.0,1126077.45
2019-02-04,98.0,98.25,95.6,96.2,18600.0,1794298.45
2019-02-05,97.0,100.1,95.2,95.6,50537.0,4930752.55
2019-02-06,96.35,96.5,89.65,90.2,42075.0,3850315.6
2019-02-07,90.3,93.05,90.3,90.65,25293.0,2312939.8
2019-02-08,90.95,91.7,90.15,90.95,14041.0,1278316.65
2019-02-11,90.5,92.3,89.7,91.05,21633.0,1966746.25
2019-02-12,90.9,92.0,89.8,90.25,13138.0,1193408.25
2019-02-13,90.55,92.1,90.05,90.25,15458.0,1410415.75
2019-02-14,89.65,91.3,89.5,90.15,16137.0,1459140.55
2019-02-15,90.55,90.7,88.8,89.4,8859.0,795696.6
2019-02-18,89.0,89.75,88.8,88.85,11678.0,1039729.75
2019-02-19,88.7,89.6,87.8,88.9,10330.0,919002.2
2019-02-20,88.75,90.4,88.0,89.7,12918.0,1153638.25
2019-02-21,90.0,98.45,89.3,97.35,92092.0,8750835.7
2019-02-22,96.7,98.8,94.3,96.0,21171.0,2048989.15
2019-02-25,96.6,100.7,95.4,98.0,34493.0,3397921.4
2019-02-26,96.95,96.95,95.0,95.8,13224.0,1265584.75
2019-02-27,96.4,98.95,90.2,94.25,27195.0,2577497.15
2019-02-28,94.15,95.25,93.85,94.2,7836.0,739828.3
2019-03-01,93.6,98.75,93.6,98.15,29172.0,2851077.45
2019-03-05,96.2,104.0,96.2,102.3,71609.0,7298241.2
2019-03-06,104.9,108.75,103.75,106.8,57438.0,6105333.55
2019-03-07,107.5,113.35,107.0,108.55,126446.0,13940715.15
2019-03-08,108.0,109.25,105.15,105.65,24513.0,2617919.95
2019-03-11,105.95,108.9,105.95,107.4,13214.0,1419199.55
2019-03-12,108.7,112.4,108.05,109.05,43161.0,4751975.35
2019-03-13,109.8,112.0,108.5,109.95,28708.0,3161007.25
2019-03-14,110.0,111.0,108.5,108.95,10542.0,1156155.95
2019-03-15,109.2,111.5,106.7,107.2,22743.0,2485386.15
2019-03-18,107.8,108.1,101.2,103.45,28559.0,2977286.5
2019-03-19,103.0,107.0,101.1,103.65,36435.0,3786257.55
2019-03-20,103.05,105.0,101.9,102.65,15780.0,1629776.4
2019-03-22,103.35,104.4,101.45,101.55,12589.0,1299163.9
2019-03-25,101.0,101.45,99.25,100.0,16079.0,1609254.5
2019-03-26,100.6,104.0,100.6,103.5,47010.0,4814099.2
2019-03-27,104.3,104.35,100.45,100.55,55908.0,5656464.35
2019-03-28,101.4,103.7,101.4,102.0,41074.0,4180398.3
2019-03-29,102.15,103.85,101.95,103.1,21019.0,2162755.8
2019-04-01,104.0,105.65,102.65,104.35,17034.0,1780144.05
2019-04-02,103.75,106.9,103.1,105.25,12925.0,1347598.1
2019-04-03,104.95,107.1,103.6,103.85,14789.0,1556026.0
2019-04-04,104.55,104.55,101.8,102.25,8300.0,850537.95
2019-04-05,101.7,103.35,101.7,102.75,7472.0,767831.95
2019-04-08,102.95,104.1,102.55,103.4,9482.0,980770.8
2019-04-09,102.75,103.5,101.4,102.0,11250.0,1153743.9
2019-04-10,102.1,102.85,101.5,101.75,6799.0,693806.35
2019-04-11,101.45,107.95,100.85,105.8,51171.0,5374482.0
2019-04-12,105.8,106.55,102.75,103.9,10692.0,1121773.3
2019-04-15,104.65,106.25,103.3,103.75,18283.0,1914657.9
2019-04-16,104.55,105.0,102.2,102.85,9917.0,1029007.1
2019-04-18,103.0,103.7,101.8,102.55,7980.0,820414.3
2019-04-22,103.4,103.4,99.4,100.1,18438.0,1852324.2
2019-04-23,100.0,101.5,98.9,99.6,14501.0,1459005.65
2019-04-24,100.4,102.7,99.5,100.1,9291.0,934795.05
2019-04-25,101.0,101.0,99.2,100.3,8746.0,874392.5
2019-04-26,99.4,104.5,99.4,100.3,22136.0,2242448.95
2019-04-30,100.35,100.75,95.1,96.8,20473.0,1980601.55
2019-05-02,96.2,97.35,96.0,96.3,7344.0,708398.95
2019-05-03,95.5,97.7,93.05,94.85,24736.0,2358331.15
2019-05-06,94.85,94.9,90.9,92.3,17787.0,1646780.9
2019-05-07,93.1,93.7,90.8,91.1,23558.0,2168675.7
2019-05-08,91.5,91.8,89.5,89.8,6774.0,612209.7
2019-05-09,89.9,90.5,88.0,89.6,13192.0,1179514.25
2019-05-10,90.4,91.45,90.0,91.0,5478.0,495469.65
2019-05-13,90.0,92.1,88.1,89.6,7067.0,636386.75
2019-05-14,89.6,90.5,88.0,90.3,6461.0,577784.5
2019-05-15,90.3,90.95,89.35,89.65,4288.0,385818.9
2019-05-16,88.75,89.9,86.3,88.4,6540.0,577936.8
2019-05-17,87.7,89.7,86.7,88.0,13742.0,1211885.75
2019-05-20,94.0,94.0,90.15,91.4,17770.0,1627645.65
2019-05-21,94.0,94.0,89.15,90.9,7159.0,654615.35
2019-05-22,90.9,92.35,89.0,90.3,7148.0,645586.8
2019-05-23,93.8,93.8,90.55,91.15,14452.0,1326318.85
2019-05-24,90.6,93.25,90.55,92.75,9663.0,893002.0
2019-05-27,92.9,100.4,92.9,98.6,54442.0,5332151.75
2019-05-28,99.2,101.1,98.0,98.9,21320.0,2121194.6
2019-05-29,99.35,99.9,94.5,95.2,31867.0,3083902.95
2019-05-30,94.4,94.4,92.15,93.1,15660.0,1460518.75
2019-05-31,93.05,93.85,90.1,90.65,19723.0,1803011.45
2019-06-03,90.65,91.35,87.0,88.55,17952.0,1594074.55
2019-06-04,88.0,89.7,87.9,88.05,13570.0,1201962.95
2019-06-06,88.25,89.7,87.3,87.95,9719.0,855994.7
2019-06-07,87.95,88.7,86.9,87.05,10337.0,901898.85
2019-06-10,87.0,89.5,86.25,86.7,13393.0,1165501.35
2019-06-11,86.3,87.2,85.2,85.7,9349.0,802347.25
2019-06-12,85.25,86.5,85.2,85.85,13341.0,1142508.1
2019-06-13,85.25,85.95,84.35,84.7,9276.0,786928.95
2019-06-14,84.5,85.35,83.05,83.35,11450.0,958903.15
2019-06-17,82.7,84.05,80.1,81.4,14205.0,1156916.15
2019-06-18,84.0,84.0,75.3,76.15,19941.0,1561171.7
2019-06-19,75.1,76.9,66.2,68.35,49404.0,3474960.8
2019-06-20,68.35,73.4,63.0,70.35,71940.0,4909445.55
2019-06-21,70.0,78.0,68.75,76.0,59110.0,4415287.1
2019-06-24,75.4,76.4,72.5,74.6,18668.0,1401741.15
2019-06-25,74.0,74.3,72.5,73.15,11403.0,831534.25
2019-06-26,73.2,75.0,72.55,74.3,22773.0,1679571.6
2019-06-27,74.0,78.45,74.0,76.75,18993.0,1456127.65
2019-06-28,76.2,92.1,76.2,86.3,931217.0,82407281.95
2019-07-01,86.95,86.95,81.15,81.5,74709.0,6184339.95
2019-07-02,82.1,82.1,79.95,80.35,28843.0,2331564.95
2019-07-03,80.95,80.95,77.0,78.0,25633.0,2008784.8
2019-07-04,78.6,81.4,77.4,79.75,32082.0,2567074.95
2019-07-05,79.75,80.35,77.0,77.9,10682.0,843228.7
2019-07-08,75.15,76.7,73.75,73.95,13702.0,1025119.0
2019-07-09,72.1,73.8,70.2,71.1,15715.0,1133857.4
2019-07-10,71.7,72.45,70.0,70.45,9292.0,659884.55
2019-07-11,70.0,72.5,69.1,71.15,12358.0,869942.15
2019-07-12,70.6,72.0,70.5,70.9,5770.0,409478.5
2019-07-15,70.9,71.45,68.7,69.9,7336.0,512742.2
2019-07-16,68.65,70.0,66.75,67.8,13947.0,950068.85
2019-07-17,68.4,69.05,67.8,68.85,7524.0,517495.0
2019-07-18,68.5,68.9,66.0,66.9,7959.0,533224.9
2019-07-19,66.85,66.9,65.0,65.95,8933.0,588434.1
2019-07-22,65.95,66.6,64.8,65.35,8244.0,538419.45
2019-07-23,65.0,67.7,65.0,66.55,6051.0,400918.25
2019-07-24,66.0,67.7,65.65,67.5,7993.0,534980.4
2019-07-25,69.0,69.0,65.6,67.0,4038.0,272199.9
2019-07-26,66.55,70.0,66.0,66.75,3807.0,254298.9
2019-07-29,68.7,68.75,64.55,65.7,8730.0,578976.15
2019-07-30,65.7,65.95,58.9,59.9,16248.0,1012497.3
2019-07-31,59.9,59.9,57.55,58.4,6482.0,380508.15
2019-08-01,59.1,61.4,57.3,60.85,19166.0,1147668.95
2019-08-02,61.9,62.5,56.05,62.1,23703.0,1428846.05
2019-08-05,61.0,63.95,59.55,62.4,5553.0,340902.85
2019-08-06,60.95,65.35,60.95,64.85,4388.0,280788.25
2019-08-07,64.9,71.5,63.6,64.25,34825.0,2351090.7
2019-08-08,63.75,66.95,62.6,63.55,8151.0,521528.75
2019-08-09,63.25,66.0,62.7,64.05,18710.0,1214061.9
2019-08-13,65.4,71.0,65.4,67.75,39180.0,2688905.0
2019-08-14,63.7,72.8,63.7,71.5,22631.0,1598881.4
2019-08-16,71.4,71.5,66.2,68.0,20187.0,1405908.75
2019-08-19,68.0,71.5,68.0,69.1,14432.0,1006934.45
2019-08-20,70.8,70.9,66.3,68.05,10467.0,728012.1
2019-08-21,69.05,69.05,66.35,66.6,4679.0,314143.8
2019-08-22,69.9,69.95,61.1,61.9,18391.0,1183372.35
2019-08-23,64.0,64.0,59.4,61.8,15064.0,930990.6
2019-08-26,62.5,64.95,61.0,62.75,14593.0,909642.5
2019-08-27,62.95,68.55,62.55,64.95,45831.0,3015914.35
2019-08-28,65.85,65.85,62.4,62.95,11150.0,707154.25
2019-08-29,61.8,62.8,61.1,61.55,2937.0,181544.45
2019-08-30,63.8,63.8,61.15,61.9,11958.0,742576.55
2019-09-03,61.05,61.95,59.0,60.65,5370.0,326607.7
2019-09-04,60.35,62.0,60.05,61.25,11318.0,687709.75
2019-09-05,61.0,61.9,60.15,61.0,6699.0,409146.7
2019-09-06,61.1,65.0,60.35,63.2,14324.0,895747.0
2019-09-09,64.4,64.4,62.2,63.45,16816.0,1068324.8
2019-09-11,64.0,69.2,62.95,66.95,33421.0,2239494.55
2019-09-12,67.1,69.2,67.1,67.8,10169.0,696125.75
2019-09-13,69.45,69.8,66.45,69.0,8782.0,601481.85
2019-09-16,68.4,69.0,66.2,67.9,8705.0,589541.45
2019-09-17,68.7,73.7,68.15,69.5,33296.0,2377852.15
2019-09-18,70.2,70.45,68.2,69.8,5586.0,388736.6
2019-09-19,70.0,71.2,64.0,66.2,10270.0,697420.9
2019-09-20,65.4,70.95,65.25,69.2,18678.0,1276758.05
2019-09-23,70.8,72.7,68.8,70.0,20449.0,1436922.15
2019-09-24,70.5,70.6,68.2,68.6,8822.0,607785.8
2019-09-25,69.15,69.2,67.0,67.95,9750.0,664924.75
2019-09-26,68.95,69.0,66.95,67.2,6635.0,450332.0
2019-09-27,68.7,68.7,66.0,66.7,5480.0,368086.05
2019-09-30,68.9,68.9,61.6,62.1,22385.0,1412560.5
2019-10-01,64.55,66.7,59.1,59.95,10574.0,651244.7
2019-10-03,59.95,62.9,59.95,60.55,6960.0,423726.7
2019-10-04,62.25,62.5,61.0,61.5,9238.0,571257.8
2019-10-07,61.45,63.9,59.25,59.7,7281.0,444818.8
2019-10-09,59.7,61.0,57.1,58.4,12718.0,743932.6
2019-10-10,59.5,59.5,57.5,58.8,6307.0,368110.2
2019-10-11,58.0,59.25,56.65,57.45,11931.0,691967.1
2019-10-14,59.2,59.2,56.65,56.85,8629.0,495968.05
2019-10-15,56.5,58.3,56.1,56.4,5867.0,333636.3
2019-10-16,56.4,58.9,56.4,57.95,14202.0,821724.9
2019-10-17,57.9,58.35,57.2,57.5,8208.0,473730.55
2019-10-18,56.15,61.25,56.15,58.8,28200.0,1673223.65
2019-10-22,58.8,61.75,58.8,60.9,23230.0,1415571.6
2019-10-23,60.5,61.65,60.0,60.15,11119.0,676510.6
2019-10-24,60.1,61.2,59.0,59.45,7896.0,474285.6
2019-10-25,60.2,60.2,58.05,58.45,4311.0,253184.55
2019-10-27,58.5,59.8,58.5,59.4,2491.0,147538.4
2019-10-29,59.0,63.5,56.65,62.7,21165.0,1308353.6
2019-10-30,63.5,64.5,63.0,63.4,10809.0,689120.95
2019-10-31,64.0,67.4,63.05,66.35,72253.0,4700464.05
2019-11-01,66.4,67.65,65.0,66.6,19575.0,1301988.75
2019-11-04,67.0,72.15,67.0,71.7,41986.0,2952339.75
2019-11-05,71.85,71.85,68.0,68.65,14627.0,1025548.8
2019-11-06,71.4,71.4,68.05,69.55,8825.0,611792.25
2019-11-07,71.35,71.35,68.0,68.3,5453.0,375268.6
2019-11-08,67.55,69.0,66.15,67.6,2865.0,194257.35
2019-11-11,69.5,69.5,67.55,68.75,11384.0,779039.8
2019-11-13,68.75,68.8,65.0,65.45,10270.0,680223.45
2019-11-14,65.7,70.5,63.35,65.85,77358.0,5248113.4
2019-11-15,65.55,66.5,64.2,64.6,5903.0,383814.9
2019-11-18,64.2,65.0,63.35,63.6,4023.0,259172.4
2019-11-19,63.6,64.5,63.0,63.25,2438.0,155066.85
2019-11-20,64.0,65.5,62.0,62.55,46934.0,3004892.55
2019-11-21,62.9,63.85,62.2,62.8,4734.0,298257.15
2019-11-22,62.95,63.05,60.0,61.35,9024.0,558305.7
2019-11-25,61.3,64.7,60.7,64.05,12289.0,774356.65
2019-11-26,64.6,67.7,63.05,65.5,35532.0,2328165.2
2019-11-27,63.3,68.5,63.3,66.6,20605.0,1363158.9
2019-11-28,67.4,67.4,64.95,65.8,7579.0,500482.1
2019-11-29,66.0,66.8,63.0,63.4,22874.0,1480266.85
2019-12-02,62.2,69.0,62.2,68.35,63932.0,4309921.35
2019-12-03,68.35,81.3,67.5,77.35,1024020.0,79396097.7
2019-12-04,74.75,75.5,70.6,71.8,163854.0,11921544.0
2019-12-05,72.35,72.4,68.2,69.7,68317.0,4796406.75
2019-12-06,69.0,70.85,67.55,68.15,20647.0,1427619.8
2019-12-09,68.25,72.0,67.65,69.8,40033.0,2799298.4
2019-12-10,69.8,69.85,68.0,68.4,12829.0,882064.5
2019-12-11,67.5,68.3,65.2,65.5,37447.0,2491566.75
2019-12-12,65.0,67.6,65.0,65.9,16774.0,1109307.85
2019-12-13,65.3,69.1,65.25,66.35,22711.0,1523147.85
2019-12-16,66.9,68.45,65.35,66.5,11912.0,795875.4
2019-12-17,66.75,69.1,66.1,68.3,14965.0,1017803.4
2019-12-18,68.95,71.9,67.7,70.65,34553.0,2429438.2
2019-12-19,71.9,71.9,69.4,70.05,9745.0,686550.9
2019-12-20,69.8,80.45,69.4,75.75,388456.0,30098859.7
2019-12-23,75.15,77.7,73.35,74.25,89559.0,6763913.85
2019-12-24,74.35,75.65,72.8,73.6,18086.0,1339804.85
2019-12-26,74.0,74.95,70.75,71.35,20280.0,1482229.35
2019-12-27,72.0,76.8,71.3,73.75,67457.0,5030573.35
2019-12-30,73.75,77.4,73.05,73.75,57433.0,4339851.05
2019-12-31,73.9,76.95,73.65,75.2,79182.0,5978799.6
2020-01-01,75.45,76.1,73.05,73.65,21238.0,1582854.25
2020-01-02,74.7,80.1,73.9,75.4,119591.0,9251434.9
2020-01-03,78.25,83.7,78.25,79.6,225654.0,18296440.7
2020-01-06,79.6,79.75,76.05,76.6,31274.0,2412870.4
2020-01-07,76.95,79.0,75.0,75.9,27224.0,2095259.55
2020-01-08,75.05,76.05,74.55,75.0,16108.0,1209963.45
2020-01-09,76.5,82.5,76.25,80.25,123299.0,9910507.2
2020-01-10,80.0,84.6,79.0,80.75,136165.0,11199499.25
2020-01-13,81.0,81.5,78.5,79.6,47926.0,3826465.5
2020-01-14,80.6,84.3,79.45,82.35,84363.0,6950531.4
2020-01-15,83.2,84.6,80.0,81.6,99104.0,8145769.85
2020-01-16,82.4,86.5,81.8,83.85,148821.0,12525579.6
2020-01-17,83.7,87.45,83.1,84.0,89737.0,7612263.85
2020-01-20,84.6,84.8,81.3,81.65,35508.0,2939768.2
2020-01-21,81.45,82.0,79.2,79.65,22092.0,1778490.45
2020-01-22,80.0,80.9,79.0,79.3,12360.0,987754.35
2020-01-23,79.9,81.55,77.5,78.35,40800.0,3239894.4
2020-01-24,78.5,81.4,78.1,79.65,35090.0,2809179.4
2020-01-27,79.0,80.8,77.25,77.8,25694.0,2016369.0
2020-01-28,78.0,78.6,75.9,76.25,19079.0,1467479.0
2020-01-29,76.85,78.45,75.15,76.35,16877.0,1300938.45
2020-01-30,76.0,76.55,75.0,75.05,10658.0,805132.65
2020-01-31,75.0,76.6,74.25,74.8,8991.0,679819.65
2020-02-01,75.05,76.75,69.5,71.15,25229.0,1862739.7
2020-02-03,70.0,72.9,67.8,69.95,19269.0,1353788.7
2020-02-04,69.9,71.95,69.9,71.2,13470.0,956185.3
2020-02-05,72.4,73.15,70.5,71.3,11148.0,801123.1
2020-02-06,71.65,73.7,69.0,70.9,24212.0,1717623.05
2020-02-07,70.5,72.75,69.8,71.05,21471.0,1531917.55
2020-02-10,71.45,71.8,70.6,70.95,9950.0,706200.8
2020-02-11,72.9,76.9,72.55,76.1,124419.0,9345375.1
2020-02-12,76.0,76.8,72.15,72.85,41340.0,3045362.8
2020-02-13,72.75,76.45,69.55,72.1,90888.0,6579959.75
2020-02-14,73.4,73.4,70.85,71.1,13015.0,934748.0
2020-02-17,71.7,71.8,69.7,70.25,12804.0,906104.7
2020-02-18,69.9,69.9,67.65,68.4,15387.0,1051285.9
2020-02-19,68.5,70.15,66.1,67.8,24881.0,1705487.05
2020-02-20,67.8,71.3,67.75,69.85,23724.0,1656566.15
2020-02-24,69.05,69.5,66.95,67.65,9387.0,640501.7
2020-02-25,67.65,68.5,66.7,67.05,8032.0,541515.3
2020-02-26,67.1,67.1,65.5,65.7,6826.0,450665.25
2020-02-27,65.6,66.1,64.1,65.25,11828.0,768946.25
2020-02-28,64.8,64.8,58.0,60.25,21333.0,1307159.8
2020-03-02,64.0,64.0,58.6,59.6,15321.0,929857.4
2020-03-03,61.7,61.7,57.35,59.0,9823.0,578440.2
2020-03-04,59.5,62.8,58.1,59.05,14031.0,841561.25
2020-03-05,61.2,61.2,57.75,58.3,14486.0,849507.35
2020-03-06,58.1,58.9,53.05,55.85,14602.0,817109.1
2020-03-09,55.55,56.2,52.75,54.1,15445.0,839354.9
2020-03-11,57.0,57.8,52.45,53.0,10287.0,558163.5
2020-03-12,49.7,50.5,44.55,46.4,36861.0,1750727.05
2020-03-13,40.2,49.7,37.4,47.45,22878.0,1038009.9
2020-03-16,42.1,47.8,42.1,45.95,13379.0,603221.4
2020-03-17,46.0,46.0,43.0,43.15,17048.0,754365.5
2020-03-18,44.1,44.35,41.0,41.25,17485.0,734476.5
2020-03-19,40.2,45.0,38.0,42.35,19789.0,833067.9
2020-03-20,40.4,43.95,40.4,41.3,16246.0,677906.6
2020-03-23,36.0,39.9,35.0,36.8,15618.0,582215.4
2020-03-24,37.05,38.75,31.85,35.75,16199.0,574768.05
2020-03-25,37.85,37.85,35.25,35.9,9008.0,322880.55
2020-03-26,36.4,40.0,35.95,38.7,15702.0,607370.3
2020-03-27,38.7,40.75,36.5,37.45,17930.0,689545.35
2020-03-30,39.8,41.8,37.35,41.05,18334.0,725022.4
2020-03-31,41.1,42.0,38.9,39.65,21344.0,840600.6
2020-04-01,43.8,43.8,39.0,39.5,8695.0,348568.55
2020-04-03,39.25,40.0,39.25,39.85,5924.0,235350.7
2020-04-07,39.85,41.0,39.0,39.8,23381.0,935667.75
2020-04-08,40.5,42.45,39.8,41.0,12551.0,512696.8
2020-04-09,40.85,43.9,40.85,42.6,24051.0,1026964.2
2020-04-13,43.8,44.0,40.3,42.1,12023.0,506873.3
2020-04-15,42.95,46.45,42.2,44.2,12166.0,539909.65
2020-04-16,46.8,48.65,44.4,47.8,18245.0,851616.95
2020-04-17,49.0,50.0,47.5,48.65,13214.0,640632.8
2020-04-20,49.5,58.35,49.3,57.8,191325.0,10702608.2
2020-04-21,57.4,57.4,50.35,52.05,41114.0,2180564.25
2020-04-22,52.9,53.8,50.1,52.4,12809.0,665616.25
2020-04-23,52.95,56.3,52.35,55.25,65467.0,3576634.3
2020-04-24,54.0,56.95,52.0,52.4,15090.0,807088.8
2020-04-27,52.6,54.2,51.6,52.3,9826.0,521141.9
2020-04-28,52.45,53.25,51.3,52.35,5353.0,278089.25
2020-04-29,53.2,57.1,51.05,55.85,41851.0,2324626.25
2020-04-30,59.8,59.8,56.55,57.3,102485.0,5978593.6
2020-05-04,56.0,56.0,52.6,53.9,13716.0,738673.05
2020-05-05,54.95,54.95,52.0,52.65,10504.0,557741.95
2020-05-06,52.65,53.95,51.5,52.4,8571.0,448472.35
2020-05-07,52.4,52.8,51.7,52.05,9383.0,489461.85
2020-05-08,52.7,53.0,51.0,51.25,6883.0,358520.2
2020-05-11,50.05,53.85,48.7,49.55,36635.0,1859693.45
2020-05-12,50.9,50.9,47.7,48.75,22797.0,1109835.05
2020-05-13,52.95,52.95,48.6,49.0,70918.0,3477309.2
2020-05-14,51.45,51.6,48.05,50.15,48783.0,2459605.3
2020-05-15,50.1,50.35,47.1,48.8,11982.0,587942.7
2020-05-18,48.1,50.95,46.25,46.7,18909.0,895149.85
2020-05-19,48.1,49.15,46.35,46.55,8622.0,405834.05
2020-05-20,47.7,47.75,46.35,47.0,4516.0,211895.65
2020-05-21,47.55,50.5,46.0,47.85,50945.0,2459531.75
2020-05-22,47.75,47.75,45.6,46.0,26884.0,1246596.3
2020-05-26,46.9,48.6,46.0,46.6,13378.0,628112.95
2020-05-27,47.8,49.95,46.0,48.15,65968.0,3200898.85
2020-05-28,49.8,50.3,48.15,48.75,14474.0,710511.0
2020-05-29,48.75,49.7,48.05,48.9,9310.0,455561.4
2020-06-01,49.1,50.5,48.3,49.35,50918.0,2520776.6
2020-06-02,49.35,51.95,49.35,51.1,75751.0,3831711.15
2020-06-03,51.7,54.65,51.35,52.0,63352.0,3339967.75
2020-06-04,52.25,52.8,50.15,51.6,26227.0,1351015.1
2020-06-05,51.95,59.3,51.25,56.0,365526.0,20500999.15
2020-06-08,56.75,59.0,54.9,55.9,106263.0,6088972.75
2020-06-09,56.1,57.4,52.0,53.15,45018.0,2475530.75
2020-06-10,54.8,54.8,52.45,53.85,23161.0,1243084.9
2020-06-11,53.1,56.05,52.75,53.85,38308.0,2085792.6
2020-06-12,50.35,54.7,50.35,52.9,32110.0,1681005.95
2020-06-15,53.6,53.6,51.45,52.7,13284.0,698248.7
2020-06-16,53.9,54.3,51.6,52.2,45706.0,2408412.75
2020-06-17,53.5,53.5,51.4,51.65,19227.0,1008059.65
2020-06-18,52.65,54.8,52.0,53.1,34854.0,1865942.05
2020-06-19,53.8,57.0,53.75,55.5,53710.0,2985560.2
2020-06-22,57.4,59.05,55.55,57.2,93594.0,5390678.4
2020-06-23,57.5,58.85,56.5,56.9,46769.0,2690190.75
2020-06-24,57.95,60.35,55.25,56.1,79438.0,4609047.6
2020-06-25,55.4,58.85,55.3,57.85,31301.0,1804090.75
2020-06-26,58.85,61.9,57.1,59.0,187940.0,11197341.3
2020-06-29,58.1,58.3,56.9,57.15,27342.0,1569552.5
2020-06-30,57.15,64.0,56.6,59.55,444433.0,26922091.6
2020-07-01,56.9,57.45,53.75,54.95,234875.0,13095102.35
2020-07-02,55.0,55.5,53.0,53.35,71195.0,3838080.1
2020-07-03,53.35,55.55,53.35,54.05,60238.0,3284845.05
2020-07-06,55.25,55.25,53.6,54.0,26527.0,1440584.1
2020-07-07,53.9,56.9,53.0,54.65,103098.0,5649560.15
2020-07-08,54.0,55.9,54.0,54.35,36648.0,2008550.45
2020-07-09,54.5,56.1,53.6,53.95,30847.0,1690863.6
2020-07-10,54.1,54.8,53.0,53.05,17949.0,961504.5
2020-07-13,53.2,54.05,52.0,52.15,16584.0,874472.75
2020-07-14,52.2,54.7,51.65,52.45,51296.0,2722352.2
2020-07-15,53.15,53.35,51.85,51.9,13232.0,691731.9
2020-07-16,53.25,53.25,51.3,51.55,9458.0,488671.65
2020-07-17,51.1,52.5,50.5,51.45,13856.0,716244.35
2020-07-20,52.35,52.4,50.0,50.6,28715.0,1460915.15
2020-07-21,51.2,52.0,50.9,51.25,21214.0,1091867.1
2020-07-22,50.9,51.25,50.05,50.35,16041.0,809103.95
2020-07-23,51.1,52.5,50.35,51.95,22383.0,1155636.25
2020-07-24,52.8,52.8,50.95,51.45,13634.0,700697.4
2020-07-27,51.9,51.9,48.8,49.2,27793.0,1377154.65
2020-07-28,49.25,50.35,48.6,49.2,14900.0,734386.35
2020-07-29,49.95,50.45,48.95,49.2,15747.0,782216.45
2020-07-30,49.85,50.3,48.0,48.45,13293.0,654357.2
2020-07-31,48.6,51.0,45.8,48.4,12402.0,598110.6
2020-08-03,50.75,50.75,48.3,48.6,16052.0,786494.75
2020-08-04,48.9,49.55,48.85,49.25,13554.0,666301.75
2020-08-05,49.05,52.5,49.0,50.6,20901.0,1065559.35
2020-08-06,50.7,51.2,49.1,49.8,10935.0,549277.2
2020-08-07,50.1,51.35,49.7,50.05,17260.0,872180.35
2020-08-10,50.05,53.0,50.0,51.9,39229.0,2038926.1
2020-08-11,53.9,53.9,52.0,52.3,14679.0,774399.45
2020-08-12,52.3,57.0,50.6,54.45,180411.0,9830127.7
2020-08-13,54.8,65.3,53.7,65.3,618554.0,37927051.75
2020-08-14,68.7,70.0,60.0,62.45,434928.0,28606810.6
2020-08-17,63.0,65.95,61.15,64.8,131471.0,8404777.9
2020-08-18,66.0,66.9,63.5,64.15,57556.0,3722273.25
2020-08-19,64.15,66.65,62.05,64.8,92133.0,5970609.45
2020-08-20,63.8,65.4,63.0,63.45,38990.0,2490868.5
2020-08-21,64.7,64.7,61.8,62.15,79311.0,4981683.1
2020-08-24,63.4,70.6,62.15,66.1,377086.0,25479072.9
2020-08-25,66.25,68.65,63.2,64.0,87150.0,5672973.1
2020-08-26,64.0,71.8,63.1,69.5,231324.0,15878484.75
2020-08-27,70.9,71.5,67.35,67.55,89756.0,6143951.65
2020-08-28,67.75,69.0,64.35,65.0,54818.0,3633280.55
2020-08-31,66.6,66.7,61.25,61.75,42755.0,2693125.6
2020-09-01,62.75,62.75,60.0,60.25,18612.0,1129612.9
2020-09-02,60.75,63.7,60.4,61.45,39674.0,2449520.55
2020-09-03,61.9,62.9,61.05,61.55,20068.0,1242512.5
2020-09-04,58.8,65.4,58.8,63.35,51518.0,3241465.15
2020-09-07,64.5,64.5,61.5,62.1,14027.0,877252.65
2020-09-08,63.5,63.5,60.25,61.3,13116.0,810979.55
2020-09-09,61.3,63.4,59.2,60.25,29597.0,1798626.15
2020-09-10,59.5,61.95,58.05,58.45,58360.0,3473800.55
2020-09-11,58.6,59.65,58.5,59.0,9490.0,560510.5
2020-09-14,58.4,62.0,58.4,59.85,40490.0,2447984.05
2020-09-15,60.1,60.7,59.2,59.7,12193.0,729895.35
2020-09-16,59.9,60.9,59.25,59.45,15193.0,911035.7
2020-09-17,59.4,59.75,58.45,58.65,17684.0,1039802.7
2020-09-18,59.95,60.2,58.75,59.0,15373.0,914153.7
2020-09-21,59.7,59.7,52.1,55.45,28742.0,1632240.95
2020-09-22,56.9,57.9,54.1,54.65,20128.0,1100198.6
2020-09-23,56.45,56.5,53.1,53.95,15667.0,854940.2
2020-09-24,51.25,53.35,51.25,52.7,11164.0,587093.95
2020-09-25,53.2,54.9,52.25,53.8,12189.0,652548.55
2020-09-28,53.8,55.7,53.8,54.35,9605.0,526912.95
2020-09-29,55.65,56.05,54.2,55.0,6212.0,341613.95
2020-09-30,54.95,58.0,54.0,56.0,16096.0,903197.35
2020-10-01,56.9,57.8,55.55,56.0,19800.0,1119570.6
2020-10-05,56.1,56.95,55.15,55.65,10753.0,602835.45
2020-10-06,56.95,58.0,56.0,56.9,19809.0,1131466.25
2020-10-07,57.95,57.95,56.3,56.9,8300.0,473005.25
2020-10-08,56.45,57.6,55.15,55.45,9700.0,545090.9
2020-10-09,56.9,56.95,55.1,55.4,7450.0,415757.45
2020-10-12,55.7,56.35,53.9,54.15,5633.0,308556.7
2020-10-13,54.2,54.85,52.8,53.1,8376.0,447804.55
2020-10-14,52.8,53.4,51.75,52.8,4916.0,259325.0
2020-10-15,52.95,55.0,51.85,52.4,16336.0,868692.6
2020-10-16,52.45,52.85,51.05,52.2,7109.0,370042.25
2020-10-19,53.5,53.5,52.1,52.45,13155.0,691512.4
2020-10-20,51.9,54.95,51.9,54.05,8618.0,460393.7
2020-10-21,54.95,54.95,52.7,53.7,9966.0,536630.2
2020-10-22,53.7,56.4,53.15,54.65,14719.0,806030.25
2020-10-23,54.8,56.2,54.15,55.25,15140.0,835573.0
2020-10-26,55.95,55.95,54.35,54.45,4435.0,242712.45
2020-10-27,54.0,56.7,53.45,53.75,14129.0,774402.25
2020-10-28,54.5,54.5,53.0,53.05,4844.0,258596.15
2020-10-29,52.15,54.9,50.85,53.3,9444.0,502825.3
2020-10-30,54.95,54.95,53.0,53.2,4393.0,234665.3
2020-11-02,53.2,53.8,51.9,52.65,6998.0,370538.6
2020-11-03,53.45,53.5,52.95,53.15,7316.0,389311.65
2020-11-04,53.2,53.35,52.0,52.4,3534.0,185605.55
2020-11-05,52.4,53.45,52.4,52.95,2944.0,156240.35
2020-11-06,52.15,54.6,52.05,54.05,16912.0,908161.55
2020-11-09,54.55,56.85,53.6,55.05,55043.0,3039482.7
2020-11-10,55.2,55.5,54.05,54.5,12418.0,680447.05
2020-11-11,55.05,55.8,54.65,54.8,8319.0,458105.0
2020-11-12,55.7,64.25,55.7,63.25,470687.0,28854731.8
2020-11-13,61.5,61.7,59.0,59.4,106068.0,6392274.1
2020-11-14,60.0,60.8,58.2,60.2,10992.0,661608.4
2020-11-17,62.5,67.45,60.8,65.0,643326.0,41709950.35
2020-11-18,65.8,65.8,63.1,63.9,59309.0,3814274.55
2020-11-19,63.9,65.25,62.2,63.1,58108.0,3711599.7
2020-11-20,62.5,63.65,62.1,62.35,20605.0,1294515.25
2020-11-23,63.75,63.75,61.6,62.05,14647.0,914219.85
2020-11-24,65.0,66.8,64.05,64.7,189304.0,12391903.8
2020-11-25,64.9,64.9,62.25,62.75,34411.0,2182940.65
2020-11-26,63.8,75.3,62.2,75.3,1243282.0,90296964.65
2020-11-27,77.8,79.7,71.1,72.65,890733.0,66794607.8
2020-12-01,72.0,85.95,68.75,83.75,1120627.0,90442762.15
2020-12-02,84.0,85.95,81.05,83.7,308156.0,25694399.1
2020-12-03,84.0,92.95,83.6,85.75,679634.0,60137168.85
2020-12-04,86.0,101.2,85.8,98.95,1496706.0,143851976.1
2020-12-07,98.0,106.7,96.1,103.6,534359.0,55101745.5
2020-12-08,102.8,106.45,97.1,99.45,284907.0,28782533.35
2020-12-09,100.95,100.95,94.7,95.1,186854.0,18015928.4
2020-12-10,99.5,104.6,96.55,101.65,401760.0,40928891.75
2020-12-11,101.9,103.5,98.0,98.7,114469.0,11492524.15
2020-12-14,99.9,103.0,97.1,98.05,83727.0,8279714.6
2020-12-15,98.4,101.0,92.0,97.4,251102.0,24427483.2
2020-12-16,98.8,107.1,96.15,107.0,691010.0,72224559.95
2020-12-17,112.35,112.35,109.5,112.35,251684.0,28232595.35
2020-12-18,113.0,114.0,106.75,106.75,48239.0,5211105.35
2020-12-21,101.45,104.0,101.45,101.45,25040.0,2541541.05
2020-12-22,96.4,96.4,96.4,96.4,12242.0,1180128.8
2020-12-23,91.6,101.0,91.6,100.2,108192.0,10318768.6
2020-12-24,100.0,104.85,96.0,96.8,76540.0,7495872.3
2020-12-28,99.65,99.65,95.8,97.7,22180.0,2153540.9
2020-12-29,97.7,99.9,95.0,97.8,35851.0,3499236.1
2020-12-30,95.2,98.95,95.2,96.25,20750.0,2003948.55
2020-12-31,98.9,98.9,95.0,96.55,39914.0,3878664.65
2021-01-01,96.0,97.95,95.0,96.15,17727.0,1706656.5
2021-01-04,93.3,98.0,93.3,95.1,27467.0,2616560.5
2021-01-05,96.95,96.95,93.55,94.35,28770.0,2711321.9
2021-01-06,94.05,95.55,91.0,92.9,23110.0,2155897.3
2021-01-07,94.5,94.5,92.1,93.25,20364.0,1895877.6
2021-01-08,93.25,94.2,91.05,91.6,25340.0,2337900.55
2021-01-11,92.4,95.0,91.0,91.4,21787.0,2015655.4
2021-01-12,92.95,93.4,90.0,92.25,17311.0,1589449.8
2021-01-13,92.25,93.55,90.6,91.95,23928.0,2191552.6
2021-01-14,90.8,91.85,89.9,90.45,22076.0,1996551.75
2021-01-15,90.05,90.95,89.0,89.8,12615.0,1131172.8
2021-01-18,90.0,92.0,86.1,87.15,20733.0,1804152.4
2021-01-19,86.2,88.65,85.5,86.75,14857.0,1298066.7
2021-01-20,87.95,88.55,86.0,86.35,22746.0,1969719.75
2021-01-21,86.35,88.4,84.0,84.4,29080.0,2479174.45
2021-01-22,82.9,85.95,80.5,80.8,22136.0,1820819.25
2021-01-25,81.55,81.55,77.0,77.85,19859.0,1555501.0
2021-01-27,79.5,79.5,74.4,76.8,11244.0,859372.85
2021-01-28,76.8,77.8,74.2,77.4,18674.0,1416818.9
2021-01-29,80.0,80.0,77.45,78.45,15451.0,1219750.65
2021-02-01,78.45,80.0,77.0,79.85,6952.0,545321.15
2021-02-02,80.0,83.6,78.4,82.7,32379.0,2678972.0
2021-02-03,82.8,83.5,80.55,81.7,21247.0,1741538.9
2021-02-04,82.4,85.75,81.75,85.75,29028.0,2452652.3
2021-02-05,87.0,93.45,85.15,86.65,58305.0,5191014.15
2021-02-08,88.0,88.45,83.95,84.25,27358.0,2333684.85
2021-02-09,84.25,87.15,82.0,82.35,20332.0,1714407.5
2021-02-10,82.35,87.65,82.05,85.1,35682.0,3037018.7
2021-02-11,85.1,86.25,83.6,83.9,14165.0,1201164.75
2021-02-12,84.35,92.25,84.15,92.25,260139.0,23740847.5
2021-02-15,98.55,101.45,95.0,101.45,543328.0,53606191.5
2021-02-16,103.0,103.0,91.35,91.35,422553.0,40178345.15
2021-02-17,91.0,94.25,90.6,91.5,166509.0,15430638.5
2021-02-18,92.5,94.0,91.0,92.95,88053.0,8160224.55
2021-02-19,92.9,97.4,91.0,92.0,132610.0,12498580.8
2021-02-22,93.25,93.25,90.0,90.1,42751.0,3889025.65
2021-02-23,92.65,92.65,89.0,90.0,24049.0,2171113.2
2021-02-24,91.65,92.0,87.0,89.4,18311.0,1659076.05
2021-02-25,91.2,91.2,88.0,89.55,36547.0,3281645.6
2021-02-26,87.9,91.1,87.0,89.95,30885.0,2764181.15
2021-03-01,91.0,91.0,88.25,88.9,103817.0,9267187.9
2021-03-02,88.25,90.45,87.25,88.35,29654.0,2634005.55
2021-03-03,89.4,96.95,88.2,92.85,153586.0,14340078.2
2021-03-04,92.35,95.0,91.6,93.6,54626.0,5125372.65
2021-03-05,94.4,94.7,91.0,92.15,39132.0,3620173.75
2021-03-08,92.95,94.5,91.1,92.15,27040.0,2514138.7
2021-03-09,93.0,93.5,91.1,91.55,23258.0,2149316.9
2021-03-10,91.6,92.4,91.0,91.1,19958.0,1820953.0
2021-03-12,91.1,96.45,90.0,92.95,106516.0,10051712.0
2021-03-15,92.6,93.55,90.85,92.1,20774.0,1909319.75
2021-03-16,92.3,94.2,90.8,91.05,30539.0,2811463.7
2021-03-17,91.05,92.95,85.0,86.5,34464.0,3073220.8
2021-03-18,87.2,89.0,83.0,84.05,31181.0,2697937.4
2021-03-19,86.45,87.85,81.15,86.55,24596.0,2081675.85
2021-03-22,86.55,88.85,82.0,84.95,14772.0,1255822.1
2021-03-23,86.9,86.9,84.3,85.0,22665.0,1948793.55
2021-03-24,84.0,85.5,82.55,83.05,26078.0,2190837.1
2021-03-25,83.1,84.4,80.15,81.15,33435.0,2723181.0
2021-03-26,83.4,84.6,81.0,83.05,37352.0,3078290.15
2021-03-30,84.0,85.1,82.0,82.2,13523.0,1119155.1
2021-03-31,82.65,83.45,79.45,81.45,24450.0,1990812.95
2021-04-01,82.0,85.25,82.0,84.3,21173.0,1781537.85
2021-04-05,85.05,85.05,82.0,82.9,8084.0,670497.95
2021-04-06,83.3,86.75,82.25,84.7,12012.0,1008476.35
2021-04-07,84.7,85.0,82.65,83.35,10803.0,903583.15
2021-04-08,88.5,93.0,88.0,88.4,155786.0,14027744.0
2021-04-09,89.2,90.0,86.35,87.85,25644.0,2260838.45
2021-04-12,83.15,86.95,81.0,82.3,36835.0,3046626.3
2021-04-13,83.6,84.05,82.65,83.65,9832.0,820350.55
2021-04-15,83.7,84.85,82.65,83.4,8708.0,724889.8
2021-04-16,82.65,85.25,82.55,83.4,14289.0,1190791.15
2021-04-19,83.0,83.0,80.75,81.65,18801.0,1531810.85
2021-04-20,81.8,85.0,81.8,82.4,18846.0,1569344.8
2021-04-22,82.4,84.45,81.65,84.15,14919.0,1245882.45
2021-04-23,83.15,86.85,83.05,84.5,29100.0,2494440.75
2021-04-26,86.45,86.45,82.15,83.3,10196.0,853869.35
2021-04-27,83.45,84.0,83.05,83.45,10048.0,838660.95
2021-04-28,90.0,100.0,88.55,98.45,1245768.0,121225411.9
2021-04-29,97.0,97.0,88.95,90.1,408835.0,37400481.05
2021-04-30,89.95,93.4,89.0,90.0,101933.0,9275975.8
2021-05-03,90.9,91.85,85.8,87.25,108181.0,9604576.25
2021-05-04,89.8,89.85,88.0,88.3,55016.0,4896613.55
2021-05-05,90.0,91.65,87.55,90.05,43149.0,3874605.65
2021-05-06,89.3,91.0,88.1,88.9,26355.0,2356029.65
2021-05-07,91.8,91.8,89.25,89.55,41390.0,3736055.9
2021-05-10,90.05,94.35,89.05,91.3,151303.0,13937839.45
2021-05-11,90.1,92.5,89.45,92.05,51955.0,4754054.8
2021-05-12,90.4,94.8,90.4,91.7,80327.0,7461998.25
2021-05-14,92.0,93.5,90.1,90.55,39443.0,3614031.65
2021-05-17,90.55,93.75,90.1,92.75,61174.0,5642404.05
2021-05-18,96.85,96.9,92.75,93.95,100966.0,9566631.05
2021-05-19,94.0,104.9,92.8,99.2,1035038.0,104109648.8
2021-05-20,100.0,100.1,96.6,97.15,130670.0,12773238.9
2021-05-21,97.9,104.9,97.15,102.9,297575.0,30250744.0
2021-05-24,106.2,116.3,105.5,112.4,2503738.0,279964656.15
2021-05-25,113.6,118.6,109.8,114.55,713581.0,81987136.0
2021-05-26,118.9,137.45,117.0,137.45,1779096.0,227026330.25
2021-05-27,139.4,141.0,125.15,127.15,1172340.0,154196312.6
2021-05-28,127.65,145.55,127.65,133.9,1762692.0,242381678.25
2021-05-31,133.9,133.9,127.7,128.2,330410.0,42794547.65
2021-06-01,129.4,138.65,129.4,133.05,506631.0,67666130.25
2021-06-02,132.0,142.4,131.0,136.45,721695.0,99143069.15
2021-06-03,134.95,137.25,130.6,131.6,95464.0,12715618.7
2021-06-04,132.0,133.9,128.0,129.6,61052.0,7936551.1
2021-06-07,125.0,133.0,124.5,129.0,48671.0,6267622.95
2021-06-08,129.0,130.0,126.0,127.15,40807.0,5191845.65
2021-06-09,129.95,129.95,121.75,123.4,47766.0,5973294.85
2021-06-10,122.0,128.4,121.0,125.6,49726.0,6214669.2
2021-06-11,125.6,127.4,123.8,124.7,22250.0,2783695.15
2021-06-14,125.9,126.9,119.0,122.25,26465.0,3234874.85
2021-06-15,122.25,126.0,121.5,123.6,24069.0,2971482.75
2021-06-16,123.75,125.3,121.5,122.15,17070.0,2096649.5
2021-06-17,122.15,123.0,118.0,119.5,36703.0,4438835.65
2021-06-18,121.65,121.7,113.55,117.35,35945.0,4180414.7
2021-06-21,113.55,119.9,113.55,118.3,22369.0,2641598.4
2021-06-22,121.95,122.0,118.5,120.8,27704.0,3346833.55
2021-06-23,121.0,123.4,121.0,123.0,30173.0,3692376.9
2021-06-24,123.0,126.0,121.2,121.8,26827.0,3320040.4
2021-06-25,125.0,127.85,122.0,124.65,75702.0,9489564.25
2021-06-28,122.05,125.45,118.45,118.75,47545.0,5661202.6
2021-06-29,118.7,123.9,115.0,118.6,22920.0,2739349.05
2021-06-30,118.0,122.4,116.0,116.9,25624.0,3012035.05
2021-07-01,115.0,118.75,112.65,114.3,23429.0,2703880.95
2021-07-02,116.6,117.0,112.4,115.3,42108.0,4837272.45
2021-07-05,115.5,118.0,114.0,117.5,18412.0,2152838.2
2021-07-06,118.75,119.1,115.0,116.65,44048.0,5172862.1
2021-07-07,118.0,118.0,114.0,114.8,18798.0,2166770.4
2021-07-08,116.85,116.85,113.15,115.15,12307.0,1418019.7
2021-07-09,115.0,119.5,112.5,118.35,27175.0,3162305.7
2021-07-12,119.5,122.5,118.0,121.5,55792.0,6745019.15
2021-07-13,123.45,126.0,122.0,123.5,49328.0,6105193.8
2021-07-14,126.0,127.0,122.0,123.1,29539.0,3661976.3
2021-07-15,123.8,123.8,118.25,120.9,20292.0,2447235.25
2021-07-16,122.0,124.2,119.6,122.5,37293.0,4559333.45
2021-07-19,123.0,123.0,119.05,120.75,18442.0,2229103.15
2021-07-20,121.05,123.0,114.75,116.9,24291.0,2859916.5
2021-07-22,117.0,120.9,117.0,118.2,24169.0,2880191.45
2021-07-23,119.9,121.9,117.0,117.95,32112.0,3842108.4
2021-07-26,117.0,119.65,115.0,116.0,31355.0,3662795.35
2021-07-27,115.5,121.8,115.5,121.45,140861.0,17059380.25
2021-07-28,123.0,127.5,118.55,123.15,257518.0,31954336.6
2021-07-29,124.5,129.3,124.5,128.0,331798.0,42434010.85
2021-07-30,129.0,131.8,125.0,125.65,102304.0,13133189.4
2021-08-02,128.8,129.0,124.1,126.8,78353.0,9888646.15
2021-08-03,128.8,128.8,124.6,125.85,67907.0,8546182.4
2021-08-04,125.05,126.45,119.6,119.6,82423.0,10061501.9
2021-08-05,114.5,117.95,113.65,115.7,85365.0,9844093.1
2021-08-06,124.8,124.8,120.0,120.75,95051.0,11605597.45
2021-08-09,121.7,121.7,116.55,118.95,43956.0,5219804.75
2021-08-10,117.55,119.5,107.6,112.05,64662.0,7371363.4
2021-08-11,109.8,112.45,102.0,107.95,78306.0,8352026.1
2021-08-12,109.95,113.0,108.4,111.95,45122.0,5014265.1
2021-08-13,113.8,120.85,111.55,117.5,82636.0,9735130.1
2021-08-16,119.75,119.75,113.6,113.85,25268.0,2906037.5
2021-08-17,113.9,114.95,111.35,112.3,16408.0,1850856.15
2021-08-18,113.45,113.85,110.0,110.3,16048.0,1775569.25
2021-08-20,109.95,109.95,105.2,106.35,20632.0,2212947.4
2021-08-23,110.4,111.45,101.85,102.5,38006.0,3946122.1
2021-08-24,99.1,107.25,99.1,105.1,30243.0,3102089.9
2021-08-25,110.95,110.95,106.0,106.45,14692.0,1571121.05
2021-08-26,107.8,110.0,105.5,108.0,15738.0,1689658.65
2021-08-27,107.5,109.8,105.05,105.4,20607.0,2201286.3
2021-08-30,106.15,109.7,106.15,106.95,20084.0,2163536.05
2021-08-31,106.5,109.2,106.05,106.3,11086.0,1184986.75
2021-09-01,107.0,116.9,106.1,116.9,214487.0,24693280.3
2021-09-02,117.8,117.8,112.05,112.55,104950.0,11926305.0
2021-09-03,111.5,115.15,110.8,111.55,44017.0,4968067.55
2021-09-06,112.75,116.25,110.45,113.95,72303.0,8237354.45
2021-09-07,112.5,123.0,111.15,117.25,322051.0,38305061.4
2021-09-08,118.25,120.0,115.75,116.4,72372.0,8535429.65
2021-09-09,115.95,117.7,112.8,113.75,34490.0,3958783.0
2021-09-13,114.0,119.5,112.1,116.05,52826.0,6138076.85
2021-09-14,116.95,119.1,116.0,117.15,45971.0,5393147.8
2021-09-15,118.4,119.5,115.15,116.25,51063.0,6007289.15
2021-09-16,115.05,118.0,115.0,115.25,37628.0,4367245.9
2021-09-17,116.45,116.45,113.0,113.75,57629.0,6581881.6
2021-09-20,115.0,115.0,111.8,112.5,18161.0,2052176.0
2021-09-21,111.0,115.0,111.0,112.55,38983.0,4385775.95
2021-09-22,113.5,116.0,112.2,113.25,33581.0,3823171.95
2021-09-23,114.85,116.9,113.7,114.4,46528.0,5375187.3
2021-09-24,116.0,116.95,113.1,113.8,49810.0,5716954.55
2021-09-27,114.25,114.75,112.2,113.4,24930.0,2827368.4
2021-09-28,114.05,115.95,112.3,112.95,26959.0,3079775.35
2021-09-29,113.3,114.8,112.6,113.65,16972.0,1933443.4
2021-09-30,113.05,115.5,113.05,113.75,21936.0,2508901.55
2021-10-01,114.45,122.0,113.25,117.95,151484.0,17905078.75
2021-10-04,118.5,124.0,118.0,120.75,130129.0,15744728.55
2021-10-05,120.3,122.35,118.9,119.9,53390.0,6434965.95
2021-10-06,120.85,121.9,115.0,115.7,64698.0,7611520.45
2021-10-07,118.9,127.0,118.25,122.5,325599.0,40009968.65
2021-10-08,127.05,128.5,123.7,124.25,206314.0,25885819.55
2021-10-11,125.25,129.0,122.95,125.3,106513.0,13366329.45
2021-10-12,123.05,126.9,122.5,124.35,62721.0,7794390.85
2021-10-13,124.4,125.25,123.1,123.85,48512.0,6020644.75
2021-10-14,123.85,140.25,123.5,134.8,1016963.0,135965950.8
2021-10-18,135.7,140.85,131.85,134.95,349153.0,47786073.5
2021-10-19,135.9,136.75,125.0,126.85,133077.0,17417958.75
2021-10-20,127.85,130.75,120.75,128.6,111673.0,14161871.9
2021-10-21,131.0,133.7,127.0,128.1,87515.0,11411503.55
2021-10-22,129.85,133.4,125.1,125.9,58230.0,7517211.85
2021-10-25,129.2,129.2,120.0,122.1,63603.0,7792932.9
2021-10-26,123.6,126.8,122.7,124.1,58442.0,7271995.2
2021-10-27,124.8,131.75,123.5,127.7,83227.0,10692470.1
2021-10-28,126.9,133.8,125.1,129.45,166991.0,21818757.25
2021-10-29,130.45,130.45,125.25,126.35,45677.0,5827062.05
2021-11-01,127.35,132.6,125.45,130.85,119148.0,15538695.95
2021-11-02,131.7,134.5,129.65,131.65,81012.0,10706146.6
2021-11-03,133.0,139.8,132.25,134.8,188687.0,25671349.5
2021-11-04,135.7,135.7,131.95,133.8,21728.0,2898866.75
2021-11-08,133.8,133.8,128.65,130.05,54663.0,7157979.65
2021-11-09,129.95,137.5,129.35,133.7,118835.0,15987587.65
2021-11-10,133.3,135.0,129.7,130.0,61153.0,8056050.15
2021-11-11,130.6,135.15,125.3,132.35,257154.0,33724702.65
2021-11-12,138.0,144.0,134.1,138.35,508515.0,70252465.85
2021-11-15,139.45,166.0,138.95,157.7,2587030.0,410744286.2
2021-11-16,160.0,160.2,147.1,148.65,574109.0,88507784.25
2021-11-17,149.0,156.4,148.1,149.55,396925.0,60722871.05
2021-11-18,149.4,151.4,141.35,143.75,263782.0,38394068.6
2021-11-22,144.75,145.0,132.1,134.1,182829.0,25076767.1
2021-11-23,134.7,160.9,133.05,159.0,770596.0,118185905.9
2021-11-24,161.8,173.0,157.05,159.95,1263229.0,208675444.6
2021-11-25,160.3,164.2,153.45,155.75,292378.0,46249870.95
2021-11-26,154.0,165.65,151.15,153.6,424089.0,67747083.7
2021-11-29,154.0,159.4,143.2,149.9,314163.0,48155113.75
2021-11-30,158.0,174.5,155.55,165.4,1738285.0,290710269.8
2021-12-01,167.9,170.0,161.15,162.85,299751.0,49385360.85
2021-12-02,163.0,169.85,161.65,163.85,246811.0,40902197.05
2021-12-03,164.0,165.25,156.95,158.6,142827.0,23059285.35
2021-12-06,159.0,159.75,152.5,153.25,105952.0,16477792.85
2021-12-07,153.5,183.9,153.5,183.6,2077123.0,365451453.25
2021-12-08,185.0,212.6,181.55,204.7,3313557.0,669647889.5
2021-12-09,205.65,215.8,196.3,207.4,2281362.0,474563279.9
2021-12-10,206.9,213.5,203.25,206.1,1212648.0,252736259.35
2021-12-13,206.9,210.8,196.0,197.4,199787.0,40368926.9
2021-12-14,195.15,204.9,192.0,194.3,200563.0,39640211.05
2021-12-15,195.8,201.0,180.35,187.05,242936.0,46714552.2
2021-12-16,190.0,190.0,177.7,177.7,57252.0,10262142.95
2021-12-17,168.85,181.0,168.85,168.85,98862.0,16892880.15
2021-12-20,162.0,164.1,160.45,160.55,48914.0,7853548.85
2021-12-21,162.7,168.55,162.25,166.9,49123.0,8219147.9
2021-12-22,166.9,166.9,158.65,161.25,48255.0,7841913.75
2021-12-23,161.5,167.5,159.15,163.3,36250.0,5881149.4
2021-12-24,166.35,166.35,157.0,160.25,23381.0,3750909.1
2021-12-27,160.0,160.0,155.5,158.3,28382.0,4474141.2
2021-12-28,160.0,166.2,159.1,166.2,30941.0,5084854.25
2021-12-29,171.0,174.5,167.0,174.5,51071.0,8830001.9
2021-12-30,175.0,181.0,175.0,177.05,47706.0,8533002.95
2021-12-31,178.75,178.75,170.1,172.35,25688.0,4443517.2
2022-01-03,171.45,174.55,167.4,168.35,31080.0,5248565.75
2022-01-04,168.35,176.5,165.0,174.3,49784.0,8584243.65
2022-01-05,176.55,176.55,168.0,171.2,22493.0,3857044.8
2022-01-06,168.55,174.05,167.0,172.05,20274.0,3468718.45
2022-01-07,169.0,175.0,168.0,171.4,22541.0,3852138.1
2022-01-10,171.0,173.45,167.4,170.5,36434.0,6192728.9
2022-01-11,171.0,179.0,170.0,179.0,52687.0,9292404.95
2022-01-12,183.0,187.95,180.0,186.65,78675.0,14666821.1
2022-01-13,189.95,190.9,178.0,182.85,30459.0,5551024.3
2022-01-14,180.0,183.0,177.0,180.45,24839.0,4461628.95
2022-01-17,182.0,182.9,175.1,179.0,37170.0,6703516.9
2022-01-18,180.9,180.9,170.2,171.4,62280.0,10799135.25
2022-01-19,171.4,173.75,165.0,167.1,30762.0,5165687.55
2022-01-20,167.1,169.9,165.1,167.4,18155.0,3040444.3
2022-01-21,167.4,171.85,164.0,165.55,32592.0,5486429.85
2022-01-24,168.15,169.8,157.3,160.6,35550.0,5707662.6
2022-01-25,154.3,165.4,153.1,161.8,36489.0,5809174.95
2022-01-27,158.8,162.0,156.6,159.0,18158.0,2868021.0
2022-01-28,159.0,166.95,157.2,166.95,42823.0,7035537.8
2022-01-31,174.5,175.25,174.5,175.25,31568.0,5528254.25
2022-02-01,184.0,184.0,176.6,180.05,76963.0,13988285.2
2022-02-02,180.05,182.6,176.0,178.1,21195.0,3766493.35
2022-02-03,183.95,183.95,176.4,178.75,31025.0,5564190.45
2022-02-04,182.0,182.0,174.0,175.25,19210.0,3407803.45
2022-02-07,178.7,179.0,166.5,174.25,44139.0,7562412.6
2022-02-08,173.0,174.5,168.3,170.0,19732.0,3397825.3
2022-02-09,171.0,172.85,166.0,167.95,28725.0,4853522.35
2022-02-10,171.7,172.8,161.15,169.35,14860.0,2492495.3
2022-02-11,168.5,168.5,160.9,161.45,71967.0,11686545.15
2022-02-14,160.0,161.7,153.5,154.4,31711.0,4919435.35
2022-02-15,147.7,158.4,146.7,150.9,34454.0,5121103.5
2022-02-16,152.0,155.8,150.75,152.45,26041.0,3992482.15
2022-02-17,153.0,154.3,146.6,147.8,20978.0,3153676.25
2022-02-18,150.9,150.9,142.2,144.45,23502.0,3404315.65
2022-02-21,144.0,144.0,137.25,137.6,26798.0,3709437.7
2022-02-22,130.75,137.7,130.75,136.45,14127.0,1890862.25
2022-02-23,137.0,143.25,135.0,141.7,17656.0,2493199.85
2022-02-24,139.0,139.0,134.65,134.75,26318.0,3559907.0
2022-02-25,132.6,140.0,132.0,138.85,24973.0,3413183.1
2022-02-28,138.85,138.85,133.1,136.9,15578.0,2118125.35
2022-03-02,135.7,138.5,133.5,135.2,17114.0,2311497.4
2022-03-03,138.8,138.8,135.0,137.45,20658.0,2822799.85
2022-03-04,134.0,144.3,133.0,143.85,40585.0,5699925.85
2022-03-07,137.3,146.95,136.7,137.1,17972.0,2516118.35
2022-03-08,137.1,143.95,133.0,141.9,49967.0,6852253.85
2022-03-09,145.9,145.9,141.0,142.45,14851.0,2138219.0
2022-03-10,145.0,147.8,141.0,142.5,22608.0,3254146.45
2022-03-11,144.35,145.9,141.0,144.85,9042.0,1296560.45
2022-03-14,152.0,152.05,144.2,147.5,35652.0,5274708.6
2022-03-15,147.9,147.95,141.2,144.4,16533.0,2405861.6
2022-03-16,143.0,149.5,143.0,145.25,17363.0,2553604.5
2022-03-17,146.0,148.9,144.5,147.15,7554.0,1109788.1
2022-03-21,148.0,151.0,145.1,147.55,12816.0,1907066.2
2022-03-22,145.3,150.0,145.0,147.6,10767.0,1584495.1
2022-03-23,145.65,148.0,145.0,145.2,17329.0,2534350.95
2022-03-24,145.2,147.5,141.55,143.15,18049.0,2605833.95
2022-03-25,144.4,147.0,142.2,146.55,24891.0,3608933.45
2022-03-28,142.0,146.65,142.0,142.7,23715.0,3400466.4
2022-03-29,145.3,145.3,135.6,136.15,46541.0,6393037.55
2022-03-30,139.45,139.7,136.4,138.05,53876.0,7446673.6
2022-03-31,138.65,139.95,132.55,136.15,40697.0,5604013.8
2022-04-01,134.2,142.95,134.2,142.95,32655.0,4646059.05
2022-04-04,146.9,149.8,143.15,146.1,46202.0,6785379.25
2022-04-05,149.0,149.0,146.0,147.05,54460.0,8003892.45
2022-04-06,146.2,153.9,143.05,147.2,80515.0,11990468.35
2022-04-07,149.55,154.8,148.5,150.05,76762.0,11647164.35
2022-04-08,153.75,153.9,146.5,148.05,51298.0,7682138.8
2022-04-11,152.0,162.85,148.85,162.85,138547.0,21938303.8
2022-04-12,163.85,165.8,155.1,159.35,162962.0,25992207.85
2022-04-13,160.25,162.0,155.0,156.7,53023.0,8423912.2
2022-04-18,157.0,157.2,151.8,153.8,37844.0,5835046.45
2022-04-19,154.95,169.15,154.55,164.8,435795.0,72717920.15
2022-04-20,165.0,174.0,163.0,165.65,135450.0,22784294.8
2022-04-21,167.0,168.4,162.0,162.85,42266.0,6936095.65
2022-04-22,158.8,169.0,158.8,163.2,60595.0,9985580.4
2022-04-25,163.2,164.0,158.75,160.25,64358.0,10386801.95
2022-04-26,163.0,166.4,158.9,159.8,52297.0,8463770.6
2022-04-27,158.9,159.65,155.0,155.7,30029.0,4691329.2
2022-04-28,159.8,159.8,153.0,156.35,30423.0,4737579.0
2022-04-29,156.8,170.5,156.8,160.95,222210.0,36557537.95
2022-05-02,159.45,165.95,155.3,156.8,94752.0,15167174.75
2022-05-04,157.95,162.9,143.0,149.45,49505.0,7676620.75
2022-05-05,153.95,156.2,148.5,151.0,25522.0,3898744.5
2022-05-06,148.0,148.0,141.05,144.35,34554.0,4979576.5
2022-05-09,143.8,143.8,137.55,139.0,35844.0,5009008.7
2022-05-10,136.0,141.7,136.0,136.4,27461.0,3817010.7
2022-05-11,139.0,139.0,125.15,131.55,57477.0,7562078.5
2022-05-12,132.15,132.15,120.0,121.8,65104.0,8034025.75
2022-05-13,125.0,131.8,124.7,128.25,30183.0,3858430.95
2022-05-16,133.7,133.7,127.0,128.65,18266.0,2358532.75
2022-05-17,129.6,141.5,129.55,141.05,47057.0,6469501.95
2022-05-18,143.0,143.95,135.0,135.9,49082.0,6862607.6
2022-05-19,134.0,137.55,130.8,135.1,26270.0,3537626.0
2022-05-20,137.85,141.5,135.8,138.35,21670.0,3018888.5
2022-05-23,140.0,141.5,136.55,137.25,11105.0,1540181.15
2022-05-24,138.05,139.2,133.35,135.3,16428.0,2241499.1
2022-05-25,138.0,138.0,130.15,131.25,21708.0,2856382.9
2022-05-26,132.05,136.2,122.4,130.8,20951.0,2679100.85
2022-05-27,136.9,136.9,129.55,131.15,22966.0,3022996.95
2022-05-30,131.8,138.4,131.75,136.1,21895.0,2956489.25
2022-05-31,131.7,134.8,130.7,132.5,18045.0,2387057.45
2022-06-01,134.6,138.35,133.2,134.65,21147.0,2866036.6
2022-06-02,135.05,140.4,135.0,137.15,34700.0,4775665.5
2022-06-03,138.0,142.0,135.5,136.4,37829.0,5248079.65
2022-06-06,136.45,137.35,132.6,133.35,12330.0,1649876.85
2022-06-07,137.9,143.0,136.2,138.55,70758.0,9871616.9
2022-06-08,139.8,140.0,135.55,136.4,17216.0,2359280.1
2022-06-09,136.95,136.95,130.25,134.6,29637.0,3979307.2
2022-06-10,133.3,135.9,131.1,132.1,15046.0,1994091.5
2022-06-13,130.0,130.1,127.3,128.15,9066.0,1166869.75
2022-06-14,131.0,131.4,127.0,128.7,16894.0,2178835.65
2022-06-15,132.0,132.0,128.1,128.85,6368.0,824479.5
2022-06-16,130.05,131.75,122.7,125.0,12588.0,1592440.25
2022-06-17,125.95,127.0,120.75,121.65,18569.0,2283939.65
2022-06-20,120.35,123.25,112.3,115.45,21403.0,2506246.2
2022-06-21,116.1,120.95,115.5,119.1,7413.0,878968.2
2022-06-22,122.2,122.95,115.95,116.5,10873.0,1291363.25
2022-06-23,118.4,120.55,114.15,116.65,13930.0,1629310.5
2022-06-24,118.8,120.8,117.0,118.15,17223.0,2044197.4
2022-06-27,120.25,134.5,119.7,131.8,79669.0,10204248.65
2022-06-28,133.8,138.7,127.45,128.45,68554.0,9070737.6
2022-06-29,129.0,129.6,126.55,127.05,11141.0,1423908.4
2022-06-30,126.0,129.15,125.1,125.9,9032.0,1150291.95
2022-07-01,124.85,128.0,122.5,127.1,7120.0,896401.55
2022-07-04,127.4,128.0,124.8,127.35,5868.0,743479.25
2022-07-05,127.6,129.95,126.15,127.3,15608.0,2004632.75
2022-07-06,126.5,127.55,123.75,125.65,9475.0,1193187.4
2022-07-07,128.0,130.0,125.0,128.7,20876.0,2678590.55
2022-07-08,131.0,131.0,128.05,128.25,7212.0,930073.1
2022-07-11,128.8,131.2,127.15,128.25,15633.0,2023355.15
2022-07-12,128.25,132.0,125.0,126.45,23697.0,3031518.15
2022-07-13,128.0,130.15,125.5,126.4,23037.0,2965652.6
2022-07-14,129.25,129.25,125.15,125.9,13156.0,1662969.15
2022-07-15,128.5,129.6,125.1,128.7,15852.0,2027278.7
2022-07-18,130.5,136.95,128.3,134.6,52964.0,7086187.05
2022-07-19,136.9,136.9,130.7,131.4,28882.0,3846137.2
2022-07-20,133.8,137.5,132.5,133.7,26627.0,3596245.7
2022-07-21,133.3,134.6,132.0,132.45,11741.0,1557556.45
2022-07-22,134.9,134.9,129.3,133.9,20259.0,2689395.15
2022-07-25,133.3,134.7,131.95,134.05,13572.0,1812937.85
2022-07-26,135.2,135.2,131.5,132.1,6593.0,871371.15
2022-07-27,133.85,133.9,125.0,128.6,25809.0,3345806.25
2022-07-28,128.7,132.7,128.7,130.0,20327.0,2659305.95
2022-07-29,132.5,132.5,129.05,131.15,19388.0,2539508.3
2022-08-01,130.5,135.9,130.5,131.4,35700.0,4754313.1
2022-08-02,132.35,134.95,131.45,132.65,30587.0,4070100.15
2022-08-03,131.55,134.35,130.45,131.2,17479.0,2300588.2
2022-08-04,132.5,133.9,130.0,132.05,18467.0,2436052.55
2022-08-05,134.8,136.4,129.2,130.25,34731.0,4582087.55
2022-08-08,131.0,142.9,130.9,141.55,128744.0,17854301.6
2022-08-10,141.9,152.1,139.25,146.6,241456.0,35783078.75
2022-08-11,148.95,150.0,144.0,148.3,41645.0,6083037.8
2022-08-12,149.9,164.0,144.95,155.7,466229.0,73646552.45
2022-08-16,161.85,167.5,157.6,160.45,217095.0,35094971.35
2022-08-17,161.0,161.3,154.25,155.5,62189.0,9768892.05
2022-08-18,157.0,160.0,153.45,155.0,55608.0,8683445.6
2022-08-19,154.5,162.2,154.5,159.25,94233.0,14951035.5
2022-08-22,158.95,162.0,157.4,158.25,63280.0,10105618.7
2022-08-23,157.9,159.95,155.7,157.95,52048.0,8240382.2
2022-08-24,159.9,165.55,157.05,160.85,130182.0,21149082.35
2022-08-25,161.0,175.5,161.0,169.0,465788.0,79466227.95
2022-08-26,169.85,178.0,168.1,169.55,199516.0,34507200.4
2022-08-29,166.0,166.0,150.0,163.65,66783.0,10911486.35
2022-08-30,164.8,172.2,163.2,164.55,97902.0,16411900.25
2022-09-01,163.7,170.9,162.1,167.8,48881.0,8183320.25
2022-09-02,169.7,170.65,163.5,165.4,40392.0,6745451.45
2022-09-05,166.4,168.9,164.0,164.7,43056.0,7144018.45
2022-09-06,165.35,180.95,165.0,173.7,517795.0,91395550.8
2022-09-07,171.0,175.95,170.0,173.95,64533.0,11186515.4
2022-09-08,175.0,176.0,171.3,171.95,47944.0,8316063.95
2022-09-09,171.8,173.5,168.3,169.75,53316.0,9087445.65
2022-09-12,171.3,172.35,166.45,167.35,42519.0,7196475.4
2022-09-13,171.0,172.9,166.3,167.1,45545.0,7718724.1
2022-09-14,166.1,170.0,164.1,166.5,39675.0,6639871.75
2022-09-15,169.1,172.45,165.0,170.25,85909.0,14488897.25
2022-09-16,169.8,171.0,162.0,163.05,70247.0,11633639.25
2022-09-19,164.2,164.75,159.05,160.25,32165.0,5203655.75
2022-09-20,161.6,165.85,161.25,161.65,33753.0,5505842.6
2022-09-21,161.7,164.45,160.55,161.6,22995.0,3741063.65
2022-09-22,162.4,163.85,158.35,161.95,32885.0,5300579.2
2022-09-23,161.75,163.4,157.6,159.25,36482.0,5818032.3
2022-09-26,161.7,161.7,149.15,151.7,54000.0,8233127.65
2022-09-27,152.75,157.8,151.1,155.25,21667.0,3336574.15
2022-09-28,157.8,157.8,148.95,150.55,22941.0,3500130.55
2022-09-29,152.8,155.3,148.15,150.1,20444.0,3102955.6
2022-09-30,150.45,155.0,149.25,151.35,19072.0,2902905.8
2022-10-03,151.6,154.45,149.5,150.3,10831.0,1649760.95
2022-10-04,152.0,153.4,149.6,152.85,33947.0,5168549.85
2022-10-06,154.95,160.0,154.0,156.3,50807.0,7957148.45
2022-10-07,158.8,158.95,155.35,156.2,19918.0,3127545.85
2022-10-10,156.3,156.95,151.6,154.4,22460.0,3465805.95
2022-10-11,154.9,157.5,152.55,154.05,22419.0,3464815.35
2022-10-12,154.45,157.0,150.4,152.75,23406.0,3589373.6
2022-10-13,154.35,154.35,150.4,152.0,7193.0,1091263.8
2022-10-14,154.95,154.95,150.1,150.8,31484.0,4770448.75
2022-10-17,150.8,151.95,148.0,148.55,12534.0,1867224.55
2022-10-18,150.0,153.95,149.15,150.3,36571.0,5521809.0
2022-10-19,150.3,153.95,149.05,150.25,10901.0,1653406.0
2022-10-20,152.1,152.1,147.95,149.1,9150.0,1367915.05
2022-10-21,149.1,150.2,147.05,149.05,10727.0,1598457.55
2022-10-24,149.9,151.9,148.85,149.95,4823.0,723035.25
2022-10-25,151.35,152.05,150.1,150.35,6985.0,1053682.95
2022-10-27,152.0,152.7,149.0,149.35,8651.0,1304995.1
2022-10-28,149.1,151.85,147.05,147.9,13862.0,2066222.5
2022-10-31,150.6,150.6,140.05,143.9,20956.0,3045033.5
2022-11-01,144.0,146.6,141.0,142.3,23176.0,3328347.9
2022-11-02,143.2,151.0,142.0,148.1,33841.0,4992407.95
2022-11-03,148.9,148.9,144.05,144.7,18369.0,2669756.3
2022-11-04,145.95,149.85,145.15,149.05,34360.0,5114273.15
2022-11-07,151.0,159.45,150.0,156.05,110690.0,17183108.9
2022-11-09,159.7,162.15,156.0,158.4,87299.0,13908759.3
2022-11-10,158.35,160.65,154.35,155.45,25938.0,4037324.85
2022-11-11,158.65,158.65,153.0,153.75,13838.0,2139317.05
2022-11-14,148.1,149.4,141.75,144.1,74467.0,10762849.95
2022-11-15,146.4,146.4,142.0,142.9,22629.0,3233373.0
2022-11-16,142.0,145.35,139.05,139.95,31313.0,4435257.65
2022-11-17,140.65,142.1,138.5,139.15,23188.0,3247441.9
2022-11-18,140.45,140.5,137.1,138.3,16541.0,2288207.2
2022-11-21,138.3,139.35,135.2,135.65,19164.0,2612635.9
2022-11-22,135.65,136.95,133.9,134.45,11935.0,1612574.9
2022-11-23,135.5,139.2,134.55,135.55,17177.0,2349099.2
2022-11-24,139.9,139.9,137.1,138.65,26425.0,3658073.0
2022-11-25,138.6,145.6,138.2,143.8,47039.0,6741096.7
2022-11-28,144.95,144.95,142.5,144.05,21779.0,3135885.35
2022-11-29,144.05,144.9,141.05,141.7,26921.0,3848044.95
2022-11-30,143.0,143.45,140.35,142.25,19645.0,2788338.3
2022-12-01,143.2,144.4,141.0,141.8,17805.0,2537492.9
2022-12-02,143.5,143.95,141.25,142.6,9202.0,1313013.35
2022-12-05,142.95,146.05,142.1,144.9,28359.0,4086986.0
2022-12-06,145.0,145.3,143.0,143.55,13653.0,1965819.7
2022-12-07,146.0,146.0,142.0,142.65,6450.0,926741.0
2022-12-08,142.65,151.9,142.65,145.5,68711.0,10120291.0
2022-12-09,146.85,146.85,140.05,141.2,18240.0,2598844.7
2022-12-12,140.0,141.9,136.05,138.25,26982.0,3748939.85
2022-12-13,138.65,141.4,131.7,135.65,56933.0,7776673.85
2022-12-14,136.5,140.0,136.5,139.4,22563.0,3131966.95
2022-12-15,139.35,141.95,136.85,137.85,16841.0,2349296.0
2022-12-16,137.85,139.65,137.0,137.6,7981.0,1101676.45
2022-12-19,137.95,140.5,135.1,139.3,10367.0,1427269.9
2022-12-20,139.15,140.0,135.1,137.5,13718.0,1887335.8
2022-12-21,138.5,140.05,135.0,135.15,21972.0,3008647.6
2022-12-22,135.15,135.15,128.0,129.2,35541.0,4652863.1
2022-12-23,129.2,130.2,123.0,124.1,33364.0,4192691.85
2022-12-26,124.1,132.0,124.1,129.45,13459.0,1720466.9
2022-12-27,132.9,133.0,127.6,132.65,17003.0,2225104.3
2022-12-28,131.3,133.9,130.05,130.7,13154.0,1734702.7
2022-12-29,130.0,132.7,129.8,131.7,7944.0,1045534.35
2022-12-30,131.85,134.5,131.85,132.55,13002.0,1727442.25
2023-01-02,131.8,134.0,130.6,133.3,11519.0,1523608.35
2023-01-03,135.8,141.1,132.2,134.95,68694.0,9417452.65
2023-01-04,134.9,135.9,132.25,133.2,15024.0,2008103.45
2023-01-05,134.15,134.5,131.2,132.65,6403.0,848371.2
2023-01-06,133.6,133.95,131.05,132.8,7758.0,1024217.05
2023-01-09,132.8,134.65,130.05,131.45,10143.0,1341739.65
2023-01-10,132.0,133.1,128.35,129.15,22517.0,2917632.55
2023-01-11,129.15,135.0,129.15,130.55,21529.0,2824744.15
2023-01-12,131.7,133.95,129.6,130.3,10947.0,1434484.35
2023-01-13,129.95,132.85,129.3,131.6,12467.0,1639747.05
2023-01-16,135.0,135.0,131.1,133.2,14479.0,1924573.15
2023-01-17,134.95,135.95,132.3,133.45,13333.0,1793476.2
2023-01-18,134.4,135.6,131.1,131.65,15110.0,2015294.95
2023-01-19,132.25,134.5,131.1,132.95,14964.0,1990997.7
2023-01-20,132.45,133.95,131.5,132.45,7923.0,1050684.9
2023-01-23,136.0,136.5,132.45,133.1,7756.0,1041155.6
2023-01-24,133.3,135.0,131.6,132.8,10144.0,1349696.0
2023-01-25,133.5,133.5,129.15,130.3,16667.0,2179905.3
2023-01-27,130.5,131.1,125.6,128.0,10692.0,1366380.55
2023-01-30,129.2,130.65,126.05,128.1,11761.0,1501808.5
2023-01-31,130.0,131.0,125.55,127.15,15429.0,1979255.4
2023-02-01,129.45,130.6,123.9,125.45,9490.0,1210327.25
2023-02-02,127.3,128.0,123.45,125.1,15099.0,1894773.85
2023-02-03,126.5,126.5,121.55,123.6,9421.0,1163291.05
2023-02-06,125.9,125.9,122.75,123.35,5243.0,648066.25
2023-02-07,125.0,125.95,122.3,124.55,12804.0,1594237.4
2023-02-08,126.5,126.5,123.1,125.4,10680.0,1331380.55
2023-02-09,125.5,128.9,124.3,126.8,11185.0,1421254.95
2023-02-10,126.75,128.0,123.75,125.4,7856.0,988380.05
2023-02-13,127.8,127.8,123.6,124.2,4751.0,593443.6
2023-02-14,124.3,124.95,102.8,105.3,161164.0,17654446.9
2023-02-15,103.0,107.0,101.0,104.15,83283.0,8578183.75
2023-02-16,106.5,110.0,104.65,107.95,53345.0,5724393.1
2023-02-17,107.95,110.05,107.05,108.5,17520.0,1903204.3
2023-02-20,111.95,111.95,107.1,108.5,12627.0,1381463.45
2023-02-21,108.7,110.15,105.05,106.2,8470.0,913771.65
2023-02-22,106.0,106.55,102.0,103.15,13332.0,1381759.6
2023-02-23,105.3,105.3,103.0,103.75,4209.0,437478.05
2023-02-24,102.55,106.1,102.55,104.9,6586.0,686423.95
2023-02-27,107.0,107.0,101.0,102.1,11450.0,1172794.6
2023-02-28,103.65,104.9,101.6,103.3,6690.0,689244.6
2023-03-01,102.9,115.35,102.05,111.25,107790.0,12042513.0
2023-03-02,111.4,112.35,107.0,109.15,18146.0,1986932.35
2023-03-03,110.75,111.4,107.6,108.85,18253.0,2008620.6
2023-03-06,110.2,111.45,107.25,109.8,32665.0,3569601.6
2023-03-08,109.8,114.7,109.0,111.25,42319.0,4749528.5
2023-03-09,112.5,112.85,107.55,108.25,26008.0,2854063.55
2023-03-10,108.25,108.7,105.3,106.5,17058.0,1825946.1
2023-03-13,108.5,108.5,102.4,102.9,20435.0,2131286.5
2023-03-14,107.45,107.45,103.65,105.6,31058.0,3288810.1
2023-03-15,105.6,106.95,101.45,102.15,19678.0,2024608.9
2023-03-16,105.8,105.9,100.2,104.45,30498.0,3136792.35
2023-03-17,104.3,105.25,99.65,101.7,24649.0,2520569.25
2023-03-20,102.55,102.55,99.05,99.65,15587.0,1560954.65
2023-03-21,102.3,102.95,100.1,100.85,25763.0,2608010.65
2023-03-22,101.25,102.75,100.45,101.25,15158.0,1536889.85
2023-03-23,101.25,102.0,99.5,100.95,33130.0,3337610.85
2023-03-24,99.15,102.5,99.15,99.55,24084.0,2422706.0
2023-03-27,101.2,101.2,94.0,94.4,50892.0,4906190.55
2023-03-28,95.95,96.3,84.4,85.55,103002.0,9092608.8
2023-03-29,84.5,88.7,84.1,85.65,65568.0,5651821.2
2023-03-31,84.8,89.8,84.8,87.15,65235.0,5712983.8
2023-04-03,89.95,91.95,87.8,90.9,51942.0,4654852.6
2023-04-05,92.0,93.7,91.5,93.25,23498.0,2180718.1
2023-04-06,96.9,96.9,94.2,95.65,28302.0,2705149.95
2023-04-10,96.95,97.75,94.1,96.3,32332.0,3109166.05
2023-04-11,96.5,98.7,96.05,97.95,19249.0,1881784.1
2023-04-12,98.4,99.0,97.8,98.3,10715.0,1052970.45
2023-04-13,98.5,100.9,97.85,99.35,18345.0,1819726.1
2023-04-17,100.1,102.8,98.7,100.5,34829.0,3516815.15
2023-04-18,100.45,101.95,95.7,96.95,36453.0,3602646.0
2023-04-19,96.95,102.0,96.4,100.25,26938.0,2671082.3
2023-04-20,100.3,118.45,100.05,112.45,613870.0,69742736.0
2023-04-21,110.3,111.9,106.1,107.4,69508.0,7532532.0
2023-04-24,107.4,107.65,103.2,105.1,39860.0,4204806.85
2023-04-25,105.55,107.85,104.9,105.7,27591.0,2929254.4
2023-04-26,106.75,107.3,104.85,105.95,17628.0,1863162.55
2023-04-27,105.6,110.0,105.4,108.6,29658.0,3206655.0
2023-04-28,109.4,109.95,105.15,107.05,24689.0,2654124.85
2023-05-02,108.55,112.5,106.05,109.0,55433.0,6084206.6
2023-05-03,109.0,109.85,107.05,107.45,21525.0,2335505.45
2023-05-04,107.5,110.9,107.45,108.45,18420.0,2005331.75
2023-05-05,108.45,109.15,106.1,107.3,14986.0,1614298.55
2023-05-08,107.05,110.8,107.05,109.9,33800.0,3705223.75
2023-05-09,108.8,116.5,108.7,109.45,88625.0,10012831.6
2023-05-10,109.55,111.25,108.0,109.1,18343.0,2006315.05
2023-05-11,109.5,110.95,108.35,108.65,15039.0,1642914.05
2023-05-12,109.95,111.55,108.45,108.7,11621.0,1274631.3
2023-05-15,108.6,110.4,107.85,109.3,9619.0,1051625.45
2023-05-16,109.6,111.75,109.35,110.4,21916.0,2425774.2
2023-05-17,109.15,112.2,108.1,109.0,7332.0,805113.55
2023-05-18,109.45,110.05,107.7,108.05,10412.0,1130298.45
2023-05-19,108.5,108.75,105.05,106.45,18225.0,1944514.1
2023-05-22,106.2,109.0,104.0,106.35,10446.0,1112129.9
2023-05-23,104.95,108.6,104.95,106.65,12003.0,1289053.6
2023-05-24,106.65,108.2,105.7,106.55,17165.0,1830184.8
2023-05-25,106.5,108.5,106.35,107.1,5367.0,574749.4
2023-05-26,107.45,108.9,106.25,107.0,8522.0,914943.25
2023-05-29,109.0,111.85,106.65,109.9,44122.0,4882291.8
2023-05-30,110.25,113.05,103.7,105.65,56365.0,6039984.3
2023-05-31,104.0,105.25,99.05,103.8,43618.0,4492986.85
2023-06-01,103.6,107.65,103.6,105.5,22775.0,2420120.7
2023-06-02,106.0,109.3,104.55,107.75,22024.0,2368238.6
2023-06-05,108.0,109.0,107.25,108.5,21402.0,2320444.15
2023-06-06,108.5,110.65,108.0,109.7,26621.0,2916520.25
2023-06-07,109.95,111.4,107.55,108.15,29022.0,3179949.95
2023-06-08,108.05,113.8,107.45,110.95,39054.0,4341956.1
2023-06-09,110.95,112.5,109.95,110.6,17666.0,1964426.6
2023-06-12,112.0,112.15,109.0,109.1,17501.0,1932465.65
2023-06-13,109.05,115.0,109.05,111.7,53964.0,6045057.1
2023-06-14,112.0,113.2,109.7,110.3,15747.0,1753229.75
2023-06-15,109.85,111.85,108.8,109.45,16626.0,1827141.75
2023-06-16,111.05,111.65,108.95,110.1,28698.0,3166602.9
2023-06-19,111.9,114.8,109.3,114.15,91447.0,10357463.4
2023-06-20,114.15,121.75,112.55,117.8,218004.0,25953763.25
2023-06-21,123.4,125.0,118.9,119.5,268199.0,32849365.15
2023-06-22,119.9,121.85,118.05,118.75,42715.0,5099241.5
2023-06-23,119.6,119.6,116.1,116.5,23030.0,2696973.05
2023-06-26,117.0,117.55,114.5,115.65,22738.0,2629164.7
2023-06-27,116.0,117.6,113.0,116.6,23029.0,2685087.3
2023-06-28,118.35,118.5,112.4,113.4,69701.0,8031401.75
2023-06-30,113.0,115.75,113.0,113.7,39383.0,4487636.1
2023-07-03,113.5,114.7,110.8,111.65,59554.0,6675120.65
2023-07-04,112.5,113.0,109.5,110.15,29122.0,3228969.9
2023-07-05,110.75,113.55,110.75,111.85,31689.0,3549971.85
2023-07-06,112.65,114.55,110.7,112.55,50843.0,5719965.8
2023-07-07,112.25,113.85,111.15,111.75,29996.0,3371917.7
2023-07-10,111.55,122.9,110.4,118.65,171822.0,20290789.85
2023-07-11,119.3,130.2,118.5,126.9,399912.0,50612062.9
2023-07-12,127.45,129.5,126.1,128.35,100781.0,12890071.1
2023-07-13,128.4,129.1,121.55,123.55,70764.0,8880511.1
2023-07-14,122.1,128.0,122.1,126.45,49623.0,6225848.5
2023-07-17,126.6,129.05,123.15,124.9,86149.0,10917734.2
2023-07-18,125.8,126.65,121.9,123.55,37980.0,4709864.65
2023-07-19,125.4,125.95,122.15,123.15,17610.0,2177436.3
2023-07-20,123.0,128.25,122.15,124.3,53770.0,6768677.05
2023-07-21,125.0,126.45,123.65,124.7,42044.0,5259665.7
2023-07-24,128.3,128.3,124.15,124.75,38255.0,4817550.45
2023-07-25,125.0,126.95,124.1,125.35,19516.0,2449727.95
2023-07-26,134.0,150.4,132.0,142.85,2091080.0,305609670.4
2023-07-27,142.8,145.65,137.2,138.85,382471.0,54185161.7
2023-07-28,138.0,139.7,134.5,135.25,115389.0,15685489.8
2023-07-31,136.5,138.2,131.3,136.2,82335.0,11186026.3
2023-08-01,137.4,139.45,135.7,137.15,51877.0,7147628.75
2023-08-02,137.95,137.95,131.0,133.35,54430.0,7294599.3
2023-08-03,133.7,136.8,132.85,135.95,37967.0,5129355.55
2023-08-04,137.5,141.8,134.25,137.65,134395.0,18674008.25
2023-08-07,138.8,138.8,135.1,136.75,35014.0,4795184.5
2023-08-08,138.8,144.45,137.0,140.7,226074.0,32098573.8
2023-08-09,143.4,147.0,138.1,143.45,285368.0,41137636.55
2023-08-10,143.35,143.7,138.0,138.9,60827.0,8569500.55
2023-08-11,144.0,144.0,139.5,140.6,49244.0,6976846.05
2023-08-14,140.6,140.6,132.15,133.05,60447.0,8145343.4
2023-08-16,131.8,136.95,129.2,134.0,52627.0,7037777.75
2023-08-17,133.85,137.05,133.5,136.15,30483.0,4142272.5
2023-08-18,134.5,137.7,134.0,135.25,17350.0,2341311.45
2023-08-21,133.25,136.95,133.25,135.65,24217.0,3278812.2
2023-08-22,136.45,137.95,135.45,137.4,19414.0,2659253.2
2023-08-23,138.5,139.75,137.05,137.5,27701.0,3828872.4
2023-08-24,138.6,140.9,136.4,138.1,34189.0,4727453.4
2023-08-25,137.6,138.8,136.05,136.75,33153.0,4563026.9
2023-08-28,137.8,139.0,136.35,138.1,20141.0,2778933.75
2023-08-29,138.7,144.95,138.7,143.4,92350.0,13192511.65
2023-08-30,143.7,143.7,140.05,140.9,56726.0,8043592.25
2023-08-31,140.4,142.15,135.35,137.65,45893.0,6339373.0
2023-09-01,138.55,140.4,137.1,138.8,24104.0,3345627.1
2023-09-04,139.0,146.5,136.55,143.85,182794.0,26133163.95
2023-09-05,146.5,148.9,140.15,142.0,140410.0,20345942.35
2023-09-06,143.3,145.9,140.15,142.55,74891.0,10739988.9
2023-09-07,143.95,144.3,141.55,142.95,22986.0,3291702.85
2023-09-08,143.65,148.0,142.55,144.5,140020.0,20457829.65
2023-09-11,145.25,147.95,142.0,142.45,54573.0,7846370.2
2023-09-12,143.6,144.25,130.15,131.9,102807.0,13794686.6
2023-09-13,136.95,136.95,132.0,133.1,41455.0,5539717.0
2023-09-14,134.6,137.15,134.1,136.25,30592.0,4147725.6
2023-09-15,137.25,138.25,132.1,134.2,30148.0,4090851.1
2023-09-18,134.6,137.0,133.5,134.3,17705.0,2388052.3
2023-09-20,134.25,134.3,131.65,132.55,25507.0,3388773.65
2023-09-21,132.6,134.05,130.1,130.5,16435.0,2161370.95
2023-09-22,130.9,134.2,126.25,128.4,39911.0,5186353.2
2023-09-25,128.4,128.7,124.7,125.8,43858.0,5555255.7
2023-09-26,125.8,132.0,125.65,129.7,21296.0,2758581.55
2023-09-27,131.55,132.9,127.75,129.95,25107.0,3286230.4
2023-09-28,129.0,131.6,124.8,126.25,30827.0,3939962.0
2023-09-29,128.05,131.5,126.85,129.45,25348.0,3285539.95
2023-10-03,129.45,130.95,128.15,129.95,9775.0,1267414.6
2023-10-04,129.95,131.05,127.1,128.4,23321.0,3020888.5
2023-10-05,128.0,132.35,127.45,129.2,18062.0,2341444.5
2023-10-06,126.45,138.0,126.45,134.4,66547.0,8955133.6
2023-10-09,133.7,133.7,128.9,129.75,22614.0,2946898.1
2023-10-10,128.3,131.7,128.3,130.75,16133.0,2114107.05
2023-10-11,129.45,132.6,128.2,131.2,16578.0,2180676.0
2023-10-12,131.2,135.25,130.55,133.0,21147.0,2814675.45
2023-10-13,132.8,132.8,128.7,130.65,23580.0,3088077.0
2023-10-16,133.95,134.0,128.3,129.0,26062.0,3405035.55
2023-10-17,129.05,133.7,129.05,132.45,20112.0,2659962.3
2023-10-18,133.3,133.4,130.5,131.75,13372.0,1766173.9
2023-10-19,131.0,132.8,129.8,130.4,14307.0,1870499.45
2023-10-20,130.35,131.5,127.8,128.45,15745.0,2036889.2
2023-10-23,128.45,129.45,124.9,125.05,22788.0,2874005.6
2023-10-25,126.2,129.9,123.1,124.05,18696.0,2350781.75
2023-10-26,123.9,124.5,120.15,122.8,19103.0,2331335.65
2023-10-27,121.5,127.4,121.5,125.75,26758.0,3345898.45
2023-10-30,124.0,127.15,123.75,125.25,16250.0,2038629.35
2023-10-31,125.95,132.95,125.95,130.8,60314.0,7909660.55
2023-11-01,131.65,131.65,128.55,129.45,16954.0,2204299.35
2023-11-02,131.2,131.9,128.05,129.75,17259.0,2252259.95
2023-11-03,131.3,136.95,129.2,132.95,139038.0,18641198.15
2023-11-06,134.2,136.0,131.05,132.7,30706.0,4110501.6
2023-11-07,134.65,134.65,131.15,132.8,15711.0,2087142.35
2023-11-08,133.25,135.3,128.6,130.6,37181.0,4938670.15
2023-11-09,129.1,133.45,129.1,131.25,16085.0,2111097.2
2023-11-10,129.25,133.0,129.25,132.75,36254.0,4780623.8
2023-11-12,132.75,133.95,129.0,132.4,16743.0,2208918.0
2023-11-13,132.8,134.45,131.0,131.6,29541.0,3905577.75
2023-11-15,131.6,134.5,131.1,133.45,43113.0,5745338.15
2023-11-16,135.0,138.8,132.5,137.3,80118.0,10928630.0
2023-11-17,138.5,140.9,135.65,136.15,54088.0,7430067.65
2023-11-20,135.1,144.0,135.1,142.3,197227.0,27891056.1
2023-11-21,143.0,147.5,141.6,143.15,169093.0,24538754.15
2023-11-22,143.85,146.9,140.0,141.95,97902.0,14058198.65
2023-11-23,141.55,143.35,139.55,139.85,24373.0,3452045.75
2023-11-24,140.0,167.8,140.0,158.85,1789785.0,284012598.6
2023-11-28,161.7,166.7,157.55,160.8,656271.0,106302000.95
2023-11-29,162.4,166.6,156.1,163.65,346131.0,56428277.8
2023-11-30,164.8,164.8,156.85,157.95,119836.0,19204910.95
2023-12-01,159.0,163.0,155.0,157.95,169594.0,27128236.3
2023-12-04,159.0,165.6,155.15,156.55,171212.0,27465794.75
2023-12-05,156.8,157.85,151.0,154.65,100146.0,15456340.6
2023-12-06,155.95,157.0,152.1,154.8,68587.0,10609103.1
2023-12-07,155.05,159.2,153.15,155.15,94368.0,14800508.2
2023-12-08,155.15,156.15,151.5,152.15,42273.0,6506972.25
2023-12-11,154.25,158.4,153.75,155.65,41328.0,6457108.25
2023-12-12,156.9,157.0,151.05,152.95,34365.0,5297115.35
2023-12-13,153.65,153.65,149.55,152.2,38645.0,5858307.0
2023-12-14,156.35,156.35,150.0,151.5,25214.0,3856772.8
2023-12-15,153.75,154.2,151.0,153.2,23876.0,3654473.35
2023-12-18,154.15,158.0,152.65,157.0,86577.0,13496776.35
2023-12-19,157.0,161.25,153.5,154.45,82247.0,12891973.65
2023-12-20,155.0,156.1,140.6,142.15,96491.0,14365829.1
2023-12-21,142.9,147.75,142.05,145.9,31337.0,4552178.35
2023-12-22,147.95,156.0,145.1,153.4,106673.0,16224624.35
2023-12-26,153.0,156.2,150.9,151.55,25233.0,3864488.75
2023-12-27,153.05,153.65,149.15,150.05,23372.0,3536317.6
2023-12-28,151.65,152.45,147.95,148.15,25110.0,3753220.95
2023-12-29,148.3,148.85,144.15,145.4,24260.0,3552274.65
2024-01-01,146.5,153.0,145.0,147.55,50816.0,7597152.55
2024-01-02,147.9,154.0,144.95,150.8,62327.0,9368692.9
2024-01-03,150.95,153.8,149.5,150.6,26111.0,3964511.0
2024-01-04,151.75,153.0,146.6,149.1,29199.0,4363420.75
2024-01-05,148.1,153.45,145.0,146.9,55624.0,8250528.8
2024-01-08,150.95,150.95,147.0,147.6,26398.0,3911563.5
2024-01-09,148.85,162.0,147.0,158.45,285827.0,44756034.15
2024-01-10,159.7,163.4,155.0,159.1,158176.0,25212181.0
2024-01-11,160.0,168.9,156.9,163.35,340192.0,56184602.95
2024-01-12,165.0,168.0,160.2,161.45,155218.0,25534957.2
2024-01-15,163.8,171.7,160.1,166.8,241837.0,40280260.65
2024-01-16,167.6,168.0,156.2,159.25,161003.0,25886616.35
2024-01-17,157.0,165.0,156.05,158.7,71048.0,11412984.15
2024-01-18,157.25,159.9,152.2,155.5,69272.0,10780442.55
2024-01-19,156.75,161.45,153.3,154.3,52172.0,8167752.45
2024-01-20,155.3,156.9,150.0,151.7,84476.0,12846441.95
2024-01-23,152.6,160.0,147.9,148.75,96909.0,14940820.2
2024-01-24,151.9,151.9,149.0,150.15,25703.0,3866335.1
2024-01-25,150.0,153.95,149.75,152.7,20711.0,3142225.3
2024-01-29,151.0,154.6,151.0,151.3,32378.0,4939129.85
2024-01-30,152.6,154.9,151.3,151.7,29724.0,4526735.15
2024-01-31,152.6,158.5,151.0,156.85,103409.0,16094040.85
2024-02-01,157.2,157.45,152.4,153.5,40083.0,6209617.45
2024-02-02,153.6,155.7,145.15,148.7,70918.0,10724258.1
2024-02-05,149.6,153.75,144.1,146.75,84496.0,12521598.75
2024-02-06,147.6,152.55,146.0,147.1,44263.0,6574044.25
2024-02-07,148.3,151.6,148.3,150.4,32240.0,4842225.1
2024-02-08,151.4,161.4,149.0,151.6,145318.0,22546921.5
2024-02-09,152.4,153.85,143.55,147.9,52965.0,7848743.65
2024-02-12,151.0,151.0,135.25,140.4,78178.0,11183629.75
2024-02-13,138.95,138.95,133.35,135.4,43732.0,5924536.15
2024-02-14,135.0,144.5,134.05,140.8,33454.0,4705758.85
2024-02-15,141.8,146.4,140.1,141.2,51853.0,7383882.7
2024-02-16,142.55,145.8,140.8,141.55,26133.0,3722008.3
2024-02-19,142.3,150.0,141.3,145.8,60410.0,8789182.15
2024-02-20,146.75,153.9,144.4,148.95,99313.0,14921513.3
2024-02-21,149.05,151.95,140.1,142.4,37268.0,5399452.85
2024-02-22,143.6,146.65,141.25,144.1,19112.0,2745950.4
2024-02-23,144.9,145.95,143.05,144.5,16112.0,2327423.0
2024-02-26,144.55,145.8,143.05,144.3,15432.0,2223279.85
2024-02-27,143.6,148.0,142.5,143.45,34566.0,5022573.5
2024-02-28,141.75,145.75,136.95,140.6,31413.0,4411314.75
2024-02-29,141.5,141.5,136.0,138.2,15969.0,2209416.4
2024-03-01,139.45,140.5,137.95,138.85,16215.0,2258998.15
2024-03-02,139.75,141.8,135.3,139.2,6517.0,905779.8
2024-03-04,139.2,148.8,138.9,144.1,125930.0,18358178.95
2024-03-05,144.25,147.9,140.4,141.25,40868.0,5846909.8
2024-03-06,139.75,142.5,135.0,138.45,73534.0,10238830.45
2024-03-07,139.4,140.65,136.0,137.3,25141.0,3482579.6
2024-03-11,135.65,137.95,130.1,130.8,41172.0,5495288.7
2024-03-12,131.7,135.9,122.6,124.25,54175.0,6842440.65
2024-03-13,125.1,129.0,107.85,109.65,127879.0,14487126.65
2024-03-14,109.5,124.8,107.75,116.1,110902.0,13023398.2
2024-03-15,116.25,118.95,112.6,116.25,51295.0,5925580.9
2024-03-18,116.25,120.9,116.2,117.5,43252.0,5106618.15
2024-03-19,117.5,119.15,115.35,115.85,26629.0,3112981.5
2024-03-20,116.95,119.85,113.75,114.55,21189.0,2441097.8
2024-03-21,114.6,117.05,113.6,114.95,45780.0,5293063.3
2024-03-22,114.95,120.55,114.85,116.2,49240.0,5754473.25
2024-03-26,115.15,117.6,111.9,112.4,77097.0,8811490.3
2024-03-27,113.2,118.15,110.0,110.75,139696.0,15807421.75
2024-03-28,113.9,116.0,109.2,110.0,61022.0,6812119.55
2024-04-01,111.1,119.0,111.1,118.45,46060.0,5366008.9
2024-04-02,119.5,119.9,116.9,119.55,40253.0,4788030.95
2024-04-03,118.0,125.0,118.0,123.95,55455.0,6822719.5
2024-04-04,124.9,126.45,122.4,123.6,40718.0,5054415.65
2024-04-05,123.6,128.0,123.1,126.75,32068.0,4051810.45
2024-04-08,126.1,127.35,124.2,125.85,22989.0,2888681.5
2024-04-09,125.9,126.4,123.0,123.55,16689.0,2077406.95
2024-04-10,124.05,124.9,121.6,123.55,13801.0,1698071.1
2024-04-12,122.0,124.3,120.65,121.85,14491.0,1772637.15
2024-04-15,120.1,126.35,116.0,121.15,54338.0,6638237.2
2024-04-16,120.4,124.8,120.05,122.55,40487.0,4973068.5
2024-04-18,121.5,124.1,121.5,123.25,22998.0,2826272.4
2024-04-19,122.9,122.9,119.55,121.75,17145.0,2081695.75
2024-04-22,122.7,125.0,121.0,123.35,35271.0,4361713.2
2024-04-23,123.15,129.55,123.15,126.45,75918.0,9661881.7
2024-04-24,127.4,128.45,125.0,125.4,23593.0,2985566.5
2024-04-25,126.0,126.65,123.4,124.05,15742.0,1965021.9
2024-04-26,125.2,128.0,124.4,125.25,25649.0,3234957.9
2024-04-29,126.2,126.25,122.8,123.55,23335.0,2894383.15
2024-04-30,123.45,129.4,123.45,124.9,54816.0,6920613.4
2024-05-02,125.8,126.75,124.65,125.4,9142.0,1148462.1
2024-05-03,125.95,137.75,125.95,132.35,317912.0,42673319.75
2024-05-06,134.4,138.45,133.35,134.35,162553.0,22015790.9
2024-05-07,135.1,135.1,127.0,128.65,43222.0,5616395.6
2024-05-08,129.5,130.5,127.0,127.3,26802.0,3447905.5
2024-05-09,128.5,131.9,122.15,122.9,43925.0,5561552.55
2024-05-10,123.85,125.45,123.3,124.05,9573.0,1189951.05
2024-05-13,124.05,125.5,121.0,122.75,17040.0,2092542.75
2024-05-14,123.95,127.05,122.45,125.7,8870.0,1109937.05
2024-05-15,126.7,128.4,125.5,126.3,19980.0,2542794.8
2024-05-16,127.3,127.85,124.0,125.25,14356.0,1803185.2
2024-05-17,123.5,139.0,123.5,131.5,147257.0,19707287.4
2024-05-18,131.5,138.05,125.3,133.05,55918.0,7423787.0
2024-05-21,132.7,133.5,129.75,130.4,25048.0,3285219.9
2024-05-22,129.6,131.35,126.1,127.5,28643.0,3673010.55
2024-05-23,127.15,130.0,126.1,128.3,26538.0,3393101.2
2024-05-24,128.65,130.4,126.6,127.15,13403.0,1716379.25
2024-05-27,127.15,129.0,123.3,124.6,19415.0,2433659.7
2024-05-28,124.5,126.4,121.5,122.8,28189.0,3487906.8
2024-05-29,121.0,123.95,121.0,122.5,11418.0,1399944.6
2024-05-30,122.5,124.0,119.05,120.9,11271.0,1368732.75
2024-05-31,120.9,123.15,120.2,120.95,11339.0,1380600.55
2024-06-03,124.1,124.7,121.65,122.65,18706.0,2302714.25
2024-06-04,123.05,124.0,110.0,113.35,38385.0,4492829.85
2024-06-05,119.5,119.8,114.4,117.45,15778.0,1855878.1
2024-06-06,119.1,123.0,119.1,121.5,17508.0,2129542.55
2024-06-07,122.95,124.5,121.1,122.85,22825.0,2800935.7
2024-06-10,124.99,124.99,122.0,124.07,21936.0,2710541.91
2024-06-11,124.61,126.6,123.46,125.37,21700.0,2715735.27
2024-06-12,126.28,129.8,124.36,126.88,25869.0,3276425.87
2024-06-13,126.05,129.8,125.55,128.6,43607.0,5584445.88
2024-06-14,128.8,130.0,126.5,126.91,41864.0,5358571.63
2024-06-18,127.8,127.8,124.71,125.09,23961.0,3008397.86
2024-06-19,124.95,126.54,124.0,124.49,17526.0,2189050.33
2024-06-20,125.06,130.0,124.22,128.5,91538.0,11746185.36
2024-06-21,129.4,130.0,127.0,127.33,25260.0,3232038.44
2024-06-24,127.0,129.14,125.11,126.06,12347.0,1563327.24
2024-06-25,126.92,138.0,126.51,136.89,475643.0,64022546.57
2024-06-26,137.82,150.0,137.0,142.69,746093.0,107699699.08
2024-06-27,143.1,145.0,136.17,138.57,121272.0,17164837.74
2024-06-28,140.55,143.95,137.7,138.37,80926.0,11337420.03
2024-07-01,141.8,146.0,136.71,143.93,128382.0,18390951.38
2024-07-02,142.5,145.9,139.0,139.99,59178.0,8363002.63
2024-07-03,140.25,142.0,137.86,138.96,49017.0,6860060.26
2024-07-04,138.96,140.5,135.5,136.62,49020.0,6770187.14
2024-07-05,137.0,138.36,134.2,136.59,40927.0,5600017.95
2024-07-08,136.59,139.99,133.7,134.09,27583.0,3762712.46
2024-07-09,134.8,143.2,134.09,137.88,101106.0,14102857.32
2024-07-10,138.8,139.59,132.3,136.26,50122.0,6807682.01
2024-07-11,136.96,138.76,134.61,136.1,35791.0,4887952.56
2024-07-12,134.25,137.65,133.6,134.16,28274.0,3829116.39
2024-07-15,134.2,151.0,133.49,143.38,480946.0,69975432.23
2024-07-16,142.01,150.75,142.01,145.69,234670.0,34350018.57
2024-07-18,144.82,144.82,140.5,143.0,50716.0,7223078.24
2024-07-19,141.25,143.89,135.6,135.94,41830.0,5763216.22
2024-07-22,139.5,149.0,136.09,145.6,175703.0,25373167.1
2024-07-23,146.39,146.59,135.3,139.94,82165.0,11584701.44
2024-07-24,141.3,145.09,140.82,141.28,52334.0,7469493.92
2024-07-25,139.96,149.98,138.99,148.04,205410.0,30149589.05
2024-07-26,148.35,164.28,144.23,156.78,1122714.0,178103239.93
2024-07-29,158.9,171.0,156.83,159.13,1020989.0,167860058.6
2024-07-30,160.7,166.95,157.0,158.71,481388.0,77763390.62
2024-07-31,159.6,161.84,153.95,155.58,155890.0,24433601.03
2024-08-01,157.9,163.25,156.61,159.33,171475.0,27355913.34
2024-08-02,156.0,158.79,153.86,154.47,82837.0,12930011.66
2024-08-05,151.5,154.39,140.0,141.98,314736.0,46032360.41
2024-08-06,144.05,153.5,142.35,143.45,172904.0,25541126.32
2024-08-07,146.9,152.5,146.9,149.64,116514.0,17467362.19
2024-08-08,150.87,153.79,146.19,147.62,58799.0,8828930.1
2024-08-09,151.0,152.01,146.1,146.83,54843.0,8133894.35
2024-08-12,148.45,148.45,143.65,145.47,42532.0,6212456.48
2024-08-13,145.47,150.75,141.0,142.58,68708.0,10056224.69
2024-08-14,143.2,153.9,138.6,143.45,120016.0,17502082.9
2024-08-16,144.75,157.5,144.45,149.57,207404.0,31106325.04
2024-08-19,146.0,165.0,146.0,159.43,617969.0,98592901.05
2024-08-20,160.0,164.8,158.75,160.7,275627.0,44416064.5
2024-08-21,162.0,186.84,160.35,183.18,3516454.0,624670328.0
2024-08-22,181.0,188.0,179.82,184.08,971377.0,178342044.36
2024-08-23,184.5,184.6,175.0,177.38,316333.0,56560766.66
2024-08-26,179.0,193.6,177.55,184.9,805990.0,151028283.95
2024-08-27,185.0,192.9,185.0,188.63,340420.0,64299508.31
2024-08-28,189.0,189.0,181.51,182.56,146035.0,26807476.61
2024-08-29,182.56,184.0,175.0,176.07,125233.0,22313540.05
2024-08-30,170.05,180.0,167.26,168.7,86876.0,14856238.17
2024-09-02,168.4,174.25,162.1,164.79,76438.0,12751566.58
2024-09-03,164.79,168.99,160.05,166.17,36888.0,6115137.34
2024-09-04,166.17,170.0,162.0,167.77,25155.0,4230264.54
2024-09-05,170.0,171.0,165.0,166.26,28133.0,4726371.29
2024-09-06,168.9,168.99,158.0,160.99,51169.0,8277731.18
2024-09-09,158.05,161.99,153.0,154.08,41627.0,6450831.74
2024-09-10,153.05,161.78,153.05,161.78,19475.0,3115882.96
2024-09-11,162.4,167.9,157.65,159.17,30524.0,4995312.93
2024-09-12,157.0,164.1,157.0,159.63,17621.0,2830928.35
2024-09-13,160.7,162.0,156.0,159.33,18205.0,2894691.52
2024-09-16,166.0,166.0,156.15,159.23,21904.0,3499111.69
2024-09-17,159.23,162.95,154.0,155.43,21766.0,3422473.89
2024-09-18,156.0,158.0,150.2,151.59,34741.0,5319526.49
2024-09-19,152.63,155.8,145.45,149.21,20741.0,3098748.5
2024-09-20,148.99,152.0,146.61,150.12,16787.0,2516116.46
2024-09-23,154.8,154.8,147.0,150.1,20073.0,3006453.18
2024-09-24,152.85,152.89,148.1,149.52,12431.0,1868514.97
2024-09-25,154.83,154.83,148.0,148.84,14344.0,2149590.72
2024-09-26,144.22,151.0,143.0,145.82,41778.0,6117357.31
2024-09-27,144.15,147.95,144.0,144.82,18982.0,2768055.16
2024-09-30,144.82,145.79,138.1,141.65,36562.0,5186218.02
2024-10-01,141.65,145.63,141.0,144.78,12229.0,1760486.69
2024-10-03,143.99,145.4,140.0,141.94,16905.0,2413433.37
2024-10-04,141.94,142.95,138.0,141.07,16266.0,2289073.42
2024-10-07,138.88,142.0,134.01,134.01,23361.0,3151671.46
2024-10-08,133.0,137.88,127.35,135.69,20891.0,2773261.55
2024-10-09,133.1,141.0,133.1,140.4,7889.0,1094402.58
2024-10-10,140.4,143.87,136.25,141.58,8843.0,1234490.03
2024-10-11,141.58,143.9,138.65,141.16,6781.0,958750.3
2024-10-14,143.98,143.98,137.05,138.27,9563.0,1328412.09
2024-10-15,138.89,139.0,131.35,132.61,38396.0,5125087.68
2024-10-16,132.59,132.9,131.4,132.64,9816.0,1301573.98
2024-10-17,133.33,136.0,132.0,133.67,9333.0,1251538.44
2024-10-18,133.7,133.96,130.0,133.04,10048.0,1325265.2
2024-10-21,132.99,133.89,128.11,130.53,7693.0,1008379.31
2024-10-22,130.99,133.0,124.0,124.41,20088.0,2525154.58
2024-10-23,125.0,128.5,121.0,126.83,8563.0,1066853.54
2024-10-24,126.05,126.5,123.5,125.99,6772.0,852730.48
2024-10-25,125.99,126.0,119.69,119.69,12291.0,1485471.93
2024-10-28,120.33,123.79,116.0,122.91,8426.0,1007337.67
2024-10-29,123.5,124.46,119.0,122.3,5786.0,705503.99
2024-10-30,122.3,125.9,120.0,125.09,16950.0,2086438.03
2024-10-31,125.09,125.09,123.0,124.55,18296.0,2281856.56
2024-11-01,126.0,129.0,124.55,127.44,4100.0,521270.13
2024-11-04,127.85,131.95,126.05,128.84,8773.0,1124028.1
2024-11-05,130.65,130.65,126.05,128.57,5300.0,681002.89
2024-11-06,128.57,130.84,125.11,129.81,7112.0,909909.41
2024-11-07,131.0,131.5,127.33,128.5,7338.0,948457.53
2024-11-08,128.25,129.89,126.0,127.83,3974.0,507096.36
2024-11-11,128.0,128.0,122.15,123.58,8469.0,1054681.53
2024-11-12,127.5,127.5,119.16,120.32,10933.0,1327599.77
2024-11-13,120.0,123.6,115.71,117.99,10580.0,1254310.29
2024-11-14,119.5,119.5,113.05,118.09,11339.0,1316195.09
2024-11-18,123.4,123.4,114.0,115.43,8618.0,1019136.63
2024-11-19,115.43,119.28,115.43,116.19,7693.0,901159.47
2024-11-21,117.5,117.8,114.0,114.34,6242.0,718835.4
2024-11-22,118.39,118.39,112.0,117.05,5214.0,603139.59
2024-11-25,121.0,121.0,116.25,120.12,3992.0,476506.18
2024-11-26,123.0,123.0,120.15,122.53,8670.0,1060907.39
2024-11-27,122.53,127.1,121.0,125.74,15576.0,1929250.3
2024-11-28,127.0,129.93,126.0,128.7,14199.0,1813671.4
2024-11-29,128.9,135.13,125.11,132.33,29498.0,3906946.35
2024-12-02,138.0,142.25,135.08,136.21,68776.0,9460134.62
2024-12-03,137.0,138.19,131.01,131.53,42950.0,5718575.84
2024-12-04,130.9,140.5,128.94,139.26,111467.0,15333445.41
2024-12-05,139.26,144.89,136.0,138.68,41453.0,5827611.13
2024-12-06,139.0,139.26,136.51,138.52,11961.0,1648735.11
2024-12-09,136.69,146.22,136.69,142.96,87991.0,12616914.13
2024-12-10,142.15,146.0,140.69,142.35,52192.0,7480247.47
2024-12-11,142.1,145.45,138.06,139.54,29934.0,4230503.86
2024-12-12,143.0,145.19,135.21,140.76,49095.0,6831236.47
2024-12-13,140.0,140.0,135.0,135.86,26597.0,3619487.62
2024-12-16,135.86,142.8,135.86,138.75,36466.0,5088969.47
2024-12-17,139.65,142.4,137.0,138.27,28732.0,4013109.19
2024-12-18,139.89,139.9,136.01,136.49,8155.0,1123536.95
2024-12-19,136.01,136.2,134.0,134.28,14041.0,1896289.76
2024-12-20,134.62,136.5,130.49,130.75,11311.0,1502579.1
2024-12-23,129.99,134.26,125.2,125.99,18831.0,2404946.66
2024-12-24,129.7,135.88,126.5,134.54,35759.0,4761573.17
2024-12-26,136.0,136.0,127.85,130.07,143400.0,18726034.98
2024-12-27,131.0,131.97,127.5,129.04,12078.0,1572970.8
2024-12-30,130.39,130.39,124.5,125.27,18040.0,2291146.3
2024-12-31,127.0,132.5,124.5,129.21,25465.0,3249216.65
2025-01-01,129.5,133.34,126.14,130.87,22428.0,2925211.0
2025-01-02,130.87,134.0,129.01,131.09,15563.0,2039479.41
2025-01-03,134.5,134.5,130.5,131.76,20601.0,2734574.6
2025-01-06,133.0,133.0,125.0,126.23,29418.0,3729915.95
2025-01-07,127.03,128.3,124.26,125.83,15013.0,1896479.74
2025-01-08,125.8,128.26,123.02,124.42,15300.0,1922161.69
2025-01-09,127.42,127.42,120.3,121.87,20160.0,2475711.74
2025-01-10,121.5,124.09,117.21,120.82,20352.0,2456772.62
2025-01-13,119.3,121.95,112.75,113.84,19114.0,2227460.53
2025-01-14,113.0,118.0,113.0,117.43,13447.0,1562008.43
2025-01-15,118.5,120.99,115.12,115.92,14460.0,1701284.29
2025-01-16,116.01,119.39,116.01,117.68,19597.0,2307102.6
2025-01-17,114.75,119.23,114.75,116.76,11631.0,1352116.59
2025-01-20,116.75,119.7,114.02,118.23,9877.0,1154948.83
2025-01-21,119.85,120.65,115.0,115.55,16161.0,1883986.77
2025-01-22,115.2,116.75,112.1,112.37,12465.0,1409769.36
2025-01-23,114.0,116.0,112.0,114.86,7346.0,841154.8
2025-01-24,114.99,117.12,110.41,112.18,30789.0,3490686.56
2025-01-27,113.78,113.78,106.1,107.95,23000.0,2508197.57
2025-01-28,111.9,111.9,105.0,105.99,15407.0,1648832.56
2025-01-29,109.8,110.98,106.36,107.13,22415.0,2425788.11
2025-01-30,109.8,109.8,106.0,106.48,14542.0,1558277.01
2025-01-31,107.15,109.49,107.0,107.98,12637.0,1369367.1
2025-02-01,110.5,110.5,107.04,109.17,11414.0,1244375.02
2025-02-03,109.0,109.0,104.5,105.28,10344.0,1093509.2
2025-02-04,107.0,109.72,105.25,107.18,14779.0,1589582.81
2025-02-05,109.9,110.45,107.65,109.2,19618.0,2140293.3
2025-02-06,109.4,110.78,106.81,107.61,11241.0,1218096.86
2025-02-07,108.45,109.0,106.0,108.49,11002.0,1187838.04
2025-02-10,109.61,109.61,104.1,104.31,36527.0,3867162.46
2025-02-11,105.0,107.86,101.01,101.67,18262.0,1893572.64
2025-02-12,101.67,103.23,95.0,98.67,39081.0,3819089.38
2025-02-13,98.68,100.83,98.5,98.6,12909.0,1283719.86
2025-02-14,100.57,100.8,90.8,95.41,30088.0,2870739.25
2025-02-17,96.83,96.83,91.31,92.18,18775.0,1744874.8
2025-02-18,93.45,95.99,90.02,90.37,21515.0,1968872.18
2025-02-19,90.37,93.99,90.37,93.02,114695.0,10548204.98
2025-02-20,93.5,96.28,90.73,94.74,20141.0,1901837.36
2025-02-21,95.49,98.49,93.55,94.02,20929.0,2007681.54
2025-02-24,95.38,99.89,93.6,94.89,16356.0,1563160.94
2025-02-25,95.9,96.35,94.01,95.1,11921.0,1137980.12
2025-02-27,95.45,96.97,93.03,93.64,8960.0,850170.16
2025-02-28,94.18,94.18,89.8,90.39,15135.0,1375457.74
2025-03-03,91.86,93.89,88.5,89.52,56915.0,5142532.23
2025-03-04,87.5,91.0,87.0,88.78,16160.0,1443556.22
2025-03-05,88.2,91.45,87.95,89.15,30242.0,2723760.25
2025-03-06,91.9,92.56,89.1,89.71,23990.0,2185597.79
2025-03-07,90.7,91.99,89.82,90.97,18003.0,1633796.76
2025-03-10,91.45,92.27,88.1,88.34,12100.0,1082061.38
2025-03-11,88.1,89.6,83.5,84.02,26853.0,2299085.01
2025-03-12,85.0,86.49,82.0,82.58,17521.0,1465464.2
2025-03-13,84.0,84.0,80.3,80.53,31988.0,2594335.13
2025-03-17,80.05,82.1,78.0,79.36,37501.0,3001458.78
2025-03-18,80.28,82.01,78.75,80.78,46653.0,3762344.83
2025-03-19,83.35,87.5,81.96,85.1,97205.0,8348528.59
2025-03-20,88.0,88.61,85.6,86.16,56782.0,4941906.89
2025-03-21,88.0,90.29,85.01,87.26,99868.0,8776578.61
2025-03-24,87.29,89.9,87.29,87.78,39341.0,3476334.3
2025-03-25,90.0,90.0,83.3,83.87,44710.0,3854077.05
2025-03-26,83.87,85.99,79.0,79.92,57664.0,4745329.79
2025-03-27,78.11,80.99,78.01,78.54,50399.0,3998310.97
2025-03-28,78.54,82.4,76.05,76.45,76578.0,5985590.08
2025-04-01,76.45,82.0,76.28,81.45,36584.0,2903499.99
2025-04-02,80.8,83.89,78.6,81.24,43066.0,3481438.72
2025-04-03,80.99,90.5,79.73,88.78,54112.0,4662049.5
2025-04-04,89.99,89.99,84.01,84.3,28833.0,2473427.13
2025-04-07,77.0,83.0,77.0,81.19,39864.0,3217881.27
2025-04-08,82.79,85.89,81.46,84.14,72313.0,6061612.58
2025-04-09,84.9,85.88,83.12,84.74,37317.0,3150769.44
2025-04-11,86.19,87.4,85.06,86.39,21511.0,1853481.41
2025-04-15,87.18,88.75,86.4,88.02,18593.0,1634255.68
2025-04-16,86.52,97.69,86.52,91.4,90477.0,8413829.85
2025-04-17,91.01,94.21,90.6,92.48,29543.0,2723045.58
2025-04-21,92.5,96.49,92.5,95.39,47076.0,4451519.1
2025-04-22,93.8,97.77,93.8,95.19,43248.0,4157351.06
2025-04-23,96.34,96.5,93.35,94.92,28800.0,2740761.92
2025-04-24,94.92,97.35,94.0,94.95,35293.0,3382910.7
2025-04-25,94.95,96.89,93.01,94.36,55271.0,5245568.36
2025-04-28,92.6,93.89,91.51,93.13,15622.0,1447923.76
2025-04-29,94.45,94.45,90.0,92.36,11613.0,1074671.89
2025-04-30,92.36,92.36,90.5,91.14,3191.0,291022.9
2025-05-02,92.51,92.51,85.8,87.79,20346.0,1806125.78
2025-05-05,91.98,91.98,88.5,90.94,13528.0,1224921.79
2025-05-06,92.96,92.96,87.52,88.02,11157.0,994371.53
2025-05-07,87.1,92.97,86.0,86.95,35526.0,3145089.13
2025-05-08,88.4,90.89,86.2,86.79,15838.0,1396514.71
2025-05-09,83.3,86.39,83.3,84.97,11424.0,969692.53
2025-05-12,87.5,91.47,87.5,90.35,24606.0,2206568.39
2025-05-13,90.35,92.5,89.89,91.84,14653.0,1338476.0
2025-05-14,91.84,93.4,91.21,92.46,24146.0,2232241.87
2025-05-15,92.46,93.4,90.7,92.57,15421.0,1427897.83
2025-05-16,92.57,96.05,92.35,95.52,23766.0,2255074.8
2025-05-19,95.52,97.0,94.25,95.42,21519.0,2055109.55
2025-05-20,95.42,103.1,94.5,100.6,149578.0,14954126.44
2025-05-21,100.6,103.7,98.96,102.63,77587.0,7924653.34
2025-05-22,102.88,102.88,97.12,100.3,32071.0,3206571.18
2025-05-23,102.77,102.77,98.64,100.95,11308.0,1140395.74
2025-05-26,101.0,102.85,99.05,99.31,32789.0,3279846.09
2025-05-27,102.69,102.8,98.0,101.51,71179.0,7191917.29
2025-05-28,104.0,104.5,100.15,101.16,23965.0,2450857.69
2025-05-29,102.25,103.0,100.2,101.01,11534.0,1171071.91
2025-05-30,101.05,101.49,97.32,98.06,22288.0,2203874.07
2025-06-02,97.95,101.99,96.15,99.09,39675.0,3934937.92
2025-06-03,102.0,102.0,96.5,97.14,25369.0,2517240.04
2025-06-04,97.98,98.8,96.0,97.89,26425.0,2573148.37
2025-06-05,98.31,102.87,98.02,99.37,62360.0,6248766.93
2025-06-06,101.65,101.65,98.42,98.92,24873.0,2479455.56
2025-06-09,101.0,101.0,98.5,99.13,14770.0,1468203.25
2025-06-10,101.99,110.0,98.05,106.93,268728.0,28452036.54
2025-06-11,106.93,107.4,101.95,103.31,50594.0,5305988.56
2025-06-12,103.65,103.96,100.0,100.28,22327.0,2268330.86
2025-06-13,100.0,101.74,97.57,101.17,25179.0,2511153.46
2025-06-16,102.0,102.0,97.5,99.5,22268.0,2203467.87
2025-06-17,99.99,100.59,97.0,97.84,28542.0,2811537.85
2025-06-18,98.0,98.95,95.0,96.66,21825.0,2108109.97
2025-06-19,97.16,98.38,93.7,94.44,12264.0,1173693.39
2025-06-20,97.0,97.0,94.22,95.04,11252.0,1069310.06
2025-06-23,93.1,96.79,93.1,96.19,11667.0,1108038.52
2025-06-24,97.9,98.69,95.41,96.52,16820.0,1636223.07
2025-06-25,97.14,104.0,96.77,102.27,48324.0,4828438.93
2025-06-26,103.97,105.0,100.0,101.36,25910.0,2643694.97
2025-06-27,101.98,102.61,99.7,100.22,18237.0,1841728.79
2025-06-30,100.22,102.25,99.97,101.19,14421.0,1460586.19
2025-07-01,103.0,103.0,97.0,98.81,42591.0,4271644.72
2025-07-02,98.54,101.68,98.4,99.68,19986.0,2000932.35
2025-07-03,99.09,100.9,99.01,100.09,15891.0,1586024.54
2025-07-04,100.8,100.8,99.2,99.77,22104.0,2203238.06
2025-07-07,99.05,103.14,98.51,100.39,27930.0,2829716.69
2025-07-08,100.27,103.0,98.76,101.35,27130.0,2751016.87
2025-07-09,100.99,103.4,99.1,99.67,141983.0,14467956.21
2025-07-10,99.52,101.09,99.0,100.06,14057.0,1406820.03
2025-07-11,99.05,100.48,98.0,99.06,16583.0,1641221.84
2025-07-14,99.9,99.9,97.89,98.21,7897.0,777859.47
2025-07-15,99.95,101.49,98.15,100.59,38091.0,3808676.48
2025-07-16,100.53,106.2,100.45,103.97,129379.0,13473033.67
2025-07-17,104.0,104.29,100.55,101.27,22469.0,2293468.37
2025-07-18,101.27,102.3,99.01,99.64,23875.0,2387673.69
2025-07-21,101.95,102.47,98.32,99.4,27666.0,2768789.0
2025-07-22,99.88,100.7,98.5,98.84,19020.0,1888519.76
2025-07-23,98.84,100.05,96.01,96.69,32073.0,3129556.61
2025-07-24,98.19,98.99,96.01,96.38,15237.0,1479116.09
2025-07-25,96.8,97.66,94.39,95.65,15113.0,1454154.53
2025-07-28,97.2,97.27,94.0,94.17,7046.0,670593.83
2025-07-29,94.18,100.99,93.0,94.48,66742.0,6427338.18
2025-07-30,97.9,97.9,94.25,94.97,8716.0,831189.81
2025-07-31,94.6,96.09,92.99,94.23,12516.0,1177074.96
2025-08-01,94.88,95.9,93.06,93.13,7951.0,748388.9
2025-08-04,93.59,94.18,91.5,92.34,14036.0,1298556.72
2025-08-05,95.0,95.0,91.5,91.98,10546.0,972987.75
2025-08-06,91.98,93.04,90.51,91.77,6866.0,629023.57
2025-08-07,90.1,94.07,86.95,88.59,33972.0,3045567.79
2025-08-08,89.4,90.42,88.64,89.13,6706.0,601251.66
2025-08-11,92.59,92.59,89.13,90.0,3304.0,296887.23
2025-08-12,90.11,93.34,90.0,91.09,9700.0,888171.17
2025-08-13,93.02,93.7,90.91,93.3,8705.0,804787.95
2025-08-14,92.99,94.89,90.0,91.44,14597.0,1340156.67
2025-08-18,94.1,96.8,93.86,94.12,16686.0,1583148.26
2025-08-19,95.2,96.5,90.55,93.96,107499.0,10155255.18
2025-08-20,95.85,96.3,93.61,94.7,4790.0,453336.95
2025-08-21,96.9,96.9,94.05,94.44,8380.0,795076.86
2025-08-22,96.25,96.25,93.0,93.51,8799.0,825666.8
2025-08-25,94.9,94.9,92.61,93.17,1915.0,179182.32
2025-08-26,93.34,93.9,90.41,92.3,7177.0,661965.28
2025-08-28,89.0,95.49,89.0,91.94,9679.0,895491.72
2025-08-29,91.66,92.78,90.02,90.88,4288.0,390639.11
2025-09-01,93.44,93.44,88.81,91.26,14900.0,1356168.46
2025-09-02,92.14,93.53,91.99,92.92,5864.0,544368.4
2025-09-03,92.27,97.0,90.91,95.66,34966.0,3312083.0
2025-09-04,97.9,97.9,92.0,93.89,18160.0,1712297.24
2025-09-05,94.26,95.79,92.82,94.31,5545.0,524028.45
2025-09-08,95.7,97.0,93.24,95.04,14789.0,1398760.29
2025-09-09,94.0,96.04,93.31,93.86,11516.0,1087592.75
2025-09-10,94.0,95.9,94.0,94.81,4621.0,438822.36
2025-09-11,94.86,98.17,93.81,96.73,18137.0,1753292.07
2025-09-12,96.16,99.5,96.16,98.11,42420.0,4174401.74
2025-09-15,99.05,99.5,96.5,97.73,21865.0,2148362.53
2025-09-16,98.9,99.39,97.0,97.21,7333.0,716183.21
2025-09-17,98.8,98.8,95.97,97.58,8786.0,852072.7
2025-09-18,97.59,101.9,97.0,99.59,46689.0,4679818.22
2025-09-19,99.59,104.7,98.11,101.68,101266.0,10312712.45
2025-09-22,104.25,104.7,100.0,101.2,41738.0,4257105.54
2025-09-23,99.6,102.88,99.4,100.43,26017.0,2636022.68
2025-09-24,99.69,102.0,98.0,98.77,16075.0,1607006.83
2025-09-25,97.5,99.74,94.71,95.12,23987.0,2332755.78
2025-09-26,96.38,96.39,92.0,92.5,16028.0,1499715.98
2025-09-29,92.87,96.99,91.5,92.15,28896.0,2704664.97
2025-09-30,94.99,95.8,91.52,92.92,15809.0,1468646.53
2025-10-01,94.79,97.49,93.37,96.67,22441.0,2152206.5
2025-10-03,95.25,98.5,95.25,97.54,7167.0,697307.81
2025-10-06,99.0,99.0,93.32,94.39,23518.0,2244071.68
2025-10-07,94.87,94.93,92.05,92.4,17190.0,1598449.5
2025-10-08,94.1,94.1,91.31,91.69,11706.0,1080031.87
2025-10-09,92.32,93.08,91.5,91.76,8624.0,796565.18
2025-10-10,91.7,93.44,91.0,91.47,11117.0,1022456.49
2025-10-13,90.13,93.97,90.13,91.26,8296.0,759376.92
2025-10-14,92.0,92.54,90.5,90.75,6204.0,564944.91
2025-10-15,90.75,93.54,90.67,91.63,11709.0,1079709.02
2025-10-16,91.63,93.49,91.44,92.4,3932.0,362981.2
2025-10-17,93.6,93.6,90.95,90.97,4427.0,404645.26
2025-10-20,90.75,93.0,90.41,91.66,13099.0,1195526.12
2025-10-21,93.97,93.97,91.01,92.51,1857.0,171419.06
2025-10-23,93.99,97.0,92.77,95.15,29923.0,2849711.6
2025-10-24,96.6,98.0,94.0,96.11,35320.0,3412848.29
2025-10-27,96.06,101.95,95.1,96.38,30729.0,3001056.64
2025-10-28,96.95,98.5,94.7,95.43,38050.0,3685910.53
2025-10-29,97.72,101.0,95.99,98.68,75908.0,7526313.44
2025-10-30,98.68,98.68,97.0,97.09,3112.0,303486.7
2025-10-31,98.24,98.49,94.0,94.95,10735.0,1031493.14
2025-11-03,94.8,97.99,94.31,94.97,7339.0,697933.54
2025-11-04,94.97,96.45,92.85,93.12,8149.0,768564.01
2025-11-06,93.5,96.0,91.55,92.02,24643.0,2299508.97
2025-11-07,91.68,93.5,90.02,91.35,42999.0,3932397.23
2025-11-10,91.5,96.24,91.5,95.7,26245.0,2497482.81
2025-11-11,95.51,95.51,91.8,92.04,26513.0,2451667.34
2025-11-12,92.5,94.29,92.2,92.82,6996.0,652295.72
2025-11-13,93.39,94.0,90.6,91.66,13524.0,1249288.87
2025-11-14,91.63,93.99,90.07,91.21,13908.0,1265652.17
2025-11-17,89.95,92.57,86.99,87.63,51446.0,4547649.26
2025-11-18,87.21,89.09,83.81,84.65,32010.0,2739122.94
2025-11-19,84.65,85.58,83.25,84.65,21939.0,1842356.1
2025-11-20,86.5,87.9,84.99,86.12,12510.0,1079755.65
2025-11-21,85.0,85.85,82.1,82.99,20274.0,1695095.6
2025-11-24,82.99,85.92,82.0,82.53,6414.0,533128.81
2025-11-25,83.05,86.45,82.32,83.29,27262.0,2276634.55
2025-11-26,84.1,85.18,82.59,82.96,7058.0,590664.16
2025-11-27,85.8,85.84,83.23,85.03,9323.0,788659.54
2025-11-28,85.03,87.0,82.5,82.91,13704.0,1148764.13
2025-12-01,83.17,84.81,82.0,83.03,6474.0,542270.57
2025-12-02,83.03,84.69,81.49,81.92,8833.0,728890.41
2025-12-03,82.83,82.86,79.01,79.55,19868.0,1587796.91
2025-12-04,84.7,84.7,80.01,81.61,11267.0,916343.38
2025-12-05,83.0,83.25,80.7,81.14,1423.0,115963.68
2025-12-08,83.98,83.98,79.0,79.12,5681.0,454023.83
2025-12-09,79.51,81.08,78.02,79.18,6977.0,553377.77
2025-12-10,82.87,84.5,79.8,81.08,16053.0,1326972.89
2025-12-11,82.0,84.0,79.51,83.27,21324.0,1756188.6
2025-12-12,84.41,84.41,81.6,82.62,10556.0,872094.94
2025-12-15,84.0,84.0,81.05,81.63,4764.0,391963.8
2025-12-16,84.0,84.0,79.22,82.44,16235.0,1325654.42
2025-12-17,81.03,83.54,79.63,80.47,17712.0,1436407.19
2025-12-18,80.47,82.25,80.0,81.41,9293.0,752587.93
2025-12-19,82.01,83.79,81.02,82.09,12379.0,1015178.61
2025-12-22,81.0,83.5,80.12,81.13,13824.0,1128777.27
2025-12-23,82.75,82.75,80.12,81.9,6899.0,564903.8
2025-12-24,81.0,82.99,81.0,81.36,8690.0,707999.07
2025-12-26,81.36,82.94,80.1,80.83,8456.0,686234.71
2025-12-29,80.83,81.86,79.02,79.4,5396.0,430788.96
2025-12-30,81.77,81.78,79.06,80.64,8166.0,653251.21
2025-12-31,83.4,83.4,79.11,81.26,14555.0,1183998.35
2026-01-01,82.0,82.0,79.56,80.18,12424.0,1002145.84
2026-01-02,80.0,81.9,80.0,81.03,15666.0,1270242.82
2026-01-05,81.03,81.8,77.75,79.05,30185.0,2384701.08
2026-01-06,81.19,81.19,78.1,78.13,9116.0,717580.17
2026-01-07,79.7,82.13,76.41,78.6,24126.0,1903613.83
2026-01-08,78.2,80.79,77.0,78.73,12868.0,1013370.7
2026-01-09,78.01,79.5,77.01,77.91,8618.0,677085.96
2026-01-12,77.0,79.29,75.14,75.63,13786.0,1052575.77
2026-01-13,77.0,77.0,75.5,75.78,3298.0,251273.24
2026-01-14,75.78,76.95,74.0,75.58,17130.0,1291262.44
2026-01-16,76.65,76.65,74.48,75.04,14633.0,1098311.35
2026-01-19,74.51,77.5,73.01,73.27,9926.0,734378.36
2026-01-20,73.56,76.73,72.01,72.09,11666.0,855538.37
2026-01-21,72.0,74.0,71.5,72.57,6602.0,476917.95
2026-01-22,73.99,73.99,71.11,71.68,10783.0,780695.9
2026-01-23,75.49,75.49,70.7,71.52,8871.0,642950.46
2026-01-27,74.94,74.94,70.0,70.22,12756.0,909446.97
2026-01-28,70.06,74.5,70.06,71.7,25804.0,1859715.63
2026-01-29,74.75,74.75,72.0,73.0,18326.0,1350915.96
2026-01-30,73.0,74.5,72.1,73.1,5282.0,388203.15
2026-02-01,74.5,74.5,71.0,71.72,6197.0,448399.27
2026-02-02,71.3,73.69,70.0,70.35,8313.0,586318.7
2026-02-03,73.74,75.0,71.52,74.06,15900.0,1172599.78
2026-02-04,75.0,77.5,74.0,76.65,29444.0,2250498.11
2026-02-05,76.65,76.65,75.11,76.34,9226.0,701792.18
2026-02-06,76.54,76.54,74.0,74.72,3250.0,242888.28
2026-02-09,74.72,82.45,74.26,80.69,61758.0,4949561.01
2026-02-10,79.01,81.98,78.71,79.33,10569.0,843016.15
2026-02-11,81.5,81.5,77.59,79.41,10367.0,821984.83
2026-02-12,79.0,80.0,76.02,78.06,11695.0,920813.01
2026-02-13,75.25,77.5,74.5,75.37,15578.0,1173591.14
2026-02-16,75.0,84.45,73.5,80.53,69659.0,5630102.71
2026-02-17,82.14,82.5,79.0,79.88,25635.0,2077624.58
2026-02-18,81.9,82.5,77.15,78.42,26956.0,2149795.33
2026-02-19,79.99,80.7,77.16,79.38,9028.0,711731.46
2026-02-20,79.88,79.88,75.4,76.56,9598.0,738589.74
2026-02-23,79.99,79.99,76.53,76.83,7705.0,596080.82
2026-02-24,78.09,78.9,75.25,76.62,6932.0,529035.05
2026-02-25,75.56,77.99,72.7,73.82,10592.0,794162.94
2026-02-26,76.49,77.3,73.82,75.71,8985.0,681049.37
2026-02-27,74.0,76.0,74.0,74.42,4496.0,335037.18
2026-03-02,73.05,73.05,70.02,72.18,10581.0,759917.86
2026-03-04,72.54,72.54,70.15,71.09,7522.0,532217.48
2026-03-05,71.08,73.54,70.0,70.91,9495.0,670108.14
2026-03-06,72.49,72.49,70.5,71.22,4139.0,294417.79
2026-03-09,69.3,71.99,66.0,67.21,16499.0,1115972.76
2026-03-10,68.8,68.8,66.23,68.1,15699.0,1065514.04
2026-03-11,68.1,70.9,68.0,68.7,6581.0,455935.21
2026-03-12,71.0,71.0,66.3,68.38,21449.0,1462989.33
2026-03-13,70.3,70.3,66.16,66.39,11857.0,798580.68
2026-03-16,66.6,69.0,65.88,66.48,21487.0,1434207.89
2026-03-17,68.5,69.0,65.0,65.69,15227.0,1013117.04
2026-03-18,66.7,68.0,66.06,67.14,11699.0,783464.7
2026-03-19,68.0,68.0,65.5,65.82,19796.0,1310273.92
2026-03-20,67.98,67.98,64.01,65.0,21627.0,1414968.4
2026-03-23,64.0,64.5,60.0,61.33,19245.0,1207231.32
2026-03-24,65.5,65.5,60.4,60.75,22616.0,1401060.51
2026-03-25,62.0,63.3,60.3,61.2,39992.0,2475710.31
2026-03-27,61.2,61.48,58.03,58.27,34400.0,2052579.77
2026-03-30,58.2,58.2,55.0,55.71,29042.0,1637661.23
2026-04-01,57.0,64.0,57.0,61.36,9971.0,594656.94
2026-04-02,60.01,61.89,59.44,61.5,7923.0,480143.89
2026-04-06,63.95,64.95,62.0,63.78,8497.0,538844.94
2026-04-07,65.0,66.0,62.5,65.03,9021.0,584859.88
2026-04-08,67.0,70.3,66.03,69.16,31290.0,2145466.4
2026-04-09,70.38,70.38,66.51,68.25,13750.0,942408.73
2026-04-10,68.9,71.5,68.69,70.22,8678.0,611545.25
2026-04-13,69.78,72.48,68.05,70.56,15036.0,1057695.07
2026-04-15,72.5,73.11,70.59,71.41,13162.0,944807.42
2026-04-16,71.46,72.99,71.0,71.66,9000.0,645166.51
2026-04-17,72.2,76.01,71.07,74.08,20341.0,1508881.43
2026-04-20,72.55,74.08,71.42,72.17,7945.0,579214.06
2026-04-21,73.5,74.49,71.24,71.71,6555.0,474403.19
2026-04-22,72.9,72.96,71.0,71.89,6211.0,448435.36
2026-04-23,71.0,86.26,71.0,84.89,981010.0,82570264.86
2026-04-24,82.5,85.45,79.0,79.57,111993.0,9229084.04
2026-04-27,79.57,81.0,76.1,77.01,59749.0,4657264.44
2026-04-28,78.0,78.95,75.25,76.12,18684.0,1439727.52
2026-04-29,77.01,77.89,73.5,73.95,24911.0,1880631.0
2026-04-30,73.78,75.5,72.7,73.15,32594.0,2391668.56
2026-05-04,73.88,76.0,73.88,74.3,12899.0,964164.92
2026-05-05,75.95,75.95,73.06,73.27,17100.0,1258504.61
2026-05-06,73.35,75.3,72.15,74.49,17720.0,1308275.74
2026-05-07,74.49,75.99,73.13,74.72,17647.0,1327138.92
2026-05-08,74.71,75.95,74.02,74.63,9647.0,723193.88
2026-05-11,73.95,74.55,73.51,74.07,9462.0,701335.42
2026-05-12,74.55,74.55,71.05,72.24,8771.0,638318.23
2026-05-13,73.3,74.94,70.9,73.82,7779.0,570530.26
2026-05-14,74.96,75.1,72.1,72.32,5075.0,370424.17
2026-05-15,72.32,74.5,71.0,72.31,7312.0,532258.44
2026-05-18,71.47,71.49,70.05,70.3,5582.0,394758.28
2026-05-19,70.67,72.0,70.52,71.17,14249.0,1013669.54
2026-05-20,71.0,73.0,71.0,71.67,6399.0,459091.51
2026-05-21,73.9,73.95,70.15,71.0,11521.0,832385.8
2026-05-22,73.7,73.7,70.75,71.19,18576.0,1323950.75
2026-05-25,71.2,73.5,70.89,72.39,7880.0,568197.35
2026-05-26,72.39,73.96,71.0,71.34,11433.0,823056.56
2026-05-27,72.5,73.5,71.4,72.0,20050.0,1452277.97
2026-05-29,71.64,73.75,71.64,73.48,9999.0,733227.13
2026-06-01,74.5,74.5,70.07,70.93,21242.0,1516805.46
2026-06-02,69.3,70.82,68.5,69.9,12223.0,850718.95
2026-06-03,70.0,70.93,69.0,69.72,11800.0,823122.21
2026-06-04,69.72,73.5,69.72,72.04,11682.0,841498.65
2026-06-05,73.5,75.0,72.05,72.36,15356.0,1120910.57
2026-06-08,72.2,72.78,70.5,71.24,4011.0,287247.26
2026-06-09,71.0,73.0,70.9,71.3,3669.0,261650.49
2026-06-10,70.15,72.4,69.4,69.74,5100.0,358702.43
2026-06-11,71.95,71.95,68.7,69.54,6055.0,423642.17
2026-06-12,71.0,71.0,70.0,70.49,4199.0,295143.15
2026-06-15,71.6,73.0,70.5,71.07,12233.0,882751.76
2026-06-16,70.4,76.0,70.08,72.59,48850.0,3600427.95
2026-06-17,72.5,74.88,72.5,74.02,18926.0,1398378.52
2026-06-18,74.7,75.0,73.1,73.66,11141.0,826146.85
2026-06-19,74.7,75.5,73.5,74.28,8368.0,624220.58
2026-06-22,75.02,76.5,73.71,74.21,21935.0,1644831.13
2026-06-23,75.4,78.9,74.01,74.86,53584.0,4082198.9
2026-06-24,75.82,77.45,74.5,74.91,12088.0,912705.43
2026-06-25,76.0,76.5,72.4,72.84,15014.0,1108010.11
2026-06-29,73.6,80.0,71.75,77.22,179133.0,13898020.35
2026-06-30,77.51,81.8,77.51,80.27,95820.0,7662577.59
2026-07-01,82.0,82.5,77.6,78.09,36045.0,2857781.35
2026-07-02,77.4,78.85,76.5,77.1,11497.0,887584.0
2026-07-03,77.1,86.9,77.1,82.89,176107.0,14640343.47
2026-07-06,84.0,84.0,78.6,80.42,38752.0,3149324.99
2026-07-07,81.4,81.4,78.01,78.77,11264.0,891045.01
2026-07-08,79.91,79.91,74.0,75.45,28463.0,2171972.75
2026-07-09,76.8,77.33,75.96,76.54,6498.0,497824.35
2026-07-10,77.47,79.65,77.0,77.58,38319.0,2994363.17
2026-07-13,77.0,79.6,76.97,78.3,14531.0,1141186.34
2026-07-14,78.0,78.24,75.65,76.63,9674.0,743340.55
2026-07-15,76.15,77.79,76.15,76.7,10349.0,796350.1
2026-07-16,76.75,77.5,75.16,75.7,6759.0,516769.94
2026-07-17,76.02,76.49,74.85,75.18,4727.0,356173.9
2026-07-20,75.02,75.26,73.65,74.62,7433.0,553467.37
2026-07-21,74.87,75.39,74.0,74.25,4855.0,362071.34
2026-07-22,73.2,74.98,71.85,72.13,14230.0,1032017.99
2026-07-23,74.44,74.44,71.6,71.93,9651.0,695823.32
2026-07-24,72.13,72.88,70.53,71.96,9826.0,705502.85
2026-07-27,72.95,73.4,70.6,71.21,17873.0,1276317.82
2026-07-28,72.1,72.86,70.85,71.32,4675.0,335895.78
2026-07-29,71.9,71.95,69.27,70.48,10899.0,767475.14
2026-07-30,70.99,71.94,70.0,70.46,2408.0,169521.31
2026-07-31,69.75,72.4,69.75,71.44,2103.0,150769.57
2026-08-03,72.0,74.9,71.07,73.93,24559.0,1809050.06
2026-08-04,74.72,74.8,72.1,73.31,5345.0,392891.41
2026-08-05,74.5,74.5,72.81,73.62,4985.0,367120.07
2026-08-06,73.0,75.59,73.0,74.08,14932.0,1111745.4
2026-08-07,74.5,74.5,72.02,72.55,9775.0,712186.69
2026-08-10,72.55,74.5,72.06,72.6,14279.0,1043443.54
2026-08-11,73.74,74.33,72.1,73.22,6964.0,507042.46
2026-08-12,72.2,73.7,72.16,72.83,4343.0,315832.22
2026-08-13,73.0,74.18,70.25,71.66,10195.0,734980.35
2026-08-14,73.5,74.0,72.0,72.7,9153.0,667107.39
2026-08-17,72.05,73.99,71.52,72.04,7868.0,568078.98
2026-08-18,71.82,73.72,71.53,72.09,2942.0,211903.38
2026-08-19,72.7,72.7,70.0,70.76,3726.0,266047.5
2026-08-20,70.76,72.15,70.66,70.94,4778.0,341791.05
2026-08-21,70.6,72.5,70.6,71.56,3202.0,230189.58
2026-08-24,72.9,72.9,71.11,72.43,5764.0,414829.18
2026-08-25,71.16,73.1,71.1,71.28,6665.0,478372.8
2026-08-26,72.15,75.5,71.1,74.0,19946.0,1472206.52
2026-08-27,74.0,76.0,72.12,72.51,9704.0,718223.55
2026-08-28,71.22,75.5,71.07,74.66,32684.0,2411749.54
2026-08-31,74.0,75.9,73.1,73.2,16889.0,1247927.76
2026-09-01,73.25,74.9,72.12,72.78,28118.0,2063692.96
2026-09-02,72.8,73.9,70.21,70.84,13799.0,982500.97
2026-09-03,72.5,72.8,71.24,72.21,7609.0,548988.03
2026-09-04,72.85,72.85,70.57,71.37,5969.0,425129.15
2026-09-07,71.37,72.9,70.0,70.96,12581.0,893586.54
2026-09-08,72.0,72.0,70.02,70.41,8793.0,619954.85
2026-09-09,71.9,71.9,69.5,69.62,8486.0,593383.31
2026-09-10,69.2,72.48,69.0,71.85,30146.0,2133617.32
2026-09-11,72.05,72.88,70.0,71.73,40924.0,2934179.31
2026-09-15,71.98,71.98,69.69,70.91,10863.0,770375.68
2026-09-16,71.9,71.99,68.16,69.75,16767.0,1171319.15
2026-09-17,70.0,71.49,68.5,70.38,9100.0,640282.54
2026-09-18,71.5,71.5,69.0,69.67,3538.0,247227.14
2026-09-21,70.0,71.39,69.21,70.44,7906.0,555145.6
2026-09-22,70.44,72.0,69.4,71.27,14944.0,1049610.37
2026-09-23,72.0,72.4,70.81,71.38,8273.0,590616.93
2026-09-24,71.0,71.5,69.0,69.7,8216.0,573420.15
2026-09-25,69.83,70.78,69.5,69.68,4906.0,343073.17
2026-09-28,69.68,72.01,68.5,70.21,14532.0,1029492.22
2026-09-29,70.99,71.78,69.75,71.0,8575.0,602839.0
