date,open,high,low,close,volume,value
2011-01-03,300.0,303.0,290.5,291.8,1886605.0,555485429.75
2011-01-04,295.65,297.25,284.4,285.15,2710202.0,782141338.4
2011-01-05,286.0,286.0,270.7,276.05,5257175.0,1459393997.8
2011-01-06,279.1,281.85,264.0,265.8,5464812.0,1478163448.55
2011-01-07,265.8,274.35,258.55,269.4,6097219.0,1641261472.4
2011-01-10,270.65,275.4,263.45,267.55,3238340.0,877408090.3
2011-01-11,269.85,276.7,265.4,270.55,3356091.0,914824589.75
2011-01-12,272.9,275.25,265.25,273.1,4086116.0,1108531787.3
2011-01-13,273.1,274.0,265.15,266.8,2885806.0,779910942.5
2011-01-14,267.95,268.6,253.1,255.95,1753668.0,459760622.7
2011-01-17,257.0,263.35,254.45,260.9,5337223.0,1393996061.4
2011-01-18,262.0,264.45,259.5,263.3,2216271.0,580613078.35
2011-01-19,263.3,277.25,261.7,275.15,3039908.0,827795342.8
2011-01-20,274.0,283.3,272.05,281.85,2466393.0,690638715.35
2011-01-21,282.2,287.8,279.6,280.9,1687919.0,480457885.25
2011-01-24,281.0,288.45,280.3,287.35,948304.0,270817613.25
2011-01-25,287.0,288.6,272.25,274.9,1620597.0,452314631.95
2011-01-27,277.0,278.75,262.1,264.85,4351994.0,1173899210.95
2011-01-28,262.05,265.65,244.1,252.85,4918028.0,1234683315.65
2011-01-31,248.8,250.65,241.3,243.65,3551611.0,871518075.2
2011-02-01,244.25,250.2,235.15,237.4,3546177.0,860810925.6
2011-02-02,241.0,261.9,238.25,250.05,4712628.0,1180987068.3
2011-02-03,251.8,265.95,250.2,263.6,4343415.0,1126316457.5
2011-02-04,264.0,268.35,260.45,262.55,3315562.0,876507461.85
2011-02-07,263.0,272.0,260.3,262.5,3458542.0,924871206.45
2011-02-08,264.9,268.9,257.5,261.45,2915463.0,769418924.6
2011-02-09,261.0,261.0,244.0,246.45,3855198.0,964404256.75
2011-02-10,248.0,248.0,235.05,237.1,3241904.0,774666619.9
2011-02-11,235.0,238.9,225.15,236.15,4953357.0,1143441905.95
2011-02-14,238.0,248.35,237.35,247.4,5611102.0,1364902019.95
2011-02-15,250.0,253.1,240.5,242.55,4738757.0,1162837600.9
2011-02-16,242.1,244.85,235.1,237.95,5099577.0,1214367667.2
2011-02-17,239.0,247.8,238.0,245.4,4662730.0,1134890694.5
2011-02-18,246.9,251.8,234.15,236.85,4770868.0,1156143906.65
2011-02-21,237.8,239.35,226.8,233.7,4319943.0,1000043566.35
2011-02-22,233.0,238.9,227.6,232.05,2369753.0,554996749.6
2011-02-23,231.0,237.5,229.65,233.2,2386805.0,557873716.45
2011-02-24,234.0,234.0,215.7,218.7,4354128.0,970854139.9
2011-02-25,222.0,232.8,220.45,230.4,3405416.0,772118157.9
2011-02-28,231.9,241.65,231.1,235.65,4853266.0,1150755717.0
2011-03-01,236.1,251.45,235.15,249.8,4613514.0,1128096172.75
2011-03-03,249.5,249.5,241.55,243.25,2277537.0,557092913.35
2011-03-04,245.0,253.05,238.1,239.7,3260842.0,798820218.05
2011-03-07,237.95,246.0,235.1,243.45,2723557.0,660912395.35
2011-03-08,244.05,247.45,235.3,240.25,3168958.0,761797159.5
2011-03-09,241.8,243.8,237.0,241.65,1813593.0,436525153.5
2011-03-10,240.0,241.2,233.75,234.5,1951414.0,460683644.5
2011-03-11,232.15,235.9,225.5,228.55,2127563.0,488783560.1
2011-03-14,228.0,231.25,224.15,228.4,2331055.0,529516866.9
2011-03-15,225.0,226.0,216.45,219.2,4042773.0,894091650.05
2011-03-16,220.8,231.0,220.0,229.15,4353751.0,992269525.2
2011-03-17,227.5,228.9,222.0,223.0,2390779.0,536610191.4
2011-03-18,225.1,226.3,220.0,223.25,2685091.0,597176036.95
2011-03-21,226.0,226.0,221.0,224.1,2178189.0,487110660.75
2011-03-22,224.15,230.0,223.6,228.95,1775570.0,403383951.3
2011-03-23,228.85,237.2,228.8,236.4,2642020.0,619347190.85
2011-03-24,236.8,244.85,234.1,244.05,3254485.0,783797236.25
2011-03-25,244.9,249.45,244.9,245.85,2603503.0,643995878.2
2011-03-28,246.2,249.0,243.5,247.8,1360767.0,336578612.5
2011-03-29,248.0,249.25,243.0,245.5,1794301.0,441006982.75
2011-03-30,246.2,261.95,246.2,259.25,3790704.0,971504981.85
2011-03-31,260.0,266.6,251.0,253.7,3757276.0,971048453.6
2011-04-01,253.9,256.1,250.25,252.6,3591613.0,905572858.5
2011-04-04,253.35,256.0,251.45,253.95,2939306.0,746945614.75
2011-04-05,255.15,260.0,251.5,258.25,2494969.0,640949323.2
2011-04-06,260.0,268.0,258.25,266.95,4885613.0,1293174668.65
2011-04-07,269.1,269.6,264.05,265.1,3430658.0,912953732.1
2011-04-08,266.0,266.95,248.8,252.5,3994793.0,1013707038.85
2011-04-11,255.0,255.0,244.2,245.15,2030319.0,499913793.0
2011-04-13,245.0,249.9,243.5,248.6,4928329.0,1214980741.95
2011-04-15,253.95,253.95,244.05,247.35,2233252.0,552282020.75
2011-04-18,248.05,251.8,240.1,241.05,2650240.0,649534562.6
2011-04-19,238.6,241.8,235.45,237.75,1382626.0,328722920.25
2011-04-20,240.5,240.9,236.7,240.05,1589231.0,379715146.85
2011-04-21,241.2,243.7,232.0,234.7,3183966.0,753413623.0
2011-04-25,237.95,237.95,233.3,235.45,2650400.0,622652075.05
2011-04-26,235.7,237.8,232.4,236.6,2505367.0,588810569.05
2011-04-27,238.0,242.0,236.6,240.95,2202826.0,528237881.35
2011-04-28,250.0,250.0,237.5,238.8,2580935.0,621863735.4
2011-04-29,240.0,242.9,237.1,238.6,2841678.0,679413654.25
2011-05-02,240.5,240.65,230.2,231.1,1447453.0,337581708.35
2011-05-03,228.5,231.35,222.5,223.95,2804437.0,634747909.3
2011-05-04,225.0,226.9,221.45,224.75,1436314.0,321924409.75
2011-05-05,225.75,226.85,220.0,220.85,834697.0,186067700.35
2011-05-06,222.65,224.85,218.65,224.15,1387580.0,308489232.45
2011-05-09,225.0,226.0,221.15,222.05,2200981.0,493820702.75
2011-05-10,222.55,226.65,220.6,224.6,1358493.0,304882604.45
2011-05-11,225.2,226.0,221.5,223.0,1478410.0,329974768.45
2011-05-12,222.9,224.7,217.95,218.65,1281014.0,283406579.7
2011-05-13,220.7,225.8,218.6,223.45,1114499.0,248935519.75
2011-05-16,222.9,223.75,219.1,219.7,469003.0,103548773.4
2011-05-17,219.95,222.0,217.3,218.7,584820.0,128297210.15
2011-05-18,219.2,220.55,211.45,212.8,1924060.0,411232704.0
2011-05-19,213.5,214.35,207.2,207.9,1383162.0,290206277.4
2011-05-20,208.35,212.2,206.65,210.4,1743533.0,366023328.7
2011-05-23,209.25,209.85,204.0,205.15,991603.0,204101632.35
2011-05-24,206.0,208.3,200.35,202.35,2299554.0,469759020.9
2011-05-25,204.0,212.7,196.4,197.6,5347875.0,1078163954.0
2011-05-26,199.0,199.5,191.15,196.05,5043219.0,981016134.7
2011-05-27,196.55,203.3,196.0,202.35,3172069.0,637662520.9
2011-05-30,203.0,209.75,200.55,208.5,4267469.0,873686926.0
2011-05-31,209.9,214.9,205.05,212.85,3801414.0,801843950.6
2011-06-01,214.0,216.25,212.7,213.5,1546766.0,331709391.1
2011-06-02,212.0,217.5,209.25,215.3,1772090.0,381761077.95
2011-06-03,216.0,218.6,214.25,216.5,1411157.0,305547318.65
2011-06-06,217.5,218.25,215.0,216.0,850033.0,184213666.05
2011-06-07,215.45,217.0,212.55,214.35,1518674.0,326061406.4
2011-06-08,212.2,215.35,206.1,207.05,2953106.0,617893580.65
2011-06-09,206.2,207.9,204.2,205.8,1993262.0,410750578.55
2011-06-10,207.9,207.9,202.9,203.9,1534782.0,314460826.4
2011-06-13,204.0,206.9,200.75,203.5,2593142.0,527366212.65
2011-06-14,205.35,208.85,203.65,205.45,1880205.0,388367826.5
2011-06-15,204.6,206.5,200.1,200.6,1704548.0,345216497.3
2011-06-16,199.0,199.6,191.0,191.65,4076502.0,791196087.35
2011-06-17,182.1,193.3,182.1,189.9,3520698.0,664267174.5
2011-06-20,190.0,192.0,181.2,186.05,2317059.0,432403380.9
2011-06-21,187.45,189.4,181.7,182.3,2412473.0,446907275.05
2011-06-22,184.65,185.3,180.2,181.05,2045759.0,371511233.6
2011-06-23,181.05,184.35,178.3,182.8,2292892.0,417952052.55
2011-06-24,183.05,190.25,182.15,187.8,3032477.0,563971006.85
2011-06-27,188.0,194.0,186.25,193.1,2126199.0,407851747.95
2011-06-28,194.25,194.9,187.55,189.9,1457203.0,277457903.3
2011-06-29,190.5,195.4,177.35,193.75,2035476.0,392252387.9
2011-06-30,194.75,198.25,191.55,195.9,3587518.0,701392825.0
2011-07-01,196.85,201.3,194.6,197.65,3359578.0,665546573.3
2011-07-04,198.85,202.9,197.7,201.45,3553629.0,713517549.95
2011-07-05,202.0,204.45,201.05,202.6,1813092.0,367871092.1
2011-07-06,201.2,204.9,201.15,203.45,1074140.0,218638862.4
2011-07-07,203.4,207.75,203.4,207.3,1299896.0,268010424.9
2011-07-08,207.5,207.9,203.0,206.05,1396576.0,287159915.5
2011-07-11,205.9,207.7,202.15,203.8,1022294.0,209943438.55
2011-07-12,202.5,205.5,199.85,200.8,2355995.0,476368266.3
2011-07-13,203.0,206.0,201.0,205.45,586081.0,119746884.25
2011-07-14,202.95,226.5,202.95,220.05,12752140.0,2813279604.3
2011-07-15,220.5,225.85,216.75,224.3,8195931.0,1821140492.65
2011-07-18,222.0,231.45,222.0,230.15,4934400.0,1128495410.2
2011-07-19,230.15,230.9,223.8,224.7,2616388.0,591361225.6
2011-07-20,226.0,228.35,221.2,223.75,1387213.0,309910081.35
2011-07-21,223.4,223.4,215.05,216.5,1942102.0,421622763.15
2011-07-22,219.0,221.6,217.0,218.65,1723837.0,378015640.15
2011-07-25,220.4,226.45,217.5,224.0,2554967.0,571080199.1
2011-07-26,226.0,227.5,217.5,219.25,2496971.0,550465073.15
2011-07-27,220.7,220.7,212.0,213.6,2928787.0,626463998.05
2011-07-28,211.95,213.35,207.0,211.3,6120325.0,1290598097.9
2011-07-29,217.5,217.5,207.05,209.7,2770796.0,578672293.5
2011-08-01,210.25,214.5,210.15,211.0,1268238.0,268944625.0
2011-08-02,210.75,211.2,203.75,207.65,1682180.0,348015136.3
2011-08-03,206.5,206.5,202.45,203.55,2614748.0,533011983.9
2011-08-04,204.1,208.4,203.0,205.2,1710691.0,352544088.35
2011-08-05,193.95,203.0,192.0,194.85,4681503.0,913149721.1
2011-08-08,189.0,192.6,185.55,190.15,2223994.0,422918811.4
2011-08-09,181.0,191.35,181.0,187.65,4043541.0,758040236.55
2011-08-10,199.75,199.75,188.6,191.4,3096513.0,595953965.75
2011-08-11,190.0,194.05,185.5,189.5,1954987.0,370392811.85
2011-08-12,190.1,193.2,184.5,185.85,1498147.0,282952309.45
2011-08-16,189.35,189.35,183.55,186.95,1702492.0,317240234.3
2011-08-17,187.0,189.0,180.1,183.05,1991623.0,368764870.25
2011-08-18,180.6,184.0,172.0,173.2,2478805.0,435543762.35
2011-08-19,165.5,173.4,163.25,171.9,1640613.0,278844806.95
2011-08-22,173.65,176.7,167.65,175.3,1238287.0,212906125.9
2011-08-23,176.0,179.4,172.1,176.4,1082968.0,190680878.5
2011-08-24,175.75,181.0,174.05,177.8,1679986.0,299234625.35
2011-08-25,182.5,188.0,169.1,175.05,2516092.0,439615033.1
2011-08-26,174.65,175.0,162.15,164.95,1539137.0,258319630.35
2011-08-29,169.0,174.0,167.3,171.8,1416429.0,242951341.2
2011-08-30,173.0,176.05,168.7,174.6,2629895.0,454610463.7
2011-09-02,174.6,175.0,169.25,171.0,2711560.0,463082648.35
2011-09-05,169.0,169.7,166.0,168.95,2193037.0,367659769.3
2011-09-06,168.2,171.1,163.1,169.75,2403858.0,400011647.7
2011-09-07,171.7,178.7,171.4,174.65,3127000.0,550131111.7
2011-09-08,178.0,181.85,174.4,179.65,2230288.0,397727703.1
2011-09-09,181.0,182.0,171.3,172.8,2870342.0,510083539.95
2011-09-12,169.35,169.9,163.15,164.35,2630345.0,434585969.35
2011-09-13,165.45,170.85,165.0,168.55,2054357.0,346216087.35
2011-09-14,169.1,171.8,165.9,171.1,1411233.0,238341952.15
2011-09-15,172.0,177.7,170.3,177.05,1970084.0,343704210.3
2011-09-16,178.0,189.5,177.35,187.95,5359557.0,989716635.65
2011-09-19,186.8,191.85,183.55,186.7,2801258.0,525988791.55
2011-09-20,186.95,189.85,185.3,187.75,1324461.0,248647449.85
2011-09-21,187.2,191.15,185.8,186.9,1223185.0,229773869.1
2011-09-22,184.95,185.0,176.0,177.3,1120488.0,201308500.75
2011-09-23,177.0,177.8,172.4,173.55,1370535.0,239971488.15
2011-09-26,172.0,175.85,167.5,172.05,803776.0,137040700.3
2011-09-27,173.35,177.3,173.3,174.3,700565.0,122483904.85
2011-09-28,175.0,175.8,171.0,172.65,845329.0,146221160.85
2011-09-29,171.95,173.8,168.25,172.75,1686557.0,289479426.65
2011-09-30,170.05,174.7,169.85,173.9,1163367.0,201203477.0
2011-10-03,170.2,171.9,162.0,163.05,1024399.0,169403012.55
2011-10-04,162.0,165.9,154.85,155.9,1501096.0,240676448.9
2011-10-05,155.0,158.9,153.6,155.65,1263858.0,197717079.65
2011-10-07,159.0,162.6,156.65,160.45,1213512.0,194350820.8
2011-10-10,160.25,167.8,157.55,166.65,1691574.0,275181390.55
2011-10-11,169.85,181.65,168.0,177.3,4675017.0,818754744.65
2011-10-12,178.0,180.95,173.55,180.55,2669951.0,473887685.85
2011-10-13,181.05,182.6,175.8,178.15,1172576.0,208314644.0
2011-10-14,178.15,180.5,173.6,178.25,1496398.0,264134762.6
2011-10-17,179.0,183.0,173.05,174.1,1877877.0,333072387.25
2011-10-18,170.6,174.4,170.1,172.6,1269790.0,219020410.3
2011-10-19,173.55,176.35,173.0,175.8,1646788.0,287759234.45
2011-10-20,175.0,176.5,171.75,175.15,1044910.0,182052737.85
2011-10-21,175.35,176.4,170.65,171.65,1509986.0,262698447.8
2011-10-24,173.5,174.9,171.35,171.85,2377645.0,412826427.35
2011-10-25,172.1,175.35,169.55,173.3,2037681.0,350744622.85
2011-10-26,175.0,177.55,174.0,176.65,250698.0,44178910.9
2011-10-28,177.0,186.3,177.0,184.7,3473716.0,632305934.95
2011-10-31,186.9,187.0,179.6,180.55,2006003.0,365401568.3
2011-11-01,180.0,182.5,177.3,181.55,1539663.0,278522214.4
2011-11-02,180.6,188.55,178.6,185.75,4995497.0,917722980.15
2011-11-03,187.0,199.15,185.9,194.15,5619289.0,1085943199.85
2011-11-04,196.1,201.25,193.15,195.65,4122362.0,813231516.55
2011-11-08,196.2,203.8,194.7,202.55,3233044.0,643803468.2
2011-11-09,205.0,208.45,200.25,202.65,5100774.0,1040386134.55
2011-11-11,200.25,205.4,195.0,197.55,2882598.0,571748337.35
2011-11-14,198.8,203.4,192.55,193.5,2815330.0,556847515.55
2011-11-15,192.95,196.35,181.75,184.8,2764427.0,518673151.95
2011-11-16,183.45,190.9,181.7,187.65,2298153.0,426776634.95
2011-11-17,185.25,189.45,179.7,181.55,1141161.0,210859793.45
2011-11-18,181.55,182.5,175.35,178.1,1696051.0,303126962.15
2011-11-21,173.0,183.1,173.0,181.35,2484347.0,449173313.7
2011-11-22,183.4,190.85,181.0,186.5,2306912.0,430349828.15
2011-11-23,185.0,185.9,179.6,183.4,1579437.0,288919209.4
2011-11-24,183.15,184.75,176.7,181.5,2276963.0,409784608.6
2011-11-25,180.35,187.6,179.1,180.7,2454722.0,453151603.4
2011-11-28,182.7,194.6,182.0,192.5,4419742.0,842711813.2
2011-11-29,191.25,196.35,184.1,185.85,4519257.0,866697324.75
2011-11-30,185.7,189.2,181.0,183.35,1575856.0,291924001.3
2011-12-01,188.0,192.0,187.45,189.4,1361394.0,258372936.35
2011-12-02,190.1,199.75,189.05,198.5,2134259.0,417087568.8
2011-12-05,198.3,203.35,193.1,201.35,2373502.0,475018468.45
2011-12-07,202.85,203.4,193.6,194.8,2645231.0,522391820.05
2011-12-08,195.4,195.75,185.8,186.8,2043161.0,387959037.0
2011-12-09,185.1,190.2,183.5,184.7,1479629.0,276861070.95
2011-12-12,186.7,187.8,168.55,171.35,3830799.0,677682968.5
2011-12-13,170.5,178.9,168.0,176.65,2556571.0,442540661.85
2011-12-14,177.95,181.25,173.0,173.9,2091254.0,371582454.3
2011-12-15,170.65,179.0,170.15,178.1,1328173.0,232126774.8
2011-12-16,179.9,185.15,171.25,173.4,3368942.0,597658290.95
2011-12-19,172.0,172.9,160.6,163.9,2648958.0,435314004.95
2011-12-20,164.6,166.85,155.55,157.1,1734980.0,277454368.35
2011-12-21,161.0,162.0,157.7,160.65,1878903.0,300315039.45
2011-12-22,159.3,159.3,148.7,153.9,5939915.0,903516693.7
2011-12-23,155.7,157.45,146.6,147.6,3884158.0,584306830.15
2011-12-26,147.6,152.5,147.0,148.55,2096038.0,313952213.4
2011-12-27,148.9,151.2,147.15,148.55,1484541.0,221582604.35
2011-12-28,148.0,149.2,143.5,148.2,1952147.0,285756297.05
2011-12-29,148.5,150.6,145.25,149.35,3732398.0,553324075.65
2011-12-30,149.0,155.6,149.0,153.75,4385533.0,673294160.35
2012-01-02,154.0,156.3,149.65,152.15,1137891.0,172869465.1
2012-01-03,153.0,158.4,152.85,156.8,1572275.0,245134117.65
2012-01-04,157.2,162.7,155.5,159.4,2711675.0,434263028.2
2012-01-05,159.0,165.0,159.0,162.75,2161899.0,351846112.2
2012-01-06,162.65,163.8,156.55,159.45,1451967.0,232185224.15
2012-01-07,160.0,161.9,159.1,160.7,133368.0,21450029.0
2012-01-09,159.9,161.0,154.8,158.25,1249511.0,196886704.45
2012-01-10,160.0,164.9,159.6,162.65,1601166.0,261212273.75
2012-01-11,163.0,167.8,161.4,164.95,2614872.0,433866929.0
2012-01-12,165.7,170.8,163.55,169.05,1867498.0,313764539.9
2012-01-13,172.0,173.5,166.25,168.95,1014605.0,171519986.55
2012-01-16,167.0,173.35,165.1,166.85,1217195.0,205560603.1
2012-01-17,168.05,171.8,167.2,168.85,1914814.0,324514928.2
2012-01-18,169.4,175.2,167.0,168.75,2069589.0,355310968.2
2012-01-19,171.7,182.95,170.4,182.1,3671978.0,654630569.45
2012-01-20,182.5,188.3,179.9,186.1,3531168.0,651682100.5
2012-01-23,186.0,187.95,180.4,181.35,872849.0,159824095.1
2012-01-24,181.35,190.4,181.35,189.0,1287078.0,240322953.95
2012-01-25,190.5,203.4,187.8,197.95,4911343.0,961028524.55
2012-01-27,200.0,205.8,196.75,198.15,3775086.0,755004563.7
2012-01-30,196.0,197.0,181.75,182.85,2476408.0,463206464.95
2012-01-31,184.9,191.4,183.0,190.5,2616754.0,492416190.6
2012-02-01,190.9,205.8,189.5,204.6,3253849.0,644804006.1
2012-02-02,205.5,208.4,200.1,204.3,2934253.0,600335363.25
2012-02-03,203.5,206.2,199.7,204.85,2317817.0,470225365.5
2012-02-06,204.85,218.8,204.85,217.2,3276288.0,700417814.75
2012-02-07,219.9,220.7,213.75,216.2,3614538.0,784618583.25
2012-02-08,212.3,220.9,212.3,217.7,2588314.0,563510596.35
2012-02-09,217.9,235.5,217.05,232.7,4524706.0,1029430633.9
2012-02-10,232.0,234.7,220.6,222.15,3186159.0,718706416.55
2012-02-13,223.05,231.3,216.45,229.55,1866784.0,418270855.35
2012-02-14,230.4,234.8,228.05,232.45,2209239.0,513591231.6
2012-02-15,234.3,238.1,227.9,233.9,2493484.0,582593459.65
2012-02-16,235.0,242.85,234.15,241.8,2957690.0,707233962.65
2012-02-17,242.75,252.0,242.0,248.65,4865996.0,1204152587.4
2012-02-21,248.9,250.5,239.6,241.65,3293646.0,801299777.85
2012-02-22,241.0,245.2,214.3,217.7,5213155.0,1192715525.45
2012-02-23,217.0,220.2,207.25,209.25,5828373.0,1233169464.25
2012-02-24,210.7,212.85,203.1,204.9,2366337.0,488708555.1
2012-02-27,205.0,206.6,197.55,201.9,2401631.0,482574507.7
2012-02-28,202.85,214.85,202.55,213.4,2171861.0,459673568.6
2012-02-29,215.7,220.45,210.6,215.7,2127579.0,460429778.9
2012-03-01,215.0,219.85,200.2,208.15,2570627.0,546345562.2
2012-03-02,210.0,214.8,205.6,208.05,1948439.0,409183143.45
2012-03-03,208.6,208.9,207.0,207.7,103749.0,21589883.05
2012-03-05,205.15,208.7,184.2,196.55,2233764.0,446224073.1
2012-03-06,196.0,209.15,191.1,198.95,2905175.0,590066683.9
2012-03-07,198.8,202.65,190.25,196.2,2368722.0,466313649.4
2012-03-09,199.9,213.7,199.9,212.8,2949992.0,614401464.15
2012-03-12,203.9,223.25,203.9,222.3,3465754.0,756501891.3
2012-03-13,224.7,229.4,221.25,224.1,3659406.0,825558715.4
2012-03-14,226.95,229.0,224.4,227.5,2925471.0,664736898.05
2012-03-15,226.0,228.35,212.85,215.85,2590202.0,564027060.25
2012-03-16,216.5,222.8,206.05,209.2,3211967.0,693387739.95
2012-03-19,208.9,210.25,199.1,200.2,2199796.0,450717084.9
2012-03-20,199.65,205.8,197.1,201.2,2342697.0,473504434.6
2012-03-21,202.35,212.25,201.0,211.5,1968384.0,407958731.9
2012-03-22,212.5,213.65,197.3,199.05,2602421.0,536249029.8
2012-03-23,199.0,209.9,199.0,207.7,4901865.0,1008136041.55
2012-03-26,209.0,209.0,202.3,203.65,2712494.0,556920235.7
2012-03-27,206.0,208.6,198.05,201.85,3231047.0,660162384.45
2012-03-28,202.8,203.45,194.3,195.45,1997063.0,396105967.05
2012-03-29,193.85,196.35,190.0,194.2,3712607.0,715735742.8
2012-03-30,194.25,206.6,194.25,205.4,2356074.0,476466325.3
2012-04-02,206.7,217.0,206.7,216.35,2567156.0,550582398.4
2012-04-03,217.4,226.45,216.85,224.6,4778783.0,1063519944.9
2012-04-04,222.5,229.0,219.35,227.9,2793676.0,630348634.05
2012-04-09,225.1,226.9,216.5,217.55,1146851.0,251747032.75
2012-04-10,220.0,222.0,214.15,220.1,2701363.0,591542539.35
2012-04-11,217.5,225.4,215.55,221.7,2539269.0,562397326.7
2012-04-12,222.0,226.5,219.2,220.15,1703981.0,379631702.55
2012-04-13,220.0,225.45,216.55,217.7,1417392.0,314206702.05
2012-04-16,214.9,222.4,214.25,221.0,714533.0,156915185.9
2012-04-17,221.7,234.5,220.15,232.4,3687523.0,841021387.15
2012-04-18,235.0,236.9,232.0,232.4,2235665.0,524247764.0
2012-04-19,234.0,235.0,228.2,230.3,2652765.0,614485537.15
2012-04-20,228.1,231.75,219.05,221.9,1857379.0,417718611.4
2012-04-23,221.9,226.1,217.55,221.05,1839418.0,407385271.15
2012-04-24,220.95,223.85,215.5,216.85,1568625.0,342816031.3
2012-04-25,217.1,221.3,210.5,214.45,2825393.0,611261423.7
2012-04-26,211.1,216.5,209.05,211.65,1660255.0,352762286.8
2012-04-27,212.95,216.4,204.5,206.05,1488421.0,311315275.2
2012-04-28,207.2,209.35,204.0,208.3,175273.0,36276537.8
2012-04-30,208.3,212.8,205.7,208.5,1276029.0,266871829.6
2012-05-02,210.55,212.0,203.2,205.5,1424875.0,295112669.6
2012-05-03,205.55,205.55,198.55,199.5,1603013.0,323309166.65
2012-05-04,198.0,200.35,190.1,191.0,2609062.0,504976671.7
2012-05-07,190.0,191.4,179.45,188.75,3585993.0,661872607.2
2012-05-08,189.1,196.75,185.0,187.6,3222971.0,621108591.45
2012-05-09,186.4,187.8,183.05,185.3,2083374.0,386462207.9
2012-05-10,186.0,190.45,181.0,182.4,1677537.0,311746183.4
2012-05-11,180.35,185.4,176.8,181.7,1487198.0,269004177.8
2012-05-14,182.0,184.05,175.1,177.8,1129804.0,202780414.55
2012-05-15,176.65,180.6,174.55,177.3,2350382.0,418087141.65
2012-05-16,174.0,174.05,168.5,169.5,1995322.0,340618092.4
2012-05-17,170.0,175.45,170.0,172.1,1608463.0,278677651.95
2012-05-18,169.5,171.65,166.1,169.05,1931828.0,326597998.6
2012-05-21,167.65,176.0,167.65,173.55,1934135.0,334863851.4
2012-05-22,175.0,178.8,172.25,173.4,2115684.0,372609995.75
2012-05-23,172.3,176.2,168.15,169.6,2288975.0,393139590.75
2012-05-24,171.9,173.65,169.0,171.45,2336454.0,400923026.25
2012-05-25,171.7,172.6,168.1,169.6,2017382.0,342967182.9
2012-05-28,170.0,173.2,169.1,170.65,1510863.0,258762045.9
2012-05-29,171.0,171.95,168.15,168.75,1027719.0,174661574.05
2012-05-30,168.95,171.0,165.0,168.75,2234620.0,375274175.4
2012-05-31,167.7,167.9,162.5,164.6,3958700.0,652937561.4
2012-06-01,165.95,170.0,161.5,162.55,1760706.0,290067165.25
2012-06-04,160.45,163.5,158.25,162.75,1332291.0,214863086.4
2012-06-05,164.7,165.5,157.7,158.8,1905896.0,308001572.9
2012-06-06,159.25,168.95,159.25,168.15,4295545.0,706036085.5
2012-06-07,170.0,170.75,166.35,170.05,2998742.0,507015333.0
2012-06-08,169.95,170.25,165.75,169.6,2105377.0,355099716.45
2012-06-11,170.75,175.3,170.0,171.55,3793515.0,657220780.95
2012-06-12,170.95,176.25,170.15,175.15,4637350.0,810529097.9
2012-06-13,174.75,181.7,174.75,179.9,3702310.0,660806694.2
2012-06-14,179.9,181.65,171.6,172.6,2683260.0,475857531.05
2012-06-15,173.5,178.85,172.6,177.65,1632907.0,288081800.7
2012-06-18,181.95,182.5,169.6,171.65,1625113.0,282191947.3
2012-06-19,170.6,172.95,167.35,171.9,1273037.0,216270979.65
2012-06-20,171.3,177.0,171.3,176.4,1387367.0,242693252.6
2012-06-21,175.05,179.85,173.05,178.9,1611781.0,285817508.5
2012-06-22,175.95,178.85,173.55,177.75,1040722.0,183728739.8
2012-06-25,178.5,180.95,174.15,175.2,776142.0,138283587.85
2012-06-26,175.55,179.0,175.05,177.55,900018.0,159480055.55
2012-06-27,179.0,186.0,179.0,184.7,3141077.0,575861961.95
2012-06-28,185.9,187.5,181.05,181.6,2476496.0,454643513.75
2012-06-29,184.95,193.1,184.1,191.8,3787576.0,719729512.25
2012-07-02,193.25,193.7,188.65,192.15,1632970.0,312163303.3
2012-07-03,192.95,196.7,192.3,192.9,1483672.0,288549396.15
2012-07-04,193.8,195.5,189.4,193.8,1322600.0,254117652.6
2012-07-05,195.65,199.4,193.0,198.7,1870449.0,368203243.45
2012-07-06,198.0,201.7,197.6,199.85,2718466.0,543698931.65
2012-07-09,200.0,200.0,193.05,193.75,1508381.0,294596029.3
2012-07-10,194.15,199.9,194.1,198.95,2136197.0,423563568.45
2012-07-11,198.8,202.0,196.45,197.25,2516988.0,502005120.25
2012-07-12,197.0,197.0,193.2,194.05,1542792.0,300116564.8
2012-07-13,194.7,196.5,192.5,193.35,1248777.0,242697168.15
2012-07-16,194.0,194.65,190.0,190.85,1255680.0,241709332.6
2012-07-17,192.4,194.75,191.2,192.15,1309573.0,252823168.05
2012-07-18,193.2,194.4,189.2,192.3,1201020.0,230347907.95
2012-07-19,192.9,196.2,190.35,191.1,1361355.0,263764087.6
2012-07-20,190.75,193.25,187.55,191.55,2323456.0,442116601.75
2012-07-23,187.1,190.0,183.05,184.15,1188561.0,221756688.9
2012-07-24,186.25,188.0,182.65,187.2,1000914.0,185814875.45
2012-07-25,182.5,188.3,182.5,183.9,1406791.0,260543127.8
2012-07-26,184.25,185.1,178.1,179.05,2458921.0,442959137.9
2012-07-27,181.35,186.5,180.5,183.3,1314767.0,241778768.35
2012-07-30,187.85,189.75,183.7,189.25,1446482.0,270070968.2
2012-07-31,188.05,190.75,184.2,188.45,902191.0,168920831.35
2012-08-01,188.4,201.95,188.05,199.6,4781885.0,948783074.7
2012-08-02,199.8,204.75,199.05,204.15,2138318.0,432407253.95
2012-08-03,204.0,205.0,195.1,196.05,1558780.0,308899542.2
2012-08-06,204.0,207.9,197.7,207.1,2342158.0,477824412.95
2012-08-07,207.1,210.85,206.5,208.55,1612097.0,336972907.85
2012-08-08,209.2,213.4,206.75,208.75,2376295.0,499121926.75
2012-08-09,215.8,215.8,208.8,210.35,1654951.0,349561790.05
2012-08-10,209.0,213.3,207.6,210.25,2047998.0,429680778.1
2012-08-13,209.65,212.35,207.25,210.75,937486.0,196983792.0
2012-08-14,211.0,213.4,209.0,212.25,1508364.0,317726134.45
2012-08-16,212.95,215.4,208.45,209.25,2237300.0,475641377.2
2012-08-17,210.95,214.75,209.6,211.65,1662007.0,352970386.35
2012-08-21,210.95,212.4,207.8,210.3,953437.0,199837702.85
2012-08-22,208.2,213.0,208.2,209.15,1137557.0,239872529.35
2012-08-23,211.05,211.1,205.4,208.0,922748.0,192231255.7
2012-08-24,205.3,207.0,201.5,202.7,713201.0,145131465.2
2012-08-27,202.95,204.8,197.75,198.65,1092697.0,219045935.0
2012-08-28,198.3,198.9,191.0,193.95,1534452.0,298609605.95
2012-08-29,194.0,196.55,189.3,190.35,1883803.0,363458148.45
2012-08-30,190.8,190.8,181.05,185.95,2994651.0,552210656.0
2012-08-31,185.0,190.7,182.75,188.7,1926747.0,359801792.3
2012-09-03,189.5,192.9,184.05,184.85,1549082.0,290186931.1
2012-09-04,184.7,192.5,181.95,191.7,1423686.0,267452065.05
2012-09-05,191.0,192.1,181.55,182.15,1930047.0,356214623.75
2012-09-06,183.0,184.65,179.7,181.5,2283104.0,416381592.85
2012-09-07,183.65,187.2,183.65,186.35,1156747.0,214982143.3
2012-09-08,186.5,187.8,185.65,187.1,125215.0,23413887.15
2012-09-10,188.0,191.0,185.6,190.2,1260619.0,238211160.25
2012-09-11,187.85,191.45,187.85,189.85,1124746.0,214232843.2
2012-09-12,191.05,191.4,186.1,187.65,953302.0,179397286.35
2012-09-13,187.7,190.7,185.0,186.5,1129369.0,212207222.5
2012-09-14,188.0,197.3,188.0,196.2,2119568.0,413408679.8
2012-09-17,201.5,211.1,198.95,208.3,3523270.0,730777433.95
2012-09-18,210.0,222.0,209.95,219.85,4566038.0,991449711.3
2012-09-20,218.0,221.25,213.25,216.45,4231461.0,917490844.2
2012-09-21,218.7,228.0,216.65,219.25,4582613.0,1021282824.15
2012-09-24,222.0,234.95,220.95,230.85,5184718.0,1195233586.85
2012-09-25,235.2,238.1,222.65,224.35,5668010.0,1291391717.4
2012-09-26,224.3,226.65,216.05,217.1,3745604.0,821607855.25
2012-09-27,217.0,221.25,214.4,216.75,2743001.0,597530805.85
2012-09-28,219.0,223.9,217.05,218.25,2169303.0,477751421.95
2012-10-01,218.5,219.4,213.0,214.35,1552610.0,334002602.6
2012-10-03,214.35,225.45,214.0,224.3,3241309.0,720559344.55
2012-10-04,219.45,227.05,219.45,221.55,2133168.0,478075329.35
2012-10-05,222.0,230.15,216.35,227.85,2950564.0,657280455.3
2012-10-08,230.0,231.4,220.65,221.5,3207140.0,721051679.1
2012-10-09,223.0,230.4,223.0,229.2,3278791.0,744767420.65
2012-10-10,218.5,228.7,218.5,223.75,3098001.0,697530531.95
2012-10-11,224.0,229.85,220.7,228.8,2528271.0,570134916.55
2012-10-12,229.0,232.5,225.15,227.4,2789695.0,639543735.6
2012-10-15,227.55,227.55,221.0,222.05,1546957.0,344849264.25
2012-10-16,223.05,226.4,216.0,217.4,1939798.0,428758395.2
2012-10-17,219.0,221.2,210.45,212.55,3458505.0,739635845.05
2012-10-18,212.6,217.45,212.35,216.0,1606729.0,346269674.95
2012-10-19,215.35,218.35,211.1,217.1,1858919.0,399208534.85
2012-10-22,216.7,218.25,213.25,217.4,1315563.0,284436236.95
2012-10-23,217.65,219.9,215.0,216.55,1554439.0,338387016.8
2012-10-25,216.0,219.0,214.4,216.1,2270606.0,491881709.4
2012-10-26,215.15,215.95,208.9,209.7,1130294.0,239067021.85
2012-10-29,210.65,214.8,206.15,213.75,2035604.0,430708367.4
2012-10-30,214.0,216.25,205.6,208.35,1414017.0,298149722.55
2012-10-31,208.45,215.9,206.65,215.35,1580712.0,336038982.85
2012-11-01,216.0,220.0,214.7,219.1,2432383.0,529167653.2
2012-11-02,222.5,224.15,219.45,220.35,2602407.0,576941257.55
2012-11-05,223.0,226.8,217.45,219.75,2538228.0,562491945.6
2012-11-06,220.25,221.9,216.2,218.25,2187093.0,478597502.35
2012-11-07,219.0,223.4,217.3,221.45,1340393.0,296460315.5
2012-11-08,218.9,223.75,217.05,221.95,1335795.0,294793897.05
2012-11-09,221.95,224.2,217.5,218.6,1718266.0,380301254.25
2012-11-12,218.0,229.5,217.5,228.3,2858495.0,642219450.55
2012-11-13,229.0,229.0,223.7,224.8,523422.0,118456760.55
2012-11-15,224.8,228.8,221.05,226.9,2374848.0,535544691.85
2012-11-16,226.95,230.5,223.25,224.65,2087556.0,475751687.1
2012-11-19,225.5,225.8,215.1,215.85,1447266.0,316013753.3
2012-11-20,218.5,218.6,213.0,214.65,1141473.0,246364224.2
2012-11-21,215.0,219.65,214.3,217.95,1157637.0,252259932.55
2012-11-22,216.55,224.0,216.55,223.3,1568526.0,347862326.95
2012-11-23,224.5,224.6,219.1,221.1,1023488.0,226744709.0
2012-11-26,222.6,222.6,217.6,219.1,902613.0,197753012.1
2012-11-27,220.0,221.5,218.0,219.6,1477769.0,324782659.8
2012-11-29,220.65,230.0,220.2,229.05,2801421.0,636723007.45
2012-11-30,230.3,233.9,227.55,230.65,2340495.0,541772856.85
2012-12-03,231.0,236.6,227.6,234.25,1699527.0,397784777.05
2012-12-04,234.7,237.75,232.5,234.2,1493742.0,351372751.9
2012-12-05,236.2,236.6,232.3,233.3,1093128.0,256442322.4
2012-12-06,234.7,242.1,234.4,240.85,2406063.0,574463135.25
2012-12-07,242.55,244.45,236.1,238.0,1932351.0,466333344.1
2012-12-10,240.0,240.0,234.65,238.45,1441838.0,342580341.25
2012-12-11,240.0,241.3,233.1,237.3,1537179.0,365649131.7
2012-12-12,238.05,238.55,231.6,232.45,1860116.0,434502604.25
2012-12-13,229.7,235.5,228.35,230.1,1065459.0,247196448.85
2012-12-14,229.35,232.0,225.95,228.9,1360078.0,311108923.0
2012-12-17,228.9,234.85,227.7,233.55,1562123.0,361187021.35
2012-12-18,234.3,247.75,232.9,245.8,3017712.0,726597416.5
2012-12-19,243.0,249.1,243.0,248.1,2032353.0,502116547.4
2012-12-20,248.8,250.4,243.3,247.55,1285846.0,318012508.85
2012-12-21,244.4,248.45,240.3,242.85,1644156.0,399590594.8
2012-12-24,243.0,246.75,240.0,245.4,592375.0,144646856.6
2012-12-26,246.0,246.9,242.4,243.9,638507.0,156113705.45
2012-12-27,244.5,249.0,237.15,239.1,2056658.0,499947700.1
2012-12-28,240.7,244.0,239.5,242.05,842111.0,203574089.85
2012-12-31,241.45,246.25,241.35,245.2,605499.0,147896322.6
2013-01-01,247.15,252.4,245.7,250.6,1042857.0,261158380.2
2013-01-02,252.0,257.5,252.0,256.5,1836338.0,468931817.35
2013-01-03,256.9,266.4,256.5,265.45,2710133.0,713283013.25
2013-01-04,266.4,268.0,261.05,266.05,1373126.0,363028026.2
2013-01-07,260.1,266.2,258.25,258.95,808581.0,210491244.8
2013-01-08,258.2,258.9,253.25,257.55,612533.0,156916012.5
2013-01-09,258.15,262.95,255.4,256.4,925469.0,240087740.9
2013-01-10,258.5,260.6,252.5,256.75,971987.0,249979346.8
2013-01-11,258.0,258.0,250.4,251.95,634304.0,160207633.45
2013-01-14,251.0,253.9,247.95,250.9,1646391.0,412666742.75
2013-01-15,251.25,257.2,248.85,250.6,1795452.0,455029469.5
2013-01-16,250.8,254.75,245.7,247.9,1810662.0,451814879.55
2013-01-17,249.0,251.4,245.35,248.6,1408021.0,349517032.8
2013-01-18,248.0,254.8,246.1,250.85,1548111.0,389958059.35
2013-01-21,251.0,255.8,250.0,253.35,1107537.0,280552486.55
2013-01-22,254.25,255.05,241.2,242.1,2010725.0,496258677.05
2013-01-23,243.05,244.85,230.55,234.15,2302148.0,545744149.2
2013-01-24,235.0,235.0,225.45,227.6,1751859.0,402959131.1
2013-01-25,225.95,242.3,225.95,240.8,1627403.0,384011508.2
2013-01-28,236.85,243.5,236.85,242.15,949807.0,228943567.05
2013-01-29,243.0,245.7,236.3,238.45,1368735.0,330673816.45
2013-01-30,239.7,240.95,235.4,237.25,1138111.0,270513322.15
2013-01-31,236.9,242.95,235.6,241.45,2044973.0,488847891.0
2013-02-01,242.6,243.7,235.1,236.55,1166575.0,277221379.25
2013-02-04,238.4,249.85,235.4,248.2,3527269.0,863447280.5
2013-02-05,250.2,254.65,243.6,248.8,4105071.0,1021364986.7
2013-02-06,245.1,256.8,245.0,253.35,3539037.0,898696346.7
2013-02-07,253.35,255.25,249.0,251.65,2387739.0,602536728.95
2013-02-08,248.8,249.6,241.95,242.8,1529297.0,375447129.0
2013-02-11,242.95,244.65,239.25,241.6,1440791.0,347890557.1
2013-02-12,241.65,244.4,239.3,242.9,1309337.0,316821098.25
2013-02-13,243.55,246.65,240.1,240.75,1284797.0,312446788.5
2013-02-14,241.5,241.5,233.15,234.05,960944.0,227154114.3
2013-02-15,234.1,237.5,229.05,236.05,1028077.0,238825519.7
2013-02-18,237.0,239.7,234.65,235.6,741094.0,175427157.25
2013-02-19,236.7,243.15,233.45,241.15,1109096.0,263530116.25
2013-02-20,241.95,246.0,240.85,243.45,2478034.0,603647154.55
2013-02-21,243.4,247.4,239.6,241.2,3537906.0,858494456.6
2013-02-22,240.6,243.1,236.0,240.2,1441208.0,345437785.05
2013-02-25,242.05,246.0,238.75,244.15,1138511.0,277345905.05
2013-02-26,242.7,244.15,238.0,239.15,1056274.0,253896001.05
2013-02-27,240.0,242.8,235.0,241.15,1782192.0,426462705.95
2013-02-28,243.9,244.5,226.15,228.2,1602718.0,374603386.7
2013-03-01,230.25,230.25,212.2,213.6,3562049.0,774228747.1
2013-03-04,212.8,217.4,209.1,215.6,1972616.0,420784569.45
2013-03-05,215.05,228.0,215.05,225.45,1793955.0,400110694.8
2013-03-06,227.55,237.4,226.2,236.25,2036693.0,474975334.55
2013-03-07,233.7,238.95,233.7,238.0,2604642.0,615763730.05
2013-03-08,238.8,241.85,231.7,232.8,4191901.0,991138254.25
2013-03-11,233.25,236.35,230.5,232.0,2020203.0,470377064.7
2013-03-12,234.65,234.65,223.25,226.55,2053212.0,467484906.7
2013-03-13,224.5,224.95,214.4,215.2,2899306.0,630679611.7
2013-03-14,217.85,223.95,212.15,223.1,4121925.0,897484447.25
2013-03-15,225.0,227.3,220.65,221.75,2696780.0,603985630.5
2013-03-18,218.95,219.9,213.4,215.85,1967560.0,425800501.1
2013-03-19,217.0,219.1,204.7,206.15,2924733.0,613790490.25
2013-03-20,205.0,208.35,200.65,202.65,3429957.0,700218230.5
2013-03-21,206.65,209.35,195.05,195.95,2589101.0,523802551.25
2013-03-22,197.4,203.45,195.45,200.75,2656508.0,532056969.15
2013-03-25,201.9,207.45,193.5,195.45,2881854.0,582686198.8
2013-03-26,195.45,209.9,194.8,202.4,4962780.0,1001858269.15
2013-03-28,202.4,213.0,198.65,208.45,2770548.0,567163316.9
2013-04-01,212.0,213.7,208.25,212.0,916766.0,193422455.6
2013-04-02,212.5,214.9,207.75,213.45,2490125.0,526851816.5
2013-04-03,213.45,217.8,203.45,205.8,2920050.0,618529539.25
2013-04-04,204.0,209.7,199.3,208.4,2975902.0,610306588.3
2013-04-05,206.0,212.4,205.95,211.25,1357309.0,284560016.3
2013-04-08,210.6,214.0,210.0,211.95,1084073.0,230089712.4
2013-04-09,213.65,216.6,212.5,214.95,2224248.0,477703160.15
2013-04-10,215.65,218.5,209.75,215.95,2083612.0,446794587.85
2013-04-11,217.0,218.0,211.5,213.0,982568.0,209615923.25
2013-04-12,211.0,220.5,210.8,218.2,1536809.0,334152863.25
2013-04-15,218.0,224.0,214.7,220.15,2361700.0,519686881.75
2013-04-16,220.0,226.55,219.5,225.55,1027159.0,229670444.45
2013-04-17,226.0,228.5,217.7,218.75,1485159.0,330908843.9
2013-04-18,218.0,219.35,212.35,218.35,3110377.0,670889870.65
2013-04-22,218.0,223.7,212.65,216.25,2438972.0,526629933.85
2013-04-23,215.9,221.2,214.35,219.7,1071555.0,233890220.0
2013-04-25,219.7,225.15,219.35,224.5,1416081.0,315323932.9
2013-04-26,223.4,225.0,216.25,217.55,631395.0,138832745.85
2013-04-29,218.0,224.0,215.25,223.5,717942.0,158412519.35
2013-04-30,224.65,227.0,220.1,224.4,1634340.0,365322000.6
2013-05-02,223.75,226.9,222.5,225.5,1354179.0,305100249.0
2013-05-03,225.6,225.95,217.1,217.95,953428.0,210571420.55
2013-05-06,218.2,224.45,216.25,223.6,1018787.0,224238894.55
2013-05-07,221.65,234.5,221.65,233.1,1189641.0,272495763.15
2013-05-08,233.0,235.85,228.8,230.55,1684908.0,389488961.75
2013-05-09,229.3,237.65,226.8,232.2,1556934.0,359721858.55
2013-05-10,233.0,234.85,228.65,232.9,760173.0,176363285.7
2013-05-11,232.0,233.75,232.0,233.25,42846.0,9988041.9
2013-05-13,232.3,232.5,222.8,224.35,991143.0,224235774.15
2013-05-14,224.05,227.3,221.4,224.4,831676.0,186632081.8
2013-05-15,225.35,236.95,225.35,234.75,1089360.0,252143318.0
2013-05-16,234.55,240.9,231.5,238.1,1590336.0,376314669.0
2013-05-17,238.0,244.9,238.0,242.6,1999811.0,484792172.5
2013-05-20,244.1,245.5,237.7,239.1,679632.0,164316995.45
2013-05-21,238.75,242.5,235.0,236.4,808696.0,192068566.05
2013-05-22,236.9,237.7,232.55,236.1,779594.0,183344747.8
2013-05-23,235.2,235.2,220.75,225.45,1160510.0,262887747.15
2013-05-24,225.0,229.55,223.75,227.75,727436.0,165210488.45
2013-05-27,226.25,235.0,225.25,232.85,543079.0,125330661.1
2013-05-28,234.0,237.5,229.3,230.7,1236500.0,287366356.9
2013-05-29,232.35,235.9,227.55,235.1,1302404.0,302292652.3
2013-05-30,233.0,236.0,229.0,230.7,1180876.0,273458159.05
2013-05-31,230.0,231.5,219.75,221.1,1202691.0,268472231.9
2013-06-03,221.1,222.55,217.0,221.25,810576.0,178325095.4
2013-06-04,221.7,226.9,220.75,222.15,1508841.0,338011026.1
2013-06-05,221.0,223.85,218.25,219.55,830360.0,183435630.6
2013-06-06,217.6,219.3,214.2,216.95,1390332.0,301670018.75
2013-06-07,216.25,222.5,215.2,220.05,1417154.0,312035679.15
2013-06-10,221.5,224.0,219.1,222.5,1217562.0,270178328.6
2013-06-11,220.0,222.75,213.0,214.1,1387934.0,301507487.1
2013-06-12,211.25,213.5,203.85,206.7,2097677.0,435576074.9
2013-06-13,204.0,204.0,195.0,195.65,2343938.0,465302809.8
2013-06-14,199.4,202.8,197.2,200.95,1884349.0,377593034.85
2013-06-17,200.0,202.35,197.55,201.0,1080590.0,216599681.3
2013-06-18,200.5,207.1,199.3,204.95,1492641.0,304831231.85
2013-06-19,204.1,209.9,203.6,208.4,1292982.0,268720829.25
2013-06-20,207.0,207.0,197.0,198.1,1231097.0,246200717.65
2013-06-21,196.05,198.35,185.95,190.65,2237424.0,427693264.45
2013-06-24,190.5,192.5,183.3,184.65,1181923.0,221468964.95
2013-06-25,185.9,192.65,182.8,190.75,1645219.0,310225729.15
2013-06-26,193.8,193.8,183.2,183.9,1990615.0,370254928.6
2013-06-27,188.7,194.5,187.55,192.7,2198358.0,420694987.8
2013-06-28,193.2,201.6,193.2,200.75,2179247.0,432819252.0
2013-07-01,201.0,207.3,200.4,205.95,1128567.0,230282294.5
2013-07-02,205.0,212.0,205.0,209.35,1841037.0,384726534.65
2013-07-03,206.8,206.8,195.25,198.15,1567107.0,310980087.0
2013-07-04,198.2,199.0,186.0,196.25,2380101.0,458617670.5
2013-07-05,198.05,202.0,196.1,198.0,1055406.0,209910424.15
2013-07-08,196.0,198.75,191.25,196.35,1012482.0,197623375.15
2013-07-09,196.8,204.3,196.8,202.55,996796.0,199819711.95
2013-07-10,203.7,205.5,199.1,201.1,1065141.0,215511058.55
2013-07-11,203.1,207.3,197.5,198.95,3086920.0,621905222.15
2013-07-12,200.1,204.3,198.1,203.05,1040973.0,209293553.25
2013-07-15,203.0,207.0,200.6,206.05,1047111.0,214430937.75
2013-07-16,201.0,201.2,194.75,196.5,1069814.0,211293236.9
2013-07-17,196.6,199.25,190.2,194.05,1269093.0,247278666.3
2013-07-18,195.0,197.0,188.1,194.7,1296719.0,248531960.3
2013-07-19,195.0,196.8,191.4,192.15,1458433.0,282312792.15
2013-07-22,192.15,195.85,190.15,193.4,777098.0,150518120.2
2013-07-23,195.0,197.4,190.85,196.65,1329101.0,258303666.0
2013-07-24,194.45,194.45,182.2,183.7,1711915.0,317677018.3
2013-07-25,182.0,183.7,166.6,175.9,5640578.0,997656686.7
2013-07-26,178.95,179.85,166.75,169.3,2685300.0,458388173.15
2013-07-29,169.0,169.0,162.1,165.05,1882969.0,310539167.6
2013-07-30,165.75,165.9,161.2,162.85,1240528.0,203222421.3
2013-07-31,161.9,162.0,151.6,158.5,2065439.0,321471554.75
2013-08-01,159.0,163.0,149.5,151.35,2597348.0,400294089.65
2013-08-02,150.0,153.8,146.2,151.05,1375704.0,207263490.15
2013-08-05,151.7,160.9,146.1,159.05,2224845.0,341570290.1
2013-08-06,157.0,158.45,149.2,151.15,1786146.0,271838986.55
2013-08-07,151.1,161.4,148.05,159.1,1596180.0,248711342.7
2013-08-08,160.0,164.65,156.1,160.9,1931329.0,310602065.8
2013-08-12,164.6,170.3,161.65,169.15,1985096.0,330585405.3
2013-08-13,168.7,175.85,166.05,174.95,2061774.0,352645154.1
2013-08-14,175.85,180.35,173.65,178.0,1604685.0,284751537.25
2013-08-16,174.9,175.0,170.0,172.7,2484409.0,427934961.2
2013-08-19,169.5,173.8,167.1,172.4,1411287.0,240388791.85
2013-08-20,170.0,176.0,160.25,175.05,4612049.0,775509870.7
2013-08-21,178.2,183.2,172.15,174.15,2523440.0,442689999.3
2013-08-22,171.25,181.5,171.25,179.65,1883985.0,335508200.6
2013-08-23,180.55,190.45,179.7,188.6,2017480.0,375464218.65
2013-08-26,190.25,191.55,183.6,187.0,1754464.0,328631640.6
2013-08-27,184.3,190.9,169.25,171.35,1945565.0,351288780.9
2013-08-28,165.05,174.85,160.6,171.65,1541372.0,258811978.95
2013-08-29,171.55,173.9,164.0,166.55,3161451.0,528608470.95
2013-08-30,166.5,170.1,161.4,168.85,3417585.0,565613155.75
2013-09-02,171.0,174.9,170.8,173.0,1112602.0,192640947.1
2013-09-03,174.7,174.7,161.1,164.7,2059673.0,342055176.6
2013-09-04,165.05,176.95,163.1,175.3,1890347.0,325243997.45
2013-09-05,179.1,184.1,177.25,181.1,1410676.0,255049589.8
2013-09-06,181.5,187.6,177.0,185.0,1716075.0,312229791.25
2013-09-10,186.0,193.3,185.0,192.7,1707067.0,323937185.3
2013-09-11,189.6,197.0,189.6,196.2,1503332.0,290900856.2
2013-09-12,196.25,198.9,187.2,191.15,1965348.0,376174804.55
2013-09-13,191.8,199.9,189.05,198.1,1892143.0,371755023.8
2013-09-16,200.8,201.65,190.2,195.2,1603433.0,312746176.35
2013-09-17,193.6,198.8,191.85,196.1,799425.0,156604399.35
2013-09-18,195.2,196.2,191.8,194.55,874666.0,169392498.0
2013-09-19,199.0,204.9,198.75,202.9,1636206.0,329912541.9
2013-09-20,202.6,204.6,192.2,203.3,2232129.0,447408762.75
2013-09-23,196.0,202.8,195.1,199.0,2420713.0,481411233.7
2013-09-24,198.95,200.35,196.25,199.0,2543616.0,505903946.3
2013-09-25,198.2,201.1,189.0,199.55,2783145.0,541434911.3
2013-09-26,199.55,199.7,194.6,195.3,1216941.0,239582354.1
2013-09-27,195.5,196.55,188.6,194.9,2214039.0,426339742.2
2013-09-30,191.0,192.9,185.35,188.05,1600696.0,301200411.6
2013-10-01,188.0,192.1,184.3,191.05,2797859.0,528821484.05
2013-10-03,192.0,194.8,191.0,193.05,1075304.0,207694660.65
2013-10-04,192.1,197.0,191.0,193.9,2238580.0,434224180.65
2013-10-07,193.9,194.05,189.25,192.4,1947653.0,373539106.65
2013-10-08,194.0,196.5,191.55,194.05,2345103.0,455115352.75
2013-10-09,192.0,197.0,191.5,195.95,1450825.0,283065502.85
2013-10-10,196.5,198.45,193.1,193.95,1601576.0,312846256.8
2013-10-11,195.05,195.85,191.65,193.25,1642828.0,317716791.45
2013-10-14,193.0,194.5,188.0,188.65,1048788.0,199546409.55
2013-10-15,189.1,192.1,187.35,190.6,1539734.0,292846386.55
2013-10-17,190.0,190.0,180.1,181.75,1749138.0,321861639.1
2013-10-18,180.55,187.8,180.55,186.95,1139006.0,211190108.05
2013-10-21,185.5,189.75,184.45,188.65,873165.0,163846006.95
2013-10-22,188.0,193.1,187.5,191.2,1138430.0,217401399.7
2013-10-23,190.3,193.05,184.65,186.8,1017094.0,191084460.75
2013-10-24,186.0,190.7,186.0,187.25,953739.0,179868290.1
2013-10-25,187.2,187.2,181.3,186.15,930542.0,171784236.35
2013-10-28,186.25,188.55,181.65,183.15,861808.0,158671893.15
2013-10-29,184.0,190.0,181.6,189.0,1458355.0,271643707.95
2013-10-30,190.4,192.95,185.8,191.2,1894199.0,359170907.5
2013-10-31,191.7,195.85,188.2,194.25,2219654.0,426380978.95
2013-11-01,195.0,205.5,193.0,203.6,2288881.0,459702539.65
2013-11-03,204.2,205.0,202.7,203.15,121493.0,24726692.15
2013-11-05,200.3,211.7,199.1,206.85,1810594.0,373510138.9
2013-11-06,207.0,210.4,203.25,206.3,1348822.0,278868939.1
2013-11-07,206.0,211.2,202.65,203.75,1191078.0,246093244.2
2013-11-08,203.0,210.25,202.2,208.25,1187308.0,245466249.7
2013-11-11,210.0,210.35,203.4,207.95,1280544.0,265781714.95
2013-11-12,208.0,217.65,208.0,210.95,2073818.0,443467627.8
2013-11-13,211.4,214.6,206.7,209.1,1373805.0,289673690.15
2013-11-14,211.1,218.75,211.1,216.35,1605560.0,346141324.45
2013-11-18,218.5,221.35,216.5,218.25,1123784.0,245930029.8
2013-11-19,218.25,222.0,217.15,219.45,1833748.0,403049101.65
2013-11-20,218.0,220.0,211.7,212.5,1234438.0,266379606.75
2013-11-21,212.8,212.8,206.6,209.55,1201745.0,251903637.35
2013-11-22,210.1,214.6,210.0,213.4,634777.0,134930767.95
2013-11-25,216.9,221.3,214.65,219.75,645428.0,140422398.2
2013-11-26,219.95,222.0,217.5,221.15,1405483.0,309861250.7
2013-11-27,218.0,223.0,218.0,221.7,923391.0,204440326.35
2013-11-28,220.8,224.85,216.1,218.3,1025487.0,226137417.2
2013-11-29,220.0,228.0,219.95,226.85,1274573.0,286583606.1
2013-12-02,228.0,229.8,223.1,227.35,1102228.0,249666582.45
2013-12-03,227.0,231.9,224.85,228.5,1233304.0,282220156.15
2013-12-04,228.5,228.5,220.25,221.05,1090560.0,243799009.85
2013-12-05,224.8,230.4,224.1,225.25,1490639.0,337784890.5
2013-12-06,224.4,225.45,220.45,221.35,1136590.0,253116531.3
2013-12-09,229.0,229.0,223.3,224.9,1698559.0,382810564.35
2013-12-10,224.9,227.4,219.7,222.45,1699793.0,380894547.9
2013-12-11,221.0,223.3,215.25,217.55,861017.0,188053730.4
2013-12-12,217.0,217.1,210.65,211.2,895196.0,191270474.3
2013-12-13,210.0,210.45,202.6,203.4,967610.0,199362905.65
2013-12-16,204.6,208.25,200.6,205.0,1723954.0,351971104.45
2013-12-17,206.1,212.45,206.1,207.75,1930339.0,404243219.25
2013-12-18,207.85,213.7,206.1,210.7,1419224.0,299222999.9
2013-12-19,211.0,212.9,203.75,204.5,986444.0,204232656.6
2013-12-20,203.7,215.35,201.4,213.7,1703425.0,356253419.8
2013-12-23,214.3,218.5,213.6,215.35,1075201.0,232880212.15
2013-12-24,215.0,216.5,213.0,215.0,603294.0,129617431.55
2013-12-26,214.55,219.5,214.55,216.1,1196219.0,259672002.35
2013-12-27,217.1,219.4,216.5,217.4,555343.0,121036078.75
2013-12-30,217.5,218.55,210.5,211.85,785525.0,166992195.2
2013-12-31,212.0,221.9,210.8,220.6,1562968.0,339183731.1
2014-01-01,222.0,222.0,218.05,219.15,499283.0,109479664.2
2014-01-02,218.5,223.25,212.6,214.1,718651.0,157309689.8
2014-01-03,213.0,214.45,207.55,211.85,1055729.0,222980229.4
2014-01-06,210.0,210.45,206.3,207.65,924883.0,192025784.05
2014-01-07,207.1,210.0,202.5,203.0,1163995.0,238576199.4
2014-01-08,204.1,213.45,204.1,209.3,2506674.0,526128144.45
2014-01-09,209.95,211.35,203.0,203.5,1364245.0,280152157.75
2014-01-10,204.8,206.35,197.7,198.6,1740365.0,352127971.55
2014-01-13,199.0,204.55,199.0,203.7,687495.0,139221394.9
2014-01-14,203.6,204.9,197.5,198.4,917905.0,183909403.9
2014-01-15,200.0,202.8,198.5,200.7,1535904.0,308629198.8
2014-01-16,202.0,202.4,197.5,198.3,788502.0,157138882.25
2014-01-17,199.0,199.7,192.15,192.8,1372917.0,268126933.0
2014-01-20,192.25,194.35,189.3,191.8,1134409.0,217556964.9
2014-01-21,192.0,194.3,189.85,190.7,1525266.0,292041593.45
2014-01-22,190.95,191.75,186.25,187.4,1794789.0,336980394.85
2014-01-23,186.8,189.2,185.5,186.4,1707976.0,319911805.65
2014-01-24,184.9,185.4,179.1,179.75,1632163.0,296679695.3
2014-01-27,177.65,177.65,168.1,168.75,2185619.0,373896847.95
2014-01-28,169.5,176.0,169.5,173.0,3037613.0,527854431.5
2014-01-29,172.25,175.5,171.45,172.3,1755851.0,305405523.7
2014-01-30,170.45,173.95,166.5,172.15,2574844.0,436738852.3
2014-01-31,173.1,180.85,172.6,179.75,1837978.0,324669451.5
2014-02-03,179.0,180.0,175.0,179.0,2039734.0,363737356.55
2014-02-04,176.25,181.45,176.0,179.0,1447213.0,259298498.65
2014-02-05,179.5,188.45,179.1,187.35,3027457.0,558119391.15
2014-02-06,188.0,192.0,184.0,190.2,2460268.0,465489967.75
2014-02-07,192.0,192.5,187.1,190.3,1690852.0,321157394.15
2014-02-10,190.9,192.7,188.2,189.95,1452708.0,275877264.6
2014-02-11,190.0,191.75,186.6,189.9,2066779.0,391143907.25
2014-02-12,189.9,191.35,188.25,190.25,1089925.0,207054003.55
2014-02-13,191.5,191.8,187.0,187.9,804326.0,151963126.65
2014-02-14,188.5,192.45,187.35,191.5,1421229.0,270748793.5
2014-02-17,195.0,195.0,188.6,191.9,1310709.0,250870523.85
2014-02-18,191.9,194.0,191.5,193.15,1111164.0,214582062.2
2014-02-19,192.85,194.9,192.6,194.0,1057931.0,205055062.25
2014-02-20,186.0,187.35,183.2,184.45,1199972.0,222456597.9
2014-02-21,184.55,186.5,183.0,184.4,887772.0,163957180.15
2014-02-24,185.45,187.15,184.05,186.65,550037.0,102402931.55
2014-02-25,186.65,187.95,183.85,185.1,710421.0,131868336.5
2014-02-26,185.2,189.0,181.4,188.25,1513382.0,279945004.95
2014-02-28,189.25,194.8,187.7,193.6,2213274.0,423761028.05
2014-03-03,194.0,194.7,186.0,187.4,847191.0,160787069.3
2014-03-04,187.8,192.85,186.6,190.9,1037994.0,197983290.35
2014-03-05,193.9,193.9,188.05,191.6,1260070.0,240651712.65
2014-03-06,192.95,201.0,192.0,200.1,2773072.0,547879232.7
2014-03-07,200.5,207.8,200.1,205.85,2583387.0,529772997.5
2014-03-10,205.35,209.4,203.5,206.95,1871884.0,388050171.25
2014-03-11,205.15,208.7,201.4,202.85,805656.0,165027387.45
2014-03-12,203.0,206.8,200.5,204.15,977546.0,199204490.1
2014-03-13,207.3,214.85,205.9,209.45,1914883.0,404931650.55
2014-03-14,209.0,210.75,206.05,208.95,2244350.0,468391567.1
2014-03-18,210.8,220.5,210.2,217.55,2544063.0,553850224.1
2014-03-19,218.95,219.75,210.45,211.3,1703601.0,364259573.9
2014-03-20,211.8,211.8,204.15,204.9,1703603.0,353448777.6
2014-03-21,206.9,209.8,206.1,207.1,1374001.0,285186494.05
2014-03-22,208.15,208.8,206.05,206.9,58792.0,12177006.0
2014-03-24,208.7,214.0,206.85,211.95,1484473.0,314049467.9
2014-03-25,212.35,220.0,212.0,218.85,2905715.0,632255390.7
2014-03-26,219.55,222.0,214.7,215.45,1404140.0,306141564.35
2014-03-27,216.7,221.4,213.4,215.45,1936515.0,420540224.1
2014-03-28,217.85,227.9,216.25,226.15,2611291.0,584827568.35
2014-03-31,227.9,233.3,226.3,229.7,1827733.0,420404773.45
2014-04-01,230.1,230.55,222.55,225.2,1195623.0,268692423.15
2014-04-02,225.25,238.5,225.25,237.65,2159603.0,504478628.6
2014-04-03,235.0,237.9,228.05,230.4,1575969.0,363971962.15
2014-04-04,228.2,232.0,223.0,228.15,5353561.0,1217147068.3
2014-04-07,226.55,234.95,224.0,232.1,1551417.0,355019064.45
2014-04-09,234.95,242.4,234.4,241.6,1868303.0,447877342.35
2014-04-10,242.0,245.0,235.95,242.6,1758248.0,424900730.9
2014-04-11,242.0,242.0,237.05,239.7,1353679.0,323844042.15
2014-04-15,242.2,246.9,236.0,241.4,2313393.0,561291361.65
2014-04-16,241.0,244.0,235.0,238.6,1933190.0,463685499.15
2014-04-17,238.0,249.35,237.0,248.1,2457706.0,594770896.1
2014-04-21,249.3,252.5,244.0,249.15,1936117.0,479695547.85
2014-04-22,249.5,251.45,244.4,245.7,1177804.0,291937182.95
2014-04-23,246.2,252.45,240.05,244.1,2797561.0,686642232.9
2014-04-25,242.0,249.65,241.0,242.65,1605616.0,393420883.85
2014-04-28,243.0,244.85,237.2,241.9,1555014.0,374172264.0
2014-04-29,243.5,244.2,238.3,239.75,1010589.0,243739531.3
2014-04-30,237.2,244.4,235.4,237.9,2276481.0,544067769.45
2014-05-02,238.7,244.3,238.15,239.65,1147687.0,276814502.2
2014-05-05,239.0,247.45,236.7,245.3,1083866.0,263272715.9
2014-05-06,246.9,255.3,246.9,251.3,2675423.0,674598145.7
2014-05-07,252.25,252.7,244.3,245.85,1007422.0,249870340.8
2014-05-08,247.0,250.2,240.45,243.6,1125612.0,276734856.55
2014-05-09,243.0,251.3,242.05,249.75,2430349.0,605551478.9
2014-05-12,251.1,257.4,250.0,253.65,2373218.0,604071480.6
2014-05-13,258.7,260.95,248.0,256.2,1945500.0,498097711.75
2014-05-14,256.05,271.95,251.85,268.75,2357082.0,620334060.9
2014-05-15,272.0,275.9,268.1,272.3,3135214.0,853977393.4
2014-05-16,280.0,353.95,278.7,290.2,7225691.0,2197077666.75
2014-05-19,295.95,348.2,295.95,330.45,7403011.0,2422954375.05
2014-05-20,335.65,339.8,311.5,320.35,4647441.0,1486462926.25
2014-05-21,322.0,334.4,312.35,327.25,3737501.0,1219453522.95
2014-05-22,330.2,342.45,324.1,333.8,3298178.0,1106312483.2
2014-05-23,336.8,352.7,332.55,350.45,5200886.0,1786664055.1
2014-05-26,353.65,380.6,332.3,344.55,4594756.0,1651347216.1
2014-05-27,344.55,346.9,324.1,331.65,3617452.0,1206802313.05
2014-05-28,331.0,349.7,326.1,343.35,5971739.0,2048469679.5
2014-05-29,345.0,346.0,331.25,336.55,4305955.0,1455331374.95
2014-05-30,337.5,339.3,318.15,319.7,4079683.0,1324328688.8
2014-06-02,322.2,334.5,321.5,331.35,3025131.0,997534385.4
2014-06-03,333.2,334.3,322.45,327.75,3592288.0,1176935898.85
2014-06-04,324.55,333.7,324.1,327.75,1849373.0,609010403.75
2014-06-05,329.3,338.9,324.6,337.1,3887446.0,1301806155.05
2014-06-06,339.5,355.9,339.5,353.95,4164999.0,1452400667.15
2014-06-09,357.15,380.5,357.0,376.95,4977741.0,1848801046.75
2014-06-10,378.0,378.65,360.05,369.7,2578248.0,946873369.95
2014-06-11,370.0,373.0,352.05,355.55,2765791.0,1001311500.55
2014-06-12,356.0,366.6,350.3,354.3,2306839.0,826276665.7
2014-06-13,355.7,360.0,333.8,338.2,2309330.0,802955098.25
2014-06-16,338.0,347.7,333.65,342.7,2613263.0,894574017.65
2014-06-17,344.3,350.4,333.6,347.2,2121421.0,723698272.55
2014-06-18,348.95,360.9,340.15,350.1,2852647.0,1005485805.85
2014-06-19,353.1,353.95,336.45,338.85,1728653.0,595856840.05
2014-06-20,341.9,347.9,337.7,343.95,2206305.0,759339219.1
2014-06-23,345.0,352.0,342.1,343.75,1547235.0,535294802.1
2014-06-24,348.0,355.3,345.0,352.5,1917961.0,674083472.0
2014-06-25,355.05,369.9,355.05,368.3,3047879.0,1109519594.05
2014-06-26,369.35,371.6,355.5,356.95,1758534.0,636469982.4
2014-06-27,357.9,361.8,350.0,354.5,1691270.0,599850344.25
2014-06-30,356.3,365.8,356.1,359.3,1573268.0,568265833.8
2014-07-01,361.2,364.9,352.95,356.4,892708.0,320253919.5
2014-07-02,359.6,372.0,359.6,369.95,2641363.0,967612960.9
2014-07-03,372.25,379.75,367.2,369.35,2834426.0,1060416956.5
2014-07-04,372.95,377.5,364.3,374.75,2117529.0,788722985.5
2014-07-07,375.85,383.4,375.0,380.8,2435610.0,925700687.2
2014-07-08,382.0,382.65,348.5,355.6,4046600.0,1510367701.4
2014-07-09,355.6,360.5,337.65,347.8,2360703.0,827894836.75
2014-07-10,350.0,380.3,332.1,367.45,5200407.0,1873904021.45
2014-07-11,369.0,372.25,325.9,329.05,3670736.0,1268678385.55
2014-07-14,332.6,343.4,321.05,330.55,2771839.0,924979489.4
2014-07-15,333.4,345.4,331.6,343.8,2639378.0,897176574.85
2014-07-16,344.0,348.0,321.1,325.95,3747205.0,1226310262.9
2014-07-17,325.0,332.3,323.05,325.1,3522913.0,1150950434.15
2014-07-18,321.5,322.95,308.15,313.55,4743975.0,1491730703.25
2014-07-21,313.6,320.25,312.4,313.8,1992960.0,630713717.45
2014-07-22,316.0,321.95,312.55,316.85,3086710.0,979899422.4
2014-07-23,318.15,324.3,315.0,321.6,2381910.0,762863278.0
2014-07-24,322.0,327.0,317.8,319.1,2204710.0,710938402.0
2014-07-25,318.3,322.4,301.0,306.35,2190940.0,678808177.95
2014-07-28,305.1,312.0,296.9,300.25,1611197.0,486653096.15
2014-07-30,299.25,312.75,299.0,310.5,3711555.0,1146526546.3
2014-07-31,310.45,311.7,302.3,306.0,3404971.0,1045523347.55
2014-08-01,302.9,312.0,302.0,305.0,2041221.0,627912874.6
2014-08-04,306.0,309.95,303.4,304.8,2189654.0,670355425.5
2014-08-05,306.0,306.75,300.5,304.35,2041544.0,620836884.25
2014-08-06,303.8,310.95,302.5,304.45,1754223.0,538082840.4
2014-08-07,305.4,308.4,299.25,300.2,2752203.0,831552296.65
2014-08-08,296.95,297.2,287.35,288.7,1589996.0,463083825.05
2014-08-11,291.9,294.85,290.55,293.1,1812430.0,531024313.8
2014-08-12,293.65,301.0,293.6,298.7,1985259.0,593336251.55
2014-08-13,300.75,300.75,276.45,280.8,2275133.0,650917530.05
2014-08-14,281.5,287.7,276.65,285.6,3519033.0,995941116.0
2014-08-18,285.0,290.0,285.0,287.25,1849326.0,531508792.2
2014-08-19,288.7,291.8,282.5,283.85,2900125.0,827292747.2
2014-08-20,282.05,287.0,279.25,281.9,2851424.0,806414533.85
2014-08-21,282.8,287.4,281.1,284.7,1919856.0,546215936.05
2014-08-22,286.1,286.3,279.25,280.75,1580848.0,446182221.45
2014-08-25,281.6,283.2,267.1,268.6,2758804.0,755206159.65
2014-08-26,265.0,268.7,257.1,266.8,2452104.0,642265471.65
2014-08-27,268.7,270.5,263.4,265.7,1525010.0,405590862.0
2014-08-28,264.05,270.45,260.6,268.35,3071243.0,817295963.8
2014-09-01,269.4,280.7,269.0,278.9,2324167.0,640506132.25
2014-09-02,278.4,278.9,270.45,272.2,2311736.0,632623992.1
2014-09-03,272.2,273.55,267.0,268.4,2539532.0,686260657.2
2014-09-04,267.25,275.3,265.2,269.05,1812170.0,489226139.4
2014-09-05,268.25,275.9,266.5,274.0,1350860.0,366082448.55
2014-09-08,274.25,276.4,270.3,271.4,1904879.0,519282020.75
2014-09-09,271.95,274.15,269.8,271.9,755943.0,205553068.85
2014-09-10,271.8,272.0,267.05,268.0,793768.0,213665658.6
2014-09-11,268.55,283.95,268.35,283.15,3988144.0,1109991167.7
2014-09-12,283.85,286.85,280.25,282.75,2044592.0,580016557.75
2014-09-15,281.3,289.25,277.4,285.7,1778840.0,505829259.2
2014-09-16,285.7,289.8,267.9,269.55,1884125.0,526992878.65
2014-09-17,271.1,273.35,259.55,262.05,1928470.0,509792744.4
2014-09-18,261.95,270.7,259.0,269.4,2353054.0,627004228.9
2014-09-19,270.75,273.65,265.75,270.15,2873738.0,777083344.35
2014-09-22,267.7,267.7,261.25,262.2,1422207.0,374423944.9
2014-09-23,263.0,265.75,246.5,248.45,2641826.0,672993379.1
2014-09-24,248.9,252.0,233.1,248.85,2706070.0,662172855.35
2014-09-25,248.0,251.4,234.55,240.5,2848586.0,688246802.8
2014-09-26,238.1,256.5,238.0,255.15,2307559.0,575505726.35
2014-09-29,254.95,255.2,246.55,248.65,1061412.0,264971941.05
2014-09-30,246.7,256.35,244.4,249.95,2043109.0,511941559.15
2014-10-01,249.0,253.7,248.35,251.8,1078933.0,271379619.35
2014-10-07,250.8,253.1,238.2,239.45,1391436.0,340342439.65
2014-10-08,237.25,240.9,235.6,238.7,2007646.0,477816373.5
2014-10-09,240.0,251.7,240.0,250.0,2603718.0,641723126.95
2014-10-10,247.25,256.8,242.5,251.5,2323500.0,582794769.15
2014-10-13,249.0,251.95,243.5,250.95,2595321.0,644624358.5
2014-10-14,251.05,262.5,250.0,259.3,2725185.0,700747739.25
2014-10-16,256.85,263.0,252.05,253.9,2565950.0,657853585.0
2014-10-17,256.0,262.25,248.4,259.05,1929649.0,495028485.6
2014-10-20,264.0,277.15,262.1,274.3,3291246.0,887580911.3
2014-10-21,277.4,296.0,272.6,285.2,6254958.0,1796765408.35
2014-10-22,289.0,289.0,277.7,283.85,1479103.0,417359674.9
2014-10-23,285.05,287.0,283.25,284.25,148103.0,42206558.7
2014-10-27,286.0,291.9,284.5,286.0,2201182.0,634186938.0
2014-10-28,286.0,290.3,281.65,289.45,1552313.0,445274009.85
2014-10-29,292.1,297.3,287.5,294.6,3495095.0,1025525634.55
2014-10-30,294.8,298.8,292.1,294.05,2794456.0,824932951.6
2014-10-31,295.15,303.95,292.0,302.0,2236402.0,670770622.0
2014-11-03,302.85,303.9,297.0,301.15,1438911.0,432318606.45
2014-11-05,300.2,306.25,299.15,303.05,1897776.0,573744708.8
2014-11-07,302.0,307.75,299.5,302.2,1177292.0,357165607.25
2014-11-10,302.2,311.45,285.6,301.1,5212840.0,1570300060.9
2014-11-11,303.5,306.1,294.5,297.65,2461676.0,737066093.55
2014-11-12,299.3,307.4,298.1,302.8,2878328.0,872908769.95
2014-11-13,304.0,308.05,295.5,299.6,3122970.0,940783677.85
2014-11-14,300.85,305.8,296.7,304.5,2262617.0,682243769.2
2014-11-17,306.35,337.45,304.5,335.4,7496679.0,2438117603.5
2014-11-18,337.9,344.8,328.05,336.7,5643990.0,1898119120.05
2014-11-19,336.9,346.8,328.5,336.1,4130818.0,1397647549.85
2014-11-20,337.0,343.5,325.25,333.65,4135427.0,1378651154.15
2014-11-21,335.0,345.9,331.55,340.15,3415184.0,1159780572.3
2014-11-24,343.6,351.5,340.35,341.8,3543167.0,1224012931.0
2014-11-25,342.0,342.7,322.75,330.6,3496370.0,1156848281.85
2014-11-26,330.95,335.8,327.9,330.45,2344232.0,777212285.1
2014-11-27,329.5,334.8,328.15,330.25,2268509.0,750018807.25
2014-11-28,331.5,342.8,331.5,337.3,3457472.0,1171415300.35
2014-12-01,337.0,345.0,336.3,343.0,4174522.0,1423918311.15
2014-12-02,341.0,345.8,334.65,340.15,3662113.0,1248184589.55
2014-12-03,340.2,352.8,340.2,344.55,2341292.0,815120042.85
2014-12-04,345.4,347.9,333.05,337.5,2957130.0,999312128.8
2014-12-05,339.0,342.5,330.4,333.4,2557253.0,861125687.5
2014-12-08,333.0,333.3,318.0,320.0,1802458.0,584552235.8
2014-12-09,317.95,325.8,306.35,309.5,3022901.0,951796725.7
2014-12-10,311.0,326.0,309.2,324.4,3273304.0,1041339097.3
2014-12-11,323.7,324.9,312.65,317.2,1872960.0,595918143.95
2014-12-12,317.9,323.75,312.6,315.1,1986116.0,632615491.3
2014-12-15,312.0,317.5,309.2,312.95,1468341.0,459687003.4
2014-12-16,308.15,312.6,293.7,296.65,2210821.0,664518693.35
2014-12-17,293.7,318.9,293.7,311.55,4734916.0,1454294782.4
2014-12-18,318.8,333.4,317.3,329.2,5152380.0,1682590390.85
2014-12-19,335.7,335.85,325.6,329.75,3103464.0,1026688580.05
2014-12-22,330.0,335.45,326.0,333.9,1389335.0,461638885.0
2014-12-23,334.0,336.8,325.2,327.2,2024686.0,666583529.65
2014-12-24,329.0,329.5,319.2,324.25,2720149.0,879508014.8
2014-12-26,325.9,336.5,323.35,335.15,1702545.0,567150430.45
2014-12-29,336.5,341.0,332.5,333.35,1106286.0,372716774.3
2014-12-30,335.3,337.35,329.0,331.8,1038639.0,344959291.2
2014-12-31,332.0,337.75,330.6,335.15,1110666.0,371752242.95
2015-01-01,334.6,337.5,332.0,335.7,768258.0,257523305.05
2015-01-02,335.9,344.45,334.0,334.9,1438699.0,489218142.05
2015-01-05,335.0,337.0,332.7,333.95,1694286.0,566658320.2
2015-01-06,333.05,333.05,318.25,319.85,1548311.0,501566830.1
2015-01-07,320.4,323.3,310.5,317.85,2242262.0,713102921.65
2015-01-08,321.0,326.4,310.25,320.9,2984835.0,949695078.55
2015-01-09,320.1,322.15,314.25,315.2,1501327.0,475899287.45
2015-01-12,320.0,320.25,313.15,315.15,1471944.0,464684204.7
2015-01-13,317.65,318.0,309.9,310.9,2034073.0,638200811.5
2015-01-14,313.0,317.0,310.0,312.1,1467277.0,459413580.6
2015-01-15,318.0,334.5,315.95,327.75,4758881.0,1556049126.85
2015-01-16,326.0,331.55,321.6,326.25,1732507.0,566462991.45
2015-01-19,326.3,334.85,326.3,329.15,1569775.0,519771465.3
2015-01-20,331.1,332.45,321.3,321.85,1377396.0,448084695.9
2015-01-21,322.8,328.7,322.1,324.85,2223863.0,722239805.15
2015-01-22,322.55,326.5,313.5,318.45,2178357.0,693288304.55
2015-01-23,321.5,326.1,315.0,318.15,2424745.0,774926067.5
2015-01-27,320.8,328.0,314.0,326.4,3102595.0,990266095.8
2015-01-28,327.75,346.65,325.5,340.7,5268673.0,1783491247.35
2015-01-29,341.8,349.9,337.4,340.25,4760441.0,1637156776.2
2015-01-30,343.05,349.0,330.15,333.1,2785307.0,945974429.5
2015-02-02,333.1,348.0,330.0,345.2,2090060.0,714694796.5
2015-02-03,349.7,351.65,333.35,336.4,2178121.0,745049251.35
2015-02-04,337.5,339.5,329.25,330.95,1708625.0,572355214.9
2015-02-05,331.0,336.1,319.0,321.5,1349136.0,444492294.15
2015-02-06,323.0,331.0,320.0,327.85,1549086.0,505468915.3
2015-02-09,323.0,325.8,313.6,315.9,1403899.0,447178465.35
2015-02-10,313.0,330.0,312.3,324.65,2238819.0,725562153.55
2015-02-11,327.2,328.5,320.2,325.95,1335923.0,433323703.55
2015-02-12,328.15,328.9,321.05,325.05,1166797.0,377720972.05
2015-02-13,326.5,337.2,321.45,325.7,2878534.0,947547751.55
2015-02-16,327.5,341.05,325.6,338.35,3387792.0,1132026787.55
2015-02-18,338.0,338.0,313.5,315.55,3455397.0,1110687671.7
2015-02-19,317.7,319.9,307.5,316.5,2763581.0,869317631.55
2015-02-20,319.0,322.85,312.6,317.9,1779090.0,567624236.5
2015-02-23,318.15,320.2,313.55,315.35,2775090.0,878569587.15
2015-02-24,316.1,321.35,312.65,320.4,2399402.0,762641508.15
2015-02-25,321.0,322.7,317.75,318.8,1617167.0,517585335.75
2015-02-26,321.0,323.85,317.3,322.1,2320225.0,745584007.55
2015-02-27,324.7,335.6,322.6,334.4,2612824.0,862567815.65
2015-02-28,337.8,338.0,324.5,330.55,1766778.0,584588286.25
2015-03-02,333.6,366.0,331.0,362.3,5005697.0,1748151850.55
2015-03-03,364.9,370.4,354.5,359.8,3114818.0,1126650802.25
2015-03-04,362.9,371.75,345.0,349.5,5412324.0,1943342737.5
2015-03-05,349.5,354.8,344.85,350.8,1805512.0,632143211.4
2015-03-09,346.6,351.3,339.85,342.0,1277602.0,440595616.95
2015-03-10,341.0,352.25,339.65,345.2,2369813.0,822238075.25
2015-03-11,346.0,354.9,338.8,348.0,2682610.0,937195844.4
2015-03-12,351.3,353.0,347.5,349.05,1747560.0,611987987.15
2015-03-13,352.3,352.3,327.6,329.9,1609347.0,540781582.75
2015-03-16,331.9,336.0,325.7,327.5,931207.0,307901502.15
2015-03-17,331.0,343.7,329.95,342.05,3657666.0,1236653631.35
2015-03-18,342.0,349.8,337.45,347.25,2273396.0,787246700.1
2015-03-19,349.8,352.9,338.0,340.15,1939474.0,672023575.5
2015-03-20,341.0,344.85,330.2,334.1,1760623.0,591845537.3
2015-03-23,336.0,340.0,326.25,329.5,1209788.0,400458160.4
2015-03-24,331.0,338.55,330.1,335.75,1734397.0,582587119.65
2015-03-25,338.4,338.4,330.6,332.65,1055179.0,352088835.2
2015-03-26,331.0,334.45,325.5,327.35,3159167.0,1036819948.8
2015-03-27,328.9,333.9,318.0,320.4,2495042.0,808156841.4
2015-03-30,325.0,332.3,322.7,327.35,1004980.0,329695611.35
2015-03-31,328.5,335.75,327.1,333.2,1450557.0,481304748.6
2015-04-01,333.0,338.1,330.5,337.6,1451907.0,487996560.35
2015-04-06,338.6,340.3,330.2,336.1,2086807.0,696082858.8
2015-04-07,323.6,328.0,320.0,321.25,5703088.0,1845165758.95
2015-04-08,318.0,334.0,317.8,330.3,10904677.0,3572853789.8
2015-04-09,342.7,346.6,333.5,336.35,17212320.0,5824597708.95
2015-04-10,335.5,346.3,334.95,344.1,7902318.0,2702410285.95
2015-04-13,343.7,347.9,339.55,341.15,2801540.0,958912706.65
2015-04-15,340.8,342.65,333.0,335.1,3044752.0,1029830950.85
2015-04-16,335.85,336.35,328.25,330.8,2399469.0,794398560.95
2015-04-17,331.0,333.55,328.0,330.65,2107310.0,697243873.0
2015-04-20,331.85,331.95,324.0,325.0,1506812.0,492140709.05
2015-04-21,325.8,328.7,323.0,323.65,1493927.0,486175032.05
2015-04-22,325.05,327.95,319.6,325.95,1724961.0,557846803.1
2015-04-23,328.05,329.0,322.0,322.85,2064383.0,669781553.55
2015-04-24,323.5,323.95,314.7,321.9,3392037.0,1085100736.25
2015-04-27,321.5,322.95,311.5,314.0,2644997.0,833298046.9
2015-04-28,313.8,318.45,311.85,317.15,1978008.0,624495018.5
2015-04-29,317.15,317.95,309.25,312.9,2621146.0,818059169.05
2015-04-30,313.85,315.7,309.0,311.55,5331401.0,1665505228.15
2015-05-04,313.15,320.95,312.85,319.0,1443497.0,457464652.15
2015-05-05,318.35,321.4,315.35,318.75,1917807.0,609226102.55
2015-05-06,320.0,321.25,297.7,307.15,5575490.0,1715172001.2
2015-05-07,303.2,309.35,284.5,288.4,3629228.0,1067114912.3
2015-05-08,292.8,298.8,292.0,296.2,1952579.0,578501984.95
2015-05-11,297.1,303.2,291.45,297.85,2511871.0,750301842.25
2015-05-12,298.5,298.9,283.9,286.85,3528193.0,1022234287.3
2015-05-13,291.0,296.8,285.25,294.75,1902641.0,555873255.0
2015-05-14,294.0,299.5,290.1,298.6,1636757.0,485853884.0
2015-05-15,300.7,301.3,292.1,295.15,1356101.0,400384354.6
2015-05-18,296.8,300.7,293.5,298.95,1926512.0,571007527.8
2015-05-19,297.9,301.7,295.6,298.75,1672623.0,499076637.4
2015-05-20,301.3,305.8,299.0,302.8,1835282.0,554604968.4
2015-05-21,303.25,306.35,296.2,305.5,2148913.0,648791375.5
2015-05-22,306.8,311.4,303.85,310.1,3065702.0,946289539.65
2015-05-25,308.1,309.95,305.25,305.85,1173935.0,360351228.6
2015-05-26,305.0,307.0,302.5,306.0,951019.0,290161411.85
2015-05-27,302.9,304.2,299.0,301.6,1507642.0,453917912.95
2015-05-28,301.6,303.3,298.1,301.7,1600310.0,481325231.05
2015-05-29,301.45,304.9,294.1,296.25,2450762.0,730065962.1
2015-06-01,297.0,298.65,292.55,297.4,1385544.0,410821704.8
2015-06-02,297.4,297.4,287.5,289.05,2368106.0,689362853.55
2015-06-03,289.0,290.5,281.55,288.15,2368626.0,678269037.05
2015-06-04,290.9,291.7,278.55,283.1,2333312.0,659070641.25
2015-06-05,282.0,286.5,279.0,285.65,1810272.0,513599237.25
2015-06-08,287.75,289.7,279.2,282.55,1913702.0,543023364.05
2015-06-09,281.75,286.0,278.75,283.15,1446169.0,408676496.25
2015-06-10,283.45,289.0,283.0,285.15,2266890.0,648163763.8
2015-06-11,286.5,287.35,273.45,274.35,2007067.0,559163164.75
2015-06-12,274.0,276.0,271.1,272.7,1547614.0,422901003.45
2015-06-15,273.9,276.25,269.0,272.4,941257.0,256651363.95
2015-06-16,272.0,274.9,267.5,272.45,1042242.0,283098408.8
2015-06-17,274.0,277.3,272.7,274.05,1449723.0,398954271.4
2015-06-18,275.0,275.65,271.75,272.6,1787553.0,488802728.05
2015-06-19,273.9,282.0,273.5,281.35,1923984.0,538533635.9
2015-06-22,284.0,287.85,279.1,286.05,1650079.0,469251218.15
2015-06-23,286.1,290.4,284.5,288.85,1356216.0,390388591.35
2015-06-24,291.0,292.7,285.65,288.2,1764050.0,512046585.05
2015-06-25,286.0,288.85,284.2,285.2,2490939.0,711631499.35
2015-06-26,284.4,286.95,281.0,283.4,978657.0,277560065.3
2015-06-29,278.0,279.0,268.75,273.35,1326685.0,360930356.9
2015-06-30,274.0,276.65,271.5,275.15,1872233.0,512697230.9
2015-07-01,273.6,281.75,273.1,280.05,1991059.0,552108909.25
2015-07-02,280.0,284.25,278.0,280.7,1250071.0,351970713.1
2015-07-03,281.3,286.25,280.3,285.25,1381933.0,393435683.7
2015-07-06,281.95,290.0,280.05,288.35,1194664.0,340319587.05
2015-07-07,288.0,291.8,284.2,284.95,1397489.0,401116254.4
2015-07-08,283.0,283.5,275.0,281.15,1586626.0,442146841.25
2015-07-09,281.5,287.45,280.6,285.65,1104443.0,314283808.65
2015-07-10,286.7,288.45,282.0,284.15,1396250.0,397169609.65
2015-07-13,284.15,287.95,284.15,286.55,1298906.0,371729042.85
2015-07-14,287.95,288.7,283.05,285.0,877607.0,251050265.6
2015-07-15,282.05,286.25,279.85,280.25,1185632.0,335819073.5
2015-07-16,282.15,297.6,280.5,296.35,2008856.0,584019110.75
2015-07-17,298.05,301.2,292.2,293.05,2425358.0,719154317.35
2015-07-20,294.7,294.85,287.75,290.7,1293892.0,375781462.2
2015-07-21,290.7,295.95,281.0,282.65,1386469.0,401277587.0
2015-07-22,282.0,293.8,281.0,292.2,1880115.0,541205271.25
2015-07-23,293.0,293.75,288.25,289.5,961187.0,279002896.15
2015-07-24,289.5,291.3,284.3,285.05,1530067.0,438609332.05
2015-07-27,281.0,286.3,280.6,283.15,2108524.0,598286185.4
2015-07-28,283.75,284.4,273.5,276.0,1753051.0,483454775.1
2015-07-29,276.0,277.1,270.1,273.35,1577727.0,430523965.75
2015-07-30,275.5,279.0,271.8,275.55,6152259.0,1693727302.25
2015-07-31,276.65,278.05,267.05,271.0,2205105.0,596975548.7
2015-08-03,272.7,274.35,269.35,271.95,1658394.0,450653206.15
2015-08-04,272.95,281.3,271.65,279.25,2245155.0,624542517.5
2015-08-05,280.3,282.0,272.9,274.1,1508774.0,417498497.15
2015-08-06,275.0,276.2,267.5,268.8,2174114.0,590375517.8
2015-08-07,268.0,272.3,265.5,266.1,1509035.0,404493010.65
2015-08-10,273.15,278.1,267.85,269.35,3341293.0,911761753.45
2015-08-11,271.45,274.5,268.9,270.85,2658467.0,722920339.45
2015-08-12,270.0,270.25,250.2,254.65,2622892.0,679114717.5
2015-08-13,257.45,259.2,249.75,251.65,1754888.0,446481404.05
2015-08-14,255.0,262.0,252.15,259.5,1040651.0,269281625.2
2015-08-17,259.6,267.8,255.8,263.4,1397705.0,368181288.85
2015-08-18,263.2,267.4,260.7,264.45,1261666.0,333511155.75
2015-08-19,264.5,264.95,255.8,257.25,806109.0,209251230.9
2015-08-20,254.55,259.55,252.2,254.15,1878514.0,478422485.05
2015-08-21,252.0,254.95,246.35,253.35,1547266.0,387289950.25
2015-08-24,246.0,246.0,219.6,221.25,4129730.0,950906721.85
2015-08-25,225.9,238.95,211.2,233.8,4571984.0,1031090990.3
2015-08-26,231.0,248.75,225.9,239.65,3997245.0,965379541.25
2015-08-27,241.0,254.9,241.0,253.1,3420002.0,857103085.2
2015-08-28,258.0,258.75,245.4,249.4,2212889.0,558881374.05
2015-08-31,244.8,254.7,243.3,253.25,3031213.0,762078599.95
2015-09-01,249.0,255.8,244.25,249.55,2242049.0,561359756.15
2015-09-02,251.55,255.0,242.15,243.85,1873651.0,466740082.8
2015-09-03,246.0,253.9,243.65,252.8,1426386.0,357641799.55
2015-09-04,250.55,250.8,235.15,237.1,2596436.0,624740841.7
2015-09-07,237.9,242.0,231.8,237.75,1776779.0,420560431.15
2015-09-08,237.55,246.6,236.0,243.25,1216036.0,294758124.1
2015-09-09,245.0,253.4,244.0,250.35,2102592.0,525401862.35
2015-09-10,247.0,252.4,241.4,251.3,2198777.0,541962019.5
2015-09-11,252.6,252.6,245.0,247.05,907179.0,225735851.4
2015-09-14,248.5,255.6,245.4,252.1,1042865.0,262389980.25
2015-09-15,252.1,255.4,247.0,248.7,1240478.0,311159243.3
2015-09-16,251.8,254.0,249.0,253.3,1237365.0,311912293.6
2015-09-18,256.35,263.65,253.5,262.55,2031735.0,530001743.85
2015-09-21,262.0,277.0,258.05,274.75,2470618.0,669694696.5
2015-09-22,275.5,277.3,266.6,268.75,2474707.0,670493675.0
2015-09-23,263.2,268.5,263.2,266.0,1056985.0,281161336.4
2015-09-24,265.9,273.0,264.55,267.65,1159863.0,311845359.6
2015-09-28,268.0,270.45,259.0,260.05,896704.0,235622341.3
2015-09-29,258.0,267.95,256.15,263.95,1258132.0,330682860.95
2015-09-30,267.95,275.5,264.0,274.05,1712587.0,465483571.3
2015-10-01,276.0,278.7,271.5,274.3,1730458.0,475430224.0
2015-10-05,278.4,297.55,278.25,293.75,3407694.0,987424203.3
2015-10-06,295.0,295.0,277.85,280.6,3778912.0,1065029235.85
2015-10-07,282.0,283.0,270.2,271.25,3201757.0,874221719.05
2015-10-08,272.55,275.7,266.05,268.0,2560733.0,690518159.4
2015-10-09,270.4,271.6,261.6,263.35,2035359.0,541495549.75
2015-10-12,263.8,266.9,260.45,262.7,2238612.0,590210415.9
2015-10-13,262.7,265.7,259.6,263.5,2778100.0,731252901.65
2015-10-14,263.0,263.75,254.5,255.3,1898454.0,489628861.6
2015-10-15,257.5,260.4,256.75,258.95,1448350.0,375016274.45
2015-10-16,259.05,259.85,253.7,256.8,2127374.0,545655825.45
2015-10-19,259.7,261.0,255.6,257.2,1816336.0,467984823.95
2015-10-20,258.25,266.3,257.5,259.7,2917580.0,765412426.55
2015-10-21,260.5,263.75,257.2,260.95,1501596.0,391484011.15
2015-10-23,263.75,263.75,258.3,259.8,1753801.0,456644369.5
2015-10-26,261.0,261.6,251.45,252.0,2127605.0,540874443.5
2015-10-27,252.0,256.95,251.0,255.8,1153894.0,294361755.9
2015-10-28,254.2,256.55,251.45,253.15,1501388.0,381220259.55
2015-10-29,253.0,253.4,245.5,246.2,3269615.0,810849817.65
2015-10-30,246.1,254.4,246.1,249.6,2341046.0,588047056.2
2015-11-02,249.2,253.4,247.0,248.75,1731277.0,432134411.95
2015-11-03,253.0,258.75,252.15,257.55,2641724.0,678297661.45
2015-11-04,260.65,267.05,259.5,265.7,3481806.0,922426830.0
2015-11-05,267.0,270.8,261.25,266.15,2326266.0,621117918.0
2015-11-06,260.8,260.8,231.85,238.3,7670094.0,1847439483.0
2015-11-09,235.0,240.5,227.85,234.8,2428685.0,573682479.45
2015-11-10,234.0,238.9,230.0,235.6,3925119.0,925059882.15
2015-11-11,239.4,240.75,237.6,238.45,269261.0,64292106.8
2015-11-13,237.0,241.5,234.05,239.4,2850979.0,679613539.55
2015-11-16,238.3,240.8,235.0,235.75,1864330.0,440720038.05
2015-11-17,237.1,238.0,234.0,236.25,1680685.0,396134147.9
2015-11-18,238.65,238.95,227.4,228.35,2944129.0,685794115.9
2015-11-19,230.15,232.8,226.1,228.0,3168145.0,725770932.1
2015-11-20,228.5,232.0,227.1,229.5,1780975.0,408507770.95
2015-11-23,230.5,231.8,225.15,225.8,1263098.0,288477597.0
2015-11-24,225.35,229.95,225.35,226.35,1419511.0,323044560.0
2015-11-26,228.0,228.8,225.5,227.2,2524360.0,573612082.8
2015-11-27,228.25,234.25,228.0,233.85,2093874.0,485864664.0
2015-11-30,235.0,237.6,232.5,233.7,2691916.0,632485273.6
2015-12-01,234.9,236.45,228.5,231.5,3090382.0,715237866.55
2015-12-02,231.8,233.9,230.2,231.05,955346.0,221527564.0
2015-12-03,231.1,233.1,229.35,230.35,1511217.0,349737684.4
2015-12-04,229.7,229.7,225.45,225.95,1705183.0,387448392.2
2015-12-07,226.15,227.7,222.8,224.45,1177551.0,264114483.25
2015-12-08,224.45,224.45,214.0,214.75,3376988.0,737589893.1
2015-12-09,215.0,217.75,212.0,215.15,2733444.0,588575238.9
2015-12-10,215.8,217.15,206.65,208.35,3333798.0,698656947.3
2015-12-11,208.1,214.9,207.5,211.0,2546160.0,537915529.55
2015-12-14,210.0,218.35,209.15,216.95,2082875.0,448946656.7
2015-12-15,217.5,218.15,213.0,214.85,1344120.0,289019137.85
2015-12-16,217.0,220.8,215.0,216.65,1142895.0,248987043.0
2015-12-17,218.8,222.5,217.25,221.85,1159779.0,255853764.45
2015-12-18,221.95,223.8,219.5,220.4,1550660.0,343281510.35
2015-12-21,220.4,226.7,220.05,224.95,1110946.0,249707720.0
2015-12-22,225.35,228.8,221.4,222.1,1967119.0,442979143.25
2015-12-23,224.75,226.25,223.0,224.1,873750.0,196160558.05
2015-12-24,225.9,225.9,221.6,223.2,438608.0,97780599.45
2015-12-28,224.4,225.45,223.1,223.8,904781.0,202578615.55
2015-12-29,223.95,226.65,223.1,223.45,1336764.0,300333097.2
2015-12-30,225.0,226.65,223.2,225.25,2167634.0,488384686.95
2015-12-31,226.5,229.5,224.55,226.55,11546137.0,2620984939.65
2016-01-01,226.55,228.8,226.15,228.15,520577.0,118590215.8
2016-01-04,227.8,230.4,223.0,223.55,818111.0,184336467.45
2016-01-05,223.95,229.75,222.95,227.9,1787778.0,403553842.15
2016-01-06,228.0,231.3,226.45,228.3,1578570.0,361311248.5
2016-01-07,225.9,225.9,213.0,214.3,2021542.0,440280718.15
2016-01-08,215.0,217.8,214.05,215.1,954284.0,205834068.85
2016-01-11,214.9,215.45,210.8,212.9,1498752.0,318870474.9
2016-01-12,213.6,216.15,209.0,211.0,1780905.0,377303391.25
2016-01-13,212.95,213.9,204.75,210.15,1565856.0,327619805.05
2016-01-14,208.0,208.6,204.0,205.8,971005.0,199980211.2
2016-01-15,205.9,207.4,194.25,195.3,1502526.0,300820758.5
2016-01-18,195.0,195.45,183.5,185.15,1476155.0,277804874.9
2016-01-19,185.5,189.0,182.3,184.25,1847800.0,342095645.35
2016-01-20,182.7,182.8,176.9,177.9,2362227.0,422875860.05
2016-01-21,179.25,181.8,173.65,174.35,2139833.0,377220769.15
2016-01-22,177.85,184.8,175.6,183.55,2015194.0,366379449.95
2016-01-25,186.0,190.0,185.9,186.55,1930569.0,362809874.15
2016-01-27,186.95,190.0,183.15,187.0,2634659.0,492781186.75
2016-01-28,187.0,192.2,186.1,187.7,5204873.0,981992303.1
2016-01-29,188.05,194.0,187.0,192.8,2014265.0,384272272.55
2016-02-01,194.35,197.0,190.55,193.6,1334438.0,257980310.05
2016-02-02,193.0,194.4,185.0,185.75,2084924.0,395822211.95
2016-02-03,183.0,184.0,177.35,178.9,2014058.0,364285079.6
2016-02-04,180.8,186.4,179.7,182.6,1466868.0,268910848.25
2016-02-05,183.1,191.5,182.7,190.65,1428188.0,269414004.0
2016-02-08,192.95,199.2,191.8,192.55,1833710.0,359719408.4
2016-02-09,191.5,193.8,183.35,184.5,1958243.0,367917232.0
2016-02-10,184.0,184.75,169.7,172.25,7471979.0,1299548506.15
2016-02-11,172.85,175.9,165.0,166.25,4583699.0,781585265.8
2016-02-12,169.7,169.8,157.3,162.05,5288616.0,853590370.95
2016-02-15,166.4,174.2,165.1,170.95,2805305.0,479743408.85
2016-02-16,172.95,176.4,168.3,169.25,4407114.0,756091161.35
2016-02-17,155.8,163.0,152.25,161.55,4500620.0,709040627.85
2016-02-18,163.5,165.3,153.25,155.85,3906277.0,618677670.5
2016-02-19,154.3,160.2,153.65,159.55,3024094.0,478648360.7
2016-02-22,160.05,161.5,157.55,158.9,1102348.0,175625965.45
2016-02-23,158.9,160.1,155.5,156.15,2089804.0,330318145.9
2016-02-24,156.0,156.8,152.45,153.25,2522096.0,389719046.0
2016-02-25,153.4,157.7,152.95,156.2,4204450.0,653560480.3
2016-02-26,159.0,159.0,154.25,156.45,2235125.0,349829524.2
2016-02-29,156.9,159.15,153.1,155.9,4996053.0,780342117.6
2016-03-01,157.0,160.5,156.0,159.55,2928018.0,464502258.1
2016-03-02,162.3,166.95,162.0,163.95,2824248.0,464226361.15
2016-03-03,165.8,167.0,162.5,165.85,2319743.0,381580960.75
2016-03-04,166.6,174.4,165.1,171.75,4301933.0,738068852.8
2016-03-08,172.5,172.75,165.5,167.0,3109094.0,524023645.2
2016-03-09,166.2,170.5,164.5,169.6,2346180.0,395221103.5
2016-03-10,170.65,172.4,166.55,167.55,2536562.0,428995108.75
2016-03-11,168.75,169.9,164.75,166.35,1967243.0,327901090.4
2016-03-14,169.0,169.55,166.25,167.4,2164840.0,362904732.85
2016-03-15,167.8,169.25,166.05,167.15,1792764.0,300384556.1
2016-03-16,166.4,169.15,162.25,165.05,2200827.0,364063065.0
2016-03-17,166.9,171.0,165.25,168.3,4007562.0,672922229.6
2016-03-18,169.7,170.45,167.2,168.85,2577406.0,434907692.5
2016-03-21,169.1,171.45,168.5,170.3,2137008.0,363594249.9
2016-03-22,170.1,171.4,167.6,169.2,2574116.0,436907319.65
2016-03-23,170.0,170.8,167.1,168.1,1667445.0,281326169.7
2016-03-28,169.0,169.4,165.0,165.3,1523311.0,253732880.25
2016-03-29,164.8,165.25,161.5,162.45,1698667.0,277188542.15
2016-03-30,164.2,167.25,163.25,166.75,1619984.0,267870916.8
2016-03-31,166.9,167.9,164.8,166.2,2284860.0,379823772.65
2016-04-01,166.5,167.1,163.5,165.35,1802657.0,297949553.9
2016-04-04,166.9,166.9,163.25,164.65,1367081.0,225202927.1
2016-04-05,164.2,164.6,158.6,160.0,1790895.0,290443400.65
2016-04-06,160.0,160.85,157.5,159.5,1490964.0,237369998.55
2016-04-07,159.95,164.55,158.2,160.8,2142735.0,345153887.25
2016-04-08,161.0,162.5,160.2,161.05,926904.0,149648516.05
2016-04-11,161.7,162.0,160.25,161.75,1401399.0,226491892.6
2016-04-12,162.0,163.85,160.2,160.45,2313541.0,375147553.45
2016-04-13,162.0,164.45,161.75,162.65,2658526.0,433091653.15
2016-04-18,162.9,163.3,159.2,159.95,2218795.0,356372124.3
2016-04-20,160.75,160.75,158.8,159.4,2474685.0,395147036.95
2016-04-21,160.0,170.7,160.0,167.3,7318863.0,1222600609.95
2016-04-22,169.1,174.3,168.0,171.6,6007906.0,1031839908.55
2016-04-25,171.5,174.25,169.0,172.3,3118838.0,535861354.75
2016-04-26,172.85,183.9,171.25,183.5,9339130.0,1674403705.35
2016-04-27,184.3,185.7,180.45,182.3,4170249.0,764223221.05
2016-04-28,182.7,184.6,178.9,180.05,4150488.0,754116714.25
2016-04-29,179.8,180.95,175.15,178.4,2651812.0,472116095.95
2016-05-02,176.4,180.9,176.3,178.4,1195070.0,213543088.9
2016-05-03,179.0,181.3,172.0,173.15,2556084.0,450987616.3
2016-05-04,173.2,176.35,169.7,171.0,3168571.0,548409848.1
2016-05-05,171.2,172.35,167.1,167.85,3087789.0,521981950.45
2016-05-06,167.45,167.7,165.0,165.65,2132918.0,353989406.25
2016-05-09,166.3,171.2,166.2,169.8,2386609.0,405296643.75
2016-05-10,170.0,170.65,166.75,167.2,1755439.0,295751179.45
2016-05-11,164.8,168.4,163.95,164.5,3303770.0,547504216.9
2016-05-12,165.3,167.5,162.2,164.15,4016427.0,661480466.9
2016-05-13,163.0,168.2,161.4,164.4,5332544.0,881946950.7
2016-05-16,165.6,166.0,160.8,162.35,2474282.0,402672184.7
2016-05-17,163.2,163.45,160.05,160.3,1884283.0,303949225.85
2016-05-18,160.5,162.5,159.05,161.9,3247950.0,524021488.55
2016-05-19,161.9,162.0,156.8,157.35,2315853.0,369293357.2
2016-05-20,157.9,158.3,154.75,155.25,2831399.0,442147241.1
2016-05-23,155.7,157.6,153.75,154.15,1817612.0,282834049.9
2016-05-24,154.0,155.1,152.8,154.6,3746497.0,578513437.1
2016-05-25,155.8,156.4,154.15,155.15,2793061.0,432842739.3
2016-05-26,156.4,157.5,154.5,155.05,3598225.0,560634767.25
2016-05-27,156.0,158.35,154.75,155.4,5794004.0,904343000.2
2016-05-30,159.5,163.5,159.5,160.6,5819031.0,939534604.55
2016-05-31,161.0,162.5,157.55,160.1,32700914.0,5231726507.05
2016-06-01,162.1,168.0,162.1,165.0,8379391.0,1386832049.45
2016-06-02,165.7,166.7,163.0,165.15,2929071.0,482767258.0
2016-06-03,165.5,167.35,162.0,162.45,5479684.0,902396564.35
2016-06-06,162.3,163.5,160.5,160.95,3050151.0,494202543.95
2016-06-07,160.85,163.3,160.85,161.5,3407456.0,551899310.9
2016-06-08,161.6,162.95,160.9,161.4,2542997.0,411388207.95
2016-06-09,162.25,166.0,161.5,163.5,4392674.0,720206692.8
2016-06-10,163.4,165.4,162.75,163.1,2515802.0,412424368.55
2016-06-13,161.6,162.3,159.6,160.65,1788645.0,287605400.05
2016-06-14,161.0,163.15,161.0,162.4,1663137.0,269657455.05
2016-06-15,163.0,165.3,162.25,164.55,2895485.0,475345213.65
2016-06-16,165.25,165.25,160.55,162.7,3893997.0,634000395.15
2016-06-17,163.5,164.7,162.8,163.4,2993451.0,489751932.45
2016-06-20,161.6,166.35,161.2,165.6,4055957.0,667980808.55
2016-06-21,166.45,171.8,166.1,170.35,7857577.0,1337185630.85
2016-06-22,171.5,173.35,167.1,168.25,6010083.0,1024971194.2
2016-06-23,168.2,169.0,166.1,167.05,2038543.0,340811274.4
2016-06-24,164.95,164.95,155.0,162.45,7134347.0,1140191339.45
2016-06-27,162.0,166.5,161.8,165.85,2570997.0,423691068.2
2016-06-28,165.5,167.35,164.1,166.05,2654288.0,440200861.0
2016-06-29,166.45,172.4,166.25,172.1,3945888.0,672760064.95
2016-06-30,173.95,174.8,172.45,173.45,4411505.0,766071089.3
2016-07-01,174.45,180.45,174.2,179.7,7288879.0,1299784583.35
2016-07-04,181.55,184.1,179.6,182.15,4726300.0,859836594.45
2016-07-05,182.9,190.65,182.2,186.85,11539531.0,2163004359.8
2016-07-07,187.5,188.75,183.05,184.1,3274926.0,610841234.75
2016-07-08,183.85,188.9,180.15,188.1,5011965.0,927079367.0
2016-07-11,191.55,194.9,189.95,193.7,5547895.0,1070528225.25
2016-07-12,194.5,195.0,190.2,192.05,4344235.0,833050384.45
2016-07-13,193.0,196.8,190.15,194.8,4934586.0,956502469.75
2016-07-14,194.75,204.35,194.1,202.6,7526187.0,1500229238.95
2016-07-15,203.6,205.0,198.4,200.0,4230504.0,849202613.6
2016-07-18,202.8,204.2,193.4,194.5,4564374.0,909092202.65
2016-07-19,194.55,199.45,192.2,197.5,3777088.0,742484419.15
2016-07-20,198.0,202.45,195.65,201.45,3488428.0,698772014.45
2016-07-21,201.6,204.4,197.7,198.85,3581112.0,721618455.1
2016-07-22,199.1,210.8,199.0,208.95,6242396.0,1283203983.65
2016-07-25,209.75,217.9,208.5,216.25,7782011.0,1675011802.5
2016-07-26,216.1,217.4,212.25,213.6,3946719.0,848728592.2
2016-07-27,214.0,216.65,210.85,214.75,2482906.0,531411532.6
2016-07-28,215.4,216.5,211.0,212.1,7209102.0,1535175984.4
2016-07-29,212.3,214.45,211.1,212.2,2418591.0,514236016.55
2016-08-01,214.0,223.9,213.05,220.2,6056542.0,1332363701.5
2016-08-02,221.7,224.4,212.55,215.25,4764419.0,1043405188.3
2016-08-03,215.4,217.75,211.6,212.8,2705380.0,579555925.1
2016-08-04,214.25,215.0,211.55,214.15,2301734.0,491131093.15
2016-08-05,215.45,219.3,215.45,217.3,2894856.0,628548878.55
2016-08-08,218.9,224.65,217.65,223.2,4235468.0,938360914.85
2016-08-09,232.0,233.0,227.15,228.15,9369424.0,2160452665.55
2016-08-10,230.0,230.3,222.05,223.1,4818919.0,1086095696.4
2016-08-11,222.5,228.3,217.85,225.8,12639060.0,2838285664.7
2016-08-12,226.9,227.75,222.55,226.45,3297706.0,744359639.5
2016-08-16,225.0,228.8,223.9,228.2,4526984.0,1022361422.0
2016-08-17,228.5,234.35,228.05,233.05,5168719.0,1201511242.7
2016-08-18,235.0,239.85,234.65,238.95,6277006.0,1494358936.15
2016-08-19,239.35,240.0,235.25,236.15,4648347.0,1102463326.0
2016-08-22,231.6,234.65,228.65,232.4,4654167.0,1077375698.35
2016-08-23,231.5,234.1,229.95,231.85,3699007.0,858910317.65
2016-08-24,231.5,234.5,231.4,233.1,2992279.0,697521445.1
2016-08-25,233.8,237.1,230.2,231.25,7546429.0,1760858570.25
2016-08-26,232.25,234.7,229.1,230.45,3101227.0,719178714.15
2016-08-29,230.9,230.9,224.4,227.45,2396216.0,542650452.35
2016-08-30,228.25,229.5,226.5,227.05,2752565.0,627734900.65
2016-08-31,227.4,239.4,227.2,238.35,5641392.0,1327427813.1
2016-09-01,238.5,244.7,236.05,238.55,4530134.0,1090764859.45
2016-09-02,239.0,241.0,237.0,240.15,1774556.0,424723894.45
2016-09-06,241.3,243.3,240.3,242.1,1971053.0,476412222.55
2016-09-07,242.8,243.5,238.3,239.7,4608114.0,1109915758.05
2016-09-08,240.6,244.95,240.5,244.2,2531943.0,616769601.85
2016-09-09,244.45,245.8,240.0,241.65,3182478.0,772094770.15
2016-09-12,237.7,237.8,226.1,226.85,5158950.0,1194187998.65
2016-09-14,227.0,231.7,227.0,230.95,3745604.0,863158964.95
2016-09-15,230.55,232.1,227.6,230.0,1682230.0,386793277.6
2016-09-16,231.4,235.75,231.05,232.7,6352343.0,1481102839.35
2016-09-19,233.2,237.35,231.7,236.05,6911820.0,1617348053.2
2016-09-20,236.75,240.75,236.2,239.25,4817121.0,1150010802.9
2016-09-21,239.9,243.55,239.3,241.05,4950237.0,1195102861.2
2016-09-22,243.25,248.45,243.2,247.55,5226742.0,1284524155.25
2016-09-23,247.0,252.0,245.7,249.2,4831767.0,1204130985.2
2016-09-26,250.25,252.95,248.1,249.25,6659954.0,1669403169.2
2016-09-27,251.35,251.4,242.0,244.25,8709831.0,2138220492.55
2016-09-28,120.6,123.4,119.85,122.15,8330442.0,1015377395.3
2016-09-29,124.5,124.5,115.05,116.85,13014500.0,1545794046.55
2016-09-30,116.0,120.7,115.7,120.3,8396600.0,999891062.25
2016-10-03,121.6,124.4,120.75,123.9,4251909.0,523505266.45
2016-10-04,124.5,130.5,123.7,129.35,7335093.0,935403634.75
2016-10-05,130.9,134.5,129.1,133.9,9945886.0,1312998428.85
2016-10-06,134.3,134.65,130.0,131.35,8829256.0,1167549134.4
2016-10-07,131.1,133.5,129.9,131.25,3981421.0,523772570.5
2016-10-10,131.6,133.4,130.3,131.8,3138374.0,413262061.0
2016-10-13,131.25,135.0,127.8,130.1,12003483.0,1580118003.4
2016-10-14,130.8,132.6,128.5,130.5,4274475.0,557773096.8
2016-10-17,131.0,133.1,129.55,131.9,6242175.0,819813293.45
2016-10-18,132.05,134.85,132.05,134.6,4292518.0,575157133.7
2016-10-19,135.0,137.2,134.1,135.8,5714013.0,776631018.5
2016-10-20,136.8,137.8,135.0,135.75,3510383.0,478889657.65
2016-10-21,136.3,140.0,134.0,139.25,4311292.0,591554349.55
2016-10-24,139.95,140.9,136.6,137.5,3392963.0,469147965.45
2016-10-25,137.3,137.9,135.05,137.2,2512649.0,342742817.9
2016-10-26,135.75,137.2,133.0,134.1,3525701.0,477234056.4
2016-10-27,133.5,136.4,129.55,135.2,5668233.0,752102396.05
2016-10-28,135.9,136.0,132.65,134.9,1971018.0,265131370.15
2016-10-30,135.55,135.6,134.5,134.9,220648.0,29796654.25
2016-11-01,134.95,135.75,131.55,132.0,3773857.0,503000319.9
2016-11-02,129.5,130.9,127.4,127.85,3625398.0,465519205.4
2016-11-03,126.85,129.55,125.05,125.55,2732187.0,347603599.0
2016-11-04,125.1,125.4,119.5,123.95,6099812.0,750519581.5
2016-11-07,125.0,128.15,124.95,125.9,3676582.0,466284033.2
2016-11-08,126.4,127.65,124.8,125.4,3587160.0,450834309.95
2016-11-09,116.5,130.9,112.9,128.8,9127959.0,1122287351.9
2016-11-10,131.0,138.5,130.75,137.0,7163499.0,969983699.65
2016-11-11,134.9,137.95,132.05,133.0,5664498.0,760803887.7
2016-11-15,133.9,134.55,124.65,125.6,8105246.0,1044171864.0
2016-11-16,128.0,130.0,124.7,126.05,3550109.0,451707945.2
2016-11-17,126.8,132.5,126.25,129.05,7593954.0,988665423.65
2016-11-18,130.55,133.65,129.25,132.5,4707121.0,621935485.15
2016-11-21,133.75,133.8,125.15,126.0,5163148.0,661017852.8
2016-11-22,127.3,130.9,126.35,129.45,6625490.0,849871477.75
2016-11-23,130.7,134.85,128.5,133.15,4922643.0,652002901.1
2016-11-24,131.9,134.0,129.25,132.45,9523075.0,1249479365.55
2016-11-25,133.4,139.9,132.9,138.4,7867682.0,1085289626.2
2016-11-28,139.1,139.5,134.55,135.9,5318495.0,730549348.5
2016-11-29,136.25,139.0,135.6,136.15,3416629.0,468191434.5
2016-11-30,136.9,140.95,136.2,136.9,13817370.0,1900732497.85
2016-12-01,138.5,138.6,135.1,135.7,3459995.0,472461044.9
2016-12-02,134.5,135.95,131.8,132.35,3092430.0,411913795.95
2016-12-05,131.6,134.25,130.4,133.4,3189097.0,421180081.45
2016-12-06,133.5,135.2,132.7,133.05,2280446.0,305126987.85
2016-12-07,132.05,134.7,130.1,130.95,5325575.0,706503279.2
2016-12-08,131.9,134.25,131.9,133.15,2806269.0,373545577.4
2016-12-09,133.8,136.8,133.65,135.0,6019317.0,814792914.5
2016-12-12,135.65,135.7,131.35,132.25,2561548.0,340377422.65
2016-12-13,132.4,134.35,131.05,133.1,5667175.0,750154336.05
2016-12-14,133.45,133.5,130.0,130.3,2821684.0,370476622.45
2016-12-15,127.85,133.2,127.85,131.1,3622928.0,475611612.4
2016-12-16,131.0,131.7,128.5,128.9,2439878.0,315503576.35
2016-12-19,129.0,131.25,127.5,129.05,2800457.0,362831981.8
2016-12-20,129.5,130.9,127.0,128.8,3516848.0,453025953.3
2016-12-21,131.0,131.8,129.5,129.9,4044644.0,528118694.6
2016-12-22,129.6,129.95,126.25,127.3,3638749.0,463809154.25
2016-12-23,127.3,127.4,121.65,122.75,5327698.0,658404581.85
2016-12-26,122.0,122.0,117.0,117.4,5036489.0,599200046.6
2016-12-27,117.25,119.15,114.85,118.75,6027505.0,706153878.85
2016-12-28,118.55,123.4,118.55,120.45,4350621.0,529109130.0
2016-12-29,120.8,124.9,120.0,122.75,14619851.0,1787805562.55
2016-12-30,123.1,125.85,122.6,124.85,4021627.0,502136907.1
2017-01-02,124.85,126.3,123.4,124.55,3051333.0,381080458.0
2017-01-03,124.9,128.6,124.4,126.4,3537427.0,449013304.9
2017-01-04,126.9,127.5,124.25,124.55,2746554.0,344733038.0
2017-01-05,125.05,127.65,124.8,127.4,5427963.0,685836685.25
2017-01-06,128.2,129.7,127.9,128.5,3425026.0,440843601.05
2017-01-09,128.9,131.3,128.65,129.6,2983138.0,387484344.35
2017-01-10,130.0,130.2,127.55,128.2,3779482.0,486614224.95
2017-01-11,128.8,133.85,128.5,133.45,6767954.0,895876536.05
2017-01-12,133.65,138.0,133.3,137.15,8195721.0,1110061755.4
2017-01-13,138.0,139.9,136.4,139.55,8495074.0,1176691289.2
2017-01-16,139.9,143.85,138.6,143.2,7070503.0,1000122344.5
2017-01-17,143.2,145.2,140.85,143.6,8049318.0,1154998153.9
2017-01-18,143.6,144.35,138.1,138.65,7378594.0,1042172976.35
2017-01-19,138.8,141.25,137.7,138.85,4249434.0,591036960.2
2017-01-20,138.85,141.25,136.7,137.25,4959868.0,688845852.3
2017-01-23,137.45,141.9,137.2,141.05,2909082.0,407829384.45
2017-01-24,140.7,142.7,139.5,141.65,3498400.0,494706688.4
2017-01-25,142.2,147.65,141.05,146.4,9026073.0,1307012642.3
2017-01-27,148.45,151.95,145.7,149.6,9037208.0,1354899980.3
2017-01-30,149.35,150.85,146.0,146.9,3101867.0,460501595.75
2017-01-31,146.25,146.8,140.4,142.15,13284341.0,1892476682.8
2017-02-01,142.55,148.65,142.45,148.0,8153414.0,1187304617.0
2017-02-02,147.15,149.6,145.7,147.45,4169469.0,615935652.7
2017-02-03,147.0,149.45,146.65,148.3,4359898.0,645464164.85
2017-02-06,149.0,149.6,145.8,146.15,3591922.0,528527829.2
2017-02-07,146.5,149.45,140.05,141.05,9455058.0,1357219955.15
2017-02-08,141.85,143.9,141.1,143.2,3916086.0,559364765.4
2017-02-09,144.0,147.0,143.55,146.5,7672519.0,1117069398.25
2017-02-10,147.2,148.55,145.0,145.8,4618579.0,676893239.1
2017-02-13,146.2,146.95,141.3,144.8,4306417.0,620915357.35
2017-02-14,145.45,146.05,141.15,144.55,8455183.0,1214327485.5
2017-02-15,145.4,145.9,139.35,140.15,6404831.0,909886282.2
2017-02-16,140.7,143.7,139.85,143.25,4728765.0,673178435.9
2017-02-17,144.05,145.35,142.8,144.2,4889417.0,704583149.75
2017-02-20,145.0,151.0,145.0,150.5,10113566.0,1499304014.0
2017-02-21,152.25,156.5,152.25,155.5,10340370.0,1601949154.5
2017-02-22,156.9,159.95,156.15,158.05,12212211.0,1937048078.4
2017-02-23,158.2,159.95,156.2,158.35,18115012.0,2863682698.4
2017-02-27,150.0,153.7,149.7,151.55,9891548.0,1500087207.9
2017-02-28,151.0,154.7,150.65,152.65,7927312.0,1212513782.2
2017-03-01,152.7,155.05,152.7,153.35,6417546.0,987504696.1
2017-03-02,154.25,156.4,151.5,153.1,11403918.0,1761269497.45
2017-03-03,152.95,155.0,152.4,154.4,4188288.0,642633513.75
2017-03-06,155.95,158.7,155.0,157.85,6072898.0,955762317.6
2017-03-07,158.9,159.0,155.0,155.45,5105539.0,797701734.95
2017-03-08,155.6,156.5,151.85,152.2,4884315.0,748355431.85
2017-03-09,151.45,153.7,151.3,151.95,4297949.0,654978673.65
2017-03-10,152.8,154.2,151.75,152.5,4936240.0,753962717.7
2017-03-14,156.45,158.65,154.95,158.0,8305245.0,1303569479.35
2017-03-15,158.95,160.8,158.5,159.35,9211716.0,1470626201.5
2017-03-16,160.0,162.45,159.4,162.0,3156489.0,509921046.8
2017-03-17,162.95,168.9,162.2,168.3,10988833.0,1826208334.35
2017-03-20,168.9,170.25,166.35,168.8,5689591.0,958419556.25
2017-03-21,168.55,169.35,166.0,167.75,5383698.0,902690325.0
2017-03-22,166.0,169.75,163.5,164.3,5130166.0,852599192.05
2017-03-23,164.4,167.4,164.4,166.55,5154745.0,854162734.05
2017-03-24,167.15,176.0,167.0,173.85,10759881.0,1861001871.95
2017-03-27,173.85,176.25,171.0,175.5,5912324.0,1028055196.4
2017-03-28,174.95,174.95,170.3,172.7,6451985.0,1109365296.45
2017-03-29,176.7,181.5,174.85,180.4,9303580.0,1666815915.3
2017-03-30,180.85,185.35,177.55,182.25,12760699.0,2326651507.0
2017-03-31,180.6,183.25,180.0,181.0,6219302.0,1128446294.75
2017-04-03,182.0,182.7,179.4,179.8,5170488.0,934371686.15
2017-04-05,180.4,185.6,179.65,184.45,4787529.0,878467353.95
2017-04-06,183.5,186.9,183.1,185.8,6782113.0,1258665102.7
2017-04-07,184.45,186.45,183.25,184.0,4075522.0,753139418.3
2017-04-10,185.5,185.85,182.05,182.75,3620104.0,663071568.4
2017-04-11,182.8,211.3,182.8,206.35,37410259.0,7563805687.85
2017-04-12,206.45,211.15,200.5,206.75,23948711.0,4953043926.55
2017-04-13,206.0,209.9,205.35,206.85,6599525.0,1369185253.7
2017-04-17,207.4,216.25,198.1,201.4,26150847.0,5387455567.0
2017-04-18,202.6,204.25,193.9,195.05,14518477.0,2887499970.4
2017-04-19,193.6,202.3,191.7,198.15,11745870.0,2320635171.1
2017-04-20,200.0,204.6,198.55,200.45,9759725.0,1965918406.75
2017-04-21,201.5,206.4,200.5,204.9,9079896.0,1847586254.6
2017-04-24,205.7,207.2,203.85,205.9,5121099.0,1053283173.55
2017-04-25,206.0,209.0,204.75,206.8,6378431.0,1319613215.7
2017-04-26,207.4,207.9,201.6,204.7,4603314.0,943349745.35
2017-04-27,204.75,207.65,202.9,203.85,6077701.0,1244925465.9
2017-04-28,204.5,206.0,201.85,202.55,6060951.0,1233263368.75
2017-05-02,203.55,213.3,202.6,212.75,9598866.0,2010461920.35
2017-05-03,214.0,214.6,209.65,210.8,4309447.0,912832314.6
2017-05-04,210.6,214.1,210.15,211.75,3087579.0,655454692.55
2017-05-05,211.95,218.35,210.35,212.8,8418002.0,1807878416.8
2017-05-08,213.8,218.2,212.55,216.5,5763479.0,1245052056.4
2017-05-09,217.95,223.9,216.8,220.6,13190789.0,2912129753.6
2017-05-10,222.3,222.8,217.5,218.5,4021241.0,881590663.75
2017-05-11,219.5,219.9,211.75,214.3,7051507.0,1514868919.95
2017-05-12,215.0,218.1,212.1,214.8,5134686.0,1102241598.65
2017-05-15,215.9,220.15,214.65,219.0,4181806.0,911993932.7
2017-05-16,220.6,221.65,216.1,217.0,7859241.0,1714808020.15
2017-05-17,215.55,221.0,215.25,220.15,7159819.0,1570252355.8
2017-05-18,218.0,222.45,217.0,218.7,6802832.0,1492170280.55
2017-05-19,219.0,221.5,215.1,216.95,5235374.0,1139297998.2
2017-05-22,218.4,218.75,211.9,212.9,4584375.0,986401656.4
2017-05-23,213.5,215.9,208.9,213.4,9654599.0,2056799302.9
2017-05-24,213.5,215.4,208.8,210.75,7376012.0,1564151410.35
2017-05-25,211.5,212.2,202.75,205.25,12767517.0,2639635573.95
2017-05-26,203.65,206.85,196.45,204.35,10684267.0,2163882911.65
2017-05-29,205.6,207.0,195.65,197.1,5938527.0,1189272860.05
2017-05-30,190.5,210.0,179.45,205.7,47856852.0,9410858631.1
2017-05-31,207.75,208.95,190.5,193.25,104571167.0,20366865768.95
2017-06-01,194.75,196.45,188.0,189.4,12572407.0,2397366348.65
2017-06-02,192.0,192.0,186.2,189.95,17244285.0,3270581021.6
2017-06-05,190.35,190.6,186.25,188.4,5493019.0,1033217788.7
2017-06-06,188.55,193.5,187.45,189.8,7588949.0,1445029582.65
2017-06-07,190.0,190.45,186.05,187.95,11476757.0,2155732122.2
2017-06-08,188.4,190.55,186.3,187.8,6332379.0,1191342978.4
2017-06-09,187.45,188.75,186.05,187.85,6061784.0,1136176575.4
2017-06-12,187.1,192.15,185.6,191.55,8363644.0,1585905527.85
2017-06-13,191.95,192.55,187.2,188.2,6734994.0,1278714168.45
2017-06-14,188.55,188.85,183.55,184.95,9013287.0,1670745758.05
2017-06-15,184.9,187.1,184.45,185.8,3083753.0,573286084.7
2017-06-16,185.35,190.2,184.2,187.4,7615902.0,1425658511.65
2017-06-19,187.9,190.4,187.35,189.5,2603063.0,492083103.45
2017-06-20,189.75,191.9,187.7,188.7,2669487.0,503993975.55
2017-06-21,188.6,188.65,184.65,185.15,4137335.0,769419974.3
2017-06-22,185.1,186.25,181.15,181.7,3962615.0,728584670.55
2017-06-23,182.8,182.8,175.0,176.35,5973112.0,1062049901.3
2017-06-27,175.35,175.35,166.45,169.25,8291814.0,1405677740.0
2017-06-28,167.8,172.75,167.25,171.7,6196541.0,1057977282.95
2017-06-29,172.5,173.9,169.3,169.85,12668967.0,2158979740.0
2017-06-30,169.85,172.95,167.8,171.95,4798095.0,819723337.3
2017-07-03,174.1,174.35,170.15,172.45,3209356.0,551143720.4
2017-07-04,172.6,175.5,171.9,172.7,3980544.0,691187367.05
2017-07-05,172.5,173.75,170.7,172.25,2775084.0,478499741.0
2017-07-06,173.25,179.7,173.0,177.15,7405884.0,1310441281.6
2017-07-07,178.7,181.75,177.75,180.75,8197768.0,1479347511.7
2017-07-10,188.0,188.0,180.75,187.0,1295877.0,241602091.4
2017-07-11,187.0,188.9,184.55,185.25,5151931.0,962163808.65
2017-07-12,186.0,188.1,185.65,187.35,3322263.0,621437428.45
2017-07-13,188.25,189.15,185.8,187.35,2692900.0,504586781.85
2017-07-14,186.0,187.85,182.35,183.7,8895272.0,1635733113.6
2017-07-17,183.85,188.0,183.55,186.5,5855345.0,1091832154.1
2017-07-18,185.85,187.15,182.9,183.55,3059965.0,565394448.2
2017-07-19,183.9,185.0,181.75,182.35,3840745.0,703162452.4
2017-07-20,182.5,185.0,182.5,183.7,4400697.0,809057736.1
2017-07-21,184.2,184.65,181.4,182.5,4444638.0,813910380.15
2017-07-24,182.5,184.9,180.35,181.15,6676694.0,1214580108.05
2017-07-25,181.55,182.4,177.3,177.75,5362561.0,958996269.05
2017-07-26,177.25,179.6,175.5,175.95,6677259.0,1183065880.3
2017-07-27,176.7,177.7,173.95,174.4,4263155.0,747794943.65
2017-07-28,174.75,176.3,173.85,175.4,3220063.0,564221530.6
2017-07-31,176.75,176.95,173.5,175.05,3051597.0,534325491.95
2017-08-01,175.4,178.1,174.3,174.85,5797184.0,1019817384.8
2017-08-02,175.0,175.75,171.2,172.2,3328395.0,576086048.85
2017-08-03,172.4,175.8,169.4,173.5,6713413.0,1160594784.1
2017-08-04,173.5,175.55,172.2,174.15,3696556.0,642373735.8
2017-08-07,175.0,182.05,174.4,181.3,7277590.0,1302888651.9
2017-08-08,183.15,184.0,177.95,179.05,7613532.0,1377991883.45
2017-08-09,178.95,181.35,174.5,175.25,4800505.0,853616319.45
2017-08-10,174.35,175.3,160.2,163.75,12961161.0,2162548310.85
2017-08-11,159.75,168.55,154.7,165.2,7096914.0,1159378545.3
2017-08-14,164.0,168.0,162.5,166.85,3832224.0,632971243.5
2017-08-16,167.0,168.8,162.45,164.15,4600403.0,755592223.5
2017-08-17,164.75,172.65,164.15,169.1,6627455.0,1123810163.4
2017-08-18,168.0,171.8,165.7,166.9,6671716.0,1120826966.0
2017-08-21,167.0,169.05,160.2,161.3,5626573.0,926240243.4
2017-08-22,163.3,163.75,152.2,152.9,9930387.0,1547445675.7
2017-08-23,154.0,158.0,153.85,157.2,6032661.0,944164857.75
2017-08-24,156.8,161.45,156.1,160.8,8476541.0,1345914923.35
2017-08-28,162.3,167.3,161.95,165.15,7991020.0,1317452943.1
2017-08-29,164.7,167.2,163.2,164.45,7299993.0,1205440809.9
2017-08-30,166.0,169.65,165.2,166.9,4723805.0,790053346.15
2017-08-31,168.75,169.5,166.6,168.55,9256269.0,1555333349.4
2017-09-01,168.5,171.25,168.2,169.7,5443371.0,924686612.7
2017-09-04,168.95,169.2,162.8,164.4,5082079.0,837497458.05
2017-09-05,165.2,165.85,162.45,163.9,3856676.0,632119562.4
2017-09-06,162.7,165.55,161.95,164.6,5722711.0,940114394.65
2017-09-07,165.45,166.25,162.6,163.25,3625577.0,594729832.55
2017-09-08,163.7,164.55,161.0,163.1,2199622.0,358606287.4
2017-09-11,163.4,165.4,163.2,164.5,3980288.0,654733799.2
2017-09-12,165.0,165.75,163.3,164.55,3930681.0,645351227.1
2017-09-13,164.5,173.85,164.1,171.35,13174720.0,2251759785.35
2017-09-14,169.75,175.2,167.85,168.75,10006176.0,1712338318.45
2017-09-15,168.75,170.75,167.0,167.7,4928992.0,828851084.15
2017-09-18,168.95,171.35,166.2,166.9,4947765.0,833410282.65
2017-09-19,167.4,169.9,166.35,168.7,4393678.0,740035703.95
2017-09-20,171.1,172.5,168.05,168.65,5468245.0,930720795.8
2017-09-21,168.7,169.35,163.55,166.35,7531540.0,1247048086.2
2017-09-22,165.5,167.25,162.3,163.8,12449341.0,2045874251.75
2017-09-25,164.95,168.0,162.3,167.35,8741446.0,1445386970.65
2017-09-26,171.2,171.3,160.0,160.8,15462910.0,2546840164.75
2017-09-27,161.0,161.65,151.1,151.85,16367486.0,2546552680.0
2017-09-28,151.5,153.45,147.9,151.05,7843364.0,1185027946.9
2017-09-29,151.9,154.85,151.75,152.9,5201423.0,797617648.1
2017-10-03,151.0,153.85,151.0,152.25,5837286.0,887924590.95
2017-10-04,152.5,155.9,152.05,154.7,4651490.0,719287279.6
2017-10-05,155.0,156.4,153.35,154.0,3976599.0,616021344.7
2017-10-06,154.8,157.0,154.45,155.55,4313030.0,671487958.0
2017-10-09,155.55,156.5,151.4,152.15,6117083.0,934890036.75
2017-10-10,152.9,154.2,152.05,152.75,3129284.0,478964689.45
2017-10-11,153.55,155.5,149.65,151.55,6018689.0,920800902.35
2017-10-12,152.5,153.75,150.85,153.35,4830108.0,736189076.25
2017-10-13,153.5,156.7,152.1,155.05,4802088.0,744502400.05
2017-10-16,155.4,155.7,150.85,152.45,5026844.0,764908379.7
2017-10-17,152.8,155.65,152.2,155.1,3613484.0,557633441.9
2017-10-18,155.55,160.8,154.0,159.55,6790572.0,1075992013.6
2017-10-19,160.0,160.25,156.05,157.1,778188.0,123087845.4
2017-10-23,156.0,159.0,154.9,156.3,3717010.0,581255271.6
2017-10-24,158.15,158.15,154.8,156.15,2692233.0,419922325.5
2017-10-25,158.05,165.9,156.35,163.8,10717269.0,1740139500.5
2017-10-26,163.85,169.0,163.2,167.05,18450318.0,3082677783.4
2017-10-27,167.9,176.7,167.9,173.4,11064484.0,1922479823.65
2017-10-30,174.1,176.35,170.15,170.55,4961982.0,859191834.35
2017-10-31,170.55,173.8,168.9,173.2,5646271.0,972487070.7
2017-11-01,174.0,176.25,172.55,173.55,5124578.0,894150669.9
2017-11-02,173.7,182.25,173.15,181.7,8412197.0,1499877426.1
2017-11-03,182.65,184.0,178.5,179.95,6949474.0,1260348251.3
2017-11-06,180.0,183.0,164.9,166.4,15286265.0,2646767460.9
2017-11-07,167.4,171.8,165.65,166.95,10959657.0,1846212849.55
2017-11-08,168.35,169.15,164.6,166.6,3951189.0,658469695.7
2017-11-09,166.7,168.0,162.7,164.45,4242297.0,697629472.7
2017-11-10,164.0,164.05,160.05,160.85,4916158.0,795318034.3
2017-11-13,161.5,163.8,157.4,160.9,5794736.0,928751481.6
2017-11-14,160.9,162.3,159.65,160.25,3456584.0,555512117.8
2017-11-15,159.1,159.7,153.85,154.5,9101511.0,1416092450.15
2017-11-16,155.75,156.6,154.0,155.6,4945630.0,768622040.2
2017-11-17,157.45,163.8,157.25,161.15,7969218.0,1285660997.65
2017-11-20,161.15,162.25,158.95,159.4,4989735.0,798530575.0
2017-11-21,160.75,163.0,159.6,162.55,6477473.0,1046917072.3
2017-11-22,163.35,164.0,160.6,162.05,5300168.0,859173519.5
2017-11-23,162.1,165.0,161.55,164.45,3103261.0,507374514.85
2017-11-24,165.1,165.1,161.95,163.4,3284205.0,535825489.55
2017-11-27,162.8,162.8,160.5,161.0,4314692.0,695342844.8
2017-11-28,160.05,160.6,158.5,159.1,5163686.0,823076603.7
2017-11-29,159.05,159.6,158.0,158.55,2682659.0,425808154.5
2017-11-30,157.8,158.05,153.5,154.05,10924339.0,1697007690.75
2017-12-01,154.9,156.9,153.25,153.55,5356803.0,829932203.7
2017-12-04,154.3,154.6,151.4,152.45,3710399.0,565868589.3
2017-12-05,152.8,153.15,151.35,152.2,3178754.0,483578014.3
2017-12-06,152.0,153.45,151.0,151.6,4665071.0,708774793.35
2017-12-07,152.4,152.8,151.35,152.35,2747700.0,417994149.5
2017-12-08,152.8,153.8,152.45,153.0,3209091.0,491484885.25
2017-12-11,153.8,153.8,150.9,151.2,3549847.0,539019445.95
2017-12-12,151.45,152.0,146.6,147.0,4331839.0,644679090.85
2017-12-13,145.75,147.35,144.55,145.75,6370644.0,929614890.65
2017-12-14,147.1,147.1,141.75,144.0,8008939.0,1147980737.9
2017-12-15,146.25,147.95,145.5,146.65,3987610.0,584832321.3
2017-12-18,145.4,152.6,140.4,151.35,7329453.0,1089860032.1
2017-12-19,158.0,158.75,155.5,156.9,15197875.0,2386494012.45
2017-12-20,157.35,157.35,154.7,155.7,4009332.0,623928128.85
2017-12-21,155.5,158.8,155.15,157.0,3978244.0,625599709.75
2017-12-22,157.2,157.85,156.1,156.65,2346318.0,368065887.7
2017-12-26,156.65,158.25,155.4,157.75,3494929.0,549623771.55
2017-12-27,158.0,159.0,156.0,156.65,2821458.0,444283934.7
2017-12-28,156.7,156.7,154.0,154.5,3929557.0,609940861.05
2017-12-29,154.5,157.15,154.5,155.75,3542897.0,551835531.55
2018-01-01,155.9,160.4,155.8,158.4,4545949.0,721300463.0
2018-01-02,159.25,159.75,156.2,157.65,3488034.0,550241165.35
2018-01-03,158.0,159.25,157.25,157.85,2593130.0,410295888.7
2018-01-04,158.15,162.5,157.3,161.95,4584558.0,735771993.0
2018-01-05,162.9,164.15,161.2,161.45,4050226.0,657858372.0
2018-01-08,161.9,164.3,161.4,163.95,3690235.0,601984150.95
2018-01-09,164.5,165.35,162.05,163.4,3429721.0,560880254.1
2018-01-10,163.1,164.6,161.35,162.35,3341991.0,544214897.75
2018-01-11,161.8,164.15,160.6,162.35,3743499.0,607627131.45
2018-01-12,163.2,163.9,159.85,161.35,3522962.0,569169365.25
2018-01-15,161.65,162.7,160.0,160.3,2540686.0,409039770.55
2018-01-16,160.4,161.3,153.55,153.95,4605921.0,720585689.9
2018-01-17,154.0,155.9,151.35,155.45,3825383.0,588602296.15
2018-01-18,156.5,156.85,151.0,152.95,4236254.0,653987127.25
2018-01-19,153.1,158.4,152.9,156.45,5260279.0,821688785.4
2018-01-22,156.1,156.4,154.3,155.65,2400565.0,372975750.6
2018-01-23,157.1,158.0,155.7,157.75,3640311.0,571491028.8
2018-01-24,157.05,160.7,156.7,160.25,4421502.0,702546342.5
2018-01-25,160.0,160.9,157.05,157.85,12625592.0,1999602825.95
2018-01-29,158.9,159.25,156.5,157.6,1706389.0,269599356.4
2018-01-30,157.0,158.35,155.6,156.8,2123255.0,333297812.35
2018-01-31,156.0,157.55,153.1,155.5,3294640.0,511963580.05
2018-02-01,155.8,158.7,152.0,153.45,6096903.0,945658613.3
2018-02-02,152.0,152.6,145.0,145.4,7276175.0,1078466614.55
2018-02-05,144.0,149.45,142.35,147.7,3864556.0,566039241.5
2018-02-06,142.0,145.7,140.2,144.55,4580031.0,656561364.6
2018-02-07,146.0,150.15,144.95,149.05,8169329.0,1203492748.65
2018-02-08,150.0,152.0,148.45,150.55,4192965.0,629985924.1
2018-02-09,149.0,151.6,147.85,149.95,3059986.0,459333606.25
2018-02-12,151.25,155.15,151.25,154.05,4282712.0,657682135.7
2018-02-14,156.25,157.0,153.45,154.75,4934123.0,763793989.75
2018-02-15,147.9,147.95,142.5,143.25,6464116.0,936092555.8
2018-02-16,144.1,144.55,140.0,141.2,4645551.0,658458941.35
2018-02-19,141.9,143.3,138.1,140.15,3558469.0,501238990.0
2018-02-20,140.7,141.2,137.15,138.65,3276025.0,455555304.9
2018-02-21,139.4,139.8,137.1,137.75,2331192.0,321430960.95
2018-02-22,137.55,138.95,136.0,136.65,5880613.0,806851816.75
2018-02-23,137.0,140.5,137.0,140.3,2495145.0,346650969.5
2018-02-26,141.95,148.9,141.0,146.5,9897397.0,1445984939.4
2018-02-27,146.8,148.0,144.55,145.35,9702894.0,1418840017.05
2018-02-28,145.0,145.65,142.7,144.3,4295681.0,619427332.1
2018-03-01,143.8,144.65,141.8,142.15,5610855.0,802309575.45
2018-03-05,140.95,141.6,138.75,140.2,2287463.0,320669994.0
2018-03-06,141.0,143.25,138.0,138.9,4116691.0,581580793.4
2018-03-07,139.0,139.0,135.1,135.65,3135615.0,428541881.45
2018-03-08,135.0,135.15,123.9,125.7,11555743.0,1470617189.2
2018-03-09,125.45,129.5,125.45,128.15,5970140.0,764591734.6
2018-03-12,129.85,129.85,123.3,126.45,4390077.0,551614708.2
2018-03-13,126.0,132.0,125.5,130.25,4526082.0,587489404.8
2018-03-14,128.05,129.45,126.15,127.8,4073765.0,518722660.85
2018-03-15,128.4,130.5,127.65,128.95,3336384.0,430754103.1
2018-03-16,128.9,132.0,127.25,128.5,5717105.0,741212235.2
2018-03-19,129.0,129.2,121.55,124.75,7905991.0,982694071.35
2018-03-20,123.5,127.8,123.5,127.1,5294362.0,669815670.6
2018-03-21,128.7,130.9,127.85,130.1,4069037.0,527949159.05
2018-03-22,130.85,130.85,126.15,126.4,3903245.0,498143487.85
2018-03-23,125.0,125.0,122.0,123.45,5103332.0,628969267.85
2018-03-26,123.45,125.8,120.75,125.35,7302466.0,898046334.15
2018-03-27,126.25,128.1,126.0,126.95,12461142.0,1578913714.35
2018-03-28,126.9,126.9,124.05,124.7,6190930.0,775040001.15
2018-04-02,126.45,129.2,125.3,128.05,2235713.0,285112613.55
2018-04-03,128.0,128.5,125.0,127.75,5082026.0,641999508.7
2018-04-04,128.0,129.95,127.05,127.9,6377319.0,819586717.2
2018-04-05,129.0,131.1,128.1,130.25,3412295.0,441758886.6
2018-04-06,130.65,132.5,129.75,131.85,2625571.0,344479986.35
2018-04-09,131.85,132.3,130.15,131.2,2371286.0,311254622.55
2018-04-10,130.0,130.85,127.9,128.5,4318598.0,556921695.55
2018-04-11,129.0,132.0,127.9,130.75,3186145.0,413489370.8
2018-04-12,131.5,132.5,127.7,128.9,3352099.0,435011286.65
2018-04-13,129.0,130.15,126.85,127.6,2602309.0,333689425.15
2018-04-16,127.5,129.5,126.1,128.95,2368359.0,301879045.15
2018-04-17,129.1,129.8,127.2,128.45,1701207.0,218396918.6
2018-04-18,128.75,129.4,127.45,128.15,1555739.0,199693878.4
2018-04-19,128.2,129.65,127.6,129.05,1524485.0,196325794.3
2018-04-20,129.0,130.2,127.2,129.5,2103383.0,271016553.7
2018-04-23,129.1,130.3,127.55,128.1,1612211.0,207914844.4
2018-04-24,128.3,128.75,127.2,127.4,1317410.0,168342806.5
2018-04-25,127.0,128.75,126.05,126.55,2120722.0,270015318.35
2018-04-26,126.55,127.35,125.0,125.5,4037478.0,508651261.85
2018-04-27,126.1,127.35,125.65,126.0,6288012.0,793995754.5
2018-04-30,126.55,128.1,126.25,127.5,1990659.0,253545026.65
2018-05-02,127.9,129.15,123.9,124.4,3023864.0,381337224.45
2018-05-03,123.5,125.0,122.6,123.75,2495591.0,308790411.95
2018-05-04,123.75,124.5,122.15,122.85,1437957.0,177055999.05
2018-05-07,123.0,124.85,122.1,123.7,2394302.0,295780331.15
2018-05-08,123.95,124.45,122.0,122.4,2225678.0,273694703.25
2018-05-09,122.4,123.65,122.2,122.6,1244317.0,152824246.7
2018-05-10,122.9,122.9,119.4,119.95,2062254.0,249558811.05
2018-05-11,120.4,120.6,117.7,119.1,2006538.0,238643123.55
2018-05-14,119.7,119.7,115.4,115.8,2200418.0,257345047.4
2018-05-15,115.55,117.75,113.65,115.2,2405991.0,278309835.95
2018-05-16,114.5,116.75,112.3,115.05,2535092.0,290280604.5
2018-05-17,115.4,117.4,114.15,115.6,2344789.0,270981631.75
2018-05-18,115.7,117.2,111.35,112.2,3508885.0,399881687.3
2018-05-21,112.0,112.55,109.15,109.65,2515500.0,277572087.05
2018-05-22,109.7,111.0,107.7,108.9,3377781.0,368114981.3
2018-05-23,108.9,110.9,107.7,108.15,2860534.0,312584119.05
2018-05-24,109.0,114.0,108.05,113.45,4759519.0,528157370.45
2018-05-25,114.25,116.4,112.0,113.55,4842763.0,550916934.15
2018-05-28,114.45,120.65,114.1,119.3,6213027.0,737889916.05
2018-05-29,117.5,120.85,115.7,119.6,5459791.0,647998187.5
2018-05-30,118.85,120.2,117.45,118.05,2386126.0,283265138.2
2018-05-31,118.25,120.05,117.7,118.15,10379303.0,1232914611.45
2018-06-01,118.2,121.75,113.7,117.2,7195116.0,848107139.6
2018-06-04,117.4,118.4,113.05,113.6,2906802.0,335164456.95
2018-06-05,113.3,113.9,108.0,108.9,3848084.0,421926706.8
2018-06-06,107.05,111.1,107.05,110.7,4158228.0,456238439.8
2018-06-07,111.2,117.5,111.2,117.0,5912721.0,683131491.8
2018-06-08,116.0,116.25,113.15,114.9,4787930.0,547970993.6
2018-06-11,115.9,118.75,115.4,115.85,4172669.0,488772972.55
2018-06-12,116.45,117.2,114.55,116.45,2337630.0,270886210.25
2018-06-13,116.85,119.2,115.95,117.8,4282189.0,504137604.25
2018-06-14,117.25,117.25,115.0,116.5,2862243.0,332232271.2
2018-06-15,116.5,117.3,113.1,113.45,4685357.0,535350757.65
2018-06-18,113.35,114.3,112.3,112.75,1590445.0,179742513.8
2018-06-19,112.5,113.6,110.0,110.3,2641435.0,293712446.75
2018-06-20,109.8,112.5,109.0,111.4,4842471.0,535275102.85
2018-06-21,112.6,112.6,110.05,110.5,3027390.0,336752108.65
2018-06-22,110.0,111.5,109.3,110.85,3225620.0,356429848.35
2018-06-25,110.2,110.9,107.7,108.2,2055020.0,224666925.1
2018-06-26,107.9,109.2,107.0,107.55,2064619.0,223069473.1
2018-06-27,107.95,108.05,102.0,102.7,5601649.0,585376398.35
2018-06-28,101.0,103.4,99.0,99.7,6371771.0,642413777.85
2018-06-29,101.1,106.35,100.65,104.65,7010458.0,734045928.8
2018-07-02,105.0,105.1,101.0,101.5,4185345.0,428135733.95
2018-07-03,102.25,103.75,100.9,102.0,3028917.0,309208778.5
2018-07-04,101.75,102.5,99.8,100.75,3764546.0,380241167.6
2018-07-05,100.75,101.65,99.25,99.8,3105062.0,311116124.6
2018-07-06,100.0,105.7,99.7,104.3,4755804.0,491081517.65
2018-07-09,105.4,105.9,102.5,103.05,3748983.0,388120504.85
2018-07-10,103.2,104.9,102.65,103.65,3323658.0,344575934.65
2018-07-11,103.4,104.45,100.5,101.35,4169533.0,425659097.25
2018-07-12,101.9,102.5,100.05,100.4,3782284.0,383120168.85
2018-07-13,100.5,100.9,96.0,96.45,8082473.0,785899272.65
2018-07-16,96.0,96.05,93.3,93.65,3663568.0,345478381.65
2018-07-17,94.35,97.0,92.8,95.8,5903876.0,563739481.9
2018-07-18,96.1,96.6,90.7,91.05,6693674.0,618065247.65
2018-07-19,91.2,94.5,90.05,92.1,6823155.0,631233880.45
2018-07-20,92.0,92.3,90.25,91.6,6808234.0,622934828.95
2018-07-23,91.95,92.4,89.0,91.3,5720358.0,520101712.15
2018-07-24,91.5,97.8,91.5,96.9,8253595.0,790862224.15
2018-07-25,97.9,99.1,94.35,98.2,7328275.0,713059474.45
2018-07-26,98.2,109.0,97.5,107.05,24993236.0,2640822624.15
2018-07-27,107.5,112.2,104.7,110.7,11527373.0,1259413930.6
2018-07-30,110.8,115.25,110.8,113.9,10860455.0,1229923047.45
2018-07-31,113.5,117.7,111.6,116.95,9805216.0,1132745346.15
2018-08-01,117.9,118.3,113.7,115.5,6337300.0,735079799.5
2018-08-02,114.7,115.7,112.3,113.65,4685414.0,534649793.0
2018-08-03,114.0,116.7,113.85,114.5,4164751.0,480108289.55
2018-08-06,115.0,117.4,113.35,115.8,4242560.0,490290729.75
2018-08-07,116.0,118.45,113.4,117.7,5684870.0,658100112.7
2018-08-08,117.7,117.9,109.4,111.05,8985859.0,1016970319.35
2018-08-09,111.5,117.05,111.1,115.65,5472192.0,625463885.65
2018-08-10,115.95,117.0,114.25,114.95,4187082.0,484260516.6
2018-08-13,114.0,114.2,108.75,111.5,5736106.0,642465485.8
2018-08-14,111.4,112.95,110.2,112.35,3234915.0,360955495.05
2018-08-16,110.5,112.1,108.05,108.75,5105486.0,560831323.45
2018-08-17,109.65,110.9,107.5,110.05,4243184.0,464623245.05
2018-08-20,110.9,113.85,110.15,113.2,4485588.0,504406378.95
2018-08-21,113.5,113.85,111.6,112.85,3045054.0,342957647.45
2018-08-23,113.4,113.65,109.7,111.8,3629832.0,403459024.3
2018-08-24,111.8,112.45,110.05,111.45,2897937.0,322087857.4
2018-08-27,112.35,120.0,111.8,119.5,13917749.0,1636268456.3
2018-08-28,117.85,118.2,113.45,114.7,8419826.0,972505015.2
2018-08-29,115.6,119.8,113.5,118.2,7550818.0,886437559.9
2018-08-30,118.7,120.5,116.65,119.65,7784311.0,924760735.55
2018-08-31,120.0,121.5,118.0,119.8,7774688.0,931691422.8
2018-09-03,120.9,122.75,118.75,119.35,4560959.0,551387408.95
2018-09-04,119.45,119.85,113.1,113.85,5512524.0,641947677.05
2018-09-05,114.0,115.65,111.65,115.15,4687714.0,533149154.9
2018-09-06,115.5,118.75,113.2,117.55,4491408.0,519834696.25
2018-09-07,117.0,117.0,113.15,114.65,6270434.0,717824115.2
2018-09-10,114.45,118.75,113.45,115.4,7433635.0,864980011.8
2018-09-11,116.1,119.65,110.3,111.65,10209612.0,1176775915.95
2018-09-12,110.4,110.65,106.3,108.7,8965184.0,971150271.25
2018-09-14,110.4,112.8,109.6,112.35,5348198.0,596424108.2
2018-09-17,112.5,116.25,109.35,114.1,9147170.0,1040715566.0
2018-09-18,114.0,115.5,110.45,111.55,5805288.0,653841344.2
2018-09-19,112.3,114.8,111.35,113.6,5915648.0,668831084.55
2018-09-21,114.25,114.7,102.65,106.45,9298860.0,1013985258.0
2018-09-24,106.55,107.65,97.25,98.05,10562834.0,1068266692.7
2018-09-25,97.8,101.8,96.2,100.7,7905458.0,783119288.9
2018-09-26,101.9,102.8,99.35,102.25,6752768.0,683010005.55
2018-09-27,101.2,102.2,97.35,97.95,6665552.0,662369674.15
2018-09-28,98.5,99.55,94.2,97.9,10207136.0,990296665.85
2018-10-01,98.75,102.5,94.6,102.0,7556023.0,745247561.05
2018-10-03,102.0,108.5,101.0,105.25,11722883.0,1239148060.75
2018-10-04,102.6,105.6,101.9,104.05,6615761.0,688375100.9
2018-10-05,103.5,105.25,100.0,100.9,7234922.0,740471172.8
2018-10-08,100.9,104.3,98.7,100.7,6156333.0,623961250.1
2018-10-09,101.0,102.4,97.2,99.15,5819789.0,579406858.6
2018-10-10,100.0,107.15,100.0,104.2,10487228.0,1097256063.55
2018-10-11,101.5,103.75,98.55,100.0,6152759.0,621962799.15
2018-10-12,101.9,103.7,99.95,102.25,4733081.0,484193045.4
2018-10-15,103.0,105.25,101.0,103.45,4408393.0,457368110.45
2018-10-16,103.9,105.9,103.2,105.1,2876426.0,300065788.1
2018-10-17,107.4,107.4,100.55,102.7,5359848.0,558665365.5
2018-10-19,102.0,105.0,100.7,104.15,4358129.0,449525881.85
2018-10-22,105.0,105.9,102.4,104.15,3882271.0,405222277.3
2018-10-23,103.25,104.9,102.4,103.7,3167151.0,328174265.35
2018-10-24,105.0,109.0,104.1,108.1,5854685.0,621523718.6
2018-10-25,107.45,109.95,105.55,107.0,16560289.0,1777429189.7
2018-10-26,107.05,107.6,103.7,107.0,4609062.0,489215097.05
2018-10-29,107.3,114.3,106.05,112.9,8007296.0,895154700.35
2018-10-30,112.45,114.65,110.6,111.55,5550197.0,623462613.0
2018-10-31,111.7,117.0,110.55,116.4,5767495.0,658226703.7
2018-11-01,117.0,120.75,115.0,117.75,6316538.0,742895662.3
2018-11-02,119.2,120.5,117.75,118.75,5741716.0,683758974.5
2018-11-05,117.95,118.6,114.8,117.0,6157709.0,716790107.6
2018-11-06,116.6,121.5,116.3,118.35,14496298.0,1731432868.75
2018-11-07,119.05,119.55,118.6,119.1,584839.0,69639317.25
2018-11-09,118.95,124.8,117.55,123.8,9419857.0,1148123673.7
2018-11-12,124.85,127.1,121.75,122.45,7603062.0,940753067.5
2018-11-13,121.0,125.9,120.8,124.2,5557713.0,686739742.7
2018-11-14,124.9,126.6,123.6,124.9,5008520.0,626945100.05
2018-11-15,124.9,126.95,122.55,126.25,5527616.0,693246156.0
2018-11-16,126.5,126.9,118.2,121.05,6508004.0,797885534.6
2018-11-19,119.4,125.25,118.2,124.45,7785564.0,950997609.05
2018-11-20,123.45,126.45,121.65,122.9,6567351.0,814889469.9
2018-11-21,122.9,125.5,121.8,124.7,4050578.0,503067806.0
2018-11-22,125.0,125.05,120.6,121.0,5111546.0,624102190.2
2018-11-26,121.0,123.6,120.5,122.45,4473673.0,546541423.9
2018-11-27,122.0,125.0,120.5,122.0,4917977.0,602029447.0
2018-11-28,121.2,122.8,108.85,110.85,13019333.0,1483998035.85
2018-11-29,111.0,113.25,104.25,106.15,23988983.0,2573155238.1
2018-11-30,107.4,108.15,99.25,99.9,22056559.0,2258644245.2
2018-12-03,101.25,109.85,100.5,105.65,20952231.0,2221504728.8
2018-12-04,105.25,107.65,103.2,106.55,12635461.0,1335763498.2
2018-12-05,106.25,108.75,103.5,105.05,15496939.0,1640871611.15
2018-12-06,106.0,106.55,103.0,103.85,10194067.0,1068495156.9
2018-12-07,104.05,106.3,102.6,104.65,13517081.0,1412935166.95
2018-12-10,101.85,102.7,98.75,100.35,22041595.0,2209471479.1
2018-12-11,99.25,104.5,99.2,102.65,13553038.0,1388742799.85
2018-12-12,102.6,104.8,101.3,102.0,14979157.0,1540156970.5
2018-12-13,103.5,105.75,100.65,101.65,14477273.0,1489321561.55
2018-12-14,102.0,105.15,100.7,104.0,13824101.0,1431499735.25
2018-12-17,104.45,107.25,103.95,105.65,9617723.0,1012081678.55
2018-12-18,105.0,108.25,103.5,107.8,11502082.0,1229276492.95
2018-12-19,107.9,109.15,106.35,107.0,7305645.0,784787730.0
2018-12-20,106.6,110.8,106.35,109.85,13532926.0,1479087603.4
2018-12-21,110.5,111.1,107.85,109.4,10814288.0,1182994526.75
2018-12-24,111.0,114.9,108.8,113.75,22456031.0,2525982035.25
2018-12-26,113.6,116.3,110.8,115.7,13271858.0,1519984618.0
2018-12-27,115.5,119.15,114.15,116.2,34732410.0,4055715347.0
2018-12-28,116.8,123.0,116.75,122.0,12409216.0,1491568105.9
2018-12-31,123.0,123.8,120.3,122.15,8343680.0,1015653242.0
2019-01-01,121.55,122.2,120.15,120.65,5399911.0,652533570.95
2019-01-02,120.0,121.85,118.65,119.05,6262554.0,752598175.05
2019-01-03,118.9,122.95,118.8,121.35,7461463.0,908401400.65
2019-01-04,122.0,122.8,119.8,121.55,5223952.0,634342384.0
2019-01-07,122.45,123.2,118.7,119.9,8751596.0,1054432830.1
2019-01-08,120.4,122.0,120.0,121.6,3866697.0,468322736.8
2019-01-09,121.9,122.3,119.2,120.85,5166948.0,622906986.75
2019-01-10,121.0,124.65,120.85,122.85,9190816.0,1129900671.85
2019-01-11,122.85,124.95,122.2,124.55,7779678.0,962446240.9
2019-01-14,124.0,125.45,123.05,124.55,5978255.0,744752802.1
2019-01-15,125.0,126.5,124.65,126.05,5321761.0,669684041.85
2019-01-16,125.9,127.25,124.8,125.45,4827699.0,608841324.65
2019-01-17,125.95,129.65,125.8,128.35,11252224.0,1445393067.0
2019-01-18,128.4,129.3,125.25,126.15,6614737.0,839112556.35
2019-01-21,127.4,127.4,122.3,122.75,5024748.0,623610213.1
2019-01-22,122.5,123.95,120.3,122.95,4506861.0,551547019.9
2019-01-23,123.3,125.5,120.55,120.95,5113723.0,626787264.25
2019-01-24,121.1,123.1,121.0,122.5,3932407.0,480009914.2
2019-01-25,122.9,123.7,119.3,120.7,5955399.0,723043475.5
2019-01-28,121.0,121.3,117.7,118.95,3490410.0,416026905.95
2019-01-29,118.9,124.7,118.6,123.15,8381704.0,1028490314.35
2019-01-30,123.5,126.0,122.6,125.3,11103647.0,1382785629.95
2019-01-31,125.8,126.65,122.8,124.7,14208737.0,1771397145.65
2019-02-01,124.4,125.9,122.3,125.05,3450556.0,429115624.7
2019-02-04,124.4,124.4,120.05,121.3,3359965.0,409532277.0
2019-02-05,120.6,122.05,116.25,116.8,4113831.0,488504019.3
2019-02-06,115.6,120.6,115.55,119.1,6609715.0,781117814.55
2019-02-07,119.8,125.85,119.4,125.1,6387568.0,789091033.3
2019-02-08,124.0,125.6,117.6,119.15,8007725.0,967599073.0
2019-02-11,119.35,120.5,116.55,119.2,5133323.0,608846177.65
2019-02-12,119.2,123.0,119.2,122.05,5270857.0,640540610.55
2019-02-13,121.75,124.4,118.5,120.1,5201789.0,636447808.2
2019-02-14,119.25,124.0,116.55,120.45,8899637.0,1058780650.75
2019-02-15,120.25,123.95,117.7,122.85,11474326.0,1392804842.85
2019-02-18,123.0,125.85,118.5,119.7,8670159.0,1061979858.2
2019-02-19,120.0,126.1,119.8,124.75,8498449.0,1055496281.2
2019-02-20,125.0,128.9,124.5,127.75,7707975.0,975528350.1
2019-02-21,127.7,130.3,126.75,128.35,8485280.0,1089598930.15
2019-02-22,128.45,133.8,128.45,133.15,9709040.0,1281871310.3
2019-02-25,134.0,135.6,130.85,132.35,10047885.0,1334512678.0
2019-02-26,130.0,134.9,130.0,134.35,9478660.0,1259176036.2
2019-02-27,134.9,137.05,132.65,134.15,8912184.0,1202378372.05
2019-02-28,135.0,137.4,132.3,136.35,28165129.0,3823662490.7
2019-03-01,138.35,138.4,136.3,137.3,7621163.0,1046061733.45
2019-03-05,136.5,144.9,136.3,144.0,14484973.0,2055974502.9
2019-03-06,146.4,146.9,142.2,143.65,10040397.0,1449038925.55
2019-03-07,147.0,147.0,143.25,144.7,10116937.0,1461916498.4
2019-03-08,144.4,144.7,139.65,142.9,15464637.0,2193319929.7
2019-03-11,132.9,134.9,131.3,134.25,19400675.0,2585493658.4
2019-03-12,135.0,137.1,132.65,133.4,7444757.0,1002912196.75
2019-03-13,133.0,135.6,130.7,134.7,10100689.0,1346083556.35
2019-03-14,135.0,138.2,133.9,137.65,9868016.0,1346842270.1
2019-03-15,137.8,146.3,137.4,144.95,25902293.0,3706531123.9
2019-03-18,144.25,146.7,143.2,145.45,6946678.0,1007199323.45
2019-03-19,145.95,150.4,144.6,148.4,11007785.0,1633945216.9
2019-03-20,149.15,150.0,144.2,144.9,8187041.0,1202819071.0
2019-03-22,140.0,142.8,139.8,140.95,9178179.0,1295127393.15
2019-03-25,140.8,156.95,139.2,155.4,64927173.0,9888922041.5
2019-03-26,156.0,159.9,151.5,152.7,58732170.0,9155072818.8
2019-03-27,151.45,152.25,148.6,149.2,13682670.0,2057180949.5
2019-03-28,149.75,151.25,146.85,149.25,16600302.0,2470007866.15
2019-03-29,150.65,153.4,148.5,152.9,26977082.0,4091208444.5
2019-04-01,153.0,153.1,144.55,145.45,13190662.0,1944112129.15
2019-04-02,146.9,149.6,143.65,147.35,14322373.0,2108462705.85
2019-04-03,148.1,152.25,147.85,151.0,10733277.0,1618242594.25
2019-04-04,151.75,152.7,149.35,151.4,8045926.0,1214935091.45
2019-04-05,151.2,154.75,151.2,154.3,6249821.0,959453931.45
2019-04-08,154.3,155.25,149.1,150.3,5875446.0,891282343.7
2019-04-09,151.0,153.8,149.6,153.5,5298929.0,804578808.6
2019-04-10,153.4,153.5,149.7,150.55,5331995.0,806070966.5
2019-04-11,150.85,152.55,149.5,151.6,4661508.0,704336096.5
2019-04-12,152.55,155.7,151.75,155.15,7487734.0,1155488354.6
2019-04-15,155.15,155.9,152.55,152.9,3017888.0,463613743.05
2019-04-16,153.9,154.0,149.2,150.45,4425137.0,670020755.6
2019-04-18,151.4,154.7,150.75,153.2,7922700.0,1214281693.9
2019-04-22,152.4,152.4,146.6,147.6,3188348.0,473582465.55
2019-04-23,148.8,149.5,145.55,147.2,3375215.0,497877428.05
2019-04-24,148.0,151.7,146.95,150.7,6125840.0,915463208.85
2019-04-25,151.4,154.0,148.6,149.3,12022338.0,1813240665.9
2019-04-26,150.15,150.4,143.3,145.95,7939488.0,1157419713.2
2019-04-30,146.5,147.9,143.65,147.55,4595808.0,674103711.35
2019-05-02,147.9,147.9,142.9,144.6,4868424.0,704557542.65
2019-05-03,145.75,145.75,142.15,142.5,3810837.0,545825192.7
2019-05-06,141.25,143.5,140.5,141.85,4137251.0,587655764.8
2019-05-07,143.2,143.2,139.25,139.7,3360716.0,472888188.75
2019-05-08,138.95,140.55,136.85,137.65,3208494.0,444902412.05
2019-05-09,137.25,138.7,135.5,136.65,4067234.0,557122967.2
2019-05-10,136.65,137.55,134.6,136.2,4572677.0,623178824.7
2019-05-13,136.0,137.25,134.4,134.75,2458354.0,333448372.3
2019-05-14,134.5,136.8,132.6,135.3,6506773.0,873716340.15
2019-05-15,136.55,136.55,133.1,135.35,4091790.0,552195598.0
2019-05-16,135.1,136.4,134.2,135.55,2915642.0,394563321.4
2019-05-17,136.5,136.7,132.9,136.3,3617674.0,487968517.05
2019-05-20,140.0,146.8,139.3,145.55,4710813.0,680258955.45
2019-05-21,146.4,146.4,138.75,140.35,4551279.0,641900460.0
2019-05-22,140.35,142.7,138.2,141.8,2564834.0,360705839.55
2019-05-23,143.75,150.0,142.0,142.9,6212337.0,910374215.55
2019-05-24,143.75,145.3,141.9,144.4,3041764.0,437515146.05
2019-05-27,145.55,149.0,142.55,147.15,6009047.0,875719779.45
2019-05-28,147.1,148.8,143.3,144.15,5650032.0,815949138.3
2019-05-29,144.2,146.95,142.4,145.15,5130113.0,743567804.9
2019-05-30,145.15,146.55,142.2,143.7,8790817.0,1264149196.0
2019-05-31,144.0,145.45,139.4,144.55,8028254.0,1151577406.5
2019-06-03,144.85,146.0,143.85,145.25,4819873.0,699028066.85
2019-06-04,145.2,151.2,144.95,148.65,8024933.0,1197052666.55
2019-06-06,148.6,152.75,148.1,149.25,9741519.0,1464903624.25
2019-06-07,149.65,152.75,147.2,151.7,6691236.0,1011447844.2
2019-06-10,153.35,154.5,151.15,152.55,5461592.0,834461296.1
2019-06-11,153.0,156.5,150.45,155.85,5483003.0,844083614.3
2019-06-12,155.5,157.35,152.85,153.8,7028373.0,1087410298.2
2019-06-13,153.7,155.9,152.1,155.35,3905523.0,602616978.55
2019-06-14,155.0,157.85,154.75,156.65,5061265.0,792875702.25
2019-06-17,156.8,156.8,151.3,151.95,3925566.0,599867925.95
2019-06-18,152.95,156.0,151.8,154.5,3625768.0,560126893.3
2019-06-19,154.9,157.3,153.55,155.2,3274071.0,509276469.3
2019-06-20,155.3,157.05,152.65,156.2,3109998.0,483225977.75
2019-06-21,155.0,156.35,153.5,154.6,5129981.0,794281244.85
2019-06-24,153.4,156.7,153.4,155.8,3678181.0,571900968.1
2019-06-25,155.4,162.4,155.35,160.9,12070135.0,1937565655.2
2019-06-26,160.0,164.8,160.0,164.0,7629372.0,1242339763.85
2019-06-27,164.4,166.5,162.05,163.0,10997517.0,1797166733.65
2019-06-28,163.05,167.8,162.85,164.8,6459486.0,1073053701.3
2019-07-01,165.0,166.35,160.75,162.2,4052594.0,659569665.0
2019-07-02,162.4,166.2,160.5,165.2,5787485.0,944195530.5
2019-07-03,164.0,168.3,164.0,167.5,6497487.0,1081858051.95
2019-07-04,167.9,169.55,166.05,167.4,2860446.0,480015067.75
2019-07-05,167.4,169.55,165.7,166.65,3435301.0,575470199.5
2019-07-08,165.8,165.8,157.7,160.45,5002925.0,805169989.55
2019-07-09,152.35,152.35,134.6,137.3,33490923.0,4726331527.65
2019-07-10,139.15,144.75,138.5,143.1,24000442.0,3417204010.35
2019-07-11,143.65,146.95,138.2,144.95,31009132.0,4389062514.65
2019-07-12,144.35,151.7,142.55,148.8,61235086.0,9023379223.15
2019-07-15,150.3,151.8,148.35,149.75,6426815.0,962696545.2
2019-07-16,149.75,155.2,149.5,154.15,7202594.0,1106862716.0
2019-07-17,154.15,155.05,151.6,153.45,7468255.0,1143842489.4
2019-07-18,153.5,153.6,144.3,147.6,11529000.0,1705223273.85
2019-07-19,149.0,150.0,145.9,147.65,8975904.0,1326010603.25
2019-07-22,147.65,150.15,142.75,149.6,8392223.0,1233244712.85
2019-07-23,149.75,151.4,146.0,147.5,5824712.0,865749127.6
2019-07-24,148.0,148.5,142.4,142.9,5725154.0,826809445.3
2019-07-25,143.9,146.95,143.2,146.5,5843831.0,849893183.8
2019-07-26,145.5,147.95,141.2,142.0,5110491.0,734701832.4
2019-07-29,142.0,143.85,139.6,141.25,3502331.0,496633848.15
2019-07-30,142.0,142.4,134.65,135.3,4237784.0,584624399.65
2019-07-31,134.05,141.7,134.05,140.25,5101379.0,711833245.7
2019-08-01,139.8,141.0,134.1,136.3,4328253.0,591463251.9
2019-08-02,135.0,137.1,131.9,134.55,7980737.0,1074087280.8
2019-08-05,133.2,136.7,128.7,133.6,6921347.0,919086838.1
2019-08-06,132.8,139.8,132.3,138.45,5676840.0,776624732.15
2019-08-07,137.5,141.15,134.85,135.95,7354861.0,1009669488.95
2019-08-08,136.45,141.6,136.45,141.0,6628700.0,922858780.95
2019-08-09,141.85,145.3,141.65,143.1,5171049.0,743072875.0
2019-08-13,143.7,146.0,139.95,140.8,5468612.0,779949175.45
2019-08-14,141.5,144.95,140.15,144.15,5056475.0,726237331.5
2019-08-16,144.0,148.95,143.2,148.2,6076411.0,891682620.5
2019-08-19,149.05,149.7,146.7,147.05,5441036.0,805283396.85
2019-08-20,148.2,148.2,144.35,144.95,5459433.0,795260146.95
2019-08-21,144.9,144.9,140.9,141.95,7366513.0,1049839128.7
2019-08-22,141.95,141.95,137.25,138.55,4114355.0,573119174.9
2019-08-23,138.25,143.65,135.7,141.95,4987918.0,699448887.9
2019-08-26,144.1,144.85,137.7,143.0,5039501.0,708235801.65
2019-08-27,143.55,146.1,143.55,145.1,4525322.0,656814611.05
2019-08-28,145.1,145.8,140.15,140.9,3285159.0,467132924.8
2019-08-29,139.85,140.4,136.75,138.8,2391404.0,332004326.15
2019-08-30,139.45,145.0,138.3,144.25,6435044.0,913280030.9
2019-09-03,142.85,144.4,139.2,139.8,3759057.0,532857123.7
2019-09-04,140.4,145.4,138.0,144.9,5701874.0,811989004.75
2019-09-05,144.9,146.5,141.55,142.6,5038946.0,723875167.3
2019-09-06,145.1,151.45,144.45,150.65,11712331.0,1740312895.05
2019-09-09,151.55,151.7,148.75,150.75,6995425.0,1051741285.45
2019-09-11,149.75,152.0,147.5,149.1,7710146.0,1153744970.65
2019-09-12,148.0,149.55,147.1,147.7,4657151.0,689884450.3
2019-09-13,148.9,149.35,144.05,147.0,7486417.0,1093116347.55
2019-09-16,145.1,147.8,142.4,143.25,5083920.0,734797688.35
2019-09-17,143.25,143.45,136.2,136.7,6218961.0,867582040.05
2019-09-18,137.6,138.0,130.9,132.25,8945420.0,1194700225.8
2019-09-19,131.8,131.95,124.75,125.95,13026567.0,1656099764.45
2019-09-20,126.4,132.4,123.65,129.05,16066952.0,2072156766.2
2019-09-23,131.5,132.5,124.55,131.45,11295651.0,1457916917.15
2019-09-24,132.5,132.55,127.25,129.05,5714711.0,739315634.7
2019-09-25,129.05,130.5,125.8,126.9,4625664.0,593045204.2
2019-09-26,126.8,129.65,125.5,128.6,5651057.0,720677852.2
2019-09-27,128.0,128.4,124.1,126.25,6559075.0,825070242.65
2019-09-30,125.1,125.8,121.9,123.15,5750775.0,709638582.1
2019-10-01,123.4,125.65,121.1,123.6,6546324.0,809759906.2
2019-10-03,122.75,125.65,121.75,124.85,5111048.0,633347122.9
2019-10-04,125.5,127.45,123.05,124.95,6753946.0,846422591.85
2019-10-07,124.95,125.3,122.45,122.8,4555743.0,564554778.25
2019-10-09,122.8,125.85,119.45,124.95,6408847.0,789360086.5
2019-10-10,124.3,127.9,123.8,126.05,6306076.0,797189759.75
2019-10-11,125.4,126.15,122.05,123.05,6669197.0,823520654.3
2019-10-14,124.55,127.5,123.7,124.95,3830911.0,481825367.35
2019-10-15,125.6,125.6,122.7,123.25,3752106.0,464078937.15
2019-10-16,123.45,125.75,122.75,125.45,5558662.0,690789138.85
2019-10-17,124.25,125.9,122.35,124.5,4543796.0,562417429.65
2019-10-18,125.0,131.0,124.55,130.5,9043937.0,1158624601.6
2019-10-22,130.3,135.4,129.15,133.8,7063244.0,945386512.75
2019-10-23,133.8,138.2,130.9,137.2,6202064.0,844678812.2
2019-10-24,137.5,138.0,133.25,134.2,3040704.0,411095919.85
2019-10-25,134.6,136.8,132.8,136.35,2623464.0,354459346.6
2019-10-27,136.1,137.25,135.1,135.85,296202.0,40302524.9
2019-10-29,135.1,137.9,134.0,136.3,4521041.0,615622886.3
2019-10-30,136.45,140.5,134.65,137.4,7380449.0,1016047202.65
2019-10-31,138.05,140.35,137.55,139.8,5358928.0,746585733.65
2019-11-01,139.8,142.1,139.15,141.6,4939303.0,696831088.75
2019-11-04,141.6,142.95,139.35,140.9,3554863.0,502510552.4
2019-11-05,140.8,141.8,136.15,137.4,4295472.0,595255844.75
2019-11-06,135.8,139.0,134.4,137.7,3709150.0,509249076.35
2019-11-07,138.95,144.0,138.0,142.8,7850944.0,1114703505.8
2019-11-08,142.5,143.0,138.45,138.75,5053187.0,710121947.4
2019-11-11,138.25,141.1,137.4,140.5,2690183.0,376290436.65
2019-11-13,140.75,141.8,137.65,137.95,3406565.0,474539110.3
2019-11-14,138.0,138.0,133.5,135.1,5946131.0,804023741.4
2019-11-15,135.2,136.25,133.1,134.05,3942881.0,530225985.0
2019-11-18,134.3,142.65,133.1,140.35,7612710.0,1061430890.4
2019-11-19,141.1,143.6,140.0,142.95,5012674.0,710557343.2
2019-11-20,143.95,146.7,143.15,145.0,7221890.0,1046312155.3
2019-11-21,144.7,144.7,137.9,138.45,4595307.0,645198392.85
2019-11-22,138.7,141.7,138.15,139.7,3490116.0,487853708.9
2019-11-25,139.55,141.6,138.5,139.4,2938663.0,411534150.45
2019-11-26,139.4,140.2,137.15,137.95,4302301.0,595747767.8
2019-11-27,138.1,138.4,134.25,136.1,3682607.0,498852916.9
2019-11-28,135.9,139.0,134.75,138.5,2700359.0,370495858.9
2019-11-29,137.5,139.0,136.55,137.9,3791575.0,522114460.25
2019-12-02,137.95,138.85,136.0,137.9,2797678.0,385237271.55
2019-12-03,136.6,137.35,130.25,130.75,5382729.0,714838467.75
2019-12-04,129.6,133.65,129.05,133.1,3523002.0,465051819.1
2019-12-05,133.25,136.0,132.65,134.15,3283724.0,441686948.6
2019-12-06,134.0,135.15,127.85,129.0,5094575.0,662608890.05
2019-12-09,129.6,131.7,128.3,129.7,2312581.0,301294955.9
2019-12-10,129.65,132.3,129.0,129.4,5766776.0,752298144.75
2019-12-11,130.15,133.95,129.7,133.6,3732968.0,495779380.75
2019-12-12,133.8,135.85,132.3,135.0,3677242.0,492703725.65
2019-12-13,135.1,136.8,134.15,136.15,2992534.0,405889645.3
2019-12-16,136.05,137.25,135.0,135.95,2008524.0,273409180.6
2019-12-17,136.2,138.5,135.05,138.0,2909019.0,399296447.2
2019-12-18,138.25,138.6,135.65,136.85,1840432.0,252357098.9
2019-12-19,136.95,138.75,136.05,137.4,1614360.0,222164957.05
2019-12-20,137.0,137.9,135.6,137.25,2334055.0,319547818.7
2019-12-23,136.3,138.5,135.5,136.45,2426529.0,332166444.95
2019-12-24,136.3,137.9,136.0,137.35,1914327.0,262269721.5
2019-12-26,137.2,139.0,136.6,138.45,1658195.0,229017099.1
2019-12-27,138.75,142.75,138.65,141.55,5039694.0,714057424.3
2019-12-30,141.5,142.05,140.0,141.25,1466061.0,206741569.85
2019-12-31,140.55,144.7,140.2,143.1,3578113.0,512315003.6
2020-01-01,143.3,144.3,141.55,143.95,2167762.0,310701193.35
2020-01-02,143.95,145.9,143.5,145.45,2583542.0,374250691.8
2020-01-03,145.0,145.95,142.3,143.0,2935857.0,423450111.4
2020-01-06,142.0,143.45,137.85,138.9,2792187.0,390494985.95
2020-01-07,140.1,143.9,138.7,140.75,4001830.0,564907279.55
2020-01-08,139.1,140.5,136.7,138.6,2563520.0,354686558.85
2020-01-09,139.85,143.05,139.85,142.45,2482089.0,352323123.85
2020-01-10,143.0,144.65,141.45,142.25,3576906.0,512766915.0
2020-01-13,143.05,144.4,141.6,143.4,4004187.0,574296579.65
2020-01-14,144.0,144.35,141.65,142.25,3155584.0,449786793.45
2020-01-15,142.0,143.0,138.95,142.4,4511802.0,636312222.75
2020-01-16,142.45,143.5,139.35,141.05,3325574.0,468754615.3
2020-01-17,140.85,142.0,139.35,141.0,2451173.0,344884830.75
2020-01-20,140.8,140.8,136.7,137.2,3292453.0,455642163.4
2020-01-21,136.0,138.0,134.05,134.4,3093908.0,419455037.4
2020-01-22,135.4,136.2,129.7,135.6,7072357.0,945805569.7
2020-01-23,135.8,139.8,135.0,138.9,4489040.0,621405105.45
2020-01-24,139.0,142.5,138.1,141.45,4240695.0,596745351.85
2020-01-27,140.85,146.2,140.6,144.1,5315986.0,767491280.15
2020-01-28,144.2,146.2,141.4,144.95,5133891.0,741946571.15
2020-01-29,145.2,147.9,144.95,147.05,5045914.0,740894865.75
2020-01-30,147.6,148.8,145.65,148.0,5141952.0,758411281.15
2020-01-31,149.0,149.3,142.35,143.7,7038131.0,1016770003.55
2020-02-01,143.5,144.45,138.75,139.45,2519458.0,357700043.5
2020-02-03,139.15,140.9,136.1,137.8,4675718.0,644711280.35
2020-02-04,138.3,142.8,138.3,142.25,4438540.0,623551436.3
2020-02-05,147.4,153.5,143.2,150.95,21946001.0,3261409811.5
2020-02-06,152.45,153.45,150.1,152.7,10317632.0,1567696246.45
2020-02-07,153.5,155.5,151.3,155.05,6383289.0,983983766.95
2020-02-10,156.0,156.5,151.6,153.85,11649905.0,1796304076.5
2020-02-11,143.35,145.5,141.25,141.9,10446716.0,1492237388.6
2020-02-12,141.45,142.75,138.55,141.9,8401358.0,1182035125.6
2020-02-13,141.55,142.3,139.9,140.7,2981828.0,420153480.35
2020-02-14,141.0,143.85,139.0,139.65,4201941.0,595427219.95
2020-02-17,139.85,141.3,137.7,138.1,2521778.0,351508417.25
2020-02-18,137.7,137.7,134.1,136.95,3213852.0,436969792.95
2020-02-19,137.35,138.75,136.3,137.2,2009183.0,276264549.55
2020-02-20,136.9,141.4,136.25,139.95,3709506.0,518038158.9
2020-02-24,138.35,141.05,135.9,136.2,3343427.0,463527983.85
2020-02-25,136.5,137.0,133.3,133.85,2649744.0,356669726.95
2020-02-26,132.5,133.75,129.3,129.75,3882682.0,510607048.95
2020-02-27,129.75,130.35,125.45,126.3,4367685.0,557484722.85
2020-02-28,123.5,123.6,116.7,117.8,9759707.0,1162932629.25
2020-03-02,120.95,124.6,116.1,117.75,7721326.0,938407475.9
2020-03-03,119.7,121.4,116.45,119.75,7462420.0,889853577.25
2020-03-04,120.65,120.65,115.1,117.35,6385935.0,749365427.45
2020-03-05,118.0,121.2,117.35,118.35,7267568.0,865049902.4
2020-03-06,115.5,117.3,113.0,115.3,6172027.0,712114494.45
2020-03-09,113.2,113.5,106.1,107.6,4759561.0,519912631.65
2020-03-11,107.6,109.3,104.3,104.85,5174471.0,552069552.1
2020-03-12,100.0,100.0,91.25,93.1,14909257.0,1396918742.15
2020-03-13,85.6,101.6,84.0,100.85,11772993.0,1121610356.65
2020-03-16,96.0,98.85,93.85,94.65,5774507.0,554234263.6
2020-03-17,94.85,99.75,92.15,93.0,6008597.0,576064059.1
2020-03-18,93.75,97.8,91.75,95.9,9063674.0,860941876.55
2020-03-19,91.9,93.25,83.4,89.2,12167458.0,1085249431.05
2020-03-20,89.75,95.2,88.9,91.65,12660932.0,1166062946.35
2020-03-23,86.0,100.65,80.45,81.15,5674403.0,471995197.25
2020-03-24,82.05,84.9,79.0,81.45,7461068.0,608478477.65
2020-03-25,81.5,85.75,79.65,83.9,6726192.0,558477486.65
2020-03-26,84.5,90.3,78.75,87.75,12980491.0,1098645403.15
2020-03-27,89.6,92.6,84.0,85.0,7318439.0,638745318.1
2020-03-30,83.0,87.65,80.65,85.05,5519052.0,469262484.8
2020-03-31,87.0,90.05,85.35,88.75,7419218.0,655656621.05
2020-04-01,88.5,91.2,86.1,86.95,4181588.0,369226527.5
2020-04-03,88.2,88.2,84.65,85.05,3514917.0,302111638.55
2020-04-07,88.0,88.4,84.5,87.0,6607394.0,570913170.8
2020-04-08,87.0,91.65,86.05,87.6,8505137.0,752123517.8
2020-04-09,88.8,90.2,87.05,89.0,6519764.0,576524771.15
2020-04-13,89.0,90.2,85.6,87.9,5007470.0,437990637.1
2020-04-15,89.2,93.45,87.7,90.35,7956615.0,724017661.65
2020-04-16,89.25,92.1,88.15,91.0,4769706.0,432708609.95
2020-04-17,93.5,99.0,92.5,95.5,9916819.0,949079068.05
2020-04-20,96.9,98.15,93.6,94.5,6325077.0,606477418.15
2020-04-21,92.5,92.85,89.55,91.45,4756372.0,432694326.55
2020-04-22,91.0,91.15,89.0,90.35,5305129.0,477129928.1
2020-04-23,91.0,93.65,90.5,91.85,4163394.0,384567994.15
2020-04-24,90.65,93.4,89.1,89.35,6035521.0,546498201.55
2020-04-27,90.35,91.05,88.35,88.8,5469961.0,488205592.05
2020-04-28,89.9,90.3,88.8,89.1,4255540.0,380665887.95
2020-04-29,91.0,94.3,90.25,93.25,9965088.0,927340031.0
2020-04-30,94.65,96.25,93.25,95.55,8638236.0,822796895.2
2020-05-04,92.95,92.95,89.0,90.05,12501967.0,1129086380.75
2020-05-05,90.95,92.35,89.75,90.15,4627874.0,419978731.8
2020-05-06,90.3,91.75,88.5,91.5,7115819.0,643940707.9
2020-05-07,90.6,92.85,90.15,91.6,5730943.0,526096733.85
2020-05-08,92.8,92.8,86.9,87.55,5690612.0,506924601.6
2020-05-11,88.9,91.6,88.05,89.15,6265514.0,563391626.0
2020-05-12,88.5,90.55,87.25,89.45,7238441.0,643080235.45
2020-05-13,93.5,102.5,91.9,100.6,27687572.0,2734676284.3
2020-05-14,101.0,104.8,98.05,99.85,28165688.0,2824177897.9
2020-05-15,99.65,102.35,97.3,97.9,10401039.0,1035267373.35
2020-05-18,98.0,98.55,90.0,90.55,10856572.0,1004545773.8
2020-05-19,92.35,92.95,86.9,87.35,9640895.0,857356253.8
2020-05-20,87.75,88.8,86.7,87.6,4667708.0,410263904.85
2020-05-21,88.0,89.15,87.4,88.75,5156147.0,456105068.4
2020-05-22,88.7,89.3,85.5,85.9,7375680.0,641500316.55
2020-05-26,85.05,86.35,83.65,84.2,6193573.0,523428827.15
2020-05-27,85.0,86.6,84.15,86.25,6261881.0,535639711.85
2020-05-28,86.85,88.95,85.5,87.9,6795100.0,597483092.95
2020-05-29,87.0,91.6,86.35,88.55,15130918.0,1347328687.65
2020-06-01,90.5,95.15,89.8,93.85,8554668.0,798804515.3
2020-06-02,93.8,96.15,93.1,94.3,4887903.0,462221573.55
2020-06-03,95.4,97.5,93.0,93.4,7486166.0,713915632.7
2020-06-04,94.0,95.75,92.45,93.5,5281419.0,497384279.55
2020-06-05,94.05,102.0,94.05,99.8,16205495.0,1609868746.35
2020-06-08,101.45,104.4,99.4,101.35,11178605.0,1137082149.05
2020-06-09,101.95,102.65,96.1,96.8,26992337.0,2724948786.6
2020-06-10,98.8,101.5,97.6,100.9,15089058.0,1501636541.95
2020-06-11,101.0,106.2,99.7,101.8,15414298.0,1589569179.5
2020-06-12,96.15,107.0,96.0,106.05,17032691.0,1755794857.2
2020-06-15,105.9,107.6,103.7,104.7,9470133.0,995353169.05
2020-06-16,106.4,110.45,105.8,107.45,19734264.0,2132786706.15
2020-06-17,107.4,109.75,105.5,106.05,15811054.0,1701723513.7
2020-06-18,104.0,107.9,102.15,107.2,15667389.0,1640462800.6
2020-06-19,107.2,108.7,103.8,106.6,16150656.0,1710851475.0
2020-06-22,107.5,115.9,107.35,114.4,20498067.0,2302508017.7
2020-06-23,116.6,116.6,111.9,112.5,8947414.0,1018852600.9
2020-06-24,112.9,115.5,111.0,112.9,6768585.0,766524212.9
2020-06-25,112.75,117.4,112.25,114.55,8955935.0,1031209403.85
2020-06-26,115.4,116.0,112.1,112.65,5213901.0,595196227.45
2020-06-29,112.65,112.85,108.0,109.7,7217990.0,790460400.5
2020-06-30,110.85,112.05,107.55,108.1,5647398.0,619701540.2
2020-07-01,108.0,109.75,106.6,108.6,7352264.0,795508201.25
2020-07-02,109.55,109.95,107.7,108.55,5529597.0,600197331.35
2020-07-03,109.1,110.15,107.5,108.3,4514898.0,489061732.0
2020-07-06,108.95,112.4,108.7,111.6,5835248.0,646024201.75
2020-07-07,112.05,112.35,108.0,108.45,6360512.0,694650749.75
2020-07-08,109.2,110.75,107.2,107.75,6885386.0,747763305.1
2020-07-09,108.8,108.8,105.8,106.7,4571841.0,489165887.6
2020-07-10,107.1,107.5,104.1,104.75,4497891.0,473304292.95
2020-07-13,105.25,105.6,103.0,104.5,4253805.0,442331040.8
2020-07-14,104.0,104.8,102.3,103.3,4686997.0,484002260.8
2020-07-15,103.7,105.1,101.05,101.55,3848634.0,397482947.1
2020-07-16,102.6,103.75,99.8,103.1,4256609.0,434833775.95
2020-07-17,103.2,104.9,102.4,104.6,3734332.0,387373402.8
2020-07-20,105.0,107.6,104.65,105.85,4742605.0,504963087.9
2020-07-21,106.0,109.0,104.35,108.3,8156213.0,871007112.35
2020-07-22,109.05,110.25,106.55,107.65,8700523.0,944948174.55
2020-07-23,108.0,108.9,106.75,107.65,3959738.0,426330493.55
2020-07-24,107.5,107.9,104.3,106.45,5434296.0,575476116.05
2020-07-27,106.0,106.65,100.45,100.85,9863362.0,1016305117.75
2020-07-28,101.0,102.4,99.8,100.3,6068166.0,610640432.05
2020-07-29,100.0,105.2,98.5,102.55,13171168.0,1351417046.4
2020-07-30,103.1,103.9,100.4,100.9,5544295.0,564357093.9
2020-07-31,101.55,102.35,99.65,100.15,4753220.0,477618526.55
2020-08-03,100.65,102.65,99.35,100.45,5229285.0,528904167.55
2020-08-04,101.0,101.65,99.95,100.2,3889049.0,391204262.55
2020-08-05,101.45,102.85,100.6,101.45,6741553.0,685757291.0
2020-08-06,102.25,107.8,101.5,106.7,17200085.0,1816419127.75
2020-08-07,107.35,108.7,103.4,105.75,11870721.0,1260965013.85
2020-08-10,111.9,111.9,107.0,108.0,12944097.0,1400548519.65
2020-08-11,108.9,109.0,105.5,105.75,7428387.0,792571233.95
2020-08-12,105.05,109.5,104.6,108.45,11619647.0,1255934027.5
2020-08-13,108.5,111.0,107.15,110.45,9962681.0,1089457396.1
2020-08-14,110.45,111.4,107.55,108.0,7891473.0,866625332.8
2020-08-17,109.45,111.5,107.8,110.5,8144026.0,894013327.05
2020-08-18,110.55,111.3,109.4,110.7,5873081.0,648319349.5
2020-08-19,111.2,115.0,111.2,113.6,16227700.0,1840825149.4
2020-08-20,112.7,116.5,111.45,114.6,16714892.0,1913816201.9
2020-08-21,115.2,115.9,112.35,112.7,6041545.0,689334592.25
2020-08-24,113.0,113.75,110.8,111.2,4119913.0,460721505.1
2020-08-25,111.5,113.95,111.1,112.8,8606461.0,970450080.05
2020-08-26,113.0,114.7,111.65,112.35,6649526.0,752308256.75
2020-08-27,112.55,113.3,110.5,110.75,4929521.0,549808880.05
2020-08-28,110.3,113.65,109.3,111.55,8963965.0,1004670911.1
2020-08-31,112.9,114.1,105.5,106.15,15269401.0,1660580408.95
2020-09-01,107.45,112.2,107.1,111.4,12526155.0,1385686909.05
2020-09-02,111.4,113.45,109.35,112.6,7650703.0,850342506.25
2020-09-03,111.85,113.9,111.25,112.15,4768452.0,536850870.2
2020-09-04,111.0,111.65,109.0,109.95,10231314.0,1128338824.2
2020-09-07,111.0,111.5,108.1,109.9,11569814.0,1263987250.85
2020-09-08,109.9,110.65,107.2,107.9,3957666.0,432285489.3
2020-09-09,107.5,108.7,104.6,106.45,7516816.0,798398239.2
2020-09-10,107.0,108.55,105.5,107.25,4902917.0,525884900.2
2020-09-11,107.25,108.4,105.85,107.35,4497363.0,481106465.35
2020-09-14,108.9,110.05,106.8,107.25,6595305.0,716342993.3
2020-09-15,107.7,109.4,106.5,108.8,5222829.0,562277118.55
2020-09-16,109.3,110.75,107.9,108.85,6845358.0,746754527.6
2020-09-17,108.45,110.2,108.1,108.65,4491800.0,490096857.25
2020-09-18,109.15,109.25,106.95,108.0,6501583.0,702008865.25
2020-09-21,107.75,107.75,102.0,102.55,4593915.0,479761825.35
2020-09-22,102.55,103.0,99.4,102.1,7649971.0,777680973.65
2020-09-23,102.5,102.95,98.7,100.0,6050977.0,608070556.8
2020-09-24,98.95,99.3,95.0,95.3,5597970.0,540726027.0
2020-09-25,96.4,99.9,96.15,99.05,5221089.0,509135398.8
2020-09-28,99.95,102.75,99.35,102.1,4551842.0,463252294.95
2020-09-29,102.7,102.95,99.85,100.15,5417311.0,547172401.35
2020-09-30,100.6,100.6,98.15,99.1,4189175.0,415366763.55
2020-10-01,99.95,103.1,99.65,102.45,4146210.0,422344656.2
2020-10-05,103.1,103.8,98.5,98.9,8740237.0,877550866.95
2020-10-06,99.4,101.25,98.2,100.3,4901362.0,488635578.8
2020-10-07,100.5,100.6,98.6,99.15,4846386.0,481515113.4
2020-10-08,99.8,101.8,98.45,99.05,11187087.0,1120378077.0
2020-10-09,99.4,100.6,97.55,98.05,5746130.0,567183242.5
2020-10-12,98.5,99.05,95.5,95.8,5837813.0,564666683.65
2020-10-13,96.0,96.3,91.8,92.6,10134327.0,943290763.45
2020-10-14,92.4,95.75,91.95,95.45,8433417.0,793311837.15
2020-10-15,95.4,96.8,93.1,93.45,5398507.0,514264440.45
2020-10-16,93.7,94.85,93.3,94.0,3585816.0,337265764.4
2020-10-19,94.3,96.4,93.6,96.0,3961577.0,376944752.4
2020-10-20,95.8,97.85,94.9,97.45,4519601.0,436669454.35
2020-10-21,97.4,99.85,96.85,99.35,5489554.0,540079982.65
2020-10-22,98.35,101.9,98.2,101.35,7490834.0,750233450.35
2020-10-23,101.2,101.9,99.7,100.35,4390400.0,442638278.0
2020-10-26,100.0,100.85,98.2,98.8,6592410.0,655842426.7
2020-10-27,98.4,102.55,98.1,102.2,8592049.0,861511392.8
2020-10-28,101.8,102.9,100.2,100.8,4846284.0,493240628.35
2020-10-29,99.5,100.95,99.3,100.35,5819030.0,582871667.5
2020-10-30,101.0,105.45,100.6,102.85,12275575.0,1265188398.05
2020-11-02,103.5,104.85,102.2,104.3,5980723.0,619311854.55
2020-11-03,104.9,105.65,103.65,104.8,3714008.0,388657278.4
2020-11-04,105.0,105.3,102.85,104.6,3493846.0,363962688.85
2020-11-05,105.6,109.8,104.85,108.6,8052675.0,863661296.9
2020-11-06,108.8,109.25,106.9,108.15,6290776.0,679845241.75
2020-11-09,110.85,111.7,107.5,109.25,9387466.0,1024349836.45
2020-11-10,110.0,112.3,108.4,111.9,9107418.0,1005877450.55
2020-11-11,112.35,116.9,111.9,116.5,13820026.0,1588207888.25
2020-11-12,116.05,119.45,113.2,118.6,14220369.0,1647837196.95
2020-11-13,114.0,116.0,111.35,115.4,12355460.0,1405558994.35
2020-11-14,115.7,116.0,113.7,114.3,1001214.0,114781869.5
2020-11-17,114.3,115.85,112.05,115.5,7813029.0,891033809.35
2020-11-18,114.5,116.85,114.0,116.3,7432959.0,858381279.15
2020-11-19,115.0,118.0,113.2,114.4,11048655.0,1275694429.1
2020-11-20,114.95,116.25,112.4,113.55,9406001.0,1071163298.1
2020-11-23,113.6,117.0,113.6,115.55,6116541.0,708643640.45
2020-11-24,116.3,117.65,115.35,116.95,6799644.0,792850601.6
2020-11-25,117.5,119.35,115.8,116.85,8286410.0,973758703.35
2020-11-26,117.85,122.55,117.7,121.9,15866770.0,1915086467.1
2020-11-27,122.6,123.6,118.15,121.45,19765061.0,2406076540.85
2020-12-01,121.5,121.95,119.0,120.8,7918092.0,951752203.3
2020-12-02,121.45,122.8,120.25,121.6,5752732.0,700164057.95
2020-12-03,122.2,127.2,122.2,126.45,9086588.0,1139046061.8
2020-12-04,127.55,128.25,125.05,127.25,9129368.0,1157778966.85
2020-12-07,127.25,130.9,126.9,130.4,5258557.0,681513830.9
2020-12-08,130.95,131.75,127.05,127.95,6388091.0,824775942.25
2020-12-09,128.25,138.35,128.25,135.85,20216158.0,2739568581.15
2020-12-10,133.95,133.95,125.5,131.95,17266091.0,2230694113.55
2020-12-11,131.0,137.3,130.7,136.15,10047548.0,1361333956.8
2020-12-14,136.25,140.6,136.0,139.5,9462272.0,1317801111.7
2020-12-15,139.45,142.9,136.7,141.75,10404893.0,1451856319.0
2020-12-16,142.0,143.5,140.6,141.35,6086419.0,865097227.7
2020-12-17,140.8,141.8,137.0,137.75,6428964.0,894326318.45
2020-12-18,137.9,139.0,134.85,137.75,7969366.0,1092434989.8
2020-12-21,136.05,137.75,126.2,129.95,5879141.0,780890271.4
2020-12-22,129.2,131.8,125.3,131.15,7151830.0,922057910.1
2020-12-23,132.45,133.65,129.0,131.95,4255374.0,562624656.75
2020-12-24,132.5,135.6,132.5,133.9,3968612.0,532130008.1
2020-12-28,135.0,136.65,134.35,135.5,3456527.0,469486469.8
2020-12-29,136.15,137.1,133.95,135.15,2664773.0,360321456.85
2020-12-30,135.1,135.45,131.35,132.6,4619727.0,612680488.3
2020-12-31,132.6,135.0,132.0,133.9,4654865.0,622143651.25
2021-01-01,134.0,135.5,134.0,134.7,2172586.0,292582711.75
2021-01-04,136.45,137.7,134.2,137.4,3890544.0,529547327.65
2021-01-05,136.3,139.65,135.7,139.1,5860359.0,805729394.4
2021-01-06,139.55,142.4,138.6,141.05,7154837.0,1005352040.7
2021-01-07,142.5,144.65,141.9,143.05,5184074.0,743400445.0
2021-01-08,144.8,146.2,143.4,144.75,6342470.0,918523629.4
2021-01-11,144.8,145.65,140.8,142.05,5001175.0,712178198.55
2021-01-12,141.2,144.8,141.05,144.4,5831742.0,838047649.85
2021-01-13,145.65,146.0,140.3,143.35,5516287.0,792113510.1
2021-01-14,143.7,145.6,142.0,143.55,3551475.0,511737968.1
2021-01-15,143.5,147.9,143.35,145.4,9143479.0,1334735274.9
2021-01-18,145.0,145.5,139.35,140.9,6558045.0,931566404.65
2021-01-19,140.9,148.0,140.7,147.5,6869319.0,1003633935.75
2021-01-20,147.35,147.4,144.0,146.0,4189222.0,610171335.05
2021-01-21,146.2,148.4,141.7,142.5,4901511.0,709193801.15
2021-01-22,142.8,144.0,138.8,140.1,4113131.0,579424564.0
2021-01-25,142.1,142.85,137.0,137.8,3391888.0,471069567.6
2021-01-27,137.4,139.25,134.05,136.55,6306932.0,861816945.15
2021-01-28,132.15,138.95,132.15,138.2,7415427.0,1007674496.65
2021-01-29,138.15,138.7,131.25,132.5,6065658.0,817083330.3
2021-02-01,134.1,138.9,131.5,137.95,8301047.0,1126274364.1
2021-02-02,139.1,144.45,139.1,143.7,5735905.0,817683624.25
2021-02-03,144.45,149.6,142.25,148.4,7049551.0,1034409474.75
2021-02-04,148.45,152.9,146.6,152.2,9356222.0,1411184370.35
2021-02-05,154.5,155.0,146.55,147.6,7112649.0,1071323093.8
2021-02-08,147.9,149.5,146.7,149.1,3368352.0,499317278.3
2021-02-09,147.65,150.3,145.6,146.55,6252080.0,927349006.7
2021-02-10,146.2,148.65,145.4,146.8,3996999.0,587065737.3
2021-02-11,146.7,147.95,145.5,146.05,1628327.0,238769447.15
2021-02-12,146.9,148.6,145.2,147.3,4556879.0,669736980.3
2021-02-15,148.2,153.9,148.0,152.75,7669917.0,1167513380.8
2021-02-16,153.95,156.3,152.5,153.7,5294198.0,818214606.1
2021-02-17,153.45,155.25,151.15,151.7,4985891.0,764228402.2
2021-02-18,152.0,157.0,151.8,154.15,6647711.0,1029856038.6
2021-02-19,153.95,154.15,143.5,145.7,7603110.0,1122460278.1
2021-02-22,145.35,145.6,138.05,139.5,9830165.0,1390236968.7
2021-02-23,140.0,142.4,138.6,139.65,6858197.0,962992057.0
2021-02-24,139.65,141.65,131.3,138.25,4422985.0,614749284.6
2021-02-25,140.5,144.5,137.2,143.55,14806990.0,2084494418.8
2021-02-26,142.35,142.35,134.4,135.5,10133891.0,1392821074.0
2021-03-01,136.55,139.9,136.3,138.95,4942999.0,683738457.6
2021-03-02,139.6,142.3,138.4,140.0,7893367.0,1105653490.9
2021-03-03,142.8,146.85,140.2,146.25,13740122.0,1972313342.15
2021-03-04,144.75,150.75,144.1,145.75,15038828.0,2215084972.75
2021-03-05,145.95,147.0,141.9,143.05,8731097.0,1265310059.2
2021-03-08,144.45,147.55,143.7,146.45,3511755.0,513492832.4
2021-03-09,147.2,150.3,145.5,147.6,9193007.0,1361609436.45
2021-03-10,148.5,151.8,148.5,151.2,11196096.0,1685169866.35
2021-03-12,151.35,154.45,149.45,151.05,9563229.0,1457339925.65
2021-03-15,151.75,153.35,149.4,152.7,7670275.0,1161661751.5
2021-03-16,153.75,155.45,153.0,154.5,6612160.0,1020653597.8
2021-03-17,154.1,154.5,150.5,151.15,5568882.0,845644969.2
2021-03-18,147.55,148.45,139.8,141.25,8645715.0,1242768139.35
2021-03-19,140.1,144.45,137.55,143.15,13599507.0,1918478612.15
2021-03-22,141.0,142.75,138.75,139.2,4962230.0,697188030.4
2021-03-23,139.3,141.1,138.45,139.55,6407438.0,895360288.15
2021-03-24,138.5,140.05,134.95,135.2,4313772.0,588204241.05
2021-03-25,135.25,135.5,129.05,130.75,5656450.0,743592171.0
2021-03-26,131.95,133.6,130.65,131.3,3135272.0,414510159.05
2021-03-30,132.0,133.1,127.8,128.55,5197773.0,676724216.0
2021-03-31,129.0,132.25,128.7,131.15,4535373.0,594321505.5
2021-04-01,132.2,133.1,131.1,132.75,3582988.0,473825335.6
2021-04-05,132.85,132.85,128.2,130.2,4680625.0,609298302.1
2021-04-06,131.15,133.6,129.9,131.9,4047771.0,535605918.6
2021-04-07,132.05,134.25,131.2,133.9,3577854.0,476346145.25
2021-04-08,134.85,135.5,131.6,132.25,3452550.0,462402993.25
2021-04-09,132.0,133.6,131.0,132.1,2135313.0,282735254.05
2021-04-12,130.45,130.45,122.15,125.05,9144656.0,1142285855.25
2021-04-13,125.65,131.75,125.45,131.0,7063299.0,914438646.65
2021-04-15,130.75,132.1,126.5,128.1,6320687.0,810760648.4
2021-04-16,128.0,129.0,126.7,127.1,2505833.0,320671531.1
2021-04-19,125.0,126.0,124.1,125.55,5191475.0,649091884.95
2021-04-20,127.0,128.0,124.95,125.6,3303665.0,416301546.95
2021-04-22,124.85,125.8,124.05,125.35,3107658.0,388584448.95
2021-04-23,125.0,127.2,125.0,126.35,2510618.0,317133155.95
2021-04-26,126.05,128.7,126.05,128.3,2550286.0,325476504.35
2021-04-27,128.0,128.75,126.5,128.1,2531062.0,322844735.05
2021-04-28,128.9,129.7,128.05,128.55,2237389.0,288181039.45
2021-04-29,129.6,132.95,127.4,127.85,5748163.0,746884328.05
2021-04-30,126.25,131.0,126.1,128.1,4022431.0,519901623.7
2021-05-03,127.5,129.15,126.1,127.35,2661790.0,339177208.5
2021-05-04,128.0,132.45,128.0,129.2,4366671.0,570642421.65
2021-05-05,130.0,130.9,128.8,130.05,1854983.0,240979906.05
2021-05-06,130.15,131.2,129.65,130.6,2448896.0,319647311.4
2021-05-07,131.8,132.4,130.2,131.2,2418160.0,317198754.8
2021-05-10,132.0,136.3,131.7,135.5,4718149.0,635602927.65
2021-05-11,134.95,142.5,134.2,141.4,10039209.0,1395140163.0
2021-05-12,142.15,144.9,138.6,139.6,5397872.0,767871400.7
2021-05-14,140.2,141.8,137.85,139.0,4277642.0,598223204.1
2021-05-17,139.95,142.0,138.8,141.55,3357816.0,471544102.8
2021-05-18,142.9,144.35,141.15,142.25,3225308.0,460061845.1
2021-05-19,142.1,144.65,141.0,141.8,3147333.0,448177570.5
2021-05-20,142.45,142.45,139.5,140.85,2600658.0,365847413.05
2021-05-21,141.85,145.65,140.85,144.2,4920322.0,707176811.65
2021-05-24,144.4,146.15,142.85,144.6,3348843.0,485534749.85
2021-05-25,145.0,145.65,142.75,143.1,3055334.0,440791542.3
2021-05-26,143.5,143.8,141.2,141.4,2177829.0,310183944.4
2021-05-27,142.0,143.5,140.0,142.85,5234609.0,744142518.3
2021-05-28,142.3,147.35,142.2,146.15,5728651.0,829608280.0
2021-05-31,148.0,148.0,144.3,145.9,7184396.0,1047743037.1
2021-06-01,145.9,147.5,143.7,145.45,2620511.0,381176028.05
2021-06-02,145.8,148.65,145.4,148.3,3419557.0,502902155.95
2021-06-03,148.55,149.5,147.3,148.15,2234377.0,331118227.1
2021-06-04,147.6,152.65,147.6,150.65,4789846.0,721661218.7
2021-06-07,151.65,154.2,150.8,153.6,3639363.0,556688737.4
2021-06-08,154.8,156.7,153.25,154.65,7444855.0,1157393832.4
2021-06-09,154.65,167.8,152.75,163.95,24224713.0,3905218986.35
2021-06-10,164.95,164.95,160.4,163.3,8784968.0,1427290795.25
2021-06-11,164.2,164.6,160.85,161.4,5066106.0,822262387.05
2021-06-14,161.05,161.2,154.4,158.4,5943334.0,935238134.7
2021-06-15,158.7,159.1,156.0,156.4,5842644.0,919361206.3
2021-06-16,156.95,159.95,155.4,156.05,6333625.0,997467322.05
2021-06-17,154.5,155.35,149.25,150.3,4510432.0,686785014.55
2021-06-18,151.0,152.1,145.0,147.05,5672030.0,836030103.8
2021-06-21,145.0,148.85,144.85,147.7,1956394.0,287473643.2
2021-06-22,148.4,149.0,144.8,145.0,2813271.0,412364739.5
2021-06-23,145.95,146.4,144.15,144.95,3058094.0,443822123.6
2021-06-24,145.15,145.5,140.5,141.35,7028997.0,1001367646.25
2021-06-25,142.75,144.6,141.9,143.35,3745408.0,537165965.05
2021-06-28,143.85,145.1,142.3,142.55,2902305.0,416733703.6
2021-06-29,142.75,144.5,142.25,143.0,3458225.0,495957056.7
2021-06-30,143.25,150.95,142.05,148.55,20432025.0,3028540908.1
2021-07-01,150.0,150.0,144.25,145.55,9366751.0,1367099711.0
2021-07-02,145.55,146.5,144.3,144.45,2892820.0,419770241.1
2021-07-05,144.9,146.3,144.6,145.85,1860675.0,270826116.8
2021-07-06,145.55,146.9,144.2,144.55,1995253.0,290868336.35
2021-07-07,144.45,145.0,142.75,144.0,2597884.0,372949007.9
2021-07-08,144.2,147.45,143.0,143.45,4384649.0,636812507.3
2021-07-09,143.6,145.65,143.0,145.35,2576365.0,371731196.4
2021-07-12,146.35,148.2,145.55,147.15,4389641.0,645002752.2
2021-07-13,147.55,149.0,147.15,148.65,2471205.0,366158272.9
2021-07-14,148.9,148.95,146.9,147.95,2628532.0,389018150.6
2021-07-15,148.0,153.0,148.0,150.75,6234301.0,942726362.05
2021-07-16,151.45,152.7,150.35,151.65,2332969.0,353932938.95
2021-07-19,150.75,154.5,150.4,151.4,3795975.0,578996609.0
2021-07-20,152.4,153.4,149.05,151.4,2798945.0,423366057.7
2021-07-22,152.85,154.5,152.0,152.65,2994738.0,459199848.7
2021-07-23,153.2,154.8,152.55,152.9,2719610.0,418264076.4
2021-07-26,152.75,153.65,150.3,150.75,2317099.0,352388402.6
2021-07-27,150.9,151.15,145.0,145.15,2360395.0,348116808.25
2021-07-28,145.2,147.7,143.25,145.25,6448224.0,938433894.2
2021-07-29,146.25,152.0,144.55,151.4,6112724.0,913851784.05
2021-07-30,150.6,153.15,149.5,151.1,3701700.0,559908139.05
2021-08-02,152.4,157.2,151.35,156.65,6096050.0,945232718.85
2021-08-03,157.3,157.8,154.55,155.5,2600675.0,405517531.7
2021-08-04,155.8,157.0,153.35,154.4,1942933.0,301630948.6
2021-08-05,155.2,157.5,152.45,155.1,6768369.0,1051629539.5
2021-08-06,154.75,160.5,154.6,156.45,7391744.0,1168080227.25
2021-08-09,156.45,157.3,152.3,153.35,3077953.0,475952622.85
2021-08-10,154.0,154.0,147.5,148.4,2785805.0,418021264.35
2021-08-11,148.4,149.75,145.75,148.65,4369880.0,647687677.85
2021-08-12,148.75,151.6,148.2,151.0,4379982.0,657463047.4
2021-08-13,148.95,151.0,146.4,146.85,3359125.0,497251791.05
2021-08-16,146.95,152.25,146.05,151.85,4593173.0,690897097.85
2021-08-17,151.85,152.25,146.75,147.6,2847053.0,424111145.8
2021-08-18,147.7,149.9,147.35,148.05,3540283.0,525977392.2
2021-08-20,148.1,149.0,143.0,143.95,7624179.0,1115099975.35
2021-08-23,145.0,145.4,140.1,140.55,3115684.0,442546466.45
2021-08-24,140.35,144.8,139.25,144.4,4130355.0,590781934.65
2021-08-25,144.05,145.9,143.4,145.25,2586396.0,374196747.7
2021-08-26,145.0,146.05,143.5,144.1,2308357.0,333776410.6
2021-08-27,145.0,147.1,144.25,146.3,2799015.0,408391117.65
2021-08-30,147.4,150.65,147.35,149.85,3550817.0,530693232.25
2021-08-31,149.65,152.1,149.25,151.7,4378579.0,661694652.2
2021-09-01,152.45,154.0,151.05,152.6,2980739.0,454217524.85
2021-09-02,152.05,153.95,151.7,152.95,1710511.0,261527459.45
2021-09-03,153.25,155.8,152.75,154.25,2575992.0,397009559.65
2021-09-06,154.25,155.2,152.45,152.75,2044169.0,313466627.5
2021-09-07,152.0,152.75,149.6,150.85,2265571.0,341409838.35
2021-09-08,150.7,158.25,150.4,157.55,6665496.0,1036791974.25
2021-09-09,156.2,159.75,156.2,157.3,4514012.0,712896418.5
2021-09-13,157.25,158.65,154.1,158.05,4433719.0,694971554.9
2021-09-14,159.25,159.5,156.75,157.45,2991055.0,473379174.3
2021-09-15,156.5,164.35,156.3,161.3,9309667.0,1502499692.8
2021-09-16,159.2,159.55,155.65,156.3,2961601.0,465549161.45
2021-09-17,156.55,157.8,152.4,157.05,7064461.0,1102539602.35
2021-09-20,155.0,156.35,151.0,151.3,1978975.0,304015220.55
2021-09-21,151.4,153.25,149.6,151.9,1388218.0,209997310.85
2021-09-22,152.05,154.4,151.7,152.6,1362072.0,208342654.0
2021-09-23,153.45,156.3,152.65,155.4,2649273.0,411264886.15
2021-09-24,155.6,157.25,151.7,152.6,3309615.0,511913294.85
2021-09-27,153.6,155.25,150.9,151.6,3215079.0,490153370.3
2021-09-28,152.45,162.0,151.7,159.3,10607974.0,1685249688.75
2021-09-29,159.6,166.0,156.8,162.35,9432123.0,1534651096.8
2021-09-30,162.35,163.95,157.0,157.85,8668508.0,1379481719.75
2021-10-01,157.9,158.15,153.5,156.1,5726392.0,888975689.25
2021-10-04,156.6,159.7,156.5,158.85,2445332.0,386728885.15
2021-10-05,159.35,163.5,158.85,161.65,6209257.0,1004622264.0
2021-10-06,163.25,163.25,156.0,157.3,5051832.0,808294225.6
2021-10-07,158.3,160.1,157.55,158.15,2561768.0,406922013.4
2021-10-08,158.9,159.25,156.3,157.75,2464750.0,388422542.15
2021-10-11,160.3,162.55,158.7,159.2,3754214.0,600893233.75
2021-10-12,159.15,160.35,157.0,159.65,3847067.0,610353213.55
2021-10-13,160.75,162.75,159.55,160.0,5166055.0,831941795.05
2021-10-14,161.0,168.85,159.7,164.75,21493592.0,3545845112.45
2021-10-18,167.95,168.2,163.8,165.1,7834883.0,1301183783.0
2021-10-19,166.0,166.35,156.4,157.4,6839669.0,1096924296.1
2021-10-20,155.6,158.5,152.2,153.6,4680365.0,724883690.4
2021-10-21,155.1,156.5,153.2,154.6,6067144.0,939754865.85
2021-10-22,155.5,156.0,149.35,150.95,5954398.0,904046033.35
2021-10-25,151.65,152.05,147.1,148.55,5174649.0,771015338.05
2021-10-26,149.2,153.45,148.0,151.7,7053308.0,1069926739.95
2021-10-27,151.95,158.5,151.85,156.15,6546448.0,1019915517.55
2021-10-28,156.0,156.65,148.85,150.05,4785850.0,729596635.1
2021-10-29,150.3,152.05,146.65,148.65,7016976.0,1048460115.35
2021-11-01,150.8,151.95,147.1,150.2,6806097.0,1015602713.05
2021-11-02,151.05,153.15,150.7,151.2,3923448.0,595074888.65
2021-11-03,152.5,155.6,151.0,152.8,4178452.0,641285684.65
2021-11-04,153.9,153.95,152.85,153.3,446439.0,68442748.55
2021-11-08,153.6,155.65,153.4,154.7,3203976.0,494681168.65
2021-11-09,154.75,155.3,152.1,152.75,3063573.0,470473471.1
2021-11-10,152.1,154.75,151.5,153.95,3453070.0,530622790.9
2021-11-11,151.3,151.7,147.1,149.8,4257381.0,638523301.0
2021-11-12,150.9,150.9,144.8,145.65,6632523.0,969804976.35
2021-11-15,145.9,145.9,141.8,142.1,4585154.0,656012807.4
2021-11-16,142.5,142.7,139.4,140.0,5801254.0,818711488.0
2021-11-17,140.0,142.25,138.1,138.4,4337772.0,606426791.25
2021-11-18,138.8,139.4,136.1,136.25,3520481.0,482631234.25
2021-11-22,136.75,136.95,132.45,133.4,7976133.0,1073277282.0
2021-11-23,132.9,136.65,132.15,135.05,6607166.0,890675286.2
2021-11-24,136.1,136.8,134.0,134.65,5809762.0,787306741.45
2021-11-25,134.6,134.8,131.65,133.7,4775218.0,634258546.8
2021-11-26,132.5,132.9,129.4,130.05,7838879.0,1025699110.6
2021-11-29,129.6,131.0,126.15,128.9,5135381.0,661784025.9
2021-11-30,130.0,141.4,127.85,134.55,111575050.0,14978383312.45
2021-12-01,135.8,136.55,133.3,134.45,4327671.0,582276870.3
2021-12-02,134.6,136.45,133.55,134.5,6145092.0,826819523.85
2021-12-03,133.9,135.25,132.1,132.55,12538572.0,1673218957.6
2021-12-06,132.6,134.75,131.75,132.8,6992011.0,932570618.85
2021-12-07,133.25,135.45,132.5,134.55,9130350.0,1225382868.25
2021-12-08,135.05,136.5,134.55,136.15,7894259.0,1068594410.8
2021-12-09,136.5,137.6,135.05,136.75,7817226.0,1065989133.3
2021-12-10,135.15,136.95,134.2,136.25,9120258.0,1233253671.55
2021-12-13,136.25,138.7,135.7,136.9,7612446.0,1043476672.55
2021-12-14,135.65,137.8,135.1,136.85,6548363.0,893652185.55
2021-12-15,137.2,137.5,134.5,135.05,4276031.0,581809883.9
2021-12-16,135.05,135.95,132.85,133.8,6994335.0,937334950.45
2021-12-17,134.55,134.6,129.7,131.3,11375334.0,1490531932.05
2021-12-20,129.55,129.9,125.15,126.45,7381497.0,937461490.3
2021-12-21,127.35,129.45,126.55,127.2,3588936.0,459191775.3
2021-12-22,127.5,129.6,126.6,129.2,4859215.0,622209142.5
2021-12-23,130.1,133.25,129.45,132.55,4161985.0,549105952.4
2021-12-24,133.4,133.4,131.1,131.4,3007541.0,395854632.15
2021-12-27,130.75,132.45,129.4,131.6,2274168.0,299068559.1
2021-12-28,132.0,132.65,131.3,132.2,2433876.0,321051196.4
2021-12-29,132.8,133.5,131.55,131.95,2437303.0,322738280.9
2021-12-30,132.15,132.6,130.2,131.05,2648402.0,347536722.8
2021-12-31,131.1,134.5,131.1,133.8,2388878.0,318488825.25
2022-01-03,134.4,135.85,133.3,135.3,4120567.0,554394050.95
2022-01-04,135.8,137.35,135.35,136.2,3663874.0,500242179.7
2022-01-05,136.8,137.2,135.95,136.45,1868863.0,255177450.8
2022-01-06,136.9,137.1,134.75,136.85,2505618.0,341155191.75
2022-01-07,137.0,138.2,135.3,136.4,3339654.0,456771494.6
2022-01-10,136.65,140.5,136.65,140.1,5014297.0,699228977.35
2022-01-11,140.75,140.8,137.45,138.0,3052148.0,423475100.2
2022-01-12,138.75,139.65,137.6,139.15,2159279.0,299816813.55
2022-01-13,139.0,141.5,138.7,140.05,3310068.0,464303642.0
2022-01-14,140.05,140.5,138.85,139.2,2121624.0,295632070.35
2022-01-17,139.2,140.45,138.9,139.8,1658917.0,231710571.45
2022-01-18,140.0,141.2,136.0,136.4,2748282.0,380886255.9
2022-01-19,136.85,138.5,135.4,137.85,2371896.0,326041146.1
2022-01-20,137.9,139.5,137.05,138.05,2194763.0,303625999.7
2022-01-21,137.7,138.0,132.15,132.9,2883504.0,388434198.25
2022-01-24,133.7,133.7,128.2,129.25,4195506.0,547248501.65
2022-01-25,129.5,132.0,127.85,131.55,5049115.0,660204853.95
2022-01-27,131.5,134.8,130.6,134.4,4532825.0,599975867.3
2022-01-28,135.7,137.95,134.8,135.2,3619736.0,493536882.35
2022-01-31,137.1,139.35,134.5,138.65,7882023.0,1081853690.1
2022-02-01,139.45,140.15,137.2,139.55,7327511.0,1019129365.35
2022-02-02,140.0,142.55,139.65,142.05,3928860.0,556091493.1
2022-02-03,142.9,143.3,139.95,140.6,4107555.0,580203890.35
2022-02-04,141.5,142.05,137.4,140.6,21717440.0,3041504634.9
2022-02-07,141.0,141.3,136.45,137.2,8013447.0,1107648097.75
2022-02-08,137.2,137.6,133.4,135.3,6373393.0,860650812.35
2022-02-09,136.0,138.65,135.2,138.35,3996445.0,547847831.15
2022-02-10,138.75,141.2,138.35,140.85,4715871.0,661141572.3
2022-02-11,140.25,141.0,138.65,138.95,4483378.0,624851896.55
2022-02-14,137.45,137.7,133.1,133.75,6669220.0,901548202.1
2022-02-15,129.8,129.8,125.8,129.4,7395643.0,945518480.35
2022-02-16,130.0,132.5,129.6,130.0,4081836.0,535224451.85
2022-02-17,130.85,130.85,126.5,126.85,4356129.0,556658296.85
2022-02-18,125.85,127.45,125.05,126.25,4597806.0,581628621.0
2022-02-21,126.0,127.45,124.35,125.5,2667097.0,335606815.3
2022-02-22,124.05,124.7,121.6,123.75,4187301.0,516851255.05
2022-02-23,124.5,126.5,124.2,124.95,2690690.0,337457752.8
2022-02-24,122.75,122.85,116.6,117.0,6702613.0,799133858.7
2022-02-25,119.45,122.95,119.2,120.55,4421394.0,535448052.65
2022-02-28,118.0,123.3,117.9,122.55,5392427.0,650693621.0
2022-03-02,122.0,124.0,121.0,122.2,3339576.0,408557404.25
2022-03-03,122.75,124.7,122.2,122.75,2317180.0,285890054.45
2022-03-04,121.9,125.0,121.7,123.55,2594290.0,319604694.6
2022-03-07,122.0,122.4,119.15,120.7,3937409.0,474167270.8
2022-03-08,120.7,123.95,120.15,123.1,4202941.0,513006647.85
2022-03-09,123.8,124.9,122.85,124.05,3558114.0,440764188.55
2022-03-10,125.25,126.1,123.05,123.9,4088261.0,510043381.8
2022-03-11,123.0,126.0,123.0,125.7,3214125.0,401321362.2
2022-03-14,126.0,126.2,122.3,123.75,3276212.0,404280368.9
2022-03-15,123.7,124.7,121.4,122.05,3998528.0,492951715.25
2022-03-16,122.95,123.75,122.55,123.4,3988662.0,491289549.6
2022-03-17,124.05,126.95,124.0,125.75,5133027.0,645705990.9
2022-03-21,126.0,126.45,124.4,124.6,2382020.0,298551110.05
2022-03-22,124.85,125.9,123.6,125.6,2007025.0,250389243.2
2022-03-23,125.95,126.9,125.35,126.3,2346198.0,295901042.3
2022-03-24,125.8,126.9,124.8,125.1,2771423.0,349069931.15
2022-03-25,126.0,126.0,124.0,124.25,2229995.0,278789657.3
2022-03-28,124.25,124.7,121.9,123.05,3180102.0,390589611.4
2022-03-29,123.45,124.45,122.15,122.75,2292730.0,281968750.3
2022-03-30,123.9,123.9,122.75,123.45,4276972.0,527739337.55
2022-03-31,123.95,123.95,122.6,123.05,5004579.0,616024664.4
2022-04-01,123.1,127.2,122.9,126.85,6994525.0,881663862.2
2022-04-04,127.1,131.6,127.1,131.3,6507475.0,843299675.85
2022-04-05,132.25,132.95,130.4,132.4,3690481.0,485469618.85
2022-04-06,131.95,134.8,131.6,133.5,5324643.0,711893328.55
2022-04-07,133.5,135.8,132.1,133.05,4403482.0,589741949.6
2022-04-08,133.0,134.25,132.6,133.8,2567840.0,343154872.8
2022-04-11,133.9,134.6,132.95,133.9,1993310.0,266684477.1
2022-04-12,133.75,133.75,129.9,130.8,3342317.0,438036745.7
2022-04-13,131.0,131.85,130.1,130.5,2341716.0,306095767.55
2022-04-18,130.85,131.35,128.75,130.8,2259434.0,293828901.5
2022-04-19,131.6,132.8,128.0,129.45,2707059.0,355550893.65
2022-04-20,129.8,130.25,127.85,128.55,2331438.0,300688119.35
2022-04-21,129.3,130.35,128.95,130.0,2245528.0,291313907.1
2022-04-22,129.2,130.1,128.2,128.5,1504923.0,194272281.6
2022-04-25,128.0,128.35,125.5,126.0,2909607.0,367723602.3
2022-04-26,127.1,129.0,126.55,128.2,2555174.0,326362421.3
2022-04-27,127.95,128.2,126.6,127.05,1857284.0,236360576.05
2022-04-28,127.9,128.2,126.35,127.5,1860154.0,236513328.95
2022-04-29,128.95,129.7,126.6,127.0,2775606.0,355625107.85
2022-05-02,125.95,126.95,125.15,126.5,1589097.0,200315953.7
2022-05-04,127.4,127.65,123.0,123.45,2921131.0,366079063.05
2022-05-05,124.05,126.4,123.05,123.3,2147341.0,267824259.55
2022-05-06,122.7,123.05,120.35,122.55,2790026.0,340474029.45
2022-05-09,122.5,123.3,119.5,121.95,3749587.0,454383009.45
2022-05-10,122.0,124.1,120.15,120.35,2270185.0,275688639.4
2022-05-11,121.0,121.55,116.4,118.6,4742771.0,563592828.6
2022-05-12,118.05,118.6,114.55,115.9,4916828.0,569020445.0
2022-05-13,117.05,118.3,113.5,114.0,6032969.0,698679604.85
2022-05-16,115.25,116.45,113.25,115.55,3701858.0,426661920.9
2022-05-17,116.5,119.1,115.4,118.8,3111007.0,364450096.0
2022-05-18,119.55,120.05,117.5,118.05,3221809.0,381905650.85
2022-05-19,116.6,116.9,115.2,116.2,2711772.0,314907825.55
2022-05-20,117.3,118.25,116.8,117.75,1899153.0,223339410.75
2022-05-23,118.95,120.2,117.9,119.0,2796600.0,333000609.9
2022-05-24,119.6,119.8,117.45,118.1,2167994.0,256464090.1
2022-05-25,118.4,118.9,116.1,116.45,1780565.0,208617910.0
2022-05-26,117.8,119.45,114.75,118.7,3939667.0,461581292.65
2022-05-27,119.3,120.65,118.5,119.95,3032835.0,363187713.55
2022-05-30,121.0,121.0,119.2,120.05,3534718.0,423639385.35
2022-05-31,120.0,120.45,118.5,119.15,9252148.0,1103037942.5
2022-06-01,119.4,120.45,118.55,119.0,2859119.0,341528128.6
2022-06-02,118.95,121.45,118.75,120.85,3884831.0,465111532.25
2022-06-03,121.8,121.8,119.0,119.15,3191458.0,383137980.45
2022-06-06,118.35,118.8,114.65,115.55,6632934.0,766456825.55
2022-06-07,115.0,116.8,114.65,116.25,2612111.0,302428109.65
2022-06-08,116.95,119.45,116.2,118.75,3332865.0,394021960.65
2022-06-09,118.3,118.65,117.55,118.0,1504976.0,177651876.45
2022-06-10,117.5,118.5,116.65,117.8,1871770.0,219873624.8
2022-06-13,116.35,116.75,114.15,114.35,3663186.0,420526096.7
2022-06-14,114.0,115.75,112.95,113.5,2829003.0,322939375.5
2022-06-15,113.75,114.2,112.7,113.7,2136664.0,242794043.35
2022-06-16,114.45,114.8,111.55,112.05,3125953.0,353114753.3
2022-06-17,112.0,114.1,110.0,112.8,5139749.0,576989095.4
2022-06-20,114.0,114.0,109.65,111.2,4792031.0,533478679.2
2022-06-21,111.9,116.3,111.85,115.85,3750677.0,429709911.1
2022-06-22,115.9,116.6,114.5,115.3,2935579.0,339157887.3
2022-06-23,115.55,117.2,114.8,116.9,2838039.0,330252660.05
2022-06-24,117.8,118.7,117.2,117.95,2966533.0,349804477.7
2022-06-27,119.6,120.0,118.7,119.35,2267735.0,270556521.75
2022-06-28,119.3,120.8,119.05,120.2,3723707.0,447056358.9
2022-06-29,119.45,120.35,118.55,120.0,2219321.0,265487539.35
2022-06-30,121.2,124.0,120.6,123.75,7714607.0,945686630.35
2022-07-01,122.8,126.0,120.1,125.7,19076925.0,2358791134.3
2022-07-04,126.45,129.6,125.65,129.05,6702390.0,854613842.45
2022-07-05,129.8,130.5,127.0,128.25,26753478.0,3440764378.5
2022-07-06,127.9,129.8,127.4,129.65,2658995.0,342347759.85
2022-07-07,130.5,130.75,129.05,129.95,2511924.0,326684917.45
2022-07-08,130.65,131.25,129.8,130.8,3010507.0,392973834.75
2022-07-11,130.6,131.5,129.75,130.5,5212475.0,679951904.25
2022-07-12,125.45,125.85,123.9,124.15,4120742.0,514498908.3
2022-07-13,124.3,124.4,121.6,122.15,3084886.0,378119788.65
2022-07-14,122.0,122.9,120.6,121.3,3212957.0,390342716.95
2022-07-15,121.4,121.85,120.1,121.6,1822836.0,220586274.95
2022-07-18,122.5,124.05,121.65,123.65,2576823.0,317673612.4
2022-07-19,123.5,126.3,122.95,126.0,2148638.0,268485397.05
2022-07-20,127.0,127.0,124.6,125.1,3026812.0,380168525.05
2022-07-21,125.2,126.1,124.5,125.9,3585928.0,449631842.95
2022-07-22,126.25,126.55,125.75,126.15,2168564.0,273682538.25
2022-07-25,126.4,128.7,126.3,128.1,3142436.0,401154991.45
2022-07-26,128.75,128.9,126.4,126.55,2223735.0,283362692.3
2022-07-27,126.65,129.45,126.65,129.3,3520780.0,452521423.1
2022-07-28,130.05,130.4,128.85,129.5,2709452.0,350928014.25
2022-07-29,130.15,131.55,129.75,131.0,3035433.0,396548479.0
2022-08-01,132.0,133.0,131.5,132.85,2947646.0,390267689.3
2022-08-02,133.0,134.85,132.2,134.35,3193934.0,428246821.85
2022-08-03,134.4,134.85,132.0,133.75,2311178.0,307408035.25
2022-08-04,134.45,134.45,131.45,132.7,2303396.0,305991822.2
2022-08-05,133.0,134.25,132.8,133.5,2647284.0,353663651.05
2022-08-08,134.4,134.4,132.55,133.45,2909057.0,387687999.75
2022-08-10,133.5,134.0,132.3,133.6,2784496.0,371485130.65
2022-08-11,134.0,135.75,133.15,135.45,3431889.0,461209374.55
2022-08-12,136.0,137.85,135.45,137.1,5109192.0,699688324.65
2022-08-16,138.55,138.55,136.15,137.4,4885721.0,670028838.4
2022-08-17,103.55,106.0,102.8,105.5,11144403.0,1169608802.0
2022-08-18,105.8,106.45,104.8,105.45,5286338.0,557824505.4
2022-08-19,105.7,105.7,104.4,104.9,3209778.0,336950127.95
2022-08-22,104.8,104.8,103.2,103.35,3119733.0,323732714.1
2022-08-23,102.65,105.65,102.5,105.4,3954118.0,415014805.4
2022-08-24,105.35,105.85,104.3,105.6,2277452.0,239383832.55
2022-08-25,106.0,108.7,105.85,107.8,4611081.0,496737158.6
2022-08-26,108.9,109.7,108.3,108.6,6251906.0,681310016.9
2022-08-29,106.25,107.7,106.0,107.25,7070586.0,755006413.2
2022-08-30,108.0,109.45,107.0,108.75,7042420.0,762349656.3
2022-09-01,108.0,108.4,106.9,107.4,6817616.0,734473236.05
2022-09-02,108.15,108.3,106.85,107.15,3236786.0,348243466.1
2022-09-05,107.65,108.05,106.0,106.25,3723607.0,397153383.25
2022-09-06,106.9,109.25,105.6,107.95,5284384.0,566199618.85
2022-09-07,107.65,108.85,107.5,107.85,4119501.0,445436801.85
2022-09-08,108.45,108.45,105.95,106.45,4552160.0,486296981.55
2022-09-09,107.0,107.0,104.95,105.35,3424316.0,361781521.75
2022-09-12,105.5,106.6,105.35,106.0,3073061.0,325618339.6
2022-09-13,106.7,106.9,106.0,106.05,3262485.0,346711021.6
2022-09-14,105.0,106.1,104.75,105.15,3184879.0,335741070.95
2022-09-15,105.5,106.9,104.95,106.4,4457007.0,471916706.55
2022-09-16,106.9,107.65,102.7,104.05,14638356.0,1529071603.0
2022-09-19,104.4,104.75,102.8,103.1,2917515.0,302363118.15
2022-09-20,104.2,104.2,103.15,103.55,2623827.0,272457596.3
2022-09-21,103.55,104.1,102.45,102.85,3635123.0,374550504.45
2022-09-22,102.8,104.0,102.2,103.65,4735736.0,488116115.15
2022-09-23,102.95,103.5,101.0,101.3,4448206.0,454253519.35
2022-09-26,100.0,100.9,97.6,97.85,6219141.0,613097868.1
2022-09-27,97.95,99.2,96.5,96.85,9330496.0,907167721.55
2022-09-28,96.1,96.8,95.5,95.65,6793224.0,653341270.6
2022-09-29,96.1,96.6,93.3,94.25,8961792.0,847557711.2
2022-09-30,94.25,94.7,92.85,94.0,13253472.0,1242115250.1
2022-10-03,94.15,94.15,91.4,91.8,9460434.0,876585832.7
2022-10-04,92.9,94.0,92.5,93.65,6252237.0,582921494.25
2022-10-06,94.8,95.75,94.1,95.5,6223294.0,591599302.25
2022-10-07,95.5,95.5,94.4,95.15,3603038.0,341865760.3
2022-10-10,94.0,94.45,92.8,93.0,7257911.0,676862038.85
2022-10-11,93.25,93.4,91.9,92.05,4162842.0,385121373.35
2022-10-12,92.15,92.85,91.6,92.4,4886498.0,450754480.15
2022-10-13,92.7,92.7,91.4,91.95,6193522.0,569222128.5
2022-10-14,93.1,93.2,91.65,91.9,5376042.0,495301116.1
2022-10-17,91.9,92.1,91.05,91.65,5555192.0,509007738.35
2022-10-18,92.15,94.3,91.85,93.9,8152180.0,758999506.4
2022-10-19,94.6,94.7,93.4,93.7,7192398.0,675347951.35
2022-10-20,93.5,93.9,92.6,93.65,4971659.0,464216297.2
2022-10-21,94.0,94.35,93.35,93.65,4485275.0,420771846.85
2022-10-24,94.95,94.95,94.2,94.65,1462832.0,138385112.75
2022-10-25,94.95,95.1,93.15,94.4,9001250.0,846836776.6
2022-10-27,95.2,97.0,94.3,96.5,17893756.0,1715832062.85
2022-10-28,97.4,100.3,96.75,99.85,23243795.0,2303057760.2
2022-10-31,101.25,103.1,99.7,102.55,18175401.0,1852147409.15
2022-11-01,103.0,103.7,102.5,103.15,9274933.0,957159958.1
2022-11-02,104.0,104.25,102.75,103.4,8339979.0,862513319.05
2022-11-03,103.0,104.3,102.75,104.15,13117383.0,1362072428.0
2022-11-04,104.2,104.65,103.6,104.0,12081873.0,1256973023.5
2022-11-07,100.2,101.85,99.4,101.55,13065969.0,1320074973.85
2022-11-09,101.55,101.9,100.2,100.85,6004697.0,606845792.8
2022-11-10,100.4,100.4,99.0,99.65,10072926.0,1003202864.7
2022-11-11,100.4,101.15,99.15,99.9,10433369.0,1043910945.2
2022-11-14,100.25,100.6,99.3,100.1,3900469.0,390515473.35
2022-11-15,100.55,100.8,99.8,100.25,4061038.0,406788906.1
2022-11-16,100.25,100.85,99.25,99.7,4992320.0,499641110.95
2022-11-17,99.65,101.75,99.15,100.3,10292615.0,1032578118.65
2022-11-18,100.5,101.25,99.5,100.05,7268505.0,728580615.35
2022-11-21,100.1,100.3,99.05,99.65,5618444.0,559534543.9
2022-11-22,100.15,100.2,99.45,99.7,7762721.0,774911886.95
2022-11-23,100.1,100.35,99.45,99.6,7302106.0,729203819.1
2022-11-24,99.95,103.75,99.7,103.3,18875982.0,1934442133.4
2022-11-25,103.5,109.95,103.1,109.05,29877176.0,3225037993.5
2022-11-28,109.75,113.8,109.45,110.25,29859790.0,3329301525.1
2022-11-29,110.8,111.3,109.1,109.45,8830643.0,971093243.1
2022-11-30,109.85,111.0,109.45,110.35,11415274.0,1260658891.35
2022-12-01,112.0,112.0,109.65,110.95,9937044.0,1100340350.85
2022-12-02,111.5,111.5,110.2,111.0,6129727.0,680071693.45
2022-12-05,111.4,113.05,110.5,111.85,11813355.0,1320234067.6
2022-12-06,111.8,112.15,110.5,110.9,6283354.0,698313074.15
2022-12-07,110.8,113.5,110.65,113.05,16848824.0,1893350856.65
2022-12-08,113.65,115.0,113.2,114.3,13925336.0,1591635330.95
2022-12-09,114.95,115.7,109.65,111.65,10866022.0,1224269204.05
2022-12-12,111.35,112.7,110.55,112.55,7912674.0,884446992.2
2022-12-13,112.7,113.0,111.15,111.95,9509178.0,1061781560.0
2022-12-14,112.3,114.05,112.05,113.3,7451278.0,844063001.25
2022-12-15,113.5,115.6,112.85,114.2,14198423.0,1626326495.5
2022-12-16,113.95,114.35,110.65,110.9,9252067.0,1034327885.95
2022-12-19,111.0,113.8,111.0,113.3,7003000.0,789102203.55
2022-12-20,113.3,113.3,111.0,112.25,5323451.0,595292659.7
2022-12-21,112.8,112.95,109.8,110.05,9464490.0,1048944427.8
2022-12-22,111.6,113.45,110.15,112.5,17816529.0,1993174040.8
2022-12-23,112.0,112.45,108.25,108.75,12678874.0,1393490904.5
2022-12-26,108.8,114.6,108.0,114.0,11744504.0,1324644759.8
2022-12-27,114.5,115.45,112.3,113.45,7594964.0,862047610.8
2022-12-28,113.45,114.8,112.8,113.35,5763285.0,655898899.35
2022-12-29,113.0,114.05,111.5,113.85,6321264.0,713481830.55
2022-12-30,114.1,118.5,113.6,116.5,16350601.0,1910857963.85
2023-01-02,117.8,120.75,117.0,120.4,19310744.0,2301221454.4
2023-01-03,121.25,123.9,119.75,123.0,27524213.0,3367821855.95
2023-01-04,122.85,123.85,119.95,122.2,14375149.0,1755796464.45
2023-01-05,122.9,124.25,121.05,123.85,9774790.0,1199769664.25
2023-01-06,124.35,126.1,122.6,123.7,15575269.0,1937663523.6
2023-01-09,124.95,126.25,124.3,125.55,8916789.0,1116782103.5
2023-01-10,125.65,125.8,122.1,123.15,8123881.0,1003990643.45
2023-01-11,123.6,123.7,121.0,121.75,7187284.0,876386946.35
2023-01-12,122.0,122.15,119.35,120.65,6547602.0,790284487.45
2023-01-13,121.0,123.45,120.3,122.8,5902262.0,721624295.0
2023-01-16,123.0,124.4,122.25,123.45,6285534.0,775409380.2
2023-01-17,123.7,124.25,121.25,123.1,6968664.0,858401131.3
2023-01-18,123.5,124.35,122.95,123.7,7636685.0,943342082.1
2023-01-19,123.5,123.8,122.5,123.55,3815492.0,470217228.7
2023-01-20,123.95,125.5,123.35,124.1,9653692.0,1202390157.6
2023-01-23,124.95,124.95,123.8,124.35,3611592.0,448832970.75
2023-01-24,124.75,124.85,122.35,122.9,3929827.0,484528211.1
2023-01-25,122.9,123.2,119.6,120.5,10632753.0,1286055124.6
2023-01-27,120.5,120.95,112.05,115.15,17188911.0,1979132728.25
2023-01-30,115.3,118.55,114.75,115.95,7768757.0,903641423.05
2023-01-31,116.15,122.1,114.0,121.75,13672983.0,1632152291.65
2023-02-01,122.9,123.0,115.95,117.45,14504365.0,1729937439.25
2023-02-02,117.4,120.25,116.25,117.75,7459937.0,881384537.9
2023-02-03,118.25,119.0,115.5,118.75,6938807.0,811893619.9
2023-02-06,119.35,121.5,119.0,121.1,8742504.0,1054805144.8
2023-02-07,121.45,123.35,120.2,120.6,9355097.0,1136220860.05
2023-02-08,121.25,121.5,119.75,120.85,7409779.0,894560525.7
2023-02-09,117.55,118.55,115.95,117.3,6545269.0,766192840.0
2023-02-10,117.0,118.2,116.5,117.0,3526586.0,412584051.6
2023-02-13,116.8,117.25,113.35,114.05,5926426.0,680021201.35
2023-02-14,114.3,114.3,110.45,113.55,11217322.0,1259204963.25
2023-02-15,113.3,116.25,113.1,115.85,5573008.0,638690619.2
2023-02-16,116.5,117.1,115.6,116.45,4019208.0,467995957.75
2023-02-17,115.85,116.55,114.85,115.6,3000421.0,346761718.4
2023-02-20,115.95,116.0,113.25,113.55,7418836.0,847311041.65
2023-02-21,113.55,115.4,112.6,113.95,4220675.0,481778498.75
2023-02-22,113.0,113.45,111.5,112.05,5557791.0,622892352.3
2023-02-23,112.0,113.15,111.25,112.8,3623161.0,407609011.45
2023-02-24,113.4,113.8,112.4,113.0,3476646.0,393329849.1
2023-02-27,112.9,113.0,110.75,111.9,4467937.0,498892873.0
2023-02-28,112.2,115.0,111.95,114.3,9034566.0,1028307959.2
2023-03-01,114.75,115.55,113.85,115.05,7363118.0,846396733.9
2023-03-02,115.25,116.1,114.85,115.75,3413410.0,394448866.5
2023-03-03,116.5,118.9,116.5,118.15,7553470.0,892485666.45
2023-03-06,118.75,122.25,118.25,121.45,9315446.0,1126650594.4
2023-03-08,120.8,125.2,120.15,124.65,12807032.0,1584528040.3
2023-03-09,124.95,128.45,124.7,126.05,13020658.0,1651082926.6
2023-03-10,126.05,126.05,121.25,122.4,10105366.0,1240838336.4
2023-03-13,123.2,123.45,119.0,119.65,7017652.0,846795808.7
2023-03-14,119.55,119.65,116.75,117.05,7954918.0,939343558.8
2023-03-15,117.6,119.6,116.4,116.75,6316701.0,748041791.7
2023-03-16,116.8,117.85,114.9,117.2,8218711.0,959875814.8
2023-03-17,118.0,118.95,115.65,118.35,17093755.0,2010200412.65
2023-03-20,118.9,118.9,115.05,116.15,4336995.0,505511365.45
2023-03-21,116.95,118.85,116.2,118.65,6321736.0,743367955.1
2023-03-22,118.9,120.1,118.2,118.5,4909359.0,585118879.7
2023-03-23,118.0,118.9,117.05,117.4,4117362.0,485200800.1
2023-03-24,117.4,117.5,114.8,115.15,4063763.0,471724581.95
2023-03-27,115.15,115.9,113.8,115.05,4746510.0,545976103.25
2023-03-28,115.45,115.5,113.2,114.1,3499631.0,399933964.1
2023-03-29,114.05,116.0,113.8,115.75,3240893.0,373254058.05
2023-03-31,116.0,117.15,115.05,115.45,7157701.0,829068570.05
2023-04-03,116.15,117.3,115.65,117.1,3774391.0,441002977.1
2023-04-05,117.15,118.1,116.0,117.7,4746533.0,555404359.0
2023-04-06,117.2,119.65,116.7,118.75,5950739.0,706935285.4
2023-04-10,119.1,124.45,118.55,124.05,13996876.0,1714466554.5
2023-04-11,124.3,125.6,122.6,124.35,6856892.0,850743516.75
2023-04-12,124.05,124.65,123.0,123.3,3505826.0,433612051.2
2023-04-13,123.4,123.4,120.0,121.35,5447261.0,661108915.4
2023-04-17,121.25,123.6,120.5,122.9,6166859.0,756204401.45
2023-04-18,123.4,124.4,121.8,123.25,8159668.0,1003127598.85
2023-04-19,123.25,124.35,122.55,122.85,2394983.0,295618370.55
2023-04-20,122.85,123.55,122.25,122.7,2099290.0,257852919.05
2023-04-21,122.7,123.25,121.55,121.9,3961253.0,483842000.65
2023-04-24,122.05,124.15,121.05,123.95,4726202.0,582084600.95
2023-04-25,124.4,127.45,124.0,125.05,9397015.0,1183409064.25
2023-04-26,125.0,126.0,124.35,125.3,4179866.0,523927826.3
2023-04-27,125.2,125.8,124.45,125.1,3724514.0,465702031.75
2023-04-28,125.45,132.4,125.15,132.15,24029372.0,3121923270.55
2023-05-02,133.9,138.4,133.05,136.45,20740058.0,2831426839.4
2023-05-03,136.2,138.6,135.75,136.15,10032855.0,1374207736.45
2023-05-04,136.7,140.8,136.25,136.9,12035888.0,1664293902.55
2023-05-05,137.05,137.7,132.1,132.3,12581014.0,1690632850.35
2023-05-08,132.9,135.25,132.5,133.6,8158248.0,1091137104.85
2023-05-09,133.7,135.45,131.5,131.95,6029220.0,801895415.65
2023-05-10,132.1,132.45,130.7,131.45,5728123.0,753258616.6
2023-05-11,132.35,133.6,131.35,131.6,7647215.0,1012333674.75
2023-05-12,131.4,133.35,130.35,132.85,6697676.0,883629530.15
2023-05-15,133.45,136.8,131.7,136.35,8845743.0,1196743733.65
2023-05-16,136.95,137.55,132.25,132.65,18848790.0,2541683683.6
2023-05-17,133.4,134.25,131.35,133.1,9026909.0,1197565593.7
2023-05-18,133.1,134.35,129.05,129.5,11351018.0,1498415277.9
2023-05-19,130.25,130.55,127.4,129.8,7924933.0,1022820882.8
2023-05-22,129.8,130.4,128.8,129.0,7575592.0,982041368.6
2023-05-23,129.5,131.5,128.35,130.5,9958429.0,1296586412.35
2023-05-24,130.5,131.45,129.8,130.9,4991702.0,652325471.75
2023-05-25,130.8,133.35,130.5,133.0,7354404.0,972718968.0
2023-05-26,133.0,133.85,132.05,133.45,6649980.0,884397916.75
2023-05-29,134.5,137.8,134.0,135.85,11395309.0,1553316893.85
2023-05-30,136.0,141.0,135.2,140.35,15899557.0,2206052726.85
2023-05-31,140.45,142.65,139.75,141.55,13591196.0,1923175740.95
2023-06-01,142.15,142.45,140.4,140.6,6036123.0,854101726.5
2023-06-02,141.75,145.2,141.45,144.25,11032233.0,1584811828.5
2023-06-05,145.0,147.2,144.65,145.25,10772251.0,1573777336.45
2023-06-06,145.5,146.4,142.9,146.15,5730697.0,831057271.15
2023-06-07,146.6,147.35,146.15,146.55,3927043.0,575505776.75
2023-06-08,146.6,147.5,145.0,145.8,6645263.0,970386598.7
2023-06-09,145.9,149.45,145.2,149.05,8270232.0,1226550774.95
2023-06-12,149.6,155.1,148.8,154.6,14649620.0,2246146868.45
2023-06-13,155.15,156.2,151.8,154.9,12418368.0,1918385620.9
2023-06-14,155.4,155.95,152.95,153.7,7737722.0,1190655798.45
2023-06-15,154.65,155.15,151.0,151.55,7666988.0,1171620843.0
2023-06-16,151.75,153.65,150.55,152.6,7403920.0,1128291157.35
2023-06-19,153.0,154.6,152.05,153.85,7123074.0,1091910942.1
2023-06-20,153.95,161.0,153.3,159.8,15061901.0,2366511071.7
2023-06-21,161.1,168.85,160.6,163.85,24747224.0,4069027431.55
2023-06-22,163.9,163.9,156.5,159.05,14009571.0,2224853007.4
2023-06-23,160.0,160.9,155.45,156.0,8520782.0,1344595868.3
2023-06-26,157.0,159.4,155.2,156.25,10223521.0,1597946026.05
2023-06-27,157.0,161.6,156.6,161.0,13863522.0,2206594298.25
2023-06-28,162.6,168.0,161.2,166.75,22329032.0,3674501858.6
2023-06-30,169.0,169.5,164.0,164.65,15082058.0,2506135671.15
2023-07-03,166.2,168.0,163.65,166.25,9381695.0,1561041877.0
2023-07-04,167.9,167.9,164.0,164.65,10877690.0,1798818985.75
2023-07-05,165.1,167.0,164.4,166.5,5621375.0,932662380.0
2023-07-06,166.4,168.0,165.3,165.65,7090232.0,1178341946.5
2023-07-07,166.4,166.8,164.3,165.9,6167119.0,1020855251.65
2023-07-10,166.0,168.7,165.25,166.9,10949947.0,1825952780.85
2023-07-11,167.95,171.15,166.5,169.4,17100113.0,2894559967.45
2023-07-12,170.45,170.45,168.0,169.0,6928972.0,1171848322.55
2023-07-13,169.6,169.6,163.75,165.3,10748152.0,1783187099.25
2023-07-14,161.8,162.3,159.5,160.3,10445961.0,1675976216.95
2023-07-17,160.7,161.9,159.85,161.2,5152924.0,829030311.15
2023-07-18,161.25,162.4,159.15,160.1,8351483.0,1339662602.55
2023-07-19,160.1,163.3,160.0,162.35,5377036.0,871243332.9
2023-07-20,162.85,163.15,161.55,161.75,2955365.0,479358486.2
2023-07-21,161.15,162.8,160.4,161.85,6078651.0,983410264.55
2023-07-24,163.1,175.65,162.35,172.95,37880425.0,6512680306.8
2023-07-25,174.25,174.25,171.0,172.15,12870386.0,2220965945.5
2023-07-26,172.95,175.55,171.3,173.55,11027961.0,1915119898.05
2023-07-27,173.75,188.95,173.3,188.2,59887084.0,11067268502.2
2023-07-28,189.8,196.95,188.0,194.25,35054688.0,6756961311.65
2023-07-31,194.7,203.85,193.05,202.95,28733969.0,5734541643.75
2023-08-01,203.0,204.55,198.0,200.0,16275497.0,3262664357.05
2023-08-02,199.0,202.6,191.45,196.3,20258835.0,3992641570.25
2023-08-03,195.0,200.9,193.65,199.55,17437906.0,3449037032.45
2023-08-04,200.3,202.45,197.4,199.4,8719652.0,1738467608.75
2023-08-07,199.4,213.0,198.35,212.05,43892393.0,9128607533.5
2023-08-08,213.15,220.7,208.0,217.0,52495107.0,11296888286.1
2023-08-09,218.35,219.45,213.1,217.85,21739954.0,4719546975.8
2023-08-10,217.45,218.2,212.7,216.6,16597765.0,3591799548.7
2023-08-11,227.0,230.65,222.0,224.3,58045332.0,13111138371.7
2023-08-14,221.85,223.6,217.35,222.15,19733602.0,4366407562.3
2023-08-16,219.95,225.65,218.6,223.15,15393266.0,3420981545.05
2023-08-17,223.5,236.15,222.3,235.1,32482447.0,7504167258.05
2023-08-18,235.7,238.8,232.25,234.65,23001607.0,5418222190.75
2023-08-21,235.75,240.55,231.45,238.9,18895677.0,4489131267.75
2023-08-22,239.85,243.2,237.15,238.35,17249691.0,4152157857.45
2023-08-23,239.25,240.9,237.7,240.05,12598059.0,3015719969.95
2023-08-24,242.1,245.9,240.55,243.5,15816126.0,3862874423.05
2023-08-25,242.85,245.35,235.5,239.3,21513620.0,5170385800.5
2023-08-28,240.45,244.25,239.15,243.25,16039839.0,3881347619.75
2023-08-29,244.0,247.0,241.55,244.35,18658395.0,4567669515.55
2023-08-30,245.6,249.25,244.5,245.1,13806303.0,3405361152.7
2023-08-31,248.0,249.05,234.85,238.65,158351032.0,37920473016.35
2023-09-01,237.95,240.8,230.55,238.8,14221473.0,3354877369.95
2023-09-04,240.2,244.8,237.0,243.6,10478574.0,2535130921.35
2023-09-05,243.95,244.45,238.0,240.3,15883425.0,3830459044.9
2023-09-06,240.3,240.8,233.65,234.65,16847543.0,3977522627.8
2023-09-07,236.95,246.5,235.55,245.55,21384056.0,5166270148.75
2023-09-08,246.4,272.8,244.4,270.15,63796670.0,16852825006.25
2023-09-11,272.9,284.7,269.05,270.45,30479843.0,8364599616.35
2023-09-12,272.2,272.45,246.2,248.35,49300899.0,12505715524.8
2023-09-13,248.0,253.05,239.9,244.4,31677735.0,7783652146.65
2023-09-14,245.35,251.0,240.6,246.5,19465778.0,4798576724.3
2023-09-15,248.0,255.25,243.0,244.9,21570264.0,5394781982.2
2023-09-18,247.0,252.75,239.6,250.45,22803288.0,5642625206.55
2023-09-20,250.35,256.7,247.85,254.3,18170640.0,4615440018.0
2023-09-21,255.0,264.0,251.5,259.1,28152219.0,7317031557.4
2023-09-22,261.95,272.0,259.35,270.9,28891418.0,7690833619.2
2023-09-25,271.8,273.4,265.7,270.45,15387154.0,4151214248.0
2023-09-26,269.0,272.75,265.8,267.3,13775707.0,3707996481.5
2023-09-27,268.7,285.95,267.2,284.35,44789295.0,12575899381.0
2023-09-28,284.2,286.0,279.6,281.3,17643718.0,4991623997.15
2023-09-29,283.25,291.95,282.8,287.4,23448560.0,6753769731.95
2023-10-03,287.95,294.3,285.3,291.8,20802588.0,6062657028.4
2023-10-04,291.6,293.45,280.15,283.15,17320364.0,4944564342.25
2023-10-05,286.15,287.0,277.7,279.3,11888870.0,3339104336.2
2023-10-06,280.7,286.8,278.2,285.5,11040241.0,3135701750.0
2023-10-09,282.25,285.45,278.5,280.4,10063388.0,2835284106.1
2023-10-10,282.35,291.65,279.7,290.9,16215694.0,4630641190.35
2023-10-11,293.0,294.25,288.6,291.6,12689010.0,3698594941.35
2023-10-12,292.9,296.5,289.05,289.8,9982500.0,2918117313.4
2023-10-13,290.0,296.95,289.15,293.25,9635780.0,2832011787.75
2023-10-16,294.85,299.2,292.6,294.05,9744816.0,2880090833.7
2023-10-17,296.5,297.9,292.0,294.1,8283781.0,2442332985.7
2023-10-18,294.0,295.45,287.25,289.0,6449758.0,1874533740.2
2023-10-19,287.7,295.9,284.35,295.0,11059767.0,3225708502.65
2023-10-20,294.8,295.55,284.8,287.85,9900926.0,2857525981.55
2023-10-23,287.85,291.15,275.45,278.3,16531193.0,4649388269.5
2023-10-25,278.5,283.7,269.5,273.3,14751988.0,4055617664.5
2023-10-26,270.0,272.4,259.45,265.75,22159911.0,5847058842.7
2023-10-27,267.0,277.6,266.9,273.05,9403379.0,2566365359.4
2023-10-30,275.8,279.55,268.0,278.4,7839191.0,2153482796.25
2023-10-31,279.2,288.85,277.4,287.6,14086055.0,3997686775.65
2023-11-01,288.95,291.9,273.15,282.85,19583321.0,5569127857.6
2023-11-02,287.1,307.4,287.1,302.4,58777830.0,17729093780.7
2023-11-03,304.0,306.4,299.7,303.85,14619611.0,4435338176.45
2023-11-06,307.0,307.3,300.5,304.2,9262299.0,2815515805.7
2023-11-07,304.0,312.35,302.1,308.45,15973268.0,4929594343.7
2023-11-08,311.5,311.95,307.9,310.2,8658346.0,2686938010.45
2023-11-09,311.0,321.65,310.8,318.0,20491696.0,6526448143.25
2023-11-10,317.9,326.9,317.15,325.7,11467991.0,3691924056.75
2023-11-12,329.0,331.8,326.5,330.55,2738629.0,903560672.7
2023-11-13,328.3,345.15,324.2,333.5,23410469.0,7894594920.1
2023-11-15,336.95,342.35,327.85,333.85,13163544.0,4393878413.45
2023-11-16,333.85,336.35,328.75,330.35,7127417.0,2365257253.7
2023-11-17,331.05,341.05,330.6,339.8,10484434.0,3540560403.0
2023-11-20,340.45,348.0,339.05,346.75,10306588.0,3560021515.95
2023-11-21,349.85,351.0,332.25,339.1,18413395.0,6273811277.25
2023-11-22,340.7,341.9,335.3,337.3,6725503.0,2275680136.75
2023-11-23,338.95,342.7,335.8,341.25,7836758.0,2662460003.45
2023-11-24,342.25,342.3,337.3,337.95,7468477.0,2536223799.75
2023-11-28,339.0,342.4,331.85,339.05,9994686.0,3362352793.05
2023-11-29,341.5,346.65,339.25,342.9,8756635.0,3000215694.15
2023-11-30,342.95,352.0,338.6,348.7,27118028.0,9418873931.05
2023-12-01,354.9,382.7,351.1,374.0,39839613.0,14835735272.0
2023-12-04,385.5,394.8,376.15,389.8,26066333.0,10120738699.65
2023-12-05,395.7,395.7,386.3,392.1,17979133.0,7016437443.8
2023-12-06,392.55,408.0,392.1,400.6,19441163.0,7791346046.2
2023-12-07,401.4,403.25,393.0,394.6,10437035.0,4143672291.2
2023-12-08,396.0,409.2,395.1,405.45,15781777.0,6366752910.1
2023-12-11,407.2,412.0,404.05,408.35,9038725.0,3683504000.9
2023-12-12,412.4,412.4,403.4,408.2,12696174.0,5166290192.55
2023-12-13,410.0,446.8,409.6,444.8,43470874.0,18856089824.0
2023-12-14,447.0,454.75,434.05,442.1,23742544.0,10525695762.3
2023-12-15,443.0,444.75,423.65,431.85,20631949.0,8929635039.05
2023-12-18,431.85,441.6,423.55,435.1,13171236.0,5724917761.2
2023-12-19,437.0,439.2,425.3,435.15,10186585.0,4411284351.0
2023-12-20,436.85,439.15,401.0,404.45,16918062.0,7075905860.95
2023-12-21,398.0,415.4,389.2,412.2,20536948.0,8249964065.45
2023-12-22,417.0,419.0,398.75,406.6,13716584.0,5608429629.85
2023-12-26,408.25,422.7,405.25,419.0,13481039.0,5625435460.6
2023-12-27,421.45,421.45,408.1,410.5,9149448.0,3775765370.6
2023-12-28,413.8,416.9,407.05,410.25,8028672.0,3306677834.4
2023-12-29,414.0,415.45,406.2,412.85,6932668.0,2847853501.55
2024-01-01,413.7,432.65,410.7,424.85,12660166.0,5387442837.65
2024-01-02,426.0,426.65,412.0,419.7,11435302.0,4777615278.6
2024-01-03,421.0,431.85,415.35,423.55,10747906.0,4552080052.15
2024-01-04,426.0,437.7,425.25,435.8,11523818.0,5004892382.8
2024-01-05,440.0,440.15,428.65,434.3,7441404.0,3238624280.7
2024-01-08,435.5,444.8,432.45,434.95,9463209.0,4145000566.2
2024-01-09,437.5,443.05,425.5,428.8,11682652.0,5040942998.1
2024-01-10,427.1,427.9,411.7,420.8,11436427.0,4786438238.3
2024-01-11,422.0,431.6,419.3,422.9,7460083.0,3168349941.85
2024-01-12,423.2,429.85,418.35,428.55,6411181.0,2722444095.15
2024-01-15,430.0,444.7,429.75,440.4,11016779.0,4821902051.35
2024-01-16,442.95,447.8,430.85,437.95,13609749.0,5984993848.95
2024-01-17,432.5,439.0,424.35,426.4,7584545.0,3275581270.6
2024-01-18,424.0,429.5,411.6,424.3,8956008.0,3772038228.7
2024-01-19,434.0,453.85,429.25,451.6,22121350.0,9840320249.75
2024-01-20,458.0,471.0,453.1,460.15,16839511.0,7828673785.1
2024-01-23,482.0,482.0,416.2,434.75,39365502.0,17602719080.1
2024-01-24,439.95,473.25,435.5,467.5,35198592.0,16285658091.3
2024-01-25,474.0,474.9,462.55,470.15,12311262.0,5769058506.2
2024-01-29,477.2,505.6,472.5,499.7,27272127.0,13467272612.25
2024-01-30,504.0,511.8,488.45,492.05,17607741.0,8747384030.75
2024-01-31,492.05,501.0,484.0,499.05,11483576.0,5661451826.8
2024-02-01,503.45,505.8,487.45,494.25,13618703.0,6764667110.65
2024-02-02,500.0,513.8,494.0,496.9,14700875.0,7423643038.7
2024-02-05,499.5,510.85,494.8,499.9,10632549.0,5350902777.05
2024-02-06,502.15,504.95,490.65,502.95,9819635.0,4899233573.15
2024-02-07,499.2,511.75,498.2,509.0,8628913.0,4368388471.15
2024-02-08,512.55,524.0,505.5,509.85,13436922.0,6913674842.15
2024-02-09,503.0,505.85,463.3,482.4,24572692.0,11775244772.3
2024-02-12,482.4,488.75,449.1,453.55,23580970.0,10898510294.1
2024-02-13,449.55,468.25,446.0,464.45,14626501.0,6704012147.4
2024-02-14,457.0,484.7,453.15,481.6,9168453.0,4329115765.25
2024-02-15,485.95,489.4,479.35,483.35,7358984.0,3558774375.1
2024-02-16,486.9,486.95,468.05,473.65,8695716.0,4129671570.35
2024-02-19,475.0,480.65,466.5,468.1,6309404.0,2992686509.8
2024-02-20,468.1,474.4,463.0,467.2,8232269.0,3853519590.2
2024-02-21,467.75,473.7,450.75,454.0,6738300.0,3099400657.1
2024-02-22,455.0,463.65,441.35,461.55,9483457.0,4276528340.9
2024-02-23,462.1,468.65,459.05,463.95,7543070.0,3501153815.15
2024-02-26,463.0,467.2,458.55,459.5,5906306.0,2728552875.25
2024-02-27,458.5,460.05,436.85,443.2,11612298.0,5188212210.65
2024-02-28,446.05,446.3,424.6,426.6,10456948.0,4519021690.8
2024-02-29,429.2,445.0,424.85,442.05,17584650.0,7697448271.8
2024-03-01,446.35,462.5,444.35,459.65,9312316.0,4240890227.3
2024-03-02,462.25,463.3,459.75,462.25,597948.0,276289165.25
2024-03-04,464.8,469.0,453.0,464.95,8549034.0,3967187086.7
2024-03-05,464.0,470.0,457.8,464.95,10459135.0,4849790686.6
2024-03-06,471.0,481.0,463.0,469.6,20162210.0,9497769852.05
2024-03-07,471.8,479.0,470.2,472.9,7147710.0,3387627184.8
2024-03-11,474.45,487.4,470.25,484.15,15406212.0,7405212078.65
2024-03-12,484.95,492.1,474.85,483.5,19398756.0,9372658378.4
2024-03-13,483.0,485.7,441.5,448.5,22269570.0,10205480779.1
2024-03-14,448.0,467.7,443.55,464.3,14650115.0,6722651306.0
2024-03-15,464.95,466.5,430.35,446.7,32430198.0,14428415443.2
2024-03-18,441.0,454.7,433.65,436.25,9735909.0,4298648702.65
2024-03-19,434.1,438.55,419.55,429.05,20288936.0,8674847636.3
2024-03-20,432.05,434.35,414.55,423.0,14832362.0,6264459824.45
2024-03-21,430.0,452.45,430.0,450.25,18429233.0,8239656253.4
2024-03-22,447.95,464.75,444.0,460.1,12531582.0,5708705441.95
2024-03-26,455.2,462.95,453.5,461.4,10475524.0,4810128102.85
2024-03-27,463.0,466.55,440.8,445.6,28138339.0,12628834227.2
2024-03-28,446.0,455.6,445.0,451.0,12637899.0,5706741451.45
2024-04-01,453.0,468.35,453.0,460.55,11296547.0,5224270105.65
2024-04-02,461.9,465.9,452.45,463.8,9639474.0,4450618083.65
2024-04-03,459.05,475.2,459.05,474.05,14035202.0,6621724173.05
2024-04-04,478.3,482.4,469.65,473.9,8469182.0,4028228097.5
2024-04-05,472.9,476.9,465.25,471.6,7448407.0,3516453611.3
2024-04-08,472.45,474.15,452.6,453.5,15289897.0,7036267074.6
2024-04-09,458.0,458.4,439.7,440.9,14262840.0,6348270616.5
2024-04-10,443.4,453.4,442.8,448.45,9265502.0,4157869296.6
2024-04-12,444.05,448.8,438.25,439.25,10809891.0,4794882135.55
2024-04-15,431.0,436.45,422.3,429.1,9341527.0,4019083952.45
2024-04-16,425.0,432.85,420.15,429.35,12115039.0,5177866584.35
2024-04-18,431.0,440.3,426.05,428.65,9425546.0,4105481021.0
2024-04-19,421.0,428.55,414.8,425.75,7628906.0,3231266340.6
2024-04-22,427.4,436.4,427.4,434.5,6226067.0,2691747733.65
2024-04-23,437.5,440.85,432.2,435.8,6371166.0,2784507685.75
2024-04-24,438.45,445.4,435.0,439.8,7201124.0,3172299731.15
2024-04-25,438.95,453.8,437.95,451.25,11531272.0,5154272581.85
2024-04-26,454.6,461.75,452.3,457.0,10542423.0,4824981085.55
2024-04-29,461.0,465.2,455.15,463.0,8445427.0,3888689640.9
2024-04-30,464.0,511.65,463.2,507.15,72903180.0,36098017290.25
2024-05-02,513.0,557.85,510.65,553.9,83160192.0,45368264792.85
2024-05-03,558.0,567.15,553.35,557.8,45105471.0,25258173709.8
2024-05-06,531.0,540.2,481.8,516.6,73134272.0,37801750996.7
2024-05-07,521.95,527.65,500.95,507.05,34608626.0,17807291417.25
2024-05-08,509.0,543.4,505.0,534.0,48742004.0,25987358247.3
2024-05-09,536.5,537.7,510.0,511.3,19107231.0,9970656187.0
2024-05-10,517.05,519.25,497.3,513.85,19170559.0,9777635379.25
2024-05-13,514.0,521.0,500.0,518.15,13436096.0,6867076557.7
2024-05-14,519.0,527.45,513.6,522.05,11963864.0,6235576323.7
2024-05-15,523.8,535.7,522.0,528.7,14366755.0,7623351684.9
2024-05-16,535.0,543.8,531.0,541.1,15105099.0,8138513230.7
2024-05-17,543.1,547.65,539.3,543.95,7680252.0,4181562385.95
2024-05-18,546.7,547.6,543.4,544.85,856990.0,467832699.7
2024-05-21,544.95,553.9,539.75,546.95,7571632.0,4138886772.95
2024-05-22,548.0,548.4,532.1,536.2,7138229.0,3837505098.05
2024-05-23,537.0,547.25,535.7,537.35,7812219.0,4216812493.45
2024-05-24,539.0,563.5,537.0,554.05,20225424.0,11199307590.75
2024-05-27,557.0,591.4,555.6,579.0,28217127.0,16225586729.2
2024-05-28,581.0,583.9,558.45,580.2,17209174.0,9879454908.5
2024-05-29,573.25,582.75,567.0,568.75,15012657.0,8585270612.05
2024-05-30,568.75,572.15,545.0,547.75,11582851.0,6444280096.25
2024-05-31,555.1,557.9,525.6,537.75,25890354.0,13866383090.0
2024-06-03,578.0,607.8,568.55,604.5,42463764.0,25225223886.25
2024-06-04,594.0,594.0,446.0,452.2,103902126.0,52117730753.95
2024-06-05,472.0,472.0,408.3,459.5,80984751.0,35682042825.2
2024-06-06,469.0,514.3,466.2,490.1,54149649.0,26726057281.95
2024-06-07,490.1,501.7,478.0,496.8,32416015.0,15844717829.05
2024-06-10,504.0,521.85,496.3,511.2,31958560.0,16298198473.95
2024-06-11,512.55,517.65,504.15,510.6,21774755.0,11129010825.35
2024-06-12,512.0,520.0,506.3,516.45,17569720.0,9037341793.1
2024-06-13,520.9,525.65,515.2,521.5,15418171.0,8036096200.5
2024-06-14,523.0,536.9,519.5,532.65,15848193.0,8400988740.7
2024-06-18,533.05,536.65,522.05,527.95,12102131.0,6391192434.95
2024-06-19,529.75,529.95,512.75,515.6,9448370.0,4903994044.3
2024-06-20,516.0,516.0,499.25,506.7,16910479.0,8558690939.25
2024-06-21,509.5,522.3,505.15,510.5,15471249.0,7961188765.05
2024-06-24,507.7,524.0,500.0,521.5,12996888.0,6713754255.2
2024-06-25,523.7,524.7,512.0,521.55,15576222.0,8086879419.45
2024-06-26,520.0,521.0,513.0,515.6,8590831.0,4440754829.6
2024-06-27,515.0,533.0,513.5,524.85,19899609.0,10468128549.7
2024-06-28,523.0,530.4,521.0,525.4,10184740.0,5351463280.3
2024-07-01,531.0,553.0,526.25,550.65,22872490.0,12408062055.2
2024-07-02,554.95,554.95,530.5,539.2,17455154.0,9448113986.4
2024-07-03,550.05,564.2,549.3,562.3,25695583.0,14366804422.8
2024-07-04,566.7,581.0,564.0,575.65,24852433.0,14275651017.3
2024-07-05,577.0,587.05,572.4,580.45,14361260.0,8342825003.35
2024-07-08,582.95,615.55,582.0,607.6,29744866.0,17968134141.55
2024-07-09,610.5,619.2,600.7,611.95,15885713.0,9713292031.4
2024-07-10,615.3,637.2,602.4,629.85,31225972.0,19425078444.1
2024-07-11,632.95,648.0,627.5,645.8,14945910.0,9578288658.8
2024-07-12,647.5,654.0,629.65,637.35,12973355.0,8328134545.5
2024-07-15,640.0,644.7,631.15,633.75,6897803.0,4386714876.1
2024-07-16,634.0,636.9,616.55,617.7,8288646.0,5181844433.6
2024-07-18,617.7,620.85,598.0,610.05,17723265.0,10804037790.3
2024-07-19,610.75,621.5,596.4,598.4,13057169.0,7906799681.65
2024-07-22,595.0,620.6,591.4,618.8,13035918.0,8008632826.95
2024-07-23,622.4,624.1,566.55,595.25,21847141.0,13129169168.5
2024-07-24,598.0,616.0,596.2,604.55,14297279.0,8676158956.1
2024-07-25,597.0,610.4,592.05,608.0,7184870.0,4328736683.5
2024-07-26,614.1,629.05,607.5,625.9,11447407.0,7102866392.9
2024-07-29,620.0,646.5,615.6,644.6,23006702.0,14622299757.6
2024-07-30,643.0,650.6,633.35,642.2,12687462.0,8142976863.7
2024-07-31,641.95,648.25,640.55,644.25,6874000.0,4428938307.1
2024-08-01,640.0,646.95,623.95,625.2,10556749.0,6672381218.85
2024-08-02,612.8,624.5,607.7,611.05,12658405.0,7789052142.45
2024-08-05,588.1,597.2,572.65,579.1,19358145.0,11265598574.95
2024-08-06,590.0,609.45,563.55,565.45,13961254.0,8136699148.6
2024-08-07,583.7,593.35,574.4,590.45,13508638.0,7903818465.3
2024-08-08,586.0,594.2,581.9,583.55,7233983.0,4248761159.15
2024-08-09,590.1,593.5,585.1,586.9,6604483.0,3888773497.65
2024-08-12,583.35,585.35,574.15,578.8,7486860.0,4343117644.55
2024-08-13,576.0,582.7,567.4,568.95,7635406.0,4392997165.9
2024-08-14,571.25,572.9,560.05,563.7,4468230.0,2526339975.1
2024-08-16,572.2,581.45,564.0,579.65,6950751.0,3980676406.7
2024-08-19,585.4,591.3,580.0,584.3,6715017.0,3938175360.1
2024-08-20,586.95,601.5,581.5,599.9,10518490.0,6258538108.7
2024-08-21,602.85,604.95,592.35,594.2,6820599.0,4082233434.25
2024-08-22,595.2,597.95,591.35,595.35,3337019.0,1984912888.85
2024-08-23,594.1,597.05,585.75,586.7,4656124.0,2750950599.25
2024-08-26,598.05,598.9,587.1,589.85,7437582.0,4398894026.6
2024-08-27,590.0,620.3,586.55,617.35,16554285.0,10096974067.9
2024-08-28,619.5,626.25,615.3,618.55,9811133.0,6093411613.95
2024-08-29,629.0,636.0,619.1,626.25,15661951.0,9831968837.75
2024-08-30,628.2,632.0,618.0,619.75,8931237.0,5566283394.7
2024-09-02,619.9,622.5,611.3,617.15,4617697.0,2845169729.2
2024-09-03,618.5,630.95,613.3,629.4,7628972.0,4754745935.9
2024-09-04,618.0,626.0,617.15,624.65,4002544.0,2491730597.4
2024-09-05,625.2,635.4,625.1,630.6,7738087.0,4879209462.25
2024-09-06,625.65,630.9,604.0,607.45,8074544.0,4945705671.2
2024-09-09,604.5,606.0,580.55,590.05,11883819.0,6989601826.0
2024-09-10,594.0,596.55,574.3,577.15,8925317.0,5200480794.45
2024-09-11,578.0,581.15,559.7,562.75,7761933.0,4432770013.4
2024-09-12,566.0,575.1,553.7,572.8,10234653.0,5784797760.0
2024-09-13,574.0,577.0,564.2,567.7,6979913.0,3981603362.15
2024-09-16,567.7,570.25,557.2,560.7,4136798.0,2325275413.55
2024-09-17,560.7,563.0,542.55,544.85,11277058.0,6185287134.8
2024-09-18,555.0,563.25,543.1,546.05,15318568.0,8461370886.8
2024-09-19,552.0,555.0,509.85,529.7,25364529.0,13316816905.15
2024-09-20,530.0,545.0,527.25,539.95,15317549.0,8239611476.7
2024-09-23,542.05,548.9,535.7,542.5,9807891.0,5329933528.55
2024-09-24,540.0,550.85,539.55,548.35,8069962.0,4415826762.9
2024-09-25,549.4,550.25,538.05,545.05,5716466.0,3110494583.3
2024-09-26,543.1,546.5,537.95,544.1,6013480.0,3257926005.7
2024-09-27,545.7,561.5,545.0,560.2,13432979.0,7491497536.45
2024-09-30,558.0,564.4,550.1,554.5,9512274.0,5295236396.85
2024-10-01,555.0,569.45,553.3,556.8,8117456.0,4549958704.9
2024-10-03,551.35,562.8,536.1,537.7,12464107.0,6804940886.55
2024-10-04,535.0,539.7,520.6,524.05,9321624.0,4922522592.15
2024-10-07,527.0,532.35,494.3,500.15,16722359.0,8460621907.35
2024-10-08,499.0,526.4,484.1,524.25,14115751.0,7288471145.75
2024-10-09,529.0,535.85,526.7,532.4,7063437.0,3759571503.35
2024-10-10,536.95,550.35,534.6,544.25,10161095.0,5527394732.95
2024-10-11,540.0,545.3,534.55,537.9,4344046.0,2343797903.2
2024-10-14,540.0,544.45,537.05,540.35,3672179.0,1985616164.65
2024-10-15,544.8,548.45,541.65,547.3,5661760.0,3088595359.7
2024-10-16,546.95,555.55,546.0,552.1,5230563.0,2887991916.5
2024-10-17,556.0,557.5,534.35,542.35,9728282.0,5281663236.75
2024-10-18,538.9,548.5,531.0,546.25,4184490.0,2266865741.2
2024-10-21,546.3,548.75,528.85,532.5,4104466.0,2200295083.3
2024-10-22,531.0,532.0,505.3,508.05,10870662.0,5630194105.9
2024-10-23,508.05,514.8,494.8,505.7,7639646.0,3868842080.4
2024-10-24,506.4,527.6,506.4,521.3,7417598.0,3865623185.7
2024-10-25,522.0,528.15,500.75,508.0,8410014.0,4290836754.25
2024-10-28,511.0,532.55,508.5,523.65,13625032.0,7093438945.0
2024-10-29,527.05,549.3,519.3,547.5,13616872.0,7280386328.45
2024-10-30,549.0,549.85,532.0,534.25,8607740.0,4645203895.3
2024-10-31,533.9,535.85,517.0,522.6,8005076.0,4191276710.75
2024-11-01,525.0,529.15,524.55,526.8,985145.0,519444137.2
2024-11-04,528.0,528.0,506.85,518.35,6918061.0,3563878877.8
2024-11-05,516.5,528.65,499.6,526.0,12106685.0,6251159462.05
2024-11-06,528.85,536.4,526.3,532.8,6152359.0,3273731156.85
2024-11-07,535.0,535.0,524.4,528.65,5628160.0,2973131473.15
2024-11-08,526.0,526.0,512.25,514.55,7465928.0,3865730360.1
2024-11-11,515.0,541.0,511.35,528.35,13676304.0,7247129435.75
2024-11-12,531.0,534.7,512.8,514.5,6039729.0,3156898597.75
2024-11-13,515.5,519.55,499.35,508.45,8600781.0,4392794357.7
2024-11-14,510.0,513.8,500.3,502.35,7471948.0,3779313250.6
2024-11-18,505.3,510.15,495.5,501.0,6676581.0,3362842652.7
2024-11-19,510.0,525.7,508.15,516.6,10710390.0,5543627294.15
2024-11-21,512.8,514.15,469.0,490.95,25802873.0,12571037714.05
2024-11-22,497.8,512.0,490.05,506.25,16581026.0,8337930485.05
2024-11-25,527.0,534.4,517.8,519.4,12550563.0,6599780727.15
2024-11-26,519.0,525.15,513.0,520.05,5950832.0,3098052625.6
2024-11-27,521.55,528.55,518.35,526.35,4437672.0,2329059037.45
2024-11-28,526.1,535.75,524.4,528.25,6527682.0,3462507556.45
2024-11-29,527.95,535.4,525.4,532.6,5533795.0,2936198326.65
2024-12-02,533.0,538.0,530.1,531.9,4645093.0,2478292240.15
2024-12-03,534.0,543.5,532.4,539.7,7125362.0,3830955990.75
2024-12-04,542.9,555.9,541.2,543.65,9007471.0,4937271924.65
2024-12-05,546.85,546.85,538.2,545.0,4207860.0,2285627345.95
2024-12-06,545.6,562.5,544.55,559.1,10625077.0,5913436851.65
2024-12-09,557.95,568.0,556.95,563.7,6419159.0,3620278044.85
2024-12-10,563.0,573.3,562.0,570.15,7525312.0,4286557796.7
2024-12-11,570.0,572.65,566.25,569.75,4434214.0,2525388343.3
2024-12-12,569.75,571.5,558.55,559.55,4133386.0,2336445778.15
2024-12-13,558.9,560.45,542.5,556.95,4178618.0,2300833967.05
2024-12-16,557.75,563.95,557.1,559.8,2395022.0,1341428449.15
2024-12-17,560.0,566.0,547.6,550.55,4961225.0,2764334477.3
2024-12-18,549.85,550.5,532.25,537.2,5013701.0,2696621599.55
2024-12-19,522.2,536.0,518.2,529.1,4751460.0,2507650392.0
2024-12-20,529.0,533.5,510.3,513.25,7709581.0,4008603564.7
2024-12-23,519.0,521.9,506.55,512.4,4380134.0,2253601761.45
2024-12-24,512.45,517.05,505.65,507.4,2702189.0,1380175804.5
2024-12-26,509.25,520.5,507.05,519.1,4475677.0,2307486194.25
2024-12-27,518.0,520.3,505.85,507.45,2951162.0,1510973802.4
2024-12-30,508.9,513.2,492.15,496.5,24912615.0,12418656907.8
2024-12-31,495.6,504.1,495.05,500.7,3906855.0,1954055388.1
2025-01-01,501.25,506.8,499.05,505.55,3238928.0,1627566233.75
2025-01-02,506.0,521.05,500.2,518.45,8546733.0,4365531812.45
2025-01-03,522.05,544.7,519.85,538.05,14567780.0,7787050278.7
2025-01-06,541.4,541.4,510.05,512.55,8631065.0,4506858539.55
2025-01-07,516.0,520.75,507.15,515.45,4660352.0,2398191743.1
2025-01-08,516.5,517.8,496.35,503.6,6585994.0,3319939336.7
2025-01-09,504.05,504.75,489.45,491.2,4468056.0,2210675675.05
2025-01-10,490.1,492.2,454.45,459.35,14067540.0,6551295589.9
2025-01-13,452.1,468.4,443.65,446.75,11872696.0,5415401972.05
2025-01-14,452.0,479.2,449.5,476.15,12167491.0,5689254796.4
2025-01-15,481.05,489.0,474.5,478.65,7700238.0,3709012279.7
2025-01-16,485.0,492.65,482.4,485.15,5120861.0,2490518770.25
2025-01-17,482.0,487.75,476.0,482.35,4195700.0,2024541161.55
2025-01-20,484.0,495.6,478.0,490.75,5000936.0,2443675463.5
2025-01-21,491.0,491.0,474.2,476.45,5395660.0,2591780942.85
2025-01-22,479.0,479.0,453.2,462.05,10288459.0,4740412168.3
2025-01-23,462.05,467.55,457.15,463.75,5320651.0,2463880058.25
2025-01-24,463.75,466.25,445.0,446.25,6738912.0,3048804419.75
2025-01-27,445.95,445.95,426.0,428.5,7413044.0,3199928613.5
2025-01-28,440.0,441.2,410.25,419.65,14396638.0,6064891318.8
2025-01-29,422.0,437.2,420.05,434.85,5834329.0,2517911291.6
2025-01-30,433.0,443.6,430.15,440.35,8302923.0,3644383790.15
2025-01-31,443.0,454.65,434.0,449.85,7224298.0,3244258258.5
2025-02-01,455.0,460.2,425.4,427.85,9470953.0,4162043286.45
2025-02-03,427.45,427.45,402.0,405.5,16185807.0,6600930748.45
2025-02-04,413.0,428.6,407.0,427.35,11302969.0,4739357414.75
2025-02-05,429.0,444.0,428.55,440.25,9545772.0,4189066780.55
2025-02-06,444.05,446.5,424.7,434.15,10865131.0,4732920365.1
2025-02-07,430.2,451.9,427.15,441.2,14726471.0,6467212888.55
2025-02-10,440.0,442.2,418.25,423.45,10014839.0,4245423119.1
2025-02-11,425.45,425.45,406.5,409.95,11422600.0,4688349443.8
2025-02-12,413.0,413.9,393.0,408.05,13329877.0,5393359563.65
2025-02-13,409.4,420.4,407.25,409.65,8280995.0,3427648992.8
2025-02-14,405.45,412.65,386.85,391.65,8558606.0,3387861700.25
2025-02-17,387.15,394.2,375.7,389.1,8661753.0,3347467414.9
2025-02-18,391.05,393.05,376.05,385.3,8959200.0,3415154800.1
2025-02-19,384.5,397.3,378.7,395.65,8706790.0,3409850032.2
2025-02-20,393.0,410.65,388.4,409.45,11040968.0,4470953922.85
2025-02-21,408.0,414.0,400.45,403.55,6099522.0,2479660097.75
2025-02-24,398.95,398.95,389.25,391.7,4949143.0,1945819525.8
2025-02-25,392.0,394.4,382.55,383.6,5352036.0,2072482182.45
2025-02-27,381.0,386.4,377.1,378.5,4757498.0,1809963092.3
2025-02-28,375.45,376.0,357.35,360.3,13486063.0,4900188646.35
2025-03-03,365.05,380.55,360.1,377.8,12981608.0,4803572841.2
2025-03-04,373.5,391.55,366.0,386.9,11737034.0,4506783637.05
2025-03-05,386.0,404.0,385.1,402.2,9788815.0,3898733410.2
2025-03-06,409.0,418.1,408.0,413.15,11770195.0,4868237754.3
2025-03-07,412.1,415.0,403.6,406.2,7026343.0,2878221016.75
2025-03-10,406.2,413.2,392.55,394.2,7602276.0,3055191416.2
2025-03-11,388.9,405.0,384.0,402.6,7841686.0,3110111582.45
2025-03-12,404.15,406.25,394.0,402.2,5810339.0,2325683927.3
2025-03-13,404.3,411.8,402.05,406.65,7901302.0,3212912000.0
2025-03-17,411.0,414.9,407.05,412.9,5584121.0,2297493015.95
2025-03-18,416.75,422.0,414.85,421.55,6319233.0,2650886654.05
2025-03-19,425.0,430.8,421.5,429.5,8219861.0,3514238283.45
2025-03-20,433.8,436.8,424.5,429.05,5413493.0,2322756625.25
2025-03-21,429.5,435.85,424.6,428.95,9605751.0,4135102526.9
2025-03-24,433.0,447.25,432.1,444.45,10013355.0,4402718838.0
2025-03-25,449.0,450.0,440.0,442.75,15383870.0,6832725147.55
2025-03-26,439.25,443.25,424.1,425.6,10098135.0,4349127019.95
2025-03-27,425.6,439.9,423.7,433.4,8843621.0,3825650238.35
2025-03-28,433.9,440.0,427.0,429.2,4744923.0,2062032225.4
2025-04-01,425.85,432.35,415.05,416.9,5586002.0,2352456439.65
2025-04-02,419.95,425.6,409.5,424.55,7091444.0,2980092204.95
2025-04-03,419.0,431.55,417.0,425.45,7494342.0,3195905597.2
2025-04-04,424.95,425.0,401.1,403.4,9757931.0,3986908965.95
2025-04-07,367.95,387.0,366.55,384.35,20170600.0,7584388821.9
2025-04-08,390.0,402.35,389.75,395.85,8299658.0,3283471665.6
2025-04-09,395.7,397.0,384.5,389.45,6447517.0,2512640336.45
2025-04-11,404.95,405.7,396.45,402.25,9084693.0,3649928274.35
2025-04-15,411.0,424.75,407.45,423.3,7317427.0,3053610898.5
2025-04-16,423.6,426.5,420.15,424.8,5841975.0,2473134776.45
2025-04-17,424.0,431.4,421.2,428.6,6325350.0,2699899564.7
2025-04-21,432.0,444.35,427.6,442.6,8148218.0,3562469965.55
2025-04-22,444.4,446.0,436.7,440.4,4790660.0,2118649764.5
2025-04-23,440.15,448.0,429.45,440.8,6888145.0,3015686997.0
2025-04-24,438.5,444.9,437.0,439.95,6904893.0,3045790388.25
2025-04-25,440.0,443.2,419.15,422.2,8944833.0,3820983006.8
2025-04-28,424.5,434.2,421.9,433.05,4586239.0,1967950797.65
2025-04-29,433.8,441.3,428.1,430.4,4863017.0,2103919708.6
2025-04-30,428.5,432.45,415.5,420.1,6432452.0,2725853448.15
2025-05-02,418.5,432.35,418.05,419.95,4293827.0,1823588493.4
2025-05-05,422.2,425.0,416.2,423.3,5223773.0,2202083699.7
2025-05-06,423.3,424.7,402.9,404.7,5570959.0,2287747930.35
2025-05-07,396.7,413.0,395.9,410.95,7011398.0,2852282571.7
2025-05-08,412.5,417.5,389.0,392.4,9925780.0,3992889068.6
2025-05-09,382.0,395.0,380.05,384.25,13849773.0,5359004904.15
2025-05-12,401.9,413.45,400.3,412.65,10515316.0,4300183971.95
2025-05-13,411.8,413.55,399.35,401.75,12251914.0,4964267680.55
2025-05-14,400.0,407.05,385.05,389.5,38611956.0,15140710370.0
2025-05-15,391.4,396.3,388.05,394.35,12564868.0,4934830352.2
2025-05-16,395.1,409.65,395.1,406.45,14416578.0,5851640428.45
2025-05-19,411.0,412.0,405.2,407.05,11577637.0,4736025049.05
2025-05-20,409.9,409.9,392.5,393.6,12359431.0,4933583886.15
2025-05-21,395.0,401.95,390.5,400.2,10997125.0,4367585063.05
2025-05-22,399.9,402.75,395.6,401.8,8377384.0,3350606328.55
2025-05-23,403.0,405.0,400.0,402.5,4958319.0,1993461856.3
2025-05-26,404.95,408.75,403.0,406.8,5102219.0,2076167966.6
2025-05-27,407.4,408.5,401.4,405.15,6898898.0,2787851855.6
2025-05-28,406.0,409.8,402.3,403.25,4215068.0,1709919109.85
2025-05-29,405.0,410.2,401.7,408.25,7429958.0,3024085430.35
2025-05-30,407.95,410.65,400.9,402.3,8825796.0,3563652654.7
2025-06-02,400.1,406.6,398.0,403.9,5157877.0,2077197703.65
2025-06-03,404.5,411.8,399.15,400.45,6903210.0,2793878198.4
2025-06-04,402.0,403.45,397.1,400.9,4209879.0,1687694020.05
2025-06-05,404.45,409.75,402.25,403.0,6165279.0,2494808330.9
2025-06-06,403.0,417.3,398.1,415.0,17153248.0,7052313318.95
2025-06-09,418.0,428.7,417.0,426.2,10499689.0,4454287589.2
2025-06-10,428.5,428.5,421.25,423.05,6883130.0,2915914919.0
2025-06-11,422.95,427.7,416.05,419.3,7624681.0,3221564713.25
2025-06-12,419.0,419.0,403.45,405.1,8770060.0,3596582422.85
2025-06-13,396.0,403.8,392.35,402.7,9310007.0,3715443070.2
2025-06-16,402.7,403.75,393.55,401.5,6381409.0,2550614024.65
2025-06-17,401.65,404.0,397.2,399.15,4877511.0,1952677505.9
2025-06-18,396.5,399.9,390.35,392.5,8395144.0,3310866610.4
2025-06-19,391.2,392.65,381.0,383.65,11175647.0,4310223564.7
2025-06-20,391.5,400.85,389.25,394.45,22119958.0,8758425728.75
2025-06-23,390.2,399.3,388.35,397.3,5395161.0,2126503832.4
2025-06-24,402.95,405.5,398.0,398.6,6492412.0,2608918204.3
2025-06-25,401.85,402.45,397.15,398.5,6960473.0,2776990936.3
2025-06-26,400.5,404.8,397.05,403.55,7658791.0,3069549993.65
2025-06-27,406.5,409.8,401.4,402.9,6165251.0,2498556677.9
2025-06-30,404.8,406.9,402.0,402.4,6335483.0,2558321981.15
2025-07-01,404.5,404.65,396.55,400.45,6863628.0,2744042818.45
2025-07-02,400.55,403.35,394.2,395.5,7742629.0,3078305833.3
2025-07-03,396.95,397.4,392.45,393.15,8508913.0,3358171150.1
2025-07-04,394.3,397.1,390.2,393.65,5668163.0,2227343373.8
2025-07-07,393.95,395.5,390.3,391.6,4590018.0,1800292856.9
2025-07-08,392.0,397.0,390.3,395.1,3726258.0,1465814987.2
2025-07-09,395.3,395.85,390.9,391.55,6328142.0,2484278700.15
2025-07-10,398.0,401.45,395.0,397.55,14143421.0,5624140884.55
2025-07-11,398.0,404.5,395.7,401.05,10835505.0,4342108757.45
2025-07-14,400.85,401.0,396.15,398.85,6624993.0,2643929748.15
2025-07-15,399.8,402.3,399.1,401.35,3198569.0,1282204740.95
2025-07-16,401.35,403.15,399.1,400.4,5176743.0,2075963638.25
2025-07-17,401.4,403.4,399.6,401.2,2785521.0,1117776927.45
2025-07-18,401.6,405.4,398.0,400.9,6376775.0,2562526519.35
2025-07-21,401.0,401.3,395.05,398.65,6036729.0,2405087178.95
2025-07-22,400.0,401.45,392.5,393.3,8818666.0,3504902464.75
2025-07-23,394.85,401.0,392.4,400.0,17860000.0,7066672120.5
2025-07-24,400.0,406.75,399.45,404.9,8886939.0,3590042879.7
2025-07-25,408.0,408.25,397.65,400.75,15105541.0,6072615787.9
2025-07-28,400.75,403.45,391.1,392.6,7692522.0,3052141884.1
2025-07-29,392.0,401.7,391.0,400.1,4454042.0,1763285023.65
2025-07-30,401.8,403.6,398.5,399.55,5784866.0,2318724463.5
2025-07-31,395.5,399.3,392.25,395.2,7169233.0,2840914629.85
2025-08-01,392.5,392.95,385.2,388.7,9859016.0,3838588897.6
2025-08-04,389.8,394.95,387.7,393.55,7536898.0,2957372255.6
2025-08-05,394.05,397.8,391.5,394.5,4844402.0,1909476688.75
2025-08-06,395.0,396.7,388.85,389.4,8191081.0,3205993395.85
2025-08-07,388.85,389.45,380.55,384.95,8126214.0,3121998240.9
2025-08-08,386.5,387.0,380.1,381.35,3841685.0,1472342597.15
2025-08-11,382.15,387.9,381.2,387.3,3428071.0,1319758436.2
2025-08-12,388.0,389.65,384.75,385.45,3870319.0,1498910770.0
2025-08-13,387.0,388.7,385.45,387.15,2043770.0,791532853.75
2025-08-14,386.0,386.0,381.0,381.55,3287588.0,1257408137.1
2025-08-18,387.0,387.2,377.55,378.35,5688308.0,2162103207.6
2025-08-19,380.0,382.9,378.2,382.3,3627812.0,1380907917.45
2025-08-20,382.55,384.0,380.2,380.85,2969056.0,1132058759.85
2025-08-21,381.5,383.55,380.0,380.6,3166345.0,1208139815.85
2025-08-22,380.9,381.4,375.3,375.6,3478895.0,1312626530.25
2025-08-25,376.95,378.35,374.75,375.05,1964197.0,738704616.6
2025-08-26,374.65,375.5,362.05,363.55,7126523.0,2609603057.0
2025-08-28,364.0,364.4,354.15,354.9,8466993.0,3030305217.95
2025-08-29,355.1,355.8,348.6,350.0,7976387.0,2800531717.75
2025-09-01,351.75,361.8,351.0,360.9,3343204.0,1191762662.25
2025-09-02,362.0,369.9,360.15,364.75,4912033.0,1798664602.45
2025-09-03,365.3,368.35,364.5,367.8,3329064.0,1218999317.85
2025-09-04,372.0,372.0,363.4,364.3,3479726.0,1273961097.35
2025-09-05,365.9,369.25,362.65,366.15,3791077.0,1386999226.7
2025-09-08,366.95,371.3,366.75,369.0,3293782.0,1216301625.3
2025-09-09,370.8,370.8,366.15,368.1,2283407.0,840705425.9
2025-09-10,369.85,372.6,369.1,370.95,3779353.0,1401314702.05
2025-09-11,372.0,376.15,371.0,374.65,2902056.0,1086828599.25
2025-09-12,374.7,375.45,371.0,373.3,3124840.0,1165304177.05
2025-09-15,373.3,383.3,373.1,378.45,4832470.0,1835107293.85
2025-09-16,379.95,381.3,377.8,380.5,2547626.0,968465435.25
2025-09-17,381.2,385.95,380.4,384.4,4438340.0,1702935026.8
2025-09-18,386.55,390.5,383.3,384.4,5539743.0,2140932365.45
2025-09-19,384.0,387.95,383.2,384.5,4225670.0,1628015057.2
2025-09-22,384.0,387.2,382.6,384.0,2174660.0,837283152.4
2025-09-23,384.6,389.4,383.95,386.7,5784348.0,2240195549.45
2025-09-24,385.75,387.4,381.1,382.0,3170894.0,1218348278.45
2025-09-25,382.0,383.6,374.3,375.25,4361621.0,1650232907.25
2025-09-26,374.0,375.05,365.0,367.4,4501242.0,1657888207.45
2025-09-29,367.5,373.8,367.25,372.0,4447861.0,1652013847.4
2025-09-30,370.5,374.5,369.5,372.85,4700628.0,1748167927.4
2025-10-01,372.15,390.3,372.1,377.55,11972697.0,4554093330.95
2025-10-03,378.3,381.2,375.05,380.35,3340921.0,1263912519.6
2025-10-06,380.35,381.95,376.05,378.05,2781104.0,1050839881.6
2025-10-07,378.9,380.45,376.1,377.75,3154623.0,1192570840.3
2025-10-08,378.0,379.3,372.0,372.5,3907994.0,1462068904.85
2025-10-09,372.5,374.25,369.9,371.6,4882301.0,1812518718.3
2025-10-10,372.5,378.5,372.2,372.95,3649004.0,1367845089.85
2025-10-13,372.9,373.4,368.8,371.1,2862235.0,1061028320.75
2025-10-14,372.3,374.0,367.6,370.3,3501314.0,1296951551.0
2025-10-15,370.95,378.8,370.7,375.8,4289079.0,1612198544.25
2025-10-16,377.1,379.9,375.9,377.5,2414522.0,912057348.95
2025-10-17,378.0,378.0,371.05,374.95,7935534.0,2960994633.0
2025-10-20,379.5,380.6,374.05,374.7,7044875.0,2655327137.25
2025-10-21,377.4,378.0,376.0,377.15,1149313.0,433456190.05
2025-10-23,380.0,381.65,374.15,374.9,10209878.0,3858650853.95
2025-10-24,375.95,376.85,371.15,372.6,7429746.0,2772786505.85
2025-10-27,371.6,375.55,368.3,373.7,5088563.0,1887454408.55
2025-10-28,374.5,376.9,367.5,368.95,9956081.0,3687975185.15
2025-10-29,371.0,388.3,369.7,385.55,13697186.0,5225411176.1
2025-10-30,387.5,387.5,377.2,378.3,9480446.0,3604961595.35
2025-10-31,378.5,380.6,374.0,374.85,6011939.0,2264493628.6
2025-11-03,374.9,380.05,374.0,379.2,5995360.0,2260457234.0
2025-11-04,379.0,379.65,370.1,370.65,6215083.0,2321482185.3
2025-11-06,372.5,372.7,362.0,362.7,9880195.0,3608929342.55
2025-11-07,360.3,368.3,358.2,364.95,6342222.0,2304690038.0
2025-11-10,365.25,367.15,362.0,362.4,2951020.0,1073362314.6
2025-11-11,363.0,363.5,356.5,362.05,4740197.0,1705063811.85
2025-11-12,363.5,367.7,361.5,362.25,8852954.0,3213676300.25
2025-11-13,362.25,364.4,358.55,359.05,5159178.0,1866591592.05
2025-11-14,359.05,362.65,356.65,358.05,5905363.0,2120515954.5
2025-11-17,359.75,363.7,358.9,361.4,4493041.0,1625002026.5
2025-11-18,362.45,362.45,358.3,359.05,3554141.0,1277373222.65
2025-11-19,359.05,360.25,357.35,359.45,3569363.0,1280933066.45
2025-11-20,360.5,363.95,359.9,361.4,4168805.0,1509236359.1
2025-11-21,360.0,361.2,357.55,358.2,5875570.0,2107706953.15
2025-11-24,358.2,359.25,354.55,355.85,19478651.0,6930553940.8
2025-11-25,354.5,356.0,350.3,351.75,6515065.0,2299578601.5
2025-11-26,351.75,359.8,351.75,356.4,6349414.0,2268194486.55
2025-11-27,356.4,364.35,356.0,362.25,5683705.0,2058159058.7
2025-11-28,362.25,363.6,359.7,360.9,3053285.0,1101665722.0
2025-12-01,361.9,362.8,357.0,358.2,3297383.0,1184296716.1
2025-12-02,356.0,359.8,355.05,357.45,7352239.0,2628514215.8
2025-12-03,358.0,359.2,349.1,350.3,6490892.0,2283856757.4
2025-12-04,350.3,354.6,350.1,352.75,8305258.0,2929197197.7
2025-12-05,352.1,354.3,348.2,353.3,6012088.0,2112701029.9
2025-12-08,353.3,353.85,340.1,342.6,11238507.0,3867748539.5
2025-12-09,341.0,344.45,336.5,342.85,5469753.0,1866189942.15
2025-12-10,342.85,348.0,341.8,342.6,3749704.0,1291477308.0
2025-12-11,343.0,345.2,340.25,344.0,4041253.0,1385820432.95
2025-12-12,346.8,346.8,341.05,344.4,3316506.0,1140310477.75
2025-12-15,341.8,343.3,336.7,342.5,6075999.0,2066960652.4
2025-12-16,342.5,343.0,334.8,335.4,6230737.0,2100114849.15
2025-12-17,337.05,337.3,332.5,333.95,4532037.0,1515796416.45
2025-12-18,334.9,338.0,330.95,337.0,6827303.0,2286870332.85
2025-12-19,338.0,340.5,336.45,339.2,3443420.0,1166861705.75
2025-12-22,340.5,345.85,339.6,344.3,3206025.0,1102571048.1
2025-12-23,345.8,357.5,343.35,354.2,8591989.0,3034148718.45
2025-12-24,355.1,358.2,353.8,354.75,3790465.0,1348215177.35
2025-12-26,354.85,360.45,353.55,357.1,5271033.0,1888001695.2
2025-12-29,358.0,359.4,353.15,355.95,5665134.0,2013206593.8
2025-12-30,355.9,355.9,350.0,351.4,4931091.0,1736457652.95
2025-12-31,351.6,362.0,351.55,356.8,5847158.0,2095003277.9
2026-01-01,360.0,368.6,359.35,367.7,13409679.0,4891012367.3
2026-01-02,370.0,384.0,369.5,380.65,24228761.0,9207549444.65
2026-01-05,384.4,386.7,377.55,381.0,12532845.0,4780156574.2
2026-01-06,383.0,387.8,378.6,382.85,9931356.0,3804353428.3
2026-01-07,382.85,387.2,381.55,385.25,9531582.0,3665369211.3
2026-01-08,386.0,387.45,369.25,371.4,10208126.0,3850998728.65
2026-01-09,370.0,373.7,362.0,363.6,7858619.0,2888387570.5
2026-01-12,364.0,371.45,358.15,370.5,7377850.0,2704827200.85
2026-01-13,372.6,373.1,363.6,366.9,5886522.0,2162785304.95
2026-01-14,366.75,373.0,364.3,369.9,4870804.0,1802605226.0
2026-01-16,370.0,377.5,369.8,371.0,8728064.0,3254459729.5
2026-01-19,370.9,374.2,368.5,370.1,8850224.0,3276914624.5
2026-01-20,369.75,369.75,357.05,358.9,13205286.0,4799131737.45
2026-01-21,357.15,359.65,351.1,355.8,12973950.0,4608964497.1
2026-01-22,359.95,368.4,359.55,366.2,9495251.0,3466003853.85
2026-01-23,367.25,370.65,360.5,361.35,9232847.0,3371280348.95
2026-01-27,362.9,366.0,359.85,363.95,8191822.0,2975156199.65
2026-01-28,364.95,378.45,363.5,377.5,7509050.0,2797895065.8
2026-01-29,380.0,384.75,373.0,375.3,10070972.0,3810562784.4
2026-01-30,372.55,375.0,359.0,364.1,21086535.0,7682137008.25
2026-02-01,365.3,380.0,350.7,359.85,20059562.0,7411754992.55
2026-02-02,360.0,368.35,354.75,363.1,14465153.0,5216499012.55
2026-02-03,376.0,379.0,368.1,372.5,10441929.0,3884170993.8
2026-02-04,372.5,382.45,369.5,381.6,16212031.0,6147420086.15
2026-02-05,382.7,386.5,378.9,382.1,13810435.0,5287444540.4
2026-02-06,377.65,377.65,368.0,372.5,12996880.0,4821566260.45
2026-02-09,374.0,377.95,354.35,359.9,23301540.0,8426924984.45
2026-02-10,359.9,360.85,354.4,355.8,9568613.0,3407786992.15
2026-02-11,356.0,357.9,352.6,353.95,8989825.0,3186256714.9
2026-02-12,355.0,356.8,349.25,350.7,5630751.0,1984018249.85
2026-02-13,348.1,348.5,339.8,346.9,8552636.0,2946064178.45
2026-02-16,346.1,354.15,343.2,353.5,6203921.0,2171289185.5
2026-02-17,353.7,359.2,352.7,358.6,3611823.0,1288414488.3
2026-02-18,359.9,366.6,358.4,364.3,6009021.0,2184671129.8
2026-02-19,364.45,364.45,351.25,353.55,3754213.0,1341335846.8
2026-02-20,352.8,356.45,352.55,354.2,2080938.0,737488510.55
2026-02-23,356.75,356.85,349.1,352.2,4210986.0,1484594955.7
2026-02-24,351.0,355.85,347.5,354.0,7079250.0,2488156859.0
2026-02-25,356.2,357.5,350.35,354.0,5564761.0,1969488953.25
2026-02-26,354.9,357.5,351.15,354.1,3258960.0,1154283975.8
2026-02-27,353.0,354.2,348.3,349.8,7542283.0,2644864857.8
2026-03-02,339.55,344.4,334.65,338.95,5951923.0,2021807709.4
2026-03-04,335.0,336.25,324.2,328.75,11242119.0,3692086828.45
2026-03-05,330.35,343.4,329.5,341.85,11657520.0,3940162989.0
2026-03-06,340.0,350.8,338.5,339.15,5579379.0,1914364097.75
2026-03-09,332.0,333.2,321.0,324.4,7988489.0,2590811529.05
2026-03-10,332.8,336.3,326.7,334.4,8247861.0,2741010097.95
2026-03-11,334.9,340.65,331.35,333.05,6075561.0,2043977442.05
2026-03-12,331.0,349.45,327.3,343.5,10658407.0,3627429347.85
2026-03-13,341.8,345.05,330.5,331.5,6561611.0,2198215055.25
2026-03-16,332.0,335.4,326.7,332.45,8088028.0,2683119776.7
2026-03-17,333.95,339.4,330.35,337.7,10022642.0,3348644889.35
2026-03-18,341.8,349.15,339.4,348.05,10611550.0,3661171507.05
2026-03-19,343.0,344.0,331.6,333.4,6669467.0,2249032637.5
2026-03-20,335.8,342.0,329.25,330.5,10305459.0,3437149756.4
2026-03-23,327.45,327.45,310.55,316.45,11748371.0,3709400297.55
2026-03-24,322.5,325.8,312.05,320.8,8845151.0,2820321127.85
2026-03-25,324.9,329.15,323.25,327.7,6889607.0,2255916457.85
2026-03-27,326.0,326.0,317.55,318.45,8875060.0,2844683925.0
2026-03-30,314.25,317.7,304.05,305.1,16723499.0,5190353697.55
2026-04-01,319.8,323.7,312.35,322.1,9592156.0,3071162017.55
2026-04-02,317.55,325.95,311.25,324.8,8100516.0,2577768996.5
2026-04-06,323.55,328.25,320.2,327.55,6505082.0,2109439117.7
2026-04-07,325.9,330.6,325.0,329.35,8232651.0,2703018398.1
2026-04-08,344.85,344.85,337.6,342.65,6840941.0,2332562220.9
2026-04-09,342.65,349.85,338.7,346.8,6287331.0,2175834836.4
2026-04-10,349.0,354.3,345.9,349.8,6438338.0,2249567961.05
2026-04-13,341.15,347.85,337.75,347.0,5524253.0,1901953989.5
2026-04-15,350.6,356.25,350.15,352.65,5663934.0,2002619600.15
2026-04-16,355.0,372.6,354.0,364.2,21771221.0,7956134738.8
2026-04-17,364.15,377.7,362.7,373.3,14949943.0,5571042011.65
2026-04-20,373.35,384.55,366.45,382.7,12043689.0,4572238297.75
2026-04-21,382.7,387.45,380.0,383.35,8374408.0,3208975027.3
2026-04-22,380.0,386.25,379.0,383.35,5284649.0,2028201741.6
2026-04-23,381.85,386.1,375.85,376.45,6915475.0,2620740764.65
2026-04-24,377.0,378.75,369.05,374.0,4834153.0,1803361344.2
2026-04-27,376.0,381.95,376.0,378.05,4948268.0,1873153497.95
2026-04-28,377.0,383.5,371.5,375.8,10991705.0,4151337026.8
2026-04-29,368.05,372.45,358.1,363.55,16891422.0,6135611730.55
2026-04-30,361.1,361.1,352.75,354.3,9031675.0,3210306146.2
2026-05-04,356.0,361.15,351.4,353.5,5034010.0,1789684837.55
2026-05-05,353.5,357.8,351.15,356.4,6734583.0,2390526089.9
2026-05-06,358.9,361.1,351.85,359.1,9798302.0,3480928950.85
2026-05-07,360.0,367.3,357.6,359.75,7776265.0,2816177922.15
2026-05-08,359.75,363.6,356.15,359.4,5059153.0,1821151893.1
2026-05-11,358.0,358.8,350.5,351.55,4773107.0,1684725697.85
2026-05-12,350.15,353.65,343.55,344.35,5222169.0,1814152239.9
2026-05-13,345.45,351.1,342.0,346.55,4765260.0,1649228384.3
2026-05-14,349.0,350.55,341.7,348.3,5287354.0,1831853479.7
2026-05-15,349.5,350.25,344.2,345.85,3222539.0,1119486235.85
2026-05-18,345.0,345.0,331.65,333.7,6159707.0,2059639216.3
2026-05-19,333.7,337.15,332.8,334.25,2521354.0,844653230.55
2026-05-20,333.4,335.0,328.15,333.0,3723835.0,1233169329.55
2026-05-21,336.4,338.8,333.0,333.7,4807537.0,1613450767.65
2026-05-22,335.5,338.0,332.4,336.95,4613260.0,1550465656.35
2026-05-25,340.0,345.0,340.0,342.2,3489013.0,1194017571.75
2026-05-26,344.0,344.45,336.3,337.6,3913330.0,1329610052.1
2026-05-27,337.0,340.65,336.6,339.7,3232759.0,1094543142.75
2026-05-29,342.5,343.65,335.0,337.65,10274190.0,3476684081.55
2026-06-01,339.65,339.85,331.0,331.4,4076940.0,1363592328.55
2026-06-02,329.95,330.4,321.0,325.05,6501043.0,2109655415.55
2026-06-03,325.8,327.5,322.6,325.65,4526029.0,1470964469.65
2026-06-04,325.65,336.2,325.1,335.2,8844070.0,2941577910.5
2026-06-05,336.8,346.8,336.2,343.9,11008792.0,3772700859.65
2026-06-08,340.0,346.4,338.45,343.4,11062037.0,3799659784.3
2026-06-09,344.25,352.8,343.45,352.1,6850589.0,2396252161.65
2026-06-10,352.0,354.8,347.8,348.8,4341800.0,1523401939.4
2026-06-11,348.5,349.55,335.7,336.85,5830091.0,1981572563.25
2026-06-12,341.25,348.75,339.9,348.05,2634728.0,907729362.4
2026-06-15,353.7,354.45,350.5,351.85,3911854.0,1380357063.45
2026-06-16,353.0,358.75,352.4,356.55,3407173.0,1212628583.15
2026-06-17,357.5,360.0,354.3,358.75,2690056.0,961735083.2
2026-06-18,359.8,364.85,353.75,358.7,4640982.0,1666149842.65
2026-06-19,355.2,357.95,352.8,355.35,2926136.0,1040209796.65
2026-06-22,355.35,370.75,355.35,369.85,9413420.0,3453820133.6
2026-06-23,371.0,371.3,361.15,361.9,5760725.0,2096762152.05
2026-06-24,362.15,365.35,360.55,363.65,5365537.0,1948291876.85
2026-06-25,366.1,368.0,360.0,364.65,6473908.0,2352269798.75
2026-06-29,365.55,367.95,363.0,364.95,10623804.0,3881290229.85
2026-06-30,364.95,367.8,362.5,363.8,10340613.0,3773399891.45
2026-07-01,365.0,370.95,362.0,370.1,7320424.0,2698952512.1
2026-07-02,371.0,371.0,367.0,369.6,4706399.0,1736070877.65
2026-07-03,372.0,372.35,363.85,365.15,7114745.0,2606756429.55
2026-07-06,365.15,367.85,362.25,364.75,3202704.0,1166420536.5
2026-07-07,364.0,365.8,355.1,356.25,4139869.0,1482356296.15
2026-07-08,353.75,358.5,346.5,348.75,7750983.0,2736588861.25
2026-07-09,349.1,353.95,345.7,352.0,5543794.0,1941292518.65
2026-07-10,354.0,356.65,350.75,351.95,4023218.0,1421209481.0
2026-07-13,349.1,352.6,347.3,351.05,3848578.0,1346491459.5
2026-07-14,348.0,353.6,346.85,352.45,3710161.0,1296752390.15
2026-07-15,354.0,356.45,350.55,351.7,3884183.0,1373251659.75
2026-07-16,353.2,355.65,349.05,349.6,4094233.0,1442047331.35
2026-07-17,350.0,357.0,347.4,355.1,7268772.0,2568535491.8
2026-07-20,353.0,364.7,352.0,363.5,6786498.0,2449247702.0
2026-07-21,362.5,363.9,357.05,362.05,3426706.0,1238249650.35
2026-07-22,360.3,362.0,357.4,360.65,2248543.0,809428899.45
2026-07-23,358.05,362.35,356.4,358.45,3028005.0,1088376584.75
2026-07-24,354.9,364.5,354.9,361.6,4578306.0,1647414829.4
2026-07-27,357.5,368.85,356.9,368.15,9400642.0,3434479699.3
2026-07-28,368.0,372.1,365.25,368.45,4252211.0,1571086133.0
2026-07-29,370.0,378.7,369.05,374.25,6301213.0,2357073108.35
2026-07-30,372.8,377.25,371.15,374.9,4027680.0,1509820166.35
2026-07-31,372.6,374.0,370.0,372.95,3604289.0,1341958560.35
2026-08-03,374.0,376.7,367.05,368.1,3512873.0,1304560789.1
2026-08-04,368.15,370.8,366.8,368.0,3526856.0,1301910537.3
2026-08-05,369.45,372.3,363.6,366.0,3267609.0,1197414786.15
2026-08-06,366.05,367.0,361.5,361.5,3944657.0,1432123285.55
2026-08-07,361.95,368.7,361.5,367.0,4061190.0,1487882755.35
2026-08-10,366.3,366.3,342.0,343.75,12493406.0,4378880666.8
2026-08-11,345.0,347.0,341.15,344.7,9711188.0,3328569064.25
2026-08-12,344.7,347.2,339.0,346.0,11330857.0,3885863057.85
2026-08-13,345.9,347.2,342.05,346.5,8279525.0,2850122288.85
2026-08-14,344.15,344.5,334.5,335.0,7298422.0,2456605832.35
2026-08-17,335.5,340.2,333.2,340.0,5176231.0,1743790412.9
2026-08-18,340.0,341.85,338.5,338.5,5976016.0,2033913871.5
2026-08-19,339.2,340.7,336.3,337.0,5097595.0,1727859386.0
2026-08-20,338.0,338.6,327.5,328.1,7840724.0,2583499465.7
2026-08-21,328.5,330.45,325.3,326.65,4327678.0,1416146957.95
2026-08-24,326.65,328.65,323.55,327.9,5668109.0,1847428545.95
2026-08-25,327.9,329.0,323.45,326.0,4219283.0,1377508579.5
2026-08-26,326.1,329.45,321.95,322.2,3061499.0,994903928.1
2026-08-27,323.15,324.55,317.3,320.9,6223407.0,1997351771.5
2026-08-28,320.9,321.95,316.0,316.8,4333649.0,1380213060.1
2026-08-31,316.85,323.3,311.1,323.3,8007477.0,2524179468.55
2026-09-01,318.4,318.4,313.0,314.05,6496998.0,2045648461.85
2026-09-02,312.0,318.5,310.4,316.45,4975534.0,1570207616.0
2026-09-03,318.0,320.7,312.2,313.6,4295735.0,1357565124.65
2026-09-04,313.6,320.2,313.2,318.7,5894088.0,1865281157.5
2026-09-07,319.0,321.4,316.05,316.4,3769684.0,1200871923.55
2026-09-08,316.8,318.0,314.0,317.85,4604418.0,1455204630.35
2026-09-09,316.55,317.35,313.6,314.5,3145078.0,994303524.3
2026-09-10,313.9,316.9,312.65,313.8,3526950.0,1109225947.45
2026-09-11,312.0,315.05,311.25,312.7,4509899.0,1413393520.45
2026-09-15,313.0,314.8,308.5,308.5,4665696.0,1459539581.65
2026-09-16,308.7,315.5,308.7,312.65,4651938.0,1457005670.5
2026-09-17,314.0,315.05,310.5,310.5,3222931.0,1007423290.5
2026-09-18,311.0,313.4,309.05,312.0,4686436.0,1460489170.25
2026-09-21,312.0,313.45,310.2,310.2,3372052.0,1050949525.05
2026-09-22,310.3,311.0,307.1,307.1,4641953.0,1433837012.35
2026-09-23,308.0,313.4,307.65,311.5,5448840.0,1694569051.7
2026-09-24,309.85,310.85,307.2,308.25,5871620.0,1814763582.75
2026-09-25,309.2,312.95,307.25,312.95,3896789.0,1209783413.8
2026-09-28,310.1,311.6,303.25,303.25,6245559.0,1914424025.7
2026-09-29,302.2,303.15,292.2,292.45,39781303.0,11693277692.55
