date,open,high,low,close,volume,value
2017-04-05,555.05,636.2,555.0,632.45,20556468.0,12388288836.05
2017-04-06,637.0,650.9,622.1,630.2,2602526.0,1655516019.35
2017-04-07,622.0,695.8,616.6,686.2,5816685.0,3869731438.65
2017-04-10,690.0,786.3,690.0,753.35,7677799.0,5750779646.1
2017-04-11,758.0,788.8,752.0,776.05,2615478.0,2022410241.65
2017-04-12,780.0,784.7,746.65,757.9,1106184.0,839141944.35
2017-04-13,756.0,787.4,747.0,758.45,1565838.0,1204464500.5
2017-04-17,762.0,764.95,742.25,747.6,403740.0,302957588.75
2017-04-18,751.75,751.75,713.1,718.5,414386.0,303284884.75
2017-04-19,719.5,739.0,715.55,727.35,367946.0,267908941.7
2017-04-20,730.45,741.75,720.5,733.2,354376.0,259870983.3
2017-04-21,735.95,739.5,722.0,726.1,174889.0,127744993.75
2017-04-24,725.1,729.75,705.1,707.85,139249.0,99435939.1
2017-04-25,715.0,728.9,708.15,723.7,300306.0,216145555.95
2017-04-26,726.15,734.8,710.0,717.0,183150.0,132591247.3
2017-04-27,715.1,722.45,704.25,707.85,58428.0,41631880.85
2017-04-28,710.95,716.8,700.0,703.5,73468.0,52010186.75
2017-05-02,708.95,708.95,671.8,676.15,358398.0,245787531.9
2017-05-03,675.0,685.2,673.3,676.7,117620.0,79716543.95
2017-05-04,679.9,699.7,675.85,694.8,234503.0,161640636.6
2017-05-05,691.15,716.6,687.95,705.1,449936.0,316654645.45
2017-05-08,711.9,735.0,695.0,707.0,2488209.0,1751609907.7
2017-05-09,714.0,724.7,710.5,718.1,213147.0,153074591.7
2017-05-10,720.0,733.0,715.05,726.45,175325.0,126850427.4
2017-05-11,730.0,732.2,717.05,720.35,86999.0,63097249.45
2017-05-12,721.0,722.85,703.0,708.4,66481.0,47318521.75
2017-05-15,709.95,713.05,696.15,702.1,56060.0,39418835.55
2017-05-16,703.0,707.2,695.0,699.65,37724.0,26449696.75
2017-05-17,700.0,704.4,697.1,700.6,36877.0,25854436.35
2017-05-18,698.0,712.2,682.25,703.95,79284.0,55787531.4
2017-05-19,709.55,715.0,703.0,706.7,117197.0,83158400.85
2017-05-22,710.0,711.55,691.0,696.5,55383.0,38835497.25
2017-05-23,707.9,707.9,675.0,683.1,48334.0,33284747.2
2017-05-24,685.0,695.5,665.35,670.8,144335.0,97914700.35
2017-05-25,672.0,695.0,670.1,694.0,72139.0,49657161.7
2017-05-26,688.05,707.0,688.05,701.55,55798.0,39098384.2
2017-05-29,695.0,704.95,684.55,694.55,38620.0,26930417.0
2017-05-30,686.8,709.9,685.0,697.45,93458.0,65529719.0
2017-05-31,691.55,716.8,691.25,710.3,76874.0,54560255.3
2017-06-01,717.0,723.8,710.1,711.0,59607.0,42641663.15
2017-06-02,711.85,721.9,708.2,710.2,45031.0,32145231.15
2017-06-05,710.8,718.95,702.1,707.5,26256.0,18733701.95
2017-06-06,712.0,715.0,692.2,706.6,33347.0,23546165.85
2017-06-07,703.75,722.9,703.75,718.45,45809.0,32714727.45
2017-06-08,712.0,812.0,712.0,796.8,1388847.0,1097473905.8
2017-06-09,801.9,836.4,795.05,816.3,920821.0,756995791.75
2017-06-12,811.1,826.3,790.65,799.75,206539.0,167460592.95
2017-06-13,804.8,817.5,792.95,798.05,102673.0,82645500.25
2017-06-14,802.0,805.2,781.0,789.8,100303.0,79293147.45
2017-06-15,791.85,802.45,779.0,786.7,142564.0,112537322.15
2017-06-16,785.55,849.0,785.55,831.3,842904.0,697734138.15
2017-06-19,840.0,841.65,815.0,821.3,155761.0,129053563.1
2017-06-20,825.0,859.9,824.0,845.65,262712.0,222209664.45
2017-06-21,843.5,860.0,832.1,850.85,155290.0,131879723.35
2017-06-22,851.2,870.0,842.45,848.0,143756.0,123448693.05
2017-06-23,851.95,853.5,811.15,816.5,118500.0,97889628.65
2017-06-27,813.0,832.65,811.1,818.2,83056.0,68139095.4
2017-06-28,819.0,824.95,812.0,820.45,49537.0,40518773.5
2017-06-29,818.8,843.0,818.8,826.15,69222.0,57577016.55
2017-06-30,824.95,835.95,808.0,809.6,54656.0,44738359.4
2017-07-03,815.9,846.05,812.05,832.2,132328.0,109887243.95
2017-07-04,832.7,840.0,828.05,834.95,55417.0,46226980.8
2017-07-05,826.15,907.7,826.15,899.1,477147.0,421479446.7
2017-07-06,905.0,1031.9,905.0,959.6,1966486.0,1934526837.6
2017-07-07,960.0,1003.7,960.0,993.55,797528.0,788707576.55
2017-07-10,1050.0,1050.0,925.55,1014.05,88395.0,89222833.1
2017-07-11,1018.9,1024.0,995.4,1004.6,160929.0,162109988.7
2017-07-12,1022.0,1098.95,1005.0,1064.45,1193353.0,1267481478.6
2017-07-13,1075.0,1112.4,1051.0,1082.15,590477.0,642008191.05
2017-07-14,1087.5,1091.9,946.25,987.15,897440.0,897608240.3
2017-07-17,994.55,1003.5,952.6,972.5,291525.0,285848021.0
2017-07-18,975.4,1038.0,957.7,1019.4,549667.0,555309496.15
2017-07-19,1029.1,1032.9,995.0,998.65,225805.0,227692916.25
2017-07-20,1004.7,1027.4,995.25,1005.85,147689.0,149178711.5
2017-07-21,1011.0,1016.0,995.0,998.5,103476.0,103794704.9
2017-07-24,1006.55,1022.5,995.0,998.65,125951.0,126600736.2
2017-07-25,1001.0,1024.0,990.0,1004.05,138527.0,139625548.6
2017-07-26,1009.8,1018.8,1000.85,1010.65,117075.0,118181562.65
2017-07-27,1020.0,1022.4,1001.05,1014.4,97589.0,98579512.95
2017-07-28,990.0,1034.9,990.0,1024.1,91761.0,93718763.0
2017-07-31,1024.95,1045.0,1010.0,1027.75,69122.0,71120997.2
2017-08-01,1031.1,1034.8,1001.05,1007.65,44703.0,45392448.0
2017-08-02,1016.75,1020.0,1005.05,1016.75,26458.0,26867365.65
2017-08-03,1023.7,1023.7,997.05,1002.7,36214.0,36439073.2
2017-08-04,1006.0,1026.8,1002.0,1009.45,44847.0,45318744.65
2017-08-07,1012.95,1084.0,1006.0,1075.9,245603.0,259768596.65
2017-08-08,1089.7,1095.0,1042.0,1082.4,151265.0,162691772.95
2017-08-09,1080.0,1091.25,1040.0,1047.65,71171.0,75890827.9
2017-08-10,1055.0,1060.25,980.0,986.2,221594.0,223635038.25
2017-08-11,960.0,1013.5,957.85,997.7,178459.0,176971555.35
2017-08-14,1002.0,1031.0,992.9,1019.3,69900.0,71184980.2
2017-08-16,1028.9,1083.9,1020.0,1067.8,103392.0,109598527.6
2017-08-17,1073.8,1085.0,1055.0,1070.65,58331.0,62634722.65
2017-08-18,1067.0,1067.0,1027.8,1043.85,35625.0,37219312.85
2017-08-21,1052.8,1078.0,1024.2,1062.55,99122.0,104402226.05
2017-08-22,1071.0,1078.0,1059.4,1071.1,40851.0,43673495.5
2017-08-23,1082.4,1211.0,1073.25,1179.6,871919.0,1014496628.1
2017-08-24,1180.0,1207.4,1138.05,1154.95,232951.0,273692793.0
2017-08-28,1162.0,1176.0,1141.0,1158.55,70011.0,80922419.35
2017-08-29,1143.15,1185.3,1136.0,1143.75,141522.0,165144973.35
2017-08-30,1178.0,1195.0,1166.1,1179.5,99585.0,117457344.85
2017-08-31,1175.0,1210.0,1150.05,1193.15,114177.0,135029455.85
2017-09-01,1205.0,1254.95,1205.0,1223.75,262442.0,323211113.95
2017-09-04,1222.0,1222.0,1172.05,1207.4,78323.0,94062971.1
2017-09-05,1218.0,1345.0,1207.5,1314.7,550479.0,711682171.95
2017-09-06,1328.7,1444.0,1328.0,1402.1,1404240.0,1956903772.95
2017-09-07,1414.75,1484.0,1410.0,1467.65,1114324.0,1619240231.35
2017-09-08,1483.0,1518.0,1446.6,1484.6,755413.0,1122103642.35
2017-09-11,1495.0,1498.0,1428.0,1449.6,317700.0,462341269.3
2017-09-12,1455.0,1462.0,1406.0,1412.8,209370.0,298194244.8
2017-09-13,1419.8,1460.0,1402.0,1437.3,234520.0,335535663.25
2017-09-14,1428.0,1458.95,1421.1,1433.8,136787.0,196955385.2
2017-09-15,1446.0,1454.8,1401.0,1425.3,147658.0,211567019.2
2017-09-18,1440.0,1468.1,1408.7,1414.0,183208.0,263641945.95
2017-09-19,1425.85,1444.0,1421.0,1431.0,99050.0,141775931.75
2017-09-20,1439.0,1440.0,1414.05,1418.85,44751.0,63805302.15
2017-09-21,1418.1,1440.0,1414.0,1423.8,80386.0,114647413.0
2017-09-22,1414.0,1426.4,1378.7,1397.65,93361.0,131111162.45
2017-09-25,1398.0,1439.0,1366.3,1399.15,229221.0,322182078.05
2017-09-26,1400.0,1444.4,1386.1,1404.3,207768.0,294444011.0
2017-09-27,1404.5,1425.0,1378.9,1385.45,76474.0,107622527.1
2017-09-28,1385.25,1403.5,1353.25,1384.3,75006.0,103658631.25
2017-09-29,1394.85,1495.0,1385.0,1428.65,299630.0,435404806.35
2017-10-03,1439.0,1466.45,1431.3,1448.35,94013.0,136013585.75
2017-10-04,1459.65,1574.6,1427.05,1521.25,578991.0,881515521.05
2017-10-05,1531.9,1549.0,1504.0,1520.05,160166.0,244528543.05
2017-10-06,1532.0,1540.0,1505.05,1513.25,66103.0,100691074.9
2017-10-09,1523.8,1523.8,1467.0,1499.8,129732.0,195761853.95
2017-10-10,1505.0,1512.0,1475.0,1487.0,48346.0,72187375.75
2017-10-11,1497.8,1545.0,1454.95,1473.3,176279.0,265823043.2
2017-10-12,1479.95,1534.9,1473.3,1509.4,146469.0,220811573.75
2017-10-13,1520.0,1529.9,1485.1,1491.75,125863.0,189626096.75
2017-10-16,1502.9,1510.95,1480.0,1494.3,32358.0,48416764.2
2017-10-17,1501.9,1501.9,1456.3,1469.6,52944.0,78122482.75
2017-10-18,1469.7,1474.8,1433.8,1437.85,49854.0,72128872.35
2017-10-19,1434.2,1454.95,1434.0,1442.75,10508.0,15154560.2
2017-10-23,1454.95,1477.4,1366.0,1381.45,72603.0,102714846.45
2017-10-24,1390.0,1435.0,1390.0,1425.85,130178.0,185218131.8
2017-10-25,1437.8,1500.0,1427.0,1455.15,70313.0,103162621.05
2017-10-26,1465.8,1490.0,1442.55,1474.4,36622.0,53654318.2
2017-10-27,1498.0,1537.6,1475.0,1496.65,95312.0,143648858.55
2017-10-30,1515.0,1515.0,1475.25,1485.0,42805.0,64020705.25
2017-10-31,1493.85,1495.45,1475.05,1489.5,17255.0,25621065.3
2017-11-01,1515.0,1539.85,1481.0,1488.2,78397.0,118407562.5
2017-11-02,1488.2,1506.0,1480.0,1488.35,26308.0,39253709.3
2017-11-03,1486.15,1513.7,1470.0,1498.7,65656.0,98379556.65
2017-11-06,1499.95,1522.0,1458.15,1470.75,56597.0,84642744.65
2017-11-07,1480.0,1515.0,1480.0,1492.95,101158.0,151828524.35
2017-11-08,1491.0,1504.95,1452.55,1460.15,35954.0,53206043.1
2017-11-09,1472.35,1489.4,1440.05,1459.35,51824.0,76053116.6
2017-11-10,1451.0,1504.0,1446.45,1473.95,62325.0,92331115.6
2017-11-13,1483.95,1483.95,1465.0,1471.75,30378.0,44714813.1
2017-11-14,1474.5,1520.0,1453.65,1484.75,211688.0,316507909.25
2017-11-15,1470.0,1490.0,1450.05,1470.95,58373.0,85894152.45
2017-11-16,1476.0,1521.05,1474.1,1488.4,62898.0,93760338.4
2017-11-17,1500.0,1514.15,1486.0,1490.45,37496.0,56174493.3
2017-11-20,1490.0,1508.7,1479.0,1499.35,21970.0,32905527.85
2017-11-21,1500.0,1519.95,1481.0,1488.7,35676.0,53427300.1
2017-11-22,1489.95,1518.0,1475.0,1499.05,150181.0,224435984.3
2017-11-23,1508.8,1784.4,1487.1,1658.15,577198.0,964121506.95
2017-11-24,1666.45,1697.0,1622.05,1642.5,214587.0,357716306.55
2017-11-27,1648.0,1654.6,1610.0,1628.9,47089.0,76733056.8
2017-11-28,1640.0,1819.0,1630.0,1768.25,389364.0,674566438.4
2017-11-29,1841.0,1998.9,1831.05,1949.75,772003.0,1479164470.3
2017-11-30,1921.0,2139.8,1911.6,2079.0,1265964.0,2598205979.45
2017-12-01,2091.7,2180.0,2066.3,2127.35,825723.0,1758771644.35
2017-12-04,2165.0,2248.0,2080.0,2217.7,609450.0,1334250227.6
2017-12-05,2245.0,2364.8,2223.55,2270.0,1220408.0,2803739122.9
2017-12-06,2232.0,2235.75,1860.15,1911.05,1614463.0,3309600371.05
2017-12-07,1920.0,1979.9,1720.1,1907.4,2552400.0,4735715383.9
2017-12-08,1910.0,1974.8,1854.0,1873.25,805755.0,1545897110.8
2017-12-11,1892.8,1919.0,1825.0,1835.5,359672.0,672042953.95
2017-12-12,1834.95,1850.05,1725.0,1735.15,515708.0,917854595.55
2017-12-13,1732.0,1830.0,1690.0,1744.2,1023465.0,1813878678.75
2017-12-14,1773.95,1839.5,1745.0,1824.3,566192.0,1016385867.8
2017-12-15,1859.9,1873.0,1808.0,1815.85,320048.0,588708156.95
2017-12-18,1798.9,1878.4,1720.0,1829.6,331837.0,604997308.1
2017-12-19,1843.0,1868.0,1823.0,1836.5,152877.0,281909357.25
2017-12-20,1843.0,1858.0,1820.0,1830.2,135242.0,248730728.0
2017-12-21,1837.95,1858.0,1812.05,1828.95,114497.0,210474951.6
2017-12-22,1835.0,1850.7,1806.15,1816.9,106918.0,195481492.0
2017-12-26,1817.5,1833.35,1790.05,1801.8,74706.0,135372756.15
2017-12-27,1807.1,1870.0,1779.0,1788.7,211177.0,384248192.65
2017-12-28,1794.0,1820.0,1778.0,1783.4,78023.0,140112475.95
2017-12-29,1791.5,1804.4,1774.4,1779.2,66469.0,118875570.4
2018-01-01,1780.0,1828.0,1777.0,1783.4,77598.0,139652620.9
2018-01-02,1791.0,1803.45,1764.05,1775.05,58289.0,103983004.05
2018-01-03,1787.0,1794.4,1755.0,1772.65,54698.0,97165734.05
2018-01-04,1785.0,1787.0,1717.1,1730.45,103721.0,180935401.0
2018-01-05,1725.0,1806.0,1715.05,1758.55,198238.0,346667160.8
2018-01-08,1810.85,1810.85,1736.0,1747.45,155655.0,275882559.1
2018-01-09,1758.0,1760.0,1706.0,1714.6,96258.0,165971227.55
2018-01-10,1719.9,1749.9,1705.0,1712.65,67574.0,116307887.25
2018-01-11,1710.0,1733.0,1701.0,1708.7,93365.0,160414072.6
2018-01-12,1719.95,1737.95,1700.0,1714.8,113618.0,195467044.7
2018-01-15,1725.0,1845.95,1705.25,1816.15,461368.0,821984193.35
2018-01-16,1835.1,1843.3,1743.5,1751.15,187422.0,333181277.3
2018-01-17,1715.0,1808.0,1715.0,1775.8,157255.0,276820813.6
2018-01-18,1764.0,1780.0,1717.85,1730.8,79052.0,138125614.3
2018-01-19,1727.0,1745.0,1705.0,1716.35,42757.0,73542779.05
2018-01-22,1712.0,1764.95,1705.0,1719.1,75241.0,130374311.6
2018-01-23,1728.9,1742.95,1712.0,1722.25,49516.0,85409197.8
2018-01-24,1734.0,1737.95,1700.0,1710.3,38882.0,66831125.05
2018-01-25,1723.0,1755.95,1666.8,1687.0,104551.0,179726913.35
2018-01-29,1695.95,1695.95,1623.25,1633.8,73599.0,121599384.45
2018-01-30,1629.5,1678.8,1588.0,1606.45,225288.0,364419065.8
2018-01-31,1588.0,1720.95,1580.5,1693.6,247905.0,409797729.6
2018-02-01,1729.9,1740.0,1620.3,1656.95,126987.0,214217714.6
2018-02-02,1644.0,1644.0,1480.2,1573.45,110238.0,174650633.8
2018-02-05,1512.0,1688.0,1490.0,1660.4,156438.0,253581780.35
2018-02-06,1530.0,1675.0,1524.0,1640.7,197394.0,321252786.95
2018-02-07,1666.0,1736.0,1666.0,1710.7,159331.0,271404364.1
2018-02-08,1725.05,1809.0,1725.05,1796.8,194588.0,346633539.25
2018-02-09,1750.0,1798.15,1715.15,1771.45,75323.0,132968558.05
2018-02-12,1780.35,1825.0,1758.55,1779.8,51783.0,93133405.8
2018-02-14,1789.9,1817.0,1770.0,1782.2,39613.0,71019812.8
2018-02-15,1796.95,1819.95,1756.15,1777.45,56563.0,101135748.1
2018-02-16,1784.5,1789.95,1729.05,1741.1,29632.0,51966596.95
2018-02-19,1740.1,1749.8,1683.05,1690.3,46792.0,79431268.7
2018-02-20,1699.0,1732.85,1692.05,1707.3,34170.0,58428523.45
2018-02-21,1730.0,1730.0,1700.1,1716.1,21272.0,36453018.1
2018-02-22,1730.0,1730.0,1691.0,1698.05,17065.0,29042923.4
2018-02-23,1700.0,1719.8,1690.55,1704.6,36226.0,61659633.55
2018-02-26,1710.0,1729.0,1682.05,1693.1,40542.0,69215335.6
2018-02-27,1710.0,1750.0,1681.0,1711.55,59001.0,101332245.5
2018-02-28,1710.0,1809.0,1690.0,1791.35,146883.0,259720457.45
2018-03-01,1798.85,1919.6,1798.0,1850.25,518285.0,968355198.0
2018-03-05,1845.0,1845.05,1762.25,1780.3,84510.0,152014280.85
2018-03-06,1783.05,1827.75,1750.1,1761.3,54844.0,98147944.25
2018-03-07,1768.95,1768.95,1702.1,1716.55,48547.0,83830267.45
2018-03-08,1723.0,1757.95,1669.9,1717.45,93973.0,161676502.5
2018-03-09,1731.0,1769.0,1721.2,1737.9,69431.0,121359064.55
2018-03-12,1759.8,1785.45,1732.55,1754.8,256882.0,451019837.0
2018-03-13,1785.0,1840.0,1772.0,1785.95,150999.0,272074181.25
2018-03-14,1775.0,1800.0,1715.0,1723.65,100255.0,175026128.1
2018-03-15,1737.0,1767.0,1713.9,1732.5,57217.0,99340068.0
2018-03-16,1740.0,1750.0,1714.9,1721.75,58500.0,101202506.75
2018-03-19,1734.0,1736.05,1695.0,1704.95,34807.0,59456425.9
2018-03-20,1702.0,1719.95,1662.05,1708.55,70567.0,119886680.75
2018-03-21,1710.1,1737.0,1710.1,1720.75,30413.0,52406991.05
2018-03-22,1724.0,1731.05,1706.0,1716.15,26245.0,45034499.95
2018-03-23,1685.05,1700.0,1670.1,1686.15,26903.0,45299754.15
2018-03-26,1686.0,1725.0,1671.05,1711.4,63673.0,107760756.35
2018-03-27,1729.6,1748.0,1716.8,1725.7,23787.0,41089434.0
2018-03-28,1705.05,1778.0,1705.05,1752.8,33606.0,58485480.35
2018-04-02,1769.0,1895.4,1760.75,1855.2,134131.0,246994483.95
2018-04-03,1821.0,1845.0,1805.35,1813.2,41703.0,75923921.05
2018-04-04,1828.95,1839.0,1756.0,1792.6,39366.0,70940954.95
2018-04-05,1822.0,1830.0,1800.0,1805.1,22000.0,39860577.75
2018-04-06,1817.8,1821.0,1785.0,1791.45,55700.0,99901678.65
2018-04-09,1810.0,1877.95,1786.0,1845.2,98502.0,180078439.5
2018-04-10,1835.0,1859.0,1792.0,1803.4,148196.0,268198388.75
2018-04-11,1816.85,1818.05,1790.0,1807.15,35864.0,64708449.85
2018-04-12,1808.0,1811.05,1789.25,1802.3,39935.0,72034535.55
2018-04-13,1812.0,1848.7,1800.1,1804.8,59954.0,109416344.85
2018-04-16,1792.0,1848.5,1785.05,1831.7,50383.0,91699141.4
2018-04-17,1824.9,1829.85,1792.0,1803.8,34088.0,61768666.55
2018-04-18,1811.0,1840.0,1799.0,1808.45,43937.0,79803419.5
2018-04-19,1818.95,1824.0,1804.5,1815.25,35441.0,64266354.75
2018-04-20,1816.9,1818.0,1795.0,1802.15,34799.0,62755123.2
2018-04-23,1815.0,1828.0,1802.0,1804.15,27232.0,49411155.2
2018-04-24,1802.0,2024.0,1802.0,1958.25,644898.0,1252858211.8
2018-04-25,1947.0,1978.0,1901.9,1938.35,228597.0,442543495.55
2018-04-26,1940.0,2090.15,1921.3,1955.0,366652.0,740538076.15
2018-04-27,1970.0,1995.0,1931.05,1948.4,83135.0,163137630.7
2018-04-30,1960.0,1985.0,1932.0,1951.35,60641.0,118666437.9
2018-05-02,1962.0,2030.0,1935.0,1953.35,131513.0,259949862.45
2018-05-03,1952.0,1967.85,1910.1,1943.65,87483.0,169486414.05
2018-05-04,1947.95,1985.0,1911.05,1923.15,67924.0,132308240.5
2018-05-07,1937.0,1945.0,1877.7,1888.7,44461.0,85099813.4
2018-05-08,1894.0,1909.0,1836.0,1849.2,69482.0,129366974.85
2018-05-09,1859.0,1859.0,1798.95,1814.4,57950.0,105523706.2
2018-05-10,1818.0,1919.0,1803.7,1864.25,160076.0,297301606.75
2018-05-11,1875.0,1928.4,1860.0,1872.7,123329.0,233553498.5
2018-05-14,1872.0,1935.0,1870.0,1907.85,125402.0,239542683.6
2018-05-15,1900.0,1955.0,1900.0,1907.8,75984.0,146076764.0
2018-05-16,1905.0,1934.0,1890.05,1894.2,78009.0,148476995.85
2018-05-17,1909.0,1925.0,1861.25,1867.25,61521.0,115686091.6
2018-05-18,1881.0,1910.0,1833.0,1865.7,59004.0,110362490.95
2018-05-21,1867.0,1893.7,1802.5,1816.45,45008.0,83710834.5
2018-05-22,1827.8,1899.8,1820.0,1881.65,91300.0,169206822.5
2018-05-23,1890.0,1967.45,1882.0,1907.35,225896.0,435172697.0
2018-05-24,1916.9,1944.95,1821.15,1837.8,87724.0,165669575.45
2018-05-25,1846.95,1896.0,1842.0,1878.6,42402.0,79484114.25
2018-05-28,1898.0,1907.95,1872.15,1882.95,27154.0,51299736.4
2018-05-29,1880.9,1887.95,1850.0,1851.15,30650.0,57070052.1
2018-05-30,1849.0,1868.2,1771.0,1785.55,313875.0,567144126.45
2018-05-31,1785.0,1858.0,1428.45,1768.3,2171222.0,3551925517.8
2018-06-01,1767.9,1780.0,1596.35,1624.75,385058.0,637318051.75
2018-06-04,1598.0,1622.55,1452.6,1503.35,936366.0,1443112131.3
2018-06-05,1502.5,1589.9,1490.35,1559.9,502075.0,773808050.1
2018-06-06,1574.0,1606.3,1530.1,1589.1,317618.0,497495631.3
2018-06-07,1592.0,1656.5,1581.0,1632.35,263442.0,426189462.95
2018-06-08,1605.0,1734.0,1605.0,1702.45,320503.0,539772152.65
2018-06-11,1710.95,1749.0,1650.0,1688.4,154244.0,262522582.4
2018-06-12,1705.0,1715.95,1669.0,1707.25,127434.0,216330315.0
2018-06-13,1721.0,1732.0,1678.9,1693.0,77631.0,132613734.85
2018-06-14,1690.1,1702.0,1670.1,1680.65,53878.0,90971994.7
2018-06-15,1689.0,1725.0,1673.0,1711.55,99331.0,168736082.35
2018-06-18,1715.0,1716.7,1674.0,1681.35,37400.0,63155643.95
2018-06-19,1676.0,1680.0,1631.0,1639.3,47587.0,78567709.25
2018-06-20,1635.0,1672.65,1629.2,1637.25,37213.0,61288882.6
2018-06-21,1659.95,1659.95,1589.15,1611.9,86311.0,139605285.6
2018-06-22,1610.0,1630.0,1595.55,1600.75,65917.0,106056986.9
2018-06-25,1608.0,1629.65,1595.05,1603.5,40139.0,64552706.25
2018-06-26,1611.0,1627.35,1589.1,1602.7,52445.0,84037447.9
2018-06-27,1601.05,1610.0,1530.0,1557.3,55237.0,87073840.65
2018-06-28,1562.75,1562.75,1484.25,1497.2,49853.0,75347226.5
2018-06-29,1501.0,1571.85,1501.0,1548.15,66745.0,103441638.7
2018-07-02,1577.95,1577.95,1511.0,1534.45,45464.0,69993283.45
2018-07-03,1529.9,1547.95,1528.9,1534.4,34762.0,53463068.1
2018-07-04,1530.1,1580.0,1520.1,1550.1,161365.0,249756970.8
2018-07-05,1550.0,1574.0,1533.0,1542.6,25840.0,39992205.1
2018-07-06,1540.1,1567.0,1523.1,1547.35,29034.0,45125754.55
2018-07-09,1560.0,1590.0,1531.05,1540.1,46238.0,72174836.35
2018-07-10,1551.65,1575.0,1542.1,1561.0,69345.0,108335570.15
2018-07-11,1552.2,1591.65,1545.4,1563.95,66081.0,103410338.1
2018-07-12,1572.0,1575.65,1560.05,1563.65,33506.0,52501283.85
2018-07-13,1574.95,1574.95,1505.8,1518.2,52030.0,79608686.65
2018-07-16,1521.0,1550.0,1475.3,1488.65,51096.0,76736921.1
2018-07-17,1487.0,1535.15,1482.75,1526.4,34053.0,51426080.65
2018-07-18,1526.25,1560.0,1525.0,1537.6,36771.0,56860133.0
2018-07-19,1536.0,1547.3,1485.0,1501.05,38488.0,58110951.8
2018-07-20,1509.0,1518.95,1485.0,1494.35,26046.0,38977463.8
2018-07-23,1510.0,1548.5,1491.1,1536.0,35917.0,54680695.45
2018-07-24,1529.3,1560.0,1528.3,1549.1,43539.0,67557972.6
2018-07-25,1545.0,1565.0,1545.0,1553.75,37193.0,57825499.95
2018-07-26,1565.5,1565.5,1533.35,1550.3,17966.0,27845682.8
2018-07-27,1550.0,1625.0,1545.0,1595.95,87330.0,138713195.55
2018-07-30,1591.0,1593.7,1525.35,1550.3,41203.0,64049473.7
2018-07-31,1554.7,1658.0,1542.0,1636.15,89058.0,142954117.25
2018-08-01,1626.0,1660.0,1599.0,1609.0,83009.0,134804198.05
2018-08-02,1608.0,1610.55,1544.65,1578.85,46831.0,74003230.55
2018-08-03,1605.0,1625.0,1580.0,1605.4,46762.0,75080074.5
2018-08-06,1648.0,1648.0,1605.0,1630.0,30832.0,49938635.45
2018-08-07,1608.0,1629.95,1571.1,1619.95,45744.0,73598967.2
2018-08-08,1620.0,1648.0,1593.5,1620.2,56360.0,91537386.2
2018-08-09,1630.0,1638.55,1612.0,1620.5,24488.0,39654500.45
2018-08-10,1620.1,1645.0,1612.0,1621.7,30802.0,49941074.6
2018-08-13,1605.0,1639.0,1580.05,1617.05,29400.0,47244778.3
2018-08-14,1622.05,1699.0,1600.0,1641.8,151678.0,248524450.55
2018-08-16,1694.9,1694.9,1641.1,1653.05,41012.0,67963599.6
2018-08-17,1660.0,1660.05,1620.5,1629.5,195731.0,321355239.0
2018-08-20,1631.0,1639.0,1612.0,1618.85,15785.0,25660677.8
2018-08-21,1612.75,1618.0,1592.0,1600.7,28131.0,45157916.2
2018-08-23,1619.9,1619.9,1563.25,1574.2,23950.0,37892140.35
2018-08-24,1560.0,1573.95,1540.05,1550.6,22157.0,34405844.75
2018-08-27,1569.0,1614.0,1544.05,1589.45,44005.0,69453462.7
2018-08-28,1587.3,1630.0,1570.1,1598.95,48212.0,77267337.55
2018-08-29,1598.95,1623.7,1580.0,1587.2,28570.0,45744187.15
2018-08-30,1571.0,1610.0,1565.05,1570.9,26840.0,42543510.0
2018-08-31,1575.0,1619.9,1575.0,1596.95,36156.0,57736980.75
2018-09-03,1607.7,1607.7,1571.3,1578.8,16208.0,25742780.75
2018-09-04,1565.8,1585.6,1546.15,1559.4,15964.0,25084311.9
2018-09-05,1560.0,1561.95,1401.15,1449.6,68376.0,100358364.0
2018-09-06,1455.2,1475.0,1332.1,1395.7,81460.0,113812486.2
2018-09-07,1420.7,1430.0,1345.35,1353.45,83187.0,114376565.2
2018-09-10,1365.0,1365.0,1275.0,1286.8,87685.0,114676359.1
2018-09-11,1290.55,1299.55,1213.05,1222.55,93694.0,117072727.3
2018-09-12,1230.0,1239.6,1160.0,1197.35,150370.0,178488920.3
2018-09-14,1198.0,1230.0,1185.05,1200.65,83720.0,100999470.25
2018-09-17,1207.85,1310.0,1186.95,1277.15,288094.0,364815301.35
2018-09-18,1287.25,1309.8,1243.35,1257.8,80160.0,102851238.95
2018-09-19,1260.0,1293.4,1222.0,1246.0,61472.0,77336434.0
2018-09-21,1264.95,1293.0,1000.0,1194.6,108776.0,131132350.7
2018-09-24,1211.8,1214.1,1142.0,1163.9,46319.0,54056339.65
2018-09-25,1150.0,1187.7,1150.0,1165.6,29643.0,34559630.3
2018-09-26,1170.0,1230.0,1160.0,1218.9,94478.0,112563898.35
2018-09-27,1227.95,1267.0,1220.05,1258.3,77615.0,96847301.55
2018-09-28,1256.05,1285.0,1181.4,1229.55,64281.0,79908778.6
2018-10-01,1200.0,1270.0,1190.0,1245.2,44324.0,54939820.3
2018-10-03,1244.0,1264.8,1211.05,1247.5,62340.0,77912448.55
2018-10-04,1209.95,1226.85,1140.0,1155.45,46032.0,53973322.25
2018-10-05,1155.95,1163.9,988.1,1042.65,104766.0,110857261.45
2018-10-08,1041.0,1064.95,1009.8,1052.35,74566.0,77879664.15
2018-10-09,1069.0,1075.0,1048.9,1054.6,31144.0,32937745.65
2018-10-10,1054.6,1101.95,1054.6,1078.35,57477.0,61945465.9
2018-10-11,1048.0,1078.0,1000.0,1070.7,25663.0,27203230.5
2018-10-12,1085.0,1110.0,1075.15,1090.6,17569.0,19245302.35
2018-10-15,1100.0,1120.0,1080.0,1088.2,11434.0,12504658.1
2018-10-16,1095.0,1124.7,1080.0,1090.0,145336.0,159135914.3
2018-10-17,1100.05,1119.95,1050.0,1077.7,24937.0,27165421.8
2018-10-19,1077.7,1094.75,1050.0,1057.6,11451.0,12120652.8
2018-10-22,1057.9,1100.0,1035.15,1064.25,17933.0,18910660.6
2018-10-23,1030.05,1069.0,1030.05,1055.35,8916.0,9413306.0
2018-10-24,1087.0,1087.0,1050.0,1060.85,16332.0,17279113.2
2018-10-25,1025.85,1069.0,1025.85,1050.8,15131.0,15924484.4
2018-10-26,1028.8,1098.0,1025.4,1085.95,22851.0,24081108.6
2018-10-29,1080.0,1114.0,1080.0,1090.4,13016.0,14290886.25
2018-10-30,1072.4,1097.5,1072.4,1082.15,9218.0,10000278.1
2018-10-31,1068.0,1112.0,1068.0,1100.55,26025.0,28564622.1
2018-11-01,1097.25,1179.65,1093.05,1121.35,44098.0,50170029.75
2018-11-02,1130.0,1199.0,1093.25,1103.5,41498.0,46941127.15
2018-11-05,1080.15,1114.55,1072.0,1090.9,28971.0,31587624.65
2018-11-06,1100.2,1114.95,1058.25,1074.5,34555.0,37616141.6
2018-11-07,1075.0,1099.4,1075.0,1087.15,2214.0,2404684.8
2018-11-09,1090.0,1097.85,1062.05,1082.95,26957.0,29115567.4
2018-11-12,981.0,1038.9,981.0,1014.15,82726.0,84073423.4
2018-11-13,1024.0,1024.0,965.05,969.95,59597.0,58435533.25
2018-11-14,950.9,972.0,921.3,931.15,73890.0,69915118.95
2018-11-15,940.0,940.0,886.0,893.4,65702.0,59378497.1
2018-11-16,899.95,899.95,846.0,850.1,87364.0,75320103.65
2018-11-19,850.1,870.1,827.5,851.3,84449.0,71800551.2
2018-11-20,849.0,869.0,834.8,841.2,43736.0,37211354.1
2018-11-21,840.05,853.0,835.0,838.6,24801.0,20891755.9
2018-11-22,833.0,843.55,820.0,822.75,26428.0,21921491.25
2018-11-26,818.0,831.55,782.05,785.65,71984.0,57381057.3
2018-11-27,785.65,789.95,729.15,738.8,126804.0,95402718.2
2018-11-28,749.95,749.95,636.0,668.3,1051578.0,712540729.9
2018-11-29,698.95,730.0,689.35,709.35,839737.0,593427633.4
2018-11-30,710.7,714.8,679.95,693.8,314478.0,220134651.65
2018-12-03,664.8,664.8,624.45,624.45,680239.0,431383026.05
2018-12-04,585.0,607.8,562.05,562.05,1867403.0,1087283656.9
2018-12-05,550.0,606.95,541.0,580.65,2668002.0,1557260775.5
2018-12-06,571.0,584.4,557.3,562.35,558882.0,319123939.0
2018-12-07,565.9,574.0,534.25,539.0,368165.0,203079858.75
2018-12-10,529.9,529.9,512.05,512.05,161071.0,82895286.85
2018-12-11,490.6,515.0,490.0,496.5,249315.0,124975254.75
2018-12-12,503.5,521.3,500.0,521.3,70412.0,36288338.95
2018-12-13,547.35,547.35,496.0,503.25,633532.0,336293188.9
2018-12-14,501.15,528.0,497.0,520.85,322759.0,165147654.25
2018-12-17,519.9,546.85,512.2,546.85,276152.0,147251884.6
2018-12-18,553.0,574.15,535.1,574.15,366588.0,206721168.95
2018-12-19,602.85,602.85,552.35,561.7,644106.0,375667175.25
2018-12-20,562.0,576.0,560.8,565.7,155832.0,88535794.95
2018-12-21,569.0,574.0,545.05,548.95,89789.0,50081629.95
2018-12-24,558.0,558.0,535.5,539.7,56805.0,30926146.7
2018-12-26,540.0,540.0,521.05,528.3,73305.0,38817691.25
2018-12-27,535.0,543.8,520.25,525.95,71113.0,37939735.7
2018-12-28,525.95,535.0,521.6,524.8,67732.0,35792032.4
2018-12-31,523.0,534.8,523.0,525.05,72311.0,38194256.4
2019-01-01,529.95,551.3,523.0,550.4,287622.0,157200461.75
2019-01-02,553.1,558.05,535.1,537.8,202687.0,111356689.0
2019-01-03,537.7,553.0,536.6,538.35,99480.0,54042152.15
2019-01-04,539.0,546.0,536.4,537.65,112154.0,60422341.25
2019-01-07,540.0,548.0,527.2,531.8,67644.0,36514893.75
2019-01-08,534.6,536.0,525.0,526.85,42952.0,22758565.75
2019-01-09,531.95,531.95,517.0,520.45,58851.0,30843467.2
2019-01-10,520.45,538.95,516.6,519.55,87911.0,46105079.65
2019-01-11,523.0,525.9,512.0,515.1,53609.0,27827075.6
2019-01-14,512.0,521.15,501.0,509.35,56934.0,29270369.4
2019-01-15,507.0,525.15,505.0,511.1,87603.0,44926487.9
2019-01-16,511.9,536.65,508.0,524.4,225570.0,119169314.1
2019-01-17,525.0,529.4,512.0,515.15,64437.0,33498003.85
2019-01-18,516.0,519.95,505.8,507.85,39364.0,20130058.9
2019-01-21,510.0,512.35,490.0,492.75,92969.0,46187077.8
2019-01-22,495.0,495.0,485.0,490.0,59593.0,29240288.3
2019-01-23,491.5,492.0,465.5,470.85,66965.0,31959827.1
2019-01-24,470.8,480.0,447.35,447.55,538515.0,242044458.3
2019-01-25,454.95,456.95,426.0,429.5,81879.0,36061389.6
2019-01-28,429.95,433.95,408.05,411.15,74477.0,30714097.1
2019-01-29,413.9,413.9,390.6,396.65,124522.0,49033556.55
2019-01-30,396.65,410.0,388.95,399.3,90985.0,36275069.55
2019-01-31,405.0,405.05,385.0,388.9,90986.0,35484608.8
2019-02-01,388.0,398.0,370.0,372.55,106211.0,40947607.55
2019-02-04,373.0,380.0,353.95,355.45,82369.0,29519613.5
2019-02-05,349.5,360.0,337.7,337.95,90216.0,31212837.4
2019-02-06,330.25,337.7,321.1,323.65,118056.0,38401591.1
2019-02-07,325.0,339.8,316.6,339.8,116536.0,39397527.15
2019-02-08,348.0,356.75,322.85,333.55,406006.0,137615082.9
2019-02-11,336.0,350.2,325.0,350.2,76452.0,26113090.5
2019-02-12,359.5,367.7,355.0,367.7,58061.0,21278836.65
2019-02-13,377.0,386.05,372.05,386.05,116521.0,44906298.85
2019-02-14,397.0,405.35,371.2,405.35,117527.0,46817638.1
2019-02-15,415.0,425.6,413.9,425.6,124597.0,52865067.7
2019-02-18,434.0,446.85,434.0,446.85,74781.0,33322054.25
2019-02-19,464.9,469.15,451.6,469.15,128665.0,59892958.3
2019-02-20,489.4,492.6,451.25,462.95,367976.0,176765294.1
2019-02-21,457.0,460.0,439.9,441.95,122992.0,55040251.7
2019-02-22,441.95,443.4,425.0,429.1,93226.0,40380284.25
2019-02-25,434.85,450.55,434.8,445.45,91836.0,40798437.75
2019-02-26,434.0,442.9,425.75,431.4,54543.0,23627384.55
2019-02-27,435.0,445.0,418.05,422.55,54892.0,23573734.7
2019-02-28,433.95,434.0,421.55,428.75,40379.0,17288306.9
2019-03-01,430.3,436.95,428.9,432.2,61980.0,26834195.45
2019-03-05,436.0,453.8,434.1,453.8,47017.0,21151893.25
2019-03-06,476.45,476.45,462.0,471.8,221686.0,104990950.6
2019-03-07,474.95,479.7,449.1,453.3,75387.0,34587904.5
2019-03-08,452.8,462.45,447.0,448.35,64934.0,29228039.95
2019-03-11,450.5,470.75,450.0,470.05,225213.0,105612050.8
2019-03-12,469.0,487.3,462.25,472.6,119890.0,57183108.75
2019-03-13,472.6,476.0,456.55,458.75,93312.0,43268037.25
2019-03-14,459.0,466.0,446.5,448.55,52640.0,23898856.9
2019-03-15,448.05,455.8,440.0,444.85,91012.0,40538079.95
2019-03-18,449.4,450.3,430.0,434.35,66190.0,29056056.9
2019-03-19,435.0,456.0,431.2,435.85,132493.0,58764383.0
2019-03-20,436.5,446.95,431.8,434.05,78768.0,34565215.9
2019-03-22,436.0,439.65,420.2,421.75,61875.0,26407874.5
2019-03-25,421.4,421.4,405.0,407.15,45369.0,18504298.25
2019-03-26,410.0,418.0,403.15,406.65,49367.0,20237844.1
2019-03-27,410.0,413.9,397.0,399.45,78635.0,31864466.75
2019-03-28,406.35,418.0,403.0,408.05,108049.0,44554115.95
2019-03-29,414.0,418.0,406.75,410.15,63164.0,25989892.9
2019-04-01,421.0,430.65,414.0,430.65,70053.0,29894758.1
2019-04-02,445.0,449.7,420.6,434.55,318747.0,138958469.3
2019-04-03,437.45,439.2,430.0,435.15,92738.0,40330479.85
2019-04-04,439.0,456.9,431.0,452.9,144787.0,64505649.4
2019-04-05,458.0,469.0,448.0,461.8,201261.0,92728006.55
2019-04-08,468.55,503.95,462.4,480.8,384464.0,186869774.1
2019-04-09,483.9,502.0,480.25,488.05,162576.0,80009505.5
2019-04-10,491.0,493.5,481.0,482.85,61552.0,29956536.15
2019-04-11,481.0,531.0,476.3,528.1,637902.0,329217615.6
2019-04-12,526.0,558.5,521.35,538.15,674736.0,366744259.6
2019-04-15,538.0,555.0,517.0,520.5,264073.0,140669312.7
2019-04-16,523.4,546.0,521.15,532.25,270588.0,144507686.4
2019-04-18,533.0,536.4,521.0,524.1,106189.0,56111084.25
2019-04-22,524.1,524.1,502.2,505.7,57047.0,29200874.35
2019-04-23,506.5,520.95,502.05,507.2,56606.0,28915045.5
2019-04-24,507.55,515.0,506.0,508.1,35635.0,18147691.15
2019-04-25,506.05,528.4,506.0,522.35,134262.0,69807535.3
2019-04-26,526.7,538.75,523.95,527.1,154896.0,82241918.4
2019-04-30,522.0,525.95,509.3,519.1,64358.0,33228355.25
2019-05-02,519.9,533.8,515.1,525.3,97400.0,51228400.2
2019-05-03,529.0,543.7,522.5,530.35,82832.0,44205384.9
2019-05-06,522.65,526.9,517.0,519.35,41606.0,21679665.35
2019-05-07,522.45,528.8,501.65,506.75,47639.0,24644016.1
2019-05-08,505.75,505.75,483.55,490.15,50135.0,24721867.4
2019-05-09,489.95,491.95,480.35,483.3,24734.0,11988102.8
2019-05-10,460.0,531.6,455.0,522.8,387513.0,196174522.1
2019-05-13,522.0,527.0,506.0,513.65,83131.0,42902455.25
2019-05-14,502.0,510.0,488.0,495.8,43409.0,21628325.65
2019-05-15,496.15,508.1,471.65,483.75,56643.0,28031535.9
2019-05-16,483.05,506.0,483.05,498.15,50084.0,24866682.4
2019-05-17,501.55,503.0,490.15,498.0,34838.0,17316509.9
2019-05-20,512.0,525.0,505.3,511.7,57257.0,29459328.05
2019-05-21,516.35,541.3,506.5,522.4,79543.0,41898115.15
2019-05-22,525.0,534.5,520.0,524.7,36278.0,19091585.6
2019-05-23,532.05,540.0,502.0,513.95,34827.0,18314762.5
2019-05-24,509.25,538.0,509.25,516.65,55836.0,29016286.5
2019-05-27,520.0,568.3,517.5,561.05,381382.0,211897345.9
2019-05-28,563.0,563.3,512.95,524.2,220354.0,117788358.65
2019-05-29,524.9,532.7,506.9,522.2,160408.0,83498850.7
2019-05-30,524.0,534.5,517.05,531.1,67860.0,35871646.15
2019-05-31,532.0,532.15,517.45,521.1,98358.0,51597106.0
2019-06-03,521.0,521.05,510.2,513.6,26775.0,13769121.95
2019-06-04,515.95,518.05,496.4,504.85,33320.0,16986422.3
2019-06-06,504.85,504.85,481.4,488.95,59055.0,29087644.25
2019-06-07,490.25,513.9,485.15,495.1,66157.0,33099815.6
2019-06-10,499.8,517.0,492.7,498.3,92891.0,47096984.05
2019-06-11,498.35,510.0,490.0,498.0,27508.0,13718276.5
2019-06-12,495.4,498.45,489.0,490.8,14781.0,7287058.7
2019-06-13,490.0,497.25,480.0,483.65,26068.0,12695126.75
2019-06-14,483.3,489.05,475.45,480.55,19269.0,9265228.6
2019-06-17,481.0,481.0,472.0,476.1,31004.0,14735303.3
2019-06-18,474.05,478.95,466.0,472.2,14080.0,6622112.75
2019-06-19,475.0,479.35,463.25,469.3,28469.0,13326324.25
2019-06-20,468.85,474.5,457.8,461.0,69148.0,32003803.75
2019-06-21,464.8,465.95,455.1,456.65,20565.0,9446574.85
2019-06-24,461.9,461.9,434.05,439.35,39937.0,17781431.6
2019-06-25,435.0,451.85,430.0,435.3,31768.0,14020491.9
2019-06-26,435.0,446.0,431.8,434.0,35795.0,15624084.15
2019-06-27,435.0,458.0,435.0,440.45,84176.0,37531251.2
2019-06-28,438.05,451.0,438.05,440.2,52822.0,23397987.9
2019-07-01,444.6,449.3,436.5,439.4,47892.0,21109805.45
2019-07-02,440.95,441.0,425.0,428.8,29516.0,12704536.8
2019-07-03,430.65,434.4,422.4,424.45,26136.0,11171598.6
2019-07-04,426.9,435.2,418.1,422.1,60304.0,25866998.5
2019-07-05,422.45,424.25,401.9,405.35,31564.0,13069283.7
2019-07-08,400.0,400.0,380.0,385.35,34261.0,13284647.9
2019-07-09,386.0,390.05,376.0,377.05,26277.0,10000672.65
2019-07-10,378.3,383.3,359.15,365.3,29219.0,10802005.0
2019-07-11,369.5,382.4,367.1,374.9,53394.0,20084076.95
2019-07-12,375.0,394.0,373.0,378.9,53213.0,20267547.0
2019-07-15,378.1,385.95,368.0,371.65,21075.0,7915022.95
2019-07-16,370.3,371.0,355.3,360.25,23274.0,8472567.4
2019-07-17,360.25,372.0,356.0,358.3,35098.0,12765881.7
2019-07-18,356.1,358.9,342.2,345.3,26998.0,9456988.8
2019-07-19,348.8,349.9,330.0,331.4,34635.0,11588810.4
2019-07-22,329.8,329.8,318.05,320.05,42551.0,13665899.2
2019-07-23,319.95,348.0,315.5,320.6,112296.0,37221420.0
2019-07-24,323.85,329.4,316.0,320.1,43661.0,14015087.55
2019-07-25,318.15,325.15,302.0,310.7,66376.0,20816936.1
2019-07-26,310.7,321.0,305.3,310.25,58976.0,18395985.35
2019-07-29,313.35,314.95,295.2,300.1,29175.0,8867957.05
2019-07-30,300.1,303.5,286.4,290.55,52201.0,15340240.95
2019-07-31,287.9,292.4,275.0,281.7,49217.0,13897544.85
2019-08-01,281.1,286.0,271.05,274.3,49897.0,13778959.0
2019-08-02,273.0,273.25,257.5,259.9,35603.0,9372711.25
2019-08-05,256.0,256.0,241.0,248.0,43250.0,10675005.75
2019-08-06,247.8,266.0,243.0,259.8,38252.0,9906219.9
2019-08-07,261.9,284.0,255.9,265.65,37827.0,10238218.3
2019-08-08,274.7,274.7,257.7,261.0,18297.0,4797571.05
2019-08-09,264.95,274.75,261.0,263.15,27449.0,7337973.45
2019-08-13,265.0,270.9,255.75,260.35,19734.0,5215178.95
2019-08-14,262.05,266.85,250.8,256.75,18689.0,4854404.25
2019-08-16,260.0,262.65,247.85,256.75,23720.0,5998629.8
2019-08-19,256.75,282.0,256.75,276.2,45378.0,12279048.2
2019-08-20,284.4,299.0,276.2,289.95,84068.0,24572952.5
2019-08-21,289.0,303.5,289.0,293.25,71835.0,21253759.7
2019-08-22,296.0,300.0,266.9,287.65,50063.0,14353452.05
2019-08-23,286.0,293.9,275.65,290.45,25113.0,7273858.3
2019-08-26,300.0,303.0,286.45,290.4,67579.0,19646216.0
2019-08-27,295.05,295.05,276.85,279.45,33368.0,9514339.7
2019-08-28,281.7,281.7,258.55,262.7,35180.0,9465265.0
2019-08-29,264.0,273.35,259.05,264.5,15165.0,4043371.8
2019-08-30,261.0,267.0,259.25,262.8,10012.0,2637018.5
2019-09-03,267.0,267.0,257.5,258.55,7286.0,1903461.9
2019-09-04,260.0,264.7,251.6,258.4,8060.0,2093591.9
2019-09-05,254.85,310.05,251.6,307.65,448149.0,133695514.45
2019-09-06,318.4,369.15,315.0,367.5,1338831.0,469049744.45
2019-09-09,376.0,441.0,373.0,438.5,1946532.0,812931285.05
2019-09-11,454.05,482.35,453.3,471.8,1809509.0,853768934.3
2019-09-12,458.8,468.0,431.25,439.7,736342.0,327839840.45
2019-09-13,437.0,458.7,432.25,444.55,347352.0,156049007.85
2019-09-16,445.0,462.7,432.0,445.65,377293.0,169563759.65
2019-09-17,440.0,459.8,418.3,425.8,246459.0,109257844.75
2019-09-18,428.4,439.8,405.1,413.9,168722.0,71329466.3
2019-09-19,414.8,418.0,376.6,384.35,148278.0,58374314.15
2019-09-20,384.35,412.0,356.2,373.5,337168.0,131548011.25
2019-09-23,376.6,387.0,355.5,360.15,156220.0,57435161.1
2019-09-24,361.1,375.0,356.0,358.4,111900.0,40877353.6
2019-09-25,360.15,394.2,360.15,386.75,601387.0,230465158.65
2019-09-26,388.0,393.0,367.0,372.55,207964.0,79154199.65
2019-09-27,372.8,381.6,355.55,357.65,104999.0,38453201.25
2019-09-30,355.7,361.2,325.0,327.95,149711.0,50420396.2
2019-10-01,328.8,341.85,300.1,313.8,134912.0,43473662.7
2019-10-03,308.35,318.45,298.2,299.2,104838.0,31944863.25
2019-10-04,308.75,308.75,290.3,293.25,50941.0,15130950.9
2019-10-07,292.05,296.8,278.7,280.3,41845.0,11935211.1
2019-10-09,278.0,294.3,266.3,281.6,138374.0,39233103.25
2019-10-10,280.0,284.8,276.15,279.4,56041.0,15716276.8
2019-10-11,281.0,286.4,267.1,269.35,67927.0,18655927.7
2019-10-14,271.75,282.8,271.05,282.8,53652.0,14941277.2
2019-10-15,288.8,296.9,285.4,291.15,110140.0,32290932.25
2019-10-16,298.0,298.0,283.35,286.75,39463.0,11422360.75
2019-10-17,287.8,292.75,285.8,287.45,34697.0,10008811.95
2019-10-18,289.7,298.45,282.55,286.45,69441.0,20138407.35
2019-10-22,287.05,300.75,287.05,300.75,66585.0,19810353.05
2019-10-23,304.0,315.75,302.1,315.75,68324.0,21343513.75
2019-10-24,331.0,331.5,323.05,331.5,23303.0,7718345.7
2019-10-25,348.05,348.05,348.05,348.05,11011.0,3832378.55
2019-10-27,355.0,355.0,330.65,330.65,25642.0,8696921.35
2019-10-29,314.15,342.0,314.15,330.55,205458.0,66593141.05
2019-10-30,330.05,338.0,325.0,327.25,54845.0,18130189.4
2019-10-31,332.4,343.6,328.5,343.6,45318.0,15429872.7
2019-11-01,355.9,360.75,345.0,360.75,75726.0,27173941.75
2019-11-04,373.45,378.75,359.35,366.55,90084.0,33311284.55
2019-11-05,369.35,376.05,350.1,355.45,33118.0,11911890.9
2019-11-06,358.6,368.0,352.5,354.3,28421.0,10200064.6
2019-11-07,372.0,372.0,355.5,358.8,192708.0,71049569.3
2019-11-08,358.5,363.0,348.0,351.7,31062.0,10995256.8
2019-11-11,351.0,365.0,348.0,352.6,44830.0,15923428.35
2019-11-13,364.95,364.95,339.0,342.85,37098.0,13022525.05
2019-11-14,343.5,346.35,325.75,326.05,34058.0,11299415.05
2019-11-15,326.0,342.35,326.0,328.75,92158.0,31090160.1
2019-11-18,331.45,332.45,313.25,317.9,40366.0,13046275.45
2019-11-19,318.7,327.9,313.7,317.45,39133.0,12550269.25
2019-11-20,320.3,325.0,308.0,311.9,28787.0,9077207.6
2019-11-21,313.0,324.0,308.05,309.9,31321.0,9857286.65
2019-11-22,311.45,315.95,303.2,305.15,23998.0,7410982.75
2019-11-25,307.9,317.5,303.65,304.7,52010.0,16071865.95
2019-11-26,305.0,312.0,300.0,301.15,30280.0,9219874.2
2019-11-27,304.7,316.2,302.0,312.2,134018.0,41793818.55
2019-11-28,314.7,318.0,310.05,312.0,34969.0,10977912.4
2019-11-29,314.5,324.85,308.95,312.05,64089.0,20257108.4
2019-12-02,307.0,315.3,305.0,306.55,31142.0,9617555.0
2019-12-03,308.95,308.95,301.2,301.9,15803.0,4807399.8
2019-12-04,299.4,304.4,295.05,297.75,22370.0,6682809.85
2019-12-05,299.65,312.6,296.5,311.95,119007.0,36832576.1
2019-12-06,316.7,318.65,291.3,298.75,72230.0,22293537.2
2019-12-09,306.7,309.45,295.1,296.75,30734.0,9284754.65
2019-12-10,299.6,299.7,278.2,281.45,28855.0,8314924.3
2019-12-11,283.0,291.3,283.0,289.65,24732.0,7097135.55
2019-12-12,290.0,301.0,290.0,293.8,27137.0,8008597.4
2019-12-13,299.1,306.8,291.0,295.2,43853.0,13090180.0
2019-12-16,297.95,298.0,290.25,291.5,16755.0,4925320.5
2019-12-17,293.0,297.0,288.6,292.3,16849.0,4946760.75
2019-12-18,294.55,314.7,290.0,306.95,95731.0,29068773.25
2019-12-19,308.0,324.9,305.0,312.55,144979.0,45919768.3
2019-12-20,314.05,322.4,310.0,311.75,42223.0,13334617.4
2019-12-23,312.0,314.4,302.0,306.35,27569.0,8520139.15
2019-12-24,308.85,309.35,301.4,302.05,19419.0,5897739.35
2019-12-26,302.95,310.8,301.3,306.25,31882.0,9755182.2
2019-12-27,306.75,314.8,305.55,312.1,36712.0,11431641.75
2019-12-30,314.8,325.0,310.45,321.7,56123.0,17921332.85
2019-12-31,324.4,325.65,312.0,313.65,37207.0,11856018.55
2020-01-01,315.75,319.7,310.05,311.6,26209.0,8220485.95
2020-01-02,313.95,342.75,312.0,342.75,160703.0,53766329.4
2020-01-03,356.85,377.0,353.05,376.0,523027.0,194167039.3
2020-01-06,388.0,413.6,381.55,413.6,571431.0,232479856.4
2020-01-07,424.0,434.25,403.0,414.0,307012.0,129553384.45
2020-01-08,405.0,409.7,393.3,393.3,72272.0,28756185.5
2020-01-09,392.7,404.8,376.65,383.35,119074.0,46629493.3
2020-01-10,396.15,398.0,378.15,380.1,53930.0,20898191.05
2020-01-13,381.0,390.0,378.15,384.25,56420.0,21688718.3
2020-01-14,385.9,385.9,370.1,373.15,38272.0,14389869.05
2020-01-15,377.95,387.7,368.0,374.5,68669.0,25924518.3
2020-01-16,378.8,393.2,376.0,393.2,154846.0,60005971.3
2020-01-17,404.0,412.85,402.0,412.85,151990.0,62338873.35
2020-01-20,418.0,423.95,392.5,395.7,81835.0,33001017.6
2020-01-21,394.8,406.95,385.15,387.35,62033.0,24395101.45
2020-01-22,391.0,398.0,386.15,389.6,36335.0,14206311.6
2020-01-23,391.0,409.05,389.05,409.05,98168.0,39498235.2
2020-01-24,418.0,423.7,397.0,400.95,128308.0,52637665.3
2020-01-27,403.3,412.7,398.0,402.5,65814.0,26557858.4
2020-01-28,401.0,410.9,387.55,392.7,56989.0,22798978.15
2020-01-29,395.0,401.8,390.0,392.25,23938.0,9451812.3
2020-01-30,396.0,396.0,383.0,386.2,29612.0,11430864.2
2020-01-31,387.0,395.95,381.2,385.9,35476.0,13729944.05
2020-02-01,381.0,392.0,366.65,368.7,44206.0,16846876.7
2020-02-03,363.05,375.0,356.0,363.05,37617.0,13855954.65
2020-02-04,364.05,381.2,364.05,381.2,69769.0,26433928.45
2020-02-05,385.0,396.95,370.0,373.1,70307.0,26922638.75
2020-02-06,401.0,410.4,392.05,410.4,96038.0,39066868.25
2020-02-07,426.0,451.4,426.0,451.4,292237.0,130732790.85
2020-02-10,480.0,496.5,454.0,496.5,374635.0,180896169.35
2020-02-11,517.45,521.3,511.65,521.3,46754.0,24290976.75
2020-02-12,547.35,547.35,547.35,547.35,14968.0,8192734.8
2020-02-13,574.7,574.7,525.0,567.05,378403.0,212354491.9
2020-02-14,579.8,579.8,538.7,539.25,123387.0,68433068.95
2020-02-17,520.1,533.9,512.3,512.3,18043.0,9324909.35
2020-02-18,486.7,502.5,486.7,487.7,90387.0,44176460.9
2020-02-19,486.7,512.05,470.1,482.4,126476.0,63585386.8
2020-02-20,489.0,502.35,458.3,481.35,106659.0,52031930.15
2020-02-24,497.0,505.4,480.0,503.1,210792.0,105892758.7
2020-02-25,510.0,514.9,477.95,480.2,111414.0,55249696.05
2020-02-26,476.0,489.8,457.0,472.9,59356.0,28207457.95
2020-02-27,477.0,486.0,461.5,476.45,58726.0,27759018.8
2020-02-28,464.5,475.0,452.65,452.8,80012.0,36762035.05
2020-03-02,464.7,470.0,454.0,456.45,67775.0,31313581.1
2020-03-03,466.45,479.0,443.0,449.4,50078.0,23024312.4
2020-03-04,453.5,460.05,427.3,439.65,53047.0,23334386.05
2020-03-05,444.0,457.0,423.5,429.75,75401.0,33259656.2
2020-03-06,419.0,451.2,412.1,451.2,90404.0,40012538.85
2020-03-09,447.5,447.5,428.65,428.65,28475.0,12350839.05
2020-03-11,434.0,434.0,407.25,407.25,24776.0,10204187.4
2020-03-12,386.9,386.9,386.9,386.9,3012.0,1165342.8
2020-03-13,367.6,398.0,367.6,367.6,77317.0,28592516.05
2020-03-16,363.0,363.0,349.25,349.25,1902.0,665478.75
2020-03-17,339.0,359.7,331.8,331.8,33764.0,11240657.6
2020-03-18,320.0,329.0,315.25,315.25,3661.0,1161929.65
2020-03-19,299.5,299.5,299.5,299.5,974.0,291713.0
2020-03-20,284.55,304.0,284.55,284.55,47515.0,13690481.3
2020-03-23,268.45,268.45,268.45,268.45,2038.0,547101.1
2020-03-24,255.05,255.05,255.05,255.05,1404.0,358090.2
2020-03-25,242.3,245.0,242.3,242.3,31834.0,7717615.25
2020-03-26,243.0,254.0,230.2,230.2,140759.0,32825045.25
2020-03-27,229.95,241.5,225.0,226.9,100333.0,23150634.25
2020-03-30,220.0,227.25,215.6,220.0,43181.0,9530139.6
2020-03-31,229.5,229.5,216.0,221.55,25584.0,5677719.85
2020-04-01,225.9,232.6,219.3,222.25,37581.0,8503102.85
2020-04-03,222.25,227.85,214.0,221.35,38724.0,8483238.6
2020-04-07,223.2,232.4,223.2,232.4,34307.0,7949457.1
2020-04-08,244.0,244.0,244.0,244.0,5319.0,1297836.0
2020-04-09,256.2,256.2,256.2,256.2,5760.0,1475712.0
2020-04-13,269.0,269.0,243.4,245.1,101586.0,25987683.15
2020-04-15,250.0,254.95,232.85,239.75,78370.0,19053314.8
2020-04-16,233.0,251.7,233.0,251.7,27437.0,6826797.2
2020-04-17,264.25,264.25,243.1,264.25,104415.0,27208879.85
2020-04-20,272.95,277.45,255.1,265.9,74621.0,20049038.15
2020-04-21,263.0,263.0,252.65,252.65,34708.0,8807054.9
2020-04-22,255.0,260.05,247.5,252.2,21902.0,5537528.2
2020-04-23,260.8,260.8,252.0,256.45,17716.0,4537544.6
2020-04-24,253.5,253.5,244.0,244.75,16192.0,3991281.3
2020-04-27,246.4,249.9,243.9,245.6,17611.0,4340640.05
2020-04-28,247.0,250.9,236.0,243.2,17399.0,4202758.45
2020-04-29,248.0,248.0,238.0,244.15,15937.0,3890699.7
2020-04-30,250.0,256.35,245.2,256.35,23463.0,5982725.45
2020-05-04,265.0,269.15,246.2,269.15,68977.0,18122672.65
2020-05-05,279.0,282.6,263.15,265.0,69375.0,19203861.75
2020-05-06,264.95,273.4,253.7,255.45,24197.0,6295270.7
2020-05-07,253.7,265.0,250.0,252.35,17827.0,4569882.5
2020-05-08,261.0,261.05,250.0,251.9,12346.0,3145559.6
2020-05-11,260.0,260.0,247.0,250.9,12547.0,3199297.8
2020-05-12,251.0,254.0,238.4,241.45,35935.0,8648000.15
2020-05-13,251.1,253.5,245.0,253.5,46216.0,11580409.9
2020-05-14,253.5,256.0,242.5,247.35,28523.0,7067240.15
2020-05-15,252.0,259.7,244.15,257.15,26537.0,6730892.4
2020-05-18,263.0,265.05,245.0,246.0,21505.0,5394731.0
2020-05-19,247.9,250.9,242.55,244.25,9337.0,2300329.85
2020-05-20,243.0,248.95,234.2,246.0,10537.0,2576849.05
2020-05-21,253.8,253.8,245.0,246.5,12151.0,3025548.05
2020-05-22,250.0,250.0,238.75,241.55,10294.0,2504788.65
2020-05-26,245.0,248.95,233.85,234.2,20287.0,4817458.85
2020-05-27,239.2,239.2,229.0,234.0,19583.0,4566719.3
2020-05-28,239.1,239.2,235.0,238.1,12702.0,3020931.9
2020-05-29,240.0,243.05,235.0,236.95,30328.0,7250835.45
2020-06-01,242.9,248.75,240.05,248.75,34436.0,8536145.6
2020-06-02,254.0,261.15,253.0,261.15,23490.0,6093539.85
2020-06-03,274.2,274.2,260.05,269.7,107424.0,29080379.5
2020-06-04,272.9,275.0,257.4,261.25,40076.0,10522958.2
2020-06-05,270.0,313.5,268.0,295.15,540874.0,163086849.1
2020-06-08,304.0,309.9,286.0,292.65,216956.0,64509543.05
2020-06-09,297.4,301.0,285.0,289.95,74186.0,21719613.45
2020-06-10,294.65,312.75,288.2,303.65,256284.0,77828103.0
2020-06-11,333.35,364.35,325.0,352.0,1117902.0,397528663.8
2020-06-12,347.5,352.6,299.2,333.4,492327.0,163461013.25
2020-06-15,333.0,344.8,322.0,328.85,138029.0,46370960.2
2020-06-16,335.75,339.4,311.0,317.85,144506.0,46945996.45
2020-06-17,315.9,333.75,303.35,316.85,102365.0,32941896.05
2020-06-18,311.55,380.2,311.55,380.2,912126.0,333253567.7
2020-06-19,400.0,442.65,380.0,385.45,1272484.0,530337085.15
2020-06-22,389.35,396.55,376.0,384.8,260378.0,100186670.5
2020-06-23,381.5,389.8,372.5,374.65,107186.0,40762030.7
2020-06-24,372.0,414.85,372.0,386.8,344095.0,136847883.7
2020-06-25,377.0,400.0,377.0,384.4,150680.0,58602645.55
2020-06-26,385.0,390.15,370.0,374.25,117028.0,44313784.65
2020-06-29,376.0,382.45,366.0,369.05,97085.0,35986650.15
2020-06-30,371.85,373.7,355.0,356.2,94691.0,34348577.85
2020-07-01,359.0,384.7,358.0,370.1,196638.0,73509281.85
2020-07-02,373.0,377.1,365.05,368.5,80551.0,29760211.7
2020-07-03,371.9,378.8,363.2,366.4,45313.0,16733412.55
2020-07-06,370.0,374.6,367.0,370.95,42748.0,15862810.75
2020-07-07,373.9,376.1,368.0,368.8,39851.0,14803438.0
2020-07-08,366.0,374.0,328.8,346.45,67781.0,24212211.7
2020-07-09,367.0,375.0,357.0,364.15,106488.0,39245702.65
2020-07-10,363.9,368.9,354.0,356.3,38160.0,13719063.7
2020-07-13,353.25,364.0,350.5,353.7,33914.0,12066338.3
2020-07-14,353.7,355.0,342.0,345.9,32909.0,11448775.4
2020-07-15,348.0,353.9,337.0,338.8,24820.0,8581928.3
2020-07-16,340.5,344.0,331.95,335.65,26472.0,8882518.05
2020-07-17,338.95,348.0,336.2,341.35,33137.0,11363349.95
2020-07-20,342.1,346.75,335.0,336.05,32013.0,10839398.9
2020-07-21,340.0,369.2,338.0,354.25,116094.0,41349814.85
2020-07-22,357.35,357.35,344.0,348.15,39039.0,13649085.0
2020-07-23,345.0,363.0,345.0,349.7,64775.0,22840559.1
2020-07-24,348.2,348.75,338.8,342.5,32745.0,11246244.95
2020-07-27,344.0,349.0,332.1,336.9,29799.0,10071628.65
2020-07-28,338.3,352.9,335.55,348.95,62627.0,21761927.15
2020-07-29,348.95,353.0,342.95,345.6,26229.0,9104962.1
2020-07-30,342.1,348.65,338.0,339.55,17763.0,6085627.6
2020-07-31,338.2,346.0,333.05,336.25,23289.0,7875369.25
2020-08-03,342.0,344.0,330.05,332.1,19466.0,6520754.05
2020-08-04,333.0,364.25,329.0,356.95,203976.0,72088370.0
2020-08-05,359.95,367.95,351.6,361.15,128792.0,46340515.25
2020-08-06,361.0,386.0,358.65,368.15,300330.0,111752696.2
2020-08-07,369.9,376.2,360.35,362.85,89038.0,32725312.7
2020-08-10,365.75,370.0,360.0,362.45,35268.0,12856775.85
2020-08-11,363.95,375.5,361.7,366.55,95868.0,35495567.95
2020-08-12,366.0,373.7,363.2,368.3,61286.0,22631134.3
2020-08-13,370.0,373.4,350.0,353.05,124275.0,44805898.8
2020-08-14,355.45,364.95,346.15,347.6,74571.0,26406545.85
2020-08-17,358.0,358.0,348.05,349.55,26378.0,9289082.0
2020-08-18,356.0,363.9,351.55,354.9,66506.0,23767101.3
2020-08-19,355.2,385.0,355.2,376.15,362063.0,135855010.05
2020-08-20,374.0,377.35,365.65,368.5,93209.0,34600801.9
2020-08-21,371.1,392.5,371.1,377.5,232969.0,89006041.55
2020-08-24,380.0,431.1,378.55,413.85,801238.0,326703365.3
2020-08-25,413.0,417.0,392.0,398.35,190659.0,76676249.75
2020-08-26,400.8,408.55,392.6,395.65,69930.0,27934744.2
2020-08-27,398.95,423.4,396.05,403.1,266581.0,109813991.9
2020-08-28,406.35,418.65,393.0,398.4,181903.0,74496771.7
2020-08-31,400.0,401.5,364.9,368.85,122942.0,46452987.25
2020-09-01,371.0,371.0,351.3,356.8,49053.0,17546478.45
2020-09-02,359.95,377.35,359.95,368.95,45140.0,16683150.55
2020-09-03,369.2,383.75,369.2,372.9,33580.0,12643073.85
2020-09-04,365.0,372.0,360.0,361.4,31672.0,11563493.55
2020-09-07,363.05,368.9,356.0,360.25,17650.0,6384490.1
2020-09-08,363.3,370.0,355.0,356.6,20676.0,7518173.15
2020-09-09,351.45,355.55,346.0,352.55,21535.0,7546520.05
2020-09-10,354.3,366.0,354.3,356.25,28197.0,10133424.65
2020-09-11,357.0,364.75,357.0,358.85,14843.0,5355240.05
2020-09-14,361.8,371.15,358.0,359.6,38387.0,13988787.6
2020-09-15,362.7,370.75,362.0,364.15,33439.0,12243191.5
2020-09-16,368.0,380.8,365.15,377.2,77606.0,29035279.65
2020-09-17,375.0,380.0,365.1,367.4,33079.0,12317714.25
2020-09-18,370.45,371.7,360.0,360.85,22823.0,8325593.3
2020-09-21,362.95,363.85,337.75,342.85,23762.0,8324398.15
2020-09-22,342.85,343.55,322.15,331.4,28604.0,9475926.6
2020-09-23,334.0,343.75,333.0,336.4,14568.0,4918775.35
2020-09-24,333.1,333.1,317.0,325.75,13878.0,4536315.05
2020-09-25,328.95,338.0,328.15,333.05,23409.0,7800612.55
2020-09-28,335.95,372.0,335.15,355.6,133006.0,47821478.25
2020-09-29,358.15,358.4,347.65,349.0,25458.0,8935755.15
2020-09-30,351.85,353.7,340.0,343.5,14127.0,4908633.45
2020-10-01,345.95,353.95,343.0,344.9,17277.0,6011420.35
2020-10-05,347.2,359.7,344.05,351.15,21038.0,7387014.75
2020-10-06,353.9,359.4,352.3,353.15,22046.0,7830141.0
2020-10-07,355.6,355.9,348.0,348.45,11849.0,4148578.45
2020-10-08,351.7,351.8,340.2,343.4,14371.0,4987623.4
2020-10-09,345.45,350.0,339.0,341.65,16462.0,5661355.7
2020-10-12,343.95,345.5,335.15,340.35,17775.0,6050930.25
2020-10-13,342.15,343.7,336.0,339.75,11035.0,3751919.65
2020-10-14,342.65,342.65,333.0,335.0,8027.0,2706162.6
2020-10-15,338.55,343.75,325.0,327.6,16873.0,5666849.05
2020-10-16,330.9,337.0,327.95,328.95,16506.0,5464572.65
2020-10-19,335.0,337.9,325.1,326.65,12210.0,4015411.95
2020-10-20,333.0,355.0,329.3,332.2,42484.0,14312688.15
2020-10-21,335.95,339.45,327.0,330.6,24586.0,8198465.9
2020-10-22,331.75,335.9,328.0,329.05,15919.0,5255023.75
2020-10-23,332.55,333.0,325.0,328.35,45748.0,15022202.15
2020-10-26,332.0,332.05,323.25,325.2,16263.0,5327429.9
2020-10-27,328.95,328.95,323.85,324.7,10649.0,3471111.7
2020-10-28,325.0,326.05,320.9,321.8,13475.0,4359314.4
2020-10-29,321.2,327.95,316.05,316.95,21046.0,6735662.15
2020-10-30,319.95,325.7,315.0,316.45,11479.0,3663538.7
2020-11-02,318.95,320.35,313.0,314.05,11387.0,3598655.65
2020-11-03,317.0,319.0,309.0,311.6,12446.0,3915664.75
2020-11-04,313.9,315.2,307.05,309.3,11577.0,3603056.05
2020-11-05,314.75,315.5,311.0,312.85,11834.0,3705963.9
2020-11-06,315.4,323.75,314.15,317.95,58318.0,18550780.5
2020-11-09,324.8,324.8,315.0,319.15,32791.0,10521522.0
2020-11-10,321.7,322.0,304.15,308.1,43152.0,13470948.45
2020-11-11,311.85,318.05,293.0,294.5,123822.0,37116013.7
2020-11-12,297.95,300.4,279.65,282.5,157703.0,45577993.45
2020-11-13,285.45,291.9,284.1,286.1,100570.0,28828769.45
2020-11-14,288.0,302.8,287.1,300.5,50747.0,15121312.8
2020-11-17,303.9,305.9,295.5,298.9,62612.0,18766205.8
2020-11-18,298.95,308.05,296.6,300.9,71625.0,21654863.55
2020-11-19,300.9,345.95,299.85,322.1,485175.0,159030739.25
2020-11-20,324.65,333.0,315.55,317.5,177269.0,57494291.35
2020-11-23,320.3,342.0,318.0,333.6,200176.0,66614488.85
2020-11-24,336.25,344.0,331.0,334.95,107848.0,36308607.6
2020-11-25,337.0,337.55,321.35,323.05,64585.0,21188670.9
2020-11-26,325.6,334.2,321.45,328.2,41550.0,13629673.55
2020-11-27,330.1,335.5,325.75,329.45,50748.0,16788789.15
2020-12-01,330.0,354.4,325.0,346.9,231119.0,79840443.05
2020-12-02,346.9,349.7,337.45,345.35,91611.0,31382242.8
2020-12-03,343.0,372.0,338.4,362.35,220224.0,78314134.4
2020-12-04,368.0,374.0,350.0,352.1,152634.0,54946754.55
2020-12-07,354.9,370.0,353.05,355.8,128137.0,46185106.25
2020-12-08,357.0,366.0,350.0,351.2,107477.0,38124577.75
2020-12-09,352.5,361.0,350.0,352.9,70551.0,25030727.7
2020-12-10,352.5,356.0,345.0,347.45,44447.0,15521155.75
2020-12-11,349.95,356.15,345.45,347.55,55446.0,19457647.35
2020-12-14,349.95,353.05,344.0,345.5,26911.0,9345995.2
2020-12-15,346.1,391.5,346.1,358.6,805440.0,299168654.2
2020-12-16,361.5,366.35,355.5,357.15,102753.0,37069315.75
2020-12-17,359.45,364.8,348.0,349.15,103405.0,36644940.75
2020-12-18,351.9,374.7,346.6,363.8,168989.0,60961803.15
2020-12-21,363.7,368.0,325.15,337.0,79587.0,27783088.2
2020-12-22,335.8,341.1,316.8,333.65,62898.0,20840359.55
2020-12-23,335.0,353.0,333.75,348.55,69761.0,24153711.1
2020-12-24,351.35,354.15,346.95,349.35,25941.0,9083284.6
2020-12-28,351.8,361.9,351.2,354.55,46875.0,16694534.05
2020-12-29,357.2,359.35,347.5,349.15,41395.0,14576064.1
2020-12-30,352.0,354.55,347.4,349.25,23391.0,8194184.0
2020-12-31,350.0,359.0,345.9,349.25,54932.0,19347710.5
2021-01-01,350.0,356.0,350.0,351.75,24412.0,8603082.4
2021-01-04,352.2,358.0,348.0,349.05,61526.0,21618620.85
2021-01-05,348.25,353.0,346.1,349.45,51671.0,18066463.35
2021-01-06,351.7,352.0,341.95,345.3,50989.0,17743997.35
2021-01-07,348.7,364.4,346.0,351.15,212200.0,75141697.8
2021-01-08,354.15,363.0,352.95,355.15,122288.0,43793325.7
2021-01-11,358.7,358.7,347.0,350.55,58839.0,20701375.45
2021-01-12,351.45,357.75,349.0,350.7,61747.0,21794887.95
2021-01-13,353.0,355.2,346.5,348.45,30550.0,10713118.4
2021-01-14,351.7,353.6,347.5,349.6,28094.0,9825585.25
2021-01-15,351.45,363.0,348.5,349.95,108877.0,38596374.95
2021-01-18,352.0,352.0,340.0,342.05,34609.0,11928490.8
2021-01-19,345.05,350.95,344.0,345.7,22651.0,7850469.4
2021-01-20,348.0,353.95,346.0,347.9,48265.0,16872221.4
2021-01-21,350.45,355.25,343.65,345.95,51807.0,18138043.95
2021-01-22,345.15,348.5,332.05,336.9,36915.0,12629153.5
2021-01-25,339.95,341.0,322.8,328.65,41732.0,13887854.25
2021-01-27,330.0,341.95,325.55,335.2,33303.0,11146357.3
2021-01-28,334.9,338.7,330.1,331.25,20436.0,6820990.15
2021-01-29,336.95,361.6,333.0,352.6,136093.0,47757089.5
2021-02-01,356.0,356.0,343.5,346.5,74521.0,25975275.45
2021-02-02,349.2,361.0,348.0,350.65,99121.0,35155996.95
2021-02-03,352.4,382.95,348.0,375.7,408676.0,151507147.9
2021-02-04,372.0,409.4,372.0,395.15,493127.0,195139814.2
2021-02-05,398.7,413.8,388.0,392.1,262659.0,105437810.9
2021-02-08,394.0,403.6,385.2,387.2,91035.0,35881044.85
2021-02-09,387.2,392.0,372.15,374.4,93645.0,35769654.8
2021-02-10,375.8,375.8,359.0,363.8,91396.0,33468390.05
2021-02-11,365.0,436.55,361.9,421.95,803742.0,335211102.5
2021-02-12,421.95,427.95,402.65,406.3,307025.0,127884465.9
2021-02-15,409.0,423.65,403.0,411.7,150432.0,62293687.05
2021-02-16,411.1,418.0,396.55,408.25,80747.0,32974107.1
2021-02-17,401.15,489.9,401.15,489.9,1191515.0,545258597.6
2021-02-18,509.0,517.7,454.0,459.65,598888.0,287890181.9
2021-02-19,454.0,486.7,438.1,448.45,301018.0,140606211.9
2021-02-22,448.45,470.0,443.55,460.7,162546.0,74232497.2
2021-02-23,462.6,468.7,447.65,450.75,66630.0,30501268.6
2021-02-24,452.15,473.9,392.2,463.55,76777.0,35625765.85
2021-02-25,468.85,482.9,461.0,470.2,106473.0,50323241.65
2021-02-26,455.35,464.9,430.1,443.7,69792.0,31464321.15
2021-03-01,447.65,464.05,447.6,453.6,69555.0,31729958.2
2021-03-02,454.6,460.7,445.15,451.7,70989.0,32136269.3
2021-03-03,454.5,480.0,454.0,465.7,208088.0,97887112.35
2021-03-04,461.65,485.0,457.05,473.6,144762.0,68737466.35
2021-03-05,466.0,493.35,463.35,467.05,146192.0,70165699.5
2021-03-08,472.7,482.15,467.1,472.35,90355.0,42863807.6
2021-03-09,474.5,480.0,452.55,460.25,105957.0,48983016.2
2021-03-10,464.0,466.65,456.1,458.85,91199.0,42011661.8
2021-03-12,460.0,466.65,445.0,447.35,89224.0,40637663.5
2021-03-15,449.0,449.0,425.0,436.65,114225.0,49767657.65
2021-03-16,436.6,443.45,425.1,427.85,66759.0,29112365.75
2021-03-17,431.0,436.0,406.3,410.05,49083.0,20709629.05
2021-03-18,413.0,416.7,390.1,394.9,73245.0,29577027.3
2021-03-19,392.0,405.85,374.05,400.9,83328.0,32391810.1
2021-03-22,402.6,405.9,391.1,394.15,65611.0,26112113.45
2021-03-23,397.3,472.95,395.1,459.25,862907.0,393499548.0
2021-03-24,452.85,460.0,421.75,426.8,199655.0,88478312.3
2021-03-25,428.95,438.8,408.3,414.35,130542.0,55352325.95
2021-03-26,426.8,429.7,402.8,405.8,122256.0,50898867.35
2021-03-30,413.0,441.75,408.5,421.75,177295.0,75873768.8
2021-03-31,419.85,423.55,408.6,411.25,60071.0,24952810.8
2021-04-01,414.5,435.8,414.4,425.05,94831.0,40515159.5
2021-04-05,415.6,428.15,411.1,414.05,50546.0,21096714.4
2021-04-06,417.3,427.0,415.0,422.9,80270.0,33843469.85
2021-04-07,422.95,454.0,418.7,446.65,186700.0,82095577.6
2021-04-08,449.0,453.65,434.25,439.15,88462.0,39193829.95
2021-04-09,439.15,452.0,431.3,441.25,136123.0,60554087.1
2021-04-12,434.9,434.9,386.3,400.4,83083.0,34252809.05
2021-04-13,400.95,417.45,396.1,405.95,67543.0,27444683.95
2021-04-15,405.15,408.6,378.0,381.1,192186.0,74754242.15
2021-04-16,386.1,391.25,377.25,382.95,124599.0,47748587.9
2021-04-19,371.8,374.95,362.75,366.15,56548.0,20771260.8
2021-04-20,372.7,377.0,360.0,363.55,64545.0,23816657.6
2021-04-22,367.0,371.0,359.25,363.3,82492.0,30129161.8
2021-04-23,369.0,379.0,363.55,371.9,158397.0,59074939.7
2021-04-26,367.0,389.0,367.0,379.3,123627.0,47121122.3
2021-04-27,377.0,389.45,377.0,380.55,79714.0,30547083.2
2021-04-28,381.0,391.5,381.0,385.05,191559.0,73850042.15
2021-04-29,385.1,390.95,375.0,377.8,82745.0,31595444.95
2021-04-30,374.15,376.6,371.1,372.95,35082.0,13111797.95
2021-05-03,362.2,369.25,362.2,364.35,46797.0,17114074.2
2021-05-04,368.7,393.4,364.95,374.6,126346.0,48115456.3
2021-05-05,379.4,381.55,369.0,372.85,22775.0,8563293.7
2021-05-06,376.2,382.0,368.0,371.35,44111.0,16502446.35
2021-05-07,374.25,382.0,367.5,368.7,43134.0,16070007.7
2021-05-10,372.0,380.0,362.0,373.3,57429.0,21490379.1
2021-05-11,369.0,377.0,367.2,371.75,41728.0,15557785.05
2021-05-12,371.1,385.0,369.0,371.0,83901.0,31554604.85
2021-05-14,371.0,396.95,371.0,378.2,216456.0,83231663.0
2021-05-17,380.0,392.0,379.95,385.55,56240.0,21760964.5
2021-05-18,389.0,392.9,378.2,382.35,47630.0,18437515.8
2021-05-19,384.8,392.6,381.3,385.0,53858.0,20872644.3
2021-05-20,387.0,428.4,383.15,413.85,573064.0,235563696.45
2021-05-21,417.6,432.0,414.45,421.6,237426.0,100499647.0
2021-05-24,424.95,425.7,413.0,415.6,61177.0,25568812.0
2021-05-25,418.1,419.1,401.85,403.7,79013.0,32336900.05
2021-05-26,405.65,475.0,405.65,452.6,1101145.0,503844635.4
2021-05-27,455.4,456.7,437.0,441.45,130734.0,58144070.45
2021-05-28,441.5,455.8,434.95,436.8,129661.0,57542919.45
2021-05-31,438.0,445.0,427.05,431.3,120363.0,52235989.25
2021-06-01,434.65,438.0,425.85,426.7,41878.0,18002259.75
2021-06-02,429.5,444.8,427.95,432.45,89411.0,39031665.95
2021-06-03,435.0,472.9,435.0,456.95,400622.0,184112021.5
2021-06-04,458.55,469.0,451.1,459.2,127656.0,58624334.75
2021-06-07,461.75,481.0,455.0,466.0,264835.0,124327594.7
2021-06-08,470.0,477.7,458.0,468.85,138603.0,65061831.15
2021-06-09,469.0,483.85,452.6,455.6,164549.0,77124333.2
2021-06-10,459.2,472.55,437.05,443.65,433561.0,196027007.75
2021-06-11,445.0,451.1,432.0,435.5,108300.0,47630086.3
2021-06-14,435.55,438.0,420.85,431.8,145419.0,62732054.25
2021-06-15,434.0,448.85,434.0,439.75,114915.0,50706956.65
2021-06-16,443.4,447.6,435.05,441.25,84361.0,37170819.1
2021-06-17,436.0,456.5,436.0,443.55,161620.0,72282301.65
2021-06-18,447.75,451.0,427.05,446.9,121409.0,53608226.15
2021-06-21,433.5,448.95,425.0,436.65,97152.0,42651505.4
2021-06-22,440.0,456.0,417.6,427.85,105482.0,46041286.5
2021-06-23,431.85,441.9,428.2,433.15,73269.0,31779608.4
2021-06-24,435.5,454.75,434.4,444.2,217032.0,96596001.15
2021-06-25,448.3,449.95,435.8,438.05,81426.0,36167741.65
2021-06-28,438.5,443.95,432.0,434.5,74769.0,32773011.55
2021-06-29,437.9,443.85,433.9,440.4,96020.0,42167901.65
2021-06-30,443.7,460.0,438.05,452.15,227534.0,102379550.75
2021-07-01,454.8,477.0,452.7,465.0,367612.0,171434191.9
2021-07-02,468.65,475.0,462.2,465.55,116761.0,54720147.65
2021-07-05,469.1,479.8,463.3,465.15,153941.0,72503637.0
2021-07-06,466.0,474.9,443.75,446.85,153438.0,70471737.2
2021-07-07,448.9,472.0,442.55,453.75,208479.0,95307285.65
2021-07-08,454.95,463.65,447.3,452.3,96445.0,43938859.75
2021-07-09,452.0,467.35,447.2,465.15,128452.0,59170709.8
2021-07-12,468.6,558.15,465.2,548.85,2821950.0,1493601993.45
2021-07-13,545.0,551.9,525.0,528.55,704174.0,378771452.35
2021-07-14,529.9,539.35,515.0,518.55,292239.0,153489935.5
2021-07-15,521.7,540.95,519.0,533.0,456245.0,241566465.35
2021-07-16,533.95,549.9,525.6,527.5,332000.0,178272866.8
2021-07-19,521.0,569.3,521.0,538.9,825307.0,453863560.1
2021-07-20,540.85,546.8,517.4,528.7,345596.0,184314975.4
2021-07-22,532.5,547.2,529.85,533.65,275203.0,148132483.3
2021-07-23,535.0,553.85,532.0,544.0,394449.0,214774155.25
2021-07-26,545.0,627.65,538.75,610.75,2200595.0,1317573503.65
2021-07-27,612.0,632.25,591.0,604.35,698734.0,427246230.25
2021-07-28,608.0,620.9,586.95,594.15,284666.0,171603160.3
2021-07-29,595.0,668.95,595.0,637.45,1257183.0,810150054.5
2021-07-30,636.75,666.0,631.0,653.05,364941.0,235418167.55
2021-08-02,658.4,683.65,656.5,664.75,425763.0,284576929.0
2021-08-03,663.75,669.7,641.3,645.0,173041.0,112586888.9
2021-08-04,646.7,658.0,613.15,617.35,198912.0,125999134.95
2021-08-05,618.75,626.95,593.0,597.95,269169.0,162972633.5
2021-08-06,599.95,620.95,595.35,612.55,222358.0,134740519.55
2021-08-09,610.5,618.65,566.0,574.25,320855.0,191011008.8
2021-08-10,579.25,583.9,531.9,550.8,292166.0,163021796.85
2021-08-11,546.85,594.0,522.35,584.55,446497.0,251150854.55
2021-08-12,589.0,616.95,587.8,602.2,270133.0,163348788.05
2021-08-13,604.0,606.9,584.8,598.6,174199.0,103732146.75
2021-08-16,593.0,596.9,580.15,582.95,136636.0,80200424.4
2021-08-17,584.4,614.45,574.05,596.45,237244.0,140634788.3
2021-08-18,599.75,618.0,587.9,602.1,224248.0,135528408.55
2021-08-20,590.0,604.05,560.15,567.25,130878.0,76310766.85
2021-08-23,567.35,577.4,526.0,530.75,143725.0,78334417.2
2021-08-24,531.0,544.4,524.2,537.15,208598.0,111020453.85
2021-08-25,537.15,548.45,537.0,538.85,88445.0,47964711.4
2021-08-26,540.1,563.95,538.0,541.75,185998.0,102774522.6
2021-08-27,545.95,556.65,538.85,547.45,71542.0,39224121.5
2021-08-30,550.0,566.0,548.1,556.8,123094.0,68695137.4
2021-08-31,556.5,564.25,540.05,543.25,81724.0,45123979.3
2021-09-01,544.7,583.8,543.0,573.75,293988.0,166596801.85
2021-09-02,575.0,588.9,573.5,576.25,119436.0,69362508.9
2021-09-03,577.0,605.7,577.0,581.35,220665.0,130558515.9
2021-09-06,584.0,597.95,577.4,580.65,98931.0,58015937.6
2021-09-07,579.95,583.05,565.0,566.4,64808.0,37029805.4
2021-09-08,568.5,576.9,564.35,568.6,82598.0,47062047.7
2021-09-09,567.45,582.0,563.6,566.2,69713.0,39877431.65
2021-09-13,566.0,566.35,554.75,557.6,55958.0,31308970.9
2021-09-14,559.0,569.9,555.1,562.5,70444.0,39614692.05
2021-09-15,564.9,571.1,560.0,561.65,55930.0,31588584.15
2021-09-16,564.4,580.35,561.05,564.4,83235.0,47339476.95
2021-09-17,567.7,567.7,546.0,547.4,63837.0,35387090.45
2021-09-20,541.0,546.9,532.45,535.1,75019.0,40398561.95
2021-09-21,538.0,547.0,525.25,537.65,91511.0,49205568.85
2021-09-22,539.7,563.95,536.0,545.1,161948.0,88978559.4
2021-09-23,549.8,619.95,548.85,592.7,1077933.0,644170187.0
2021-09-24,596.7,648.8,580.15,616.4,986265.0,616240045.45
2021-09-27,619.9,632.0,608.45,617.4,250999.0,155547444.75
2021-09-28,619.45,622.85,586.05,600.35,143884.0,86954684.55
2021-09-29,597.75,620.3,593.05,603.6,106623.0,64764066.6
2021-09-30,605.0,607.6,589.0,591.7,71506.0,42692780.05
2021-10-01,588.7,598.8,581.5,584.5,58440.0,34470223.4
2021-10-04,582.5,607.0,582.5,592.9,103714.0,61698844.25
2021-10-05,594.65,606.95,589.05,593.75,73521.0,43859213.5
2021-10-06,596.8,614.4,582.0,585.45,124556.0,74815207.8
2021-10-07,589.9,638.0,589.7,626.15,407531.0,252879689.9
2021-10-08,628.0,638.0,612.0,615.1,103786.0,64613327.9
2021-10-11,618.95,628.0,599.4,609.0,111837.0,68891511.5
2021-10-12,607.8,616.75,600.45,603.4,87167.0,52903043.1
2021-10-13,608.0,625.0,602.0,605.4,102213.0,62540010.75
2021-10-14,603.0,621.85,592.5,598.25,119711.0,72909604.85
2021-10-18,598.0,604.0,586.0,587.8,84584.0,50227672.65
2021-10-19,590.0,594.9,560.0,566.75,94293.0,54613218.9
2021-10-20,565.1,565.1,545.0,552.9,77035.0,42753986.1
2021-10-21,560.0,572.0,550.0,564.05,64555.0,36204244.25
2021-10-22,570.0,577.8,546.0,550.9,72086.0,40559815.2
2021-10-25,547.0,566.05,539.1,550.2,97783.0,54124307.15
2021-10-26,553.4,563.0,552.65,560.05,45811.0,25627284.0
2021-10-27,562.1,573.7,555.7,562.2,64317.0,36367187.5
2021-10-28,562.45,563.0,550.05,551.7,45234.0,25065557.65
2021-10-29,551.7,555.65,540.05,544.95,53703.0,29411584.85
2021-11-01,549.7,560.0,544.1,556.9,44406.0,24584139.6
2021-11-02,558.9,567.25,556.0,559.3,47116.0,26472540.25
2021-11-03,561.0,614.0,561.0,592.5,309511.0,184326116.9
2021-11-04,596.7,599.5,590.0,593.85,30251.0,18008255.15
2021-11-08,596.7,619.7,593.9,600.3,286717.0,174206642.6
2021-11-09,599.95,619.1,592.0,594.7,97035.0,58794182.35
2021-11-10,596.0,600.0,581.95,585.5,49897.0,29577925.8
2021-11-11,586.0,589.9,568.0,571.4,47230.0,27302576.2
2021-11-12,575.0,597.4,572.35,594.75,88735.0,52182289.05
2021-11-15,597.0,599.5,574.65,576.8,66235.0,38698362.85
2021-11-16,577.5,598.4,576.9,582.7,172591.0,100711602.15
2021-11-17,578.0,593.95,575.45,579.65,163556.0,95194841.35
2021-11-18,581.0,585.4,558.0,561.3,57529.0,32977187.85
2021-11-22,564.15,565.65,541.0,545.75,60004.0,33162822.6
2021-11-23,547.0,575.0,543.75,555.5,65543.0,36481550.2
2021-11-24,558.5,571.7,556.1,558.1,50947.0,28781045.1
2021-11-25,560.9,575.45,555.0,559.9,70887.0,40005461.45
2021-11-26,555.0,558.95,531.3,538.75,37084.0,20335128.65
2021-11-29,516.25,534.85,482.85,495.9,86292.0,43923100.1
2021-11-30,490.0,514.6,489.95,497.5,63999.0,32202804.6
2021-12-01,502.45,509.1,493.15,496.1,43858.0,22029081.5
2021-12-02,497.0,518.8,497.0,512.85,51444.0,26166858.35
2021-12-03,514.8,523.0,510.05,512.05,30387.0,15728376.8
2021-12-06,507.0,517.45,495.35,497.7,38071.0,19261375.65
2021-12-07,500.2,509.95,496.6,498.35,42669.0,21358664.5
2021-12-08,503.0,519.0,503.0,508.85,61708.0,31539667.6
2021-12-09,514.0,530.0,507.1,518.15,57995.0,30100697.9
2021-12-10,519.0,537.9,518.15,523.3,87253.0,46045187.8
2021-12-13,527.85,537.5,515.1,518.1,39651.0,20821942.5
2021-12-14,514.0,532.9,514.0,523.25,41823.0,21857183.95
2021-12-15,525.65,530.55,515.05,516.5,28298.0,14822462.1
2021-12-16,518.7,523.6,505.0,507.0,23758.0,12173182.6
2021-12-17,509.0,511.0,495.0,497.9,31652.0,15890346.35
2021-12-20,499.5,499.5,481.0,485.45,34095.0,16575589.15
2021-12-21,487.85,508.0,487.85,502.9,41656.0,20910507.2
2021-12-22,503.1,524.45,503.1,519.0,31240.0,16115428.2
2021-12-23,529.8,545.0,517.15,520.3,114238.0,60878373.6
2021-12-24,523.0,523.05,509.05,516.1,29545.0,15227401.75
2021-12-27,516.1,520.5,509.15,512.3,18722.0,9636923.75
2021-12-28,514.9,533.0,514.9,522.75,39784.0,20891044.35
2021-12-29,522.0,534.0,520.0,523.1,35559.0,18736800.6
2021-12-30,521.05,545.0,521.05,533.65,39013.0,20861810.25
2021-12-31,536.0,544.6,530.1,532.0,24807.0,13338977.5
2022-01-03,534.7,538.95,522.55,524.9,29155.0,15472079.85
2022-01-04,527.0,538.0,525.05,531.4,37217.0,19759394.35
2022-01-05,526.5,543.4,526.5,535.6,40578.0,21742293.1
2022-01-06,533.5,533.55,524.75,530.7,66659.0,35230621.15
2022-01-07,533.4,545.0,532.0,537.7,40618.0,21909582.95
2022-01-10,540.0,549.9,536.1,538.55,39244.0,21260861.55
2022-01-11,539.65,549.5,532.15,534.95,36195.0,19611517.35
2022-01-12,536.0,557.0,536.0,551.25,45422.0,24911887.9
2022-01-13,558.4,564.0,544.0,545.85,79642.0,44075015.8
2022-01-14,545.7,552.4,544.1,545.45,28500.0,15611137.95
2022-01-17,548.2,554.0,537.25,538.75,34207.0,18630076.05
2022-01-18,541.45,541.85,516.0,518.6,42221.0,22412013.15
2022-01-19,518.0,525.0,510.5,517.05,136678.0,71099086.6
2022-01-20,518.5,522.0,515.0,518.25,18065.0,9356536.2
2022-01-21,520.5,527.45,511.2,514.3,28770.0,14956498.85
2022-01-24,515.0,516.15,491.8,494.3,33388.0,16712610.85
2022-01-25,494.0,503.9,484.0,497.4,34328.0,16990859.85
2022-01-27,490.0,495.55,485.5,492.95,27468.0,13535808.05
2022-01-28,494.05,517.0,494.05,506.95,36273.0,18385786.9
2022-01-31,509.55,514.1,505.1,507.4,21729.0,11069825.7
2022-02-01,510.6,515.5,500.55,504.7,44684.0,22758719.3
2022-02-02,505.0,530.0,487.1,497.9,103203.0,52076814.4
2022-02-03,504.6,509.8,495.05,499.1,146693.0,73907087.6
2022-02-04,503.9,505.95,489.05,494.15,38647.0,19225244.5
2022-02-07,514.0,585.55,500.0,577.25,2670972.0,1488384069.25
2022-02-08,570.0,608.7,567.0,598.3,802545.0,468603261.95
2022-02-09,607.0,618.9,592.35,605.8,330006.0,200904362.25
2022-02-10,608.0,629.15,593.45,616.7,283091.0,173390087.25
2022-02-11,602.55,681.4,598.05,660.2,1019364.0,665834624.2
2022-02-14,648.0,691.2,622.5,627.6,829635.0,550878264.1
2022-02-15,625.0,660.0,622.05,653.95,189224.0,121323377.85
2022-02-16,652.0,690.0,645.55,680.75,400498.0,270179816.2
2022-02-17,686.8,725.0,685.15,705.3,802973.0,568299505.95
2022-02-18,706.9,751.95,701.5,706.6,750326.0,547914715.95
2022-02-21,712.9,721.0,682.9,698.25,340254.0,238919909.05
2022-02-22,673.25,696.0,660.0,678.25,283789.0,192297622.4
2022-02-23,680.0,713.95,679.0,691.2,230795.0,159260868.45
2022-02-24,656.0,673.95,623.05,631.45,260776.0,171483790.65
2022-02-25,650.15,680.0,650.15,675.35,137348.0,91950784.35
2022-02-28,674.0,752.2,663.1,737.75,692681.0,499631190.8
2022-03-02,720.0,745.0,707.3,720.6,221978.0,162061978.4
2022-03-03,720.1,734.95,693.6,702.4,97733.0,70121060.3
2022-03-04,695.0,723.05,675.4,705.4,154122.0,107705892.55
2022-03-07,692.0,706.9,651.4,655.6,264130.0,178483293.4
2022-03-08,655.6,687.3,652.45,668.05,143847.0,96397652.45
2022-03-09,674.0,699.95,672.85,688.05,148909.0,102397739.1
2022-03-10,700.0,708.4,687.8,697.1,97824.0,68461440.15
2022-03-11,694.05,712.4,691.85,702.6,184001.0,129214374.35
2022-03-14,704.9,746.95,704.1,727.95,351572.0,256423978.85
2022-03-15,732.75,738.0,717.95,731.4,190982.0,139208934.9
2022-03-16,735.0,783.95,734.65,741.25,767000.0,582871402.2
2022-03-17,751.9,755.0,741.95,748.05,270551.0,202628754.05
2022-03-21,766.0,837.35,758.0,820.15,1425920.0,1135394126.95
2022-03-22,823.0,843.85,791.0,802.05,838129.0,682738197.55
2022-03-23,812.0,830.65,795.5,814.85,349693.0,284164067.05
2022-03-24,805.0,814.0,794.3,799.1,139932.0,112491836.65
2022-03-25,800.0,812.9,775.0,781.5,212076.0,168598683.75
2022-03-28,781.5,792.2,761.1,769.35,246389.0,190988866.15
2022-03-29,773.2,789.95,761.0,772.9,218196.0,168238827.3
2022-03-30,776.0,802.0,776.0,784.9,143419.0,113390896.05
2022-03-31,788.7,808.3,780.15,787.05,155190.0,123563088.0
2022-04-01,787.0,808.3,783.0,790.9,109371.0,87022515.2
2022-04-04,793.8,818.3,790.4,801.15,260366.0,209698989.55
2022-04-05,804.7,812.45,784.5,787.3,104376.0,83574347.7
2022-04-06,787.25,797.95,773.05,780.1,191149.0,150821500.45
2022-04-07,780.0,787.0,754.25,762.8,155438.0,120762905.8
2022-04-08,768.6,773.8,762.35,768.1,57080.0,43870112.55
2022-04-11,781.15,795.15,765.0,781.9,78121.0,60926502.3
2022-04-12,786.0,795.0,765.0,776.85,171466.0,133701315.35
2022-04-13,780.6,788.45,762.05,770.75,71167.0,55033886.2
2022-04-18,768.9,778.0,740.95,766.15,103781.0,79013314.3
2022-04-19,773.0,818.0,763.7,792.6,381030.0,305008659.8
2022-04-20,789.6,830.0,785.95,806.35,271316.0,220869120.25
2022-04-21,814.65,824.4,793.75,798.55,113046.0,91362145.6
2022-04-22,796.0,808.9,790.4,800.4,76809.0,61473930.1
2022-04-25,795.85,820.0,765.0,767.7,325292.0,253791899.8
2022-04-26,775.6,781.65,765.55,771.45,56821.0,43860701.05
2022-04-27,765.0,783.8,745.3,774.5,101056.0,77103187.85
2022-04-28,781.9,783.0,767.55,769.25,55975.0,43475433.55
2022-04-29,775.65,778.5,751.4,757.3,42239.0,32356455.85
2022-05-02,755.0,774.6,733.8,761.9,109438.0,83028322.7
2022-05-04,768.0,772.4,709.05,733.3,79608.0,59102539.65
2022-05-05,740.7,757.85,730.65,748.3,90563.0,67837084.5
2022-05-06,721.0,740.0,718.0,722.95,37102.0,27008449.7
2022-05-09,709.0,722.65,701.0,707.7,46377.0,32790854.65
2022-05-10,696.1,713.1,695.1,699.35,64669.0,45604974.85
2022-05-11,700.0,707.75,663.95,671.9,57212.0,38946311.55
2022-05-12,674.0,674.0,650.0,659.2,40188.0,26417258.05
2022-05-13,672.35,691.8,659.8,681.85,44695.0,30291178.55
2022-05-16,671.0,724.8,660.65,689.7,61835.0,42083462.65
2022-05-17,726.9,726.9,692.0,705.5,76338.0,53896661.85
2022-05-18,711.0,744.9,704.3,739.0,75696.0,54952622.1
2022-05-19,725.0,735.0,701.1,705.5,29722.0,21245101.85
2022-05-20,714.6,748.9,710.5,744.65,54235.0,39642349.25
2022-05-23,748.0,760.0,717.35,722.65,30640.0,22511199.05
2022-05-24,726.3,732.15,711.0,716.35,23247.0,16798989.45
2022-05-25,719.75,727.4,683.0,688.9,27831.0,19551923.45
2022-05-26,688.9,694.7,662.9,680.45,28142.0,18994316.6
2022-05-27,684.0,694.9,669.1,673.6,30150.0,20488276.4
2022-05-30,685.7,700.0,670.3,693.45,45064.0,30945437.2
2022-05-31,696.0,713.0,688.3,701.3,27381.0,19238918.4
2022-06-01,701.0,718.0,696.2,703.85,33456.0,23593310.8
2022-06-02,696.5,770.0,696.5,759.15,120902.0,89995002.75
2022-06-03,768.9,816.9,756.95,765.0,512104.0,402824937.0
2022-06-06,765.0,796.75,742.45,782.2,210267.0,161270282.75
2022-06-07,779.15,794.4,770.0,774.45,71801.0,55994231.5
2022-06-08,778.9,780.0,759.05,764.2,117634.0,90343132.6
2022-06-09,761.0,777.4,755.45,770.15,155540.0,119563728.85
2022-06-10,762.6,779.5,755.85,766.35,35942.0,27593479.0
2022-06-13,755.0,755.25,711.75,717.45,67978.0,49541682.9
2022-06-14,718.0,729.0,701.0,704.1,30343.0,21676595.35
2022-06-15,707.0,722.35,706.95,711.5,30584.0,21851429.15
2022-06-16,715.1,724.9,669.3,686.45,52340.0,36459838.0
2022-06-17,671.1,695.0,671.1,687.75,29057.0,19979063.55
2022-06-20,689.0,689.95,652.45,656.5,35751.0,23698060.1
2022-06-21,659.8,673.0,657.3,669.9,54083.0,36085602.8
2022-06-22,663.6,665.0,650.1,651.75,19194.0,12599653.0
2022-06-23,651.75,663.4,638.0,642.7,19473.0,12688546.05
2022-06-24,643.0,688.0,643.0,675.45,57366.0,38475698.2
2022-06-27,676.0,698.7,672.65,677.65,34345.0,23541821.05
2022-06-28,678.0,680.95,670.85,676.95,26926.0,18197934.1
2022-06-29,675.0,688.0,672.05,677.8,9299.0,6328277.85
2022-06-30,678.35,684.4,661.05,668.8,17327.0,11656863.4
2022-07-01,662.1,666.0,648.5,655.25,23886.0,15690457.7
2022-07-04,655.25,684.9,653.65,683.15,41150.0,27738938.0
2022-07-05,686.0,690.0,675.5,680.0,24848.0,16990935.35
2022-07-06,683.4,691.0,676.3,688.9,27996.0,19201085.5
2022-07-07,690.0,704.0,688.0,695.4,29842.0,20772856.7
2022-07-08,695.0,721.0,693.0,718.6,91402.0,65116098.1
2022-07-11,718.0,740.5,709.1,738.1,89568.0,65510587.75
2022-07-12,738.0,742.0,725.3,728.15,41790.0,30715084.6
2022-07-13,731.8,733.9,714.75,723.3,22597.0,16358965.85
2022-07-14,723.4,727.5,703.65,708.0,40208.0,28585421.85
2022-07-15,719.8,719.8,689.55,697.05,22382.0,15655272.25
2022-07-18,708.0,719.0,699.05,703.6,33455.0,23619986.6
2022-07-19,704.45,715.3,694.85,699.45,71983.0,50620373.95
2022-07-20,702.95,725.35,702.5,713.05,83656.0,59971566.85
2022-07-21,712.0,723.8,695.9,699.0,63423.0,44781313.9
2022-07-22,703.0,738.75,700.0,712.25,77623.0,55904223.0
2022-07-25,714.0,727.25,702.6,704.9,54869.0,39049301.05
2022-07-26,708.45,711.7,700.05,701.4,25186.0,17705986.7
2022-07-27,706.45,706.45,696.65,698.15,16257.0,11373835.2
2022-07-28,701.65,728.9,701.05,724.8,94132.0,67711538.15
2022-07-29,720.0,741.0,705.05,707.25,95368.0,69123659.1
2022-08-01,710.8,720.5,695.6,706.4,136164.0,95904621.2
2022-08-02,708.9,716.8,706.0,711.65,40133.0,28521976.05
2022-08-03,715.2,720.0,703.95,709.35,46734.0,33225931.3
2022-08-04,712.9,740.0,712.85,722.7,201232.0,146423222.85
2022-08-05,726.7,732.0,692.05,700.65,64542.0,45630701.35
2022-08-08,706.9,714.65,691.95,693.8,44372.0,30921077.9
2022-08-10,695.4,696.9,680.5,686.4,23995.0,16463669.6
2022-08-11,687.0,705.15,687.0,699.0,44267.0,30891177.35
2022-08-12,702.4,711.0,694.0,698.3,39161.0,27527875.85
2022-08-16,687.85,707.0,687.85,697.75,44746.0,31259585.35
2022-08-17,700.4,729.9,698.2,722.3,189028.0,135762174.35
2022-08-18,725.8,735.65,721.0,722.0,193391.0,140499886.7
2022-08-19,719.05,728.9,701.15,706.25,52250.0,37314194.4
2022-08-22,709.7,728.9,685.0,712.15,53503.0,37559225.45
2022-08-23,715.0,748.0,708.1,716.0,201458.0,146430402.0
2022-08-24,719.95,738.85,715.95,731.1,60994.0,44356140.1
2022-08-25,735.0,754.0,726.0,727.7,86225.0,63578487.65
2022-08-26,738.95,738.95,721.05,724.95,49333.0,35899286.2
2022-08-29,710.0,757.0,706.75,752.35,240337.0,178585367.9
2022-08-30,755.0,777.8,745.0,763.3,394684.0,300518535.5
2022-09-01,757.9,769.0,755.75,761.65,123096.0,93596188.65
2022-09-02,767.6,798.0,751.05,794.75,304457.0,239338671.2
2022-09-05,798.7,810.0,780.0,784.45,85448.0,67697283.0
2022-09-06,784.45,789.5,764.1,766.75,43322.0,33543658.85
2022-09-07,756.75,774.0,756.75,770.95,29271.0,22491025.9
2022-09-08,770.95,777.55,767.05,770.1,59236.0,45691500.8
2022-09-09,764.0,779.0,742.2,750.5,72708.0,55601055.2
2022-09-12,747.85,764.0,705.5,749.9,156796.0,118421813.95
2022-09-13,753.65,769.9,740.7,754.25,78165.0,59084462.7
2022-09-14,749.7,763.65,743.1,756.35,71068.0,53448115.65
2022-09-15,760.0,789.9,758.15,787.95,186281.0,145361191.75
2022-09-16,788.0,793.55,751.7,767.4,96674.0,75565927.95
2022-09-19,770.4,771.0,735.0,743.6,46060.0,34642121.9
2022-09-20,752.0,759.55,742.75,746.2,37038.0,27730318.8
2022-09-21,747.0,760.9,735.0,738.35,118678.0,89009473.1
2022-09-22,742.05,751.35,734.8,744.1,29337.0,21747545.85
2022-09-23,747.85,750.0,740.75,748.85,36618.0,27304006.95
2022-09-26,745.0,745.0,688.55,696.25,90457.0,65179742.5
2022-09-27,701.8,712.95,686.55,697.9,27531.0,19286313.35
2022-09-28,690.0,698.35,681.0,684.15,28992.0,20017489.75
2022-09-29,690.15,697.75,670.5,682.1,29260.0,20074050.8
2022-09-30,687.2,700.0,674.15,696.55,14728.0,10137720.7
2022-10-03,700.05,714.85,692.45,709.4,33082.0,23431662.15
2022-10-04,712.95,737.0,707.25,734.85,41240.0,30041053.1
2022-10-06,738.55,753.9,725.0,729.0,93354.0,68852000.25
2022-10-07,732.65,736.85,725.5,734.65,20529.0,15026790.65
2022-10-10,730.0,746.0,715.0,721.65,20282.0,14818173.05
2022-10-11,728.7,728.7,701.5,705.35,26814.0,19049070.65
2022-10-12,715.0,715.0,693.05,697.55,23093.0,16202005.35
2022-10-13,701.0,730.9,690.3,728.6,116449.0,83620172.75
2022-10-14,755.0,758.9,720.05,729.1,80240.0,59195592.2
2022-10-17,740.0,740.0,707.25,710.5,41366.0,29684970.25
2022-10-18,715.0,740.4,714.15,735.7,77729.0,56833438.55
2022-10-19,738.5,746.2,722.5,726.55,27857.0,20449491.9
2022-10-20,728.0,739.75,721.0,737.2,18355.0,13430782.85
2022-10-21,740.9,740.9,720.0,723.0,22359.0,16297304.45
2022-10-24,732.0,732.0,720.0,722.5,10226.0,7411427.1
2022-10-25,723.15,728.85,714.55,720.55,18168.0,13119467.6
2022-10-27,721.4,721.4,710.0,714.65,25192.0,18016578.1
2022-10-28,718.25,722.0,710.0,715.35,52032.0,37341836.75
2022-10-31,715.05,733.45,708.1,709.9,30918.0,22249039.4
2022-11-01,708.15,733.0,708.15,725.25,66912.0,48445772.2
2022-11-02,725.25,730.0,713.75,721.25,11256.0,8166443.9
2022-11-03,724.9,732.05,716.6,726.05,15536.0,11273401.8
2022-11-04,728.65,734.05,725.0,730.15,28172.0,20600821.2
2022-11-07,733.85,744.75,722.55,727.3,16925.0,12378671.5
2022-11-09,734.7,744.95,710.35,713.6,56745.0,41109202.4
2022-11-10,717.15,717.15,691.0,701.05,47450.0,33360330.4
2022-11-11,715.05,718.9,708.15,712.45,9324.0,6649801.75
2022-11-14,716.05,720.7,703.3,705.8,12053.0,8563820.85
2022-11-15,709.35,710.75,700.1,703.9,12676.0,8927313.25
2022-11-16,709.5,713.85,703.9,711.1,24785.0,17574894.7
2022-11-17,704.0,714.1,692.2,695.25,33427.0,23431630.25
2022-11-18,695.7,712.95,692.15,701.45,33299.0,23288143.25
2022-11-21,700.3,704.45,690.2,693.0,21541.0,14992703.65
2022-11-22,693.0,696.5,685.0,689.7,28263.0,19475357.3
2022-11-23,693.15,717.85,689.3,702.25,111906.0,78696671.3
2022-11-24,705.7,717.9,704.1,714.6,58767.0,41912100.6
2022-11-25,709.0,715.9,695.25,698.75,36296.0,25620480.6
2022-11-28,695.0,731.4,689.5,723.8,121295.0,86703086.35
2022-11-29,725.0,729.7,716.8,724.9,41777.0,30243062.3
2022-11-30,739.0,739.0,707.0,717.85,41992.0,30206662.7
2022-12-01,728.8,728.8,699.95,705.6,36929.0,26200803.05
2022-12-02,701.25,732.0,701.25,728.05,68447.0,49464754.25
2022-12-05,731.7,762.9,722.7,749.65,330909.0,248151085.25
2022-12-06,750.0,764.0,735.95,740.9,147506.0,111095798.95
2022-12-07,742.95,748.65,715.9,723.6,97546.0,70662092.05
2022-12-08,727.25,759.0,718.6,736.35,110147.0,80313584.0
2022-12-09,739.95,749.0,716.5,722.55,203556.0,148263034.15
2022-12-12,724.2,732.8,717.6,721.5,85922.0,62555040.45
2022-12-13,724.2,726.95,711.05,714.0,32441.0,23318753.65
2022-12-14,717.5,738.0,708.5,714.15,127972.0,92257037.95
2022-12-15,716.85,724.0,706.8,712.65,35093.0,25178704.2
2022-12-16,712.4,719.0,703.95,711.25,26798.0,19065929.5
2022-12-19,711.25,722.4,705.95,711.15,26606.0,18931248.85
2022-12-20,711.5,717.25,703.2,713.35,21763.0,15442594.45
2022-12-21,716.7,719.1,665.6,680.6,78885.0,54555627.05
2022-12-22,685.05,699.95,655.55,659.1,41560.0,27806904.85
2022-12-23,651.1,658.45,582.95,590.9,125041.0,76710958.5
2022-12-26,592.0,640.0,592.0,636.85,53338.0,33252213.55
2022-12-27,640.0,645.65,630.0,639.4,36377.0,23149730.7
2022-12-28,642.6,694.5,638.55,663.6,97244.0,64603158.95
2022-12-29,663.9,669.8,648.55,658.25,32801.0,21543574.0
2022-12-30,661.55,675.0,661.55,669.95,26616.0,17779902.8
2023-01-02,673.3,674.45,665.0,669.5,12410.0,8302326.65
2023-01-03,669.5,688.95,657.8,660.3,52101.0,35059165.55
2023-01-04,663.0,665.9,652.0,660.95,23804.0,15710137.7
2023-01-05,669.0,669.0,657.0,663.7,11493.0,7619960.35
2023-01-06,663.7,677.05,661.65,666.0,38140.0,25527198.1
2023-01-09,670.0,674.9,656.65,659.45,16396.0,10892571.15
2023-01-10,659.95,670.0,655.95,667.1,19479.0,12925688.1
2023-01-11,667.5,673.55,648.8,662.85,34293.0,22627257.95
2023-01-12,671.0,671.0,657.05,659.7,6736.0,4465582.4
2023-01-13,660.3,665.65,651.3,656.85,10915.0,7180244.05
2023-01-16,655.0,660.0,635.35,639.65,54182.0,35169985.6
2023-01-17,637.0,652.15,628.0,638.75,55954.0,35857117.35
2023-01-18,638.9,642.0,627.0,629.6,15698.0,9965745.3
2023-01-19,630.0,652.05,627.8,648.1,36271.0,23281936.4
2023-01-20,649.8,652.95,640.55,645.2,11737.0,7605562.45
2023-01-23,648.45,654.85,647.2,652.45,11080.0,7220897.45
2023-01-24,655.75,665.65,642.05,645.4,14666.0,9622202.15
2023-01-25,643.0,645.3,628.0,631.9,13932.0,8849261.1
2023-01-27,633.65,635.05,598.1,602.75,33182.0,20253562.15
2023-01-30,605.8,613.15,594.15,596.55,41587.0,25000489.45
2023-01-31,595.0,630.5,594.5,627.2,50058.0,30384105.6
2023-02-01,627.2,636.55,624.15,632.9,33864.0,21335202.5
2023-02-02,632.9,648.0,623.15,642.4,12359.0,7876955.2
2023-02-03,636.4,649.75,625.0,639.75,33858.0,21590607.1
2023-02-06,640.65,693.3,631.5,670.5,107376.0,71896855.75
2023-02-07,673.9,681.55,665.0,671.9,62784.0,42356491.95
2023-02-08,675.3,678.95,660.95,668.95,16728.0,11164897.8
2023-02-09,676.75,676.75,663.1,667.95,16958.0,11381793.75
2023-02-10,671.3,675.0,664.5,667.75,8262.0,5534235.85
2023-02-13,668.6,680.0,662.0,664.6,13378.0,8966510.6
2023-02-14,662.5,664.5,650.25,652.55,8397.0,5525841.2
2023-02-15,647.05,678.0,637.5,672.5,25854.0,17043221.15
2023-02-16,676.0,704.95,672.05,699.7,52422.0,36324131.5
2023-02-17,686.5,723.0,686.45,702.0,28776.0,20367267.6
2023-02-20,712.5,712.5,700.8,709.6,20335.0,14362187.25
2023-02-21,710.6,730.8,698.0,701.95,39112.0,28074347.85
2023-02-22,700.0,702.85,682.0,685.45,12109.0,8367028.35
2023-02-23,698.3,707.85,690.0,700.25,16023.0,11181314.95
2023-02-24,703.4,707.85,677.0,681.05,18390.0,12699586.45
2023-02-27,678.65,713.65,674.0,704.1,49517.0,34245659.0
2023-02-28,704.1,706.65,689.05,691.95,10973.0,7653117.35
2023-03-01,695.45,708.0,692.1,704.0,14387.0,10092753.65
2023-03-02,709.0,709.0,692.35,700.35,17309.0,12123276.35
2023-03-03,707.0,715.0,690.0,693.3,22342.0,15528965.75
2023-03-06,691.1,699.0,679.55,688.25,151287.0,104635557.05
2023-03-08,689.0,691.65,667.55,674.4,21281.0,14426090.4
2023-03-09,676.0,682.45,669.3,672.2,9339.0,6305600.55
2023-03-10,672.25,688.0,653.45,666.6,22141.0,14690708.95
2023-03-13,666.6,674.05,639.35,642.95,18973.0,12385428.35
2023-03-14,646.15,654.2,630.0,640.1,33276.0,21128955.7
2023-03-15,643.35,677.0,643.35,657.6,43925.0,29151398.75
2023-03-16,653.9,671.3,639.0,660.05,17428.0,11445384.3
2023-03-17,663.4,666.05,644.6,649.9,17226.0,11217999.15
2023-03-20,662.0,662.0,638.55,642.6,11960.0,7691137.15
2023-03-21,645.85,647.1,631.0,634.0,18485.0,11793294.95
2023-03-22,635.05,642.0,635.05,639.6,15231.0,9740802.0
2023-03-23,638.85,660.8,629.95,634.35,48807.0,31266021.7
2023-03-24,637.5,649.65,630.05,638.3,23694.0,15146867.0
2023-03-27,620.0,635.65,620.0,624.2,21587.0,13566096.6
2023-03-28,625.9,625.9,603.05,606.95,55154.0,33632120.1
2023-03-29,606.95,625.9,604.0,615.85,30718.0,18950268.6
2023-03-31,625.0,629.85,610.0,612.6,21005.0,13023309.8
2023-04-03,615.7,624.2,611.9,619.1,25043.0,15483641.7
2023-04-05,622.15,629.8,620.15,626.6,20869.0,13064867.45
2023-04-06,621.0,644.25,621.0,637.2,14004.0,8864273.5
2023-04-10,637.4,654.4,634.5,643.5,33982.0,21964961.1
2023-04-11,643.5,649.5,638.0,639.25,10158.0,6535342.95
2023-04-12,637.5,644.05,630.0,638.6,15399.0,9807658.9
2023-04-13,644.8,644.8,630.35,634.3,11058.0,7016526.65
2023-04-17,639.4,639.4,620.0,624.7,20768.0,12988542.4
2023-04-18,627.0,638.5,622.6,634.05,20063.0,12630171.8
2023-04-19,640.0,640.0,632.6,636.45,9939.0,6327590.4
2023-04-20,639.25,642.9,622.35,629.65,14557.0,9227305.4
2023-04-21,625.0,634.7,608.0,612.0,38634.0,23894520.65
2023-04-24,616.95,678.3,605.85,638.05,367069.0,239083878.65
2023-04-25,643.2,666.75,639.0,646.1,121407.0,79107835.75
2023-04-26,648.0,669.9,637.35,652.7,265394.0,172649011.3
2023-04-27,652.7,659.15,647.1,649.65,28706.0,18727081.65
2023-04-28,652.9,655.9,628.45,632.8,129681.0,82867830.5
2023-05-02,638.5,655.0,628.3,644.25,110647.0,71173571.1
2023-05-03,642.95,644.3,636.0,638.85,21704.0,13896141.5
2023-05-04,641.9,651.85,639.7,647.7,28229.0,18266916.85
2023-05-05,651.0,653.95,631.1,637.55,22291.0,14336391.9
2023-05-08,637.1,663.0,637.1,652.7,65394.0,42920074.95
2023-05-09,650.75,659.0,646.0,648.45,88690.0,57928286.4
2023-05-10,647.0,664.85,641.1,647.65,186612.0,122021803.8
2023-05-11,653.0,667.0,652.5,662.85,173744.0,114887922.75
2023-05-12,675.0,718.45,675.0,685.0,609575.0,424229932.8
2023-05-15,691.0,700.0,682.35,685.65,186640.0,128822537.5
2023-05-16,690.0,696.35,675.05,682.55,63883.0,43759412.75
2023-05-17,684.6,688.0,676.0,686.15,39997.0,27286079.8
2023-05-18,690.0,704.65,680.15,683.8,93791.0,64887448.05
2023-05-19,685.9,703.0,670.1,696.95,66274.0,45490313.75
2023-05-22,700.0,729.5,692.0,719.3,243846.0,174269317.55
2023-05-23,722.9,739.5,718.0,730.05,161260.0,117882574.3
2023-05-24,726.0,738.9,692.25,704.65,80072.0,57446946.2
2023-05-25,705.0,714.85,695.0,699.5,36991.0,26082268.4
2023-05-26,703.0,719.9,688.05,707.05,51716.0,36460239.8
2023-05-29,717.0,717.0,693.05,698.75,28986.0,20383582.05
2023-05-30,703.0,719.5,701.6,708.7,62532.0,44477282.3
2023-05-31,712.25,721.0,708.85,717.6,69816.0,49844588.6
2023-06-01,724.0,774.9,712.0,765.15,358698.0,270813971.7
2023-06-02,765.15,787.0,760.1,767.0,284827.0,220483857.65
2023-06-05,772.0,773.0,749.0,753.7,48742.0,37014056.05
2023-06-06,759.0,759.0,741.05,749.8,76077.0,56924104.65
2023-06-07,753.55,773.35,740.6,764.45,85361.0,64523836.1
2023-06-08,767.4,775.0,748.8,753.0,117318.0,89429485.3
2023-06-09,756.8,767.7,745.25,755.95,45609.0,34563481.3
2023-06-12,759.95,769.0,754.0,756.45,56534.0,42960548.0
2023-06-13,760.0,760.9,754.0,757.65,28797.0,21834440.1
2023-06-14,763.65,763.65,737.25,752.3,59735.0,44638239.8
2023-06-15,759.7,759.7,735.1,739.55,47833.0,35736238.4
2023-06-16,749.7,749.7,737.5,738.85,21760.0,16142819.55
2023-06-19,742.0,749.7,717.05,720.0,50833.0,37012199.65
2023-06-20,727.7,734.0,713.45,721.6,50211.0,36278630.7
2023-06-21,725.0,742.0,706.75,710.3,120234.0,87026440.9
2023-06-22,710.3,725.0,707.0,714.4,36477.0,26100153.2
2023-06-23,713.9,715.45,701.35,706.05,29660.0,21000216.4
2023-06-26,704.0,718.0,703.0,712.2,34260.0,24350144.75
2023-06-27,705.1,750.0,705.1,748.4,201129.0,148397035.65
2023-06-28,748.4,755.05,724.65,729.45,83898.0,61887766.45
2023-06-30,731.65,742.75,722.9,727.1,58732.0,43118388.15
2023-07-03,727.5,750.1,727.5,746.35,93991.0,69920289.45
2023-07-04,750.0,756.9,741.4,746.8,78716.0,58956673.55
2023-07-05,745.5,755.0,742.1,749.95,78051.0,58514760.0
2023-07-06,754.9,769.95,742.85,745.7,100891.0,76074741.6
2023-07-07,749.45,750.0,719.0,721.25,53853.0,39353381.55
2023-07-10,722.0,728.9,717.0,722.25,27585.0,19903106.4
2023-07-11,725.15,757.3,724.05,738.15,100013.0,74424097.8
2023-07-12,741.8,743.6,732.0,733.15,16548.0,12192849.95
2023-07-13,734.95,751.85,725.05,730.85,164350.0,120857690.55
2023-07-14,730.05,739.9,724.0,733.9,70401.0,51388886.5
2023-07-17,739.75,749.9,733.0,739.85,34840.0,25845494.7
2023-07-18,742.25,744.55,728.05,731.5,30794.0,22615985.2
2023-07-19,735.2,744.5,731.1,742.3,65717.0,48593168.9
2023-07-20,742.85,769.5,729.45,731.15,168783.0,126921570.6
2023-07-21,730.05,753.85,730.05,746.1,52489.0,39093423.35
2023-07-24,748.7,759.0,742.15,745.4,37349.0,27971155.65
2023-07-25,749.15,762.0,730.25,737.4,147725.0,111007199.65
2023-07-26,744.8,755.0,732.15,738.7,68394.0,51112721.45
2023-07-27,741.7,745.0,732.95,739.05,22253.0,16426881.2
2023-07-28,740.45,747.95,734.05,737.7,28474.0,21120645.0
2023-07-31,737.7,749.75,736.5,747.75,62695.0,46616165.05
2023-08-01,755.0,764.0,738.65,741.45,95962.0,72082331.05
2023-08-02,748.0,753.8,726.15,737.1,73869.0,54769605.45
2023-08-03,740.8,742.75,728.55,738.9,27509.0,20273920.85
2023-08-04,734.25,747.8,732.25,735.6,31171.0,23027692.65
2023-08-07,739.25,743.6,712.1,715.5,70448.0,50933595.9
2023-08-08,718.7,727.0,711.8,717.75,36500.0,26238823.5
2023-08-09,720.0,742.0,713.0,720.85,156999.0,114113124.4
2023-08-10,723.0,766.3,720.0,746.8,286457.0,214972646.6
2023-08-11,755.8,827.0,751.0,802.45,1022784.0,816380325.3
2023-08-14,815.0,850.0,797.95,835.65,615012.0,510967489.45
2023-08-16,833.15,884.0,815.6,866.2,565273.0,484358324.05
2023-08-17,870.0,899.0,860.0,871.4,379367.0,333926093.5
2023-08-18,863.0,890.0,848.55,880.85,171358.0,149371032.85
2023-08-21,884.0,917.0,883.8,891.7,246065.0,221935419.05
2023-08-22,892.0,894.75,870.0,872.75,91847.0,80899522.4
2023-08-23,876.0,895.0,873.8,880.15,79400.0,70178333.95
2023-08-24,888.0,888.0,858.0,862.8,55165.0,48041549.75
2023-08-25,866.75,873.0,837.55,864.55,92919.0,79872555.15
2023-08-28,872.6,893.75,869.45,874.2,60765.0,53601658.35
2023-08-29,880.0,886.4,865.1,869.65,41267.0,36094031.25
2023-08-30,874.0,881.45,860.0,862.5,35835.0,31145154.25
2023-08-31,865.0,881.8,853.0,856.35,49336.0,42503187.15
2023-09-01,863.0,915.0,860.35,905.65,190193.0,169889086.35
2023-09-04,918.35,920.0,874.45,877.4,253792.0,225388701.2
2023-09-05,888.4,888.4,853.95,868.8,136379.0,118426527.9
2023-09-06,869.0,894.95,858.05,860.75,144484.0,126357979.85
2023-09-07,865.1,868.7,852.4,856.1,185756.0,159407443.4
2023-09-08,856.9,861.0,838.8,843.6,106202.0,90173149.0
2023-09-11,845.0,853.4,825.1,828.65,131922.0,110523711.65
2023-09-12,833.95,841.0,775.1,785.1,223838.0,180225410.25
2023-09-13,789.8,803.7,771.3,788.3,124770.0,98398133.2
2023-09-14,809.9,809.9,775.05,780.5,125665.0,98792489.3
2023-09-15,780.55,799.95,771.75,776.3,77782.0,60892091.7
2023-09-18,784.9,785.0,754.95,757.3,77225.0,59102616.2
2023-09-20,752.05,763.0,734.5,738.7,180049.0,134636554.85
2023-09-21,746.0,755.0,721.0,726.55,247069.0,181914182.25
2023-09-22,736.85,759.0,725.0,738.8,132562.0,98247296.95
2023-09-25,744.0,747.6,721.0,724.3,106736.0,77871984.95
2023-09-26,727.9,734.5,722.65,724.95,75346.0,54838416.1
2023-09-27,726.0,729.05,707.15,713.25,67748.0,48593359.15
2023-09-28,717.0,728.0,712.1,717.35,77516.0,55799001.75
2023-09-29,722.95,733.0,711.65,717.7,81109.0,58475915.65
2023-10-03,716.25,720.05,686.5,692.8,164184.0,115377204.1
2023-10-04,690.0,710.8,680.25,696.3,106326.0,73833694.05
2023-10-05,701.0,706.0,691.45,701.25,61241.0,42917458.75
2023-10-06,704.8,732.05,695.6,728.05,136785.0,98367582.55
2023-10-09,726.0,726.0,702.45,705.45,77001.0,54837597.5
2023-10-10,705.5,742.05,705.5,718.7,198316.0,144641469.2
2023-10-11,720.15,734.0,719.35,724.5,50480.0,36650442.0
2023-10-12,732.45,774.95,727.7,763.35,327103.0,247972965.45
2023-10-13,771.85,787.25,760.0,772.5,195615.0,151190006.5
2023-10-16,772.5,787.0,768.0,780.4,99295.0,77159445.95
2023-10-17,780.45,794.8,765.5,767.8,78593.0,61265966.95
2023-10-18,771.25,774.3,754.5,760.15,60582.0,46170780.0
2023-10-19,759.05,770.45,743.05,746.7,71019.0,53636854.6
2023-10-20,746.9,754.45,722.2,725.7,78576.0,57648842.9
2023-10-23,729.45,731.25,676.55,692.85,120961.0,85345029.6
2023-10-25,695.9,711.0,680.05,694.3,73510.0,51208187.9
2023-10-26,693.0,704.8,670.0,699.9,64466.0,44235652.8
2023-10-27,699.9,724.9,696.0,700.4,96760.0,68591079.5
2023-10-30,698.0,716.0,692.15,711.15,38164.0,26917531.6
2023-10-31,712.0,737.0,705.05,725.8,133780.0,97172552.15
2023-11-01,721.7,747.0,721.7,729.5,64865.0,47669590.7
2023-11-02,732.8,735.75,721.15,731.05,32247.0,23500504.0
2023-11-03,736.9,756.7,732.65,743.0,59287.0,44224315.5
2023-11-06,754.0,757.2,738.95,743.25,46004.0,34440277.95
2023-11-07,745.0,749.9,731.0,740.3,21194.0,15668916.25
2023-11-08,739.0,746.95,734.55,741.15,21594.0,16000853.5
2023-11-09,744.0,756.0,705.0,713.85,100250.0,73309104.15
2023-11-10,719.05,747.0,718.0,736.05,87970.0,64384638.45
2023-11-12,748.8,748.8,726.6,737.9,17544.0,12990598.95
2023-11-13,737.4,739.35,714.2,717.35,82150.0,59547455.5
2023-11-15,720.25,726.45,712.85,718.45,42945.0,30866968.25
2023-11-16,722.05,731.65,715.0,719.55,73308.0,52843832.7
2023-11-17,722.0,726.6,708.5,710.5,66288.0,47372154.55
2023-11-20,713.05,717.7,688.55,698.7,111631.0,78057027.3
2023-11-21,705.0,719.45,704.0,715.6,40531.0,28833814.5
2023-11-22,719.7,723.6,712.05,716.3,29762.0,21394039.4
2023-11-23,719.9,720.55,697.6,705.15,62790.0,44317667.95
2023-11-24,705.15,720.6,705.15,715.3,52271.0,37331862.5
2023-11-28,718.5,721.0,702.4,704.85,43851.0,31117239.45
2023-11-29,708.4,711.05,698.9,700.85,51930.0,36587227.35
2023-11-30,705.15,710.0,681.85,698.3,65987.0,45923592.85
2023-12-01,700.0,709.6,688.25,693.4,65129.0,45427266.9
2023-12-04,708.9,708.9,686.0,689.65,87316.0,60432195.9
2023-12-05,689.65,696.15,682.5,684.05,71004.0,48960155.4
2023-12-06,690.0,697.6,680.65,688.25,164983.0,113929570.15
2023-12-07,688.9,718.3,685.4,712.25,99606.0,70306982.3
2023-12-08,719.3,724.0,700.0,703.3,53875.0,38074967.55
2023-12-11,703.0,703.85,697.05,700.35,65230.0,45703814.45
2023-12-12,704.55,708.75,693.0,699.1,35866.0,25098884.55
2023-12-13,707.8,707.8,690.3,695.9,30004.0,20855652.85
2023-12-14,700.8,711.0,685.6,691.15,73951.0,51283233.1
2023-12-15,691.0,725.95,691.0,708.95,134401.0,95423807.6
2023-12-18,712.5,715.95,705.5,710.2,22986.0,16294525.1
2023-12-19,730.0,792.0,730.0,756.6,1069697.0,820972881.1
2023-12-20,766.0,769.5,711.0,715.1,158673.0,117785159.35
2023-12-21,716.0,744.8,708.65,731.5,113494.0,83043227.35
2023-12-22,738.9,738.9,713.8,725.95,90585.0,65708223.0
2023-12-26,725.95,737.6,712.0,715.9,128957.0,92599366.4
2023-12-27,719.0,733.8,712.85,718.2,142877.0,102925479.7
2023-12-28,734.7,744.0,721.95,723.25,187277.0,136478865.8
2023-12-29,723.25,724.05,710.0,713.7,82024.0,58618221.5
2024-01-01,716.0,719.3,712.0,714.3,104454.0,74672921.3
2024-01-02,714.05,715.85,696.8,712.4,203459.0,143416717.8
2024-01-03,714.3,730.0,710.5,717.8,108743.0,77985661.3
2024-01-04,717.8,755.05,715.15,737.25,343137.0,253566528.3
2024-01-05,741.8,745.05,728.0,735.25,173944.0,127849257.95
2024-01-08,737.5,740.0,715.0,716.5,95986.0,69419345.3
2024-01-09,720.0,734.0,710.0,716.25,90358.0,65248481.35
2024-01-10,716.25,719.2,705.35,714.45,52839.0,37711923.75
2024-01-11,715.9,722.45,711.05,715.4,76784.0,54928528.7
2024-01-12,716.0,744.05,711.95,736.7,262876.0,191455203.8
2024-01-15,737.35,756.2,725.9,728.05,114434.0,84589599.65
2024-01-16,730.0,747.7,721.35,736.45,131794.0,96908559.3
2024-01-17,732.85,734.45,714.25,721.55,89601.0,64838680.65
2024-01-18,718.95,724.8,706.3,711.5,75846.0,54227074.3
2024-01-19,714.0,745.45,714.0,739.1,129821.0,95213465.65
2024-01-20,743.0,755.95,739.9,744.4,52859.0,39370534.05
2024-01-23,751.0,775.2,741.55,749.45,254723.0,193655828.2
2024-01-24,749.45,765.95,741.05,751.85,137870.0,103944981.35
2024-01-25,756.0,776.0,755.9,758.95,121503.0,92403419.0
2024-01-29,767.0,778.4,760.5,769.0,203277.0,156186051.3
2024-01-30,770.0,779.4,763.45,765.95,154139.0,118462545.1
2024-01-31,765.95,771.1,762.95,767.7,89450.0,68535351.95
2024-02-01,765.05,774.7,760.1,769.45,108745.0,83531294.05
2024-02-02,771.0,777.95,767.05,771.95,94887.0,73220545.2
2024-02-05,774.5,786.1,751.55,759.15,272647.0,210957444.5
2024-02-06,761.0,766.25,740.25,745.3,81503.0,61182879.25
2024-02-07,747.05,770.3,736.0,741.45,199921.0,149305286.9
2024-02-08,742.15,770.75,730.0,766.6,78373.0,59450041.85
2024-02-09,770.1,798.0,751.65,769.75,245418.0,190689555.3
2024-02-12,771.0,789.65,741.5,748.4,180988.0,138542972.8
2024-02-13,748.0,786.0,731.95,752.8,190588.0,143550706.2
2024-02-14,764.0,828.4,760.0,820.65,899067.0,729186086.0
2024-02-15,830.75,834.75,792.85,798.8,282334.0,229312238.3
2024-02-16,801.0,810.0,784.05,802.3,231790.0,185424314.75
2024-02-19,807.0,815.05,771.0,778.55,164834.0,130383862.5
2024-02-20,779.0,801.95,776.55,794.35,119510.0,94747539.8
2024-02-21,798.0,799.9,773.0,779.0,75069.0,59091694.35
2024-02-22,782.95,786.95,758.5,762.45,141949.0,108646365.75
2024-02-23,760.0,786.7,760.0,784.05,96535.0,74984967.4
2024-02-26,787.0,798.5,780.0,784.95,78683.0,62034243.1
2024-02-27,786.0,797.0,770.75,774.65,41731.0,32654659.05
2024-02-28,774.0,788.95,738.4,742.85,96889.0,73693465.7
2024-02-29,746.0,749.9,720.0,724.05,122594.0,89770604.0
2024-03-01,728.0,750.4,726.0,742.85,88953.0,66062624.6
2024-03-02,743.8,745.0,735.05,738.7,7051.0,5222317.2
2024-03-04,739.7,759.95,738.7,745.8,124019.0,92522740.45
2024-03-05,745.0,745.0,716.65,719.3,114100.0,82891637.05
2024-03-06,725.0,730.0,690.0,702.5,110759.0,78230080.95
2024-03-07,705.0,720.0,705.0,711.4,38600.0,27558195.4
2024-03-11,706.15,712.55,682.5,687.05,128113.0,88649090.9
2024-03-12,687.0,689.0,650.0,661.9,267135.0,176632537.65
2024-03-13,667.85,677.5,626.0,632.75,135302.0,87212909.65
2024-03-14,635.7,655.0,632.05,644.75,131873.0,85215836.0
2024-03-15,646.0,654.3,629.05,646.35,128214.0,81855529.45
2024-03-18,640.0,658.0,639.0,654.6,68848.0,44794630.6
2024-03-19,654.6,658.2,638.0,641.85,44642.0,28833510.4
2024-03-20,648.9,648.9,632.35,637.4,54587.0,34813029.05
2024-03-21,646.4,648.0,631.6,633.55,85805.0,54656844.6
2024-03-22,634.95,649.4,634.9,641.55,100727.0,64502567.75
2024-03-26,641.55,655.85,640.5,645.3,166763.0,108310503.4
2024-03-27,645.3,648.95,630.45,635.1,112442.0,71842589.3
2024-03-28,636.0,663.5,632.05,641.15,222469.0,143834222.6
2024-04-01,644.95,661.9,642.35,657.15,110220.0,72219870.85
2024-04-02,653.0,705.0,653.0,696.4,150567.0,102916118.6
2024-04-03,696.4,728.05,695.1,725.05,166245.0,119232026.55
2024-04-04,719.25,742.0,718.0,732.7,99056.0,72415600.3
2024-04-05,729.9,731.9,718.2,723.2,96657.0,70097503.9
2024-04-08,729.95,731.65,705.0,710.05,50048.0,35826780.35
2024-04-09,706.25,719.8,705.0,710.7,48061.0,34157019.9
2024-04-10,714.4,730.95,708.05,717.05,79019.0,56802065.7
2024-04-12,714.0,720.0,701.55,705.8,68863.0,48865203.6
2024-04-15,695.9,698.0,676.35,682.5,93299.0,64131469.25
2024-04-16,672.25,705.95,672.25,699.1,65045.0,45409215.9
2024-04-18,700.05,721.6,700.0,709.5,80944.0,57617282.05
2024-04-19,700.0,702.75,681.05,691.5,92184.0,63830836.5
2024-04-22,692.95,697.7,684.1,691.8,43774.0,30246162.35
2024-04-23,693.3,708.0,693.3,697.8,52158.0,36485049.25
2024-04-24,704.0,717.2,699.55,710.95,96006.0,68163906.9
2024-04-25,710.95,710.95,695.7,697.25,47993.0,33570066.75
2024-04-26,698.95,700.75,684.15,689.6,66697.0,46022692.5
2024-04-29,692.0,695.9,682.3,687.75,59278.0,40691453.35
2024-04-30,686.0,690.9,681.0,683.1,48206.0,32980705.1
2024-05-02,681.55,695.85,676.3,686.05,72390.0,49384931.5
2024-05-03,690.85,692.55,672.25,677.15,69674.0,47405974.25
2024-05-06,678.5,680.55,663.05,666.7,40911.0,27452325.9
2024-05-07,668.0,668.0,642.6,649.8,99957.0,65002411.5
2024-05-08,649.8,655.0,643.05,645.35,51648.0,33554239.5
2024-05-09,645.0,660.0,641.05,645.5,74094.0,48162529.15
2024-05-10,645.0,653.6,637.5,651.05,48743.0,31434274.65
2024-05-13,651.05,651.05,628.2,644.8,54998.0,35078782.5
2024-05-14,642.05,652.2,636.55,649.2,41937.0,27157813.7
2024-05-15,652.5,659.1,644.0,653.4,69291.0,45168125.65
2024-05-16,655.0,656.6,648.0,649.95,28850.0,18776358.75
2024-05-17,649.95,655.0,642.95,650.15,69906.0,45424391.0
2024-05-18,677.0,677.0,660.0,665.45,24201.0,16126831.7
2024-05-21,700.0,715.5,677.05,701.9,675816.0,474582355.1
2024-05-22,702.0,709.95,685.3,701.65,110740.0,77507919.15
2024-05-23,701.95,706.25,687.7,690.25,70585.0,49066717.4
2024-05-24,690.25,690.25,680.0,681.7,53024.0,36272567.6
2024-05-27,691.4,691.4,675.0,676.95,31151.0,21173171.05
2024-05-28,675.0,680.35,665.5,670.35,32154.0,21643809.55
2024-05-29,661.0,674.0,661.0,668.8,22235.0,14878846.15
2024-05-30,695.0,713.0,678.7,696.15,357156.0,250685414.35
2024-05-31,700.0,702.0,683.0,686.7,47893.0,33060196.25
2024-06-03,700.5,725.0,683.35,693.2,69531.0,48161605.4
2024-06-04,690.0,690.0,630.0,645.45,92346.0,60917696.0
2024-06-05,660.0,689.95,645.0,657.6,113000.0,74628935.05
2024-06-06,667.45,683.35,661.95,668.15,62153.0,41793705.4
2024-06-07,678.15,706.0,671.0,691.3,107945.0,74906520.7
2024-06-10,691.3,713.6,690.0,701.55,149919.0,105609935.5
2024-06-11,708.5,712.0,702.55,708.35,52795.0,37390356.1
2024-06-12,717.45,717.45,701.55,711.55,71965.0,50979424.5
2024-06-13,715.0,716.6,699.0,700.95,78214.0,55169869.6
2024-06-14,701.95,712.1,698.1,704.55,76079.0,53726630.85
2024-06-18,704.35,711.85,697.1,700.35,119470.0,84416952.05
2024-06-19,704.8,705.75,685.0,686.45,104985.0,72603875.55
2024-06-20,686.45,700.0,685.6,694.3,84242.0,58295444.95
2024-06-21,694.3,712.8,688.1,707.2,114774.0,80876860.9
2024-06-24,706.0,707.55,693.0,695.8,47808.0,33430613.4
2024-06-25,701.0,701.0,687.0,691.9,62683.0,43341659.95
2024-06-26,691.9,703.3,686.55,693.45,51072.0,35542851.45
2024-06-27,699.9,705.0,678.0,680.4,91493.0,63084317.8
2024-06-28,683.85,693.75,679.9,684.25,88228.0,60545387.95
2024-07-01,692.0,692.0,682.7,690.0,43842.0,30156134.7
2024-07-02,690.0,707.85,690.0,698.3,85031.0,59492844.15
2024-07-03,701.8,739.2,699.55,714.8,782979.0,567125306.3
2024-07-04,716.2,728.0,707.0,716.2,152556.0,109716486.0
2024-07-05,710.0,734.9,702.9,705.35,237154.0,170506083.35
2024-07-08,715.95,717.6,703.35,713.15,91322.0,64861091.35
2024-07-09,714.7,725.0,707.5,709.9,57285.0,40830689.9
2024-07-10,713.45,713.45,685.3,691.05,103737.0,71868694.15
2024-07-11,686.0,706.0,686.0,700.5,67914.0,47339623.55
2024-07-12,702.0,708.0,693.05,699.6,78018.0,54537375.7
2024-07-15,703.1,707.4,693.1,694.65,52540.0,36770461.7
2024-07-16,697.95,709.9,695.65,696.9,56857.0,39967420.9
2024-07-18,697.0,697.0,680.0,684.65,82188.0,56537398.1
2024-07-19,681.25,681.3,660.7,666.45,107295.0,71626115.0
2024-07-22,666.45,684.5,649.05,675.25,53928.0,35889443.15
2024-07-23,685.0,685.0,663.0,680.5,59543.0,40109023.65
2024-07-24,683.9,692.0,666.0,686.95,60189.0,41226322.2
2024-07-25,686.95,689.55,674.05,677.85,71572.0,48711659.3
2024-07-26,678.2,685.0,673.1,674.05,61597.0,41719838.15
2024-07-29,674.4,682.0,674.4,679.2,34532.0,23455865.65
2024-07-30,680.0,684.4,675.75,679.95,28622.0,19447341.1
2024-07-31,683.3,688.4,679.95,682.3,36383.0,24881873.4
2024-08-01,685.0,689.2,673.0,675.05,34303.0,23302360.75
2024-08-02,673.3,673.3,663.0,664.6,48573.0,32417357.55
2024-08-05,650.1,658.9,632.0,642.85,79316.0,51298212.15
2024-08-06,643.1,654.95,635.0,637.8,95513.0,61419249.5
2024-08-07,641.0,652.7,637.0,650.0,36741.0,23666086.2
2024-08-08,654.7,677.0,650.0,667.35,94166.0,62703235.65
2024-08-09,662.0,669.8,622.3,626.1,337930.0,215424454.75
2024-08-12,626.55,626.55,586.2,591.7,292622.0,175635822.8
2024-08-13,591.95,618.3,588.85,601.8,158402.0,95545224.3
2024-08-14,602.0,604.1,586.3,588.35,63168.0,37257119.1
2024-08-16,594.0,598.35,575.3,578.5,97784.0,56833161.25
2024-08-19,584.9,589.5,574.25,581.95,75200.0,43635279.3
2024-08-20,585.0,603.85,583.0,593.85,71129.0,42261013.6
2024-08-21,596.85,598.15,586.4,592.4,65405.0,38640583.05
2024-08-22,595.8,607.5,592.0,605.1,83363.0,49983820.85
2024-08-23,608.0,608.15,596.95,600.8,80034.0,48040645.8
2024-08-26,604.95,606.0,594.0,599.4,78024.0,46813608.25
2024-08-27,602.3,613.95,598.0,600.95,91496.0,55530952.1
2024-08-28,604.0,605.0,598.25,601.05,67993.0,40878871.85
2024-08-29,604.6,605.0,593.0,596.3,58722.0,35100419.55
2024-08-30,599.3,603.2,595.0,598.6,78185.0,46788655.0
2024-09-02,600.0,606.0,595.75,600.8,111804.0,67061107.35
2024-09-03,603.85,606.7,597.6,604.45,58218.0,35061425.7
2024-09-04,597.0,606.45,595.0,597.25,60746.0,36532930.0
2024-09-05,600.4,610.3,581.55,587.75,135451.0,80774884.75
2024-09-06,590.8,594.35,572.5,574.8,92378.0,53510244.7
2024-09-09,574.95,577.7,561.8,563.85,73447.0,41508026.15
2024-09-10,566.7,586.25,565.2,580.95,89447.0,51576980.65
2024-09-11,583.9,603.0,582.0,584.2,129250.0,76538633.25
2024-09-12,582.35,585.0,569.5,571.95,98807.0,56923305.35
2024-09-13,575.0,578.45,571.0,571.9,54987.0,31577116.55
2024-09-16,573.9,586.0,573.9,577.05,53442.0,30957571.85
2024-09-17,577.1,581.2,570.05,573.6,50854.0,29245638.2
2024-09-18,573.6,576.0,567.05,569.75,46017.0,26260493.4
2024-09-19,570.0,572.7,554.0,563.8,102605.0,57656059.55
2024-09-20,566.55,566.55,552.05,556.95,58877.0,32835510.65
2024-09-23,560.0,565.7,557.0,560.45,81155.0,45553994.2
2024-09-24,560.45,561.85,545.05,548.1,90936.0,50153251.6
2024-09-25,544.0,545.1,529.8,531.1,144620.0,77268960.55
2024-09-26,531.8,536.0,524.15,532.3,106435.0,56332577.2
2024-09-27,538.0,541.35,528.35,533.5,58315.0,31091630.9
2024-09-30,534.0,534.0,521.05,526.05,79137.0,41653036.55
2024-10-01,527.65,530.75,521.0,523.8,47099.0,24792862.5
2024-10-03,520.95,524.95,510.7,516.35,75895.0,39286285.8
2024-10-04,516.35,518.45,505.3,512.55,97884.0,49963806.25
2024-10-07,505.35,513.5,490.1,494.4,91879.0,45746845.55
2024-10-08,494.45,518.7,487.3,508.0,133096.0,66869304.95
2024-10-09,508.0,518.7,502.0,504.5,63698.0,32494395.55
2024-10-10,507.9,508.0,500.65,502.8,41031.0,20677427.75
2024-10-11,500.0,518.65,498.4,516.1,50518.0,25659607.05
2024-10-14,518.7,521.1,509.0,511.25,52312.0,26855547.5
2024-10-15,511.25,519.0,499.0,503.1,61320.0,31042761.1
2024-10-16,505.5,505.7,495.35,500.2,57492.0,28773212.65
2024-10-17,501.75,507.65,496.3,499.8,42549.0,21310772.65
2024-10-18,495.0,527.5,489.0,514.5,70435.0,35634950.95
2024-10-21,515.8,519.0,497.5,503.35,54568.0,27654553.85
2024-10-22,505.8,505.8,473.1,478.95,78647.0,38366463.4
2024-10-23,476.75,496.0,470.85,490.25,48103.0,23351070.05
2024-10-24,490.25,490.95,475.0,478.15,37519.0,18028006.3
2024-10-25,478.9,478.9,454.7,456.0,83894.0,38596994.4
2024-10-28,457.95,478.0,444.9,462.85,72477.0,33430726.65
2024-10-29,465.2,489.6,464.0,484.4,86125.0,41257686.85
2024-10-30,485.0,489.95,475.0,487.35,52355.0,25331561.7
2024-10-31,484.35,494.5,480.7,491.95,40616.0,19863764.2
2024-11-01,498.0,500.0,495.1,499.2,14101.0,7031368.45
2024-11-04,498.0,498.15,455.35,477.1,86470.0,41515179.7
2024-11-05,470.0,545.0,468.9,537.45,540958.0,281868512.3
2024-11-06,530.0,569.0,526.0,563.3,248262.0,137547963.6
2024-11-07,565.0,569.55,544.05,551.5,79315.0,44322177.0
2024-11-08,555.9,555.9,533.0,537.0,72254.0,39121646.0
2024-11-11,537.0,609.95,518.0,583.95,645974.0,370785043.85
2024-11-12,586.45,609.2,583.0,604.1,273567.0,164086466.9
2024-11-13,603.95,614.0,586.05,606.85,308933.0,186379816.65
2024-11-14,610.0,621.0,607.05,609.4,125006.0,76732224.35
2024-11-18,611.75,619.25,589.9,590.65,116077.0,69860928.45
2024-11-19,590.65,602.7,589.85,590.15,39940.0,23670232.6
2024-11-21,592.05,598.9,589.7,592.6,69400.0,41018911.9
2024-11-22,592.6,609.5,589.8,607.2,57985.0,34705882.6
2024-11-25,616.05,633.45,612.6,627.65,110888.0,69154703.1
2024-11-26,634.8,661.0,632.05,649.7,204438.0,132641563.75
2024-11-27,659.45,674.35,647.0,649.65,121264.0,80038468.0
2024-11-28,652.9,667.4,639.85,659.3,63416.0,41132179.9
2024-11-29,662.6,673.0,650.1,668.4,75588.0,50239788.35
2024-12-02,668.4,671.0,660.75,665.35,37985.0,25275185.55
2024-12-03,667.0,681.9,662.05,676.55,213510.0,143772492.25
2024-12-04,676.95,692.8,674.05,681.1,95292.0,65048946.25
2024-12-05,683.0,685.5,672.2,677.15,43954.0,29750935.25
2024-12-06,679.95,683.25,665.15,675.9,54394.0,36759642.25
2024-12-09,682.6,682.6,664.55,674.9,51074.0,34310642.25
2024-12-10,675.9,675.9,654.6,661.8,40962.0,27156005.9
2024-12-11,661.8,689.0,659.6,683.95,77818.0,52863025.5
2024-12-12,683.95,685.45,661.0,662.65,57668.0,38726816.6
2024-12-13,662.6,676.0,650.45,673.95,47758.0,31691893.15
2024-12-16,676.25,685.9,674.0,679.5,55412.0,37610538.45
2024-12-17,681.55,719.0,676.05,710.3,159240.0,111461575.3
2024-12-18,713.9,713.9,692.05,695.3,60571.0,42271800.65
2024-12-19,684.85,707.25,677.35,696.0,68581.0,47831518.4
2024-12-20,705.0,709.95,671.15,676.7,90809.0,62713683.15
2024-12-23,680.0,684.95,654.95,662.6,66586.0,44291013.25
2024-12-24,662.6,675.0,655.0,662.1,17008.0,11232760.8
2024-12-26,664.4,670.5,645.0,650.7,34673.0,22564806.6
2024-12-27,644.2,663.1,644.2,657.55,22781.0,14910377.45
2024-12-30,657.55,675.0,645.55,671.1,61997.0,41126804.9
2024-12-31,674.5,699.0,660.75,691.85,53193.0,36090732.35
2025-01-01,695.3,718.8,686.5,710.25,68833.0,48808483.9
2025-01-02,713.85,714.9,701.0,706.75,40222.0,28459921.95
2025-01-03,708.0,716.0,702.0,708.95,34325.0,24354295.15
2025-01-06,700.45,708.95,655.0,659.85,92068.0,62143281.05
2025-01-07,658.65,679.85,657.55,674.75,28404.0,19043728.3
2025-01-08,678.0,678.0,657.0,664.1,24082.0,15966216.6
2025-01-09,667.0,669.4,635.0,642.8,34330.0,22295581.35
2025-01-10,640.0,640.0,602.1,606.15,68668.0,42369857.25
2025-01-13,600.0,614.25,590.0,594.7,51310.0,30765505.35
2025-01-14,597.7,639.95,580.1,625.6,40613.0,24896424.3
2025-01-15,628.7,653.65,628.7,636.9,36807.0,23649671.8
2025-01-16,639.0,645.15,626.1,629.35,16313.0,10379813.65
2025-01-17,632.5,636.35,621.45,628.1,15455.0,9717758.6
2025-01-20,628.1,647.35,615.0,630.45,19614.0,12306725.7
2025-01-21,639.0,639.0,616.0,620.65,22848.0,14260664.5
2025-01-22,616.2,621.65,607.0,612.95,24171.0,14817327.95
2025-01-23,604.0,623.0,604.0,619.6,12923.0,7960858.75
2025-01-24,620.0,634.4,601.7,611.85,33585.0,20573630.2
2025-01-27,614.95,621.65,591.05,606.4,33523.0,20204272.15
2025-01-28,605.15,606.4,569.0,589.7,47964.0,28015001.25
2025-01-29,592.65,608.15,585.55,597.8,19099.0,11427253.8
2025-01-30,600.1,614.25,593.0,596.5,22252.0,13348000.05
2025-01-31,596.5,625.0,594.55,620.65,25847.0,15799022.95
2025-02-01,621.8,628.65,606.95,617.4,19727.0,12224073.1
2025-02-03,624.05,633.45,600.5,623.0,88883.0,54888511.15
2025-02-04,623.0,626.1,527.35,542.25,367462.0,203245372.4
2025-02-05,545.0,565.0,530.2,533.8,134185.0,73080940.3
2025-02-06,536.5,596.65,528.05,584.15,193807.0,109594729.95
2025-02-07,589.85,628.45,580.05,620.25,156007.0,94945676.0
2025-02-10,616.0,657.0,605.1,645.65,137020.0,87784482.05
2025-02-11,641.5,641.5,600.0,604.55,115667.0,71192848.65
2025-02-12,595.0,600.0,577.0,595.85,35217.0,20832260.45
2025-02-13,598.85,617.0,582.05,601.65,33726.0,20209816.15
2025-02-14,604.7,610.95,541.5,548.2,93765.0,53233863.8
2025-02-17,548.2,567.45,529.9,555.0,48015.0,26588157.65
2025-02-18,555.1,569.8,542.8,557.85,28810.0,15878923.05
2025-02-19,550.65,585.0,535.35,581.3,51182.0,29342006.45
2025-02-20,575.0,598.0,572.25,593.45,22250.0,13064525.1
2025-02-21,596.35,601.0,573.5,579.25,21852.0,12872921.5
2025-02-24,570.0,595.0,560.65,569.25,39986.0,22941099.15
2025-02-25,565.95,576.3,551.35,557.75,18547.0,10414914.95
2025-02-27,557.75,560.55,540.0,542.5,17802.0,9782872.15
2025-02-28,539.0,561.25,528.95,554.5,32766.0,17807334.75
2025-03-03,557.3,562.75,535.0,559.75,31266.0,17244093.05
2025-03-04,551.35,567.9,534.55,547.1,40448.0,22367377.75
2025-03-05,549.85,575.95,549.85,567.8,63464.0,35776923.25
2025-03-06,569.45,576.3,560.0,571.0,31137.0,17726361.85
2025-03-07,569.9,579.55,565.0,567.85,41961.0,23885178.0
2025-03-10,570.7,576.85,562.6,567.8,22145.0,12628150.65
2025-03-11,555.65,582.45,555.0,564.85,23975.0,13604224.35
2025-03-12,567.7,567.7,532.65,536.45,42769.0,23337566.5
2025-03-13,539.1,549.5,501.0,504.05,90376.0,47179862.3
2025-03-17,506.55,506.6,475.2,479.2,128147.0,63295035.1
2025-03-18,481.6,540.0,480.05,510.95,190468.0,98681377.95
2025-03-19,513.0,549.0,511.0,534.55,152706.0,80463909.95
2025-03-20,537.25,552.0,525.65,539.75,91890.0,50195368.8
2025-03-21,542.4,611.45,531.1,601.55,175239.0,101388184.6
2025-03-24,601.55,610.7,577.0,581.65,78691.0,46815352.35
2025-03-25,579.0,598.95,572.05,586.7,60811.0,35841247.65
2025-03-26,585.5,618.8,577.1,582.05,71489.0,42624584.7
2025-03-27,585.0,590.55,545.0,547.85,129358.0,72401172.95
2025-03-28,549.0,580.0,545.25,568.4,74840.0,41912055.85
2025-04-01,569.95,594.95,565.55,583.8,32048.0,18592393.0
2025-04-02,585.05,591.9,577.55,585.65,49311.0,28857429.05
2025-04-03,585.55,599.9,580.05,596.95,14323.0,8466650.55
2025-04-04,599.0,619.8,574.95,607.55,43392.0,25781056.95
2025-04-07,549.0,591.0,525.0,586.65,46471.0,26331236.0
2025-04-08,602.9,603.0,556.0,560.35,105651.0,60914197.1
2025-04-09,552.3,574.5,541.6,567.15,50765.0,28266249.05
2025-04-11,572.05,579.95,559.05,566.6,24530.0,13905159.95
2025-04-15,566.6,607.65,566.6,602.0,48934.0,29072755.9
2025-04-16,595.0,614.8,595.0,609.25,42729.0,25959280.15
2025-04-17,609.25,633.5,609.25,615.25,60197.0,37421362.95
2025-04-21,616.0,625.0,610.5,614.9,18329.0,11309956.8
2025-04-22,618.0,668.5,608.0,664.55,175280.0,114616287.7
2025-04-23,664.8,683.8,633.0,674.95,156562.0,103344514.15
2025-04-24,676.0,676.9,647.1,651.85,51085.0,33721095.5
2025-04-25,651.85,655.0,620.05,632.7,56229.0,35614871.25
2025-04-28,628.2,635.0,618.0,622.2,29490.0,18447176.2
2025-04-29,624.95,635.0,610.6,613.3,27952.0,17310532.65
2025-04-30,616.35,618.0,596.4,598.95,25978.0,15741003.9
2025-05-02,598.95,613.55,592.1,597.55,28805.0,17391459.0
2025-05-05,597.55,604.0,591.0,600.2,12835.0,7690698.8
2025-05-06,600.2,604.45,565.1,572.45,36829.0,21420342.05
2025-05-07,575.35,593.0,562.15,585.85,29842.0,17223052.85
2025-05-08,591.0,703.0,591.0,689.05,1132985.0,771718723.8
2025-05-09,652.0,695.0,652.0,681.2,213257.0,143937608.3
2025-05-12,697.95,732.1,688.9,726.95,194023.0,138618185.8
2025-05-13,725.0,731.7,702.25,706.9,93971.0,67230652.7
2025-05-14,715.0,728.05,703.0,717.25,99517.0,71161570.35
2025-05-15,720.0,743.0,712.1,732.2,208606.0,150615766.55
2025-05-16,739.0,751.0,720.0,741.75,1673719.0,1240744284.0
2025-05-19,753.0,827.65,750.5,801.9,521018.0,416740838.85
2025-05-20,810.0,821.0,786.85,792.55,143254.0,114767778.45
2025-05-21,791.0,814.0,779.05,800.2,201850.0,161052952.25
2025-05-22,800.05,824.15,774.05,778.45,226568.0,180651299.65
2025-05-23,780.9,802.2,764.45,797.8,103205.0,81221213.45
2025-05-26,800.0,817.9,780.15,782.35,77937.0,62006731.65
2025-05-27,788.6,828.9,776.05,821.3,242254.0,197008224.65
2025-05-28,830.0,835.0,790.15,792.25,125678.0,101535265.2
2025-05-29,799.85,808.6,785.1,788.0,64988.0,51566818.55
2025-05-30,796.0,820.0,786.6,817.6,120911.0,97943556.7
2025-06-02,823.9,888.8,813.65,877.45,428395.0,370580586.15
2025-06-03,886.0,890.9,846.0,870.6,158400.0,138044664.3
2025-06-04,861.0,918.0,861.0,910.95,279867.0,251526575.35
2025-06-05,909.95,927.8,901.35,918.7,122918.0,112670415.4
2025-06-06,945.0,958.0,929.6,935.15,286306.0,270641514.55
2025-06-09,960.0,1065.0,960.0,997.95,995988.0,1002861499.85
2025-06-10,1007.4,1028.25,995.0,1025.9,882093.0,889709796.55
2025-06-11,1027.8,1044.9,985.1,1017.25,744794.0,764899201.55
2025-06-12,1025.0,1063.85,995.0,1037.55,753673.0,776450563.65
2025-06-13,1011.0,1049.0,1001.7,1037.7,248276.0,256840133.0
2025-06-16,1037.0,1095.9,1014.95,1088.05,549452.0,587642887.3
2025-06-17,1086.65,1090.05,1062.5,1070.95,128358.0,138006792.95
2025-06-18,1063.2,1074.7,1033.6,1037.05,146327.0,153775296.3
2025-06-19,1042.4,1049.35,993.1,1008.7,123724.0,126957767.15
2025-06-20,1000.2,1021.95,978.0,1010.7,110349.0,110837337.45
2025-06-23,992.05,1025.0,992.05,1020.85,104124.0,104957490.1
2025-06-24,1024.9,1041.6,1004.2,1020.8,203360.0,208114142.9
2025-06-25,1029.65,1047.45,1006.0,1014.7,106471.0,109270002.05
2025-06-26,1014.95,1023.2,996.0,999.1,66352.0,66615752.15
2025-06-27,999.9,1024.4,999.9,1014.25,101213.0,102646188.75
2025-06-30,1022.0,1060.0,1016.1,1025.05,165003.0,170564403.55
2025-07-01,1034.9,1035.3,994.1,1011.9,120523.0,122064588.4
2025-07-02,1019.5,1024.9,995.3,1011.0,138421.0,139353162.0
2025-07-03,1018.0,1030.0,1007.5,1022.5,124452.0,126884707.6
2025-07-04,1027.6,1050.0,995.6,1002.7,142269.0,144632303.3
2025-07-07,998.0,1016.4,998.0,1008.6,35661.0,35968572.2
2025-07-08,1014.7,1017.0,998.0,1004.1,39427.0,39588364.8
2025-07-09,1009.6,1009.6,997.1,999.9,87584.0,87668522.4
2025-07-10,1000.3,1029.1,1000.3,1023.6,79908.0,81260077.3
2025-07-11,1025.6,1075.4,1012.6,1025.0,160802.0,167363660.4
2025-07-14,1025.5,1052.2,1020.5,1044.8,86211.0,89656940.2
2025-07-15,1047.8,1069.5,1030.9,1039.1,56437.0,58986698.9
2025-07-16,1046.0,1048.7,1024.1,1028.1,54519.0,56356177.1
2025-07-17,1037.0,1037.0,1008.0,1020.3,63184.0,64440630.2
2025-07-18,1025.4,1031.9,1013.5,1019.1,50196.0,51352005.4
2025-07-21,1024.0,1070.0,1022.9,1054.6,138576.0,146171668.0
2025-07-22,1059.0,1064.1,1025.0,1028.3,55233.0,57512120.3
2025-07-23,1035.0,1035.0,1004.0,1028.0,72916.0,74282407.4
2025-07-24,1034.0,1040.6,1015.4,1021.2,31729.0,32548786.1
2025-07-25,1023.8,1023.8,1005.1,1010.6,40179.0,40604481.3
2025-07-28,1007.5,1149.0,889.2,1055.8,1619304.0,1668285933.6
2025-07-29,1060.0,1155.0,1054.5,1132.2,903867.0,1019844211.8
2025-07-30,1134.0,1146.8,1037.8,1097.0,437841.0,477006411.1
2025-07-31,1097.6,1209.8,1078.8,1162.4,547570.0,630784813.6
2025-08-01,1164.9,1205.0,1130.0,1156.5,286680.0,337035428.7
2025-08-04,1150.0,1203.0,1124.1,1196.2,174886.0,203654436.0
2025-08-05,1194.1,1205.0,1140.5,1157.8,125002.0,145826998.7
2025-08-06,1164.0,1190.4,1100.0,1108.0,161875.0,183935084.1
2025-08-07,1107.0,1130.1,1044.1,1116.8,208279.0,226232431.8
2025-08-08,1127.2,1150.0,1095.1,1111.6,105472.0,118336584.2
2025-08-11,1105.8,1110.8,1012.3,1059.4,225103.0,237216769.7
2025-08-12,1067.5,1115.0,1060.0,1081.3,126908.0,138246863.6
2025-08-13,1099.0,1114.4,1072.0,1089.8,85315.0,93234583.1
2025-08-14,1089.8,1098.0,1076.3,1089.6,59192.0,64306962.7
2025-08-18,1108.0,1149.9,1088.0,1095.6,185767.0,207626184.4
2025-08-19,1096.7,1152.0,1089.9,1144.0,171442.0,192615380.9
2025-08-20,1143.0,1148.4,1107.7,1114.3,66081.0,74143138.1
2025-08-21,1116.7,1160.0,1095.0,1125.0,107733.0,120652969.6
2025-08-22,1147.0,1147.4,1027.1,1032.5,249694.0,264680650.3
2025-08-25,1041.7,1042.3,997.8,1011.9,129159.0,131604966.9
2025-08-26,1002.6,1016.4,960.0,968.4,114854.0,113531386.9
2025-08-28,955.0,968.9,925.0,928.5,124208.0,117295896.8
2025-08-29,929.0,963.9,919.6,925.2,98261.0,91715387.5
2025-09-01,929.7,982.95,914.35,978.05,132366.0,126660268.25
2025-09-02,992.7,1014.8,985.05,1007.35,114394.0,114574652.45
2025-09-03,1012.0,1032.0,992.0,1029.05,78513.0,79922924.5
2025-09-04,1028.0,1028.0,990.5,996.2,41042.0,41346162.9
2025-09-05,997.0,1035.0,986.65,1020.8,79814.0,81057390.95
2025-09-08,1020.75,1029.9,984.1,996.2,46362.0,46254508.3
2025-09-09,1006.2,1007.9,980.0,999.8,45892.0,45613959.55
2025-09-10,1014.0,1021.0,1000.1,1016.1,37983.0,38311576.2
2025-09-11,1019.0,1027.5,1009.5,1017.05,35693.0,36267349.7
2025-09-12,1028.0,1048.6,1010.35,1018.7,73371.0,75400028.55
2025-09-15,1023.65,1023.65,985.1,989.85,89548.0,89945521.45
2025-09-16,990.0,1002.0,976.3,982.85,50269.0,49848172.1
2025-09-17,984.8,995.0,946.0,953.55,94774.0,91162520.8
2025-09-18,958.5,974.85,950.1,961.5,76562.0,73864210.35
2025-09-19,965.05,975.0,941.1,945.85,68141.0,64929095.85
2025-09-22,950.7,965.8,933.55,946.15,123065.0,116322138.95
2025-09-23,949.9,1021.35,947.2,990.5,238010.0,235157656.6
2025-09-24,255.0,255.0,242.25,242.25,46416.0,11302785.75
2025-09-25,230.15,230.15,230.15,230.15,20384.0,4691377.6
2025-09-26,218.65,218.65,218.65,218.65,9701.0,2121123.65
2025-09-29,207.75,207.75,207.75,207.75,10149.0,2108454.75
2025-09-30,197.4,197.4,197.4,197.4,6036.0,1191506.4
2025-10-01,187.53,197.0,187.53,187.53,383611.0,72048605.73
2025-10-03,178.15,178.15,178.15,178.15,17197.0,3063645.55
2025-10-06,169.24,169.24,169.24,169.24,8734.0,1478142.16
2025-10-07,160.77,160.77,160.77,160.77,8385.0,1348056.45
2025-10-08,152.73,152.73,152.73,152.73,7639.0,1166704.47
2025-10-09,143.0,154.8,137.45,145.74,4600996.0,659304852.78
2025-10-10,146.01,152.56,133.57,134.88,1007034.0,142607468.27
2025-10-13,135.94,145.0,130.96,136.83,818967.0,112433110.77
2025-10-14,136.83,138.06,131.31,132.78,263414.0,35276516.85
2025-10-15,133.95,136.31,129.95,134.06,258888.0,34419137.95
2025-10-16,140.0,140.0,134.02,135.07,148512.0,20170935.46
2025-10-17,132.36,134.98,129.5,131.81,229224.0,30137948.3
2025-10-20,133.65,136.66,132.0,132.18,89588.0,11920233.91
2025-10-21,132.84,137.08,132.84,135.48,69079.0,9335535.08
2025-10-23,135.48,143.39,135.48,141.49,202920.0,28309611.82
2025-10-24,142.0,142.8,133.99,135.57,176161.0,23969087.22
2025-10-27,136.0,136.5,130.42,132.92,134363.0,17887059.82
2025-10-28,132.92,142.0,132.0,139.23,236811.0,32452536.45
2025-10-29,141.24,142.75,139.5,140.38,182087.0,25637875.63
2025-10-30,140.25,142.6,139.5,141.88,164237.0,23111130.93
2025-10-31,141.88,142.87,140.0,140.06,81853.0,11522520.14
2025-11-03,140.0,142.8,136.51,141.41,131287.0,18379756.95
2025-11-04,141.3,142.0,138.3,139.08,70469.0,9821316.89
2025-11-06,140.0,140.57,137.0,137.34,117867.0,16255977.96
2025-11-07,138.02,141.2,137.32,139.61,94788.0,13133236.31
2025-11-10,136.2,140.63,136.0,139.16,121216.0,16734235.6
2025-11-11,139.31,140.72,134.53,135.99,76154.0,10384910.89
2025-11-12,134.81,139.0,134.81,136.54,84213.0,11463734.41
2025-11-13,133.0,136.5,132.98,133.52,267303.0,35811562.42
2025-11-14,132.5,134.18,130.6,132.05,129855.0,17174548.96
2025-11-17,132.05,132.61,131.21,131.94,86603.0,11422056.44
2025-11-18,130.6,132.3,127.5,128.36,97905.0,12585946.65
2025-11-19,129.0,129.0,123.0,123.67,186503.0,23317173.77
2025-11-20,121.0,124.0,118.32,120.66,172834.0,20889574.39
2025-11-21,121.9,121.9,118.2,118.24,106608.0,12656183.91
2025-11-24,118.24,129.7,112.5,121.57,351953.0,42260978.1
2025-11-25,121.6,121.88,118.05,120.78,68902.0,8255114.13
2025-11-26,115.1,123.28,115.1,120.53,241326.0,29001226.21
2025-11-27,120.99,123.95,119.04,120.23,86570.0,10509801.64
2025-11-28,120.35,120.65,117.0,117.33,70870.0,8346821.75
2025-12-01,115.71,118.96,115.71,117.66,42484.0,5007907.64
2025-12-02,116.7,118.17,115.11,116.46,35629.0,4151306.57
2025-12-03,116.58,116.82,113.52,115.87,36856.0,4240454.91
2025-12-04,114.22,117.0,114.22,115.64,35089.0,4053589.45
2025-12-05,116.8,126.7,113.11,116.45,47518.0,5449826.64
2025-12-08,117.1,118.7,110.33,112.3,102264.0,11486082.94
2025-12-09,112.0,114.9,109.32,113.45,56594.0,6351646.08
2025-12-10,114.0,115.5,112.01,113.99,100282.0,11481666.14
2025-12-11,113.99,113.99,111.96,112.72,42203.0,4742022.47
2025-12-12,112.72,114.84,112.16,113.6,154479.0,17552203.14
2025-12-15,114.2,114.2,112.0,113.49,139238.0,15781002.39
2025-12-16,113.8,113.8,110.0,110.86,58444.0,6495377.57
2025-12-17,111.4,111.4,108.26,109.27,39157.0,4283151.7
2025-12-18,108.55,109.08,105.0,106.02,62141.0,6630338.14
2025-12-19,105.1,110.0,105.1,109.41,50994.0,5488119.29
2025-12-22,109.39,112.5,109.38,112.05,45872.0,5105750.96
2025-12-23,112.6,112.6,109.7,110.21,46955.0,5203369.56
2025-12-24,110.0,111.89,107.0,108.31,44918.0,4917183.39
2025-12-26,108.9,111.0,108.0,109.1,25521.0,2781426.31
2025-12-29,109.7,112.86,108.0,108.84,48660.0,5345401.75
2025-12-30,108.84,108.84,100.01,101.1,278492.0,28486258.87
2025-12-31,100.0,109.0,100.0,104.45,164372.0,17423205.66
2026-01-01,105.29,107.99,103.0,106.49,45825.0,4826485.61
2026-01-02,107.48,107.99,104.42,106.35,36470.0,3864604.07
2026-01-05,106.0,108.19,105.1,106.61,36939.0,3929956.05
2026-01-06,106.98,127.93,105.18,127.93,2885423.0,359346099.1
2026-01-07,133.99,140.95,123.01,125.68,4364058.0,580352848.06
2026-01-08,122.5,128.89,122.5,126.75,391823.0,49339214.17
2026-01-09,128.4,130.79,105.25,108.4,1139779.0,127997271.91
2026-01-12,111.4,118.0,107.1,109.17,981176.0,109912933.49
2026-01-13,111.0,114.05,108.0,109.55,205537.0,22769652.12
2026-01-14,109.55,114.0,106.21,112.67,216438.0,23698668.95
2026-01-16,113.75,114.48,110.0,112.66,131722.0,14827996.95
2026-01-19,112.66,112.66,105.4,106.1,140876.0,15202033.45
2026-01-20,106.39,106.4,103.3,104.02,72454.0,7549661.37
2026-01-21,103.0,104.87,102.0,102.44,129967.0,13360081.18
2026-01-22,103.23,107.3,103.23,105.15,87636.0,9177233.19
2026-01-23,105.26,105.39,104.01,104.04,79144.0,8241784.53
2026-01-27,104.14,104.49,101.41,103.32,57011.0,5875860.14
2026-01-28,101.1,104.36,100.55,102.27,150975.0,15384049.56
2026-01-29,101.76,107.0,101.76,102.52,137705.0,14263493.26
2026-01-30,101.0,105.23,101.0,102.96,35676.0,3677051.81
2026-02-01,102.86,105.2,102.15,103.46,43264.0,4452731.86
2026-02-02,103.98,104.99,102.51,103.89,53771.0,5533057.7
2026-02-03,105.0,111.01,103.0,103.97,107859.0,11560581.53
2026-02-04,104.07,107.84,102.56,104.04,160724.0,16859471.41
2026-02-05,104.25,105.82,103.8,104.36,44155.0,4624341.47
2026-02-06,104.46,112.86,103.5,110.5,570508.0,62737080.31
2026-02-09,110.51,115.4,109.77,113.17,337782.0,38300430.78
2026-02-10,114.38,114.38,107.38,110.3,318083.0,35210041.02
2026-02-11,109.0,111.0,106.21,107.36,112003.0,12119323.37
2026-02-12,107.0,107.0,102.0,102.6,153737.0,15993050.75
2026-02-13,102.14,102.15,100.2,100.97,100454.0,10136002.82
2026-02-16,101.07,102.0,101.0,101.68,108301.0,10975601.48
2026-02-17,102.88,104.04,101.31,101.83,79200.0,8115805.74
2026-02-18,102.0,103.0,101.54,102.23,52428.0,5356649.04
2026-02-19,101.01,104.79,101.01,103.24,139709.0,14405651.47
2026-02-20,103.24,111.76,103.24,105.27,298705.0,32050197.98
2026-02-23,105.64,108.57,101.31,101.84,91578.0,9455797.99
2026-02-24,103.88,103.88,99.05,99.97,106867.0,10759117.27
2026-02-25,99.97,113.75,98.25,110.43,1049416.0,114588606.88
2026-02-26,110.43,119.72,110.43,115.53,452633.0,52323437.57
2026-02-27,113.8,115.53,107.25,108.2,148179.0,16449413.23
2026-03-02,107.11,111.65,104.48,106.74,116684.0,12613583.93
2026-03-04,105.67,106.34,104.62,105.46,52351.0,5519375.99
2026-03-05,105.46,108.48,101.25,103.39,85731.0,8952502.49
2026-03-06,102.79,105.61,102.1,103.62,80260.0,8343282.39
2026-03-09,102.77,103.72,101.32,101.69,72319.0,7397222.4
2026-03-10,102.2,106.76,102.2,104.54,53185.0,5553696.58
2026-03-11,104.54,108.0,104.54,106.64,59675.0,6356125.88
2026-03-12,106.44,107.93,104.4,106.26,64631.0,6860485.47
2026-03-13,106.1,106.5,102.9,104.47,92845.0,9716827.79
2026-03-16,104.1,105.6,102.82,104.08,92223.0,9596268.97
2026-03-17,103.6,108.5,101.2,105.33,105840.0,11010484.24
2026-03-18,105.9,111.47,105.9,109.9,99155.0,10826035.24
2026-03-19,108.9,114.9,106.95,110.04,129982.0,14493192.08
2026-03-20,109.0,113.56,106.1,108.64,52388.0,5754525.78
2026-03-23,105.0,110.0,103.5,104.26,22915.0,2403452.15
2026-03-24,104.26,109.2,104.1,106.81,25025.0,2662524.52
2026-03-25,107.0,110.0,105.02,106.2,57620.0,6248696.11
2026-03-27,105.04,110.9,105.04,108.17,70863.0,7641595.12
2026-03-30,107.05,111.77,105.01,110.63,108676.0,11914454.7
2026-04-01,111.0,114.42,109.45,113.61,141137.0,15874867.26
2026-04-02,117.5,117.55,110.05,115.19,36746.0,4244917.73
2026-04-06,115.19,120.94,114.0,120.94,76309.0,9077560.62
2026-04-07,120.0,126.98,118.65,124.77,69758.0,8744978.76
2026-04-08,125.0,128.0,120.5,121.84,35815.0,4422842.98
2026-04-09,123.0,123.25,118.55,122.01,43515.0,5303442.19
2026-04-10,122.01,128.11,121.99,127.68,68218.0,8691467.08
2026-04-13,125.68,126.98,121.3,122.9,18407.0,2280938.82
2026-04-15,121.5,129.0,121.5,127.98,45432.0,5786381.51
2026-04-16,130.35,131.77,123.1,126.14,53740.0,6741956.06
2026-04-17,127.5,129.49,124.15,126.49,19644.0,2484942.92
2026-04-20,126.49,126.49,121.58,123.84,18394.0,2272733.99
2026-04-21,122.0,124.0,117.65,119.92,31195.0,3797789.29
2026-04-22,119.64,123.0,119.06,121.54,11851.0,1440678.3
2026-04-23,123.0,123.77,119.75,121.75,12792.0,1558421.34
2026-04-24,122.0,123.3,115.71,118.03,24354.0,2858960.08
2026-04-27,117.77,123.69,115.25,122.01,42897.0,5210940.81
2026-04-28,122.96,126.77,120.0,125.65,55628.0,6958332.27
2026-04-29,126.98,126.98,122.2,122.93,16536.0,2048313.82
2026-04-30,121.08,123.9,120.0,121.56,16174.0,1961086.73
2026-05-04,122.9,122.9,117.25,118.99,22309.0,2673534.77
2026-05-05,121.5,121.89,114.0,116.93,18888.0,2239735.06
2026-05-06,119.8,121.0,112.2,116.22,108029.0,12666486.99
2026-05-07,115.99,116.0,112.25,113.11,80148.0,9099866.6
2026-05-08,113.95,114.4,109.1,110.97,44282.0,4971976.49
2026-05-11,111.8,111.8,108.01,110.06,34008.0,3722479.32
2026-05-12,108.01,111.7,106.5,107.27,25657.0,2775805.83
2026-05-13,107.27,108.5,104.1,105.38,36085.0,3811769.94
2026-05-14,105.37,110.64,102.77,110.64,150762.0,16548332.61
2026-05-15,111.49,116.17,107.1,116.17,390813.0,45169079.47
2026-05-18,117.4,121.97,117.4,121.96,272145.0,33095189.11
2026-05-19,118.9,127.4,116.1,125.98,116814.0,14344616.85
2026-05-20,124.98,130.7,119.85,125.2,144838.0,18554460.29
2026-05-21,122.7,124.0,122.7,124.0,25509.0,3144036.4
2026-05-22,124.97,126.48,122.77,126.48,47906.0,6039569.34
2026-05-25,129.0,129.0,124.2,126.0,38795.0,4961762.0
2026-05-26,127.0,128.5,126.0,126.0,22639.0,2877255.4
2026-05-27,123.65,126.0,123.48,123.48,14498.0,1803571.17
2026-05-29,122.0,122.0,121.02,121.02,8507.0,1029842.5
2026-06-01,120.0,120.0,118.6,118.6,8743.0,1044313.2
2026-06-02,116.23,117.97,116.23,117.0,27329.0,3186316.44
2026-06-03,118.5,118.5,115.0,115.17,7271.0,858711.3
2026-06-04,112.87,114.55,112.87,114.55,37780.0,4309162.6
2026-06-05,114.56,114.99,113.0,114.99,22712.0,2599315.76
2026-06-08,113.0,114.99,112.7,112.75,25143.0,2879467.9
2026-06-09,112.75,112.8,110.55,110.55,14062.0,1557239.44
2026-06-10,110.55,112.76,110.55,112.76,11761.0,1320716.97
2026-06-11,114.99,114.99,112.0,112.0,10472.0,1199398.0
2026-06-12,110.38,111.55,110.35,110.35,4740.0,523631.02
2026-06-15,110.4,112.55,110.4,112.55,64147.0,7185042.09
2026-06-16,114.8,114.8,114.45,114.8,112898.0,12960442.25
2026-06-17,117.09,117.09,117.09,117.09,132927.0,15564422.43
2026-06-18,119.43,119.43,119.43,119.43,89983.0,10746669.69
2026-06-19,121.81,121.81,121.81,121.81,15995.0,1948350.95
2026-06-22,124.24,124.24,124.24,124.24,12152.0,1509764.48
2026-06-23,126.72,126.72,126.09,126.09,127422.0,16145615.52
2026-06-24,126.09,126.09,125.0,125.0,18472.0,2326375.16
2026-06-25,123.2,123.2,122.5,122.51,15459.0,1895674.5
2026-06-29,122.51,125.0,122.05,122.55,63166.0,7750313.27
2026-06-30,122.56,128.6,122.55,127.26,1104305.0,140459442.38
2026-07-01,128.0,133.6,127.71,130.67,217936.0,28523180.46
2026-07-02,132.5,133.99,128.5,129.45,45374.0,5940099.43
2026-07-03,129.45,129.45,125.1,128.6,17633.0,2266893.26
2026-07-06,128.6,134.9,128.07,128.9,25772.0,3325732.21
2026-07-07,128.0,130.0,128.0,129.0,231379.0,29849760.75
2026-07-08,131.0,131.0,127.25,128.48,319449.0,41212966.1
2026-07-09,128.47,131.0,128.47,130.69,23004.0,2995078.89
2026-07-10,130.69,132.0,128.4,130.73,23710.0,3105688.58
2026-07-13,133.5,144.0,131.27,136.79,461384.0,63641776.45
2026-07-14,137.0,139.65,134.3,134.6,195389.0,26512291.66
2026-07-15,134.6,139.48,134.6,137.03,79480.0,10923268.0
2026-07-16,147.1,151.0,138.2,138.83,914224.0,130034785.92
2026-07-17,139.19,142.0,136.0,139.65,310635.0,43390096.36
2026-07-20,140.89,140.89,138.15,138.39,131242.0,18178130.03
2026-07-21,138.39,139.88,138.0,138.41,41272.0,5708109.69
2026-07-22,138.96,140.75,138.55,139.63,210744.0,29451451.36
2026-07-23,139.01,142.0,138.1,138.99,98648.0,13841865.11
2026-07-24,136.51,140.56,136.51,140.07,39054.0,5445241.73
2026-07-27,140.07,141.98,140.07,140.87,59276.0,8343277.08
2026-07-28,140.87,143.0,138.72,141.33,63932.0,9036892.03
2026-07-29,141.4,142.36,138.2,140.3,607983.0,85514112.92
2026-07-30,140.66,142.9,139.01,139.31,424322.0,59572312.4
2026-07-31,141.67,142.23,139.11,141.87,56161.0,7936127.14
2026-08-03,143.3,144.9,141.1,141.92,608991.0,86509089.48
2026-08-04,141.92,145.68,141.92,144.74,558900.0,80387267.82
2026-08-05,145.6,145.6,142.0,142.7,526116.0,75211608.29
2026-08-06,142.7,142.7,139.5,140.99,657418.0,92660896.75
2026-08-07,141.64,144.4,141.15,142.28,257616.0,36634701.95
2026-08-10,143.8,143.8,141.21,142.0,65824.0,9331536.68
2026-08-11,141.08,142.5,141.08,142.22,41495.0,5894117.76
2026-08-12,143.0,143.0,140.02,141.84,324045.0,45852466.96
2026-08-13,141.13,141.84,140.69,141.39,16488.0,2329733.25
2026-08-14,140.51,141.51,140.51,141.04,23699.0,3342393.89
2026-08-17,140.55,141.59,140.51,141.1,92635.0,13068946.96
2026-08-18,141.11,142.0,141.01,141.52,57697.0,8155455.6
2026-08-19,140.52,143.29,140.52,142.54,38535.0,5487881.77
2026-08-20,142.4,143.64,142.0,142.21,114230.0,16282340.91
2026-08-21,142.07,144.51,141.5,143.29,59565.0,8514173.03
2026-08-24,142.11,145.26,142.03,144.83,35334.0,5103221.42
2026-08-25,144.84,146.98,144.0,145.8,28836.0,4188060.31
2026-08-26,145.81,152.0,145.21,147.61,236254.0,35087329.82
2026-08-27,147.69,148.39,146.02,146.95,55600.0,8179147.8
2026-08-28,147.24,148.24,145.51,146.09,151430.0,22208946.38
2026-08-31,145.0,146.75,145.0,146.14,33413.0,4872783.82
2026-09-01,146.14,147.44,146.0,146.59,58499.0,8572161.59
2026-09-02,147.0,148.48,145.41,147.33,85064.0,12486139.43
2026-09-03,147.33,148.4,146.77,147.09,135168.0,19874871.5
2026-09-04,147.01,148.99,147.01,148.18,46914.0,6927102.32
2026-09-07,149.0,150.0,147.0,148.26,135828.0,20126937.73
2026-09-08,147.5,148.73,147.5,148.34,67386.0,9994994.63
2026-09-09,148.99,148.99,147.5,148.29,61629.0,9130657.24
2026-09-10,148.99,148.99,148.29,148.41,109702.0,16278665.3
2026-09-11,148.0,148.51,146.0,148.29,75913.0,11225629.06
2026-09-15,148.4,150.39,147.11,149.83,415745.0,62151008.77
2026-09-16,147.51,149.82,147.51,149.24,42998.0,6401164.43
2026-09-17,149.85,149.85,148.61,149.29,129256.0,19303075.72
2026-09-18,148.3,150.0,148.3,149.26,461337.0,68796940.73
2026-09-21,149.5,149.5,146.03,147.46,32968.0,4868991.64
2026-09-22,147.46,147.99,138.15,141.39,115988.0,16493594.61
2026-09-23,141.39,144.38,141.39,143.39,32951.0,4713799.85
2026-09-24,142.9,142.9,137.01,137.18,45295.0,6306253.94
2026-09-25,137.18,139.91,130.65,132.98,59779.0,8039791.24
2026-09-28,132.0,132.0,126.0,127.34,36443.0,4665137.54
2026-09-29,128.61,131.6,124.77,127.47,23889.0,3029571.4
