date,open,high,low,close,volume,value
2011-01-03,123.0231,123.9447,121.8252,123.0231,22228.0,2743497.45
2011-01-04,124.8662,124.8662,121.2723,122.3781,15346.0,1885255.05
2011-01-05,122.5624,122.5624,119.89,120.4429,10624.0,1283360.6
2011-01-06,121.1801,121.1801,116.3882,119.3831,19902.0,2373457.1
2011-01-07,119.3831,120.4429,117.3097,117.9087,13197.0,1565639.85
2011-01-10,117.0333,117.7705,113.3472,114.0383,16685.0,1924037.85
2011-01-11,114.0844,116.5725,110.7669,112.3335,21600.0,2438204.85
2011-01-12,115.6049,115.6049,110.5826,113.8079,14786.0,1662464.75
2011-01-13,113.4393,117.8166,113.4393,115.9735,15916.0,1846201.05
2011-01-14,117.7705,118.8763,114.7295,115.8814,19189.0,2239747.75
2011-01-17,116.8029,116.8029,109.7072,111.3198,12523.0,1406880.5
2011-01-18,111.9188,113.2089,110.7208,111.2737,10953.0,1223968.55
2011-01-19,112.2413,116.296,110.3061,110.9051,11891.0,1324746.45
2011-01-20,111.0894,111.412,109.0621,110.8591,13994.0,1543269.1
2011-01-21,111.5041,114.0844,110.7669,112.656,10498.0,1179562.75
2011-01-24,112.5178,113.1629,110.9051,111.5502,8030.0,899630.7
2011-01-25,112.61,112.61,110.1679,110.5826,7336.0,816133.55
2011-01-27,110.7208,112.2874,107.173,108.9239,6611.0,724424.05
2011-01-28,107.818,108.3249,103.579,105.0996,19398.0,2053872.0
2011-01-31,104.9613,104.9613,98.8332,103.9937,17022.0,1736696.5
2011-02-01,104.5927,105.2839,100.1694,100.5841,16392.0,1679295.2
2011-02-02,104.9613,106.8044,103.2565,104.178,109251.0,11402490.05
2011-02-03,104.132,105.5142,101.8281,104.5466,26544.0,2741051.1
2011-02-04,105.1917,107.5416,101.3674,103.1644,28886.0,3043683.05
2011-02-07,105.8828,106.8504,100.0312,101.7821,19981.0,2037106.15
2011-02-08,101.4135,105.4221,99.6626,100.8145,21794.0,2224825.5
2011-02-09,98.8793,101.1831,96.7598,97.1284,21645.0,2139457.85
2011-02-10,95.055,95.8383,89.3876,92.1061,34061.0,3138341.15
2011-02-11,90.3091,94.6864,87.9592,93.5805,21831.0,2020619.9
2011-02-14,94.1334,112.3335,94.1334,98.7871,109344.0,11184439.55
2011-02-15,98.3724,105.6064,98.3724,100.4919,75750.0,7747287.4
2011-02-16,100.4459,101.8281,98.6028,99.2018,10615.0,1066386.75
2011-02-17,99.6165,103.6712,99.3861,99.939,39147.0,3973684.7
2011-02-18,99.893,101.5978,97.1284,97.6352,22592.0,2259297.9
2011-02-21,99.34,99.5243,94.9167,96.5755,14483.0,1396151.35
2011-02-22,94.1795,96.7598,93.258,94.7785,14425.0,1371399.35
2011-02-23,93.3041,95.4236,93.3041,94.6403,24770.0,2340655.0
2011-02-24,93.9952,96.2529,90.0787,91.6453,16002.0,1473249.35
2011-02-25,94.7324,95.7461,91.2306,92.659,10065.0,932432.9
2011-02-28,98.6028,98.6028,91.2306,91.8757,29816.0,2770459.15
2011-03-01,92.2443,95.8383,92.2443,93.3041,13671.0,1274873.6
2011-03-03,93.3501,96.7598,91.3228,95.2393,28921.0,2744147.05
2011-03-04,94.9167,95.8383,91.7375,92.2904,25381.0,2368183.35
2011-03-07,91.6914,93.0737,90.862,92.4747,12541.0,1156091.85
2011-03-08,91.415,93.9952,91.415,93.2119,8910.0,832012.5
2011-03-09,93.2119,95.2393,92.2904,93.3041,12199.0,1143207.95
2011-03-10,92.7972,93.8109,92.2904,93.4423,4372.0,407465.1
2011-03-11,92.1522,93.9952,91.3228,91.7375,12170.0,1127131.5
2011-03-14,93.8109,93.8109,88.9268,89.2494,29040.0,2618449.35
2011-03-15,87.9592,88.2357,83.9967,86.8995,25609.0,2227088.15
2011-03-16,88.3739,88.6504,87.5446,87.7749,20771.0,1829134.55
2011-03-17,88.3739,89.4798,87.9132,88.9729,13301.0,1182553.35
2011-03-18,88.9729,89.3876,87.6367,87.9592,9979.0,884143.0
2011-03-21,88.4661,88.4661,85.7015,85.978,25392.0,2199319.4
2011-03-22,86.6691,87.4985,85.2408,85.3329,20260.0,1739382.7
2011-03-23,86.623,86.623,83.8585,85.1947,31155.0,2658731.9
2011-03-24,87.0377,87.0377,83.9967,84.4114,73091.0,6186059.65
2011-03-25,85.6554,85.7015,83.8585,84.6418,55976.0,4747702.2
2011-03-28,85.978,88.4661,85.6094,86.0701,185831.0,16139028.55
2011-03-29,87.176,87.2681,84.78,85.4251,95167.0,8184365.55
2011-03-30,86.4387,86.623,85.2868,85.4711,94594.0,8137892.0
2011-03-31,86.623,86.7152,85.0104,85.4251,71650.0,6135820.7
2011-04-01,86.577,86.577,84.8721,85.4251,72533.0,6209089.65
2011-04-04,86.577,88.42,85.7937,86.5309,238163.0,20671768.4
2011-04-05,87.176,102.934,87.176,101.4135,1265687.0,123258042.55
2011-04-06,103.2104,103.579,96.898,98.4185,362956.0,35868469.8
2011-04-07,98.6028,103.6251,97.6813,100.7684,304010.0,30898997.95
2011-04-08,101.5517,101.5517,95.9304,96.7137,114999.0,11331462.7
2011-04-11,96.6676,97.9578,93.4884,95.5157,32055.0,3079531.55
2011-04-13,94.1334,99.5243,93.3962,97.2666,58011.0,5663066.85
2011-04-15,96.4833,97.6813,94.9628,95.6079,33785.0,3245408.2
2011-04-18,96.7598,98.2342,93.6266,94.3638,37835.0,3628282.25
2011-04-19,93.5805,95.4696,93.2119,93.8109,35470.0,3335929.6
2011-04-20,96.6676,96.9902,94.0874,96.0686,39718.0,3809683.55
2011-04-21,95.8383,96.7598,93.9491,94.5942,27529.0,2613522.4
2011-04-25,94.456,96.2069,94.0874,94.4099,17173.0,1629043.05
2011-04-26,94.2256,98.0038,93.7648,96.8059,49630.0,4756765.0
2011-04-27,98.9254,99.9851,97.0362,97.3127,96697.0,9539976.5
2011-04-28,98.5567,98.5567,93.5345,94.1334,38860.0,3693051.8
2011-04-29,95.7922,98.3724,93.9952,96.2529,70259.0,6760103.6
2011-05-02,96.7598,98.1421,94.9167,96.1147,47471.0,4579897.7
2011-05-03,95.0089,95.8383,92.2904,92.7512,26271.0,2462619.9
2011-05-04,92.1522,93.9952,90.5856,92.7051,35031.0,3237371.7
2011-05-05,93.0737,94.456,89.4798,90.217,24837.0,2278356.15
2011-05-06,88.7425,94.456,88.7425,93.9952,37923.0,3531518.1
2011-05-09,93.9952,95.1932,92.6129,94.6864,27686.0,2604507.1
2011-05-10,94.6864,95.8383,93.7648,94.9167,31166.0,2947080.4
2011-05-11,94.3638,98.1421,94.2717,95.6079,29947.0,2882136.15
2011-05-12,94.5021,96.7598,94.5021,95.7,19221.0,1841140.55
2011-05-13,95.7461,97.497,94.1334,95.7461,15330.0,1470968.35
2011-05-16,96.0226,96.299,95.5618,95.8383,25038.0,2399720.7
2011-05-17,95.8383,96.3912,93.1198,94.1795,12005.0,1139456.15
2011-05-18,94.456,94.7324,91.0463,91.7375,17631.0,1623418.45
2011-05-19,91.9679,92.9355,91.5071,92.06,9836.0,907036.15
2011-05-20,90.9081,94.2256,90.9081,91.7375,13639.0,1261318.45
2011-05-23,91.461,92.1061,88.7425,89.3415,8588.0,776532.6
2011-05-24,90.3091,91.2306,87.5446,87.7749,13592.0,1205637.9
2011-05-25,88.4661,88.8808,87.5446,87.8671,11693.0,1028887.8
2011-05-26,88.7425,102.2889,87.8671,94.9628,603466.0,58748776.65
2011-05-27,95.8383,98.5107,92.3826,93.5805,175837.0,16775121.2
2011-05-30,92.1522,94.6864,92.1522,92.9355,27168.0,2528285.55
2011-05-31,93.1198,94.3177,92.9355,93.4423,17929.0,1677006.65
2011-06-01,93.7188,94.4099,92.2443,92.8433,18354.0,1713280.75
2011-06-02,92.0139,95.4696,90.4934,92.8433,51114.0,4786767.8
2011-06-03,92.8433,95.2853,92.8433,94.5021,46339.0,4384717.7
2011-06-06,93.2119,96.299,92.2443,95.7922,41117.0,3900253.4
2011-06-07,94.9167,97.5891,94.1334,96.0226,34182.0,3289693.55
2011-06-08,96.299,98.4185,95.8383,96.4833,56482.0,5475940.6
2011-06-09,98.1421,101.1831,96.299,100.1233,215235.0,21437435.3
2011-06-10,100.9066,102.7497,98.6489,100.2616,95488.0,9590088.65
2011-06-13,98.6028,100.3998,97.6813,98.6028,25046.0,2481097.4
2011-06-14,98.7871,99.9851,97.2666,97.7735,17852.0,1761611.65
2011-06-15,97.1284,98.5567,96.8519,97.1284,17174.0,1673098.85
2011-06-16,96.3451,99.0636,96.299,98.5567,35836.0,3512046.35
2011-06-17,99.4322,99.893,97.0823,98.8332,26799.0,2640019.05
2011-06-20,97.6813,98.2342,94.8707,96.898,25862.0,2500957.4
2011-06-21,95.8383,97.7735,93.6266,94.2256,14204.0,1360241.3
2011-06-22,95.2393,96.7598,91.6453,91.9679,13848.0,1291406.0
2011-06-23,92.7512,93.3501,91.415,92.5208,8738.0,805583.15
2011-06-24,91.7375,93.857,88.6504,93.1198,15511.0,1438284.85
2011-06-27,94.2256,96.3912,93.5345,95.8383,18612.0,1770750.6
2011-06-28,94.9628,95.8383,93.7648,94.3177,13495.0,1275047.7
2011-06-29,91.2767,100.8606,91.2767,96.4372,233111.0,22979224.65
2011-06-30,96.4833,98.5107,95.8383,96.5294,23636.0,2286814.9
2011-07-01,95.9304,97.4509,94.9167,95.4696,10258.0,984908.9
2011-07-04,95.8383,97.4048,95.8383,96.3912,14042.0,1358658.1
2011-07-05,95.8383,97.2205,95.8383,96.2069,7918.0,763444.85
2011-07-06,96.299,96.299,94.9167,95.4236,14356.0,1374060.75
2011-07-07,95.1932,96.1147,94.7324,95.4236,21763.0,2078642.15
2011-07-08,96.1147,96.1608,94.0874,94.3177,14782.0,1402289.35
2011-07-11,93.9952,94.456,93.0737,93.3501,11366.0,1065486.5
2011-07-12,93.3501,94.2256,92.2904,93.5805,14255.0,1333120.6
2011-07-13,93.1198,97.2205,92.2904,96.5755,227319.0,21852783.3
2011-07-14,96.7598,98.5107,92.6129,93.1658,163968.0,15465574.7
2011-07-15,92.3365,95.8383,91.9679,92.5208,121216.0,11377280.8
2011-07-18,93.5345,94.7324,93.0737,93.2119,33152.0,3101745.75
2011-07-19,92.7051,96.2529,92.7051,94.5481,123517.0,11732224.1
2011-07-20,96.3808,96.5218,94.5481,94.8771,50789.0,4853028.5
2011-07-21,95.7229,95.7229,92.8564,93.2323,29511.0,2767272.55
2011-07-22,94.7361,94.7831,93.3733,93.7023,22143.0,2082420.4
2011-07-25,93.5143,95.6759,93.0444,94.7361,40650.0,3849767.4
2011-07-26,93.9842,94.9241,92.1985,92.9974,29559.0,2772226.3
2011-07-27,93.9842,94.2662,92.1045,92.4805,20516.0,1907065.75
2011-07-28,92.1045,93.7493,91.2117,91.4936,17683.0,1628273.6
2011-07-29,92.0575,95.6289,90.8358,91.9166,98854.0,9273705.15
2011-08-01,92.9504,95.065,91.6346,93.4673,94796.0,8899284.95
2011-08-02,92.5275,93.6083,91.1647,91.7286,16060.0,1479131.6
2011-08-03,90.9767,91.1177,89.52,90.4598,33743.0,3046004.0
2011-08-04,88.8621,92.5275,87.4053,88.9091,74513.0,6772616.85
2011-08-05,87.8752,87.8752,84.1159,86.7474,39672.0,3405631.35
2011-08-08,86.7474,86.7474,82.1422,82.9881,32082.0,2682242.85
2011-08-09,81.5783,82.8941,80.8264,81.9072,31955.0,2617287.35
2011-08-10,83.7869,92.1045,83.646,87.4523,145385.0,12872589.0
2011-08-11,87.4523,87.4523,84.5858,85.1967,22602.0,1937453.05
2011-08-12,86.5125,87.4053,82.8471,84.6328,35303.0,3000590.6
2011-08-16,84.7268,86.4185,83.458,84.2099,28523.0,2411211.5
2011-08-17,83.646,85.0557,82.7061,84.4918,19542.0,1639676.3
2011-08-18,84.1159,86.4655,83.0821,84.6328,36056.0,3043695.45
2011-08-19,82.0482,83.9279,81.2494,82.2832,17641.0,1461138.95
2011-08-22,81.7663,83.0821,81.4843,82.1422,9954.0,816836.2
2011-08-23,83.599,83.599,82.0012,82.8001,31050.0,2572103.95
2011-08-24,82.3302,83.6929,81.9542,82.1422,24746.0,2047619.65
2011-08-25,82.7061,83.129,81.7193,82.0012,7104.0,584066.4
2011-08-26,81.8603,81.9542,79.5107,79.9806,11770.0,950107.15
2011-08-29,80.3565,83.9279,79.9806,82.1422,13213.0,1073358.35
2011-08-30,84.0219,91.1647,82.8941,84.2099,31978.0,2749087.95
2011-09-02,85.0557,87.3583,83.646,83.9749,28313.0,2391355.2
2011-09-05,83.6929,85.4317,82.1892,83.9749,20003.0,1688952.95
2011-09-06,84.2099,84.9147,83.9279,84.4918,16423.0,1388140.6
2011-09-07,84.5858,85.5256,84.3508,84.4918,19124.0,1623502.4
2011-09-08,85.4317,85.9016,84.5858,84.9147,20714.0,1766115.75
2011-09-09,85.5256,93.5143,84.8678,89.332,180565.0,16266521.1
2011-09-12,89.191,92.1045,86.6535,89.144,31700.0,2795930.0
2011-09-13,88.6271,92.8564,88.3452,89.0501,31429.0,2840563.75
2011-09-14,89.0501,90.6008,87.7343,89.52,17066.0,1525049.4
2011-09-15,91.5876,91.5876,89.285,90.0839,22220.0,1994278.2
2011-09-16,91.0237,92.8564,89.7079,91.1647,48421.0,4426479.0
2011-09-19,92.1045,94.4541,89.285,93.0444,87838.0,8174009.8
2011-09-20,92.1045,94.2662,91.7756,92.6215,41831.0,3893906.15
2011-09-21,93.7963,95.8639,91.7286,91.8696,139286.0,13086120.15
2011-09-22,91.1647,91.3057,89.285,89.52,36604.0,3297025.2
2011-09-23,89.0501,89.0501,84.8678,85.6196,68075.0,5903756.35
2011-09-26,85.9486,86.0426,82.0482,83.9279,29102.0,2443290.95
2011-09-27,86.4655,86.4655,84.5858,85.3847,18703.0,1598871.2
2011-09-28,85.9956,87.3113,84.6798,85.2907,15280.0,1312711.9
2011-09-29,85.5256,85.9956,83.176,83.8339,11749.0,991763.05
2011-09-30,84.7738,86.4655,83.129,84.5388,19422.0,1642064.0
2011-10-03,84.5858,84.5858,81.2964,81.8133,19629.0,1623144.8
2011-10-04,80.8264,84.5858,79.1817,82.3302,40437.0,3292068.35
2011-10-05,83.27,84.5388,79.5107,80.4035,31289.0,2532644.15
2011-10-07,81.3433,83.7869,81.3433,82.1892,7808.0,641439.15
2011-10-10,82.7061,82.9411,81.3433,82.3302,11189.0,919307.25
2011-10-11,84.5858,84.5858,82.8001,82.8471,11281.0,937827.0
2011-10-12,82.4242,83.7399,82.4242,82.8941,4719.0,391376.95
2011-10-13,82.9881,85.7136,82.9881,84.1629,22004.0,1846739.85
2011-10-14,84.5858,86.8884,80.3565,84.7738,21622.0,1846632.0
2011-10-17,84.7738,86.3245,82.7061,83.552,15289.0,1282106.85
2011-10-18,82.8001,83.646,82.2362,82.5651,4177.0,346111.95
2011-10-19,82.7061,84.4448,82.7061,83.552,5769.0,481927.75
2011-10-20,82.6121,83.599,81.8603,82.7061,5393.0,446352.3
2011-10-21,79.8866,83.8339,78.9937,82.8001,8791.0,728230.45
2011-10-24,82.8001,84.4918,81.7663,82.7061,13470.0,1114213.65
2011-10-25,82.1422,84.3978,81.5783,82.8471,14015.0,1160020.3
2011-10-26,82.5181,87.4053,82.5181,84.7268,17554.0,1489598.7
2011-10-28,87.3113,87.8752,84.5858,84.8678,20766.0,1772236.55
2011-10-31,85.8076,87.6873,84.3978,87.0764,24745.0,2133905.5
2011-11-01,86.4655,90.2249,85.2437,88.7681,47668.0,4211344.05
2011-11-02,88.8151,91.9166,86.9824,87.7813,88463.0,7931165.35
2011-11-03,86.4655,87.8283,85.6666,86.5595,12356.0,1070272.5
2011-11-04,87.1234,87.1234,85.5256,85.9016,24347.0,2097073.25
2011-11-08,86.4655,86.4655,84.6328,85.2437,17996.0,1533051.6
2011-11-09,84.5858,86.1365,83.646,83.9749,14794.0,1251208.1
2011-11-11,84.5858,84.8678,83.364,83.599,10752.0,902167.1
2011-11-14,83.7399,84.6328,82.0952,82.9881,284770.0,24077460.05
2011-11-15,82.2362,82.6591,79.8866,80.4505,11034.0,895459.4
2011-11-16,80.4505,80.6385,78.0069,78.3828,9299.0,735199.1
2011-11-17,79.3227,79.8866,78.0069,78.1009,8603.0,675201.1
2011-11-18,78.4768,78.4768,75.3753,76.5501,12165.0,925883.05
2011-11-21,75.6103,77.302,72.8848,73.4487,175185.0,13153449.0
2011-11-22,72.6498,74.6705,72.0389,72.7438,279675.0,20502467.3
2011-11-23,72.7438,74.2475,70.6291,72.7908,11989.0,861076.95
2011-11-24,72.7908,73.0257,70.9581,72.6968,7928.0,570605.6
2011-11-25,71.663,73.9656,70.8641,72.9318,4877.0,356573.95
2011-11-28,73.3077,75.1874,72.7438,73.4487,9159.0,679125.85
2011-11-29,74.9054,76.0332,71.616,72.6498,58386.0,4360732.5
2011-11-30,72.6498,72.6968,71.569,72.2269,7196.0,519606.65
2011-12-01,74.1066,75.1874,72.1329,72.3209,21783.0,1593962.95
2011-12-02,73.2607,73.6366,71.9449,73.0727,11354.0,824478.0
2011-12-05,73.4957,74.6705,73.1197,73.7776,13909.0,1027191.15
2011-12-07,73.7776,74.6705,71.8039,72.2269,20392.0,1491822.8
2011-12-08,74.2005,74.2005,71.475,71.8509,8148.0,589060.9
2011-12-09,70.5352,71.24,69.8303,70.8171,6474.0,457205.45
2011-12-12,69.5953,72.1799,69.1724,69.6423,8682.0,612709.15
2011-12-13,70.5822,71.8509,68.6555,69.0784,20824.0,1458515.8
2011-12-14,69.1254,69.6423,67.6686,68.1856,5891.0,404602.55
2011-12-15,67.6686,67.6686,66.0709,66.6348,9484.0,632404.45
2011-12-16,67.6686,69.3134,66.2589,66.9168,8749.0,587655.7
2011-12-19,67.6686,67.6686,63.9093,65.1311,9918.0,648930.35
2011-12-20,65.742,66.7288,61.6536,62.3115,45961.0,2893638.55
2011-12-21,62.0296,62.9224,60.2439,61.0428,18330.0,1130149.5
2011-12-22,62.0296,63.9093,58.5522,63.0634,12868.0,783977.85
2011-12-23,64.5672,65.789,61.4187,64.0502,28498.0,1796223.35
2011-12-26,70.4882,73.3077,65.319,66.9638,217024.0,14795412.6
2011-12-27,66.2119,67.6216,64.9431,65.601,19643.0,1293900.8
2011-12-28,65.789,67.6686,63.2044,63.8623,12138.0,782557.4
2011-12-29,64.1442,64.1442,62.6875,63.1574,7772.0,492504.0
2011-12-30,65.601,65.601,60.2439,61.0897,22139.0,1380156.3
2012-01-02,61.7006,62.7815,60.1969,62.1236,16553.0,1016586.4
2012-01-03,63.9093,63.9093,62.2645,63.5803,24201.0,1530092.4
2012-01-04,62.9694,64.1442,62.5465,63.4393,17244.0,1095717.75
2012-01-05,63.4393,66.7288,63.3924,65.46,26266.0,1713983.65
2012-01-06,64.8491,67.0577,63.4393,65.742,20596.0,1355951.15
2012-01-07,65.789,66.1649,65.789,66.0239,1482.0,97838.5
2012-01-09,66.0239,66.3999,64.5202,65.507,10622.0,699209.55
2012-01-10,66.8698,69.0784,66.3529,67.6686,18738.0,1266433.6
2012-01-11,68.4205,79.8866,68.4205,70.3472,32405.0,2332593.75
2012-01-12,69.5483,70.7231,67.7626,68.4675,13383.0,922971.4
2012-01-13,69.8773,73.3077,68.2325,71.9449,38268.0,2730591.8
2012-01-16,71.428,71.8509,69.7363,70.0652,8577.0,602819.45
2012-01-17,70.0652,72.6968,70.0652,70.7231,13862.0,993632.85
2012-01-18,70.9581,72.3209,68.8434,69.7363,6795.0,478777.9
2012-01-19,71.616,72.8378,69.5483,71.522,8134.0,577656.1
2012-01-20,73.3077,75.1874,68.6085,69.2664,220517.0,16051162.05
2012-01-23,70.1122,70.3472,68.7025,69.5483,15984.0,1114825.85
2012-01-24,69.5483,71.1461,69.1724,70.3472,29526.0,2064019.3
2012-01-25,71.1461,72.7908,70.3472,71.522,91422.0,6542641.85
2012-01-27,72.3679,72.4618,70.4882,71.663,62333.0,4475680.1
2012-01-30,71.663,71.8979,69.0784,69.4073,59805.0,4207990.1
2012-01-31,69.5483,69.9243,68.7495,69.3604,15937.0,1104864.1
2012-02-01,68.6555,71.24,68.6555,70.3942,26560.0,1868519.4
2012-02-02,70.5352,71.334,69.6423,70.1592,31836.0,2242321.4
2012-02-03,71.193,71.8039,70.1122,70.3472,63746.0,4515340.4
2012-02-06,71.334,77.584,70.8641,75.2814,308466.0,23362559.25
2012-02-07,76.0332,77.0671,74.2475,74.5765,46482.0,3501929.75
2012-02-08,74.5765,76.4092,73.3077,75.5633,153651.0,11577740.3
2012-02-09,75.1874,78.0069,74.8584,76.8791,157867.0,12131593.7
2012-02-10,77.0671,79.6516,76.2212,77.0671,149442.0,11635024.2
2012-02-13,77.0671,79.2287,76.1742,78.6178,34530.0,2685684.8
2012-02-14,81.3433,82.7061,77.302,81.2964,66619.0,5371705.2
2012-02-15,85.5256,91.6346,80.8264,82.2362,407272.0,34950893.6
2012-02-16,82.7061,84.4448,80.1685,81.5313,67685.0,5562126.55
2012-02-17,81.7663,83.176,80.3565,80.8734,168489.0,13866644.3
2012-02-21,81.6723,83.176,80.0276,81.2964,141996.0,11598682.85
2012-02-22,82.7061,85.0557,73.4017,74.9994,518123.0,42082734.3
2012-02-23,73.7776,75.7043,72.0859,73.5427,41336.0,3029362.9
2012-02-24,75.6103,75.8453,71.8979,72.2739,27992.0,2051556.95
2012-02-27,72.8378,72.8378,68.0916,68.3735,90910.0,6311306.1
2012-02-28,68.7495,72.7908,68.7495,71.9449,43842.0,3110680.45
2012-02-29,74.9524,76.1272,72.9318,73.3077,200767.0,14829471.35
2012-03-01,71.616,73.1667,71.1461,72.3209,15737.0,1135290.9
2012-03-02,74.2005,75.1874,71.757,72.6028,15547.0,1129189.6
2012-03-03,72.4618,81.2494,72.4618,76.9731,506561.0,39973388.75
2012-03-05,78.0069,78.0069,73.3077,74.2475,288890.0,22076513.3
2012-03-06,75.0934,75.0934,70.0182,70.9581,77611.0,5639823.55
2012-03-07,70.4882,72.1799,69.0784,69.4543,36553.0,2562732.05
2012-03-09,71.1461,73.1197,70.1592,70.7231,33166.0,2349141.05
2012-03-12,72.1799,72.1799,70.0652,71.0051,20823.0,1483291.75
2012-03-13,71.0521,80.8264,70.7701,79.2287,282963.0,21946406.0
2012-03-14,79.7926,79.7926,74.2475,74.8584,88300.0,6737729.15
2012-03-15,75.0934,76.9261,72.8378,74.9054,45927.0,3447744.9
2012-03-16,76.1272,77.0671,71.428,71.8509,71162.0,5304356.5
2012-03-19,72.0859,74.0596,71.616,71.9449,251608.0,18214348.95
2012-03-20,72.8378,74.0596,71.522,72.1799,34736.0,2525880.5
2012-03-21,72.3679,74.2475,71.757,73.3077,41126.0,2988168.2
2012-03-22,74.5295,75.0934,69.6423,70.6761,73416.0,5290581.7
2012-03-23,70.5352,71.428,69.6423,70.4412,20304.0,1433037.75
2012-03-26,70.9581,74.2475,69.7363,70.2532,76739.0,5552146.65
2012-03-27,70.7701,71.0991,68.1386,69.4073,21426.0,1490396.2
2012-03-28,68.6085,70.9581,67.9506,68.4205,23341.0,1606249.55
2012-03-29,67.6686,74.2005,67.0577,72.7908,75613.0,5376020.05
2012-03-30,73.2607,74.5295,70.5822,71.24,42707.0,3076134.85
2012-04-02,71.287,72.3679,71.0051,71.569,13502.0,968563.9
2012-04-03,71.8039,73.1667,71.0991,71.475,85494.0,6163711.75
2012-04-04,72.5558,74.0126,71.616,71.8509,101866.0,7394272.95
2012-04-09,71.8509,71.8509,69.8303,70.1122,29856.0,2109844.0
2012-04-10,70.1122,71.0991,69.3134,69.6423,38525.0,2694793.25
2012-04-11,69.5483,69.5483,67.9036,68.1386,34421.0,2363555.4
2012-04-12,68.2795,69.2664,65.9299,66.8698,84779.0,5716812.85
2012-04-13,67.9976,68.8904,67.3397,67.8096,27438.0,1869411.8
2012-04-16,66.2119,68.2325,66.0709,66.2589,44583.0,2970264.7
2012-04-17,66.7288,68.0916,65.554,65.789,102548.0,6780378.8
2012-04-18,66.7288,67.6686,65.601,65.695,64364.0,4271635.0
2012-04-19,65.9769,67.4337,65.46,65.601,64577.0,4268131.7
2012-04-20,65.554,66.2589,64.7551,64.9431,39262.0,2561433.0
2012-04-23,65.554,66.5408,62.9694,63.4393,45759.0,2948157.1
2012-04-24,64.8491,64.8491,60.8548,61.2777,99695.0,6164365.75
2012-04-25,61.2777,62.4055,59.304,59.8679,330878.0,20270356.3
2012-04-26,60.1499,60.2909,57.8473,58.2232,89669.0,5283546.7
2012-04-27,59.1161,60.1499,56.2026,56.3905,91365.0,5244425.15
2012-04-28,56.4845,57.2834,56.3905,57.0014,7420.0,421998.2
2012-04-30,57.4244,58.1762,53.0071,53.806,347994.0,19104072.9
2012-05-02,53.853,58.0353,53.524,56.8605,288413.0,16207314.6
2012-05-03,57.8003,58.6462,56.6255,57.6593,106829.0,6177966.55
2012-05-04,57.3304,57.5653,54.9808,55.8266,46871.0,2622665.95
2012-05-07,55.6387,55.7326,53.9469,55.2627,44117.0,2421230.5
2012-05-08,55.4507,56.3905,54.5108,54.8398,73537.0,4085809.3
2012-05-09,54.9808,55.8266,54.0409,55.5447,61650.0,3380801.1
2012-05-10,56.2026,56.3905,54.3229,54.6518,29108.0,1607544.4
2012-05-11,55.3567,55.3567,53.336,53.618,37240.0,2007252.8
2012-05-14,53.665,54.9338,53.1011,53.806,19938.0,1075082.6
2012-05-15,53.1011,55.3097,53.1011,54.3229,32342.0,1764675.55
2012-05-16,53.571,55.0748,53.571,54.6988,24840.0,1350583.3
2012-05-17,54.5108,56.0146,54.5108,54.9808,25938.0,1434544.65
2012-05-18,54.5108,54.5108,53.336,53.712,24995.0,1344999.0
2012-05-21,54.0409,55.0278,53.759,54.6988,11653.0,634837.0
2012-05-22,54.9338,56.7195,54.6048,55.4037,35417.0,1975297.95
2012-05-23,54.6988,55.4507,54.6988,55.1687,10943.0,601662.75
2012-05-24,55.0278,55.4507,54.2759,55.3097,16820.0,926331.8
2012-05-25,55.4507,55.6857,54.0409,54.8868,12663.0,696155.7
2012-05-28,54.9808,57.2364,54.6048,56.7665,35921.0,2019066.15
2012-05-29,57.1894,58.2702,55.5917,56.2965,26286.0,1487216.15
2012-05-30,56.2496,56.6255,55.6387,56.2496,22186.0,1249325.35
2012-05-31,59.2101,59.2101,55.4977,55.8736,22657.0,1263607.2
2012-06-01,56.3905,56.3905,55.4507,56.2496,23199.0,1298384.65
2012-06-04,55.8266,56.2965,55.0278,55.6857,9707.0,538397.7
2012-06-05,55.7796,56.9544,55.7796,56.3435,12944.0,730203.05
2012-06-06,55.7796,57.6593,55.7796,57.3774,20256.0,1158476.3
2012-06-07,57.4714,57.9883,56.6725,56.8605,357273.0,20474959.95
2012-06-08,57.3304,58.7401,57.0014,57.6593,78613.0,4536700.2
2012-06-11,57.9883,57.9883,56.1556,56.5785,17587.0,1004874.65
2012-06-12,56.3905,56.7665,55.6387,56.5785,13368.0,753713.15
2012-06-13,56.6725,58.0353,56.0146,57.3774,18959.0,1085602.75
2012-06-14,56.7665,57.1424,56.0616,56.6725,10162.0,575477.2
2012-06-15,56.8135,57.0954,56.2026,56.4845,5420.0,306262.6
2012-06-18,58.0822,58.2702,55.9206,56.2026,9211.0,523398.1
2012-06-19,55.6387,56.1086,55.2157,55.7326,10355.0,576995.1
2012-06-20,55.4507,56.1086,54.9808,55.6387,7324.0,408010.45
2012-06-21,56.2026,56.3905,55.4507,56.1556,8164.0,456681.4
2012-06-22,55.4977,58.1292,55.4977,57.3774,21229.0,1210428.4
2012-06-25,58.0822,59.304,57.3304,58.6931,43986.0,2574414.35
2012-06-26,58.2702,58.6931,56.9074,57.5183,12533.0,728012.4
2012-06-27,57.3304,58.6931,56.9074,58.0353,33444.0,1938756.4
2012-06-28,58.0822,58.8811,57.4244,57.6593,12218.0,709511.6
2012-06-29,57.3304,58.6931,56.6725,58.3172,22078.0,1286384.1
2012-07-02,58.3642,59.633,58.3642,59.2101,18785.0,1109911.8
2012-07-03,58.7401,62.1236,57.3304,61.1367,146017.0,8873272.55
2012-07-04,62.0296,64.2852,60.7608,63.1104,144197.0,9064216.5
2012-07-05,63.2044,66.3529,62.0296,65.0841,130180.0,8466972.9
2012-07-06,65.319,66.5408,63.4863,65.8829,72682.0,4766661.55
2012-07-09,66.2589,66.2589,64.3792,64.6611,38065.0,2482924.0
2012-07-10,64.0972,69.5483,64.0972,65.554,96829.0,6446286.6
2012-07-11,65.789,68.1386,64.0502,64.3322,46348.0,3064208.75
2012-07-12,63.9093,63.9093,62.9694,63.2044,23458.0,1486043.55
2012-07-13,63.9093,64.2852,62.7815,63.4863,17808.0,1130697.5
2012-07-16,62.9694,65.554,62.9694,64.8961,37350.0,2416757.8
2012-07-17,64.8491,66.2119,63.3454,63.9093,35691.0,2314360.45
2012-07-18,63.8623,65.413,61.7006,64.9431,32579.0,2078497.9
2012-07-19,66.0959,66.0959,63.6942,64.5108,16986.0,1105050.55
2012-07-20,64.799,65.5195,63.2138,65.2793,24090.0,1553108.8
2012-07-23,65.3274,65.3274,63.0217,63.454,5619.0,358503.45
2012-07-24,63.1178,63.8863,60.62,63.0217,21465.0,1342006.65
2012-07-25,62.4453,65.2313,61.7728,64.3667,16613.0,1055104.05
2012-07-26,65.3274,67.0566,62.109,62.4933,22839.0,1459951.15
2012-07-27,62.8296,64.4627,60.8601,61.4366,35461.0,2227959.0
2012-07-30,60.5239,64.847,54.7597,63.6462,54556.0,3339141.3
2012-07-31,62.4453,64.3667,61.9649,63.7903,17478.0,1108308.65
2012-08-01,63.406,64.847,62.6374,64.5108,26937.0,1731559.25
2012-08-02,65.0392,65.0392,63.406,64.1745,4815.0,309337.2
2012-08-03,63.406,63.5501,62.2531,62.7335,8548.0,535859.2
2012-08-06,62.3973,67.8732,62.3973,66.0959,114314.0,7598313.6
2012-08-07,64.5588,65.0392,63.406,63.7903,37034.0,2374198.8
2012-08-08,64.3667,64.3667,62.5414,62.9737,13456.0,852826.1
2012-08-09,63.1178,64.847,61.8689,63.7903,26332.0,1671341.0
2012-08-10,63.406,67.8252,62.4453,67.2488,216803.0,14439479.25
2012-08-13,69.0261,69.0261,64.0304,64.751,423878.0,28056667.65
2012-08-14,65.3274,65.5195,64.0785,64.4147,30129.0,1950699.55
2012-08-16,64.751,65.1833,63.5021,63.7422,17069.0,1096556.15
2012-08-17,63.6462,64.6549,62.5414,62.7335,47494.0,3008987.9
2012-08-21,62.5894,63.8383,62.109,62.4933,26807.0,1685588.55
2012-08-22,62.4453,63.5981,61.6767,62.5894,71554.0,4495630.85
2012-08-23,63.2138,64.1265,62.5414,63.1658,41315.0,2619649.75
2012-08-24,62.8296,62.8776,61.9649,62.1571,20519.0,1277106.05
2012-08-27,62.013,63.0217,60.62,60.7641,22373.0,1385728.1
2012-08-28,60.668,61.0042,59.7073,59.9955,12725.0,766304.4
2012-08-29,60.5239,60.5239,58.6025,58.9387,13902.0,823201.2
2012-08-30,58.7466,60.3318,58.4104,60.0435,11504.0,683734.2
2012-08-31,59.5632,60.0916,58.9868,59.7073,13765.0,819523.9
2012-09-03,59.7553,61.8689,59.0828,60.8601,11311.0,681996.15
2012-09-04,60.5239,65.1352,60.5239,63.1178,187696.0,11966653.1
2012-09-05,63.406,63.7422,61.1964,62.3973,20339.0,1264200.45
2012-09-06,61.9649,63.5981,60.716,63.2138,40127.0,2509619.65
2012-09-07,63.406,64.3186,62.7335,63.406,19600.0,1248910.8
2012-09-08,63.0217,64.6549,63.0217,64.2226,4803.0,307859.65
2012-09-10,64.3186,64.3667,61.4366,62.061,48138.0,3018047.05
2012-09-11,62.061,63.6462,61.4846,62.109,29619.0,1857092.2
2012-09-12,62.1571,63.0697,61.9649,62.3973,19607.0,1224769.55
2012-09-13,62.7335,64.1265,61.8689,63.454,26713.0,1687789.4
2012-09-14,63.454,63.9824,63.406,63.454,28271.0,1796953.7
2012-09-17,63.5021,65.6636,63.406,64.5108,36823.0,2371891.3
2012-09-18,63.9344,65.2313,63.9344,64.6069,40234.0,2595732.3
2012-09-20,64.0785,64.9911,63.8863,64.2706,48197.0,3104222.85
2012-09-21,64.3667,65.1352,63.9824,64.6549,11266.0,727875.4
2012-09-24,66.192,66.192,64.1745,64.5588,27577.0,1792693.45
2012-09-25,64.2706,65.2793,64.2706,64.4147,12795.0,827369.4
2012-09-26,63.7422,65.1833,63.7422,64.9911,17664.0,1145657.1
2012-09-27,65.2793,67.0566,65.2793,65.9999,42419.0,2809257.3
2012-09-28,65.6156,68.1134,65.6156,67.2968,78052.0,5239688.8
2012-10-01,67.1527,68.882,66.4802,67.4409,44443.0,3006759.05
2012-10-03,66.3841,68.4496,66.3841,67.585,23129.0,1567821.75
2012-10-04,69.1221,71.9562,67.633,71.1876,96974.0,6785254.55
2012-10-05,71.9081,72.9169,68.6898,69.5064,55172.0,3856168.75
2012-10-08,69.9387,71.0435,69.2182,70.4191,19588.0,1373683.75
2012-10-09,71.9562,73.9736,70.4671,70.9475,66940.0,4805148.9
2012-10-10,72.0523,72.0523,69.4103,70.4671,15611.0,1097695.4
2012-10-11,70.1309,71.4758,69.4103,70.275,7825.0,549099.8
2012-10-12,70.275,74.9343,70.1309,71.5239,64432.0,4690544.9
2012-10-15,71.5239,72.9649,70.2269,70.8033,9856.0,701058.3
2012-10-16,71.764,72.6767,70.7073,71.764,30051.0,2149336.7
2012-10-17,73.9736,74.0697,70.5151,71.1396,18864.0,1345234.25
2012-10-18,70.7073,76.7597,70.7073,72.5806,237618.0,17721659.2
2012-10-19,73.4453,73.4453,71.8121,72.1003,49617.0,3579971.95
2012-10-22,72.9649,72.9649,71.8121,71.8601,23448.0,1685095.4
2012-10-23,71.8121,72.4365,71.5719,71.6199,7460.0,535152.4
2012-10-25,71.4278,72.0523,71.3798,71.5719,13475.0,964711.0
2012-10-26,71.5719,72.0523,71.3317,71.3317,9415.0,672868.35
2012-10-29,71.4278,74.7422,71.3317,72.0042,60280.0,4414397.9
2012-10-30,72.0523,72.9649,70.8514,71.3317,85875.0,6123688.6
2012-10-31,71.1876,71.5239,67.2968,70.8514,34860.0,2469626.95
2012-11-01,70.275,73.4933,70.2269,70.9475,24524.0,1745646.1
2012-11-02,71.0435,72.8688,70.6112,70.6592,15529.0,1104459.5
2012-11-05,70.6112,72.0523,70.6112,70.9955,27447.0,1949999.25
2012-11-06,70.6112,71.8121,68.5937,70.371,21777.0,1534637.85
2012-11-07,70.371,71.5719,70.371,70.371,28797.0,2036602.15
2012-11-08,70.2269,70.8033,70.2269,70.371,10510.0,740356.45
2012-11-09,70.8994,70.8994,69.9387,70.1309,35423.0,2488543.3
2012-11-12,70.2269,71.5719,69.8907,69.8907,13888.0,974083.0
2012-11-13,70.0348,70.6112,69.2182,69.9387,9146.0,639967.35
2012-11-15,69.8907,70.8994,69.8907,70.275,7080.0,495782.95
2012-11-16,69.8907,70.371,69.1702,69.6505,11503.0,803030.7
2012-11-19,69.7466,70.1309,69.6505,69.8427,6570.0,458260.25
2012-11-20,70.8033,71.0916,69.4103,69.4584,22093.0,1540703.35
2012-11-21,69.4584,75.7029,69.4103,70.8514,59426.0,4286265.0
2012-11-22,70.1309,72.0523,69.4103,70.1309,29533.0,2089216.0
2012-11-23,70.1309,70.8514,68.978,69.3623,9320.0,648497.2
2012-11-26,70.1309,71.0916,69.3623,69.6985,12387.0,873583.6
2012-11-27,70.275,70.8994,69.1702,70.275,11711.0,820277.6
2012-11-29,70.371,70.9475,69.1702,69.2662,19090.0,1327244.75
2012-11-30,69.5064,70.6112,69.1702,69.4103,8187.0,570444.95
2012-12-03,70.5632,70.7553,69.3143,69.9868,30286.0,2114006.8
2012-12-04,72.0523,79.7378,69.6505,70.7553,42087.0,2974675.75
2012-12-05,72.0523,79.5457,70.1309,71.0435,14334.0,1023541.8
2012-12-06,71.1396,72.3405,69.9387,70.9475,35330.0,2501702.4
2012-12-07,70.9475,72.0042,70.1309,70.5151,11600.0,821643.5
2012-12-10,70.2269,70.8514,69.2662,69.3623,15511.0,1082456.1
2012-12-11,70.0828,70.0828,68.978,69.0741,17524.0,1216273.8
2012-12-12,69.6505,70.1309,68.93,68.93,13445.0,928537.0
2012-12-13,69.6025,69.6025,68.93,68.978,11141.0,769184.4
2012-12-14,69.1702,69.5064,68.93,68.93,13119.0,904862.1
2012-12-17,69.4584,69.8907,68.93,69.1702,10186.0,705568.2
2012-12-18,69.1702,69.5544,68.6898,68.7378,19555.0,1348889.0
2012-12-19,69.4103,69.6505,68.7378,68.93,13390.0,926713.85
2012-12-20,72.0523,76.6636,68.8339,69.9868,32143.0,2260008.35
2012-12-21,69.6505,69.6505,68.5937,68.7859,9684.0,668009.15
2012-12-24,68.0654,69.1702,65.3274,68.8339,10925.0,750108.5
2012-12-26,68.7378,69.1221,68.6898,68.7378,10578.0,726980.3
2012-12-27,68.6898,69.2182,68.0173,68.2575,72392.0,4950130.1
2012-12-28,68.978,68.978,67.0086,67.6811,117976.0,7979475.2
2012-12-31,67.537,68.2095,66.144,67.3448,7070.0,477381.3
2013-01-01,67.3448,68.978,67.3448,68.1614,5292.0,359692.2
2013-01-02,68.4016,69.6505,67.9693,68.6418,9279.0,639299.15
2013-01-03,68.6898,70.6112,67.7291,68.93,111260.0,7646661.9
2013-01-04,69.2182,69.8907,68.6418,68.978,16624.0,1150227.7
2013-01-07,69.6025,69.7466,68.3055,68.882,11823.0,816525.75
2013-01-08,68.882,69.3623,67.8252,68.4496,7436.0,510989.5
2013-01-09,68.0654,69.6505,67.8252,67.8732,7057.0,481938.05
2013-01-10,67.9693,69.1221,67.537,68.4977,21321.0,1451641.75
2013-01-11,68.4977,69.1702,67.0086,67.2007,17116.0,1154834.3
2013-01-14,67.0086,68.4977,66.9606,67.4409,11339.0,764977.85
2013-01-15,67.3929,68.4977,67.2007,67.4409,6728.0,454098.9
2013-01-16,68.1614,68.1614,66.9125,67.0086,7181.0,481994.25
2013-01-17,67.2488,67.537,66.5282,67.0086,13392.0,898794.1
2013-01-18,67.7291,67.7291,66.8645,67.0086,9150.0,613540.75
2013-01-21,67.2488,67.2488,66.5282,66.7684,9639.0,644520.35
2013-01-22,68.1134,68.1134,66.5282,66.6724,24183.0,1614929.3
2013-01-23,66.2881,67.1527,64.0304,66.5282,30200.0,2007870.4
2013-01-24,69.1702,69.1702,63.9344,65.5676,63229.0,4179464.55
2013-01-25,65.5676,66.2881,65.0872,65.7117,108785.0,7116734.25
2013-01-28,65.8077,66.192,65.0872,65.4234,3949.0,258446.2
2013-01-29,65.3274,66.9606,64.6549,65.0872,5603.0,367909.85
2013-01-30,65.0872,66.5282,65.0872,65.5195,5395.0,355418.65
2013-01-31,66.2881,66.2881,65.3274,65.4715,4591.0,302124.4
2013-02-01,65.4234,66.192,64.8951,65.6636,3994.0,261459.25
2013-02-04,65.3274,68.1134,64.847,64.8951,17506.0,1146410.6
2013-02-05,64.3667,65.9518,62.8776,65.6156,10939.0,708294.5
2013-02-06,64.2706,66.2881,64.2706,64.799,15565.0,1013080.3
2013-02-07,65.2793,65.2793,64.3667,64.3667,17593.0,1135941.2
2013-02-08,64.3667,65.2313,64.3667,64.4627,8376.0,539637.4
2013-02-11,64.1745,65.3274,63.6942,64.3667,3735.0,240588.0
2013-02-12,64.1745,64.9431,62.1571,63.0217,9029.0,572992.3
2013-02-13,64.3186,64.847,64.1265,64.1265,7064.0,453286.95
2013-02-14,64.1265,64.6069,63.0697,63.6462,29960.0,1917847.7
2013-02-15,63.0697,64.0785,62.8296,63.6462,8734.0,555895.1
2013-02-18,63.6462,64.3667,63.406,63.5981,13076.0,833166.95
2013-02-19,63.406,64.3667,63.0697,64.1265,1149.0,73574.2
2013-02-20,63.6462,64.6549,63.406,63.454,2527.0,160917.95
2013-02-21,64.847,64.847,63.406,64.0304,5878.0,374337.5
2013-02-22,64.751,64.751,63.406,63.406,11255.0,714224.25
2013-02-25,63.1178,63.9824,62.6374,63.5021,7481.0,474697.9
2013-02-26,63.1178,64.0785,62.6374,63.5021,5584.0,354522.75
2013-02-27,63.406,63.8383,63.1658,63.1658,5430.0,343768.6
2013-02-28,63.2619,64.0785,63.1658,63.1658,3126.0,197881.9
2013-03-01,63.1658,64.2706,63.1658,63.3099,7409.0,468491.35
2013-03-04,67.0566,67.0566,62.9256,63.1658,8203.0,518330.3
2013-03-05,63.1658,63.406,63.1658,63.1658,5767.0,364347.8
2013-03-06,63.0217,63.406,62.9737,63.3099,4882.0,308699.65
2013-03-07,62.9256,63.3579,62.9256,62.9737,5454.0,343848.25
2013-03-08,62.8296,63.406,62.7815,63.2619,4644.0,292480.5
2013-03-11,63.2619,63.8383,62.9256,63.0217,3780.0,238205.45
2013-03-12,62.9737,64.3186,62.9256,63.5981,2671.0,168750.35
2013-03-13,62.9737,62.9737,62.9256,62.9737,9077.0,571185.75
2013-03-14,62.9737,63.7422,62.6855,63.2138,16822.0,1058737.7
2013-03-15,62.9737,63.406,62.6855,62.6855,5502.0,345817.8
2013-03-18,63.406,63.406,62.6855,62.6855,2767.0,173455.1
2013-03-19,62.9256,62.9256,62.4453,62.7815,4344.0,272340.0
2013-03-20,62.4933,62.7815,62.4453,62.4933,14981.0,936158.0
2013-03-21,62.4453,69.1702,62.1571,62.2051,15433.0,963222.4
2013-03-22,64.2706,65.3274,61.7248,62.061,20490.0,1272643.45
2013-03-25,61.9649,62.109,61.7248,61.7248,22034.0,1362436.2
2013-03-26,61.6767,62.2051,61.6767,61.9649,318489.0,19733845.65
2013-03-28,61.1964,62.3973,60.1396,61.5326,320950.0,19674731.4
2013-04-01,61.4846,63.0217,60.62,61.9649,64900.0,4020558.15
2013-04-02,60.8121,62.7815,60.8121,61.9169,2139.0,132468.5
2013-04-03,62.109,62.2051,60.716,61.6287,1741.0,107506.9
2013-04-04,61.0523,63.3579,61.0042,61.4846,5482.0,339213.2
2013-04-05,61.5326,63.3099,60.5719,61.5326,2982.0,184835.05
2013-04-08,61.4846,62.4453,61.4846,61.9169,4013.0,247513.6
2013-04-09,62.3973,62.3973,61.4846,62.061,2413.0,149050.5
2013-04-10,61.7728,61.7728,61.4846,61.5807,2017.0,124245.95
2013-04-11,61.9169,61.9169,61.4846,61.4846,2483.0,152715.4
2013-04-12,61.4846,62.3012,61.4846,61.4846,1322.0,81476.25
2013-04-15,61.4846,62.4453,61.2924,61.4846,1866.0,114729.45
2013-04-16,61.4846,63.406,61.2444,61.2444,4030.0,247938.5
2013-04-17,61.3885,61.4846,61.2444,61.3405,1676.0,102792.75
2013-04-18,62.9256,62.9256,60.5239,61.2924,5887.0,361705.1
2013-04-22,61.9649,61.9649,61.2444,61.2444,2525.0,154940.25
2013-04-23,61.2444,61.7248,61.2444,61.2924,2529.0,155432.9
2013-04-25,61.2924,62.3973,61.2444,61.2444,3174.0,194531.9
2013-04-26,61.2444,61.4366,61.0042,61.1964,23209.0,1419800.55
2013-04-29,60.62,61.7248,60.62,61.0523,13635.0,832017.8
2013-04-30,62.4453,62.4453,60.7641,60.7641,12653.0,771361.4
2013-05-02,60.716,61.0523,58.6025,60.7641,27207.0,1650504.65
2013-05-03,61.0042,61.0042,59.5632,60.2837,52614.0,3173037.75
2013-05-06,60.0435,61.0042,59.8034,59.8514,10233.0,613950.8
2013-05-07,59.8514,60.2837,59.1789,59.323,24373.0,1452222.75
2013-05-08,62.2531,62.2531,57.93,59.1789,17435.0,1028602.55
2013-05-09,58.7946,62.061,58.7946,59.6593,28653.0,1729551.25
2013-05-10,59.6593,60.9562,59.5632,59.6112,6968.0,415733.55
2013-05-11,60.5239,60.5239,58.3143,59.6593,8958.0,534643.85
2013-05-13,57.4016,62.3012,57.4016,60.4759,7387.0,443002.95
2013-05-14,62.013,62.013,59.4671,59.8994,2435.0,146845.75
2013-05-15,59.8994,60.8121,59.0828,59.0828,36188.0,2145999.55
2013-05-16,59.5632,59.5632,58.8427,58.9868,19314.0,1141605.65
2013-05-17,63.1178,63.1178,58.8907,59.1789,2498.0,148192.9
2013-05-20,59.1789,60.716,58.8427,59.0828,9043.0,537530.25
2013-05-21,58.8427,64.9431,58.8427,59.275,47319.0,2920388.05
2013-05-22,59.1309,60.2357,58.8427,58.8427,6385.0,376801.85
2013-05-23,59.5632,60.2837,58.8427,58.8427,5977.0,353003.8
2013-05-24,58.8427,67.2968,58.8427,66.4802,191022.0,12332924.75
2013-05-27,67.585,68.0173,61.7248,62.013,335429.0,21458344.05
2013-05-28,61.4846,61.4846,60.2837,60.62,41721.0,2531355.4
2013-05-29,60.62,60.9082,59.5632,59.6112,17694.0,1059795.4
2013-05-30,59.4191,59.5632,58.6025,58.8907,8524.0,503592.55
2013-05-31,58.9868,59.5632,58.3623,58.6025,18606.0,1094342.7
2013-06-03,58.4104,59.1309,58.4104,58.6986,10112.0,592908.8
2013-06-04,58.6986,59.275,57.978,58.6025,7670.0,449814.3
2013-06-05,58.6025,59.3711,58.2182,58.5545,6875.0,403028.95
2013-06-06,58.6025,58.6025,58.3623,58.3623,7479.0,436827.85
2013-06-07,58.3623,59.227,58.1222,58.3623,24661.0,1440643.65
2013-06-10,58.3623,58.6025,58.1222,58.1222,10589.0,615702.75
2013-06-11,58.3623,59.4191,56.489,58.1702,16984.0,986869.0
2013-06-12,57.5457,58.6025,57.5457,57.882,12570.0,728094.45
2013-06-13,57.4497,58.1222,57.4497,57.882,12477.0,722217.85
2013-06-14,57.6418,58.5545,57.6418,57.7379,12827.0,740389.55
2013-06-17,57.6418,58.4104,57.6418,57.6898,2576.0,148606.7
2013-06-18,56.7772,58.4104,56.7772,57.978,5780.0,333354.05
2013-06-19,57.6418,58.5064,57.6418,58.1702,3860.0,223349.3
2013-06-20,57.6418,58.1702,57.6418,57.6418,8662.0,499445.05
2013-06-21,58.6025,59.0828,57.4016,57.4016,4323.0,248509.85
2013-06-24,56.6811,57.4497,56.6811,57.4016,4245.0,243041.55
2013-06-25,57.4016,57.6418,57.4016,57.4977,1823.0,104720.5
2013-06-26,57.1615,58.1222,55.8645,57.6418,5204.0,299803.05
2013-06-27,57.6418,57.6898,57.1615,57.3536,5097.0,292499.85
2013-06-28,58.1222,58.1222,57.1615,57.2575,3377.0,193652.1
2013-07-01,56.9693,58.0741,56.9693,57.2575,4863.0,279098.95
2013-07-02,57.3536,58.0261,57.1615,57.2095,2682.0,153619.15
2013-07-03,57.1615,60.5239,57.1615,57.1615,3837.0,220411.45
2013-07-04,57.6418,57.8339,56.8732,57.1615,17603.0,1006355.05
2013-07-05,57.6418,58.1222,56.9213,56.9693,3671.0,209828.5
2013-07-08,56.9213,58.0741,56.9213,56.9693,2539.0,144778.15
2013-07-09,56.9693,57.1615,56.9213,56.9693,4193.0,238758.15
2013-07-10,56.9213,57.1615,56.4409,56.4409,15512.0,881341.05
2013-07-11,57.6418,58.1222,56.4409,56.489,5940.0,336702.3
2013-07-12,56.4409,57.5457,56.4409,56.537,2833.0,160351.45
2013-07-15,56.4409,56.8732,56.4409,56.489,4037.0,228092.2
2013-07-16,56.489,57.5457,56.4409,56.585,2009.0,113778.85
2013-07-17,56.585,56.6811,56.4409,56.4409,3660.0,206797.2
2013-07-18,56.4409,57.6418,56.4409,56.8732,3139.0,177617.15
2013-07-19,56.537,57.1134,56.4409,56.537,3463.0,195778.4
2013-07-22,57.1615,57.5457,56.4409,57.1134,4993.0,282986.2
2013-07-23,57.1619,57.5494,56.2899,56.4837,3370.0,190481.45
2013-07-24,58.0823,58.5667,55.8055,56.5806,4205.0,238907.95
2013-07-25,56.4352,57.1619,56.4352,56.5321,2507.0,141809.3
2013-07-26,56.193,57.1134,55.7086,56.4837,2131.0,119977.6
2013-07-29,56.4837,56.8712,55.9508,56.0477,16005.0,898910.0
2013-07-30,56.193,58.3245,55.9508,57.6463,26248.0,1481286.95
2013-07-31,57.6947,57.6947,55.2242,55.757,20329.0,1134464.55
2013-08-01,57.4041,57.4041,55.4664,55.4664,26065.0,1450030.1
2013-08-02,55.4664,58.276,55.4664,55.5148,11849.0,659779.7
2013-08-05,57.7916,57.7916,54.8366,55.2726,29431.0,1627065.8
2013-08-06,54.7397,55.8055,53.8678,54.982,35386.0,1942938.0
2013-08-07,54.7397,55.6602,54.6913,55.2726,17284.0,946769.9
2013-08-08,54.8366,57.065,54.7397,55.1273,7716.0,434378.1
2013-08-12,55.4179,56.193,54.7397,54.7397,3874.0,213172.2
2013-08-13,54.7882,55.7086,54.4975,54.546,13215.0,722494.75
2013-08-14,54.5944,55.0304,54.0131,54.2553,28643.0,1558225.55
2013-08-16,53.2865,55.3695,53.2865,55.1757,10413.0,568006.1
2013-08-19,54.2553,54.7397,53.2865,53.9647,41057.0,2207218.35
2013-08-20,52.6083,54.2069,52.6083,53.8193,4694.0,250970.0
2013-08-21,53.2865,54.2069,53.2865,53.2865,3095.0,165111.25
2013-08-22,53.2865,54.7397,53.2865,54.11,2435.0,131239.85
2013-08-23,53.2865,55.7086,52.8989,53.7225,3787.0,203684.9
2013-08-26,53.5771,54.6429,53.0443,53.2865,20829.0,1114308.95
2013-08-27,53.0443,54.0131,53.0443,53.0927,11670.0,620237.9
2013-08-28,53.0927,53.7709,53.0443,53.2865,2813.0,149462.7
2013-08-29,54.2069,54.7882,53.0443,53.1412,4470.0,238900.8
2013-08-30,53.7709,58.0338,53.0443,53.8193,6052.0,328161.75
2013-09-02,54.7882,55.757,53.5771,54.9335,5944.0,324945.1
2013-09-03,55.1757,55.9992,53.2865,53.4318,4950.0,267871.35
2013-09-04,55.0304,55.1273,53.0443,53.0927,2835.0,152015.45
2013-09-05,53.0927,55.2242,52.3176,54.4975,4091.0,223244.5
2013-09-06,57.1134,57.1134,53.0443,54.4007,5842.0,315112.75
2013-09-10,53.9647,54.7397,53.3834,53.7225,5574.0,300357.9
2013-09-11,53.2865,56.1446,53.2865,54.3038,8049.0,435700.85
2013-09-12,53.8678,54.982,53.8193,54.3038,5758.0,313483.3
2013-09-13,54.3038,54.7397,53.5287,54.4491,3088.0,167754.25
2013-09-16,54.2553,54.546,53.8678,54.3522,1009.0,54829.25
2013-09-17,53.9162,54.4975,53.0927,54.3038,3199.0,172157.95
2013-09-18,53.7709,55.0788,53.1412,53.3349,4243.0,227252.25
2013-09-19,54.2553,55.1757,52.8021,53.1896,12567.0,670351.6
2013-09-20,54.2069,54.2069,53.0443,53.9162,3472.0,185414.7
2013-09-23,53.3834,54.2553,53.2865,54.0131,5302.0,285627.3
2013-09-24,54.2553,54.546,53.1896,53.3349,4013.0,215631.9
2013-09-25,54.546,54.546,53.0443,53.1896,2475.0,132755.3
2013-09-26,54.0131,54.0616,52.8021,53.1896,24613.0,1304331.25
2013-09-27,53.0443,53.2865,52.8021,52.8989,4655.0,246747.45
2013-09-30,52.9958,53.8193,52.8021,52.8505,2200.0,116477.8
2013-10-01,52.8505,53.238,52.8505,52.8505,2460.0,130262.1
2013-10-03,52.4145,53.8193,52.4145,52.9474,3618.0,192428.75
2013-10-04,53.9647,54.2553,53.0443,53.9162,3872.0,207877.7
2013-10-07,54.0616,54.0616,52.9958,53.5771,4126.0,220775.1
2013-10-08,53.2865,53.7709,53.1412,53.2865,4806.0,257362.7
2013-10-09,53.1412,54.0616,52.8505,53.3834,3941.0,210373.2
2013-10-10,54.1584,54.1584,52.8021,53.1412,7319.0,389779.85
2013-10-11,54.0616,54.0616,52.8021,52.8505,5899.0,312956.3
2013-10-14,52.8989,53.2865,52.8021,52.8989,4845.0,256547.6
2013-10-15,53.1412,59.4386,53.1412,55.1757,50096.0,2807183.0
2013-10-17,53.6256,55.2242,53.6256,53.8193,5212.0,282713.2
2013-10-18,54.2553,54.7397,53.4318,53.5287,6639.0,356380.6
2013-10-21,53.5287,54.2553,52.9474,53.4318,6173.0,330166.95
2013-10-22,53.3349,55.2242,53.3349,54.5944,9298.0,505757.9
2013-10-23,54.2553,54.7882,53.674,53.9162,3927.0,212087.2
2013-10-24,53.7709,55.2726,53.7709,54.4007,8710.0,475873.05
2013-10-25,55.2242,55.9024,54.0131,54.2553,5096.0,277438.7
2013-10-28,54.2553,54.2553,52.8021,53.0927,19086.0,1018709.0
2013-10-29,53.2865,53.2865,52.8021,52.8505,5685.0,300790.65
2013-10-30,52.8021,54.1584,52.6567,53.5771,5646.0,301816.3
2013-10-31,53.2865,53.674,52.8989,53.0443,11645.0,619152.8
2013-11-01,53.8678,53.8678,52.8021,52.8505,23567.0,1250243.6
2013-11-03,53.2865,55.2726,53.2865,54.8851,11461.0,624056.05
2013-11-05,55.8539,59.0027,53.9647,57.5494,43869.0,2493910.25
2013-11-06,55.9024,57.6463,55.9024,56.3868,25400.0,1444795.55
2013-11-07,57.3556,60.02,56.3868,57.4525,49046.0,2876874.05
2013-11-08,57.4525,59.9715,56.6774,57.1619,4724.0,271765.95
2013-11-11,57.1619,59.9715,55.3211,56.5806,8463.0,476764.45
2013-11-12,56.193,56.6774,54.3038,54.6913,6831.0,379018.9
2013-11-13,55.8539,56.193,54.0616,54.1584,4214.0,230382.15
2013-11-14,55.1273,56.0961,53.8193,54.0616,6110.0,333322.6
2013-11-18,53.8193,55.2242,53.6256,53.8193,9978.0,541673.15
2013-11-19,54.7397,55.0788,52.8021,53.2865,17086.0,913506.95
2013-11-20,53.2865,53.7709,52.8989,53.5771,6937.0,370026.2
2013-11-21,53.3834,53.9647,52.5598,52.6083,14426.0,762292.7
2013-11-22,52.7536,52.9958,52.3176,52.3661,40901.0,2148088.55
2013-11-25,52.3661,53.2865,52.3176,52.6083,10965.0,575875.4
2013-11-26,53.1896,55.1273,52.4145,53.1896,20589.0,1105882.85
2013-11-27,54.0131,54.0131,52.3176,52.3661,7954.0,417789.3
2013-11-28,52.3176,53.1412,52.3176,52.6083,7958.0,419298.95
2013-11-29,52.3661,53.1412,52.3661,52.5114,10770.0,566490.3
2013-12-02,53.0443,53.2865,52.1723,52.2208,20718.0,1087837.3
2013-12-03,52.9474,53.4318,52.3176,53.0443,13086.0,691748.85
2013-12-04,53.8678,54.2069,52.463,52.6083,25672.0,1365019.0
2013-12-05,52.8989,53.5287,52.4145,52.5114,5378.0,283155.1
2013-12-06,52.3661,52.8505,52.0754,52.6567,11639.0,612351.25
2013-12-09,53.2865,56.193,52.6567,55.3211,41471.0,2274763.1
2013-12-10,56.6774,57.0165,55.4179,56.6774,110292.0,6214666.0
2013-12-11,57.9854,57.9854,55.2726,55.5633,36614.0,2045489.7
2013-12-12,56.3383,56.3383,54.7397,54.8366,6914.0,384331.4
2013-12-13,54.7882,54.7882,53.0443,53.4318,12366.0,663520.7
2013-12-16,53.4318,55.2242,53.0443,54.4491,13220.0,713879.2
2013-12-17,55.1757,56.9681,54.2553,54.7397,15037.0,833157.95
2013-12-18,54.3522,55.7086,53.9647,54.2553,6588.0,359357.75
2013-12-19,55.7086,55.7086,53.7709,54.11,4129.0,223789.9
2013-12-20,55.0788,55.4179,53.674,55.0304,8601.0,469971.45
2013-12-23,54.7397,56.0961,54.7397,55.0788,8159.0,452806.6
2013-12-24,55.0304,55.9508,54.8366,55.1757,10357.0,574298.8
2013-12-26,54.0616,56.9197,54.0616,55.0788,29185.0,1623204.4
2013-12-27,55.0304,56.9197,55.0304,56.2415,21773.0,1218379.95
2013-12-30,54.8366,56.8228,54.8366,55.8055,15520.0,864693.3
2013-12-31,55.757,66.269,55.757,63.3625,633739.0,39324622.15
2014-01-01,63.7016,66.6565,62.3936,66.0752,494763.0,32114801.7
2014-01-02,66.0752,67.8192,61.231,63.0234,186114.0,12221845.45
2014-01-03,62.9749,64.9126,60.8435,64.2344,91811.0,5787401.75
2014-01-06,64.4766,68.788,64.4766,65.9784,150173.0,10003672.25
2014-01-07,65.8815,66.7534,62.539,62.9265,60428.0,3896287.35
2014-01-08,61.667,64.2344,61.667,61.9092,33312.0,2093522.15
2014-01-09,61.0372,63.6531,60.6497,60.9888,40587.0,2516825.6
2014-01-10,60.9404,64.0407,60.0684,61.231,86431.0,5409165.35
2014-01-13,63.8953,63.8953,61.0857,61.3763,36956.0,2303034.2
2014-01-14,61.1826,62.9749,61.1826,62.3936,39325.0,2448667.4
2014-01-15,62.539,63.7985,62.3936,62.878,27053.0,1701566.0
2014-01-16,63.314,63.9438,61.9092,62.2483,28233.0,1775569.15
2014-01-17,62.3936,62.878,60.5528,61.4248,46726.0,2884127.15
2014-01-20,62.0061,62.0061,60.1653,60.6497,17845.0,1086705.95
2014-01-21,62.0061,63.3625,60.795,62.539,35889.0,2247842.05
2014-01-22,62.9749,63.5562,62.9265,63.1203,19478.0,1229325.15
2014-01-23,62.7327,63.9438,62.103,63.3625,30443.0,1935467.5
2014-01-24,63.2656,63.2656,59.7293,60.5044,22975.0,1401352.5
2014-01-27,60.0684,60.0684,57.6463,58.1307,9605.0,563122.05
2014-01-28,58.1307,58.2276,55.8055,56.7259,15425.0,879260.9
2014-01-29,55.5148,57.6463,55.5148,56.5806,9012.0,510502.55
2014-01-30,54.4491,57.1134,54.4491,56.3383,24280.0,1366832.7
2014-01-31,57.1619,57.6463,56.2899,56.7743,1298.0,74094.05
2014-02-03,57.8885,59.8746,55.9508,57.2587,68319.0,3937843.4
2014-02-04,55.2242,57.1619,55.2242,57.1619,4752.0,270408.35
2014-02-05,57.1619,58.6636,55.9508,56.193,8817.0,500379.4
2014-02-06,56.3383,58.0823,56.2899,56.7259,4942.0,281574.5
2014-02-07,57.8401,58.2276,55.9508,56.0477,20086.0,1151076.65
2014-02-10,57.4041,58.1307,56.8228,57.6947,14313.0,823724.95
2014-02-11,57.4525,58.3245,56.4837,57.2103,8791.0,506641.75
2014-02-12,58.1307,58.1307,56.3868,57.0165,4210.0,241452.4
2014-02-13,56.2415,56.9197,55.7086,55.9508,24974.0,1401719.9
2014-02-14,55.757,57.7916,55.7086,56.5806,11221.0,631228.55
2014-02-17,55.7086,56.5321,55.7086,55.757,5291.0,295332.0
2014-02-18,55.757,56.7259,55.7086,56.2899,9300.0,523084.2
2014-02-19,55.7086,56.6774,55.7086,56.4352,2349.0,132216.55
2014-02-20,55.9024,61.9576,55.7086,58.8573,147191.0,8861432.5
2014-02-21,58.8573,60.0684,58.1791,58.4698,27102.0,1596938.95
2014-02-24,58.1307,60.8435,58.1307,59.0027,18226.0,1089553.1
2014-02-25,58.712,60.4559,58.276,58.4214,15104.0,897308.85
2014-02-26,58.1307,59.0511,56.8712,57.4041,18083.0,1046128.6
2014-02-28,57.4041,58.3729,56.5806,56.9197,6333.0,363754.65
2014-03-03,56.6774,58.4698,56.2415,56.7259,10687.0,613732.05
2014-03-04,56.9197,58.1307,56.6774,57.4525,19156.0,1105790.05
2014-03-05,57.4525,58.5667,57.4525,57.8885,17488.0,1015541.75
2014-03-06,57.8401,61.7639,57.6463,59.2449,81734.0,4884170.2
2014-03-07,60.0684,60.8435,57.8401,58.3245,25145.0,1493693.5
2014-03-10,57.9369,59.2933,57.9369,58.712,9314.0,547381.6
2014-03-11,58.6151,59.6324,57.4525,57.6947,9024.0,526091.05
2014-03-12,56.4837,60.9888,56.4837,58.6636,69352.0,4141448.95
2014-03-13,59.148,60.02,57.5494,59.4871,36715.0,2167170.8
2014-03-14,58.1307,61.4248,58.1307,60.5528,24063.0,1442289.1
2014-03-18,62.0061,62.7812,60.1168,61.667,176403.0,10822739.1
2014-03-19,62.4905,62.4905,59.584,59.9231,25700.0,1560148.2
2014-03-20,58.6151,60.1168,58.3729,58.5667,11262.0,662931.1
2014-03-21,58.6151,59.148,58.2276,58.4214,11677.0,684165.85
2014-03-22,59.3902,59.584,58.3245,58.5182,1200.0,70370.2
2014-03-24,58.3729,59.4871,57.6947,58.1307,10197.0,596813.75
2014-03-25,57.9369,59.0996,57.6463,58.0823,31018.0,1811058.65
2014-03-26,59.0996,61.4248,58.3245,59.584,41510.0,2487705.15
2014-03-27,59.0996,61.2795,59.0996,60.7466,41981.0,2541456.25
2014-03-28,61.7639,62.4905,60.8435,61.3763,64224.0,3961875.6
2014-03-31,61.5217,64.9611,60.6497,64.186,84563.0,5358742.6
2014-04-01,63.9438,64.9126,62.6358,63.3625,29608.0,1880244.7
2014-04-02,64.9126,64.9126,61.5701,62.878,48571.0,3057437.7
2014-04-03,62.878,65.8815,62.878,63.6047,76881.0,4966510.5
2014-04-04,64.9126,64.9126,63.314,64.0407,21811.0,1397924.85
2014-04-07,64.622,65.397,63.4594,64.0407,28124.0,1808185.7
2014-04-09,64.6704,69.3693,62.6843,67.4801,333268.0,22234505.65
2014-04-10,67.7707,68.5942,65.4455,65.7846,60489.0,4067208.85
2014-04-11,64.4282,70.9195,64.4282,70.1928,127398.0,8703303.15
2014-04-15,74.6011,75.5699,70.6773,71.0163,344470.0,24836497.6
2014-04-16,71.0163,71.6461,67.3832,68.4005,73431.0,5143965.9
2014-04-17,67.8192,69.3209,66.9956,67.916,42601.0,2910312.2
2014-04-21,67.8676,70.7257,67.8676,68.788,80703.0,5604385.65
2014-04-22,69.4178,69.4178,66.3659,66.8988,37616.0,2551905.35
2014-04-23,66.5112,68.5942,65.9784,67.6738,43055.0,2884927.75
2014-04-25,69.1755,69.1755,66.8503,67.1894,79838.0,5425921.65
2014-04-28,66.0268,67.4801,64.5251,64.9611,42043.0,2760903.45
2014-04-29,65.4939,66.8503,64.8642,66.1237,34326.0,2266264.9
2014-04-30,67.7223,68.3036,62.7327,63.9438,57073.0,3688190.5
2014-05-02,64.4766,65.8815,64.1375,64.6704,35496.0,2301875.9
2014-05-05,64.6704,65.5424,64.4282,64.6704,17514.0,1137528.9
2014-05-06,63.8953,67.8192,63.8953,66.6081,180366.0,12039768.9
2014-05-07,64.9126,66.8503,63.4594,64.4282,17645.0,1154724.5
2014-05-08,64.4766,65.5908,64.186,64.6704,21619.0,1406514.5
2014-05-09,63.8953,65.1548,63.6531,64.6704,25230.0,1626845.9
2014-05-12,64.186,69.66,64.186,65.6877,110164.0,7367733.2
2014-05-13,66.3659,68.6427,64.9126,65.2517,54507.0,3621976.3
2014-05-14,65.6877,68.4005,65.0579,66.5597,65617.0,4376830.05
2014-05-15,65.5908,67.3347,64.8157,65.1064,31677.0,2092155.45
2014-05-16,65.8815,67.7223,65.1064,66.0268,49045.0,3233563.15
2014-05-19,65.9784,72.6634,65.8815,71.4039,150483.0,10470045.85
2014-05-20,69.8053,77.4107,69.8053,75.4246,185933.0,13837313.6
2014-05-21,75.3277,80.4141,75.3277,79.4937,173255.0,13572257.4
2014-05-22,79.4453,89.1337,79.1062,87.0023,406641.0,34511890.85
2014-05-23,89.8119,90.4901,84.5802,85.9366,232804.0,20619179.05
2014-05-26,88.8431,88.8431,80.4141,82.3518,99482.0,8369287.55
2014-05-27,82.3034,82.3034,77.8467,80.511,42531.0,3388577.2
2014-05-28,80.8986,83.3691,80.8986,82.4003,22303.0,1839655.45
2014-05-29,82.4003,83.3207,80.4141,81.0439,19249.0,1570646.65
2014-05-30,80.6564,85.6459,78.4765,79.1546,68712.0,5628727.95
2014-06-02,79.5422,81.819,79.1546,80.2204,22502.0,1810745.3
2014-06-03,79.4937,85.2584,79.4453,84.2411,67343.0,5581627.8
2014-06-04,84.0473,86.2272,82.3518,83.6113,67533.0,5656956.15
2014-06-05,82.8363,84.8708,82.7394,83.2722,58714.0,4906873.95
2014-06-06,83.6113,86.2272,83.6113,84.4349,149679.0,12741618.5
2014-06-09,84.4833,86.5179,83.902,85.4037,154763.0,13186496.85
2014-06-10,88.1649,89.4244,84.8224,87.8258,227720.0,19843493.2
2014-06-11,87.1961,92.0403,85.8881,87.0023,248322.0,22212997.4
2014-06-12,87.8743,89.8604,85.6459,86.7116,92812.0,8115352.1
2014-06-13,87.8743,88.7462,82.4487,83.03,76781.0,6580210.1
2014-06-16,83.3207,83.6113,80.3657,81.1892,27740.0,2252674.05
2014-06-17,80.511,83.3207,80.2204,82.2065,40497.0,3297372.4
2014-06-18,82.7878,84.2895,80.075,80.8501,33991.0,2785138.05
2014-06-19,79.1546,82.594,79.1546,80.947,29951.0,2439241.2
2014-06-20,81.383,82.1581,79.4937,80.2688,19631.0,1590659.5
2014-06-23,80.4141,81.383,78.4765,79.0093,30407.0,2413142.65
2014-06-24,78.4765,82.9331,78.1858,81.9159,29111.0,2360938.85
2014-06-25,81.383,83.3207,81.0923,82.4003,34562.0,2854704.1
2014-06-26,82.7394,85.9366,82.7394,84.3864,88379.0,7469852.15
2014-06-27,84.4349,85.5975,82.9816,83.6113,33313.0,2792079.4
2014-06-30,85.113,94.9468,85.113,93.106,1074114.0,99298817.0
2014-07-01,93.542,93.9295,90.6839,91.6527,154696.0,14234782.1
2014-07-02,92.0403,92.67,87.8258,89.1822,69203.0,6246679.65
2014-07-03,89.2306,91.0714,87.8743,89.1337,105308.0,9389978.2
2014-07-04,91.7496,96.8845,90.9261,96.1579,635087.0,59895304.5
2014-07-07,96.7876,96.7876,92.4763,94.5108,168078.0,15750233.4
2014-07-08,93.6389,95.4797,92.1856,94.414,209912.0,19772113.6
2014-07-09,92.67,93.978,88.2133,93.4936,68075.0,6301124.15
2014-07-10,93.4451,94.8015,91.6527,94.0749,205478.0,19240100.55
2014-07-11,94.0264,100.7114,92.3309,94.0749,122283.0,11792071.2
2014-07-14,94.1717,97.3689,92.67,96.4001,76913.0,7296301.45
2014-07-15,96.4001,99.3066,95.189,97.1752,60923.0,5944408.35
2014-07-16,96.497,102.5038,96.497,98.1925,68939.0,6858449.5
2014-07-17,98.8222,99.5488,96.1579,96.933,31647.0,3082383.95
2014-07-18,96.0126,97.8049,94.9468,96.7392,24811.0,2404735.95
2014-07-21,97.9987,99.452,95.189,95.7703,28429.0,2769137.9
2014-07-22,95.9157,97.8049,95.9157,96.933,20142.0,1953472.65
2014-07-23,97.8534,98.58,94.8015,96.3032,23270.0,2242095.65
2014-07-24,98.8758,98.8758,95.2353,96.643,17329.0,1671157.5
2014-07-25,97.5167,97.5167,93.682,95.3809,50395.0,4807549.4
2014-07-28,95.1382,102.128,94.9441,99.3612,122858.0,12228054.7
2014-07-30,106.7878,106.7878,99.0214,99.9922,309301.0,31337933.7
2014-07-31,99.0214,100.866,96.6915,98.1477,32445.0,3192422.15
2014-08-01,97.0798,99.9922,93.682,95.8663,145668.0,13940311.1
2014-08-04,93.682,95.9149,91.5948,93.682,64231.0,5966311.3
2014-08-05,96.9828,96.9828,91.3036,93.5364,68958.0,6394624.7
2014-08-06,93.5364,96.8857,92.2744,95.9149,34259.0,3260113.9
2014-08-07,93.682,99.7981,93.3908,96.2547,40805.0,3925888.05
2014-08-08,94.1674,96.643,93.2937,96.2547,54347.0,5188646.5
2014-08-11,97.0798,97.9536,95.6236,97.0798,62520.0,6046254.05
2014-08-12,97.0798,98.1477,95.2353,96.8857,32473.0,3125919.85
2014-08-13,95.9149,97.0798,94.1674,96.7886,55075.0,5288250.6
2014-08-14,96.3032,96.4974,90.3813,92.9539,27599.0,2603155.65
2014-08-18,92.42,95.0412,92.2259,93.1966,14477.0,1352151.45
2014-08-19,96.5944,96.5944,94.0704,96.0605,46277.0,4396741.35
2014-08-20,96.012,98.6817,94.1674,97.5167,23742.0,2296602.85
2014-08-21,96.109,98.9729,95.1382,97.8079,24448.0,2371597.7
2014-08-22,98.9729,111.1079,96.6915,106.2053,264957.0,27319146.7
2014-08-25,110.0885,112.3214,101.2543,102.3707,144202.0,15471958.85
2014-08-26,106.2053,108.1955,100.963,106.6907,106265.0,11216169.6
2014-08-27,104.3123,114.4571,104.3123,112.2728,203844.0,22572412.2
2014-08-28,112.2728,126.2038,106.9334,120.379,439771.0,52150160.55
2014-09-01,115.525,120.379,113.6805,114.9911,74325.0,8648852.3
2014-09-02,114.1659,117.8549,112.6612,113.4378,36226.0,4159658.2
2014-09-03,112.7582,117.3695,109.7973,111.6418,38592.0,4384956.15
2014-09-04,114.4571,122.0779,106.9334,118.3403,92747.0,10768130.35
2014-09-05,117.4666,120.0878,114.0688,115.3309,33110.0,3859439.7
2014-09-08,111.6418,118.3889,111.6418,114.3115,31639.0,3658415.4
2014-09-09,114.263,115.9619,111.1564,112.8068,24861.0,2823438.1
2014-09-10,112.8068,117.0783,112.6126,114.2144,28631.0,3291752.4
2014-09-11,114.1659,117.4181,112.8553,114.0688,17874.0,2061096.3
2014-09-12,114.0688,122.175,114.0688,116.2531,93786.0,11098457.25
2014-09-15,121.0586,121.3013,115.5736,118.1947,59717.0,7104454.7
2014-09-16,116.0104,120.379,109.2148,111.0108,63710.0,7317523.15
2014-09-17,111.0593,111.6904,106.0112,108.0499,49787.0,5420365.15
2014-09-18,107.5159,113.3893,106.2053,110.8652,39720.0,4418026.85
2014-09-19,114.5057,114.5057,107.3703,108.3896,26804.0,2957673.85
2014-09-22,108.7294,111.6418,108.7294,110.3798,15211.0,1678826.7
2014-09-23,109.7488,110.8652,106.2053,107.8072,25691.0,2786819.1
2014-09-24,105.817,109.4575,102.9046,104.3608,18800.0,1974735.8
2014-09-25,103.8754,110.5739,103.8754,106.8849,51892.0,5543625.2
2014-09-26,106.3024,106.6907,104.0696,104.4094,24740.0,2593134.9
2014-09-29,104.8948,114.3601,104.8948,112.5641,73069.0,8117851.55
2014-09-30,111.4477,117.952,104.9433,113.632,167389.0,18918956.35
2014-10-01,112.8068,114.5542,107.8072,110.1856,18996.0,2123359.55
2014-10-07,109.2148,112.5641,106.4966,107.2247,13915.0,1501345.8
2014-10-08,108.7294,109.2148,106.7878,107.4674,14823.0,1601940.7
2014-10-09,106.8364,109.4575,106.8364,107.9042,19519.0,2117284.95
2014-10-10,106.7878,108.9236,106.7878,108.0013,9109.0,985311.8
2014-10-13,107.7586,108.6323,104.8462,107.7586,11830.0,1263194.75
2014-10-14,106.8849,108.6809,104.3608,105.8656,15649.0,1675602.4
2014-10-16,103.8754,106.7878,100.4776,102.5649,15410.0,1594347.75
2014-10-17,104.7977,104.7977,98.536,101.9824,16740.0,1694775.7
2014-10-20,102.9046,103.8754,100.0893,101.2057,9351.0,964504.35
2014-10-21,100.7689,102.4192,98.9729,99.1185,14134.0,1415614.75
2014-10-22,100.0408,100.7689,97.6138,99.1671,16904.0,1684968.1
2014-10-23,100.4776,100.4776,98.8273,99.2156,6931.0,689509.05
2014-10-27,101.9338,101.9338,97.5167,97.9536,16211.0,1591816.8
2014-10-28,98.0506,102.8076,98.0506,100.3806,30726.0,3097454.05
2014-10-29,99.9922,102.8561,99.9922,101.6911,9712.0,983963.0
2014-10-30,100.963,101.9338,97.7594,99.9437,10062.0,1005911.85
2014-10-31,99.0214,101.2543,98.6331,99.4583,20636.0,2054666.55
2014-11-03,99.5068,100.8174,98.1963,98.6817,11783.0,1165239.4
2014-11-05,98.0506,101.4484,98.0506,99.6039,17202.0,1726025.8
2014-11-07,101.3514,103.7784,99.9922,100.4776,22595.0,2290185.2
2014-11-10,102.7105,102.7105,96.4974,96.7401,28590.0,2824004.75
2014-11-11,99.1185,99.1185,94.9441,95.3809,33594.0,3232552.8
2014-11-12,95.1382,97.0798,92.9539,93.5364,68204.0,6457876.7
2014-11-13,93.1966,94.1674,82.5179,89.0708,204373.0,17852555.6
2014-11-14,87.3719,91.6434,87.3719,90.3328,41383.0,3737012.8
2014-11-17,89.4105,91.4492,89.2164,89.7018,25710.0,2318163.35
2014-11-18,88.8281,93.1966,88.8281,91.7405,38962.0,3580757.2
2014-11-19,89.4105,93.0996,89.4105,91.4007,25079.0,2310507.15
2014-11-20,91.4007,92.2259,89.5562,90.6726,12120.0,1100823.95
2014-11-21,92.2259,92.2259,90.2843,91.0609,9592.0,874018.15
2014-11-24,93.1966,93.1966,89.2164,89.8959,15747.0,1416282.7
2014-11-25,89.4105,89.4591,86.4011,86.8865,11413.0,1000985.85
2014-11-26,88.8281,89.3135,85.139,85.673,24140.0,2081944.75
2014-11-27,88.6824,88.6824,85.7215,86.304,9311.0,807143.15
2014-11-28,85.9157,87.1777,84.1682,84.9449,23925.0,2044167.65
2014-12-01,84.4595,88.0514,84.4595,85.8671,19615.0,1684100.15
2014-12-02,85.0419,98.7302,84.508,95.0412,109381.0,10194858.15
2014-12-03,95.0897,100.8174,92.7598,99.5068,908802.0,86957685.05
2014-12-04,100.4776,104.555,96.7401,101.8853,1023645.0,102300129.6
2014-12-05,101.4484,107.0305,99.9922,103.0988,455529.0,47629478.3
2014-12-08,103.39,107.4674,98.9729,100.5262,206041.0,21278971.65
2014-12-09,98.9729,101.5455,95.1382,97.1284,99531.0,9792326.45
2014-12-10,97.0798,99.7981,97.0798,98.0021,32179.0,3162256.05
2014-12-11,98.0021,99.0214,94.6528,95.8663,36300.0,3514595.6
2014-12-12,95.1382,99.0214,93.2452,93.682,46418.0,4481517.6
2014-12-15,95.1382,95.1382,89.362,90.1386,45402.0,4130342.55
2014-12-16,89.7989,90.2843,81.3044,82.712,79719.0,6816184.55
2014-12-17,83.5372,84.1682,75.7223,81.0617,61526.0,4932426.05
2014-12-18,81.3529,86.7894,81.3529,84.5565,47002.0,3964690.0
2014-12-19,87.2262,88.1485,84.1197,84.7992,37044.0,3160356.55
2014-12-22,87.1292,89.3135,84.7992,88.1,30878.0,2686963.1
2014-12-23,87.7602,89.7018,86.4011,87.3233,42121.0,3703536.15
2014-12-24,87.3719,89.0708,87.3719,88.5368,11283.0,995745.45
2014-12-26,87.8573,88.6339,86.5952,87.0806,15797.0,1380348.45
2014-12-29,89.2649,89.2649,86.4981,87.1777,26574.0,2321522.7
2014-12-30,89.0708,89.0708,85.139,85.8186,23041.0,1990246.25
2014-12-31,86.4011,88.2456,84.6536,87.1777,21314.0,1857429.2
2015-01-01,88.3427,89.0708,87.3719,88.2456,15553.0,1375038.25
2015-01-02,89.0708,94.1189,88.731,90.1386,43597.0,3991670.55
2015-01-05,93.1966,95.9149,89.3135,91.6434,160301.0,15055958.5
2015-01-06,91.2551,92.2259,84.1197,86.304,34309.0,3020691.7
2015-01-07,87.5175,88.8281,83.8284,85.4303,29185.0,2508798.6
2015-01-08,89.0708,91.2551,85.5273,88.6339,29853.0,2654269.15
2015-01-09,89.8474,90.8667,86.4981,87.7116,19968.0,1763081.25
2015-01-12,88.0029,88.8281,85.9157,86.7408,18033.0,1575108.85
2015-01-13,90.2843,90.2843,84.4595,84.9449,38795.0,3345265.95
2015-01-14,85.6244,86.0127,84.4595,84.7992,22750.0,1938594.9
2015-01-15,85.1876,87.1292,84.508,84.8478,25905.0,2209817.7
2015-01-16,86.0127,86.0127,82.2266,83.0518,37399.0,3129710.15
2015-01-19,85.0905,85.4303,83.5372,84.9934,19681.0,1664471.6
2015-01-20,85.3817,87.2262,84.508,84.8963,27269.0,2333987.65
2015-01-21,84.5565,86.1098,83.5372,84.6536,17431.0,1477187.85
2015-01-22,84.3624,88.4397,84.3138,86.4011,47080.0,4060919.95
2015-01-23,87.3719,88.2941,84.8478,85.5273,18739.0,1614495.25
2015-01-27,85.5273,88.1485,85.139,85.6244,18904.0,1631980.5
2015-01-28,85.139,86.4981,83.4887,83.877,14915.0,1261647.45
2015-01-29,85.3332,85.3817,82.6635,83.1489,12993.0,1085094.35
2015-01-30,82.712,84.9449,81.5471,82.2266,16358.0,1352390.2
2015-02-02,85.2846,85.3332,81.5471,81.9839,16334.0,1345390.4
2015-02-03,82.0325,83.5372,80.5763,81.0131,20346.0,1665004.55
2015-02-04,81.5956,83.9255,81.0617,83.1489,24529.0,2032875.25
2015-02-05,84.3624,84.3624,80.5763,82.0325,39840.0,3303725.05
2015-02-06,82.4208,82.5179,77.858,78.5376,25875.0,2067389.25
2015-02-09,78.6347,79.3628,73.4894,74.4602,42702.0,3263951.65
2015-02-10,73.7807,76.6931,72.7128,73.6351,24483.0,1816801.75
2015-02-11,73.004,76.6931,73.004,73.6351,16932.0,1248169.05
2015-02-12,76.1591,76.2077,73.7807,74.169,20740.0,1553451.65
2015-02-13,75.9164,77.7124,74.2661,74.6059,40291.0,3050288.45
2015-02-16,77.0814,77.0814,74.8971,75.2369,11133.0,841982.2
2015-02-18,74.7515,76.0135,73.7807,74.169,26651.0,1992254.4
2015-02-19,75.2369,75.3825,72.8584,73.7807,18528.0,1369696.7
2015-02-20,74.7515,75.6252,71.3537,72.5672,76497.0,5564049.5
2015-02-23,74.2661,75.431,71.8391,74.4602,55831.0,4124541.7
2015-02-24,76.6931,76.6931,72.3245,73.538,59702.0,4417970.95
2015-02-25,74.7515,74.7515,72.4701,72.8099,15518.0,1144138.35
2015-02-26,74.7515,74.7515,73.0526,73.538,32962.0,2438429.15
2015-02-27,74.4602,75.7708,72.3245,73.3924,47860.0,3529717.5
2015-02-28,74.6059,76.0135,72.4701,73.7321,34638.0,2583080.5
2015-03-02,74.7515,76.2562,73.7321,75.6252,34586.0,2598796.25
2015-03-03,75.334,81.6441,74.2661,78.6832,76727.0,6047170.8
2015-03-04,79.5084,79.6055,75.431,76.2562,46852.0,3634449.2
2015-03-05,81.0617,81.0617,74.2661,74.6544,43392.0,3254304.55
2015-03-09,73.7807,75.2369,72.907,73.538,10566.0,783530.65
2015-03-10,73.4894,74.7515,71.8876,72.4701,153411.0,11307762.55
2015-03-11,72.4701,73.7321,69.5577,70.9168,31187.0,2232385.55
2015-03-12,72.3245,72.3245,70.9168,71.742,23535.0,1688489.85
2015-03-13,72.2759,73.1497,70.48,70.9168,12841.0,920110.2
2015-03-16,70.8683,71.8391,69.0723,69.6062,13723.0,965706.85
2015-03-17,71.2566,71.2566,67.2763,68.5869,128017.0,8721453.9
2015-03-18,67.2278,70.577,67.2278,68.2471,22034.0,1521572.65
2015-03-19,67.3734,73.3924,67.3734,69.946,63365.0,4505201.85
2015-03-20,69.2665,71.3537,67.9559,68.053,19039.0,1309546.8
2015-03-23,68.5869,68.5869,66.9851,67.519,24943.0,1688622.6
2015-03-24,67.9559,68.4898,65.8201,66.1114,19799.0,1319666.05
2015-03-25,66.4026,67.4705,64.461,66.4512,17908.0,1180957.75
2015-03-26,66.1114,67.422,64.7523,66.0143,14426.0,951968.0
2015-03-27,66.7909,68.6354,66.2085,67.7132,87144.0,5919160.1
2015-03-30,68.8296,69.1694,67.9559,68.2471,12776.0,873833.95
2015-03-31,68.5384,68.9267,66.257,66.9366,34204.0,2318157.45
2015-04-01,67.422,70.3343,66.5968,69.8975,54968.0,3801717.45
2015-04-06,74.5573,74.5573,69.8489,70.9168,18230.0,1291218.45
2015-04-07,71.1595,73.1982,70.1887,71.2081,24556.0,1764450.65
2015-04-08,71.6449,72.9555,71.3537,71.6449,22111.0,1594917.95
2015-04-09,71.9362,72.6157,71.0139,71.3537,7887.0,565741.45
2015-04-10,71.6449,73.7807,71.6449,73.1011,17154.0,1248938.25
2015-04-13,73.7321,74.0719,71.4022,72.3245,28598.0,2087700.5
2015-04-15,72.8099,72.8099,70.8683,71.2566,20488.0,1474674.8
2015-04-16,70.9168,73.0526,70.9168,71.6935,10859.0,781864.95
2015-04-17,71.6935,72.3245,70.9168,71.4022,9952.0,711845.75
2015-04-20,71.0139,71.3537,68.8296,69.3635,8125.0,567860.75
2015-04-21,69.0238,70.6741,69.0238,69.4121,9340.0,652421.9
2015-04-22,69.8489,70.3343,68.2957,69.5577,8419.0,584456.1
2015-04-23,70.6741,70.6741,68.5384,69.7033,13433.0,933650.55
2015-04-24,69.8004,69.8004,67.1793,67.6647,10911.0,746775.15
2015-04-27,70.6741,70.6741,65.0435,66.7424,11363.0,758295.85
2015-04-28,69.8489,69.8489,66.6939,68.053,8800.0,597248.0
2015-04-29,68.1015,68.7325,66.5482,67.0822,7389.0,504675.15
2015-04-30,67.8588,68.7325,66.4997,68.1986,10015.0,680623.85
2015-05-04,70.7227,70.7227,68.2471,69.3635,5493.0,381308.2
2015-05-05,71.5964,71.5964,68.4898,69.6548,15131.0,1052728.7
2015-05-06,69.8975,73.3924,66.4997,66.6453,20370.0,1378861.75
2015-05-07,66.1599,67.7617,64.8493,65.4318,23097.0,1525699.2
2015-05-08,68.4413,68.4413,65.8201,66.5968,5588.0,371365.95
2015-05-11,66.7424,67.9073,66.4512,67.1793,11941.0,799875.7
2015-05-12,65.5289,66.6453,63.1019,65.4804,20792.0,1347807.15
2015-05-13,66.7909,66.7909,64.8979,65.5774,5537.0,363411.15
2015-05-14,65.2377,65.7716,63.9756,64.5581,7883.0,511633.0
2015-05-15,64.5581,65.4318,63.1504,63.5388,14619.0,942017.95
2015-05-18,64.9464,64.995,63.9271,64.2183,15104.0,971991.25
2015-05-19,64.0242,65.3347,63.5873,65.0435,13608.0,878675.95
2015-05-20,66.7909,66.7909,64.6552,65.4804,11075.0,726788.4
2015-05-21,65.8687,65.9658,64.3154,64.7037,8350.0,542945.7
2015-05-22,64.7037,66.0143,64.6552,65.5774,15201.0,993867.5
2015-05-25,67.2763,67.6161,64.6552,66.4026,12536.0,826200.15
2015-05-26,67.9559,67.9559,64.6066,65.0435,10372.0,681199.6
2015-05-27,64.6066,65.8201,63.6844,63.9756,12485.0,804031.55
2015-05-28,64.3639,64.8493,63.2475,63.6844,8890.0,568161.7
2015-05-29,64.3154,65.7231,63.2961,65.3347,15700.0,1009226.75
2015-06-01,67.9559,67.9559,64.8008,66.1114,8871.0,585740.1
2015-06-02,65.5289,65.9658,64.0727,64.1698,4947.0,319466.35
2015-06-03,63.7815,63.8785,61.2088,61.8399,9451.0,590748.1
2015-06-04,63.8785,66.888,62.0826,63.9756,12218.0,788134.65
2015-06-05,63.1019,67.3249,62.8107,64.2183,3149.0,201013.05
2015-06-08,64.3639,65.8687,63.2961,65.0435,90407.0,5778202.75
2015-06-09,64.5581,64.7037,63.199,64.2183,24934.0,1601280.35
2015-06-10,64.5096,64.5581,63.1019,63.3931,3939.0,250435.95
2015-06-11,64.0727,64.0727,60.9176,61.5486,26532.0,1650731.9
2015-06-12,62.6165,62.6165,60.7234,61.7428,6372.0,390851.55
2015-06-15,61.7428,62.0826,58.8789,60.772,5621.0,340000.45
2015-06-16,60.3351,60.6264,59.0245,59.1702,7607.0,453268.35
2015-06-17,59.2187,65.0435,58.6848,64.0242,61590.0,3811038.65
2015-06-18,69.8489,69.8489,65.2862,67.519,204544.0,13749968.6
2015-06-19,68.8781,68.8781,62.5194,64.0727,25277.0,1634526.55
2015-06-22,64.3154,65.4804,62.8107,63.1019,13555.0,866590.75
2015-06-23,66.0143,66.0143,62.3738,63.2475,8282.0,525425.65
2015-06-24,62.8107,64.0727,62.3738,63.0048,7881.0,498231.75
2015-06-25,64.0727,66.888,61.8884,65.626,34845.0,2215249.8
2015-06-26,68.4413,74.8486,67.422,70.6741,458334.0,32267935.15
2015-06-29,67.9559,70.577,66.4026,68.3442,48253.0,3319111.85
2015-06-30,67.0336,69.7033,67.0336,68.6354,19894.0,1353634.45
2015-07-01,69.3635,69.3635,67.1793,67.6647,6346.0,432095.3
2015-07-02,67.0336,68.5869,67.0336,67.3734,9963.0,675208.35
2015-07-03,67.0822,67.9559,65.8687,66.0628,12565.0,839447.8
2015-07-06,67.0822,67.0822,65.5289,66.5482,5648.0,374743.8
2015-07-07,66.0143,70.3343,65.0435,67.3734,38355.0,2609858.95
2015-07-08,67.9073,69.1694,65.0435,67.9559,34384.0,2300909.6
2015-07-09,66.9851,68.6354,66.2085,67.422,10416.0,704185.35
2015-07-10,67.9559,68.8296,66.3541,66.5968,7223.0,487075.25
2015-07-13,66.0143,67.422,65.8201,66.4512,11307.0,750838.1
2015-07-14,66.1599,68.4413,66.1599,68.053,16509.0,1113780.85
2015-07-15,75.6252,75.6252,69.5092,71.2566,202465.0,14436492.4
2015-07-16,70.8683,71.3051,69.2179,70.0916,14104.0,985230.8
2015-07-17,69.7033,71.5964,68.7325,69.6548,37135.0,2573434.7
2015-07-20,68.15,70.8683,68.15,70.3829,11200.0,789553.4
2015-07-21,69.6062,70.3829,66.9366,67.8588,17369.0,1202105.6
2015-07-22,67.9559,68.8781,67.4705,68.2471,8085.0,551042.1
2015-07-23,68.4413,70.3829,67.4705,67.7617,19342.0,1330001.4
2015-07-24,67.7132,68.9267,65.5289,66.1114,20661.0,1389026.55
2015-07-27,67.8588,68.1986,65.2377,66.4997,9094.0,606942.85
2015-07-28,66.8395,67.7617,65.2377,66.3055,11106.0,742087.0
2015-07-29,70.2373,71.8391,68.3442,70.9168,187484.0,13103764.5
2015-07-30,71.7905,71.7905,69.8975,70.577,25898.0,1828258.75
2015-07-31,70.8683,71.111,68.9267,69.2665,12857.0,900387.4
2015-08-03,68.3927,70.6256,68.3927,70.0431,9885.0,690295.2
2015-08-04,69.2179,72.0818,69.1208,70.577,15506.0,1088854.85
2015-08-05,70.9168,71.4993,69.5577,69.9946,22472.0,1581731.4
2015-08-06,69.7033,77.1299,69.4606,73.7321,150210.0,11192968.7
2015-08-07,72.373,75.2369,71.4508,73.9748,42827.0,3122870.55
2015-08-10,73.9748,81.6927,73.0526,79.2172,327424.0,25798286.5
2015-08-11,82.5179,84.0711,77.7124,79.4599,505153.0,40717355.35
2015-08-12,77.761,79.6055,73.3924,73.9263,73362.0,5531937.25
2015-08-13,71.9362,75.5767,70.577,71.2566,46038.0,3380728.55
2015-08-14,71.8391,74.9942,70.2373,71.6449,61694.0,4487990.6
2015-08-17,71.6449,73.004,69.946,72.2274,32335.0,2326075.6
2015-08-18,70.8683,73.2953,70.8683,72.0818,16770.0,1204759.85
2015-08-19,71.8391,72.3245,70.577,71.0139,22725.0,1624855.55
2015-08-20,71.8391,71.8391,69.0238,69.2665,33042.0,2301046.55
2015-08-21,68.4413,69.8975,67.519,69.3635,22028.0,1513121.6
2015-08-24,67.7132,67.7132,62.2282,62.665,45193.0,2920435.95
2015-08-25,62.665,64.4125,60.238,63.0534,35953.0,2224530.05
2015-08-26,62.2282,64.9464,61.6942,63.2475,27880.0,1764263.05
2015-08-27,63.2961,64.995,63.1019,63.5873,12812.0,816042.0
2015-08-28,64.7523,65.5289,63.1019,63.5388,12330.0,793631.0
2015-08-31,63.8785,64.9464,62.2282,64.0727,7451.0,475076.3
2015-09-01,64.0727,64.0727,60.772,61.5972,19775.0,1226702.5
2015-09-02,61.6457,63.0534,60.238,61.8884,20435.0,1259950.3
2015-09-03,62.3253,64.0727,62.3253,62.8592,7405.0,467647.2
2015-09-04,62.1311,63.5388,61.3059,63.1019,17436.0,1085136.4
2015-09-07,64.0727,69.2179,63.1019,66.8395,128117.0,8526144.15
2015-09-08,66.5968,67.4705,64.5581,67.1307,19294.0,1284791.5
2015-09-09,66.9851,69.1694,65.3347,67.2278,9903.0,663855.1
2015-09-10,66.7424,67.9559,65.5774,67.6647,8630.0,577648.05
2015-09-11,67.8588,67.9559,65.8201,67.2763,12973.0,869915.65
2015-09-14,67.0822,68.9267,66.2085,67.0822,6426.0,433367.65
2015-09-15,68.9267,70.6741,67.2763,68.9752,49336.0,3374155.5
2015-09-16,70.2858,70.2858,66.5482,67.1793,31246.0,2113994.25
2015-09-18,67.9559,68.9267,67.1307,67.9559,20139.0,1368374.2
2015-09-21,67.4705,67.9559,66.5968,67.2763,14392.0,965159.65
2015-09-22,67.0336,67.9559,66.4512,67.1793,16086.0,1077498.4
2015-09-23,66.9851,69.6062,65.0435,68.0044,20480.0,1380884.75
2015-09-24,68.4413,69.0238,68.1015,68.15,5518.0,377983.0
2015-09-28,68.2471,69.8975,67.8588,68.3442,12757.0,874580.8
2015-09-29,67.7617,68.9267,66.4997,67.1307,12993.0,873824.05
2015-09-30,69.7033,69.7033,66.0143,66.9366,32756.0,2194435.9
2015-10-01,69.315,69.315,66.6939,66.9851,7861.0,531953.0
2015-10-05,66.9851,69.4121,66.9851,68.7811,5535.0,376900.45
2015-10-06,68.9267,69.3635,67.6647,68.5384,10449.0,720153.9
2015-10-07,68.9267,72.0818,68.9267,71.5478,27968.0,1974894.65
2015-10-08,73.1982,73.7321,70.8683,71.4022,87590.0,6308466.7
2015-10-09,69.5092,73.1982,69.5092,71.0139,13394.0,957746.15
2015-10-12,70.577,71.0139,68.9752,69.315,8994.0,633246.95
2015-10-13,69.0238,69.946,68.9267,69.4121,5061.0,351107.85
2015-10-14,69.4121,71.7905,68.4898,69.4121,12514.0,880523.85
2015-10-15,70.3829,79.0715,69.4606,78.0037,88959.0,6707703.75
2015-10-16,77.6639,83.9255,75.1883,82.3237,288655.0,23027065.1
2015-10-19,83.7314,84.2653,74.8,77.4212,394151.0,30734151.05
2015-10-20,78.6347,80.8675,76.9358,80.1394,96227.0,7656068.55
2015-10-21,81.5471,82.1295,78.7803,79.4113,34951.0,2814176.8
2015-10-23,79.4599,79.4599,76.2077,76.6445,40283.0,3128848.9
2015-10-26,77.1785,80.5277,72.4701,79.0715,236931.0,17954182.85
2015-10-27,77.6639,78.5861,76.2077,77.6639,36239.0,2811562.15
2015-10-28,77.8095,78.3434,76.3048,77.2756,16958.0,1313876.95
2015-10-29,77.858,78.1978,77.1785,77.7124,22748.0,1766573.25
2015-10-30,77.1785,78.1978,76.4989,77.6153,17760.0,1374341.15
2015-11-02,76.4504,78.0037,76.4504,77.4212,11849.0,918936.45
2015-11-03,77.0329,77.858,76.4504,77.5668,10490.0,807505.2
2015-11-04,77.227,78.0522,74.9456,76.3048,14773.0,1131794.95
2015-11-05,75.7223,76.5475,75.1398,75.7708,7242.0,549460.7
2015-11-06,75.7708,75.7708,72.373,72.8584,11083.0,818695.35
2015-11-09,72.8584,74.5573,71.3537,73.4894,12300.0,902946.8
2015-11-10,73.8292,75.5281,72.4216,72.4701,18433.0,1362824.9
2015-11-11,74.3146,77.6639,73.0526,74.7029,14117.0,1046934.25
2015-11-13,74.8,77.1299,74.2661,75.8679,14492.0,1096765.0
2015-11-16,73.9748,76.2077,73.538,75.1398,18656.0,1393740.2
2015-11-17,76.2562,76.2562,74.3146,75.0913,3157.0,237108.1
2015-11-18,74.8,74.8,72.9555,73.7807,7981.0,589745.55
2015-11-19,72.3245,77.5668,72.3245,75.1883,15514.0,1154652.0
2015-11-20,74.8971,79.5084,74.3146,78.7318,36997.0,2877404.95
2015-11-23,80.6248,93.1966,79.023,88.3427,417935.0,35223286.8
2015-11-24,87.5175,87.6631,85.0905,85.8671,58008.0,5000229.0
2015-11-26,85.4303,86.3525,82.5664,83.0033,36066.0,3029328.25
2015-11-27,84.4109,86.8379,81.3529,85.9157,48206.0,4086135.45
2015-11-30,86.0613,91.9346,83.9741,88.9737,105053.0,9272147.65
2015-12-01,87.9543,91.2551,87.8573,88.5368,39132.0,3488732.1
2015-12-02,89.9445,98.0506,87.4204,94.4587,478894.0,45296332.15
2015-12-03,94.216,99.8952,94.0704,95.8178,680014.0,65902512.5
2015-12-04,95.8178,98.9729,93.8762,98.2933,187441.0,18223992.85
2015-12-07,99.2641,99.2641,91.6434,93.5364,74398.0,7146533.55
2015-12-08,94.1189,97.7109,91.789,92.8569,91987.0,8755320.35
2015-12-09,93.682,94.0704,87.5175,88.6824,34742.0,3116848.3
2015-12-10,90.2843,91.2551,86.8865,87.566,42854.0,3810109.5
2015-12-11,88.3427,90.4784,87.3719,88.4397,50146.0,4461163.4
2015-12-14,88.8281,96.5459,85.5273,93.5364,102028.0,9463483.45
2015-12-15,94.3616,96.012,92.2259,94.847,34866.0,3280209.2
2015-12-16,96.109,98.536,94.0218,94.8955,77771.0,7529234.45
2015-12-17,95.1382,97.9536,94.6528,96.4003,44048.0,4245879.55
2015-12-18,98.0506,99.3127,95.3324,96.7886,98863.0,9570704.55
2015-12-21,97.0798,97.0798,95.1382,95.7693,18342.0,1763769.05
2015-12-22,95.1382,95.8663,93.4393,93.682,30263.0,2850861.15
2015-12-23,95.7207,98.0506,94.3616,95.1868,64239.0,6208387.8
2015-12-24,98.0506,98.0506,93.8277,94.7985,36780.0,3536745.95
2015-12-28,97.4682,97.4682,93.1966,93.7791,18417.0,1751447.9
2015-12-29,93.8277,95.478,92.2259,92.9539,52975.0,4971716.9
2015-12-30,96.109,96.109,92.7112,92.9539,22667.0,2129373.2
2015-12-31,92.8083,99.5068,92.8083,98.2933,260974.0,25465085.8
2016-01-01,97.1284,104.7006,95.4295,101.8853,389794.0,39781469.9
2016-01-04,101.6911,108.7294,100.0408,103.1473,247452.0,25944610.0
2016-01-05,105.0404,114.1659,104.3608,107.9042,370357.0,40648071.65
2016-01-06,108.7294,110.3798,99.07,100.1864,92058.0,9562641.45
2016-01-07,99.2641,99.2641,92.2259,92.8569,108934.0,10356806.6
2016-01-08,96.3032,100.4776,94.1674,98.8273,136182.0,13458235.35
2016-01-11,95.7693,98.2933,95.3324,95.7207,61292.0,5910076.1
2016-01-12,97.2255,97.2255,92.7112,93.0996,34979.0,3298288.15
2016-01-13,93.0996,96.109,85.9157,90.3813,62409.0,5659652.0
2016-01-14,89.3135,89.3135,85.5273,86.2554,36532.0,3177099.55
2016-01-15,91.0609,91.0609,82.6149,84.0226,24245.0,2081461.6
2016-01-18,88.2456,88.2456,78.2949,80.6733,29555.0,2413289.15
2016-01-19,82.4693,83.1003,77.6639,80.3821,18316.0,1466575.9
2016-01-20,80.4306,82.0325,76.2077,79.5084,28457.0,2258462.5
2016-01-21,79.7026,83.0033,77.9066,78.7803,24649.0,1969591.45
2016-01-22,78.6832,86.9835,78.6832,85.139,39580.0,3318492.3
2016-01-25,83.9255,87.7602,83.9255,86.0613,18008.0,1542400.45
2016-01-27,89.1193,91.6434,84.5565,90.8667,48726.0,4341534.9
2016-01-28,90.3328,91.158,87.8573,88.3427,27987.0,2478277.75
2016-01-29,89.4591,93.0996,86.7894,87.4689,73760.0,6615662.4
2016-02-01,89.8959,89.8959,86.5952,87.2262,23757.0,2081632.8
2016-02-02,88.0029,88.0029,83.3916,84.0711,23586.0,2016612.6
2016-02-03,85.4303,87.0806,82.0325,83.1489,22707.0,1915947.95
2016-02-04,86.7894,86.7894,81.1587,81.9354,14277.0,1185011.05
2016-02-05,81.5471,83.1003,80.1879,80.6248,18583.0,1504069.65
2016-02-08,82.712,82.712,79.9938,80.3336,14173.0,1147188.75
2016-02-09,80.3821,80.3821,76.2077,76.6931,122000.0,9370606.85
2016-02-10,77.6639,77.7124,71.111,72.0818,30079.0,2209564.45
2016-02-11,77.4697,77.4697,64.461,67.0822,38850.0,2710702.75
2016-02-12,76.2077,76.2077,64.3154,69.1694,46691.0,3140556.25
2016-02-15,72.5672,72.5672,68.0044,70.2373,24824.0,1755126.5
2016-02-16,72.8099,72.8099,67.0822,67.8103,32372.0,2252462.5
2016-02-17,70.8683,71.7905,65.626,69.6548,32532.0,2242125.55
2016-02-18,71.4508,72.8099,64.461,66.1599,84684.0,5701019.05
2016-02-19,69.8004,69.8004,64.3639,64.9464,93797.0,6183186.05
2016-02-22,68.8296,68.9267,65.2862,67.8588,65434.0,4364423.2
2016-02-23,70.8683,71.111,66.0143,68.1015,278232.0,19352179.15
2016-02-24,67.8588,67.9559,65.5289,66.4997,33638.0,2248404.5
2016-02-25,67.6647,67.6647,65.092,65.2862,17660.0,1167903.4
2016-02-26,66.7909,66.9851,63.9271,64.5096,27078.0,1759498.45
2016-02-29,64.3639,65.2377,62.6165,63.0534,19715.0,1258966.1
2016-03-01,62.8592,66.9366,62.2282,64.6066,40806.0,2626228.6
2016-03-02,66.8395,67.8588,65.0435,66.7424,37506.0,2500669.2
2016-03-03,69.4121,70.2858,66.1114,68.8781,32895.0,2240163.1
2016-03-04,70.8683,71.8391,68.4898,69.9946,238763.0,16829965.15
2016-03-08,73.5865,73.5865,67.1307,67.9559,52495.0,3632315.7
2016-03-09,67.519,69.8975,66.4997,68.7325,33000.0,2262473.5
2016-03-10,68.1986,70.5285,68.053,69.3635,40571.0,2806304.6
2016-03-11,68.8781,69.6548,66.6939,68.1015,35616.0,2432666.5
2016-03-14,68.053,70.5285,67.6161,69.315,52131.0,3569175.05
2016-03-15,68.2471,70.48,67.3249,68.15,57567.0,3965699.3
2016-03-16,69.8004,69.8004,66.5968,66.9851,15573.0,1047557.9
2016-03-17,68.1015,68.7325,67.1793,67.7132,15069.0,1025881.2
2016-03-18,67.2763,69.8975,67.2763,68.6354,25874.0,1784751.4
2016-03-21,69.4121,71.8391,69.2665,71.2566,112673.0,7951321.35
2016-03-22,71.8391,72.3245,69.946,71.8391,33037.0,2361874.3
2016-03-23,72.7128,72.7613,70.1887,72.1303,17615.0,1268312.1
2016-03-28,70.6256,72.8099,69.5092,70.3829,14271.0,1008836.25
2016-03-29,69.946,71.4508,68.4413,70.9168,13477.0,944902.65
2016-03-30,71.7905,72.2274,70.577,70.9168,10567.0,753049.8
2016-03-31,70.6741,73.2953,68.9267,69.946,58040.0,4088497.6
2016-04-01,69.8489,72.3245,69.1694,71.742,22597.0,1608578.95
2016-04-04,71.3537,73.538,71.3537,72.7128,18459.0,1337536.75
2016-04-05,73.6836,73.7807,70.5285,71.0139,13032.0,936229.9
2016-04-06,72.4701,72.4701,70.6741,71.3537,14340.0,1020553.75
2016-04-07,72.7128,73.4409,70.8683,73.004,11721.0,849091.55
2016-04-08,71.7905,73.2953,71.3537,71.9847,19378.0,1396720.95
2016-04-11,71.6935,74.3632,71.6935,73.3438,9951.0,726087.35
2016-04-12,73.3924,73.7807,71.9362,73.0526,12542.0,915571.9
2016-04-13,74.4602,77.2756,74.4602,76.8872,53149.0,4048978.6
2016-04-18,75.4796,78.0522,75.4796,76.2562,17777.0,1357043.1
2016-04-20,75.7223,83.4887,74.7515,82.712,69986.0,5616578.8
2016-04-21,91.0609,91.0609,85.4303,86.1098,325204.0,28227923.6
2016-04-22,85.4303,85.4303,81.5471,82.1295,24016.0,2005237.7
2016-04-25,82.5664,82.9062,80.6733,81.1587,13306.0,1085068.6
2016-04-26,79.3142,82.4208,79.3142,81.4985,12035.0,977757.8
2016-04-27,81.0617,81.9354,80.5763,80.6733,6224.0,503692.95
2016-04-28,80.3821,81.9354,79.1686,80.0909,12270.0,990582.55
2016-04-29,79.8482,81.45,78.8774,79.3628,10821.0,861491.65
2016-05-02,80.3336,81.45,77.6639,78.0037,46099.0,3638618.2
2016-05-03,83.4887,83.4887,78.8288,79.7996,103190.0,8261702.45
2016-05-04,79.7026,79.7026,78.1493,78.392,16223.0,1280463.75
2016-05-05,77.1785,78.6347,74.7515,76.7416,66453.0,5119830.05
2016-05-06,76.4018,81.0131,74.9942,78.5861,19456.0,1518805.45
2016-05-09,79.7026,81.3529,76.7902,77.858,174034.0,13655512.5
2016-05-10,77.5668,78.9259,76.2077,76.4989,62642.0,4816256.9
2016-05-11,75.7223,78.1007,75.7223,77.5183,23484.0,1811594.8
2016-05-12,78.392,78.6347,77.0814,77.6153,115427.0,8966381.6
2016-05-13,78.0522,79.1201,73.1011,74.169,164350.0,12436559.6
2016-05-16,76.8872,81.5471,75.9164,79.8482,371496.0,29131408.6
2016-05-17,79.8482,95.8178,79.8482,93.4393,1026166.0,93489012.5
2016-05-18,93.5364,93.5364,89.9445,91.5463,148769.0,13660490.75
2016-05-19,92.2259,92.2259,86.1098,88.8766,86883.0,7782720.6
2016-05-20,91.9346,92.0317,88.3427,88.8281,48161.0,4325002.25
2016-05-23,90.1872,90.2843,86.5467,86.9835,23845.0,2101513.2
2016-05-24,85.5273,87.4204,82.5179,85.6244,30524.0,2576150.3
2016-05-25,86.4011,88.3427,85.9157,87.5175,22322.0,1952852.35
2016-05-26,89.2164,91.4978,87.3719,88.3427,31951.0,2864022.25
2016-05-27,88.3427,96.5944,87.5175,94.4587,149157.0,13943236.5
2016-05-30,94.0704,96.5944,89.7018,95.1382,54240.0,5068897.5
2016-05-31,96.012,96.012,92.7598,93.4393,24905.0,2330398.9
2016-06-01,94.1674,94.1674,91.8375,92.3715,19950.0,1857010.55
2016-06-02,91.789,99.9922,90.527,97.0313,85846.0,8279765.55
2016-06-03,96.109,98.0506,92.2744,92.8569,97630.0,9268811.1
2016-06-06,94.9441,98.8273,92.5656,97.6623,101257.0,9742464.9
2016-06-07,104.8462,104.8462,99.5068,101.4484,518623.0,52977748.9
2016-06-08,100.1864,102.7105,97.3225,100.6718,100485.0,10086477.7
2016-06-09,100.0893,100.866,97.6623,100.0408,77091.0,7679031.4
2016-06-10,99.5068,100.8174,97.3711,98.0021,33779.0,3328164.95
2016-06-13,98.439,99.2156,95.3809,97.3711,38481.0,3734023.75
2016-06-14,97.0798,101.9338,95.7693,99.9437,48634.0,4811317.2
2016-06-15,103.0017,104.7977,100.2349,104.3123,197014.0,20343889.85
2016-06-16,106.6907,110.1856,104.5065,106.1083,245785.0,26366133.9
2016-06-17,108.0984,117.4666,104.3608,111.7874,553488.0,62441482.85
2016-06-20,109.6517,113.0009,108.0499,109.0207,100809.0,11099969.95
2016-06-21,109.6031,109.9915,103.5357,104.4094,97380.0,10327050.6
2016-06-22,103.8754,104.3123,100.1864,101.0601,66296.0,6804122.5
2016-06-23,99.9922,105.4287,99.1185,101.1087,88879.0,9150488.25
2016-06-24,99.1185,103.8754,92.9054,101.3028,116654.0,11690211.35
2016-06-27,101.8853,104.6035,101.1087,103.1959,30964.0,3201115.5
2016-06-28,103.3415,106.351,102.0309,104.0211,53551.0,5592831.15
2016-06-29,103.0988,109.3119,103.0988,106.8849,52806.0,5649286.8
2016-06-30,107.2247,110.3312,104.2638,106.6907,39561.0,4268743.8
2016-07-01,107.2247,110.9137,106.0112,108.7294,48869.0,5296063.0
2016-07-04,109.1663,111.1564,108.3896,109.7002,28528.0,3129765.15
2016-07-05,109.6031,110.4283,105.817,107.6615,60253.0,6500033.6
2016-07-07,107.3218,109.1663,105.6229,106.448,12411.0,1332387.95
2016-07-08,106.2053,107.2732,104.5065,106.7393,17587.0,1867792.5
2016-07-11,107.7101,109.2148,106.2053,106.7878,19795.0,2125253.5
2016-07-12,106.7878,110.8166,106.7878,109.8944,75655.0,8290622.05
2016-07-13,109.8944,110.1371,105.7199,107.613,28135.0,3044388.25
2016-07-14,107.3218,116.4958,107.3218,115.4279,261706.0,29143554.35
2016-07-15,116.3017,134.7468,112.8068,131.4946,1404376.0,179799732.05
2016-07-18,132.9994,137.7563,123.9224,125.3301,438564.0,57833544.55
2016-07-19,126.2038,138.5329,125.9611,134.31,973374.0,130989278.95
2016-07-20,133.4362,137.4651,130.3297,136.1059,388426.0,52325677.7
2016-07-21,135.9118,144.4548,132.8538,136.4457,395830.0,54978497.5
2016-07-22,137.8534,143.5811,136.9311,140.9114,200576.0,28089398.05
2016-07-25,140.7658,142.7074,137.9019,140.9599,111525.0,15628599.25
2016-07-26,140.7172,141.5424,136.5428,136.9311,67366.0,9322030.75
2016-07-27,136.737,141.4453,132.1257,137.6592,131008.0,17963070.5
2016-07-28,138.0,140.6772,136.3936,136.8317,64830.0,8957530.95
2016-07-29,139.2169,141.164,134.5439,136.491,84872.0,11738214.8
2016-08-01,142.4783,142.4783,138.2433,139.7523,122474.0,17179219.25
2016-08-02,138.5354,142.1375,135.8582,138.3407,90358.0,12527911.5
2016-08-03,139.1195,144.5714,134.5439,139.509,210804.0,29688495.15
2016-08-04,140.8719,141.6994,135.6148,137.5619,75629.0,10506750.05
2016-08-05,138.2433,139.655,127.5344,131.4772,69441.0,9282911.15
2016-08-08,130.5523,136.2963,129.0433,131.0878,46209.0,6140525.15
2016-08-09,133.3269,133.3269,129.4814,129.9682,28317.0,3701991.5
2016-08-10,132.3534,132.3534,120.8656,122.4232,71019.0,8779610.5
2016-08-11,124.5164,124.5164,118.0423,120.2328,41176.0,4935299.1
2016-08-12,120.7682,125.4899,115.7058,124.565,98947.0,11992654.1
2016-08-16,121.9851,122.5693,114.0994,119.2592,88118.0,10449525.3
2016-08-17,118.7724,120.6222,117.2148,119.0158,24090.0,2872234.2
2016-08-18,117.8963,121.109,117.2148,118.5291,29488.0,3513153.9
2016-08-19,120.6222,142.2349,118.091,142.2349,1054285.0,145079194.2
2016-08-22,142.1375,142.1375,126.9502,130.9418,413247.0,54872402.1
2016-08-23,131.4772,154.2095,127.5344,148.2222,1506751.0,224405422.3
2016-08-24,147.8814,149.7312,141.3587,145.0095,286323.0,41651776.15
2016-08-25,145.0582,147.7841,135.6148,137.0751,148197.0,20865962.35
2016-08-26,138.9735,142.0888,131.5259,133.4243,124058.0,16720697.0
2016-08-29,134.1545,134.1545,128.6539,129.6275,78350.0,10249926.5
2016-08-30,131.2825,134.0084,128.5079,130.1142,68781.0,8986830.5
2016-08-31,130.455,134.1545,125.7333,128.6539,169038.0,21873887.65
2016-09-01,128.6053,133.3269,125.2465,126.2201,72311.0,9362825.3
2016-09-02,132.3047,133.1809,126.1714,130.0169,103842.0,13491375.65
2016-09-06,132.1587,137.2698,128.7513,133.2296,97435.0,13060747.05
2016-09-07,134.982,134.982,130.2603,130.747,49202.0,6469201.0
2016-09-08,131.2825,133.2783,128.1185,128.5079,44262.0,5746151.95
2016-09-09,128.5566,131.4285,126.7555,127.2423,54903.0,7100318.2
2016-09-12,127.0963,127.1449,121.2063,121.9851,43613.0,5414044.4
2016-09-14,119.9407,130.455,119.9407,125.7333,67290.0,8498806.8
2016-09-15,127.5344,131.2825,125.0518,126.4148,58513.0,7503874.4
2016-09-16,127.5344,130.455,124.3217,125.1978,38050.0,4827368.25
2016-09-19,128.2645,128.3132,123.8349,124.419,29306.0,3665890.45
2016-09-20,127.437,127.437,123.1534,123.8836,16685.0,2069960.65
2016-09-21,125.3439,129.2867,123.7862,125.1978,65859.0,8349790.75
2016-09-22,128.0211,129.4814,126.2687,127.0963,51470.0,6578422.95
2016-09-23,128.5079,131.3312,124.6137,127.6317,119435.0,15334426.2
2016-09-26,128.4105,128.4105,124.3217,124.6624,22671.0,2852954.35
2016-09-27,126.5608,128.4105,124.1269,124.6624,32550.0,4089922.6
2016-09-28,125.5873,126.9502,124.5164,124.9545,28751.0,3605859.55
2016-09-29,125.1492,125.928,107.1386,115.9492,47059.0,5550151.8
2016-09-30,116.8254,119.4539,113.9047,117.7502,53399.0,6212053.45
2016-10-03,116.9227,124.1269,116.9227,121.9851,33985.0,4141017.15
2016-10-04,123.5915,124.7111,119.746,122.8613,48847.0,5984047.35
2016-10-05,125.4899,125.8306,123.6402,125.2465,34177.0,4262440.4
2016-10-06,125.3439,126.4635,123.6402,124.0296,31514.0,3938164.1
2016-10-07,125.4899,126.4635,121.8391,122.8127,35780.0,4445215.7
2016-10-10,122.8613,131.1365,122.8613,125.9767,78872.0,10022820.8
2016-10-13,126.3661,126.3661,120.7195,121.3037,24632.0,3032624.7
2016-10-14,122.1312,125.5873,121.7418,124.1756,22239.0,2750952.3
2016-10-17,125.4412,125.4412,121.9851,122.4719,14150.0,1744102.8
2016-10-18,122.7153,129.9195,122.7153,126.4148,78410.0,9983578.1
2016-10-19,124.7111,132.4021,124.7111,128.4592,161844.0,21088216.25
2016-10-20,127.5344,129.9682,126.1227,126.7068,28391.0,3620247.4
2016-10-21,126.5121,128.9947,125.5873,126.4635,27918.0,3547726.3
2016-10-24,126.074,127.437,124.6137,125.1978,31686.0,3987029.45
2016-10-25,123.6889,126.3661,123.1534,123.9809,28499.0,3532619.75
2016-10-26,123.5428,124.0296,119.2105,120.5735,29872.0,3645456.4
2016-10-27,119.9407,121.4984,113.418,115.365,110141.0,12674956.25
2016-10-28,118.5291,119.5513,114.6836,116.4359,30289.0,3526284.6
2016-10-30,115.8518,119.2592,115.8518,118.4804,9794.0,1153858.85
2016-11-01,116.9714,121.109,116.9714,117.9936,27855.0,3318405.5
2016-11-02,117.2148,130.4063,116.7767,124.3703,1304333.0,162598903.75
2016-11-03,124.3703,124.6137,120.7195,121.7904,66876.0,8214599.9
2016-11-04,119.7947,123.6402,113.1746,116.2899,41871.0,4906748.35
2016-11-07,116.8254,122.6666,116.8254,119.4539,38879.0,4648390.05
2016-11-08,120.6709,121.5957,118.3344,119.9407,34599.0,4167092.4
2016-11-09,107.2846,113.1746,102.3195,110.4,100614.0,11071845.75
2016-11-10,115.7058,118.7724,113.3206,116.8254,42964.0,4984929.4
2016-11-11,116.3386,116.8254,108.8423,112.1037,61941.0,7111543.9
2016-11-15,112.0063,112.0063,103.1957,104.6561,23968.0,2560080.7
2016-11-16,106.1164,107.0412,99.3989,101.6381,30365.0,3164515.6
2016-11-17,104.1206,106.1164,98.328,98.9121,30971.0,3107091.95
2016-11-18,98.3767,100.0804,93.1195,94.9693,37279.0,3595162.85
2016-11-21,95.4074,95.4561,90.0529,91.6592,51043.0,4679186.0
2016-11-22,90.4423,93.9471,90.4423,93.0709,12405.0,1143942.65
2016-11-23,92.7788,104.0719,92.7301,99.2529,23531.0,2293370.95
2016-11-24,99.3016,105.8243,97.4518,102.2222,29369.0,2982752.7
2016-11-25,104.5587,105.1428,99.5449,100.2751,14165.0,1441548.65
2016-11-28,101.2973,105.5322,101.2486,103.4391,17571.0,1811201.45
2016-11-29,103.4878,107.4793,103.4391,106.5545,23588.0,2498960.15
2016-11-30,107.528,111.9576,105.4836,111.0328,37763.0,4132865.2
2016-12-01,110.9841,110.9841,105.1428,105.8243,15362.0,1659340.5
2016-12-02,106.165,107.0899,95.6021,98.0846,47322.0,4725549.75
2016-12-05,98.328,101.9788,98.0846,99.5449,13247.0,1323754.55
2016-12-06,99.983,101.2973,98.5227,99.6423,6562.0,656663.75
2016-12-07,100.2264,102.1735,99.6423,100.2264,18029.0,1819581.15
2016-12-08,100.2751,103.9259,100.2751,102.9523,26503.0,2725232.55
2016-12-09,105.0941,107.0899,99.3502,101.1026,31056.0,3216275.55
2016-12-12,101.5894,102.6603,101.4434,101.9301,3568.0,364134.15
2016-12-13,101.6867,103.0984,99.3989,100.1291,14699.0,1483587.4
2016-12-14,102.1735,116.728,100.9566,110.3513,379979.0,42146523.95
2016-12-15,109.8645,109.8645,103.6825,106.2137,56262.0,5980852.95
2016-12-16,107.1873,107.1873,101.7354,102.6116,19047.0,1975552.85
2016-12-19,105.0455,108.5989,100.8106,106.5545,37957.0,4035929.15
2016-12-20,108.0635,108.0635,104.6561,106.3111,14051.0,1492876.4
2016-12-21,105.3375,107.0899,104.4613,105.4349,11129.0,1173768.05
2016-12-22,105.1428,110.2053,102.4169,105.727,26470.0,2805688.8
2016-12-23,105.1428,106.0677,104.1693,105.1915,11164.0,1173527.9
2016-12-26,101.3947,104.218,100.0317,101.3947,14456.0,1470862.65
2016-12-27,104.0719,110.4973,102.4656,103.5365,10522.0,1092286.8
2016-12-28,107.0899,107.0899,103.4391,104.1693,11153.0,1172342.75
2016-12-29,104.218,105.9217,103.4391,104.2666,9478.0,992290.3
2016-12-30,103.7312,108.0148,103.4878,106.6518,54048.0,5712689.9
2017-01-02,106.7005,107.0412,103.7312,104.8508,13082.0,1375704.8
2017-01-03,104.3153,107.7714,103.6825,105.1428,22186.0,2335984.55
2017-01-04,105.873,110.0105,104.1693,104.9481,45593.0,4854472.5
2017-01-05,105.4349,107.9661,105.1428,106.3598,15540.0,1653574.35
2017-01-06,106.8465,107.9661,105.6296,105.873,12683.0,1348175.25
2017-01-09,105.8243,107.8201,105.2402,107.1873,15358.0,1638613.2
2017-01-10,107.3333,125.0031,106.4084,119.8433,592492.0,71473849.9
2017-01-11,119.6973,120.6222,115.073,119.1132,97698.0,11531577.4
2017-01-12,118.7238,122.5693,116.3386,118.091,38141.0,4537586.25
2017-01-13,122.1312,122.4232,116.8254,119.5026,31201.0,3698346.4
2017-01-16,121.9851,121.9851,117.3608,119.8433,20868.0,2499001.85
2017-01-17,121.5957,121.6444,117.7016,119.1619,18013.0,2147273.35
2017-01-18,118.4317,120.4275,114.8783,116.0465,35904.0,4239872.45
2017-01-19,118.6751,119.6486,115.365,116.3873,25072.0,2940813.15
2017-01-20,116.7767,124.6137,115.7545,118.3344,153223.0,18508226.65
2017-01-23,116.1439,122.4719,116.1439,119.6973,29060.0,3488967.45
2017-01-24,119.746,123.9809,119.6973,123.2994,67183.0,8216978.45
2017-01-25,124.565,125.0031,121.8878,123.7375,51689.0,6413569.25
2017-01-27,122.6666,124.6137,118.8211,120.6709,26570.0,3259619.5
2017-01-30,120.3788,123.5915,119.1132,122.4719,6843.0,837066.0
2017-01-31,121.6931,136.1989,120.6709,129.1407,96660.0,12281247.1
2017-02-01,129.092,134.3492,123.8349,132.8888,119885.0,15728750.3
2017-02-02,133.8624,133.9111,126.7555,129.1894,46812.0,6017805.75
2017-02-03,131.1851,131.1851,126.2687,127.9238,11613.0,1483594.7
2017-02-06,129.2867,132.1587,128.8486,130.3576,22006.0,2869920.0
2017-02-07,130.0656,131.5259,129.9682,130.5037,28173.0,3680444.95
2017-02-08,129.6762,131.9153,127.0963,129.9195,11492.0,1481578.0
2017-02-09,129.092,132.8888,129.092,130.8931,11997.0,1574254.9
2017-02-10,135.1767,135.1767,127.6804,129.4328,9997.0,1307882.2
2017-02-13,128.7513,136.1015,128.7513,131.9153,46572.0,6157003.3
2017-02-14,132.4021,133.1809,129.0433,131.3799,6689.0,877593.2
2017-02-15,130.455,131.9153,123.2508,130.2603,67591.0,8763550.3
2017-02-16,131.2338,132.8888,128.8486,131.7693,7288.0,955161.4
2017-02-17,131.9153,134.3005,123.8836,126.4635,10899.0,1401984.45
2017-02-20,124.9058,130.1142,124.9058,126.6582,10882.0,1385443.95
2017-02-21,126.6095,132.4021,125.6846,129.0433,14346.0,1863603.25
2017-02-22,129.4814,130.0656,124.6624,126.5121,13077.0,1659790.7
2017-02-23,129.4328,129.4328,123.6402,124.273,13867.0,1731474.15
2017-02-27,126.4635,129.4814,122.1799,123.1534,14424.0,1789497.5
2017-02-28,123.8349,129.2867,123.6402,125.0518,17319.0,2178477.65
2017-03-01,128.9947,132.7915,125.6846,126.4635,61388.0,7929749.3
2017-03-02,129.4814,130.455,122.1312,123.0074,32269.0,4077703.9
2017-03-03,125.928,127.2423,122.8127,123.7375,6326.0,785654.0
2017-03-06,124.6137,127.437,123.2508,123.9809,19834.0,2483898.4
2017-03-07,125.5386,125.5386,122.4719,123.2508,7273.0,896257.8
2017-03-08,124.273,125.5386,121.6931,123.2021,6507.0,800951.35
2017-03-09,123.1534,123.3481,121.9365,122.1799,6503.0,797927.1
2017-03-10,123.6402,127.0476,122.2285,124.1756,14819.0,1849334.6
2017-03-14,125.2952,129.4814,123.6402,123.8349,27612.0,3444226.25
2017-03-15,123.8836,124.8571,122.3259,122.8127,12687.0,1566783.8
2017-03-16,123.6402,131.3312,123.6402,130.2116,194252.0,24854278.7
2017-03-17,128.9947,130.455,125.3439,125.8793,69473.0,8870730.8
2017-03-20,128.5079,131.3312,125.2952,125.782,36088.0,4585568.25
2017-03-21,126.3661,127.5344,123.6402,124.1269,22537.0,2822493.7
2017-03-22,124.1269,126.3174,121.9365,122.3746,22457.0,2762980.15
2017-03-23,122.5693,126.5608,122.5693,125.0031,105062.0,13127882.2
2017-03-24,125.3926,127.5344,124.6137,126.5121,24294.0,3073249.05
2017-03-27,126.9502,127.5344,125.5873,126.4635,10460.0,1322320.0
2017-03-28,126.5608,127.5344,125.782,126.4635,10081.0,1275924.7
2017-03-29,126.5608,127.5344,126.074,126.6095,20798.0,2637619.25
2017-03-30,126.5608,135.3227,125.7333,132.4021,147111.0,19579281.75
2017-03-31,135.128,153.8201,132.8888,150.4613,410248.0,60459590.15
2017-04-03,150.4613,153.528,141.6507,144.5227,155633.0,22788939.15
2017-04-05,150.2666,153.7227,147.1513,149.7312,181641.0,27128158.0
2017-04-06,145.0582,149.9259,145.0582,148.5142,44902.0,6636463.4
2017-04-07,147.8814,148.9037,145.5449,147.9301,51073.0,7556308.7
2017-04-10,147.1026,151.6783,144.5227,149.0497,64356.0,9557612.95
2017-04-11,148.9037,150.7047,147.5894,148.6603,159876.0,23761342.5
2017-04-12,147.9788,150.4127,144.0846,148.4169,73348.0,10824417.55
2017-04-13,147.0052,152.7492,145.5449,149.9259,37002.0,5542526.5
2017-04-17,149.9259,151.873,147.7841,148.6603,25246.0,3758975.5
2017-04-18,150.656,168.8126,149.2931,159.856,829923.0,135719145.85
2017-04-19,160.5862,171.782,160.2455,168.3746,751683.0,125576285.6
2017-04-20,169.7375,169.8835,165.0645,165.6973,212445.0,35431506.55
2017-04-21,167.1576,169.1534,163.9936,165.892,130885.0,21735060.9
2017-04-24,167.3523,169.3481,164.1883,166.5735,59772.0,9932950.75
2017-04-25,166.5248,179.1322,166.5248,174.7513,389204.0,68011031.7
2017-04-26,175.238,178.1587,165.6486,167.4497,168893.0,29277228.2
2017-04-27,167.8878,167.8878,162.3873,162.874,46674.0,7646093.35
2017-04-28,162.582,162.9227,158.1523,158.7851,80928.0,12928288.0
2017-05-02,158.8338,168.1312,158.4931,162.2899,43044.0,6990383.55
2017-05-03,165.3566,171.1492,163.6529,165.892,105582.0,17652080.9
2017-05-04,165.892,169.2021,161.6571,162.6306,75184.0,12354983.45
2017-05-05,162.6793,165.0158,160.6349,161.365,33955.0,5494149.05
2017-05-08,158.9312,163.2148,158.7851,160.6349,24520.0,3935904.55
2017-05-09,165.4539,165.4539,159.3693,159.856,25520.0,4111189.85
2017-05-10,159.856,165.5026,159.856,160.6835,39659.0,6415649.85
2017-05-11,162.582,166.4275,159.7587,162.5333,40375.0,6520352.2
2017-05-12,162.3386,164.0423,156.8867,157.7629,62998.0,10072713.75
2017-05-15,158.7851,167.4497,156.1079,165.2105,218959.0,35492246.6
2017-05-16,167.6931,178.5481,166.5248,176.3089,359397.0,62602971.5
2017-05-17,174.7513,177.0391,171.5872,173.9238,120742.0,20997521.4
2017-05-18,164.4317,166.9629,159.7587,164.2857,123606.0,20339449.4
2017-05-19,165.746,166.2814,156.2052,157.9576,56920.0,9229353.2
2017-05-22,164.237,171.8793,154.1121,155.2804,35493.0,5607276.35
2017-05-23,161.1216,161.1216,141.6994,147.9301,93181.0,13744425.75
2017-05-24,151.873,153.8201,144.0846,145.1068,45402.0,6735629.2
2017-05-25,146.5672,151.6783,145.0582,150.364,22244.0,3311217.4
2017-05-26,148.5629,158.1037,148.5629,155.8645,28503.0,4414784.65
2017-05-29,154.9883,158.1037,150.8994,151.7756,15058.0,2322586.05
2017-05-30,152.6518,154.0148,145.7396,148.5629,53961.0,8053825.45
2017-05-31,154.2095,154.2095,148.2222,148.8063,12495.0,1867010.45
2017-06-01,150.8994,150.8994,145.5449,146.1291,16825.0,2481433.65
2017-06-02,150.8994,151.7269,146.1777,146.8105,7032.0,1035036.2
2017-06-05,146.1291,149.9259,145.1068,145.837,31939.0,4690721.1
2017-06-06,147.5407,148.3195,145.7883,146.9079,17472.0,2560403.7
2017-06-07,146.5185,176.2603,146.5185,170.6624,276360.0,45527435.25
2017-06-08,176.2116,176.2116,162.1439,164.6751,383833.0,64215340.2
2017-06-09,164.0423,173.2423,162.5333,166.3788,156097.0,26407688.0
2017-06-12,166.2814,166.2814,157.9576,158.5904,59076.0,9498191.0
2017-06-13,159.3206,160.5375,152.7978,155.9132,202262.0,31438423.1
2017-06-14,157.9089,160.5375,153.382,153.8687,76085.0,11821235.3
2017-06-15,155.5724,159.0772,152.8465,155.7671,159252.0,24705572.7
2017-06-16,158.5417,158.6391,156.0592,157.7629,159399.0,25035173.35
2017-06-19,160.4402,161.0243,158.201,158.9312,56469.0,8981420.8
2017-06-20,157.7142,164.3343,157.7142,159.1259,105191.0,16798757.8
2017-06-21,159.6613,164.4804,158.1037,159.7587,37602.0,6065076.4
2017-06-22,158.8338,163.0687,158.8338,162.0952,112732.0,18093689.15
2017-06-23,165.4052,165.4052,154.891,159.4666,31087.0,4961095.95
2017-06-27,160.6349,160.6349,151.3375,152.6031,39434.0,6057622.05
2017-06-28,152.5058,152.6031,150.4613,151.9703,32227.0,4881531.3
2017-06-29,153.3333,155.5238,150.8994,153.1386,38526.0,5907786.2
2017-06-30,150.9968,167.4497,150.9968,164.4804,187268.0,30512301.8
2017-07-03,164.3343,169.2021,159.8074,161.8031,39421.0,6457350.8
2017-07-04,162.6793,164.529,159.2232,160.1968,10989.0,1773538.2
2017-07-05,160.5375,167.4497,160.1968,161.6084,20285.0,3323761.05
2017-07-06,164.529,164.529,159.7587,160.9269,15084.0,2444781.65
2017-07-07,163.5555,176.2116,160.4888,169.0074,207742.0,35408617.85
2017-07-10,172.3174,172.3174,164.4317,165.4539,11757.0,1964227.7
2017-07-11,163.7015,166.8169,160.9269,161.5111,29713.0,4858770.6
2017-07-12,161.5597,170.1756,161.5111,166.0867,64957.0,10674783.2
2017-07-13,163.7989,168.91,161.9492,163.4095,39192.0,6485620.55
2017-07-14,166.4761,166.4761,160.9269,161.6084,48465.0,7838844.45
2017-07-17,160.6349,165.2592,160.0994,160.9269,25913.0,4188887.7
2017-07-18,160.6349,166.2814,159.3693,160.8296,89250.0,14409142.85
2017-07-19,160.8783,162.9714,158.7365,159.2232,13169.0,2115693.6
2017-07-20,158.201,162.7767,158.201,159.9534,15483.0,2489528.75
2017-07-21,161.5597,162.4359,156.7407,157.7629,15988.0,2542425.6
2017-07-24,160.4956,164.4482,159.0805,159.8612,55917.0,9025413.8
2017-07-25,161.0324,163.8626,159.0805,159.178,9374.0,1497390.0
2017-07-26,159.6172,161.8131,158.1045,158.8853,15713.0,2505423.2
2017-07-27,160.0076,160.8372,156.4454,157.8117,19473.0,3096792.25
2017-07-28,157.8117,158.1045,154.8839,155.7134,9436.0,1475681.2
2017-07-31,157.6653,161.0324,155.7134,159.3244,51508.0,8173299.0
2017-08-01,159.6172,173.7198,156.4454,162.5451,629890.0,105554229.75
2017-08-02,163.765,165.9121,158.2509,164.497,155134.0,25172545.65
2017-08-03,162.9843,162.9843,160.4956,161.5691,12358.0,1997793.85
2017-08-04,160.2516,163.9602,157.7141,161.0324,35020.0,5628436.55
2017-08-07,158.4461,161.8619,158.4461,160.1052,19350.0,3097250.0
2017-08-08,161.5203,162.6915,157.7141,159.0805,30879.0,4920136.5
2017-08-09,158.3485,160.0076,156.8358,158.1533,28545.0,4518470.25
2017-08-10,157.1285,158.9341,156.1526,156.5918,34835.0,5473651.75
2017-08-11,155.1766,157.0797,151.5656,155.323,15764.0,2443519.85
2017-08-14,155.2742,158.0557,155.2254,156.9822,25184.0,3947388.05
2017-08-16,157.3237,157.3237,155.1766,155.5182,6976.0,1089709.5
2017-08-17,156.3966,160.9348,156.2502,158.2509,21532.0,3408792.2
2017-08-18,157.1285,158.1045,155.8598,157.1773,40298.0,6339404.7
2017-08-21,156.1526,158.1045,153.2735,154.0543,54218.0,8484255.15
2017-08-22,156.1526,156.1526,147.2714,148.1498,84571.0,12609564.9
2017-08-23,148.345,155.079,147.9058,152.3952,53084.0,8014966.25
2017-08-24,153.6151,154.6887,151.2728,152.1024,5506.0,841031.8
2017-08-28,148.4426,153.1759,148.4426,150.2481,14027.0,2111030.9
2017-08-29,149.3209,150.1505,145.4171,147.7594,30204.0,4454922.15
2017-08-30,147.7594,153.1759,147.4178,151.0776,25394.0,3814098.1
2017-08-31,151.2728,152.2,149.8089,150.2481,9438.0,1423402.5
2017-09-01,149.5161,153.1759,147.0762,149.3209,55426.0,8291859.25
2017-09-04,148.5402,155.1766,147.9546,150.8336,45826.0,6902668.05
2017-09-05,153.7615,154.2007,148.3938,148.6865,37275.0,5573301.4
2017-09-06,147.7594,150.8336,147.4666,149.4185,22417.0,3352436.0
2017-09-07,152.2488,152.2488,148.5889,149.0769,5855.0,875547.5
2017-09-08,149.3209,149.8577,145.4171,146.5882,15498.0,2290335.35
2017-09-11,147.369,152.7856,145.4659,150.4433,82167.0,12291453.95
2017-09-12,148.5402,151.1264,146.6858,148.3938,42538.0,6308187.95
2017-09-13,149.4673,149.5649,147.7594,148.3938,9727.0,1445070.95
2017-09-14,148.345,153.0295,148.1986,150.0529,36848.0,5510170.55
2017-09-15,150.6385,150.7848,147.857,148.7353,20792.0,3086893.25
2017-09-18,151.224,151.224,148.345,149.2233,13949.0,2088776.1
2017-09-19,149.3209,159.7636,148.5402,156.6406,73294.0,11374053.05
2017-09-20,158.1045,158.1045,150.8336,151.5656,23546.0,3619746.55
2017-09-21,150.2969,172.6462,148.5889,165.9121,540186.0,90267062.7
2017-09-22,163.8138,163.8138,154.5423,157.8605,94078.0,14963684.85
2017-09-25,161.4227,168.84,156.8358,164.5946,96914.0,15762524.55
2017-09-26,164.0578,171.7678,162.1059,162.6915,71820.0,11949364.35
2017-09-27,164.8386,167.864,161.0324,165.9121,88806.0,14555679.1
2017-09-28,166.8881,170.6943,161.6667,168.596,70694.0,11826474.9
2017-09-29,166.3025,169.7183,165.9121,168.84,20592.0,3466814.4
2017-10-03,170.7919,192.7509,167.5225,183.7233,423383.0,78075933.15
2017-10-04,183.9673,184.4552,174.5981,177.3796,131653.0,23479980.2
2017-10-05,178.5507,190.067,176.6964,180.5514,514562.0,93590045.35
2017-10-06,179.5755,187.7247,177.8188,178.8923,86927.0,15834802.75
2017-10-09,179.5755,186.4072,176.5988,177.4772,71007.0,12779390.95
2017-10-10,180.0635,182.7961,175.5253,175.9157,41520.0,7397369.65
2017-10-11,177.5748,180.4538,167.9128,169.3768,39346.0,6853824.25
2017-10-12,169.8647,173.427,167.864,168.7424,40768.0,6917428.25
2017-10-13,168.8888,174.5981,165.5217,166.9857,58981.0,9986173.75
2017-10-16,170.3039,172.6462,166.9369,168.7424,31513.0,5353096.1
2017-10-17,167.864,169.8159,166.1073,166.8881,19905.0,3342380.3
2017-10-18,166.8881,168.84,163.9602,164.741,295251.0,49033781.2
2017-10-19,167.8152,167.8152,163.3259,164.3506,13929.0,2294774.35
2017-10-23,167.5712,179.5755,163.4722,174.5981,209724.0,36588942.0
2017-10-24,174.6957,178.5995,172.5486,173.0854,62113.0,10859145.55
2017-10-25,175.4277,175.5253,170.8407,171.4263,25023.0,4318836.9
2017-10-26,169.3768,172.6462,164.5458,166.9369,30261.0,5097036.95
2017-10-27,167.9128,169.8159,165.9609,167.1321,22551.0,3772523.8
2017-10-30,167.1809,170.7431,166.8881,167.7664,15333.0,2583157.9
2017-10-31,170.2063,171.6215,168.84,170.7431,47309.0,8056949.3
2017-11-01,174.1101,175.6717,169.9135,170.5479,23373.0,4031493.5
2017-11-02,170.7919,172.5486,162.6427,164.6434,140787.0,23359698.4
2017-11-03,167.864,169.7183,162.3987,164.253,38772.0,6435383.4
2017-11-06,161.8131,165.8145,161.1788,161.5203,14973.0,2432540.0
2017-11-07,163.4722,163.9114,158.2021,158.9341,23348.0,3759147.3
2017-11-08,167.864,170.7919,160.0564,161.7643,330765.0,53362476.45
2017-11-09,163.4234,166.8881,160.5932,162.3987,22136.0,3602995.25
2017-11-10,159.9588,162.9843,157.5677,160.7396,17875.0,2869724.6
2017-11-13,163.6674,165.3266,159.2268,159.9588,41891.0,6786165.3
2017-11-14,161.9107,161.9107,160.0564,161.2275,20778.0,3344689.2
2017-11-15,162.0083,164.4482,160.0564,161.1788,22832.0,3701590.0
2017-11-16,161.5203,161.9595,160.0564,161.13,11018.0,1774340.4
2017-11-17,161.5203,164.8386,159.3244,161.7643,15417.0,2505809.7
2017-11-20,163.9114,163.9114,159.2756,162.0571,8926.0,1444842.0
2017-11-21,162.0571,163.3259,161.5203,161.8131,4069.0,660250.8
2017-11-22,162.0083,168.5472,160.0564,163.8626,41970.0,6897892.05
2017-11-23,165.5217,170.7919,164.3994,165.5217,61135.0,10222154.2
2017-11-24,165.9121,180.4538,165.9121,177.2332,366665.0,64528245.6
2017-11-27,177.6236,183.4305,177.6236,180.0147,276195.0,49941057.55
2017-11-28,185.3336,186.4072,181.5274,183.0889,179804.0,33116585.9
2017-11-29,183.6257,184.4552,177.7212,179.7707,61434.0,11191028.05
2017-11-30,180.1611,180.1611,176.6476,178.4531,29773.0,5314537.25
2017-12-01,180.5514,182.5033,170.7919,172.4998,40319.0,7131303.1
2017-12-04,175.6717,177.4284,166.3025,168.4496,32124.0,5501715.85
2017-12-05,171.7678,171.7678,163.9602,164.497,31306.0,5170886.25
2017-12-06,163.521,169.084,161.1788,162.2035,36454.0,5974372.45
2017-12-07,162.2035,168.7424,161.5691,162.4963,54318.0,8919550.85
2017-12-08,163.5698,167.62,162.0083,162.4963,41127.0,6744136.8
2017-12-11,162.7403,165.8145,159.0805,160.0564,64309.0,10435961.2
2017-12-12,161.13,162.4475,160.154,161.1788,22985.0,3701954.5
2017-12-13,161.0324,164.8386,158.2021,160.4956,36574.0,5909673.45
2017-12-14,161.2763,168.6448,160.0564,164.253,155131.0,25682774.85
2017-12-15,163.8138,167.864,162.0083,162.8379,27621.0,4539621.0
2017-12-18,162.2523,164.9362,155.1766,162.1059,26565.0,4276390.15
2017-12-19,162.9843,164.8874,162.5451,163.1795,15163.0,2481450.8
2017-12-20,163.9602,173.6222,162.9843,164.6922,86892.0,14582088.55
2017-12-21,164.6922,171.1335,164.6922,167.9616,29456.0,4953648.05
2017-12-22,173.7198,175.0861,166.2049,167.7176,80822.0,13747398.55
2017-12-26,168.7912,170.3039,165.9121,167.2297,29368.0,4941155.35
2017-12-27,170.4991,170.4991,163.6186,164.985,29028.0,4836004.65
2017-12-28,166.3513,179.3803,163.9602,175.7205,364932.0,63852887.8
2017-12-29,174.6957,177.2332,171.5727,172.7438,49341.0,8546878.85
2018-01-01,173.6222,175.6717,171.9142,172.7438,38878.0,6738129.8
2018-01-02,174.5981,177.1844,172.3046,174.0613,63624.0,11062816.9
2018-01-03,175.6717,180.2586,173.7198,174.4517,42279.0,7430501.5
2018-01-04,174.8909,179.5755,174.5493,176.3548,265790.0,46930224.1
2018-01-05,177.1356,179.4779,174.9397,177.038,68128.0,12034650.65
2018-01-08,179.2827,197.9234,176.794,181.8202,600925.0,112357128.35
2018-01-09,182.6009,183.2841,177.2332,178.1115,79016.0,14189349.25
2018-01-10,178.1115,181.5274,177.77,178.5019,81686.0,14664864.45
2018-01-11,178.5019,188.2127,177.7212,179.2339,338965.0,62270403.35
2018-01-12,180.0635,182.5033,173.7686,175.6229,66333.0,11839728.55
2018-01-15,179.0875,179.0875,172.1094,172.7438,31277.0,5467839.8
2018-01-16,172.9878,185.4312,167.4737,173.3782,370496.0,66483975.0
2018-01-17,173.3782,174.9397,168.3032,169.9135,131555.0,22434940.35
2018-01-18,171.3287,195.9715,170.7919,176.8428,1830779.0,342483691.7
2018-01-19,178.1115,185.3336,177.6236,182.4545,281300.0,51031842.15
2018-01-22,183.9673,190.2134,179.6731,183.8697,349183.0,64858107.8
2018-01-23,184.748,198.0698,180.8442,185.724,880120.0,169237884.3
2018-01-24,188.1151,189.8718,177.6236,179.7219,168738.0,31139168.05
2018-01-25,183.3817,184.9432,175.7693,178.4531,181915.0,32882332.55
2018-01-29,178.6971,183.3329,169.9135,171.8654,123603.0,21815790.4
2018-01-30,171.8654,177.6236,167.2785,173.5246,134204.0,23252375.25
2018-01-31,173.9149,180.3074,169.9623,171.0847,117840.0,20708336.05
2018-02-01,173.0366,176.8428,168.4984,169.572,61256.0,10541121.65
2018-02-02,169.328,176.062,159.1292,163.2771,199888.0,33569251.7
2018-02-05,160.886,169.328,157.1285,166.1561,85361.0,14015748.75
2018-02-06,161.0324,161.0324,152.9319,159.666,65747.0,10441681.15
2018-02-07,161.0324,173.7198,161.0324,167.8152,200029.0,33636332.05
2018-02-08,171.1335,173.7198,167.4737,169.9623,77473.0,13156530.0
2018-02-09,163.9602,176.5988,163.9602,170.5479,112710.0,19327046.7
2018-02-12,169.6695,175.6717,169.6695,173.4758,64580.0,11240177.95
2018-02-14,176.8916,180.5026,173.2318,174.4517,192041.0,34067500.25
2018-02-15,175.5741,177.6236,171.1823,171.8166,41171.0,7183268.25
2018-02-16,172.2558,174.1589,166.1073,167.7664,53673.0,9078558.3
2018-02-19,169.7183,169.8159,160.4956,161.0324,113831.0,18482040.1
2018-02-20,162.4963,162.9843,158.1045,159.0805,116559.0,18574232.9
2018-02-21,159.3244,163.4234,159.2756,160.642,39391.0,6342153.65
2018-02-22,160.0564,165.6193,159.0805,160.1052,42483.0,6872088.7
2018-02-23,161.0324,168.84,160.2028,163.8626,131345.0,21719673.7
2018-02-26,165.3754,165.9121,162.1059,163.1795,21099.0,3463360.55
2018-02-27,165.229,165.229,161.0324,161.6667,33651.0,5453845.45
2018-02-28,161.6667,164.9362,159.8612,162.2523,34294.0,5582414.85
2018-03-01,162.2523,164.4482,161.13,161.5691,22455.0,3648327.45
2018-03-05,161.0812,161.3739,159.178,159.8124,17152.0,2743066.85
2018-03-06,160.0564,163.0331,156.2502,157.2749,20778.0,3316928.4
2018-03-07,156.1526,156.1526,152.2488,153.4687,38440.0,5939633.5
2018-03-08,154.2007,154.8839,146.5882,150.2481,41496.0,6216391.45
2018-03-09,150.8336,152.0048,146.3931,148.0522,31264.0,4656119.35
2018-03-12,148.5889,153.0295,148.5889,151.6144,33349.0,5039514.65
2018-03-13,150.6872,154.4447,150.4433,152.444,14279.0,2187461.3
2018-03-14,152.9319,157.9581,151.3704,156.2014,278589.0,42591475.0
2018-03-15,157.9581,162.9355,157.1285,157.6165,257030.0,40485742.65
2018-03-16,158.1045,159.0317,153.4687,153.7127,15392.0,2396419.4
2018-03-19,152.2488,155.0302,150.7848,151.5168,38693.0,5868012.95
2018-03-20,152.1024,156.1526,150.0529,152.8831,339025.0,52010761.65
2018-03-21,155.1278,158.2509,152.7368,156.6894,40594.0,6323182.5
2018-03-22,157.1285,158.0069,154.3959,156.1526,39163.0,6112786.2
2018-03-23,151.8096,155.9574,150.4921,151.3704,258370.0,39543588.7
2018-03-26,148.8817,166.5953,148.8817,163.1795,132851.0,21541498.15
2018-03-27,163.2771,164.741,160.0564,163.3746,134008.0,21936860.1
2018-03-28,161.0324,163.9602,158.3485,160.6908,14440.0,2315504.25
2018-04-02,162.8867,165.8145,161.1788,162.8867,20414.0,3331892.05
2018-04-03,162.4963,165.0826,162.0083,163.4234,20537.0,3355969.4
2018-04-04,163.4234,164.6922,159.0805,159.5684,15444.0,2507579.85
2018-04-05,161.1788,165.4242,161.0812,164.6922,39572.0,6477730.75
2018-04-06,164.9362,172.451,163.0819,171.4263,98026.0,16560272.8
2018-04-09,171.963,173.5734,166.6441,168.2056,40185.0,6827214.15
2018-04-10,171.7678,172.3046,166.0097,166.9369,31480.0,5309420.1
2018-04-11,168.4008,168.4008,163.9602,165.1802,19451.0,3216888.7
2018-04-12,166.2537,169.9135,164.9362,166.0585,24137.0,4024085.05
2018-04-13,166.8881,173.7198,166.8881,172.0606,79032.0,13498154.6
2018-04-16,170.6455,174.6957,168.2056,171.4263,59670.0,10222262.4
2018-04-17,171.8166,205.6822,171.7678,205.6822,1895074.0,373316803.45
2018-04-18,209.83,242.0365,207.9269,226.6652,4414839.0,1013651563.85
2018-04-19,227.446,236.0832,219.9312,228.8123,1166487.0,266056928.15
2018-04-20,225.4453,234.2289,218.1744,226.7628,439968.0,99759730.6
2018-04-23,226.4213,240.7678,219.5896,227.7388,577505.0,133349017.8
2018-04-24,229.2027,257.1638,223.8838,242.1829,2633968.0,646198354.9
2018-04-25,241.0606,241.0606,226.1285,229.5931,386729.0,90248675.65
2018-04-26,229.5931,236.1808,223.0542,226.0797,327695.0,75374889.25
2018-04-27,227.202,231.8866,213.4411,218.1744,206286.0,45960710.8
2018-04-30,219.5896,229.3491,217.0033,220.4191,229427.0,51253406.25
2018-05-02,221.5903,228.9587,215.6858,217.0521,274811.0,61022139.9
2018-05-03,216.6617,217.7841,209.9276,212.3675,106013.0,22710721.6
2018-05-04,212.6603,217.6377,203.2424,207.195,110821.0,23280285.05
2018-05-07,212.3187,238.9135,212.3187,232.4722,991916.0,228610431.45
2018-05-08,234.1801,234.8145,224.4693,226.4701,180067.0,41406092.45
2018-05-09,227.1532,235.2048,226.0797,230.2763,157185.0,36261090.55
2018-05-10,231.4962,233.2529,220.224,221.5903,92945.0,21035413.0
2018-05-11,221.6391,230.7155,219.5896,220.9559,93079.0,20856613.15
2018-05-14,218.6136,225.6893,213.0995,215.637,62558.0,13731669.85
2018-05-15,218.2232,222.5174,213.2459,216.0761,68254.0,14911523.05
2018-05-16,216.1249,222.0295,213.0995,218.3696,60145.0,13074504.7
2018-05-17,215.7346,237.8887,215.7346,221.5903,805555.0,185036878.2
2018-05-18,221.5415,228.3732,215.5882,216.3201,110056.0,24135877.25
2018-05-21,216.6617,219.5896,205.4383,209.8788,76542.0,16186915.8
2018-05-22,210.806,216.4665,208.1709,214.2706,66108.0,14101796.0
2018-05-23,214.8074,217.6377,209.0493,210.074,80042.0,17061785.35
2018-05-24,212.0259,214.7098,206.951,209.8788,43328.0,9112627.35
2018-05-25,210.318,215.6858,207.2438,212.2699,62098.0,13175726.7
2018-05-28,213.7339,226.4213,211.1476,224.8109,287072.0,63591712.5
2018-05-29,225.9333,227.3972,221.2487,224.1278,83437.0,18773800.05
2018-05-30,223.4446,229.2515,219.6872,221.7367,389000.0,86461860.95
2018-05-31,220.1264,223.3958,213.929,215.2954,86304.0,18803325.35
2018-06-01,215.393,218.6136,213.0507,215.881,41013.0,8882078.0
2018-06-04,216.6617,216.6617,198.1186,204.2671,105889.0,21749059.6
2018-06-05,204.2671,205.2431,186.6023,189.0422,80675.0,15770429.35
2018-06-06,190.311,197.0451,181.6738,185.1384,111683.0,21065797.0
2018-06-07,188.1151,213.2459,187.3831,207.2926,350616.0,72188644.0
2018-06-08,203.9743,208.8541,202.364,206.7558,79369.0,16333733.75
2018-06-11,206.951,230.2763,206.8046,225.2989,543987.0,121485149.4
2018-06-12,226.4213,234.0337,223.9814,231.3498,282990.0,64851187.1
2018-06-13,231.1546,236.5712,225.4453,227.1532,180152.0,41595843.55
2018-06-14,227.3484,233.9849,226.1773,228.9587,94117.0,21712727.45
2018-06-15,229.2027,236.0832,226.5189,228.2756,97209.0,22577600.6
2018-06-18,228.1292,230.0323,222.0783,223.0054,39932.0,8974308.9
2018-06-19,222.9566,224.2254,217.0033,222.8102,37330.0,8251185.65
2018-06-20,224.9573,228.6659,220.5655,221.6879,53321.0,11944226.45
2018-06-21,222.4686,223.7862,213.8315,216.5153,38665.0,8495284.85
2018-06-22,216.8569,224.4693,216.8081,218.9552,48367.0,10704545.3
2018-06-25,218.6136,219.492,210.2692,212.6603,21194.0,4557067.75
2018-06-26,217.6377,217.6377,207.9269,209.7324,44470.0,9438928.65
2018-06-27,210.5132,212.1235,199.6801,202.5592,47614.0,9796226.75
2018-06-28,202.5592,208.3661,200.1681,204.6575,34242.0,7023169.25
2018-06-29,206.3166,212.7579,204.0719,209.6349,69384.0,14505339.85
2018-07-02,209.6349,213.1483,198.265,200.2169,64517.0,13012232.15
2018-07-03,196.2643,211.5868,192.5069,208.6589,99060.0,20350374.15
2018-07-04,217.6377,226.4213,208.3661,215.5394,457075.0,100114861.05
2018-07-05,215.2466,220.0776,212.3187,214.173,87791.0,18991760.35
2018-07-06,213.6363,218.272,210.9036,212.2699,21202.0,4547541.2
2018-07-09,214.417,219.5896,213.7339,215.0514,37104.0,8044511.25
2018-07-10,216.1737,218.5648,210.806,211.6844,168539.0,36160173.6
2018-07-11,210.806,215.4418,209.9276,213.7827,35373.0,7557145.4
2018-07-12,214.2706,215.7834,212.7579,213.1971,21720.0,4635536.1
2018-07-13,210.1716,214.6122,209.3421,213.0995,19087.0,4052070.8
2018-07-16,211.782,213.0995,201.6808,208.0733,44512.0,9192821.55
2018-07-17,211.782,213.7339,206.8046,208.2685,28687.0,6011660.85
2018-07-18,211.4892,212.7579,208.4149,210.4644,42763.0,8984163.25
2018-07-19,210.4644,210.806,202.5592,209.7812,39062.0,8146632.3
2018-07-20,209.83,213.2459,205.487,206.4142,22093.0,4612552.2
2018-07-23,211.782,216.6617,207.0486,213.8803,48834.0,10363652.75
2018-07-24,210.2692,216.6617,209.7324,211.6356,43178.0,9203109.45
2018-07-25,210.074,213.3923,208.1709,210.1716,28015.0,5924425.9
2018-07-26,209.4376,217.1692,209.4376,211.8354,25115.0,5356023.3
2018-07-27,213.2055,220.301,212.3737,216.7777,59754.0,12980279.45
2018-07-30,218.784,240.7065,218.1479,233.4153,516268.0,120781367.45
2018-07-31,233.9046,234.345,226.7113,229.158,60822.0,14010456.35
2018-08-01,228.9623,236.6449,227.1517,228.5708,50645.0,11672903.9
2018-08-02,228.1304,240.2661,228.1304,234.6876,254931.0,60043300.1
2018-08-03,236.3513,246.8232,223.3349,229.9899,667575.0,159152906.1
2018-08-06,229.0112,229.4027,217.7564,218.7351,77659.0,17181060.4
2018-08-07,219.1266,220.4478,209.4376,211.4928,90654.0,19247475.45
2018-08-08,216.7777,220.5946,212.3737,213.9395,96563.0,20917838.8
2018-08-09,215.799,217.5117,211.4928,212.4226,41335.0,8864343.3
2018-08-10,213.3523,214.2821,207.0888,208.6057,28988.0,6111993.9
2018-08-13,207.4803,209.5844,202.7826,204.1038,56039.0,11534095.85
2018-08-14,207.5781,210.3674,203.6634,204.9846,51853.0,10747987.8
2018-08-16,205.0336,205.0336,198.2317,199.3572,48819.0,9788407.05
2018-08-17,199.6997,207.4803,199.6508,201.1678,67226.0,13672293.4
2018-08-20,201.3635,205.425,195.9318,197.5466,47783.0,9549016.4
2018-08-21,198.77,201.5103,193.4851,198.0849,48361.0,9578404.35
2018-08-23,198.6232,201.9996,196.7148,197.4488,22119.0,4404189.15
2018-08-24,197.4977,198.6721,193.9745,195.7361,28455.0,5580899.55
2018-08-27,195.8829,197.1062,193.2894,194.8063,38331.0,7478920.75
2018-08-28,195.7361,203.6634,193.4851,196.9594,67368.0,13438847.5
2018-08-29,197.0084,200.5316,194.0723,195.5893,17971.0,3548705.05
2018-08-30,194.9042,199.2593,193.7787,195.0021,77824.0,15282242.9
2018-08-31,195.3446,197.1062,192.4086,194.0723,43588.0,8477416.1
2018-09-03,195.7361,202.8805,194.7574,196.2744,103888.0,20627180.6
2018-09-04,198.6721,198.6721,187.5152,190.6959,50730.0,9861264.1
2018-09-05,188.8364,190.8916,183.209,185.1174,29217.0,5456578.05
2018-09-06,186.928,191.4299,183.16,186.4386,42446.0,7931269.45
2018-09-07,188.3471,188.3471,184.9706,185.9493,23130.0,4317899.35
2018-09-10,185.9493,188.8853,177.4837,179.8325,44557.0,8167760.55
2018-09-11,180.1261,206.208,180.1261,190.0597,679755.0,134720818.5
2018-09-12,188.8364,193.6809,186.0961,189.7661,124220.0,23450768.95
2018-09-14,191.332,193.2894,189.5704,190.9406,33758.0,6464154.3
2018-09-17,192.8,198.6232,187.9066,192.849,43967.0,8520958.05
2018-09-18,189.0321,199.7487,188.8853,189.5704,48324.0,9456404.3
2018-09-19,190.8427,194.2681,186.194,186.6833,31185.0,5923044.25
2018-09-21,188.0534,191.6746,166.3757,180.0772,46274.0,8464475.4
2018-09-24,186.879,186.879,167.6969,173.9115,26922.0,4672234.95
2018-09-25,174.2051,176.1625,170.7797,172.835,26998.0,4675884.35
2018-09-26,174.3519,179.8325,174.2051,174.6945,15468.0,2721589.1
2018-09-27,174.2051,177.973,174.1562,174.6945,12139.0,2131672.45
2018-09-28,175.1349,177.1412,159.0845,167.9416,34495.0,5796880.4
2018-10-01,168.5288,169.4096,157.5676,163.0482,48142.0,7761399.0
2018-10-03,163.5375,171.2201,159.5738,167.2565,33132.0,5472082.3
2018-10-04,163.7332,168.7734,160.7483,161.7759,19370.0,3176922.9
2018-10-05,162.0695,164.7609,158.5462,159.3781,9126.0,1475118.35
2018-10-08,159.5249,159.5249,153.6528,155.757,21650.0,3399203.95
2018-10-09,153.8486,157.5676,145.8234,153.8486,18909.0,2854543.4
2018-10-10,151.6955,163.3907,148.1233,161.4823,38629.0,6160132.65
2018-10-11,157.8612,161.2865,153.4082,156.7846,18327.0,2880311.65
2018-10-12,160.8461,165.1523,158.8398,161.0908,12314.0,1995917.6
2018-10-15,164.9077,168.5288,161.2865,166.0821,9893.0,1637743.6
2018-10-16,168.333,174.1073,167.6969,172.2967,25852.0,4444475.75
2018-10-17,174.1562,177.7773,167.7458,169.4585,6576.0,1131134.35
2018-10-19,169.3117,170.9755,161.7759,163.0482,11075.0,1816269.05
2018-10-22,166.2778,171.0733,159.3781,167.6969,51293.0,8501498.7
2018-10-23,170.3883,176.1625,160.5036,161.7269,163486.0,27797789.7
2018-10-24,163.3418,164.1247,157.8612,159.427,27890.0,4470826.4
2018-10-25,156.5889,157.5676,154.6315,156.8825,15573.0,2434805.2
2018-10-26,155.7081,158.3505,152.772,156.8335,12599.0,1963608.05
2018-10-29,158.2526,164.3204,156.6867,160.6504,14493.0,2333943.6
2018-10-30,164.0758,167.3544,158.742,162.2652,13503.0,2200056.35
2018-10-31,163.2928,165.0545,161.5801,163.6843,9585.0,1566462.95
2018-11-01,163.5375,168.333,158.8888,162.5588,82702.0,13523476.9
2018-11-02,162.5588,168.2352,148.0254,160.3079,146290.0,23610953.5
2018-11-05,154.1422,156.3931,150.7168,155.8549,43310.0,6677817.4
2018-11-06,159.0356,160.5036,156.3931,157.7633,47353.0,7475709.6
2018-11-07,160.4057,160.4057,157.0293,157.8122,5909.0,933337.55
2018-11-09,157.5676,160.9929,155.8059,157.7633,147285.0,23251241.85
2018-11-12,157.1761,160.4057,156.5889,157.1271,12766.0,2016449.05
2018-11-13,157.4208,160.3079,156.5889,157.2739,8338.0,1313699.7
2018-11-14,158.4973,158.4973,154.6315,155.023,10411.0,1625108.1
2018-11-15,155.4634,157.5676,151.7444,152.1359,20674.0,3161484.2
2018-11-16,153.6528,156.5889,152.6742,152.9678,15741.0,2425282.05
2018-11-19,154.1422,160.5036,153.7996,155.8549,40147.0,6304707.75
2018-11-20,155.8549,156.5399,152.6742,153.1635,7834.0,1210071.95
2018-11-21,154.6315,154.6315,152.1359,153.6528,3640.0,558819.45
2018-11-22,153.6528,182.8175,153.6528,166.2778,448338.0,76794603.2
2018-11-26,167.9416,168.0884,158.1058,165.9353,187614.0,30244131.3
2018-11-27,162.6078,176.1135,162.6078,169.067,225960.0,38620508.6
2018-11-28,164.663,174.2051,164.663,166.5225,77901.0,13253642.3
2018-11-29,167.8926,175.1838,167.4033,171.318,235929.0,40751544.9
2018-11-30,171.8563,173.6179,167.5501,168.8713,38948.0,6654454.4
2018-12-03,170.3393,172.835,166.5714,167.599,20945.0,3540157.5
2018-12-04,166.3757,170.0947,166.3757,167.648,25025.0,4196075.55
2018-12-05,166.4735,167.5501,163.9779,165.4459,30954.0,5116840.9
2018-12-06,161.7269,165.7885,159.5249,161.0419,13355.0,2170681.2
2018-12-07,161.0908,168.1373,160.6504,166.5714,22636.0,3732276.4
2018-12-10,166.3267,166.3267,154.0443,156.7846,26335.0,4186092.15
2018-12-11,153.6528,168.333,153.6528,166.7671,37036.0,6068521.55
2018-12-12,165.397,179.6857,165.397,175.771,76882.0,13315754.4
2018-12-13,175.1838,182.0346,173.2264,174.2541,41569.0,7384165.95
2018-12-14,174.2541,176.1135,170.5351,174.1562,20748.0,3599203.45
2018-12-17,172.4435,188.5917,172.052,184.5302,155897.0,28423213.0
2018-12-18,183.943,198.6721,180.6644,190.7448,320862.0,61815027.55
2018-12-19,191.5767,196.1765,186.0961,187.9556,91061.0,17379136.2
2018-12-20,187.9066,189.6683,181.5452,182.6707,40812.0,7564182.0
2018-12-21,183.0132,183.943,178.1198,180.1751,31485.0,5691092.15
2018-12-24,180.1751,180.5176,173.1286,174.7923,17552.0,3103894.4
2018-12-26,174.4498,176.1625,169.5564,174.9881,17723.0,3066795.05
2018-12-27,173.2264,185.7535,173.2264,175.9178,132225.0,23913003.0
2018-12-28,176.1625,180.958,174.2541,175.8199,46221.0,8234649.05
2018-12-31,178.5113,180.7623,169.85,171.6116,85531.0,14850494.15
2019-01-01,173.0796,177.973,170.2904,175.2327,108127.0,18895127.15
2019-01-02,171.3669,175.5263,170.9755,172.0031,20338.0,3528904.45
2019-01-03,171.2691,175.9178,168.6266,171.1712,25406.0,4355529.75
2019-01-04,171.8563,172.6882,168.7245,169.2628,17684.0,3013313.1
2019-01-07,169.6543,174.1073,169.6543,171.0733,15652.0,2686753.3
2019-01-08,171.2691,172.0031,168.6266,169.8011,11244.0,1912356.5
2019-01-09,172.835,180.5665,172.835,177.7284,245195.0,43679074.5
2019-01-10,176.1625,178.9517,174.2541,176.7986,25887.0,4567933.4
2019-01-11,176.505,182.7686,176.4561,178.1198,78763.0,14183219.8
2019-01-14,178.5113,179.49,174.303,176.554,21554.0,3787842.3
2019-01-15,177.239,179.0007,176.3093,177.7284,23381.0,4156568.25
2019-01-16,177.3369,180.0772,176.1625,176.6518,18124.0,3226164.9
2019-01-17,176.0157,178.0709,174.303,176.0157,10434.0,1844021.6
2019-01-18,176.1625,176.1625,171.3669,172.2478,10140.0,1759011.35
2019-01-21,171.318,174.1073,170.584,171.2691,7566.0,1302966.5
2019-01-22,171.318,171.9542,169.116,169.4096,7759.0,1316544.55
2019-01-23,175.2817,182.0346,172.786,177.7773,218562.0,39010382.55
2019-01-24,177.7773,179.7836,174.2051,178.4624,29028.0,5136274.55
2019-01-25,176.3093,179.0985,174.3519,176.4561,23656.0,4164868.6
2019-01-28,175.4285,175.6242,166.7182,168.6266,14497.0,2463195.45
2019-01-29,164.7609,173.9605,164.7609,173.1286,11691.0,2007326.7
2019-01-30,173.7158,177.7284,172.3456,174.0094,16041.0,2796658.9
2019-01-31,175.8199,183.5026,174.3519,179.5389,54656.0,9833619.9
2019-02-01,179.49,181.3984,173.3243,174.6945,23426.0,4155786.45
2019-02-04,172.2967,173.2754,168.1373,170.6329,19746.0,3358543.2
2019-02-05,169.3607,178.1198,169.3607,175.8689,32103.0,5567717.1
2019-02-06,177.5326,178.2666,169.7521,170.4372,8150.0,1399742.75
2019-02-07,173.0796,173.7158,169.7521,170.8776,7215.0,1243132.6
2019-02-08,168.6756,172.2478,168.6756,171.1223,13762.0,2350597.8
2019-02-11,170.7308,174.4498,169.3117,172.5903,8651.0,1491737.45
2019-02-12,171.2691,173.6668,169.1649,173.1775,9500.0,1637185.9
2019-02-13,175.4285,178.1198,174.1073,176.7497,24260.0,4281860.3
2019-02-14,176.8965,176.8965,173.2754,174.2541,3830.0,668726.45
2019-02-15,172.3456,174.8413,170.2904,171.6606,7902.0,1358525.1
2019-02-18,174.7923,174.8413,167.8437,169.6543,10692.0,1818949.1
2019-02-19,173.0307,173.0307,167.8926,170.9265,13823.0,2362465.55
2019-02-20,172.835,175.0859,171.2691,174.4009,7563.0,1317269.4
2019-02-21,171.6116,175.9667,171.6116,175.4285,10778.0,1887152.6
2019-02-22,174.6455,184.3834,174.2051,177.7284,46035.0,8255143.25
2019-02-25,177.6305,179.0985,174.5477,178.1198,39034.0,6920171.35
2019-02-26,174.2051,176.6518,171.4159,176.0646,15536.0,2708069.15
2019-02-27,178.4624,180.8112,176.3093,178.2666,19870.0,3539561.85
2019-02-28,178.6092,180.958,177.4837,179.1475,6036.0,1080985.55
2019-03-01,179.5389,187.7109,178.4134,185.9493,90078.0,16658161.8
2019-03-05,185.9493,190.7448,184.0409,189.2279,35053.0,6593890.25
2019-03-06,191.332,196.4701,189.2279,191.4299,94006.0,18166694.3
2019-03-07,190.8427,194.6106,188.8853,191.0874,18511.0,3548062.25
2019-03-08,188.4449,204.0549,188.4449,195.5404,103118.0,20289987.45
2019-03-11,194.7085,199.5529,192.9469,195.0999,47520.0,9343256.8
2019-03-12,195.7361,197.6935,192.066,194.4149,36080.0,7045077.45
2019-03-13,196.6169,222.7477,196.6169,215.848,718033.0,153475064.55
2019-03-14,215.848,219.9095,211.1014,213.1566,85238.0,18350944.1
2019-03-15,212.5694,221.5733,212.4715,213.6949,75644.0,16461777.85
2019-03-18,213.3523,235.6663,213.3523,231.6047,629924.0,144663944.9
2019-03-19,229.8431,236.6449,226.2709,232.4855,380908.0,88684437.7
2019-03-20,228.5219,237.2811,228.5219,233.66,54166.0,12542473.2
2019-03-22,236.3513,237.33,223.1391,225.5369,74056.0,17105046.7
2019-03-25,220.2031,234.6876,220.1052,225.6837,61681.0,14067247.15
2019-03-26,225.9773,232.1919,224.1668,230.8707,31342.0,7180851.9
2019-03-27,229.9899,238.7002,229.0602,233.0727,57875.0,13612230.6
2019-03-28,231.2622,235.7152,230.1856,232.2898,18502.0,4309280.5
2019-03-29,228.2772,236.6939,228.2772,233.0727,20870.0,4870814.1
2019-04-01,230.9686,239.3852,225.1454,227.6411,35479.0,8199789.35
2019-04-02,232.8281,235.8131,228.6687,229.9899,65495.0,15208444.4
2019-04-03,229.941,235.128,229.0112,230.0878,31409.0,7293394.6
2019-04-04,231.9962,239.7767,223.8242,226.956,22134.0,5051246.45
2019-04-05,226.0752,230.7239,222.0626,223.0413,14909.0,3364950.9
2019-04-08,221.4754,227.4453,220.3499,223.0413,16567.0,3697810.35
2019-04-09,221.4754,222.0137,215.3097,218.1479,27810.0,6076726.1
2019-04-10,224.8029,227.7879,222.3073,223.7264,72301.0,16233436.55
2019-04-11,223.0413,223.0413,217.0224,219.7138,12737.0,2792941.35
2019-04-12,220.6924,222.1115,218.3925,220.1052,14066.0,3101880.85
2019-04-15,220.2031,221.8179,217.9032,219.6648,15589.0,3425405.45
2019-04-16,221.1818,221.1818,216.2884,219.4202,21938.0,4808149.3
2019-04-18,217.6096,219.8606,212.863,213.597,11137.0,2405836.15
2019-04-22,213.3523,221.1818,210.5631,212.9119,46037.0,9793225.6
2019-04-23,213.5481,219.2244,212.3737,213.4013,15681.0,3374969.3
2019-04-24,212.5694,215.4076,212.5694,213.2055,4125.0,880291.35
2019-04-25,217.2671,219.9095,214.0863,215.8969,30623.0,6633043.75
2019-04-26,215.8969,225.0476,214.38,219.2244,34456.0,7637096.5
2019-04-30,216.7777,221.6711,212.3737,218.1479,36067.0,7895875.9
2019-05-02,223.1391,223.1391,212.5205,213.4991,13113.0,2851879.8
2019-05-03,214.6736,215.4565,210.612,211.6886,7921.0,1690880.4
2019-05-06,206.5016,211.1014,204.0059,205.0825,9692.0,2005714.25
2019-05-07,205.5229,207.8717,200.287,200.9231,8820.0,1792514.5
2019-05-08,203.9081,203.957,194.7085,196.4701,8768.0,1738209.2
2019-05-09,196.8616,196.8616,186.928,189.1789,15668.0,2998862.1
2019-05-10,187.2216,192.6043,184.9706,186.879,9717.0,1835940.7
2019-05-13,190.647,190.7938,174.8902,177.3369,44307.0,7981345.35
2019-05-14,177.4348,188.1024,175.1838,185.6067,21170.0,3840559.0
2019-05-15,185.9493,189.6683,176.6518,177.5326,89244.0,16490033.15
2019-05-16,181.0559,183.943,177.1901,178.5113,13400.0,2412828.75
2019-05-17,179.0985,185.5578,174.2051,179.0496,27854.0,4987129.25
2019-05-20,182.2303,189.1789,180.8601,184.8238,18163.0,3359066.85
2019-05-21,185.8025,186.928,179.3432,180.2729,9445.0,1730879.05
2019-05-22,181.2027,182.2303,174.2051,177.1901,18460.0,3280994.8
2019-05-23,178.022,183.1111,174.7434,180.1751,22268.0,3996085.1
2019-05-24,180.0772,191.2342,180.0772,188.7875,29070.0,5436423.6
2019-05-27,191.6256,204.0549,188.9832,201.9018,43117.0,8561763.15
2019-05-28,204.9357,210.2206,200.972,205.7676,41645.0,8589115.65
2019-05-29,209.2908,209.2908,200.6295,201.4614,6875.0,1394715.15
2019-05-30,203.3209,203.5655,197.7913,199.2593,6999.0,1404866.65
2019-05-31,197.8403,205.5229,188.4449,201.9018,22873.0,4545117.05
2019-06-03,205.5229,211.2971,198.5743,201.9507,12833.0,2611113.0
2019-06-04,202.3422,203.4677,189.864,192.115,32271.0,6274885.35
2019-06-06,194.0723,195.7361,180.6155,185.411,27479.0,5123343.65
2019-06-07,186.7812,188.8853,181.1048,183.8451,14910.0,2746269.5
2019-06-10,184.9706,190.5002,179.3432,180.6644,12470.0,2274553.05
2019-06-11,184.9706,187.9066,180.1751,184.677,10985.0,2021677.45
2019-06-12,184.1387,187.9066,182.1324,185.4599,9102.0,1684762.75
2019-06-13,185.9982,187.5152,182.0835,185.2642,5920.0,1091369.45
2019-06-14,183.8941,190.8427,182.2303,184.677,14428.0,2688552.9
2019-06-17,183.0132,188.8853,179.4411,185.411,8120.0,1494244.5
2019-06-18,185.7046,187.0258,181.2027,185.7535,8221.0,1520483.2
2019-06-19,183.0622,186.3897,174.4009,175.3306,25691.0,4584962.6
2019-06-20,176.1625,183.0132,168.9692,179.49,11564.0,2034789.6
2019-06-21,185.5578,185.5578,178.1688,180.4687,17093.0,3084476.9
2019-06-24,182.9643,183.0132,177.1901,178.1198,5368.0,966509.5
2019-06-25,180.4197,184.9217,178.5113,183.7473,17483.0,3182708.85
2019-06-26,184.9217,188.396,182.1324,186.2918,19073.0,3532033.15
2019-06-27,186.9769,187.5152,179.6368,185.411,18633.0,3421386.4
2019-06-28,184.9706,186.928,180.7623,183.6494,13538.0,2478537.05
2019-07-01,184.8727,185.8514,183.9919,184.3345,2051.0,378495.1
2019-07-02,184.1877,186.145,182.8175,184.7749,4009.0,741952.85
2019-07-03,184.8727,189.0811,184.8727,186.3897,6452.0,1205110.05
2019-07-04,184.9706,187.4173,184.9706,185.9493,3636.0,676877.3
2019-07-05,186.5854,191.332,183.3068,187.4662,9630.0,1804608.45
2019-07-08,186.5854,194.3659,181.1048,188.6407,6114.0,1144539.05
2019-07-09,186.4386,190.8427,184.7749,188.6896,5950.0,1114985.2
2019-07-10,192.5554,192.5554,179.8325,182.6707,12730.0,2323951.95
2019-07-11,183.4047,184.4323,180.2729,180.958,9906.0,1798661.0
2019-07-12,183.16,183.16,179.0985,179.8815,4399.0,793716.4
2019-07-15,184.9706,184.9706,179.6368,181.4963,4119.0,746596.25
2019-07-16,182.38,186.3565,180.9072,182.8218,7880.0,1440372.05
2019-07-17,183.46,198.3351,181.7418,184.2946,102963.0,19581284.3
2019-07-18,190.4803,190.4803,183.9509,185.6201,47653.0,8959678.75
2019-07-19,186.7492,189.4984,180.6617,184.0982,21828.0,3998120.6
2019-07-22,188.2711,188.2711,180.7108,181.9381,8413.0,1539827.15
2019-07-23,181.9872,181.9872,177.8634,178.4525,11343.0,2039688.6
2019-07-24,178.4525,178.8944,175.7524,176.2434,9298.0,1649754.2
2019-07-25,174.9669,181.6927,172.4141,176.6361,102549.0,18259404.5
2019-07-26,176.8325,177.2743,172.3159,174.6233,18777.0,3283086.3
2019-07-29,175.4579,175.4579,169.8613,172.5614,11613.0,2008800.25
2019-07-30,175.5561,175.5561,166.9648,169.9595,12097.0,2065750.3
2019-07-31,172.7578,172.7578,159.1099,162.1537,27133.0,4458973.65
2019-08-01,163.381,164.2647,155.1825,159.4536,15620.0,2483657.9
2019-08-02,158.2263,160.9755,154.1516,158.2754,18986.0,2989417.45
2019-08-05,157.0971,161.8101,149.3896,152.2369,10121.0,1538601.55
2019-08-06,152.1879,163.381,151.1078,159.0118,20661.0,3266886.15
2019-08-07,162.0064,163.9701,156.7044,159.8954,10742.0,1708308.9
2019-08-08,159.6991,162.0064,157.1953,159.5027,14458.0,2306068.7
2019-08-09,159.8463,167.8976,154.9861,157.5881,19974.0,3207353.9
2019-08-13,163.921,163.921,126.0705,126.4632,224640.0,30186198.85
2019-08-14,122.7321,126.6596,118.412,121.4557,94288.0,11603140.45
2019-08-16,119.9829,124.6468,117.8229,121.7994,33577.0,4067319.95
2019-08-19,124.6959,129.6542,122.7321,124.3522,22897.0,2891211.1
2019-08-20,123.8122,124.5977,119.7866,120.3757,9622.0,1172045.9
2019-08-21,121.7503,125.0395,118.8047,122.0939,19774.0,2413243.75
2019-08-22,121.7503,121.7503,115.8591,118.5592,22650.0,2681950.75
2019-08-23,116.841,121.7503,112.9136,119.5411,19186.0,2273491.85
2019-08-26,126.6596,126.6596,118.8538,121.4066,10637.0,1282945.2
2019-08-27,119.3938,127.1014,119.3938,125.9232,41494.0,5221420.85
2019-08-28,125.9232,128.2305,122.9285,124.7449,10051.0,1256418.15
2019-08-29,123.3703,125.0395,121.9467,122.4376,2905.0,356241.9
2019-08-30,122.7321,123.714,116.2028,118.5102,19034.0,2269341.35
2019-09-03,118.8047,124.6468,117.0865,120.7684,14752.0,1788119.1
2019-09-04,120.7684,120.7684,117.9701,119.492,9998.0,1191265.1
2019-09-05,119.492,126.1686,119.2956,122.8794,13118.0,1600673.9
2019-09-06,125.4813,128.6233,123.3213,126.8559,20850.0,2626520.2
2019-09-09,126.6596,130.0961,125.6777,128.3778,17926.0,2302197.15
2019-09-11,129.6051,136.5272,129.6051,134.269,25221.0,3374016.45
2019-09-12,135.8399,136.4781,130.7343,132.4525,13925.0,1871660.55
2019-09-13,134.0726,139.5219,130.9306,132.9435,29458.0,3979651.8
2019-09-16,132.4525,156.1153,131.6179,146.1494,195020.0,27718220.2
2019-09-17,145.6094,147.2786,142.4184,144.7748,60385.0,8723997.95
2019-09-18,154.5443,161.6628,152.1879,153.4152,859821.0,134714765.55
2019-09-19,149.7332,159.0118,142.4184,154.2498,148220.0,22164096.0
2019-09-20,163.9701,163.9701,157.4899,159.1099,317533.0,50737863.05
2019-09-23,173.7887,190.9221,164.952,190.9221,800018.0,145959696.85
2019-09-24,196.3714,196.3714,177.0779,182.3309,346971.0,64171624.55
2019-09-25,181.6436,185.4728,172.8069,178.9435,104437.0,18651909.25
2019-09-26,180.1708,184.4419,173.8869,175.4579,39977.0,7147396.95
2019-09-27,176.4888,176.4888,169.8613,172.0705,32574.0,5628973.7
2019-09-30,169.3704,178.5016,164.2647,176.1452,55920.0,9675891.25
2019-10-01,184.5891,185.0801,171.825,173.936,89773.0,16033950.1
2019-10-03,169.8613,173.8869,167.2594,169.3213,12342.0,2108900.1
2019-10-04,174.6724,174.6724,162.9883,164.1665,9139.0,1521890.8
2019-10-07,169.6649,169.6649,159.1099,160.9755,5317.0,866345.15
2019-10-09,157.4899,164.6574,157.4899,161.4664,9954.0,1608233.6
2019-10-10,165.1975,168.5849,162.2519,163.1847,29827.0,4941163.75
2019-10-11,163.1847,164.4611,160.4845,161.8101,7125.0,1153142.15
2019-10-14,163.9701,167.8976,158.4226,160.6318,13947.0,2281323.8
2019-10-15,165.9339,169.5176,162.0064,162.841,89049.0,14750120.85
2019-10-16,163.4792,163.4792,159.8463,160.5336,8191.0,1322474.75
2019-10-17,160.0427,162.3992,157.4408,159.159,15743.0,2520112.25
2019-10-18,162.5464,162.5464,158.079,160.6318,16237.0,2604959.9
2019-10-22,161.6137,162.7919,151.5987,158.079,19841.0,3152404.75
2019-10-23,159.5027,162.2519,155.428,157.539,14665.0,2319866.8
2019-10-24,159.8463,169.6649,157.6863,161.6628,39127.0,6367628.45
2019-10-25,159.2572,161.9082,159.2572,160.4845,5700.0,915402.65
2019-10-27,161.3682,163.872,160.1409,162.5955,5725.0,928279.35
2019-10-29,161.2209,167.9958,159.7482,160.2391,33148.0,5387154.45
2019-10-30,159.0609,164.8538,158.9136,161.5646,18805.0,3029302.1
2019-10-31,162.841,165.3447,159.8463,163.6756,33198.0,5395248.9
2019-11-01,164.4611,164.9029,160.6318,162.9392,17579.0,2856993.85
2019-11-04,162.6937,165.3938,162.1046,163.4301,14018.0,2289303.15
2019-11-05,170.8431,172.7087,165.492,171.3832,132961.0,22595013.65
2019-11-06,170.794,183.2145,163.3319,176.0961,474614.0,84744037.9
2019-11-07,172.8069,174.7215,168.0448,169.174,21477.0,3681664.65
2019-11-08,167.2594,171.4813,165.5902,166.4248,20128.0,3384013.55
2019-11-11,168.6831,168.6831,162.9883,165.1975,12193.0,2020457.05
2019-11-13,166.8175,167.8976,161.1718,162.4974,18251.0,2997778.8
2019-11-14,163.1356,164.952,161.1718,162.8901,13030.0,2125172.05
2019-11-15,163.5283,164.4611,157.4408,158.8645,14333.0,2305251.15
2019-11-18,158.2754,160.4355,156.1153,157.9317,30216.0,4766494.65
2019-11-19,158.5699,161.6137,157.0971,158.079,27612.0,4382458.3
2019-11-20,158.4226,159.7482,157.6863,158.9136,11180.0,1772030.7
2019-11-21,158.079,161.9082,155.6244,156.8026,38429.0,6106945.95
2019-11-22,157.6863,158.8154,155.428,156.999,11156.0,1750958.45
2019-11-25,157.8826,157.8826,155.8698,156.8026,9765.0,1530804.5
2019-11-26,157.9808,158.9627,155.9189,157.8826,35937.0,5659300.0
2019-11-27,157.3426,176.7343,157.2935,162.841,374829.0,63287727.9
2019-11-28,162.9883,164.8538,158.2754,159.4045,80606.0,13060167.9
2019-11-29,158.7663,164.8538,157.8335,159.65,54711.0,8773835.5
2019-12-02,159.65,159.65,157.1462,157.7353,21593.0,3407917.1
2019-12-03,157.7353,161.4664,157.0971,159.0609,20909.0,3322008.05
2019-12-04,158.5699,171.0395,157.1462,164.5593,106835.0,17471771.85
2019-12-05,167.2103,170.6959,160.3373,161.6137,274002.0,45532857.5
2019-12-06,160.19,161.0246,158.079,159.3554,28745.0,4583719.05
2019-12-09,158.619,160.5336,155.2807,156.8026,133154.0,20960471.05
2019-12-10,157.5881,158.5208,153.317,157.1462,31031.0,4834084.3
2019-12-11,156.1644,157.9317,154.2988,156.9008,19618.0,3060967.2
2019-12-12,158.4717,158.9627,155.3298,157.539,16747.0,2631347.7
2019-12-13,156.3117,160.8282,156.3117,158.619,18165.0,2872774.9
2019-12-16,157.3426,164.8047,157.3426,159.5027,42404.0,6793245.0
2019-12-17,159.3063,162.9392,158.1281,161.3682,58593.0,9416999.95
2019-12-18,160.9755,162.8901,157.0971,159.6991,63317.0,10120854.55
2019-12-19,157.6372,161.4664,157.3917,160.0918,30023.0,4802510.6
2019-12-20,161.1718,161.1718,158.1281,158.5208,19560.0,3109709.95
2019-12-23,159.159,159.8954,158.3736,158.8154,12170.0,1933289.3
2019-12-24,160.9264,161.8591,158.4717,159.7972,49798.0,7967964.65
2019-12-26,160.73,160.73,158.1281,158.4226,10357.0,1644444.65
2019-12-27,158.3736,164.952,157.6372,163.5283,92685.0,15084804.1
2019-12-30,162.9883,164.8538,160.3373,161.9082,34001.0,5515242.85
2019-12-31,162.2519,163.9701,159.65,160.4355,16382.0,2653221.9
2020-01-01,160.0427,161.9082,159.3554,160.4845,14017.0,2250597.55
2020-01-02,161.3682,164.7556,160.19,162.2028,27143.0,4420953.7
2020-01-03,161.5646,164.4611,161.0246,162.6937,96893.0,15816558.65
2020-01-06,162.6446,162.6446,158.1281,158.7172,13339.0,2130492.45
2020-01-07,161.7119,165.6393,159.5518,163.3319,21958.0,3563858.5
2020-01-08,158.5699,163.381,158.5699,161.6628,12248.0,1970342.25
2020-01-09,164.952,171.4323,162.0064,166.1793,83244.0,13902090.55
2020-01-10,166.8175,171.825,164.0683,166.4248,70118.0,11793103.6
2020-01-13,171.5304,185.7674,168.2412,180.809,356465.0,63120406.85
2020-01-14,180.6126,182.8218,173.936,177.3725,67974.0,12092702.35
2020-01-15,175.016,180.6617,174.1815,178.8453,27490.0,4892082.0
2020-01-16,174.7706,181.6436,174.7706,180.9072,58320.0,10521895.6
2020-01-17,180.6617,181.4963,177.8143,178.8453,15676.0,2812660.35
2020-01-20,176.7834,178.5998,172.8069,174.2796,12526.0,2196438.0
2020-01-21,172.8069,177.2743,170.8922,174.7706,17381.0,3035605.0
2020-01-22,180.1708,191.4621,175.016,185.3255,109147.0,19984228.15
2020-01-23,186.5529,189.9894,180.6617,184.8346,38753.0,7147631.4
2020-01-24,186.4547,192.444,180.5144,189.9894,58751.0,11090073.6
2020-01-27,186.5529,189.3021,182.1345,183.6564,27770.0,5129588.65
2020-01-28,186.4547,188.6148,181.7908,184.5891,34271.0,6350126.4
2020-01-29,185.5219,194.4077,181.6436,188.0256,376055.0,71591006.45
2020-01-30,186.8474,186.8474,181.6436,181.7418,45957.0,8430003.15
2020-01-31,184.0,186.0619,173.2487,175.507,27148.0,4856189.7
2020-02-01,172.8069,180.6126,160.0427,164.3629,27626.0,4709722.25
2020-02-03,162.1537,169.0758,162.1537,166.6212,12080.0,2010314.45
2020-02-04,168.7812,174.7706,168.4867,173.6414,13486.0,2324856.45
2020-02-05,174.7706,175.2124,166.2284,168.4376,24729.0,4233808.45
2020-02-06,169.7631,171.5304,167.0139,167.7012,16951.0,2866758.75
2020-02-07,167.7012,169.7631,164.952,167.5048,23008.0,3849328.25
2020-02-10,166.9157,193.6222,165.9339,189.3511,328151.0,60563945.05
2020-02-11,197.3533,218.4632,196.5678,204.7172,1476733.0,309501673.85
2020-02-12,201.2807,201.2807,187.5347,188.4184,130033.0,25071641.6
2020-02-13,188.4184,188.4675,176.7834,177.8634,49451.0,8950602.05
2020-02-14,179.5817,184.0,177.0779,177.7652,54746.0,9862232.3
2020-02-17,180.0235,180.5144,172.365,173.0523,23564.0,4129387.6
2020-02-18,174.6724,174.6724,168.1921,170.4504,18618.0,3176435.55
2020-02-19,173.5432,173.5432,164.2647,169.9595,39322.0,6699647.85
2020-02-20,170.5486,175.2615,167.7012,169.2722,36298.0,6181217.55
2020-02-24,167.7012,169.0758,161.2209,162.4974,36667.0,6076225.0
2020-02-25,162.4974,168.7812,161.27,164.8047,35352.0,5842458.8
2020-02-26,165.8848,166.7193,158.3245,160.19,16976.0,2761846.85
2020-02-27,159.159,160.0427,153.6115,158.5208,26626.0,4180900.65
2020-02-28,152.1879,156.8026,148.9968,151.5496,37989.0,5779277.85
2020-03-02,153.317,155.8207,129.6051,136.9691,35502.0,5044336.1
2020-03-03,142.3693,142.3693,138.2946,140.3565,16509.0,2318775.8
2020-03-04,137.5091,141.3874,132.5998,134.6617,9901.0,1337611.65
2020-03-05,134.6617,139.5219,131.6179,137.3618,14835.0,2004406.1
2020-03-06,132.5507,133.1889,124.9413,128.8687,27008.0,3486553.3
2020-03-09,127.6414,127.6414,117.921,121.3084,20505.0,2460820.2
2020-03-11,121.3084,126.365,119.8357,122.8794,16367.0,2017578.8
2020-03-12,115.8591,117.6756,106.0406,110.2626,21963.0,2432650.2
2020-03-13,96.2711,108.9861,89.0544,100.1985,39835.0,4068415.2
2020-03-16,99.5603,103.095,89.6926,101.4258,100336.0,10102591.65
2020-03-17,106.0406,106.0406,96.4675,100.1494,60317.0,6063427.3
2020-03-18,104.9605,104.9605,96.4675,97.1057,32085.0,3178474.4
2020-03-19,95.2401,95.2401,87.4344,88.6126,27149.0,2473356.4
2020-03-20,92.2946,92.2946,87.4835,89.2999,43101.0,3849910.8
2020-03-23,80.5123,87.1889,80.5123,84.6852,19659.0,1629584.75
2020-03-24,80.5123,88.3671,79.7268,83.0651,19327.0,1621191.7
2020-03-25,81.4941,91.3618,81.1505,91.3618,22584.0,2021965.65
2020-03-26,100.1003,100.4931,91.3127,100.4931,43964.0,4334193.45
2020-03-27,108.7898,110.508,98.1857,104.5187,55346.0,5859620.8
2020-03-30,108.0043,109.0843,100.6404,102.064,21412.0,2220903.85
2020-03-31,105.206,105.206,100.1003,101.524,12630.0,1298325.95
2020-04-01,101.1313,102.9477,99.1676,101.3277,7898.0,798710.5
2020-04-03,98.873,102.8004,98.1857,99.0694,10070.0,1000807.0
2020-04-07,108.1025,108.1025,99.413,102.4077,22598.0,2301304.45
2020-04-08,105.7951,112.619,102.555,106.9733,90350.0,9924836.0
2020-04-09,108.9861,113.4045,107.6115,110.5571,40599.0,4479098.7
2020-04-13,109.7716,114.7791,105.7951,109.8698,38743.0,4272291.7
2020-04-15,108.0534,125.6777,106.0406,115.5155,144167.0,16480248.45
2020-04-16,114.7791,116.841,110.0662,113.3554,43346.0,4941327.55
2020-04-17,115.5155,118.8047,114.19,116.4973,31388.0,3649477.4
2020-04-20,117.5283,117.5283,112.9136,113.5518,23486.0,2689410.8
2020-04-21,113.7972,113.7972,110.2135,111.6862,9223.0,1028022.45
2020-04-22,111.7844,127.3469,109.968,121.0139,218008.0,26174324.7
2020-04-23,118.3138,145.2167,117.921,143.4493,1675906.0,228663858.9
2020-04-24,139.3746,139.3746,129.6051,130.3415,290363.0,38816241.1
2020-04-27,130.9797,136.9691,129.507,131.2252,68323.0,9024665.0
2020-04-28,133.4344,133.5326,124.1067,126.0705,39278.0,4987340.5
2020-04-29,130.587,130.587,125.285,126.0214,32440.0,4108083.15
2020-04-30,131.4707,132.2562,124.7449,126.7578,56421.0,7259847.1
2020-05-04,122.8303,124.6959,119.7866,120.4739,32854.0,3979627.35
2020-05-05,121.0139,125.1868,117.921,118.3138,24392.0,2964465.35
2020-05-06,118.3138,121.1612,116.3501,117.4792,17115.0,2019743.95
2020-05-07,115.0737,118.8047,115.0737,115.9573,7294.0,849324.7
2020-05-08,132.5507,132.5507,119.0993,121.5539,118949.0,14601210.65
2020-05-11,124.6959,124.6959,117.2828,118.2647,28133.0,3367475.05
2020-05-12,118.2647,119.7866,114.8773,116.7919,17299.0,2011306.05
2020-05-13,122.7321,131.7652,118.3629,125.4322,208302.0,26303140.0
2020-05-14,121.9957,125.1868,119.8357,120.9648,34861.0,4277618.15
2020-05-15,122.1921,132.0107,119.1484,129.3106,246361.0,31592247.55
2020-05-18,124.7449,124.794,118.0683,118.4611,53601.0,6487399.7
2020-05-19,119.7866,121.7503,118.1174,119.2465,27097.0,3255857.95
2020-05-20,118.8047,121.7012,117.0374,118.3138,34273.0,4095437.95
2020-05-21,119.2956,132.4034,119.2956,126.9541,223409.0,28452474.3
2020-05-22,125.6777,132.0107,122.8794,124.9413,112505.0,14417811.3
2020-05-26,126.3159,131.7652,123.9104,124.6959,30682.0,3888443.05
2020-05-27,124.8922,127.1505,121.4557,125.2359,36398.0,4544198.35
2020-05-28,129.016,136.8709,128.7706,131.667,273018.0,36307831.5
2020-05-29,132.9925,132.9925,128.1814,130.6361,40316.0,5251887.35
2020-06-01,139.8165,140.4056,132.5507,136.9691,143266.0,19654097.15
2020-06-02,137.46,139.4237,134.9072,135.9381,64455.0,8821139.4
2020-06-03,139.3746,139.4237,135.0054,137.7055,61078.0,8375523.85
2020-06-04,133.5326,138.6382,133.5326,136.7727,24539.0,3343601.7
2020-06-05,138.3437,164.1174,136.7236,162.4974,491424.0,75678191.1
2020-06-08,170.8431,171.825,158.079,159.3554,255178.0,42077347.25
2020-06-09,159.0609,159.0609,151.1078,152.1388,71140.0,10924128.85
2020-06-10,152.286,158.0299,151.2551,152.286,40581.0,6245691.0
2020-06-11,156.0662,161.0246,147.3768,149.5859,98984.0,15371802.7
2020-06-12,135.1526,148.8004,135.1526,146.8367,63060.0,9011156.4
2020-06-15,146.8367,150.7642,142.3693,143.3511,25508.0,3721500.75
2020-06-16,147.1804,150.5678,137.8527,139.2764,53438.0,7693038.25
2020-06-17,141.3874,164.952,135.1526,153.8079,819224.0,129058739.65
2020-06-18,151.206,155.8207,150.7151,152.5806,83591.0,12802068.55
2020-06-19,152.1879,155.0843,150.2241,150.7151,40153.0,6118966.0
2020-06-22,152.8752,155.1334,146.2967,148.1622,46421.0,6961517.35
2020-06-23,149.5859,162.9883,147.6713,160.2882,262828.0,41307774.6
2020-06-24,163.7738,178.5016,160.1409,162.9883,1483919.0,255084787.6
2020-06-25,161.6628,162.4974,155.1334,157.6372,108387.0,17198046.4
2020-06-26,159.0609,160.9755,154.6425,155.6244,58990.0,9275617.1
2020-06-29,161.4173,161.4173,156.1153,156.6553,98681.0,15618217.35
2020-06-30,158.079,158.079,150.2732,151.0587,38373.0,5906597.9
2020-07-01,153.857,159.9936,146.2967,158.5208,162761.0,25048403.9
2020-07-02,159.5518,165.2466,150.666,153.8079,353163.0,55073473.6
2020-07-03,155.9189,155.9189,149.2423,150.8623,115523.0,17536677.8
2020-07-06,155.0352,155.0352,146.7876,148.7514,412678.0,61576915.45
2020-07-07,156.1153,159.0609,153.1697,154.4461,874742.0,136051257.1
2020-07-08,155.9189,155.9189,149.2423,149.8805,208051.0,31462168.3
2020-07-09,148.5059,149.8805,147.3768,148.1622,83999.0,12461546.95
2020-07-10,147.2786,147.4749,143.3511,144.5785,89913.0,13048314.25
2020-07-13,145.3149,146.7876,142.3693,142.6147,49623.0,7141748.2
2020-07-14,143.253,143.8421,138.4419,139.0801,51604.0,7229137.9
2020-07-15,140.3074,143.6948,136.5272,138.1473,54174.0,7611762.2
2020-07-16,140.8474,140.8474,133.5326,137.9018,54309.0,7399695.9
2020-07-17,136.4781,140.4056,135.7908,138.9819,41389.0,5744936.3
2020-07-20,140.2583,140.4056,137.6564,138.6382,28213.0,3917419.8
2020-07-21,140.3074,145.413,138.4909,141.3383,103944.0,14771509.2
2020-07-22,141.2892,141.2892,136.5763,137.5582,62947.0,8741673.2
2020-07-23,138.3437,141.7311,137.0182,139.8655,46911.0,6554005.45
2020-07-24,137.46,140.0619,134.5144,136.0854,40153.0,5508637.25
2020-07-27,143.8421,144.333,138.6873,139.9637,165940.0,23310174.8
2020-07-28,138.4419,138.8837,136.4781,137.3618,40504.0,5576792.4
2020-07-29,138.54,145.8058,136.0363,137.9509,269249.0,38033488.0
2020-07-30,136.9691,139.9146,136.4781,136.8218,82213.0,11327030.05
2020-07-31,138.0491,145.3149,135.2508,139.6201,349610.0,49335779.2
2020-08-03,139.8655,140.2583,136.6254,137.5091,38090.0,5263061.15
2020-08-04,140.1601,140.1601,134.809,137.0673,114132.0,15571168.75
2020-08-05,138.0491,145.1185,137.0673,143.4002,145651.0,20619932.75
2020-08-06,151.1078,151.1078,137.46,141.6329,512974.0,74743568.7
2020-08-07,140.111,141.8784,138.4419,140.3565,54197.0,7594826.6
2020-08-10,141.2401,141.3383,137.7055,139.1292,55747.0,7795360.85
2020-08-11,140.4056,142.5657,138.9328,139.8655,90747.0,12757248.35
2020-08-12,140.1601,144.9712,139.7183,142.1729,134717.0,19192714.35
2020-08-13,142.8602,150.126,141.9274,146.8367,570496.0,83722855.85
2020-08-14,147.8677,148.8495,139.4237,141.6329,275932.0,40195430.4
2020-08-17,143.793,143.793,139.7674,140.4056,56284.0,7954082.5
2020-08-18,140.4056,144.2348,140.4056,142.1238,62354.0,8866224.55
2020-08-19,142.4675,143.253,140.6019,141.2401,104357.0,14826036.55
2020-08-20,141.3383,147.1804,138.0982,144.0875,357756.0,51515853.75
2020-08-21,145.0203,148.5059,141.3874,143.5966,438407.0,63741266.65
2020-08-24,146.2967,147.2786,139.9146,141.1911,203721.0,29078200.1
2020-08-25,142.8111,143.8421,139.3255,140.0128,141219.0,19841240.8
2020-08-26,141.3383,143.302,139.8655,141.1911,84281.0,11905586.35
2020-08-27,142.0747,155.428,140.651,153.1206,1412731.0,212813298.65
2020-08-28,152.1879,152.1879,147.6713,148.2113,295391.0,44154936.0
2020-08-31,148.1622,148.9477,139.4237,141.2892,164229.0,23486154.2
2020-09-01,143.253,144.333,140.0619,142.0747,65570.0,9300376.5
2020-09-02,144.1366,144.4803,140.8965,141.7311,32432.0,4610359.0
2020-09-03,143.302,143.302,140.651,141.142,31113.0,4413847.4
2020-09-04,140.4056,141.5838,138.0,139.6692,41720.0,5839309.6
2020-09-07,138.7855,141.1911,138.0,138.3928,37988.0,5270149.95
2020-09-08,140.4056,141.3874,134.5144,135.2508,99115.0,13682984.25
2020-09-09,135.4963,135.4963,132.4034,133.3362,49317.0,6579338.25
2020-09-10,135.349,137.2145,133.9744,135.7908,32927.0,4474055.45
2020-09-11,136.4781,139.4237,135.5454,136.38,35569.0,4877174.95
2020-09-14,138.9328,141.0438,136.7236,138.9328,110402.0,15333096.35
2020-09-15,138.3928,140.4056,137.3618,138.3928,52771.0,7324050.1
2020-09-16,139.4237,139.4237,135.349,136.8709,49452.0,6795199.4
2020-09-17,142.3693,142.4184,135.7908,136.2327,87834.0,12171458.5
2020-09-18,137.46,138.3928,133.0907,134.269,50339.0,6826726.85
2020-09-21,134.269,135.4963,127.6414,128.4269,70105.0,9137199.15
2020-09-22,126.1195,127.1505,118.5102,120.1302,112350.0,13734445.0
2020-09-23,122.2412,124.6468,118.3138,121.3084,59409.0,7192766.35
2020-09-24,119.6884,119.6884,115.5646,116.5464,48768.0,5710503.3
2020-09-25,117.8229,120.7684,115.6137,119.3938,44365.0,5236975.6
2020-09-28,119.6884,129.6051,119.6884,127.1014,123487.0,15420041.95
2020-09-29,130.587,130.6361,123.9104,124.7449,47828.0,6055015.35
2020-09-30,125.2359,142.1238,124.5486,141.0929,556229.0,76822698.35
2020-10-01,148.2604,151.206,140.5528,142.1729,1210993.0,175935120.8
2020-10-05,140.0128,140.4056,136.4781,137.1163,108601.0,14998481.5
2020-10-06,137.1163,138.2946,134.4162,134.7599,49042.0,6641520.35
2020-10-07,134.8581,135.4472,131.4216,132.0107,36679.0,4853599.0
2020-10-08,131.7161,136.4781,131.6179,132.1089,49717.0,6618508.45
2020-10-09,131.667,134.0726,129.6051,130.9306,38531.0,5073754.95
2020-10-12,130.9306,134.5144,129.6051,130.0961,81392.0,10735116.4
2020-10-13,132.4034,132.4034,127.6414,128.0833,28584.0,3688811.8
2020-10-14,127.7396,130.4888,126.1195,127.5432,202276.0,25794946.15
2020-10-15,127.7887,130.4397,122.7812,123.9595,35557.0,4480497.35
2020-10-16,126.5614,126.5614,122.8794,123.9104,34386.0,4279168.9
2020-10-19,124.6959,128.0342,123.9595,125.5304,39045.0,4917854.15
2020-10-20,125.825,127.6414,124.1558,126.7087,35261.0,4450464.15
2020-10-21,125.9232,127.6414,124.254,125.4813,34429.0,4353134.4
2020-10-22,127.2978,130.0961,124.9904,127.6905,168932.0,21512296.1
2020-10-23,132.0598,136.4781,129.6051,130.7834,1012769.0,135557700.05
2020-10-26,129.1142,130.047,126.1686,127.0523,56666.0,7239732.65
2020-10-27,126.6596,128.5742,125.6777,127.1505,128589.0,16394633.25
2020-10-28,126.7087,132.2071,123.3213,129.8015,172201.0,22180403.1
2020-10-29,126.6596,127.6414,124.7449,125.4322,55596.0,7009512.9
2020-10-30,125.5795,127.4451,123.8613,124.7449,37621.0,4712708.55
2020-11-02,124.7449,126.6105,122.2412,122.9776,96475.0,11935983.15
2020-11-03,123.714,124.4995,122.9776,124.0086,38580.0,4771922.55
2020-11-04,125.6777,125.6777,123.2231,124.0576,26564.0,3291822.95
2020-11-05,125.4322,125.8741,124.1558,125.1868,30564.0,3823573.35
2020-11-06,126.5614,128.0833,124.8922,125.9232,74776.0,9456496.1
2020-11-09,127.6414,139.4237,125.9232,136.7236,817104.0,110422315.15
2020-11-10,137.7546,143.253,137.46,140.4056,934041.0,130429850.45
2020-11-11,138.4419,138.4419,134.5144,135.1035,136085.0,18509310.85
2020-11-12,136.4781,141.1911,135.4963,136.9691,250896.0,34733293.95
2020-11-13,135.5454,137.2145,131.127,134.9072,71074.0,9612907.6
2020-11-14,137.3618,137.3618,134.0726,136.0363,20055.0,2722974.4
2020-11-17,136.5272,140.7983,136.5272,138.2946,188297.0,26203435.3
2020-11-18,138.2946,138.3437,135.5454,136.2327,70200.0,9590210.7
2020-11-19,135.9872,138.9819,135.2508,136.0854,104088.0,14290361.9
2020-11-20,136.4781,137.2636,133.5326,134.0726,45931.0,6191507.0
2020-11-23,134.7599,136.429,131.9616,132.4034,76981.0,10239766.4
2020-11-24,134.2199,135.2999,132.5998,133.1889,67339.0,9005155.9
2020-11-25,135.9872,135.9872,131.0779,131.6179,86356.0,11496177.1
2020-11-26,131.6179,145.1185,131.5689,139.8165,1339072.0,187746827.7
2020-11-27,136.4781,139.7674,135.0054,138.1473,211890.0,29029173.7
2020-12-01,136.5272,141.7802,136.38,137.6564,230254.0,31922135.75
2020-12-02,139.9146,141.3383,136.9691,138.7364,246449.0,34318385.45
2020-12-03,139.4237,140.7983,138.54,139.1782,140759.0,19640618.25
2020-12-04,139.4237,140.2583,137.5582,138.9328,126188.0,17567175.35
2020-12-07,139.4237,143.3511,139.0801,141.1911,639650.0,90211461.05
2020-12-08,141.8784,143.8421,138.4419,140.0619,242637.0,34283751.15
2020-12-09,141.3874,142.3693,139.9146,140.4547,107396.0,15117242.45
2020-12-10,141.2892,141.2892,137.8036,138.4419,85928.0,11914208.65
2020-12-11,138.3437,140.8474,138.0982,138.5891,97792.0,13644157.1
2020-12-14,139.4728,143.7439,139.4728,141.8784,255497.0,36244054.45
2020-12-15,142.222,147.2786,140.5528,142.4184,440422.0,63531257.75
2020-12-16,144.0384,144.0384,141.4365,141.7311,97754.0,13934091.85
2020-12-17,142.9093,142.9584,137.46,140.5528,95345.0,13426641.6
2020-12-18,140.1601,141.3874,137.46,139.4237,96774.0,13471529.35
2020-12-21,140.3565,142.222,125.6777,131.4216,194904.0,26619157.15
2020-12-22,130.587,130.587,121.7503,127.5923,230439.0,29138145.95
2020-12-23,129.507,132.5507,129.016,130.9797,127541.0,16694688.55
2020-12-24,132.4525,134.4162,130.0961,131.4707,125206.0,16578517.5
2020-12-28,135.2999,135.2999,132.158,132.8944,69688.0,9280532.15
2020-12-29,134.8581,134.8581,130.3415,130.6361,114308.0,15059112.0
2020-12-30,131.7652,132.0598,129.7033,130.2433,107507.0,14014627.65
2020-12-31,130.4888,133.0416,127.1505,129.2615,310030.0,40221392.5
2021-01-01,131.4707,145.3149,131.4707,141.3383,2522825.0,359839217.75
2021-01-04,143.3511,144.1366,139.2273,141.6329,269717.0,38167858.75
2021-01-05,140.8965,141.2892,135.0054,140.1601,132524.0,18510911.3
2021-01-06,140.4056,141.142,135.4963,137.2145,113525.0,15707577.1
2021-01-07,137.5091,139.7183,137.46,138.0491,87135.0,12066037.8
2021-01-08,137.8036,139.1782,137.8036,138.5891,78504.0,10882842.95
2021-01-11,139.1292,140.1601,135.5945,137.1654,69598.0,9562388.5
2021-01-12,137.46,139.9146,136.0854,137.2636,86567.0,11886296.25
2021-01-13,138.8837,141.8784,136.5763,137.6564,255459.0,35421226.95
2021-01-14,138.7855,138.7855,136.4781,136.9691,75268.0,10336937.0
2021-01-15,137.46,137.46,134.4653,135.2508,88251.0,11992943.6
2021-01-18,135.3981,135.7908,131.2743,132.9435,105651.0,14105825.6
2021-01-19,132.9925,134.9563,132.9925,133.238,79440.0,10611038.8
2021-01-20,135.4963,136.2818,132.3543,132.5998,267838.0,35860476.05
2021-01-21,134.5144,134.5144,131.5689,131.9616,72842.0,9692739.05
2021-01-22,132.5507,133.4344,130.587,131.1761,61137.0,8065852.45
2021-01-25,131.8634,132.9925,130.587,131.0288,50047.0,6575826.55
2021-01-27,132.3543,132.3543,129.016,129.8015,70364.0,9180616.15
2021-01-28,130.587,132.5507,129.3597,131.9616,61512.0,8085807.95
2021-01-29,133.5326,134.5144,128.0342,130.9306,127538.0,16781476.65
2021-02-01,132.5507,134.5144,131.0288,131.9616,92765.0,12307442.0
2021-02-02,132.5507,134.269,131.1761,131.8143,69701.0,9212459.75
2021-02-03,132.0107,132.9435,129.7033,130.047,137246.0,17938888.9
2021-02-04,130.6852,132.4525,129.6542,131.2252,61751.0,8106886.35
2021-02-05,132.3052,133.0416,129.6051,130.3906,127750.0,16775657.5
2021-02-08,130.9797,131.7652,130.0961,130.8816,91487.0,11991566.6
2021-02-09,131.5689,132.8453,130.587,131.1761,85413.0,11239634.05
2021-02-10,131.9616,131.9616,128.3287,130.7343,92483.0,12036254.3
2021-02-11,131.3725,131.8143,129.6542,130.2433,51891.0,6790434.35
2021-02-12,130.9306,131.7652,129.6051,130.047,94762.0,12373666.35
2021-02-15,131.1761,132.5507,128.476,129.016,170811.0,22259559.05
2021-02-16,131.3725,131.3725,128.4269,128.5742,138069.0,17890090.0
2021-02-17,128.5251,129.3597,126.3159,127.3469,131378.0,16766106.35
2021-02-18,128.2796,128.6233,126.9541,127.5923,86644.0,11057592.3
2021-02-19,128.0833,128.0833,125.4322,126.0214,140572.0,17766048.4
2021-02-22,126.0214,127.2978,121.5539,121.9957,220606.0,27207677.45
2021-02-23,122.634,124.1558,118.2156,119.3447,224778.0,27113284.5
2021-02-24,120.7684,123.2231,120.7684,122.3394,73670.0,8988747.45
2021-02-25,123.9104,124.8431,122.8303,124.4995,79645.0,9873457.45
2021-02-26,123.714,126.1686,121.7994,122.2903,170892.0,21104269.2
2021-03-01,124.0576,124.0576,121.2594,121.8976,70935.0,8641151.85
2021-03-02,122.5358,123.6649,121.5048,121.7503,68233.0,8343995.3
2021-03-03,122.3885,126.1686,121.2103,123.6158,350316.0,43356284.1
2021-03-04,122.683,131.6179,122.2903,128.8687,323706.0,41489039.8
2021-03-05,131.1761,134.0726,122.0939,123.2231,507065.0,63975572.3
2021-03-08,124.6468,126.0214,121.2594,122.0939,227111.0,27948867.75
2021-03-09,123.714,124.3522,119.6884,120.4248,266212.0,32431952.7
2021-03-10,121.7503,123.3703,119.7866,121.3575,166054.0,20193424.45
2021-03-12,122.3394,122.5849,120.0811,121.2594,78887.0,9577049.25
2021-03-15,122.7321,122.7321,118.3138,118.7065,137890.0,16408635.95
2021-03-16,119.2956,119.2956,117.5283,117.7738,140849.0,16624327.15
2021-03-17,117.0865,118.3629,114.0427,116.4973,82459.0,9654409.4
2021-03-18,116.0555,118.0192,113.2081,114.2882,109049.0,12547403.35
2021-03-19,112.4226,113.8954,108.4952,110.6062,162808.0,18070508.6
2021-03-22,110.5571,115.8591,110.5571,114.5827,61855.0,6998690.65
2021-03-23,114.5827,117.6265,114.5827,117.1846,53395.0,6222837.1
2021-03-24,113.8954,116.7428,113.3554,114.3864,102543.0,11751084.4
2021-03-25,114.4845,114.9755,109.3298,110.3116,107779.0,11941115.9
2021-03-26,110.9989,111.9317,109.968,110.3116,54910.0,6090709.05
2021-03-30,111.6372,111.6372,107.0224,107.7097,99798.0,10867033.6
2021-03-31,108.0043,110.9499,104.175,107.2679,172145.0,18667033.7
2021-04-01,108.8389,112.8154,108.4952,111.2444,58230.0,6433958.85
2021-04-05,108.2497,110.8517,107.1206,109.2807,67728.0,7341282.2
2021-04-06,113.8463,113.8463,109.2316,110.8026,43836.0,4840356.7
2021-04-07,109.5262,111.9808,109.5262,111.8826,44727.0,4983760.55
2021-04-08,112.8154,113.8954,109.968,110.5571,42694.0,4777043.75
2021-04-09,110.6062,111.9317,110.5571,110.9989,47022.0,5229585.15
2021-04-12,109.0843,109.8698,105.0587,105.746,100178.0,10675206.9
2021-04-13,105.1078,108.0043,105.1078,107.7588,37962.0,4071495.4
2021-04-15,109.8207,109.8207,106.0897,107.0715,36091.0,3866737.2
2021-04-16,108.937,108.9861,106.5315,107.4152,52556.0,5651466.2
2021-04-19,104.5678,106.0406,103.1441,104.0278,73642.0,7671705.9
2021-04-20,101.1804,109.0843,100.1494,102.7513,157643.0,16359999.85
2021-04-22,104.4696,104.8623,101.6222,101.8186,130169.0,13354292.15
2021-04-23,101.9168,103.4386,100.4931,101.3767,220200.0,22300939.7
2021-04-26,103.095,105.5987,101.6222,105.0587,186337.0,19466030.7
2021-04-27,107.9061,109.428,106.4333,108.5934,130982.0,14177076.9
2021-04-28,109.8207,110.3116,106.5315,107.4152,86626.0,9411914.1
2021-04-29,107.9552,108.5934,104.6169,105.746,81788.0,8749158.2
2021-04-30,106.7279,106.7279,104.1259,106.4824,79811.0,8447643.3
2021-05-03,107.857,107.857,105.5987,107.0224,43814.0,4685956.65
2021-05-04,107.5624,108.6916,107.0715,107.1697,55804.0,6016280.8
2021-05-05,108.7898,108.7898,107.2679,108.0043,39455.0,4259835.05
2021-05-06,108.5443,108.5443,106.777,107.5624,33305.0,3581326.1
2021-05-07,108.1025,108.5443,106.286,107.317,45660.0,4900469.75
2021-05-10,107.317,108.8389,106.7279,107.5624,52889.0,5693237.7
2021-05-11,108.0043,113.1099,106.5315,110.4589,225547.0,24881024.75
2021-05-12,112.9136,116.7428,112.079,114.2391,192618.0,21961892.8
2021-05-14,114.2391,115.761,110.6062,113.9936,108487.0,12304382.55
2021-05-17,115.6628,115.6628,113.8954,114.3864,75298.0,8646234.35
2021-05-18,116.841,124.6959,116.5464,122.5849,681770.0,82195825.65
2021-05-19,122.9285,128.9669,121.1121,127.6905,809473.0,102011023.3
2021-05-20,131.5689,134.3181,130.587,132.1089,1289989.0,170261318.95
2021-05-21,133.2871,135.0054,131.4707,133.1398,463910.0,61875588.55
2021-05-24,135.9872,136.4781,133.5326,134.5635,563739.0,76015997.45
2021-05-25,136.4781,141.682,135.2999,137.6564,1334363.0,184533736.15
2021-05-26,138.9328,139.3255,136.0363,136.429,452779.0,62448313.9
2021-05-27,137.3618,140.8965,132.8944,138.2946,695412.0,95803012.5
2021-05-28,138.7855,139.3746,135.1526,135.9872,284312.0,38885361.75
2021-05-31,135.889,136.3309,133.1398,133.9744,336189.0,45299758.8
2021-06-01,133.9744,135.9381,132.7471,132.9925,238227.0,31922652.65
2021-06-02,133.8271,136.0363,133.3362,134.269,144132.0,19410438.15
2021-06-03,135.2017,135.4963,134.0235,134.2199,175875.0,23656423.35
2021-06-04,135.7908,144.7748,134.8581,142.0256,2714125.0,384184570.1
2021-06-07,143.8421,144.7257,142.5657,143.253,597004.0,85869435.0
2021-06-08,144.333,147.7695,144.0384,145.7567,995026.0,145215802.25
2021-06-09,147.3768,147.3768,138.4419,139.3255,787668.0,111888918.35
2021-06-10,140.2583,141.8784,139.8165,141.142,373456.0,52605810.25
2021-06-11,142.1729,143.9893,140.2583,141.9765,284290.0,40416715.05
2021-06-14,142.8602,142.8602,136.1345,139.7183,270774.0,37760268.65
2021-06-15,140.4547,141.2401,138.6873,139.3255,145915.0,20414902.3
2021-06-16,140.111,140.8965,138.1964,138.7855,141609.0,19715662.0
2021-06-17,137.7055,140.2092,134.5144,136.0363,198165.0,27262099.55
2021-06-18,135.1035,137.2636,130.9306,132.3052,364290.0,48430246.45
2021-06-21,132.0598,132.5507,130.2924,131.8143,228413.0,30042578.8
2021-06-22,133.6308,139.1782,132.7962,134.7599,311777.0,42569518.8
2021-06-23,137.3127,138.8837,134.3181,135.0054,236276.0,32296275.55
2021-06-24,136.7236,136.7236,134.6126,135.0544,59637.0,8064489.5
2021-06-25,135.1035,141.3874,133.9253,135.2508,377461.0,51472314.7
2021-06-28,135.9381,136.6254,132.7962,135.0054,197443.0,26705354.3
2021-06-29,139.6692,140.7001,135.4963,136.0854,430880.0,59443012.95
2021-06-30,137.0182,138.3928,135.4963,135.8399,156887.0,21391093.65
2021-07-01,135.8399,136.2818,133.5326,134.0726,88688.0,11944001.8
2021-07-02,134.5144,135.0544,133.6308,133.9253,91862.0,12332817.65
2021-07-05,136.0363,139.8165,135.4963,136.8709,331417.0,45443244.65
2021-07-06,137.46,138.9819,134.0726,134.809,499567.0,68436827.5
2021-07-07,135.4963,138.2946,133.9744,134.4162,859386.0,116532774.4
2021-07-08,135.0054,137.3618,131.1761,134.7599,293656.0,39336938.55
2021-07-09,134.3181,136.8709,132.9925,133.5326,294290.0,39628185.85
2021-07-12,133.5326,135.3981,132.9435,133.5326,149790.0,20091668.2
2021-07-13,134.6617,137.8527,131.9616,135.2508,386451.0,52479976.1
2021-07-14,135.5945,136.0363,134.3181,134.6126,74803.0,10105007.1
2021-07-15,133.7289,135.5454,133.5326,133.8271,128690.0,17300766.55
2021-07-16,134.4162,136.1836,133.3362,133.5817,155558.0,20862575.0
2021-07-19,133.5326,134.1217,131.3725,132.9435,205205.0,27134010.3
2021-07-20,131.0779,132.5998,128.476,129.1142,183449.0,23826756.75
2021-07-22,131.0288,131.0288,127.6414,128.7215,167720.0,21707254.6
2021-07-23,130.3415,130.3415,127.936,128.5742,82962.0,10697896.5
2021-07-26,129.1633,130.047,126.6596,127.4941,121806.0,15652558.45
2021-07-27,127.4941,129.0651,127.1505,127.6414,108965.0,13952064.6
2021-07-28,127.8378,130.4397,125.825,127.0523,119751.0,15294308.55
2021-07-29,127.6905,129.1633,127.2487,127.9851,68019.0,8713575.75
2021-07-30,129.6051,131.4707,128.8197,129.0651,210954.0,27434988.3
2021-08-02,129.1142,130.4888,128.6724,129.8015,73439.0,9505168.9
2021-08-03,130.4888,130.8816,128.1324,128.9178,71114.0,9203449.55
2021-08-04,130.5379,130.5379,127.6905,127.9851,63227.0,8157395.3
2021-08-05,128.1324,128.1324,125.3832,126.0705,121065.0,15279226.1
2021-08-06,126.6596,131.0779,125.6777,127.1996,308374.0,39364881.4
2021-08-09,129.1142,129.1142,124.8922,125.7759,71454.0,9046742.0
2021-08-10,126.365,127.5432,119.7866,122.7812,138129.0,17150359.5
2021-08-11,124.4013,124.9904,116.841,120.8175,178459.0,21297605.5
2021-08-12,121.6521,126.5614,121.6521,124.6959,165588.0,20684054.7
2021-08-13,125.9232,128.0342,125.4322,125.9232,104527.0,13265602.85
2021-08-16,127.6414,127.6414,124.4013,125.1868,46650.0,5843667.8
2021-08-17,125.825,126.1686,121.063,122.143,80357.0,9881272.7
2021-08-18,122.7812,123.5176,120.9648,122.143,47962.0,5866369.7
2021-08-20,119.3938,121.3575,118.412,119.9829,74916.0,8965869.85
2021-08-23,120.1793,121.7012,114.9264,116.7428,91597.0,10761189.65
2021-08-24,117.1356,120.6702,115.5646,119.7866,51186.0,6047633.3
2021-08-25,119.7866,123.714,118.8538,120.7193,57784.0,6958444.85
2021-08-26,121.3575,121.3575,119.6393,119.9338,19446.0,2337608.25
2021-08-27,119.0011,121.7012,119.0011,120.4739,33716.0,4059273.8
2021-08-30,119.0502,122.7321,119.0502,121.3575,48397.0,5882509.8
2021-08-31,120.4739,121.9467,118.8047,120.3266,55533.0,6684451.05
2021-09-01,119.3938,125.5304,119.3938,124.794,122601.0,15088091.55
2021-09-02,122.9776,127.2978,120.9648,124.1067,153158.0,19189956.45
2021-09-03,123.714,126.1686,123.714,124.0576,54811.0,6842153.75
2021-09-06,124.2049,126.0705,122.7812,123.2231,35286.0,4383884.15
2021-09-07,123.8613,124.0576,121.5048,122.683,45327.0,5561346.75
2021-09-08,124.6468,125.5795,122.0448,123.9595,55918.0,6893628.8
2021-09-09,123.9595,134.2199,122.8303,131.127,1006818.0,131904564.15
2021-09-13,131.9616,132.8944,128.1324,129.9979,286149.0,37482283.95
2021-09-14,131.2252,134.4162,130.1452,130.8816,344188.0,45663372.8
2021-09-15,131.5689,131.8143,129.7033,130.5379,96644.0,12668793.65
2021-09-16,130.587,131.667,127.2487,129.016,90638.0,11780812.4
2021-09-17,130.4397,131.5689,127.6905,128.3778,98720.0,12764672.2
2021-09-20,129.8506,146.0022,127.6414,134.5144,3452816.0,483997044.9
2021-09-21,135.6927,141.0438,134.7108,136.92,611419.0,83793852.45
2021-09-22,138.4419,145.3149,136.6254,141.5347,1009815.0,143390681.25
2021-09-23,142.3693,150.2241,138.0982,139.2764,1542743.0,223114954.4
2021-09-24,141.2892,141.3874,132.5507,137.7546,355243.0,48738442.2
2021-09-27,140.0619,150.2241,136.0854,143.5966,3073770.0,448834534.65
2021-09-28,144.333,151.5006,141.6329,145.5112,2228420.0,330366673.15
2021-09-29,144.333,149.4877,143.5966,144.3821,577955.0,84950237.8
2021-09-30,144.0384,146.8858,142.3693,142.6638,233547.0,33655917.45
2021-10-01,140.8965,146.6404,140.651,142.1729,410765.0,59085054.8
2021-10-04,143.0566,147.4749,141.682,143.1548,393801.0,56805076.5
2021-10-05,143.793,146.6404,142.762,143.4984,350698.0,50578124.65
2021-10-06,143.4984,147.0822,136.4781,138.2455,603961.0,86485288.2
2021-10-07,141.2401,144.8239,140.5038,141.5838,426417.0,60770476.3
2021-10-08,144.333,150.0769,143.5475,144.1366,1062962.0,156027661.65
2021-10-11,144.9712,150.0278,143.6948,145.2167,1084367.0,159349101.75
2021-10-12,146.1003,149.0459,144.5294,145.1676,510709.0,74934991.8
2021-10-13,146.0512,151.5987,144.0384,147.0822,1862312.0,276468155.75
2021-10-14,149.7332,150.2241,144.333,145.1185,637574.0,93442111.2
2021-10-18,146.6895,155.6244,145.4621,152.777,2159585.0,329283546.75
2021-10-19,157.0971,158.619,148.4568,150.4205,996148.0,153205009.6
2021-10-20,150.3223,156.6062,146.1494,150.3714,2261594.0,344856406.15
2021-10-21,153.6606,155.0352,148.7514,150.4205,389312.0,58881246.45
2021-10-22,152.1879,152.6788,144.333,145.2658,295734.0,43760701.25
2021-10-25,147.2786,149.2423,141.1911,143.8912,296155.0,42809232.5
2021-10-26,144.7748,146.7876,143.5966,145.1676,139494.0,20299336.7
2021-10-27,145.904,148.4077,145.3149,146.6895,170616.0,25035540.2
2021-10-28,145.3149,146.7876,144.4803,144.873,208405.0,30300057.3
2021-10-29,144.7257,144.8239,140.4056,141.4365,146425.0,20893213.65
2021-11-01,145.2167,145.2167,141.3874,142.3202,108829.0,15502097.0
2021-11-02,143.0566,145.7076,142.4675,143.302,112978.0,16259723.1
2021-11-03,143.8421,147.1804,141.0438,143.0075,169474.0,24464459.9
2021-11-04,144.2348,145.3149,143.1548,144.6766,69675.0,10077394.25
2021-11-08,146.2967,148.7514,144.333,147.6713,327345.0,48125559.45
2021-11-09,148.9477,152.0897,147.4258,148.4568,360007.0,53833921.6
2021-11-10,148.2604,150.666,147.5731,147.9168,155622.0,23195458.1
2021-11-11,147.9659,148.4568,144.4312,145.8058,127218.0,18596465.9
2021-11-12,147.2786,147.8677,144.6276,145.2167,87150.0,12691320.2
2021-11-15,144.8239,146.5913,142.7129,143.4002,150257.0,21630997.35
2021-11-16,146.2967,148.015,145.413,146.0022,308595.0,45281314.35
2021-11-17,146.2967,148.555,143.5966,145.1185,245371.0,35979463.9
2021-11-18,145.1185,146.2476,140.5038,141.3383,151267.0,21487161.45
2021-11-22,141.3874,141.9765,135.1035,136.8218,163424.0,22533699.5
2021-11-23,136.7236,138.9819,134.2199,137.1163,129799.0,17787096.3
2021-11-24,137.8036,140.3565,134.7599,137.46,177317.0,24543553.7
2021-11-25,137.46,139.031,137.2145,138.1964,57983.0,8009312.65
2021-11-26,135.4963,136.8709,127.936,131.4216,290631.0,38797923.55
2021-11-29,126.7578,130.4888,123.4685,126.1195,216929.0,27442078.45
2021-11-30,124.6959,130.047,124.6959,126.7087,107577.0,13760164.15
2021-12-01,126.7578,128.0342,125.7268,127.2978,60304.0,7659000.15
2021-12-02,127.396,129.016,125.6777,128.4269,83303.0,10659752.4
2021-12-03,129.507,132.5507,128.7215,129.4088,102726.0,13398073.75
2021-12-06,132.9435,132.9435,124.7449,125.3832,118380.0,15023827.0
2021-12-07,127.0523,129.9979,126.5123,128.9669,86904.0,11130732.85
2021-12-08,130.1452,132.4525,130.1452,131.8143,93540.0,12286934.4
2021-12-09,132.5507,134.0235,131.5689,133.3362,69196.0,9198928.05
2021-12-10,133.9744,134.2199,132.3543,133.4835,47212.0,6299142.8
2021-12-13,135.4963,137.3618,134.0235,135.0054,91913.0,12466058.2
2021-12-14,132.5507,134.6617,132.2562,132.8944,43026.0,5727231.85
2021-12-15,133.5326,135.2017,132.3543,134.269,94570.0,12681967.0
2021-12-16,134.5144,135.4472,129.0651,130.7343,74904.0,9866315.8
2021-12-17,130.7343,130.8816,127.1505,128.1324,64621.0,8294098.95
2021-12-20,125.2359,126.5123,120.7684,123.714,272031.0,33509224.85
2021-12-21,123.9104,126.365,119.0993,122.2903,119447.0,14671288.7
2021-12-22,122.9285,126.0705,122.8303,125.5795,49343.0,6158997.2
2021-12-23,126.1686,127.0032,123.714,124.8922,39506.0,4956347.5
2021-12-24,124.8922,125.1868,122.634,122.9776,38467.0,4754207.55
2021-12-27,120.9157,122.9776,120.8175,121.7503,46149.0,5623087.9
2021-12-28,121.7503,124.2049,119.9338,123.8613,47774.0,5884045.1
2021-12-29,122.7812,124.8922,121.3575,122.634,47093.0,5821923.4
2021-12-30,123.2722,123.2722,121.7503,121.9467,43778.0,5352667.5
2021-12-31,122.5849,128.6233,121.7994,125.4813,86403.0,10710016.4
2022-01-03,125.1377,138.9328,123.9595,129.4088,281887.0,36611419.75
2022-01-04,130.0961,132.5507,127.936,128.1324,94069.0,12180302.35
2022-01-05,127.6905,127.6905,124.8922,125.7268,86692.0,10962787.9
2022-01-06,125.7268,128.2305,123.9104,127.4941,77296.0,9773605.25
2022-01-07,128.0833,129.7524,126.5123,129.2615,121373.0,15605282.45
2022-01-10,129.9488,131.2252,127.2487,129.507,122025.0,15800458.75
2022-01-11,130.1943,131.4707,128.6233,129.6542,114971.0,14921784.75
2022-01-12,129.1142,136.5763,129.1142,133.0416,385989.0,51638428.15
2022-01-13,135.2017,135.2999,132.5507,133.4835,107600.0,14412203.15
2022-01-14,133.4344,142.3202,132.3543,140.3074,675082.0,94015606.45
2022-01-17,140.3074,140.4547,136.5763,137.2636,150146.0,20777994.85
2022-01-18,137.46,139.1782,134.5144,134.7599,123546.0,16926539.55
2022-01-19,134.0235,137.46,132.0107,134.5635,130999.0,17519563.65
2022-01-20,134.5635,136.1836,132.7471,134.3671,65257.0,8790761.35
2022-01-21,134.0235,135.7908,130.587,132.0598,108049.0,14406055.95
2022-01-24,130.3906,132.5507,126.7087,128.3778,121988.0,15661231.1
2022-01-25,128.3778,131.3234,127.6905,130.1943,53676.0,6970250.6
2022-01-27,130.4888,133.778,128.1324,132.0598,46366.0,6064968.7
2022-01-28,132.7471,136.2818,132.5998,133.4344,84197.0,11308144.5
2022-01-31,134.1217,145.0203,133.5326,136.6745,1260397.0,176336762.55
2022-02-01,137.3618,139.6201,134.5635,136.38,268537.0,36877193.2
2022-02-02,137.0673,139.6201,135.0544,135.4963,157726.0,21615437.1
2022-02-03,135.889,137.2636,134.7108,135.0054,122515.0,16600535.05
2022-02-04,135.5945,136.92,133.7289,134.3181,74816.0,10104590.75
2022-02-07,134.0235,136.38,133.8762,134.809,91587.0,12364886.4
2022-02-08,135.4472,136.4781,131.5689,132.8453,82055.0,10972774.6
2022-02-09,133.6308,134.4162,132.4034,133.238,40976.0,5451762.7
2022-02-10,133.238,134.269,131.7652,132.9435,51435.0,6851360.65
2022-02-11,131.5689,132.4525,130.9797,131.1761,77790.0,10233149.7
2022-02-14,127.6905,129.556,124.3522,125.0886,98866.0,12564407.75
2022-02-15,125.7268,128.6233,123.0267,127.9851,124101.0,15608510.65
2022-02-16,128.6724,131.2743,128.2305,129.7524,62872.0,8150318.85
2022-02-17,130.4397,135.7908,129.7033,132.5998,333909.0,44503662.35
2022-02-18,132.5507,136.7727,130.8816,131.8143,249868.0,33479288.2
2022-02-21,132.3543,138.3437,129.2615,133.3853,791733.0,105787912.0
2022-02-22,130.587,135.4472,129.6051,133.3362,251838.0,33399129.45
2022-02-23,133.3362,139.4237,133.3362,134.5144,528185.0,71922861.9
2022-02-24,126.6596,131.0779,121.2594,122.2903,273364.0,34592625.5
2022-02-25,124.6959,129.507,124.6959,127.6905,161666.0,20664853.65
2022-02-28,126.9541,131.4216,124.254,129.8997,134625.0,17204427.2
2022-03-02,128.6233,130.7834,127.7396,128.5742,64278.0,8297074.05
2022-03-03,130.9797,132.4034,129.0651,129.8015,131774.0,17257449.7
2022-03-04,129.6051,130.0961,125.7759,126.8068,89241.0,11415873.1
2022-03-07,123.7631,127.5432,123.2231,124.8431,85784.0,10742760.55
2022-03-08,123.3703,131.3725,123.3703,129.3106,126445.0,16158185.05
2022-03-09,130.5379,132.8453,129.507,131.3234,208620.0,27381648.25
2022-03-10,133.4344,134.3671,129.7033,130.4397,98109.0,12992689.2
2022-03-11,128.9178,132.3052,128.9178,130.9306,60367.0,7913469.35
2022-03-14,131.4216,133.8271,131.0779,133.0907,102138.0,13545778.1
2022-03-15,134.0235,136.2818,130.8325,131.6179,123131.0,16517275.3
2022-03-16,132.0598,143.3511,131.5689,140.7492,510258.0,71050644.85
2022-03-17,142.1238,143.3511,138.54,140.5528,286537.0,40357599.65
2022-03-21,142.2711,142.3202,138.7364,139.6201,108378.0,15197651.6
2022-03-22,140.3565,143.793,138.5891,139.9637,409018.0,57864179.85
2022-03-23,141.8784,147.2786,139.8165,140.651,1072038.0,154126515.15
2022-03-24,141.1911,141.8784,136.1345,137.4109,217047.0,30070293.95
2022-03-25,138.0491,144.2348,138.0491,140.7492,541802.0,76782683.1
2022-03-28,143.302,152.1879,141.9765,148.7023,1802282.0,268211734.2
2022-03-29,150.126,151.3533,146.2967,148.9968,449992.0,67033813.25
2022-03-30,150.2241,157.0971,148.7514,152.0406,906577.0,139619147.0
2022-03-31,152.5806,152.5806,149.2423,149.8314,221715.0,33301899.4
2022-04-01,149.3405,161.0246,149.3405,156.5571,1276136.0,200937870.25
2022-04-04,159.0118,164.6574,156.1644,163.381,1052194.0,169678397.45
2022-04-05,167.8976,171.825,163.381,164.952,1702368.0,287172266.9
2022-04-06,164.952,172.8069,163.9701,168.5849,1236996.0,208824763.7
2022-04-07,170.8431,170.8431,162.0064,163.0865,420973.0,70167014.5
2022-04-08,163.0865,168.5849,162.9883,165.1484,327959.0,54504010.25
2022-04-11,166.5721,169.714,165.4429,168.9776,346283.0,58226619.95
2022-04-12,168.8794,180.5635,164.0192,169.8613,1755126.0,305693131.0
2022-04-13,171.1377,179.5817,170.3522,178.0107,1268186.0,224335296.35
2022-04-18,178.9435,182.9691,172.9541,178.4525,909735.0,162384968.6
2022-04-19,178.5998,181.2508,163.3319,171.1868,464441.0,81821358.65
2022-04-20,169.9595,178.6489,169.9595,174.3778,680079.0,119787114.35
2022-04-21,175.2615,176.9797,171.9232,172.365,167354.0,29142536.75
2022-04-22,171.825,176.9797,166.1793,168.0939,454555.0,78477113.85
2022-04-25,164.952,167.7503,163.1847,164.5593,188183.0,31179083.3
2022-04-26,166.032,173.0523,157.4408,169.2231,473718.0,80284447.7
2022-04-27,166.9648,172.6105,165.492,170.6959,355170.0,60381554.45
2022-04-28,173.396,174.2796,167.603,169.6158,238216.0,40872752.7
2022-04-29,170.8431,171.5304,163.3319,166.5721,260732.0,43887580.65
2022-05-02,163.2828,170.3031,162.1046,168.6831,383767.0,64111660.6
2022-05-04,170.5486,172.3159,162.3501,163.872,396693.0,66705630.25
2022-05-05,166.8175,167.603,158.7172,159.7972,152982.0,24971942.6
2022-05-06,158.0299,158.0299,152.286,155.1334,190134.0,29476298.35
2022-05-09,155.1334,155.9189,149.2423,150.6169,152470.0,23187220.25
2022-05-10,150.7151,157.9317,141.3874,143.3511,610255.0,91467709.25
2022-05-11,143.3511,144.7748,136.4781,139.0801,270088.0,37733489.95
2022-05-12,137.9509,139.0801,133.5326,134.4653,134276.0,18150517.05
2022-05-13,134.6126,146.2967,134.6126,142.4184,181456.0,25363810.0
2022-05-16,142.4184,144.4803,139.031,140.9947,109843.0,15537978.85
2022-05-17,141.7311,151.206,141.4365,148.1622,115829.0,16884689.6
2022-05-18,150.126,151.206,147.3277,148.6041,128336.0,19195252.65
2022-05-19,146.1985,146.1985,142.3693,144.0384,82508.0,11894591.85
2022-05-20,147.1804,147.1804,142.9584,144.4803,77881.0,11268043.45
2022-05-23,147.1313,147.1313,142.7129,145.0694,59142.0,8557954.1
2022-05-24,145.7567,145.7567,139.4237,140.2092,55780.0,7921192.95
2022-05-25,140.9456,141.2401,134.0726,135.0544,54169.0,7409948.75
2022-05-26,135.4963,140.3565,129.7033,138.4419,160785.0,21543350.15
2022-05-27,139.1782,141.682,137.0182,138.8837,132216.0,18391503.6
2022-05-30,139.6201,146.7876,139.6201,141.9274,92893.0,13184851.65
2022-05-31,142.3693,146.444,141.3874,142.9093,106297.0,15292813.5
2022-06-01,142.3693,148.1622,141.9765,146.0022,134974.0,19638370.8
2022-06-02,147.2786,149.1441,143.8912,145.7567,96492.0,14067930.8
2022-06-03,146.444,147.2786,143.4984,144.3821,59179.0,8609558.3
2022-06-06,142.3693,144.2348,139.4237,140.0619,82676.0,11672356.35
2022-06-07,140.4056,140.7492,138.1964,138.5891,52382.0,7272350.0
2022-06-08,138.9328,140.3074,136.6745,137.8036,57550.0,7948624.05
2022-06-09,137.6564,140.4056,136.2327,138.0491,44437.0,6112537.8
2022-06-10,138.7855,138.7855,132.3543,134.3671,93948.0,12699178.2
2022-06-13,133.9744,133.9744,130.4397,131.3725,51053.0,6730212.2
2022-06-14,131.3725,134.1217,127.6414,129.507,64824.0,8475075.9
2022-06-15,129.507,132.4034,129.4579,130.7834,29181.0,3829799.8
2022-06-16,131.8143,135.4963,122.7812,124.8431,81606.0,10511795.85
2022-06-17,125.1868,128.4269,122.7812,127.0032,79004.0,9877872.1
2022-06-20,127.6414,127.6905,119.1484,121.4557,106048.0,13017722.8
2022-06-21,122.0939,126.5123,120.1793,124.5486,238344.0,29220459.45
2022-06-22,123.9595,124.6959,122.2412,122.7812,45931.0,5661200.8
2022-06-23,123.4194,125.1868,122.7321,124.254,25986.0,3225278.75
2022-06-24,124.8922,130.2924,124.8922,129.6051,41063.0,5242700.2
2022-06-27,134.2199,135.4963,129.7524,134.9072,96922.0,12917303.15
2022-06-28,133.9253,134.5144,131.667,133.8762,40590.0,5393889.5
2022-06-29,134.0235,134.4162,131.8634,133.4835,33252.0,4431160.3
2022-06-30,132.5998,134.4653,130.6852,131.3725,38065.0,5031323.3
2022-07-01,132.0598,133.4835,130.6852,132.8944,31351.0,4134404.55
2022-07-04,133.5817,137.4109,132.8944,134.9072,51957.0,7006703.95
2022-07-05,135.4963,138.8346,134.5144,135.349,103295.0,14122810.2
2022-07-06,136.0363,138.3928,133.7289,137.6564,60463.0,8264075.2
2022-07-07,138.0982,140.7001,137.5582,138.1964,74954.0,10428014.2
2022-07-08,138.9328,141.4365,137.6564,138.0491,108755.0,15157714.15
2022-07-11,138.0491,140.2092,137.5091,139.6692,326701.0,45613513.95
2022-07-12,140.3565,141.3874,139.2764,140.4056,43402.0,6093838.55
2022-07-13,141.142,142.3202,138.4909,138.7855,44429.0,6203363.85
2022-07-14,139.5219,139.5219,136.7236,137.5091,25416.0,3509836.5
2022-07-15,138.2455,141.9765,137.0182,140.9947,63145.0,8814915.4
2022-07-18,140.4056,144.333,140.4056,143.3511,85879.0,12226397.4
2022-07-19,143.3511,144.7748,140.0619,142.0747,51929.0,7410006.75
2022-07-20,144.333,146.1003,142.4184,143.302,84982.0,12246429.4
2022-07-21,145.5112,145.5112,143.4493,145.0203,54686.0,7904621.0
2022-07-22,143.0566,145.8549,143.0566,145.1676,62088.0,9001408.0
2022-07-25,144.4803,147.0331,142.5166,145.7076,68219.0,9884058.6
2022-07-26,144.0384,154.2988,144.0384,149.9787,373761.0,56237320.25
2022-07-27,152.1879,153.0715,148.5059,149.3405,75071.0,11252558.15
2022-07-28,149.2423,152.8261,147.524,149.1441,94221.0,14118971.4
2022-07-29,150.2241,152.1879,146.5422,148.1131,109483.0,16337665.6
2022-08-01,148.8986,152.3842,148.6532,150.9605,131750.0,19896525.35
2022-08-02,150.9605,156.1153,150.8133,154.2498,346046.0,53210209.3
2022-08-03,155.1334,169.8613,152.8752,158.4717,2896850.0,472292203.3
2022-08-04,160.2391,160.2391,154.4461,155.1825,285903.0,45021464.6
2022-08-05,155.968,161.4173,153.9061,157.9808,264530.0,41728613.7
2022-08-08,158.7663,161.3682,157.8826,160.1409,199087.0,31895543.05
2022-08-10,160.9755,165.2466,160.19,162.1537,241430.0,39256942.7
2022-08-11,162.9883,163.872,158.9627,159.4536,119940.0,19305067.2
2022-08-12,160.2882,160.9755,156.8517,160.0427,109538.0,17383775.85
2022-08-16,161.3191,163.7738,160.0427,162.6446,139965.0,22743328.25
2022-08-17,162.6446,163.9701,162.0064,162.4974,124204.0,20198227.6
2022-08-18,162.8901,166.8666,162.6446,164.8047,190160.0,31333501.6
2022-08-19,165.8357,166.6212,159.0118,161.8101,107215.0,17477495.6
2022-08-22,161.5155,161.5155,159.0118,159.4536,53966.0,8617742.6
2022-08-23,158.079,162.3501,157.0971,160.5827,89593.0,14342724.9
2022-08-24,160.5827,166.4248,157.0971,164.1174,182297.0,29936354.25
2022-08-25,164.1174,168.3885,163.9701,165.6884,144460.0,24031232.9
2022-08-26,165.6884,168.8794,163.921,166.3266,188832.0,31558737.15
2022-08-29,161.0246,169.8122,161.0246,166.6702,148314.0,24756079.6
2022-08-30,168.2903,170.3522,166.9157,168.0939,145834.0,24584331.8
2022-09-01,168.0939,171.825,165.9339,170.4504,188899.0,32148527.2
2022-09-02,171.825,181.2508,171.0886,178.5507,853885.0,151575453.85
2022-09-05,179.4835,184.9819,174.7706,176.1943,518194.0,93002988.6
2022-09-06,178.5998,180.0235,174.7706,176.2434,146766.0,25942673.15
2022-09-07,176.2434,189.3511,175.7524,187.0929,1146673.0,211605309.05
2022-09-08,189.4984,190.873,181.6436,182.4781,523851.0,97265328.85
2022-09-09,184.0982,185.2273,178.8944,180.0726,195011.0,35503303.1
2022-09-12,181.3981,182.5272,176.9797,177.618,167062.0,30030662.0
2022-09-13,179.5817,182.38,177.2252,178.0107,162044.0,29004981.2
2022-09-14,176.2924,184.2946,174.7706,182.7727,300142.0,54369014.5
2022-09-15,184.3928,190.6767,177.9125,188.8111,769790.0,142860440.1
2022-09-16,190.3821,190.4803,180.1217,183.2145,571944.0,106787677.1
2022-09-19,185.2764,190.1857,182.6254,185.6692,298152.0,55764607.2
2022-09-20,186.5529,193.3277,182.8709,185.571,464415.0,88022037.05
2022-09-21,186.0619,188.4675,180.3672,182.1836,190156.0,34891282.25
2022-09-22,182.5272,189.4002,181.9381,185.2764,237514.0,44306626.85
2022-09-23,186.1601,196.0278,184.0982,187.4856,754432.0,143936194.15
2022-09-26,186.5529,187.1911,172.8069,179.6799,344354.0,61562585.25
2022-09-27,181.349,188.222,179.0907,182.7727,276372.0,50654215.85
2022-09-28,179.238,187.0438,178.9435,185.0801,213110.0,39177246.6
2022-09-29,188.222,188.222,181.4963,183.7546,125153.0,23136998.8
2022-09-30,183.6564,186.0128,180.6617,183.1164,88965.0,16332488.4
2022-10-03,183.1164,198.0406,183.1164,192.6404,1250388.0,242476293.8
2022-10-04,195.3896,207.5646,194.4568,203.5881,1611415.0,326491252.5
2022-10-06,206.0427,208.1046,200.7407,203.3426,511767.0,104711861.95
2022-10-07,202.9499,207.5646,199.7097,206.0427,329782.0,67423981.9
2022-10-10,201.1825,204.9627,198.7279,200.397,254959.0,51473936.6
2022-10-11,201.428,202.3608,190.6276,192.444,187172.0,36700916.85
2022-10-12,192.444,194.1132,184.4419,189.9894,184985.0,35013750.65
2022-10-13,190.333,192.3949,184.5891,185.8165,115523.0,21643369.5
2022-10-14,189.4984,191.904,183.8037,185.4728,84181.0,15802266.75
2022-10-17,185.571,191.3149,181.6436,190.333,116029.0,21719162.3
2022-10-18,191.4621,192.2476,187.7311,189.0075,86803.0,16513982.5
2022-10-19,189.9403,190.4803,185.8656,186.8474,92342.0,17330305.75
2022-10-20,185.571,188.5166,184.1473,187.3874,48675.0,9073861.8
2022-10-21,188.3202,188.762,183.8527,185.2764,81076.0,15104959.55
2022-10-24,185.3255,188.5166,185.3255,188.0747,25770.0,4829969.6
2022-10-25,188.3693,189.0075,185.7674,187.9275,52970.0,9920346.5
2022-10-27,188.9093,189.8421,185.5219,186.6019,50029.0,9364517.75
2022-10-28,187.5838,193.524,185.6692,189.8912,335378.0,63820917.35
2022-10-31,189.8912,192.3458,188.222,189.5966,127636.0,24271523.95
2022-11-01,187.7311,190.0875,187.4365,187.8293,76266.0,14366633.05
2022-11-02,188.5166,195.3896,188.1238,193.9659,267677.0,51543362.0
2022-11-03,191.8058,194.555,188.9093,191.8549,131954.0,25356618.95
2022-11-04,192.444,200.2989,192.444,198.0897,381979.0,75307663.2
2022-11-07,198.0897,201.2316,194.2604,197.5497,308609.0,61023867.55
2022-11-09,206.0918,207.3682,198.9243,200.8389,744405.0,150822082.75
2022-11-10,200.2989,200.2989,192.5913,195.5368,110408.0,21794867.55
2022-11-11,198.0406,199.4643,190.4803,192.1494,111410.0,21586069.6
2022-11-14,194.4077,194.4077,187.7802,188.3693,109320.0,20710263.4
2022-11-15,189.3511,193.2295,187.5347,191.413,90550.0,17193604.35
2022-11-16,192.9349,202.4589,191.4621,197.4024,350299.0,69138244.25
2022-11-17,196.8624,198.8261,192.0022,194.0641,91636.0,17924601.8
2022-11-18,194.0641,198.4333,190.6767,197.5006,145315.0,28434508.7
2022-11-21,197.5006,198.237,191.4621,192.2967,105243.0,20322893.75
2022-11-22,194.4077,194.4077,189.9894,190.8239,74773.0,14331597.25
2022-11-23,191.4621,197.3533,188.5657,196.3223,149602.0,29176461.55
2022-11-24,196.9605,203.0481,192.7876,195.4878,232580.0,46451869.65
2022-11-25,196.3223,203.6372,195.3405,202.0171,298759.0,60094661.55
2022-11-28,203.2444,204.619,198.8261,200.2498,144610.0,29256917.0
2022-11-29,201.1334,203.7354,197.3533,199.2188,155168.0,31199285.65
2022-11-30,199.2188,221.3597,198.6297,219.1505,2131817.0,458787373.45
2022-12-01,221.8015,221.8997,211.0993,213.603,619868.0,134580127.4
2022-12-02,209.381,217.7759,209.381,215.9104,228886.0,49372024.3
2022-12-05,216.9904,223.8634,215.0267,217.285,374199.0,82225530.15
2022-12-06,218.1687,223.3725,216.0086,218.0214,231885.0,50815559.7
2022-12-07,218.905,220.4269,211.5902,213.8976,127055.0,27271752.1
2022-12-08,211.8848,219.5923,211.1975,212.2775,130669.0,28043044.75
2022-12-09,213.6521,220.7215,209.6265,210.8538,286887.0,62196103.15
2022-12-12,211.0502,222.8325,210.5102,219.5433,372382.0,81465641.8
2022-12-13,221.7524,222.8816,217.9723,219.2487,173143.0,38086615.95
2022-12-14,220.3778,230.4419,219.936,223.9616,523120.0,118507408.4
2022-12-15,225.6799,227.7909,220.9179,222.9798,188814.0,42491625.05
2022-12-16,221.016,231.2274,215.5667,221.3597,499608.0,112570218.55
2022-12-19,222.587,224.3544,217.9723,219.396,122988.0,27104747.25
2022-12-20,219.936,220.9179,215.5176,216.4504,98842.0,21465157.35
2022-12-21,217.285,219.8869,195.2423,197.6969,419020.0,85692891.65
2022-12-22,198.7279,202.6553,184.5891,185.1783,426518.0,80653911.35
2022-12-23,179.9253,184.1473,167.8976,170.4995,324110.0,56843520.45
2022-12-26,169.8613,190.9712,165.8848,188.3202,408666.0,74187112.75
2022-12-27,189.793,194.4077,188.0747,192.5913,153695.0,29445987.3
2022-12-28,193.4259,197.1569,190.4312,194.3095,121442.0,23562803.25
2022-12-29,191.5112,196.0278,190.1857,194.6532,112440.0,21697107.85
2022-12-30,195.5859,202.508,194.6532,201.5753,151041.0,30311796.0
2023-01-02,202.7044,210.412,202.0171,208.9392,218444.0,45311433.2
2023-01-03,212.0811,212.3757,206.2882,208.2519,127860.0,26894248.45
2023-01-04,208.9392,208.9392,200.397,201.6244,111658.0,22720423.55
2023-01-05,201.6244,202.6553,196.3714,198.237,107669.0,21436276.75
2023-01-06,200.0043,204.2263,197.746,200.3479,82115.0,16399087.3
2023-01-09,204.2263,204.9136,198.4824,200.6425,61881.0,12492013.65
2023-01-10,201.6735,201.9189,196.8624,198.3842,46451.0,9257977.45
2023-01-11,197.3533,205.65,197.3533,202.8026,114310.0,23139691.3
2023-01-12,203.8335,206.0427,198.8261,200.6425,105414.0,21204005.4
2023-01-13,202.8517,207.9082,201.0843,204.0299,246203.0,50246522.5
2023-01-16,203.2444,208.841,197.3533,205.0609,133359.0,27404543.0
2023-01-17,205.0118,205.7973,200.4461,202.1644,49495.0,10028246.4
2023-01-18,200.4952,204.7172,200.2989,201.6244,50642.0,10231883.55
2023-01-19,199.6606,202.0662,194.7023,196.8624,132838.0,26288414.5
2023-01-20,196.3714,200.1025,195.8314,197.2551,45110.0,8915904.25
2023-01-23,197.3533,204.079,196.7151,201.968,230459.0,46520823.5
2023-01-24,202.2626,203.3426,199.4152,201.4771,62580.0,12608328.55
2023-01-25,197.6969,201.2807,196.1751,198.9733,71822.0,14286286.95
2023-01-27,200.0043,201.9189,182.1836,185.571,526660.0,99437792.5
2023-01-30,185.571,190.6767,183.4109,186.3565,143031.0,26687424.55
2023-01-31,186.5529,188.5166,183.1164,185.6201,120667.0,22430703.1
2023-02-01,189.4002,197.3533,187.3383,192.0513,265372.0,51209770.75
2023-02-02,194.6041,194.9968,186.7983,187.3874,162452.0,30916247.15
2023-02-03,187.4365,190.1857,180.8581,183.5091,140783.0,25853023.6
2023-02-06,183.5582,185.2764,182.4781,183.4109,125584.0,23081463.75
2023-02-07,181.6436,183.6073,178.2562,180.1217,127492.0,23004921.25
2023-02-08,180.8581,182.3309,177.7161,179.6308,103582.0,18570653.55
2023-02-09,179.9744,182.8218,177.1761,181.2999,106543.0,19245198.75
2023-02-10,182.0363,183.6073,178.7471,179.238,80181.0,14453411.6
2023-02-13,181.349,181.349,173.7887,176.2434,120257.0,21150062.05
2023-02-14,176.2434,176.4397,173.0032,175.2124,132132.0,23053511.1
2023-02-15,172.5614,179.4835,172.5614,177.5198,166713.0,29353198.45
2023-02-16,178.4034,184.491,177.0288,182.5763,278642.0,50768892.3
2023-02-17,180.7108,184.5891,179.7289,180.9072,69139.0,12583312.65
2023-02-20,179.6799,180.8581,176.6852,177.2252,111059.0,19751649.45
2023-02-21,178.158,178.6489,175.9488,177.2252,41182.0,7296188.1
2023-02-22,176.6361,176.6361,171.825,172.8559,52359.0,9067102.05
2023-02-23,172.1686,182.3309,169.9104,180.2199,195122.0,34665438.25
2023-02-24,180.6617,186.5529,179.7289,182.9691,393090.0,72071477.05
2023-02-27,182.6254,184.54,179.3362,183.1164,101453.0,18446194.15
2023-02-28,183.1164,185.5219,181.8399,184.491,55406.0,10177510.2
2023-03-01,185.2764,191.4621,183.0673,190.0875,131948.0,24794928.45
2023-03-02,187.5838,190.2348,184.8837,185.8656,76768.0,14347597.2
2023-03-03,186.4547,187.5347,184.0491,185.6692,64083.0,11917789.05
2023-03-06,186.9947,188.5166,184.6873,185.3746,58658.0,10925039.05
2023-03-08,182.6254,193.4259,182.5763,192.3458,182347.0,34725861.1
2023-03-09,192.3949,195.8314,188.6638,191.7567,103399.0,19829088.3
2023-03-10,191.7076,196.3714,186.651,192.8367,144659.0,27872072.0
2023-03-13,192.4931,192.6404,183.7546,184.9819,70294.0,13220019.2
2023-03-14,185.8656,185.9146,180.8581,184.491,67124.0,12356463.4
2023-03-15,185.4237,186.5529,181.7418,182.5763,31904.0,5884198.25
2023-03-16,180.9072,183.1654,176.7834,182.1836,78266.0,14115421.65
2023-03-17,182.6745,186.5038,182.6745,184.2455,73377.0,13539970.6
2023-03-20,184.1964,184.1964,179.4835,180.6617,56306.0,10197864.45
2023-03-21,181.5454,183.0673,179.5326,181.2508,45736.0,8291853.7
2023-03-22,181.889,188.1729,181.2999,185.3746,101011.0,18671250.35
2023-03-23,185.571,185.571,181.7418,182.5763,26623.0,4883039.85
2023-03-24,183.46,183.46,177.8143,178.7962,33583.0,6034369.05
2023-03-27,178.7962,179.8762,171.0886,174.476,80470.0,14154269.65
2023-03-28,174.4269,180.6126,173.2487,179.1889,80052.0,14161914.15
2023-03-29,180.1217,189.0566,177.4216,183.0182,185067.0,33833922.85
2023-03-31,184.7855,188.1238,182.7236,184.3437,94983.0,17609427.2
2023-04-03,185.031,192.6895,185.031,191.6094,101893.0,19373294.4
2023-04-05,191.6094,196.126,189.0566,194.3095,160360.0,31082157.8
2023-04-06,195.2423,200.9862,194.0641,198.777,249489.0,49238814.05
2023-04-10,198.777,202.1644,195.4878,199.5134,162933.0,32466535.1
2023-04-11,200.2498,212.0811,198.1388,209.9701,465485.0,96253640.8
2023-04-12,210.1174,211.492,202.8026,205.6991,134599.0,28005281.65
2023-04-13,205.6009,210.2156,200.397,206.19,216553.0,44527151.6
2023-04-17,205.2081,210.0192,204.3245,208.6937,110520.0,22909353.3
2023-04-18,208.2028,211.1484,206.19,208.1537,66375.0,13870235.8
2023-04-19,208.3501,214.5358,207.3682,211.2466,159661.0,33881297.75
2023-04-20,212.5721,218.905,212.5721,215.174,283983.0,61300773.65
2023-04-21,215.0267,218.4141,210.1665,215.3704,197222.0,42220757.15
2023-04-24,216.9904,217.9232,212.1302,213.1121,97070.0,20803041.0
2023-04-25,213.8976,217.4814,212.4248,213.7994,119617.0,25697207.1
2023-04-26,213.7994,221.016,213.0139,218.1196,366556.0,80177993.15
2023-04-27,219.1996,219.2487,213.7994,215.5176,130325.0,28235981.0
2023-04-28,218.6596,226.809,217.5304,219.0032,619883.0,137428474.55
2023-05-02,217.9723,221.4088,216.7941,218.0705,314519.0,68946915.35
2023-05-03,216.6468,223.9616,216.6468,221.507,336057.0,74486206.45
2023-05-04,221.8506,223.5689,218.0705,219.5923,95220.0,21018532.5
2023-05-05,219.1996,220.7706,213.7503,215.174,157723.0,34333548.6
2023-05-08,215.8122,220.4269,215.0267,218.5614,138127.0,30181615.6
2023-05-09,218.9541,227.1036,217.9723,222.9798,558160.0,125200411.65
2023-05-10,222.8816,225.5326,221.016,223.6671,165503.0,37001772.55
2023-05-11,224.4525,227.1036,222.3906,224.3544,157325.0,35385106.3
2023-05-12,224.0598,227.2017,221.1142,222.0961,158151.0,35489908.15
2023-05-15,222.0961,223.127,219.0032,219.6905,59319.0,13096654.85
2023-05-16,220.2306,237.1185,219.936,235.7439,1504767.0,349752937.8
2023-05-17,237.0203,241.2914,231.7674,237.7567,950788.0,225626939.85
2023-05-18,237.364,243.8933,236.3821,237.8549,502477.0,121009774.1
2023-05-19,239.5731,242.7151,230.7855,232.7492,925297.0,219350264.25
2023-05-22,232.7001,232.7492,222.8816,224.158,294529.0,66534934.6
2023-05-23,225.1889,228.7727,221.2615,222.7834,157093.0,35424783.9
2023-05-24,221.8506,225.2871,217.1868,218.5123,191209.0,42259824.75
2023-05-25,219.0032,241.2423,218.7578,238.9349,1215052.0,286518311.25
2023-05-26,239.475,243.4515,229.46,231.3255,410012.0,97384788.8
2023-05-29,233.142,238.4931,229.0182,235.6457,803679.0,188123312.6
2023-05-30,235.6948,236.2839,228.1345,229.4109,199615.0,46135858.45
2023-05-31,229.4109,232.111,228.1345,230.2946,332493.0,76630817.45
2023-06-01,229.4109,237.2167,229.4109,231.6692,319288.0,74789873.0
2023-06-02,232.8474,237.6094,230.8837,232.5529,193915.0,45384005.75
2023-06-05,234.6148,243.0096,232.5529,239.2295,558758.0,133889391.7
2023-06-06,240.7023,240.7023,235.3512,238.2967,173898.0,41455315.3
2023-06-07,238.7386,247.9189,234.6639,238.2476,645807.0,155853196.55
2023-06-08,238.3949,240.4077,231.571,232.7001,429047.0,100882264.4
2023-06-09,232.7492,236.0385,229.7546,231.1292,181395.0,42255460.55
2023-06-12,231.6692,232.3565,225.0417,226.6617,182572.0,41716798.45
2023-06-13,227.6436,231.3746,227.5454,230.3437,87435.0,20082324.05
2023-06-14,232.111,232.111,228.7727,229.2636,69137.0,15890304.3
2023-06-15,229.6073,229.7546,225.9253,228.0363,142826.0,32540229.3
2023-06-16,228.0363,230.7364,227.2017,229.5091,101768.0,23338944.15
2023-06-19,230.2455,234.5657,229.8528,232.3074,143750.0,33381526.55
2023-06-20,232.651,234.1238,229.0673,231.031,94723.0,21878761.8
2023-06-21,231.6201,235.3021,231.6201,233.5347,124326.0,29022833.05
2023-06-22,234.5166,237.4621,230.1964,232.3074,169743.0,39656638.05
2023-06-23,230.7855,232.5529,221.8997,222.587,189544.0,42685395.7
2023-06-26,224.5998,227.7909,222.4888,226.4653,74335.0,16760785.25
2023-06-27,228.7727,234.6639,227.4472,230.4419,96876.0,22198902.45
2023-06-28,230.8346,234.4675,229.3127,230.6873,70810.0,16383404.5
2023-06-30,231.2764,233.1911,230.7364,231.2764,61706.0,14288913.0
2023-07-03,232.651,239.5731,231.7183,234.0747,248202.0,58519435.2
2023-07-04,236.2348,236.2839,230.7364,231.2764,92414.0,21465419.95
2023-07-05,231.6692,235.7439,230.7364,233.9766,131248.0,30550064.8
2023-07-06,235.6948,241.5369,234.0747,235.7439,245231.0,58539515.8
2023-07-07,236.9221,244.5806,235.6457,243.1569,231244.0,55628665.5
2023-07-10,246.397,269.4216,245.0224,257.4429,2491630.0,650737491.5
2023-07-11,257.5411,261.3213,252.4846,255.9211,447974.0,115239391.9
2023-07-12,255.2829,267.0651,254.8901,258.6703,567453.0,148850600.9
2023-07-13,259.1612,265.0032,251.1591,255.2829,289489.0,75003963.9
2023-07-14,255.2829,260.143,255.2829,256.6084,104933.0,27067755.6
2023-07-17,257.2466,260.2412,255.2829,256.412,126616.0,32627650.4
2023-07-18,257.6884,258.7194,250.4718,251.1591,99790.0,25307254.0
2023-07-19,250.3736,257.0993,250.3736,252.5827,108422.0,27516208.75
2023-07-20,253.8592,266.967,253.8592,265.396,637108.0,166844234.6
2023-07-21,264.9051,265.1996,258.3266,259.7503,183820.0,48110073.25
2023-07-24,261.1249,267.7033,255.8229,261.0267,193100.0,50615243.4
2023-07-25,262.9904,264.4632,257.5902,258.7194,91422.0,23808996.8
2023-07-26,258.7684,267.8506,257.9339,259.3085,94618.0,24782483.0
2023-07-27,260.6831,263.4814,257.2466,259.3576,59863.0,15570291.05
2023-07-28,260.5849,260.634,255.2829,256.412,96309.0,24771940.0
2023-07-31,258.6212,274.7236,256.7556,269.618,659990.0,178124294.4
2023-08-01,272.9563,280.9584,272.0726,274.6745,569676.0,157510053.75
2023-08-02,277.1783,278.0619,260.4867,271.4835,330489.0,89540770.95
2023-08-03,274.4782,275.9019,267.3106,271.0417,118942.0,32316959.75
2023-08-04,274.8218,279.8293,270.0107,271.2871,154271.0,42352612.1
2023-08-07,273.84,278.2092,271.3362,273.6436,127923.0,35208786.85
2023-08-08,273.6436,276.6873,271.4835,272.5635,82220.0,22494984.9
2023-08-09,273.889,276.5892,242.7151,247.428,1124173.0,287320534.15
2023-08-10,247.5262,252.3864,224.8944,229.2145,1593563.0,375635806.15
2023-08-11,234.5166,239.5731,231.8656,235.5966,378696.0,89686928.5
2023-08-14,238.5913,239.475,229.5582,230.5891,188501.0,43731595.7
2023-08-16,231.9637,234.3202,226.8581,230.8837,147364.0,33970229.0
2023-08-17,234.5657,235.9403,226.809,229.3127,105661.0,24361728.55
2023-08-18,232.2092,233.1911,226.809,230.0,131571.0,30223066.05
2023-08-21,231.6201,235.5966,224.9435,225.729,242257.0,55264007.8
2023-08-22,228.2818,231.0801,226.3181,228.7727,160765.0,36726128.55
2023-08-23,229.5091,234.0747,228.7727,230.1473,233227.0,53833515.95
2023-08-24,231.2764,233.142,228.7236,229.3127,101430.0,23365326.7
2023-08-25,229.7055,233.0438,226.809,227.4963,145723.0,33345226.65
2023-08-28,230.6382,230.7364,227.7418,228.4782,90495.0,20760663.65
2023-08-29,229.6564,231.031,227.889,229.1655,79652.0,18284357.75
2023-08-30,230.3437,238.0022,230.0491,236.3821,374238.0,87906139.05
2023-08-31,238.2967,243.5006,235.4984,237.0203,201199.0,47905206.55
2023-09-01,240.2604,240.2604,231.9147,232.9456,296099.0,69444572.9
2023-09-04,233.7311,236.5785,233.2893,234.6148,121936.0,28577862.55
2023-09-05,235.6457,237.6094,234.6639,236.333,105502.0,24913293.0
2023-09-06,237.364,239.4259,235.7439,237.8549,153315.0,36480428.5
2023-09-07,239.8677,241.4878,236.333,236.8239,117365.0,27965681.65
2023-09-08,238.993,239.7818,235.6408,235.838,119409.0,28274562.8
2023-09-11,236.0845,237.5634,233.8661,235.1971,93829.0,22077757.05
2023-09-12,236.2324,236.6268,227.3096,228.9857,160427.0,37073003.75
2023-09-13,231.4998,232.4365,225.7814,226.6194,121627.0,27629015.55
2023-09-14,227.7532,232.683,227.7532,230.9576,97272.0,22375207.5
2023-09-15,233.4224,233.6689,228.7392,230.3167,76033.0,17597990.4
2023-09-18,230.3167,236.1338,230.3167,232.5844,103976.0,24231736.25
2023-09-20,232.5351,233.9154,227.9504,229.3308,59463.0,13711247.5
2023-09-21,229.2815,230.9083,226.7673,227.5068,55147.0,12607436.3
2023-09-22,228.4927,228.6406,224.7954,228.2462,52457.0,11911054.05
2023-09-25,229.1829,230.6618,224.8447,225.5349,93873.0,21289685.4
2023-09-26,226.2743,228.1476,223.1686,225.6828,59953.0,13566733.45
2023-09-27,226.2743,233.6689,225.387,232.6337,113420.0,26097676.2
2023-09-28,234.1619,234.7042,229.0843,231.9928,67073.0,15557377.1
2023-09-29,233.1759,234.6549,230.859,232.19,59614.0,13874446.15
2023-10-03,232.5844,236.9718,228.7885,232.9788,155228.0,36436203.65
2023-10-04,232.6337,234.9013,228.6406,232.9295,116358.0,26971767.6
2023-10-05,234.0633,235.0985,229.7744,231.0562,89106.0,20696794.45
2023-10-06,232.19,245.9439,231.697,239.0423,867286.0,209730333.1
2023-10-09,237.1197,240.5705,232.2393,233.2252,232112.0,54827997.8
2023-10-10,238.0564,238.2043,235.0985,237.3662,91250.0,21611441.6
2023-10-11,239.5846,241.5072,235.4436,238.155,133741.0,31811324.7
2023-10-12,239.2888,245.4017,235.1478,242.0987,346667.0,83305432.35
2023-10-13,240.7677,245.8946,239.5846,243.1833,214595.0,52160625.6
2023-10-16,244.7608,244.7608,240.5705,242.0987,138372.0,33462758.4
2023-10-17,242.0987,244.8101,234.7535,236.2817,200433.0,47878754.6
2023-10-18,237.4648,240.0283,231.9928,235.0985,126198.0,29729074.8
2023-10-19,234.6549,237.4155,231.4012,233.3238,114959.0,26876398.35
2023-10-20,233.3238,234.507,227.9011,229.3801,110087.0,25411348.5
2023-10-23,227.9997,230.5139,216.9079,218.929,253380.0,56340257.2
2023-10-25,218.929,222.6756,213.3092,220.6051,94292.0,20555881.2
2023-10-26,219.3727,219.3727,209.7105,217.9924,170390.0,36521858.5
2023-10-27,218.3375,225.7321,218.3375,224.0067,59903.0,13316595.85
2023-10-30,224.0067,227.3589,219.3727,224.4503,67740.0,15197473.05
2023-10-31,223.0207,227.1124,223.0207,224.6968,33988.0,7648375.1
2023-11-01,224.7954,227.9504,223.563,226.4222,42537.0,9626966.6
2023-11-02,226.4222,228.1476,226.1757,226.9645,37774.0,8573928.75
2023-11-03,228.0983,229.5279,221.5418,224.7954,115169.0,25847170.2
2023-11-06,225.9292,228.2462,224.4503,227.6547,65028.0,14749347.6
2023-11-07,224.8447,230.9576,224.8447,228.5913,77338.0,17646208.05
2023-11-08,228.5913,229.5772,210.6964,218.8797,354428.0,77870134.2
2023-11-09,219.9643,221.3446,214.8374,216.1684,150928.0,32794277.9
2023-11-10,214.936,217.2529,214.936,215.3796,71084.0,15330330.3
2023-11-12,216.4149,218.8304,216.4149,218.2882,29136.0,6355902.2
2023-11-13,218.2882,220.753,216.1684,217.8938,55224.0,12082067.9
2023-11-15,220.8516,222.7742,218.8304,220.9502,62670.0,13837802.75
2023-11-16,221.246,221.7883,218.0417,219.1262,66842.0,14686474.2
2023-11-17,220.8516,221.5911,217.7952,218.4854,62452.0,13686051.65
2023-11-20,219.422,220.2601,216.9079,218.9783,59473.0,13014066.9
2023-11-21,219.0276,219.9643,216.2177,216.9572,65139.0,14165047.15
2023-11-22,217.6966,220.408,215.9219,217.4501,56676.0,12335374.05
2023-11-23,217.9924,219.6192,214.0486,219.1755,60031.0,13065363.75
2023-11-24,218.2389,219.5699,215.7247,216.9572,65821.0,14302758.95
2023-11-28,217.598,220.3587,216.9079,219.6192,71904.0,15738025.9
2023-11-29,220.753,220.8516,217.0064,218.1403,41262.0,9045569.5
2023-11-30,218.7319,219.6192,216.6614,217.105,54221.0,11788202.5
2023-12-01,217.0064,221.0488,216.6121,218.2389,105247.0,23016358.7
2023-12-04,218.4854,220.8023,217.2036,218.4361,101029.0,22099511.35
2023-12-05,217.5487,220.0629,217.5487,218.6333,93470.0,20448634.6
2023-12-06,219.7178,222.8235,216.9572,222.0348,127181.0,28059736.45
2023-12-07,223.1686,232.683,221.9362,231.1548,433465.0,99147779.85
2023-12-08,235.6408,235.6408,228.3448,230.5139,194486.0,45207165.3
2023-12-11,231.697,233.6689,228.2462,231.697,122472.0,28298752.1
2023-12-12,231.9928,233.4717,227.8518,228.4434,86250.0,19850041.4
2023-12-13,228.4434,229.5772,225.8307,226.9152,50280.0,11425069.05
2023-12-14,228.0983,230.7111,226.718,227.0631,62745.0,14296480.0
2023-12-15,228.2462,229.5772,226.6687,227.5068,52569.0,11962946.9
2023-12-18,227.5068,233.6689,226.8166,230.7111,125026.0,28809576.15
2023-12-19,230.7604,232.19,228.8378,229.8237,68421.0,15748984.75
2023-12-20,231.0069,231.0069,218.8797,220.4573,107509.0,24176840.2
2023-12-21,220.4573,225.7814,218.6826,222.7249,64865.0,14400903.0
2023-12-22,222.7249,225.7321,221.8869,223.5137,46688.0,10448748.85
2023-12-26,224.6475,226.7673,221.3939,225.4363,73469.0,16517209.45
2023-12-27,228.542,228.6899,224.0067,225.0419,72853.0,16509212.75
2023-12-28,226.1757,226.1757,223.4151,225.0912,36336.0,8166951.35
2023-12-29,225.7814,230.2181,224.4996,225.5349,61638.0,13978172.15
2024-01-01,225.5349,229.1336,224.7461,227.1124,71767.0,16264935.95
2024-01-02,228.2462,237.5141,225.5349,235.9366,653540.0,152605428.5
2024-01-03,240.4226,243.9227,237.3169,239.6339,486357.0,116967278.9
2024-01-04,242.5424,243.134,237.5141,240.5212,253688.0,61067044.6
2024-01-05,243.5284,243.5284,236.6268,238.3522,151267.0,36153506.45
2024-01-08,243.5284,243.5284,233.7182,235.0985,115211.0,27302904.3
2024-01-09,238.993,243.5284,235.838,240.1762,172953.0,41466785.95
2024-01-10,241.4086,241.4086,235.6901,238.7465,93487.0,22286560.05
2024-01-11,241.4579,243.0354,236.676,239.7818,124657.0,29987121.25
2024-01-12,242.9368,242.9368,237.7113,239.1902,100981.0,24267619.6
2024-01-15,240.3733,251.8103,235.2464,248.4581,645732.0,158860653.65
2024-01-16,248.4581,253.3878,239.5846,244.2678,408735.0,100992390.7
2024-01-17,243.2819,243.2819,236.8732,239.0916,149468.0,35840244.75
2024-01-18,237.3169,244.5143,232.19,239.5846,185993.0,44339878.8
2024-01-19,240.324,249.3947,240.324,246.0425,222568.0,54536687.95
2024-01-20,249.937,249.9863,244.0213,246.3383,110763.0,27318704.35
2024-01-23,248.7539,249.444,237.5141,238.8944,246741.0,60238550.8
2024-01-24,239.5846,259.7965,236.9718,254.5216,1376860.0,349662890.6
2024-01-25,255.9513,258.4654,251.5145,257.1837,415854.0,106405162.7
2024-01-29,259.0077,259.5993,250.2328,255.3597,347072.0,88587659.6
2024-01-30,254.6202,257.3316,248.113,251.9582,189512.0,48058960.85
2024-01-31,251.9089,257.8246,248.8525,252.8455,169018.0,42591846.6
2024-02-01,254.1273,275.8181,251.4159,268.7686,976259.0,258711090.3
2024-02-02,280.9943,306.5795,275.473,282.276,3841830.0,1136555396.6
2024-02-05,286.2198,315.9953,286.2198,305.4457,3890991.0,1199672944.35
2024-02-06,312.5938,321.6152,308.1077,315.108,1367969.0,432163873.25
2024-02-07,317.3756,325.7069,305.7908,308.5021,966375.0,305022564.6
2024-02-08,311.0656,338.672,309.143,330.045,2118000.0,694739820.95
2024-02-09,330.2915,332.1155,313.0375,320.8757,918713.0,292774676.6
2024-02-12,320.8757,324.0801,299.7765,302.6358,517626.0,160090707.4
2024-02-13,304.1147,357.6022,290.2621,342.1228,1751926.0,562498200.6
2024-02-14,345.0807,370.2223,345.0807,350.5034,2604984.0,922975565.6
2024-02-15,352.7217,353.6584,337.1931,344.4891,829858.0,284770458.6
2024-02-16,346.461,358.8839,337.1931,353.0175,482100.0,168479210.7
2024-02-19,350.0104,350.4541,324.6223,330.538,594475.0,199835812.75
2024-02-20,332.7071,374.5604,332.7071,369.2856,1535037.0,554862590.7
2024-02-21,370.7152,408.0825,366.7715,392.8004,2113287.0,830288749.85
2024-02-22,391.2722,393.392,368.1518,383.6804,883658.0,336432690.2
2024-02-23,387.4763,399.0612,383.1381,384.6171,387450.0,150967102.6
2024-02-26,386.3425,388.0679,363.3207,365.3911,286862.0,107135360.1
2024-02-27,367.7081,379.293,361.4474,367.5602,212724.0,78836367.05
2024-02-28,370.173,376.5816,345.3272,351.3414,348811.0,125546419.5
2024-02-29,348.8273,370.7152,335.1226,366.8208,280604.0,99147127.45
2024-03-01,370.6166,375.645,362.8277,368.2011,177187.0,65421260.6
2024-03-02,369.2363,370.9124,353.4612,358.8839,114791.0,41365320.4
2024-03-04,354.9401,379.4902,352.1302,374.7576,328772.0,121143125.65
2024-03-05,376.6309,377.6662,359.7713,363.37,196406.0,72195684.05
2024-03-06,363.2221,363.3207,345.0807,351.9823,227764.0,79987795.5
2024-03-07,350.0104,359.8698,339.9538,346.7568,419618.0,146468261.7
2024-03-11,348.9259,351.9823,338.7213,339.7566,179451.0,61742929.1
2024-03-12,341.7778,344.0947,322.8969,328.3689,316706.0,105197610.3
2024-03-13,332.0662,334.5311,294.8468,299.7272,413301.0,128698716.75
2024-03-14,299.6286,330.2915,292.0368,325.3618,309618.0,98468534.05
2024-03-15,328.2703,331.5239,315.0094,322.1082,187560.0,60336649.05
2024-03-18,322.9955,331.4253,316.0446,319.6926,147708.0,47648494.1
2024-03-19,319.3475,325.0167,311.9036,313.8755,155055.0,49165982.35
2024-03-20,316.3897,323.2913,312.1994,317.6221,190552.0,60537811.5
2024-03-21,320.2349,330.4887,320.0377,325.6576,168302.0,54906725.8
2024-03-22,325.6576,351.9823,325.3125,338.5241,458515.0,155559427.05
2024-03-26,338.5241,345.9187,331.4746,339.6087,229791.0,77691074.7
2024-03-27,342.7144,369.68,338.7706,367.6095,809559.0,291116969.2
2024-03-28,376.0393,390.4341,369.8279,377.469,1233180.0,469046957.55
2024-04-01,380.7719,387.4763,377.6169,382.5959,334983.0,128040713.85
2024-04-02,386.3918,386.4904,378.4056,384.3213,312308.0,119349305.9
2024-04-03,383.5325,392.8004,380.4761,383.6804,340016.0,130811988.85
2024-04-04,385.0114,405.2233,376.976,380.4761,674139.0,262941014.3
2024-04-05,381.3634,391.1736,379.6873,387.8707,291388.0,112470398.25
2024-04-08,389.8919,390.2369,374.8069,376.7788,155074.0,59099934.85
2024-04-09,376.7788,382.3494,372.8843,378.307,182765.0,69012200.55
2024-04-10,378.0112,378.6028,366.8701,370.8138,169193.0,62919735.7
2024-04-12,372.1942,377.5676,366.7222,368.4476,186890.0,69744258.85
2024-04-15,358.1937,366.7715,350.3062,355.8768,259518.0,92917666.05
2024-04-16,355.8768,373.5252,355.088,370.7645,225456.0,82638430.1
2024-04-18,371.6026,378.6028,355.2852,358.2923,220144.0,80482280.25
2024-04-19,357.898,359.8698,344.5384,355.7289,215513.0,76230114.7
2024-04-22,356.8627,365.7855,356.8627,361.891,91831.0,33144322.65
2024-04-23,362.8277,369.7293,356.6655,367.9546,187082.0,67951545.6
2024-04-24,367.7574,374.166,364.208,368.2504,174700.0,64436174.35
2024-04-25,368.6448,384.5185,367.1165,371.1589,269291.0,100952589.2
2024-04-26,373.6731,376.1379,365.7855,368.5955,99305.0,36776806.05
2024-04-29,371.6519,382.8917,370.5674,375.2506,194507.0,73144184.35
2024-04-30,376.0886,379.0958,365.8348,368.2504,128744.0,48000252.4
2024-05-02,368.6448,374.6097,365.9827,370.2223,88195.0,32650600.25
2024-05-03,372.6378,416.7096,372.2928,400.8359,4490603.0,1812447733.25
2024-05-06,403.6458,415.8715,394.8709,400.4908,1084120.0,438312582.25
2024-05-07,399.1105,400.3922,368.349,373.0322,619819.0,235742066.95
2024-05-08,373.6731,379.6873,365.9334,367.2644,305885.0,114119351.5
2024-05-09,368.0532,369.0391,350.0104,354.0035,313600.0,112638421.2
2024-05-10,353.9049,359.6727,342.1721,357.6515,203783.0,71890521.8
2024-05-13,357.6515,357.898,342.1721,352.3767,208703.0,72746054.45
2024-05-14,354.8415,363.8136,350.0597,362.6798,153867.0,55123174.65
2024-05-15,364.3559,366.7715,358.9332,361.5953,113062.0,40937494.7
2024-05-16,364.0108,364.5038,352.5739,355.0387,128181.0,45801799.15
2024-05-17,355.9261,360.6586,353.264,357.0106,129641.0,46296314.6
2024-05-18,358.4402,371.011,355.9261,367.7574,68004.0,24847164.6
2024-05-21,369.9265,369.9265,360.3135,363.1728,128721.0,46782007.9
2024-05-22,364.7996,366.7222,356.0247,360.5107,85503.0,30864759.0
2024-05-23,361.9403,403.2514,354.9401,378.5535,2853945.0,1102997464.95
2024-05-24,384.9128,390.582,380.131,381.6592,643080.0,246735823.4
2024-05-27,388.4622,389.3989,354.8415,356.912,865290.0,315985313.4
2024-05-28,359.722,365.4404,352.4753,357.1585,261364.0,93331727.9
2024-05-29,358.0951,360.3628,336.2565,339.4608,763313.0,263230446.15
2024-05-30,340.0031,345.5736,334.7283,336.7987,274959.0,93438580.45
2024-05-31,336.848,340.151,317.6714,321.7631,798286.0,260724399.7
2024-06-03,343.1088,343.1088,318.756,324.0801,776491.0,253158056.1
2024-06-04,324.0801,324.8195,280.5506,301.0582,703960.0,212973531.3
2024-06-05,301.6991,321.1715,292.4312,304.2133,912210.0,278655157.35
2024-06-06,310.3261,327.2351,310.3261,317.0305,411063.0,130998769.9
2024-06-07,321.5166,327.8266,318.5095,325.9041,264413.0,85808778.85
2024-06-10,328.3196,335.6649,327.8759,331.4253,314606.0,104308999.35
2024-06-11,331.4746,333.2493,326.4463,330.5873,519865.0,171326520.75
2024-06-12,330.6366,339.3622,330.2915,333.8902,223249.0,74772934.45
2024-06-13,337.7847,339.5101,326.2984,332.2634,384025.0,128072550.85
2024-06-14,335.4184,347.1019,332.2634,341.6792,445374.0,151967909.55
2024-06-18,343.6018,347.4469,336.4044,343.9961,290656.0,99155317.05
2024-06-19,344.9821,345.0807,334.2353,335.4184,219233.0,74035816.55
2024-06-20,335.2212,349.3695,333.6437,347.8906,320598.0,110623292.85
2024-06-21,350.0104,353.0175,345.2286,348.1371,251506.0,87872982.8
2024-06-24,347.9399,347.9399,339.9045,342.7637,152833.0,52489615.05
2024-06-25,345.0807,346.0666,336.3058,337.7354,114612.0,39125259.5
2024-06-26,337.7354,340.6439,334.5311,335.7142,125565.0,42311632.4
2024-06-27,335.2212,337.834,328.5661,330.2422,157404.0,52427683.4
2024-06-28,331.2775,336.9959,329.3056,333.7423,133380.0,44399860.75
2024-07-01,331.2775,333.7423,325.559,327.4816,222411.0,73154009.4
2024-07-02,327.8759,330.2915,319.6433,322.0589,231535.0,75246020.1
2024-07-03,322.4039,331.0803,321.4673,325.0167,189679.0,61510742.65
2024-07-04,329.3056,330.7352,325.0167,326.1505,142253.0,46559256.55
2024-07-05,325.9041,328.8126,323.735,325.3125,127191.0,41492476.5
2024-07-08,326.3477,326.3477,319.8898,323.3406,174528.0,56319864.25
2024-07-09,323.3406,331.0803,323.3406,326.1012,116292.0,38096055.65
2024-07-10,329.3056,329.6999,320.5307,324.0308,97930.0,31777376.45
2024-07-11,325.559,327.6788,322.9955,324.3265,84519.0,27430404.75
2024-07-12,324.3265,328.3196,322.5025,323.0941,111838.0,36412962.5
2024-07-15,324.6716,327.0379,321.8124,323.8829,76037.0,24615033.75
2024-07-16,323.9815,326.2984,320.3828,320.7278,89907.0,29023741.2
2024-07-18,320.7278,324.7702,317.8686,318.8052,110908.0,35558303.6
2024-07-19,319.3475,319.3475,310.8684,313.8755,112615.0,35405318.8
2024-07-22,313.8755,329.552,307.3683,320.6785,288239.0,92613094.3
2024-07-23,320.6785,333.8409,308.6993,324.5237,591308.0,191810170.0
2024-07-24,323.8336,334.2353,321.4673,327.8266,171390.0,55810833.15
2024-07-25,327.3337,337.9819,324.4744,330.2915,216220.0,71512732.45
2024-07-26,334.7283,334.7283,329.3549,329.8478,106072.0,35172518.75
2024-07-29,330.2915,333.7423,326.3477,328.1717,142957.0,47096277.5
2024-07-30,330.2915,334.9254,322.2561,324.8195,491880.0,162014569.8
2024-07-31,326.2984,329.8478,322.8969,323.5378,127408.0,41493088.95
2024-08-01,326.6928,326.6928,316.4883,317.7207,181518.0,58104135.5
2024-08-02,315.5023,319.4461,308.8965,313.5797,234771.0,73813420.3
2024-08-05,302.6851,305.6429,288.1917,291.2481,379293.0,112756219.0
2024-08-06,292.7763,298.8892,284.9873,286.2691,302764.0,88273328.6
2024-08-07,287.9945,293.713,284.5437,289.7692,229952.0,66234225.95
2024-08-08,291.6425,312.4459,289.6213,306.2345,645020.0,197028691.85
2024-08-09,308.1664,308.5131,293.4045,295.2869,263951.0,79240205.35
2024-08-12,295.2374,311.089,293.5036,306.284,431308.0,131874693.5
2024-08-13,307.1261,310.8909,302.5192,309.6525,190973.0,58750678.3
2024-08-14,308.4141,310.0983,299.7452,303.9062,136189.0,41359193.15
2024-08-16,306.1354,313.0705,300.6368,306.0363,136785.0,41973439.3
2024-08-19,306.0363,311.4853,303.8567,305.3428,126424.0,38815752.1
2024-08-20,306.1354,316.538,306.1354,315.1015,178427.0,55758005.95
2024-08-21,315.0519,325.8014,312.6247,322.2347,208133.0,66746626.35
2024-08-22,323.919,326.0986,319.9561,321.1449,149316.0,48209629.6
2024-08-23,321.888,324.4143,316.439,317.3802,84724.0,27050164.55
2024-08-26,321.5908,328.8231,318.0737,326.9902,233328.0,75771557.8
2024-08-27,326.9902,331.8943,323.9685,326.8912,180082.0,59065965.3
2024-08-28,334.8665,334.8665,322.9778,323.8694,82378.0,26942146.8
2024-08-29,326.9902,332.5383,323.9685,325.7518,175935.0,57697577.85
2024-08-30,327.6342,331.5476,321.2935,328.5754,125546.0,40879305.05
2024-09-02,327.9314,328.4268,319.0149,320.1542,168617.0,54499898.45
2024-09-03,324.9592,331.1513,320.1047,328.6249,120383.0,39222375.6
2024-09-04,326.9407,333.6281,323.275,327.6837,198780.0,65668332.7
2024-09-05,330.9532,331.8943,327.8819,329.9624,110896.0,36568979.6
2024-09-06,330.9036,331.399,320.0056,321.1945,114833.0,37187385.75
2024-09-09,322.9778,322.9778,308.315,311.1881,154522.0,48414224.3
2024-09-10,312.0798,333.3804,312.0798,331.5971,386552.0,126199736.3
2024-09-11,331.8943,332.8355,320.0056,322.7301,172056.0,55972113.6
2024-09-12,323.9685,324.9592,317.2315,322.3338,93577.0,29938521.95
2024-09-13,323.919,325.95,319.5102,321.2935,88014.0,28403012.15
2024-09-16,323.7208,325.0583,313.1696,314.408,205863.0,65532615.25
2024-09-17,314.0612,316.0922,309.8506,312.1788,126302.0,39490754.8
2024-09-18,314.507,316.538,307.9682,309.9002,86590.0,26930334.25
2024-09-19,314.0117,314.0117,303.1632,306.5317,118094.0,36327918.1
2024-09-20,308.1168,311.6339,305.2437,308.6617,61160.0,18901686.45
2024-09-23,310.1478,318.0241,308.1168,317.3802,125071.0,39437215.8
2024-09-24,318.569,320.0056,312.0798,314.1108,53241.0,16831690.5
2024-09-25,313.0705,315.9436,310.4451,311.8816,44355.0,13849236.9
2024-09-26,312.8723,312.8723,305.5409,308.6122,106594.0,32862660.1
2024-09-27,309.1076,312.9714,308.1664,309.6029,70655.0,21913313.4
2024-09-30,312.0302,312.476,305.4419,307.5719,70950.0,21871343.25
2024-10-01,307.2252,311.2872,302.1725,305.1447,72006.0,22047626.0
2024-10-03,305.1447,316.0427,298.3582,301.2313,104907.0,32010211.05
2024-10-04,301.1817,305.0951,294.2466,295.7327,77421.0,23149096.9
2024-10-07,299.9929,301.8752,282.6056,286.7171,115068.0,33317185.0
2024-10-08,287.4106,299.5966,283.6458,297.1693,91586.0,26997274.3
2024-10-09,297.516,306.4326,297.516,303.1632,68783.0,20807879.35
2024-10-10,299.2003,311.8816,299.2003,310.3955,80504.0,24785663.05
2024-10-11,307.3243,315.3492,307.1261,308.4141,68188.0,21097540.75
2024-10-14,307.1261,309.702,296.773,300.3396,96782.0,29302464.6
2024-10-15,298.4572,301.6771,294.9897,299.4975,94165.0,28050497.25
2024-10-16,300.191,301.9248,297.2684,299.3984,34948.0,10460077.05
2024-10-17,299.3984,300.4387,296.2776,297.6646,35881.0,10694118.3
2024-10-18,297.2188,304.1539,293.9989,300.5378,66229.0,19819927.2
2024-10-21,303.1632,306.6307,296.2776,297.9123,74980.0,22691614.95
2024-10-22,300.0424,303.1632,281.3671,284.2403,105196.0,30492386.8
2024-10-23,284.2403,290.2837,278.4445,285.5282,66743.0,19043132.85
2024-10-24,286.1226,296.9216,285.1319,294.3952,66736.0,19472733.4
2024-10-25,295.1383,295.1383,290.2837,291.5221,88842.0,25839361.8
2024-10-28,293.2559,300.1415,284.4879,294.098,135534.0,39830079.5
2024-10-29,296.0299,300.6368,290.3828,294.1476,63831.0,18771917.55
2024-10-30,294.8411,300.9836,292.4138,299.2498,59258.0,17613571.7
2024-10-31,297.2188,301.5285,295.2374,298.9526,53056.0,15805934.15
2024-11-01,300.9341,305.1447,300.8845,304.0053,34297.0,10413735.0
2024-11-04,304.0053,339.4239,294.742,320.5505,3100136.0,1013302475.95
2024-11-05,325.95,335.2628,319.3121,323.3741,954941.0,312145455.4
2024-11-06,323.3741,326.2472,316.8353,319.8074,236557.0,75706633.95
2024-11-07,320.0056,325.6032,317.0334,318.7672,145090.0,46444586.1
2024-11-08,319.4607,345.7646,317.1325,335.4114,1379500.0,463920438.45
2024-11-11,335.8573,347.746,329.7147,331.5971,795784.0,269782858.15
2024-11-12,331.5971,334.0244,313.3677,316.3894,214956.0,69504428.65
2024-11-13,316.9839,321.987,301.7762,303.9062,281967.0,87193453.0
2024-11-14,309.0085,311.5349,305.2437,308.0178,151470.0,46673262.3
2024-11-18,310.0983,322.9282,305.9372,317.5783,307971.0,97252837.9
2024-11-19,320.4514,326.7921,316.0427,318.6681,162456.0,52334748.6
2024-11-21,319.0149,338.8294,310.1478,333.0337,474165.0,156033081.95
2024-11-22,335.1142,335.8573,325.95,327.5351,144190.0,47472750.1
2024-11-25,329.1203,338.8294,327.4856,335.9563,324365.0,108438623.35
2024-11-26,338.6808,344.0308,335.2628,337.0957,343198.0,116636169.0
2024-11-27,340.6128,344.2785,334.2226,335.8573,153360.0,51945353.65
2024-11-28,337.1452,343.7831,335.6096,338.879,213817.0,72622087.0
2024-11-29,340.0679,343.2877,336.1545,342.0493,189569.0,64582460.15
2024-12-02,341.8016,351.7089,339.2257,348.1423,455384.0,158125473.8
2024-12-03,350.6191,350.6687,344.7738,345.3683,142269.0,49408442.05
2024-12-04,346.8544,361.6162,345.6655,360.576,863062.0,308393574.2
2024-12-05,360.576,363.3995,347.102,354.0867,406099.0,144828684.0
2024-12-06,351.7089,361.1704,351.7089,359.0403,238604.0,85339004.6
2024-12-09,360.6255,364.7866,356.9103,358.7431,196282.0,70612949.25
2024-12-10,358.7431,360.2292,350.5201,356.2167,137275.0,48730651.8
2024-12-11,357.6533,379.9447,356.9598,376.7248,1081883.0,402300521.9
2024-12-12,375.4369,380.1429,366.5699,374.0994,674704.0,252091796.5
2024-12-13,374.0499,386.2854,360.5264,382.1739,818886.0,308933857.8
2024-12-16,383.1151,397.976,376.0809,396.1431,696898.0,271959439.0
2024-12-17,397.332,403.9699,381.6785,384.8984,549427.0,215039287.75
2024-12-18,385.2947,388.9108,371.3254,374.9911,314546.0,119188766.5
2024-12-19,369.5421,377.2697,367.1148,371.5235,230440.0,85756604.15
2024-12-20,373.505,376.4772,358.0001,360.6255,228745.0,84152036.4
2024-12-23,364.5884,364.5884,340.91,343.4363,267190.0,93734902.8
2024-12-24,347.746,358.0496,342.3961,350.5201,335339.0,117715930.65
2024-12-26,350.7182,406.9916,343.684,399.2144,2196776.0,858390228.5
2024-12-27,397.2825,412.0939,378.7063,380.8364,1399501.0,552096022.5
2024-12-30,380.4401,386.434,372.5142,378.5082,515511.0,195675501.8
2024-12-31,377.4679,391.3381,374.7434,378.6072,375710.0,143221144.3
2025-01-01,380.9354,443.5495,378.4586,437.8529,3626885.0,1543982404.85
2025-01-02,432.4038,445.2338,419.6234,432.8992,2616972.0,1129457098.35
2025-01-03,436.9117,454.0017,433.2955,441.469,1587281.0,703499383.15
2025-01-06,442.757,451.5249,413.2332,418.1373,1126920.0,486154772.4
2025-01-07,422.5461,434.3358,421.06,425.122,563443.0,240864976.7
2025-01-08,426.6081,426.6081,412.4902,420.0693,334520.0,139657690.6
2025-01-09,419.4253,419.772,398.8676,400.5024,257283.0,104944504.5
2025-01-10,399.2639,400.4528,381.9757,384.7993,421119.0,164023470.55
2025-01-13,380.2915,384.3535,355.7709,360.3778,381615.0,140765318.45
2025-01-14,365.5296,373.4554,360.0311,367.7092,279252.0,102702039.8
2025-01-15,372.5142,386.3845,363.5977,375.6846,551294.0,207006866.4
2025-01-16,381.4308,399.2639,379.1026,386.1368,626652.0,243178462.15
2025-01-17,388.8613,401.4931,384.8984,396.0936,491481.0,193243750.2
2025-01-20,396.5394,398.2732,385.4928,389.4062,242356.0,94520336.85
2025-01-21,390.3474,393.27,370.5328,372.4152,206018.0,78177017.6
2025-01-22,374.6939,374.6939,355.87,361.3685,330071.0,119266961.65
2025-01-23,362.3097,384.2544,359.1889,373.6536,534521.0,196806294.7
2025-01-24,372.4152,372.7619,357.7524,359.3375,158331.0,57831825.4
2025-01-27,348.4395,356.613,335.9563,342.4456,286470.0,98164151.6
2025-01-28,345.2692,348.9844,327.1388,340.2165,332149.0,112170409.2
2025-01-29,337.0957,359.3375,336.6498,355.6718,177320.0,62178216.75
2025-01-30,358.644,363.5977,349.2321,350.7182,225182.0,80296646.85
2025-01-31,352.5511,353.9876,345.7646,348.39,169951.0,59531622.15
2025-02-01,350.421,379.598,338.1359,373.7031,467402.0,167739023.1
2025-02-03,371.4244,410.1124,364.4398,403.8708,1912795.0,752476527.15
2025-02-04,411.1527,439.8838,404.0194,435.277,2490890.0,1067358170.0
2025-02-05,427.0539,434.6825,417.5924,420.7132,536103.0,227935969.2
2025-02-06,423.0414,444.8375,421.1095,423.4377,946047.0,409077280.8
2025-02-07,424.7752,424.8248,406.199,409.4189,358247.0,148955379.6
2025-02-10,410.5087,412.0444,396.8862,402.2857,335966.0,135363192.35
2025-02-11,399.2639,401.8398,373.0591,379.0531,432130.0,165669275.25
2025-02-12,382.1243,398.6695,371.474,387.177,601586.0,233121413.5
2025-02-13,391.4867,406.199,384.1058,389.852,482770.0,191220478.7
2025-02-14,394.4094,397.2329,368.6999,379.5484,385140.0,145967636.4
2025-02-17,378.8549,401.2454,369.1953,395.0038,378100.0,146466373.9
2025-02-18,398.2732,399.0658,375.536,385.3937,301204.0,115226131.3
2025-02-19,384.403,462.4725,381.9262,462.4725,1916220.0,830751482.75
2025-02-20,462.6706,493.6309,447.0666,459.0049,2942540.0,1386368251.3
2025-02-21,453.7541,468.5159,439.2399,449.3948,1190033.0,541556341.25
2025-02-24,436.3172,446.7694,430.2738,439.8838,410892.0,180644480.8
2025-02-25,440.8746,478.9186,437.3575,457.9151,1505601.0,697431932.1
2025-02-27,465.5437,467.6243,450.7819,462.4725,618399.0,284722395.7
2025-02-28,456.1318,458.4105,431.0168,444.0944,594014.0,261647276.4
2025-03-03,450.237,458.8563,417.2457,447.8592,671657.0,292296609.95
2025-03-04,438.1501,482.8815,430.9673,477.2839,1765812.0,824446298.35
2025-03-05,491.4018,497.8911,463.1165,481.3459,1743136.0,838564529.2
2025-03-06,485.6555,489.668,465.8905,468.1692,553365.0,263664793.0
2025-03-07,463.6614,499.179,463.6614,479.9588,1115650.0,539399794.0
2025-03-10,481.4945,493.3832,470.5965,474.5098,830679.0,398245764.75
2025-03-11,467.7233,508.046,464.0576,496.3059,2068161.0,1023092445.05
2025-03-12,500.8137,514.0399,490.9559,503.984,1252096.0,630736782.75
2025-03-13,508.7891,510.1761,474.6584,478.0765,674035.0,330890260.0
2025-03-17,480.157,500.3183,472.7761,495.6619,616972.0,302262473.85
2025-03-18,499.3276,503.6868,488.4296,496.9994,522079.0,259346962.65
2025-03-19,500.3183,523.2042,499.4762,509.8789,1017709.0,520562851.6
2025-03-20,511.2659,514.139,499.5753,506.8572,330460.0,167428217.6
2025-03-21,505.272,516.5663,500.3679,508.6405,508069.0,258246937.65
2025-03-24,510.2256,515.2784,481.2468,483.9713,776872.0,381216242.4
2025-03-25,483.9713,487.1912,464.7512,466.3859,475403.0,224946676.4
2025-03-26,466.584,477.5316,464.4539,469.9029,316579.0,149136177.9
2025-03-27,469.8534,472.5779,458.2123,467.6243,247505.0,115112262.7
2025-03-28,470.5965,479.8102,466.0886,473.3705,319305.0,151063557.65
2025-04-01,472.677,474.5098,451.3763,453.9027,342740.0,157874214.8
2025-04-02,453.9027,472.6275,448.206,469.7048,329658.0,152726220.4
2025-04-03,464.6521,468.0701,447.1657,451.1286,492334.0,223347147.0
2025-04-04,453.1596,456.3795,410.7564,419.8711,701257.0,299296644.65
2025-04-07,376.4772,419.772,356.5635,415.7596,552416.0,221131172.3
2025-04-08,430.8187,430.8187,406.6449,410.6573,301917.0,125293931.85
2025-04-09,414.6202,415.1156,397.2329,402.4838,230583.0,92949766.2
2025-04-11,415.1156,429.8775,406.2486,422.9919,328277.0,138372326.95
2025-04-15,430.9673,453.7541,425.122,451.7726,567802.0,251956106.05
2025-04-16,451.7726,453.1596,441.8653,447.4629,269749.0,120567562.25
2025-04-17,447.4629,460.2433,443.0542,454.9429,335460.0,152538818.8
2025-04-21,458.5591,464.3549,453.8531,459.2031,183500.0,84026220.7
2025-04-22,460.6396,464.1072,454.7448,457.1721,166726.0,76515570.25
2025-04-23,456.6272,461.6304,438.9922,447.5125,231778.0,103967764.95
2025-04-24,445.3329,453.2092,441.3699,443.9954,143799.0,64334476.1
2025-04-25,447.3143,455.3392,415.1651,423.7845,499725.0,213710098.45
2025-04-28,430.9177,433.9395,421.3077,427.9951,161457.0,69060315.9
2025-04-29,429.8775,433.6423,415.1651,417.1466,174305.0,73268242.75
2025-04-30,416.0073,416.0073,402.2361,406.4963,287503.0,117873506.45
2025-05-02,409.1712,414.6202,388.6136,401.5922,344338.0,138535721.35
2025-05-05,399.4621,411.2022,393.1214,407.3384,245074.0,98906098.7
2025-05-06,407.1898,407.1898,382.8178,386.1368,241231.0,94942841.25
2025-05-07,372.6133,390.1988,370.6814,384.7993,278457.0,106747351.55
2025-05-08,387.3257,393.4682,366.6689,368.3532,255708.0,97088101.5
2025-05-09,353.6904,362.607,347.7956,358.6936,329790.0,116966391.8
2025-05-12,382.372,410.5583,382.372,404.1185,609551.0,239859436.9
2025-05-13,404.1681,424.0322,396.2918,403.2269,880291.0,358370396.25
2025-05-14,409.1712,409.1712,390.0997,391.8335,546379.0,216401339.85
2025-05-15,394.9543,399.2639,388.2173,393.8149,277117.0,108975431.2
2025-05-16,394.2112,417.0971,391.9821,410.905,431912.0,176115617.3
2025-05-19,414.0753,426.4595,410.9545,421.3077,286148.0,120345917.0
2025-05-20,424.4285,429.1344,411.8462,414.7689,199868.0,83948440.0
2025-05-21,414.7689,441.8653,408.23,435.1779,604523.0,260260477.95
2025-05-22,434.0385,436.5154,427.0539,430.7691,151933.0,65582316.2
2025-05-23,430.8682,453.7541,427.9951,447.2152,513572.0,226499677.4
2025-05-26,447.8097,459.6984,439.8343,442.0139,403679.0,181979534.15
2025-05-27,442.2616,458.1628,434.4348,454.6457,562067.0,252427191.75
2025-05-28,453.7541,457.0235,443.8468,455.7355,403799.0,181960556.9
2025-05-29,455.7355,455.9832,432.1562,437.0603,422025.0,185502888.45
2025-05-30,437.0603,451.6735,431.958,446.5713,562743.0,250298064.7
2025-06-02,443.7477,445.531,429.5307,430.7196,277285.0,120844871.35
2025-06-03,434.1872,441.2709,430.4719,434.1376,164206.0,71355246.15
2025-06-04,436.2181,441.7662,433.9395,435.1779,163714.0,71543524.45
2025-06-05,436.7135,440.2801,427.4997,428.4409,149828.0,64784254.4
2025-06-06,433.8404,434.8807,424.6266,425.7164,152705.0,65460584.85
2025-06-09,430.8187,435.2274,426.4099,432.1562,344447.0,148949477.5
2025-06-10,432.8992,432.8992,421.06,422.5461,167903.0,71443693.15
2025-06-11,423.5368,431.7599,422.2984,427.9951,162361.0,69219618.95
2025-06-12,428.4409,430.2242,412.292,414.7193,179725.0,75677417.4
2025-06-13,403.2764,418.7318,403.2764,411.7471,171570.0,70726173.7
2025-06-16,410.3601,413.9267,395.4992,398.2732,344951.0,138504119.75
2025-06-17,398.2732,439.3389,394.1617,397.2329,713336.0,288897616.55
2025-06-18,395.5982,398.719,388.8613,390.6446,191169.0,75089962.55
2025-06-19,394.0626,403.7718,387.2761,390.3969,297712.0,117656050.55
2025-06-20,390.3969,403.1278,388.8117,395.0533,637654.0,250123471.9
2025-06-23,391.3381,406.199,390.4465,403.7222,264064.0,105400385.8
2025-06-24,409.7657,409.7657,399.4621,404.1681,174268.0,70433913.25
2025-06-25,404.1681,416.4036,402.3352,403.2269,362895.0,148067673.85
2025-06-26,405.1588,412.936,403.8708,406.1,233370.0,95241386.75
2025-06-27,408.874,412.936,401.2454,403.8708,218741.0,88942598.85
2025-06-30,404.4157,406.843,401.0473,404.2176,102153.0,41242535.95
2025-07-01,401.3445,405.7532,395.301,398.8181,175693.0,70009846.5
2025-07-02,399.1649,401.4931,390.3474,391.3381,173007.0,68059989.65
2025-07-03,391.239,395.1524,388.4155,389.5548,155283.0,60764664.05
2025-07-04,389.5548,397.976,389.3071,395.3506,145952.0,57470232.65
2025-07-07,396.7376,401.4435,394.3598,396.2918,155801.0,61981201.6
2025-07-08,395.6478,399.7593,394.3598,397.7778,63945.0,25389045.65
2025-07-09,401.2454,409.1712,397.5797,403.6232,249481.0,100621780.35
2025-07-10,403.6232,407.7347,403.6232,406.8926,99743.0,40479907.65
2025-07-11,405.1092,410.5583,401.7903,406.843,210993.0,85952137.1
2025-07-14,406.843,415.0661,402.2361,410.162,177689.0,72844159.55
2025-07-15,410.162,420.9609,408.1805,417.8401,221144.0,91794916.5
2025-07-16,417.8401,422.6947,412.6883,420.5151,167498.0,70146542.3
2025-07-17,421.06,438.1996,419.8711,427.0539,516054.0,221435775.75
2025-07-18,430.8682,435.9209,422.1003,431.7599,186328.0,79835058.95
2025-07-21,431.7599,431.7599,416.2054,417.7906,184189.0,77720147.75
2025-07-22,417.7906,424.6266,411.3508,414.5212,223103.0,93072550.4
2025-07-23,416.1063,421.4563,412.3911,419.8711,111890.0,46787980.9
2025-07-24,422.0507,422.0507,410.162,411.9948,64927.0,26937055.7
2025-07-25,413.9267,416.1063,404.8616,407.7842,103425.0,42497408.75
2025-07-28,407.7842,415.611,400.1061,401.7408,102929.0,41907390.95
2025-07-29,407.5861,411.6481,400.9482,408.131,91476.0,37115398.15
2025-07-30,408.1805,413.1342,405.456,411.8957,105664.0,43357977.8
2025-07-31,406.2486,412.2425,403.3259,407.6356,73076.0,29859785.0
2025-08-01,407.6356,435.6237,404.2671,413.3323,1363049.0,574023109.5
2025-08-04,416.1063,432.6515,413.1837,428.1932,598361.0,253929327.65
2025-08-05,429.6793,434.6825,417.2457,418.6822,266916.0,113451235.1
2025-08-06,422.0507,425.4192,407.487,411.4994,158381.0,65520031.05
2025-08-07,409.1712,413.2332,401.5922,408.0319,129529.0,52847199.2
2025-08-08,407.1898,411.1527,404.2176,405.0102,108180.0,44097529.85
2025-08-11,404.2176,409.2703,401.3445,404.713,145821.0,58913619.55
2025-08-12,405.0102,410.8555,398.2732,400.007,108595.0,43756268.9
2025-08-13,400.4033,418.7813,400.2547,413.4314,148855.0,60881603.25
2025-08-14,411.1527,413.2332,395.4001,398.4714,172246.0,69288830.3
2025-08-18,405.0102,414.2735,401.1463,410.6078,201777.0,82525670.65
2025-08-19,414.0753,433.9395,411.1527,431.5617,602441.0,256613585.45
2025-08-20,431.5617,450.1379,426.1622,447.5125,1073229.0,475898068.1
2025-08-21,451.7726,451.8717,437.9024,441.2213,363281.0,160857753.9
2025-08-22,441.2213,448.8004,428.0942,435.0788,459543.0,201768529.1
2025-08-25,440.5774,441.3699,427.5493,429.7784,208201.0,90434189.2
2025-08-26,429.7784,433.1964,416.354,418.5336,128015.0,54060998.9
2025-08-28,416.1559,418.8804,407.7347,409.7657,145500.0,59983947.15
2025-08-29,412.6883,416.0568,403.9204,404.9606,221684.0,90592271.6
2025-09-01,406.2486,409.5675,399.7593,404.9111,254816.0,102925135.9
2025-09-02,409.0722,434.3358,402.9792,426.7567,1820874.0,773681767.6
2025-09-03,427.5988,440.2306,427.1034,428.0942,455582.0,197202494.1
2025-09-04,433.7909,439.5866,425.8155,433.8899,321337.0,139137339.45
2025-09-05,433.8404,443.5495,427.153,437.6547,267834.0,117002444.1
2025-09-08,448.0052,473.732,448.0052,465.3222,1343640.0,618697300.85
2025-09-09,477.7129,510.2074,477.7129,482.7389,5995749.0,2967801659.6
2025-09-10,466.8151,474.5779,453.2799,455.1211,1329501.0,616499856.45
2025-09-11,449.0501,456.2158,438.8987,441.2873,612521.0,272808036.8
2025-09-12,443.9744,450.543,426.9559,430.1904,843261.0,367391846.2
2025-09-15,430.9369,434.8183,426.5081,432.2804,389697.0,168059301.45
2025-09-16,434.9178,438.7495,429.444,430.9866,635594.0,275124037.55
2025-09-17,433.1264,435.913,425.6621,427.6526,238231.0,102290668.3
2025-09-18,426.1597,434.2709,425.1645,426.8066,268675.0,115429252.85
2025-09-19,426.8066,430.1904,423.6219,428.0009,190727.0,81457518.5
2025-09-22,429.8421,432.9273,423.0745,427.3043,202825.0,86780626.4
2025-09-23,433.425,447.8559,425.4631,426.8066,802857.0,348230914.7
2025-09-24,425.5128,429.9914,419.6409,420.3874,212062.0,89931926.8
2025-09-25,420.9845,424.219,413.3212,416.8045,215918.0,90198055.45
2025-09-26,416.506,416.705,408.146,410.9824,237835.0,97945405.6
2025-09-29,410.5345,413.0226,406.056,410.7336,165520.0,67823473.15
2025-09-30,411.0819,413.0226,406.5536,411.5795,126728.0,51911779.4
2025-10-01,415.4112,415.8591,408.5441,414.8638,128922.0,53140932.5
2025-10-03,417.7998,426.9559,413.57,425.8612,400765.0,169597802.15
2025-10-06,428.9464,432.9771,423.9702,428.0507,260775.0,111395520.85
2025-10-07,428.9464,435.913,422.5271,431.534,320856.0,137994733.55
2025-10-08,431.534,431.534,420.6859,422.2286,139925.0,59494668.65
2025-10-09,421.2333,423.7712,416.2074,418.3471,114236.0,47904891.85
2025-10-10,418.3471,420.7357,410.3355,411.8781,191835.0,79494129.0
2025-10-13,411.8781,418.9443,409.4895,417.1031,203785.0,84563011.4
2025-10-14,417.949,417.949,409.0915,413.8188,113265.0,46759421.7
2025-10-15,416.4562,416.4562,405.3096,407.6484,296486.0,120947222.2
2025-10-16,408.5441,414.0179,408.2455,412.9729,76493.0,31476024.5
2025-10-17,410.8331,412.8236,406.056,406.8024,75862.0,31005944.1
2025-10-20,408.0465,412.9231,400.2836,407.3498,278975.0,113199767.45
2025-10-21,412.9231,413.6198,397.0989,409.2905,86051.0,35119658.5
2025-10-23,412.0274,413.2714,407.9469,409.3403,107739.0,44151673.15
2025-10-24,413.0226,413.7193,407.0512,408.8924,90341.0,37059671.9
2025-10-27,408.8924,420.9845,408.6436,418.7452,233150.0,96993809.1
2025-10-28,418.7452,426.4583,414.3662,417.0036,234923.0,99042474.4
2025-10-29,416.2074,420.1386,414.4657,418.5462,91239.0,38104911.95
2025-10-30,417.9988,419.6907,414.2169,415.2122,85912.0,35741934.9
2025-10-31,417.9988,423.8209,415.5107,418.0486,147820.0,61858073.5
2025-11-03,422.9252,426.0602,412.1269,413.4705,351271.0,147614990.4
2025-11-04,411.0322,416.0083,407.4991,408.7431,291421.0,119778203.2
2025-11-06,408.0465,415.0131,402.2741,407.1507,327262.0,133916792.9
2025-11-07,407.0512,411.9279,403.0703,409.4398,211520.0,86403666.55
2025-11-10,410.3853,411.0322,405.21,407.7479,370274.0,151045964.75
2025-11-11,410.9326,410.9326,400.1343,403.3689,163736.0,66323503.5
2025-11-12,405.011,408.5441,404.0655,405.2598,150903.0,61373145.3
2025-11-13,407.6981,408.0465,402.5727,403.2196,131596.0,53249395.7
2025-11-14,405.5584,417.9988,402.7717,406.5536,380696.0,156176478.85
2025-11-17,407.101,409.5393,403.0703,404.165,87468.0,35487582.25
2025-11-18,404.165,407.4991,400.4827,402.4234,75293.0,30387634.9
2025-11-19,405.9565,407.4991,401.3286,403.2196,77656.0,31450478.2
2025-11-20,404.9612,407.0015,399.3381,401.9258,78249.0,31571590.55
2025-11-21,399.2386,403.7172,394.4615,398.7908,122744.0,49055305.15
2025-11-24,398.7908,400.6817,388.4403,391.0279,134671.0,52887495.6
2025-11-25,391.3763,396.7008,390.1322,394.4117,76211.0,29975251.35
2025-11-26,394.4117,403.6177,394.1132,401.4281,63383.0,25319884.8
2025-11-27,404.9115,407.6484,401.9755,403.0205,61453.0,24813107.35
2025-11-28,403.0205,405.7077,401.0798,403.0703,62031.0,25009058.2
2025-12-01,403.5679,404.8119,392.2222,396.5515,60719.0,24252561.9
2025-12-02,392.9686,402.075,391.1275,396.5017,108005.0,42792354.25
2025-12-03,398.0941,398.0941,388.1418,389.5351,117877.0,46276201.75
2025-12-04,388.6394,391.7246,382.3196,383.713,84692.0,32716575.15
2025-12-05,385.0565,394.0634,379.4832,381.2746,218613.0,84578520.85
2025-12-08,383.2153,387.1465,372.5166,374.7558,121382.0,46013136.3
2025-12-09,374.2085,383.4144,370.7251,380.9761,124750.0,47055980.65
2025-12-10,380.9761,389.137,379.2842,381.5732,229048.0,88208705.6
2025-12-11,380.1799,391.1275,379.7818,386.9475,199017.0,76964666.9
2025-12-12,387.6441,389.0375,381.7225,383.9618,115303.0,44400666.65
2025-12-15,385.5044,386.7982,378.2889,380.0306,159397.0,60944562.45
2025-12-16,381.8718,382.3694,373.2132,375.0544,123002.0,46421159.35
2025-12-17,376.1492,377.6918,371.9194,374.2582,91907.0,34507357.25
2025-12-18,374.9549,378.0899,368.237,370.5758,102575.0,38295090.8
2025-12-19,371.8697,379.5827,370.7251,378.0899,109157.0,41014708.25
2025-12-22,383.9618,414.416,381.2249,402.1746,1972571.0,797090637.6
2025-12-23,406.056,417.0036,401.7765,413.7193,394617.0,162189091.65
2025-12-24,413.0226,415.7098,408.5441,411.7786,403641.0,166441669.35
2025-12-26,408.0465,430.8373,408.0465,427.7521,779729.0,330701138.05
2025-12-29,427.9512,432.6288,423.8707,430.5388,316955.0,136047769.55
2025-12-30,427.9512,436.1619,412.3757,427.3043,3851190.0,1618712815.3
2025-12-31,425.9607,434.7685,423.0745,430.29,487613.0,209289398.4
2026-01-01,427.9512,428.3493,419.9893,422.975,129638.0,54925580.0
2026-01-02,424.2688,433.0269,416.0083,418.6457,406542.0,172452087.85
2026-01-05,421.9797,421.9797,413.5203,416.1576,141677.0,59151884.15
2026-01-06,414.1174,419.9395,411.0322,415.4112,154665.0,64390047.95
2026-01-07,416.0083,423.2736,412.0274,422.129,125522.0,52538137.3
2026-01-08,421.9797,422.975,411.0322,417.75,495881.0,207878170.95
2026-01-09,416.65,418.95,407.55,409.35,148875.0,61545364.1
2026-01-12,407.6,409.45,396.05,404.0,306911.0,123684549.75
2026-01-13,401.25,414.65,401.25,411.35,124850.0,51327572.25
2026-01-14,409.0,415.0,408.3,414.05,92303.0,38088355.8
2026-01-16,414.05,418.95,400.2,401.7,241765.0,99011280.9
2026-01-19,404.9,404.9,395.0,396.2,128602.0,51398409.65
2026-01-20,395.0,399.7,384.9,387.2,121155.0,47574644.8
2026-01-21,382.6,395.0,369.0,373.45,165540.0,62274582.95
2026-01-22,380.0,386.4,370.2,372.2,103862.0,38998673.7
2026-01-23,373.95,374.0,354.9,356.8,172208.0,62382027.05
2026-01-27,360.0,361.2,344.45,352.85,166972.0,58522369.2
2026-01-28,353.95,370.1,350.5,368.6,215596.0,77866265.5
2026-01-29,370.05,370.05,356.0,362.25,164636.0,59642394.05
2026-01-30,360.0,370.45,357.55,368.5,110575.0,40484055.1
2026-02-01,369.85,375.9,357.1,361.35,71389.0,26122555.6
2026-02-02,361.35,367.0,350.0,360.3,93703.0,33323696.25
2026-02-03,374.0,374.15,366.35,369.85,95202.0,35221218.65
2026-02-04,370.2,383.25,367.0,377.9,103235.0,38713483.05
2026-02-05,380.0,380.0,363.8,369.7,156069.0,57587684.3
2026-02-06,369.95,370.0,358.1,359.35,93071.0,33608595.8
2026-02-09,362.05,372.4,356.45,369.35,421404.0,154383554.55
2026-02-10,377.0,387.6,371.55,374.3,254768.0,96582029.65
2026-02-11,375.9,375.9,363.5,364.6,106060.0,38882810.55
2026-02-12,365.75,365.75,357.55,359.6,87296.0,31475132.35
2026-02-13,357.85,358.0,352.2,355.15,76105.0,27030754.95
2026-02-16,352.25,359.0,346.4,347.65,128342.0,44880601.45
2026-02-17,351.45,362.8,347.1,352.95,136942.0,48683241.35
2026-02-18,352.95,359.0,352.15,357.45,61128.0,21768754.45
2026-02-19,355.15,357.95,350.2,350.95,81003.0,28533671.6
2026-02-20,350.95,351.85,346.2,350.1,59179.0,20662230.5
2026-02-23,350.1,352.7,333.65,341.0,180936.0,61752025.05
2026-02-24,341.95,343.8,333.75,337.75,82554.0,27881648.25
2026-02-25,337.0,345.5,336.95,343.55,64041.0,21895058.3
2026-02-26,343.0,344.75,337.5,338.9,67188.0,22790386.35
2026-02-27,338.0,362.0,335.0,357.3,234028.0,82485129.25
2026-03-02,350.5,350.5,336.0,344.8,159035.0,54316609.6
2026-03-04,339.0,341.0,330.0,332.9,148074.0,49479045.2
2026-03-05,335.0,335.4,326.8,331.4,174236.0,57455990.4
2026-03-06,331.4,334.0,330.0,330.95,50223.0,16659756.85
2026-03-09,323.95,328.0,313.25,317.3,128118.0,40699668.15
2026-03-10,322.5,322.9,315.1,316.4,148062.0,47091001.15
2026-03-11,317.75,321.7,302.0,306.05,289408.0,90072353.5
2026-03-12,306.05,309.0,296.0,304.75,185152.0,56204220.35
2026-03-13,305.0,305.7,297.35,302.85,137918.0,41613653.65
2026-03-16,302.0,306.7,290.0,300.3,210299.0,62619925.75
2026-03-17,299.9,306.9,299.0,303.85,102401.0,31135595.4
2026-03-18,303.0,318.25,303.0,314.15,223343.0,69931050.25
2026-03-19,308.8,316.0,306.0,308.25,125875.0,39105255.9
2026-03-20,308.25,312.8,299.35,301.85,107551.0,32743260.65
2026-03-23,300.65,300.65,281.35,284.95,182737.0,52997187.1
2026-03-24,290.0,299.9,284.95,292.85,212188.0,62305700.85
2026-03-25,296.3,315.55,296.3,312.8,357889.0,110638591.4
2026-03-27,311.85,311.85,296.0,304.15,481470.0,146715939.85
2026-03-30,300.0,304.15,286.15,300.5,373166.0,110239340.85
2026-04-01,303.4,323.45,303.0,318.6,253412.0,80024705.65
2026-04-02,301.4,317.9,301.4,316.2,95878.0,29921204.8
2026-04-06,316.8,323.75,312.0,321.9,105539.0,33701467.85
2026-04-07,324.9,324.9,313.55,319.7,105208.0,33585606.9
2026-04-08,330.0,341.9,324.9,340.35,144564.0,48355287.9
2026-04-09,340.65,344.6,329.2,331.35,103519.0,34565532.05
2026-04-10,335.9,338.4,332.05,335.85,87807.0,29455703.15
2026-04-13,331.0,338.0,323.05,331.35,77962.0,25851305.65
2026-04-15,336.0,340.5,329.7,331.95,178227.0,59316361.85
2026-04-16,337.0,338.5,329.7,330.95,137700.0,45825933.95
2026-04-17,334.7,334.75,329.9,332.35,97678.0,32425730.75
2026-04-20,335.0,335.0,327.3,330.95,70984.0,23487781.6
2026-04-21,331.0,350.0,330.8,340.4,262204.0,90030002.7
2026-04-22,343.8,345.95,334.0,335.65,116017.0,39142031.15
2026-04-23,335.0,335.0,328.0,329.3,117840.0,38909010.55
2026-04-24,329.5,334.9,323.05,325.2,114151.0,37397596.2
2026-04-27,326.0,335.75,326.0,332.0,87310.0,28958634.85
2026-04-28,332.5,333.45,319.0,320.3,199033.0,64515785.6
2026-04-29,323.6,325.0,315.25,315.9,212164.0,67528097.2
2026-04-30,317.0,331.0,308.5,325.5,319299.0,101711422.05
2026-05-04,329.9,330.4,322.05,329.1,94651.0,30907212.7
2026-05-05,329.1,329.1,321.5,323.1,46267.0,14983346.1
2026-05-06,330.0,336.95,323.0,332.5,175053.0,57793551.05
2026-05-07,337.0,343.0,335.8,337.75,162046.0,54909385.25
2026-05-08,336.1,336.1,326.9,328.9,113039.0,37348455.1
2026-05-11,331.4,331.4,318.5,319.5,78536.0,25321543.55
2026-05-12,322.35,322.35,309.8,310.7,130162.0,40808973.95
2026-05-13,310.0,314.95,308.1,310.2,64184.0,19967064.35
2026-05-14,312.5,314.0,305.1,310.5,54661.0,16905780.2
2026-05-15,312.8,313.7,307.75,308.45,42465.0,13174034.75
2026-05-18,306.0,306.05,297.15,301.2,96237.0,28906403.0
2026-05-19,303.0,311.65,298.55,308.65,67667.0,20800554.95
2026-05-20,306.25,306.3,301.5,303.75,54660.0,16587608.15
2026-05-21,304.3,312.25,304.3,310.55,62018.0,19200661.45
2026-05-22,310.55,324.5,307.3,321.3,152763.0,48845564.9
2026-05-25,323.8,333.05,319.45,328.2,162707.0,53049203.15
2026-05-26,333.0,333.0,319.35,321.75,73809.0,23929388.25
2026-05-27,322.4,323.4,318.8,321.25,95159.0,30590495.4
2026-05-29,340.95,349.2,332.0,346.3,1021428.0,348743953.6
2026-06-01,350.0,355.2,336.5,342.3,271035.0,93570628.8
2026-06-02,342.05,343.6,335.2,340.5,93728.0,31818904.85
2026-06-03,343.5,347.45,335.35,339.2,87460.0,29807419.7
2026-06-04,337.55,342.45,335.0,340.4,79758.0,27087050.9
2026-06-05,341.5,342.0,329.8,331.9,86090.0,28820317.9
2026-06-08,331.9,331.9,321.0,321.55,69832.0,22697468.85
2026-06-09,326.5,332.9,321.8,330.5,140716.0,45966132.0
2026-06-10,328.0,334.1,321.35,324.05,76454.0,25074303.4
2026-06-11,322.0,322.85,313.0,315.55,72236.0,22890210.0
2026-06-12,319.5,332.8,319.0,330.2,70987.0,23150472.05
2026-06-15,335.0,338.0,331.5,334.45,75421.0,25287059.7
2026-06-16,335.05,337.8,327.1,331.5,54901.0,18243053.3
2026-06-17,333.15,334.7,330.4,333.2,31352.0,10429173.75
2026-06-18,333.2,336.2,329.25,332.65,69515.0,23107939.25
2026-06-19,332.65,342.7,330.05,338.45,124429.0,42069037.95
2026-06-22,338.0,347.7,338.0,342.25,142402.0,48842137.8
2026-06-23,343.0,349.8,338.55,340.25,178904.0,61449839.45
2026-06-24,337.45,340.5,336.3,338.95,36521.0,12361701.1
2026-06-25,341.4,341.4,332.0,333.0,54801.0,18335774.7
2026-06-29,335.0,339.3,324.05,326.65,73880.0,24353064.8
2026-06-30,327.8,339.0,326.0,337.15,66282.0,22129334.4
2026-07-01,338.8,345.0,336.0,343.1,104210.0,35519178.9
2026-07-02,340.1,346.0,338.8,340.65,63706.0,21770050.4
2026-07-03,342.0,346.2,338.4,343.4,71207.0,24419344.25
2026-07-06,345.5,345.5,340.0,343.3,42108.0,14414294.1
2026-07-07,343.3,365.0,342.0,361.95,969977.0,348867856.05
2026-07-08,360.0,366.95,344.85,350.2,321281.0,114879472.95
2026-07-09,349.0,369.2,345.0,361.95,319606.0,115458114.25
2026-07-10,365.1,374.4,360.55,371.7,216934.0,79790612.55
2026-07-13,369.7,372.0,364.0,366.8,84016.0,30913346.7
2026-07-14,366.8,367.15,357.0,358.7,65550.0,23597606.45
2026-07-15,359.95,364.0,355.35,360.4,70470.0,25378965.1
2026-07-16,360.4,368.0,358.0,358.2,66087.0,23937043.9
2026-07-17,358.2,362.65,355.8,360.95,74312.0,26750999.45
2026-07-20,363.0,364.95,356.85,361.15,106217.0,38245542.15
2026-07-21,361.15,361.15,356.8,358.15,52535.0,18831652.5
2026-07-22,360.75,360.8,345.0,358.0,84824.0,29970227.1
2026-07-23,359.95,366.8,354.0,362.6,105958.0,38402405.45
2026-07-24,361.95,361.95,351.6,359.9,69629.0,24810862.3
2026-07-27,359.9,365.0,357.1,360.1,45792.0,16544620.85
2026-07-28,358.45,365.75,356.0,360.05,101439.0,36670890.25
2026-07-29,363.9,363.9,357.6,359.95,54540.0,19644003.9
2026-07-30,359.95,367.3,357.65,360.85,80891.0,29402749.85
2026-07-31,363.0,367.7,350.0,363.25,692026.0,250528224.65
2026-08-03,363.95,374.0,361.2,363.45,198799.0,73192347.05
2026-08-04,366.15,371.7,361.05,369.95,174471.0,64178286.9
2026-08-05,371.5,374.0,363.6,364.7,88940.0,32826550.1
2026-08-06,366.0,372.95,361.65,369.15,89672.0,33085725.6
2026-08-07,369.15,370.8,356.0,360.45,100613.0,36502668.85
2026-08-10,365.0,365.45,352.7,353.9,57923.0,20668992.15
2026-08-11,353.9,360.0,351.45,358.7,62070.0,22098904.35
2026-08-12,356.2,357.4,350.0,352.85,76036.0,26819869.75
2026-08-13,351.3,354.9,350.1,350.9,23825.0,8378066.2
2026-08-14,349.2,350.0,341.0,341.65,87575.0,30106239.25
2026-08-17,344.95,347.9,335.0,337.5,69636.0,23539027.2
2026-08-18,334.95,347.0,332.5,345.15,142023.0,48240843.75
2026-08-19,345.15,347.25,340.45,344.05,38510.0,13250747.75
2026-08-20,346.55,349.85,344.7,347.9,35916.0,12464982.8
2026-08-21,345.55,352.0,345.55,350.4,40582.0,14192527.85
2026-08-24,350.4,356.0,348.85,353.35,62366.0,21960727.0
2026-08-25,353.35,354.0,346.35,349.2,39904.0,13951223.0
2026-08-26,351.8,351.8,338.0,339.4,77523.0,26518097.55
2026-08-27,339.35,342.75,337.1,341.75,48286.0,16427525.2
2026-08-28,343.95,343.95,337.2,340.0,38431.0,13061325.0
2026-08-31,341.1,341.1,334.0,335.65,50366.0,16971981.2
2026-09-01,334.55,334.9,327.25,328.95,70985.0,23451612.5
2026-09-02,326.6,344.8,322.5,343.45,101607.0,34224575.75
2026-09-03,342.35,342.35,332.85,333.8,58168.0,19558280.05
2026-09-04,333.7,336.5,330.35,332.55,150325.0,50198189.7
2026-09-07,332.05,339.0,328.1,329.2,66810.0,22181306.65
2026-09-08,329.35,338.4,326.9,332.75,102199.0,33930892.9
2026-09-09,332.05,335.7,329.4,332.15,57365.0,19056648.9
2026-09-10,332.15,347.7,330.05,342.6,188257.0,63675874.1
2026-09-11,341.9,342.0,333.2,334.8,51864.0,17420658.0
2026-09-15,334.55,335.4,325.1,325.85,58026.0,19072921.6
2026-09-16,325.05,328.1,318.55,327.4,50327.0,16292527.5
2026-09-17,327.4,335.0,325.05,333.4,42903.0,14205400.85
2026-09-18,335.0,336.05,331.0,334.7,51856.0,17298306.05
2026-09-21,332.7,336.95,327.5,328.8,50247.0,16657416.9
2026-09-22,328.8,332.95,326.05,328.85,38081.0,12541332.6
2026-09-23,327.65,333.0,327.3,329.9,47479.0,15680912.4
2026-09-24,329.0,329.05,321.65,323.2,48019.0,15598747.0
2026-09-25,324.65,325.2,319.8,324.35,28904.0,9326825.95
2026-09-28,325.0,325.05,314.6,315.25,55042.0,17442685.2
2026-09-29,316.2,319.0,310.8,316.55,38238.0,12045605.25
2026-09-30,316.55,327.7,314.8,320.2,36962.0,11844861.75
2026-10-01,320.45,321.0,310.0,314.9,45698.0,14374757.45
2026-10-05,314.8,325.0,312.35,315.3,33436.0,10550014.9
