date,open,high,low,close,volume,value
2011-01-03,44.3083,45.8941,44.2772,45.21,60262.0,2736113.85
2011-01-04,45.8941,46.7647,45.0857,45.521,93524.0,4284406.85
2011-01-05,44.9924,46.3916,43.6554,43.9663,53223.0,2371800.25
2011-01-06,44.5571,44.7747,42.9091,43.3133,53953.0,2371957.1
2011-01-07,43.531,43.6554,41.8519,42.194,38431.0,1638774.05
2011-01-10,42.2872,42.2872,40.1107,40.3594,81816.0,3344040.35
2011-01-11,41.4166,41.4166,39.4888,40.4838,48349.0,1959248.35
2011-01-12,41.0124,41.4788,39.9552,41.0435,40669.0,1658236.4
2011-01-13,41.6032,42.225,40.5149,40.7326,79315.0,3272178.6
2011-01-14,40.9191,41.1679,39.8619,40.2662,62772.0,2541781.8
2011-01-17,40.1418,41.199,38.8669,39.1468,51078.0,2021390.7
2011-01-18,40.1107,40.1107,38.556,39.2401,32042.0,1255954.15
2011-01-19,39.7998,40.9813,39.3333,40.4527,82919.0,3327441.3
2011-01-20,40.3594,40.9502,39.3955,39.8308,38458.0,1534547.5
2011-01-21,40.2662,40.8569,39.9863,40.3283,51144.0,2068331.9
2011-01-24,41.0124,41.0124,40.2351,40.7015,15461.0,626706.85
2011-01-25,40.7326,41.0435,40.2972,40.5149,29884.0,1215571.9
2011-01-27,39.8308,41.1679,39.6754,40.0796,80595.0,3264040.55
2011-01-28,40.8569,40.8569,37.6232,38.5249,49875.0,1930844.1
2011-01-31,37.9341,40.2662,37.3745,39.3023,252097.0,9681428.45
2011-02-01,39.7998,40.4838,38.9913,39.209,80406.0,3202444.05
2011-02-02,39.4888,40.2662,38.6493,39.0846,34235.0,1346259.15
2011-02-03,39.4577,39.6132,38.6182,39.209,36091.0,1410251.7
2011-02-04,39.3333,39.7998,37.9341,38.3694,32640.0,1276430.35
2011-02-07,38.2762,38.8048,37.6232,38.0585,29345.0,1124688.55
2011-02-08,37.903,38.2762,36.6904,37.1568,29193.0,1090357.15
2011-02-09,37.219,37.219,34.1407,34.9803,54418.0,1926784.55
2011-02-10,35.4156,35.4156,33.5189,33.7676,108466.0,3685668.6
2011-02-11,34.2029,34.5138,32.9592,34.0164,84191.0,2835459.7
2011-02-14,36.6904,37.1879,34.9181,36.5971,67799.0,2447998.35
2011-02-15,37.1568,38.2762,35.4777,37.7787,100521.0,3751667.75
2011-02-16,38.1829,38.3073,37.0946,37.872,45635.0,1721463.3
2011-02-17,37.3434,39.3955,37.219,38.6182,43903.0,1691043.0
2011-02-18,37.4055,39.3023,36.3795,36.7526,30751.0,1166415.9
2011-02-21,36.6904,37.1257,36.0685,36.2862,27454.0,997656.85
2011-02-22,36.9391,36.9391,35.6954,36.0996,26821.0,970121.35
2011-02-23,36.9391,36.9391,35.9131,36.2862,18430.0,668903.85
2011-02-24,36.8148,36.8148,34.2651,34.9492,29220.0,1043095.25
2011-02-25,35.4467,40.4216,34.2029,34.6382,18309.0,633808.2
2011-02-28,36.6282,36.6282,34.7937,35.0735,32705.0,1154466.55
2011-03-01,35.0424,36.566,34.9492,36.1307,41949.0,1504564.2
2011-03-03,35.5399,36.5971,35.229,36.1307,40692.0,1470864.25
2011-03-04,36.3484,36.6904,35.8509,36.1929,74731.0,2709387.4
2011-03-07,35.9131,37.872,35.1357,37.2812,357346.0,13083034.4
2011-03-08,37.8409,37.8409,36.1307,36.6593,32000.0,1174936.65
2011-03-09,36.8459,38.4938,36.4106,37.9341,115834.0,4340299.1
2011-03-10,37.4988,39.1157,36.1929,37.5921,32052.0,1201740.9
2011-03-11,37.3123,37.5299,36.0063,36.224,53146.0,1940333.1
2011-03-14,36.0685,37.3123,35.7576,37.0324,122074.0,4476371.2
2011-03-15,36.2862,36.8459,35.5088,36.3173,32241.0,1165574.55
2011-03-16,36.2862,37.3123,36.0996,37.0013,40759.0,1489522.15
2011-03-17,36.6904,40.7326,36.5038,39.6443,181015.0,7100497.6
2011-03-18,39.1779,39.551,37.7787,38.0585,70950.0,2708482.85
2011-03-21,37.9341,38.2762,36.5038,37.219,31326.0,1164387.25
2011-03-22,37.872,37.872,36.9391,37.4055,25783.0,964471.55
2011-03-23,37.9341,37.9341,37.1257,37.3123,48118.0,1800542.4
2011-03-24,37.6232,38.1207,37.4988,37.6854,29281.0,1106380.1
2011-03-25,38.0274,39.9863,37.8098,38.6182,167954.0,6535343.45
2011-03-28,38.1518,38.9602,37.3745,37.903,57499.0,2192421.1
2011-03-29,37.903,38.556,37.0324,37.1568,118973.0,4498082.1
2011-03-30,38.0896,38.4938,37.0635,37.4988,98702.0,3726329.0
2011-03-31,37.7165,38.2451,35.882,36.4106,172706.0,6387132.5
2011-04-01,36.224,39.6754,36.224,38.898,140203.0,5369697.0
2011-04-04,39.1779,40.3594,38.4316,39.9552,78351.0,3105190.5
2011-04-05,40.2662,40.546,39.3955,40.3594,53342.0,2137939.75
2011-04-06,39.8619,42.2872,39.8619,42.0385,149364.0,6222059.85
2011-04-07,42.1629,42.7847,41.7586,42.0074,66835.0,2829263.35
2011-04-08,42.0696,42.8158,39.8619,40.5149,128076.0,5225230.75
2011-04-11,40.3905,40.9813,39.9552,40.5771,27105.0,1093799.75
2011-04-13,39.8619,40.9813,39.8619,40.6704,27749.0,1128363.35
2011-04-15,40.6704,41.2611,40.1107,40.4838,24957.0,1014297.65
2011-04-18,40.5771,41.5099,40.1729,40.4527,27802.0,1132694.8
2011-04-19,39.9241,40.7947,39.7998,40.3283,19588.0,790294.35
2011-04-20,42.225,42.225,40.5149,41.1679,82660.0,3412979.2
2011-04-21,41.9452,42.536,40.4527,40.8258,37656.0,1549454.0
2011-04-25,41.6654,41.6654,40.1418,40.3905,33767.0,1370450.35
2011-04-26,40.7637,40.7637,39.9552,40.3594,13294.0,536994.3
2011-04-27,40.4527,40.7326,40.2662,40.5771,14252.0,577289.1
2011-04-28,40.6393,40.6393,39.2712,39.4266,43130.0,1728902.7
2011-04-29,39.4888,40.1107,38.9291,39.3023,27327.0,1077634.1
2011-05-02,39.0535,39.7998,38.5871,38.8048,13704.0,535051.8
2011-05-03,38.6804,38.8669,37.9341,38.0896,22915.0,877163.25
2011-05-04,37.9341,38.556,37.1257,37.8409,20112.0,756371.35
2011-05-05,37.9341,39.1157,36.7526,36.9391,25053.0,940472.5
2011-05-06,37.0946,37.6232,36.6904,37.1879,14291.0,530398.25
2011-05-09,36.8148,37.219,35.5088,36.9702,23236.0,853567.75
2011-05-10,36.7526,37.6854,35.7576,37.4055,31150.0,1149745.15
2011-05-11,37.0324,38.1518,37.0013,37.6543,13223.0,494797.0
2011-05-12,37.8409,38.0274,36.7526,37.2812,16097.0,602404.05
2011-05-13,36.1618,39.0846,36.1618,38.3073,38436.0,1457203.5
2011-05-16,37.9341,38.2451,37.4055,37.6543,25792.0,979338.95
2011-05-17,37.3434,37.9341,37.0013,37.1568,10264.0,383856.05
2011-05-18,37.0013,37.4366,36.5349,37.0324,17447.0,645358.7
2011-05-19,36.6904,37.1257,36.2862,36.6904,11610.0,425664.5
2011-05-20,36.5038,37.561,36.5038,37.219,20485.0,760368.0
2011-05-23,37.1879,37.2501,36.3795,36.8459,20305.0,744022.6
2011-05-24,36.6904,37.4366,36.1929,37.0013,29522.0,1088901.9
2011-05-25,36.7837,37.1879,36.4416,36.566,12163.0,446661.4
2011-05-26,36.6282,37.1568,34.9803,35.8198,34589.0,1247048.05
2011-05-27,35.5088,36.7837,35.5088,36.6282,11192.0,407038.55
2011-05-30,36.877,37.9341,36.566,37.4677,25729.0,961516.1
2011-05-31,36.7215,38.556,36.7215,38.2762,53561.0,2035312.6
2011-06-01,38.1207,40.0485,37.6854,39.6443,79999.0,3153304.3
2011-06-02,39.1779,39.4888,38.7115,38.8048,16182.0,630206.75
2011-06-03,39.2712,39.3333,37.7476,38.4005,29445.0,1133415.2
2011-06-06,38.0585,44.2772,37.6232,42.225,2670179.0,113977680.8
2011-06-07,41.883,42.0385,40.2662,40.7637,412212.0,16894760.65
2011-06-08,41.0435,42.2561,40.4838,41.2922,214202.0,8858579.85
2011-06-09,41.1057,42.1007,40.546,41.199,44675.0,1847290.4
2011-06-10,41.6654,41.6654,39.9863,40.2662,72602.0,2950823.45
2011-06-13,39.9552,41.0435,39.3644,40.0796,46553.0,1873252.85
2011-06-14,40.0174,40.6393,39.8619,40.1107,29030.0,1167524.0
2011-06-15,40.1107,41.199,39.7998,39.893,83363.0,3383190.3
2011-06-16,40.3905,40.3905,39.209,39.4888,49274.0,1957928.6
2011-06-17,38.8048,40.1107,38.6182,38.898,40486.0,1587968.25
2011-06-20,39.1779,39.6443,36.8459,37.1879,42453.0,1604158.0
2011-06-21,36.9081,38.0274,36.9081,37.5299,44144.0,1660460.4
2011-06-22,37.561,37.8098,36.6904,36.9081,23828.0,885697.0
2011-06-23,36.6904,37.1257,35.8198,36.2551,38009.0,1383217.45
2011-06-24,36.4416,37.3123,36.3484,36.9702,27038.0,998466.9
2011-06-27,37.3123,37.872,36.7215,37.4677,44469.0,1670746.55
2011-06-28,37.4677,40.9191,36.9081,39.6754,445248.0,17812084.0
2011-06-29,39.7376,40.5771,39.1779,39.5821,75488.0,3009942.3
2011-06-30,39.7998,41.2922,39.3333,40.546,204431.0,8301144.75
2011-07-01,41.0435,42.1318,40.4216,40.7637,146220.0,6035866.0
2011-07-04,41.1679,41.1679,40.1729,40.3905,51987.0,2105803.75
2011-07-05,40.9502,41.3544,40.204,40.7015,68730.0,2811950.9
2011-07-06,40.8569,40.9502,39.8619,39.9241,54770.0,2204632.25
2011-07-07,40.3905,42.7225,39.893,41.3544,315019.0,13120528.45
2011-07-08,41.2301,41.7276,40.546,41.541,107284.0,4432699.8
2011-07-11,41.6032,42.0385,40.5771,40.7637,41940.0,1725421.4
2011-07-12,40.6082,40.8569,39.3023,39.6443,62304.0,2491981.4
2011-07-13,40.0485,43.22,39.7065,41.6032,409741.0,17250021.35
2011-07-14,41.3544,41.883,41.199,41.6032,65420.0,2718072.55
2011-07-15,42.1629,42.6604,40.4838,41.1057,92794.0,3877488.35
2011-07-18,41.3855,41.541,40.5149,40.7326,28707.0,1176205.9
2011-07-19,40.4838,41.2922,40.1729,41.1057,57718.0,2347653.1
2011-07-20,41.1368,42.2872,40.6082,40.888,43467.0,1796468.35
2011-07-21,40.5771,41.0435,40.5149,40.5771,33306.0,1353280.95
2011-07-22,41.0435,41.3544,40.3594,40.6082,47967.0,1958182.3
2011-07-25,40.9813,40.9813,40.4216,40.5149,9883.0,401448.05
2011-07-26,40.6704,41.6032,40.6393,40.7015,46217.0,1900488.6
2011-07-27,40.5149,40.8569,39.551,39.7998,29974.0,1202737.0
2011-07-28,39.8619,40.2351,39.3023,39.7687,26650.0,1058910.6
2011-07-29,39.6132,40.7326,39.3023,39.551,15735.0,629164.55
2011-08-01,39.4888,39.7376,38.7115,38.898,41710.0,1629925.15
2011-08-02,38.8669,38.9913,37.4677,37.5921,52836.0,2009358.55
2011-08-03,37.3745,37.903,37.0324,37.3123,28773.0,1077149.05
2011-08-04,37.4988,37.6854,37.0635,37.2501,18673.0,697380.0
2011-08-05,36.6282,36.6282,35.5088,36.3173,59036.0,2128213.8
2011-08-08,36.3173,37.3123,35.0424,37.1879,27802.0,1004469.3
2011-08-09,36.7526,36.7526,35.3223,36.0374,23572.0,851539.25
2011-08-10,36.4727,37.6543,36.3795,37.1879,20628.0,766599.65
2011-08-11,36.8459,37.4677,36.3795,37.0635,23510.0,869085.3
2011-08-12,36.7837,37.3123,36.7837,37.1568,16648.0,617718.75
2011-08-16,38.2589,38.2589,36.527,36.8419,38787.0,1439654.55
2011-08-17,36.527,36.8419,34.5117,35.2045,53000.0,1881914.95
2011-08-18,35.11,35.4249,31.4888,32.2131,112197.0,3673832.65
2011-08-19,31.8037,32.7484,31.5833,31.9297,90499.0,2907699.0
2011-08-22,31.8037,32.7169,31.8037,32.465,9721.0,314615.6
2011-08-23,32.6854,33.3781,32.5909,33.1262,21203.0,699221.15
2011-08-24,34.3858,34.3858,32.9688,33.1577,23218.0,777878.1
2011-08-25,33.2207,33.756,32.7484,32.9688,4818.0,158826.8
2011-08-26,32.7169,32.8113,31.5833,31.8352,30447.0,978573.2
2011-08-29,33.3467,33.3467,31.8667,32.0241,25958.0,834057.15
2011-08-30,32.6224,32.7484,31.9297,32.0871,23916.0,771586.35
2011-09-02,32.7799,32.7799,31.8352,32.0556,20615.0,666179.45
2011-09-05,32.0871,32.1186,31.4888,32.0556,11290.0,361444.6
2011-09-06,31.5833,32.4335,31.5833,32.2445,17163.0,551286.8
2011-09-07,32.276,32.7484,32.2445,32.4965,171529.0,5599973.15
2011-09-08,33.1262,33.756,32.6539,33.3467,48254.0,1609093.15
2011-09-09,33.4411,33.4411,33.0633,33.2837,26273.0,874501.5
2011-09-12,32.9373,32.9373,31.048,31.6148,41016.0,1308152.25
2011-09-13,31.6148,32.3075,31.6148,32.0871,20345.0,652595.3
2011-09-14,31.8352,33.0318,31.8352,32.402,35484.0,1151574.0
2011-09-15,32.7169,32.7169,31.9611,32.3075,10804.0,348739.7
2011-09-16,32.6539,32.6539,32.1186,32.3705,8479.0,273907.35
2011-09-19,32.2131,32.5909,32.1816,32.3705,135840.0,4400985.2
2011-09-20,32.465,35.1415,32.1186,34.2283,203299.0,6724474.7
2011-09-21,34.2283,38.2274,33.693,36.2121,557079.0,20370899.75
2011-09-22,35.3934,35.5824,33.3781,33.5986,72880.0,2517062.55
2011-09-23,35.6453,35.6453,32.339,33.1262,43795.0,1452625.9
2011-09-26,32.1816,33.2837,32.1816,32.6539,21127.0,689371.2
2011-09-27,33.2837,34.0079,32.9373,33.3467,28693.0,958685.4
2011-09-28,32.7799,34.2598,32.6224,33.3152,23928.0,806006.65
2011-09-29,32.9058,33.819,32.8743,32.9688,12052.0,398938.7
2011-09-30,33.3781,33.819,32.4335,32.6539,19783.0,652302.7
2011-10-03,32.8113,32.8113,31.6148,32.2131,9864.0,316464.1
2011-10-04,32.2131,33.6615,31.3943,31.6148,29717.0,956802.05
2011-10-05,31.8037,32.3705,31.1739,31.2054,33391.0,1053646.6
2011-10-07,31.8352,32.4965,31.5833,31.6777,24439.0,783670.2
2011-10-10,31.3314,32.3705,31.3314,32.2131,8079.0,257920.25
2011-10-11,32.1501,32.7799,31.5518,31.9611,16120.0,519870.9
2011-10-12,32.339,32.4335,31.8982,31.9926,7166.0,230404.8
2011-10-13,32.5594,34.1654,32.1816,33.6615,93652.0,3120028.0
2011-10-14,34.0079,37.3457,34.0079,36.4326,373282.0,13543369.4
2011-10-17,36.8419,39.2666,36.3381,38.07,194051.0,7381879.1
2011-10-18,37.5347,38.9832,37.0308,38.1959,75297.0,2867391.15
2011-10-19,38.3849,39.0146,37.4717,37.5662,41188.0,1577186.65
2011-10-20,37.4717,37.5662,36.6845,37.0938,16787.0,623534.95
2011-10-21,36.527,37.7236,35.9917,36.2436,22238.0,821308.05
2011-10-24,36.59,37.2828,36.5585,36.9994,28769.0,1065418.15
2011-10-25,36.527,36.8104,35.5509,35.9287,127753.0,4578184.15
2011-10-26,36.8104,38.4164,36.1492,38.133,100988.0,3812353.1
2011-10-28,38.7627,39.2036,37.5347,37.944,93247.0,3579648.1
2011-10-31,37.8496,38.4164,37.7866,37.9125,8770.0,333858.8
2011-11-01,37.2828,38.5423,36.8104,37.2198,64145.0,2422323.05
2011-11-02,36.527,38.5108,35.8972,38.007,46420.0,1763848.9
2011-11-03,38.6368,38.6368,37.2513,37.9755,20350.0,772121.0
2011-11-04,38.6683,38.9202,37.0938,37.5032,67751.0,2557345.45
2011-11-08,37.5032,37.7236,36.8419,36.9364,20391.0,756792.35
2011-11-09,36.8734,37.4402,36.464,36.5585,9696.0,357152.7
2011-11-11,36.59,36.9049,35.8972,36.1177,7717.0,279149.55
2011-11-14,36.2121,36.527,33.6615,33.7245,27038.0,936284.95
2011-11-15,33.6615,33.819,32.1816,32.5909,33009.0,1092224.8
2011-11-16,32.3075,33.5986,31.5518,32.0871,35397.0,1134762.2
2011-11-17,31.8037,32.7484,31.3314,31.6148,53811.0,1721924.75
2011-11-18,31.4888,31.4888,30.5441,31.2684,38241.0,1182578.7
2011-11-21,30.6701,32.1816,30.6701,31.1739,13751.0,430932.85
2011-11-22,31.1739,31.4258,30.5441,30.6071,36353.0,1126109.55
2011-11-23,30.2922,31.2054,28.7178,29.1901,31870.0,951990.6
2011-11-24,28.9067,29.7884,28.025,28.7808,46347.0,1324047.65
2011-11-25,23.0498,30.1978,23.0498,29.5365,27553.0,809397.3
2011-11-28,29.694,30.6701,29.6625,30.2922,14596.0,442210.95
2011-11-29,30.2293,31.1109,29.8199,30.7331,14697.0,447678.25
2011-11-30,31.1109,31.1739,29.9459,30.1978,17997.0,543382.3
2011-12-01,30.5756,31.1424,29.9144,30.3237,19937.0,607870.95
2011-12-02,30.7961,31.4258,30.0718,30.8275,14769.0,456261.75
2011-12-05,30.7961,31.1424,30.3867,30.5127,20247.0,621306.75
2011-12-07,30.6386,31.1739,30.6386,30.9535,4459.0,138024.25
2011-12-08,30.859,31.0165,29.9144,30.1033,11133.0,337250.5
2011-12-09,29.9774,30.7961,29.568,30.4497,13603.0,408290.35
2011-12-12,30.859,30.859,29.2531,29.3161,13046.0,388379.3
2011-12-13,28.8123,29.9144,28.8123,29.505,24707.0,729852.65
2011-12-14,30.1348,30.3552,29.1586,29.3161,9829.0,292799.9
2011-12-15,29.0012,29.5365,28.1825,28.5604,13086.0,375169.2
2011-12-16,28.3399,29.1901,26.5451,27.6157,36802.0,1027403.9
2011-12-19,27.7102,27.7102,26.3246,26.5136,22683.0,607603.45
2011-12-20,27.1434,28.088,26.4821,26.734,41397.0,1120979.5
2011-12-21,21.4124,27.6472,21.4124,27.2693,9580.0,259796.35
2011-12-22,27.0174,27.9621,26.8285,27.7102,21903.0,597720.35
2011-12-23,27.2063,29.2846,27.2063,28.7808,17170.0,487989.6
2011-12-26,29.0642,29.568,28.5604,29.2531,10653.0,309365.15
2011-12-27,29.0327,29.8829,28.214,29.0012,13298.0,389809.35
2011-12-28,28.7178,29.4735,28.4344,29.1586,14934.0,431595.75
2011-12-29,28.6548,29.568,28.3714,28.8438,13444.0,391622.65
2011-12-30,28.3399,28.8123,27.3953,28.1825,10720.0,302360.3
2012-01-02,27.8046,28.8438,27.4582,28.3714,55767.0,1594337.75
2012-01-03,29.0012,34.0394,28.088,33.1577,439080.0,14448345.85
2012-01-04,33.4096,33.9449,28.9382,30.859,153031.0,4855788.25
2012-01-05,30.859,33.693,28.4659,31.6777,124028.0,3784092.95
2012-01-06,31.1739,33.1892,30.2293,31.5518,72958.0,2303079.15
2012-01-07,31.1739,31.7407,30.985,31.4573,8398.0,264034.55
2012-01-09,31.6463,32.8428,30.859,32.2445,41445.0,1327142.45
2012-01-10,32.1186,34.0709,32.1186,33.4096,58923.0,1966757.9
2012-01-11,34.6692,36.9049,32.7484,34.3228,51210.0,1752092.7
2012-01-12,34.7322,34.7636,33.4726,33.8505,30331.0,1035934.8
2012-01-13,34.8266,36.9679,34.0394,36.1177,119733.0,4224507.65
2012-01-16,36.3381,39.8648,35.4564,38.6998,181214.0,6915903.55
2012-01-17,38.8887,39.1721,36.9994,37.7236,82174.0,3133117.25
2012-01-18,37.1568,37.6921,36.7789,36.9364,34739.0,1284692.85
2012-01-19,36.527,38.3219,36.2751,37.0623,52735.0,1967664.65
2012-01-20,37.6291,37.881,36.8734,37.3457,23454.0,879335.7
2012-01-23,37.4717,37.7866,36.5585,37.1883,44638.0,1660995.7
2012-01-24,36.9994,38.4164,36.8419,37.5032,21217.0,799315.25
2012-01-25,37.2198,38.5423,37.2198,37.8496,23837.0,904794.75
2012-01-27,39.0146,39.0146,37.3142,37.5976,401957.0,15106276.15
2012-01-30,37.7866,41.7542,37.2198,37.5976,122569.0,4800065.55
2012-01-31,37.4402,39.9908,37.4402,39.487,33205.0,1295059.8
2012-02-01,40.6206,40.9355,38.1015,38.5738,65523.0,2582002.9
2012-02-02,38.6368,39.8333,37.944,38.7312,38307.0,1488317.8
2012-02-03,38.7312,39.9593,38.1015,39.424,16407.0,645003.7
2012-02-06,40.0223,40.9355,39.6759,39.8019,97765.0,3953087.8
2012-02-07,40.5261,40.5261,38.007,38.3849,94310.0,3676440.45
2012-02-08,39.2351,39.2351,37.9755,38.133,8898.0,344185.3
2012-02-09,39.9278,40.5576,37.8496,39.2666,247709.0,9767330.5
2012-02-10,39.3295,39.5185,38.2589,38.9202,27638.0,1075793.45
2012-02-13,38.4164,38.8572,37.5347,37.8496,30801.0,1171931.5
2012-02-14,38.4164,38.7312,37.5032,38.007,22632.0,861968.6
2012-02-15,37.9755,39.0146,37.8181,38.3534,37780.0,1448475.35
2012-02-16,38.133,40.9355,37.7866,39.9593,227092.0,9102288.05
2012-02-17,40.7465,41.2503,38.5423,38.9832,103497.0,4167517.7
2012-02-21,39.5185,40.6521,38.8257,39.4555,58905.0,2346889.8
2012-02-22,39.361,39.8333,38.1015,38.133,65131.0,2520147.3
2012-02-23,38.4793,38.4793,35.9602,36.8104,87742.0,3233411.8
2012-02-24,36.8419,37.0308,34.9526,35.2675,52082.0,1866134.5
2012-02-27,35.2675,35.8028,33.9449,34.1969,26222.0,906625.95
2012-02-28,34.3228,35.8343,33.7875,34.6377,41324.0,1437870.75
2012-02-29,35.5194,36.1492,34.9841,35.5194,20066.0,712793.7
2012-03-01,36.1492,36.1492,34.8581,35.4879,16503.0,584849.25
2012-03-02,35.3304,36.3381,34.9841,36.0862,14404.0,515981.05
2012-03-03,36.7789,36.7789,35.6138,36.3381,5583.0,203011.9
2012-03-05,36.716,36.716,35.047,35.2045,20506.0,725713.45
2012-03-06,34.6377,36.2121,33.7245,34.6377,46463.0,1613922.95
2012-03-07,34.6062,34.9526,33.819,34.3858,7106.0,244356.45
2012-03-09,35.2675,35.4564,34.8581,35.2045,11693.0,411652.1
2012-03-12,35.2675,36.2121,35.2675,35.8343,21890.0,781528.55
2012-03-13,35.6138,37.7236,35.5824,37.0308,75919.0,2790098.35
2012-03-14,36.464,37.7866,35.9602,36.3696,36208.0,1318861.9
2012-03-15,36.2121,36.7789,35.6768,35.9917,43469.0,1575324.3
2012-03-16,36.464,36.527,35.047,35.1415,35862.0,1272634.1
2012-03-19,34.8581,35.8972,34.3543,34.4173,29696.0,1028620.1
2012-03-20,35.3619,35.3934,33.9135,34.1339,45684.0,1566053.5
2012-03-21,34.1024,35.0785,33.9764,34.4173,120708.0,4149083.0
2012-03-22,36.527,36.527,33.693,33.7245,19242.0,662533.1
2012-03-23,33.5041,34.9211,33.3781,33.6301,11391.0,386409.75
2012-03-26,33.3781,33.5041,32.8743,33.0003,27126.0,896919.6
2012-03-27,32.8743,33.5356,32.2445,32.8428,25468.0,831001.15
2012-03-28,32.2445,32.5594,31.2054,31.8037,48808.0,1551192.3
2012-03-29,32.0241,32.3705,31.7092,32.0241,11074.0,354135.7
2012-03-30,31.4888,32.7169,31.4888,32.3705,29407.0,946637.8
2012-04-02,32.3705,34.0079,32.3705,33.3781,32796.0,1097991.5
2012-04-03,33.3781,39.6759,33.3781,37.9125,260400.0,9806822.3
2012-04-04,38.4164,38.9517,36.0547,36.8734,287637.0,10875324.3
2012-04-09,37.2198,43.8639,36.7789,42.7303,1592229.0,66594054.15
2012-04-10,43.4546,44.7141,40.3057,40.8095,1191445.0,51054163.55
2012-04-11,39.0461,43.2656,39.0461,42.6359,1078292.0,45389218.35
2012-04-12,42.321,45.2179,41.8171,42.5414,1034429.0,45263896.85
2012-04-13,42.6673,43.7065,40.2427,40.5891,162589.0,6794451.6
2012-04-16,39.0146,43.1082,38.4793,41.3133,314880.0,13165240.2
2012-04-17,41.5023,42.4784,40.904,41.4393,96877.0,4037442.0
2012-04-18,41.6912,42.6988,40.778,41.0929,71826.0,2998155.45
2012-04-19,41.8801,42.0691,39.9908,40.1797,42618.0,1737919.1
2012-04-20,40.6206,40.9984,39.3925,39.6759,61255.0,2467502.35
2012-04-23,40.3057,40.3057,38.1015,38.3849,39841.0,1563484.95
2012-04-24,38.9832,39.0461,38.007,38.4478,19974.0,767112.05
2012-04-25,38.007,39.487,37.2513,37.6921,43161.0,1645141.7
2012-04-26,37.5976,38.07,36.2121,36.6845,49240.0,1826572.4
2012-04-27,36.653,37.7866,35.7713,35.9602,40189.0,1469421.35
2012-04-28,36.4326,37.6606,36.0232,37.0938,2634.0,97155.5
2012-04-30,37.1568,37.6606,36.59,37.1253,24080.0,891700.9
2012-05-02,38.0385,38.7312,36.9994,37.0308,55075.0,2066642.7
2012-05-03,37.2828,37.2828,36.1492,36.4326,21768.0,796425.45
2012-05-04,35.9602,36.527,34.5117,34.7951,42796.0,1500753.1
2012-05-07,34.9526,36.2121,33.6301,35.4564,38410.0,1318594.55
2012-05-08,34.9211,36.4955,34.1969,34.7007,26487.0,940147.95
2012-05-09,35.236,35.5194,34.1969,34.6377,34076.0,1183726.45
2012-05-10,34.3228,34.7636,33.4411,33.7245,27970.0,958340.0
2012-05-11,33.0947,37.7551,33.0947,35.2675,273511.0,9818522.15
2012-05-14,34.9526,36.2121,33.7245,34.1339,86175.0,3023306.55
2012-05-15,33.756,34.6377,33.756,34.1969,44103.0,1503306.2
2012-05-16,33.819,34.4488,32.9688,34.0394,22927.0,778395.05
2012-05-17,34.5747,35.0156,33.3781,33.6301,18697.0,635158.4
2012-05-18,33.0633,36.464,33.0633,34.1339,119430.0,4093744.3
2012-05-21,36.7789,40.9355,36.7789,40.9355,2901480.0,113908862.75
2012-05-22,42.195,43.8639,40.904,41.7542,3833954.0,162632532.5
2012-05-23,41.6282,41.6282,39.3925,40.5891,594336.0,23930960.15
2012-05-24,40.6206,41.8171,39.6759,40.0223,212191.0,8646872.05
2012-05-25,39.5185,40.2112,38.2274,38.6368,107884.0,4236540.15
2012-05-28,39.0461,39.361,37.6921,38.007,70381.0,2704161.7
2012-05-29,38.4793,38.4793,37.1883,37.7236,56599.0,2148117.35
2012-05-30,36.527,37.9755,36.2751,36.6215,74544.0,2760140.45
2012-05-31,36.3381,36.464,35.5194,35.8658,30989.0,1112538.0
2012-06-01,35.8028,37.1253,35.2675,35.4879,50080.0,1803142.5
2012-06-04,35.8343,36.9679,34.1024,36.0862,119757.0,4324279.25
2012-06-05,36.4955,36.9679,35.4564,35.9917,39247.0,1422293.25
2012-06-06,36.653,38.2274,35.9602,36.7789,128644.0,4770506.8
2012-06-07,36.716,39.5185,36.59,37.5976,199838.0,7643492.25
2012-06-08,37.5976,39.298,36.9049,38.1959,136315.0,5230168.1
2012-06-11,38.4164,39.5499,37.6606,37.944,109856.0,4255505.2
2012-06-12,38.4164,38.4164,37.3457,37.8181,19242.0,729991.2
2012-06-13,37.5032,40.1167,37.5032,38.7627,216674.0,8530368.0
2012-06-14,38.7627,39.3295,37.4402,38.007,62665.0,2422403.2
2012-06-15,37.8181,38.4164,36.6845,37.9755,52590.0,1994610.7
2012-06-18,40.2427,40.3057,37.2198,37.4717,52153.0,1995697.4
2012-06-19,37.4717,37.9755,36.1806,37.2198,54348.0,2009440.4
2012-06-20,36.9364,37.9755,36.3696,37.6921,49991.0,1870425.6
2012-06-21,37.5976,39.8333,36.2121,38.6683,284903.0,10943981.65
2012-06-22,38.4164,40.6206,37.9125,39.424,174665.0,6925835.15
2012-06-25,39.2036,40.6835,38.7312,39.3925,82299.0,3292757.6
2012-06-26,39.2351,42.4784,39.2351,41.7857,498272.0,20773207.2
2012-06-27,42.4784,43.7695,42.0691,42.7618,277951.0,11957676.05
2012-06-28,43.2656,43.2656,40.6835,41.2503,98886.0,4150385.2
2012-06-29,41.2503,42.5099,40.6835,40.9984,71975.0,3000027.05
2012-07-02,41.2503,41.2503,39.8963,40.0538,83928.0,3398772.4
2012-07-03,41.3763,42.195,40.0223,40.5261,34612.0,1398926.65
2012-07-04,40.3687,41.6912,39.7704,40.2112,85940.0,3478808.4
2012-07-05,40.1482,41.5023,40.1482,41.0299,65090.0,2670050.85
2012-07-06,41.1244,42.321,40.0538,41.6597,121819.0,5066190.95
2012-07-09,41.4708,41.5652,40.0538,40.3057,47474.0,1924935.45
2012-07-10,40.6521,40.7465,39.8333,40.1482,51945.0,2095347.4
2012-07-11,40.7465,40.7465,39.424,39.8963,91393.0,3665530.6
2012-07-12,39.6759,39.9278,39.0461,39.2351,41893.0,1649787.0
2012-07-13,39.9908,40.7465,39.487,39.9593,98322.0,3954728.6
2012-07-16,39.8019,40.1482,38.7312,39.0146,29452.0,1156847.3
2012-07-17,39.0146,39.7389,37.944,38.1644,129333.0,5045640.4
2012-07-18,38.6683,38.6683,37.5976,37.8496,46247.0,1759774.3
2012-07-19,38.0385,39.5499,37.5032,37.7236,117165.0,4473722.95
2012-07-20,37.7866,38.6683,37.4717,38.2904,55377.0,2121147.5
2012-07-23,38.6683,38.6683,36.9364,37.1883,35357.0,1327169.05
2012-07-24,37.1883,37.6291,36.9049,37.0623,32823.0,1218124.8
2012-07-25,36.59,38.007,36.4011,37.1253,42110.0,1569534.25
2012-07-26,37.1568,37.5976,36.4955,36.6215,57597.0,2123636.5
2012-07-27,36.653,37.7236,35.4249,35.8658,38345.0,1395594.9
2012-07-30,36.527,37.4717,36.527,37.3457,22125.0,819902.9
2012-07-31,37.1883,38.2274,37.1568,37.7236,63712.0,2409944.1
2012-08-01,37.7866,41.4393,37.2198,40.7465,234775.0,9399087.6
2012-08-02,40.6206,41.3448,39.5499,40.8095,97644.0,3979295.55
2012-08-03,40.3372,42.0691,39.7389,40.5576,108940.0,4452980.75
2012-08-06,41.0992,41.0992,38.9327,39.5062,125136.0,4946831.3
2012-08-07,40.685,41.2266,39.0602,39.2513,51879.0,2061526.85
2012-08-08,40.016,40.016,38.423,38.7097,35206.0,1380102.6
2012-08-09,38.7097,41.1629,38.6141,40.5576,297760.0,12064651.8
2012-08-10,41.609,42.501,39.4744,39.7611,1485423.0,61223943.3
2012-08-13,39.8248,40.1116,38.646,38.9646,90816.0,3554338.0
2012-08-14,39.1876,39.793,38.6779,38.869,88282.0,3458096.75
2012-08-16,38.9327,39.9841,38.4867,38.7097,82813.0,3252663.1
2012-08-17,38.646,40.1434,38.646,38.7416,79566.0,3124063.5
2012-08-21,39.3788,40.7169,38.6141,40.3983,185539.0,7386316.35
2012-08-22,41.3541,41.3541,39.6655,40.1434,139205.0,5627666.05
2012-08-23,40.4302,40.4302,38.5823,38.7416,59825.0,2345593.25
2012-08-24,38.5504,40.0797,38.1362,38.423,110983.0,4333496.6
2012-08-27,38.0725,39.4744,37.8176,38.1362,53629.0,2080096.75
2012-08-28,37.9451,38.2955,37.276,37.8814,60780.0,2289817.5
2012-08-29,39.1558,40.2071,37.8814,38.1044,137074.0,5267438.4
2012-08-30,38.0407,38.2318,37.276,37.8176,46215.0,1746791.7
2012-08-31,37.5946,38.4548,36.83,37.6265,56612.0,2140843.55
2012-09-03,37.7858,38.1362,37.1486,37.3079,49217.0,1847615.1
2012-09-04,38.2318,38.2318,37.0211,37.7539,36107.0,1358612.1
2012-09-05,37.6902,38.6779,37.4035,37.6902,61177.0,2328825.95
2012-09-06,38.1044,38.3274,37.276,38.0725,53757.0,2035895.4
2012-09-07,38.423,38.8372,38.0725,38.2637,48572.0,1867607.5
2012-09-08,38.1044,38.4867,38.0725,38.2637,6700.0,256128.75
2012-09-10,38.7416,38.869,37.9132,38.0725,24953.0,958566.2
2012-09-11,37.9769,38.5823,37.9769,38.2318,19708.0,754842.1
2012-09-12,38.423,39.6337,38.2318,39.1239,90652.0,3541336.6
2012-09-13,39.7611,41.609,39.1876,39.793,509623.0,20744597.65
2012-09-14,40.3983,40.685,38.7416,39.1239,108094.0,4277163.9
2012-09-17,40.5895,40.5895,39.2513,39.9204,145063.0,5781936.55
2012-09-18,39.6018,40.5257,39.3151,39.7611,43272.0,1725579.55
2012-09-20,38.9009,39.5062,38.423,38.6141,77205.0,3001645.25
2012-09-21,38.8372,41.5452,38.8372,40.2709,549026.0,22193526.6
2012-09-24,41.7364,44.2215,41.4178,43.0108,2038059.0,86970986.55
2012-09-25,43.5843,43.9666,42.3736,43.202,337553.0,14604466.85
2012-09-26,43.0427,43.2975,42.4373,42.6285,95776.0,4096250.5
2012-09-27,42.9471,45.1136,42.6922,43.7117,779222.0,34453681.65
2012-09-28,44.1578,47.4075,43.7117,46.0375,1671864.0,77111222.85
2012-10-01,46.5791,48.3633,46.2605,47.3119,901751.0,42770710.15
2012-10-03,47.503,48.0447,46.5154,46.8977,361897.0,17126459.0
2012-10-04,46.8977,47.6305,45.4003,45.687,231203.0,10743313.75
2012-10-05,46.2605,46.3879,43.0745,44.795,200090.0,8914686.55
2012-10-08,45.0498,46.3561,44.094,45.91,199668.0,9069727.7
2012-10-09,46.1968,47.2482,45.3047,45.7507,293592.0,13671762.2
2012-10-10,46.0056,46.8658,43.871,44.1578,525465.0,23874555.85
2012-10-11,44.5082,46.0375,43.5524,44.795,341913.0,15404135.25
2012-10-12,44.9543,45.91,43.9666,44.2852,169524.0,7643548.8
2012-10-15,44.6994,46.1968,44.0303,44.2852,197229.0,8848732.3
2012-10-16,44.6357,45.3684,43.5524,43.871,115584.0,5137032.5
2012-10-17,43.9666,47.4393,42.501,46.9614,1111127.0,50903516.9
2012-10-18,47.9172,48.3951,46.8021,47.1526,1238279.0,59002295.8
2012-10-19,47.1526,52.1546,46.611,50.1474,2229709.0,112449239.65
2012-10-22,50.6572,50.6572,49.0642,49.5739,453543.0,22642996.45
2012-10-23,49.9562,50.2748,48.7456,49.2553,328920.0,16244196.7
2012-10-25,49.2553,51.6767,48.8093,49.1279,392565.0,19673960.95
2012-10-26,49.2872,49.6376,47.7579,48.0447,182540.0,8869243.1
2012-10-29,48.5226,49.4783,47.6305,47.7898,135297.0,6538783.35
2012-10-30,47.7898,47.9491,46.4835,46.6428,140402.0,6608912.2
2012-10-31,47.5349,54.4485,47.5349,53.3971,3119556.0,163176607.65
2012-11-01,53.5246,54.098,51.0395,51.5811,1731942.0,90720048.75
2012-11-02,51.9316,52.5688,49.8925,50.243,566671.0,29124138.9
2012-11-05,49.1279,49.8925,47.9172,48.2677,273426.0,13350577.25
2012-11-06,48.2677,50.7846,48.2677,50.0837,458124.0,22850414.55
2012-11-07,50.1155,52.1864,48.204,50.6572,599151.0,30426062.95
2012-11-08,50.02,51.2944,48.3951,50.02,223397.0,11256228.8
2012-11-09,50.3386,51.2306,48.4907,48.65,150390.0,7487308.75
2012-11-12,49.0323,50.5297,48.7774,49.2235,164833.0,8149909.1
2012-11-13,49.6695,51.5492,48.4907,51.1351,244345.0,12418609.55
2012-11-15,51.2944,57.6026,50.3704,55.7229,3506090.0,193863111.15
2012-11-16,57.3477,57.3477,52.2183,52.5688,770951.0,41945914.7
2012-11-19,53.1741,53.652,50.4979,50.8802,518298.0,26951015.45
2012-11-20,51.2306,53.0785,49.7332,50.3386,505462.0,26010593.3
2012-11-21,50.7209,53.0148,49.7332,52.3457,553000.0,28676236.15
2012-11-22,52.6325,53.3971,50.9758,51.3899,302952.0,15850393.7
2012-11-23,51.9953,53.1741,51.2625,52.6962,333610.0,17402645.95
2012-11-26,52.7918,55.8503,51.5174,54.5441,735670.0,39991593.85
2012-11-27,53.9069,56.5512,53.7476,55.5954,627060.0,34753554.6
2012-11-29,55.6273,56.6787,54.8945,55.2768,390098.0,21727990.9
2012-11-30,55.3087,55.8185,54.098,54.8308,353548.0,19462949.25
2012-12-03,55.245,56.7105,54.1617,55.0857,366122.0,20398227.9
2012-12-04,54.4485,56.3919,53.5246,55.4999,302679.0,16819413.75
2012-12-05,56.0096,56.2645,55.245,55.5954,196200.0,10936237.5
2012-12-06,56.0096,56.5194,54.5441,56.3282,534715.0,30023193.2
2012-12-07,56.3919,56.5194,54.0024,55.245,618531.0,34436307.6
2012-12-10,55.245,55.7547,54.4803,54.7034,126140.0,6952652.75
2012-12-11,55.245,56.0096,53.7157,54.7989,230167.0,12630086.9
2012-12-12,54.6396,55.1175,53.8431,54.4803,97563.0,5316422.95
2012-12-13,54.7352,56.5194,53.5246,54.6078,656882.0,36634997.2
2012-12-14,54.6078,55.2131,54.321,54.5122,119641.0,6535974.8
2012-12-17,54.8945,56.3919,54.3529,55.5636,296346.0,16512559.35
2012-12-18,55.6273,59.4823,55.1175,57.3477,1542054.0,89488711.9
2012-12-19,57.3796,58.3035,55.5954,56.2645,321850.0,18437414.65
2012-12-20,56.3919,56.9654,55.1175,55.3406,186573.0,10421527.75
2012-12-21,54.9901,55.8503,53.875,54.1299,573382.0,31741558.2
2012-12-24,54.4803,55.1175,52.9192,53.5564,168370.0,9094430.2
2012-12-26,53.5883,55.1175,53.5246,54.2573,202116.0,11010302.25
2012-12-27,54.3848,54.6715,52.9511,53.2697,110467.0,5941613.65
2012-12-28,53.6839,54.3848,52.9511,53.429,82210.0,4408078.55
2012-12-31,53.875,54.2255,52.9511,53.5246,86698.0,4646008.65
2013-01-01,53.7794,54.9264,53.5883,54.3529,90984.0,4940017.1
2013-01-02,54.3529,56.1371,54.3529,55.1494,284108.0,15703812.55
2013-01-03,55.3724,58.3991,54.8945,57.3796,547573.0,31246931.85
2013-01-04,57.4752,59.7691,57.4115,58.3035,674559.0,39651954.15
2013-01-07,58.3991,59.0363,56.4557,56.615,158714.0,9151529.75
2013-01-08,56.6468,56.9336,55.4361,55.9459,83790.0,4698347.4
2013-01-09,56.3601,57.3159,54.4166,54.9582,115953.0,6510088.15
2013-01-10,55.4361,55.8822,51.4855,53.9706,173271.0,9471257.35
2013-01-11,54.4485,54.7352,51.9634,52.2502,117697.0,6279831.3
2013-01-14,52.8555,54.0024,52.2502,53.206,181763.0,9694265.3
2013-01-15,53.3653,59.8009,52.8874,53.1104,99833.0,5358019.35
2013-01-16,53.2697,53.3653,50.6572,50.912,117304.0,6092216.8
2013-01-17,51.2306,51.7404,50.4341,51.0395,145431.0,7424240.55
2013-01-18,51.5492,51.7404,50.5297,50.7527,84517.0,4323201.15
2013-01-21,51.3262,52.6325,51.0395,52.1864,126760.0,6587537.95
2013-01-22,51.9316,52.1546,51.2944,51.6448,90300.0,4668234.3
2013-01-23,51.6767,52.1227,49.7014,50.7209,88776.0,4527406.7
2013-01-24,50.9758,51.613,47.5349,47.9491,156572.0,7648690.9
2013-01-25,48.1084,49.5421,46.834,48.7137,164481.0,7942292.7
2013-01-28,50.2111,50.2111,46.9296,47.2482,138842.0,6655948.75
2013-01-29,47.6942,48.1721,47.2482,47.6305,50309.0,2403353.9
2013-01-30,47.9491,49.6695,47.3756,48.2995,101691.0,4921265.1
2013-01-31,47.9491,49.0005,47.4712,47.7261,80043.0,3861387.1
2013-02-01,48.1084,49.5421,47.7898,48.65,113084.0,5518513.35
2013-02-04,49.7014,51.0076,47.6623,47.8854,82304.0,4019508.3
2013-02-05,47.7898,48.3951,46.8658,47.5986,27271.0,1295829.3
2013-02-06,48.0128,48.7456,47.3119,47.4712,32296.0,1543624.05
2013-02-07,45.1773,47.9491,43.4887,44.2215,292362.0,13144663.45
2013-02-08,44.2215,49.2235,44.2215,47.1207,887837.0,42563669.8
2013-02-11,47.1526,50.7527,45.687,49.2235,899590.0,44275456.15
2013-02-12,49.6376,50.7846,48.0128,50.1793,513381.0,25697353.1
2013-02-13,50.1793,50.7209,48.427,48.8093,139498.0,6904725.95
2013-02-14,48.5226,48.9686,44.4126,47.2163,343126.0,15892799.85
2013-02-15,47.0889,47.0889,45.464,46.4835,93293.0,4326643.3
2013-02-18,47.4075,49.5739,45.91,48.2677,108467.0,5171787.1
2013-02-19,48.3314,49.8288,47.8535,49.3509,87897.0,4295642.3
2013-02-20,48.5544,50.1155,48.5544,48.9049,64751.0,3189103.3
2013-02-21,48.6181,48.9049,46.1968,46.7384,76345.0,3621862.05
2013-02-22,47.2482,48.0447,46.2924,47.2163,48834.0,2318123.3
2013-02-25,46.9296,48.2995,45.8782,46.7384,82960.0,3914605.6
2013-02-26,46.5472,47.1207,43.8392,44.094,114301.0,5164816.55
2013-02-27,44.3489,45.6552,43.9985,44.7312,71698.0,3222800.25
2013-02-28,44.6357,45.687,43.648,43.9985,50755.0,2271222.85
2013-03-01,44.6357,44.6994,42.6922,42.9471,64584.0,2812620.55
2013-03-04,43.425,43.4568,41.0992,41.3541,84873.0,3550763.7
2013-03-05,41.9913,43.4568,40.9399,43.0745,96553.0,4069034.2
2013-03-06,43.7754,46.4835,43.3931,45.687,154494.0,6951198.05
2013-03-07,45.5914,45.5914,43.7436,44.3489,52313.0,2329149.6
2013-03-08,44.8268,45.6233,43.6799,44.3489,50675.0,2264085.75
2013-03-11,45.464,46.7703,44.6038,45.8145,143981.0,6623658.35
2013-03-12,45.8463,46.9614,44.5719,45.3366,88083.0,4023479.7
2013-03-13,44.9543,45.2091,44.5082,44.6357,55178.0,2466883.9
2013-03-14,44.9543,46.5154,44.2533,46.1012,67088.0,3063540.65
2013-03-15,46.3561,46.9614,45.3366,45.9738,70460.0,3267811.85
2013-03-18,45.8463,45.8463,44.1578,44.6994,34933.0,1565022.9
2013-03-19,44.6675,45.3047,42.3736,42.9152,94142.0,4125034.9
2013-03-20,43.2975,43.2975,41.2904,41.7045,57565.0,2414149.1
2013-03-21,42.1506,42.9471,40.2709,41.3222,69624.0,2911852.8
2013-03-22,41.0992,41.0992,39.1876,39.6974,73039.0,2919311.2
2013-03-25,40.9718,41.4178,38.646,39.8248,142301.0,5638759.35
2013-03-26,39.3469,40.7488,38.9009,39.3151,38966.0,1549050.05
2013-03-28,39.793,40.1434,38.7416,39.6018,114448.0,4529065.05
2013-04-01,40.3027,42.5329,39.793,42.1824,76739.0,3204387.7
2013-04-02,42.5648,45.7189,41.1948,45.1454,112871.0,4930355.2
2013-04-03,45.1454,46.1012,42.0869,42.5329,94876.0,4157865.55
2013-04-04,42.2462,42.9471,41.2904,41.5134,33839.0,1420327.4
2013-04-05,41.7045,42.4055,40.8443,41.0355,28878.0,1201307.4
2013-04-08,41.2904,42.055,40.685,41.0036,19410.0,804029.0
2013-04-09,41.5771,42.2143,40.5257,40.7169,42929.0,1786545.1
2013-04-10,40.5895,41.4178,39.8567,40.7806,37737.0,1528609.85
2013-04-11,41.4178,42.055,39.6655,41.7364,38319.0,1574300.45
2013-04-12,41.4178,41.4815,40.3664,40.5257,22794.0,929419.1
2013-04-15,40.1434,43.5843,40.1434,42.4692,55669.0,2363119.6
2013-04-16,43.5843,44.0622,41.832,43.3931,55141.0,2397726.0
2013-04-17,43.8392,45.4321,43.6799,44.0303,71179.0,3174614.8
2013-04-18,44.5082,45.241,43.0745,43.7754,35338.0,1549119.9
2013-04-22,43.3294,45.0498,43.3294,44.5401,38206.0,1701450.0
2013-04-23,44.5082,45.9419,44.2852,44.7631,81535.0,3691942.75
2013-04-25,45.464,46.1968,44.9543,46.0693,60717.0,2770166.55
2013-04-26,45.8782,47.0889,45.1136,45.5914,61480.0,2823830.75
2013-04-29,45.7189,45.7826,44.8587,44.9543,10582.0,478869.7
2013-04-30,44.9543,46.5154,43.4887,44.094,86757.0,3886382.85
2013-05-02,46.0056,46.0056,44.3171,44.5719,32349.0,1452225.35
2013-05-03,44.6038,44.6038,43.4887,44.0622,21122.0,933212.4
2013-05-06,45.1454,45.8782,43.9029,45.5277,53125.0,2403077.95
2013-05-07,45.018,47.0251,44.6357,46.611,68864.0,3166685.85
2013-05-08,46.2605,48.427,45.9738,48.0447,200800.0,9567655.5
2013-05-09,47.6623,49.0005,46.6428,48.0765,78079.0,3776528.65
2013-05-10,49.3509,55.5636,49.3509,54.7352,2019495.0,107927934.2
2013-05-11,54.4803,59.0682,52.7599,58.0805,1038118.0,58952844.85
2013-05-13,57.3477,58.9089,53.3015,54.0662,875607.0,49667224.9
2013-05-14,54.321,59.4505,54.321,56.0733,1498988.0,86227308.85
2013-05-15,56.5831,58.9407,56.4238,57.4433,651081.0,37494478.05
2013-05-16,57.9849,58.0486,55.7866,56.2964,189442.0,10755349.4
2013-05-17,56.4557,56.9336,53.875,54.2573,145114.0,8005765.15
2013-05-20,54.4485,56.2645,53.5883,54.098,163314.0,8983651.95
2013-05-21,54.5122,54.7989,52.5688,52.9511,70958.0,3802360.95
2013-05-22,52.6006,54.0343,51.5492,51.836,67819.0,3561196.7
2013-05-23,51.836,55.0538,50.4023,52.6962,297632.0,15872688.1
2013-05-24,52.2502,54.7989,51.836,54.3529,183085.0,9827604.15
2013-05-27,53.5246,55.8185,53.5246,54.0024,159685.0,8755043.85
2013-05-28,52.7281,52.7281,48.7774,49.2553,475471.0,23677722.85
2013-05-29,49.7014,50.912,48.5226,48.7137,121182.0,6024400.55
2013-05-30,48.427,49.0642,47.1844,47.6942,71485.0,3429031.0
2013-05-31,47.7898,47.8216,44.7312,45.0498,68748.0,3158736.7
2013-06-03,44.7312,49.2553,44.6038,47.4712,401024.0,19142391.4
2013-06-04,47.1844,48.5226,46.3879,47.0251,74925.0,3582986.1
2013-06-05,46.8977,47.1526,45.7507,46.1649,46967.0,2175003.6
2013-06-06,45.91,47.3756,45.5914,46.3879,115054.0,5353001.05
2013-06-07,46.5154,46.7703,44.8268,44.9861,60065.0,2750353.85
2013-06-10,44.7312,46.5154,43.3931,43.6799,154014.0,6915340.55
2013-06-11,43.3931,45.3684,42.8515,43.7754,97339.0,4255387.9
2013-06-12,43.8392,45.4959,42.5329,42.8196,60068.0,2635309.4
2013-06-13,42.5648,43.1701,41.4178,42.5329,58869.0,2503344.65
2013-06-14,42.5329,43.9666,42.5329,43.4568,30247.0,1315277.6
2013-06-17,43.1064,45.3047,42.9152,44.5719,55140.0,2417254.6
2013-06-18,44.3808,47.5668,44.0303,45.7189,197457.0,9179529.6
2013-06-19,45.4003,46.834,44.9224,45.5277,43235.0,1986808.5
2013-06-20,45.4003,45.5277,43.5843,44.094,56264.0,2499687.95
2013-06-21,43.8392,45.0817,42.9471,43.2975,50528.0,2214015.2
2013-06-24,43.1064,43.8392,41.5771,43.1064,46253.0,1963487.65
2013-06-25,43.5524,43.5524,41.2904,41.9913,35411.0,1493318.05
2013-06-26,42.055,42.3736,40.8443,41.3859,67086.0,2783086.95
2013-06-27,41.4815,42.4692,41.3541,41.4497,22182.0,923210.0
2013-06-28,41.7683,43.5206,41.7683,43.3613,34198.0,1463377.85
2013-07-01,43.648,48.427,43.1064,47.5986,266373.0,12248098.8
2013-07-02,48.1084,48.2995,45.6233,46.0375,82066.0,3853019.45
2013-07-03,45.7507,45.7826,44.094,44.3171,40703.0,1825625.9
2013-07-04,45.1136,45.7826,44.4764,44.7631,60179.0,2715536.65
2013-07-05,45.4959,45.5914,44.1896,44.6038,29244.0,1308960.55
2013-07-08,43.9985,44.0622,43.425,43.5843,44183.0,1931226.4
2013-07-09,44.0303,45.5596,43.425,44.3171,66529.0,2984650.2
2013-07-10,44.3171,45.1454,43.648,43.8073,77449.0,3432680.3
2013-07-11,44.6038,46.5154,43.8392,44.0622,33103.0,1473078.25
2013-07-12,43.7754,44.5082,43.3294,43.648,37204.0,1628977.4
2013-07-15,44.1578,45.2091,43.7754,44.8905,61582.0,2758776.9
2013-07-16,44.6038,45.5277,43.7436,43.9666,40819.0,1810257.75
2013-07-17,44.2852,45.0498,43.425,43.7117,42984.0,1913813.5
2013-07-18,44.5401,44.5401,43.9029,44.2852,15571.0,686769.75
2013-07-19,44.7312,45.241,44.3171,44.5082,58489.0,2617361.7
2013-07-22,44.3808,44.8905,43.4568,43.8073,37514.0,1648327.9
2013-07-23,44.0303,45.3684,43.6799,44.6994,98506.0,4414054.2
2013-07-24,44.3489,44.3489,41.3541,41.5771,91443.0,3862908.9
2013-07-25,41.5771,42.501,40.8443,41.1948,45984.0,1915635.6
2013-07-26,41.5134,42.3099,41.0036,41.4815,45951.0,1915899.8
2013-07-29,41.5452,41.7364,39.2832,39.5699,82910.0,3308876.75
2013-07-30,39.7611,39.7611,34.09,35.6512,286279.0,10287188.7
2013-07-31,35.0458,36.7981,34.4086,36.1291,86644.0,3074325.5
2013-08-01,36.6388,37.5309,36.0016,36.2884,44446.0,1620621.35
2013-08-02,36.9256,37.6583,34.2175,34.6635,117102.0,4236311.2
2013-08-05,40.1434,41.5771,39.8248,41.5771,132653.0,5423390.25
2013-08-06,44.4778,49.8925,43.5754,49.6025,2245467.0,107623903.05
2013-08-07,50.9239,50.9884,45.8637,49.6669,635506.0,30540018.75
2013-08-08,50.2793,50.2793,47.0885,48.8934,117535.0,5714296.4
2013-08-12,49.9248,51.5685,48.5066,49.0868,158788.0,7929630.45
2013-08-13,50.6983,51.2462,48.4099,49.6347,144650.0,7250955.3
2013-08-14,50.1181,51.0528,49.2479,50.4404,877964.0,44258453.8
2013-08-16,49.8925,50.0214,46.1538,47.1852,90627.0,4330339.5
2013-08-19,47.6364,49.3124,45.767,47.2174,59402.0,2774036.1
2013-08-20,46.7662,48.9901,45.7993,48.3455,43403.0,2085709.05
2013-08-21,48.3455,49.8925,46.186,46.7984,26163.0,1253204.5
2013-08-22,46.4761,48.9901,44.4134,47.7009,214393.0,10069630.25
2013-08-23,47.5397,47.5397,45.4447,47.153,54166.0,2539597.05
2013-08-26,45.896,47.9265,45.896,46.8306,22136.0,1039443.85
2013-08-27,46.4439,47.024,45.3158,46.0894,49362.0,2261016.85
2013-08-28,46.7017,46.7017,44.4778,45.5414,73937.0,3334827.4
2013-08-29,45.2191,46.8951,45.2191,45.9604,24095.0,1106152.55
2013-08-30,47.3786,47.3786,44.8001,45.9282,30723.0,1419423.3
2013-09-02,46.734,47.0563,45.2191,46.5728,77089.0,3579033.3
2013-09-03,47.0563,47.0563,45.1224,45.5414,42092.0,1945761.55
2013-09-04,44.8001,47.0563,44.8001,46.5406,31137.0,1443598.0
2013-09-05,47.153,48.281,46.0894,46.4439,35685.0,1663670.1
2013-09-06,47.9587,52.1486,46.0894,49.538,202933.0,10088025.5
2013-09-10,51.4718,52.7288,48.6033,49.3446,167536.0,8490281.15
2013-09-11,50.7627,51.504,47.862,50.6983,59173.0,2984984.85
2013-09-12,50.2793,53.3734,49.957,52.2131,204612.0,10632184.85
2013-09-13,52.2131,52.6966,50.6016,51.4074,58886.0,3055554.15
2013-09-16,52.5032,53.0833,49.8603,52.471,99935.0,5193087.6
2013-09-17,52.8577,56.1774,51.9553,52.5354,485667.0,26286080.45
2013-09-18,52.6643,54.0502,52.5354,52.9544,38226.0,2026735.0
2013-09-19,52.9866,53.7924,52.2453,53.2445,61146.0,3252857.6
2013-09-20,53.0511,53.8246,50.9884,52.7288,105950.0,5572576.15
2013-09-23,52.5999,54.5982,51.4074,51.6974,49356.0,2598076.35
2013-09-24,51.4396,52.471,50.9884,51.1173,17921.0,925828.75
2013-09-25,51.1817,52.1486,49.7958,50.5049,49730.0,2518422.85
2013-09-26,51.4396,51.4396,49.957,49.9892,33388.0,1677285.75
2013-09-27,49.6669,50.8272,48.4744,48.7,23762.0,1178119.8
2013-09-30,48.3455,49.6347,47.2174,47.6364,39385.0,1910201.65
2013-10-01,48.3455,51.3429,47.5075,50.2148,133378.0,6684589.45
2013-10-03,50.2471,51.8263,49.6991,50.8272,64740.0,3304261.1
2013-10-04,51.5685,51.5685,49.6991,49.9892,23268.0,1172436.1
2013-10-07,49.957,52.2776,48.9901,50.8917,196346.0,9985522.5
2013-10-08,52.1809,52.1809,48.8612,49.2157,87334.0,4369643.6
2013-10-09,49.9892,51.8263,49.9892,50.2471,196889.0,10010002.25
2013-10-10,50.2793,51.7941,49.6991,51.085,118824.0,6087173.65
2013-10-11,51.0528,51.5363,50.1181,50.3438,65494.0,3331185.95
2013-10-14,49.6991,53.5023,49.6991,51.6652,181461.0,9497250.2
2013-10-15,51.6652,52.3098,49.8925,50.1181,60266.0,3066504.05
2013-10-17,50.4727,51.1495,49.8281,50.0214,70795.0,3572880.45
2013-10-18,50.6661,51.1817,50.1504,50.5371,65221.0,3294796.15
2013-10-21,50.9884,52.5354,49.7958,51.6974,124716.0,6443116.35
2013-10-22,51.8908,55.7584,51.8908,55.1783,310206.0,16864658.0
2013-10-23,55.7262,55.9196,53.5023,54.6626,87576.0,4786839.6
2013-10-24,54.2114,56.0807,53.9213,54.5015,103514.0,5692961.35
2013-10-25,54.6304,55.7584,53.8246,54.3725,76459.0,4201718.9
2013-10-28,54.2114,55.3072,52.4065,52.9866,30249.0,1614832.0
2013-10-29,52.9866,55.4361,52.2131,54.6626,70832.0,3840163.05
2013-10-30,54.3403,55.7584,52.9222,54.0502,92101.0,4994951.45
2013-10-31,54.6948,55.1138,53.7924,53.9535,63329.0,3450693.15
2013-11-01,54.2759,60.5285,52.471,60.174,903263.0,52784658.6
2013-11-03,60.6575,70.8422,60.6575,69.3919,1833513.0,125267873.8
2013-11-05,68.7473,74.1297,66.2978,71.9381,1467463.0,104600256.65
2013-11-06,71.6158,74.0653,66.2978,72.2926,625743.0,44816610.1
2013-11-07,71.8736,75.4189,69.1018,70.1332,485672.0,35282951.45
2013-11-08,69.6819,76.0635,67.7159,69.4563,683499.0,48691852.8
2013-11-11,69.6175,69.6175,65.7498,66.9746,217480.0,14796816.8
2013-11-12,67.6514,70.5844,66.3944,67.3936,341843.0,23398981.75
2013-11-13,67.6514,69.4886,65.4275,66.9101,172510.0,11620290.2
2013-11-14,67.6837,77.1916,67.3614,75.5479,1919753.0,143719052.4
2013-11-18,75.3545,78.642,73.7107,75.1933,626371.0,47725528.9
2013-11-19,75.4189,77.9007,74.2586,75.3545,357539.0,27167919.2
2013-11-20,75.8057,77.7395,73.743,74.7743,347125.0,26522779.75
2013-11-21,75.0966,75.1611,72.4537,72.6471,108807.0,7990444.5
2013-11-22,73.614,77.9651,73.1628,75.3545,446949.0,33937404.45
2013-11-25,75.4189,80.1246,75.4189,77.8684,722474.0,56685472.75
2013-11-26,77.9974,79.6733,74.9355,75.5479,250084.0,19399186.45
2013-11-27,76.3214,78.1263,74.8066,77.385,199115.0,15224336.0
2013-11-28,76.7404,78.642,74.9033,75.3222,121510.0,9296306.1
2013-11-29,76.6759,77.0305,74.9999,75.2256,110157.0,8387551.85
2013-12-02,75.7412,77.1594,74.033,74.871,137226.0,10362766.8
2013-12-03,75.0966,77.3205,74.8066,75.6768,246803.0,18781149.05
2013-12-04,75.709,77.8684,75.0966,75.4512,260540.0,19982790.05
2013-12-05,76.2247,77.0627,73.1306,73.5818,160558.0,11955785.05
2013-12-06,73.8719,79.9312,73.5496,76.4825,1489872.0,114782386.1
2013-12-09,78.4164,78.5453,75.5479,76.6437,395716.0,30298017.55
2013-12-10,76.2569,77.7073,74.3553,74.7421,224044.0,17002876.9
2013-12-11,74.7421,76.2247,73.9363,74.6454,147997.0,11127728.7
2013-12-12,74.8066,77.8684,74.8066,75.9024,631590.0,48472442.0
2013-12-13,75.6768,76.9982,74.0008,74.3876,218757.0,16483258.9
2013-12-16,74.7743,75.9346,73.8074,74.0008,146238.0,10919533.55
2013-12-17,74.4843,75.3867,73.5173,73.9363,135553.0,10097688.0
2013-12-18,74.3553,75.0966,73.4851,73.9041,141789.0,10517372.6
2013-12-19,75.0322,77.6428,73.8074,74.2909,554551.0,41708292.7
2013-12-20,74.7421,76.3858,73.7107,74.4843,325549.0,24395639.3
2013-12-23,75.0644,75.9669,74.2264,74.7743,180547.0,13562318.3
2013-12-24,75.0966,75.7412,74.5809,74.9677,188828.0,14185969.1
2013-12-26,75.3222,75.3545,72.0348,72.3571,667550.0,49223910.4
2013-12-27,73.0017,73.1306,71.3901,71.6158,360826.0,25963079.0
2013-12-30,72.3248,73.8074,71.6158,72.5827,176975.0,12877902.95
2013-12-31,73.0339,75.7412,72.5182,74.1297,521909.0,38950536.75
2014-01-01,73.8074,75.0966,73.8074,74.6776,137099.0,10230913.9
2014-01-02,74.9677,75.2256,71.3901,71.9703,136175.0,10069283.35
2014-01-03,71.8091,72.4537,70.3265,71.0034,243100.0,17314150.7
2014-01-06,71.229,80.5758,69.4886,78.0941,1073103.0,81876612.9
2014-01-07,80.3824,81.8005,75.4834,76.0313,2455469.0,191961043.8
2014-01-08,76.966,83.0253,74.4843,80.9303,3275717.0,258785847.8
2014-01-09,80.189,82.8319,76.3858,77.5461,1934814.0,153774872.2
2014-01-10,77.9651,79.2543,75.709,76.128,676078.0,52363815.3
2014-01-13,76.3858,77.0949,71.8736,72.2281,682707.0,50326688.85
2014-01-14,72.1959,73.324,70.2943,71.1001,805496.0,57637353.6
2014-01-15,71.2935,74.7099,70.9067,73.6463,955397.0,69766716.8
2014-01-16,73.8719,74.0653,68.9729,69.6819,753027.0,53347530.9
2014-01-17,70.0365,70.6811,66.8779,67.458,638185.0,43870578.25
2014-01-20,68.8762,70.0365,67.8126,69.0373,252466.0,17381743.8
2014-01-21,69.2629,70.2621,68.9729,69.5208,202041.0,14057324.55
2014-01-22,69.3274,69.553,67.877,68.1671,178191.0,12213578.85
2014-01-23,68.3927,70.1976,67.6837,68.7795,285840.0,19737341.7
2014-01-24,68.3283,68.4894,65.4598,65.8465,278810.0,18659158.5
2014-01-27,64.5251,65.6209,62.1723,62.8491,473495.0,30201263.75
2014-01-28,64.0739,64.0739,61.8822,63.4615,250112.0,15739682.65
2014-01-29,63.526,65.3953,63.526,63.7516,195042.0,12574137.55
2014-01-30,63.107,64.1061,61.7211,62.8491,181405.0,11389557.7
2014-01-31,63.526,65.073,62.2045,63.7516,210592.0,13433945.7
2014-02-03,64.3639,66.5878,63.9127,64.6218,446953.0,29011328.65
2014-02-04,65.3631,65.3631,62.978,63.9449,213949.0,13685379.3
2014-02-05,64.4284,64.9763,63.0425,63.526,253280.0,16260490.15
2014-02-06,64.1061,64.7507,63.2036,63.4615,172558.0,11042410.8
2014-02-07,64.2995,66.8457,63.4293,66.2655,695881.0,45272114.35
2014-02-10,67.2324,71.1001,67.2002,69.2629,1179919.0,81692585.1
2014-02-11,69.2952,71.5513,69.2952,70.1654,725517.0,51024177.7
2014-02-12,73.4851,74.6776,71.2935,72.067,1318785.0,96326316.7
2014-02-13,71.229,72.6471,68.1993,69.2307,354725.0,24929833.65
2014-02-14,68.844,71.1968,67.8126,70.391,320946.0,22444020.65
2014-02-17,69.8109,72.7761,69.8109,71.7125,280866.0,20154186.55
2014-02-18,71.1323,72.4537,70.5844,71.7125,166281.0,11911986.9
2014-02-19,70.7455,72.4537,70.7455,71.7769,142405.0,10233308.7
2014-02-20,70.9067,77.9329,70.9067,76.1925,1857714.0,141069195.15
2014-02-21,76.5792,79.2866,76.5792,78.0941,1213773.0,95034772.3
2014-02-24,78.3197,79.6089,73.6463,74.0008,697606.0,52612160.25
2014-02-25,74.6132,76.1925,74.1297,74.6454,262636.0,19701424.65
2014-02-26,75.6123,76.966,73.3562,73.7107,174392.0,12951853.0
2014-02-28,74.6454,76.3858,73.614,75.6123,336787.0,25426342.65
2014-03-03,74.9355,76.2892,72.7761,73.7107,232649.0,17374374.9
2014-03-04,74.1297,75.9024,73.8074,74.1942,277192.0,20703062.2
2014-03-05,75.0644,75.9346,72.6794,73.5173,326967.0,24219961.1
2014-03-06,74.452,75.2578,73.0017,73.4529,303356.0,22437446.75
2014-03-07,73.6785,74.8066,72.2604,72.8405,404756.0,29691983.1
2014-03-10,73.1628,73.9686,72.3571,73.324,227066.0,16665369.95
2014-03-11,73.6785,74.0653,72.8405,72.905,122701.0,8999491.2
2014-03-12,73.2273,73.2273,70.5844,71.0034,287110.0,20620690.95
2014-03-13,71.5513,73.9363,69.9398,71.1001,272659.0,19689475.45
2014-03-14,70.5844,72.8405,68.9084,72.0348,227907.0,16106581.3
2014-03-18,72.9372,73.1628,69.0373,69.4886,425030.0,29910889.5
2014-03-19,69.6819,71.3901,69.6175,70.0687,168633.0,11882268.4
2014-03-20,70.6166,72.3571,69.6819,70.8745,243504.0,17337322.75
2014-03-21,71.7125,72.067,70.3265,70.6811,112723.0,7996826.85
2014-03-22,70.2943,71.0678,70.0042,70.3588,22257.0,1566966.1
2014-03-24,70.8745,71.1645,69.6819,70.1976,154919.0,10892435.7
2014-03-25,70.2621,70.9067,69.4563,70.3265,154169.0,10807638.1
2014-03-26,70.6489,77.6751,70.2621,75.6123,1298870.0,98001359.4
2014-03-27,75.6768,75.9346,73.4851,73.9041,152243.0,11322541.1
2014-03-28,74.0653,74.7099,71.9381,72.5504,286182.0,20850136.9
2014-03-31,72.8405,78.5453,72.8405,76.2247,677029.0,51833502.15
2014-04-01,76.8371,80.6725,74.9355,79.9634,1044476.0,82265022.9
2014-04-02,80.608,84.3145,80.2535,80.9303,1353530.0,111160583.55
2014-04-03,81.0915,82.1228,78.4486,80.0279,378920.0,30393966.05
2014-04-04,79.9312,82.6385,77.9974,78.513,553192.0,44432195.25
2014-04-07,78.6742,80.5758,78.1585,79.3188,214567.0,16997843.6
2014-04-09,79.3188,80.4791,77.7395,78.4164,205881.0,16280839.4
2014-04-10,78.642,80.2535,76.5148,76.9338,252719.0,19780618.2
2014-04-11,77.2238,79.0932,75.7412,76.5148,237795.0,18353012.95
2014-04-15,76.6759,80.5436,76.5792,79.0287,597234.0,47414163.0
2014-04-16,78.9643,81.6394,77.4172,77.9007,501683.0,39976221.95
2014-04-17,77.9974,79.5444,77.9974,78.3841,215139.0,16945761.65
2014-04-21,78.6742,79.9312,76.5792,78.7064,221504.0,17401502.8
2014-04-22,79.0287,79.1899,76.5792,77.0949,240097.0,18693415.0
2014-04-23,77.3205,79.6089,76.7082,78.223,222468.0,17439357.75
2014-04-25,77.9974,81.7361,77.9974,80.8981,649247.0,52392111.7
2014-04-28,81.0592,86.2483,79.9312,84.3467,928647.0,77338162.35
2014-04-29,86.0872,88.44,84.1856,85.1847,1182185.0,102166521.4
2014-04-30,85.6682,86.3128,80.608,82.6708,581553.0,48621589.7
2014-05-02,82.5096,83.4765,80.9303,81.6072,175287.0,14404403.0
2014-05-05,81.2204,82.3807,77.3528,77.8684,250807.0,19937541.3
2014-05-06,76.8693,81.7038,76.8693,80.5113,413939.0,33238903.8
2014-05-07,80.9303,82.0584,79.3833,79.8023,261826.0,21132639.4
2014-05-08,80.3824,81.4782,79.2866,80.1568,213837.0,17160822.3
2014-05-09,80.5758,81.865,79.9312,81.027,318866.0,25797962.25
2014-05-12,81.6716,85.3136,79.7378,84.379,858954.0,71405962.7
2014-05-13,84.7335,85.4103,77.8362,83.5087,368839.0,30766595.0
2014-05-14,83.7988,91.1796,83.7988,89.6003,1057459.0,93408850.8
2014-05-15,88.3111,88.6334,78.7064,79.351,2249238.0,183643148.85
2014-05-16,81.2204,81.865,75.8702,77.7718,704660.0,54891299.85
2014-05-19,78.8676,79.7378,74.6454,77.2883,899996.0,68955962.1
2014-05-20,78.2552,83.0898,77.3528,80.5758,785196.0,63335597.5
2014-05-21,81.0915,83.7666,79.6089,81.3815,480136.0,39434994.75
2014-05-22,83.1542,85.2492,81.7361,82.6385,449110.0,37520868.05
2014-05-23,82.5741,86.8285,82.5741,85.7004,1749957.0,149573870.85
2014-05-26,87.0219,89.2135,80.5758,83.7988,754344.0,65087271.9
2014-05-27,84.1856,86.1839,82.703,85.7326,392542.0,33283589.75
2014-05-28,85.8938,87.3442,84.5401,85.5715,232025.0,19985892.9
2014-05-29,84.1856,89.9226,84.1856,86.1516,816435.0,71702356.65
2014-05-30,89.4069,100.4941,86.7318,97.1744,2717595.0,256822266.45
2014-06-02,98.3025,99.7851,95.0794,96.0786,790873.0,76964283.4
2014-06-03,96.0463,97.3033,91.6952,92.3399,416338.0,39396156.3
2014-06-04,92.8233,93.9836,90.3093,92.5655,239751.0,22158817.0
2014-06-05,92.9845,95.9174,91.2118,94.177,378319.0,35509470.65
2014-06-06,95.724,98.8181,94.177,94.9827,534159.0,51404474.95
2014-06-09,95.4017,96.2075,90.8895,92.3076,421041.0,39077028.45
2014-06-10,92.9522,93.2101,88.6978,90.4383,238131.0,21504651.2
2014-06-11,89.9226,93.9191,89.0201,89.7614,300106.0,27432076.45
2014-06-12,90.1804,92.1142,88.3433,89.0524,175664.0,15823628.9
2014-06-13,89.4714,90.8573,81.2204,84.9591,378710.0,32605923.55
2014-06-16,85.1203,88.3755,83.1542,87.1185,236620.0,20360703.25
2014-06-17,87.3442,87.9565,85.4426,85.7004,245477.0,21205132.75
2014-06-18,86.0227,87.7954,83.9922,85.1525,207665.0,17913711.05
2014-06-19,85.4103,87.3119,83.6377,84.0889,178380.0,15209661.45
2014-06-20,84.5723,85.5715,82.4774,82.8319,228999.0,19294428.95
2014-06-23,82.5096,83.831,79.7056,80.2213,477651.0,38757356.35
2014-06-24,80.2857,84.3145,80.2857,82.8319,351385.0,29059179.7
2014-06-25,82.8319,85.3781,81.9295,83.7021,179938.0,15080557.35
2014-06-26,83.6054,86.6351,83.1864,84.3467,268241.0,22792620.6
2014-06-27,83.8633,85.7326,83.1864,83.8633,179514.0,15085709.65
2014-06-30,84.4112,85.4748,83.541,84.3467,170963.0,14439460.4
2014-07-01,83.9277,89.9226,83.9277,89.0201,850305.0,74948301.3
2014-07-02,90.1804,93.5324,89.278,90.6961,601002.0,54819369.0
2014-07-03,90.6961,91.1796,87.8276,88.5044,157948.0,14093789.45
2014-07-04,89.1491,90.0515,85.2492,85.926,313543.0,27200007.0
2014-07-07,86.3772,87.8598,84.7657,85.4748,232872.0,20045817.35
2014-07-08,86.2483,87.4731,81.865,82.4774,309082.0,26063084.15
2014-07-09,82.0906,83.4765,79.4477,80.2857,227350.0,18443720.65
2014-07-10,81.027,83.9277,77.8684,80.9948,228628.0,18497096.4
2014-07-11,81.5427,82.4774,77.385,77.9007,178206.0,14277467.35
2014-07-14,77.0949,80.4469,76.7404,78.5775,150852.0,11875938.9
2014-07-15,79.061,80.189,78.6742,79.6089,113984.0,9055296.15
2014-07-16,80.4146,82.7674,80.0923,82.4451,217918.0,17802017.85
2014-07-17,83.4121,84.6368,82.5096,83.6699,160059.0,13382616.35
2014-07-18,83.1542,85.7004,83.122,84.798,226845.0,19167593.85
2014-07-21,86.9574,87.3442,84.4434,84.8302,215124.0,18530197.0
2014-07-22,85.4426,86.6351,84.669,85.6037,135061.0,11597147.45
2014-07-23,85.8293,86.4095,84.4757,84.798,137015.0,11670606.7
2014-07-24,85.3136,93.0167,84.3145,89.568,1664385.0,150239996.45
2014-07-25,89.8903,91.0184,85.7971,86.7962,406668.0,35959138.15
2014-07-28,86.764,88.3111,85.088,86.2483,230106.0,19974429.0
2014-07-30,85.7971,86.9896,84.0244,85.4103,203748.0,17408132.2
2014-07-31,84.8624,89.7614,84.8624,88.2144,326364.0,28708274.55
2014-08-01,87.0219,92.4365,86.1194,88.4078,695580.0,62757375.25
2014-08-04,99.2694,106.07,95.7885,105.8444,8499960.0,868281272.2
2014-08-05,107.4559,110.4855,100.3652,101.9767,5652776.0,596851492.2
2014-08-06,101.6524,109.9234,101.3604,108.626,3782474.0,403768950.1
2014-08-07,109.1774,111.8695,107.1988,109.5017,1900410.0,209200248.6
2014-08-08,107.0366,107.6853,102.2362,103.4687,937100.0,98124548.2
2014-08-11,104.8959,109.4044,103.5985,108.0097,747267.0,79607433.8
2014-08-12,108.8854,110.5396,104.831,105.35,904085.0,96867389.5
2014-08-13,104.4418,108.626,98.3115,100.7442,1374390.0,140836056.7
2014-08-14,99.9657,101.6848,97.3385,99.0575,654994.0,64925742.85
2014-08-18,98.7007,103.7282,98.6683,101.8794,743525.0,75799078.95
2014-08-19,103.0795,105.0905,100.8739,102.5281,612378.0,63148244.5
2014-08-20,102.0416,104.9932,101.4578,102.2686,393198.0,40563387.1
2014-08-21,102.4957,107.7178,102.1065,106.3879,1323962.0,139518666.25
2014-08-22,107.8475,114.3021,106.615,112.7777,2579544.0,285553609.05
2014-08-25,113.2967,118.2593,110.6694,111.4154,1420821.0,163552712.1
2014-08-26,111.8695,112.7453,107.2637,110.118,967830.0,106288234.9
2014-08-27,111.5776,132.1416,110.6694,132.1416,5708235.0,716151486.2
2014-08-28,140.737,147.1267,134.931,137.2339,6576485.0,925745641.85
2014-09-01,138.1746,142.5209,135.6446,140.8991,1681148.0,235405475.65
2014-09-02,141.1262,143.9481,136.6825,137.5259,1173610.0,164336340.15
2014-09-03,136.8771,142.1317,135.0932,136.0014,954457.0,132473425.85
2014-09-04,137.2988,137.2988,131.7848,135.0283,601506.0,80909681.0
2014-09-05,133.6336,140.8991,133.6336,138.4989,720353.0,99657579.2
2014-09-08,140.1207,150.4351,138.4989,148.3917,1762169.0,257041123.7
2014-09-09,148.8134,148.8134,143.8183,145.0833,693470.0,100938321.75
2014-09-10,145.0509,155.3329,140.4775,153.1597,2021102.0,306656057.15
2014-09-11,153.7435,158.1872,149.5269,151.9271,971829.0,149464054.5
2014-09-12,152.1218,155.0085,146.9645,147.7754,592892.0,89229321.45
2014-09-15,147.5484,154.8463,141.8722,150.0135,1735180.0,260695614.3
2014-09-16,150.8243,152.7705,134.9959,137.7529,868306.0,125539101.75
2014-09-17,139.472,142.7155,133.0173,136.0663,1011375.0,138063269.3
2014-09-18,136.4879,145.6347,135.9041,144.0454,972436.0,138730188.35
2014-09-19,145.5698,151.6028,143.3966,144.9535,1074041.0,158604646.5
2014-09-22,141.4181,145.3103,138.8233,140.8343,512281.0,72719103.25
2014-09-23,139.4071,144.3048,134.9959,136.4555,444083.0,62143827.15
2014-09-24,135.0608,139.0179,132.5957,134.7688,385396.0,52329007.85
2014-09-25,133.6336,136.1636,127.7953,129.6765,463363.0,61024040.6
2014-09-26,128.5413,138.4665,127.8601,136.2284,568613.0,76215319.65
2014-09-29,137.8502,143.3642,137.5259,139.8612,521601.0,73212035.9
2014-09-30,138.434,140.3802,135.5797,137.1691,289202.0,40038693.9
2014-10-01,135.7743,137.9151,134.2823,135.0932,191368.0,25985535.45
2014-10-07,133.7634,141.0937,133.6985,139.8612,504918.0,70014331.6
2014-10-08,138.8557,143.9481,138.2394,139.5044,517477.0,73202209.35
2014-10-09,139.1476,144.986,139.1476,141.2884,723848.0,103173528.5
2014-10-10,139.8936,146.2185,138.8233,141.1262,967624.0,138374496.6
2014-10-13,140.7045,144.3048,139.5368,140.218,367243.0,52012487.15
2014-10-14,140.4126,143.0399,140.0882,140.7045,208771.0,29538186.4
2014-10-16,140.7694,140.7694,131.6875,133.1471,254468.0,34760837.9
2014-10-17,133.3741,138.8233,133.0173,134.0877,295078.0,39962899.55
2014-10-20,136.0338,139.1476,134.931,135.5473,281907.0,38690132.0
2014-10-21,136.0987,138.1097,133.8931,135.3527,208647.0,28377657.45
2014-10-22,136.5852,139.2125,136.5528,138.5313,283297.0,39165552.75
2014-10-23,139.3098,140.1531,138.5313,139.699,73408.0,10240520.7
2014-10-27,140.0558,143.7859,138.8233,139.5368,221024.0,31287755.9
2014-10-28,138.5313,142.1965,135.1256,138.9206,190649.0,26581627.5
2014-10-29,140.1856,145.959,138.9206,143.9156,667394.0,95812477.35
2014-10-30,144.2724,147.9052,143.3642,144.9211,429511.0,62515422.8
2014-10-31,145.4725,147.4835,143.0399,144.3373,417148.0,60598631.9
2014-11-03,144.0129,152.1218,144.0129,151.019,847625.0,126465050.0
2014-11-05,149.6891,156.014,149.6891,152.2191,648800.0,99350762.05
2014-11-07,153.0948,168.2421,152.4461,162.6308,3867537.0,631262762.85
2014-11-10,163.2795,166.069,159.7116,164.9337,1148129.0,187563704.15
2014-11-11,153.0948,153.0948,132.9849,137.5583,3993266.0,556868409.8
2014-11-12,139.472,141.8398,133.5039,134.2823,1056641.0,145802370.85
2014-11-13,135.4824,137.5259,131.8497,133.3741,626802.0,84661992.15
2014-11-14,133.6336,136.0338,131.6226,133.6336,433120.0,58086671.45
2014-11-17,133.666,134.2499,121.0487,124.3895,1908270.0,239894414.25
2014-11-18,126.2708,131.0388,124.5517,126.7249,1178824.0,150762895.2
2014-11-19,126.8222,127.6655,124.649,125.5248,422776.0,53274274.5
2014-11-20,124.7788,127.7628,123.9354,124.649,362888.0,45560155.0
2014-11-21,124.9734,130.1955,124.422,125.0382,904401.0,114772928.4
2014-11-24,125.4275,141.6451,119.9135,137.461,4177440.0,565099485.5
2014-11-25,142.0668,143.3642,133.3093,136.196,2467719.0,340939614.8
2014-11-26,136.2284,142.975,134.9635,141.4505,1460812.0,204720462.75
2014-11-27,140.7694,143.0399,138.4989,140.4775,637209.0,89658892.65
2014-11-28,141.0289,144.0129,138.8557,139.5044,864817.0,122426252.35
2014-12-01,140.5748,140.7045,136.5528,136.9745,348617.0,48357972.05
2014-12-02,136.3582,143.4615,133.1471,141.3208,536754.0,74364826.35
2014-12-03,140.1207,147.1916,139.9261,144.8562,997885.0,144545645.8
2014-12-04,145.1806,146.0239,140.3802,141.3532,542706.0,77632035.05
2014-12-05,141.4181,145.959,140.5748,144.3697,917228.0,131461461.7
2014-12-08,144.4021,147.9052,141.4181,142.7479,1087092.0,157676133.4
2014-12-09,142.3263,145.732,136.8771,137.9799,593182.0,84198346.95
2014-12-10,136.8771,143.3642,136.8771,142.7804,522865.0,73958829.25
2014-12-11,141.4505,143.9481,138.5638,139.6017,638526.0,90028413.2
2014-12-12,140.7694,141.7424,134.2823,135.677,341566.0,47315007.1
2014-12-15,134.2823,138.5638,132.9849,134.8662,274047.0,37258165.3
2014-12-16,135.3202,136.4555,127.1465,128.0223,665672.0,86913471.2
2014-12-17,128.444,132.3362,124.8761,127.6331,445793.0,57315540.8
2014-12-18,132.9849,135.0608,131.7199,132.6606,320248.0,42673817.5
2014-12-19,133.7958,136.5528,130.5198,131.6875,231289.0,31032456.8
2014-12-22,131.8497,137.2988,127.1465,134.4769,589271.0,78949430.2
2014-12-23,135.45,136.9096,130.9739,131.7848,252299.0,33709789.85
2014-12-24,133.439,137.4285,133.0498,135.0283,462297.0,62724136.3
2014-12-26,135.5797,136.8771,132.3362,133.4066,220303.0,29713092.9
2014-12-29,134.0228,140.0558,133.9904,137.7205,463181.0,63812185.1
2014-12-30,138.7584,140.6396,138.7584,139.472,338308.0,47240700.0
2014-12-31,140.445,140.7694,137.0393,137.7205,237801.0,33041630.95
2015-01-01,137.5259,142.3912,137.3312,140.3802,416789.0,58601853.05
2015-01-02,141.4181,144.3373,138.8233,140.1531,459089.0,65352215.85
2015-01-05,140.8343,143.9805,136.4555,139.4395,449055.0,63498662.55
2015-01-06,138.7908,138.7908,131.3631,132.4335,300946.0,40635600.0
2015-01-07,133.6336,135.6122,129.7414,132.5308,271360.0,36165415.9
2015-01-08,134.9635,137.7853,134.2174,136.0014,252225.0,34278409.85
2015-01-09,136.8771,139.2774,134.8986,135.8068,216560.0,29576511.3
2015-01-12,136.2284,139.3422,135.1905,137.8826,242496.0,33420605.45
2015-01-13,137.5259,139.7963,135.9041,137.1691,148428.0,20522888.35
2015-01-14,137.9151,138.3043,132.3686,133.1795,171256.0,23042754.6
2015-01-15,134.5094,135.969,133.9255,134.6067,161637.0,21786398.95
2015-01-16,134.6067,144.986,133.958,142.1641,910195.0,128071626.8
2015-01-19,143.8832,146.2834,141.9695,142.3912,497107.0,71583966.4
2015-01-20,142.7155,145.6996,140.1207,141.4181,438636.0,62878012.3
2015-01-21,141.4505,152.9002,140.4775,151.1487,1620068.0,240639340.7
2015-01-22,153.5489,155.4626,144.8238,146.5429,990110.0,148916366.3
2015-01-23,147.5808,149.008,143.1696,144.1427,389036.0,56559739.85
2015-01-27,145.4401,148.5539,140.1856,142.6831,394519.0,57016081.5
2015-01-28,142.7479,145.8942,139.4071,140.5423,308316.0,44032270.8
2015-01-29,140.5099,143.3642,139.0827,140.2829,256873.0,36322966.15
2015-01-30,140.4775,142.5533,137.2015,139.3422,266865.0,37407980.15
2015-02-02,139.472,144.3373,137.3961,142.8452,383410.0,54329809.45
2015-02-03,143.8507,143.8832,138.4016,139.9909,261289.0,36848229.1
2015-02-04,140.445,141.2235,137.3961,138.9854,234422.0,32588210.1
2015-02-05,139.4071,144.5319,138.1746,141.5478,538138.0,76295362.7
2015-02-06,141.3857,145.959,140.5423,144.3697,1158625.0,166826589.85
2015-02-09,155.5599,156.9871,146.1212,147.3862,1834829.0,276244689.05
2015-02-10,147.2565,150.5324,141.0289,144.3048,559727.0,81970159.25
2015-02-11,145.213,153.4192,144.6616,151.5055,661531.0,98813988.4
2015-02-12,152.7056,159.4521,149.981,156.9871,1429701.0,224275203.45
2015-02-13,156.9871,157.9601,151.5379,152.1542,354889.0,54533036.65
2015-02-16,153.7111,158.1547,153.4192,154.7815,524749.0,81770023.8
2015-02-18,155.6248,158.4466,153.1921,153.6138,355242.0,55266373.05
2015-02-19,154.3274,165.8095,149.8513,162.9876,992348.0,158345363.7
2015-02-20,164.9013,169.9612,159.3548,162.3065,1078893.0,177174369.35
2015-02-23,162.7605,166.9771,158.9656,160.0035,541359.0,88607157.75
2015-02-24,158.0574,161.1388,154.5544,158.0574,395017.0,62281898.5
2015-02-25,159.3224,161.1063,154.6193,155.1058,177472.0,27947336.45
2015-02-26,155.6896,156.4681,149.5918,151.3433,301059.0,46129303.55
2015-02-27,151.7974,156.5978,151.0838,152.2191,513572.0,78814729.2
2015-02-28,152.5759,153.6787,149.6242,150.5,298557.0,45195000.75
2015-03-02,151.5379,158.1547,150.5649,152.9975,472637.0,72929220.9
2015-03-03,154.1652,155.0409,151.8623,153.2894,267133.0,41036266.85
2015-03-04,152.4461,154.2625,148.0349,149.3323,312025.0,47366671.45
2015-03-05,153.5489,154.3922,148.7485,151.1811,506391.0,76846631.3
2015-03-09,147.7106,155.495,147.4186,151.8947,458770.0,69845002.6
2015-03-10,150.5,153.484,147.8403,148.6836,284816.0,42890925.75
2015-03-11,148.9107,151.1811,148.0025,149.0404,255929.0,38285306.2
2015-03-12,149.5918,153.3219,149.235,150.1108,309113.0,46655028.4
2015-03-13,150.7595,153.0299,144.3697,145.0833,396213.0,58741634.55
2015-03-16,145.959,146.8348,143.3642,144.7265,240862.0,34922239.4
2015-03-17,145.3752,148.8134,144.8238,145.9915,300260.0,44094253.4
2015-03-18,146.1861,146.1861,141.9046,143.494,282206.0,40652869.2
2015-03-19,144.7265,148.262,141.1586,142.4236,514904.0,74701985.45
2015-03-20,140.8343,143.2993,136.3582,137.8826,333006.0,46492725.6
2015-03-23,138.5638,141.1262,135.969,139.5368,280208.0,38597211.35
2015-03-24,139.472,140.7694,135.6446,136.5204,195788.0,27106019.35
2015-03-25,134.7364,138.434,133.7634,134.7688,398929.0,54271859.1
2015-03-26,132.9849,135.1256,129.3846,130.4225,310317.0,41010770.4
2015-03-27,131.0388,136.1636,131.0388,135.2554,326964.0,43722117.3
2015-03-30,136.4879,141.8722,134.2823,140.8343,332469.0,46189499.7
2015-03-31,142.0668,143.8832,138.3692,140.7045,415997.0,58959692.45
2015-04-01,141.0937,147.7754,140.7694,146.7375,340796.0,49316211.25
2015-04-06,145.959,147.8403,143.5264,146.1861,254903.0,37156745.7
2015-04-07,147.0943,147.224,143.1696,145.0184,180239.0,26080437.55
2015-04-08,145.5698,150.0459,145.5698,147.3862,284093.0,42038431.15
2015-04-09,148.2295,152.4461,147.3213,150.5973,479688.0,71990787.3
2015-04-10,149.8837,158.2845,149.8837,156.3384,879221.0,136143510.1
2015-04-13,156.9871,158.6413,152.6732,153.5489,354322.0,55283627.0
2015-04-15,154.0679,161.9821,152.8353,156.241,627162.0,99206585.45
2015-04-16,156.8573,157.5385,152.511,155.0085,299450.0,46251182.7
2015-04-17,154.7166,157.6358,150.6622,151.5055,426761.0,65763303.3
2015-04-20,150.6622,151.3757,142.8452,144.5968,292994.0,42956411.7
2015-04-21,143.3642,148.8782,142.8452,146.5753,251838.0,36779901.8
2015-04-22,146.6077,149.3323,139.3098,142.975,312320.0,44937616.1
2015-04-23,143.7859,147.9052,143.2345,145.6023,294100.0,42778672.25
2015-04-24,145.1482,146.478,137.7205,140.1856,338148.0,47924040.55
2015-04-27,141.2884,141.2884,135.2229,139.5693,443891.0,61522120.0
2015-04-28,139.472,155.1707,139.4395,152.9975,579060.0,86211323.7
2015-04-29,151.2136,157.7979,150.5649,154.7815,405265.0,62776779.25
2015-04-30,154.749,156.3384,149.2999,152.1542,294899.0,44917900.3
2015-05-04,152.7056,156.7276,149.2026,154.2301,352625.0,54255460.7
2015-05-05,153.9706,161.2037,152.8029,159.4846,437947.0,69483008.0
2015-05-06,160.1657,165.7122,153.2246,154.4247,538781.0,85659504.35
2015-05-07,153.8084,155.9491,147.1591,148.3268,328948.0,50228090.55
2015-05-08,149.8513,158.2845,149.8513,156.4681,238379.0,36705013.5
2015-05-11,156.9871,158.3818,150.727,154.0679,328554.0,50885917.85
2015-05-12,153.6138,155.6896,150.8243,152.8678,178856.0,27413103.55
2015-05-13,133.1146,139.2125,128.444,132.2713,2176015.0,291050891.0
2015-05-14,133.5039,135.8717,129.7414,131.947,688297.0,91290301.75
2015-05-15,132.0118,134.5418,126.6276,127.6979,468489.0,61177625.4
2015-05-18,128.2493,131.5902,126.5303,130.7793,416976.0,54115260.4
2015-05-19,130.3252,132.6606,129.7414,130.6171,227141.0,29853871.7
2015-05-20,129.9035,131.5902,126.5627,127.179,290621.0,37331896.1
2015-05-21,127.179,130.0657,122.0218,123.0273,342042.0,42920999.35
2015-05-22,123.2543,124.1625,118.5187,119.654,386441.0,46821935.6
2015-05-25,120.0108,123.2219,119.6215,120.2703,333556.0,40490912.45
2015-05-26,120.2703,126.1735,119.3621,125.2653,476932.0,58985048.85
2015-05-27,123.8057,127.6655,123.5787,126.7573,220426.0,27828152.3
2015-05-28,126.0437,127.1141,121.6325,122.1839,241934.0,29789354.9
2015-05-29,122.1839,124.9734,121.0811,121.5677,173639.0,21297456.2
2015-06-01,121.7947,123.1894,118.5512,119.0701,224046.0,26906606.45
2015-06-02,119.3621,119.6864,112.9399,113.7832,386847.0,44635424.0
2015-06-03,113.1669,115.0482,110.2802,112.3236,318518.0,35831281.95
2015-06-04,112.4533,114.1724,110.4099,110.9289,213344.0,23873770.75
2015-06-05,110.5721,119.2323,109.2422,114.6589,471925.0,54176171.5
2015-06-08,114.8211,117.7403,112.9399,114.8535,262485.0,30304169.7
2015-06-09,112.875,115.4698,107.0366,108.7881,295853.0,33168817.5
2015-06-10,108.9828,113.4588,108.9503,112.5831,260672.0,29149610.9
2015-06-11,113.2967,113.7183,108.0746,108.5935,262021.0,29123724.4
2015-06-12,107.9448,117.3186,107.0366,114.4319,700902.0,80211100.4
2015-06-15,114.2373,117.87,111.0262,111.8046,412824.0,47137766.7
2015-06-16,111.7398,113.8481,110.9289,112.5182,292172.0,32778618.4
2015-06-17,112.7128,117.0592,111.9992,114.4319,317094.0,36254672.8
2015-06-18,115.7942,118.7134,114.9509,116.4753,340613.0,39809823.9
2015-06-19,116.7672,120.2703,116.1834,118.6809,349935.0,41585113.5
2015-06-22,118.7134,122.638,118.5512,120.4324,342651.0,41489586.7
2015-06-23,120.5297,122.5732,118.8431,121.2109,232859.0,28262882.8
2015-06-24,121.3082,123.6435,118.4539,119.6215,245163.0,29790458.1
2015-06-25,118.0646,122.4434,117.7403,120.2703,233025.0,28066035.0
2015-06-26,120.9514,127.1465,120.9514,123.676,353711.0,44117003.8
2015-06-29,118.8755,122.4759,117.8052,121.2433,215668.0,25932792.6
2015-06-30,121.3082,130.3901,120.3351,127.4385,427803.0,54235337.45
2015-07-01,127.0168,129.417,124.0003,125.0058,504878.0,64087934.75
2015-07-02,125.0382,126.433,121.3406,123.4489,355732.0,43862992.9
2015-07-03,122.638,126.4005,122.2812,123.1894,233259.0,29114571.9
2015-07-06,121.6325,127.8926,115.3401,127.0492,488094.0,59303779.7
2015-07-07,127.1465,130.9415,126.3032,128.3791,376921.0,48442634.35
2015-07-08,125.8816,128.2493,123.4489,124.3571,203920.0,25546869.65
2015-07-09,124.5842,129.0278,123.903,124.9085,230243.0,29173535.2
2015-07-10,125.9789,129.7414,125.395,126.9195,296094.0,37793893.4
2015-07-13,127.0817,132.3362,126.5627,131.1361,311159.0,40373495.3
2015-07-14,131.6875,136.1636,131.3631,134.0228,440445.0,58913122.8
2015-07-15,134.2823,136.6177,132.0443,133.5039,258309.0,34582121.8
2015-07-16,133.6336,134.931,131.8172,132.7903,149450.0,19906624.4
2015-07-17,136.8771,137.5259,133.0822,133.6012,234087.0,31601500.8
2015-07-20,133.9255,148.0998,133.3417,143.1047,1213971.0,171302874.15
2015-07-21,144.4995,147.7754,136.6177,138.4016,527742.0,75915533.35
2015-07-22,136.2284,156.6627,136.2284,148.0349,2009083.0,300160320.5
2015-07-23,148.2295,148.5214,142.0668,143.5264,335455.0,48460796.6
2015-07-24,143.5264,148.2295,142.8452,143.5264,289185.0,42053287.5
2015-07-27,143.0399,143.6886,139.0179,139.4071,181689.0,25647359.7
2015-07-28,138.953,145.1482,138.953,140.6072,324025.0,46138686.45
2015-07-29,140.8343,143.6886,140.0882,140.9964,180528.0,25607434.55
2015-07-30,141.8398,145.5698,140.2829,140.7045,145201.0,20703746.95
2015-07-31,141.2235,144.5643,140.218,141.6127,267836.0,38184068.6
2015-08-03,141.8722,147.9052,141.4181,145.0833,372079.0,54025708.55
2015-08-04,145.2455,145.7644,139.472,140.4126,279225.0,39615017.95
2015-08-05,140.4453,144.3647,137.963,143.4501,968604.0,138094859.05
2015-08-06,142.4703,152.8567,141.6864,149.2313,1010537.0,149813615.25
2015-08-07,147.7288,150.897,143.8421,145.6058,323821.0,47667260.85
2015-08-10,146.5857,151.9748,143.8747,149.4925,443843.0,65913450.95
2015-08-11,148.7087,150.897,145.7038,146.5203,471049.0,69860129.35
2015-08-12,145.3445,146.1611,137.9303,139.2368,331272.0,46824263.2
2015-08-13,139.8573,142.6009,137.3751,139.4327,222484.0,31073707.5
2015-08-14,140.184,143.6461,139.6287,142.7316,156325.0,22150582.7
2015-08-17,142.4376,151.5829,138.9755,150.0805,399398.0,58794656.25
2015-08-18,149.5905,160.6628,148.3494,159.1277,985868.0,153799192.05
2015-08-19,159.8463,161.3487,152.3341,153.6079,495865.0,77454716.4
2015-08-20,153.1833,155.3717,146.7163,150.5704,387811.0,58664356.95
2015-08-21,145.6711,148.676,143.7114,146.0631,213668.0,31146281.25
2015-08-24,138.8448,141.9804,121.2402,127.4786,651802.0,88079472.9
2015-08-25,127.7072,131.7899,122.8079,130.2222,349663.0,44872224.45
2015-08-26,129.4056,135.3174,126.0741,126.7927,299282.0,39074236.8
2015-08-27,131.104,146.259,129.0463,144.1034,907092.0,123249411.85
2015-08-28,146.9776,151.4849,140.8045,142.2743,832506.0,121507586.55
2015-08-31,141.0985,145.6058,140.4453,141.5231,196299.0,27969205.95
2015-09-01,138.6489,144.038,133.9129,136.4279,246390.0,34529304.5
2015-09-02,138.4856,140.8372,135.0234,137.0811,566332.0,78062645.25
2015-09-03,137.6364,142.0783,137.6364,139.3348,189810.0,26718965.65
2015-09-04,138.4856,139.5961,134.2395,136.3952,178570.0,24285092.2
2015-09-07,135.8726,141.7517,135.8726,137.865,531508.0,73400722.45
2015-09-08,136.0359,145.6711,134.9908,144.4953,449909.0,63434744.05
2015-09-09,145.9324,146.7163,141.7844,144.3973,278087.0,40179740.7
2015-09-10,139.792,150.1784,138.8775,148.774,342470.0,49940302.75
2015-09-11,149.1986,158.2132,146.6183,147.8595,446747.0,68069881.5
2015-09-14,148.2841,155.4696,146.651,153.9019,422861.0,64431362.1
2015-09-15,153.9019,154.1958,148.872,150.4724,123019.0,18629031.75
2015-09-16,151.3543,153.0527,147.8595,148.872,213593.0,32259317.15
2015-09-18,149.6232,152.824,145.4098,146.9449,128857.0,19306567.55
2015-09-21,146.3244,150.5704,145.0179,147.6308,145404.0,21427188.35
2015-09-22,148.2841,151.3543,146.9776,148.1534,202702.0,30338371.65
2015-09-23,146.0957,155.6983,146.0957,153.7712,304536.0,46428495.05
2015-09-24,153.5099,157.6253,151.2889,153.7386,231161.0,35684479.35
2015-09-28,152.8567,159.3237,149.2966,156.7108,248488.0,38275485.8
2015-09-29,154.3591,160.0423,153.6732,157.9519,338814.0,53282001.9
2015-09-30,159.2584,186.6942,158.0826,179.9006,3250432.0,562372943.35
2015-10-01,183.3627,185.3224,175.1646,178.7901,1391058.0,251125240.75
2015-10-05,179.6393,194.0104,176.5364,183.3954,1548407.0,288909265.8
2015-10-06,183.5587,185.0611,175.7852,177.8102,557511.0,99881291.4
2015-10-07,178.9861,182.2522,173.5316,175.7852,329257.0,58485278.6
2015-10-08,176.9284,181.0437,173.3029,175.7199,698839.0,123874421.65
2015-10-09,175.7199,179.574,174.642,176.0465,398344.0,70402188.2
2015-10-12,177.0264,182.1216,174.1521,174.8707,378805.0,67376119.05
2015-10-13,175.7852,180.6191,174.74,175.6546,307619.0,54519640.1
2015-10-14,176.0465,178.4961,170.494,171.8658,413904.0,71807555.3
2015-10-15,173.3356,175.7199,170.6247,173.4989,374359.0,64873691.05
2015-10-16,173.4336,176.6997,171.2126,172.2251,295172.0,51217675.45
2015-10-19,172.2251,177.0917,170.6573,174.2828,668474.0,116735066.7
2015-10-20,174.3154,175.6872,170.2327,170.9186,429995.0,74411220.7
2015-10-21,171.3759,175.3933,170.8206,171.8658,321292.0,55509166.55
2015-10-23,172.7803,174.1848,164.8762,165.6927,337855.0,57158500.35
2015-10-26,166.5746,167.4238,159.4544,161.5774,273920.0,44569908.65
2015-10-27,160.6955,165.5948,158.7358,161.806,305927.0,49595849.5
2015-10-28,161.3487,165.0395,160.9568,162.9818,201029.0,32861572.65
2015-10-29,162.7205,164.4189,160.2709,160.8588,106059.0,17195419.35
2015-10-30,157.9519,162.0673,156.8088,157.364,168621.0,26876820.45
2015-11-02,157.7233,158.9318,153.8692,156.2862,173466.0,27003472.15
2015-11-03,157.9519,162.3939,155.9922,157.9193,276181.0,44070624.85
2015-11-04,158.4419,160.8262,155.241,156.1229,183951.0,29185787.0
2015-11-05,156.6455,158.3112,153.1833,156.3842,183645.0,28781436.35
2015-11-06,156.1229,158.6052,155.535,156.7761,139906.0,21945786.15
2015-11-09,153.5099,157.3314,150.1131,155.0777,122316.0,18969821.1
2015-11-10,154.8164,160.0423,153.5753,155.6003,148709.0,23508035.55
2015-11-11,160.2382,166.5093,160.2382,163.6351,204795.0,33611306.45
2015-11-13,162.6552,163.2758,158.7358,161.8387,182204.0,29307169.65
2015-11-16,166.5746,169.1875,163.5371,165.0722,515800.0,85701025.75
2015-11-17,165.9867,166.444,160.3689,161.2508,186887.0,30463752.7
2015-11-18,161.9693,162.7532,157.5926,159.0624,133138.0,21248692.6
2015-11-19,158.4092,179.2473,158.0826,174.6747,1813158.0,315563341.9
2015-11-20,174.6747,176.3731,166.6399,167.3258,468381.0,79913211.6
2015-11-23,168.5343,176.0138,166.6726,174.4461,487764.0,84187299.05
2015-11-24,175.6872,175.6872,171.1799,171.6045,114657.0,19748567.45
2015-11-26,172.0618,179.5086,171.1472,172.2904,411234.0,72408174.45
2015-11-27,172.7803,173.4336,167.5545,169.0569,184135.0,31464865.5
2015-11-30,170.4287,172.0618,167.7178,168.273,219699.0,37354080.2
2015-12-01,169.4488,171.8658,166.052,166.6399,140530.0,23693368.65
2015-12-02,171.1472,183.4607,171.1472,179.574,1984585.0,356533462.3
2015-12-03,178.9207,184.1793,171.1472,179.5086,789007.0,142374952.8
2015-12-04,177.9735,196.95,177.0264,191.1362,2011808.0,384431014.75
2015-12-07,192.9653,202.4045,186.9555,196.1334,1232709.0,243068847.0
2015-12-08,194.6637,197.2113,183.8853,185.9757,360612.0,69256787.3
2015-12-09,186.4656,191.6261,178.3328,181.0764,519125.0,95943999.95
2015-12-10,181.599,185.8123,179.6393,182.2522,302345.0,55027877.75
2015-12-11,183.7547,188.5886,181.0111,183.9506,308654.0,57036773.85
2015-12-14,182.2522,188.0007,179.6393,183.9833,232525.0,42872984.1
2015-12-15,185.3551,196.558,185.1591,191.5608,619109.0,118940744.25
2015-12-16,193.1612,199.8895,187.5434,190.483,708835.0,138190796.7
2015-12-17,192.2794,199.0403,191.7568,195.4149,629514.0,123178333.25
2015-12-18,194.6637,206.7485,191.7241,204.1029,1040007.0,208731356.7
2015-12-21,204.4622,208.7082,200.9347,204.3968,694964.0,142870412.9
2015-12-22,205.736,205.9319,200.5428,202.8944,208068.0,42360931.75
2015-12-23,203.221,209.6227,202.7638,203.613,448105.0,92404254.85
2015-12-24,204.5275,207.5324,200.3141,205.1154,296953.0,60529025.75
2015-12-28,205.1154,211.9744,205.1154,210.178,498096.0,104214800.55
2015-12-29,209.8187,216.8736,208.1203,212.5296,583630.0,124380877.85
2015-12-30,213.5748,223.2753,210.9945,219.7805,595301.0,129669283.0
2015-12-31,219.2906,223.4059,218.1801,219.4865,485505.0,107311133.3
2016-01-01,219.4865,224.6471,215.5998,220.3357,310260.0,68545935.7
2016-01-04,219.6825,219.6825,213.3135,215.0772,186904.0,40304432.3
2016-01-05,215.0772,218.67,211.2885,215.5998,193073.0,41659888.55
2016-01-06,217.2656,218.5067,209.0348,213.2808,239057.0,51284875.55
2016-01-07,212.105,214.7833,209.0021,211.8437,383200.0,81133614.4
2016-01-08,211.8437,220.6624,211.8437,216.5143,132836.0,28620870.1
2016-01-11,215.6978,227.3254,210.0473,222.3281,592756.0,131414735.8
2016-01-12,223.014,226.0189,215.5671,216.9716,274906.0,61057373.0
2016-01-13,220.4664,222.7527,190.7116,208.3162,576259.0,117966796.15
2016-01-14,206.9118,211.8437,198.5831,207.859,228044.0,46776918.35
2016-01-15,205.2787,210.8639,195.1862,196.8847,209256.0,42296881.95
2016-01-18,190.7769,195.9701,179.0514,182.1869,396077.0,73731863.15
2016-01-19,182.9055,188.36,173.0743,183.6567,312891.0,57617760.9
2016-01-20,184.7345,184.8652,173.2376,178.9861,175193.0,31490793.4
2016-01-21,182.9055,185.4531,173.7602,177.5489,165523.0,29580340.5
2016-01-22,181.2724,191.3975,178.3655,188.5233,287407.0,53727212.45
2016-01-25,191.9201,193.3572,188.1313,190.385,105281.0,20083947.15
2016-01-27,193.3572,193.3572,186.8249,188.1313,77228.0,14590856.85
2016-01-28,187.4454,191.1689,186.2043,187.2495,90404.0,17044682.95
2016-01-29,187.8047,191.2668,184.2446,188.9479,91267.0,17084052.25
2016-02-01,190.091,198.4524,190.091,197.1786,162159.0,31534666.35
2016-02-02,197.2766,203.417,186.8575,190.4503,216876.0,43213262.35
2016-02-03,186.1716,189.1112,182.9055,184.0813,102306.0,19035748.5
2016-02-04,188.7846,190.7116,183.2974,187.2821,234363.0,43997927.0
2016-02-05,186.2369,190.091,183.0034,188.1966,198601.0,37262150.2
2016-02-08,189.8624,192.0507,185.9103,189.6991,208694.0,39582280.5
2016-02-09,195.2842,206.3565,191.6588,203.3517,1297976.0,257828324.5
2016-02-10,201.8492,207.5324,193.7818,197.1133,597517.0,119639312.25
2016-02-11,197.4399,198.9097,180.3905,182.8728,287344.0,54545247.7
2016-02-12,184.016,190.091,176.4384,185.2898,335549.0,61714765.0
2016-02-15,188.7846,202.7638,187.5434,200.2815,327619.0,64873291.5
2016-02-16,203.8089,203.8416,189.8624,190.7443,205609.0,40202354.85
2016-02-17,189.7644,222.0015,182.9381,214.8812,809087.0,166401549.7
2016-02-18,218.8333,228.6318,211.3864,217.6902,1103749.0,243065778.85
2016-02-19,215.5671,218.6373,208.3816,211.6804,307524.0,65566757.4
2016-02-22,211.6477,213.6074,203.9069,205.1481,188909.0,39255078.8
2016-02-23,204.8214,214.9139,203.1557,205.3114,512224.0,107123113.05
2016-02-24,203.8089,206.6832,197.4399,198.7464,235372.0,47566198.7
2016-02-25,199.2363,203.0251,194.4024,196.0355,129689.0,25778798.2
2016-02-26,200.5428,200.7387,191.4302,194.7943,203480.0,39690541.2
2016-02-29,196.0028,197.9298,187.0208,193.0959,166293.0,32137123.15
2016-03-01,192.0834,203.7763,192.0834,200.6408,256651.0,51506173.85
2016-03-02,205.1154,208.7082,202.1759,204.1682,188588.0,38744359.85
2016-03-03,205.1154,207.5977,201.0654,201.8819,125095.0,25531613.25
2016-03-04,203.4823,206.8465,200.0528,201.9472,159265.0,32327728.95
2016-03-08,201.196,202.0452,193.4878,195.3822,252758.0,50083421.7
2016-03-09,196.3621,197.3419,191.3975,195.7088,345324.0,67105594.05
2016-03-10,197.2766,202.3065,194.1411,198.0931,329436.0,65454684.15
2016-03-11,198.2238,201.0,194.0758,195.2842,119948.0,23728590.95
2016-03-14,195.9701,199.8242,194.533,195.6435,136126.0,26760779.95
2016-03-15,195.6435,200.8041,194.3697,195.9701,247763.0,48969208.0
2016-03-16,197.8645,198.5831,194.6637,195.2516,139615.0,27407273.5
2016-03-17,196.6234,198.9423,189.7971,191.1362,163104.0,31693071.95
2016-03-18,191.7241,198.5831,191.4955,192.312,212703.0,41430585.5
2016-03-21,192.7366,195.8395,191.6914,193.4225,162456.0,31461657.8
2016-03-22,193.1939,197.9298,192.3447,195.6109,181685.0,35524215.9
2016-03-23,194.8596,205.1154,194.1411,203.8416,550895.0,111184171.65
2016-03-28,204.4295,208.2509,197.7012,199.6936,268767.0,54811248.45
2016-03-29,201.098,203.123,195.9701,198.0278,176072.0,34960768.05
2016-03-30,199.5303,205.7686,199.5303,204.2662,190146.0,38602120.5
2016-03-31,203.8416,206.3565,201.6206,202.4371,167733.0,34234019.55
2016-04-01,203.417,205.1154,200.7714,203.9722,84797.0,17233908.0
2016-04-04,205.0174,214.8486,203.221,209.7207,321762.0,67381454.75
2016-04-05,208.3816,210.08,201.1633,202.2085,149711.0,30828687.25
2016-04-06,201.8492,206.0953,201.8492,204.0049,90941.0,18573725.85
2016-04-07,203.8089,207.5977,197.9952,200.2815,144510.0,29401916.8
2016-04-08,201.7186,205.442,200.6081,201.7186,121165.0,24626897.95
2016-04-11,201.9146,207.467,200.7714,204.7561,235217.0,48112305.05
2016-04-12,202.8291,209.688,202.8291,204.3315,113814.0,23451070.65
2016-04-13,205.7686,208.055,203.1557,204.2009,119556.0,24553159.5
2016-04-18,203.1557,207.859,202.7638,205.344,79756.0,16411915.1
2016-04-20,205.2787,214.0974,202.6331,213.2155,415900.0,87501152.15
2016-04-21,213.2155,219.2906,210.0147,211.1578,309188.0,66565875.05
2016-04-22,210.6026,211.4518,206.5525,207.6957,81161.0,16930466.3
2016-04-25,207.859,210.3413,206.0299,207.0751,65584.0,13660608.55
2016-04-26,207.2058,209.1655,205.7686,207.467,77155.0,16025602.55
2016-04-27,208.3816,211.9744,206.6832,209.5574,118077.0,24781580.55
2016-04-28,210.3413,214.424,207.1078,208.7409,183401.0,38687548.05
2016-04-29,209.5247,210.9945,203.9722,207.9896,85902.0,17822808.1
2016-05-02,205.7686,208.0876,203.2537,204.2009,59026.0,12124837.3
2016-05-03,204.4622,209.7534,203.1884,206.7811,203227.0,42132854.1
2016-05-04,205.7686,208.7409,204.8868,206.1279,110415.0,22832247.45
2016-05-05,203.1884,211.2558,203.1884,209.6227,195120.0,40908486.9
2016-05-06,209.688,210.8639,206.8791,209.2308,41408.0,8662428.7
2016-05-09,211.1905,211.1905,205.6053,207.3691,53018.0,11036313.65
2016-05-10,205.8993,210.0147,205.8993,206.8465,61711.0,12838140.95
2016-05-11,204.9848,213.2482,203.1557,210.6679,176901.0,37171759.9
2016-05-12,212.0397,214.9139,210.9945,212.8562,81593.0,17372765.4
2016-05-13,211.1578,221.185,206.9445,212.9869,338980.0,73334653.75
2016-05-16,213.2808,219.8132,212.1377,218.7353,95557.0,20736708.3
2016-05-17,217.8861,219.8458,212.4969,213.7708,63239.0,13696345.05
2016-05-18,212.203,215.3385,211.3211,213.2155,41163.0,8766700.1
2016-05-19,212.301,215.1752,205.7686,207.3037,68097.0,14273002.35
2016-05-20,205.834,211.7784,205.7033,210.1453,89391.0,18733349.3
2016-05-23,210.5046,211.7131,207.1404,209.5247,86168.0,18056004.15
2016-05-24,210.6352,216.743,207.0751,210.6026,193598.0,41142314.75
2016-05-25,212.301,218.8333,212.301,216.8736,221493.0,47964027.2
2016-05-26,215.2405,215.2405,187.9354,201.6206,1489612.0,297738677.15
2016-05-27,202.5025,205.4747,199.6609,202.5351,255885.0,51820939.6
2016-05-30,202.8291,204.1356,198.5831,200.3795,183083.0,36681315.45
2016-05-31,202.4371,202.4371,195.5129,197.2766,83699.0,16636246.5
2016-06-01,197.8318,198.5831,194.1411,194.729,114527.0,22450601.4
2016-06-02,195.9375,195.9701,190.2543,192.0507,134462.0,26020491.7
2016-06-03,193.3572,195.5455,188.7846,189.5358,178415.0,34081425.35
2016-06-06,189.5358,191.9201,188.8172,190.189,136003.0,25864986.2
2016-06-07,190.091,193.3572,189.6011,192.606,95231.0,18310962.3
2016-06-08,190.7443,198.5831,190.6789,196.0355,258096.0,50218993.25
2016-06-09,196.0355,198.5177,194.6637,197.2439,108375.0,21333818.25
2016-06-10,197.2766,201.196,190.483,192.0834,210808.0,41348980.5
2016-06-13,191.3648,194.925,189.4378,191.1362,133526.0,25601500.2
2016-06-14,191.6914,193.3899,189.7644,190.7116,69425.0,13296939.5
2016-06-15,190.8096,194.9903,190.8096,192.0834,99148.0,19125743.4
2016-06-16,190.7443,192.5407,188.7846,189.6664,85103.0,16195428.75
2016-06-17,189.7644,191.6914,183.8853,184.6039,157654.0,29467202.65
2016-06-20,182.9055,189.4378,182.7421,187.3801,120683.0,22619389.05
2016-06-21,187.0208,189.1765,183.1667,187.772,142127.0,26558462.8
2016-06-22,188.4579,192.6386,188.4579,190.9076,195483.0,37306189.75
2016-06-23,191.3975,193.3572,188.4579,189.6664,87424.0,16616630.7
2016-06-24,183.5914,195.8068,174.1521,192.9326,152184.0,28605164.6
2016-06-27,191.3975,193.3572,188.3926,191.5281,120300.0,23013240.55
2016-06-28,191.6588,194.9903,190.091,193.1286,118529.0,22877221.8
2016-06-29,192.704,197.7992,192.6386,193.8471,150309.0,29389838.15
2016-06-30,194.1737,197.5379,190.091,192.606,684654.0,131941499.5
2016-07-01,192.6386,195.2516,192.0507,193.8145,92037.0,17805816.8
2016-07-04,193.8798,199.8895,192.704,196.558,224742.0,44428063.4
2016-07-05,196.6234,198.9097,192.8673,193.6838,98404.0,19295818.0
2016-07-07,193.7165,197.8972,193.7165,194.4677,110492.0,21602173.45
2016-07-08,195.3169,196.9826,193.3572,193.4878,64397.0,12535573.8
2016-07-11,193.8798,195.8395,190.1237,191.5281,92207.0,17727659.15
2016-07-12,191.9854,193.2265,190.1563,190.6463,104270.0,19966504.45
2016-07-13,191.3975,192.5407,188.7846,188.8825,68289.0,12983821.55
2016-07-14,189.1112,191.8548,188.7846,189.6991,77046.0,14652725.15
2016-07-15,188.4579,189.8951,186.7922,188.3273,55857.0,10536909.4
2016-07-18,188.4253,189.0459,184.3752,186.7595,160420.0,29901769.05
2016-07-19,186.8249,188.5559,184.8652,186.0736,69170.0,12901673.6
2016-07-20,186.1716,188.5559,184.8652,187.7067,51089.0,9558564.3
2016-07-21,186.1716,195.3169,186.1716,193.1286,149859.0,28887476.15
2016-07-22,193.3572,195.9375,193.3572,193.6838,96319.0,18750806.6
2016-07-25,193.3572,197.9298,191.7241,195.4802,65493.0,12790092.1
2016-07-26,193.4878,196.3621,193.3572,194.2717,41659.0,8118856.55
2016-07-27,193.2265,201.8492,193.2265,200.4448,236764.0,46948319.3
2016-07-28,200.0855,202.7638,194.5004,197.9298,144276.0,28898486.05
2016-07-29,197.2766,198.5831,193.8145,194.9903,86300.0,16869554.5
2016-08-01,196.4927,196.4927,190.581,191.5608,98824.0,19034154.6
2016-08-02,191.0382,193.9451,189.4378,192.4753,80513.0,15431897.55
2016-08-03,192.2467,194.337,190.4176,192.8673,45463.0,8736571.8
2016-08-04,193.0959,198.4524,192.9326,194.4677,79696.0,15591472.15
2016-08-05,194.8596,198.4524,194.435,197.0806,76209.0,14992587.6
2016-08-08,197.2439,197.9952,193.2592,194.1737,70394.0,13703591.35
2016-08-09,192.704,195.3169,190.8096,191.2995,43387.0,8327476.95
2016-08-10,191.7241,192.312,189.4378,189.6664,29706.0,5661198.4
2016-08-11,189.4378,199.2363,187.4454,190.8422,60977.0,11596393.6
2016-08-12,191.3648,194.0104,186.1063,191.4302,80236.0,15351153.05
2016-08-16,192.0507,192.8999,188.0987,189.5358,81155.0,15381417.0
2016-08-17,189.9277,203.8089,189.1438,198.877,199010.0,39285717.3
2016-08-18,199.2363,199.8569,195.2189,197.7992,74477.0,14670260.35
2016-08-19,195.9701,201.0,194.6637,195.7415,87949.0,17410713.55
2016-08-22,195.8395,197.2766,194.0104,194.435,24965.0,4866948.1
2016-08-23,193.8436,195.8806,192.4309,194.435,43430.0,8424229.7
2016-08-24,193.1865,200.2832,193.1865,198.509,90343.0,17882114.3
2016-08-25,210.2054,210.2711,195.1578,196.4063,190969.0,38512564.85
2016-08-26,197.162,201.0717,196.0121,199.0676,110188.0,21943062.35
2016-08-29,198.4433,202.4516,196.0449,197.1948,70661.0,14058658.8
2016-08-30,197.4905,204.3572,197.4905,201.236,158520.0,31845005.95
2016-08-31,201.4003,204.3572,201.0717,202.3531,116388.0,23611261.15
2016-09-01,202.4188,203.503,197.9505,200.3818,157129.0,31486502.95
2016-09-02,201.5974,204.0286,196.7677,198.9033,152076.0,30509810.55
2016-09-06,199.1004,201.5974,197.1291,200.5789,161497.0,32328635.3
2016-09-07,201.4988,201.7288,196.472,197.1291,89099.0,17627442.3
2016-09-08,196.5377,214.8708,196.5377,206.9856,1726587.0,359365293.45
2016-09-09,208.2341,209.8768,200.4146,200.6775,169824.0,34601671.35
2016-09-12,197.1291,198.4433,193.1865,195.8806,100454.0,19697958.65
2016-09-14,194.5007,199.5275,194.5007,195.9792,94132.0,18546930.55
2016-09-15,197.1291,206.8542,195.7821,201.4003,271872.0,55158170.45
2016-09-16,201.4003,206.2628,195.8149,198.6405,216811.0,43419839.5
2016-09-19,206.9856,210.9282,203.7001,206.0656,572993.0,119065825.0
2016-09-20,206.8542,210.9282,205.54,209.154,279505.0,58419222.85
2016-09-21,210.2711,210.5996,202.9116,205.1786,140233.0,28822043.85
2016-09-22,208.3326,208.3326,205.1129,205.7042,90486.0,18679473.2
2016-09-23,207.6427,209.8768,203.9301,205.31,114179.0,23674944.3
2016-09-26,205.1457,205.1457,200.4146,200.776,82881.0,16721174.95
2016-09-27,202.3859,203.7001,198.7719,200.1189,63131.0,12690802.95
2016-09-28,201.1046,203.7001,197.9176,198.739,160471.0,32046880.5
2016-09-29,201.466,202.3859,192.2009,195.3221,195046.0,38332858.3
2016-09-30,191.2153,206.2299,191.2153,201.0389,122079.0,24331777.55
2016-10-03,201.0717,207.6427,199.7904,203.043,161328.0,32848777.0
2016-10-04,202.7802,205.2443,201.7288,203.4701,69589.0,14162268.4
2016-10-05,203.503,205.0143,201.5317,204.2915,61098.0,12443294.15
2016-10-06,204.7843,216.1521,204.7843,213.0966,638215.0,135681787.2
2016-10-07,214.2137,223.2487,210.5668,222.0003,609767.0,133809766.6
2016-10-10,222.0988,222.6245,215.1993,217.6306,121160.0,26464223.75
2016-10-13,215.3964,216.842,209.0226,213.7208,130848.0,27876672.35
2016-10-14,215.3636,220.1275,214.2794,215.5936,85430.0,18544597.85
2016-10-17,215.5278,217.2034,210.2711,212.0124,74345.0,15815049.8
2016-10-18,211.2567,218.3205,211.2567,216.9406,105534.0,22613830.35
2016-10-19,217.9591,221.7703,214.5422,220.0618,225731.0,49102724.85
2016-10-20,221.836,225.3843,218.4191,220.7189,256197.0,56977911.1
2016-10-21,221.1132,222.6902,216.842,217.762,72627.0,15940099.35
2016-10-24,214.2137,225.2857,214.2137,222.7888,140048.0,31013893.2
2016-10-25,223.413,229.9183,218.4191,220.4561,306344.0,69118179.05
2016-10-26,220.4561,222.3945,216.842,217.8934,51606.0,11324069.65
2016-10-27,216.3821,221.9017,216.3821,218.5505,58118.0,12752138.05
2016-10-28,218.1562,222.0331,217.4991,219.3719,56874.0,12477275.1
2016-10-30,219.4704,223.413,219.4704,221.5731,33513.0,7417592.75
2016-11-01,220.7846,225.3843,218.1562,223.873,132927.0,29667681.7
2016-11-02,222.0988,233.598,222.0988,228.9983,269324.0,61598624.75
2016-11-03,228.0127,236.555,219.8975,222.9202,324918.0,75219950.05
2016-11-04,220.0947,225.3514,215.5607,223.4787,131802.0,28990819.4
2016-11-07,224.2344,225.4829,220.0947,220.4561,85226.0,18916664.2
2016-11-08,220.7846,225.3186,219.4704,220.8503,44132.0,9776974.25
2016-11-09,209.0883,217.4991,187.2727,215.955,99124.0,20823046.5
2016-11-10,216.7763,224.7272,216.7763,221.6717,104112.0,23165064.1
2016-11-11,216.7763,221.4417,213.6223,217.992,43828.0,9540211.3
2016-11-15,216.842,216.8749,193.8436,196.702,191275.0,38925265.3
2016-11-16,198.9361,206.1314,197.1291,204.85,57320.0,11568554.45
2016-11-17,205.9342,209.614,199.8889,206.0656,42622.0,8686304.65
2016-11-18,202.3859,212.1767,200.4146,207.117,69959.0,14304460.75
2016-11-21,204.4229,207.9712,194.435,195.6835,50615.0,10119722.05
2016-11-22,195.8149,199.6261,192.2338,197.392,60489.0,11921925.1
2016-11-23,195.9135,208.9569,195.9135,207.1499,154546.0,31565970.9
2016-11-24,206.3285,208.9897,198.8047,200.2832,52449.0,10729828.45
2016-11-25,200.8746,206.657,200.4146,205.1457,36585.0,7446301.1
2016-11-28,205.2771,206.0985,199.199,204.62,43980.0,8940881.55
2016-11-29,205.31,208.9569,203.043,203.7001,66208.0,13649578.45
2016-11-30,204.6857,208.924,204.6529,207.2813,201941.0,41889601.05
2016-12-01,205.6714,210.1725,205.6385,208.3983,39761.0,8273509.65
2016-12-02,209.2197,209.2526,203.7001,205.9342,98842.0,20411834.8
2016-12-05,206.9856,206.9856,189.0468,193.0551,274688.0,53380617.2
2016-12-06,193.8436,197.6548,186.9441,189.6711,337749.0,64019581.45
2016-12-07,194.5007,194.5007,187.9626,190.6239,93243.0,17739882.6
2016-12-08,191.2153,193.1208,187.6998,188.9483,103951.0,19794986.45
2016-12-09,190.131,191.1167,183.1987,184.02,176307.0,32760716.5
2016-12-12,185.3014,189.8354,184.0858,187.5027,180214.0,33703545.9
2016-12-13,187.9298,187.9298,184.1186,184.8086,65197.0,12086165.95
2016-12-14,186.2213,188.1926,183.0015,187.4041,161903.0,30232845.7
2016-12-15,187.2727,188.3569,181.1945,182.3116,238278.0,44213208.3
2016-12-16,182.673,185.4657,177.4162,182.3116,170616.0,30910609.4
2016-12-19,184.5786,184.5786,169.8596,172.488,330778.0,57930011.0
2016-12-20,170.8452,172.5537,163.6829,171.0752,310233.0,52057837.55
2016-12-21,170.8452,174.8864,169.6953,173.2765,221955.0,38271667.9
2016-12-22,174.985,175.1164,169.2025,169.7282,134472.0,23111782.3
2016-12-23,169.9253,171.0752,165.687,170.2539,63583.0,10763127.7
2016-12-26,168.2497,173.4079,164.2743,168.5454,62455.0,10475460.4
2016-12-27,168.1511,172.1594,167.5926,169.4653,52994.0,9017532.5
2016-12-28,170.1881,172.718,165.6542,169.7282,188878.0,32197872.0
2016-12-29,167.6255,173.5065,167.6255,172.3894,130489.0,22388565.9
2016-12-30,174.755,174.755,170.8452,171.3709,78224.0,13472700.45
2017-01-02,174.525,174.7878,171.9295,174.5578,33710.0,5858921.2
2017-01-03,173.8022,193.0223,173.8022,189.1125,325425.0,60153462.75
2017-01-04,188.5869,190.5582,184.0858,184.8743,70964.0,13267005.25
2017-01-05,186.0242,190.131,184.02,185.8928,64336.0,12024570.5
2017-01-06,186.0899,187.2727,179.3875,181.1617,57549.0,10578878.2
2017-01-09,181.2602,183.6586,179.4861,180.0775,33012.0,5984661.65
2017-01-10,180.3732,181.3588,178.5004,179.2889,40852.0,7363764.0
2017-01-11,180.3732,181.4574,178.7304,179.5846,97495.0,17610871.05
2017-01-12,179.3875,180.4389,175.5106,177.3177,85438.0,15221876.25
2017-01-13,178.6976,178.6976,173.1451,174.7221,102982.0,18041163.55
2017-01-16,174.7878,177.4162,171.2066,175.6421,71239.0,12493165.05
2017-01-17,174.8207,177.909,174.8207,177.2191,575338.0,101933809.85
2017-01-18,177.4162,179.7161,177.4162,178.2704,46275.0,8277804.6
2017-01-19,179.3875,181.3588,179.059,180.4717,97483.0,17594891.95
2017-01-20,181.6873,181.6873,177.6791,180.8988,95814.0,17324736.25
2017-01-23,180.7017,183.3301,179.3875,179.8475,32399.0,5838025.7
2017-01-24,180.7346,180.7346,178.1062,178.8947,59557.0,10697360.9
2017-01-25,181.1945,181.1945,178.139,180.1432,39787.0,7160820.8
2017-01-27,180.9645,181.3588,178.7304,180.5046,86187.0,15570420.2
2017-01-30,178.5004,184.6443,178.5004,180.4717,268170.0,48621732.1
2017-01-31,180.0775,182.0159,178.8618,178.9932,85073.0,15345341.1
2017-02-01,178.8618,179.7161,176.1349,177.2519,54336.0,9641434.1
2017-02-02,179.9132,179.9132,174.9521,176.0363,47364.0,8361260.85
2017-02-03,175.1492,181.6873,174.9192,177.2848,112840.0,20206111.7
2017-02-06,178.8947,180.4717,178.139,179.6175,75497.0,13568295.8
2017-02-07,180.6031,180.6031,178.7304,178.9604,146485.0,26320177.6
2017-02-08,179.3875,180.5046,177.0877,177.6462,78797.0,14063750.85
2017-02-09,178.4019,180.6688,171.798,178.4676,367944.0,64763671.95
2017-02-10,177.4162,184.3486,175.4778,183.8558,445219.0,80817765.95
2017-02-13,185.2357,185.6299,176.8905,177.4819,134627.0,24299824.65
2017-02-14,178.9275,178.9275,176.7591,177.2191,80827.0,14343895.3
2017-02-15,178.4019,179.4532,176.2663,176.6277,171921.0,30634458.65
2017-02-16,176.562,180.0446,176.2992,176.5291,72641.0,12913670.45
2017-02-17,179.059,179.059,173.7693,174.6236,77762.0,13672535.25
2017-02-20,175.9706,177.4162,173.7036,174.3936,155256.0,27335948.75
2017-02-21,177.2848,177.2848,173.1451,173.8022,69532.0,12174883.9
2017-02-22,174.1307,174.7878,170.8781,171.6995,73962.0,12790588.6
2017-02-23,173.2765,175.1164,171.5023,173.9665,266070.0,45912581.25
2017-02-27,174.7221,174.7221,170.8124,171.2395,60705.0,10486102.5
2017-02-28,170.5167,173.8679,170.2539,170.8124,47084.0,8098358.7
2017-03-01,172.6851,173.3751,170.3853,171.7323,56620.0,9731203.2
2017-03-02,171.5352,173.7365,165.1285,170.9438,163107.0,27652643.25
2017-03-03,170.8452,173.4079,169.5311,170.911,64840.0,11086809.15
2017-03-06,173.2436,173.2436,169.4653,170.221,184965.0,31504627.45
2017-03-07,170.7795,172.028,166.7712,167.494,72198.0,12143306.1
2017-03-08,167.6255,171.5023,166.2456,166.837,66005.0,11074031.25
2017-03-09,167.2312,169.2025,165.6542,167.8883,67584.0,11330289.0
2017-03-10,168.2169,168.8411,166.9027,167.4612,24515.0,4115425.85
2017-03-14,170.8452,172.4551,168.6111,169.7282,67725.0,11508126.65
2017-03-15,169.8596,171.3052,168.414,169.3996,364038.0,61536273.4
2017-03-16,170.1553,170.7138,167.9212,168.5454,146176.0,24804393.2
2017-03-17,168.9397,169.991,167.0998,167.6912,71253.0,11999077.5
2017-03-20,168.7097,168.874,166.837,167.4612,66400.0,11138243.45
2017-03-21,167.8226,167.8226,164.4057,165.7527,73879.0,12281409.2
2017-03-22,165.6542,171.4695,164.9642,167.0669,197605.0,33463755.4
2017-03-23,167.5598,177.7448,166.9027,177.022,456573.0,79006796.7
2017-03-24,176.7591,179.1247,174.9521,176.7263,153944.0,27380368.5
2017-03-27,177.4162,178.0405,174.1307,174.6564,106881.0,18704753.45
2017-03-28,174.1307,176.6934,171.8309,173.0465,88756.0,15445886.2
2017-03-29,175.2149,175.2149,171.5023,172.9151,134764.0,23313742.45
2017-03-30,172.1923,174.1307,170.3196,171.1409,111805.0,19263802.2
2017-03-31,170.911,173.2765,168.644,169.4653,126491.0,21664487.9
2017-04-03,169.6296,172.8165,168.8082,170.911,327011.0,56033308.2
2017-04-05,172.8165,183.6586,172.3237,182.213,573218.0,102146371.35
2017-04-06,182.1802,189.0468,178.7304,187.9298,689288.0,127391950.25
2017-04-07,186.6813,190.8867,181.3588,182.3116,365229.0,68422043.4
2017-04-10,183.3301,188.7511,183.2315,185.9913,248084.0,46234594.5
2017-04-11,186.6484,188.324,185.9585,187.3712,209333.0,39198142.15
2017-04-12,187.8969,187.8969,182.7058,184.71,121046.0,22448918.1
2017-04-13,185.17,186.8784,182.673,185.17,100229.0,18550309.45
2017-04-17,185.17,185.17,179.3218,180.7017,179979.0,32546490.2
2017-04-18,180.7017,187.0755,179.3875,180.3732,179033.0,32945416.4
2017-04-19,180.7674,183.2972,178.1719,178.9275,114508.0,20626591.9
2017-04-20,179.5846,183.6258,179.059,180.176,132410.0,24035951.85
2017-04-21,179.3875,182.673,178.4019,179.0261,102056.0,18382114.85
2017-04-24,180.7017,183.8229,179.3875,179.9789,194072.0,35147582.7
2017-04-25,181.9502,183.5929,178.7304,179.7818,154037.0,27905360.95
2017-04-26,181.983,181.983,175.6421,176.2663,106132.0,18911718.9
2017-04-27,176.2663,179.2889,176.2663,177.022,97944.0,17401810.3
2017-04-28,177.3505,178.6647,174.9521,175.9377,57625.0,10158615.6
2017-05-02,176.102,181.1945,176.102,178.5333,178027.0,31891728.2
2017-05-03,178.5661,179.1904,173.9007,175.0835,121542.0,21474584.7
2017-05-04,175.2807,175.4121,172.5208,173.3094,123965.0,21515849.1
2017-05-05,173.9665,174.985,173.0465,174.2622,125899.0,21918737.8
2017-05-08,174.1307,176.4306,172.8165,175.5106,82918.0,14527900.45
2017-05-09,176.102,179.0261,173.8022,177.4162,683149.0,120904865.2
2017-05-10,178.2047,183.9872,177.2848,178.4676,498235.0,89991629.4
2017-05-11,178.9932,186.6156,178.9932,180.5703,714433.0,129199825.45
2017-05-12,181.983,182.5416,177.4162,177.8762,155915.0,28075340.9
2017-05-15,178.7304,180.0446,176.6277,176.9562,113854.0,20255587.35
2017-05-16,177.4162,178.6976,176.2334,176.8577,77750.0,13773100.75
2017-05-17,177.4162,177.9747,175.4449,175.8392,61795.0,10902238.15
2017-05-18,175.1164,176.6606,173.8022,174.6893,81332.0,14204703.85
2017-05-19,174.7878,175.7735,167.0341,169.1039,162058.0,27809138.6
2017-05-22,168.7097,170.5824,165.7527,166.8698,75701.0,12722842.35
2017-05-23,166.4427,168.2169,162.9601,167.2969,104567.0,17407361.55
2017-05-24,168.2169,169.5311,164.3728,165.917,478646.0,79592657.45
2017-05-25,166.5741,169.5311,166.377,167.4283,213130.0,35729333.0
2017-05-26,168.0197,168.7097,165.5885,166.4427,193390.0,32229996.65
2017-05-29,172.488,180.636,171.6009,172.948,627534.0,110698462.3
2017-05-30,171.9623,177.7448,171.5023,172.6523,210795.0,36674745.85
2017-05-31,174.0979,175.7078,171.6338,172.7837,84531.0,14655652.45
2017-06-01,172.8494,174.7878,172.2251,173.0465,56086.0,9715445.1
2017-06-02,173.9336,179.7818,172.9151,176.2334,157736.0,27796559.9
2017-06-05,177.3505,178.6976,174.7878,175.4778,85266.0,15037757.55
2017-06-06,176.102,179.9132,175.4449,178.0733,158677.0,28250009.35
2017-06-07,178.7304,179.3218,176.1677,178.2376,67690.0,12045259.5
2017-06-08,179.3218,179.9132,175.7078,176.562,241508.0,42718790.6
2017-06-09,176.4306,178.0405,174.1307,174.7221,65719.0,11579717.8
2017-06-12,176.102,177.4162,168.9397,172.0609,239239.0,41118473.6
2017-06-13,172.8165,173.4736,169.5311,171.1738,66882.0,11490478.55
2017-06-14,169.7282,173.4736,169.7282,172.5537,72828.0,12507632.5
2017-06-15,173.3422,173.3422,170.1881,170.4181,77597.0,13269949.8
2017-06-16,170.7138,171.1738,169.2682,170.2539,119071.0,20269821.25
2017-06-19,170.8124,172.028,168.414,169.0711,109081.0,18506954.9
2017-06-20,170.5167,170.5167,167.7897,168.3154,447663.0,75582366.15
2017-06-21,169.4653,169.4653,166.607,166.9027,85849.0,14377896.4
2017-06-22,166.9027,168.2169,165.6213,166.3113,88319.0,14755220.6
2017-06-23,166.9027,167.2312,160.6931,161.9416,142061.0,23121661.05
2017-06-27,162.6644,164.2086,158.5247,159.576,95729.0,15300731.05
2017-06-28,160.9888,161.6459,156.8819,157.2762,75797.0,12010225.85
2017-06-29,157.2762,159.7403,154.6478,156.0606,240797.0,37687152.35
2017-06-30,155.0749,158.9189,155.0749,156.9476,303835.0,47500029.1
2017-07-03,158.9518,160.9231,155.732,156.4877,128043.0,20222920.85
2017-07-04,157.7033,159.6746,153.6293,154.1878,151996.0,23731836.4
2017-07-05,154.9106,165.917,154.1221,164.9314,324620.0,52282688.9
2017-07-06,165.8513,166.7712,159.9046,161.9744,154291.0,25033249.95
2017-07-07,162.9601,169.1696,162.0073,167.8883,155014.0,25705569.95
2017-07-10,167.8883,172.1594,164.2743,167.6912,30222.0,5089877.8
2017-07-11,170.681,170.7138,160.3317,162.5987,293415.0,47945963.0
2017-07-12,162.6315,169.5311,161.0874,167.6583,168170.0,27757183.0
2017-07-13,168.2169,168.2169,162.3358,162.8615,110428.0,18156332.0
2017-07-14,164.3071,166.9684,161.383,164.5371,118272.0,19343455.55
2017-07-17,166.837,168.4468,164.6028,167.0669,179734.0,30002987.15
2017-07-18,167.2312,167.5598,164.9642,166.147,72592.0,12101734.75
2017-07-19,167.494,167.494,164.9314,165.917,87608.0,14548612.9
2017-07-20,166.2784,167.0012,162.9601,163.4529,81843.0,13490546.7
2017-07-21,163.6172,165.5885,162.9601,164.7342,102792.0,16908513.95
2017-07-24,163.6829,165.4242,163.6172,163.6829,61091.0,10019700.3
2017-07-25,164.5043,165.457,162.6315,163.0258,102014.0,16729778.35
2017-07-26,164.5371,164.7671,159.5432,160.0689,167829.0,26952697.25
2017-07-27,160.3317,162.9272,158.2947,158.7875,86753.0,13830903.55
2017-07-28,158.8861,160.9231,157.7033,158.9189,145536.0,23077982.9
2017-07-31,160.0031,160.6274,157.8019,158.5575,90125.0,14355941.05
2017-08-01,160.0689,160.496,158.1304,159.1489,195034.0,31044853.6
2017-08-02,159.1489,160.266,157.4405,158.8204,104126.0,16523026.35
2017-08-03,159.0175,159.6417,157.3748,158.2618,122837.0,19504016.25
2017-08-04,158.4261,158.6232,156.3891,157.4076,39795.0,6260356.2
2017-08-07,157.539,157.8347,155.4035,156.0606,83864.0,13120987.4
2017-08-08,156.5862,156.5862,153.7607,154.2535,49099.0,7610592.0
2017-08-09,155.0749,156.9148,149.161,150.1795,127756.0,19362971.1
2017-08-10,148.6682,152.4465,137.9904,142.2287,374724.0,54934551.7
2017-08-11,138.0232,165.5885,138.0232,162.763,1028218.0,162174128.0
2017-08-14,161.6459,164.2086,156.8162,161.4816,252136.0,40413538.85
2017-08-16,162.303,162.9601,158.9189,160.6274,70014.0,11245134.0
2017-08-17,160.9888,161.6459,160.036,161.0874,145161.0,23358264.4
2017-08-18,160.9888,164.9314,156.0934,157.7362,266344.0,42545190.65
2017-08-21,156.7177,163.6172,156.7177,160.6274,122219.0,19713475.1
2017-08-22,159.6746,160.9888,157.9661,159.0504,185901.0,29566391.9
2017-08-23,160.3755,162.9927,159.6467,162.6614,124131.0,20140451.5
2017-08-24,162.8601,162.9927,160.2099,160.7399,60404.0,9713656.35
2017-08-28,160.3424,162.9927,159.6798,161.2037,39006.0,6279905.95
2017-08-29,160.508,164.9141,159.1829,161.7669,49957.0,8089551.65
2017-08-30,161.6675,164.2515,159.3485,161.0049,132061.0,21248818.7
2017-08-31,163.0589,163.3239,159.4148,161.1706,99182.0,15959149.5
2017-09-01,161.6675,171.9374,161.3362,169.519,262963.0,44127067.05
2017-09-04,166.9681,174.7533,166.9681,170.5791,260124.0,44614405.2
2017-09-05,172.2355,175.3827,171.6392,174.3226,162764.0,28335741.05
2017-09-06,174.2564,177.503,172.9312,175.7472,162449.0,28536323.8
2017-09-07,180.2858,182.7704,177.9999,180.087,271543.0,48932042.5
2017-09-08,180.849,182.2072,179.2588,180.2195,150728.0,27180312.1
2017-09-11,182.2072,182.2072,178.2318,179.4244,94575.0,16965801.6
2017-09-12,180.7496,181.5447,174.1239,174.8196,143375.0,25193207.55
2017-09-13,173.5938,178.033,171.6392,174.8858,177643.0,30980200.35
2017-09-14,175.5153,188.1704,173.4282,186.4477,650502.0,120009392.7
2017-09-15,186.1827,190.7544,182.9692,188.5348,793297.0,147736894.0
2017-09-18,189.4955,218.2511,189.4955,214.9714,2120164.0,441489868.85
2017-09-19,212.023,234.186,210.0352,217.9199,1660874.0,373210939.9
2017-09-20,220.2389,229.4486,217.2904,223.4523,1086399.0,245040127.2
2017-09-21,224.4462,230.1112,219.9738,226.9971,735507.0,165883637.6
2017-09-22,227.2952,241.8387,224.0818,238.0289,2068292.0,483921742.65
2017-09-25,239.3541,281.593,239.2547,274.6029,4716632.0,1245355140.3
2017-09-26,278.4458,287.788,247.1724,247.1724,2498344.0,647169634.65
2017-09-27,243.8264,253.1024,223.3861,225.2413,1204943.0,288040985.2
2017-09-28,225.2744,238.3271,221.9947,234.0203,753348.0,174399632.8
2017-09-29,235.8755,239.1884,229.6474,231.7013,317922.0,74601834.35
2017-10-03,234.8817,248.0337,231.9001,243.1307,718783.0,173995567.45
2017-10-04,245.1516,247.1061,238.5258,240.8117,292492.0,71132779.7
2017-10-05,242.3688,245.4497,235.2792,240.9442,321057.0,77350567.8
2017-10-06,243.2964,245.8141,237.2669,239.1222,198735.0,47958602.05
2017-10-09,241.7393,263.0079,241.143,255.322,1573908.0,402535131.75
2017-10-10,257.4091,262.8422,251.1147,258.0386,548790.0,141894212.8
2017-10-11,260.3244,260.8876,246.4767,248.4975,172353.0,43881310.1
2017-10-12,252.3736,256.3159,239.9835,242.5675,202361.0,50195764.15
2017-10-13,244.754,246.1454,239.1884,239.9835,109060.0,26414957.5
2017-10-16,241.8387,245.0853,236.5381,238.9234,116540.0,27977550.5
2017-10-17,241.0436,241.0436,231.3369,233.8216,142970.0,33734801.9
2017-10-18,235.213,241.8387,228.6866,233.5234,219852.0,51948910.6
2017-10-19,236.2068,236.2068,231.9001,234.2191,30038.0,7053252.15
2017-10-23,237.2007,239.3209,231.2375,232.0658,98919.0,23230540.0
2017-10-24,233.5565,235.5443,230.6412,231.867,119368.0,27789164.5
2017-10-25,233.7884,236.4719,231.2375,232.1651,89537.0,20888358.7
2017-10-26,232.6289,237.2338,229.3823,235.3786,178278.0,41698034.15
2017-10-27,235.3786,241.6068,233.2253,237.5982,305928.0,72235510.65
2017-10-30,238.5258,247.9675,234.9148,237.1013,332989.0,80640397.6
2017-10-31,237.2007,242.0043,235.213,236.8031,150707.0,35989219.2
2017-11-01,238.4927,238.6915,233.8878,235.478,262171.0,61881715.9
2017-11-02,235.8755,238.4596,232.894,237.4326,95824.0,22614013.0
2017-11-03,239.851,254.295,238.9896,251.3797,618662.0,153509066.25
2017-11-06,248.3982,251.0484,241.9381,242.7663,147007.0,36189279.3
2017-11-07,245.0853,247.073,238.5258,239.089,85102.0,20559215.5
2017-11-08,238.8571,246.4436,237.532,241.0767,155364.0,37629048.5
2017-11-09,243.8264,247.6693,242.0375,245.4497,201469.0,49435912.5
2017-11-10,247.8018,248.4644,233.3909,239.6522,181935.0,43421456.4
2017-11-13,241.8056,254.7588,238.9896,247.2055,163382.0,39722270.6
2017-11-14,245.3503,249.1601,240.5798,241.9712,63161.0,15387432.4
2017-11-15,242.3025,245.1184,229.9124,233.159,87607.0,20666456.95
2017-11-16,233.8547,236.4387,225.44,233.0596,99067.0,23026055.3
2017-11-17,235.213,241.1761,233.2253,236.5381,73639.0,17489494.1
2017-11-20,238.5258,250.4521,235.3124,248.1,210803.0,51744948.15
2017-11-21,248.4644,256.8459,245.3835,249.5577,261401.0,66034824.9
2017-11-22,251.0816,251.5454,246.8742,248.5969,56497.0,14054666.85
2017-11-23,250.7834,254.4276,247.2718,248.6301,94569.0,23626578.4
2017-11-24,250.419,271.1906,248.5307,256.6472,452849.0,118427968.75
2017-11-27,256.6472,264.9624,251.8104,254.8914,169852.0,43930069.0
2017-11-28,256.7466,263.6373,252.6055,258.9993,129657.0,33606746.5
2017-11-29,261.2189,270.3293,259.0656,264.6643,285749.0,75907170.1
2017-11-30,263.8692,274.3047,255.1564,261.7821,503897.0,135529866.85
2017-12-01,258.4692,268.3416,249.8558,254.03,131393.0,34337376.25
2017-12-04,255.7527,257.5748,248.4644,249.657,65545.0,16483219.65
2017-12-05,250.419,256.3821,247.4706,252.7711,93356.0,23476297.7
2017-12-06,251.1147,265.0287,249.5908,259.7613,183710.0,47510300.5
2017-12-07,263.1404,284.0445,258.8337,272.317,1061935.0,291585072.1
2017-12-08,274.5697,276.69,261.4177,262.9085,234498.0,62650498.75
2017-12-11,261.9146,268.1428,256.4153,258.4361,135412.0,35458894.8
2017-12-12,260.2582,265.89,258.5024,262.5772,131101.0,34383651.05
2017-12-13,263.6373,274.1722,254.4276,256.1834,424319.0,113701757.5
2017-12-14,261.2852,262.776,248.2656,256.3821,201207.0,51204407.9
2017-12-15,258.403,270.9919,257.2104,262.7097,226158.0,59763157.65
2017-12-18,261.8152,268.1428,251.7773,259.9932,124414.0,32621175.6
2017-12-19,261.8152,270.3293,261.6827,267.9772,305500.0,81501034.7
2017-12-20,269.3354,279.6053,266.7514,273.874,217632.0,59883270.5
2017-12-21,274.9673,278.1476,268.971,272.1514,110534.0,30243227.7
2017-12-22,274.0728,314.059,273.5096,308.3609,2031529.0,610321567.65
2017-12-26,304.0542,306.3732,290.5046,294.1487,452873.0,134877846.5
2017-12-27,294.2481,315.5829,282.2556,291.7635,1738450.0,526351252.9
2017-12-28,294.1156,299.3499,285.7341,288.3844,493442.0,144457677.8
2017-12-29,291.5316,294.0825,283.6138,285.5684,168463.0,48670636.05
2018-01-01,284.4421,294.48,281.593,288.3181,328214.0,95150001.35
2018-01-02,290.9021,294.1487,281.6593,283.912,165502.0,47484941.6
2018-01-03,286.5623,290.1733,283.3488,284.939,98904.0,28295474.5
2018-01-04,286.6617,291.3991,282.9181,284.2433,145679.0,41717220.95
2018-01-05,286.231,289.2126,282.9513,284.6077,118870.0,33889067.05
2018-01-08,286.7611,306.2407,286.2641,293.0886,463995.0,137272600.0
2018-01-09,295.3745,301.4702,289.2788,296.0702,316660.0,93797167.3
2018-01-10,297.4947,301.4039,293.7512,298.091,213752.0,63716711.85
2018-01-11,300.145,308.0959,298.1573,305.3462,429481.0,130675117.5
2018-01-12,305.7769,314.7547,303.4247,308.5597,364582.0,112817591.8
2018-01-15,310.713,317.9019,293.6187,304.2861,442521.0,138217529.6
2018-01-16,306.1082,306.1082,284.9059,285.8997,354727.0,104323849.95
2018-01-17,286.8936,322.2749,280.1685,314.8872,2298388.0,717779973.9
2018-01-18,310.2492,312.6345,293.5193,298.4886,378356.0,114350197.95
2018-01-19,299.9794,307.9965,297.9917,299.9462,265680.0,80415540.2
2018-01-22,300.145,305.4125,296.8984,299.2505,124207.0,37326970.15
2018-01-23,301.2383,313.9265,299.7143,303.8885,302435.0,92988874.0
2018-01-24,303.4247,308.3609,298.8861,300.3438,122583.0,37294084.35
2018-01-25,300.9401,303.3916,293.0224,297.4947,83952.0,25141470.95
2018-01-29,297.7598,303.226,297.7598,298.2898,68218.0,20382600.75
2018-01-30,298.2898,304.0542,298.1573,301.4702,241781.0,72771713.45
2018-01-31,302.1327,305.9094,298.1573,298.9855,173252.0,52150532.45
2018-02-01,301.3376,307.0358,298.5217,301.8346,141461.0,42763583.25
2018-02-02,298.8199,301.4039,291.4984,298.1242,328562.0,97687166.8
2018-02-05,284.9059,301.3708,284.9059,298.7867,183509.0,54218485.7
2018-02-06,290.869,291.134,282.3881,288.285,136766.0,39177086.2
2018-02-07,293.5193,312.0713,293.3868,309.9179,237686.0,72629739.8
2018-02-08,309.421,315.848,298.6542,302.6628,153858.0,47368543.65
2018-02-09,299.0849,327.973,299.0849,317.14,369430.0,116667228.95
2018-02-12,320.6847,338.1435,311.6075,315.351,815518.0,267646557.55
2018-02-14,316.6762,325.3227,316.643,321.7117,161768.0,51926290.55
2018-02-15,323.335,333.2073,319.724,324.8921,267749.0,87656775.25
2018-02-16,324.6602,327.6749,304.8493,308.4934,155657.0,49176245.7
2018-02-19,310.3155,320.6847,310.2824,318.2332,188197.0,59006880.55
2018-02-20,312.2038,325.3227,312.2038,315.6492,444042.0,141687642.8
2018-02-21,318.0676,318.4982,295.5733,298.2236,252860.0,77443177.55
2018-02-22,298.8199,306.4394,298.2898,302.2321,208246.0,62892540.95
2018-02-23,304.0542,308.6591,299.1512,301.5695,78951.0,23944207.4
2018-02-26,305.3131,306.4063,299.5156,302.4309,56989.0,17267939.3
2018-02-27,301.2051,305.6444,293.0224,298.2236,159764.0,47709710.15
2018-02-28,296.8653,310.7462,295.4739,308.4272,344981.0,105873943.45
2018-03-01,310.0505,311.3756,298.8199,303.8223,87959.0,26835765.15
2018-03-05,303.8223,306.7045,297.9917,302.5634,69150.0,20825314.65
2018-03-06,304.6836,306.7707,298.1573,298.4886,79462.0,23883106.35
2018-03-07,301.2383,301.2383,294.8444,296.8322,65262.0,19429388.8
2018-03-08,298.1573,301.5695,293.5524,298.0248,147160.0,43568871.7
2018-03-09,296.9647,304.783,296.9315,298.5217,51051.0,15345699.9
2018-03-12,299.1512,304.7168,298.1573,299.3499,36013.0,10801921.3
2018-03-13,301.1389,304.6505,298.3561,301.9008,55707.0,16797645.9
2018-03-14,302.1327,362.2611,298.5217,354.4428,1572532.0,535916594.6
2018-03-15,355.6685,357.7888,333.5055,339.2367,966937.0,330864173.0
2018-03-16,338.5742,369.6819,335.6257,345.2661,2363874.0,848177235.0
2018-03-19,348.3802,348.4134,300.3438,307.6321,1060023.0,336724745.15
2018-03-20,307.4333,321.778,303.491,310.9118,755043.0,236505409.0
2018-03-21,317.3719,367.0316,314.0921,359.3458,4779493.0,1675253481.45
2018-03-22,350.5667,354.3434,339.3693,347.3201,1852399.0,642179869.2
2018-03-23,328.7681,341.7214,324.7264,330.0933,976133.0,324652862.5
2018-03-26,329.0,343.2122,329.0,337.6797,815350.0,275540169.55
2018-03-27,336.5865,353.8133,328.6356,332.9423,854902.0,293611067.25
2018-03-28,331.2528,339.2367,318.0344,323.7326,459906.0,152435108.15
2018-04-02,323.8651,335.9239,318.0344,323.6332,484803.0,158762456.95
2018-04-03,325.9191,337.8453,322.1755,329.1657,664038.0,220233492.8
2018-04-04,332.2135,337.7791,321.7448,324.9252,406463.0,134760770.75
2018-04-05,336.1889,336.5865,329.2982,333.3067,256902.0,85408966.6
2018-04-06,334.1018,336.1558,328.6356,330.3583,180811.0,59922636.45
2018-04-09,331.2859,335.5926,324.6602,327.5755,179144.0,59213326.15
2018-04-10,328.3706,332.1472,319.0614,322.5068,137715.0,44831312.6
2018-04-11,323.9976,325.3227,316.2124,317.9682,136243.0,43568641.45
2018-04-12,321.3142,325.9853,315.4835,316.5437,194667.0,62436843.15
2018-04-13,319.9559,321.2148,311.475,313.2639,132448.0,41851357.95
2018-04-16,311.3425,311.3425,301.4702,302.8616,285540.0,87123148.75
2018-04-17,306.0088,307.102,300.8076,302.0002,172137.0,52329213.65
2018-04-18,303.9879,318.4982,301.5364,312.0713,911083.0,285182738.4
2018-04-19,312.2038,319.3596,308.7253,311.7731,286541.0,89975717.15
2018-04-20,318.6308,319.2933,310.448,312.0382,394046.0,123811517.15
2018-04-23,312.8333,316.0467,306.3732,311.3756,269100.0,83800890.25
2018-04-24,313.2308,316.7093,311.0774,311.74,169084.0,52916027.0
2018-04-25,311.8063,313.8602,310.7462,311.4419,149842.0,46687461.6
2018-04-26,311.4419,322.5399,310.4149,315.5498,310526.0,98213929.35
2018-04-27,317.4381,318.0344,312.1376,315.0529,164503.0,51928967.2
2018-04-30,316.7093,319.8234,312.8333,316.8418,128154.0,40496034.85
2018-05-02,299.0186,314.4897,299.0186,304.6174,99487.0,30468036.1
2018-05-03,304.6174,309.421,296.534,298.1573,400076.0,120036419.5
2018-05-04,302.7953,307.7646,294.9107,295.8383,307325.0,91660840.05
2018-05-07,297.6272,307.3008,292.0948,299.1512,312060.0,92520483.1
2018-05-08,298.3229,306.1082,296.8984,302.5303,111807.0,33715034.2
2018-05-09,302.0002,303.4579,294.8444,298.5548,73527.0,22012929.9
2018-05-10,298.8861,303.7892,286.231,288.4837,112847.0,33261156.85
2018-05-11,289.577,294.8444,283.8457,285.1378,78238.0,22561302.15
2018-05-14,285.8997,297.7929,285.8997,293.5524,521839.0,151723477.7
2018-05-15,294.8444,299.4162,291.896,296.799,83446.0,24650527.7
2018-05-16,294.8444,298.0248,291.631,295.4739,57591.0,16991868.45
2018-05-17,296.1696,306.075,296.1696,299.3499,400749.0,120244670.6
2018-05-18,300.145,301.6027,296.8653,300.0788,48997.0,14662071.3
2018-05-21,296.1696,302.6959,292.5254,297.826,71144.0,21205194.05
2018-05-22,294.8444,302.0333,293.2543,296.4015,153411.0,45768972.75
2018-05-23,290.2064,291.5316,282.2556,289.2457,98492.0,28224791.35
2018-05-24,288.9807,291.5316,285.6016,288.2187,73584.0,21223720.25
2018-05-25,286.6285,295.507,286.6285,294.5131,57775.0,16857208.95
2018-05-28,293.5193,299.8137,292.9561,297.5941,45361.0,13468175.7
2018-05-29,299.0518,300.907,294.6788,297.0641,48831.0,14489202.95
2018-05-30,293.2543,298.1242,291.5316,293.3205,34407.0,10134050.25
2018-05-31,293.1549,310.0836,289.312,300.145,250661.0,76063052.6
2018-06-01,301.4702,304.3523,298.1573,300.3438,37693.0,11327053.85
2018-06-04,298.4886,301.4702,289.0138,295.242,42984.0,12732467.45
2018-06-05,297.0309,301.4702,288.9807,294.9769,62168.0,18278059.5
2018-06-06,291.631,303.4579,291.2003,301.2051,221199.0,65551597.7
2018-06-07,303.4247,308.0627,297.7598,302.6297,56625.0,17169057.4
2018-06-08,304.3855,316.7093,300.5094,312.9989,439095.0,135560428.8
2018-06-11,315.3179,324.362,314.7216,317.5375,247825.0,79323179.55
2018-06-12,316.0467,319.724,311.5081,312.8664,42712.0,13433389.35
2018-06-13,312.6014,312.7339,304.9487,305.6444,39615.0,12191347.75
2018-06-14,307.4002,311.4087,302.8616,304.2861,60576.0,18567261.8
2018-06-15,305.7769,307.8971,301.8677,303.6235,26147.0,7972080.55
2018-06-18,304.1204,322.6724,298.3561,314.1253,435865.0,133955395.25
2018-06-19,314.1253,321.0491,306.572,312.0713,261333.0,82368344.8
2018-06-20,310.0836,314.9204,305.4456,306.7045,36452.0,11246523.2
2018-06-21,307.1683,307.4996,297.7598,300.0456,26480.0,7981562.9
2018-06-22,299.9794,302.4309,296.2027,297.2628,27488.0,8195775.85
2018-06-25,296.8322,300.2775,292.2273,293.8174,31494.0,9294955.85
2018-06-26,293.3868,293.5193,282.9181,284.2433,119566.0,34307370.55
2018-06-27,286.1316,287.9868,272.4495,277.3194,68542.0,19240560.8
2018-06-28,277.3194,280.5329,268.2422,271.0912,29538.0,8096367.75
2018-06-29,272.7808,281.593,272.7808,279.1746,49024.0,13618320.4
2018-07-02,279.1746,281.858,273.0127,274.4041,19978.0,5521404.65
2018-07-03,275.7624,277.2532,268.1428,269.4017,34087.0,9229080.9
2018-07-04,269.9649,312.502,267.8446,304.2198,489724.0,146592135.4
2018-07-05,299.5156,301.2714,281.6593,283.3157,166285.0,48067931.75
2018-07-06,283.2494,285.5684,275.6299,278.6777,78428.0,21973191.65
2018-07-09,279.2077,293.5193,278.2801,281.0629,95255.0,27124913.0
2018-07-10,284.5083,298.2567,279.7378,288.6163,278386.0,79851670.5
2018-07-11,290.1402,296.1696,285.0715,292.1279,101249.0,29527484.5
2018-07-12,293.5855,300.145,289.4113,291.2665,205424.0,60680261.25
2018-07-13,297.4947,297.4947,274.2716,280.2347,312514.0,90920378.2
2018-07-16,277.6176,284.1108,273.4102,280.9967,87165.0,24358709.85
2018-07-17,280.9304,287.7549,279.8372,282.9844,46051.0,13053773.5
2018-07-18,285.4359,292.8567,278.9758,280.2347,75165.0,21544400.05
2018-07-19,282.885,283.6138,272.1845,274.7023,49931.0,13829101.85
2018-07-20,273.0458,278.2801,270.8925,272.6483,87340.0,24018017.75
2018-07-23,272.317,278.5452,271.6544,272.8471,51542.0,14091027.4
2018-07-24,272.3501,278.2801,271.6876,273.3109,56963.0,15611629.1
2018-07-25,274.9673,279.5059,272.317,273.1783,53621.0,14722015.9
2018-07-26,274.3047,277.6176,273.344,274.0728,27606.0,7595517.45
2018-07-27,275.4311,281.593,272.9796,278.8765,77495.0,21602006.85
2018-07-30,278.8765,283.8789,277.5182,279.3071,27256.0,7633568.9
2018-07-31,278.7439,286.0322,276.2593,281.328,207206.0,58314386.55
2018-08-01,281.5599,292.1941,278.6446,281.593,528110.0,147954849.95
2018-08-02,283.8457,286.231,278.5452,280.7317,192320.0,54184268.3
2018-08-03,282.4212,284.8065,279.009,280.5329,46834.0,13161387.6
2018-08-06,282.6531,283.1832,273.0127,276.8225,65646.0,18221067.3
2018-08-07,280.9304,288.7488,278.2801,284.0445,189106.0,53700958.1
2018-08-08,284.0445,299.4824,284.0445,288.3844,242875.0,71317463.35
2018-08-09,291.134,298.8199,288.3512,291.896,585813.0,171941781.35
2018-08-10,293.188,299.3499,291.6972,296.8322,122272.0,36119880.45
2018-08-13,294.8776,296.3021,282.4543,286.4629,106363.0,30762180.6
2018-08-14,288.2187,294.1819,285.0052,287.788,117427.0,33991766.35
2018-08-16,288.0531,290.7696,286.231,288.2518,75222.0,21673854.3
2018-08-17,289.8089,290.5708,286.496,289.4113,53952.0,15614675.2
2018-08-20,289.4113,289.4113,282.9844,285.469,69583.0,19936141.3
2018-08-21,283.7132,289.2126,281.1623,283.1169,61568.0,17560185.3
2018-08-23,285.1046,290.2064,284.8065,288.1856,88132.0,25328181.65
2018-08-24,286.4629,298.1573,285.3697,295.6727,78678.0,22978045.85
2018-08-27,297.4616,305.1143,294.215,299.2505,109138.0,32640459.1
2018-08-28,301.0726,304.783,298.3229,301.6027,153518.0,46289328.0
2018-08-29,303.4579,303.8885,295.507,296.9647,29648.0,8859602.5
2018-08-30,299.7475,303.4247,297.9585,300.8738,29438.0,8846338.6
2018-08-31,302.9713,303.6039,296.3792,301.2401,22647.0,6815827.1
2018-09-03,301.6396,307.0664,298.0439,300.6075,293934.0,88937118.9
2018-09-04,299.875,302.4386,292.9833,295.5136,179822.0,54170884.35
2018-09-05,294.315,296.0463,284.7931,291.8513,133512.0,38881493.65
2018-09-06,293.6491,306.1675,287.6563,302.4053,88275.0,26173686.7
2018-09-07,302.938,304.3031,296.3459,300.6408,55901.0,16752999.7
2018-09-10,300.5742,300.6075,289.6872,291.9179,36037.0,10615304.6
2018-09-11,291.9179,292.9833,284.3602,287.1902,56983.0,16400307.0
2018-09-12,285.4589,286.6242,276.3698,281.7966,124252.0,34860395.0
2018-09-14,282.3626,284.9928,277.2687,279.3662,51486.0,14401850.55
2018-09-17,281.2639,283.9274,276.4364,281.6968,40156.0,11223322.65
2018-09-18,284.2936,290.9857,280.6979,286.5909,64941.0,18622883.65
2018-09-19,286.3246,292.9167,284.2936,288.7883,60024.0,17257329.25
2018-09-21,286.8573,288.3222,261.8538,265.1831,101548.0,27420806.95
2018-09-24,270.4435,272.308,266.3484,268.7123,45958.0,12372765.1
2018-09-25,268.346,284.5933,261.5209,278.3341,116757.0,31304665.45
2018-09-26,276.8026,279.3662,267.0476,273.5065,32903.0,8937024.0
2018-09-27,273.5065,273.5065,266.3484,270.4768,57275.0,15466219.65
2018-09-28,268.8121,274.239,265.0167,271.4423,55738.0,14992729.85
2018-10-01,269.811,271.0095,262.9525,267.3139,88517.0,23612265.9
2018-10-03,267.0143,273.0071,266.3817,271.5422,34197.0,9226128.95
2018-10-04,263.0524,273.0071,263.0524,269.3116,55979.0,15096040.95
2018-10-05,270.0107,270.0107,265.6826,266.8478,35633.0,9503643.85
2018-10-08,265.2164,267.6802,254.4959,261.421,208449.0,53799722.0
2018-10-09,264.3175,264.5506,251.7326,255.1285,30360.0,7749099.5
2018-10-10,256.3604,262.6195,254.1963,260.5221,19774.0,5132850.7
2018-10-11,250.3675,262.3532,249.6351,261.5209,15758.0,4045448.8
2018-10-12,261.0547,282.5957,261.0547,272.4411,105011.0,28954892.9
2018-10-15,267.7135,277.2021,266.3484,271.5422,259378.0,69546943.45
2018-10-16,269.6778,274.3056,267.7135,270.2771,36339.0,9844035.35
2018-10-17,274.6052,274.6052,261.088,265.0833,33391.0,8892346.9
2018-10-19,263.4852,264.3175,251.7991,256.7266,17149.0,4423928.8
2018-10-22,262.6861,263.0191,252.3984,253.83,16239.0,4146615.1
2018-10-23,253.031,258.8241,247.1048,257.2926,26959.0,6818369.45
2018-10-24,254.396,259.6564,252.7314,255.7278,14375.0,3679282.0
2018-10-25,255.7278,259.2902,251.0334,253.1642,14724.0,3733391.75
2018-10-26,254.3627,254.8289,246.3723,247.4377,16339.0,4072411.65
2018-10-29,248.5031,258.2581,246.3723,254.3295,41514.0,10418312.35
2018-10-30,255.2284,263.0191,251.333,259.2569,26251.0,6732299.8
2018-10-31,262.553,276.4031,255.0952,272.1748,57013.0,15208130.85
2018-11-01,273.673,274.3389,264.717,267.1142,23414.0,6312719.95
2018-11-02,270.4768,277.0024,260.6552,264.2842,169752.0,45366037.1
2018-11-05,258.0583,258.0583,245.7064,251.1,83043.0,20801162.75
2018-11-06,251.1,255.9608,248.5031,250.0679,17876.0,4485420.5
2018-11-07,251.0334,253.2974,251.0334,252.4983,5657.0,1428146.9
2018-11-09,249.8348,255.7278,246.6386,249.9347,28002.0,7035722.6
2018-11-12,251.4995,255.1951,246.2391,247.8372,430983.0,108801834.4
2018-11-13,249.8348,249.8348,245.7064,248.0037,16373.0,4052768.25
2018-11-14,249.4686,250.7337,246.3723,249.1357,14575.0,3623475.65
2018-11-15,248.4365,255.3616,246.4389,253.4638,237863.0,59147001.75
2018-11-16,252.9977,257.0262,252.3651,254.8621,22291.0,5670472.9
2018-11-19,255.6945,256.1606,251.3996,253.6636,9401.0,2382771.55
2018-11-20,254.5958,254.5958,250.6006,253.5637,7380.0,1867066.15
2018-11-21,252.232,255.0952,250.4008,253.2308,26453.0,6696510.9
2018-11-22,254.3627,255.4281,251.899,254.2629,10682.0,2706358.35
2018-11-26,253.031,253.031,244.3747,245.6398,20454.0,5068652.95
2018-11-27,245.0406,247.1048,243.842,245.7397,10295.0,2525554.25
2018-11-28,246.3723,246.4056,238.515,243.3093,31782.0,7666724.85
2018-11-29,242.3105,261.6873,241.4448,254.7956,137743.0,35302680.95
2018-11-30,252.4983,254.3627,248.2367,252.0655,13500.0,3390545.7
2018-12-03,254.962,254.962,247.7706,250.2011,33538.0,8400542.45
2018-12-04,248.6363,250.4674,244.3747,246.0061,17472.0,4320649.65
2018-12-05,244.5079,249.3687,244.5079,248.0037,18777.0,4630163.95
2018-12-06,247.704,252.7647,237.949,250.9335,38492.0,9492117.5
2018-12-07,250.2676,253.4971,247.8372,251.7658,16467.0,4132560.95
2018-12-10,249.7016,249.7016,244.3747,245.9062,11606.0,2862756.3
2018-12-11,245.0406,250.3675,243.7088,249.6018,11558.0,2860579.15
2018-12-12,248.1369,255.6945,246.5388,252.1321,21274.0,5346101.55
2018-12-13,251.6993,264.6837,250.0679,257.5922,51017.0,13101562.75
2018-12-14,255.6945,259.0238,250.4674,253.7968,21896.0,5546608.05
2018-12-17,253.6969,255.3283,248.1036,249.8681,11679.0,2942158.1
2018-12-18,248.3033,249.8681,245.9062,247.5709,15937.0,3945087.3
2018-12-19,247.2046,253.031,246.0394,248.2034,21102.0,5269014.6
2018-12-20,248.2034,251.6327,244.5079,248.5031,21856.0,5419312.35
2018-12-21,247.2712,249.3021,242.5102,247.2712,24721.0,6071326.35
2018-12-24,248.0037,250.3009,243.6089,248.836,19474.0,4815184.3
2018-12-26,249.0358,249.9014,245.773,248.1036,15742.0,3909312.4
2018-12-27,247.1048,249.968,245.2736,246.3057,7049.0,1742269.2
2018-12-28,247.2379,247.704,246.1059,246.5055,15740.0,3880362.45
2018-12-31,246.3723,248.9026,246.0727,248.3366,15384.0,3810059.55
2019-01-01,248.037,250.9002,246.4056,248.7361,9643.0,2398196.9
2019-01-02,248.27,248.3699,245.0406,245.773,9329.0,2298965.2
2019-01-03,247.704,247.704,241.3783,242.3438,18073.0,4401204.7
2019-01-04,240.3795,244.2415,240.3795,242.3771,18912.0,4574243.3
2019-01-07,242.3771,249.5685,241.8777,247.471,22438.0,5511058.15
2019-01-08,246.7385,246.7718,242.3771,243.1761,39018.0,9503335.4
2019-01-09,245.3402,250.3342,244.3747,247.3045,21351.0,5285499.9
2019-01-10,248.2034,248.2034,244.3747,245.54,5881.0,1444663.8
2019-01-11,246.6386,248.3699,243.0096,246.8717,21937.0,5360524.05
2019-01-14,245.0406,247.704,243.6089,246.339,11041.0,2707878.55
2019-01-15,247.704,249.0358,243.8753,247.6707,8754.0,2158591.55
2019-01-16,249.169,252.2985,246.3723,250.8003,37426.0,9367625.1
2019-01-17,249.2355,249.7016,246.3723,248.2367,11577.0,2870948.5
2019-01-18,248.9692,248.9692,244.5744,247.5043,8472.0,2097411.45
2019-01-21,247.704,247.704,241.2451,243.842,14278.0,3477533.5
2019-01-22,243.8087,248.3366,241.8111,242.8432,41520.0,10156850.25
2019-01-23,243.7088,245.5732,239.7802,241.4116,11679.0,2828857.55
2019-01-24,241.0453,243.0096,238.4151,240.7457,39104.0,9385563.15
2019-01-25,239.9466,241.0453,225.0977,230.0252,37156.0,8650011.65
2019-01-28,233.0549,236.3842,229.7588,233.8872,32155.0,7484906.6
2019-01-29,232.4889,235.6851,229.8254,234.6863,319185.0,74229690.45
2019-01-30,233.754,235.6185,231.7564,233.8872,11676.0,2722249.35
2019-01-31,233.9205,235.0192,233.0549,234.2534,10558.0,2472967.2
2019-02-01,234.8527,236.5507,232.389,235.0192,21109.0,4956100.2
2019-02-04,235.8182,239.3141,232.4556,233.7873,12752.0,2981556.25
2019-02-05,233.3212,235.0192,231.0906,232.7552,178395.0,41568374.6
2019-02-06,234.7195,234.7195,217.2737,223.4663,72085.0,16020883.6
2019-02-07,225.5305,225.5305,221.1025,223.0668,26833.0,5984908.2
2019-02-08,223.7327,226.3296,219.6709,221.9015,60356.0,13480524.05
2019-02-11,222.0014,222.1346,207.8184,210.8814,251418.0,53233114.6
2019-02-12,214.0443,214.0443,206.42,209.1168,21720.0,4535766.7
2019-02-13,209.7827,219.7374,201.8588,216.7077,58104.0,12398210.0
2019-02-14,217.2737,217.2737,210.1822,213.6447,23028.0,4915998.65
2019-02-15,214.9432,218.0728,211.7803,216.4081,16192.0,3475664.2
2019-02-18,216.4081,216.4081,211.747,213.4783,19008.0,4050433.75
2019-02-19,213.4783,216.4081,211.0811,215.6423,158815.0,33825536.5
2019-02-20,215.2095,215.2095,212.7458,212.9789,24527.0,5227875.15
2019-02-21,213.0787,213.0787,209.8493,211.6138,19116.0,4034831.85
2019-02-22,213.7113,213.7113,208.118,209.1168,29603.0,6226210.9
2019-02-25,209.7494,213.6447,205.1549,213.0454,24418.0,5140584.05
2019-02-26,211.6138,214.0775,205.8873,213.112,62098.0,13197670.6
2019-02-27,213.3784,215.4093,211.9135,214.9099,45944.0,9834355.4
2019-02-28,215.0764,215.0764,208.7506,209.3499,23529.0,4949636.5
2019-03-01,212.546,221.9348,209.6495,217.7398,190911.0,40764418.05
2019-03-05,218.4057,226.1964,217.5068,224.0656,33798.0,7515082.6
2019-03-06,224.6982,235.7184,224.6982,232.3557,178131.0,40842353.65
2019-03-07,234.1203,234.1203,221.7351,223.766,46806.0,10571284.95
2019-03-08,225.0311,225.7303,217.074,218.0395,94841.0,20913923.2
2019-03-11,219.6376,226.3962,217.7398,224.1655,104091.0,22991762.4
2019-03-12,226.3629,230.4247,222.8005,227.5947,56499.0,12836030.8
2019-03-13,228.1607,228.1607,220.1037,224.2654,33628.0,7536433.45
2019-03-14,226.1964,226.1964,219.7374,222.867,32536.0,7231116.35
2019-03-15,224.8647,227.1952,219.0716,222.2678,71535.0,15920974.45
2019-03-18,222.4675,224.3985,217.7398,219.3379,59415.0,13086434.4
2019-03-19,221.1358,221.1358,217.1406,219.6043,46039.0,10080882.15
2019-03-20,218.4057,219.6709,216.5413,218.3391,26388.0,5749079.5
2019-03-22,221.4021,221.4021,214.4105,215.7089,49335.0,10664980.6
2019-03-25,214.4105,216.4081,211.4141,212.7791,48784.0,10383354.95
2019-03-26,212.8457,213.0454,210.2488,211.0478,31505.0,6665020.7
2019-03-27,211.6804,213.9777,208.5175,209.4164,39464.0,8317129.9
2019-03-28,210.4153,213.1453,210.4153,211.5472,36033.0,7642536.9
2019-03-29,214.7101,214.7101,209.7494,211.5805,34975.0,7397824.75
2019-04-01,213.112,216.0086,208.6507,210.2488,40649.0,8623636.4
2019-04-02,211.9468,211.9468,209.9159,210.7149,25900.0,5467463.75
2019-04-03,211.2809,211.6804,207.0859,208.3843,33823.0,7082874.45
2019-04-04,210.049,211.4141,202.5913,210.049,55712.0,11487465.5
2019-04-05,211.0145,211.0145,206.753,209.3499,25059.0,5232697.55
2019-04-08,210.4153,211.0811,206.42,207.7851,14826.0,3085119.05
2019-04-09,206.4866,209.7494,205.0883,209.1168,17391.0,3609598.65
2019-04-10,209.1168,209.1168,204.8219,205.4212,38670.0,7977003.75
2019-04-11,206.0871,207.0859,201.5259,202.9242,39785.0,8081530.1
2019-04-12,203.0907,214.4105,201.7589,210.382,128954.0,26968197.8
2019-04-15,210.4153,216.9408,208.118,211.747,238746.0,50746577.15
2019-04-16,212.1132,213.6114,209.6495,211.3808,32322.0,6832947.3
2019-04-18,213.0787,213.0787,203.8564,210.9812,391740.0,80363983.85
2019-04-22,211.6138,211.747,205.621,206.9194,24650.0,5131499.4
2019-04-23,208.2179,209.0835,205.2215,207.9848,18088.0,3744489.25
2019-04-24,209.6828,209.6828,206.4533,207.7851,17424.0,3617453.7
2019-04-25,206.4533,212.879,206.42,211.5139,46794.0,9823752.0
2019-04-26,211.5139,211.747,207.8517,209.2167,9562.0,2005371.1
2019-04-30,210.4153,210.4153,203.1573,204.7886,25272.0,5169601.45
2019-05-02,204.7886,204.8219,199.7613,200.4938,40530.0,8152527.0
2019-05-03,199.1287,202.1585,196.5318,198.929,19851.0,3968047.7
2019-05-06,199.7613,201.5259,196.4653,197.7637,20519.0,4067613.75
2019-05-07,199.3618,199.3618,193.1026,193.4688,24437.0,4750660.95
2019-05-08,192.3036,196.432,183.4808,191.0051,80902.0,15196741.55
2019-05-09,192.5699,199.7613,191.2382,196.8981,28330.0,5545011.15
2019-05-10,198.4962,200.3939,195.0003,198.9623,18972.0,3750595.75
2019-05-13,197.0978,197.0978,190.1062,191.1716,17864.0,3427456.75
2019-05-14,187.8089,193.036,185.1787,191.2049,16330.0,3082951.1
2019-05-15,191.4379,193.0693,186.5771,188.042,32861.0,6230906.7
2019-05-16,188.042,190.4391,186.4439,188.9076,20539.0,3854781.6
2019-05-17,190.4058,190.6722,186.4439,188.5747,34783.0,6554583.35
2019-05-20,193.1026,195.1002,181.1169,185.1787,203853.0,38248273.6
2019-05-21,180.1181,185.8779,178.5866,181.8161,64790.0,11740527.6
2019-05-22,179.3857,180.4511,174.9909,176.2228,53934.0,9540170.75
2019-05-23,176.2228,178.0872,170.463,172.7935,79308.0,13848666.9
2019-05-24,176.0896,179.1193,173.526,176.1562,67160.0,11845731.9
2019-05-27,176.4558,186.3773,173.9921,183.0147,477959.0,84366213.35
2019-05-28,183.5141,199.0954,173.1931,177.0884,202832.0,37330249.1
2019-05-29,177.5878,183.3809,174.5581,180.3179,121126.0,21688869.15
2019-05-30,183.1145,191.904,179.7852,186.0777,187677.0,35104479.85
2019-05-31,186.3773,196.2655,186.344,193.036,77951.0,14888671.8
2019-06-03,194.6341,195.4332,189.6734,192.4034,67124.0,12882228.45
2019-06-04,193.7685,193.7685,185.1454,188.3083,31327.0,5912690.45
2019-06-06,185.6449,186.9766,181.916,182.5153,71649.0,13219544.1
2019-06-07,182.5153,183.1145,181.1169,181.583,15853.0,2880253.45
2019-06-10,181.583,186.3773,179.2525,183.048,35577.0,6463517.8
2019-06-11,183.9469,183.9469,177.954,179.6187,20372.0,3675671.15
2019-06-12,181.0503,181.2834,175.79,177.1217,26625.0,4733245.5
2019-06-13,178.3869,181.0836,175.1907,179.5188,26777.0,4791188.1
2019-06-14,179.5188,179.5188,173.1931,175.457,26501.0,4666495.65
2019-06-17,175.457,175.457,170.463,171.8613,30976.0,5329167.65
2019-06-18,173.2596,174.3583,169.9969,172.8601,19288.0,3337859.35
2019-06-19,174.2585,174.2585,165.1693,165.5688,25763.0,4321511.8
2019-06-20,166.4678,166.5344,158.6105,160.2086,65379.0,10632382.5
2019-06-21,159.0766,167.4333,158.5772,165.8352,41832.0,6837838.25
2019-06-24,164.6699,172.5272,163.3382,171.9279,324036.0,55020798.75
2019-06-25,173.1265,174.7246,167.9327,172.0278,32439.0,5589161.4
2019-06-26,173.3595,190.3725,170.8958,174.0587,372664.0,67492178.25
2019-06-27,175.3904,181.7162,174.4915,178.5866,70369.0,12565098.8
2019-06-28,181.0503,190.9385,180.3179,187.4427,202677.0,37895838.6
2019-07-01,188.5414,189.8065,184.4463,186.8767,43451.0,8115940.9
2019-07-02,187.1098,193.036,182.5153,189.1074,75274.0,14227219.3
2019-07-03,189.1074,195.9326,189.1074,189.9064,45033.0,8657634.8
2019-07-04,191.0384,193.4022,185.545,186.9766,44166.0,8340039.15
2019-07-05,185.7114,191.0717,181.2834,183.2144,48134.0,8972648.25
2019-07-08,181.916,188.4415,177.8209,183.847,31140.0,5662462.7
2019-07-09,182.715,185.0789,180.4511,182.149,60603.0,11005931.05
2019-07-10,180.8506,186.4439,180.8506,185.6781,33142.0,6123848.6
2019-07-11,187.1764,189.9397,183.4475,184.8791,9589.0,1774860.65
2019-07-12,184.1133,184.1133,180.784,183.2144,40900.0,7475192.4
2019-07-15,184.7126,186.4439,183.048,185.5117,18386.0,3384542.7
2019-07-16,185.5117,191.1383,182.4487,189.8065,30772.0,5809989.3
2019-07-17,189.8065,190.0396,186.4439,188.9742,16415.0,3088594.05
2019-07-18,188.2085,189.6734,185.778,187.2762,20217.0,3775463.05
2019-07-19,185.9112,189.1074,185.0456,188.608,31324.0,5879205.55
2019-07-22,187.6758,189.6401,181.8494,184.7459,17667.0,3268056.85
2019-07-23,181.6496,182.8815,176.4558,178.6865,78248.0,14118746.15
2019-07-24,177.5878,187.1098,174.6247,185.1122,53593.0,9779790.6
2019-07-25,185.1122,188.4415,182.5153,188.0753,84213.0,15814545.35
2019-07-26,188.0753,193.1026,185.3119,188.4748,47737.0,9048688.05
2019-07-29,187.1098,190.0396,183.2144,187.3428,19388.0,3604470.1
2019-07-30,186.4439,190.1395,183.0812,184.413,15554.0,2901658.9
2019-07-31,183.1145,184.646,177.2882,179.652,318682.0,57900591.2
2019-08-01,179.652,186.3107,177.6211,184.8458,208339.0,38127525.2
2019-08-02,186.4439,189.6734,178.3203,187.2429,40117.0,7425360.25
2019-08-05,186.4439,186.4439,177.8209,179.1526,19342.0,3491551.8
2019-08-06,180.5176,188.9076,180.0848,187.4094,52369.0,9609457.05
2019-08-07,183.1145,204.9218,183.1145,198.0966,274278.0,52922751.75
2019-08-08,196.432,203.7233,193.7019,202.7577,49239.0,9886242.4
2019-08-09,203.7565,211.5805,202.4248,204.8885,331809.0,68473579.95
2019-08-13,209.7494,209.7494,202.1917,207.8849,115916.0,24073015.2
2019-08-14,209.7494,209.7494,193.2691,199.1287,151809.0,30007851.45
2019-08-16,193.8351,204.8885,193.8351,198.6293,31204.0,6251521.0
2019-08-19,196.9647,201.1929,195.2667,199.6947,63126.0,12569204.7
2019-08-20,200.4272,203.1906,199.5283,201.3261,21588.0,4343065.9
2019-08-21,199.7613,203.7565,196.1989,202.225,107863.0,21797031.35
2019-08-22,196.665,201.0265,196.665,199.1287,58989.0,11750546.4
2019-08-23,197.9968,203.0907,196.4985,200.7934,77216.0,15421886.05
2019-08-26,201.7256,205.0883,201.0598,202.4248,37597.0,7609331.75
2019-08-27,200.4272,208.4176,200.4272,206.3867,48147.0,9894926.9
2019-08-28,204.0895,212.4129,204.0895,209.816,88397.0,18576038.4
2019-08-29,211.5472,218.2392,199.4284,202.0919,30353.0,6302452.6
2019-08-30,202.0919,206.1204,200.4272,202.1585,26505.0,5386269.65
2019-09-03,200.7601,202.5913,196.4985,198.0633,13998.0,2793168.95
2019-09-04,197.5266,201.2168,196.017,197.7279,9823.0,1950931.85
2019-09-05,194.608,200.6129,194.608,199.2375,9837.0,1959582.75
2019-09-06,197.9963,200.6129,194.4738,198.6001,35343.0,6982051.95
2019-09-09,197.9292,203.1625,194.9434,199.3381,36621.0,7286007.5
2019-09-11,197.9292,207.9934,197.9292,206.0476,63992.0,12985185.05
2019-09-12,203.9677,211.3481,199.3717,201.0155,23446.0,4788884.7
2019-09-13,202.76,202.76,197.5601,199.1369,24682.0,4923903.6
2019-09-16,200.6129,205.3096,199.204,200.3781,52490.0,10631835.5
2019-09-17,207.9934,210.9455,199.2711,199.6401,175129.0,36076901.1
2019-09-18,201.1497,201.9213,195.4131,196.1176,18493.0,3651818.0
2019-09-19,195.346,199.6065,195.0105,196.6544,20003.0,3936605.8
2019-09-20,195.8492,202.7935,190.5487,200.9149,183128.0,36450248.25
2019-09-23,203.5651,213.7635,201.2839,211.9184,302209.0,63122928.25
2019-09-24,213.2938,213.3609,206.9534,208.7649,71961.0,15190998.75
2019-09-25,208.7649,210.0062,202.2903,204.0683,27211.0,5620011.7
2019-09-26,206.7186,207.9934,199.942,204.0683,54530.0,11038181.1
2019-09-27,205.7121,206.6179,201.351,204.5715,28604.0,5840574.4
2019-09-30,204.5715,210.0062,200.3446,208.5972,46779.0,9662604.0
2019-10-01,209.503,213.2938,203.5651,205.7457,527430.0,109680243.55
2019-10-03,202.4245,213.7635,200.6129,208.3288,287220.0,59890562.4
2019-10-04,208.6643,211.3481,201.6194,202.4916,7847.0,1602911.55
2019-10-07,207.3224,210.6771,198.6001,202.8942,24682.0,5072611.05
2019-10-09,204.169,210.0062,198.9356,209.4023,28397.0,5831163.1
2019-10-10,209.4023,209.4023,202.6593,206.1482,10384.0,2130413.95
2019-10-11,207.0876,211.1803,205.3431,208.3624,17450.0,3637614.45
2019-10-14,210.0062,210.912,202.9277,204.5044,11467.0,2363871.7
2019-10-15,203.9677,204.3031,198.0969,199.3717,25388.0,5109463.75
2019-10-16,201.1497,203.498,199.2711,199.9084,23509.0,4720859.95
2019-10-17,202.6258,207.9598,199.2711,205.4438,23041.0,4698147.5
2019-10-18,207.6243,210.5765,205.4438,207.3224,25148.0,5222968.85
2019-10-22,206.7186,215.3738,203.4645,207.8592,717269.0,148430652.1
2019-10-23,207.9934,218.0911,207.9934,211.8848,315022.0,67493073.65
2019-10-24,214.7028,217.2524,210.6771,215.206,266225.0,56740796.2
2019-10-25,217.8563,219.3323,214.7028,215.2396,77066.0,16657134.8
2019-10-27,219.6678,219.6678,216.1118,218.8962,29920.0,6541510.45
2019-10-29,223.4251,227.1153,220.1039,225.1025,139758.0,31321908.7
2019-10-30,228.1217,231.4765,223.4251,230.1346,142973.0,32650470.05
2019-10-31,237.972,237.972,224.5772,227.7834,115427.0,26549872.1
2019-11-01,227.7834,228.0327,221.2284,222.3684,71792.0,16026907.3
2019-11-04,220.9791,222.0122,214.6735,216.526,50006.0,10875544.0
2019-11-05,216.5973,217.7016,208.9023,210.9686,67942.0,14467572.55
2019-11-06,211.9661,213.2129,205.3399,211.5029,51821.0,10836796.35
2019-11-07,207.3349,213.3554,207.3349,212.1086,23752.0,5020681.8
2019-11-08,214.4598,217.3097,211.2892,213.391,28487.0,6127434.2
2019-11-11,209.4723,217.2741,209.4723,215.8135,34705.0,7432239.75
2019-11-13,215.8848,215.8848,210.3986,214.1392,26506.0,5657279.95
2019-11-14,217.3097,217.3454,207.7624,210.3986,22489.0,4781945.8
2019-11-15,212.3223,212.3223,208.1186,209.7573,23432.0,4920622.15
2019-11-18,210.1848,211.7523,208.4036,209.0805,13620.0,2855269.6
2019-11-19,208.6174,210.8973,204.1287,206.0168,41648.0,8598556.15
2019-11-20,205.4468,207.4061,203.3093,206.1593,19693.0,4055896.45
2019-11-21,207.3349,211.9661,207.3349,209.6861,25203.0,5298829.15
2019-11-22,217.5591,217.5947,203.7724,205.0905,135146.0,28410884.15
2019-11-25,205.9099,207.0499,203.0599,206.373,29008.0,5973675.05
2019-11-26,205.1974,207.9049,204.5562,205.233,20804.0,4273014.8
2019-11-27,205.233,206.6936,204.3068,204.5918,17011.0,3490890.1
2019-11-28,204.2355,204.5918,201.6706,202.5968,28201.0,5711741.5
2019-11-29,202.5256,203.9862,199.4975,200.21,24870.0,4993208.45
2019-12-02,199.5331,203.4518,195.935,196.1488,41419.0,8233220.95
2019-12-03,193.1919,200.9225,188.9526,190.9832,55234.0,10743407.55
2019-12-04,192.3726,197.36,190.9476,193.1919,31529.0,6142638.55
2019-12-05,194.2963,196.4694,190.3063,191.5532,38382.0,7391838.75
2019-12-06,191.6601,192.3726,184.072,184.9627,50614.0,9459221.1
2019-12-09,188.8101,188.8101,175.2728,177.0184,71434.0,12887508.15
2019-12-10,177.339,179.3696,171.0335,177.7665,46481.0,8159902.1
2019-12-11,181.5427,181.5427,162.2342,167.9341,169055.0,28521317.95
2019-12-12,166.7229,171.3185,166.7229,169.466,30097.0,5119064.05
2019-12-13,168.2191,176.4128,167.9341,173.6697,64597.0,11259489.55
2019-12-16,176.484,177.2678,174.204,174.9878,11576.0,2030566.55
2019-12-17,177.3746,177.3746,175.0947,176.5553,10953.0,1930146.7
2019-12-18,176.5553,179.049,171.7816,173.1709,20675.0,3644933.3
2019-12-19,174.5603,174.5603,171.3541,172.8859,14877.0,2565774.2
2019-12-20,172.9216,178.4077,170.6416,177.1965,19851.0,3485216.5
2019-12-23,176.6978,181.5071,172.4584,174.7028,31536.0,5612790.85
2019-12-24,174.7028,175.2728,169.5728,170.3566,42055.0,7210284.85
2019-12-26,170.891,174.5603,170.2853,171.5678,21696.0,3742763.7
2019-12-27,172.1022,174.0259,170.8553,171.7103,15331.0,2636594.95
2019-12-30,172.2447,174.0259,170.891,171.3185,25929.0,4453500.6
2019-12-31,172.8147,172.8147,171.0335,172.0309,17933.0,3080077.3
2020-01-01,172.0309,174.0259,172.0309,173.7053,7173.0,1244957.5
2020-01-02,173.7053,184.3214,173.7053,179.3696,85362.0,15303950.75
2020-01-03,182.1839,184.9627,173.634,177.0184,46506.0,8337889.9
2020-01-06,176.6978,177.4102,171.7816,173.8122,61034.0,10694871.0
2020-01-07,172.4228,176.6621,172.4228,174.0615,24431.0,4253941.7
2020-01-08,171.7459,173.1709,169.751,170.4635,28449.0,4863224.45
2020-01-09,174.5247,175.2728,170.2853,170.9266,37135.0,6390512.1
2020-01-10,171.0691,174.489,170.6416,171.5678,51421.0,8861061.45
2020-01-13,171.3541,176.2703,171.3541,174.3465,18906.0,3296646.75
2020-01-14,174.6315,183.7514,174.1328,180.759,71887.0,12920686.4
2020-01-15,183.1102,192.3013,175.4509,182.0058,68808.0,12516924.75
2020-01-16,185.1764,185.8889,181.6852,182.7183,21175.0,3874280.9
2020-01-17,185.1052,185.1052,179.7971,182.8252,11912.0,2164730.05
2020-01-20,185.2476,185.2476,179.619,180.0108,13287.0,2397320.15
2020-01-21,179.5477,180.5808,176.2703,177.1609,16135.0,2874894.95
2020-01-22,178.0515,184.5352,174.5603,177.7309,26166.0,4699281.15
2020-01-23,180.2602,180.2602,177.339,177.8734,9237.0,1645272.55
2020-01-24,178.8352,178.8352,175.2728,175.8428,23052.0,4076331.1
2020-01-27,175.8428,185.1408,174.5959,182.7539,61115.0,11148920.5
2020-01-28,183.8227,184.1789,176.8403,177.3746,23386.0,4192619.9
2020-01-29,178.479,179.5833,176.6621,176.8403,12795.0,2269493.4
2020-01-30,177.7665,177.7665,174.5603,175.344,7938.0,1396704.55
2020-01-31,175.344,178.1227,172.6009,174.1684,13829.0,2424901.55
2020-02-01,173.8478,176.9828,167.4354,169.1454,40319.0,6906398.4
2020-02-03,167.4354,169.5016,163.8729,164.2292,22020.0,3637449.7
2020-02-04,163.9085,169.181,162.2698,164.8348,31000.0,5120720.8
2020-02-05,165.1554,167.756,165.1554,167.0791,12674.0,2109217.75
2020-02-06,169.1454,172.3159,166.3666,168.611,21961.0,3706637.7
2020-02-07,169.6441,176.6978,165.476,171.9241,48781.0,8373973.45
2020-02-10,174.5603,178.1227,167.4354,169.751,27975.0,4831748.75
2020-02-11,173.8478,173.8478,168.8604,171.0691,183577.0,31801444.1
2020-02-12,171.7459,174.3465,167.4354,169.2879,13638.0,2316849.4
2020-02-13,168.8604,177.909,166.1529,173.2778,195859.0,33941362.25
2020-02-14,175.2015,181.6852,172.7791,179.6546,58976.0,10440183.65
2020-02-17,179.6546,184.9983,176.769,179.2627,45772.0,8243008.05
2020-02-18,185.2476,185.2476,172.7791,176.5909,101796.0,18112994.9
2020-02-19,177.5171,184.357,174.7028,182.3977,78251.0,14076408.6
2020-02-20,182.3977,187.7414,176.6265,178.8352,34384.0,6282090.8
2020-02-24,178.1227,178.1227,170.9978,172.2447,16615.0,2897399.95
2020-02-25,176.6978,176.6978,167.5779,168.3616,25624.0,4408564.3
2020-02-26,167.4354,168.7535,162.4479,166.1529,23388.0,3883448.2
2020-02-27,168.8247,168.8604,160.3105,161.7354,160725.0,25970746.2
2020-02-28,156.748,160.3817,151.7606,153.6843,47279.0,7410934.95
2020-03-02,153.1856,159.4199,145.3482,147.735,27904.0,4232417.45
2020-03-03,152.3662,163.8729,147.8062,157.2111,37645.0,5800511.15
2020-03-04,157.4605,160.9161,151.7962,160.0255,51028.0,8033602.8
2020-03-05,165.9748,165.9748,146.4881,150.2287,42107.0,6496125.3
2020-03-06,148.1269,162.0561,143.8875,148.4119,64669.0,9764267.75
2020-03-09,148.9106,150.9056,138.3301,143.4244,78075.0,11104678.2
2020-03-11,143.2463,148.4119,138.5082,139.3989,51968.0,7397061.0
2020-03-12,135.3733,135.4089,122.6553,125.8259,78509.0,10027731.55
2020-03-13,108.263,128.9609,100.675,121.6935,36120.0,4145392.45
2020-03-16,121.1235,123.2609,112.5736,114.2123,59399.0,7009881.1
2020-03-17,117.4541,117.4541,110.3292,113.5711,31675.0,3615454.5
2020-03-18,118.2735,123.9734,90.8782,94.975,82081.0,8390485.5
2020-03-19,96.1863,104.0237,93.0869,99.9625,100328.0,9914000.85
2020-03-20,106.8024,109.9374,100.4968,109.9374,40257.0,4351429.75
2020-03-23,101.4587,119.6985,99.0362,107.693,44618.0,4748535.4
2020-03-24,117.2048,117.2048,96.9344,102.3493,39313.0,3980697.55
2020-03-25,102.4206,111.8611,92.2676,110.6498,29485.0,3100843.8
2020-03-26,113.9986,120.9453,105.4487,117.3116,99868.0,11636548.55
2020-03-27,118.2735,126.1465,108.3343,118.1666,36946.0,4281153.55
2020-03-30,120.4466,120.4822,110.5786,114.2123,17526.0,2006730.0
2020-03-31,113.9986,120.3041,111.2911,118.5229,35880.0,4205838.9
2020-04-01,120.0547,123.4391,113.9986,115.281,18635.0,2209978.45
2020-04-03,119.6985,119.6985,109.0111,111.2555,14258.0,1622444.85
2020-04-07,114.8179,122.3703,114.8179,122.3703,37074.0,4461150.05
2020-04-08,130.2077,134.2689,125.0778,131.989,38715.0,5099222.85
2020-04-09,136.3708,138.5795,133.9839,138.5795,13889.0,1917853.2
2020-04-13,144.4575,145.4907,138.3657,144.1369,69285.0,9884425.2
2020-04-15,148.875,148.875,138.2232,139.2207,33926.0,4876011.6
2020-04-16,141.7857,146.1675,139.007,145.3838,25624.0,3675729.45
2020-04-17,152.6512,152.6512,146.4169,150.9056,29122.0,4353129.7
2020-04-20,158.173,158.173,148.2694,153.1143,60809.0,9322305.9
2020-04-21,154.9312,154.9312,145.4907,146.1319,42382.0,6204015.15
2020-04-22,144.1369,150.3356,144.1013,147.6994,26375.0,3893406.95
2020-04-23,149.4806,151.0481,146.4169,147.2363,33963.0,5037746.6
2020-04-24,149.5519,149.5519,141.4295,141.7857,45730.0,6585637.75
2020-04-27,146.0606,146.0606,139.292,140.2895,33790.0,4791719.3
2020-04-28,141.0732,142.3557,137.867,138.6151,31301.0,4360823.75
2020-04-29,141.7857,142.3557,138.4726,139.7195,18552.0,2603771.6
2020-04-30,141.7145,142.4982,136.157,136.9764,52432.0,7251492.05
2020-05-04,138.8645,138.8645,132.6658,133.8058,27561.0,3712778.7
2020-05-05,136.442,136.6558,130.7421,131.5258,24629.0,3280676.1
2020-05-06,132.5233,132.5233,128.3552,129.2815,15957.0,2081502.95
2020-05-07,130.9202,132.1671,128.3196,130.9915,18643.0,2438449.95
2020-05-08,133.2358,135.3733,129.6734,130.6352,31123.0,4094755.15
2020-05-11,132.5233,133.2358,128.8896,130.9558,30064.0,3941215.15
2020-05-12,131.0627,133.7346,128.3909,130.9915,50948.0,6639983.9
2020-05-13,136.5845,136.5845,129.7446,130.2077,58338.0,7671807.8
2020-05-14,130.1721,131.0983,123.9734,124.864,258020.0,32845620.8
2020-05-15,128.1059,128.2484,124.4722,124.7928,113133.0,14232385.4
2020-05-18,126.8234,126.8234,119.1285,120.7316,49114.0,5966063.35
2020-05-19,121.836,126.2534,118.2735,123.8309,227381.0,27969821.4
2020-05-20,124.6147,125.1847,121.1947,123.9378,301284.0,37334701.45
2020-05-21,123.9734,127.5359,122.5484,125.3272,97643.0,12226465.15
2020-05-22,126.3603,126.7521,123.9022,124.864,19217.0,2405561.45
2020-05-26,125.2203,127.5359,124.0447,125.434,34991.0,4403900.05
2020-05-27,123.9734,126.1465,123.9734,125.0778,20183.0,2527885.15
2020-05-28,127.2153,127.5003,124.7215,125.4697,28525.0,3590471.3
2020-05-29,126.574,127.3934,125.0778,126.004,32055.0,4038809.4
2020-06-01,128.1059,128.1059,125.6478,127.2509,71985.0,9163019.75
2020-06-02,129.6377,131.8108,127.5359,130.7421,99935.0,12973452.85
2020-06-03,131.7752,136.0858,129.709,135.3377,113460.0,15171582.35
2020-06-04,138.9357,138.9357,131.9177,133.3783,62561.0,8439804.15
2020-06-05,136.0858,143.9232,134.6608,136.442,265304.0,36965435.8
2020-06-08,143.2107,144.2438,135.3733,136.1926,281820.0,39009102.65
2020-06-09,138.1164,140.717,134.4827,135.0527,115785.0,15958715.3
2020-06-10,137.1189,139.9332,135.4445,137.4395,94351.0,12971391.7
2020-06-11,137.5108,145.9894,129.8515,134.0195,389253.0,54762718.5
2020-06-12,128.9965,136.5845,128.2484,134.9102,106560.0,14093403.9
2020-06-15,138.7932,138.7932,127.5359,129.7802,93443.0,12299137.85
2020-06-16,133.2002,136.0858,129.5309,132.0246,134485.0,17880431.2
2020-06-17,129.7446,132.5233,127.0015,128.2484,145219.0,18886782.55
2020-06-18,128.2484,134.0195,123.6884,132.9508,468740.0,59535277.9
2020-06-19,133.9483,143.6026,130.4927,141.4295,582602.0,81097777.3
2020-06-22,142.4982,142.4982,135.3733,137.0833,276244.0,38208214.7
2020-06-23,136.442,145.3482,135.0527,141.7501,335724.0,47356960.75
2020-06-24,142.4982,143.1394,136.0858,136.5489,116337.0,16158462.1
2020-06-25,136.0145,139.1139,133.3427,138.2945,89423.0,12224334.0
2020-06-26,139.9332,139.9332,135.4445,136.157,82536.0,11348015.0
2020-06-29,136.0858,137.4751,130.1008,131.5971,78189.0,10384260.4
2020-06-30,134.5895,134.5895,130.8846,131.2052,70085.0,9244664.9
2020-07-01,132.4877,133.1289,130.9915,131.8821,49418.0,6521794.3
2020-07-02,132.5233,138.2232,132.5233,135.1952,97646.0,13242889.25
2020-07-03,133.5564,139.6482,132.0246,134.6608,33776.0,4570401.8
2020-07-06,134.732,140.8595,134.732,139.7551,101921.0,14116780.1
2020-07-07,140.2895,152.8293,139.5414,146.7019,528289.0,78337659.45
2020-07-08,148.0912,155.5368,145.8825,147.735,320848.0,48507817.55
2020-07-09,149.5875,150.3356,146.1319,146.9513,59507.0,8836532.75
2020-07-10,147.8419,149.6231,142.4982,143.6026,73532.0,10629148.6
2020-07-13,145.3482,150.9768,145.3482,147.5569,130066.0,19415911.75
2020-07-14,148.1981,149.4806,144.1013,144.8494,85844.0,12607595.75
2020-07-15,146.2388,148.59,141.5007,142.1419,85211.0,12338846.4
2020-07-16,145.2057,145.2057,139.8264,140.432,46173.0,6492621.25
2020-07-17,141.9282,145.3125,140.3607,142.9969,41971.0,6001386.85
2020-07-20,144.9563,145.6332,142.5694,143.3532,55356.0,7957035.15
2020-07-21,143.6738,145.3125,142.5694,143.4957,56486.0,8139485.5
2020-07-22,143.2107,148.6969,142.8901,146.4169,93695.0,13695354.75
2020-07-23,146.7731,148.6256,146.0606,147.165,67104.0,9876716.55
2020-07-24,146.7375,146.7375,144.1013,146.2744,22444.0,3268162.9
2020-07-27,146.4169,148.0556,142.4982,143.1394,41577.0,5986192.85
2020-07-28,143.1038,145.1344,141.0732,141.9994,43191.0,6157498.2
2020-07-29,142.4982,146.0606,141.9994,145.1344,52412.0,7556976.45
2020-07-30,145.3482,148.1269,141.2157,141.8213,38952.0,5618284.95
2020-07-31,141.2513,146.7019,141.2513,144.8138,47048.0,6809129.9
2020-08-03,145.9538,146.0606,140.8238,143.9944,65410.0,9388085.45
2020-08-04,141.7857,147.4856,141.7857,145.2769,46235.0,6728221.75
2020-08-05,144.1725,150.3356,144.1725,149.0531,119614.0,17727906.3
2020-08-06,151.0481,151.6181,146.0963,149.16,140433.0,20853885.9
2020-08-07,149.16,153.1856,142.4982,143.4244,386307.0,56919241.65
2020-08-10,142.4982,151.5825,138.9357,150.1931,497122.0,72119749.95
2020-08-11,150.3356,167.9341,150.3356,159.4911,1147025.0,185968363.65
2020-08-12,159.9898,159.9898,154.7887,155.608,95187.0,14892272.75
2020-08-13,155.608,156.7836,151.7606,154.2187,77702.0,11934602.6
2020-08-14,155.323,155.893,148.1625,148.9106,87009.0,13154468.4
2020-08-17,152.4018,169.3947,150.3712,163.4811,507921.0,81956255.45
2020-08-18,163.6592,164.2648,159.0992,161.7354,123613.0,19963651.65
2020-08-19,161.7354,163.1248,159.2417,160.8448,68517.0,11034709.5
2020-08-20,160.8448,168.3972,157.9949,162.2342,297977.0,49153825.25
2020-08-21,163.6948,165.2979,161.7354,162.0204,73765.0,12044296.4
2020-08-24,164.7992,166.616,159.9898,161.2723,65410.0,10639774.9
2020-08-25,163.8729,163.8729,159.598,160.738,53042.0,8539105.25
2020-08-26,161.4861,163.7304,161.023,163.1248,82123.0,13343607.8
2020-08-27,164.1223,167.4354,164.1223,166.046,136301.0,22601044.5
2020-08-28,167.186,167.3641,164.1223,166.046,57619.0,9555158.8
2020-08-31,166.4023,170.9978,155.1093,163.5523,213841.0,35315228.9
2020-09-01,163.5523,165.9391,162.4479,163.9442,42256.0,6916980.9
2020-09-02,164.8436,167.3979,163.6923,166.7863,20908.0,3469920.95
2020-09-03,167.6497,167.6497,164.0881,165.5631,32260.0,5343493.25
2020-09-04,162.685,171.9669,161.7856,167.6857,87735.0,14695575.5
2020-09-07,168.3693,183.8751,166.4625,175.6725,707587.0,126709955.75
2020-09-08,175.6725,180.6372,166.9662,168.1534,143717.0,25084432.45
2020-09-09,169.8083,174.1255,163.0088,172.0388,165186.0,27982758.5
2020-09-10,172.6504,172.6504,166.0308,167.182,52229.0,8828620.45
2020-09-11,169.0528,169.0888,164.0881,165.0235,36377.0,6027646.7
2020-09-14,168.3693,169.0888,164.0881,164.8076,100523.0,16725215.5
2020-09-15,165.4912,167.7577,160.6703,162.2533,64608.0,10528808.75
2020-09-16,165.4192,165.4192,159.7349,161.174,49011.0,7912569.6
2020-09-17,161.174,165.0954,159.0154,159.4831,65069.0,10513786.1
2020-09-18,161.0301,166.8942,158.2959,160.7063,90052.0,14637695.65
2020-09-21,162.5411,163.9082,154.6983,155.4897,40396.0,6434825.3
2020-09-22,154.6983,155.2739,141.7468,142.97,181610.0,26543952.1
2020-09-23,145.3444,150.3811,140.2358,141.6029,127569.0,18284058.75
2020-09-24,140.3797,143.4736,131.1697,140.5236,60039.0,8421412.35
2020-09-25,143.1139,146.7835,141.7108,144.8767,41178.0,5942055.35
2020-09-28,147.503,147.503,143.9053,145.4164,47333.0,6876736.85
2020-09-29,147.431,147.431,141.1352,142.97,56030.0,8033878.8
2020-09-30,144.9846,145.1285,138.5449,139.3723,82949.0,11748067.2
2020-10-01,140.4516,143.1858,140.3077,141.9626,42923.0,6065111.9
2020-10-05,143.8334,146.7835,142.7541,145.956,42119.0,6106973.5
2020-10-06,148.8701,148.8701,142.5742,143.3297,31547.0,4548625.05
2020-10-07,145.2725,146.7835,142.6462,144.7688,26615.0,3839937.65
2020-10-08,145.3444,146.7475,141.2791,142.2864,30583.0,4381086.25
2020-10-09,143.9053,143.9053,140.9913,142.0346,19135.0,2721835.2
2020-10-12,142.0346,143.8334,140.3437,141.387,17669.0,2506099.95
2020-10-13,140.3797,142.1785,140.3797,141.6748,19282.0,2721306.8
2020-10-14,141.6748,143.2218,139.5522,140.3077,22205.0,3133245.95
2020-10-15,144.5889,144.6249,140.4516,141.7827,25274.0,3592832.6
2020-10-16,142.4663,143.8334,141.0272,142.6822,18628.0,2646366.0
2020-10-19,143.1858,143.7974,140.7754,141.2431,14878.0,2111552.35
2020-10-20,143.0779,144.6249,139.6601,141.9626,14687.0,2096345.8
2020-10-21,142.97,145.3444,141.459,144.5529,19200.0,2751553.5
2020-10-22,144.6609,145.3444,142.97,144.1572,10774.0,1551165.05
2020-10-23,145.2725,146.6755,142.898,145.4883,15013.0,2171599.4
2020-10-26,145.7042,148.942,143.9053,144.6249,21691.0,3158424.2
2020-10-27,145.3444,150.3811,143.9053,147.6469,27777.0,4086539.15
2020-10-28,149.8414,149.8414,143.1858,143.4736,17046.0,2488421.35
2020-10-29,140.5955,148.0786,140.5955,147.2871,30760.0,4488128.65
2020-10-30,147.8627,147.9347,143.5816,145.1645,11441.0,1673139.15
2020-11-02,145.3444,145.3444,142.4303,143.5096,9865.0,1413160.75
2020-11-03,145.3444,146.0639,141.1711,142.6822,15695.0,2254882.75
2020-11-04,142.5742,146.0639,138.8687,144.5529,28114.0,4024790.9
2020-11-05,145.956,147.1432,144.5529,145.992,26598.0,3884651.05
2020-11-06,146.7835,155.9574,144.5529,151.0287,181797.0,27354779.75
2020-11-09,151.4244,154.9861,147.2511,148.7981,46189.0,6926075.2
2020-11-10,150.7409,150.7409,144.6968,145.4883,64490.0,9442594.7
2020-11-11,147.431,148.2225,144.1212,145.2725,80774.0,11723721.45
2020-11-12,144.6249,146.7835,143.9053,144.5889,44657.0,6460569.0
2020-11-13,146.0639,146.1359,143.2578,144.5169,59324.0,8596888.5
2020-11-14,147.2871,147.2871,143.8334,146.1719,14108.0,2054879.35
2020-11-17,149.0859,149.6616,144.1212,144.5169,64387.0,9396029.55
2020-11-18,145.7042,146.8914,143.9053,144.373,73994.0,10728138.85
2020-11-19,145.4883,151.0287,142.1065,142.862,712699.0,103108262.0
2020-11-20,144.9487,146.6036,142.8261,143.3657,80850.0,11662569.15
2020-11-23,144.0852,145.0926,142.97,143.7255,37636.0,5411303.75
2020-11-24,144.445,168.9449,144.0493,150.3091,730590.0,111023301.6
2020-11-25,150.453,153.2592,144.6249,145.2725,207718.0,30649749.25
2020-11-26,146.028,146.4956,144.5169,145.2365,68362.0,9934195.7
2020-11-27,145.992,148.6542,144.6249,146.1359,95568.0,14010435.5
2020-12-01,148.2225,154.1586,147.503,149.05,280601.0,42182201.0
2020-12-02,150.2732,158.2239,149.8774,156.7849,399453.0,62056960.75
2020-12-03,158.4398,161.102,155.4897,156.6769,221247.0,35093056.8
2020-12-04,157.2166,160.4545,155.4178,155.9214,160233.0,25313186.5
2020-12-07,156.7129,161.9295,156.7129,159.5191,176285.0,28110835.75
2020-12-08,159.7709,161.5338,154.0507,160.0947,205710.0,32704828.6
2020-12-09,160.4545,161.174,156.533,157.0367,85348.0,13590208.2
2020-12-10,157.4684,157.7922,152.0,153.8348,104773.0,16138397.8
2020-12-11,154.6263,158.2599,153.9787,156.1373,91569.0,14316348.2
2020-12-14,156.9288,160.2386,153.9427,154.4104,122086.0,19106335.05
2020-12-15,154.6983,155.4178,152.7555,153.6549,69726.0,10723347.15
2020-12-16,154.6983,158.2599,154.6983,156.1013,133345.0,20859702.15
2020-12-17,156.8928,157.5404,154.6983,155.8495,166636.0,25996994.15
2020-12-18,156.1373,164.6637,152.7555,161.3898,344212.0,55351952.5
2020-12-21,161.8935,163.9082,149.6616,151.2085,265319.0,42030293.3
2020-12-22,151.2085,153.2592,144.6249,149.6975,84506.0,12557680.3
2020-12-23,150.453,158.08,150.453,156.641,88095.0,13625474.55
2020-12-24,158.188,159.9508,157.7562,159.1593,72488.0,11504586.45
2020-12-28,159.7349,165.6351,158.0081,164.5198,194853.0,31702382.55
2020-12-29,165.8509,167.0741,160.1307,164.0161,210709.0,34570801.4
2020-12-30,163.3326,166.2107,162.8289,165.2033,202699.0,33418711.85
2020-12-31,165.5631,165.8509,162.9009,164.16,71954.0,11826552.3
2021-01-01,160.8142,165.2393,160.8142,163.0088,49521.0,8085507.25
2021-01-04,165.0594,168.729,161.3898,164.232,228269.0,37738054.05
2021-01-05,163.9801,164.0161,160.1307,161.0661,86095.0,13971122.5
2021-01-06,161.6777,163.9082,159.699,160.6343,165752.0,26915942.6
2021-01-07,161.4618,164.3399,160.7783,162.0014,70174.0,11431212.15
2021-01-08,163.9082,177.6871,161.9655,171.9669,677427.0,117538679.1
2021-01-11,174.845,178.4426,167.6497,169.0888,157873.0,27119904.05
2021-01-12,169.8083,174.0175,167.6857,172.6504,150050.0,25748727.75
2021-01-13,172.6864,181.6445,172.6864,178.6945,479330.0,85667344.35
2021-01-14,177.7951,190.5667,175.5645,183.1555,673543.0,125627425.55
2021-01-15,182.6878,183.4793,175.0609,176.392,169602.0,30486753.4
2021-01-18,176.392,177.6512,169.9882,172.3267,189311.0,33250336.25
2021-01-19,175.1688,179.7378,173.5499,176.9316,131496.0,23170615.0
2021-01-20,177.7231,182.7238,174.7371,176.4639,72987.0,13105261.65
2021-01-21,179.45,180.2415,175.5645,175.8883,87569.0,15625708.95
2021-01-22,175.6725,179.8817,175.5645,177.7951,135503.0,24192839.2
2021-01-25,179.8817,187.9764,176.2841,177.6152,167310.0,30335109.75
2021-01-27,177.0036,181.8964,177.0036,177.5792,107250.0,19220982.7
2021-01-28,177.0396,182.5799,177.0036,180.7811,88301.0,15877117.2
2021-01-29,185.5659,185.5659,177.0036,177.1475,69330.0,12446013.55
2021-02-01,177.1115,178.9823,173.4059,175.7084,146081.0,25709489.45
2021-02-02,176.6078,176.6078,172.6864,173.1901,137453.0,24042071.7
2021-02-03,173.9816,181.1409,173.5139,178.9823,114395.0,20287645.5
2021-02-04,177.5792,182.9397,177.4713,180.6732,87238.0,15753222.35
2021-02-05,181.5366,182.8677,174.5212,175.6725,80225.0,14232892.1
2021-02-08,176.2841,176.5719,174.1974,175.4566,50867.0,8926095.55
2021-02-09,175.3487,175.9603,172.6864,174.0175,38417.0,6714261.05
2021-02-10,172.9742,179.1622,172.9742,178.7664,502685.0,88740143.4
2021-02-11,179.9536,202.6907,178.5506,199.237,1604546.0,306422334.9
2021-02-12,204.2736,204.3456,187.077,189.0557,925779.0,181839384.0
2021-02-15,190.6026,192.1496,183.6592,186.2495,214344.0,40076494.05
2021-02-16,187.1849,196.0351,185.7099,188.3721,272197.0,51928588.45
2021-02-17,197.0064,197.0064,188.552,192.9771,290850.0,55836758.9
2021-02-18,194.2722,194.2722,190.4228,191.6459,147750.0,28540879.0
2021-02-19,191.6459,194.2722,188.552,189.3435,127599.0,24484974.1
2021-02-22,190.5307,192.8332,187.1489,188.2282,137028.0,26003609.65
2021-02-23,191.0344,194.4521,187.1489,189.6673,212112.0,40622956.65
2021-02-24,189.8831,194.9917,189.8831,193.2289,107699.0,20878581.9
2021-02-25,194.0923,195.7113,192.8332,194.2003,154900.0,30123638.75
2021-02-26,192.8332,195.7113,190.099,192.2216,104527.0,20187762.2
2021-03-01,193.2649,204.3456,192.8332,199.237,352250.0,69664596.5
2021-03-02,201.6833,205.0291,197.1503,197.9778,153723.0,30857422.75
2021-03-03,199.3089,200.748,194.8119,197.582,89778.0,17802654.5
2021-03-04,196.3588,200.3882,194.4521,196.4308,78356.0,15495020.3
2021-03-05,196.4308,200.3162,190.7465,193.1929,105012.0,20561084.65
2021-03-08,194.9198,197.1503,192.0777,193.1929,58997.0,11510690.45
2021-03-09,194.1643,198.5894,192.9051,194.9198,87559.0,17144007.65
2021-03-10,195.7113,197.8699,194.3802,195.2076,45406.0,8895041.25
2021-03-12,196.2149,199.0211,194.2722,194.7759,85676.0,16842134.95
2021-03-15,195.9991,196.3948,188.6959,190.099,142278.0,27602382.35
2021-03-16,191.0344,195.7113,190.7106,192.4734,72744.0,14015307.6
2021-03-17,195.6393,195.6393,188.516,188.9477,124781.0,23911295.9
2021-03-18,190.099,194.9917,185.9977,188.1922,112556.0,21421717.1
2021-03-19,187.077,195.6393,179.378,194.2003,83030.0,15677933.45
2021-03-22,194.2722,194.8119,189.3435,193.5527,92206.0,17805129.05
2021-03-23,194.632,197.0424,192.1496,193.157,73983.0,14425960.1
2021-03-24,192.6173,196.0351,188.588,191.7179,96855.0,18736245.15
2021-03-25,192.6173,193.9125,189.0916,192.5094,107016.0,20455190.9
2021-03-26,194.2722,196.2509,192.1136,194.3442,94448.0,18372588.9
2021-03-30,195.3515,196.4308,189.9551,190.9264,60933.0,11774367.85
2021-03-31,191.3941,195.1357,189.2355,190.9624,44160.0,8502398.75
2021-04-01,192.4734,194.9917,191.7179,194.596,29200.0,5667224.1
2021-04-05,195.4954,211.6128,192.9051,200.9998,222537.0,44899349.3
2021-04-06,202.0071,209.3823,199.4888,208.1951,184833.0,38315314.85
2021-04-07,209.0225,220.1392,205.8566,207.5835,377705.0,80838857.8
2021-04-08,208.6628,216.0019,204.5255,213.5555,107047.0,22636084.65
2021-04-09,214.2031,214.2031,205.8926,209.5622,60814.0,12845136.3
2021-04-12,209.5622,209.5622,190.7465,193.085,116739.0,23098184.75
2021-04-13,193.9125,197.69,193.9125,195.8192,30061.0,5902162.05
2021-04-15,197.7979,199.3089,194.2722,194.8478,28255.0,5531432.4
2021-04-16,195.8552,197.9778,194.4881,196.9704,48774.0,9577386.95
2021-04-19,191.3941,195.7113,191.3941,194.0564,52448.0,10155737.6
2021-04-20,194.0923,201.5754,193.085,196.2149,46949.0,9215374.65
2021-04-22,195.7113,197.8699,190.6386,195.0277,183491.0,35518835.25
2021-04-23,197.69,205.7847,193.2649,203.8419,109812.0,22030490.95
2021-04-26,206.5042,208.7707,200.0284,200.8559,46339.0,9469043.35
2021-04-27,201.8632,206.8639,199.5607,204.5974,55484.0,11293501.55
2021-04-28,207.2237,207.2237,201.4675,202.7986,24121.0,4933348.9
2021-04-29,203.8419,204.8493,199.7406,201.7913,163685.0,33083698.35
2021-04-30,200.0284,212.2604,200.0284,205.1011,109027.0,22721501.05
2021-05-03,202.4389,205.7847,201.6474,202.9425,42613.0,8656887.7
2021-05-04,204.9932,209.0225,201.4675,204.8852,123042.0,25468114.0
2021-05-05,202.4029,207.7633,202.4029,205.3529,34364.0,7054455.8
2021-05-06,205.0651,206.3603,204.3456,205.245,35037.0,7189306.2
2021-05-07,206.2883,210.1018,205.7127,207.6554,70621.0,14701068.05
2021-05-10,209.3823,212.9439,204.3456,206.0365,131106.0,27285800.25
2021-05-11,206.5042,207.3676,200.0284,202.187,120934.0,24709427.75
2021-05-12,202.9065,205.7127,199.9205,200.3882,375006.0,76324136.6
2021-05-14,202.1151,205.281,198.7333,200.1004,421774.0,85048864.2
2021-05-17,201.3236,205.3889,200.1364,204.1657,56602.0,11458470.35
2021-05-18,204.3456,208.231,203.3023,206.6481,61881.0,12760083.05
2021-05-19,207.9432,208.6628,205.9645,207.5115,53815.0,11168548.15
2021-05-20,208.4469,240.6097,206.828,229.9248,2819127.0,654316986.05
2021-05-21,232.695,242.9842,229.9248,238.0914,1390029.0,330050033.25
2021-05-24,244.6391,265.5054,244.6391,257.6625,2327702.0,595933472.5
2021-05-25,259.7492,272.7006,254.1368,262.5193,1239827.0,328087098.2
2021-05-26,265.5054,265.8292,253.0576,257.4826,449707.0,117095023.1
2021-05-27,258.3101,258.8138,245.7544,255.36,149883.0,37846508.75
2021-05-28,255.36,255.36,219.8514,223.0893,871531.0,201845652.45
2021-05-31,226.579,231.9035,208.231,211.1811,727482.0,159596973.25
2021-06-01,212.2244,215.858,208.7347,212.6561,268482.0,57170247.15
2021-06-02,213.6994,220.9307,212.6921,220.0313,199263.0,43472610.95
2021-06-03,221.3984,226.6509,221.3264,225.9674,237232.0,53323452.2
2021-06-04,228.7735,230.2126,223.0533,225.1759,190025.0,42818873.05
2021-06-07,226.579,227.5863,221.1106,223.0533,167442.0,37475091.75
2021-06-08,223.0533,225.5357,214.7787,217.7288,324069.0,70772354.5
2021-06-09,218.988,223.3771,212.9799,214.9226,296656.0,64462214.0
2021-06-10,219.0959,228.3418,215.93,220.8587,785106.0,175054608.45
2021-06-11,225.1399,226.2192,219.6355,220.7508,215144.0,47782919.55
2021-06-14,222.2978,244.4232,214.419,232.8748,1273551.0,296186858.8
2021-06-15,233.8462,236.2566,227.6583,230.5004,330002.0,76863199.0
2021-06-16,232.3352,232.3712,222.3338,224.8161,163188.0,36875155.7
2021-06-17,224.0606,224.1686,219.4557,219.9953,144870.0,32042594.25
2021-06-18,222.1899,224.0966,212.4403,220.391,203873.0,44225827.15
2021-06-21,215.93,225.3918,215.93,221.3264,179332.0,39792042.45
2021-06-22,225.4997,225.4997,219.5276,220.427,133561.0,29740077.9
2021-06-23,221.6142,222.2978,217.1172,217.369,82246.0,18042283.7
2021-06-24,217.6928,219.7435,214.311,215.1385,153505.0,33243119.4
2021-06-25,216.5776,219.1678,213.4476,215.6422,362262.0,78338305.5
2021-06-28,217.2251,218.88,215.1745,216.0379,63957.0,13895570.2
2021-06-29,216.5776,218.4843,211.5409,215.894,229789.0,49555580.6
2021-06-30,217.8007,219.4916,214.419,214.8867,136203.0,29529109.3
2021-07-01,215.7861,216.9733,206.5761,211.6488,126043.0,26993041.5
2021-07-02,213.3397,219.4557,213.3397,218.8441,118629.0,25860587.0
2021-07-05,219.4557,222.9094,217.369,218.8441,619335.0,136525661.55
2021-07-06,220.1752,220.8947,214.4909,215.6062,205511.0,44907207.5
2021-07-07,216.5776,220.8947,215.1745,219.9593,129827.0,28308721.85
2021-07-08,220.8947,220.8947,215.858,217.2971,104109.0,22718101.2
2021-07-09,217.2971,218.6642,215.4623,217.9447,47520.0,10327131.7
2021-07-12,219.4557,220.8947,214.419,214.7428,229854.0,49822276.85
2021-07-13,215.3544,217.6568,213.0519,213.9153,138748.0,29890640.0
2021-07-14,214.8147,217.2611,213.5915,216.1099,121106.0,26034869.75
2021-07-15,217.1532,218.4483,214.419,215.7861,124681.0,27027896.4
2021-07-16,216.8654,217.8727,213.0519,215.822,111226.0,23943961.4
2021-07-19,219.4557,220.8947,216.7215,219.7435,222378.0,48653324.6
2021-07-20,219.4557,220.8587,214.0592,216.5776,113477.0,24726613.2
2021-07-22,217.6928,219.0239,214.0592,217.1891,89645.0,19380092.5
2021-07-23,217.477,218.4483,214.9586,215.3903,63431.0,13684254.75
2021-07-26,216.3257,216.4336,213.6994,214.2391,64100.0,13765502.6
2021-07-27,215.3184,215.822,212.2604,213.5555,74899.0,16027487.15
2021-07-28,214.419,214.419,209.0225,209.85,97871.0,20626756.05
2021-07-29,210.1018,212.9799,210.1018,210.6415,104672.0,22171255.1
2021-07-30,210.1018,215.3903,208.5189,210.7134,127045.0,26955621.55
2021-08-02,211.5768,214.383,210.6055,211.289,96776.0,20534940.95
2021-08-03,211.289,214.311,210.4616,211.5049,118342.0,25063231.7
2021-08-04,213.1238,213.3397,210.1018,210.5335,50749.0,10728487.7
2021-08-05,210.3896,211.2171,205.1011,206.828,81237.0,16907479.85
2021-08-06,206.828,208.8786,206.5042,207.9073,49944.0,10382822.1
2021-08-09,208.6628,217.6209,205.9286,211.1451,283600.0,60248925.65
2021-08-10,209.0225,212.1884,202.9425,204.2017,93837.0,19467002.45
2021-08-11,205.245,212.9799,195.9271,209.0225,133699.0,27068104.55
2021-08-12,210.1018,213.2318,205.6048,206.8639,76036.0,15902405.95
2021-08-13,207.8713,217.0093,206.8639,209.3103,526634.0,111705336.2
2021-08-16,210.8213,221.974,208.0871,216.6855,546600.0,118739592.5
2021-08-17,215.1385,217.2971,212.2604,214.4909,89434.0,19206392.85
2021-08-18,213.3397,216.6855,208.8786,210.2097,86678.0,18363227.85
2021-08-20,208.7347,211.8647,205.7847,208.0871,80464.0,16764664.05
2021-08-23,208.6628,210.1018,197.1503,203.0145,107970.0,21847645.6
2021-08-24,202.9065,207.5115,200.2443,205.281,51034.0,10385083.85
2021-08-25,208.4829,208.6628,203.77,205.1371,54587.0,11218843.5
2021-08-26,204.4175,207.5835,204.0578,205.3889,94469.0,19454332.1
2021-08-27,205.4249,209.9219,205.0651,206.828,56005.0,11596440.5
2021-08-30,207.3676,212.1884,205.3889,208.0871,84225.0,17581586.45
2021-08-31,208.0871,210.8213,206.6841,208.7347,52668.0,11008015.65
2021-09-01,209.742,209.742,206.5042,207.8353,59518.0,12360633.8
2021-09-02,206.8639,209.0945,206.5042,208.1951,75662.0,15690909.45
2021-09-03,209.2384,215.858,207.5115,214.8147,141553.0,30195130.1
2021-09-06,215.7861,218.1245,214.2391,215.2105,84993.0,18347938.25
2021-09-07,216.2897,230.2486,213.6994,224.96,595490.0,133889889.15
2021-09-08,228.3691,228.3691,221.9499,222.9654,128603.0,28785118.7
2021-09-09,222.3126,224.2347,219.1574,220.0278,108733.0,24020291.45
2021-09-13,220.0278,220.0278,215.8935,217.9606,79515.0,17288264.7
2021-09-14,218.3233,226.5195,217.6705,220.6443,190466.0,42354323.6
2021-09-15,223.8358,225.0326,218.287,219.3025,142235.0,31537498.3
2021-09-16,219.3025,220.4993,217.1628,217.5617,99585.0,21708875.65
2021-09-17,217.5617,223.8358,214.9143,222.4939,206703.0,45355686.1
2021-09-20,221.2971,227.4987,219.5201,220.1004,204722.0,45650205.5
2021-09-21,220.1004,221.551,216.51,219.23,58783.0,12839497.35
2021-09-22,221.9499,226.3019,217.6705,220.3542,365215.0,81577446.55
2021-09-23,222.6027,224.0534,215.6396,216.8726,108737.0,23836524.1
2021-09-24,219.0124,219.1937,214.0076,215.1681,70208.0,15189312.5
2021-09-27,216.2561,216.2561,210.4898,211.9404,180057.0,38271435.55
2021-09-28,212.8108,213.79,207.4434,210.0183,103581.0,21750008.2
2021-09-29,209.6194,211.3602,207.4434,208.3863,150043.0,31380345.75
2021-09-30,209.4018,213.9713,209.4018,210.7436,112297.0,23716550.35
2021-10-01,210.2722,211.5052,207.4434,209.6919,103387.0,21655194.2
2021-10-04,212.5207,215.1319,207.8061,211.3602,153404.0,32525050.05
2021-10-05,209.6919,212.5932,209.6194,210.1634,70647.0,14897690.9
2021-10-06,210.1634,211.07,204.9048,205.5576,222953.0,46255263.15
2021-10-07,206.7181,208.8215,206.7181,207.2258,96994.0,20155678.05
2021-10-08,208.0237,208.8941,207.3346,208.205,50744.0,10559887.5
2021-10-11,208.205,209.2567,208.1687,209.0391,70404.0,14707770.1
2021-10-12,208.8941,213.3911,208.8941,211.6503,104786.0,22147749.7
2021-10-13,213.246,213.246,208.8941,210.0183,101706.0,21396987.25
2021-10-14,212.158,212.158,208.5314,209.7644,72858.0,15309162.15
2021-10-18,211.7954,219.2662,211.7591,217.6705,293622.0,63647769.15
2021-10-19,219.5564,225.504,213.2823,217.5254,282112.0,61954526.7
2021-10-20,216.8726,217.6342,213.246,214.1889,85971.0,18473178.95
2021-10-21,214.0439,217.598,212.5932,215.1681,72753.0,15674842.4
2021-10-22,215.5671,217.598,212.6658,215.3495,94140.0,20260215.3
2021-10-25,217.5254,222.1313,212.5207,214.5879,117114.0,25291076.1
2021-10-26,215.422,221.2246,214.334,219.6289,109002.0,23798681.8
2021-10-27,219.9916,222.6753,218.287,219.6652,83488.0,18419694.05
2021-10-28,220.4993,222.6027,216.9089,217.6705,96260.0,21144300.7
2021-10-29,218.7948,231.9957,214.4428,226.6283,748206.0,168438346.35
2021-11-01,224.8512,234.208,224.1984,226.048,305312.0,69646451.35
2021-11-02,227.1723,230.5813,225.5766,226.4107,164996.0,37626306.5
2021-11-03,225.6491,232.4672,225.6491,230.8352,233798.0,53858314.7
2021-11-04,233.4826,237.4719,232.5397,236.0213,168625.0,39733702.2
2021-11-08,236.4565,265.4695,236.4565,244.4351,881102.0,218169240.35
2021-11-09,246.611,250.8179,241.5338,246.6836,461061.0,112696834.95
2021-11-10,243.6372,257.3459,242.7305,254.8072,503966.0,127783443.7
2021-11-11,253.6467,261.1176,246.611,252.9576,503209.0,128741573.1
2021-11-12,254.227,255.8952,246.6473,253.4291,157583.0,39676215.25
2021-11-15,253.139,256.0403,248.8233,249.5849,148661.0,37564758.55
2021-11-16,252.4136,299.4873,252.4136,292.089,5354384.0,1555374338.0
2021-11-17,300.6479,309.2793,290.4208,293.2133,4188435.0,1257412742.7
2021-11-18,297.6378,300.9743,284.0016,290.3482,869625.0,253589481.3
2021-11-22,290.3482,290.3482,265.0706,270.1842,682513.0,188449034.25
2021-11-23,270.1479,280.7014,269.0962,278.1627,489683.0,134756148.45
2021-11-24,278.5254,294.9903,277.4737,281.4267,592176.0,169807101.9
2021-11-25,291.5813,312.6158,287.4107,308.7353,1595030.0,486167394.3
2021-11-26,303.1865,314.7917,294.4826,299.4873,865687.0,264078489.55
2021-11-29,298.1092,320.5943,273.2668,300.8292,1119885.0,344152687.6
2021-11-30,300.938,310.1859,290.1306,293.4309,282032.0,84724107.25
2021-12-01,298.5807,319.1437,297.2751,314.6829,609928.0,188207832.6
2021-12-02,317.693,317.693,301.0105,303.4766,374034.0,115340995.95
2021-12-03,303.9481,324.221,295.1717,302.8601,463997.0,141040254.1
2021-12-06,302.4612,315.0456,297.4564,302.3161,337249.0,103304564.7
2021-12-07,304.5646,310.6936,299.8137,301.5183,117857.0,35745966.85
2021-12-08,303.0414,307.5385,299.6687,301.0831,155021.0,46868050.5
2021-12-09,298.8708,307.0307,297.6378,301.7359,248636.0,74937602.1
2021-12-10,301.7359,311.8904,300.2127,308.9166,354752.0,108829740.85
2021-12-13,310.476,312.6883,299.7775,301.4457,206966.0,63300848.1
2021-12-14,298.8346,333.7228,298.8346,315.2632,2897360.0,931164277.85
2021-12-15,314.7917,322.045,311.1651,313.9576,332004.0,104571378.8
2021-12-16,313.7037,318.9986,307.5022,309.1705,159581.0,49766532.45
2021-12-17,307.611,318.4184,302.4612,306.9945,306073.0,94615500.2
2021-12-20,306.9945,309.4243,293.7935,301.5908,285425.0,85765768.0
2021-12-21,303.114,315.5171,297.4564,299.7049,633306.0,195314560.6
2021-12-22,302.4249,311.8904,301.2281,308.8441,220469.0,67728327.95
2021-12-23,308.8441,315.5171,306.1241,311.5278,145049.0,45043581.4
2021-12-24,312.6158,315.0093,305.1812,308.4814,176716.0,54660489.55
2021-12-27,310.3672,315.5171,304.6372,307.1033,427186.0,133239130.2
2021-12-28,310.0046,314.3203,305.3625,311.7091,123429.0,38411243.85
2021-12-29,311.6366,315.5171,308.6265,313.1597,167130.0,52433277.6
2021-12-30,312.6158,315.5171,303.1865,307.8649,242396.0,75649487.35
2021-12-31,308.9891,311.8904,306.7043,307.6835,65100.0,20167509.15
2022-01-03,308.7353,311.8904,307.0307,308.6265,137737.0,42729736.95
2022-01-04,308.9891,310.9475,304.6372,305.9065,71326.0,21921017.7
2022-01-05,307.067,311.4552,302.4974,303.2953,182621.0,55770706.3
2022-01-06,302.9689,304.202,299.5599,301.1193,120287.0,36304615.3
2022-01-07,302.4249,305.3262,299.6324,303.6217,55840.0,16889636.5
2022-01-10,304.5646,308.7353,298.0367,300.5391,109512.0,33005587.3
2022-01-11,301.0105,301.0105,291.2549,293.2858,111929.0,33122757.8
2022-01-12,294.1199,297.3839,290.856,292.7055,117409.0,34541943.1
2022-01-13,294.1925,302.8601,292.3066,296.1508,96532.0,28745916.4
2022-01-14,295.5343,305.3625,294.2287,302.4612,105639.0,31772915.5
2022-01-17,305.7252,310.8024,301.1919,302.9689,74322.0,22727767.35
2022-01-18,303.4766,304.9998,287.2656,288.0272,312680.0,91280783.2
2022-01-19,288.9701,303.9118,285.8149,295.1354,277583.0,82411240.6
2022-01-20,296.441,298.762,291.6176,292.1615,97717.0,28710537.6
2022-01-21,290.1306,295.2804,288.68,289.9856,74634.0,21739859.6
2022-01-24,291.1824,291.1824,277.3286,279.5771,133999.0,37952067.7
2022-01-25,279.2507,301.4457,268.8786,288.0635,285772.0,83086197.0
2022-01-27,288.0635,299.3423,278.6705,281.1728,195917.0,56515384.3
2022-01-28,282.9136,290.1306,278.1627,279.6859,127059.0,36217767.15
2022-01-31,282.3696,286.9029,282.3696,284.1104,35942.0,10226601.5
2022-02-01,285.5611,293.3946,281.1366,285.3435,65027.0,18580318.05
2022-02-02,286.7579,289.6592,281.463,282.3696,116184.0,32954858.35
2022-02-03,283.639,288.4261,280.6289,283.24,69031.0,19625859.45
2022-02-04,283.24,290.1306,280.0123,287.0843,77331.0,21943965.4
2022-02-07,290.1306,290.6384,282.9136,283.5302,68189.0,19466741.8
2022-02-08,282.1883,286.2139,275.6966,280.8465,93159.0,26272354.5
2022-02-09,282.6598,300.7567,282.4059,296.3684,243281.0,71589947.6
2022-02-10,296.3684,308.2638,290.8922,292.0527,358189.0,107450240.6
2022-02-11,290.1306,297.8916,282.9136,285.0533,296487.0,86621748.05
2022-02-14,286.4677,286.4677,265.7597,275.0076,127442.0,35379307.1
2022-02-15,277.0385,282.152,271.9975,281.1728,81676.0,22601107.85
2022-02-16,282.5872,299.4148,282.551,293.1407,294496.0,86600620.35
2022-02-17,293.1407,298.3994,292.2703,294.7002,67640.0,19979526.15
2022-02-18,294.7002,296.6586,286.504,288.4624,86572.0,25338371.65
2022-02-21,288.4624,289.4416,279.2507,280.375,59369.0,16788780.85
2022-02-22,275.6241,275.6604,261.8429,264.853,123830.0,33228010.6
2022-02-23,266.9202,275.6241,266.9202,271.5623,31922.0,8700860.4
2022-02-24,268.3708,268.3708,259.0867,260.3922,87628.0,22929961.3
2022-02-25,261.988,276.3494,261.988,273.5932,159855.0,43486686.0
2022-02-28,271.2721,275.3702,260.7912,271.7073,92583.0,24912878.55
2022-03-02,271.4897,280.1211,269.9666,276.0593,91280.0,25255816.9
2022-03-03,277.4737,282.8411,277.0022,277.4011,44417.0,12410053.55
2022-03-04,271.9975,288.68,271.9975,283.8928,79247.0,22302412.6
2022-03-07,277.0748,279.6859,264.8893,267.3554,89904.0,24255657.1
2022-03-08,268.6972,276.567,263.1485,273.6295,104603.0,28352106.2
2022-03-09,273.6295,279.3233,269.0962,274.6449,191408.0,52469219.3
2022-03-10,277.8001,292.3066,275.3702,277.6913,168758.0,47895250.55
2022-03-11,279.1057,284.8357,278.7067,280.1211,91497.0,25659920.8
2022-03-14,279.9761,285.0533,278.6705,283.3851,137550.0,38800731.05
2022-03-15,282.152,287.3019,271.9975,275.5516,138153.0,38727182.2
2022-03-16,284.183,286.3227,277.6913,278.7793,90399.0,25473282.95
2022-03-17,284.328,289.6954,280.3025,287.5557,94687.0,27041721.05
2022-03-21,291.545,296.6223,285.0533,286.6853,125124.0,36336496.2
2022-03-22,288.136,289.4778,282.9136,287.4469,77801.0,22147703.25
2022-03-23,288.8976,291.4725,282.9136,283.2038,60326.0,17246669.0
2022-03-24,284.4731,295.9332,282.1883,284.183,477636.0,137193082.15
2022-03-25,288.4624,290.0581,280.1211,281.7531,172027.0,48978653.15
2022-03-28,282.8774,282.8774,268.806,269.4588,229556.0,62739641.0
2022-03-29,271.9249,277.2198,271.8887,274.1372,82782.0,22687525.15
2022-03-30,275.6966,279.2507,269.9303,273.7383,120615.0,33442322.0
2022-03-31,275.1164,279.2145,268.3708,269.4951,83688.0,22876138.1
2022-04-01,270.8732,279.0331,270.8732,276.3857,79046.0,21733185.05
2022-04-04,279.2507,300.2852,279.2507,294.8815,478884.0,140600405.35
2022-04-05,296.7311,296.9124,287.2293,288.3536,79599.0,23233139.2
2022-04-06,288.68,297.3839,285.7061,293.6485,129179.0,37777164.5
2022-04-07,295.0629,306.8131,284.328,290.312,531787.0,158809225.2
2022-04-08,291.7989,297.2026,290.2032,293.8661,99464.0,29186103.75
2022-04-11,294.4826,303.9118,294.4463,302.2073,241429.0,72916401.5
2022-04-12,303.0414,303.1865,288.4624,299.4511,276619.0,81431934.65
2022-04-13,301.3732,305.3625,293.3946,296.4772,221139.0,66407062.8
2022-04-18,296.6586,308.6265,292.7781,301.2644,370506.0,112534380.35
2022-04-19,304.6372,308.2638,293.7573,297.3476,192439.0,58056194.6
2022-04-20,300.2852,306.7769,298.8708,302.3887,229261.0,69325037.3
2022-04-21,301.0831,312.2531,301.0105,303.2228,320053.0,98030548.2
2022-04-22,301.0105,306.8131,298.8346,299.85,137815.0,41663579.4
2022-04-25,298.7258,299.9225,294.6639,296.0058,107885.0,32018457.1
2022-04-26,296.6948,307.6473,296.6948,302.7513,179340.0,54341895.8
2022-04-27,302.0985,303.0052,296.4047,299.2335,97999.0,29360927.7
2022-04-28,298.0367,301.7721,290.5658,292.4154,82181.0,24311382.7
2022-04-29,293.5034,300.938,291.5813,292.5242,73728.0,21827171.05
2022-05-02,290.1306,292.3791,285.7787,288.3536,61163.0,17642780.5
2022-05-04,289.8042,298.7983,287.3019,287.7733,95656.0,28010992.95
2022-05-05,293.7573,301.0105,287.3381,291.1461,185471.0,54653109.55
2022-05-06,287.3019,292.3066,277.8001,280.1211,143902.0,40869319.1
2022-05-09,280.1211,280.1937,271.4535,272.8316,121680.0,33490914.0
2022-05-10,274.2097,278.1265,253.9368,265.2882,100247.0,27196202.1
2022-05-11,265.8322,268.4071,250.3827,259.5944,102040.0,26242874.2
2022-05-12,254.6622,264.1277,226.7734,231.5605,459601.0,111728863.0
2022-05-13,224.8512,224.8875,200.6253,202.3661,1050393.0,217270599.25
2022-05-16,202.3661,212.5207,195.548,199.1384,358535.0,72535672.1
2022-05-17,200.1539,210.0908,200.1539,208.8941,125215.0,25785250.4
2022-05-18,210.6348,213.9713,202.7288,203.8168,106606.0,22176465.95
2022-05-19,202.9464,202.9464,197.035,197.6515,74641.0,14856854.6
2022-05-20,200.2989,205.8114,200.2264,204.8322,82028.0,16714717.65
2022-05-23,207.1533,207.1533,199.4648,202.0397,56787.0,11523386.35
2022-05-24,202.3661,204.2157,197.2888,198.6307,33513.0,6728071.95
2022-05-25,198.7395,201.2419,170.8507,177.1248,585593.0,110026974.45
2022-05-26,181.3316,191.1236,177.2698,189.5278,224739.0,41515802.8
2022-05-27,190.7609,192.9369,187.1343,191.0873,66275.0,12615720.2
2022-05-30,193.7347,197.2526,190.6521,195.1491,45409.0,8818194.0
2022-05-31,195.1128,198.0504,194.1699,195.6931,92460.0,18150975.7
2022-06-01,196.636,203.708,195.6568,199.6461,92648.0,18609089.75
2022-06-02,199.5373,199.8637,195.1128,196.8899,44020.0,8658236.2
2022-06-03,199.3923,202.3661,188.6574,192.6105,66602.0,13026136.4
2022-06-06,192.139,198.5944,186.4089,195.8019,73827.0,14077200.15
2022-06-07,195.4755,200.9517,192.7193,196.7811,72718.0,14366430.85
2022-06-08,198.3768,199.2109,193.6985,195.5118,74886.0,14697344.1
2022-06-09,192.5742,197.1438,192.0302,194.6777,40492.0,7874154.85
2022-06-10,190.8697,194.9678,189.3828,190.4345,48531.0,9309484.0
2022-06-13,189.3102,191.4862,184.0154,186.7353,185135.0,34588017.75
2022-06-14,186.4089,191.4862,183.7978,190.6521,68631.0,12879480.8
2022-06-15,192.139,193.5897,187.4607,191.051,123127.0,23397687.8
2022-06-16,192.9369,192.9369,183.1812,186.6265,37516.0,7055550.6
2022-06-17,187.1343,188.2948,181.4042,184.0154,32195.0,5910186.0
2022-06-20,182.1295,183.1087,175.529,176.9434,56242.0,10076006.7
2022-06-21,179.5909,187.8958,176.2544,182.0207,57064.0,10340315.6
2022-06-22,181.6943,186.1913,177.705,178.5391,40591.0,7371060.8
2022-06-23,181.3316,185.6836,178.7205,183.5076,37200.0,6762656.65
2022-06-24,185.6836,197.1075,185.3209,190.2169,109116.0,20911558.3
2022-06-27,190.3982,193.6622,187.2793,189.3828,74167.0,14105377.05
2022-06-28,188.5849,192.8281,186.554,191.9939,114779.0,21897512.9
2022-06-29,188.6212,192.139,186.4089,187.098,47074.0,8908518.8
2022-06-30,187.098,189.6729,184.233,185.2847,31310.0,5847987.0
2022-07-01,187.2068,202.1848,183.5439,191.4862,510278.0,99734286.45
2022-07-04,192.2115,192.3929,187.4244,190.6158,42018.0,7984521.65
2022-07-05,190.0356,192.6467,187.1705,188.2585,67222.0,12768431.1
2022-07-06,188.2222,193.4083,187.1705,190.7246,47947.0,9118709.0
2022-07-07,192.0665,197.9416,191.1961,195.8744,83014.0,16252868.6
2022-07-08,194.3875,197.9054,192.8643,194.8953,48959.0,9546017.55
2022-07-11,192.2115,194.9315,188.9476,191.8489,76539.0,14650402.85
2022-07-12,191.8489,197.724,190.7609,194.315,98066.0,19046111.75
2022-07-13,198.0142,198.7395,192.7193,194.7865,57362.0,11248380.6
2022-07-14,194.3875,197.3614,190.7609,191.9214,41398.0,8018529.5
2022-07-15,191.9214,193.5897,187.642,191.7038,27748.0,5298128.6
2022-07-18,191.7038,196.7811,190.4708,196.5998,43223.0,8428780.95
2022-07-19,196.5635,205.0136,194.5689,201.9309,122578.0,24536938.5
2022-07-20,201.9309,211.3602,200.9155,206.1741,142613.0,29342547.45
2022-07-21,207.9511,210.8162,206.0653,207.8786,94913.0,19749147.5
2022-07-22,207.4434,221.007,206.2103,214.0801,248414.0,52968854.95
2022-07-25,212.5207,216.8726,208.9303,211.07,128661.0,27366052.65
2022-07-26,212.2306,212.2306,204.9048,205.7389,108628.0,22478608.6
2022-07-27,206.3554,206.3554,202.4024,203.4178,45869.0,9354180.5
2022-07-28,204.1069,204.397,202.0035,202.4386,46222.0,9392990.15
2022-07-29,202.9826,205.9565,200.6253,202.5112,67152.0,13648691.3
2022-08-01,202.2936,207.4434,201.4957,204.3608,60007.0,12273202.5
2022-08-02,204.5421,207.2621,200.4077,203.3453,73406.0,15015853.15
2022-08-03,203.0914,203.8168,200.3352,202.5474,60482.0,12243829.6
2022-08-04,203.5992,211.7954,201.3507,208.8578,143651.0,29595183.05
2022-08-05,210.1271,210.1271,202.4024,203.309,60548.0,12446689.95
2022-08-08,203.0914,210.8887,203.0914,208.205,120686.0,25083090.6
2022-08-10,203.1277,207.8061,199.4285,200.3715,167828.0,34040111.95
2022-08-11,200.3715,202.1848,196.9987,198.3043,177304.0,35412329.45
2022-08-12,199.1021,208.1687,197.4702,202.8376,349245.0,70940008.85
2022-08-16,203.2365,204.4696,200.4803,201.0968,64382.0,13017447.0
2022-08-17,201.3144,210.1996,201.2419,204.5421,326461.0,66791813.55
2022-08-18,205.2674,210.3084,202.0035,202.62,131863.0,27104623.5
2022-08-19,203.0914,205.4125,198.1955,199.5373,118314.0,23903068.05
2022-08-22,197.2888,198.9571,193.6622,194.4963,97374.0,18986852.2
2022-08-23,192.9369,197.2888,191.3049,193.6622,100364.0,19369481.1
2022-08-24,199.356,221.9499,198.7032,211.3964,2616821.0,559486775.35
2022-08-25,214.0439,214.5879,207.2258,208.7853,472761.0,99753392.5
2022-08-26,208.2413,216.8726,206.7543,212.0492,231209.0,48415554.25
2022-08-29,207.4434,207.661,203.164,204.9773,154209.0,31672779.4
2022-08-30,205.6664,208.0962,203.5266,205.3037,184396.0,37896155.0
2022-09-01,204.5421,216.8001,203.853,206.2466,429334.0,89993530.95
2022-09-02,207.2258,211.614,205.4125,209.6194,268545.0,56096734.05
2022-09-05,210.7074,226.3019,209.8007,223.0742,1137293.0,248429302.1
2022-09-06,230.2549,231.9957,219.1574,222.6027,549213.0,122963078.6
2022-09-07,221.9499,224.0171,219.8102,220.0278,178908.0,39545853.05
2022-09-08,221.9499,223.727,216.9089,217.7068,201792.0,44225494.0
2022-09-09,219.3388,232.032,218.4684,226.9547,496812.0,112632399.45
2022-09-12,228.4053,235.0058,223.872,224.8875,817356.0,186175289.55
2022-09-13,226.6646,227.3173,221.8049,222.639,200890.0,44893792.15
2022-09-14,216.9452,221.9499,216.8001,219.1937,140461.0,30857538.9
2022-09-15,219.774,225.5766,217.598,218.0332,230009.0,50575770.05
2022-09-16,218.3958,219.8828,204.252,206.4279,233776.0,49364083.15
2022-09-19,209.5801,211.7059,206.7578,209.3602,96869.0,20254955.0
2022-09-20,210.753,230.8753,210.4231,217.3138,1050875.0,233824214.35
2022-09-21,219.8428,225.9272,212.9888,215.6278,345404.0,76374870.3
2022-09-22,215.811,222.1153,212.6589,214.6015,336844.0,73248245.35
2022-09-23,215.2979,215.811,211.8892,212.8788,97996.0,20887302.5
2022-09-26,212.5856,213.3186,207.0877,207.8941,124417.0,26033079.15
2022-09-27,209.9833,213.2453,208.0407,208.7371,119759.0,25126427.65
2022-09-28,207.0144,209.4335,204.632,205.9881,118698.0,24584648.6
2022-09-29,207.4542,213.172,206.1714,206.6479,107399.0,22373218.2
2022-09-30,208.5538,208.5538,201.2966,202.1762,267476.0,54306549.65
2022-10-03,202.726,204.2654,197.9978,199.7205,155933.0,31273148.15
2022-10-04,202.6527,202.7627,196.7516,200.3803,133919.0,26772247.35
2022-10-06,201.883,205.1451,201.883,203.2758,128255.0,26110556.2
2022-10-07,202.0296,203.7156,200.8567,201.5531,97971.0,19751487.25
2022-10-10,200.3069,205.4017,198.6942,201.883,96309.0,19516465.55
2022-10-11,201.6264,203.3125,197.8879,199.4273,87099.0,17505902.2
2022-10-12,199.3906,200.6368,197.9245,199.3173,41983.0,8358138.85
2022-10-13,200.4902,201.5531,197.1915,199.3906,90651.0,18065077.35
2022-10-14,201.5531,202.1396,197.9245,198.511,79738.0,15878474.75
2022-10-17,199.0974,200.5269,194.2593,196.0552,72360.0,14231186.5
2022-10-18,198.1078,203.3858,197.6313,198.3277,93379.0,18683031.3
2022-10-19,199.0974,200.8567,196.0919,196.6417,74150.0,14654197.45
2022-10-20,196.6783,198.8775,195.7254,198.0345,54304.0,10729336.75
2022-10-21,198.9874,201.5898,197.7413,199.0974,47830.0,9548906.3
2022-10-24,200.8567,201.5898,199.1341,200.8567,12790.0,2570589.75
2022-10-25,199.7938,205.1818,199.7572,203.7523,53465.0,10849060.05
2022-10-27,205.9148,208.5171,202.3595,207.7841,88782.0,18289878.2
2022-10-28,208.6271,208.847,205.9881,207.0877,87358.0,18108458.95
2022-10-31,205.2551,207.8574,201.5898,203.0925,67756.0,13803699.85
2022-11-01,203.2025,204.9252,200.1237,200.9667,72501.0,14621134.3
2022-11-02,200.1237,205.0351,200.1237,203.4224,41121.0,8356422.8
2022-11-03,203.0559,205.9148,201.5898,203.789,31376.0,6380379.05
2022-11-04,205.2184,205.2184,201.6264,202.1029,25478.0,5175555.0
2022-11-07,204.1188,210.3864,202.6894,206.208,131277.0,27184993.3
2022-11-09,205.365,209.0669,203.2025,206.0614,45952.0,9478370.95
2022-11-10,204.8885,206.8311,204.522,205.7315,29616.0,6088068.15
2022-11-11,206.9044,209.2869,195.762,199.3906,341140.0,68439233.15
2022-11-14,197.1915,199.5372,174.1736,186.4889,247365.0,47031077.75
2022-11-15,184.7296,189.641,183.3734,184.7296,89760.0,16681077.95
2022-11-16,185.1694,186.159,180.3679,181.1376,92326.0,16812887.9
2022-11-17,181.2109,184.6929,179.5982,182.9702,56752.0,10334435.15
2022-11-18,184.1065,188.8347,180.2579,183.7399,64883.0,11873593.4
2022-11-21,183.2268,185.6459,179.3416,180.5878,51230.0,9309663.35
2022-11-22,180.6245,181.8706,178.9018,179.7814,30984.0,5579495.9
2022-11-23,179.305,182.2738,178.6452,179.8547,38992.0,7014751.2
2022-11-24,181.0643,183.8865,179.6348,182.2005,36068.0,6537683.9
2022-11-25,181.7973,183.9965,181.4675,182.6403,52594.0,9596279.85
2022-11-28,183.9598,183.9598,180.4045,180.9177,50452.0,9189270.65
2022-11-29,182.0173,188.2116,180.4045,182.4571,121971.0,22266240.1
2022-11-30,182.5304,183.1168,179.7081,181.0276,66039.0,12001635.9
2022-12-01,181.4308,187.3685,181.4308,183.3001,277720.0,51292418.55
2022-12-02,183.9965,185.4626,182.6037,184.363,144172.0,26571862.5
2022-12-05,184.7296,188.6147,182.6403,185.0228,165344.0,30640362.9
2022-12-06,183.6666,184.7662,182.7503,183.4467,64827.0,11909555.15
2022-12-07,184.2897,184.8395,181.834,182.3471,51360.0,9396942.5
2022-12-08,182.8969,183.63,182.1272,182.4571,45634.0,8341039.45
2022-12-09,183.2634,184.1065,180.4045,181.9806,55071.0,10069162.35
2022-12-12,183.8865,183.8865,181.1009,181.3942,53684.0,9754983.05
2022-12-13,182.4571,182.4571,180.2579,180.5511,39923.0,7232753.1
2022-12-14,181.5774,182.1639,177.2524,180.7344,133670.0,24211629.7
2022-12-15,180.9177,182.5304,178.2787,179.2683,76671.0,13774465.55
2022-12-16,180.2946,180.2946,178.0954,178.5352,30197.0,5404214.4
2022-12-19,179.2683,185.1694,177.399,181.4675,97927.0,17850513.45
2022-12-20,181.4675,182.8969,178.1321,179.195,49914.0,8965075.3
2022-12-21,179.5982,180.6978,174.2469,175.2732,78807.0,14020103.1
2022-12-22,176.3727,178.7918,170.0685,170.3617,59185.0,10223518.65
2022-12-23,170.0685,170.0685,164.6072,165.7068,64986.0,10824993.55
2022-12-26,165.7801,174.76,165.7801,172.1577,52307.0,8948163.0
2022-12-27,175.4198,175.4198,165.2303,172.5609,35075.0,6052342.5
2022-12-28,170.1418,174.2835,170.1418,172.2676,34776.0,5984978.35
2022-12-29,171.5346,181.0643,170.8015,179.0117,108733.0,19238746.7
2022-12-30,181.3575,185.9757,178.352,179.7081,284819.0,52038503.9
2023-01-02,181.7973,182.6037,178.8651,181.3209,42705.0,7716079.6
2023-01-03,182.3105,182.3105,180.3312,181.2109,34183.0,6192267.2
2023-01-04,182.1272,185.0594,180.4045,183.7399,213330.0,39068600.2
2023-01-05,185.0594,185.3526,179.8181,181.3575,57934.0,10577296.05
2023-01-06,182.0539,182.0539,177.7289,179.6348,57158.0,10289900.65
2023-01-09,183.1901,183.4467,180.4045,182.787,129318.0,23588672.95
2023-01-10,183.2634,184.7296,179.8914,183.6666,117088.0,21410143.2
2023-01-11,184.5096,200.8567,183.52,191.2904,1011102.0,196992635.8
2023-01-12,192.0601,196.7883,189.5677,190.6673,227510.0,43807071.3
2023-01-13,193.3429,197.8146,189.3478,190.2275,151030.0,29243399.95
2023-01-16,190.6673,195.3588,187.1853,188.1016,136799.0,26227186.6
2023-01-17,188.798,190.5573,185.6092,186.4156,55031.0,10323159.25
2023-01-18,186.2323,188.7613,185.5359,187.2952,101762.0,19045662.25
2023-01-19,186.3789,188.7613,183.9965,187.2586,153916.0,28703226.3
2023-01-20,190.594,190.594,187.002,187.0753,102763.0,19297942.9
2023-01-23,187.002,190.9605,184.0698,185.0594,245371.0,46061779.6
2023-01-24,185.9024,188.7613,185.8658,186.6355,96226.0,18026158.6
2023-01-25,185.9391,187.5885,184.8029,185.6092,48970.0,9096773.1
2023-01-27,184.8762,187.4052,180.9177,183.1535,230103.0,42325763.25
2023-01-30,183.5567,184.2897,178.9384,182.677,95805.0,17440779.5
2023-01-31,182.677,183.4834,180.6611,181.3942,49623.0,9040833.85
2023-02-01,183.0435,183.3368,177.399,178.4619,36362.0,6542907.85
2023-02-02,177.6189,186.9654,177.6189,181.0643,100904.0,18453017.8
2023-02-03,181.7973,216.9106,176.7759,209.6534,3026809.0,626407297.4
2023-02-06,217.2771,228.8594,216.2509,221.199,4993838.0,1107696163.25
2023-02-07,226.1471,227.0268,217.5704,218.6333,1999531.0,442746445.3
2023-02-08,218.8166,221.6755,218.0102,219.2564,1322468.0,290092316.1
2023-02-09,220.6492,227.2467,220.0261,226.477,2358493.0,527486614.85
2023-02-10,228.2729,229.8124,220.7958,225.524,2668481.0,604367317.2
2023-02-13,224.9149,225.8051,215.5434,216.34,1104234.0,242312037.2
2023-02-14,210.1548,210.9045,204.2977,204.6257,714713.0,148044080.25
2023-02-15,202.4234,214.5125,197.4096,212.6851,619878.0,129297015.0
2023-02-16,212.7788,213.7628,205.6565,206.4531,311498.0,65115186.0
2023-02-17,206.1719,208.0462,203.8291,204.3445,168835.0,34665934.1
2023-02-20,204.7662,205.7502,201.5331,203.0325,212697.0,43154701.05
2023-02-21,205.0005,205.0005,200.6896,202.1422,141146.0,28534205.05
2023-02-22,202.0017,202.3765,198.6748,199.5651,178057.0,35580836.1
2023-02-23,200.5022,202.2828,198.6748,200.2211,158713.0,31780333.05
2023-02-24,205.1879,205.1879,199.5182,201.3925,182632.0,36829653.05
2023-02-27,203.4074,203.4074,199.1434,199.9399,178113.0,35680795.3
2023-02-28,199.9399,201.1582,195.1605,196.1445,166989.0,32995572.2
2023-03-01,194.9262,197.4565,193.7548,196.0039,208331.0,40642684.45
2023-03-02,196.8005,199.1434,195.3479,197.6439,111636.0,22023677.0
2023-03-03,198.0188,199.6119,196.1913,196.5662,152513.0,30087738.0
2023-03-06,198.6748,199.6119,193.9891,194.6451,193063.0,37859046.35
2023-03-08,194.5513,195.3479,191.5525,192.4428,204043.0,39282327.65
2023-03-09,193.9891,193.9891,188.3662,190.381,311902.0,59747188.35
2023-03-10,190.2405,190.2405,187.4759,188.085,164401.0,30944884.15
2023-03-13,187.429,189.3033,185.5548,186.445,147855.0,27598016.0
2023-03-14,186.445,187.101,183.2119,185.133,143898.0,26553447.95
2023-03-15,185.5079,189.1628,185.133,187.9913,115011.0,21568928.0
2023-03-16,186.117,188.3662,182.0405,183.3525,246302.0,45433056.6
2023-03-17,184.5239,185.0393,179.6039,181.0565,97084.0,17675949.75
2023-03-20,183.6336,185.1799,177.0736,178.9947,184107.0,32952800.85
2023-03-21,179.557,181.4782,177.4953,178.4324,152472.0,27300546.0
2023-03-22,183.3993,187.2416,176.1833,178.1982,273042.0,49400731.05
2023-03-23,178.1982,180.3536,177.1204,178.0576,113231.0,20196942.85
2023-03-24,178.1044,179.0884,172.1067,173.9342,367435.0,64582577.85
2023-03-27,176.5582,176.5582,168.7799,169.7639,295213.0,50662080.1
2023-03-28,172.341,172.341,160.2518,161.0953,537688.0,87732941.1
2023-03-29,161.0953,174.2153,158.893,167.421,793237.0,131638354.95
2023-03-31,167.421,172.9033,167.421,169.6233,641597.0,109349957.6
2023-04-03,172.997,177.7764,169.8107,175.3399,192635.0,33307828.55
2023-04-05,176.933,183.493,170.373,180.3536,316157.0,55744260.55
2023-04-06,180.4005,185.3673,178.9947,184.1022,129360.0,23546710.95
2023-04-10,185.9765,186.0233,182.4153,184.7113,53029.0,9757206.35
2023-04-11,184.5707,186.445,180.869,182.0405,125095.0,22942371.45
2023-04-12,182.0405,185.0862,182.0405,184.0553,48665.0,8931386.75
2023-04-13,184.6176,185.6485,181.3845,182.3685,123721.0,22649221.5
2023-04-17,183.6805,183.6805,180.1193,181.853,41544.0,7540897.5
2023-04-18,181.8062,187.5228,177.2142,180.1662,113373.0,20611305.8
2023-04-19,181.2439,182.6965,177.6359,180.1193,68780.0,12405975.05
2023-04-20,180.9627,182.181,179.4633,180.2599,52830.0,9526446.65
2023-04-21,180.3536,181.8062,176.6519,178.0107,71709.0,12788001.5
2023-04-24,178.1982,179.3227,176.1833,176.605,59158.0,10486525.95
2023-04-25,177.4953,179.4633,176.933,178.9479,83564.0,14920614.05
2023-04-26,178.1044,182.181,178.1044,181.525,65006.0,11742491.35
2023-04-27,181.8062,183.2587,180.213,181.8999,97816.0,17774528.75
2023-04-28,182.9307,183.5867,179.6976,180.7285,125924.0,22844813.2
2023-05-02,182.7433,184.6645,181.7593,183.9616,58585.0,10747969.75
2023-05-03,184.0085,191.6462,184.0085,189.5845,275133.0,52059539.55
2023-05-04,190.2405,194.4576,190.2405,192.1148,114266.0,21996127.4
2023-05-05,192.1148,193.3331,189.3033,190.0062,46753.0,8909156.75
2023-05-08,193.0051,193.0051,189.8656,192.1148,76396.0,14634755.35
2023-05-09,194.5045,194.7856,192.3491,192.8176,48625.0,9401272.3
2023-05-10,193.8953,193.8953,190.0999,190.7559,33869.0,6486675.4
2023-05-11,191.9273,195.1605,190.4279,193.8485,55841.0,10749742.85
2023-05-12,193.5205,196.3319,192.8645,194.8793,59566.0,11590520.35
2023-05-15,196.7536,197.7376,188.8348,192.9113,173915.0,33982783.3
2023-05-16,192.9113,193.8953,176.1833,177.6827,639681.0,116576814.05
2023-05-17,170.6073,175.1524,170.6073,173.0439,379934.0,65776179.7
2023-05-18,173.4187,174.6839,172.4347,172.9033,109965.0,19055862.7
2023-05-19,173.3719,173.8404,171.029,172.3879,88839.0,15332997.6
2023-05-22,174.2153,174.3559,169.6233,170.373,94026.0,16103220.55
2023-05-23,171.3101,171.8724,167.4678,170.373,168414.0,28479766.1
2023-05-24,171.029,179.4633,170.6073,177.3079,228322.0,40236936.7
2023-05-25,179.7445,181.525,175.3399,175.9022,70431.0,12553571.35
2023-05-26,176.1364,179.3696,176.1364,177.7764,64005.0,11385392.45
2023-05-29,180.3067,180.4942,178.1044,179.5102,95156.0,17094383.65
2023-05-30,180.3067,180.9627,177.7764,180.3067,67936.0,12193901.55
2023-05-31,180.1193,182.2279,177.7296,178.8542,76586.0,13745533.15
2023-06-01,178.1513,180.7753,178.1513,179.1353,67345.0,12089860.9
2023-06-02,180.3536,183.3056,178.573,181.7593,129233.0,23399950.6
2023-06-05,183.5867,183.5867,181.7593,182.2747,95390.0,17435356.85
2023-06-06,182.6496,186.6793,182.2747,185.0862,182638.0,33841349.45
2023-06-07,185.789,186.6325,184.7582,185.3205,82840.0,15381245.95
2023-06-08,186.2108,186.2108,180.869,181.7125,74430.0,13593228.2
2023-06-09,182.5559,182.5559,176.2302,179.1353,65790.0,11836465.8
2023-06-12,179.2759,183.3993,179.2759,181.0565,69552.0,12604240.45
2023-06-13,182.2279,182.6496,180.1193,182.3685,44569.0,8116363.5
2023-06-14,183.3056,184.5239,181.7125,183.3525,56093.0,10255433.25
2023-06-15,184.149,186.3982,183.6336,184.9925,66498.0,12313379.6
2023-06-16,185.7422,188.8348,185.5548,186.9605,104349.0,19544650.75
2023-06-19,188.2256,191.0371,188.1788,189.5376,91494.0,17335675.7
2023-06-20,190.3342,190.3342,187.4759,188.085,42148.0,7952266.85
2023-06-21,189.1628,190.1468,184.6176,185.5079,76083.0,14270106.05
2023-06-22,186.8199,189.4908,184.9456,185.9765,68740.0,12874410.25
2023-06-23,186.4919,186.4919,179.9319,181.8062,93791.0,17148503.7
2023-06-26,184.3365,185.2736,179.9319,181.6187,82043.0,14944528.35
2023-06-27,182.5559,184.149,180.9159,181.6187,64166.0,11692033.5
2023-06-28,182.9307,184.6176,180.0256,181.9936,54120.0,9833163.45
2023-06-30,184.3365,184.3365,180.9159,182.509,66262.0,12100078.45
2023-07-03,183.5399,184.6176,181.853,183.6805,53600.0,9810294.3
2023-07-04,183.6805,186.3982,183.165,184.2427,60728.0,11212958.55
2023-07-05,184.1959,189.0222,183.6805,186.6793,101390.0,18944017.4
2023-07-06,186.6793,188.3662,185.5548,186.445,75024.0,14019805.25
2023-07-07,186.445,187.8976,184.6645,186.8668,97345.0,18133885.1
2023-07-10,187.3353,189.0222,185.6953,186.3045,110607.0,20736540.7
2023-07-11,187.2416,188.2725,184.9456,186.5856,49499.0,9232885.5
2023-07-12,187.429,187.6165,185.5548,186.3513,59228.0,11033687.3
2023-07-13,187.429,187.8508,184.0553,184.5239,75817.0,14097841.3
2023-07-14,185.3673,187.429,183.7273,184.9456,86342.0,15974996.25
2023-07-17,185.8828,199.7994,185.8828,197.5034,747173.0,146725254.85
2023-07-18,199.7525,201.0176,193.4268,194.8793,182895.0,35943505.1
2023-07-19,196.8005,200.0805,193.0988,196.5194,163165.0,32176414.7
2023-07-20,196.6131,198.6748,193.0519,194.3171,91704.0,17969082.7
2023-07-21,193.9891,198.6279,192.7708,196.0039,114773.0,22484819.1
2023-07-24,196.0039,198.4874,191.0839,192.0679,149052.0,28825796.05
2023-07-25,192.9582,194.4108,185.4142,186.5388,154240.0,29081699.2
2023-07-26,186.4919,189.397,184.2896,188.2725,101275.0,18950289.55
2023-07-27,189.2565,192.1148,186.6325,187.7102,124594.0,23641935.4
2023-07-28,188.2256,192.9582,188.2256,192.5833,177980.0,34108589.35
2023-07-31,193.0519,194.6919,190.9433,193.2862,105782.0,20410697.8
2023-08-01,194.8325,194.9262,192.1148,193.9422,86961.0,16836516.1
2023-08-02,193.7079,197.6439,188.1319,190.6153,116640.0,22525628.3
2023-08-03,188.8816,192.1148,187.0542,188.5536,75660.0,14281918.8
2023-08-04,191.3651,191.7868,188.3662,190.5685,49887.0,9480438.2
2023-08-07,193.9891,196.3319,191.7399,195.4416,127900.0,24800304.45
2023-08-08,197.7376,201.3925,193.8485,199.0496,288550.0,57033381.7
2023-08-09,200.4554,202.0954,194.9262,199.1902,144752.0,28822779.65
2023-08-10,199.1902,199.7525,195.8633,197.6439,181708.0,35823508.35
2023-08-11,199.3776,200.3616,194.9262,198.1125,162364.0,32241581.0
2023-08-14,186.0233,189.2096,179.9319,185.8828,336729.0,62242862.0
2023-08-16,185.8828,187.3822,182.509,185.461,154536.0,28491192.15
2023-08-17,183.7742,186.9605,183.2119,185.2736,119308.0,22074111.9
2023-08-18,185.2736,191.8805,184.6176,187.8039,201880.0,38051940.0
2023-08-21,188.8348,199.2371,188.8348,196.4725,256541.0,49901321.95
2023-08-22,196.3319,202.1891,195.8165,197.0816,201079.0,39883767.9
2023-08-23,198.1125,204.2977,196.8005,197.8314,254726.0,50938652.2
2023-08-24,199.2371,200.7365,196.4256,197.3628,98277.0,19541315.2
2023-08-25,197.3628,199.8931,194.5982,195.4885,105826.0,20844532.1
2023-08-28,195.4885,199.1434,194.7856,197.3159,91749.0,18153835.15
2023-08-29,198.5342,207.5308,198.4874,204.4382,397858.0,81064721.5
2023-08-30,204.4382,213.6223,203.7354,210.6234,412321.0,86341186.35
2023-08-31,212.1697,214.5594,206.7342,210.9982,260822.0,55058454.95
2023-09-01,212.5445,212.6851,207.1091,208.3274,122829.0,25725767.75
2023-09-04,210.2954,217.8863,210.2485,216.8085,461561.0,99423203.45
2023-09-05,218.636,221.6348,212.8257,215.0748,441475.0,95771398.35
2023-09-06,215.0748,217.6051,211.748,213.4817,171478.0,36755901.2
2023-09-07,212.3102,215.3091,211.8417,212.5445,73284.0,15608372.1
2023-09-08,213.716,216.4805,211.748,213.2005,110058.0,23500849.05
2023-09-11,215.5434,218.308,210.9514,217.5114,353142.0,76291571.4
2023-09-12,219.1983,219.1983,203.0325,206.8748,371672.0,77480379.55
2023-09-13,207.7651,213.716,204.2977,211.2794,161266.0,33754758.5
2023-09-14,211.2794,214.3662,209.4273,211.4219,295338.0,62769522.7
2023-09-15,212.5141,215.6009,209.9022,210.662,90542.0,19227128.95
2023-09-18,211.2319,213.3689,208.4775,208.9049,133476.0,28103070.95
2023-09-20,209.9497,209.9497,205.1058,206.0556,69603.0,14444154.15
2023-09-21,206.0556,213.1315,203.9186,210.8995,217437.0,45567287.9
2023-09-22,208.9524,210.852,204.2985,205.8656,170071.0,35292959.0
2023-09-25,206.9104,210.567,206.1031,208.525,119505.0,24953123.1
2023-09-26,209.4273,212.7516,208.1926,209.5223,125773.0,26514579.75
2023-09-27,210.6145,210.9945,207.6227,208.81,130558.0,27262853.1
2023-09-28,208.7625,209.8547,198.5998,201.0692,117947.0,23936906.2
2023-09-29,201.1167,208.4775,199.4546,200.3569,392405.0,79363610.55
2023-10-03,200.4519,210.662,200.4519,205.3907,305481.0,62969770.0
2023-10-04,204.2035,205.3432,198.5048,200.0245,142353.0,28753243.4
2023-10-05,201.7341,204.2035,199.882,201.9715,227992.0,46117518.15
2023-10-06,205.8181,207.0054,201.4491,204.8209,308005.0,62867630.65
2023-10-09,204.8209,204.8209,197.2701,198.6473,270751.0,54428854.7
2023-10-10,200.3094,201.7816,198.5048,199.2646,212234.0,42363369.0
2023-10-11,200.7368,206.9104,200.6418,205.2483,180890.0,36864304.85
2023-10-12,206.293,213.6538,205.6757,208.81,547147.0,114954962.6
2023-10-13,208.43,213.6538,206.9104,211.9917,405802.0,85817794.35
2023-10-16,217.5005,221.2521,213.7963,214.9835,516438.0,112156059.25
2023-10-17,215.1735,218.4503,213.3214,214.6511,179292.0,38777239.6
2023-10-18,214.6511,216.2658,209.5698,213.4639,116602.0,24867141.55
2023-10-19,210.852,214.4612,199.5496,213.3689,102638.0,21693646.55
2023-10-20,212.0392,214.4612,210.1396,213.179,90671.0,19288153.55
2023-10-23,211.3269,213.084,200.5943,202.4464,285746.0,59059778.2
2023-10-25,203.4912,207.4328,199.6445,202.9688,127249.0,25889326.25
2023-10-26,202.114,206.4355,196.0354,203.5861,129203.0,25749309.65
2023-10-27,204.6309,207.7652,202.8263,206.1506,106642.0,21883432.85
2023-10-30,208.62,208.7625,200.6893,203.3487,102197.0,20939602.5
2023-10-31,204.2035,208.0026,201.8765,203.7761,83781.0,17185576.95
2023-11-01,201.5441,204.2035,192.8061,196.6527,203203.0,40401820.8
2023-11-02,193.7559,193.7559,182.3585,183.2608,810727.0,151204353.4
2023-11-03,184.2106,192.8061,183.4982,192.0463,541145.0,102437916.55
2023-11-06,194.7057,203.0163,192.4262,197.5075,653644.0,129328127.15
2023-11-07,198.4098,200.4044,196.5577,198.6473,151789.0,30076204.1
2023-11-08,199.4071,202.209,196.4153,198.2199,157226.0,31239382.75
2023-11-09,199.9295,201.3067,196.6052,197.65,133674.0,26540191.0
2023-11-10,198.3148,200.8793,196.2728,199.2646,136044.0,27057818.9
2023-11-12,207.5277,208.2401,201.3541,203.8236,128178.0,26257580.05
2023-11-13,203.2537,203.2537,200.6418,202.2564,72024.0,14538221.6
2023-11-15,204.2035,205.1533,201.0692,201.6866,169713.0,34406392.85
2023-11-16,202.3039,203.2062,197.9824,198.9797,122108.0,24418308.5
2023-11-17,198.9797,201.2117,195.9404,197.555,149179.0,29590368.4
2023-11-20,197.555,201.4491,197.0326,198.5048,99692.0,19838737.95
2023-11-21,199.4546,199.4546,195.6554,196.4628,100122.0,19771664.4
2023-11-22,196.6052,198.7897,191.8563,192.3787,180558.0,35138932.5
2023-11-23,192.3787,195.5605,192.1887,192.6161,116305.0,22551044.65
2023-11-24,193.281,197.0801,193.091,194.9431,113845.0,22157679.85
2023-11-28,197.0326,198.1249,193.4709,194.6582,179014.0,35060592.7
2023-11-29,195.6554,199.3596,193.7559,194.5157,242511.0,47657578.25
2023-11-30,195.4655,197.0801,191.9988,194.0408,158121.0,30664106.0
2023-12-01,195.4655,203.2537,194.4207,198.4098,400114.0,79893014.05
2023-12-04,201.7341,204.7734,196.8902,199.4071,352581.0,70703932.1
2023-12-05,202.019,203.3962,197.65,200.8793,271270.0,54388636.75
2023-12-06,199.5021,206.1031,199.5021,204.4409,388265.0,79195272.05
2023-12-07,205.1533,206.0081,203.2537,205.1058,235299.0,48236620.9
2023-12-08,205.9131,206.0081,200.0719,200.7843,162364.0,33060845.8
2023-12-11,204.2035,205.2008,201.4491,203.7761,115888.0,23574306.15
2023-12-12,204.156,210.3296,203.2537,204.3935,276964.0,57251285.1
2023-12-13,205.3432,205.3907,201.8765,204.0135,78275.0,15919572.5
2023-12-14,205.0583,205.9606,200.4044,200.9742,141481.0,28675076.05
2023-12-15,202.209,204.6309,201.6391,202.3039,122286.0,24821651.4
2023-12-18,204.2035,206.293,202.3039,203.8236,160884.0,32824147.1
2023-12-19,204.8683,208.0501,203.6811,204.5359,164907.0,33879669.0
2023-12-20,205.5332,213.0365,198.5998,200.1669,463835.0,96366811.4
2023-12-21,197.0801,204.251,194.8006,201.3541,152884.0,30645550.7
2023-12-22,202.3989,206.9579,201.4016,202.7788,113991.0,23225153.1
2023-12-26,202.7788,205.9131,202.7788,204.5359,140142.0,28669177.8
2023-12-27,205.1533,206.3405,198.3623,200.3569,206371.0,41592697.1
2023-12-28,201.4491,206.7204,200.4044,203.2537,155334.0,31506744.75
2023-12-29,206.9579,206.9579,202.1615,203.3962,153558.0,31371284.0
2024-01-01,203.3962,208.62,201.8765,206.4355,212689.0,43850993.7
2024-01-02,206.4355,209.7122,203.9186,207.7177,169246.0,35011134.9
2024-01-03,208.0026,210.2821,206.6254,207.4328,214123.0,44641806.25
2024-01-04,208.525,220.2074,208.0976,216.6932,638665.0,136677032.4
2024-01-05,216.6932,233.1244,213.2264,230.0851,1904906.0,430959493.85
2024-01-08,237.256,249.3182,232.697,242.7647,2803433.0,677576344.6
2024-01-09,245.0442,246.8488,237.4459,238.9656,499773.0,120695827.95
2024-01-10,239.7729,260.0983,239.1555,248.5109,2283902.0,574383588.0
2024-01-11,251.7877,252.2626,243.1446,245.5666,438232.0,108318407.0
2024-01-12,247.2287,248.1785,239.3455,240.1528,256537.0,62195890.0
2024-01-15,242.1948,243.2871,233.6943,234.6441,330631.0,78222676.75
2024-01-16,234.6441,239.8679,229.8002,230.56,257011.0,60343768.5
2024-01-17,230.56,243.1921,228.3755,235.119,636580.0,151540566.45
2024-01-18,233.6468,236.1162,226.3335,230.655,260739.0,60315228.95
2024-01-19,234.5966,237.6359,229.1353,230.75,293567.0,68179811.65
2024-01-20,233.7418,235.9263,230.1326,233.4093,185246.0,43119975.6
2024-01-23,236.9235,236.9235,217.5005,220.2074,339577.0,76844797.95
2024-01-24,219.4,225.4787,218.9726,223.1517,239657.0,53290935.4
2024-01-25,223.1517,228.8504,217.5005,220.3498,318371.0,70612361.5
2024-01-29,220.5398,227.9481,220.5398,224.7188,184393.0,41423361.4
2024-01-30,226.9033,242.1474,223.0567,239.298,1006347.0,237997271.9
2024-01-31,240.1053,244.0944,234.3591,237.5409,707416.0,170149122.15
2024-02-01,237.7309,238.3957,230.7974,235.4989,149413.0,35045265.7
2024-02-02,236.6861,239.3455,229.8951,233.0294,170008.0,39745016.1
2024-02-05,235.2614,237.1135,230.1801,231.8422,137012.0,32033008.35
2024-02-06,233.2194,239.1555,229.3728,236.2587,184938.0,43459986.85
2024-02-07,236.2587,239.3455,232.0797,236.4012,152736.0,36186942.55
2024-02-08,237.8258,237.9208,225.0987,227.3782,329274.0,75517939.05
2024-02-09,228.328,230.8924,219.59,224.5289,190163.0,42490359.7
2024-02-12,238.3957,248.8433,224.3389,227.6157,1265765.0,302580585.45
2024-02-13,228.7079,237.256,223.8165,231.8422,644141.0,149412062.0
2024-02-14,231.8422,235.4989,229.4203,231.2248,259848.0,60391257.45
2024-02-15,232.697,250.268,230.6075,243.3346,2859542.0,699757786.1
2024-02-16,248.321,250.173,243.2871,246.7063,650804.0,160743539.45
2024-02-19,246.089,255.4918,243.3346,250.6479,831455.0,209094823.75
2024-02-20,251.7877,253.8772,247.9885,249.4607,302378.0,75756317.6
2024-02-21,249.4607,251.5027,238.3957,239.7729,500915.0,122524496.2
2024-02-22,241.1501,246.4689,234.6441,242.0049,345457.0,83686174.25
2024-02-23,241.2451,243.5245,238.4432,240.2953,193089.0,46400441.35
2024-02-26,241.1976,241.1976,234.5966,235.8313,122136.0,28985384.55
2024-02-27,237.4459,239.4405,229.7052,232.2696,225040.0,52676294.7
2024-02-28,232.2696,236.3062,225.6211,228.423,212554.0,48798800.1
2024-02-29,229.3253,230.37,224.2914,227.1408,119318.0,27044130.6
2024-03-01,228.8979,236.3062,228.2805,230.2276,477173.0,110790644.75
2024-03-02,231.5098,237.8258,231.5098,233.6468,30067.0,7040593.55
2024-03-04,234.5966,235.5939,229.6577,233.1244,112226.0,26064371.2
2024-03-05,234.5491,234.5491,228.0906,228.6604,90911.0,20938076.7
2024-03-06,229.5627,229.5627,219.0201,219.8274,167965.0,37380810.0
2024-03-07,221.2046,224.1964,220.0174,220.3023,88158.0,19548335.95
2024-03-11,223.1992,224.054,211.3744,212.7041,259443.0,56114211.15
2024-03-12,217.9754,217.9754,204.4884,206.2455,216203.0,45069883.2
2024-03-13,207.2903,208.9524,193.7559,195.8454,341963.0,68967567.0
2024-03-14,196.7952,208.0976,193.376,203.2537,196954.0,40103176.05
2024-03-15,202.7788,208.0501,201.8765,205.1533,146281.0,30068764.95
2024-03-18,208.2401,210.8995,202.8263,204.1085,165957.0,34332127.15
2024-03-19,204.2035,208.2401,202.1615,202.6364,91703.0,18721443.15
2024-03-20,204.1085,204.8209,201.0692,202.2564,62035.0,12584447.0
2024-03-21,204.2035,205.0583,202.3039,202.7313,137869.0,28019729.55
2024-03-22,202.114,206.6729,199.9295,201.1642,193651.0,39389924.1
2024-03-26,201.1642,205.8181,199.0272,200.2619,234846.0,47538675.55
2024-03-27,201.2117,204.6784,199.787,200.8793,219783.0,44474790.95
2024-03-28,200.7368,206.293,200.4044,201.0217,168117.0,34201709.8
2024-04-01,201.3541,211.2794,201.3541,208.525,257764.0,53368472.0
2024-04-02,209.6648,214.6511,208.3825,212.4666,94903.0,20042395.35
2024-04-03,214.4612,218.6402,209.1899,217.6904,304930.0,65336326.35
2024-04-04,218.4028,222.3444,218.4028,220.5398,150161.0,33085876.8
2024-04-05,220.8247,223.1992,216.8356,219.1151,130194.0,28691721.75
2024-04-08,222.3919,223.864,219.4475,222.0119,79193.0,17582820.5
2024-04-09,222.3919,223.1992,218.6877,221.1571,95550.0,21122555.35
2024-04-10,222.2494,222.2494,216.9781,219.0201,105327.0,23145233.15
2024-04-12,219.0676,220.3498,215.9808,217.7854,73896.0,16086743.6
2024-04-15,213.7013,213.7013,206.5305,211.7068,103469.0,21767918.4
2024-04-16,211.4219,213.5114,210.757,212.3716,53502.0,11345020.75
2024-04-18,214.1762,215.1735,209.9497,212.7041,83751.0,17836479.35
2024-04-19,209.9497,213.6538,207.5277,212.1817,90275.0,18988054.85
2024-04-22,212.9415,219.59,212.3241,214.7936,62687.0,13427333.3
2024-04-23,214.6036,217.7854,214.2712,216.5982,79922.0,17278346.95
2024-04-24,217.5005,227.3307,216.5982,223.6741,195505.0,43442691.1
2024-04-25,225.2887,230.2751,223.6266,226.8558,205954.0,46849791.2
2024-04-26,228.138,228.518,220.3973,223.3416,92995.0,20853259.05
2024-04-29,225.7636,229.1353,221.1571,222.8667,152746.0,34105462.0
2024-04-30,223.9115,226.0485,223.0567,223.4366,74544.0,16697968.25
2024-05-02,224.7663,225.7636,216.4082,220.8722,105397.0,23376375.7
2024-05-03,221.917,224.7663,220.1599,223.4841,103401.0,23023306.25
2024-05-06,225.0038,227.1408,218.9251,219.59,123305.0,27383629.75
2024-05-07,220.6348,222.5343,214.6511,220.9672,126584.0,27751500.8
2024-05-08,220.9197,223.1992,219.3051,221.2996,93441.0,20649156.3
2024-05-09,222.4393,222.4393,210.9945,213.4164,71355.0,15452626.45
2024-05-10,215.6009,218.3553,210.4246,217.3105,97465.0,20974355.35
2024-05-13,218.1653,219.3051,212.6091,216.3607,124980.0,26968630.2
2024-05-14,216.3607,222.2494,216.3607,219.495,116488.0,25653658.85
2024-05-15,218.5452,222.5343,216.7406,217.9754,71253.0,15648743.25
2024-05-16,218.9251,219.8274,215.6484,218.7827,53219.0,11615568.55
2024-05-17,218.7827,233.5993,209.2848,210.6145,1511661.0,333147028.2
2024-05-18,209.7597,210.4246,204.4409,206.578,256306.0,53117598.4
2024-05-21,212.6091,212.6091,205.3432,209.0474,251456.0,52274451.55
2024-05-22,211.8018,213.7013,209.9022,212.0392,224288.0,47468896.6
2024-05-23,212.7041,214.5561,210.947,212.1342,170236.0,36286698.35
2024-05-24,211.8018,214.4612,209.8072,210.5196,136456.0,28917113.9
2024-05-27,211.4693,212.7041,209.2374,209.4748,98801.0,20755443.1
2024-05-28,209.9022,210.4246,204.5834,205.2008,150013.0,30888336.7
2024-05-29,205.1533,208.1451,205.1533,206.4355,87931.0,18171819.7
2024-05-30,206.1031,207.2428,202.2564,202.9213,118927.0,24253792.6
2024-05-31,203.7286,204.2985,200.4044,203.0638,75368.0,15245817.25
2024-06-03,210.3771,213.6064,207.0529,208.3351,224283.0,47005647.9
2024-06-04,208.9524,210.852,191.8088,196.8427,257311.0,51830895.45
2024-06-05,200.7368,211.9442,197.9824,208.62,171806.0,35155771.3
2024-06-06,209.9022,212.2767,206.7204,209.0474,192075.0,40171679.2
2024-06-07,210.947,212.5141,208.81,210.2346,112616.0,23736856.15
2024-06-10,212.1817,213.9103,208.0501,211.2889,182509.0,38641475.1
2024-06-11,212.5141,212.9415,210.4721,210.966,115238.0,24399511.87
2024-06-12,210.947,220.2074,210.947,216.3607,348450.0,75567693.01
2024-06-13,217.4055,219.2101,213.9483,218.5547,142120.0,30846748.14
2024-06-14,219.685,223.6741,218.5547,220.6538,366955.0,81282258.05
2024-06-18,222.2019,222.8383,216.0093,217.187,206813.0,45067553.16
2024-06-19,218.1653,220.8152,212.7136,214.7176,145430.0,31303441.72
2024-06-20,214.6511,218.7922,213.7108,217.3105,142589.0,30857502.88
2024-06-21,218.3553,223.1992,215.5059,219.5235,309901.0,68332415.6
2024-06-24,218.4503,219.9509,214.7081,216.1518,80762.0,17489592.12
2024-06-25,216.7881,217.225,215.088,216.3322,78960.0,17074615.81
2024-06-26,217.263,222.4393,215.4204,221.1286,188002.0,41169419.81
2024-06-27,221.2046,222.1544,217.0826,218.8682,102814.0,22512189.12
2024-06-28,218.4503,219.6945,217.3105,217.8899,61935.0,13530122.82
2024-07-01,216.5507,225.0038,215.9618,222.1354,152226.0,33580961.25
2024-07-02,223.7595,236.4961,222.2494,233.0199,737638.0,170718442.94
2024-07-03,234.2167,234.929,227.9956,229.8477,164484.0,37872601.08
2024-07-04,230.56,230.5695,224.1585,224.8423,76082.0,17227952.82
2024-07-05,226.001,226.9888,222.4204,224.073,93973.0,21087334.1
2024-07-08,225.0513,229.6767,220.2358,223.3796,146246.0,32740840.41
2024-07-09,224.2914,228.4135,223.1992,226.21,91651.0,20705945.41
2024-07-10,226.21,238.3957,222.4014,232.8775,849693.0,198235278.57
2024-07-11,234.4636,236.4961,227.8721,229.7622,279578.0,64642191.78
2024-07-12,230.655,232.697,228.8979,231.2533,172573.0,39865750.21
2024-07-15,232.9345,233.1719,227.9481,229.0118,102959.0,23645262.01
2024-07-16,228.423,234.2072,228.423,230.8069,128320.0,29726340.95
2024-07-18,231.9847,233.1814,224.149,227.2832,144273.0,32873051.32
2024-07-19,226.0485,226.9983,221.2521,223.0567,103417.0,23087267.97
2024-07-22,223.1042,227.5017,220.3973,223.5126,59078.0,13266889.41
2024-07-23,224.4624,230.3226,213.2929,224.2344,352120.0,77879374.61
2024-07-24,225.0987,232.697,224.3104,228.5749,139680.0,32153048.35
2024-07-25,227.9481,234.5681,226.3715,231.4908,192538.0,44596940.25
2024-07-26,232.4406,239.9629,232.4406,235.6413,297143.0,70319932.26
2024-07-29,237.351,257.4864,236.9805,248.055,1067488.0,265890900.07
2024-07-30,248.321,254.0197,245.5666,246.9723,294513.0,73649244.12
2024-07-31,248.226,261.1905,245.2816,247.6941,1742420.0,446307838.34
2024-08-01,249.3182,292.5334,248.3684,272.5879,5991441.0,1664718104.5
2024-08-02,265.9394,276.1021,260.2407,261.4755,2093686.0,560428312.85
2024-08-05,256.4416,258.3412,246.9913,248.6534,668479.0,168692280.95
2024-08-06,254.542,262.2828,245.994,247.6086,773959.0,196552020.25
2024-08-07,250.8379,262.1403,250.8379,258.5786,636619.0,163777475.3
2024-08-08,256.4416,259.8608,249.2707,250.268,352591.0,89612259.95
2024-08-09,253.1174,258.1037,250.458,255.0169,304791.0,77442085.8
2024-08-12,255.9667,256.2991,248.6059,249.8881,296999.0,74705822.8
2024-08-13,251.2178,258.1987,246.9438,248.6059,560603.0,141671934.4
2024-08-14,249.5082,254.5895,246.2314,253.1174,383505.0,96262909.25
2024-08-16,254.9219,255.7293,251.0278,253.2123,161058.0,40747681.25
2024-08-19,255.2069,257.3914,252.405,254.3521,243515.0,61960701.7
2024-08-20,255.4918,261.0955,253.6872,258.5311,477760.0,123212436.4
2024-08-21,259.4334,265.9394,256.7265,262.0928,428195.0,111571310.4
2024-08-22,263.375,263.9449,257.3439,258.8636,298795.0,77928002.05
2024-08-23,259.7658,260.1932,256.4416,259.006,213034.0,55059264.05
2024-08-26,260.7156,260.7156,253.2123,253.9722,344509.0,88154340.15
2024-08-27,255.4443,259.8133,254.2096,257.8188,304844.0,78375996.6
2024-08-28,258.4836,262.3778,257.4864,260.5257,501350.0,130593118.8
2024-08-29,260.5257,261.0955,255.0169,258.1987,428093.0,110356925.2
2024-08-30,261.0955,261.0955,256.5841,258.0562,346912.0,89691307.45
2024-09-02,261.0481,261.9029,256.5366,259.101,340051.0,88038628.1
2024-09-03,259.1485,261.5229,256.7265,258.0087,298754.0,77410373.35
2024-09-04,256.0142,257.6288,254.7795,256.2042,244055.0,62537600.65
2024-09-05,257.7713,265.512,255.3019,259.6234,673765.0,175599965.6
2024-09-06,259.6234,262.9001,256.5841,258.9585,473660.0,122675101.75
2024-09-09,259.101,260.6681,252.595,255.4918,544245.0,139286632.25
2024-09-10,256.4891,258.7686,255.0169,255.8717,527102.0,135122866.25
2024-09-11,256.8034,256.8034,246.751,248.3201,411941.0,104032376.85
2024-09-12,249.497,251.5075,245.2308,246.6039,200084.0,49597636.2
2024-09-13,248.124,250.0364,243.3675,246.1135,178189.0,43893648.7
2024-09-16,247.0942,248.075,243.2204,244.9366,135379.0,33165888.4
2024-09-17,245.1818,245.9174,240.2782,240.7195,106337.0,25699776.35
2024-09-18,240.9647,241.455,236.9437,238.0715,131771.0,31493357.35
2024-09-19,238.5129,239.9349,230.9613,234.1977,205360.0,48276569.85
2024-09-20,235.6688,236.061,229.3921,230.3238,251464.0,58059717.7
2024-09-23,230.3238,232.1381,226.4009,227.2345,312206.0,71181406.0
2024-09-24,228.5585,233.364,227.5287,228.9017,195387.0,44937054.5
2024-09-25,229.0979,234.3938,226.7441,231.893,287124.0,66071922.15
2024-09-26,233.5112,239.1013,225.8124,228.2152,512620.0,118726561.4
2024-09-27,228.6566,233.364,227.3326,229.6863,193851.0,44628907.25
2024-09-30,228.4604,230.7161,226.6951,229.5392,111713.0,25591410.5
2024-10-01,229.4902,236.061,228.9017,234.3938,182498.0,42545539.04
2024-10-03,229.4902,231.5399,221.8405,223.1351,259181.0,58674562.62
2024-10-04,222.6251,225.5673,218.967,221.1932,139672.0,31135627.86
2024-10-07,225.6163,229.0881,214.8773,216.4073,249378.0,54685931.23
2024-10-08,216.3975,223.3116,212.8178,220.948,194680.0,42691124.53
2024-10-09,222.7722,226.548,215.5638,217.7313,199672.0,43903155.57
2024-10-10,218.9964,233.2954,218.9964,223.3802,264637.0,59384548.44
2024-10-11,224.8709,226.5284,222.2426,223.1351,90028.0,20173145.27
2024-10-14,225.175,229.4902,222.6251,223.4685,53151.0,11896545.49
2024-10-15,224.4688,224.969,220.6636,221.0461,64066.0,14255924.5
2024-10-16,220.7715,223.5764,220.4675,220.8303,58530.0,12967778.73
2024-10-17,221.8111,221.8699,218.3099,218.7414,67164.0,14761507.78
2024-10-18,218.1137,219.7515,215.76,216.7309,73096.0,15926650.28
2024-10-21,217.7018,219.6339,212.8276,213.4455,213083.0,45994976.39
2024-10-22,215.1617,216.2504,204.0403,205.9723,177759.0,37307603.43
2024-10-23,204.3247,209.9345,200.8726,207.4434,111654.0,23038426.38
2024-10-24,209.1891,210.8465,207.3748,209.1793,57130.0,11944589.19
2024-10-25,209.1793,210.16,201.0491,202.5398,146145.0,29724296.33
2024-10-28,203.599,209.8756,182.072,188.329,467134.0,91416921.71
2024-10-29,188.2996,190.7514,184.6709,186.4362,201577.0,37658517.72
2024-10-30,188.0054,193.2033,186.7403,191.5556,106779.0,20412837.51
2024-10-31,191.1437,195.8414,190.2611,194.0859,132062.0,25611434.55
2024-11-01,195.8022,199.8232,195.8022,198.9503,55316.0,10981668.13
2024-11-04,198.9503,198.9503,193.6152,194.8999,91667.0,17896020.82
2024-11-05,194.9195,196.5377,193.0169,196.0376,83448.0,16273664.46
2024-11-06,196.3416,202.0298,195.5374,200.4705,131915.0,26175662.54
2024-11-07,201.0491,202.0298,196.1454,197.2242,102433.0,20381467.04
2024-11-08,197.7146,198.4894,192.4971,195.0176,83835.0,16300330.16
2024-11-11,196.6162,196.6162,186.3382,188.6037,151203.0,28742413.62
2024-11-12,188.8881,192.35,188.2016,189.2215,72540.0,13803451.52
2024-11-13,186.8285,189.1332,184.6415,185.5928,112669.0,20970941.21
2024-11-14,187.1718,187.7112,183.445,185.4849,71215.0,13206357.57
2024-11-18,187.0737,187.4268,182.8174,183.6412,73308.0,13477427.51
2024-11-19,184.3277,188.7115,183.4156,184.9946,55739.0,10405783.17
2024-11-21,185.8478,185.8478,179.7575,180.6892,113642.0,20616742.98
2024-11-22,181.4345,187.3189,180.4636,184.3179,139595.0,25798828.34
2024-11-25,186.3382,197.1262,186.3382,195.3314,135884.0,26230094.28
2024-11-26,198.254,200.4999,194.792,197.4302,88019.0,17374386.14
2024-11-27,197.4302,200.0389,190.6828,196.675,88601.0,17356712.92
2024-11-28,196.1454,200.1468,195.0372,197.0085,59205.0,11697286.61
2024-11-29,196.2926,200.0684,196.2926,198.4305,81355.0,16129192.72
2024-12-02,197.9009,201.9219,196.1356,201.0295,60790.0,12114464.71
2024-12-03,201.9808,209.6795,199.4701,207.6101,132242.0,27167867.49
2024-12-04,207.6101,212.2686,206.7667,208.0221,119774.0,25135817.0
2024-12-05,209.3362,211.7292,207.5219,209.7874,70104.0,14731584.16
2024-12-06,210.7583,211.2388,208.0711,209.6206,36122.0,7563330.56
2024-12-09,210.8564,212.808,208.8949,210.111,47143.0,9922443.43
2024-12-10,210.366,210.366,205.3349,205.9527,63739.0,13179583.05
2024-12-11,205.9527,207.0315,202.3731,203.9716,50641.0,10373862.15
2024-12-12,204.7268,204.7268,197.4694,199.1072,51145.0,10292261.64
2024-12-13,197.1262,200.5587,197.1262,199.5584,50713.0,10104358.47
2024-12-16,200.5587,205.9527,200.5489,205.4525,67607.0,13808986.0
2024-12-17,205.3643,210.67,200.8627,204.7072,102005.0,21096050.79
2024-12-18,202.6182,206.5019,198.5973,199.9311,92169.0,18575552.72
2024-12-19,198.1069,203.9913,196.6358,203.04,55539.0,11179300.55
2024-12-20,201.3531,204.7955,200.0684,202.3633,57898.0,11698379.72
2024-12-23,203.3538,203.697,193.5661,196.2926,68491.0,13578595.11
2024-12-24,197.1164,200.2547,196.067,198.4011,37645.0,7450954.79
2024-12-26,196.1454,199.2838,196.1454,197.8225,35545.0,7018011.55
2024-12-27,195.8512,200.0585,194.0075,196.5475,39354.0,7736554.97
2024-12-30,196.5574,197.6165,190.8593,192.9287,46176.0,9000236.44
2024-12-31,192.2225,210.8465,191.3987,202.3731,291712.0,59470154.74
2025-01-01,202.3731,210.3464,201.0491,208.8459,93016.0,19267487.0
2025-01-02,206.8354,212.6707,205.4624,208.4143,189999.0,39853035.36
2025-01-03,209.2382,218.7022,206.7177,209.856,420290.0,89999295.46
2025-01-06,210.9054,211.5821,202.8144,204.6091,82598.0,17021287.99
2025-01-07,203.9913,206.4431,202.5202,205.4133,56455.0,11547201.3
2025-01-08,205.9527,206.0508,202.7163,204.2463,66643.0,13623316.81
2025-01-09,204.972,222.6153,204.0011,209.2676,754511.0,161738969.77
2025-01-10,207.1786,208.8361,199.0876,201.8042,159897.0,32394917.87
2025-01-13,201.4512,201.4512,186.4362,190.3493,242600.0,46825246.89
2025-01-14,192.7129,201.8337,192.7129,200.7843,124995.0,24654750.46
2025-01-15,201.0491,201.0491,196.1454,197.695,48247.0,9544640.52
2025-01-16,201.0197,202.9027,197.4204,199.5388,71827.0,14313490.54
2025-01-17,199.0974,208.7968,197.6165,206.8942,480653.0,96923178.61
2025-01-20,205.9723,210.3268,202.0298,205.58,79069.0,16232469.55
2025-01-21,207.2277,208.8949,201.0197,202.6575,103874.0,21311126.36
2025-01-22,202.6281,203.5401,193.6348,199.0484,188226.0,37623882.66
2025-01-23,196.1553,201.4021,196.1454,197.7833,33680.0,6693132.4
2025-01-24,199.627,199.6368,190.6926,193.8505,84725.0,16505788.58
2025-01-27,196.0474,196.6456,185.5144,187.211,166333.0,31611929.94
2025-01-28,186.8383,188.3879,176.5309,181.4443,127612.0,23191715.54
2025-01-29,185.073,191.2516,182.2289,185.1221,109112.0,20340332.82
2025-01-30,187.9073,189.7707,185.4555,189.0254,48985.0,9203498.25
2025-01-31,188.2996,191.026,183.396,188.8684,188199.0,34959830.59
2025-02-01,191.2222,192.2029,185.7988,187.2797,46152.0,8683221.31
2025-02-03,186.3382,186.4853,180.8461,181.464,113555.0,20775191.25
2025-02-04,184.3669,186.5932,180.4538,182.9252,64873.0,11937144.63
2025-02-05,197.1262,197.1262,182.4447,185.5536,215192.0,40420906.48
2025-02-06,187.6622,187.7014,183.3175,184.3669,56201.0,10421771.96
2025-02-07,183.4941,186.6226,181.9543,184.8965,74561.0,13731920.89
2025-02-10,176.5505,183.7785,176.5505,180.4048,94498.0,17111403.5
2025-02-11,181.9249,182.3858,171.6273,174.8048,108683.0,19204029.12
2025-02-12,170.9408,173.5789,163.2028,164.9093,243573.0,40602086.67
2025-02-13,164.9093,169.6658,163.2028,164.3307,98180.0,16362141.35
2025-02-14,165.5468,165.5468,153.9742,157.6127,191600.0,30309561.14
2025-02-17,155.3766,162.3005,155.3766,161.5062,84699.0,13539104.5
2025-02-18,162.9478,162.9478,156.8281,158.2698,73598.0,11711571.58
2025-02-19,156.9262,162.4084,156.9262,160.7608,55635.0,8955453.14
2025-02-20,160.0056,163.3892,159.7114,162.2319,47228.0,7636985.99
2025-02-21,162.5555,168.6753,161.4375,162.075,76046.0,12514875.16
2025-02-24,160.447,161.8886,157.0144,158.5836,68474.0,10863856.87
2025-02-25,157.0144,160.7706,156.9164,157.4754,54758.0,8665165.39
2025-02-27,156.9458,159.7703,155.9356,156.5633,46712.0,7338118.04
2025-02-28,157.2988,157.5931,152.3069,153.4152,73676.0,11358416.5
2025-03-03,157.1615,157.1615,144.6769,149.3942,116277.0,17419918.2
2025-03-04,148.5802,152.9934,147.217,150.0513,84156.0,12616881.75
2025-03-05,150.0905,162.4575,150.0905,160.4176,113492.0,17829855.16
2025-03-06,160.5941,163.3793,160.0547,161.9377,91526.0,14774386.65
2025-03-07,161.4277,165.4193,160.2018,161.0844,74363.0,12084296.88
2025-03-10,160.6431,162.4575,153.4838,154.5626,129700.0,20336454.6
2025-03-11,153.9153,154.1115,151.032,151.5518,75774.0,11542871.86
2025-03-12,151.1301,153.4544,146.9424,148.5704,235473.0,35119751.91
2025-03-13,149.1588,152.0127,148.0898,148.3154,116495.0,17355863.31
2025-03-17,149.659,154.3665,149.0705,151.2085,199558.0,30219996.03
2025-03-18,152.7973,157.4067,152.1696,156.5143,218372.0,33892367.66
2025-03-19,156.5731,159.8389,155.2982,158.8092,153275.0,24198353.53
2025-03-20,159.7605,162.8007,157.5931,158.0638,128685.0,20476124.52
2025-03-21,158.0638,168.6851,158.0638,166.8217,294326.0,48400827.32
2025-03-24,168.2928,172.402,164.2718,165.6056,237734.0,39619104.14
2025-03-25,166.9198,169.4795,160.4176,162.124,163875.0,27081960.54
2025-03-26,162.1142,163.399,157.2694,157.7598,256944.0,40919543.4
2025-03-27,155.9356,158.8778,152.6992,155.1805,210099.0,32847313.42
2025-03-28,154.5626,159.6624,152.9836,153.4054,479697.0,75299569.63
2025-04-01,152.9934,157.1125,152.8169,155.1609,96488.0,14947079.94
2025-04-02,156.122,157.6911,153.0229,156.8085,76387.0,11879310.99
2025-04-03,154.9549,159.4564,154.847,158.358,97846.0,15393727.17
2025-04-04,157.799,158.5247,154.1605,156.1318,116715.0,18223056.44
2025-04-07,151.9146,157.8971,148.2958,156.9654,124167.0,18866155.99
2025-04-08,158.0442,160.3489,156.7791,158.1913,50977.0,8053563.33
2025-04-09,158.2403,158.309,154.1311,157.3871,44740.0,6979478.57
2025-04-11,161.7121,161.82,156.4456,158.3678,50557.0,8031271.7
2025-04-15,161.7219,167.7044,159.123,165.6252,88642.0,14425271.8
2025-04-16,166.4196,168.3713,163.9482,165.4585,113293.0,18755076.18
2025-04-17,164.7622,169.4402,164.3208,166.7138,75985.0,12651356.96
2025-04-21,167.6553,169.0087,165.2525,166.6354,121495.0,20216334.07
2025-04-22,167.6553,169.1754,165.5566,167.1748,67784.0,11361626.39
2025-04-23,168.1947,170.8427,164.7622,167.2042,65775.0,10962770.01
2025-04-24,166.7236,169.146,166.4686,168.6949,49822.0,8355774.5
2025-04-25,168.6851,168.6851,161.82,165.4095,69922.0,11512819.5
2025-04-28,163.3499,168.1457,162.3104,166.5667,59852.0,9897127.23
2025-04-29,167.6847,167.9986,164.2914,165.8802,43557.0,7228879.85
2025-04-30,165.8802,165.9194,161.3787,162.7419,40077.0,6556898.25
2025-05-02,160.8393,165.9783,160.8393,162.7517,43098.0,7060536.68
2025-05-05,163.5363,166.3804,161.8102,165.6056,44254.0,7282910.31
2025-05-06,165.5468,166.8217,161.8298,162.4379,75340.0,12386846.25
2025-05-07,157.1615,163.958,157.1615,162.3888,40402.0,6556214.63
2025-05-08,163.8795,169.1656,162.0161,164.1639,47402.0,7856990.92
2025-05-09,165.1839,168.6851,158.8876,167.3807,113501.0,18471622.29
2025-05-12,169.7639,172.5786,164.772,168.4301,166094.0,28199197.0
2025-05-13,169.3716,171.4311,166.7334,168.9107,76204.0,12871004.18
2025-05-14,169.6658,173.5397,168.8028,172.2353,93150.0,15963478.12
2025-05-15,172.2157,175.6973,171.4409,173.3141,114992.0,19952733.16
2025-05-16,173.3533,174.7656,171.4311,173.1474,100625.0,17434134.26
2025-05-19,173.1474,176.1386,170.5092,172.1667,148790.0,25793953.86
2025-05-20,173.1474,176.4917,170.5583,171.9411,110810.0,19251942.95
2025-05-21,171.6763,174.1281,171.0683,172.5786,34279.0,5922810.31
2025-05-22,172.1176,181.2384,171.4311,177.0311,220740.0,39249413.12
2025-05-23,172.608,172.6963,165.7331,168.1163,280529.0,47167411.25
2025-05-26,169.6658,170.519,167.5082,167.9397,58818.0,9918635.13
2025-05-27,167.9397,168.636,165.1054,166.449,56774.0,9459367.88
2025-05-28,166.2333,168.6851,165.2525,167.8907,64369.0,10740824.87
2025-05-29,167.7044,167.9201,165.7429,166.2235,40596.0,6763463.1
2025-05-30,166.0371,169.6658,165.1937,168.7047,102952.0,17270543.71
2025-06-02,167.6063,168.636,165.0564,166.8315,97975.0,16375057.74
2025-06-03,167.214,168.3811,165.7429,166.3902,58266.0,9712078.09
2025-06-04,166.7138,166.9688,164.9877,166.4,29857.0,4960349.09
2025-06-05,165.5468,168.9695,164.7622,165.3506,56112.0,9352762.25
2025-06-06,164.8112,166.7138,164.2228,165.9587,48440.0,8017730.47
2025-06-09,166.7629,169.4697,166.3411,168.4203,73235.0,12323268.16
2025-06-10,169.1754,173.5789,168.8812,170.8035,106968.0,18320349.32
2025-06-11,170.9015,173.0003,168.9891,171.6371,67740.0,11602806.47
2025-06-12,172.5099,172.5099,167.165,168.636,42925.0,7276008.57
2025-06-13,166.7138,168.1947,163.8893,164.9681,85619.0,14163024.35
2025-06-16,165.7135,166.4294,163.497,164.7328,44983.0,7410858.35
2025-06-17,164.7328,168.6164,164.1247,165.2035,87564.0,14557562.92
2025-06-18,165.1937,166.1352,163.5363,165.4683,37414.0,6160728.88
2025-06-19,165.2623,165.4977,157.9069,161.5258,81289.0,13149296.68
2025-06-20,160.6431,164.213,158.9857,162.9871,41106.0,6669911.03
2025-06-23,162.8007,168.5576,160.5549,167.1944,102524.0,16959807.59
2025-06-24,167.469,169.4697,164.9583,165.4683,49073.0,8192876.02
2025-06-25,166.2137,179.0808,165.7429,170.4308,390722.0,67642363.31
2025-06-26,170.4308,171.6077,166.145,168.6262,116366.0,19603661.52
2025-06-27,167.4101,169.6658,167.4101,168.8714,48969.0,8256974.88
2025-06-30,168.7341,171.3232,168.1653,169.6364,63992.0,10853419.95
2025-07-01,169.911,170.3719,168.4889,169.6952,27615.0,4675719.55
2025-07-02,170.5975,170.5975,167.7044,168.3124,35614.0,6005344.15
2025-07-03,167.7044,169.1754,167.2336,168.5184,22071.0,3718101.44
2025-07-04,167.7044,169.862,165.7429,167.1355,54745.0,9172774.87
2025-07-07,168.587,169.4697,167.7142,168.2045,37156.0,6246383.74
2025-07-08,169.4697,169.5579,167.8024,167.9593,42726.0,7192353.92
2025-07-09,169.1754,170.6465,167.8024,168.4007,46989.0,7925587.19
2025-07-10,169.3716,169.3716,167.8024,167.8711,21606.0,3632658.06
2025-07-11,167.8024,168.6655,165.1741,166.9884,51276.0,8562848.02
2025-07-14,167.9986,167.9986,164.7818,166.0371,37317.0,6183881.21
2025-07-15,166.0273,170.1856,166.0273,166.5961,35635.0,5954334.52
2025-07-16,167.4101,173.1474,165.1054,167.7436,165976.0,28187178.46
2025-07-17,166.0862,168.8616,166.0862,167.6847,43933.0,7363113.26
2025-07-18,167.0865,169.3912,166.0371,167.3023,62366.0,10421677.06
2025-07-21,166.9688,168.8812,165.7625,168.2241,49840.0,8352482.97
2025-07-22,167.8024,169.1754,167.7828,168.4497,27585.0,4646546.43
2025-07-23,168.587,169.4599,166.7236,168.9989,43906.0,7392327.58
2025-07-24,169.4697,171.3821,167.2826,169.3912,48740.0,8249517.29
2025-07-25,168.6851,169.1754,166.7236,166.91,27804.0,4662740.22
2025-07-28,157.3871,158.8778,148.5704,150.1591,556994.0,85717949.71
2025-07-29,152.0127,152.0127,149.7963,150.8653,91806.0,13864252.3
2025-07-30,152.0127,152.0127,150.5514,151.1497,344401.0,52104770.62
2025-07-31,151.3262,152.0127,149.8649,151.0516,45578.0,6893605.49
2025-08-01,149.9532,152.0127,147.6975,148.943,75919.0,11424868.77
2025-08-04,150.2474,151.797,148.0015,149.3353,49213.0,7366482.18
2025-08-05,149.9532,150.5318,145.5791,146.0205,102998.0,15139092.97
2025-08-06,147.8348,147.8348,138.8906,141.5287,118425.0,16936845.04
2025-08-07,142.5487,143.5883,137.2234,138.4002,110091.0,15355898.89
2025-08-08,139.6556,144.1375,137.4685,139.5575,122819.0,17232807.8
2025-08-11,142.1956,142.1956,138.7827,139.8027,70085.0,9827501.4
2025-08-12,140.7834,143.0391,140.244,142.3231,71406.0,10127602.47
2025-08-13,142.3526,143.3627,141.2247,141.4895,66483.0,9448768.04
2025-08-14,141.4895,149.5021,140.4598,145.1574,153295.0,22309797.33
2025-08-18,146.2264,147.1091,142.7056,143.5294,69663.0,10028182.53
2025-08-19,144.1179,147.4131,143.5392,144.8338,68094.0,9883003.93
2025-08-20,143.9708,145.1476,143.7746,144.2159,37430.0,5406967.94
2025-08-21,144.2159,147.1091,144.2159,145.4811,43806.0,6391468.42
2025-08-22,145.3928,146.5206,143.9609,144.6769,36297.0,5261104.12
2025-08-25,144.7357,149.8551,144.2944,147.0012,136828.0,20165922.04
2025-08-26,147.0012,147.5896,143.4019,144.4219,32313.0,4676664.25
2025-08-28,145.128,146.7168,141.2247,145.4517,70213.0,10129011.54
2025-08-29,144.8534,147.472,144.1669,144.7455,53576.0,7811855.61
2025-09-01,144.7455,147.1091,144.569,146.1382,48911.0,7135936.87
2025-09-02,147.1091,149.1294,146.0793,147.825,49944.0,7346176.6
2025-09-03,147.825,150.2866,146.7168,149.6492,52176.0,7768965.08
2025-09-04,150.9339,151.5125,146.9424,148.5606,57021.0,8532049.89
2025-09-05,149.757,150.9339,148.08,149.3451,52800.0,7881101.29
2025-09-08,150.3945,152.6012,149.7669,151.5812,55917.0,8460404.19
2025-09-09,151.5812,153.4642,150.3553,151.2968,43628.0,6614571.72
2025-09-10,151.6989,153.3465,151.2968,152.66,82487.0,12554323.66
2025-09-11,152.94,152.94,147.6,151.39,157412.0,23818776.52
2025-09-12,151.39,152.34,150.0,151.72,73612.0,11136010.36
2025-09-15,151.46,153.0,150.7,152.06,45713.0,6933231.85
2025-09-16,152.06,152.96,151.0,151.39,43226.0,6558203.26
2025-09-17,151.39,154.01,151.39,152.36,61539.0,9384231.82
2025-09-18,152.36,154.29,150.65,152.02,65212.0,9915843.97
2025-09-19,151.41,151.89,150.15,150.42,52172.0,7869305.23
2025-09-22,150.42,153.42,149.5,149.57,132598.0,20071227.86
2025-09-23,149.06,150.52,147.55,148.18,51537.0,7673673.24
2025-09-24,147.6,148.51,145.81,146.03,44146.0,6480750.04
2025-09-25,146.0,146.69,145.4,145.76,18290.0,2672075.42
2025-09-26,145.15,145.39,141.15,143.96,51295.0,7346537.92
2025-09-29,143.5,144.79,141.31,142.55,39896.0,5715541.05
2025-09-30,142.01,151.12,141.12,147.95,66593.0,9625045.08
2025-10-01,149.0,150.7,147.92,149.39,46046.0,6886726.8
2025-10-03,148.07,149.9,148.0,149.36,19795.0,2951099.06
2025-10-06,149.2,153.01,148.99,150.89,52428.0,7920303.7
2025-10-07,151.85,151.85,149.51,150.18,14849.0,2234481.46
2025-10-08,149.09,151.0,149.0,149.17,9115.0,1361168.89
2025-10-09,148.25,149.26,147.1,147.47,11168.0,1651608.82
2025-10-10,147.0,148.5,146.0,146.89,64730.0,9502183.67
2025-10-13,146.5,151.0,145.71,147.4,28669.0,4210899.19
2025-10-14,148.7,148.7,144.0,144.98,18539.0,2703430.03
2025-10-15,144.25,146.5,144.25,146.1,144122.0,20973349.44
2025-10-16,145.6,147.95,145.35,146.66,20281.0,2972750.96
2025-10-17,147.5,147.51,144.99,145.65,15863.0,2314342.67
2025-10-20,146.8,149.78,144.73,146.64,25746.0,3758604.89
2025-10-21,146.0,148.0,145.5,147.38,11352.0,1669020.59
2025-10-23,147.38,152.12,141.8,150.25,68072.0,10183474.3
2025-10-24,148.15,150.19,147.12,148.79,17315.0,2574142.63
2025-10-27,147.53,148.79,146.71,147.53,19443.0,2866306.87
2025-10-28,146.3,148.0,146.3,147.29,15906.0,2340958.73
2025-10-29,147.0,148.49,146.55,147.23,25372.0,3738050.15
2025-10-30,147.0,147.86,146.0,147.34,16775.0,2465332.18
2025-10-31,146.01,147.6,145.1,145.97,18624.0,2726762.51
2025-11-03,145.01,146.79,145.01,145.76,11977.0,1746071.98
2025-11-04,145.01,146.6,145.01,145.79,14674.0,2137656.25
2025-11-06,145.1,145.41,143.5,144.43,15188.0,2191759.38
2025-11-07,143.52,147.66,142.61,146.82,19911.0,2886715.3
2025-11-10,146.0,147.0,141.35,142.5,46877.0,6729691.32
2025-11-11,142.5,146.48,141.51,144.43,16306.0,2347350.27
2025-11-12,140.0,143.8,139.2,142.04,68153.0,9658555.62
2025-11-13,140.1,144.07,140.1,142.34,51081.0,7278999.62
2025-11-14,141.02,142.8,137.81,140.22,46410.0,6514229.91
2025-11-17,140.0,141.24,139.1,139.95,57160.0,8004262.12
2025-11-18,139.05,149.15,139.05,141.22,53485.0,7633144.06
2025-11-19,142.7,142.7,139.1,139.79,17883.0,2514936.64
2025-11-20,139.79,142.5,137.0,138.55,53428.0,7473692.42
2025-11-21,139.98,143.39,139.93,140.24,82509.0,11654246.56
2025-11-24,140.25,141.31,139.75,140.19,40583.0,5687037.05
2025-11-25,140.0,141.44,138.0,139.56,59108.0,8291357.67
2025-11-26,139.93,140.68,137.06,138.8,49125.0,6829677.36
2025-11-27,137.5,140.1,137.5,138.72,24237.0,3365289.98
2025-11-28,138.72,139.9,137.81,138.41,47413.0,6575000.02
2025-12-01,137.41,140.9,137.41,138.09,27226.0,3779097.27
2025-12-02,138.09,141.6,136.48,137.36,111486.0,15490146.97
2025-12-03,136.05,137.8,136.04,136.26,19755.0,2694440.41
2025-12-04,136.5,137.29,136.01,136.14,18764.0,2560927.32
2025-12-05,136.14,138.0,136.0,137.07,30137.0,4122107.98
2025-12-08,136.1,136.99,132.65,133.06,55025.0,7377752.92
2025-12-09,133.06,134.09,130.57,132.52,41113.0,5445580.85
2025-12-10,132.62,134.81,132.62,133.65,12800.0,1711368.78
2025-12-11,133.01,135.81,132.0,133.99,25738.0,3427243.45
2025-12-12,135.1,136.0,132.3,135.1,31188.0,4180464.46
2025-12-15,133.5,135.74,133.0,135.18,28161.0,3780844.41
2025-12-16,138.3,138.3,133.51,134.21,15971.0,2149019.76
2025-12-17,135.4,135.4,133.45,134.78,16754.0,2255335.64
2025-12-18,134.0,135.08,132.82,133.1,22514.0,3016307.15
2025-12-19,132.0,135.0,132.0,134.26,23328.0,3110165.59
2025-12-22,135.4,136.5,133.18,134.37,31592.0,4261652.51
2025-12-23,134.0,135.6,134.0,134.5,504395.0,67804373.18
2025-12-24,135.7,138.27,134.91,136.26,49513.0,6764422.1
2025-12-26,137.0,146.0,136.95,141.78,185527.0,26351214.4
2025-12-29,142.47,142.53,136.54,138.68,36720.0,5100438.17
2025-12-30,138.68,145.3,138.68,141.07,65122.0,9296826.41
2025-12-31,140.36,142.89,140.01,141.36,38366.0,5422057.5
2026-01-01,139.05,145.06,139.05,141.38,47138.0,6699915.55
2026-01-02,141.2,141.99,140.02,140.58,50238.0,7084668.2
2026-01-05,141.78,142.48,138.01,139.27,32958.0,4586148.46
2026-01-06,139.27,140.18,138.85,139.0,37649.0,5246358.49
2026-01-07,138.31,144.0,136.89,142.34,1816663.0,251717700.58
2026-01-08,144.0,151.0,140.0,140.54,222507.0,32583254.14
2026-01-09,141.66,142.65,137.0,138.1,57500.0,8043655.37
2026-01-12,140.97,140.97,134.23,138.13,111508.0,15240572.53
2026-01-13,139.0,140.58,136.01,137.86,75812.0,10476795.34
2026-01-14,138.0,138.0,134.05,135.3,84048.0,11379390.3
2026-01-16,135.35,136.2,133.45,134.13,76120.0,10239391.73
2026-01-19,132.79,133.09,128.0,129.49,58919.0,7714657.87
2026-01-20,129.49,129.88,125.0,126.58,69007.0,8784704.57
2026-01-21,124.08,127.27,121.21,123.47,131584.0,16219277.81
2026-01-22,123.5,129.0,123.5,126.99,36424.0,4610017.87
2026-01-23,127.8,128.0,123.0,123.65,37534.0,4706541.87
2026-01-27,123.65,126.0,121.5,123.46,34401.0,4261296.12
2026-01-28,123.0,126.59,122.8,125.18,63041.0,7841575.08
2026-01-29,125.0,125.94,119.5,121.33,69110.0,8470660.83
2026-01-30,121.1,124.58,120.3,123.81,45058.0,5559244.0
2026-02-01,123.01,124.0,120.54,122.48,43621.0,5339073.61
2026-02-02,121.5,121.82,117.69,120.19,93616.0,11195075.61
2026-02-03,122.2,123.5,119.32,121.03,129168.0,15673440.22
2026-02-04,120.3,122.2,120.1,121.5,77528.0,9398410.63
2026-02-05,121.06,125.87,121.06,122.75,85131.0,10500226.27
2026-02-06,122.0,126.47,120.2,122.87,144456.0,17677654.99
2026-02-09,123.14,125.53,122.58,124.12,58077.0,7220353.09
2026-02-10,124.0,132.35,124.0,131.19,120643.0,15601478.25
2026-02-11,131.18,131.3,128.01,130.02,46056.0,5960537.98
2026-02-12,130.9,130.9,126.5,127.03,22693.0,2909709.97
2026-02-13,125.03,131.44,123.76,127.39,80264.0,10245203.49
2026-02-16,125.05,126.72,124.08,125.29,27905.0,3486065.58
2026-02-17,124.04,126.6,124.04,125.39,24644.0,3099494.08
2026-02-18,124.4,127.64,124.4,126.57,35230.0,4437660.36
2026-02-19,125.94,126.57,124.75,125.02,44975.0,5628885.61
2026-02-20,125.0,126.32,125.0,125.59,33681.0,4229941.37
2026-02-23,128.1,128.43,125.0,125.07,46627.0,5877886.46
2026-02-24,126.0,126.0,124.9,125.09,43598.0,5456551.29
2026-02-25,125.0,127.6,125.0,125.28,50584.0,6372123.66
2026-02-26,126.0,127.5,124.95,125.63,48329.0,6086162.54
2026-02-27,126.9,127.98,125.0,125.05,35082.0,4409306.82
2026-03-02,123.89,123.89,119.11,122.38,103153.0,12561822.34
2026-03-04,120.0,121.65,116.65,117.35,94962.0,11260652.08
2026-03-05,117.0,118.58,116.22,116.79,35194.0,4118441.11
2026-03-06,116.79,117.96,114.0,114.4,74507.0,8606256.58
2026-03-09,113.99,113.99,108.13,111.34,84418.0,9318503.4
2026-03-10,111.15,113.06,110.12,112.2,53108.0,5933008.16
2026-03-11,112.49,114.75,112.05,112.63,43365.0,4911138.72
2026-03-12,112.21,115.5,109.41,112.79,89936.0,10150233.28
2026-03-13,111.11,113.18,107.02,107.41,173718.0,18857738.7
2026-03-16,105.8,107.19,101.49,102.43,220345.0,22775987.32
2026-03-17,102.8,103.9,102.0,103.15,56140.0,5787378.59
2026-03-18,103.15,108.61,103.15,106.76,82160.0,8744500.38
2026-03-19,105.68,106.64,101.02,101.77,94691.0,9791998.15
2026-03-20,102.2,106.2,100.1,100.76,65350.0,6674906.2
2026-03-23,99.81,99.81,93.5,95.87,254289.0,24444090.73
2026-03-24,97.0,99.97,94.71,99.06,199103.0,19467329.82
2026-03-25,99.56,102.04,99.0,99.03,204468.0,20412818.81
2026-03-27,99.0,100.0,98.75,99.01,294029.0,29118882.21
2026-03-30,99.0,101.25,98.0,99.05,261948.0,26005781.7
2026-04-01,99.2,103.99,97.0,103.42,171106.0,17451139.97
2026-04-02,103.0,103.0,99.0,101.57,120842.0,12187104.57
2026-04-06,102.99,104.78,100.01,103.2,97060.0,9887622.24
2026-04-07,103.0,104.93,102.24,104.1,47360.0,4922903.32
2026-04-08,109.5,109.6,106.0,108.2,83146.0,8936172.16
2026-04-09,108.2,110.99,106.0,107.0,77644.0,8376184.37
2026-04-10,107.99,110.67,107.9,110.14,57002.0,6253998.54
2026-04-13,108.6,112.0,106.48,111.18,61073.0,6708288.85
2026-04-15,111.18,114.4,111.18,113.26,84145.0,9508190.29
2026-04-16,114.5,115.2,112.33,114.66,35211.0,4015662.95
2026-04-17,114.56,117.52,114.0,114.92,42101.0,4848524.75
2026-04-20,115.0,117.59,113.76,116.08,34761.0,4001846.19
2026-04-21,115.0,116.79,113.25,116.37,30220.0,3500044.04
2026-04-22,115.0,118.22,114.01,116.04,52599.0,6134454.62
2026-04-23,117.8,118.39,114.1,114.62,64992.0,7544642.43
2026-04-24,114.63,116.56,111.68,112.27,38359.0,4320416.22
2026-04-27,114.0,115.0,113.15,113.76,28507.0,3247552.17
2026-04-28,113.0,115.34,112.06,113.22,36760.0,4183297.6
2026-04-29,115.1,116.64,110.73,112.47,57062.0,6514251.38
2026-04-30,112.0,114.49,111.15,113.57,37158.0,4192237.47
2026-05-04,113.8,116.0,113.5,115.34,52279.0,6006891.62
2026-05-05,113.1,116.58,113.1,115.43,15119.0,1738482.17
2026-05-06,114.43,118.18,114.01,117.95,35515.0,4155080.34
2026-05-07,117.95,119.7,117.92,118.36,33496.0,3978771.42
2026-05-08,119.9,129.98,119.37,124.2,247329.0,31014976.47
2026-05-11,121.12,123.21,119.92,121.07,63639.0,7718371.53
2026-05-12,120.45,121.09,112.25,114.42,69071.0,8092844.11
2026-05-13,112.26,116.51,112.26,113.14,63806.0,7255179.35
2026-05-14,111.44,115.06,111.44,114.43,35540.0,4046876.1
2026-05-15,115.94,120.0,114.0,115.16,129489.0,15025946.04
2026-05-18,113.56,113.59,107.97,110.19,107115.0,11734580.74
2026-05-19,111.79,114.99,109.95,112.85,38955.0,4366121.59
2026-05-20,114.97,114.97,106.7,109.38,55833.0,6117564.86
2026-05-21,110.0,111.0,108.34,109.98,33188.0,3646102.16
2026-05-22,110.4,111.49,109.5,110.13,20408.0,2253382.2
2026-05-25,111.0,111.69,109.51,109.98,23965.0,2646693.44
2026-05-26,112.2,112.2,110.0,110.79,21012.0,2324390.23
2026-05-27,111.0,116.88,110.0,114.75,97281.0,11066542.62
2026-05-29,114.75,117.04,114.5,115.49,60116.0,6966899.79
2026-06-01,115.45,117.49,113.05,114.08,53847.0,6199979.61
2026-06-02,114.0,114.23,112.51,113.15,14410.0,1631075.12
2026-06-03,112.0,113.87,110.16,111.41,24348.0,2715447.91
2026-06-04,113.19,113.56,110.07,111.99,39283.0,4390864.74
2026-06-05,113.56,120.0,113.52,114.66,111288.0,12956897.06
2026-06-08,112.0,114.39,110.0,110.1,68276.0,7643556.86
2026-06-09,114.08,114.08,109.5,110.49,64739.0,7167375.76
2026-06-10,108.31,110.82,108.31,109.4,36397.0,4000118.04
2026-06-11,109.33,109.33,103.56,103.88,119312.0,12615825.57
2026-06-12,104.2,108.0,103.86,106.49,74289.0,7842034.2
2026-06-15,106.5,110.67,105.42,106.63,81237.0,8761967.46
2026-06-16,106.63,108.39,106.2,106.7,78430.0,8391363.24
2026-06-17,106.7,107.85,106.0,106.17,77677.0,8282645.73
2026-06-18,106.0,107.67,106.0,107.05,21492.0,2304373.57
2026-06-19,107.83,109.34,106.04,107.37,42493.0,4582284.99
2026-06-22,108.99,109.2,107.0,108.15,55956.0,6049964.66
2026-06-23,108.01,119.8,108.01,115.31,697302.0,81051388.95
2026-06-24,115.5,121.79,114.01,117.7,177709.0,20902620.57
2026-06-25,118.4,133.7,117.64,124.89,1164244.0,149054051.65
2026-06-29,124.0,124.89,118.9,122.06,75498.0,9151564.41
2026-06-30,120.6,130.9,120.12,127.53,171799.0,21912425.6
2026-07-01,127.53,130.33,126.11,127.49,46464.0,5956927.78
2026-07-02,126.15,130.0,125.15,127.02,72537.0,9256490.15
2026-07-03,125.52,131.99,125.52,129.62,75406.0,9724127.43
2026-07-06,128.0,131.0,126.5,127.54,39292.0,5039278.13
2026-07-07,127.1,128.16,125.83,126.32,15746.0,1998671.24
2026-07-08,125.85,128.32,121.0,122.93,37272.0,4642722.48
2026-07-09,122.93,125.78,122.0,122.92,19224.0,2369627.71
2026-07-10,124.0,125.07,122.32,123.79,23233.0,2867999.16
2026-07-13,123.79,124.9,120.66,121.24,42712.0,5224567.67
2026-07-14,121.67,123.5,119.1,119.99,22651.0,2754743.49
2026-07-15,119.1,125.65,119.1,121.91,70077.0,8603079.08
2026-07-16,121.38,129.0,121.0,124.66,60349.0,7559926.22
2026-07-17,123.96,124.04,121.0,122.51,12027.0,1471625.96
2026-07-20,123.0,123.99,121.0,122.04,15913.0,1943848.01
2026-07-21,121.9,123.05,121.0,122.03,9153.0,1114545.15
2026-07-22,122.03,123.35,118.74,119.15,13210.0,1594198.86
2026-07-23,119.57,120.13,114.99,115.84,60251.0,7050680.59
2026-07-24,115.84,117.6,114.4,116.45,33664.0,3899789.02
2026-07-27,117.0,119.0,116.3,117.6,20370.0,2392279.7
2026-07-28,117.01,118.31,115.0,115.97,25940.0,3025530.53
2026-07-29,115.32,117.27,115.32,115.98,14765.0,1714741.48
2026-07-30,115.5,116.0,113.35,113.68,23634.0,2703740.84
2026-07-31,113.64,116.69,111.72,113.69,121702.0,13788290.4
2026-08-03,113.69,118.2,113.69,115.76,46794.0,5467228.0
2026-08-04,117.79,117.79,115.0,115.67,23606.0,2738770.17
2026-08-05,118.2,118.46,115.51,116.6,20415.0,2392795.07
2026-08-06,118.99,119.56,114.45,115.65,35529.0,4150236.04
2026-08-07,114.72,116.59,114.09,114.68,32993.0,3788361.13
2026-08-10,116.15,116.15,113.1,113.22,31935.0,3640487.84
2026-08-11,113.8,114.99,113.01,114.15,23427.0,2673109.47
2026-08-12,114.55,116.8,111.44,114.07,32582.0,3696305.73
2026-08-13,114.09,114.38,112.81,113.23,14522.0,1648654.91
2026-08-14,113.23,113.99,112.0,112.42,16450.0,1852859.91
2026-08-17,114.05,114.05,109.0,110.93,47851.0,5334153.9
2026-08-18,110.93,114.05,110.93,113.46,31820.0,3607062.21
2026-08-19,113.55,123.68,112.99,117.41,82230.0,9687842.76
2026-08-20,115.1,118.78,115.06,116.63,23941.0,2791451.97
2026-08-21,115.1,118.0,115.1,115.43,10377.0,1202567.99
2026-08-24,115.0,118.94,109.82,113.47,78233.0,8833156.34
2026-08-25,113.45,117.14,111.02,112.31,30424.0,3446741.45
2026-08-26,115.0,116.49,112.01,115.16,21593.0,2470711.98
2026-08-27,115.16,115.16,113.0,113.13,17247.0,1964077.23
2026-08-28,112.1,114.7,111.13,112.04,50189.0,5646531.05
2026-08-31,112.99,115.83,110.0,114.16,78515.0,8805079.35
2026-09-01,112.01,114.79,110.0,111.46,26044.0,2913474.12
2026-09-02,110.01,112.48,110.01,112.12,18298.0,2037978.49
2026-09-03,110.06,114.17,110.06,111.14,17942.0,1999914.67
2026-09-04,112.75,112.75,110.09,110.95,34674.0,3842538.59
2026-09-07,110.95,111.48,107.62,110.68,28994.0,3199428.65
2026-09-08,110.74,113.43,110.18,110.99,18635.0,2082167.69
2026-09-09,110.99,112.7,110.0,110.06,17754.0,1958140.05
2026-09-10,110.07,112.63,108.63,109.7,25559.0,2810584.91
2026-09-11,109.7,109.98,108.0,109.3,18765.0,2043006.23
2026-09-15,108.4,109.97,104.51,105.68,93068.0,9909560.82
2026-09-16,106.0,106.0,102.48,103.49,35794.0,3717329.94
2026-09-17,105.55,108.49,103.01,107.72,68251.0,7277284.02
2026-09-18,107.5,110.0,106.68,109.29,47797.0,5166055.71
2026-09-21,108.0,112.0,107.26,107.64,33099.0,3574024.23
2026-09-22,107.15,109.81,107.0,107.67,40045.0,4323960.46
2026-09-23,109.85,110.7,107.15,107.7,57092.0,6166916.1
2026-09-24,107.7,109.4,106.0,107.77,8880.0,955457.44
2026-09-25,108.5,108.5,106.0,106.36,11374.0,1210904.85
2026-09-28,106.0,108.31,104.94,105.06,23277.0,2462935.42
2026-09-29,105.2,106.75,102.0,103.84,13158.0,1365689.59
2026-09-30,106.0,106.0,103.3,104.19,13484.0,1405962.13
2026-10-01,106.0,106.0,99.35,101.65,76841.0,7789519.9
2026-10-05,103.7,103.7,101.0,101.49,52602.0,5342358.86
2026-10-06,100.32,102.5,100.3,101.48,17508.0,1778683.83
2026-10-07,101.15,103.0,100.62,101.3,15356.0,1560014.03
2026-10-08,101.05,110.0,100.06,103.3,58342.0,6107962.19
