date,open,high,low,close,volume,value
2011-01-03,66.1741,67.2704,65.1277,66.3735,11327922.0,752440723.8
2011-01-04,66.8718,67.7687,65.0281,65.3769,16209934.0,1077669903.0
2011-01-05,65.5762,66.5728,64.1311,64.6294,10112421.0,659261165.85
2011-01-06,65.2772,65.4267,61.0417,61.3905,19287955.0,1207938587.2
2011-01-07,62.0881,62.6861,60.8423,61.1912,18857171.0,1165390401.7
2011-01-10,61.7891,62.2874,58.6,59.0983,15872996.0,959768554.65
2011-01-11,59.5966,59.5966,54.215,55.1617,33493244.0,1884556533.8
2011-01-12,55.7099,59.198,53.9658,58.7495,34899640.0,1960096179.55
2011-01-13,58.7993,61.4403,57.4539,59.5966,29696989.0,1756388780.55
2011-01-14,59.6963,60.6929,56.6566,57.2546,23456303.0,1380153412.55
2011-01-17,57.3044,58.6,55.3611,56.7065,15426545.0,880533869.8
2011-01-18,56.8061,57.9522,55.3611,57.4041,16619107.0,942045088.45
2011-01-19,57.3044,59.2976,56.0088,58.8491,21568132.0,1251295241.15
2011-01-20,58.2512,58.899,56.7563,57.7031,18797161.0,1085866105.3
2011-01-21,58.1017,58.7495,56.4573,56.9556,14556097.0,837562591.7
2011-01-24,57.3044,58.002,56.557,57.7031,9889533.0,567740237.75
2011-01-25,57.8027,58.4007,55.5604,55.7597,17929969.0,1020188772.05
2011-01-27,56.3078,56.8061,52.7201,53.1187,20248223.0,1098830533.55
2011-01-28,52.9194,53.2682,48.4347,50.8764,36131514.0,1829270469.9
2011-01-31,50.4279,50.7767,46.7405,47.8866,36182237.0,1759966262.65
2011-02-01,48.8333,48.8333,42.206,42.9036,95065643.0,4234776426.75
2011-02-02,44.1493,46.89,43.8503,44.9964,64849054.0,2923141383.85
2011-02-03,44.8469,46.591,44.1493,46.292,39301883.0,1795484697.45
2011-02-04,46.1425,46.1425,42.4551,42.9534,43798587.0,1927878320.05
2011-02-07,43.2524,45.8435,43.2524,44.0995,22266459.0,987626392.1
2011-02-08,44.8469,44.8469,40.5117,40.9602,39202848.0,1645262151.0
2011-02-09,40.8605,40.8605,36.5752,37.5718,57117454.0,2189664649.95
2011-02-10,35.0803,37.3724,32.1901,35.8776,85123125.0,2955308931.15
2011-02-11,35.8776,35.8776,33.4359,34.7315,63939604.0,2199280040.45
2011-02-14,34.7813,37.2728,34.4325,36.1267,47457305.0,1718614479.8
2011-02-15,35.0803,36.6748,33.984,34.8311,88463366.0,3114108627.8
2011-02-16,34.7315,38.5185,32.9874,38.0701,105811945.0,3883934214.15
2011-02-17,37.9704,38.4687,36.4755,36.625,66333639.0,2473408981.55
2011-02-18,36.3759,37.0735,33.685,34.0338,63631660.0,2250583781.0
2011-02-21,34.881,35.5287,33.685,35.1301,41393096.0,1435156573.15
2011-02-22,34.6816,35.5287,34.2332,34.881,33370448.0,1162045353.0
2011-02-23,34.6816,36.5752,34.283,35.0803,37985167.0,1352084815.7
2011-02-24,35.4789,35.6284,33.8844,34.0837,31216028.0,1078793817.8
2011-02-25,34.4823,35.1301,30.5956,33.1867,49969609.0,1648209126.45
2011-02-28,33.7349,35.0803,33.2366,33.7349,45270891.0,1541776843.1
2011-03-01,34.1335,35.1799,33.7349,34.881,35130459.0,1211619026.25
2011-03-03,34.7315,35.7281,34.1833,34.9806,35146983.0,1231774100.15
2011-03-04,35.3793,36.7745,34.881,36.3759,45484320.0,1634737407.3
2011-03-07,35.8776,35.9274,34.4823,35.3294,30231538.0,1064517504.1
2011-03-08,35.6782,36.326,35.1301,36.0769,20436575.0,733883522.8
2011-03-09,37.8707,37.8707,36.1267,37.4223,31543469.0,1164981130.0
2011-03-10,37.4223,38.1199,36.5253,37.9704,26739836.0,997281545.05
2011-03-11,37.8707,39.0168,37.0236,37.5718,47375855.0,1792593598.7
2011-03-14,36.9738,38.2196,36.8741,38.0202,23734861.0,896045059.65
2011-03-15,36.8741,37.6714,34.9806,36.7745,26318642.0,969291129.8
2011-03-16,37.1233,38.668,36.8741,38.2196,32511518.0,1236590493.45
2011-03-17,37.6714,38.2196,37.4223,37.7711,20935096.0,792063923.35
2011-03-18,38.2694,38.2694,36.7745,36.924,18227666.0,679442388.1
2011-03-21,37.3724,37.3724,35.8277,35.9772,17387039.0,632911664.1
2011-03-22,36.1267,36.6748,35.9772,36.326,15173595.0,552437255.8
2011-03-23,36.326,36.9738,35.7779,36.8243,18291892.0,667184472.6
2011-03-24,37.1731,40.6114,37.1233,40.4121,78459177.0,3093098332.0
2011-03-25,40.8605,41.1595,39.3656,40.1629,42280317.0,1701848341.95
2011-03-28,39.8639,40.3622,38.6182,39.1165,23968621.0,945183723.7
2011-03-29,38.8673,40.7609,38.4189,38.8673,41752197.0,1650491247.3
2011-03-30,38.967,41.2592,38.8673,40.8605,34399168.0,1382771941.3
2011-03-31,41.3588,41.8073,39.8141,40.2626,37493322.0,1517544708.65
2011-04-01,40.3622,42.0066,40.1629,41.8073,30840675.0,1272323415.7
2011-04-04,39.8639,41.7077,34.9806,41.1097,37151315.0,1521816786.65
2011-04-05,41.1595,42.8039,41.01,42.5049,33728685.0,1416309960.3
2011-04-06,42.1561,45.5944,42.1561,45.1957,58751836.0,2595930555.95
2011-04-07,45.5944,48.6838,44.3486,47.5876,69461757.0,3307826550.15
2011-04-08,47.6374,48.1357,45.694,46.3418,33313260.0,1559503944.9
2011-04-11,45.8435,46.3418,44.4981,44.6974,27751384.0,1255098350.6
2011-04-13,44.3486,45.5446,43.5015,45.1957,31425191.0,1406801086.65
2011-04-15,44.9466,45.4947,43.7009,44.0497,25368053.0,1128742805.8
2011-04-18,44.0995,44.9466,42.3056,42.7043,23661918.0,1035096667.8
2011-04-19,42.2558,43.1527,41.7077,42.7043,29112877.0,1235849136.8
2011-04-20,42.6544,43.7507,39.266,40.3124,64268939.0,2625497549.35
2011-04-21,40.9602,41.7575,40.2128,41.1595,25829420.0,1061104278.25
2011-04-25,40.8605,41.309,39.9138,40.5616,15854179.0,645973510.75
2011-04-26,40.8107,42.3056,40.5616,41.1595,28469355.0,1179416229.6
2011-04-27,41.3588,41.5582,40.0134,40.3124,15200960.0,619035519.2
2011-04-28,40.3124,40.3622,36.8741,37.1233,63164821.0,2382594882.0
2011-04-29,38.369,38.369,36.4257,36.8243,30063969.0,1117201164.25
2011-05-02,37.7213,38.369,36.5752,38.0202,32945524.0,1240861149.4
2011-05-03,37.9704,38.1697,35.8776,36.027,31216979.0,1150393071.0
2011-05-04,34.9806,37.3226,34.881,36.326,25259781.0,918848188.55
2011-05-05,36.2762,37.0236,34.9308,35.1301,22461997.0,804738775.45
2011-05-06,35.6782,36.3759,34.9308,35.9274,17005897.0,607499559.8
2011-05-09,35.8277,36.2264,34.6816,34.9308,18052507.0,635822336.1
2011-05-10,35.1799,36.3759,34.9308,35.7281,17772753.0,632974825.35
2011-05-11,35.5786,36.4755,35.5786,36.2762,12189897.0,440185886.65
2011-05-12,35.9772,36.5752,35.7281,36.027,12393313.0,447583428.35
2011-05-13,36.2762,37.1731,35.8776,36.6748,13950397.0,511033377.6
2011-05-16,36.8741,36.8741,35.7779,35.9274,10032981.0,362646974.4
2011-05-17,35.9274,36.326,35.4291,35.8277,9400090.0,336489647.45
2011-05-18,35.8776,36.2762,35.2796,35.5786,9499489.0,339283581.65
2011-05-19,36.2264,36.2264,33.5854,33.984,14622173.0,505613632.2
2011-05-20,34.0837,34.3827,33.2864,33.7349,27467551.0,930474589.55
2011-05-23,33.4857,33.5854,31.5922,31.7915,22652534.0,733975099.4
2011-05-24,32.2898,37.4721,30.4959,31.4427,41256896.0,1295940853.75
2011-05-25,31.3929,31.941,30.6952,31.642,19513487.0,614581451.3
2011-05-26,31.7417,31.941,31.044,31.642,18438678.0,581252467.95
2011-05-27,31.7915,33.2864,30.1969,32.9376,20070706.0,651589848.6
2011-05-30,32.9874,34.6816,32.4891,34.4325,26440330.0,894935608.1
2011-05-31,34.4823,35.4291,34.2332,35.3294,21176442.0,741003309.0
2011-06-01,35.4291,35.7779,34.6318,35.3294,18194146.0,640958103.15
2011-06-02,35.1301,36.0769,33.9342,34.582,23993617.0,837049389.6
2011-06-03,34.582,35.5287,33.7847,34.0338,19796941.0,683543035.55
2011-06-06,33.7847,34.1833,33.0372,33.5854,18486850.0,621179710.4
2011-06-07,33.8844,35.3793,33.2864,33.9342,20408442.0,692744723.2
2011-06-08,33.7847,34.3827,33.0871,33.4857,17464151.0,589066710.5
2011-06-09,33.3861,34.0338,33.1867,33.6352,15027430.0,505519265.1
2011-06-10,33.8345,33.8844,33.1369,33.3861,12808040.0,428266576.35
2011-06-13,33.3861,33.7349,32.9874,33.5355,9833205.0,328496483.8
2011-06-14,33.685,34.3328,33.5854,34.0837,13434106.0,457310286.25
2011-06-15,34.0837,34.8311,33.3362,34.5321,25215288.0,858568021.05
2011-06-16,34.5321,34.582,33.685,34.0837,17415418.0,593464671.3
2011-06-17,34.0837,34.2332,33.3861,33.6352,9906508.0,334657493.05
2011-06-20,33.7847,33.8345,31.7915,32.24,15822894.0,515756210.5
2011-06-21,32.4891,32.6884,30.6952,30.8946,18651055.0,590139893.15
2011-06-22,31.2932,31.4925,29.3,29.7485,28031374.0,845374236.5
2011-06-23,29.4495,30.0973,27.9048,29.1505,39179044.0,1132024283.3
2011-06-24,28.9512,30.3963,28.702,30.1471,34332714.0,1022692257.9
2011-06-27,30.0973,30.3963,29.1007,30.1969,18004768.0,540309499.8
2011-06-28,30.2966,31.0939,29.6986,30.8447,20838620.0,635680527.3
2011-06-29,30.8946,31.2932,29.898,30.9942,19617706.0,604500769.7
2011-06-30,30.8946,32.0905,30.7451,31.8413,21728562.0,682891094.15
2011-07-01,32.0905,32.8878,31.8912,32.5389,18952921.0,615735528.7
2011-07-04,32.7881,33.685,32.6884,33.5355,17189347.0,572600402.1
2011-07-05,33.7847,33.7847,32.7881,33.0372,11537745.0,381618502.5
2011-07-06,33.1369,34.3827,32.8379,34.2332,28044345.0,949743813.1
2011-07-07,34.1833,35.0304,33.8844,34.9308,17300468.0,599178683.85
2011-07-08,34.6318,36.8741,34.6318,36.4257,50639866.0,1826387735.3
2011-07-11,36.0769,36.4755,34.1833,34.283,27904971.0,977015259.45
2011-07-12,34.283,34.283,32.8379,33.0372,22586392.0,751998662.05
2011-07-13,33.3861,33.7847,32.0406,32.3396,35374179.0,1159197553.2
2011-07-14,32.3895,34.2332,32.3396,33.8345,36791643.0,1232060194.45
2011-07-15,35.1301,35.1301,33.4359,33.8345,27053126.0,920408385.4
2011-07-18,34.7813,34.7813,33.9342,34.4823,17548393.0,602983317.9
2011-07-19,34.3827,35.5786,33.9342,35.4789,30671642.0,1070187644.45
2011-07-20,35.5786,36.1267,35.3294,35.9274,33315677.0,1192962196.85
2011-07-21,35.9772,35.9772,34.9308,35.2298,13188821.0,466854830.15
2011-07-22,35.3793,35.8776,34.7813,35.4789,10785106.0,382585495.0
2011-07-25,35.2796,36.4755,34.9806,35.7779,19441167.0,696285659.35
2011-07-26,35.9772,36.0769,34.0837,34.3328,22080418.0,768977691.4
2011-07-27,34.283,34.7315,33.6352,34.0338,15601052.0,530390330.35
2011-07-28,33.7349,33.8345,32.0905,32.4393,16488856.0,545110149.1
2011-07-29,32.3895,32.7383,30.1471,30.4461,34664568.0,1088513213.25
2011-08-01,31.0939,31.941,30.4959,31.3929,22680279.0,710597056.85
2011-08-02,30.8946,31.9908,30.4959,30.7451,20756438.0,638666110.1
2011-08-03,30.1471,30.8447,29.7485,30.6454,17305750.0,524849796.0
2011-08-04,30.6454,31.7915,30.3464,30.5457,19892097.0,616389930.45
2011-08-05,29.3997,29.7983,27.4065,29.3,29293613.0,850271477.45
2011-08-08,28.9014,29.2003,27.9048,28.2536,26285498.0,749024604.9
2011-08-09,27.8051,29.001,27.0577,28.0044,35218697.0,985967681.35
2011-08-10,28.9014,29.6488,28.8017,29.3,24913479.0,728737176.95
2011-08-11,29.1,29.75,28.9,29.3,16114124.0,472347283.9
2011-08-12,29.55,29.85,28.85,29.1,15749998.0,461304328.85
2011-08-16,29.1,29.8,27.55,27.75,25583126.0,730011019.2
2011-08-17,28.0,28.0,26.5,27.6,22777806.0,618940229.05
2011-08-18,27.3,28.1,26.7,27.0,21252343.0,581140137.75
2011-08-19,27.0,27.0,25.7,26.6,24043388.0,632710208.8
2011-08-22,26.5,26.95,25.9,26.7,25296240.0,670522055.45
2011-08-23,26.95,27.0,26.15,26.45,19634038.0,521805638.9
2011-08-24,29.85,29.85,26.0,26.3,14559334.0,386032586.95
2011-08-25,26.5,26.7,25.85,26.35,20960051.0,549870888.05
2011-08-26,26.55,26.6,25.0,25.15,18014925.0,461411010.75
2011-08-29,25.9,28.5,25.45,26.6,48523239.0,1309189447.15
2011-08-30,27.3,27.9,26.6,27.6,32950654.0,902270459.3
2011-09-02,27.8,28.45,26.7,26.85,44035658.0,1206892546.15
2011-09-05,26.75,27.4,26.25,26.8,40721157.0,1096264490.65
2011-09-06,26.8,27.35,26.1,26.5,46361316.0,1229050968.3
2011-09-07,26.8,28.7,26.6,28.45,44356684.0,1229648319.35
2011-09-08,28.9,29.25,28.05,29.0,36668515.0,1056411923.55
2011-09-09,29.0,29.2,28.1,28.3,21789918.0,623432445.9
2011-09-12,27.8,27.8,26.8,26.95,17748641.0,482378746.95
2011-09-13,27.2,27.9,26.25,26.55,22417997.0,608256665.55
2011-09-14,26.5,27.0,26.15,26.55,20254034.0,537122577.1
2011-09-15,25.35,28.1,25.35,27.9,30445086.0,837091855.2
2011-09-16,28.25,28.5,27.2,28.1,36904428.0,1027358735.95
2011-09-19,28.05,29.15,27.55,28.4,26313024.0,743911540.75
2011-09-20,28.35,28.85,28.1,28.6,18249009.0,519548524.4
2011-09-21,28.75,29.75,28.5,29.45,32084797.0,933789847.0
2011-09-22,29.45,29.45,27.65,27.8,29423756.0,828808288.6
2011-09-23,27.5,28.0,26.85,27.35,21466247.0,587131521.25
2011-09-26,27.5,27.5,26.3,26.6,19504799.0,522557137.05
2011-09-27,25.3,28.0,25.3,27.85,16766789.0,462051287.75
2011-09-28,27.8,28.0,26.85,27.1,18852961.0,514879950.25
2011-09-29,26.5,27.3,26.5,27.0,20043486.0,540704396.65
2011-09-30,26.8,27.1,26.05,26.2,19386098.0,514169529.75
2011-10-03,26.2,26.35,25.15,25.4,18173119.0,462270607.4
2011-10-04,25.65,26.3,24.8,25.15,21568593.0,549729054.5
2011-10-05,25.45,25.9,25.0,25.15,15492418.0,392836424.9
2011-10-07,25.65,26.35,25.55,25.9,13712673.0,356294676.6
2011-10-10,26.0,26.95,25.7,26.8,14563519.0,385337701.2
2011-10-11,27.0,27.5,26.5,26.7,16821521.0,454893374.45
2011-10-12,26.8,27.95,26.75,27.75,20727811.0,565200430.3
2011-10-13,27.9,28.25,27.3,27.55,16990126.0,470946157.45
2011-10-14,27.8,27.8,27.15,27.35,13040477.0,357363997.1
2011-10-17,27.5,27.7,27.05,27.2,8864057.0,242177138.15
2011-10-18,27.0,27.0,26.2,26.45,9385490.0,248281442.4
2011-10-19,26.9,29.15,26.6,27.55,10255577.0,279591150.35
2011-10-20,27.15,27.2,26.35,26.95,11924544.0,319840395.8
2011-10-21,26.95,27.3,26.55,26.7,9683783.0,260530703.1
2011-10-24,26.45,27.3,26.4,26.9,11373893.0,307794726.35
2011-10-25,26.65,28.3,26.4,27.85,16481232.0,447632461.9
2011-10-26,27.0,28.25,27.0,27.9,3250011.0,90861744.15
2011-10-28,28.6,29.2,28.3,29.05,14670642.0,422392802.95
2011-10-31,29.3,30.2,28.5,29.95,23947974.0,709430997.4
2011-11-01,29.95,30.9,29.2,29.6,35257099.0,1057620852.7
2011-11-02,29.4,30.0,29.0,29.3,20967028.0,619123061.9
2011-11-03,29.35,29.85,28.4,29.1,30192749.0,879663619.65
2011-11-04,29.5,29.9,28.65,28.75,22990034.0,672234103.9
2011-11-08,29.0,29.15,28.25,28.95,15477362.0,445166784.35
2011-11-09,29.0,29.45,28.1,28.4,20217718.0,584910387.35
2011-11-11,28.3,28.3,26.95,27.3,16467516.0,451957943.65
2011-11-14,27.8,27.95,25.35,25.7,15370372.0,410415898.1
2011-11-15,25.2,25.7,23.8,24.2,17733114.0,441111619.8
2011-11-16,24.2,25.1,23.9,24.65,19158654.0,469307629.7
2011-11-17,25.0,25.2,23.05,23.15,20072974.0,484104147.85
2011-11-18,24.0,24.0,22.0,22.85,26064885.0,587486200.85
2011-11-21,22.15,22.9,22.05,22.3,13018007.0,293402765.7
2011-11-22,22.5,23.0,22.1,22.25,14189879.0,319965870.05
2011-11-23,22.25,24.6,22.0,23.3,45801377.0,1073567112.55
2011-11-24,23.3,24.2,22.4,24.05,28380097.0,663006625.4
2011-11-25,23.9,24.15,22.9,23.1,17554988.0,413807276.55
2011-11-28,23.65,24.3,23.35,24.1,15160953.0,363234950.2
2011-11-29,24.0,24.35,23.05,23.25,16581304.0,391570447.65
2011-11-30,23.1,23.4,22.55,23.0,17800657.0,408340756.3
2011-12-01,23.9,24.0,23.2,23.95,15340285.0,364181354.9
2011-12-02,23.9,24.3,23.65,24.2,19339910.0,464457179.9
2011-12-05,24.05,24.55,23.95,24.3,12730901.0,308516440.45
2011-12-07,24.2,24.7,24.0,24.2,14212951.0,346305514.9
2011-12-08,24.1,24.15,22.75,22.9,20867368.0,485081407.55
2011-12-09,22.7,22.7,21.75,22.1,23225290.0,513801069.9
2011-12-12,22.3,24.0,21.6,21.7,14366936.0,315419021.25
2011-12-13,21.5,22.15,21.25,21.9,15805373.0,344858487.6
2011-12-14,22.0,22.2,21.35,21.6,10461718.0,228445834.45
2011-12-15,21.35,21.45,20.55,21.15,13577723.0,285175864.35
2011-12-16,21.5,21.5,19.2,19.55,18260926.0,373551052.8
2011-12-19,19.65,19.65,18.3,18.9,15496863.0,290988459.4
2011-12-20,19.0,19.15,17.45,17.65,21607827.0,387750920.6
2011-12-21,18.25,19.2,17.55,18.5,16796160.0,304317189.15
2011-12-22,18.25,19.6,18.05,19.45,19211018.0,360413395.65
2011-12-23,19.6,20.1,19.3,19.85,17068566.0,336473024.5
2011-12-26,19.9,20.55,19.7,20.4,9522198.0,192626130.15
2011-12-27,20.55,20.75,19.65,19.95,15299557.0,307724809.0
2011-12-28,19.75,19.9,19.0,19.4,16757106.0,325560791.1
2011-12-29,20.0,20.0,18.9,19.4,11244062.0,216881292.05
2011-12-30,19.6,20.05,19.0,19.35,11032576.0,215479405.5
2012-01-02,19.05,19.65,18.5,19.25,12648942.0,240820109.05
2012-01-03,19.5,20.15,19.35,19.95,18547749.0,366722846.9
2012-01-04,20.5,20.5,19.6,20.05,16109255.0,321724639.55
2012-01-05,20.05,20.05,19.5,19.85,9968525.0,197758464.2
2012-01-06,19.8,20.4,19.35,20.1,13894990.0,275900428.9
2012-01-07,20.15,20.35,19.5,20.15,2040614.0,41003873.15
2012-01-09,20.1,21.45,19.7,21.2,18460686.0,380015137.4
2012-01-10,21.5,22.85,21.2,22.7,18393046.0,407918317.6
2012-01-11,23.15,24.15,22.45,23.9,27172174.0,636121708.9
2012-01-12,23.8,24.65,23.4,23.85,22749758.0,544249497.0
2012-01-13,23.9,25.0,23.85,24.4,24644983.0,604110555.9
2012-01-16,23.25,24.7,22.4,24.3,15320952.0,371833139.4
2012-01-17,24.5,25.95,24.5,25.85,22585428.0,575263157.65
2012-01-18,25.95,26.95,25.25,26.75,32578821.0,851874296.5
2012-01-19,22.0,27.75,22.0,26.85,22959868.0,618998263.6
2012-01-20,27.75,27.9,26.6,27.3,17979196.0,488363868.0
2012-01-23,26.4,27.7,26.4,27.3,13228209.0,361325674.65
2012-01-24,27.3,28.55,26.9,28.15,25941727.0,724644663.0
2012-01-25,28.05,28.4,27.2,27.35,32365612.0,894811073.15
2012-01-27,27.7,27.85,26.4,26.6,19588740.0,527520644.5
2012-01-30,27.0,27.0,25.1,25.5,14078411.0,365145121.3
2012-01-31,26.0,26.3,25.5,26.05,28088250.0,730708966.35
2012-02-01,26.05,27.2,25.6,26.95,19355460.0,509488740.8
2012-02-02,27.15,27.5,23.1,25.1,72484271.0,1821630805.35
2012-02-03,24.7,26.2,23.5,26.0,38315403.0,976131897.0
2012-02-06,27.4,29.8,26.3,29.45,75329006.0,2160426968.0
2012-02-07,29.5,29.95,28.2,28.45,37875310.0,1096340013.05
2012-02-08,28.0,29.25,27.55,28.5,28569411.0,819961773.4
2012-02-09,28.4,30.65,28.2,29.85,43643353.0,1295255835.95
2012-02-10,30.0,30.25,28.85,29.4,22346326.0,659690635.8
2012-02-13,29.55,29.9,28.6,29.55,17078412.0,499951869.65
2012-02-14,29.25,30.3,29.25,29.75,23461504.0,696927690.75
2012-02-15,29.0,32.15,29.0,31.75,43046112.0,1347993910.65
2012-02-16,31.5,32.8,30.1,31.7,37110487.0,1179391537.4
2012-02-17,32.45,32.7,31.1,31.45,23842996.0,759710143.75
2012-02-21,30.3,35.75,30.3,35.5,46775242.0,1591448257.85
2012-02-22,36.0,37.95,32.0,32.5,67444295.0,2383450547.95
2012-02-23,31.0,33.2,30.35,32.15,50256256.0,1599364520.95
2012-02-24,32.8,33.15,31.2,32.45,34203803.0,1098880141.25
2012-02-27,32.3,32.5,30.0,30.25,26090894.0,796856528.65
2012-02-28,26.25,32.35,26.25,32.1,27622052.0,871372881.95
2012-02-29,32.0,33.35,31.45,32.35,21567712.0,699236251.1
2012-03-01,32.0,32.45,30.8,31.85,18048231.0,572307774.7
2012-03-02,32.4,33.15,31.1,31.5,22682743.0,727385241.1
2012-03-03,31.6,31.9,30.8,31.0,2233169.0,69680292.25
2012-03-05,30.95,30.95,29.5,29.6,15575985.0,468618770.95
2012-03-06,29.4,30.9,26.2,27.2,28018382.0,811268676.5
2012-03-07,23.85,29.2,23.85,28.6,29704159.0,840095883.55
2012-03-09,29.25,30.65,29.0,30.4,16475266.0,493859861.7
2012-03-12,30.65,31.8,29.9,30.3,17961544.0,548008786.95
2012-03-13,30.5,31.4,30.5,31.1,12325879.0,382487822.75
2012-03-14,31.55,31.75,30.6,30.95,13731422.0,426844196.5
2012-03-15,30.15,30.85,29.5,29.85,14446795.0,433720916.6
2012-03-16,30.0,30.8,29.05,29.4,15526832.0,465705233.3
2012-03-19,29.5,29.65,27.4,27.75,15351841.0,435843983.65
2012-03-20,28.0,29.35,27.55,28.9,14646591.0,418975933.05
2012-03-21,28.95,30.75,28.5,30.3,14832398.0,438756793.2
2012-03-22,30.5,30.8,27.9,28.3,16284516.0,480397174.65
2012-03-23,28.75,30.3,28.1,29.75,14402172.0,419101815.05
2012-03-26,29.5,30.1,28.15,28.3,16143200.0,467180646.7
2012-03-27,28.7,29.8,28.4,28.8,22686013.0,658510510.95
2012-03-28,28.5,28.8,27.5,27.75,10909987.0,305869302.35
2012-03-29,27.5,27.55,26.75,27.35,18186481.0,493807213.1
2012-03-30,27.75,29.05,27.65,28.75,11079780.0,314902639.55
2012-04-02,29.0,29.5,28.65,29.2,10047206.0,292280809.1
2012-04-03,29.75,30.4,29.5,30.15,11385177.0,342769821.2
2012-04-04,29.35,29.95,28.7,29.15,10932447.0,318838302.85
2012-04-09,28.6,29.05,28.1,28.4,9281487.0,265185888.4
2012-04-10,28.5,28.7,27.75,28.45,9392242.0,265633790.45
2012-04-11,28.1,28.9,27.8,28.35,8823270.0,249520430.45
2012-04-12,28.7,30.15,28.55,29.5,23648751.0,696449683.55
2012-04-13,29.9,30.3,28.25,28.45,16015061.0,471164932.15
2012-04-16,29.9,29.9,28.2,28.6,8536308.0,244238910.5
2012-04-17,28.5,29.7,28.0,29.55,17996989.0,522385679.8
2012-04-18,29.8,30.15,28.55,29.1,12224691.0,361429505.7
2012-04-19,29.15,29.25,28.45,28.6,9530669.0,274364482.15
2012-04-20,28.5,28.75,27.5,28.0,10417503.0,293561047.6
2012-04-23,28.3,28.4,27.15,27.4,10432128.0,288512442.15
2012-04-24,27.55,28.55,27.45,28.35,7697871.0,215384748.05
2012-04-25,28.15,28.45,27.15,27.35,9226863.0,254581543.95
2012-04-26,27.5,27.6,26.2,26.55,13713874.0,370862604.4
2012-04-27,26.5,26.75,25.25,25.9,15144159.0,391600728.05
2012-04-28,26.25,26.9,25.95,26.55,1540263.0,40651253.1
2012-04-30,27.1,27.35,25.5,26.45,17074221.0,451519425.0
2012-05-02,27.0,27.1,25.55,25.75,18069819.0,474127542.55
2012-05-03,25.6,26.15,25.0,25.5,11276358.0,287395913.5
2012-05-04,25.35,25.55,24.2,24.45,14423563.0,356026665.55
2012-05-07,24.0,24.35,22.0,22.9,48332547.0,1091573562.05
2012-05-08,22.55,23.35,21.9,22.05,23303411.0,525513193.55
2012-05-09,22.25,22.25,21.45,21.6,12711632.0,276735508.45
2012-05-10,20.65,22.4,20.65,21.15,17901316.0,385038773.0
2012-05-11,20.85,21.25,20.25,20.45,21022883.0,434395179.75
2012-05-14,20.65,20.7,19.7,20.25,15243289.0,307071460.85
2012-05-15,20.2,20.45,19.5,19.95,23924647.0,477998458.85
2012-05-16,19.8,22.7,19.2,21.55,44074306.0,923312321.4
2012-05-17,21.55,21.85,20.75,21.4,29724057.0,635306171.0
2012-05-18,21.0,21.85,20.4,21.45,18516993.0,394073141.05
2012-05-21,21.45,21.9,21.1,21.6,13544618.0,292116806.65
2012-05-22,21.8,22.0,21.1,21.2,10782775.0,231334859.5
2012-05-23,21.05,21.75,20.8,21.15,14296750.0,303486079.75
2012-05-24,21.3,21.85,20.8,21.45,12825061.0,271644538.2
2012-05-25,21.2,21.8,21.1,21.4,9565642.0,204878728.95
2012-05-28,21.5,22.35,21.25,22.0,10124540.0,219659064.45
2012-05-29,21.95,22.6,21.8,22.2,12292717.0,273608712.6
2012-05-30,22.15,22.15,20.5,20.8,11779908.0,250662667.5
2012-05-31,20.5,22.1,20.15,21.35,28471776.0,596835848.2
2012-06-01,21.7,21.95,21.1,21.35,16172099.0,348125973.2
2012-06-04,21.0,21.65,20.4,21.45,16430291.0,345187510.75
2012-06-05,21.55,21.75,20.7,20.85,12511483.0,265280639.2
2012-06-06,21.05,22.2,20.95,22.05,13199657.0,286580406.6
2012-06-07,22.15,22.7,21.8,22.35,12831505.0,285229191.75
2012-06-08,22.1,22.95,21.85,22.75,18311063.0,411304796.25
2012-06-11,23.05,23.75,22.5,22.65,15735847.0,365563334.45
2012-06-12,22.5,23.65,22.25,23.45,15135641.0,348595285.25
2012-06-13,23.5,23.8,22.6,22.85,15006978.0,344590138.0
2012-06-14,22.75,23.05,21.4,21.55,18290749.0,402795332.15
2012-06-15,21.5,22.1,21.2,21.55,16782294.0,362215073.15
2012-06-18,21.8,22.05,20.45,20.9,23774367.0,499393930.8
2012-06-19,21.0,21.1,20.35,20.7,18734591.0,387670700.15
2012-06-20,20.95,21.0,20.55,20.85,8765729.0,182277347.35
2012-06-21,20.15,21.8,20.15,21.65,16760933.0,356063184.95
2012-06-22,21.9,21.9,20.9,21.5,15247383.0,325528918.2
2012-06-25,21.7,22.1,21.05,21.15,15113583.0,325947712.6
2012-06-26,21.15,21.3,20.95,21.1,10146373.0,214177221.9
2012-06-27,21.35,21.4,20.95,21.1,7471368.0,158157381.65
2012-06-28,21.15,21.25,20.8,21.1,10249675.0,215889770.1
2012-06-29,21.35,22.2,21.3,22.05,18037912.0,394795111.75
2012-07-02,22.05,23.8,22.0,23.5,25037726.0,576622122.15
2012-07-03,23.9,24.1,23.2,23.9,25240484.0,596886119.1
2012-07-04,24.0,24.4,23.65,24.2,21049411.0,505937263.5
2012-07-05,24.0,24.45,23.8,24.25,12527423.0,303008471.6
2012-07-06,24.2,24.5,23.5,23.9,12759819.0,304786776.05
2012-07-09,23.75,23.75,22.8,23.15,11836929.0,274414247.25
2012-07-10,23.2,24.25,23.2,24.1,10796290.0,256960856.9
2012-07-11,23.8,24.7,23.5,24.35,21493396.0,518432485.4
2012-07-12,23.55,25.65,23.4,25.25,37594340.0,926001804.5
2012-07-13,25.25,25.65,24.05,24.4,27946894.0,693399920.25
2012-07-16,24.5,24.75,23.45,23.6,17624539.0,423003630.65
2012-07-17,23.9,24.2,22.95,23.1,17900720.0,421044145.75
2012-07-18,23.0,23.45,22.65,23.3,14761191.0,341383349.55
2012-07-19,23.5,24.15,23.4,23.55,11118719.0,263395639.15
2012-07-20,23.5,23.7,23.0,23.3,13163800.0,307355378.2
2012-07-23,23.0,23.0,22.4,22.5,11385749.0,258457033.55
2012-07-24,22.6,22.8,22.25,22.6,10977465.0,247527304.45
2012-07-25,22.5,22.6,21.75,22.1,10180428.0,224641024.15
2012-07-26,22.0,23.5,20.5,20.65,25666597.0,542973861.5
2012-07-27,20.7,21.4,20.35,20.6,12703936.0,265438563.4
2012-07-30,21.0,21.5,20.65,21.35,13296309.0,280853213.25
2012-07-31,21.45,21.9,20.6,21.65,17592681.0,374045492.5
2012-08-01,21.9,22.0,21.1,21.7,12520699.0,271227258.45
2012-08-02,21.5,21.8,21.05,21.2,11960622.0,255448948.25
2012-08-03,20.9,21.6,20.85,21.25,10933664.0,231866922.3
2012-08-06,21.5,21.9,21.45,21.6,9043462.0,196065173.95
2012-08-07,20.7,21.95,20.7,21.65,8376281.0,181683875.95
2012-08-08,21.5,21.95,21.1,21.2,15098911.0,323635696.25
2012-08-09,21.3,21.5,20.9,21.2,8844005.0,187328320.65
2012-08-10,21.2,21.35,20.85,21.05,7936351.0,167376775.0
2012-08-13,21.0,21.65,20.8,21.5,7701914.0,163928223.2
2012-08-14,21.5,21.8,21.1,21.3,8936134.0,191359859.6
2012-08-16,21.3,21.55,21.1,21.3,7323962.0,156516817.25
2012-08-17,21.3,21.5,20.75,20.95,8866664.0,186940300.35
2012-08-21,21.0,21.2,20.75,21.0,7669029.0,160878346.85
2012-08-22,21.0,21.0,20.5,20.65,8866406.0,183527421.25
2012-08-23,20.7,20.9,20.45,20.6,5385620.0,111085056.25
2012-08-24,20.3,20.5,20.1,20.3,3225936.0,65618884.05
2012-08-27,20.35,20.5,19.35,19.45,7292490.0,144775871.05
2012-08-28,19.0,19.5,18.6,19.2,11083017.0,211577067.85
2012-08-29,19.3,19.35,18.5,18.6,8240726.0,154944401.8
2012-08-30,18.6,19.05,18.2,18.55,12068392.0,225070321.05
2012-08-31,18.5,18.95,18.1,18.4,9735634.0,180076318.75
2012-09-03,18.55,18.9,18.3,18.55,6550931.0,121994700.95
2012-09-04,18.55,18.85,18.15,18.65,8376488.0,154822417.4
2012-09-05,18.4,18.7,18.25,18.5,6685709.0,123682759.6
2012-09-06,18.5,18.75,18.35,18.4,6662918.0,123331707.25
2012-09-07,18.65,18.9,18.5,18.6,7390108.0,137889777.95
2012-09-08,18.6,18.75,18.55,18.7,488806.0,9136084.6
2012-09-10,18.7,18.8,18.4,18.6,4549597.0,84630998.05
2012-09-11,18.5,20.05,18.45,19.9,21827608.0,426813453.35
2012-09-12,20.1,20.4,19.85,20.25,13680865.0,274705136.95
2012-09-13,22.4,22.4,19.9,20.3,13184764.0,265881449.7
2012-09-14,20.5,21.45,20.5,21.3,13423441.0,283376835.05
2012-09-17,21.4,23.25,21.4,22.95,27332463.0,617512405.55
2012-09-18,23.2,24.1,22.85,23.8,20220235.0,476099810.7
2012-09-20,23.5,23.9,22.8,23.25,16901016.0,392503611.9
2012-09-21,23.35,24.2,23.35,23.75,22732705.0,541673136.35
2012-09-24,23.85,24.85,23.75,24.2,15813253.0,385595283.45
2012-09-25,24.35,25.45,23.45,24.95,27263114.0,672777575.85
2012-09-26,24.6,25.5,23.9,24.55,19726772.0,489202185.05
2012-09-27,24.7,25.15,24.05,24.35,20452477.0,502694325.4
2012-09-28,24.6,25.4,24.15,24.3,20457262.0,505794637.45
2012-10-01,24.4,24.9,24.05,24.75,13853140.0,339894803.5
2012-10-03,24.95,25.2,24.5,24.85,13081082.0,324513464.75
2012-10-04,25.0,26.35,24.95,25.85,36158909.0,934906831.35
2012-10-05,28.0,28.0,24.75,25.55,30613489.0,781565779.35
2012-10-08,25.5,25.9,24.75,24.9,15222536.0,384096734.5
2012-10-09,25.0,25.4,24.5,24.75,14307172.0,356407668.85
2012-10-10,24.5,24.7,23.05,23.2,17212709.0,407395031.3
2012-10-11,23.65,27.35,23.5,27.2,85832985.0,2234441162.15
2012-10-12,27.2,28.45,26.05,26.3,70559810.0,1925549254.2
2012-10-15,27.95,29.9,26.25,26.95,45948618.0,1242183994.05
2012-10-16,27.05,27.5,25.4,25.65,36350682.0,959266123.85
2012-10-17,25.95,26.6,25.5,26.0,29657028.0,769053921.55
2012-10-18,26.35,27.2,26.05,27.0,34653596.0,924329597.5
2012-10-19,27.25,27.25,25.75,26.45,25288242.0,671031626.1
2012-10-22,26.3,26.4,25.35,26.0,18309486.0,474861403.35
2012-10-23,27.8,27.8,25.35,25.45,13550719.0,348041259.65
2012-10-25,25.1,25.45,24.15,24.7,22944369.0,567421333.5
2012-10-26,25.7,25.7,24.1,24.3,18521856.0,455545149.05
2012-10-29,24.35,24.65,23.9,24.15,11522298.0,279147561.55
2012-10-30,24.2,24.65,22.9,23.5,25466683.0,601946663.35
2012-10-31,23.5,23.75,22.35,23.1,27402914.0,632430792.25
2012-11-01,23.2,24.05,22.85,23.9,17466521.0,411092410.4
2012-11-02,24.25,24.5,23.75,24.1,17876891.0,430827605.85
2012-11-05,24.1,24.2,23.65,24.05,9662895.0,231567776.45
2012-11-06,23.4,24.55,23.4,24.0,26091653.0,627777519.7
2012-11-07,24.0,26.2,23.85,25.7,44727391.0,1132948346.45
2012-11-08,25.5,27.25,24.55,27.05,47197411.0,1232147070.35
2012-11-09,27.0,27.85,26.15,26.45,45670770.0,1237798428.75
2012-11-12,26.35,27.25,25.9,26.8,27198301.0,718797394.05
2012-11-13,27.0,27.2,26.35,26.65,6613521.0,177389644.2
2012-11-15,26.5,28.6,26.2,28.35,46987050.0,1301115332.6
2012-11-16,28.6,28.7,26.3,26.75,34307650.0,953029534.1
2012-11-19,26.75,27.65,26.55,27.15,31572506.0,853253134.2
2012-11-20,27.55,27.65,25.45,25.6,51754876.0,1371054659.95
2012-11-21,25.75,26.6,24.95,26.3,25933826.0,675341882.65
2012-11-22,26.35,27.35,26.1,27.1,32804624.0,882205718.2
2012-11-23,27.25,27.25,25.9,26.6,23244341.0,617597729.15
2012-11-26,26.75,27.05,24.45,26.55,27673461.0,734456680.75
2012-11-27,26.8,29.85,26.75,29.5,73515569.0,2110325828.8
2012-11-29,29.75,32.4,29.4,32.05,83554373.0,2604726479.2
2012-11-30,32.4,32.85,31.25,31.7,66759335.0,2138238248.25
2012-12-03,31.8,33.35,31.15,32.45,50070109.0,1626170247.15
2012-12-04,32.45,34.1,32.1,33.65,48973408.0,1616269771.15
2012-12-05,34.0,35.0,34.0,34.4,48460113.0,1672628861.8
2012-12-06,34.55,36.15,33.55,35.95,67538969.0,2349852663.95
2012-12-07,36.2,36.2,34.6,35.05,45930640.0,1630565777.2
2012-12-10,35.2,36.4,34.5,36.0,43122195.0,1529667967.75
2012-12-11,36.35,36.65,34.4,35.35,49237994.0,1749984645.95
2012-12-12,35.5,36.4,34.6,34.95,56207433.0,1992358208.35
2012-12-13,35.15,35.6,33.25,33.5,35863813.0,1239372054.2
2012-12-14,33.95,34.6,32.85,33.4,51222507.0,1730094440.65
2012-12-17,33.95,34.0,32.8,33.0,32051643.0,1070799531.95
2012-12-18,33.1,35.1,32.3,34.95,74208977.0,2538879414.1
2012-12-19,35.15,35.5,34.2,34.75,37993203.0,1330566234.65
2012-12-20,34.6,34.7,33.5,34.15,36529219.0,1244091623.05
2012-12-21,34.0,34.0,32.55,32.7,34338077.0,1144678706.1
2012-12-24,33.0,33.3,32.55,32.9,21939199.0,722882919.0
2012-12-26,33.0,34.35,32.85,34.05,26060396.0,879689320.0
2012-12-27,34.0,34.6,33.5,33.7,31943430.0,1088328543.85
2012-12-28,34.0,34.4,33.35,33.6,23368530.0,790068986.0
2012-12-31,33.5,34.05,33.35,33.65,25055540.0,845881593.1
2013-01-01,34.1,35.25,33.9,34.9,33725722.0,1176927696.05
2013-01-02,35.45,35.95,34.6,34.9,42068189.0,1480120757.85
2013-01-03,34.95,35.45,34.5,35.1,28382116.0,993278610.7
2013-01-04,35.1,36.05,34.5,35.9,36862272.0,1300099569.7
2013-01-07,36.0,36.6,35.4,35.75,35458284.0,1274098689.6
2013-01-08,35.5,38.15,35.2,37.9,65663209.0,2423439237.6
2013-01-09,38.3,38.9,37.15,37.4,62264470.0,2374418262.7
2013-01-10,37.7,39.15,37.2,38.85,55589616.0,2123113019.85
2013-01-11,39.0,39.55,37.65,38.25,55215488.0,2136983817.9
2013-01-14,38.3,40.2,37.25,40.0,56828555.0,2209094494.95
2013-01-15,40.1,40.9,39.4,39.65,51632846.0,2079111414.65
2013-01-16,39.55,40.0,37.7,37.9,53745108.0,2094209730.35
2013-01-17,38.0,39.5,37.7,38.85,41025077.0,1581657102.0
2013-01-18,39.05,39.75,38.4,38.8,38533123.0,1509280168.65
2013-01-21,39.0,39.35,37.9,38.15,32758502.0,1264306157.85
2013-01-22,38.2,39.1,36.9,37.1,38319105.0,1454802715.8
2013-01-23,37.85,37.95,34.6,36.6,60876359.0,2233135881.8
2013-01-24,36.7,36.9,33.4,34.05,83243731.0,2924841181.4
2013-01-25,34.05,36.7,33.15,36.45,49831230.0,1759369397.3
2013-01-28,36.8,37.95,36.4,37.3,39899563.0,1485563996.6
2013-01-29,37.3,38.2,34.6,35.05,81464079.0,2974865713.75
2013-01-30,35.1,36.25,34.9,35.95,40145760.0,1434240011.5
2013-01-31,35.9,37.35,35.4,36.85,38722652.0,1404900045.4
2013-02-01,36.85,37.8,36.15,36.6,32504138.0,1199914745.65
2013-02-04,36.8,37.3,35.4,35.6,25772458.0,939081087.1
2013-02-05,35.3,35.65,34.2,35.2,28871360.0,1014764740.65
2013-02-06,35.3,36.9,35.2,36.55,31604879.0,1140293587.6
2013-02-07,36.55,36.75,35.1,35.65,33203985.0,1190005907.1
2013-02-08,35.9,36.05,34.9,35.15,21488655.0,763962029.9
2013-02-11,35.25,35.5,34.75,34.9,23802006.0,836623979.55
2013-02-12,34.25,34.45,26.3,28.75,172720362.0,4954695539.1
2013-02-13,29.0,30.8,28.4,28.8,99397032.0,2944677142.2
2013-02-14,27.7,30.35,27.7,29.7,65249747.0,1926013689.6
2013-02-15,29.45,30.65,29.2,30.4,33492596.0,1003975628.8
2013-02-18,30.45,30.8,29.65,30.25,22856798.0,693564588.3
2013-02-19,30.0,31.15,28.75,30.9,26356425.0,809795743.2
2013-02-20,30.8,32.25,29.45,30.05,80208306.0,2475009942.8
2013-02-21,28.9,30.6,28.9,29.8,43699456.0,1310504971.3
2013-02-22,29.6,30.5,29.6,29.95,28984640.0,872347845.45
2013-02-25,31.4,31.4,28.5,29.3,32521285.0,963045557.1
2013-02-26,29.0,29.5,28.3,28.65,28827951.0,836400644.15
2013-02-27,28.9,29.95,28.65,29.55,32196375.0,943993667.05
2013-02-28,29.8,30.25,26.8,27.2,48840530.0,1393844591.4
2013-03-01,27.0,27.85,25.45,26.05,37433486.0,1009489870.0
2013-03-04,26.0,26.55,25.65,26.1,36953596.0,963928351.45
2013-03-05,26.3,26.8,25.45,26.3,38280447.0,1003276458.1
2013-03-06,26.5,27.65,26.4,27.1,46482606.0,1255293668.8
2013-03-07,27.15,27.55,26.7,27.35,23542231.0,638644371.35
2013-03-08,27.5,28.1,27.25,27.55,36655834.0,1013886684.2
2013-03-11,27.9,29.1,27.8,28.15,28487752.0,805252403.3
2013-03-12,27.0,28.45,26.6,27.3,31821735.0,872657177.9
2013-03-13,27.1,28.25,26.7,27.95,43268380.0,1201002197.6
2013-03-14,28.0,29.85,27.35,29.65,48404085.0,1386416490.65
2013-03-15,29.9,30.35,28.45,28.6,46313913.0,1360094710.05
2013-03-18,28.6,28.6,27.55,27.7,30907937.0,862334736.35
2013-03-19,27.75,28.2,26.25,26.65,41163271.0,1115917897.2
2013-03-20,26.5,27.05,23.75,24.8,65580083.0,1642730950.0
2013-03-21,25.2,25.4,23.0,23.25,50051587.0,1211189696.9
2013-03-22,23.25,24.55,22.8,24.0,37568561.0,890992557.0
2013-03-25,24.5,24.75,22.75,22.85,32402282.0,770520399.25
2013-03-26,22.8,23.05,21.9,22.15,25011868.0,558873933.5
2013-03-28,22.1,23.85,21.55,23.55,38509186.0,872472081.6
2013-04-01,23.8,25.35,23.7,25.0,32902202.0,806725787.35
2013-04-02,24.85,25.4,24.55,25.15,28563602.0,714500769.9
2013-04-03,25.05,25.95,24.35,24.55,31447353.0,791722190.85
2013-04-04,24.55,24.55,23.55,23.75,30778870.0,739390993.1
2013-04-05,23.9,24.25,23.4,23.55,23668345.0,562478704.45
2013-04-08,23.65,24.15,23.45,23.7,19203900.0,456019654.25
2013-04-09,23.75,24.55,23.4,23.5,30166656.0,723057198.65
2013-04-10,23.7,23.95,22.55,23.5,38268525.0,889966075.95
2013-04-11,23.85,24.2,23.3,24.0,30365228.0,723062308.2
2013-04-12,23.7,24.65,23.5,24.35,23272856.0,559438621.65
2013-04-15,23.9,24.95,23.9,24.6,27585621.0,676724472.75
2013-04-16,24.3,26.05,24.3,25.95,43099017.0,1093821843.15
2013-04-17,26.1,28.3,26.0,27.0,78610096.0,2143439518.8
2013-04-18,27.05,28.1,26.8,27.65,40597094.0,1114575714.7
2013-04-22,27.65,30.6,27.45,30.0,66735786.0,1923028781.2
2013-04-23,29.8,30.35,28.3,29.15,49666560.0,1454277284.35
2013-04-25,29.2,29.9,28.4,28.85,45737991.0,1333136014.45
2013-04-26,28.8,29.1,26.8,26.95,36303809.0,1010723889.25
2013-04-29,27.25,28.05,27.1,27.85,23912626.0,659466567.1
2013-04-30,28.25,28.4,26.4,26.9,36840114.0,1001995403.7
2013-05-02,27.1,28.8,26.9,28.45,41451349.0,1161652631.8
2013-05-03,28.55,29.9,27.4,28.65,58963985.0,1676535234.25
2013-05-06,28.5,28.9,27.6,28.7,31600426.0,897247275.75
2013-05-07,28.7,29.75,28.7,29.3,30857868.0,902701620.7
2013-05-08,29.6,29.7,28.75,29.25,36366073.0,1063465905.9
2013-05-09,29.2,30.35,28.85,29.25,42713762.0,1258715080.0
2013-05-10,29.3,29.65,28.7,28.9,29325812.0,855951468.85
2013-05-11,28.9,29.0,28.75,28.85,1732129.0,50017731.25
2013-05-13,28.95,29.1,27.55,27.7,27979211.0,793880539.85
2013-05-14,27.9,28.05,27.25,27.4,28235808.0,779804320.95
2013-05-15,27.75,29.35,27.65,29.15,41704341.0,1198728676.8
2013-05-16,29.2,30.15,28.85,29.7,50919876.0,1506125330.6
2013-05-17,29.9,31.1,29.7,30.65,62376597.0,1903922863.1
2013-05-20,30.95,31.5,29.9,30.25,34473576.0,1063362421.05
2013-05-21,30.4,30.5,29.0,29.15,35493064.0,1051722784.5
2013-05-22,29.25,29.6,28.15,28.3,32712484.0,939751459.55
2013-05-23,28.0,28.0,25.05,25.2,58287168.0,1516657754.35
2013-05-24,25.8,25.9,24.8,25.3,45728681.0,1159805154.8
2013-05-27,25.5,26.25,25.15,26.0,34484301.0,888214926.95
2013-05-28,26.15,26.6,25.9,26.15,35845905.0,940772123.2
2013-05-29,26.1,26.25,24.7,25.0,43180405.0,1093664340.85
2013-05-30,24.75,24.75,23.7,23.95,57830652.0,1395471782.85
2013-05-31,24.6,24.95,23.3,23.7,52960003.0,1278787604.9
2013-06-03,23.55,24.6,23.55,24.3,29298517.0,706203556.45
2013-06-04,24.3,24.75,23.6,23.9,25357447.0,615756907.15
2013-06-05,23.8,24.5,23.45,24.3,36154914.0,871252576.7
2013-06-06,23.9,24.5,23.65,24.15,37595070.0,905597897.6
2013-06-07,23.85,24.35,23.35,23.55,29651278.0,707371066.25
2013-06-10,23.7,24.0,22.75,23.0,32157970.0,751140669.25
2013-06-11,22.9,22.9,21.95,22.05,30265483.0,676733679.2
2013-06-12,22.1,22.65,21.85,22.15,28492283.0,633450340.2
2013-06-13,21.95,22.1,20.8,21.0,32086388.0,691796950.3
2013-06-14,21.4,22.0,21.35,21.75,26382226.0,574043560.0
2013-06-17,22.0,22.1,21.0,21.95,34307962.0,743065486.15
2013-06-18,22.05,22.6,21.65,21.95,33773824.0,745747026.85
2013-06-19,21.85,22.45,21.8,22.25,23542799.0,523620801.55
2013-06-20,21.45,21.7,20.9,21.05,25882787.0,547259566.35
2013-06-21,20.9,21.5,20.05,20.65,38814545.0,809282464.15
2013-06-24,20.5,20.6,19.75,19.95,26567665.0,531883509.75
2013-06-25,20.2,20.65,19.65,20.2,37816356.0,762880774.8
2013-06-26,20.5,20.6,19.65,19.75,28382185.0,570555994.15
2013-06-27,20.25,20.35,19.75,19.95,31383175.0,627484190.7
2013-06-28,20.4,21.35,20.25,21.1,21643580.0,450793020.95
2013-07-01,21.1,23.45,21.1,23.25,39064069.0,882164856.65
2013-07-02,23.25,23.75,22.3,22.75,31335893.0,722504529.95
2013-07-03,22.1,22.25,20.3,20.45,55769033.0,1170293305.0
2013-07-04,20.25,21.65,19.5,21.05,59043187.0,1215997309.45
2013-07-05,21.6,21.7,20.5,20.95,29470073.0,620366407.5
2013-07-08,20.3,20.85,19.85,20.2,40803086.0,826177527.35
2013-07-09,20.65,20.8,19.75,20.3,50448747.0,1020352616.95
2013-07-10,20.6,20.6,19.9,19.95,26822012.0,539439399.15
2013-07-11,20.4,20.7,20.1,20.55,31503762.0,644964981.25
2013-07-12,20.8,21.0,20.0,20.25,26238824.0,532789226.35
2013-07-15,20.35,21.5,20.15,21.3,42119876.0,881896404.0
2013-07-16,20.6,20.85,19.75,19.95,40783022.0,820918266.9
2013-07-17,19.95,20.3,19.15,19.55,47781035.0,947258100.0
2013-07-18,19.95,20.3,19.5,20.15,28906116.0,574273399.4
2013-07-19,20.25,20.35,19.5,19.6,27387042.0,543335386.3
2013-07-22,19.6,19.9,18.7,18.9,30289978.0,580720512.0
2013-07-23,19.05,19.4,18.6,19.0,34028148.0,647286229.25
2013-07-24,18.8,18.85,18.05,18.45,31744025.0,584429481.2
2013-07-25,18.15,18.65,17.75,18.2,51882115.0,940322126.0
2013-07-26,18.15,18.4,17.65,17.95,27254370.0,491548284.15
2013-07-29,17.7,17.95,17.0,17.15,21058241.0,367575366.5
2013-07-30,17.15,17.3,16.25,16.5,34108385.0,569928275.65
2013-07-31,16.1,16.7,15.7,16.45,25954825.0,417882137.8
2013-08-01,16.45,17.45,15.35,15.9,37924093.0,613775025.2
2013-08-02,16.05,16.4,15.0,15.2,41023275.0,642237317.55
2013-08-05,15.2,15.95,14.75,15.7,30901801.0,473716517.45
2013-08-06,15.8,15.8,14.65,14.95,36276320.0,549994750.4
2013-08-07,15.0,17.7,14.95,17.15,60987292.0,1006217677.85
2013-08-08,17.4,17.55,16.4,17.1,32825492.0,558138542.95
2013-08-12,17.35,17.55,16.9,17.25,19435578.0,334609458.1
2013-08-13,17.2,18.05,16.85,17.8,21755997.0,380219725.9
2013-08-14,18.0,18.35,17.65,18.2,23536750.0,424405530.9
2013-08-16,17.95,18.0,16.25,16.45,27514670.0,468969667.25
2013-08-19,16.4,16.55,15.6,16.15,24195076.0,389168118.65
2013-08-20,15.85,18.0,15.6,17.6,31043704.0,522264468.65
2013-08-21,18.0,18.2,16.05,16.2,30445062.0,523657926.1
2013-08-22,16.15,17.15,15.85,17.0,28511452.0,471716596.2
2013-08-23,17.15,17.35,16.2,16.7,20697085.0,347960713.15
2013-08-26,17.0,17.5,16.75,17.35,17340673.0,297967274.95
2013-08-27,17.0,17.25,16.4,16.5,19815554.0,331829403.5
2013-08-28,16.0,16.3,15.4,15.95,21572997.0,342335494.95
2013-08-29,16.15,16.3,15.5,16.1,44270315.0,706447452.7
2013-08-30,16.2,17.05,15.8,16.55,31889251.0,525394581.85
2013-09-02,16.7,17.5,16.55,17.3,24111584.0,409988637.2
2013-09-03,17.5,17.65,16.0,16.2,27612487.0,468564838.75
2013-09-04,16.0,16.7,15.75,16.5,21712023.0,355323047.35
2013-09-05,17.0,17.35,16.65,17.0,26863089.0,456628481.75
2013-09-06,17.15,17.35,16.65,16.9,26953277.0,457814364.15
2013-09-10,17.3,17.4,17.05,17.15,22451475.0,385962600.15
2013-09-11,17.15,17.6,16.95,17.4,38863698.0,672698896.9
2013-09-12,17.5,18.5,17.45,17.75,39889472.0,714838099.55
2013-09-13,17.7,18.3,17.6,18.1,25803731.0,466674282.5
2013-09-16,18.4,18.55,16.45,17.4,32730001.0,575599940.65
2013-09-17,17.35,17.45,17.0,17.1,12052528.0,206955102.5
2013-09-18,17.15,17.35,16.9,17.15,13905120.0,238014742.5
2013-09-19,18.0,18.8,17.8,18.4,37712371.0,689930515.85
2013-09-20,18.4,18.4,17.0,17.3,30406572.0,532072090.45
2013-09-23,16.95,17.2,16.3,16.5,21815187.0,363473649.75
2013-09-24,16.8,17.0,16.45,16.7,22122860.0,369484911.25
2013-09-25,17.1,17.3,16.2,16.7,24304813.0,405997408.8
2013-09-26,16.7,16.8,16.4,16.55,18306153.0,303493725.8
2013-09-27,16.65,16.8,16.15,16.25,19363025.0,318561530.15
2013-09-30,16.1,16.1,15.5,15.7,14239532.0,223539909.15
2013-10-01,15.75,15.9,15.55,15.8,21839715.0,344484558.55
2013-10-03,15.9,16.5,15.7,16.35,22838863.0,369394416.85
2013-10-04,16.2,16.8,16.15,16.55,22095631.0,364902687.45
2013-10-07,16.5,16.5,16.1,16.3,12084298.0,196866755.6
2013-10-08,16.5,17.05,16.3,16.7,20293025.0,338234779.5
2013-10-09,16.75,18.15,16.55,18.0,31809815.0,556207619.25
2013-10-10,18.15,18.35,17.65,17.95,21194612.0,381439275.7
2013-10-11,18.25,19.8,18.0,19.3,57901498.0,1110017637.05
2013-10-14,19.25,19.65,18.8,19.1,26438802.0,508703861.75
2013-10-15,19.4,19.65,17.8,18.35,34576864.0,648148526.25
2013-10-17,18.55,18.65,17.6,17.75,26522888.0,480287884.95
2013-10-18,18.2,18.4,17.85,18.15,28908590.0,523598033.5
2013-10-21,18.85,19.1,18.5,18.8,43665765.0,820036338.1
2013-10-22,18.7,19.05,18.25,18.5,25275658.0,473197237.5
2013-10-23,18.6,18.8,18.0,18.3,22931654.0,420574204.2
2013-10-24,18.3,18.75,17.2,17.4,38484345.0,688632200.7
2013-10-25,17.4,17.6,17.0,17.25,20110095.0,347659472.85
2013-10-28,17.3,17.55,16.6,16.7,25839327.0,440298547.35
2013-10-29,16.7,17.5,16.4,17.35,24749901.0,420719061.25
2013-10-30,17.55,17.65,17.15,17.25,15104401.0,262383932.4
2013-10-31,17.2,17.7,16.95,17.45,29462311.0,513219275.25
2013-11-01,17.55,18.25,17.3,18.05,47133858.0,835256459.95
2013-11-03,18.3,18.3,18.1,18.15,5246964.0,95443493.65
2013-11-05,18.0,18.5,17.7,18.0,34742406.0,631061724.15
2013-11-06,18.2,18.5,17.6,17.75,31195108.0,560101463.1
2013-11-07,17.6,18.0,16.7,16.85,36900264.0,642639025.2
2013-11-08,16.7,17.35,16.55,17.05,26234278.0,445476185.65
2013-11-11,16.95,17.05,16.45,16.55,24840084.0,415547122.6
2013-11-12,16.7,16.95,16.25,16.3,28857057.0,477406259.1
2013-11-13,16.25,16.55,15.85,16.0,22536138.0,365599378.75
2013-11-14,16.25,16.8,16.25,16.6,19667430.0,325970643.0
2013-11-18,16.8,17.15,16.65,17.0,23293097.0,393022986.55
2013-11-19,17.0,17.7,16.9,17.6,37612086.0,655225787.05
2013-11-20,17.6,18.0,17.1,17.25,35256994.0,621208849.85
2013-11-21,17.1,17.55,16.85,17.05,37882214.0,650643263.55
2013-11-22,17.25,17.4,16.6,16.7,42096972.0,714425188.2
2013-11-25,17.2,17.2,16.75,16.95,29343513.0,497640301.55
2013-11-26,16.9,17.05,15.45,15.6,151201675.0,2398536834.65
2013-11-27,15.8,15.95,15.45,15.7,50474220.0,791532380.1
2013-11-28,16.0,16.55,15.75,16.25,63203022.0,1023265795.95
2013-11-29,16.25,17.05,16.15,16.8,49402285.0,827584170.75
2013-12-02,16.95,17.05,16.3,16.55,36487661.0,609899085.5
2013-12-03,16.5,17.5,16.2,17.25,60071457.0,1012307411.2
2013-12-04,17.3,17.6,14.7,15.65,115531677.0,1873996032.2
2013-12-05,16.25,16.4,15.5,15.8,58611504.0,934958792.6
2013-12-06,16.0,16.05,15.65,15.85,27860260.0,441287541.0
2013-12-09,16.35,16.4,15.7,16.0,37755512.0,602609564.0
2013-12-10,16.05,16.15,15.6,15.8,36847548.0,584151496.25
2013-12-11,15.8,15.8,15.5,15.6,24625854.0,384334124.4
2013-12-12,15.55,15.8,15.35,15.6,27583396.0,431060708.65
2013-12-13,15.5,15.65,15.3,15.4,21666772.0,334745374.2
2013-12-16,15.35,15.55,15.05,15.15,21108405.0,322909789.65
2013-12-17,15.3,15.35,14.85,14.9,22721197.0,343013389.8
2013-12-18,15.0,15.45,14.9,15.25,35823347.0,544836357.5
2013-12-19,15.45,15.5,14.8,14.95,33865051.0,508879048.35
2013-12-20,15.05,15.4,14.9,15.25,53182359.0,807661092.6
2013-12-23,15.4,16.05,15.25,15.8,44605999.0,702584097.25
2013-12-24,15.85,15.95,15.55,15.7,22685246.0,357050695.45
2013-12-26,15.8,16.0,15.45,15.6,49704916.0,783927297.35
2013-12-27,15.65,15.9,15.45,15.6,23603517.0,370390226.55
2013-12-30,15.7,15.75,15.25,15.35,19846097.0,306975654.45
2013-12-31,15.45,15.55,15.1,15.3,32741950.0,500223540.75
2014-01-01,15.35,15.8,15.25,15.7,40269936.0,629016994.3
2014-01-02,15.85,16.05,15.15,15.25,49579646.0,775214886.25
2014-01-03,15.2,15.35,15.1,15.25,21623023.0,329088430.6
2014-01-06,15.25,15.3,15.05,15.2,15847829.0,240550218.05
2014-01-07,15.15,15.35,14.8,14.9,31168759.0,467466446.75
2014-01-08,15.0,15.15,14.7,14.85,24848196.0,370854008.75
2014-01-09,14.9,14.95,14.55,14.65,20386658.0,299455312.8
2014-01-10,14.8,14.85,14.1,14.15,25840031.0,374245413.1
2014-01-13,14.15,14.35,13.6,13.75,33442367.0,463226864.0
2014-01-14,13.8,13.9,13.3,13.45,29017041.0,392250862.4
2014-01-15,13.45,14.2,13.3,14.1,57807257.0,797489137.25
2014-01-16,14.2,14.3,13.75,13.9,32248188.0,450528573.15
2014-01-17,13.9,14.05,13.5,13.6,27427506.0,376043071.95
2014-01-20,13.5,13.8,13.45,13.7,26220919.0,357619405.8
2014-01-21,13.9,13.9,13.55,13.7,21066392.0,288538516.4
2014-01-22,13.7,13.8,13.6,13.7,12834283.0,175678658.55
2014-01-23,13.65,13.75,13.55,13.6,14698883.0,200574952.15
2014-01-24,13.5,13.6,13.35,13.4,14588956.0,196253252.9
2014-01-27,13.3,13.35,12.1,12.3,39797544.0,506153642.55
2014-01-28,12.35,12.8,12.3,12.6,42230742.0,529839419.0
2014-01-29,12.65,12.8,12.2,12.45,41386972.0,517746940.2
2014-01-30,12.3,12.4,11.75,12.05,54656911.0,658358112.8
2014-01-31,12.35,12.8,12.05,12.6,39838818.0,494995018.5
2014-02-03,12.6,12.6,12.15,12.3,23150650.0,286283682.8
2014-02-04,12.15,12.8,12.05,12.65,24254844.0,301561424.5
2014-02-05,12.65,12.7,12.3,12.6,22259258.0,278723698.5
2014-02-06,12.65,12.8,12.35,12.6,21243677.0,266881030.35
2014-02-07,12.7,12.8,12.45,12.65,21621894.0,273047016.05
2014-02-10,12.7,12.9,12.6,12.8,21671651.0,276396359.3
2014-02-11,12.8,12.85,12.65,12.7,11219001.0,142558587.05
2014-02-12,12.7,12.8,12.25,12.45,21654585.0,270328586.25
2014-02-13,12.5,12.75,12.35,12.6,27974931.0,351347363.85
2014-02-14,12.6,12.85,12.5,12.65,23392189.0,296284657.15
2014-02-17,12.6,12.75,12.35,12.5,17120012.0,214253975.0
2014-02-18,12.45,12.75,12.45,12.65,18541162.0,233915659.7
2014-02-19,12.6,12.65,12.35,12.45,11182292.0,139447358.95
2014-02-20,12.35,12.6,12.15,12.35,27446329.0,340286478.8
2014-02-21,12.3,12.5,12.25,12.35,13410394.0,166404316.7
2014-02-24,12.35,12.5,12.2,12.25,15593292.0,191976249.25
2014-02-25,12.3,12.4,12.0,12.1,19448218.0,237424537.85
2014-02-26,12.05,12.15,11.65,11.75,35521947.0,420710481.0
2014-02-28,11.7,11.8,11.2,11.4,27065619.0,310093464.25
2014-03-03,11.45,11.45,10.95,11.0,26686339.0,297096540.2
2014-03-04,11.0,11.5,10.85,11.4,25348598.0,283091057.65
2014-03-05,11.5,11.5,10.95,11.4,23592786.0,265961100.35
2014-03-06,11.45,12.0,11.35,11.9,33160920.0,388683419.8
2014-03-07,11.95,12.6,11.85,12.1,62598905.0,762190997.8
2014-03-10,12.1,12.5,11.95,12.35,26974192.0,330664481.55
2014-03-11,12.4,12.8,12.05,12.5,37054817.0,461491752.1
2014-03-12,12.5,13.1,12.4,12.75,46077933.0,589057864.8
2014-03-13,12.8,13.0,12.2,12.3,23440690.0,296728300.7
2014-03-14,12.2,12.25,11.9,12.15,32130795.0,388167537.45
2014-03-18,12.25,12.35,11.85,11.9,31046452.0,375729219.55
2014-03-19,12.0,12.15,11.8,11.9,26272557.0,314174040.4
2014-03-20,11.8,11.85,11.0,11.4,36807281.0,427971179.65
2014-03-21,11.45,11.9,11.4,11.7,39947708.0,465401873.45
2014-03-22,11.75,11.75,11.6,11.65,1685370.0,19668850.1
2014-03-24,11.65,12.05,11.65,11.9,36273602.0,430384310.7
2014-03-25,11.8,11.95,11.7,11.8,15013724.0,177311283.55
2014-03-26,11.8,12.0,11.35,11.5,34153448.0,398682012.15
2014-03-27,11.5,11.8,11.35,11.6,27199473.0,314637900.55
2014-03-28,11.8,12.2,11.75,12.1,32022663.0,385611324.15
2014-03-31,12.2,14.1,12.2,14.0,87751409.0,1159720073.55
2014-04-01,14.2,14.3,13.25,13.55,73108818.0,998758415.85
2014-04-02,13.7,14.45,13.5,14.35,46763330.0,656492658.35
2014-04-03,14.5,15.3,14.0,14.55,83747525.0,1227120631.85
2014-04-04,14.55,15.6,14.3,15.35,74229179.0,1119131439.35
2014-04-07,15.4,16.05,13.85,15.35,97390093.0,1483472075.0
2014-04-09,15.4,16.1,15.4,15.85,51132359.0,807520929.05
2014-04-10,15.85,16.7,15.75,16.35,71984070.0,1170375086.85
2014-04-11,16.2,17.35,15.85,16.95,78281812.0,1311549054.5
2014-04-15,17.0,17.2,16.4,16.6,49400444.0,831077366.5
2014-04-16,16.6,16.7,15.4,15.6,55628629.0,887272400.55
2014-04-17,15.85,16.75,15.75,16.5,52251903.0,850993616.3
2014-04-21,16.6,16.85,16.05,16.2,36465291.0,596843346.5
2014-04-22,16.4,17.1,16.35,16.85,80245111.0,1351137715.7
2014-04-23,16.9,17.1,16.3,16.5,68011200.0,1138031637.5
2014-04-25,16.6,17.0,16.3,16.55,55899993.0,931285963.2
2014-04-28,16.55,17.45,16.55,17.2,71573668.0,1222448729.7
2014-04-29,17.3,18.0,16.8,17.3,96566898.0,1688562599.7
2014-04-30,17.3,17.5,15.25,15.85,89716008.0,1472185239.5
2014-05-02,16.0,16.35,15.7,15.95,55825259.0,896137485.1
2014-05-05,16.0,16.3,15.6,15.9,55297921.0,883344245.75
2014-05-06,15.9,16.15,15.55,15.8,30940434.0,490974979.8
2014-05-07,15.75,16.0,15.25,15.4,37674274.0,590029838.15
2014-05-08,15.5,15.6,14.9,15.05,35924494.0,545532688.2
2014-05-09,15.1,16.5,15.0,16.35,67251028.0,1068524039.75
2014-05-12,16.4,17.8,16.4,17.2,96504938.0,1661888049.75
2014-05-13,17.5,17.9,16.85,17.35,73477483.0,1283346779.7
2014-05-14,17.35,19.05,17.0,18.85,115255565.0,2107167726.05
2014-05-15,19.0,19.25,18.1,18.35,71673907.0,1336338710.4
2014-05-16,19.1,21.1,18.65,19.4,152314837.0,3035604075.6
2014-05-19,19.9,23.1,19.7,22.9,141957763.0,3069801456.85
2014-05-20,23.8,27.15,23.15,26.25,196397113.0,5087894343.25
2014-05-21,26.8,27.2,25.0,26.1,101554467.0,2641573910.5
2014-05-22,26.65,29.35,26.45,28.15,114307150.0,3185038489.65
2014-05-23,28.65,30.15,28.35,29.6,125554074.0,3674780739.25
2014-05-26,30.5,31.5,26.35,28.15,138267860.0,4112807395.95
2014-05-27,28.45,28.45,25.35,26.3,104539459.0,2767625229.15
2014-05-28,26.15,28.2,25.5,27.9,86832964.0,2338550153.65
2014-05-29,26.9,27.95,26.55,26.95,80096644.0,2179365301.85
2014-05-30,27.2,29.9,27.2,27.75,129699300.0,3707795086.3
2014-06-02,28.2,29.1,27.95,28.6,59164707.0,1689953886.95
2014-06-03,28.85,30.0,28.3,29.8,87714481.0,2569168372.1
2014-06-04,30.15,30.75,29.5,30.35,82633819.0,2497176294.55
2014-06-05,30.55,30.8,29.8,30.5,54437469.0,1657446038.9
2014-06-06,31.0,32.9,30.9,32.3,100736385.0,3188736939.0
2014-06-09,33.35,38.7,33.35,37.8,257055999.0,9378058542.6
2014-06-10,38.25,38.6,34.5,36.6,136399662.0,4929321979.5
2014-06-11,36.9,37.95,33.25,33.95,125762662.0,4461204966.05
2014-06-12,34.4,35.5,33.3,34.2,97380698.0,3352807907.25
2014-06-13,34.8,35.85,31.55,32.25,123019425.0,4119615302.9
2014-06-16,32.2,33.4,30.15,32.95,128567799.0,4091395876.55
2014-06-17,33.0,33.45,31.8,32.8,85064058.0,2785080872.3
2014-06-18,32.8,33.6,31.0,31.55,95713527.0,3091521359.0
2014-06-19,31.55,32.2,30.8,31.15,70619235.0,2216299730.7
2014-06-20,30.8,33.85,30.75,33.3,102330549.0,3310528858.75
2014-06-23,33.6,34.4,32.6,33.8,99974478.0,3351793325.85
2014-06-24,34.1,34.95,34.1,34.55,78364354.0,2711667432.05
2014-06-25,34.6,35.35,34.2,34.7,60456410.0,2106054415.75
2014-06-26,34.65,34.65,32.9,33.45,92217045.0,3114214694.1
2014-06-27,33.65,34.3,32.55,34.0,75986671.0,2547419618.45
2014-06-30,34.2,34.85,33.45,33.75,71003889.0,2428283816.05
2014-07-01,33.9,34.9,33.55,34.65,73376549.0,2512467262.0
2014-07-02,35.2,35.5,33.9,34.25,81109711.0,2827727665.55
2014-07-03,34.45,34.5,32.5,32.8,45193235.0,1505412963.35
2014-07-04,32.9,33.4,32.4,32.9,44673486.0,1471495486.65
2014-07-07,32.9,33.45,31.95,32.3,33491692.0,1097423535.25
2014-07-08,32.5,32.55,27.8,28.2,94956525.0,2866241349.45
2014-07-09,28.4,29.45,27.1,28.35,93422386.0,2649400490.5
2014-07-10,28.2,31.15,25.95,28.15,173076367.0,4951894382.3
2014-07-11,28.4,29.25,24.55,25.0,122638228.0,3287432459.9
2014-07-14,25.05,25.95,24.7,25.35,63338531.0,1609400395.1
2014-07-15,25.9,26.6,25.1,26.35,72137590.0,1870626895.25
2014-07-16,26.85,28.4,26.55,28.2,87307127.0,2415378135.35
2014-07-17,28.2,28.65,27.55,27.8,56238752.0,1576104373.0
2014-07-18,27.55,27.7,26.7,27.25,50691749.0,1379677957.2
2014-07-21,27.45,28.05,26.7,27.0,45434300.0,1241981907.8
2014-07-22,27.2,27.35,25.9,26.15,48245873.0,1283868083.85
2014-07-23,26.25,27.85,26.1,27.5,66720538.0,1797473464.9
2014-07-24,27.65,28.25,27.15,27.6,55083932.0,1525100351.8
2014-07-25,27.35,27.85,25.15,26.45,66624361.0,1769670039.3
2014-07-28,26.5,26.65,25.7,25.85,42417633.0,1107709789.35
2014-07-30,25.65,25.85,24.6,25.0,82444536.0,2063785435.4
2014-07-31,25.0,25.8,25.0,25.45,67703829.0,1725770536.75
2014-08-01,25.0,26.5,24.7,25.1,79509210.0,2031558093.7
2014-08-04,25.4,26.15,25.4,25.9,49913340.0,1287520267.4
2014-08-05,26.05,27.9,25.7,27.6,101547047.0,2704148734.8
2014-08-06,27.6,28.35,27.1,27.3,80987201.0,2245085218.4
2014-08-07,27.2,28.15,26.9,27.45,69490047.0,1911547840.4
2014-08-08,26.95,27.05,25.75,25.95,61629939.0,1617395867.3
2014-08-11,26.7,26.9,25.85,26.1,35879650.0,945535161.15
2014-08-12,26.4,26.65,25.75,26.3,45708389.0,1197310110.75
2014-08-13,25.8,25.85,21.2,21.65,126380668.0,2929794985.85
2014-08-14,20.9,23.05,20.1,22.7,144001755.0,3130354047.8
2014-08-18,22.5,23.4,21.95,22.9,65451659.0,1479395001.5
2014-08-19,23.1,23.8,22.9,23.6,51482730.0,1207088317.15
2014-08-20,23.55,24.6,23.55,24.15,53702893.0,1292501306.2
2014-08-21,24.15,24.85,23.1,23.35,51336188.0,1227721909.3
2014-08-22,23.35,23.65,22.7,23.3,45040384.0,1044545951.25
2014-08-25,23.35,23.55,22.3,22.5,41075744.0,945250664.35
2014-08-26,22.3,22.9,21.7,22.45,53266315.0,1191432399.75
2014-08-27,22.5,22.9,21.65,22.05,45915806.0,1020919003.55
2014-08-28,22.05,22.3,21.45,21.7,50370409.0,1097337423.1
2014-09-01,22.2,24.0,21.9,23.75,75761771.0,1759476886.9
2014-09-02,23.85,24.45,23.6,23.9,52670468.0,1263715481.4
2014-09-03,24.4,24.4,23.45,24.0,58059273.0,1392114535.15
2014-09-04,23.8,23.95,21.45,22.45,68436108.0,1538781401.15
2014-09-05,22.7,23.3,22.05,23.05,52487184.0,1186132850.9
2014-09-08,23.3,23.65,22.8,23.4,33612370.0,781140196.65
2014-09-09,23.2,23.3,22.5,22.65,35860018.0,818969649.7
2014-09-10,22.5,23.55,22.25,23.25,51148099.0,1179702810.9
2014-09-11,23.35,23.6,22.6,22.75,39178465.0,903856715.0
2014-09-12,22.65,23.25,22.6,22.9,34892518.0,800736815.75
2014-09-15,22.6,24.55,22.3,24.15,66042339.0,1554810434.35
2014-09-16,24.45,25.55,22.65,22.8,99807673.0,2408116305.75
2014-09-17,23.1,23.3,22.3,22.95,41614633.0,949930098.85
2014-09-18,22.9,26.35,22.7,25.9,124752134.0,3126619186.35
2014-09-19,26.3,26.7,24.65,25.2,82292216.0,2127380917.75
2014-09-22,24.45,25.3,24.2,24.55,52576107.0,1301617324.1
2014-09-23,24.5,24.8,21.75,21.95,91117954.0,2095468474.0
2014-09-24,22.0,22.45,19.4,20.15,93090131.0,1941685711.2
2014-09-25,20.65,21.25,18.8,19.25,113917739.0,2259546289.8
2014-09-26,19.1,20.65,18.65,20.45,91793935.0,1810003716.75
2014-09-29,20.7,20.9,19.7,19.9,44836560.0,909819004.35
2014-09-30,19.9,20.5,18.65,18.85,79578265.0,1558872006.45
2014-10-01,18.75,19.6,18.45,19.2,54367708.0,1036096374.6
2014-10-07,19.0,19.85,18.95,19.25,49170836.0,954457088.1
2014-10-08,19.2,19.9,19.0,19.55,49547149.0,964141341.25
2014-10-09,19.5,20.7,19.5,20.55,53784648.0,1085944506.3
2014-10-10,20.0,20.15,19.15,19.25,52280051.0,1025986101.5
2014-10-13,19.2,19.2,18.15,18.45,59431948.0,1101611415.25
2014-10-14,18.25,18.9,17.85,18.05,66702398.0,1215761762.75
2014-10-16,17.9,18.35,17.15,17.35,51368421.0,915968280.8
2014-10-17,17.7,17.85,17.0,17.55,51772727.0,903534539.55
2014-10-20,18.0,18.45,17.5,17.65,50138660.0,899154214.1
2014-10-21,17.55,18.0,17.15,17.6,45036726.0,793065138.15
2014-10-22,17.85,18.0,17.4,17.6,33686068.0,596146615.35
2014-10-23,17.75,17.8,17.6,17.7,6817398.0,120689969.65
2014-10-27,17.9,17.9,17.0,17.15,38898037.0,674330421.1
2014-10-28,17.0,17.5,16.95,17.25,30979981.0,534880921.7
2014-10-29,17.3,17.9,17.25,17.85,40941277.0,718896200.25
2014-10-30,18.0,19.55,18.0,19.3,83508429.0,1570017769.55
2014-10-31,19.55,20.95,19.25,20.5,89093169.0,1809945234.85
2014-11-03,20.5,23.25,20.5,22.55,101914105.0,2242635524.8
2014-11-05,22.75,24.35,22.2,22.5,130613114.0,3037749433.75
2014-11-07,22.75,23.15,21.5,22.55,88177781.0,1975006165.05
2014-11-10,22.6,22.8,21.35,21.5,66965397.0,1464677263.05
2014-11-11,21.5,21.85,20.7,21.55,78757654.0,1678206004.1
2014-11-12,21.85,21.85,20.9,21.05,56576494.0,1206305544.55
2014-11-13,20.45,20.45,19.55,19.9,69679510.0,1390287664.5
2014-11-14,19.7,21.25,19.7,20.95,58035770.0,1194554470.6
2014-11-17,20.7,21.05,20.2,20.6,40389091.0,833571211.55
2014-11-18,20.8,21.15,20.35,20.55,38685348.0,800787097.6
2014-11-19,20.5,21.0,19.65,19.75,47640456.0,966832077.5
2014-11-20,19.8,20.1,18.75,19.0,57742629.0,1112729496.1
2014-11-21,19.0,19.9,19.0,19.3,44262914.0,859149168.1
2014-11-24,19.45,19.85,19.0,19.7,40462703.0,789837164.75
2014-11-25,19.8,19.8,17.8,18.15,75392851.0,1386699631.55
2014-11-26,18.1,19.25,17.85,18.95,70648446.0,1313949872.4
2014-11-27,19.05,19.7,18.5,19.35,75735149.0,1453038939.4
2014-11-28,19.4,20.0,19.15,19.5,52953990.0,1040963056.8
2014-12-01,19.4,19.6,18.25,18.5,61711059.0,1156615295.05
2014-12-02,18.3,19.0,18.3,18.6,42673051.0,794924490.0
2014-12-03,18.6,19.15,18.5,18.65,37588787.0,706032943.15
2014-12-04,18.85,19.15,18.2,18.45,41886237.0,776859639.95
2014-12-05,18.55,19.2,18.35,18.65,52054037.0,979932654.2
2014-12-08,18.7,18.85,18.0,18.1,40130816.0,736536099.05
2014-12-09,18.15,18.45,17.55,17.7,49666630.0,889007719.05
2014-12-10,17.75,18.3,17.7,18.1,36054624.0,651361199.7
2014-12-11,18.2,18.25,17.65,17.75,34716471.0,619552467.85
2014-12-12,17.75,17.9,16.6,16.75,54028401.0,928184723.85
2014-12-15,16.55,17.3,16.3,16.75,63005859.0,1056332201.15
2014-12-16,16.6,16.6,14.35,14.9,90906794.0,1395906671.75
2014-12-17,14.8,15.9,13.8,15.35,92584648.0,1388303986.35
2014-12-18,15.65,16.1,15.65,15.85,41124279.0,652151661.75
2014-12-19,16.15,16.35,15.25,15.45,47328462.0,743692004.35
2014-12-22,15.35,15.8,15.35,15.6,30774345.0,480057342.05
2014-12-23,15.6,15.8,15.25,15.4,34892052.0,539305838.8
2014-12-24,15.4,16.65,15.2,16.1,75527904.0,1219022408.6
2014-12-26,16.25,17.05,16.1,16.65,37783133.0,620884690.85
2014-12-29,16.9,17.3,16.4,16.7,51314382.0,870145946.3
2014-12-30,16.6,16.7,15.5,15.85,52580610.0,841510872.25
2014-12-31,15.9,16.85,15.75,16.6,49399856.0,808937118.75
2015-01-01,16.4,17.05,16.25,16.85,36457691.0,609420953.65
2015-01-02,16.85,17.75,16.85,17.4,50635119.0,880211328.6
2015-01-05,17.4,18.3,17.25,18.1,60988730.0,1084567279.55
2015-01-06,17.9,17.9,17.0,17.1,52421797.0,909270012.85
2015-01-07,17.0,17.2,15.9,16.7,64570032.0,1074624498.15
2015-01-08,17.4,17.55,16.8,17.25,48882704.0,841519630.55
2015-01-09,17.4,17.6,16.8,16.9,41956579.0,716607670.25
2015-01-12,17.1,17.45,16.85,16.95,41618860.0,713926150.25
2015-01-13,17.0,17.3,16.0,16.1,57087181.0,936996871.1
2015-01-14,16.1,16.3,15.45,15.6,44043696.0,693769934.4
2015-01-15,16.3,17.25,16.0,16.85,90744923.0,1519849736.0
2015-01-16,16.75,17.5,16.35,17.0,69572475.0,1181633716.25
2015-01-19,17.25,17.75,16.8,16.9,72377559.0,1244789744.5
2015-01-20,17.0,17.1,16.55,16.85,41009864.0,690726656.35
2015-01-21,16.85,17.05,16.4,16.6,37597859.0,627314404.15
2015-01-22,16.5,17.15,16.5,16.75,43056847.0,723441767.4
2015-01-23,17.0,17.15,16.45,16.95,54940559.0,926111868.6
2015-01-27,17.0,17.1,16.6,16.8,37679757.0,635543108.1
2015-01-28,16.7,17.0,16.5,16.65,47455083.0,794389689.1
2015-01-29,16.6,18.0,16.5,17.85,83620080.0,1458464148.85
2015-01-30,18.1,19.1,17.9,18.65,111394477.0,2067146267.85
2015-02-02,18.75,19.7,18.6,19.3,79646950.0,1538196462.5
2015-02-03,19.45,19.6,18.5,18.75,71432675.0,1347755853.9
2015-02-04,18.9,19.9,18.35,19.25,104800281.0,2022581301.5
2015-02-05,19.2,19.5,16.45,17.5,73530393.0,1354519356.35
2015-02-06,17.0,17.55,16.45,16.85,90401844.0,1531149772.35
2015-02-09,16.75,16.85,15.55,15.75,71481422.0,1158455819.3
2015-02-10,15.6,16.4,15.3,15.6,74881369.0,1184094466.25
2015-02-11,15.85,16.45,15.75,16.3,52062580.0,840461470.0
2015-02-12,16.45,16.8,16.25,16.65,48215535.0,797645026.95
2015-02-13,16.7,17.2,16.45,16.7,51763843.0,869512219.0
2015-02-16,17.15,19.0,17.15,18.5,124620921.0,2290537443.4
2015-02-18,18.7,18.9,18.05,18.2,48972784.0,906428853.05
2015-02-19,18.45,18.55,17.3,18.15,66031294.0,1180804049.75
2015-02-20,18.25,18.7,18.0,18.4,49739012.0,917125699.7
2015-02-23,18.6,18.75,17.4,17.65,46394024.0,846205471.05
2015-02-24,17.8,18.45,17.5,18.25,65897628.0,1188684850.1
2015-02-25,18.45,18.6,17.85,18.05,43213058.0,789532152.25
2015-02-26,18.1,18.75,17.6,18.5,72512104.0,1329484499.35
2015-02-27,18.5,21.95,18.25,21.65,201796813.0,4137580733.15
2015-02-28,22.0,22.75,19.55,20.65,188499908.0,3986847260.0
2015-03-02,20.75,21.45,19.05,20.2,107353543.0,2161152233.9
2015-03-03,20.4,21.05,19.75,20.0,62489590.0,1269084601.55
2015-03-04,20.75,20.95,19.5,19.65,84570577.0,1719578180.0
2015-03-05,19.7,19.7,18.7,19.15,49441527.0,948433858.05
2015-03-09,19.0,19.7,18.55,18.75,70161659.0,1330519813.25
2015-03-10,18.8,19.1,18.45,18.6,41709052.0,782285281.5
2015-03-11,18.9,20.0,18.7,19.8,88912368.0,1718627070.1
2015-03-12,20.0,20.95,19.55,20.8,93864592.0,1910257277.95
2015-03-13,20.85,20.95,19.2,19.45,68721967.0,1376679648.65
2015-03-16,19.65,19.65,19.05,19.2,32558503.0,631526819.55
2015-03-17,19.3,19.9,19.2,19.65,29716138.0,580353381.35
2015-03-18,19.85,20.25,19.5,19.95,43536411.0,867327099.65
2015-03-19,20.2,20.4,19.15,19.3,42155305.0,831485650.35
2015-03-20,19.3,19.45,17.65,17.85,79145321.0,1462229651.8
2015-03-23,18.1,18.2,17.25,17.35,55696415.0,981573669.15
2015-03-24,17.35,17.6,16.7,16.85,72804749.0,1248598689.4
2015-03-25,16.85,17.1,15.35,15.7,86237332.0,1399832290.4
2015-03-26,15.75,16.65,15.6,16.0,67385482.0,1082761214.9
2015-03-27,16.45,16.7,15.45,16.35,80029741.0,1296318314.0
2015-03-30,16.55,16.65,15.95,16.35,59775463.0,974249983.95
2015-03-31,16.55,16.7,16.1,16.15,57426677.0,939764044.4
2015-04-01,16.2,16.35,15.95,16.2,39271391.0,634349555.65
2015-04-06,16.35,17.75,16.2,17.55,77839184.0,1324308715.25
2015-04-07,17.75,17.75,16.75,17.1,72558225.0,1243254012.25
2015-04-08,17.2,18.4,17.05,17.65,98675435.0,1750842261.05
2015-04-09,17.7,18.1,17.25,17.5,46273554.0,816353860.2
2015-04-10,17.6,17.95,17.4,17.6,33087602.0,583863335.85
2015-04-13,17.7,18.05,17.6,17.8,27634931.0,493757004.7
2015-04-15,17.8,18.0,17.3,17.5,27390225.0,484969052.25
2015-04-16,17.6,17.65,16.95,17.1,30451239.0,523900064.5
2015-04-17,17.15,17.25,16.8,16.85,25017907.0,426268170.15
2015-04-20,16.8,17.2,16.3,16.45,44830485.0,750019183.9
2015-04-21,16.6,16.8,16.3,16.4,25171649.0,415286899.05
2015-04-22,16.6,16.95,16.2,16.45,34156444.0,565709643.55
2015-04-23,16.7,16.8,16.25,16.35,25840596.0,426009500.5
2015-04-24,16.45,16.6,15.6,15.7,45260393.0,723096581.0
2015-04-27,15.8,15.85,14.75,14.9,41596643.0,630620618.5
2015-04-28,14.9,15.3,14.8,15.2,32402916.0,488688281.15
2015-04-29,15.2,15.45,15.05,15.1,26590319.0,403431281.3
2015-04-30,15.05,15.6,14.9,15.4,41342582.0,628446539.6
2015-05-04,15.7,15.85,15.45,15.55,44933369.0,700638648.95
2015-05-05,15.6,15.85,15.5,15.55,30088995.0,470538769.45
2015-05-06,15.5,15.7,14.05,14.2,70372187.0,1027172154.85
2015-05-07,14.25,14.3,13.15,13.55,60976819.0,835709213.55
2015-05-08,13.8,14.65,13.7,14.4,45292321.0,646034853.25
2015-05-11,14.5,14.7,14.3,14.4,21187191.0,306781580.35
2015-05-12,14.4,14.45,13.75,14.0,32480881.0,453808562.2
2015-05-13,14.1,14.45,13.8,14.15,34588842.0,489705891.5
2015-05-14,14.05,14.4,13.9,14.3,31950605.0,454102008.75
2015-05-15,14.4,14.45,13.9,14.05,25585931.0,361827738.9
2015-05-18,14.15,14.35,14.05,14.2,16802215.0,238625956.75
2015-05-19,14.2,14.65,14.1,14.35,26113835.0,376080263.9
2015-05-20,14.4,14.5,14.05,14.1,19610879.0,278841270.25
2015-05-21,14.15,14.45,14.0,14.3,21537456.0,306678308.9
2015-05-22,14.4,14.5,14.0,14.1,22320938.0,317411473.05
2015-05-25,14.1,14.35,14.05,14.25,17237463.0,245283145.85
2015-05-26,14.25,14.35,14.05,14.15,16543554.0,234424107.85
2015-05-27,14.1,14.2,13.85,14.05,24420099.0,342942969.7
2015-05-28,14.1,14.2,13.9,14.0,29306119.0,411046000.35
2015-05-29,14.1,14.85,14.0,14.3,54395381.0,783494820.8
2015-06-01,14.1,14.35,13.85,13.95,30512036.0,429487753.8
2015-06-02,14.0,14.15,13.3,13.45,41349839.0,566375297.95
2015-06-03,13.45,13.55,6.75,8.65,545983562.0,4730049582.5
2015-06-04,9.0,9.9,8.6,9.5,262815514.0,2467730359.85
2015-06-05,9.4,9.55,8.35,8.95,124379858.0,1136149268.4
2015-06-08,9.05,9.15,8.3,8.55,69655074.0,602969447.65
2015-06-09,8.2,8.25,7.3,7.9,97399416.0,776940632.45
2015-06-10,8.0,8.2,7.5,7.8,88338010.0,690382847.8
2015-06-11,7.95,8.05,7.05,7.15,105094884.0,783337132.95
2015-06-12,7.2,7.65,7.15,7.55,64840946.0,482267302.35
2015-06-15,7.5,8.0,7.45,7.65,65207252.0,500909160.7
2015-06-16,7.7,7.75,7.25,7.5,48161634.0,358866045.2
2015-06-17,7.6,7.95,7.5,7.65,71520689.0,551318026.75
2015-06-18,7.65,7.9,7.35,7.45,58312389.0,440836540.55
2015-06-19,7.65,7.75,7.45,7.6,43292057.0,328565223.8
2015-06-22,7.75,8.35,7.6,8.15,90504735.0,721277672.7
2015-06-23,8.15,8.3,7.85,8.05,60957387.0,491370328.95
2015-06-24,8.1,8.45,7.9,8.0,66419015.0,540969643.25
2015-06-25,7.95,8.25,7.8,8.1,98552856.0,790295330.2
2015-06-26,8.05,8.35,7.35,8.05,98471187.0,780147734.6
2015-06-29,7.8,8.05,7.4,7.95,78699594.0,616946665.0
2015-06-30,7.85,8.1,7.8,7.95,45555728.0,361399204.85
2015-07-01,7.95,8.25,7.9,8.15,49727907.0,404264060.95
2015-07-02,8.2,8.35,7.85,7.95,58618832.0,473793273.05
2015-07-03,7.9,8.1,7.8,7.9,43763187.0,348234367.15
2015-07-06,7.5,8.0,7.5,7.9,53580895.0,419013882.45
2015-07-07,7.9,8.15,7.85,8.0,49865192.0,397769765.6
2015-07-08,7.85,8.0,7.6,7.75,64727134.0,504429941.1
2015-07-09,7.75,7.9,7.6,7.75,35350749.0,273847346.5
2015-07-10,7.8,7.85,7.65,7.65,25484217.0,196942924.8
2015-07-13,7.7,7.85,7.65,7.8,30385437.0,236077113.85
2015-07-14,7.85,7.95,7.75,7.8,27869738.0,218483573.15
2015-07-15,7.85,8.05,7.8,7.85,34055191.0,269638567.1
2015-07-16,7.9,7.95,7.75,7.85,18475063.0,145156047.85
2015-07-17,7.9,7.95,7.65,7.7,25018465.0,194225947.35
2015-07-20,7.75,7.8,7.5,7.6,24598494.0,187666366.2
2015-07-21,7.65,7.65,6.6,7.0,76946482.0,541420805.75
2015-07-22,7.0,7.25,6.9,7.15,32653783.0,231841261.75
2015-07-23,7.15,7.2,7.0,7.0,27527326.0,194710723.75
2015-07-24,7.0,7.05,6.8,6.85,23563019.0,162438390.55
2015-07-27,6.8,6.9,6.6,6.65,25200131.0,169610388.85
2015-07-28,6.7,6.75,6.45,6.5,33551771.0,220080659.3
2015-07-29,6.55,6.55,6.1,6.25,40109110.0,253264916.95
2015-07-30,6.35,7.5,6.25,7.4,113452514.0,817449360.45
2015-07-31,7.45,7.9,7.4,7.6,49755965.0,379460485.35
2015-08-03,7.55,8.1,7.5,7.7,77729041.0,610505892.35
2015-08-04,7.7,7.75,7.3,7.45,46186308.0,347373421.85
2015-08-05,7.45,8.0,7.4,7.85,88163616.0,687308678.75
2015-08-06,7.85,8.25,7.55,7.85,72313239.0,571825748.3
2015-08-07,7.85,8.0,7.65,7.8,49163606.0,384713436.5
2015-08-10,7.8,8.25,7.75,7.95,60080711.0,479809913.65
2015-08-11,7.95,7.95,7.65,7.7,32471196.0,252903596.7
2015-08-12,7.65,7.65,7.1,7.2,44919918.0,329577386.2
2015-08-13,7.2,7.4,6.9,7.0,59210241.0,422947630.7
2015-08-14,6.95,7.55,6.55,7.35,89779447.0,639967317.65
2015-08-17,7.3,7.35,6.65,7.0,58131146.0,404434624.55
2015-08-18,7.1,7.25,6.8,7.1,34121544.0,239928575.85
2015-08-19,7.1,7.55,7.0,7.15,67739916.0,491857999.65
2015-08-20,7.1,7.1,6.65,6.85,55414067.0,382911831.95
2015-08-21,6.75,6.9,6.55,6.85,39139935.0,265629322.7
2015-08-24,6.7,6.7,5.9,6.0,73178597.0,459257632.2
2015-08-25,6.25,6.3,5.4,5.95,121742603.0,710350891.85
2015-08-26,6.1,6.15,5.75,5.95,64258086.0,384506751.35
2015-08-27,6.1,6.4,6.05,6.2,66307237.0,409948954.0
2015-08-28,6.35,6.45,5.9,6.05,46115018.0,285958925.5
2015-08-31,6.1,6.15,5.85,6.05,38568504.0,232931039.4
2015-09-01,6.05,6.1,5.7,5.8,37272861.0,219412684.05
2015-09-02,5.9,6.05,5.85,5.95,31904488.0,189507620.25
2015-09-03,6.0,6.25,5.85,6.1,46773510.0,285025683.65
2015-09-04,6.1,6.1,5.65,5.8,40551645.0,235675395.8
2015-09-07,5.85,5.9,5.65,5.7,19552502.0,112787222.65
2015-09-08,5.8,6.0,5.7,5.9,25179107.0,147587325.6
2015-09-09,6.1,6.1,5.95,6.0,22864236.0,138079849.2
2015-09-10,5.9,6.0,5.75,5.95,21520024.0,126557184.5
2015-09-11,6.0,6.15,5.9,5.95,24945649.0,149803474.05
2015-09-14,6.05,6.15,5.95,6.05,25100266.0,152457416.65
2015-09-15,6.05,6.15,6.0,6.0,10824996.0,65655863.55
2015-09-16,6.0,6.1,5.9,5.95,19036407.0,113673047.8
2015-09-18,6.05,6.2,6.0,6.1,40191447.0,245447518.05
2015-09-21,6.1,6.35,6.05,6.3,41823249.0,260920587.7
2015-09-22,6.3,6.35,5.8,5.95,38317254.0,232963275.45
2015-09-23,5.9,6.2,5.7,6.1,39257781.0,236615206.15
2015-09-24,6.1,6.15,5.95,6.0,25379605.0,153529143.25
2015-09-28,5.95,6.25,5.95,6.1,33841936.0,207112358.95
2015-09-29,5.95,6.3,5.8,6.2,53601167.0,326622065.8
2015-09-30,6.25,6.3,6.1,6.15,22127233.0,137094393.5
2015-10-01,6.2,6.25,6.05,6.1,21823779.0,134047221.95
2015-10-05,6.1,6.3,6.1,6.25,30754528.0,191638969.55
2015-10-06,6.3,6.35,6.2,6.25,20579387.0,129159683.85
2015-10-07,6.25,7.5,6.2,7.25,143704347.0,999590949.8
2015-10-08,7.25,7.35,6.85,7.15,51876408.0,370532485.4
2015-10-09,7.15,7.4,7.05,7.15,36549704.0,263708036.25
2015-10-12,7.15,7.95,7.1,7.45,75185097.0,564437660.55
2015-10-13,7.5,7.7,7.4,7.55,42378318.0,319700926.85
2015-10-14,7.55,7.95,7.5,7.65,52290254.0,404289559.75
2015-10-15,7.7,8.0,7.65,7.85,44380609.0,348523301.35
2015-10-16,7.9,7.9,7.45,7.65,33726556.0,258114067.3
2015-10-19,7.65,8.2,7.6,8.05,54967614.0,434764653.85
2015-10-20,8.1,8.2,7.85,7.95,55214223.0,445314641.4
2015-10-21,7.95,8.2,7.55,7.85,62177471.0,488138822.9
2015-10-23,7.9,8.05,7.65,7.7,44939351.0,351747500.45
2015-10-26,7.75,7.8,7.5,7.55,38895869.0,296800777.25
2015-10-27,7.5,7.8,7.35,7.7,45189406.0,344460902.5
2015-10-28,7.7,7.7,7.5,7.6,39394896.0,300428848.1
2015-10-29,7.55,7.9,7.5,7.65,68959471.0,531516292.45
2015-10-30,7.7,7.95,7.55,7.6,40942728.0,317594372.85
2015-11-02,7.65,7.7,7.4,7.45,36774213.0,277402400.25
2015-11-03,7.55,7.7,7.4,7.45,30598951.0,230700022.65
2015-11-04,7.45,7.6,7.25,7.3,30993558.0,229893553.8
2015-11-05,7.3,7.3,6.7,6.85,53265766.0,372682838.85
2015-11-06,6.9,7.0,6.75,6.9,44380180.0,305782209.25
2015-11-09,6.6,7.15,6.45,7.05,43144017.0,295906880.9
2015-11-10,7.05,7.15,6.6,6.65,45998669.0,314146841.8
2015-11-11,6.75,7.05,6.75,6.95,13943914.0,96551755.1
2015-11-13,6.9,6.9,6.65,6.75,21854256.0,147911258.0
2015-11-16,6.7,6.95,6.65,6.85,29988176.0,204371778.65
2015-11-17,6.9,7.0,6.85,6.9,22020972.0,152351619.8
2015-11-18,6.85,7.35,6.8,6.95,50712584.0,358452539.4
2015-11-19,7.05,7.2,7.0,7.05,15380234.0,109093217.55
2015-11-20,7.1,7.3,7.05,7.1,28956450.0,206897609.9
2015-11-23,7.05,7.3,7.05,7.1,19307597.0,138263939.55
2015-11-24,7.15,7.25,7.05,7.1,18944758.0,135433272.05
2015-11-26,7.15,7.5,7.0,7.1,100457079.0,727894858.35
2015-11-27,7.2,7.25,6.9,6.95,54537440.0,383195099.2
2015-11-30,7.0,7.2,6.85,7.1,65962995.0,462335968.6
2015-12-01,7.15,7.45,7.1,7.25,50041880.0,363911532.05
2015-12-02,7.3,7.35,7.15,7.2,21872052.0,157763501.6
2015-12-03,7.2,7.3,7.1,7.15,22507349.0,162357462.5
2015-12-04,7.15,7.2,6.9,7.05,19640398.0,139606310.7
2015-12-07,7.1,7.1,6.95,7.0,20487510.0,144151693.9
2015-12-08,7.0,7.05,6.55,6.6,31998059.0,216143665.95
2015-12-09,6.7,6.75,6.4,6.45,35440813.0,232638106.55
2015-12-10,6.55,6.7,6.55,6.65,28234301.0,187038371.65
2015-12-11,6.55,6.55,6.25,6.3,44666697.0,285212807.4
2015-12-14,6.3,6.35,6.15,6.3,24508884.0,153532870.85
2015-12-15,6.3,6.45,6.25,6.4,16848042.0,107110950.35
2015-12-16,6.45,6.55,6.35,6.45,21290550.0,137418771.75
2015-12-17,6.55,6.6,6.4,6.55,21296667.0,138615545.3
2015-12-18,6.5,6.65,6.45,6.6,19301475.0,127044275.65
2015-12-21,6.6,6.8,6.6,6.75,22799430.0,153019333.3
2015-12-22,6.8,6.9,6.7,6.75,19538941.0,133049405.35
2015-12-23,6.85,6.9,6.75,6.8,16314120.0,111194952.4
2015-12-24,6.8,6.85,6.7,6.75,12019922.0,81355420.8
2015-12-28,6.75,6.9,6.75,6.8,10284657.0,70232234.05
2015-12-29,6.85,6.85,6.6,6.65,14796401.0,99324780.55
2015-12-30,6.65,6.8,6.65,6.7,19120451.0,128471825.9
2015-12-31,6.75,6.8,6.55,6.65,39138566.0,261259757.65
2016-01-01,6.65,6.85,6.6,6.8,20423519.0,137509408.95
2016-01-04,6.8,6.95,6.6,6.65,28998768.0,195580350.2
2016-01-05,6.7,6.9,6.65,6.85,38704906.0,263223877.85
2016-01-06,6.9,7.3,6.75,7.0,54623571.0,385160476.65
2016-01-07,7.0,7.0,6.5,6.6,42865603.0,287092006.15
2016-01-08,6.65,6.85,6.55,6.7,35152190.0,235158905.2
2016-01-11,6.6,6.75,6.5,6.65,23861712.0,158318165.7
2016-01-12,6.3,6.55,6.0,6.25,50309061.0,318390154.15
2016-01-13,6.35,6.4,5.95,6.1,49446265.0,302745645.4
2016-01-14,5.95,6.35,5.8,6.2,55123024.0,334186977.3
2016-01-15,6.2,6.2,5.7,5.75,29072894.0,172863485.0
2016-01-18,5.75,5.8,5.45,5.5,39158077.0,218236156.35
2016-01-19,5.5,5.85,5.45,5.75,27847299.0,157637773.4
2016-01-20,5.6,5.65,5.45,5.55,23380667.0,129692936.35
2016-01-21,5.6,5.7,5.4,5.55,30127813.0,166742293.05
2016-01-22,5.65,5.8,5.6,5.65,26073742.0,148219351.45
2016-01-25,5.75,5.85,5.65,5.75,18627407.0,107154707.1
2016-01-27,5.75,5.85,5.65,5.75,22823228.0,131397394.85
2016-01-28,5.75,5.95,5.6,5.65,74049352.0,423102250.6
2016-01-29,5.65,5.75,5.5,5.65,30609611.0,172048960.0
2016-02-01,5.75,5.75,5.55,5.6,16751380.0,94251225.4
2016-02-02,5.6,5.65,5.45,5.5,29658659.0,164076970.85
2016-02-03,5.45,5.45,4.8,5.0,43892300.0,222425672.25
2016-02-04,5.15,5.2,4.85,4.95,29833125.0,149658477.8
2016-02-05,5.0,5.1,4.85,5.05,16792425.0,83831974.75
2016-02-08,5.05,5.3,5.0,5.1,29419705.0,151164379.25
2016-02-09,5.0,5.05,4.9,5.0,14125733.0,70753141.75
2016-02-10,4.95,5.0,4.8,4.9,31538639.0,153754786.85
2016-02-11,4.85,4.95,3.45,4.1,118931190.0,484015218.85
2016-02-12,4.2,4.25,3.6,4.0,143382732.0,549666989.9
2016-02-15,4.15,4.35,4.05,4.25,34858790.0,148759054.25
2016-02-16,4.3,4.3,4.0,4.05,37332058.0,153423758.2
2016-02-17,4.05,4.1,3.85,4.0,32765474.0,130328885.4
2016-02-18,4.05,4.15,3.95,4.0,19244908.0,77729603.65
2016-02-19,4.05,4.05,3.8,3.85,37267872.0,145361575.95
2016-02-22,3.85,3.95,3.8,3.9,31740218.0,123054368.65
2016-02-23,3.9,4.0,3.8,3.9,26396386.0,103105339.9
2016-02-24,3.9,4.15,3.85,4.05,29797813.0,118435891.45
2016-02-25,4.1,4.15,3.75,3.9,120829895.0,474450075.1
2016-02-26,3.8,3.9,3.75,3.85,24548403.0,94434046.25
2016-02-29,3.9,4.05,3.85,3.9,29840004.0,117593817.45
2016-03-01,3.95,4.2,3.9,4.15,33798776.0,136248191.1
2016-03-02,4.2,4.6,4.15,4.55,56675209.0,250556681.5
2016-03-03,4.6,4.65,4.45,4.6,28265189.0,129444775.85
2016-03-04,4.6,4.95,4.55,4.8,35725221.0,169042257.55
2016-03-08,4.9,5.75,4.85,5.5,120174924.0,642575150.8
2016-03-09,5.5,5.95,5.2,5.65,94313923.0,529739805.2
2016-03-10,5.7,5.8,5.5,5.6,49023668.0,275792748.7
2016-03-11,5.55,5.85,5.35,5.45,65691537.0,365914272.45
2016-03-14,5.55,5.65,5.15,5.3,59405728.0,318271815.6
2016-03-15,5.35,5.4,5.2,5.3,29427507.0,156283639.45
2016-03-16,5.25,5.35,5.05,5.2,35806511.0,185998586.3
2016-03-17,5.25,5.35,4.95,5.05,39699448.0,204585756.5
2016-03-18,5.05,5.15,4.9,5.05,37386322.0,188703306.1
2016-03-21,5.1,5.3,5.05,5.15,24739008.0,127702138.4
2016-03-22,5.2,5.3,5.1,5.25,28103293.0,146411546.7
2016-03-23,5.2,5.3,5.1,5.15,26265606.0,136496498.25
2016-03-28,5.1,5.15,4.85,4.95,43187082.0,216249338.1
2016-03-29,4.9,5.0,4.8,4.85,42416527.0,207619671.05
2016-03-30,4.9,5.1,4.85,5.05,41262338.0,205904479.0
2016-03-31,5.05,5.1,4.9,4.95,63859797.0,318076552.4
2016-04-01,4.95,5.35,4.9,5.25,67318222.0,349990527.8
2016-04-04,5.35,5.4,5.15,5.15,30469247.0,159589402.15
2016-04-05,5.1,5.15,4.9,4.95,29540967.0,148405044.65
2016-04-06,4.95,5.05,4.85,5.0,18449407.0,91592168.55
2016-04-07,5.05,5.1,4.95,4.95,20407936.0,102610645.0
2016-04-08,4.95,5.05,4.9,4.95,15275755.0,75962498.1
2016-04-11,5.0,5.05,4.95,5.0,18964865.0,94866371.35
2016-04-12,5.05,5.1,4.95,5.0,11587799.0,58101847.65
2016-04-13,5.05,5.25,5.0,5.1,51315488.0,262708192.55
2016-04-18,5.1,5.1,5.0,5.1,18182850.0,91890552.8
2016-04-20,5.1,5.25,5.1,5.15,21455099.0,110495045.05
2016-04-21,5.1,5.2,5.1,5.1,13301688.0,68505519.15
2016-04-22,5.1,5.15,5.05,5.05,13901574.0,70800661.35
2016-04-25,5.05,5.1,4.95,4.95,19126940.0,95935118.95
2016-04-26,4.95,5.1,4.85,5.05,28061531.0,139231440.6
2016-04-27,5.05,5.05,4.9,4.95,22234527.0,110862969.0
2016-04-28,4.95,5.05,4.8,4.9,55175646.0,272552394.9
2016-04-29,4.9,4.9,4.6,4.75,29128954.0,137761925.7
2016-05-02,4.7,4.85,4.7,4.75,14603146.0,69410601.75
2016-05-03,4.75,5.0,4.75,4.85,23501110.0,114894733.7
2016-05-04,4.85,4.85,4.45,4.55,37556992.0,173759543.9
2016-05-05,4.55,4.7,4.45,4.5,30032442.0,136381574.1
2016-05-06,4.5,4.55,4.4,4.5,18080740.0,80987473.7
2016-05-09,4.5,4.6,4.45,4.55,10026153.0,45323061.2
2016-05-10,4.55,4.55,4.45,4.45,8575601.0,38510024.3
2016-05-11,4.4,4.45,3.95,4.1,85591591.0,357723792.95
2016-05-12,4.1,4.2,4.05,4.15,11237891.0,46532365.6
2016-05-13,4.1,4.1,4.0,4.05,13133830.0,53081885.15
2016-05-16,4.05,4.05,3.8,4.0,18330188.0,72249153.05
2016-05-17,4.05,4.2,3.85,4.05,38138458.0,153186100.9
2016-05-18,4.0,4.15,3.95,4.1,19875526.0,80191189.5
2016-05-19,4.05,4.1,3.85,3.95,47275597.0,188198029.95
2016-05-20,3.95,4.05,3.9,3.95,12197464.0,48480618.4
2016-05-23,4.0,4.05,3.9,3.95,15523390.0,61517899.85
2016-05-24,3.95,4.0,3.65,3.75,29997379.0,114769376.3
2016-05-25,3.85,3.9,3.75,3.85,17669411.0,67773507.35
2016-05-26,3.85,4.05,3.75,3.95,52812145.0,206165477.3
2016-05-27,4.0,4.1,3.95,4.05,17658355.0,71104201.35
2016-05-30,4.05,4.1,3.85,4.0,10366060.0,41046548.9
2016-05-31,3.95,4.0,3.8,3.9,20353587.0,79130720.9
2016-06-01,3.9,4.1,3.85,4.0,25779104.0,102893942.6
2016-06-02,3.95,4.0,3.85,3.95,9150115.0,35908739.7
2016-06-03,3.9,4.0,3.85,3.9,9398497.0,36715982.2
2016-06-06,3.9,3.9,3.8,3.85,11135282.0,42842944.0
2016-06-07,3.85,3.95,3.8,3.85,9524316.0,36743834.05
2016-06-08,3.9,3.9,3.8,3.85,5871705.0,22705376.05
2016-06-09,3.9,3.95,3.85,3.9,6513022.0,25371886.85
2016-06-10,3.9,4.15,3.85,4.05,30632546.0,123760044.05
2016-06-13,4.05,5.0,4.0,4.75,88506649.0,410483864.3
2016-06-14,4.8,5.5,4.8,5.15,121917759.0,627408255.85
2016-06-15,5.15,5.2,4.75,4.9,52192240.0,258102616.9
2016-06-16,4.9,5.15,4.7,4.9,62886319.0,311285114.4
2016-06-17,5.0,5.85,4.9,5.65,129424850.0,706939971.5
2016-06-20,5.6,6.2,5.55,6.0,105591061.0,631745465.25
2016-06-21,6.05,6.3,6.0,6.05,62564782.0,381983473.05
2016-06-22,6.05,6.2,5.9,6.0,48814209.0,295119873.25
2016-06-23,6.0,6.05,5.65,5.8,47326537.0,274859455.3
2016-06-24,5.5,5.55,5.05,5.45,98543171.0,521216224.9
2016-06-27,5.4,5.75,5.35,5.65,62156930.0,346576910.35
2016-06-28,5.7,5.9,5.65,5.85,38412485.0,223546957.05
2016-06-29,5.95,6.4,5.9,6.3,100078852.0,628236049.2
2016-06-30,6.4,6.55,6.3,6.4,94210162.0,604193414.35
2016-07-01,6.5,6.55,6.15,6.2,63971373.0,404623727.25
2016-07-04,6.2,6.5,6.2,6.4,39717494.0,253290948.4
2016-07-05,6.4,7.25,6.35,6.95,109830042.0,751131039.55
2016-07-07,7.05,7.3,6.95,7.1,66993759.0,477390027.6
2016-07-08,7.1,7.2,6.7,6.85,59334642.0,407911794.95
2016-07-11,7.0,7.1,6.9,6.95,29829183.0,208698869.75
2016-07-12,7.05,8.05,7.05,7.9,142464708.0,1083448649.75
2016-07-13,8.0,8.05,7.2,7.75,115892825.0,890093810.9
2016-07-14,7.7,8.3,7.6,8.2,114588048.0,929931686.5
2016-07-15,8.25,8.25,7.8,8.1,91312251.0,734293157.8
2016-07-18,8.1,9.05,8.05,8.15,201326543.0,1725813873.75
2016-07-19,8.2,8.6,8.0,8.2,108696218.0,898102051.85
2016-07-20,8.3,8.45,8.2,8.35,49957610.0,414779027.3
2016-07-21,8.45,8.65,7.95,8.05,95118172.0,791541646.4
2016-07-22,8.0,8.3,7.9,7.95,65546584.0,527821868.8
2016-07-25,8.0,8.1,7.5,7.65,74602903.0,586662245.9
2016-07-26,7.6,7.65,6.85,7.0,146441136.0,1048633382.7
2016-07-27,7.0,7.3,6.95,7.25,85128476.0,608296709.95
2016-07-28,7.3,7.45,6.95,7.15,117159509.0,841351507.0
2016-07-29,7.25,7.35,7.1,7.2,29353254.0,212993068.4
2016-08-01,7.25,7.45,7.15,7.25,30186575.0,220399450.85
2016-08-02,7.35,7.45,7.0,7.1,29203396.0,210736153.65
2016-08-03,7.05,7.15,6.75,6.9,27244510.0,190451184.0
2016-08-04,6.9,7.15,6.9,6.95,18204162.0,127373864.0
2016-08-05,7.05,7.2,7.0,7.1,19525958.0,138822689.65
2016-08-08,7.15,7.3,7.0,7.05,11273035.0,80587753.35
2016-08-09,7.1,7.1,6.7,6.8,17693405.0,121994176.2
2016-08-10,6.85,6.85,6.25,6.3,28511515.0,183936590.0
2016-08-11,6.25,6.35,5.95,6.3,26998314.0,167525804.25
2016-08-12,6.35,6.5,6.1,6.15,15777463.0,98616878.05
2016-08-16,6.05,6.1,4.95,5.1,81962598.0,427950855.05
2016-08-17,5.05,5.6,4.75,5.2,69387669.0,363367184.3
2016-08-18,5.25,5.5,5.2,5.25,32326223.0,171406230.55
2016-08-19,5.3,5.4,5.1,5.15,21526424.0,112839392.35
2016-08-22,5.2,5.25,5.1,5.1,13003648.0,66819332.0
2016-08-23,5.1,5.25,5.0,5.1,21497313.0,109426698.0
2016-08-24,5.0,5.2,5.0,5.1,15855398.0,81242502.75
2016-08-25,5.15,5.4,5.15,5.15,27296476.0,143200913.0
2016-08-26,5.25,5.3,5.05,5.1,18833410.0,97077289.65
2016-08-29,5.1,5.3,4.9,5.2,27135769.0,138879120.5
2016-08-30,5.35,5.4,5.15,5.2,18943851.0,98933434.6
2016-08-31,5.25,5.5,5.15,5.4,29869197.0,159595924.4
2016-09-01,5.35,5.4,5.2,5.25,14546838.0,77020130.75
2016-09-02,5.25,5.35,5.2,5.25,10728839.0,56451086.35
2016-09-06,5.4,5.45,5.3,5.4,11899538.0,64052534.05
2016-09-07,5.4,6.45,5.35,6.35,135049658.0,836545277.75
2016-09-08,6.5,6.55,6.1,6.25,57573785.0,363804384.7
2016-09-09,6.25,6.4,6.1,6.2,26855475.0,166966118.95
2016-09-12,5.95,6.15,5.75,5.9,21864304.0,130147915.25
2016-09-14,5.8,6.35,5.8,6.05,23541876.0,144183828.95
2016-09-15,6.2,6.7,6.2,6.45,44460014.0,285386981.4
2016-09-16,6.5,6.65,6.15,6.45,38126718.0,245893811.8
2016-09-19,6.6,6.7,6.35,6.4,18390682.0,118913527.6
2016-09-20,6.4,6.45,6.2,6.25,14723303.0,93064425.65
2016-09-21,6.25,6.4,6.15,6.2,15232692.0,95493362.3
2016-09-22,6.35,6.45,6.2,6.2,10436718.0,65466352.95
2016-09-23,6.25,6.3,6.1,6.1,16346415.0,101059165.65
2016-09-26,6.1,6.1,5.9,5.95,11129576.0,66629084.15
2016-09-27,6.0,6.1,5.9,5.95,12146197.0,72646970.3
2016-09-28,5.9,6.2,5.9,6.1,13748050.0,82939359.55
2016-09-29,6.2,6.45,5.5,5.75,44073510.0,267304509.15
2016-09-30,5.75,6.0,5.65,5.9,21315596.0,124361735.1
2016-10-03,6.0,6.15,5.95,6.05,14760556.0,89408929.6
2016-10-04,6.05,6.15,6.0,6.1,17257100.0,105097691.25
2016-10-05,6.15,6.2,5.95,6.0,12472161.0,75690050.6
2016-10-06,6.0,6.1,5.9,5.95,12667415.0,76056821.95
2016-10-07,6.05,6.05,5.9,5.9,5473393.0,32470448.1
2016-10-10,5.95,6.0,5.75,5.8,11041494.0,65157991.25
2016-10-13,5.75,5.8,5.6,5.7,13878070.0,79051743.8
2016-10-14,5.8,5.9,5.7,5.75,11460941.0,66313124.65
2016-10-17,5.75,5.8,5.3,5.55,21414267.0,119320564.8
2016-10-18,5.6,5.8,5.6,5.7,11005696.0,62941754.25
2016-10-19,5.8,5.8,5.65,5.7,11131216.0,63591793.3
2016-10-20,5.7,6.25,5.7,6.0,34150293.0,204894921.45
2016-10-21,6.0,6.4,5.95,6.35,42199328.0,262623548.5
2016-10-24,6.35,6.45,6.2,6.25,17966089.0,113473712.95
2016-10-25,6.2,6.3,6.05,6.1,11311078.0,69658031.55
2016-10-26,6.05,6.15,6.0,6.05,7335306.0,44697947.0
2016-10-27,6.05,6.1,5.95,6.0,10018301.0,60191738.05
2016-10-28,6.0,6.1,5.9,6.0,10639024.0,63879464.05
2016-10-30,6.0,6.1,6.0,6.1,2950937.0,17895661.0
2016-11-01,6.1,6.2,6.0,6.0,7031509.0,42619384.0
2016-11-02,5.9,5.95,5.75,5.8,18524284.0,108355567.0
2016-11-03,5.75,5.9,5.5,5.55,17994645.0,102811463.55
2016-11-04,5.6,5.65,5.45,5.5,15100955.0,83646122.45
2016-11-07,5.65,5.8,5.6,5.65,10777155.0,61365003.85
2016-11-08,5.7,5.75,5.6,5.7,8073110.0,45803579.35
2016-11-09,5.0,5.4,4.6,5.3,46324057.0,233553780.95
2016-11-10,5.35,5.6,5.35,5.4,14373121.0,78871357.9
2016-11-11,5.3,5.35,5.15,5.2,11136449.0,58242444.35
2016-11-15,5.2,5.25,4.75,4.85,23097699.0,113404800.1
2016-11-16,4.95,5.0,4.65,4.75,14542074.0,70102756.05
2016-11-17,4.7,4.8,4.35,4.55,14938624.0,69355657.3
2016-11-18,4.5,4.65,4.4,4.6,12832959.0,57872450.9
2016-11-21,4.65,4.65,4.2,4.25,15629907.0,67980278.05
2016-11-22,4.3,4.35,4.1,4.2,15070099.0,63374519.8
2016-11-23,4.3,4.4,4.2,4.35,9447020.0,40763495.15
2016-11-24,4.3,4.6,4.25,4.55,14766681.0,66170481.35
2016-11-25,4.65,5.0,4.55,4.9,17812200.0,85469853.0
2016-11-28,4.8,5.05,4.75,4.9,12736843.0,62445643.75
2016-11-29,4.95,5.0,4.9,4.95,9275666.0,46032092.05
2016-11-30,5.0,5.15,4.95,5.0,14219844.0,71812829.45
2016-12-01,5.0,5.15,4.95,5.0,12844146.0,64667067.0
2016-12-02,4.95,5.0,4.7,4.75,13414408.0,64843352.5
2016-12-05,4.8,4.85,4.5,4.55,21706191.0,99533980.05
2016-12-06,4.6,4.75,4.6,4.7,8402164.0,39286978.45
2016-12-07,4.7,4.95,4.6,4.7,24336181.0,117063256.5
2016-12-08,4.8,4.85,4.75,4.8,5464304.0,26241656.75
2016-12-09,4.85,4.9,4.75,4.8,5665850.0,27259695.35
2016-12-12,4.75,4.8,4.65,4.75,6607605.0,31296220.25
2016-12-13,4.8,4.85,4.7,4.75,7726282.0,36802605.65
2016-12-14,4.75,4.8,4.65,4.7,4985081.0,23578623.65
2016-12-15,4.6,4.75,4.45,4.5,25862244.0,118101660.55
2016-12-16,4.55,4.65,4.3,4.4,22316465.0,99132276.0
2016-12-19,4.45,4.45,4.35,4.4,7689377.0,33766427.1
2016-12-20,4.45,4.5,4.05,4.2,21054218.0,89244485.45
2016-12-21,4.3,4.35,4.2,4.3,9957743.0,42728479.3
2016-12-22,4.25,4.3,4.05,4.15,20756092.0,86093778.5
2016-12-23,4.15,4.2,3.95,4.05,23916348.0,96610906.35
2016-12-26,4.0,4.15,3.95,4.05,8520855.0,34518890.95
2016-12-27,4.1,4.1,3.9,3.95,19733061.0,78425373.45
2016-12-28,4.0,4.1,3.95,4.05,11061134.0,44681718.05
2016-12-29,4.05,4.1,3.85,3.9,22161112.0,87580170.15
2016-12-30,3.95,4.05,3.9,4.0,11792409.0,47242962.2
2017-01-02,4.1,4.4,4.1,4.3,22162969.0,94240274.1
2017-01-03,4.4,4.4,4.3,4.3,9211301.0,40060255.5
2017-01-04,4.35,4.55,4.3,4.45,23153053.0,102530279.25
2017-01-05,4.5,4.8,4.5,4.75,30237885.0,142164252.95
2017-01-06,4.75,4.85,4.6,4.65,15288734.0,71824172.15
2017-01-09,4.7,4.75,4.6,4.6,9115900.0,42474168.7
2017-01-10,4.6,4.65,4.5,4.55,10314195.0,47085143.55
2017-01-11,4.6,4.6,4.55,4.6,4832243.0,22137172.15
2017-01-12,4.6,4.65,4.45,4.5,8981595.0,40753959.85
2017-01-13,4.55,4.6,4.4,4.45,8431814.0,37766059.45
2017-01-16,4.45,4.6,4.4,4.5,9052460.0,40943465.85
2017-01-17,4.5,4.6,4.5,4.55,7523582.0,34254982.5
2017-01-18,4.55,4.6,4.5,4.55,5298267.0,24208338.7
2017-01-19,4.55,4.6,4.5,4.6,7378704.0,33690076.65
2017-01-20,4.6,4.65,4.45,4.5,11930624.0,54373541.25
2017-01-23,4.5,4.55,4.45,4.5,5338485.0,23990271.65
2017-01-24,4.5,4.55,4.45,4.5,4605759.0,20755911.05
2017-01-25,4.55,4.6,4.5,4.55,6779661.0,30800423.05
2017-01-27,4.55,4.95,4.55,4.75,36950436.0,176695235.75
2017-01-30,4.75,5.0,4.7,4.75,19702785.0,95621307.35
2017-01-31,4.75,4.9,4.7,4.8,24610813.0,118160420.85
2017-02-01,4.8,5.15,4.8,5.0,57062571.0,284787482.65
2017-02-02,5.05,5.1,4.8,4.85,27532758.0,135715476.55
2017-02-03,4.85,5.8,4.8,5.65,121948709.0,661263653.35
2017-02-06,5.75,6.0,5.4,5.75,84428077.0,487130513.85
2017-02-07,5.8,6.8,5.75,6.7,166461081.0,1065407586.25
2017-02-08,6.75,6.9,6.3,6.7,113299794.0,753898737.3
2017-02-09,6.8,6.95,6.6,6.7,42691637.0,289644953.5
2017-02-10,6.75,6.85,6.55,6.55,26062746.0,173326661.3
2017-02-13,6.6,6.65,6.1,6.15,39391899.0,247853311.45
2017-02-14,6.15,6.15,5.55,5.85,51556785.0,303093118.5
2017-02-15,5.85,6.35,5.6,5.75,48136029.0,284837747.3
2017-02-16,5.85,6.0,5.75,5.85,24919091.0,146662400.3
2017-02-17,5.9,6.05,5.7,5.9,21967761.0,129162220.7
2017-02-20,6.0,6.05,5.8,5.95,24762167.0,146801488.65
2017-02-21,5.9,5.9,5.7,5.85,18267773.0,106319460.65
2017-02-22,5.8,6.0,5.7,5.75,26396325.0,154010768.65
2017-02-23,5.9,5.9,5.7,5.75,13794959.0,79831861.45
2017-02-27,5.8,6.1,5.75,5.8,18179057.0,106761822.45
2017-02-28,5.9,6.1,5.75,6.0,39060784.0,232725784.65
2017-03-01,6.1,6.55,6.05,6.35,75562446.0,478596871.4
2017-03-02,6.4,6.5,6.05,6.1,36627974.0,228354660.65
2017-03-03,6.0,6.1,5.9,6.05,23587096.0,141474320.4
2017-03-06,6.1,6.25,6.05,6.1,19188744.0,117867222.55
2017-03-07,6.1,6.15,5.95,6.0,12020955.0,72381493.15
2017-03-08,6.0,6.05,5.85,5.9,11083660.0,65842274.45
2017-03-09,5.85,5.9,5.8,5.85,14240083.0,83200724.55
2017-03-10,5.9,5.95,5.8,5.9,10527366.0,61835096.8
2017-03-14,6.1,6.2,5.9,5.9,17624001.0,105889738.95
2017-03-15,5.9,6.05,5.8,5.95,17250667.0,102082578.2
2017-03-16,6.0,6.1,5.95,6.0,15296886.0,91938859.35
2017-03-17,6.0,6.05,5.85,5.95,13384238.0,79477652.1
2017-03-20,5.95,6.0,5.85,5.85,10009575.0,59197153.5
2017-03-21,5.9,5.95,5.7,5.8,11768115.0,68578549.05
2017-03-22,5.7,5.75,5.65,5.65,11098273.0,63217117.3
2017-03-23,5.7,5.8,5.7,5.7,5858295.0,33561201.75
2017-03-24,5.7,5.95,5.7,5.75,21743226.0,126200777.9
2017-03-27,5.75,5.8,5.6,5.65,12533781.0,71297916.75
2017-03-28,5.7,5.75,5.6,5.6,10260699.0,57958716.05
2017-03-29,5.6,5.65,5.4,5.45,19873692.0,109029467.35
2017-03-30,5.5,5.85,5.4,5.65,23844505.0,135234064.2
2017-03-31,5.7,5.75,5.55,5.6,10576457.0,59879576.05
2017-04-03,5.3,5.3,4.5,5.1,57945832.0,287862935.85
2017-04-05,5.05,6.05,5.0,5.85,67328547.0,376486123.55
2017-04-06,5.8,6.2,5.75,6.0,48418894.0,291775357.45
2017-04-07,5.85,5.95,5.55,5.7,27319786.0,159095230.1
2017-04-10,5.7,5.75,5.55,5.65,13672051.0,77365205.5
2017-04-11,5.8,6.15,5.8,5.85,29764608.0,176063297.65
2017-04-12,5.8,5.85,5.65,5.7,20913680.0,119706334.9
2017-04-13,5.65,5.7,5.55,5.6,15314201.0,86355277.6
2017-04-17,5.65,6.15,5.5,6.0,64505378.0,382361493.45
2017-04-18,6.05,6.2,5.5,5.6,49762726.0,289946434.9
2017-04-19,5.6,5.9,5.6,5.75,16981812.0,97796874.25
2017-04-20,5.8,5.9,5.7,5.8,11590499.0,67197724.85
2017-04-21,5.9,6.0,5.8,5.85,24937130.0,146904526.25
2017-04-24,5.9,6.0,5.85,5.95,22420651.0,132626393.0
2017-04-25,6.05,6.15,5.8,5.85,18203901.0,107926618.7
2017-04-26,5.8,5.85,5.6,5.7,22746923.0,130087486.1
2017-04-27,5.75,5.8,5.65,5.65,10162723.0,57923720.7
2017-04-28,5.65,5.85,5.6,5.65,17899170.0,101702752.1
2017-05-02,5.7,5.8,5.6,5.6,12339350.0,70019388.55
2017-05-03,5.65,5.7,5.55,5.55,17453167.0,97838262.45
2017-05-04,5.55,5.7,5.55,5.6,8841166.0,49799560.3
2017-05-05,5.6,5.65,5.5,5.55,11915340.0,66438886.35
2017-05-08,5.6,5.7,5.55,5.65,17665966.0,99648929.35
2017-05-09,5.7,5.95,5.65,5.75,23144552.0,134529077.1
2017-05-10,5.8,5.85,5.6,5.7,14841641.0,84702709.5
2017-05-11,5.65,5.7,5.55,5.55,11595033.0,65262296.15
2017-05-12,5.6,5.65,5.5,5.6,20082889.0,112112957.65
2017-05-15,5.6,5.65,5.5,5.55,8814221.0,49195131.65
2017-05-16,5.55,6.4,5.5,6.2,96513819.0,583206487.0
2017-05-17,6.2,6.25,5.95,6.0,27688864.0,168242266.25
2017-05-18,5.9,5.9,5.75,5.75,12510487.0,72804326.35
2017-05-19,5.75,5.9,5.65,5.65,13936811.0,79970657.35
2017-05-22,5.7,5.8,5.55,5.6,11803632.0,66851000.65
2017-05-23,5.6,5.6,5.35,5.45,16096219.0,87683916.35
2017-05-24,5.45,5.5,5.2,5.3,18660814.0,99605955.8
2017-05-25,5.35,5.45,5.2,5.4,14282586.0,76135090.25
2017-05-26,5.45,5.6,5.4,5.55,10391659.0,57674567.9
2017-05-29,5.55,5.6,5.2,5.25,16541855.0,89223144.1
2017-05-30,5.25,5.4,5.15,5.3,16219399.0,85217168.35
2017-05-31,5.3,5.35,4.85,5.05,32203002.0,164571281.65
2017-06-01,4.9,5.2,4.85,5.1,18756202.0,95078869.05
2017-06-02,5.15,5.4,5.1,5.25,20599921.0,107838164.15
2017-06-05,5.25,5.35,5.1,5.15,8041617.0,41967899.9
2017-06-06,5.15,5.25,5.1,5.2,8634843.0,44878445.4
2017-06-07,5.2,5.25,5.15,5.15,6442930.0,33413048.0
2017-06-08,5.15,5.25,5.05,5.1,7044088.0,36257342.0
2017-06-09,5.1,5.25,5.05,5.2,9480772.0,48856378.15
2017-06-12,5.15,5.4,5.1,5.15,12661928.0,66133524.7
2017-06-13,5.15,5.25,5.1,5.15,7046841.0,36412044.0
2017-06-14,5.2,5.2,5.1,5.1,4545297.0,23294443.55
2017-06-15,5.1,5.15,5.0,5.05,7315317.0,37207837.3
2017-06-16,5.1,5.2,5.05,5.15,8057225.0,41399077.45
2017-06-19,5.2,5.25,5.05,5.1,5646465.0,28914932.15
2017-06-20,5.1,5.15,5.05,5.05,3551726.0,17986052.3
2017-06-21,5.05,5.1,4.95,5.0,6683944.0,33663542.3
2017-06-22,5.05,5.45,5.0,5.2,26817104.0,141504497.4
2017-06-23,5.2,5.2,5.05,5.05,10168654.0,51911079.95
2017-06-27,5.15,5.55,5.15,5.4,31838872.0,170906614.45
2017-06-28,5.5,6.15,5.45,5.9,61618557.0,364854340.5
2017-06-29,5.95,6.25,5.9,6.1,41268311.0,249772107.2
2017-06-30,6.05,6.05,5.9,5.95,21528012.0,128902003.05
2017-07-03,6.0,6.05,5.8,5.95,14351302.0,85345539.15
2017-07-04,6.05,6.45,6.05,6.25,53443705.0,334569033.7
2017-07-05,6.25,6.3,6.1,6.25,25345829.0,157205526.0
2017-07-06,6.4,6.65,6.35,6.5,55922483.0,362219553.05
2017-07-07,6.75,7.8,6.7,7.8,190208704.0,1408140265.35
2017-07-10,9.35,9.35,7.75,8.1,41063533.0,334699930.15
2017-07-11,8.3,8.5,7.4,7.55,88982181.0,694073828.75
2017-07-12,7.65,7.7,7.05,7.2,56365202.0,407333018.75
2017-07-13,7.25,7.4,6.95,7.0,33467566.0,237154980.1
2017-07-14,7.0,7.85,6.85,7.65,56312930.0,417314304.1
2017-07-17,7.9,9.15,7.5,8.75,256263923.0,2205940665.55
2017-07-18,8.8,9.05,8.25,8.5,94023752.0,809354527.7
2017-07-19,8.6,8.95,8.35,8.4,61619908.0,531339354.85
2017-07-20,8.45,8.8,8.35,8.55,46424401.0,397749130.1
2017-07-21,8.55,8.75,8.4,8.45,44297193.0,379114567.7
2017-07-24,8.5,9.25,8.5,8.65,100308940.0,892951805.15
2017-07-25,8.8,9.5,8.6,9.4,124776743.0,1144378598.5
2017-07-26,9.7,9.85,9.2,9.3,83127533.0,793526813.95
2017-07-27,9.4,9.55,8.7,8.85,60779953.0,550652600.2
2017-07-28,8.75,9.2,8.6,8.85,44061620.0,391898009.6
2017-07-31,8.8,9.1,8.6,8.7,26920061.0,237664353.25
2017-08-01,8.8,9.1,8.45,8.55,31888620.0,276392686.85
2017-08-02,8.65,8.7,8.1,8.2,38560801.0,319775677.7
2017-08-03,8.25,8.25,7.4,7.5,75201873.0,584997422.0
2017-08-04,7.6,8.25,7.35,8.25,72438645.0,575897094.95
2017-08-07,8.45,9.2,8.4,8.8,65259055.0,577387012.9
2017-08-08,8.9,9.05,7.9,8.05,59713248.0,494979477.25
2017-08-09,7.9,8.35,7.5,7.85,56793956.0,451869691.45
2017-08-10,7.8,8.15,7.05,7.4,55545462.0,422689014.2
2017-08-11,7.25,7.65,7.05,7.45,42613657.0,313984287.7
2017-08-14,7.55,8.05,7.55,7.9,31745762.0,248090125.9
2017-08-16,8.1,8.4,7.85,8.05,24682536.0,199098351.7
2017-08-17,8.1,8.15,7.65,7.7,19518109.0,152839008.65
2017-08-18,7.65,7.75,7.45,7.55,28509792.0,215500927.15
2017-08-21,7.7,7.9,7.4,7.5,26628243.0,204412434.0
2017-08-22,7.55,7.65,7.1,7.15,24365818.0,179101868.65
2017-08-23,7.3,7.4,7.05,7.3,20909202.0,152084947.4
2017-08-24,7.35,7.8,7.25,7.6,38118596.0,286913361.7
2017-08-28,7.55,7.85,7.45,7.65,23972877.0,183870541.65
2017-08-29,7.55,7.6,7.3,7.35,22134101.0,164486252.4
2017-08-30,7.45,7.6,7.4,7.4,13232007.0,99140663.35
2017-08-31,7.5,7.55,7.35,7.35,8287143.0,61375238.75
2017-09-01,7.45,7.7,7.4,7.6,25259121.0,191157591.35
2017-09-04,7.55,8.0,7.5,7.8,47502494.0,370098064.4
2017-09-05,7.8,7.9,7.5,7.6,20892705.0,159834062.55
2017-09-06,7.55,8.3,7.45,8.0,58861971.0,470671025.55
2017-09-07,8.05,8.25,7.85,7.9,34727278.0,279323647.1
2017-09-08,7.8,7.9,7.55,7.65,22461351.0,172843259.9
2017-09-11,7.7,7.8,7.5,7.55,23098355.0,175832415.35
2017-09-12,7.6,7.75,7.4,7.55,31287591.0,236715455.4
2017-09-13,7.55,7.65,7.45,7.45,17702790.0,133020511.95
2017-09-14,7.5,7.55,7.4,7.45,12926188.0,96461976.4
2017-09-15,7.45,7.55,7.3,7.35,18806362.0,139391325.75
2017-09-18,7.4,7.4,7.1,7.15,20623770.0,148712231.55
2017-09-19,7.2,7.2,6.95,7.0,30277764.0,212669930.25
2017-09-20,7.1,7.7,7.05,7.35,48171537.0,358951628.1
2017-09-21,7.35,7.75,7.3,7.35,25570572.0,191502942.15
2017-09-22,7.3,7.3,6.95,6.95,25312192.0,179038966.2
2017-09-25,7.0,7.05,6.35,6.65,33780293.0,224859285.2
2017-09-26,6.8,6.95,6.65,6.9,17352571.0,118252549.2
2017-09-27,6.95,7.1,6.55,6.6,14533538.0,98464339.95
2017-09-28,6.65,6.7,6.4,6.6,12841367.0,84696867.05
2017-09-29,6.65,6.95,6.65,6.9,17142067.0,117297843.35
2017-10-03,6.95,7.05,6.5,6.6,16069967.0,108752762.15
2017-10-04,6.7,6.75,6.5,6.55,10515985.0,69269682.25
2017-10-05,6.6,6.75,6.5,6.65,14779708.0,97800991.3
2017-10-06,6.65,6.8,6.55,6.65,13155993.0,87525066.85
2017-10-09,6.6,6.7,6.5,6.6,17378901.0,114544699.15
2017-10-10,6.65,6.7,6.3,6.45,19597134.0,127393120.6
2017-10-11,6.5,6.55,6.25,6.3,14216746.0,90481192.85
2017-10-12,6.3,6.5,6.2,6.4,14248353.0,90302467.6
2017-10-13,6.45,6.5,6.25,6.3,9334080.0,59421149.85
2017-10-16,6.35,6.35,6.05,6.1,12505106.0,77328040.1
2017-10-17,6.15,6.2,6.0,6.05,10402717.0,63136852.05
2017-10-18,6.05,6.15,5.9,5.95,11411496.0,68398574.8
2017-10-19,6.0,6.15,6.0,6.05,3210836.0,19499223.0
2017-10-23,6.15,6.7,6.0,6.4,33257841.0,213722389.15
2017-10-24,6.4,6.45,6.0,6.1,15642952.0,97604106.15
2017-10-25,6.2,6.3,6.1,6.2,14296219.0,88646633.4
2017-10-26,6.25,6.4,6.0,6.05,12918509.0,79986271.05
2017-10-27,6.05,6.5,6.0,6.3,19809287.0,124853969.8
2017-10-30,6.4,7.05,6.4,6.75,40181541.0,269289428.1
2017-10-31,6.8,7.0,6.45,6.7,29322430.0,196275769.25
2017-11-01,6.8,7.1,6.7,6.8,23146995.0,159114627.65
2017-11-02,6.85,6.85,6.65,6.75,9559146.0,64684459.9
2017-11-03,6.75,7.1,6.7,6.95,24435533.0,169173625.05
2017-11-06,7.0,7.05,6.75,6.8,9166347.0,63058191.35
2017-11-07,6.9,6.95,6.4,6.45,23728512.0,155817002.2
2017-11-08,6.5,6.55,6.25,6.3,15192944.0,96249176.4
2017-11-09,6.4,6.45,6.25,6.35,8402267.0,53184287.0
2017-11-10,6.35,6.65,6.3,6.4,15351830.0,99313058.2
2017-11-13,6.4,6.6,6.3,6.35,11480559.0,73508692.15
2017-11-14,6.4,6.45,6.1,6.25,12728058.0,79681094.55
2017-11-15,6.25,6.3,6.0,6.05,13599240.0,83409429.8
2017-11-16,6.15,6.2,5.9,6.1,17141684.0,103755554.35
2017-11-17,6.2,6.5,6.15,6.25,18530152.0,116438659.45
2017-11-20,6.35,6.35,6.15,6.2,9363455.0,58214426.25
2017-11-21,6.25,6.3,6.15,6.2,7163402.0,44606611.7
2017-11-22,6.25,6.6,6.15,6.45,21373945.0,136293391.1
2017-11-23,6.5,6.5,6.2,6.25,14005832.0,88352077.65
2017-11-24,6.25,6.45,6.2,6.3,12142109.0,76755728.55
2017-11-27,6.3,6.35,6.2,6.25,6553906.0,41052058.4
2017-11-28,6.3,6.3,6.2,6.3,7161067.0,44733874.75
2017-11-29,6.1,6.3,6.1,6.15,10422364.0,64357853.75
2017-11-30,6.2,6.2,6.05,6.15,5920104.0,36375362.7
2017-12-01,6.2,6.25,6.05,6.05,9814834.0,60272149.6
2017-12-04,6.15,6.15,6.05,6.05,6716746.0,40827885.85
2017-12-05,6.05,6.1,6.0,6.05,6115406.0,36995711.95
2017-12-06,6.05,6.05,5.95,6.0,11716062.0,70314371.4
2017-12-07,6.05,6.1,6.0,6.1,13568214.0,82014696.35
2017-12-08,6.15,7.3,6.05,7.3,127487340.0,873868202.0
2017-12-11,8.4,8.7,7.8,8.0,190074482.0,1586685089.05
2017-12-12,8.15,8.3,7.55,7.65,84391887.0,665338190.75
2017-12-13,7.55,7.95,6.35,6.6,184119380.0,1286347988.45
2017-12-14,6.7,6.8,6.4,6.65,30523408.0,201902819.1
2017-12-15,6.7,6.9,6.45,6.55,25716787.0,169978469.6
2017-12-18,6.55,6.6,6.25,6.5,20370975.0,132040024.85
2017-12-19,6.55,7.0,6.5,6.75,36510531.0,247953411.1
2017-12-20,6.8,7.2,6.7,7.05,55202839.0,386728631.1
2017-12-21,7.1,8.45,7.0,7.95,174497980.0,1402135757.9
2017-12-22,8.1,8.35,7.35,7.6,54752107.0,427365363.2
2017-12-26,7.75,7.9,7.4,7.5,29796145.0,224307671.35
2017-12-27,7.6,7.6,7.3,7.35,27111466.0,202417899.6
2017-12-28,7.4,8.45,7.3,8.15,103518374.0,838589030.55
2017-12-29,8.3,9.75,8.25,9.6,188593982.0,1712786555.3
2018-01-01,9.9,11.5,9.65,11.3,268376516.0,2983050775.85
2018-01-02,11.8,12.25,10.45,10.7,213125228.0,2352650521.3
2018-01-03,10.7,11.25,10.25,10.55,90775127.0,981016954.8
2018-01-04,10.65,10.85,9.5,9.5,109845513.0,1089606294.1
2018-01-05,9.3,10.45,8.95,9.95,189709284.0,1910296786.45
2018-01-08,10.1,10.5,9.7,9.95,62953598.0,634419856.3
2018-01-09,10.05,10.4,9.75,10.1,57533107.0,579636583.95
2018-01-10,10.15,10.3,9.7,9.8,53266227.0,532202572.05
2018-01-11,9.9,10.0,9.7,9.8,35100236.0,345161149.75
2018-01-12,9.9,9.95,9.45,9.65,37806084.0,366893310.6
2018-01-15,9.8,9.85,9.25,9.3,32543849.0,308289346.75
2018-01-16,9.4,9.4,8.45,8.55,60676540.0,530630467.95
2018-01-17,8.5,9.4,7.95,9.4,92741552.0,825055011.9
2018-01-18,9.65,9.8,8.7,8.8,63870172.0,590777531.25
2018-01-19,8.85,9.2,8.6,9.05,41552319.0,371547142.7
2018-01-22,9.15,9.3,8.85,8.95,24736991.0,224080075.2
2018-01-23,9.1,9.1,8.85,8.9,32456410.0,290706264.3
2018-01-24,8.85,8.9,8.5,8.65,29447497.0,255515790.25
2018-01-25,8.6,8.7,8.35,8.6,21442457.0,183674532.3
2018-01-29,8.65,9.2,8.6,8.95,41271668.0,368933859.65
2018-01-30,8.9,9.45,8.65,8.7,47591887.0,424698596.75
2018-01-31,8.65,8.85,8.4,8.45,25005392.0,214466209.55
2018-02-01,8.5,8.7,8.05,8.25,32883452.0,274627751.35
2018-02-02,8.0,8.15,7.45,7.5,48890469.0,374045220.1
2018-02-05,7.4,7.65,7.1,7.4,33855525.0,249866788.55
2018-02-06,7.0,7.2,6.8,7.1,35741600.0,250538025.6
2018-02-07,7.35,7.45,7.15,7.35,23825283.0,174581308.45
2018-02-08,7.4,7.6,7.25,7.55,27618391.0,206481866.5
2018-02-09,7.2,7.7,7.2,7.5,21230851.0,158792908.65
2018-02-12,7.75,7.75,7.55,7.6,18649537.0,142543416.1
2018-02-14,7.7,8.4,7.65,8.05,49518872.0,398867143.2
2018-02-15,8.25,8.3,7.8,7.85,23266245.0,186901697.75
2018-02-16,7.95,8.05,7.3,7.45,26070888.0,199759144.45
2018-02-19,7.5,7.6,7.1,7.2,21117870.0,153849992.25
2018-02-20,7.3,7.45,7.2,7.25,15300269.0,111964780.45
2018-02-21,7.35,7.4,7.1,7.2,11239131.0,81459465.35
2018-02-22,7.1,7.2,6.85,6.9,29385399.0,205682110.5
2018-02-23,6.95,7.2,6.8,7.15,22335891.0,157171812.4
2018-02-26,7.2,7.45,7.2,7.35,17921181.0,131749020.2
2018-02-27,7.4,7.5,7.1,7.15,13225280.0,96315800.5
2018-02-28,7.0,7.15,7.0,7.05,17264420.0,121869737.9
2018-03-01,7.15,7.2,7.05,7.05,6299842.0,44772789.95
2018-03-05,7.05,7.1,6.95,6.95,11275047.0,78922847.45
2018-03-06,7.05,7.1,6.65,6.75,13947339.0,96060783.45
2018-03-07,6.65,6.8,6.2,6.5,41641701.0,269041475.8
2018-03-08,6.7,6.85,6.3,6.45,22229250.0,144594888.25
2018-03-09,6.55,6.55,6.2,6.3,23033123.0,146257518.5
2018-03-12,6.3,6.4,5.9,6.05,34306027.0,207733622.5
2018-03-13,6.1,6.25,5.95,6.1,22367959.0,136544616.45
2018-03-14,6.1,6.1,5.95,6.05,19329865.0,116311574.35
2018-03-15,6.05,6.35,6.0,6.25,21212939.0,131571482.2
2018-03-16,6.3,6.6,6.2,6.35,22714516.0,146084929.45
2018-03-19,6.4,6.4,6.0,6.1,17238180.0,105972570.55
2018-03-20,6.05,6.15,6.0,6.05,10255946.0,62447790.25
2018-03-21,6.1,6.2,6.05,6.05,7405993.0,45232528.8
2018-03-22,6.1,6.1,5.95,5.95,10949175.0,65676046.45
2018-03-23,5.8,5.85,5.65,5.7,17330313.0,99381158.7
2018-03-26,5.7,5.8,5.55,5.6,21974406.0,124097373.1
2018-03-27,5.7,5.9,5.6,5.7,13840152.0,79436712.55
2018-03-28,5.6,5.65,5.5,5.55,19478743.0,108255289.75
2018-04-02,5.65,5.85,5.65,5.8,9530992.0,54798233.25
2018-04-03,5.8,6.1,5.65,5.95,21057329.0,122497379.85
2018-04-04,6.05,7.1,6.0,6.75,102020566.0,696263230.85
2018-04-05,7.0,7.1,6.8,6.9,32234023.0,222731974.1
2018-04-06,6.9,6.9,6.4,6.65,27562807.0,182575086.9
2018-04-09,6.75,6.8,6.65,6.65,9879683.0,66410374.0
2018-04-10,6.8,7.1,6.7,6.75,18220081.0,125035914.55
2018-04-11,6.8,6.8,6.45,6.65,13279265.0,87674441.95
2018-04-12,6.65,6.65,6.35,6.45,9846286.0,64184875.6
2018-04-13,6.45,6.55,6.35,6.45,9858966.0,63635985.2
2018-04-16,6.35,6.4,6.25,6.25,8911513.0,56134019.1
2018-04-17,6.3,6.35,6.2,6.25,7285992.0,45532173.9
2018-04-18,6.3,6.35,6.25,6.25,4860861.0,30596102.35
2018-04-19,6.3,6.35,6.0,6.05,10850819.0,66678902.55
2018-04-20,6.05,6.1,5.95,6.05,5932606.0,35756984.7
2018-04-23,6.0,6.2,5.95,6.05,6248651.0,38058917.2
2018-04-24,6.1,6.15,6.0,6.0,6563912.0,39671618.3
2018-04-25,6.0,6.0,5.8,5.8,14866989.0,87267119.7
2018-04-26,5.85,5.95,5.8,5.9,10314154.0,60616384.4
2018-04-27,5.95,6.05,5.9,5.95,8361960.0,50042927.65
2018-04-30,5.95,6.05,5.7,5.75,9275176.0,54338262.6
2018-05-02,5.8,6.0,5.65,5.75,12881812.0,74781857.0
2018-05-03,5.75,5.75,5.5,5.55,15146152.0,84627866.75
2018-05-04,5.6,5.65,5.5,5.55,7424651.0,41411869.8
2018-05-07,5.55,5.65,5.5,5.55,9039885.0,50285186.35
2018-05-08,5.55,5.55,5.3,5.3,14942896.0,80951765.35
2018-05-09,5.25,5.35,5.2,5.25,6974998.0,36796811.7
2018-05-10,5.3,5.35,4.95,5.05,14179158.0,72808726.8
2018-05-11,5.05,5.1,4.95,5.05,8605851.0,43470717.2
2018-05-14,5.1,5.1,4.8,4.9,12007252.0,59294239.85
2018-05-15,4.9,5.2,4.65,4.85,22760663.0,111194172.2
2018-05-16,4.65,4.75,4.6,4.65,14672456.0,68497523.8
2018-05-17,4.65,4.75,4.25,4.6,36492243.0,164935943.0
2018-05-18,4.7,4.85,4.55,4.6,20117577.0,93411780.9
2018-05-21,4.7,4.7,4.4,4.4,11269808.0,50404900.65
2018-05-22,4.45,4.6,4.4,4.55,6658836.0,30174087.15
2018-05-23,4.6,4.6,4.4,4.45,9335861.0,41911048.9
2018-05-24,4.5,4.55,4.4,4.45,6192357.0,27733550.05
2018-05-25,4.5,4.6,4.45,4.6,8132068.0,36937862.2
2018-05-28,4.6,4.75,4.55,4.75,6757131.0,31715030.6
2018-05-29,4.75,4.85,4.65,4.7,9379500.0,44501682.9
2018-05-30,4.65,4.7,4.6,4.65,5058131.0,23535269.55
2018-05-31,4.7,4.7,4.4,4.45,12135653.0,55023131.6
2018-06-01,4.45,4.5,4.35,4.4,6646029.0,29379241.1
2018-06-04,4.45,4.5,4.25,4.25,7581784.0,32638250.45
2018-06-05,4.25,4.25,4.05,4.1,11797135.0,48713745.3
2018-06-06,4.05,4.2,4.0,4.15,9897286.0,40556608.5
2018-06-07,4.2,4.95,4.2,4.95,35362332.0,163948506.0
2018-06-08,5.0,5.5,4.75,5.2,54078104.0,281628952.95
2018-06-11,5.2,5.35,5.0,5.2,20774947.0,107146224.85
2018-06-12,5.2,5.2,4.85,4.9,17482496.0,87328274.25
2018-06-13,4.8,4.9,4.6,4.65,16073642.0,75639932.05
2018-06-14,4.65,4.9,4.6,4.85,12958643.0,60966054.65
2018-06-15,4.85,4.95,4.6,4.7,22900669.0,108109466.85
2018-06-18,4.7,4.75,4.5,4.55,9830635.0,44927309.35
2018-06-19,4.45,4.55,4.4,4.5,8484057.0,37849769.0
2018-06-20,4.5,4.55,4.45,4.5,6108984.0,27461375.5
2018-06-21,4.5,4.5,4.3,4.45,7468923.0,33047162.95
2018-06-22,4.4,4.5,4.4,4.45,5475140.0,24324853.5
2018-06-25,4.45,4.45,4.35,4.35,5169259.0,22688237.95
2018-06-26,4.4,4.4,4.2,4.25,7481415.0,32221034.45
2018-06-27,4.25,4.3,4.05,4.15,10438777.0,43517934.15
2018-06-28,4.2,4.2,4.05,4.1,10839445.0,44378283.25
2018-06-29,4.1,4.3,4.1,4.15,7515175.0,31504014.95
2018-07-02,4.15,4.2,4.05,4.15,6349521.0,26231547.65
2018-07-03,4.15,4.2,4.1,4.15,4783686.0,19889758.4
2018-07-04,4.25,4.25,4.1,4.15,4049299.0,16903587.9
2018-07-05,4.2,4.25,4.15,4.2,4194463.0,17518943.95
2018-07-06,4.2,4.2,4.1,4.1,3532034.0,14564195.95
2018-07-09,4.2,4.2,4.1,4.1,4900663.0,20249242.45
2018-07-10,4.15,4.35,4.1,4.25,10646487.0,45079122.7
2018-07-11,4.3,4.3,4.15,4.15,4671885.0,19678436.5
2018-07-12,4.2,4.25,4.15,4.2,4014676.0,16901699.5
2018-07-13,4.2,4.2,4.1,4.15,3768256.0,15573616.2
2018-07-16,4.15,4.15,4.0,4.0,7461189.0,30197309.15
2018-07-17,4.0,4.1,3.95,4.05,6399395.0,25823235.35
2018-07-18,4.1,4.1,4.0,4.05,8625312.0,34977740.7
2018-07-19,4.1,4.15,4.0,4.05,4464725.0,18231021.0
2018-07-20,4.05,4.15,4.0,4.05,3238153.0,13163236.0
2018-07-23,4.05,4.1,4.0,4.05,4089865.0,16521233.55
2018-07-24,4.05,4.45,4.05,4.3,12757354.0,54731247.0
2018-07-25,4.35,4.45,4.3,4.3,6619337.0,28876902.95
2018-07-26,4.35,4.35,4.15,4.2,3638633.0,15449440.0
2018-07-27,4.2,4.25,4.15,4.15,5207230.0,21893884.1
2018-07-30,4.15,4.15,4.1,4.1,6236320.0,25707150.65
2018-07-31,4.15,4.35,4.1,4.25,15378665.0,65232980.8
2018-08-01,4.3,4.3,4.15,4.2,4788921.0,20119391.95
2018-08-02,4.1,4.15,4.1,4.1,4007099.0,16513233.2
2018-08-03,4.15,4.2,4.1,4.1,6201185.0,25722353.8
2018-08-06,4.1,4.2,4.1,4.1,3434682.0,14192713.9
2018-08-07,4.15,4.15,4.05,4.05,4458812.0,18275803.1
2018-08-08,4.05,4.15,4.0,4.05,6104702.0,24853023.65
2018-08-09,4.1,4.35,4.05,4.25,21341404.0,90124119.9
2018-08-10,4.25,4.3,4.05,4.1,9434027.0,39159739.05
2018-08-13,4.05,4.1,4.0,4.05,4195450.0,17042549.25
2018-08-14,4.1,4.1,4.05,4.05,3437994.0,13986137.65
2018-08-16,4.1,4.2,4.0,4.05,9567710.0,38980953.15
2018-08-17,4.1,4.35,4.1,4.3,20965259.0,89213222.95
2018-08-20,4.3,4.4,4.2,4.3,11996714.0,51418045.8
2018-08-21,4.35,4.35,4.05,4.1,13897358.0,57459271.4
2018-08-23,4.05,4.1,4.05,4.05,4560945.0,18522190.15
2018-08-24,4.05,4.1,4.0,4.0,6111278.0,24712539.6
2018-08-27,4.05,4.1,4.0,4.0,7219088.0,29106803.05
2018-08-28,4.0,4.0,3.8,3.9,15323334.0,59580753.8
2018-08-29,3.9,3.9,3.8,3.85,7826165.0,30246893.5
2018-08-30,3.9,4.0,3.75,4.0,10367102.0,40423085.7
2018-08-31,4.0,4.05,3.9,3.95,7240785.0,28676578.1
2018-09-03,3.95,3.95,3.85,3.85,5921847.0,23018288.7
2018-09-04,3.9,3.9,3.7,3.8,7818009.0,29723240.1
2018-09-05,3.8,3.8,3.5,3.65,23284574.0,84672851.9
2018-09-06,3.65,3.7,3.55,3.55,7595073.0,27382253.75
2018-09-07,3.6,3.6,3.5,3.55,6723535.0,23925792.3
2018-09-10,3.55,3.55,3.45,3.5,7195735.0,25236058.7
2018-09-11,3.5,3.55,3.2,3.25,17739379.0,59998234.45
2018-09-12,3.25,3.25,2.8,3.05,37521067.0,113130522.75
2018-09-14,3.1,3.15,3.0,3.15,12619097.0,38755625.75
2018-09-17,3.15,3.15,3.0,3.15,5424266.0,16727787.15
2018-09-18,3.1,3.15,3.05,3.05,4402189.0,13688445.55
2018-09-19,3.1,3.15,3.05,3.05,3661252.0,11279510.65
2018-09-21,3.1,3.15,2.8,2.9,19575258.0,58047582.8
2018-09-24,2.9,2.9,2.75,2.8,13529300.0,38253328.6
2018-09-25,2.8,2.85,2.6,2.7,11933349.0,32310183.55
2018-09-26,2.7,3.05,2.65,2.95,33526561.0,93377553.05
2018-09-27,2.95,3.0,2.75,2.8,7279912.0,20855242.3
2018-09-28,2.8,2.85,2.5,2.6,14583301.0,39210644.3
2018-10-01,2.65,2.65,2.35,2.55,12354334.0,30921522.6
2018-10-03,2.5,2.7,2.45,2.65,7079174.0,18442102.05
2018-10-04,2.6,2.75,2.5,2.7,9215563.0,24335539.85
2018-10-05,2.65,2.7,2.5,2.55,9059396.0,23411291.25
2018-10-08,2.55,2.6,2.25,2.35,14387596.0,34830942.95
2018-10-09,2.4,2.45,2.3,2.4,6882351.0,16386469.9
2018-10-10,2.45,2.6,2.4,2.5,6360243.0,15855023.6
2018-10-11,2.4,2.55,2.25,2.45,11143755.0,26761698.95
2018-10-12,2.5,2.6,2.45,2.5,6556985.0,16383201.9
2018-10-15,2.5,2.5,2.4,2.4,7617454.0,18558641.75
2018-10-16,2.4,2.45,2.2,2.25,26946886.0,61449811.35
2018-10-17,2.3,2.35,2.15,2.2,13854379.0,30983254.35
2018-10-19,2.2,2.25,2.05,2.15,12109994.0,25973512.4
2018-10-22,2.2,2.25,2.15,2.2,4915884.0,10853215.0
2018-10-23,2.15,2.15,2.0,2.05,8936117.0,18541609.75
2018-10-24,2.05,2.1,1.85,1.95,21452982.0,42300380.75
2018-10-25,1.9,2.25,1.85,2.2,22562856.0,47922651.85
2018-10-26,2.2,2.25,2.1,2.2,15085293.0,33048625.3
2018-10-29,2.2,2.2,2.05,2.15,14006094.0,29713208.2
2018-10-30,2.1,2.15,2.05,2.1,11013444.0,23372958.2
2018-10-31,2.1,2.15,2.0,2.15,5563779.0,11658324.15
2018-11-01,2.15,2.25,2.1,2.2,10216252.0,22488342.75
2018-11-02,2.25,2.4,2.2,2.25,28211674.0,64073171.25
2018-11-05,2.25,2.25,2.2,2.25,4906005.0,10880945.55
2018-11-06,2.25,2.25,2.2,2.25,3169373.0,7068269.0
2018-11-07,2.25,2.3,2.2,2.3,2645845.0,6052896.95
2018-11-09,2.3,2.3,2.2,2.25,4359937.0,9774755.9
2018-11-12,2.25,2.3,2.2,2.25,4014047.0,9078278.25
2018-11-13,2.25,2.35,2.2,2.3,6550310.0,15007340.3
2018-11-14,2.35,2.35,2.25,2.3,5342077.0,12277447.9
2018-11-15,2.3,2.3,2.2,2.25,3450223.0,7709962.6
2018-11-16,2.25,2.25,2.2,2.25,2817077.0,6266210.05
2018-11-19,2.25,2.3,2.2,2.25,4636337.0,10437681.25
2018-11-20,2.25,2.3,2.2,2.25,6613634.0,14858359.9
2018-11-21,2.25,2.25,2.2,2.25,2273258.0,5068774.15
2018-11-22,2.2,2.25,2.15,2.2,2349914.0,5131639.7
2018-11-26,2.15,2.25,2.15,2.15,1561890.0,3400999.35
2018-11-27,2.2,2.2,2.1,2.1,1836592.0,3903018.3
2018-11-28,2.15,2.15,2.05,2.1,2315302.0,4848138.45
2018-11-29,2.15,2.15,2.0,2.1,2631957.0,5424749.2
2018-11-30,2.1,2.15,2.05,2.1,1681384.0,3517649.5
2018-12-03,2.15,2.15,2.1,2.1,2041237.0,4347979.85
2018-12-04,2.15,2.2,2.1,2.2,2544507.0,5557187.9
2018-12-05,2.3,2.3,2.25,2.3,5024229.0,11554474.6
2018-12-06,2.3,2.35,2.2,2.25,6837780.0,15359414.15
2018-12-07,2.3,2.3,2.15,2.15,2156339.0,4728199.3
2018-12-10,2.05,2.1,2.05,2.05,4223932.0,8666872.8
2018-12-11,1.95,2.15,1.95,2.1,2350672.0,4780253.0
2018-12-12,2.15,2.15,2.0,2.05,3341376.0,6936715.6
2018-12-13,2.1,2.1,2.05,2.1,1740531.0,3620179.5
2018-12-14,2.1,2.1,2.0,2.05,2365999.0,4877633.85
2018-12-17,2.05,2.1,2.05,2.1,960730.0,1989806.65
2018-12-18,2.1,2.15,2.05,2.1,2204031.0,4627095.7
2018-12-19,2.1,2.15,2.05,2.05,2468412.0,5091483.7
2018-12-20,2.1,2.1,2.05,2.05,2137659.0,4411670.5
2018-12-21,2.1,2.1,2.0,2.0,5073876.0,10299214.65
2018-12-24,2.05,2.05,2.0,2.0,1618597.0,3270658.0
2018-12-26,2.0,2.05,1.95,2.0,2715527.0,5428434.95
2018-12-27,2.05,2.05,2.0,2.0,1535628.0,3110423.0
2018-12-28,2.0,2.1,2.0,2.05,2996765.0,6180398.2
2018-12-31,2.05,2.1,2.05,2.05,1252104.0,2595094.7
2019-01-01,2.05,2.1,2.05,2.1,1120579.0,2330980.4
2019-01-02,2.05,2.15,2.05,2.1,2434130.0,5102450.4
2019-01-03,2.1,2.1,2.05,2.05,1828921.0,3782909.95
2019-01-04,2.1,2.15,2.05,2.1,2552413.0,5327905.35
2019-01-07,2.1,2.1,2.05,2.05,1752081.0,3624633.35
2019-01-08,2.05,2.1,2.0,2.05,2062923.0,4254236.35
2019-01-09,2.1,2.1,2.0,2.0,2079528.0,4243104.65
2019-01-10,2.05,2.1,2.0,2.05,3066224.0,6257814.35
2019-01-11,2.05,2.1,2.0,2.0,3278026.0,6626035.25
2019-01-14,2.05,2.05,2.0,2.0,2864069.0,5753911.05
2019-01-15,1.95,2.05,1.9,2.0,5356527.0,10419068.2
2019-01-16,2.0,2.0,1.95,1.95,1141693.0,2266932.75
2019-01-17,1.95,2.0,1.95,1.95,1625313.0,3197025.95
2019-01-18,1.95,2.0,1.95,1.95,1673060.0,3287384.05
2019-01-21,1.95,2.0,1.9,1.9,3601554.0,6967130.05
2019-01-22,1.9,1.95,1.85,1.85,3528407.0,6596941.75
2019-01-23,1.85,1.9,1.8,1.8,3690184.0,6802192.7
2019-01-24,1.8,1.8,1.75,1.75,6892214.0,12092108.05
2019-01-25,1.7,1.7,1.7,1.7,2450732.0,4166244.4
2019-01-28,1.65,1.65,1.65,1.65,1150664.0,1898595.6
2019-01-29,1.6,1.6,1.6,1.6,1075384.0,1720614.4
2019-01-30,1.55,1.55,1.55,1.55,1322282.0,2049537.1
2019-01-31,1.5,1.6,1.5,1.55,8167779.0,12691482.9
2019-02-01,1.55,1.6,1.5,1.5,8063245.0,12287361.15
2019-02-04,1.5,1.5,1.45,1.45,1317822.0,1912182.1
2019-02-05,1.4,1.4,1.4,1.4,880034.0,1232047.6
2019-02-06,1.35,1.35,1.35,1.35,902212.0,1217986.2
2019-02-07,1.3,1.3,1.3,1.3,989562.0,1286430.6
2019-02-08,1.25,1.25,1.25,1.25,1322670.0,1653337.5
2019-02-11,1.2,1.25,1.2,1.2,4282217.0,5155261.55
2019-02-12,1.15,1.15,1.15,1.15,1474774.0,1695990.1
2019-02-13,1.1,1.15,1.1,1.1,6185028.0,6805933.35
2019-02-14,1.05,1.15,1.05,1.1,26752931.0,29336598.3
2019-02-15,1.1,1.1,1.05,1.05,7260958.0,7799810.35
2019-02-18,1.05,1.1,1.0,1.1,11360277.0,11968042.5
2019-02-19,1.15,1.15,1.1,1.15,4111120.0,4726200.75
2019-02-20,1.2,1.2,1.15,1.2,7625535.0,9147559.85
2019-02-21,1.25,1.25,1.2,1.25,15505794.0,19378614.55
2019-02-22,1.3,1.3,1.25,1.3,11070900.0,14392061.15
2019-02-25,1.35,1.35,1.35,1.35,1228207.0,1658079.45
2019-02-26,1.3,1.4,1.3,1.4,8435535.0,11681441.6
2019-02-27,1.45,1.45,1.35,1.35,6666884.0,9380551.85
2019-02-28,1.3,1.3,1.3,1.3,1226121.0,1593957.3
2019-03-01,1.25,1.35,1.25,1.35,3301939.0,4238325.6
2019-03-05,1.35,1.4,1.3,1.4,4650168.0,6452504.5
2019-03-06,1.45,1.45,1.4,1.45,2653707.0,3841740.9
2019-03-07,1.5,1.5,1.5,1.5,932219.0,1398328.5
2019-03-08,1.55,1.55,1.55,1.55,523444.0,811338.2
2019-03-11,1.6,1.6,1.6,1.6,1120172.0,1792275.2
2019-03-12,1.65,1.65,1.65,1.65,416079.0,686530.35
2019-03-13,1.7,1.7,1.6,1.6,5265713.0,8708186.5
2019-03-14,1.55,1.55,1.55,1.55,867890.0,1345229.5
2019-03-15,1.5,1.6,1.5,1.5,28010321.0,42058262.95
2019-03-18,1.45,1.55,1.45,1.45,1701510.0,2494232.45
2019-03-19,1.4,1.4,1.4,1.4,576445.0,807023.0
2019-03-20,1.35,1.35,1.35,1.35,1559368.0,2105146.8
2019-03-22,1.3,1.35,1.3,1.3,1920949.0,2497628.75
2019-03-25,1.25,1.25,1.25,1.25,745804.0,932255.0
2019-03-26,1.2,1.3,1.2,1.2,8560003.0,10744046.9
2019-03-27,1.25,1.25,1.25,1.25,1766902.0,2208627.5
2019-03-28,1.3,1.3,1.3,1.3,1344013.0,1747216.9
2019-03-29,1.35,1.35,1.35,1.35,2173352.0,2934025.2
2019-04-01,1.4,1.4,1.4,1.4,847098.0,1185937.2
2019-04-02,1.45,1.45,1.35,1.35,2869058.0,3951779.8
2019-04-03,1.4,1.4,1.3,1.35,1976451.0,2706731.1
2019-04-04,1.4,1.4,1.3,1.35,2882556.0,3913086.55
2019-04-05,1.4,1.4,1.3,1.35,2169677.0,2931634.15
2019-04-08,1.4,1.4,1.3,1.3,3258905.0,4276923.2
2019-04-09,1.3,1.35,1.25,1.25,2126109.0,2694974.25
2019-04-10,1.3,1.3,1.2,1.25,2094917.0,2644203.35
2019-04-11,1.25,1.25,1.2,1.25,1802745.0,2187217.8
2019-04-12,1.2,1.3,1.2,1.3,1410743.0,1775442.15
2019-04-15,1.35,1.35,1.25,1.25,3220646.0,4082376.75
2019-04-16,1.25,1.3,1.2,1.25,3978267.0,4924278.45
2019-04-18,1.25,1.25,1.2,1.2,5436807.0,6556404.65
2019-04-22,1.2,1.2,1.15,1.15,3434498.0,3970147.55
2019-04-23,1.15,1.2,1.15,1.2,1906443.0,2275790.75
2019-04-24,1.25,1.25,1.2,1.25,1559041.0,1936921.95
2019-04-25,1.3,1.3,1.25,1.3,2233892.0,2895719.15
2019-04-26,1.35,1.35,1.3,1.35,3455520.0,4655368.85
2019-04-30,1.35,1.4,1.3,1.3,1031238.0,1355398.95
2019-05-02,1.25,1.35,1.25,1.25,4304784.0,5468461.7
2019-05-03,1.25,1.3,1.2,1.25,7304529.0,8807571.95
2019-05-06,1.25,1.3,1.2,1.2,3466612.0,4273573.75
2019-05-07,1.25,1.25,1.2,1.25,6791442.0,8421840.4
2019-05-08,1.25,1.3,1.2,1.2,3534339.0,4352013.95
2019-05-09,1.2,1.25,1.2,1.25,4503098.0,5557303.6
2019-05-10,1.3,1.3,1.3,1.3,7956502.0,10343452.6
2019-05-13,1.35,1.35,1.3,1.35,5278981.0,7125517.1
2019-05-14,1.4,1.4,1.35,1.4,4828653.0,6755303.05
2019-05-15,1.45,1.45,1.45,1.45,1097264.0,1591032.8
2019-05-16,1.5,1.5,1.4,1.4,5770736.0,8497865.6
2019-05-17,1.35,1.45,1.35,1.4,4939047.0,6765519.4
2019-05-20,1.45,1.45,1.4,1.4,2903274.0,4127013.65
2019-05-21,1.45,1.45,1.35,1.4,3225671.0,4490070.95
2019-05-22,1.4,1.4,1.35,1.35,4082884.0,5521312.55
2019-05-23,1.35,1.35,1.3,1.3,2792676.0,3631878.4
2019-05-24,1.25,1.3,1.25,1.3,4394371.0,5548214.3
2019-05-27,1.25,1.3,1.25,1.25,2266643.0,2892879.9
2019-05-28,1.25,1.3,1.2,1.25,5872624.0,7306607.3
2019-05-29,1.25,1.3,1.2,1.25,2391258.0,2969306.65
2019-05-30,1.25,1.3,1.2,1.25,4375174.0,5393017.2
2019-05-31,1.25,1.25,1.2,1.2,2577374.0,3150682.45
2019-06-03,1.2,1.25,1.2,1.2,1861631.0,2270822.65
2019-06-04,1.25,1.25,1.15,1.2,3728854.0,4464969.6
2019-06-06,1.2,1.2,1.15,1.2,2094559.0,2481502.9
2019-06-07,1.2,1.2,1.15,1.2,1911524.0,2267416.4
2019-06-10,1.2,1.2,1.15,1.2,3955198.0,4669948.15
2019-06-11,1.15,1.2,1.1,1.15,7581857.0,8697400.35
2019-06-12,1.15,1.2,1.1,1.2,2933603.0,3355677.9
2019-06-13,1.15,1.2,1.1,1.15,3975003.0,4546925.3
2019-06-14,1.1,1.15,1.05,1.05,10706470.0,11411884.85
2019-06-17,1.0,1.05,0.95,1.0,8154583.0,8093071.25
2019-06-18,1.05,1.1,1.0,1.0,5853575.0,6086427.4
2019-06-19,1.0,1.05,0.95,0.95,5435725.0,5420611.9
2019-06-20,0.95,1.0,0.95,1.0,3371912.0,3296842.9
2019-06-21,1.0,1.0,0.95,1.0,2968160.0,2895593.1
2019-06-24,1.0,1.0,0.95,1.0,2256794.0,2218984.6
2019-06-25,1.0,1.05,0.95,1.05,3417964.0,3493750.5
2019-06-26,1.1,1.1,1.1,1.1,1360334.0,1496367.4
2019-06-27,1.15,1.15,1.15,1.15,1334518.0,1534695.7
2019-06-28,1.2,1.2,1.2,1.2,1210316.0,1452379.2
2019-07-01,1.25,1.25,1.25,1.25,2240341.0,2800426.25
2019-07-02,1.2,1.3,1.2,1.2,15597571.0,19048825.7
2019-07-03,1.2,1.25,1.15,1.2,4482767.0,5320812.25
2019-07-04,1.2,1.25,1.15,1.25,3201922.0,3864116.65
2019-07-05,1.25,1.25,1.2,1.2,2128823.0,2602981.9
2019-07-08,1.2,1.25,1.15,1.15,4145767.0,4991566.65
2019-07-09,1.2,1.2,1.15,1.15,2183483.0,2552884.2
2019-07-10,1.15,1.2,1.1,1.15,1808060.0,2071850.1
2019-07-11,1.15,1.15,1.1,1.1,1704061.0,1919713.8
2019-07-12,1.1,1.15,1.1,1.15,1716683.0,1920329.05
2019-07-15,1.15,1.15,1.1,1.1,2847468.0,3154774.3
2019-07-16,1.1,1.1,1.05,1.1,2239227.0,2421175.4
2019-07-17,1.1,1.1,1.05,1.05,1037541.0,1110180.35
2019-07-18,1.1,1.1,1.0,1.05,3062333.0,3227044.05
2019-07-19,1.05,1.1,1.0,1.05,4144965.0,4327356.45
2019-07-22,1.05,1.1,1.0,1.1,2936076.0,3160289.6
2019-07-23,1.1,1.15,1.05,1.15,8214584.0,9075893.85
2019-07-24,1.15,1.15,1.1,1.1,1382390.0,1541049.8
2019-07-25,1.15,1.15,1.05,1.1,3757441.0,4097432.7
2019-07-26,1.05,1.15,1.05,1.1,4390409.0,4795143.75
2019-07-29,1.1,1.1,1.05,1.05,3744632.0,3941278.35
2019-07-30,1.0,1.05,1.0,1.0,3803082.0,3829114.75
2019-07-31,0.95,1.0,0.95,1.0,5196633.0,4970468.45
2019-08-01,1.0,1.0,0.95,0.95,2228411.0,2157657.35
2019-08-02,1.0,1.0,0.9,1.0,4920371.0,4783607.5
2019-08-05,1.05,1.05,0.95,0.95,9110555.0,8953907.05
2019-08-06,0.95,1.0,0.9,0.95,14068059.0,13558070.95
2019-08-07,0.95,1.0,0.9,0.9,1715913.0,1622886.2
2019-08-08,0.9,0.95,0.9,0.95,1965635.0,1834493.7
2019-08-09,1.0,1.0,0.95,0.95,1141949.0,1111083.75
2019-08-13,1.0,1.0,0.9,0.95,1857592.0,1777836.45
2019-08-14,0.95,1.0,0.9,0.95,2050895.0,1922053.45
2019-08-16,0.95,1.0,0.95,1.0,1427885.0,1376778.7
2019-08-19,1.0,1.05,0.95,1.0,3194664.0,3171724.45
2019-08-20,0.95,1.0,0.9,0.9,3073204.0,2905825.2
2019-08-21,0.95,0.95,0.9,0.9,1125301.0,1027805.45
2019-08-22,0.9,0.95,0.85,0.85,2787195.0,2506748.25
2019-08-23,0.85,0.9,0.8,0.85,2571440.0,2173003.15
2019-08-26,0.85,0.9,0.8,0.8,8138548.0,6655605.65
2019-08-27,0.85,0.85,0.75,0.75,5444801.0,4219336.15
2019-08-28,0.8,0.8,0.7,0.7,10374852.0,7545827.35
2019-08-29,0.7,0.7,0.65,0.7,3886236.0,2645719.3
2019-08-30,0.7,0.75,0.65,0.7,4401887.0,2999287.55
2019-09-03,0.7,0.75,0.65,0.65,4301349.0,2968996.0
2019-09-04,0.65,0.7,0.6,0.65,4648242.0,3069148.4
2019-09-05,0.7,0.7,0.65,0.7,878640.0,593465.8
2019-09-06,0.7,0.75,0.7,0.75,4523405.0,3334241.9
2019-09-09,0.75,0.8,0.7,0.75,3988778.0,2968336.85
2019-09-11,0.75,0.8,0.7,0.75,4130384.0,3124485.1
2019-09-12,0.8,0.8,0.7,0.75,6659630.0,4987795.1
2019-09-13,0.7,0.8,0.7,0.75,1813283.0,1346915.55
2019-09-16,0.75,0.8,0.75,0.8,3822149.0,3028936.65
2019-09-17,0.85,0.85,0.8,0.8,7750328.0,6559477.75
2019-09-18,0.8,0.85,0.75,0.8,3079995.0,2468469.6
2019-09-19,0.8,0.8,0.75,0.75,2568162.0,1946764.95
2019-09-20,0.7,0.75,0.7,0.7,9245058.0,6527740.85
2019-09-23,0.7,0.7,0.65,0.65,3537334.0,2388906.65
2019-09-24,0.7,0.7,0.6,0.6,14985507.0,9514923.4
2019-09-25,0.6,0.65,0.55,0.6,9768787.0,5863140.2
2019-09-26,0.6,0.65,0.55,0.6,4795404.0,2765026.0
2019-09-27,0.6,0.6,0.55,0.6,2256306.0,1313174.6
2019-09-30,0.6,0.6,0.55,0.55,2756193.0,1561876.45
2019-10-01,0.55,0.6,0.5,0.55,4070840.0,2222960.05
2019-10-03,0.5,0.55,0.5,0.5,12203926.0,6129154.0
2019-10-04,0.5,0.5,0.45,0.45,12142829.0,5578522.3
2019-10-07,0.45,0.5,0.4,0.4,5763955.0,2527770.15
2019-10-09,0.45,0.45,0.4,0.45,3454871.0,1497232.05
2019-10-10,0.45,0.5,0.4,0.4,9898032.0,4295666.3
2019-10-11,0.45,0.45,0.4,0.45,1989722.0,848517.05
2019-10-14,0.45,0.45,0.4,0.4,8589547.0,3491982.3
2019-10-15,0.4,0.4,0.35,0.4,3821590.0,1460140.5
2019-10-16,0.35,0.4,0.35,0.35,2587142.0,990403.55
2019-10-17,0.4,0.4,0.35,0.4,4941473.0,1940809.6
2019-10-18,0.4,0.45,0.35,0.45,11008615.0,4434274.7
2019-10-22,0.45,0.5,0.4,0.5,6686286.0,2987877.4
2019-10-23,0.5,0.55,0.45,0.45,9295246.0,4427903.85
2019-10-24,0.45,0.5,0.45,0.45,13560779.0,6196052.1
2019-10-25,0.45,0.5,0.4,0.45,2225852.0,1018828.0
2019-10-27,0.5,0.5,0.45,0.5,1345024.0,662963.3
2019-10-29,0.55,0.55,0.5,0.55,4128297.0,2178485.3
2019-10-30,0.55,0.6,0.5,0.5,10017198.0,5164010.0
2019-10-31,0.5,0.5,0.45,0.5,1861135.0,901653.1
2019-11-01,0.5,0.5,0.45,0.5,2049718.0,993496.0
2019-11-04,0.5,0.55,0.45,0.55,4346922.0,2273904.3
2019-11-05,0.55,0.6,0.5,0.55,4327083.0,2348206.65
2019-11-06,0.55,0.6,0.55,0.55,8004495.0,4633341.65
2019-11-07,0.6,0.6,0.55,0.6,4327189.0,2595524.45
2019-11-08,0.65,0.65,0.6,0.65,6104965.0,3968219.75
2019-11-11,0.7,0.7,0.7,0.7,2917843.0,2042490.1
2019-11-13,0.75,0.75,0.75,0.75,2317783.0,1738337.25
2019-11-14,0.8,0.8,0.8,0.8,4773765.0,3819012.0
2019-11-15,0.85,0.85,0.75,0.85,13255831.0,11083826.45
2019-11-18,0.9,0.9,0.9,0.9,2088335.0,1879501.5
2019-11-19,0.95,0.95,0.95,0.95,2316147.0,2200339.65
2019-11-20,1.0,1.0,1.0,1.0,2786929.0,2786929.0
2019-11-21,1.05,1.05,1.05,1.05,1488678.0,1563111.9
2019-11-22,1.1,1.1,1.1,1.1,2901842.0,3192026.2
2019-11-25,1.15,1.15,1.15,1.15,1815792.0,2088160.8
2019-11-26,1.2,1.2,1.2,1.2,2611598.0,3133917.6
2019-11-27,1.25,1.25,1.25,1.25,1796532.0,2245665.0
2019-11-28,1.3,1.3,1.3,1.3,3878625.0,5042212.5
2019-11-29,1.35,1.35,1.25,1.25,23654852.0,31098728.45
2019-12-02,1.2,1.2,1.2,1.2,1881002.0,2257202.4
2019-12-03,1.15,1.15,1.15,1.15,881911.0,1014197.65
2019-12-04,1.1,1.1,1.1,1.1,873754.0,961129.4
2019-12-05,1.05,1.05,1.05,1.05,530134.0,556640.7
2019-12-06,1.0,1.0,1.0,1.0,482449.0,482449.0
2019-12-09,0.95,0.95,0.95,0.95,465665.0,442381.75
2019-12-10,0.9,0.9,0.9,0.9,577891.0,520101.9
2019-12-11,0.85,0.85,0.85,0.85,1368033.0,1162828.05
2019-12-12,0.8,0.9,0.8,0.9,10473965.0,9088085.7
2019-12-13,0.9,0.9,0.85,0.85,4826246.0,4164934.2
2019-12-16,0.85,0.85,0.8,0.8,2162904.0,1749369.95
2019-12-17,0.75,0.85,0.75,0.85,5299799.0,4116924.95
2019-12-18,0.85,0.9,0.8,0.8,2774429.0,2360066.65
2019-12-19,0.85,0.85,0.8,0.85,2611506.0,2202950.0
2019-12-20,0.9,0.9,0.9,0.9,1436198.0,1292578.2
2019-12-23,0.95,0.95,0.95,0.95,812897.0,772252.15
2019-12-24,1.0,1.0,1.0,1.0,1063009.0,1063009.0
2019-12-26,1.05,1.05,1.05,1.05,2318934.0,2434880.7
2019-12-27,1.1,1.1,1.1,1.1,2063110.0,2269421.0
2019-12-30,1.15,1.15,1.05,1.05,8230720.0,9268798.55
2019-12-31,1.0,1.0,1.0,1.0,725701.0,725701.0
2020-01-01,0.95,1.05,0.95,1.05,4590036.0,4590810.05
2020-01-02,1.1,1.1,1.0,1.05,3144481.0,3280365.05
2020-01-03,1.1,1.1,1.0,1.05,2154022.0,2243455.65
2020-01-06,1.05,1.05,1.0,1.0,1913464.0,1917556.6
2020-01-07,0.95,0.95,0.95,0.95,1491403.0,1416832.85
2020-01-08,0.9,0.95,0.9,0.9,3493686.0,3167671.2
2020-01-09,0.95,0.95,0.85,0.95,2620131.0,2398457.6
2020-01-10,0.95,1.0,0.9,0.95,1980148.0,1863375.3
2020-01-13,0.9,1.0,0.9,0.95,1352384.0,1271015.8
2020-01-14,0.95,1.0,0.95,1.0,5294348.0,5127722.2
2020-01-15,1.0,1.05,0.95,1.05,5067713.0,5062376.05
2020-01-16,1.1,1.1,1.1,1.1,3990768.0,4389844.8
2020-01-17,1.15,1.15,1.15,1.15,3220112.0,3703128.8
2020-01-20,1.2,1.2,1.2,1.2,1715538.0,2058645.6
2020-01-21,1.25,1.25,1.25,1.25,3006148.0,3757685.0
2020-01-22,1.3,1.3,1.3,1.3,3131881.0,4071445.3
2020-01-23,1.35,1.35,1.35,1.35,1652680.0,2231118.0
2020-01-24,1.4,1.4,1.4,1.4,2989388.0,4185143.2
2020-01-27,1.45,1.45,1.45,1.45,2315622.0,3357651.9
2020-01-28,1.5,1.5,1.5,1.5,17879157.0,26818735.5
2020-01-29,1.55,1.55,1.55,1.55,3334643.0,5168696.65
2020-01-30,1.6,1.6,1.6,1.6,1738175.0,2781080.0
2020-01-31,1.65,1.65,1.65,1.65,770417.0,1271188.05
2020-02-01,1.7,1.7,1.7,1.7,1135088.0,1929649.6
2020-02-03,1.75,1.75,1.75,1.75,1306973.0,2287202.75
2020-02-04,1.8,1.8,1.8,1.8,929665.0,1673397.0
2020-02-05,1.85,1.85,1.85,1.85,2319770.0,4291574.5
2020-02-06,1.9,1.9,1.9,1.9,6437987.0,12232175.3
2020-02-07,1.95,1.95,1.95,1.95,620952.0,1210856.4
2020-02-10,2.0,2.0,2.0,2.0,620854.0,1241708.0
2020-02-11,2.1,2.1,2.1,2.1,955434.0,2006411.4
2020-02-12,2.2,2.2,2.2,2.2,569784.0,1253524.8
2020-02-13,2.3,2.3,2.3,2.3,471294.0,1083976.2
2020-02-14,2.4,2.4,2.4,2.4,639341.0,1534418.4
2020-02-17,2.5,2.5,2.5,2.5,742534.0,1856335.0
2020-02-18,2.6,2.6,2.6,2.6,691459.0,1797793.4
2020-02-19,2.7,2.7,2.7,2.7,519130.0,1401651.0
2020-02-20,2.8,2.8,2.8,2.8,594252.0,1663905.6
2020-02-24,2.9,2.9,2.9,2.9,642291.0,1862643.9
2020-02-25,3.0,3.0,3.0,3.0,1332479.0,3997437.0
2020-02-26,3.15,3.15,2.85,2.85,15950220.0,47343500.3
2020-02-27,2.75,2.75,2.75,2.75,1738868.0,4781887.0
2020-02-28,2.65,2.65,2.65,2.65,779931.0,2066817.15
2020-03-02,2.55,2.55,2.55,2.55,1481066.0,3776718.3
2020-03-03,2.45,2.45,2.45,2.45,636554.0,1559557.3
2020-03-04,2.35,2.35,2.35,2.35,861530.0,2024595.5
2020-03-05,2.25,2.25,2.25,2.25,496872.0,1117962.0
2020-03-06,2.15,2.15,2.15,2.15,475778.0,1022922.7
2020-03-09,2.05,2.05,2.05,2.05,559195.0,1146349.75
2020-03-11,1.95,1.95,1.95,1.95,859397.0,1675824.15
2020-03-12,1.9,1.9,1.9,1.9,465684.0,884799.6
2020-03-13,1.85,1.85,1.85,1.85,644994.0,1193238.9
2020-03-16,1.8,1.8,1.8,1.8,235725.0,424305.0
2020-03-17,1.75,1.75,1.75,1.75,245857.0,430249.75
2020-03-18,1.7,1.7,1.7,1.7,119650.0,203405.0
2020-03-19,1.65,1.65,1.65,1.65,73477.0,121237.05
2020-03-20,1.6,1.6,1.6,1.6,74858.0,119772.8
2020-03-23,1.55,1.55,1.55,1.55,95330.0,147761.5
2020-03-24,1.5,1.5,1.5,1.5,82880.0,124320.0
2020-03-25,1.45,1.45,1.45,1.45,51866.0,75205.7
2020-03-26,1.4,1.5,1.4,1.4,6356441.0,9177488.25
2020-03-27,1.35,1.35,1.35,1.35,231294.0,312246.9
2020-03-30,1.3,1.3,1.3,1.3,107174.0,139326.2
2020-03-31,1.25,1.25,1.25,1.25,194678.0,243347.5
2020-04-01,1.2,1.3,1.2,1.3,3893279.0,4795661.3
2020-04-03,1.35,1.35,1.25,1.3,4658794.0,6229696.2
2020-04-07,1.35,1.35,1.25,1.25,2532786.0,3315083.35
2020-04-08,1.3,1.3,1.2,1.2,2353674.0,2895651.8
2020-04-09,1.2,1.25,1.15,1.25,2924215.0,3582278.7
2020-04-13,1.3,1.3,1.2,1.2,2334903.0,2813820.1
2020-04-15,1.15,1.25,1.15,1.2,3563269.0,4282188.15
2020-04-16,1.2,1.25,1.15,1.25,1658719.0,2031686.85
2020-04-17,1.3,1.3,1.25,1.3,2345852.0,3043912.4
2020-04-20,1.3,1.35,1.25,1.35,2556635.0,3437569.7
2020-04-21,1.4,1.4,1.35,1.4,2841587.0,3953553.9
2020-04-22,1.45,1.45,1.4,1.45,924748.0,1329904.0
2020-04-23,1.5,1.5,1.5,1.5,427156.0,640734.0
2020-04-24,1.55,1.55,1.55,1.55,476443.0,738486.65
2020-04-27,1.6,1.6,1.6,1.6,480670.0,769072.0
2020-04-28,1.65,1.65,1.65,1.65,533029.0,879497.85
2020-04-29,1.7,1.7,1.6,1.6,3711393.0,6111483.45
2020-04-30,1.55,1.55,1.55,1.55,1065393.0,1651359.15
2020-05-04,1.5,1.5,1.5,1.5,454300.0,681450.0
2020-05-05,1.45,1.45,1.45,1.45,479490.0,695260.5
2020-05-06,1.4,1.4,1.4,1.4,391686.0,548360.4
2020-05-07,1.35,1.45,1.35,1.35,2727863.0,3722937.05
2020-05-08,1.3,1.4,1.3,1.35,1925717.0,2564789.05
2020-05-11,1.4,1.4,1.35,1.4,1798134.0,2504959.9
2020-05-12,1.4,1.45,1.35,1.4,1651534.0,2297114.0
2020-05-13,1.4,1.45,1.35,1.4,1735912.0,2434037.3
2020-05-14,1.45,1.45,1.35,1.35,1444095.0,2023522.85
2020-05-15,1.4,1.4,1.35,1.4,1253341.0,1740254.4
2020-05-18,1.35,1.4,1.35,1.35,1903039.0,2573220.45
2020-05-19,1.35,1.35,1.3,1.3,1613054.0,2105055.3
2020-05-20,1.3,1.3,1.25,1.25,1726094.0,2173495.5
2020-05-21,1.3,1.3,1.2,1.25,1755144.0,2198003.1
2020-05-22,1.3,1.3,1.25,1.3,1761280.0,2284973.3
2020-05-26,1.35,1.35,1.25,1.3,1668677.0,2190862.45
2020-05-27,1.35,1.35,1.25,1.25,1761781.0,2228450.35
2020-05-28,1.25,1.3,1.2,1.25,2721901.0,3333711.45
2020-05-29,1.25,1.25,1.2,1.2,2241527.0,2734199.75
2020-06-01,1.2,1.25,1.2,1.25,1040610.0,1295579.15
2020-06-02,1.3,1.3,1.3,1.3,428595.0,557173.5
2020-06-03,1.35,1.35,1.35,1.35,973158.0,1313763.3
2020-06-04,1.4,1.4,1.35,1.4,1460758.0,2043665.35
2020-06-05,1.45,1.45,1.45,1.45,446289.0,647119.05
2020-06-08,1.5,1.5,1.5,1.5,422670.0,634005.0
2020-06-09,1.55,1.55,1.55,1.55,657814.0,1019611.7
2020-06-10,1.6,1.6,1.5,1.6,5316140.0,8203299.1
2020-06-11,1.65,1.65,1.65,1.65,587111.0,968733.15
2020-06-12,1.7,1.7,1.6,1.7,4593680.0,7533120.2
2020-06-15,1.75,1.75,1.7,1.75,795553.0,1391901.25
2020-06-16,1.8,1.8,1.8,1.8,779870.0,1403766.0
2020-06-17,1.85,1.85,1.85,1.85,723926.0,1339263.1
2020-06-18,1.9,1.9,1.8,1.85,3089378.0,5800595.45
2020-06-19,1.8,1.85,1.8,1.8,2544202.0,4581364.1
2020-06-22,1.75,1.85,1.75,1.85,3008522.0,5337096.15
2020-06-23,1.9,1.9,1.9,1.9,738988.0,1404077.2
2020-06-24,1.95,1.95,1.95,1.95,502317.0,979518.15
2020-06-25,2.0,2.0,1.9,2.0,2920311.0,5801627.85
2020-06-26,2.1,2.1,1.95,2.1,2749188.0,5707656.2
2020-06-29,2.2,2.2,2.2,2.2,865858.0,1904887.6
2020-06-30,2.3,2.3,2.3,2.3,677479.0,1558201.7
2020-07-01,2.4,2.4,2.4,2.4,369253.0,886207.2
2020-07-02,2.5,2.5,2.3,2.3,6645198.0,15621215.05
2020-07-03,2.2,2.2,2.2,2.2,2035251.0,4477552.2
2020-07-06,2.1,2.1,2.1,2.1,816895.0,1715479.5
2020-07-07,2.0,2.2,2.0,2.2,7465752.0,15498000.0
2020-07-08,2.3,2.3,2.1,2.1,9162376.0,20067621.7
2020-07-09,2.1,2.15,2.0,2.1,4812550.0,9763954.15
2020-07-10,2.1,2.1,2.0,2.0,2395094.0,4819261.75
2020-07-13,1.95,2.0,1.9,1.9,2615836.0,5009197.55
2020-07-14,1.85,1.85,1.85,1.85,497935.0,921179.75
2020-07-15,1.8,1.8,1.8,1.8,674362.0,1213851.6
2020-07-16,1.75,1.85,1.75,1.85,2980620.0,5382950.15
2020-07-17,1.85,1.9,1.85,1.9,2252611.0,4250937.6
2020-07-20,1.95,1.95,1.9,1.95,803730.0,1563612.55
2020-07-21,2.0,2.0,2.0,2.0,314570.0,629140.0
2020-07-22,2.1,2.1,2.1,2.1,594942.0,1249378.2
2020-07-23,2.2,2.2,2.0,2.0,8705401.0,18358852.45
2020-07-24,1.95,1.95,1.9,1.9,3872139.0,7394397.6
2020-07-27,1.95,1.95,1.85,1.85,1393901.0,2582995.55
2020-07-28,1.8,1.9,1.8,1.85,2163631.0,3969872.5
2020-07-29,1.9,1.9,1.9,1.9,553457.0,1051568.3
2020-07-30,1.95,1.95,1.95,1.95,522203.0,1018295.85
2020-07-31,2.0,2.0,1.95,2.0,2293224.0,4580830.15
2020-08-03,2.1,2.1,2.05,2.1,2257963.0,4737994.35
2020-08-04,2.2,2.2,2.05,2.05,3432854.0,7294048.25
2020-08-05,2.1,2.1,2.0,2.05,1687803.0,3450792.65
2020-08-06,2.0,2.1,1.95,2.0,2885066.0,5727343.75
2020-08-07,2.0,2.0,1.9,1.95,2486528.0,4791495.25
2020-08-10,1.95,2.0,1.9,2.0,1631614.0,3210406.2
2020-08-11,2.0,2.05,1.9,2.0,2110548.0,4171905.1
2020-08-12,2.0,2.0,1.9,2.0,1512193.0,2975573.55
2020-08-13,2.0,2.0,1.9,1.95,1789786.0,3499293.2
2020-08-14,1.95,2.0,1.9,1.95,1530260.0,2971941.95
2020-08-17,1.95,1.95,1.9,1.9,2502391.0,4762889.5
2020-08-18,1.9,1.95,1.85,1.95,1861084.0,3520910.45
2020-08-19,2.0,2.0,1.9,1.9,891906.0,1728506.0
2020-08-20,1.9,1.95,1.85,1.9,3637831.0,6756200.4
2020-08-21,1.9,1.9,1.85,1.85,3344461.0,6204361.65
2020-08-24,1.85,1.85,1.8,1.8,2021946.0,3650360.15
2020-08-25,1.75,1.8,1.75,1.75,2700691.0,4735276.05
2020-08-26,1.7,1.75,1.7,1.7,2752217.0,4699607.55
2020-08-27,1.7,1.75,1.7,1.75,1432999.0,2494520.5
2020-08-28,1.8,1.8,1.8,1.8,900229.0,1620412.2
2020-08-31,1.85,1.85,1.75,1.75,1187927.0,2086229.25
2020-09-01,1.7,1.7,1.7,1.7,572543.0,973323.1
2020-09-02,1.65,1.65,1.65,1.65,614976.0,1014710.4
2020-09-03,1.6,1.7,1.6,1.65,3133749.0,5107061.75
2020-09-04,1.7,1.7,1.7,1.7,1647615.0,2800945.5
2020-09-07,1.75,1.75,1.75,1.75,1074404.0,1880207.0
2020-09-08,1.8,1.8,1.7,1.7,1340107.0,2338264.7
2020-09-09,1.65,1.75,1.65,1.7,1815085.0,3011131.7
2020-09-10,1.75,1.75,1.65,1.65,1369396.0,2336477.65
2020-09-11,1.65,1.7,1.6,1.7,818749.0,1369657.75
2020-09-14,1.7,1.75,1.65,1.65,1236171.0,2047407.05
2020-09-15,1.6,1.65,1.6,1.6,988664.0,1592154.4
2020-09-16,1.65,1.65,1.55,1.6,971201.0,1542149.05
2020-09-17,1.6,1.65,1.55,1.6,1328574.0,2084238.7
2020-09-18,1.6,1.6,1.55,1.55,1067419.0,1666214.75
2020-09-21,1.6,1.6,1.5,1.55,1645120.0,2500889.7
2020-09-22,1.55,1.55,1.5,1.5,1306038.0,1965619.95
2020-09-23,1.5,1.55,1.45,1.45,965161.0,1409760.9
2020-09-24,1.45,1.45,1.4,1.4,1424557.0,1996121.25
2020-09-25,1.4,1.45,1.35,1.45,850194.0,1215357.5
2020-09-28,1.5,1.5,1.45,1.5,1171426.0,1749550.3
2020-09-29,1.55,1.55,1.45,1.5,971216.0,1457122.6
2020-09-30,1.5,1.5,1.45,1.45,828328.0,1216543.85
2020-10-01,1.45,1.5,1.4,1.4,787094.0,1140859.95
2020-10-05,1.45,1.45,1.35,1.35,1543343.0,2108770.0
2020-10-06,1.35,1.4,1.3,1.4,1030491.0,1435711.0
2020-10-07,1.45,1.45,1.4,1.4,1069012.0,1529095.3
2020-10-08,1.45,1.45,1.35,1.4,1397412.0,1981440.4
2020-10-09,1.4,1.45,1.35,1.45,1022598.0,1432073.95
2020-10-12,1.45,1.5,1.4,1.4,1186020.0,1666368.25
2020-10-13,1.4,1.4,1.35,1.35,666512.0,917220.0
2020-10-14,1.4,1.4,1.35,1.4,793131.0,1076638.9
2020-10-15,1.4,1.45,1.35,1.4,645436.0,881089.2
2020-10-16,1.4,1.4,1.35,1.35,565724.0,776583.5
2020-10-19,1.35,1.4,1.3,1.3,1594851.0,2117204.6
2020-10-20,1.35,1.35,1.3,1.35,1040420.0,1391277.85
2020-10-21,1.35,1.4,1.3,1.35,982589.0,1297217.5
2020-10-22,1.35,1.4,1.3,1.4,1887000.0,2554320.5
2020-10-23,1.45,1.45,1.45,1.45,1270832.0,1842706.4
2020-10-26,1.5,1.5,1.4,1.5,2787744.0,4128469.25
2020-10-27,1.5,1.5,1.45,1.45,1134037.0,1654985.8
2020-10-28,1.45,1.5,1.4,1.45,1382560.0,1967019.6
2020-10-29,1.45,1.45,1.4,1.4,964869.0,1354319.5
2020-10-30,1.4,1.4,1.35,1.35,1283465.0,1748517.9
2020-11-02,1.35,1.4,1.3,1.35,1714483.0,2335807.45
2020-11-03,1.35,1.4,1.3,1.35,2200944.0,2913687.35
2020-11-04,1.4,1.4,1.3,1.35,1014258.0,1367662.1
2020-11-05,1.35,1.4,1.3,1.35,814667.0,1100080.5
2020-11-06,1.35,1.4,1.3,1.35,806402.0,1082749.75
2020-11-09,1.35,1.4,1.3,1.4,1376893.0,1894286.2
2020-11-10,1.45,1.45,1.35,1.4,1020297.0,1418966.2
2020-11-11,1.4,1.4,1.35,1.35,869897.0,1202678.6
2020-11-12,1.4,1.4,1.3,1.35,967067.0,1316293.35
2020-11-13,1.35,1.4,1.3,1.35,797387.0,1060703.65
2020-11-14,1.3,1.4,1.3,1.4,710134.0,968770.85
2020-11-17,1.4,1.4,1.35,1.35,987730.0,1350974.85
2020-11-18,1.35,1.4,1.35,1.35,1202529.0,1645435.75
2020-11-19,1.35,1.4,1.35,1.4,2137500.0,2957838.95
2020-11-20,1.45,1.45,1.4,1.4,1447763.0,2069483.55
2020-11-23,1.4,1.45,1.4,1.45,915648.0,1307067.25
2020-11-24,1.45,1.45,1.4,1.4,1964419.0,2767320.25
2020-11-25,1.4,1.45,1.4,1.4,1146462.0,1619133.3
2020-11-26,1.45,1.45,1.35,1.4,1650181.0,2313672.55
2020-11-27,1.45,1.45,1.35,1.4,937406.0,1327600.9
2020-12-01,1.45,1.45,1.4,1.45,1306827.0,1857639.05
2020-12-02,1.45,1.5,1.4,1.5,2442562.0,3614108.7
2020-12-03,1.55,1.55,1.55,1.55,1044633.0,1619181.15
2020-12-04,1.6,1.6,1.6,1.6,545297.0,872475.2
2020-12-07,1.65,1.65,1.65,1.65,2294512.0,3785944.8
2020-12-08,1.7,1.7,1.7,1.7,353791.0,601444.7
2020-12-09,1.75,1.75,1.75,1.75,237732.0,416031.0
2020-12-10,1.8,1.8,1.75,1.8,2656659.0,4773721.35
2020-12-11,1.85,1.85,1.85,1.85,317631.0,587617.35
2020-12-14,1.9,1.9,1.9,1.9,487224.0,925725.6
2020-12-15,1.95,1.95,1.95,1.95,746113.0,1454920.35
2020-12-16,2.0,2.0,2.0,2.0,1235209.0,2470418.0
2020-12-17,2.1,2.1,2.0,2.05,7987092.0,16628120.45
2020-12-18,2.05,2.05,1.95,1.95,3962629.0,7743182.1
2020-12-21,1.9,1.9,1.9,1.9,1012395.0,1923550.5
2020-12-22,1.85,1.85,1.85,1.85,243252.0,450016.2
2020-12-23,1.8,1.9,1.8,1.9,4877448.0,8931893.8
2020-12-24,1.95,1.95,1.85,1.9,2438916.0,4591208.1
2020-12-28,1.9,1.9,1.85,1.85,1249158.0,2312843.95
2020-12-29,1.8,1.85,1.8,1.8,1371099.0,2468824.2
2020-12-30,1.85,1.85,1.75,1.85,1473284.0,2686793.85
2020-12-31,1.9,1.9,1.85,1.9,2355852.0,4455172.0
2021-01-01,1.9,1.9,1.85,1.85,1687731.0,3140021.55
2021-01-04,1.85,1.9,1.8,1.9,1852186.0,3429558.6
2021-01-05,1.9,1.95,1.85,1.95,2805649.0,5404148.5
2021-01-06,2.0,2.0,1.95,2.0,4779159.0,9537531.15
2021-01-07,2.05,2.1,2.0,2.1,3551049.0,7416808.45
2021-01-08,2.2,2.2,2.15,2.15,4452786.0,9726454.2
2021-01-11,2.2,2.2,2.05,2.05,2829374.0,5860555.05
2021-01-12,1.95,2.0,1.95,1.95,2161254.0,4223687.15
2021-01-13,1.9,1.95,1.9,1.9,1251031.0,2380299.55
2021-01-14,1.85,1.95,1.85,1.9,1802365.0,3437360.2
2021-01-15,1.9,1.95,1.85,1.85,2064093.0,3862787.9
2021-01-18,1.9,1.9,1.8,1.85,1437602.0,2632504.2
2021-01-19,1.85,1.9,1.8,1.9,1217313.0,2269652.85
2021-01-20,1.95,1.95,1.85,1.85,1079818.0,2024018.85
2021-01-21,1.9,1.9,1.8,1.85,1782988.0,3309285.4
2021-01-22,1.8,1.85,1.8,1.8,2365102.0,4263173.75
2021-01-25,1.75,1.8,1.75,1.75,1533200.0,2704779.85
2021-01-27,1.75,1.75,1.7,1.7,586612.0,1000621.15
2021-01-28,1.65,1.65,1.65,1.65,968765.0,1598462.25
2021-01-29,1.65,1.7,1.65,1.7,2305996.0,3891614.5
2021-02-01,1.75,1.75,1.7,1.75,1462190.0,2553557.3
2021-02-02,1.8,1.8,1.7,1.75,1710883.0,2999818.6
2021-02-03,1.75,1.8,1.7,1.8,2899641.0,5142336.4
2021-02-04,1.85,1.85,1.8,1.85,3404734.0,6297370.9
2021-02-05,1.9,1.9,1.8,1.8,2998448.0,5496682.95
2021-02-08,1.8,1.85,1.75,1.85,5036741.0,9114636.6
2021-02-09,1.9,1.9,1.8,1.9,3056668.0,5772671.8
2021-02-10,1.9,1.95,1.85,1.9,3020068.0,5788805.6
2021-02-11,1.85,1.9,1.85,1.85,1580820.0,2942638.9
2021-02-12,1.85,1.85,1.8,1.8,1016191.0,1836734.35
2021-02-15,1.8,1.85,1.75,1.75,1308151.0,2298365.85
2021-02-16,1.75,1.8,1.7,1.75,1315748.0,2281554.8
2021-02-17,1.8,1.8,1.7,1.8,2636569.0,4635224.0
2021-02-18,1.8,1.85,1.8,1.85,3157257.0,5777995.3
2021-02-19,1.9,1.9,1.8,1.8,1481585.0,2694898.5
2021-02-22,1.85,1.85,1.75,1.8,1968646.0,3522561.2
2021-02-23,1.85,1.85,1.75,1.8,1267707.0,2281025.45
2021-02-24,1.8,1.85,1.75,1.8,1079080.0,1940153.7
2021-02-25,1.8,1.85,1.75,1.8,1864833.0,3320768.6
2021-02-26,1.8,1.8,1.75,1.75,1087284.0,1925634.4
2021-03-01,1.75,1.8,1.75,1.8,2387920.0,4279292.85
2021-03-02,1.85,1.85,1.8,1.8,2111141.0,3816413.3
2021-03-03,1.85,1.85,1.8,1.8,1456771.0,2655087.4
2021-03-04,1.85,1.85,1.75,1.85,1855786.0,3377930.55
2021-03-05,1.85,1.9,1.8,1.8,2749972.0,5026573.7
2021-03-08,1.8,1.85,1.8,1.85,1669929.0,3054980.35
2021-03-09,1.9,1.9,1.85,1.85,1467236.0,2737847.7
2021-03-10,1.85,1.9,1.8,1.9,2782409.0,5142099.9
2021-03-12,1.9,1.9,1.85,1.85,1321279.0,2465676.05
2021-03-15,1.85,1.85,1.8,1.8,2270217.0,4105844.45
2021-03-16,1.8,1.85,1.75,1.85,2418687.0,4427863.4
2021-03-17,1.9,1.9,1.8,1.8,2419308.0,4412956.5
2021-03-18,1.85,1.85,1.75,1.75,2554256.0,4494363.3
2021-03-19,1.75,1.8,1.7,1.8,2370354.0,4121306.5
2021-03-22,1.8,1.8,1.75,1.75,905486.0,1584979.55
2021-03-23,1.7,1.8,1.7,1.8,4832117.0,8665326.65
2021-03-24,1.85,1.85,1.75,1.75,2237633.0,4005971.45
2021-03-25,1.75,1.8,1.7,1.7,2360080.0,4085281.05
2021-03-26,1.7,1.75,1.65,1.7,2800889.0,4836356.25
2021-03-30,1.75,1.75,1.7,1.7,1593356.0,2734642.85
2021-03-31,1.7,1.75,1.65,1.65,2320654.0,3877985.05
2021-04-01,1.7,1.7,1.65,1.7,941152.0,1584841.5
2021-04-05,1.7,1.7,1.65,1.65,2332991.0,3856832.85
2021-04-06,1.65,1.7,1.6,1.65,3467239.0,5605348.0
2021-04-07,1.65,1.7,1.6,1.65,1152215.0,1890065.85
2021-04-08,1.65,1.65,1.6,1.6,1254764.0,2024257.2
2021-04-09,1.6,1.65,1.55,1.6,1575312.0,2498136.8
2021-04-12,1.6,1.6,1.55,1.55,917556.0,1425563.3
2021-04-13,1.5,1.55,1.5,1.5,1490916.0,2255499.7
2021-04-15,1.5,1.55,1.45,1.5,1333800.0,1969210.55
2021-04-16,1.5,1.5,1.45,1.45,483639.0,713882.9
2021-04-19,1.45,1.45,1.4,1.4,2595301.0,3655646.55
2021-04-20,1.4,1.4,1.35,1.4,4349394.0,6057636.3
2021-04-22,1.35,1.4,1.35,1.4,1040650.0,1432266.0
2021-04-23,1.4,1.4,1.35,1.35,2086198.0,2833498.0
2021-04-26,1.35,1.4,1.3,1.4,1648703.0,2283460.4
2021-04-27,1.4,1.45,1.35,1.45,2974769.0,4194559.0
2021-04-28,1.45,1.5,1.4,1.5,2027492.0,3004862.65
2021-04-29,1.55,1.55,1.5,1.5,1515878.0,2318058.7
2021-04-30,1.55,1.55,1.45,1.45,2307475.0,3488225.25
2021-05-03,1.5,1.5,1.45,1.45,1722917.0,2541746.85
2021-05-04,1.45,1.5,1.45,1.5,665164.0,991159.15
2021-05-05,1.55,1.55,1.5,1.5,1490606.0,2285692.45
2021-05-06,1.55,1.55,1.45,1.45,1213285.0,1807274.95
2021-05-07,1.45,1.5,1.45,1.5,2022366.0,2990843.85
2021-05-10,1.55,1.55,1.5,1.55,2604967.0,4011368.85
2021-05-11,1.6,1.6,1.55,1.6,1966455.0,3144375.3
2021-05-12,1.65,1.65,1.65,1.65,429832.0,709222.8
2021-05-14,1.7,1.7,1.7,1.7,452483.0,769221.1
2021-05-17,1.75,1.75,1.7,1.75,3001785.0,5238336.05
2021-05-18,1.8,1.8,1.8,1.8,573329.0,1031992.2
2021-05-19,1.85,1.85,1.85,1.85,1481945.0,2741598.25
2021-05-20,1.9,1.9,1.85,1.9,4288491.0,8138498.05
2021-05-21,1.95,1.95,1.9,1.95,2083280.0,4048636.85
2021-05-24,2.0,2.0,2.0,2.0,840177.0,1680354.0
2021-05-25,2.1,2.1,2.05,2.1,1300211.0,2730113.1
2021-05-26,2.2,2.2,2.2,2.2,740433.0,1628952.6
2021-05-27,2.3,2.3,2.3,2.3,904376.0,2080064.8
2021-05-28,2.4,2.4,2.4,2.4,1444579.0,3466989.6
2021-05-31,2.5,2.5,2.5,2.5,1079901.0,2699752.5
2021-06-01,2.6,2.6,2.6,2.6,775530.0,2016378.0
2021-06-02,2.7,2.7,2.5,2.55,24109222.0,61842437.1
2021-06-03,2.5,2.5,2.45,2.45,3996866.0,9809969.7
2021-06-04,2.35,2.55,2.35,2.55,9931131.0,24127566.75
2021-06-07,2.65,2.65,2.6,2.65,5879517.0,15575440.6
2021-06-08,2.75,2.75,2.55,2.7,8372546.0,22571382.25
2021-06-09,2.75,2.75,2.6,2.6,5107673.0,13691700.0
2021-06-10,2.65,2.7,2.5,2.7,5827755.0,15161496.15
2021-06-11,2.8,2.8,2.65,2.75,7479493.0,20490499.35
2021-06-14,2.75,2.8,2.65,2.8,7012518.0,18975500.65
2021-06-15,2.8,2.9,2.75,2.85,5662388.0,15995323.6
2021-06-16,2.9,2.9,2.75,2.85,4323422.0,12351171.95
2021-06-17,2.85,2.95,2.75,2.95,3443711.0,9938290.95
2021-06-18,3.05,3.05,2.85,3.05,9296810.0,27325197.1
2021-06-21,3.05,3.2,2.9,3.2,5812656.0,18155070.2
2021-06-22,3.35,3.35,3.2,3.35,4955372.0,16571281.75
2021-06-23,3.5,3.5,3.35,3.5,9096348.0,31605314.0
2021-06-24,3.65,3.65,3.35,3.35,6062917.0,21397242.85
2021-06-25,3.2,3.2,3.2,3.2,1213545.0,3883344.0
2021-06-28,3.05,3.05,3.05,3.05,762246.0,2324850.3
2021-06-29,2.9,2.9,2.9,2.9,1132419.0,3284015.1
2021-06-30,2.8,2.8,2.8,2.8,1253119.0,3508733.2
2021-07-01,2.7,2.7,2.7,2.7,625867.0,1689840.9
2021-07-02,2.6,2.6,2.6,2.6,556301.0,1446382.6
2021-07-05,2.5,2.7,2.5,2.6,15799086.0,41234121.25
2021-07-06,2.6,2.65,2.5,2.5,4138945.0,10527650.05
2021-07-07,2.4,2.4,2.4,2.4,814562.0,1954948.8
2021-07-08,2.3,2.3,2.3,2.3,1613056.0,3710028.8
2021-07-09,2.2,2.4,2.2,2.4,12911995.0,29112075.5
2021-07-12,2.45,2.5,2.35,2.4,8596770.0,21200223.05
2021-07-13,2.4,2.4,2.3,2.3,4634668.0,10711557.3
2021-07-14,2.2,2.25,2.2,2.2,3892046.0,8570973.2
2021-07-15,2.1,2.1,2.1,2.1,1407249.0,2955222.9
2021-07-16,2.0,2.0,2.0,2.0,2875041.0,5750082.0
2021-07-19,1.9,2.1,1.9,2.1,17651798.0,36635275.15
2021-07-20,2.15,2.15,2.0,2.0,5681525.0,11548435.5
2021-07-22,2.0,2.05,1.9,1.9,23982473.0,46030086.9
2021-07-23,1.85,1.9,1.85,1.85,1969782.0,3644100.55
2021-07-26,1.8,1.8,1.8,1.8,1362046.0,2451682.8
2021-07-27,1.75,1.85,1.75,1.85,23691706.0,42804438.1
2021-07-28,1.9,1.9,1.8,1.8,7401004.0,13590869.1
2021-07-29,1.75,1.85,1.75,1.85,9702680.0,17258601.9
2021-07-30,1.9,1.9,1.85,1.9,1983954.0,3769512.55
2021-08-02,1.95,1.95,1.95,1.95,558780.0,1089621.0
2021-08-03,2.0,2.0,2.0,2.0,724143.0,1448286.0
2021-08-04,2.1,2.1,1.9,1.9,15118280.0,30180746.15
2021-08-05,1.9,1.9,1.85,1.85,6803334.0,12623706.45
2021-08-06,1.8,1.9,1.8,1.9,4438301.0,8330397.3
2021-08-09,1.9,1.95,1.85,1.85,3384797.0,6322073.25
2021-08-10,1.85,1.85,1.8,1.8,2465967.0,4489834.45
2021-08-11,1.75,1.8,1.75,1.75,4526674.0,7939462.05
2021-08-12,1.8,1.8,1.7,1.8,2353731.0,4201886.3
2021-08-13,1.85,1.85,1.8,1.85,2392307.0,4419720.4
2021-08-16,1.9,1.9,1.8,1.85,2135015.0,3971292.4
2021-08-17,1.9,1.9,1.8,1.9,2728147.0,5027424.2
2021-08-18,1.9,1.95,1.85,1.95,4497013.0,8632520.05
2021-08-20,1.95,2.0,1.9,2.0,4152049.0,8098221.85
2021-08-23,2.1,2.1,2.0,2.0,5698692.0,11698364.1
2021-08-24,2.0,2.1,1.9,2.05,3301377.0,6499794.85
2021-08-25,2.05,2.1,2.0,2.0,1361614.0,2751248.55
2021-08-26,2.0,2.0,1.9,1.95,1686718.0,3287550.4
2021-08-27,1.9,1.95,1.9,1.9,1241025.0,2362540.7
2021-08-30,1.85,1.85,1.85,1.85,1685004.0,3117257.4
2021-08-31,1.8,1.9,1.8,1.85,2172525.0,4025913.65
2021-09-01,1.85,1.85,1.8,1.8,2489431.0,4506917.85
2021-09-02,1.8,1.85,1.75,1.8,2886940.0,5199198.55
2021-09-03,1.85,1.85,1.75,1.8,1759367.0,3180469.45
2021-09-06,1.8,1.85,1.75,1.75,1487117.0,2646041.1
2021-09-07,1.8,1.8,1.75,1.8,2505007.0,4446252.8
2021-09-08,1.8,1.8,1.75,1.8,1429484.0,2543915.85
2021-09-09,1.8,1.8,1.75,1.75,1643517.0,2928950.8
2021-09-13,1.8,1.8,1.75,1.8,1809853.0,3227218.95
2021-09-14,1.75,1.85,1.75,1.85,2944125.0,5264950.8
2021-09-15,1.85,1.85,1.8,1.8,2174750.0,3949982.8
2021-09-16,1.85,1.85,1.8,1.85,3423274.0,6275959.05
2021-09-17,1.85,1.9,1.8,1.85,2494249.0,4579662.25
2021-09-20,1.8,1.85,1.8,1.8,2739036.0,4941706.15
2021-09-21,1.8,1.8,1.75,1.75,4375649.0,7673668.45
2021-09-22,1.8,1.8,1.7,1.7,2610713.0,4560387.0
2021-09-23,1.75,1.75,1.7,1.75,1886467.0,3299701.7
2021-09-24,1.8,1.8,1.8,1.8,770289.0,1386520.2
2021-09-27,1.85,1.85,1.75,1.75,1689184.0,3022478.15
2021-09-28,1.75,1.8,1.75,1.75,1370294.0,2429266.3
2021-09-29,1.8,1.8,1.7,1.8,2923454.0,5173082.55
2021-09-30,1.8,1.8,1.75,1.8,1732683.0,3089339.7
2021-10-01,1.8,1.8,1.75,1.75,1447824.0,2558743.8
2021-10-04,1.75,1.8,1.75,1.8,2067070.0,3668873.55
2021-10-05,1.8,1.8,1.75,1.75,4031335.0,7119907.75
2021-10-06,1.8,1.8,1.7,1.7,3881553.0,6749242.45
2021-10-07,1.75,1.75,1.7,1.75,2391733.0,4161834.2
2021-10-08,1.75,1.8,1.7,1.8,2613434.0,4636122.6
2021-10-11,1.8,1.85,1.75,1.85,7567764.0,13645048.5
2021-10-12,1.85,1.85,1.8,1.85,1849362.0,3387870.15
2021-10-13,1.85,1.9,1.8,1.85,4902456.0,9073354.05
2021-10-14,1.9,1.9,1.8,1.85,2988157.0,5516331.05
2021-10-18,1.85,1.85,1.8,1.8,4061826.0,7345128.0
2021-10-19,1.75,1.8,1.75,1.75,3437266.0,6042191.05
2021-10-20,1.75,1.75,1.7,1.75,2880705.0,4945781.75
2021-10-21,1.75,1.75,1.7,1.75,1144770.0,1979352.35
2021-10-22,1.75,1.75,1.7,1.75,1674009.0,2871350.05
2021-10-25,1.75,1.75,1.7,1.7,2817582.0,4820809.0
2021-10-26,1.7,1.7,1.65,1.7,3261590.0,5441429.45
2021-10-27,1.7,1.7,1.65,1.65,1831181.0,3046351.6
2021-10-28,1.65,1.7,1.6,1.65,1664660.0,2762684.1
2021-10-29,1.65,1.7,1.6,1.7,3141272.0,5290087.75
2021-11-01,1.75,1.75,1.7,1.75,2385264.0,4166310.45
2021-11-02,1.8,1.8,1.75,1.8,2015201.0,3617516.0
2021-11-03,1.8,1.85,1.8,1.85,2259797.0,4160490.25
2021-11-04,1.9,1.9,1.85,1.9,1583465.0,3001718.05
2021-11-08,1.95,1.95,1.9,1.95,3405345.0,6625615.05
2021-11-09,2.0,2.0,1.95,2.0,1564089.0,3103877.3
2021-11-10,2.1,2.1,2.1,2.1,687511.0,1443773.1
2021-11-11,2.2,2.2,2.2,2.2,799869.0,1759711.8
2021-11-12,2.3,2.3,2.3,2.3,689654.0,1586204.2
2021-11-15,2.4,2.4,2.4,2.4,741458.0,1779499.2
2021-11-16,2.5,2.5,2.3,2.35,21847804.0,53520499.75
2021-11-17,2.3,2.45,2.25,2.45,10587940.0,24439881.05
2021-11-18,2.5,2.5,2.35,2.35,6685141.0,15989730.65
2021-11-22,2.35,2.35,2.25,2.25,1519583.0,3429650.95
2021-11-23,2.15,2.15,2.15,2.15,912319.0,1961485.85
2021-11-24,2.05,2.25,2.05,2.25,6043356.0,13270664.55
2021-11-25,2.3,2.35,2.25,2.35,5214931.0,12048370.4
2021-11-26,2.35,2.4,2.25,2.25,4435453.0,10196264.8
2021-11-29,2.25,2.25,2.15,2.15,4562499.0,9912847.9
2021-11-30,2.1,2.15,2.05,2.1,1549392.0,3283109.2
2021-12-01,2.1,2.15,2.05,2.1,1618227.0,3431604.15
2021-12-02,2.1,2.2,2.05,2.2,4504325.0,9693945.7
2021-12-03,2.3,2.3,2.25,2.3,4528238.0,10388535.15
2021-12-06,2.4,2.4,2.25,2.4,5968292.0,14217382.3
2021-12-07,2.5,2.5,2.3,2.35,5283362.0,12726899.3
2021-12-08,2.35,2.35,2.25,2.3,3598040.0,8250902.35
2021-12-09,2.3,2.4,2.2,2.4,5561634.0,12837054.95
2021-12-10,2.45,2.5,2.4,2.5,10003531.0,24801032.0
2021-12-13,2.6,2.6,2.6,2.6,3574389.0,9293411.4
2021-12-14,2.7,2.7,2.7,2.7,1272042.0,3434513.4
2021-12-15,2.8,2.8,2.65,2.8,12593646.0,34856340.85
2021-12-16,2.85,2.9,2.85,2.9,4490838.0,12996943.4
2021-12-17,3.0,3.0,2.9,3.0,9069715.0,26946777.15
2021-12-20,3.1,3.1,2.85,2.85,4059712.0,11680338.05
2021-12-21,2.75,2.75,2.75,2.75,1480229.0,4070629.75
2021-12-22,2.65,2.85,2.65,2.85,7418104.0,19832785.0
2021-12-23,2.95,2.95,2.8,2.9,8285752.0,24255807.6
2021-12-24,2.95,2.95,2.8,2.9,6255414.0,17792933.5
2021-12-27,2.9,3.0,2.85,3.0,8954194.0,26558470.9
2021-12-28,3.15,3.15,3.15,3.15,4029180.0,12691917.0
2021-12-29,3.3,3.3,3.15,3.3,9448193.0,31068494.85
2021-12-30,3.45,3.45,3.15,3.4,11629251.0,38848390.05
2021-12-31,3.5,3.55,3.3,3.55,10353758.0,35979677.6
2022-01-03,3.7,3.7,3.65,3.7,2946642.0,10900859.75
2022-01-04,3.85,3.85,3.55,3.85,15105108.0,56131161.25
2022-01-05,3.9,3.95,3.7,3.7,8899555.0,33523412.05
2022-01-06,3.55,3.8,3.55,3.7,10452038.0,37521731.45
2022-01-07,3.8,3.8,3.55,3.6,8154390.0,29640451.05
2022-01-10,3.7,3.7,3.45,3.7,8905914.0,32147573.4
2022-01-11,3.7,3.85,3.6,3.8,9755955.0,36632855.05
2022-01-12,3.95,3.95,3.65,3.75,7712618.0,29703192.45
2022-01-13,3.7,3.8,3.6,3.6,5310335.0,19228326.75
2022-01-14,3.6,3.7,3.45,3.65,8224875.0,29776355.35
2022-01-17,3.7,3.75,3.55,3.55,7279305.0,26367900.05
2022-01-18,3.65,3.65,3.4,3.4,5957135.0,20634735.3
2022-01-19,3.4,3.4,3.25,3.25,4380798.0,14326084.05
2022-01-20,3.15,3.4,3.1,3.4,4190552.0,13576464.05
2022-01-21,3.55,3.55,3.45,3.55,5974890.0,21146347.3
2022-01-24,3.55,3.55,3.4,3.4,2875304.0,9845863.1
2022-01-25,3.25,3.25,3.25,3.25,1988396.0,6462287.0
2022-01-27,3.1,3.2,3.1,3.15,3972881.0,12441612.05
2022-01-28,3.1,3.3,3.1,3.3,4111501.0,13364281.7
2022-01-31,3.4,3.4,3.15,3.2,2726682.0,8871529.45
2022-02-01,3.2,3.2,3.1,3.15,2647078.0,8332090.3
2022-02-02,3.2,3.2,3.05,3.15,2474013.0,7786064.9
2022-02-03,3.1,3.2,3.1,3.15,2446639.0,7678170.05
2022-02-04,3.1,3.2,3.1,3.15,1767229.0,5560964.15
2022-02-07,3.15,3.15,3.0,3.05,5101000.0,15603335.35
2022-02-08,3.05,3.1,2.9,2.9,3436379.0,10090824.6
2022-02-09,2.8,2.9,2.8,2.8,2707806.0,7589411.8
2022-02-10,2.7,2.75,2.7,2.7,2032066.0,5486650.75
2022-02-11,2.65,2.65,2.6,2.6,1231688.0,3206282.8
2022-02-14,2.5,2.55,2.5,2.5,2368119.0,5928439.45
2022-02-15,2.4,2.45,2.4,2.4,2428829.0,5842589.25
2022-02-16,2.4,2.5,2.3,2.5,9366742.0,23239532.35
2022-02-17,2.6,2.6,2.55,2.6,2509057.0,6507602.65
2022-02-18,2.7,2.7,2.65,2.7,669159.0,1806727.0
2022-02-21,2.8,2.8,2.6,2.6,5955375.0,15868983.4
2022-02-22,2.5,2.55,2.5,2.5,1417198.0,3543190.6
2022-02-23,2.4,2.6,2.4,2.6,2489279.0,6357650.55
2022-02-24,2.5,2.55,2.5,2.5,739728.0,1849775.75
2022-02-25,2.4,2.6,2.4,2.55,6126800.0,15592170.35
2022-02-28,2.5,2.55,2.45,2.5,1994931.0,4956720.0
2022-03-02,2.5,2.5,2.4,2.45,1560758.0,3855681.05
2022-03-03,2.45,2.55,2.45,2.55,2403564.0,6099183.05
2022-03-04,2.55,2.55,2.45,2.5,2527858.0,6333875.7
2022-03-07,2.45,2.45,2.4,2.4,1853875.0,4470906.85
2022-03-08,2.3,2.35,2.3,2.3,3284519.0,7575492.85
2022-03-09,2.3,2.4,2.25,2.4,1746485.0,4130256.8
2022-03-10,2.5,2.5,2.45,2.5,2563121.0,6396256.05
2022-03-11,2.55,2.55,2.4,2.45,2474166.0,6063575.95
2022-03-14,2.45,2.5,2.4,2.45,2797952.0,6909530.35
2022-03-15,2.5,2.5,2.35,2.35,3689396.0,9017508.15
2022-03-16,2.45,2.45,2.35,2.4,1750342.0,4166981.2
2022-03-17,2.45,2.5,2.4,2.4,4620939.0,11305295.5
2022-03-21,2.45,2.45,2.3,2.35,3538945.0,8261595.95
2022-03-22,2.35,2.35,2.25,2.25,2129469.0,4857610.6
2022-03-23,2.35,2.35,2.15,2.2,5247871.0,11608268.95
2022-03-24,2.2,2.2,2.1,2.1,2891208.0,6098378.75
2022-03-25,2.05,2.1,2.0,2.05,5230508.0,10654425.8
2022-03-28,2.05,2.1,1.95,1.95,5665682.0,11149129.55
2022-03-29,1.95,1.95,1.9,1.9,1842340.0,3505398.0
2022-03-30,1.85,1.95,1.85,1.95,6438482.0,12292486.55
2022-03-31,2.0,2.0,1.95,2.0,2970340.0,5928783.6
2022-04-01,2.05,2.1,2.0,2.1,880829.0,1838710.75
2022-04-04,2.2,2.2,2.2,2.2,665116.0,1463255.2
2022-04-05,2.3,2.3,2.3,2.3,327347.0,752898.1
2022-04-06,2.4,2.4,2.4,2.4,626752.0,1504204.8
2022-04-07,2.5,2.5,2.45,2.5,2220466.0,5550688.0
2022-04-08,2.55,2.6,2.4,2.55,5360966.0,13209460.0
2022-04-11,2.55,2.55,2.45,2.45,3860614.0,9536239.5
2022-04-12,2.45,2.45,2.35,2.4,1825574.0,4325297.5
2022-04-13,2.4,2.45,2.3,2.45,2172527.0,5212507.6
2022-04-18,2.45,2.5,2.35,2.35,2042645.0,4837014.35
2022-04-19,2.35,2.35,2.25,2.25,2252761.0,5133506.65
2022-04-20,2.25,2.35,2.2,2.35,1379580.0,3176145.0
2022-04-21,2.45,2.45,2.35,2.45,1832854.0,4429076.55
2022-04-22,2.45,2.45,2.35,2.4,1487714.0,3587616.0
2022-04-25,2.4,2.4,2.3,2.3,2239580.0,5208565.25
2022-04-26,2.25,2.35,2.25,2.25,1469432.0,3376055.75
2022-04-27,2.25,2.25,2.15,2.2,1655666.0,3628684.4
2022-04-28,2.25,2.25,2.1,2.1,2972382.0,6290586.95
2022-04-29,2.15,2.2,2.0,2.2,1546049.0,3329838.55
2022-05-02,2.15,2.2,2.1,2.15,1547422.0,3300450.9
2022-05-04,2.15,2.25,2.1,2.15,1797911.0,3914777.25
2022-05-05,2.15,2.2,2.05,2.1,1918830.0,4027701.35
2022-05-06,2.1,2.1,2.0,2.05,1914121.0,3886664.6
2022-05-09,2.05,2.05,1.95,1.95,4003475.0,7876338.25
2022-05-10,1.95,1.95,1.9,1.9,3768778.0,7226753.65
2022-05-11,1.9,1.9,1.85,1.85,2872382.0,5324100.0
2022-05-12,1.8,1.8,1.8,1.8,1276947.0,2298504.6
2022-05-13,1.75,1.85,1.75,1.85,5103999.0,9041904.95
2022-05-16,1.85,1.9,1.8,1.9,1454940.0,2685488.3
2022-05-17,1.9,1.95,1.9,1.95,1653064.0,3216291.1
2022-05-18,2.0,2.0,2.0,2.0,484974.0,969948.0
2022-05-19,2.0,2.0,1.9,1.95,2640884.0,5106759.05
2022-05-20,2.0,2.0,1.95,2.0,1102218.0,2200965.05
2022-05-23,2.1,2.1,1.9,2.0,2704159.0,5511667.4
2022-05-24,2.0,2.05,1.9,1.95,1100800.0,2158642.25
2022-05-25,2.0,2.0,1.9,1.9,1460404.0,2818891.4
2022-05-26,1.85,1.9,1.85,1.85,1130129.0,2092876.25
2022-05-27,1.8,1.9,1.8,1.9,1619373.0,3010991.5
2022-05-30,1.9,1.95,1.9,1.95,1274157.0,2476804.3
2022-05-31,2.0,2.0,1.9,1.9,3671846.0,7066510.6
2022-06-01,1.9,1.9,1.85,1.9,1422256.0,2666711.35
2022-06-02,1.9,1.95,1.85,1.9,2202353.0,4157481.0
2022-06-03,1.9,1.95,1.85,1.85,2222599.0,4163013.2
2022-06-06,1.85,1.9,1.8,1.85,1018876.0,1888731.1
2022-06-07,1.85,1.9,1.8,1.9,2061802.0,3864890.95
2022-06-08,1.95,1.95,1.85,1.85,4679116.0,8691636.85
2022-06-09,1.8,1.85,1.8,1.85,928407.0,1692389.35
2022-06-10,1.85,1.85,1.8,1.8,2343318.0,4240724.1
2022-06-13,1.8,1.8,1.75,1.8,1917555.0,3387022.1
2022-06-14,1.75,1.8,1.75,1.8,1162938.0,2054009.5
2022-06-15,1.8,1.8,1.75,1.8,655093.0,1162903.1
2022-06-16,1.75,1.8,1.75,1.75,1618020.0,2863862.25
2022-06-17,1.75,1.75,1.7,1.7,2132474.0,3640492.65
2022-06-20,1.7,1.7,1.65,1.65,1789484.0,2967344.45
2022-06-21,1.6,1.7,1.6,1.7,2401519.0,4011302.65
2022-06-22,1.7,1.7,1.65,1.65,1296941.0,2164289.9
2022-06-23,1.65,1.7,1.6,1.65,1332153.0,2168228.25
2022-06-24,1.7,1.7,1.65,1.7,875941.0,1488076.75
2022-06-27,1.75,1.75,1.7,1.75,1249624.0,2169738.5
2022-06-28,1.75,1.8,1.7,1.75,1583124.0,2785404.85
2022-06-29,1.75,1.8,1.7,1.75,794324.0,1395014.0
2022-06-30,1.8,1.8,1.7,1.7,694119.0,1200433.8
2022-07-01,1.75,1.75,1.65,1.7,939122.0,1605525.55
2022-07-04,1.7,1.75,1.65,1.7,1405757.0,2364166.05
2022-07-05,1.7,1.75,1.65,1.7,1099118.0,1873718.45
2022-07-06,1.7,1.75,1.65,1.7,671236.0,1154031.05
2022-07-07,1.75,1.75,1.65,1.7,815044.0,1390065.8
2022-07-08,1.75,1.75,1.65,1.7,748787.0,1284654.35
2022-07-11,1.7,1.75,1.65,1.7,975807.0,1649931.95
2022-07-12,1.7,1.75,1.65,1.75,1061981.0,1834603.25
2022-07-13,1.75,1.75,1.7,1.7,1232670.0,2118317.9
2022-07-14,1.7,1.75,1.65,1.7,454845.0,777501.1
2022-07-15,1.75,1.75,1.65,1.65,966655.0,1615897.35
2022-07-18,1.65,1.7,1.65,1.7,1280544.0,2124392.95
2022-07-19,1.7,1.7,1.65,1.65,893271.0,1495550.4
2022-07-20,1.65,1.7,1.6,1.65,2843365.0,4715132.9
2022-07-21,1.65,1.65,1.6,1.65,1049350.0,1715046.1
2022-07-22,1.65,1.7,1.6,1.65,1912714.0,3141005.15
2022-07-25,1.65,1.7,1.6,1.7,784768.0,1299158.85
2022-07-26,1.7,1.7,1.65,1.65,1323381.0,2196502.95
2022-07-27,1.65,1.7,1.6,1.65,692328.0,1146222.5
2022-07-28,1.65,1.7,1.65,1.7,2219278.0,3757907.15
2022-07-29,1.7,1.75,1.7,1.75,1696221.0,2961704.6
2022-08-01,1.8,1.8,1.75,1.8,1597089.0,2861929.05
2022-08-02,1.85,1.85,1.75,1.75,3126899.0,5540927.5
2022-08-03,1.8,1.8,1.7,1.7,3182144.0,5434886.3
2022-08-04,1.7,1.7,1.65,1.7,2717896.0,4502347.6
2022-08-05,1.7,1.7,1.65,1.65,649058.0,1082953.2
2022-08-08,1.7,1.7,1.65,1.7,1466567.0,2456823.25
2022-08-10,1.65,1.7,1.65,1.65,2310859.0,3823838.5
2022-08-11,1.65,1.7,1.6,1.65,1010829.0,1678940.6
2022-08-12,1.7,1.7,1.65,1.7,661925.0,1113973.85
2022-08-16,1.7,1.7,1.65,1.65,1592408.0,2660881.45
2022-08-17,1.7,1.7,1.65,1.65,1578239.0,2630599.05
2022-08-18,1.7,1.7,1.6,1.7,3329105.0,5546676.75
2022-08-19,1.75,1.75,1.65,1.7,1682658.0,2890392.9
2022-08-22,1.7,1.75,1.65,1.7,1814790.0,3086252.35
2022-08-23,1.7,1.7,1.65,1.7,1615273.0,2722361.1
2022-08-24,1.7,1.75,1.65,1.65,1931025.0,3243411.25
2022-08-25,1.7,1.7,1.65,1.7,1568887.0,2661694.7
2022-08-26,1.75,1.75,1.7,1.75,1843564.0,3208250.35
2022-08-29,1.8,1.8,1.75,1.8,4431509.0,7945442.75
2022-08-30,1.85,1.85,1.8,1.85,1657331.0,3059796.75
2022-09-01,1.9,1.9,1.9,1.9,416874.0,792060.6
2022-09-02,1.95,1.95,1.95,1.95,432341.0,843064.95
2022-09-05,2.0,2.0,2.0,2.0,957645.0,1915290.0
2022-09-06,2.1,2.1,2.1,2.1,906072.0,1902751.2
2022-09-07,2.2,2.2,2.2,2.2,677592.0,1490702.4
2022-09-08,2.3,2.3,2.3,2.3,614441.0,1413214.3
2022-09-09,2.4,2.4,2.2,2.4,11540113.0,27125873.3
2022-09-12,2.4,2.4,2.3,2.3,3951421.0,9132822.4
2022-09-13,2.2,2.25,2.2,2.2,1003371.0,2207981.55
2022-09-14,2.1,2.3,2.1,2.3,5539361.0,12383001.2
2022-09-15,2.3,2.4,2.2,2.25,2907468.0,6719716.45
2022-09-16,2.2,2.25,2.15,2.15,2286831.0,4973228.8
2022-09-19,2.1,2.2,2.05,2.1,2650537.0,5623287.15
2022-09-20,2.15,2.2,2.05,2.1,1303930.0,2783262.9
2022-09-21,2.15,2.15,2.05,2.05,1082804.0,2250311.7
2022-09-22,2.05,2.1,2.0,2.1,1334132.0,2737965.3
2022-09-23,2.1,2.1,2.0,2.05,2119601.0,4331680.8
2022-09-26,2.0,2.05,1.95,1.95,1918524.0,3778227.35
2022-09-27,1.95,2.0,1.9,1.9,1919957.0,3671168.35
2022-09-28,1.9,1.9,1.85,1.85,638141.0,1193794.9
2022-09-29,1.9,1.9,1.85,1.85,625421.0,1179660.2
2022-09-30,1.9,1.9,1.85,1.9,664050.0,1259888.6
2022-10-03,1.95,1.95,1.95,1.95,254941.0,497134.95
2022-10-04,2.0,2.0,2.0,2.0,434817.0,869634.0
2022-10-06,2.1,2.1,1.95,2.0,2112947.0,4307150.35
2022-10-07,2.0,2.0,1.9,1.95,1254509.0,2418312.4
2022-10-10,1.95,1.95,1.9,1.9,900219.0,1732018.95
2022-10-11,1.95,1.95,1.85,1.85,839931.0,1591719.65
2022-10-12,1.9,1.9,1.85,1.9,2188358.0,4139411.8
2022-10-13,1.95,1.95,1.85,1.9,818105.0,1538417.6
2022-10-14,1.95,1.95,1.85,1.9,663530.0,1268171.15
2022-10-17,1.9,1.9,1.85,1.85,2115723.0,3922020.25
2022-10-18,1.85,1.85,1.8,1.8,2236150.0,4046451.35
2022-10-19,1.8,1.85,1.75,1.85,1103097.0,1992293.55
2022-10-20,1.85,1.9,1.8,1.9,891273.0,1678345.9
2022-10-21,1.95,1.95,1.9,1.9,1845137.0,3565077.95
2022-10-24,1.95,1.95,1.9,1.9,537977.0,1030283.35
2022-10-25,1.9,1.95,1.85,1.9,1078326.0,2029497.65
2022-10-27,1.9,1.9,1.85,1.85,1191325.0,2217467.6
2022-10-28,1.85,1.85,1.8,1.8,569525.0,1036303.35
2022-10-31,1.85,1.85,1.8,1.8,897153.0,1639110.4
2022-11-01,1.85,1.85,1.8,1.85,789191.0,1441568.4
2022-11-02,1.85,1.85,1.8,1.8,833288.0,1512462.05
2022-11-03,1.85,1.85,1.8,1.85,677464.0,1237217.55
2022-11-04,1.85,1.85,1.8,1.85,1581806.0,2899417.6
2022-11-07,1.85,1.85,1.8,1.85,3008656.0,5441515.15
2022-11-09,1.85,1.85,1.8,1.8,616411.0,1123710.3
2022-11-10,1.8,1.85,1.75,1.8,1113111.0,2009812.1
2022-11-11,1.8,1.85,1.8,1.85,706968.0,1290792.4
2022-11-14,1.85,1.85,1.8,1.8,1627374.0,2942494.7
2022-11-15,1.8,1.85,1.8,1.8,666586.0,1209599.55
2022-11-16,1.8,1.85,1.8,1.8,946499.0,1717153.05
2022-11-17,1.8,1.85,1.8,1.8,888509.0,1606016.3
2022-11-18,1.8,1.85,1.8,1.85,1921324.0,3551145.6
2022-11-21,1.9,1.9,1.9,1.9,503486.0,956623.4
2022-11-22,1.95,1.95,1.95,1.95,430449.0,839375.55
2022-11-23,2.0,2.0,2.0,2.0,504864.0,1009728.0
2022-11-24,2.1,2.1,2.1,2.1,656238.0,1378099.8
2022-11-25,2.15,2.2,2.0,2.05,3207211.0,6689544.05
2022-11-28,2.1,2.1,1.95,2.05,1929300.0,3890793.8
2022-11-29,2.1,2.1,1.95,1.95,2070871.0,4123074.05
2022-11-30,2.0,2.0,1.9,1.9,870632.0,1686025.05
2022-12-01,1.95,1.95,1.9,1.95,575407.0,1121687.15
2022-12-02,2.0,2.0,1.95,2.0,2270320.0,4487651.25
2022-12-05,2.0,2.05,1.95,1.95,1982971.0,3928519.3
2022-12-06,2.0,2.0,1.95,1.95,702752.0,1382385.35
2022-12-07,2.0,2.0,1.9,1.95,1661255.0,3239696.85
2022-12-08,1.95,2.0,1.9,1.9,2442711.0,4697334.9
2022-12-09,1.95,1.95,1.85,1.9,1979872.0,3727173.05
2022-12-12,1.9,1.9,1.85,1.9,881277.0,1647984.25
2022-12-13,1.9,1.9,1.85,1.85,1489765.0,2786512.15
2022-12-14,1.85,1.9,1.85,1.9,1432997.0,2685325.1
2022-12-15,1.9,1.95,1.9,1.95,1633150.0,3179674.4
2022-12-16,2.0,2.0,1.9,1.9,2959913.0,5742376.9
2022-12-19,1.9,1.95,1.85,1.9,1984882.0,3767495.75
2022-12-20,1.95,1.95,1.85,1.85,1066336.0,2005107.85
2022-12-21,1.85,1.9,1.85,1.85,1301389.0,2448947.45
2022-12-22,1.85,1.9,1.85,1.85,3112045.0,5844658.8
2022-12-23,1.85,1.9,1.8,1.8,3333598.0,6033846.55
2022-12-26,1.8,1.85,1.75,1.75,4012784.0,7195196.55
2022-12-27,1.8,1.8,1.7,1.7,6190300.0,10683177.75
2022-12-28,1.75,1.75,1.7,1.75,1283986.0,2237750.45
2022-12-29,1.75,1.8,1.75,1.8,587914.0,1057139.7
2022-12-30,1.85,1.85,1.75,1.8,1582569.0,2863665.1
2023-01-02,1.8,1.85,1.75,1.8,1847829.0,3312679.55
2023-01-03,1.8,1.85,1.75,1.8,1283323.0,2299785.3
2023-01-04,1.85,1.85,1.75,1.85,2267942.0,4135549.4
2023-01-05,1.85,1.85,1.8,1.8,2087329.0,3762739.1
2023-01-06,1.8,1.8,1.75,1.8,1535792.0,2703059.25
2023-01-09,1.75,1.85,1.75,1.8,1546246.0,2784667.95
2023-01-10,1.8,1.8,1.75,1.8,390968.0,693331.25
2023-01-11,1.8,1.8,1.75,1.75,2594148.0,4548990.8
2023-01-12,1.75,1.75,1.7,1.7,1223120.0,2112878.9
2023-01-13,1.75,1.75,1.7,1.75,1244325.0,2167788.05
2023-01-16,1.75,1.8,1.7,1.75,618031.0,1085531.65
2023-01-17,1.75,1.75,1.7,1.7,1334421.0,2278061.35
2023-01-18,1.75,1.75,1.7,1.7,484130.0,834853.7
2023-01-19,1.75,1.75,1.7,1.7,1022529.0,1757426.7
2023-01-20,1.75,1.75,1.7,1.75,703829.0,1218791.4
2023-01-23,1.7,1.75,1.7,1.7,1202193.0,2054532.6
2023-01-24,1.7,1.75,1.65,1.7,1606515.0,2735605.5
2023-01-25,1.7,1.7,1.65,1.65,458950.0,768342.95
2023-01-27,1.65,1.7,1.65,1.65,878696.0,1465382.4
2023-01-30,1.6,1.7,1.6,1.6,3148006.0,5076356.5
2023-01-31,1.6,1.65,1.55,1.65,3231992.0,5132428.6
2023-02-01,1.65,1.7,1.6,1.7,1813302.0,3053683.15
2023-02-02,1.7,1.7,1.65,1.65,1271894.0,2106245.85
2023-02-03,1.65,1.7,1.6,1.65,1222450.0,1974263.35
2023-02-06,1.65,1.65,1.6,1.6,1315417.0,2120074.35
2023-02-07,1.65,1.65,1.55,1.6,1714679.0,2789096.35
2023-02-08,1.6,1.65,1.6,1.6,1870587.0,3042105.5
2023-02-09,1.6,1.65,1.6,1.6,964219.0,1556008.6
2023-02-10,1.6,1.65,1.6,1.6,805538.0,1296951.05
2023-02-13,1.65,1.65,1.55,1.6,1676656.0,2690322.75
2023-02-14,1.65,1.65,1.55,1.55,1307920.0,2100620.75
2023-02-15,1.6,1.6,1.55,1.6,2330530.0,3641066.3
2023-02-16,1.55,1.6,1.55,1.55,706667.0,1110005.65
2023-02-17,1.55,1.6,1.55,1.55,1070070.0,1678830.85
2023-02-20,1.55,1.6,1.5,1.5,1465062.0,2246387.7
2023-02-21,1.5,1.55,1.5,1.5,1145438.0,1740508.95
2023-02-22,1.55,1.55,1.45,1.45,1541793.0,2274087.55
2023-02-23,1.45,1.5,1.4,1.5,2529330.0,3713233.85
2023-02-24,1.55,1.55,1.55,1.55,422151.0,654334.05
2023-02-27,1.6,1.6,1.6,1.6,291966.0,467145.6
2023-02-28,1.65,1.65,1.55,1.6,1280660.0,2084746.8
2023-03-01,1.6,1.65,1.55,1.6,1217617.0,1939964.15
2023-03-02,1.6,1.65,1.55,1.6,937353.0,1474209.3
2023-03-03,1.6,1.6,1.55,1.55,433885.0,680402.4
2023-03-06,1.55,1.6,1.5,1.5,2744106.0,4136581.55
2023-03-08,1.5,1.55,1.45,1.5,1077764.0,1621505.7
2023-03-09,1.5,1.55,1.45,1.45,1267849.0,1876490.7
2023-03-10,1.5,1.5,1.45,1.45,929799.0,1363198.35
2023-03-13,1.45,1.5,1.45,1.45,2043116.0,2975637.85
2023-03-14,1.5,1.5,1.4,1.4,3524662.0,4971181.8
2023-03-15,1.4,1.45,1.35,1.35,4967545.0,6849784.65
2023-03-16,1.3,1.35,1.3,1.3,3723769.0,4847913.6
2023-03-17,1.35,1.35,1.25,1.35,1979286.0,2584698.0
2023-03-20,1.35,1.35,1.3,1.3,1431405.0,1874830.6
2023-03-21,1.25,1.3,1.25,1.25,3038326.0,3836364.2
2023-03-22,1.25,1.3,1.25,1.3,1651476.0,2107255.2
2023-03-23,1.3,1.35,1.25,1.3,1345746.0,1799978.85
2023-03-24,1.3,1.35,1.25,1.25,2309792.0,2961341.0
2023-03-27,1.3,1.3,1.2,1.2,3310054.0,4026405.35
2023-03-28,1.2,1.2,1.15,1.15,3237832.0,3726109.7
2023-03-29,1.15,1.2,1.1,1.1,4607814.0,5178264.1
2023-03-31,1.15,1.15,1.1,1.15,3754765.0,4248529.35
2023-04-03,1.2,1.2,1.15,1.2,404419.0,484511.2
2023-04-05,1.25,1.25,1.25,1.25,396791.0,495988.75
2023-04-06,1.3,1.3,1.3,1.3,276335.0,359235.5
2023-04-10,1.35,1.35,1.35,1.35,304164.0,410621.4
2023-04-11,1.4,1.4,1.4,1.4,311579.0,436210.6
2023-04-12,1.45,1.45,1.4,1.45,2058172.0,2973432.4
2023-04-13,1.5,1.5,1.45,1.5,1234253.0,1846409.9
2023-04-17,1.5,1.55,1.45,1.45,1475683.0,2164918.35
2023-04-18,1.5,1.5,1.4,1.45,763920.0,1105987.05
2023-04-19,1.45,1.45,1.4,1.4,681233.0,966531.6
2023-04-20,1.45,1.45,1.4,1.4,524169.0,747689.7
2023-04-21,1.45,1.45,1.4,1.4,1002479.0,1416700.4
2023-04-24,1.4,1.45,1.35,1.4,1298388.0,1816666.55
2023-04-25,1.35,1.4,1.35,1.35,1866390.0,2528386.8
2023-04-26,1.35,1.4,1.3,1.35,826776.0,1123491.35
2023-04-27,1.4,1.4,1.3,1.35,764129.0,1029041.05
2023-04-28,1.35,1.4,1.35,1.35,500674.0,688219.4
2023-05-02,1.35,1.4,1.35,1.35,673434.0,919109.1
2023-05-03,1.4,1.4,1.35,1.35,539852.0,746606.55
2023-05-04,1.4,1.4,1.35,1.4,1166160.0,1618655.65
2023-05-05,1.4,1.45,1.4,1.45,1612507.0,2320255.55
2023-05-08,1.5,1.5,1.4,1.45,2090585.0,3045373.05
2023-05-09,1.45,1.45,1.4,1.4,664464.0,946345.95
2023-05-10,1.4,1.45,1.4,1.4,871465.0,1228999.1
2023-05-11,1.45,1.45,1.35,1.4,809131.0,1134631.25
2023-05-12,1.4,1.45,1.4,1.4,750082.0,1058863.85
2023-05-15,1.45,1.45,1.4,1.45,1106982.0,1586680.4
2023-05-16,1.45,1.5,1.4,1.45,1281490.0,1859937.15
2023-05-17,1.4,1.45,1.4,1.4,2817099.0,3949836.4
2023-05-18,1.4,1.45,1.35,1.35,600927.0,826826.05
2023-05-19,1.4,1.4,1.35,1.35,462844.0,635343.0
2023-05-22,1.35,1.4,1.35,1.4,775151.0,1055488.65
2023-05-23,1.4,1.4,1.35,1.35,870488.0,1183723.7
2023-05-24,1.4,1.4,1.3,1.4,1971057.0,2701111.2
2023-05-25,1.4,1.45,1.35,1.4,1288510.0,1800348.6
2023-05-26,1.35,1.45,1.35,1.35,1090612.0,1513031.95
2023-05-29,1.4,1.4,1.35,1.35,996763.0,1367625.15
2023-05-30,1.4,1.4,1.35,1.4,651056.0,892693.1
2023-05-31,1.4,1.4,1.35,1.35,535360.0,729469.5
2023-06-01,1.4,1.4,1.35,1.35,539604.0,747920.65
2023-06-02,1.4,1.4,1.35,1.35,530659.0,727383.25
2023-06-05,1.4,1.4,1.35,1.4,892311.0,1231011.8
2023-06-06,1.4,1.4,1.35,1.4,807019.0,1100954.3
2023-06-07,1.4,1.45,1.35,1.45,3389043.0,4859168.5
2023-06-08,1.5,1.5,1.5,1.5,1368149.0,2052223.5
2023-06-09,1.55,1.55,1.55,1.55,441809.0,684803.95
2023-06-12,1.6,1.6,1.5,1.55,3097003.0,4853292.45
2023-06-13,1.55,1.55,1.5,1.5,1192598.0,1793305.2
2023-06-14,1.5,1.5,1.45,1.5,770252.0,1135480.7
2023-06-15,1.5,1.5,1.45,1.45,699094.0,1025682.15
2023-06-16,1.45,1.45,1.4,1.4,845692.0,1200483.6
2023-06-19,1.45,1.45,1.4,1.4,1351638.0,1922016.5
2023-06-20,1.4,1.45,1.4,1.4,517379.0,731806.05
2023-06-21,1.4,1.45,1.4,1.45,1078065.0,1561806.85
2023-06-22,1.5,1.5,1.45,1.45,1189480.0,1776275.95
2023-06-23,1.45,1.45,1.4,1.4,952736.0,1364420.05
2023-06-26,1.4,1.45,1.4,1.4,550152.0,776101.4
2023-06-27,1.4,1.45,1.4,1.4,1473574.0,2123721.8
2023-06-28,1.45,1.45,1.4,1.45,580318.0,828735.25
2023-06-30,1.45,1.45,1.4,1.4,1586263.0,2239724.2
2023-07-03,1.4,1.45,1.4,1.4,1009819.0,1433447.2
2023-07-04,1.4,1.45,1.4,1.4,1256205.0,1772909.65
2023-07-05,1.4,1.45,1.35,1.35,1641000.0,2285545.25
2023-07-06,1.35,1.4,1.35,1.35,851019.0,1169524.5
2023-07-07,1.35,1.4,1.35,1.35,1940883.0,2637835.7
2023-07-10,1.4,1.4,1.35,1.35,658305.0,902640.0
2023-07-11,1.4,1.4,1.35,1.35,744121.0,1012754.35
2023-07-12,1.4,1.4,1.3,1.4,1359046.0,1846437.6
2023-07-13,1.4,1.4,1.35,1.4,1160550.0,1612490.1
2023-07-14,1.35,1.4,1.35,1.35,2020042.0,2739641.45
2023-07-17,1.4,1.4,1.3,1.35,1812355.0,2454723.05
2023-07-18,1.35,1.4,1.3,1.35,901867.0,1216807.4
2023-07-19,1.35,1.35,1.3,1.35,1175475.0,1567183.8
2023-07-20,1.35,1.35,1.3,1.35,747934.0,996377.6
2023-07-21,1.35,1.35,1.3,1.35,1430976.0,1898462.1
2023-07-24,1.35,1.4,1.3,1.35,2135172.0,2913946.25
2023-07-25,1.4,1.4,1.35,1.4,726977.0,996143.85
2023-07-26,1.4,1.4,1.35,1.35,720475.0,980633.5
2023-07-27,1.35,1.4,1.35,1.35,1143223.0,1552013.4
2023-07-28,1.35,1.4,1.3,1.35,1378873.0,1864390.7
2023-07-31,1.3,1.4,1.3,1.4,1335761.0,1826962.85
2023-08-01,1.4,1.4,1.35,1.35,744870.0,1011903.7
2023-08-02,1.35,1.35,1.3,1.35,889316.0,1191973.95
2023-08-03,1.35,1.4,1.3,1.35,1111246.0,1499326.05
2023-08-04,1.35,1.4,1.3,1.35,1557101.0,2104008.3
2023-08-07,1.4,1.4,1.4,1.4,3405940.0,4768316.0
2023-08-08,1.45,1.45,1.4,1.45,1729900.0,2491347.3
2023-08-09,1.4,1.45,1.4,1.4,1842410.0,2600955.15
2023-08-10,1.4,1.45,1.35,1.4,2268328.0,3138293.6
2023-08-11,1.4,1.45,1.4,1.4,1154426.0,1627234.9
2023-08-14,1.45,1.45,1.35,1.45,1587932.0,2235551.45
2023-08-16,1.45,1.45,1.4,1.4,554582.0,785686.0
2023-08-17,1.4,1.45,1.35,1.4,3779016.0,5413052.25
2023-08-18,1.45,1.45,1.4,1.45,4664067.0,6737175.45
2023-08-21,1.5,1.5,1.5,1.5,817906.0,1226859.0
2023-08-22,1.55,1.55,1.55,1.55,588771.0,912595.05
2023-08-23,1.6,1.6,1.6,1.6,625980.0,1001568.0
2023-08-24,1.65,1.65,1.65,1.65,376870.0,621835.5
2023-08-25,1.7,1.7,1.65,1.7,3470309.0,5881597.95
2023-08-28,1.75,1.75,1.75,1.75,375017.0,656279.75
2023-08-29,1.8,1.8,1.8,1.8,1117766.0,2011978.8
2023-08-30,1.85,1.85,1.85,1.85,1147710.0,2123263.5
2023-08-31,1.9,1.9,1.9,1.9,942647.0,1791029.3
2023-09-01,1.95,1.95,1.8,1.9,8829466.0,16644573.65
2023-09-04,1.95,1.95,1.9,1.95,1258620.0,2445322.9
2023-09-05,2.0,2.0,2.0,2.0,745191.0,1490382.0
2023-09-06,2.1,2.1,2.1,2.1,703904.0,1478198.4
2023-09-07,2.2,2.2,2.2,2.2,610113.0,1342248.6
2023-09-08,2.3,2.3,2.3,2.3,1122314.0,2581322.2
2023-09-11,2.4,2.4,2.4,2.4,692894.0,1662945.6
2023-09-12,2.5,2.5,2.5,2.5,3809504.0,9523760.0
2023-09-13,2.6,2.6,2.4,2.6,12054471.0,30251255.7
2023-09-14,2.7,2.7,2.65,2.7,6811769.0,18365527.65
2023-09-15,2.8,2.8,2.75,2.8,4142293.0,11587547.3
2023-09-18,2.9,2.9,2.9,2.9,1156405.0,3353574.5
2023-09-20,3.0,3.0,3.0,3.0,1276360.0,3829080.0
2023-09-21,3.15,3.15,3.15,3.15,1171256.0,3689456.4
2023-09-22,3.3,3.3,3.3,3.3,2952652.0,9743751.6
2023-09-25,3.45,3.45,3.15,3.15,7444927.0,24174573.35
2023-09-26,3.0,3.0,3.0,3.0,1946153.0,5838459.0
2023-09-27,2.85,2.85,2.85,2.85,1704371.0,4857457.35
2023-09-28,2.7,2.7,2.7,2.7,1716434.0,4634371.8
2023-09-29,2.6,2.8,2.6,2.8,15108694.0,40122976.3
2023-10-03,2.9,2.9,2.7,2.7,21600682.0,60514283.2
2023-10-04,2.6,2.7,2.6,2.6,8929010.0,23218235.65
2023-10-05,2.5,2.7,2.5,2.5,10241521.0,25923201.05
2023-10-06,2.45,2.45,2.4,2.4,4229857.0,10160043.5
2023-10-09,2.3,2.3,2.3,2.3,1643579.0,3780231.7
2023-10-10,2.2,2.4,2.2,2.4,4820704.0,11365082.65
2023-10-11,2.5,2.5,2.45,2.5,2243605.0,5608762.55
2023-10-12,2.6,2.6,2.6,2.6,680865.0,1770249.0
2023-10-13,2.7,2.7,2.7,2.7,477285.0,1288669.5
2023-10-16,2.8,2.8,2.6,2.7,6709015.0,18095896.7
2023-10-17,2.7,2.75,2.65,2.7,4079123.0,11031367.15
2023-10-18,2.7,2.75,2.6,2.6,3160216.0,8342585.55
2023-10-19,2.55,2.7,2.5,2.65,2479469.0,6472321.95
2023-10-20,2.65,2.7,2.6,2.6,2330152.0,6145610.55
2023-10-23,2.6,2.6,2.5,2.5,2669883.0,6716568.7
2023-10-25,2.4,2.5,2.4,2.4,1746463.0,4256806.7
2023-10-26,2.3,2.5,2.3,2.5,3583201.0,8501191.75
2023-10-27,2.55,2.6,2.45,2.45,2172333.0,5453014.0
2023-10-30,2.45,2.5,2.35,2.45,2909783.0,7003066.8
2023-10-31,2.45,2.55,2.4,2.5,3080110.0,7537448.6
2023-11-01,2.45,2.6,2.45,2.55,2602254.0,6610649.15
2023-11-02,2.6,2.6,2.5,2.55,2407716.0,6107061.0
2023-11-03,2.6,2.65,2.55,2.65,2829983.0,7439107.75
2023-11-06,2.75,2.75,2.75,2.75,641354.0,1763723.5
2023-11-07,2.85,2.85,2.85,2.85,684442.0,1950659.7
2023-11-08,2.95,2.95,2.95,2.95,1231146.0,3631880.7
2023-11-09,3.05,3.05,3.05,3.05,734899.0,2241441.95
2023-11-10,3.2,3.2,3.05,3.2,9054632.0,28890503.95
2023-11-12,3.35,3.35,3.35,3.35,748852.0,2508654.2
2023-11-13,3.5,3.5,3.5,3.5,1618516.0,5664806.0
2023-11-15,3.65,3.65,3.65,3.65,1065504.0,3889089.6
2023-11-16,3.8,3.8,3.8,3.8,1082534.0,4113629.2
2023-11-17,3.95,3.95,3.95,3.95,1215627.0,4801726.65
2023-11-20,4.1,4.1,4.1,4.1,1089622.0,4467450.2
2023-11-21,4.3,4.3,4.3,4.3,789328.0,3394110.4
2023-11-22,4.5,4.5,4.5,4.5,1539658.0,6928461.0
2023-11-23,4.7,4.7,4.4,4.7,34237350.0,157974545.0
2023-11-24,4.9,4.9,4.9,4.9,1425939.0,6987101.1
2023-11-28,5.1,5.1,5.1,5.1,1063685.0,5424793.5
2023-11-29,5.35,5.35,5.35,5.35,800274.0,4281465.9
2023-11-30,5.6,5.6,5.6,5.6,1390095.0,7784532.0
2023-12-01,5.85,5.85,5.85,5.85,1085944.0,6352772.4
2023-12-04,6.1,6.1,6.1,6.1,796079.0,4856081.9
2023-12-05,6.4,6.4,6.4,6.4,789814.0,5054809.6
2023-12-06,6.7,6.7,6.7,6.7,1014379.0,6796339.3
2023-12-07,7.0,7.0,7.0,7.0,776156.0,5433092.0
2023-12-08,7.35,7.35,7.35,7.35,629635.0,4627817.25
2023-12-11,7.7,7.7,7.7,7.7,668215.0,5145255.5
2023-12-12,8.05,8.05,8.05,8.05,782098.0,6295888.9
2023-12-13,8.45,8.45,8.45,8.45,823721.0,6960442.45
2023-12-14,8.85,8.85,8.1,8.5,47223974.0,406863208.85
2023-12-15,8.1,8.4,8.1,8.1,11767720.0,95407888.2
2023-12-18,7.7,7.7,7.7,7.7,2930021.0,22561161.7
2023-12-19,7.35,7.35,7.35,7.35,2189793.0,16094978.55
2023-12-20,7.3,7.7,7.0,7.0,66301404.0,478029330.55
2023-12-21,6.65,7.35,6.65,7.05,42096613.0,289989755.3
2023-12-22,6.95,7.15,6.7,6.7,14328596.0,97607618.35
2023-12-26,6.4,6.65,6.4,6.4,13930895.0,89353090.4
2023-12-27,6.2,6.3,6.1,6.1,7762644.0,47692767.45
2023-12-28,5.8,6.4,5.8,6.4,19804306.0,118352087.95
2023-12-29,6.7,6.7,6.55,6.7,7080467.0,47436104.75
2024-01-01,7.0,7.0,7.0,7.0,577598.0,4043186.0
2024-01-02,7.35,7.35,7.35,7.35,1276460.0,9381981.0
2024-01-03,7.7,7.7,7.7,7.7,693431.0,5339418.7
2024-01-04,8.05,8.05,8.05,8.05,3841744.0,30926039.2
2024-01-05,8.45,8.45,7.8,8.45,22483820.0,186485582.6
2024-01-08,8.85,8.85,8.5,8.85,9874410.0,87020830.35
2024-01-09,9.25,9.25,9.25,9.25,1425714.0,13187854.5
2024-01-10,9.7,9.7,9.7,9.7,2256709.0,21890077.3
2024-01-11,10.15,10.15,10.15,10.15,2051750.0,20825262.5
2024-01-12,10.65,10.65,9.65,10.4,56776634.0,580813682.05
2024-01-15,10.4,10.9,10.3,10.9,9877970.0,105978784.2
2024-01-16,11.2,11.4,10.45,11.35,28383560.0,319376254.05
2024-01-17,10.95,11.9,10.85,11.9,18716961.0,213219005.6
2024-01-18,12.45,12.45,12.0,12.45,13522775.0,167565858.6
2024-01-19,12.7,13.05,12.65,13.05,7148491.0,92436368.85
2024-01-20,13.7,13.7,13.7,13.7,1192454.0,16336619.8
2024-01-23,14.35,14.35,13.25,14.25,25345557.0,359617915.3
2024-01-24,14.35,14.85,13.55,13.55,22175830.0,309162712.0
2024-01-25,13.05,14.2,12.9,14.2,28465772.0,382176794.6
2024-01-29,14.9,14.9,14.7,14.9,9073626.0,135184852.5
2024-01-30,15.6,15.6,15.6,15.6,2461208.0,38394844.8
2024-01-31,16.35,16.35,15.7,16.35,10698306.0,174098130.5
2024-02-01,17.1,17.15,16.65,17.15,13427694.0,229799922.95
2024-02-02,18.0,18.0,18.0,18.0,2513821.0,45248778.0
2024-02-05,18.9,18.9,18.9,18.9,2384466.0,45066407.4
2024-02-06,19.6,19.8,17.95,18.55,46995645.0,872922314.65
2024-02-07,17.95,18.5,17.65,17.65,15256275.0,270205864.15
2024-02-08,16.8,16.8,16.8,16.8,3005612.0,50494281.6
2024-02-09,16.0,16.0,16.0,16.0,2248551.0,35976816.0
2024-02-12,15.25,16.8,15.2,15.7,39944662.0,642852769.45
2024-02-13,15.05,15.6,14.95,14.95,13912370.0,208913189.5
2024-02-14,14.2,15.15,14.2,14.6,22154147.0,319127860.85
2024-02-15,14.9,15.3,14.65,15.3,12209466.0,184153188.2
2024-02-16,16.05,16.05,15.6,16.05,13963499.0,223923312.1
2024-02-19,16.85,16.85,16.6,16.85,10217930.0,171966999.65
2024-02-20,17.55,17.6,16.0,16.05,16470754.0,275274508.45
2024-02-21,16.0,16.0,15.25,15.25,9935556.0,152878669.35
2024-02-22,15.2,15.8,14.5,15.25,10777073.0,160963085.3
2024-02-23,15.0,15.6,14.7,14.8,5559095.0,83390933.9
2024-02-26,15.0,15.0,14.1,14.1,6896560.0,97924611.6
2024-02-27,13.6,13.9,13.4,13.4,5737491.0,77205977.2
2024-02-28,12.75,13.9,12.75,12.75,14060372.0,183649465.3
2024-02-29,12.25,13.35,12.15,13.25,16299760.0,204258561.25
2024-03-01,13.5,13.8,12.65,13.1,10539564.0,140571229.35
2024-03-02,13.15,13.7,12.6,13.25,4514092.0,59307999.4
2024-03-04,13.5,13.75,12.6,12.65,7897087.0,102837897.3
2024-03-05,12.3,12.5,12.05,12.05,6152742.0,74514691.75
2024-03-06,11.45,11.45,11.45,11.45,1967573.0,22528710.85
2024-03-07,10.9,12.0,10.9,12.0,23501371.0,268883610.9
2024-03-11,12.4,12.5,11.4,11.4,8729098.0,104511396.9
2024-03-12,10.85,11.0,10.85,10.85,3989048.0,43284834.6
2024-03-13,10.3,10.95,10.3,10.3,6572629.0,68318989.75
2024-03-14,9.8,10.4,9.8,9.8,17780991.0,175242179.95
2024-03-15,9.35,9.75,9.35,9.35,10514460.0,98568956.55
2024-03-18,8.9,9.3,8.9,8.9,8659236.0,77486394.65
2024-03-19,8.45,8.45,8.45,8.45,2773720.0,23437934.0
2024-03-20,8.05,8.85,8.05,8.85,25031475.0,212312987.9
2024-03-21,9.25,9.25,9.25,9.25,1883948.0,17426519.0
2024-03-22,9.7,9.7,9.7,9.7,1310436.0,12711229.2
2024-03-26,9.85,10.15,9.7,10.15,8417196.0,83934806.2
2024-03-27,10.6,10.65,10.4,10.65,9527156.0,100983562.4
2024-03-28,11.15,11.15,10.75,11.15,11826956.0,131492114.7
2024-04-01,11.7,11.7,11.5,11.7,3607424.0,42198871.8
2024-04-02,12.25,12.25,12.25,12.25,550466.0,6743208.5
2024-04-03,12.85,12.85,12.85,12.85,622783.0,8002761.55
2024-04-04,13.45,13.45,12.5,13.45,20597991.0,271732738.55
2024-04-05,13.45,13.7,12.8,13.15,11493336.0,151725388.5
2024-04-08,13.2,13.2,12.5,12.5,4776675.0,60274635.55
2024-04-09,11.9,12.5,11.9,11.9,8546499.0,102406834.6
2024-04-10,11.4,11.65,11.3,11.3,7809920.0,88585476.55
2024-04-12,10.75,11.75,10.75,11.15,12783946.0,141747258.55
2024-04-15,10.75,11.45,10.6,10.85,8556609.0,92092450.05
2024-04-16,10.7,11.35,10.6,11.35,2656389.0,29724352.35
2024-04-18,11.9,11.9,11.25,11.8,7802278.0,92237181.35
2024-04-19,11.25,11.5,11.25,11.25,6800310.0,76799118.2
2024-04-22,11.4,11.6,10.7,11.0,5970207.0,66016437.2
2024-04-23,11.05,11.25,10.45,11.2,7696848.0,83103660.55
2024-04-24,11.3,11.35,10.8,10.9,4361866.0,48027321.25
2024-04-25,11.15,11.4,10.9,11.4,11979694.0,135916487.0
2024-04-26,11.4,11.95,10.85,11.65,12517432.0,140761710.6
2024-04-29,12.2,12.2,12.2,12.2,3092996.0,37734551.2
2024-04-30,12.65,12.8,11.7,11.85,11163660.0,136573342.1
2024-05-02,11.8,11.95,11.3,11.45,5883704.0,68213815.6
2024-05-03,11.7,11.8,11.05,11.25,5316070.0,59885005.25
2024-05-06,11.3,11.55,10.75,10.85,4768482.0,52332613.15
2024-05-07,10.85,11.1,10.3,10.45,5118231.0,54286193.9
2024-05-08,10.4,10.95,10.35,10.95,3692666.0,39908069.05
2024-05-09,11.15,11.25,10.4,10.5,5069590.0,54478575.75
2024-05-10,10.8,10.8,10.1,10.45,2988664.0,31066620.15
2024-05-13,10.5,10.6,10.0,10.2,4093454.0,41873782.35
2024-05-14,10.3,10.7,10.2,10.7,1807182.0,19023330.2
2024-05-15,11.2,11.2,10.95,11.2,3830672.0,42835247.0
2024-05-16,11.05,11.35,10.65,10.8,5037480.0,54803436.3
2024-05-17,10.85,11.1,10.65,10.75,4175208.0,45233235.6
2024-05-18,10.95,11.0,10.55,10.75,1307654.0,14093703.95
2024-05-21,10.95,11.0,10.25,10.35,5268201.0,55130103.8
2024-05-22,10.4,10.5,10.1,10.2,3424966.0,35191175.45
2024-05-23,10.4,10.55,10.0,10.25,4179336.0,43057530.0
2024-05-24,10.45,10.6,10.25,10.55,4515054.0,47091877.1
2024-05-27,10.7,10.85,10.4,10.5,4008387.0,42739840.6
2024-05-28,10.55,10.7,10.1,10.15,3660799.0,37514191.2
2024-05-29,9.65,10.25,9.65,10.15,5234705.0,51984822.45
2024-05-30,10.1,10.2,9.75,9.95,3183462.0,31759667.95
2024-05-31,9.9,10.15,9.85,9.9,3495003.0,34891354.8
2024-06-03,10.35,10.35,9.8,9.9,7887474.0,79096378.85
2024-06-04,9.9,9.9,9.4,9.4,4981543.0,47200872.35
2024-06-05,9.05,9.3,8.95,8.95,7564407.0,67816537.5
2024-06-06,9.15,9.35,9.05,9.35,2293729.0,21267514.65
2024-06-07,9.8,9.8,9.6,9.8,1817607.0,17794448.95
2024-06-10,10.29,10.29,10.29,10.29,854485.0,8792650.65
2024-06-11,10.8,10.8,10.8,10.8,1511292.0,16321953.6
2024-06-12,11.34,11.34,11.34,11.34,2351872.0,26670228.48
2024-06-13,11.9,11.9,11.4,11.9,15920340.0,188215928.29
2024-06-14,12.3,12.3,11.46,11.72,13497083.0,161021560.62
2024-06-18,11.94,11.94,11.13,11.13,9117172.0,102773678.65
2024-06-19,11.09,11.13,10.6,10.77,5445449.0,58961840.6
2024-06-20,10.77,10.77,10.43,10.61,5027352.0,53156814.2
2024-06-21,10.67,11.14,10.65,11.14,5527216.0,61413434.66
2024-06-24,11.69,11.69,11.55,11.69,6376045.0,74527267.5
2024-06-25,12.27,12.27,11.25,11.6,14888847.0,177776170.48
2024-06-26,11.94,11.98,11.35,11.56,4599477.0,53504883.95
2024-06-27,11.52,11.69,11.0,11.08,5974221.0,67468903.42
2024-06-28,11.24,11.63,11.06,11.18,5194800.0,58964721.35
2024-07-01,11.3,11.68,10.95,11.17,6700853.0,76482685.97
2024-07-02,11.28,11.5,10.82,10.96,3896592.0,43117716.93
2024-07-03,11.1,11.27,10.89,10.95,6249290.0,69093540.15
2024-07-04,11.01,11.21,11.01,11.13,5527357.0,61639959.8
2024-07-05,11.37,11.68,11.2,11.68,9402021.0,108808548.83
2024-07-08,12.26,12.26,11.55,11.85,16194528.0,194434397.91
2024-07-09,11.95,11.95,11.26,11.36,5774773.0,66610028.03
2024-07-10,11.45,11.45,10.9,11.17,4489621.0,49873671.58
2024-07-11,11.1,11.24,10.96,11.07,3394896.0,37616574.78
2024-07-12,11.3,11.3,11.0,11.09,2662951.0,29488086.9
2024-07-15,11.19,11.52,10.82,11.22,4859932.0,54313471.92
2024-07-16,11.3,11.38,10.96,11.09,3036213.0,33757933.52
2024-07-18,11.05,11.09,10.66,10.78,3637625.0,39572594.07
2024-07-19,10.8,10.8,10.28,10.33,4768501.0,50263000.28
2024-07-22,9.96,10.33,9.95,9.97,4153290.0,41872230.33
2024-07-23,10.1,10.46,9.99,10.46,3361805.0,34636663.21
2024-07-24,10.88,10.98,10.56,10.98,2547277.0,27670170.81
2024-07-25,11.2,11.36,11.0,11.08,5161280.0,57748618.11
2024-07-26,11.17,11.63,10.7,11.62,13330662.0,152329774.48
2024-07-29,11.58,11.79,11.15,11.19,7673660.0,87644023.85
2024-07-30,11.2,11.3,10.8,10.94,5332810.0,59157816.42
2024-07-31,11.0,11.14,10.75,10.81,4723667.0,51590786.65
2024-08-01,10.85,11.3,10.5,10.59,4802377.0,51680614.88
2024-08-02,10.4,11.0,10.35,10.88,2919837.0,31483302.81
2024-08-05,10.43,10.58,10.33,10.33,6013239.0,62291193.04
2024-08-06,10.45,10.54,9.82,9.94,6525275.0,65814272.45
2024-08-07,10.3,10.37,9.58,10.21,9091062.0,90440170.15
2024-08-08,10.29,10.33,9.9,10.01,3148040.0,31836289.84
2024-08-09,9.91,10.14,9.9,10.02,3668424.0,36605386.3
2024-08-12,10.01,10.01,9.7,9.88,5721908.0,56419019.35
2024-08-13,9.9,10.0,9.7,9.72,3316196.0,32542938.39
2024-08-14,9.75,9.98,9.55,9.69,2867658.0,27856392.76
2024-08-16,9.88,9.9,9.5,9.68,2538539.0,24584400.59
2024-08-19,9.69,9.76,9.28,9.52,4435525.0,42234103.54
2024-08-20,9.64,9.99,9.52,9.89,4502491.0,44535358.86
2024-08-21,9.97,10.0,9.68,9.84,5533458.0,54343722.35
2024-08-22,9.88,10.1,9.7,10.0,3953725.0,39455849.18
2024-08-23,10.08,10.09,9.8,9.86,3735440.0,36986350.75
2024-08-26,10.2,10.2,9.62,9.73,3192192.0,31634785.8
2024-08-27,9.73,10.04,9.6,9.67,4854432.0,47695743.2
2024-08-28,9.8,9.85,9.25,9.53,2934321.0,28021572.87
2024-08-29,9.53,9.63,9.2,9.3,2990625.0,27994050.53
2024-08-30,9.4,9.43,9.15,9.28,2403367.0,22253239.37
2024-09-02,9.47,9.47,8.99,9.08,4246817.0,38831474.9
2024-09-03,9.19,9.2,9.0,9.04,3124353.0,28330753.23
2024-09-04,9.04,9.49,8.86,9.43,5668846.0,51922735.57
2024-09-05,9.72,9.9,9.68,9.9,2630838.0,25930285.77
2024-09-06,10.39,10.39,10.39,10.39,4036150.0,41935598.5
2024-09-09,10.9,10.9,10.12,10.19,16256029.0,172067422.56
2024-09-10,10.16,10.28,9.85,9.91,3939826.0,39520156.14
2024-09-11,10.03,10.04,9.41,9.41,5901743.0,56870816.65
2024-09-12,9.41,9.81,9.15,9.68,4267214.0,40815667.33
2024-09-13,9.92,10.0,9.56,9.98,3834838.0,37926526.97
2024-09-16,10.3,10.3,9.9,9.98,4156837.0,42098150.65
2024-09-17,10.0,10.19,9.6,9.72,3375155.0,33484866.57
2024-09-18,10.2,10.2,9.96,10.2,4593717.0,46665220.82
2024-09-19,10.71,10.71,9.96,10.43,11317227.0,120021583.93
2024-09-20,10.74,10.95,10.4,10.95,13429056.0,145049513.78
2024-09-23,11.49,11.49,11.49,11.49,2262424.0,25995251.76
2024-09-24,12.06,12.06,12.06,12.06,2028116.0,24459078.96
2024-09-25,12.66,12.66,12.3,12.66,29702330.0,375745686.84
2024-09-26,12.75,13.2,12.22,13.08,31733979.0,403828960.55
2024-09-27,12.95,13.18,12.42,12.42,14402725.0,180956023.12
2024-09-30,11.98,12.37,11.79,12.04,12293109.0,146248629.12
2024-10-01,11.95,12.14,11.43,11.44,9745035.0,113307558.35
2024-10-03,11.0,11.58,10.92,11.03,7380679.0,82168083.72
2024-10-04,11.3,11.58,10.99,11.58,6786427.0,77858487.04
2024-10-07,12.15,12.15,11.17,11.23,14426180.0,170607745.53
2024-10-08,10.99,11.79,10.85,11.79,7920972.0,91890317.28
2024-10-09,12.37,12.37,11.61,11.86,10839973.0,132611458.75
2024-10-10,12.0,12.1,11.28,11.34,3769599.0,43597702.82
2024-10-11,11.06,11.54,11.06,11.18,3309085.0,37254164.03
2024-10-14,11.11,11.43,10.66,10.93,3946363.0,43430137.51
2024-10-15,11.0,11.14,10.75,10.87,2391068.0,26151123.11
2024-10-16,10.9,11.13,10.7,10.92,3735529.0,40935153.39
2024-10-17,10.96,11.07,10.45,10.51,2993821.0,31898897.39
2024-10-18,10.65,11.03,10.25,10.86,4250609.0,45762064.82
2024-10-21,11.14,11.14,10.37,10.39,2766131.0,29293878.73
2024-10-22,10.26,10.49,9.87,9.87,6339586.0,64051886.3
2024-10-23,9.89,10.03,9.66,9.88,5023228.0,49214055.48
2024-10-24,9.89,9.93,9.45,9.76,2720731.0,26416863.08
2024-10-25,9.76,9.94,9.27,9.28,5528778.0,51637637.88
2024-10-28,9.35,9.69,9.2,9.6,3456238.0,32716455.17
2024-10-29,9.63,9.65,9.29,9.46,2034025.0,19156099.57
2024-10-30,9.38,9.93,9.33,9.93,2415220.0,23393272.29
2024-10-31,9.9,10.42,9.8,10.3,5057772.0,51806147.99
2024-11-01,10.29,10.74,10.23,10.39,1723487.0,17989604.49
2024-11-04,10.49,10.49,9.96,10.13,4506157.0,45757546.77
2024-11-05,10.0,10.15,9.92,10.08,2178444.0,21883315.43
2024-11-06,10.1,10.58,10.1,10.4,3967891.0,41119747.82
2024-11-07,10.4,10.4,10.06,10.11,2293384.0,23362819.45
2024-11-08,10.3,10.3,9.9,9.92,1470424.0,14708676.41
2024-11-11,9.92,9.92,9.42,9.44,3951075.0,37745025.46
2024-11-12,9.49,9.77,9.1,9.27,2418274.0,22893879.73
2024-11-13,9.0,9.6,9.0,9.07,3872434.0,35697907.52
2024-11-14,9.11,9.27,8.98,9.08,2319290.0,21064200.46
2024-11-18,9.34,9.34,8.76,9.02,1765413.0,15952897.8
2024-11-19,9.04,9.29,9.01,9.07,1667593.0,15285081.51
2024-11-21,9.07,9.15,8.7,8.77,2462128.0,21739719.58
2024-11-22,8.85,8.9,8.74,8.85,2106677.0,18565108.58
2024-11-25,9.05,9.29,8.95,9.11,1950636.0,17690059.65
2024-11-26,9.17,9.25,9.0,9.07,1909138.0,17448201.2
2024-11-27,9.18,9.18,9.02,9.04,1390796.0,12628753.88
2024-11-28,9.05,9.21,9.03,9.09,1752358.0,15998897.06
2024-11-29,9.18,9.19,9.01,9.05,1443773.0,13099475.36
2024-12-02,9.07,9.5,9.0,9.5,1736441.0,16295163.68
2024-12-03,9.97,9.97,9.82,9.97,2156980.0,21462243.3
2024-12-04,10.38,10.46,10.01,10.38,6628081.0,68121548.65
2024-12-05,10.89,10.89,10.66,10.89,3735057.0,40578909.53
2024-12-06,10.99,11.43,10.8,11.43,6966777.0,79185637.83
2024-12-09,11.43,11.99,10.85,10.97,6725000.0,75730702.66
2024-12-10,10.75,10.9,10.42,10.42,2657720.0,28029093.94
2024-12-11,10.35,10.85,9.9,10.69,4195229.0,43311708.43
2024-12-12,10.65,10.67,10.21,10.3,2656143.0,27726827.59
2024-12-13,10.3,10.5,9.78,10.1,4105410.0,41129366.74
2024-12-16,10.1,10.28,9.75,9.98,2542417.0,25455904.53
2024-12-17,9.99,10.21,9.8,9.96,2811952.0,28304490.28
2024-12-18,10.07,10.08,9.6,9.82,2087847.0,20530090.67
2024-12-19,9.71,9.89,9.37,9.69,2797638.0,26924086.31
2024-12-20,9.69,10.09,9.51,9.55,3261184.0,31890855.72
2024-12-23,9.74,9.9,9.4,9.48,2018693.0,19242376.95
2024-12-24,9.62,9.62,9.15,9.31,1909669.0,17889663.29
2024-12-26,9.41,9.47,8.97,9.16,3105400.0,28381935.23
2024-12-27,9.24,9.34,9.15,9.2,1584379.0,14621024.1
2024-12-30,9.28,9.35,9.0,9.22,1307572.0,12044420.94
2024-12-31,9.21,9.31,9.01,9.21,1486374.0,13646568.59
2025-01-01,9.27,9.3,9.1,9.25,1370775.0,12609257.95
2025-01-02,9.25,9.71,9.25,9.71,2653566.0,25587685.92
2025-01-03,9.61,10.08,9.61,9.92,3212254.0,31876851.43
2025-01-06,10.0,10.01,9.42,9.42,1890748.0,18003001.06
2025-01-07,9.35,9.5,9.06,9.38,1544971.0,14444052.69
2025-01-08,9.4,9.4,9.01,9.16,2461121.0,22482468.58
2025-01-09,9.16,9.24,9.02,9.08,2200043.0,20025183.71
2025-01-10,9.08,9.19,8.85,8.96,2486978.0,22448965.88
2025-01-13,8.9,9.0,8.51,8.51,3672962.0,31880277.09
2025-01-14,8.55,8.9,8.2,8.49,3766463.0,32266016.2
2025-01-15,8.64,8.91,8.54,8.91,1212285.0,10654098.5
2025-01-16,9.34,9.35,9.02,9.35,2246434.0,20883808.63
2025-01-17,9.81,9.81,9.81,9.81,1109076.0,10880035.56
2025-01-20,10.3,10.3,10.3,10.3,1298656.0,13376156.8
2025-01-21,10.81,10.81,9.85,9.94,7241724.0,74610213.66
2025-01-22,10.0,10.0,9.45,9.54,2433644.0,23359480.73
2025-01-23,9.72,9.75,9.5,9.56,1600838.0,15386920.71
2025-01-24,9.62,9.73,9.26,9.39,1619374.0,15347081.18
2025-01-27,9.48,9.48,8.92,9.0,2588973.0,23412766.65
2025-01-28,9.09,9.29,8.7,8.89,2860367.0,25531555.46
2025-01-29,8.9,9.14,8.81,8.95,2133150.0,19171232.71
2025-01-30,9.08,9.12,8.81,9.04,1695831.0,15326113.16
2025-01-31,9.1,9.14,8.93,9.07,1377710.0,12464206.8
2025-02-01,9.09,9.25,8.89,9.02,2301159.0,20855170.47
2025-02-03,9.0,9.09,8.86,9.0,1499594.0,13506255.9
2025-02-04,9.0,9.12,9.0,9.07,927587.0,8391131.19
2025-02-05,9.09,9.2,9.0,9.06,1204167.0,10937852.63
2025-02-06,9.13,9.51,8.96,9.36,2627201.0,24229859.73
2025-02-07,9.47,9.47,9.05,9.09,1239504.0,11398911.39
2025-02-10,9.14,9.14,8.65,8.79,4260700.0,37523990.57
2025-02-11,8.72,8.88,8.46,8.5,2949215.0,25427456.83
2025-02-12,8.5,8.86,8.12,8.76,2900032.0,24688748.47
2025-02-13,8.6,8.82,8.4,8.53,2284978.0,19592011.21
2025-02-14,8.59,8.59,8.1,8.16,3374208.0,27590081.02
2025-02-17,8.15,8.15,7.75,7.75,3228993.0,25199667.64
2025-02-18,7.65,7.75,7.36,7.36,2346559.0,17392498.21
2025-02-19,6.99,7.72,6.99,7.49,3763531.0,27916928.6
2025-02-20,7.46,7.7,7.12,7.32,2868338.0,21076537.3
2025-02-21,7.39,7.54,6.96,7.33,4937792.0,35593587.89
2025-02-24,7.28,7.36,7.0,7.2,5678334.0,41049595.44
2025-02-25,7.11,7.2,6.84,6.89,6166777.0,43069438.78
2025-02-27,6.81,6.89,6.54,6.54,3539072.0,23600625.3
2025-02-28,6.23,6.3,6.21,6.21,10642098.0,66099105.11
2025-03-03,5.89,6.19,5.89,5.89,3188252.0,18885007.63
2025-03-04,5.6,6.18,5.59,6.18,7073685.0,41338193.66
2025-03-05,6.18,6.48,6.1,6.48,3724251.0,23506946.15
2025-03-06,6.8,6.8,6.8,6.8,1966043.0,13369092.4
2025-03-07,7.14,7.14,7.0,7.14,3786386.0,26990718.97
2025-03-10,7.49,7.49,6.9,6.95,8021107.0,58939176.6
2025-03-11,6.61,7.05,6.6,6.82,4881180.0,33046464.43
2025-03-12,6.76,6.94,6.6,6.72,2227853.0,15104010.69
2025-03-13,6.8,6.84,6.4,6.5,3499379.0,23099430.91
2025-03-17,6.52,6.69,6.17,6.2,4469712.0,28323947.17
2025-03-18,6.19,6.51,6.15,6.51,2814902.0,18181624.51
2025-03-19,6.55,6.83,6.51,6.83,3714780.0,24927054.47
2025-03-20,6.9,7.15,6.48,6.56,7381405.0,49578334.83
2025-03-21,6.6,6.81,6.56,6.66,5221574.0,34840418.61
2025-03-24,6.72,6.87,6.32,6.38,8783154.0,57600139.65
2025-03-25,6.42,6.55,6.11,6.16,10534236.0,66275135.97
2025-03-26,6.19,6.24,5.85,5.85,9971163.0,59404326.05
2025-03-27,5.61,5.87,5.57,5.65,12349273.0,70143556.38
2025-03-28,5.67,5.93,5.67,5.91,6750509.0,39856512.47
2025-04-01,5.91,6.2,5.91,6.15,4740486.0,28791778.99
2025-04-02,6.16,6.42,5.96,6.25,2921154.0,18158522.44
2025-04-03,6.16,6.56,6.16,6.55,7619711.0,49742585.72
2025-04-04,6.5,6.56,6.22,6.23,3333747.0,20994004.54
2025-04-07,5.91,6.14,5.91,6.03,3361867.0,20054416.48
2025-04-08,6.07,6.3,6.07,6.22,1734943.0,10758556.66
2025-04-09,6.23,6.23,6.09,6.16,791033.0,4867286.78
2025-04-11,6.37,6.41,6.2,6.25,1683427.0,10577615.4
2025-04-15,6.4,6.43,6.3,6.35,1986157.0,12647510.06
2025-04-16,6.39,6.4,6.25,6.28,1315104.0,8328577.14
2025-04-17,6.28,6.38,6.25,6.28,1436446.0,9054817.87
2025-04-21,6.37,6.59,6.2,6.59,2269501.0,14783954.44
2025-04-22,6.67,6.69,6.48,6.56,2173478.0,14332761.37
2025-04-23,6.63,6.65,6.4,6.49,2328211.0,15134803.2
2025-04-24,6.42,6.57,6.42,6.49,1046953.0,6817694.06
2025-04-25,6.42,6.52,6.16,6.3,2918373.0,18167812.67
2025-04-28,6.3,6.3,6.0,6.11,2271654.0,13839699.52
2025-04-29,6.02,6.18,6.01,6.09,1693352.0,10343696.6
2025-04-30,6.14,6.14,5.79,5.95,2141645.0,12782434.22
2025-05-02,6.0,6.04,5.71,5.82,2154413.0,12671411.67
2025-05-05,5.92,5.93,5.85,5.91,1176220.0,6948377.63
2025-05-06,5.84,5.93,5.7,5.73,1993119.0,11560016.06
2025-05-07,5.7,5.99,5.5,5.87,3187826.0,18268026.76
2025-05-08,5.87,5.93,5.8,5.82,1305872.0,7657868.37
2025-05-09,5.63,5.81,5.57,5.76,2172333.0,12294140.98
2025-05-12,5.99,6.04,5.81,6.04,2473711.0,14890572.11
2025-05-13,6.16,6.16,5.85,6.06,2057072.0,12521513.54
2025-05-14,6.1,6.29,6.06,6.23,2246721.0,13961817.11
2025-05-15,6.25,6.27,6.05,6.17,1931583.0,11931290.14
2025-05-16,6.17,6.47,6.07,6.41,3439234.0,21763308.4
2025-05-19,6.62,6.63,6.4,6.51,2915024.0,19003147.82
2025-05-20,6.51,6.6,6.18,6.22,3279837.0,20822939.07
2025-05-21,6.07,6.53,6.07,6.53,2564209.0,16389513.94
2025-05-22,6.52,6.53,6.29,6.48,2226941.0,14296068.28
2025-05-23,6.48,6.51,6.19,6.26,2360982.0,14814293.45
2025-05-26,6.55,6.56,6.35,6.39,2474028.0,16066829.07
2025-05-27,6.49,6.49,6.35,6.39,1104552.0,7076059.37
2025-05-28,6.43,6.43,6.31,6.37,958959.0,6119403.05
2025-05-29,6.37,6.45,6.32,6.35,1537708.0,9824536.01
2025-05-30,6.4,6.54,6.3,6.49,3265319.0,21016352.37
2025-06-02,6.49,6.81,6.44,6.81,3730693.0,24976338.32
2025-06-03,6.97,7.15,6.96,7.15,5094371.0,36174725.11
2025-06-04,7.4,7.5,7.17,7.5,5875996.0,43741255.33
2025-06-05,7.82,7.87,7.75,7.87,3193610.0,25072659.42
2025-06-06,8.23,8.26,8.1,8.26,4345520.0,35824186.67
2025-06-09,8.53,8.67,8.46,8.67,2490732.0,21525108.98
2025-06-10,9.1,9.1,9.1,9.1,1528640.0,13910624.0
2025-06-11,9.55,9.55,9.55,9.55,1543280.0,14738324.0
2025-06-12,10.02,10.02,10.02,10.02,3189130.0,31955082.6
2025-06-13,9.51,10.5,9.51,9.74,27685963.0,269551637.23
2025-06-16,9.25,9.48,9.25,9.25,11875051.0,110110788.05
2025-06-17,8.78,8.78,8.78,8.78,2255253.0,19801121.34
2025-06-18,8.34,8.68,8.34,8.34,14475153.0,121340593.15
2025-06-19,7.92,7.92,7.92,7.92,3527760.0,27939859.2
2025-06-20,7.6,8.19,7.52,7.83,11483215.0,89422005.28
2025-06-23,7.75,8.22,7.71,8.22,2997101.0,23889517.36
2025-06-24,8.63,8.63,8.63,8.63,863358.0,7450779.54
2025-06-25,9.06,9.06,8.64,9.06,5882960.0,52818260.34
2025-06-26,9.06,9.43,8.6,8.62,7440399.0,66041112.39
2025-06-27,8.33,8.75,8.25,8.53,4836626.0,41231052.05
2025-06-30,8.55,8.8,8.55,8.61,3201129.0,27691197.96
2025-07-01,8.68,8.82,8.5,8.61,4195336.0,36289599.24
2025-07-02,8.67,8.67,8.34,8.43,2315327.0,19557234.83
2025-07-03,8.4,8.5,8.06,8.38,2251668.0,18850990.81
2025-07-04,8.3,8.39,8.01,8.21,1696774.0,13925505.75
2025-07-07,8.23,8.23,7.95,8.12,1954693.0,15873479.25
2025-07-08,8.11,8.25,8.02,8.12,1256881.0,10274118.15
2025-07-09,8.13,8.18,8.0,8.11,1926397.0,15596217.2
2025-07-10,8.14,8.35,8.02,8.12,1972328.0,16180405.71
2025-07-11,8.12,8.16,8.0,8.06,2117431.0,17094136.63
2025-07-14,8.15,8.16,7.76,7.95,2030397.0,16121940.01
2025-07-15,7.98,8.1,7.85,7.93,1853863.0,14785464.06
2025-07-16,7.99,8.15,7.95,7.97,1180217.0,9502901.77
2025-07-17,8.09,8.17,8.0,8.02,1025071.0,8262352.91
2025-07-18,8.13,8.13,7.87,7.95,1132232.0,9072355.81
2025-07-21,8.08,8.08,7.75,7.82,1597115.0,12621205.28
2025-07-22,8.0,8.0,7.6,7.65,2069168.0,15958831.44
2025-07-23,7.74,7.8,7.59,7.7,1679343.0,12903868.12
2025-07-24,7.76,7.87,7.6,7.68,1272146.0,9870247.68
2025-07-25,7.67,7.71,7.34,7.39,1448814.0,10906451.91
2025-07-28,7.36,7.48,7.02,7.08,2486572.0,17848928.34
2025-07-29,7.19,7.43,6.78,7.43,2107816.0,14904889.47
2025-07-30,7.58,7.69,7.16,7.36,2217218.0,16607877.44
2025-07-31,7.31,7.5,7.07,7.23,1254151.0,9191996.37
2025-08-01,7.33,7.33,7.0,7.13,1729939.0,12446481.51
2025-08-04,7.13,7.24,6.96,7.1,1417064.0,10092880.99
2025-08-05,7.1,7.21,6.98,7.06,1345476.0,9536353.99
2025-08-06,7.07,7.13,6.95,6.98,1632273.0,11512197.39
2025-08-07,7.0,7.07,6.7,6.93,1866374.0,12811716.68
2025-08-08,6.99,7.02,6.86,6.91,834344.0,5775987.11
2025-08-11,6.92,7.25,6.92,7.25,1615410.0,11587659.03
2025-08-12,7.53,7.61,7.53,7.61,1763245.0,13394463.78
2025-08-13,7.69,7.77,7.25,7.39,2185810.0,16309189.42
2025-08-14,7.2,7.35,7.03,7.03,2322880.0,16482300.22
2025-08-18,6.96,7.25,6.96,7.18,1568603.0,11270028.11
2025-08-19,7.22,7.29,7.06,7.11,1158569.0,8295573.62
2025-08-20,7.17,7.17,7.02,7.09,1590111.0,11281603.3
2025-08-21,7.14,7.19,7.0,7.05,1815076.0,12848293.44
2025-08-22,7.18,7.4,7.1,7.39,4104098.0,30196001.45
2025-08-25,7.35,7.37,7.1,7.2,1654778.0,11905123.85
2025-08-26,7.11,7.17,6.95,7.04,1711538.0,12064361.51
2025-08-28,6.9,7.0,6.68,6.91,1722757.0,11851352.68
2025-08-29,6.95,7.25,6.86,7.11,2802662.0,19957312.45
2025-09-01,7.1,7.38,6.99,7.01,3318899.0,23745497.1
2025-09-02,7.08,7.18,6.99,7.0,2219323.0,15630380.08
2025-09-03,7.17,7.17,6.9,6.98,2776697.0,19427907.88
2025-09-04,7.09,7.09,6.86,6.9,1734929.0,12064860.47
2025-09-05,7.0,7.05,6.85,6.94,2057692.0,14347797.92
2025-09-08,6.96,7.09,6.85,6.93,1070615.0,7452163.92
2025-09-09,6.99,7.0,6.76,6.85,1946255.0,13316951.02
2025-09-10,6.85,6.98,6.74,6.81,2229358.0,15280957.43
2025-09-11,6.94,6.94,6.76,6.81,1253993.0,8567125.41
2025-09-12,6.85,7.0,6.81,6.9,2862054.0,19755163.07
2025-09-15,6.94,7.04,6.9,6.94,2924262.0,20410624.29
2025-09-16,6.97,7.07,6.81,6.91,2359853.0,16411282.38
2025-09-17,6.93,7.03,6.85,6.96,1658506.0,11558165.3
2025-09-18,6.96,7.3,6.9,7.3,5511259.0,39541162.86
2025-09-19,7.49,7.66,7.02,7.65,8680757.0,65966908.79
2025-09-22,7.54,7.58,7.26,7.35,4269344.0,31559075.37
2025-09-23,7.27,7.33,7.1,7.14,1937377.0,13982240.42
2025-09-24,7.14,7.3,7.05,7.11,2062033.0,14824611.44
2025-09-25,7.1,7.46,7.06,7.45,6116023.0,44901106.64
2025-09-26,7.32,7.35,7.09,7.1,2318835.0,16634398.69
2025-09-29,7.45,7.45,7.45,7.45,1009521.0,7520931.45
2025-09-30,7.8,7.82,7.28,7.39,5195174.0,39660794.08
2025-10-01,7.35,7.44,7.1,7.2,3239658.0,23395482.64
2025-10-03,7.56,7.56,7.34,7.56,3321756.0,24997964.55
2025-10-06,7.93,7.93,7.36,7.51,5128155.0,39519890.02
2025-10-07,7.67,7.67,7.3,7.39,2832049.0,21195566.37
2025-10-08,7.46,7.46,7.2,7.24,2606788.0,19008906.62
2025-10-09,7.3,7.6,7.12,7.36,7785309.0,57922188.04
2025-10-10,7.43,7.58,7.32,7.38,3130574.0,23355678.3
2025-10-13,7.22,7.34,7.22,7.26,6624776.0,48067691.12
2025-10-14,7.3,7.36,7.07,7.12,3472554.0,24892589.64
2025-10-15,7.39,7.39,7.1,7.18,3514328.0,25342722.24
2025-10-16,7.2,7.25,7.01,7.06,4326672.0,30784044.38
2025-10-17,7.06,7.41,6.81,6.99,13624794.0,97027349.57
2025-10-20,7.07,7.25,6.9,7.14,2815644.0,19993550.92
2025-10-21,7.14,7.21,7.02,7.12,749132.0,5339769.81
2025-10-23,7.12,7.19,7.05,7.14,1725771.0,12283653.11
2025-10-24,7.09,7.17,7.0,7.01,2677313.0,18900177.6
2025-10-27,7.01,7.24,7.0,7.12,3996189.0,28461065.16
2025-10-28,7.15,7.25,7.03,7.05,2777409.0,19770626.16
2025-10-29,7.06,7.22,6.95,6.99,4647580.0,32523909.08
2025-10-30,7.0,7.1,6.93,6.96,2168438.0,15119887.26
2025-10-31,7.03,7.03,6.93,6.95,1655472.0,11530423.17
2025-11-03,6.95,7.29,6.95,7.24,19672017.0,142578171.42
2025-11-04,7.28,7.28,6.98,7.02,6140763.0,43681202.59
2025-11-06,6.99,7.02,6.83,6.88,4443403.0,30757163.89
2025-11-07,6.83,6.9,6.72,6.84,3717636.0,25289530.51
2025-11-10,6.81,6.95,6.81,6.84,1808261.0,12430192.74
2025-11-11,6.87,6.96,6.78,6.81,4153787.0,28329287.51
2025-11-12,6.85,7.05,6.83,6.89,3233728.0,22437028.02
2025-11-13,6.89,6.94,6.82,6.83,2106644.0,14441801.29
2025-11-14,6.84,6.89,6.72,6.8,3015447.0,20475313.95
2025-11-17,6.75,6.8,6.65,6.66,4815583.0,32256032.48
2025-11-18,6.7,6.71,6.57,6.63,3201793.0,21207495.04
2025-11-19,6.63,6.63,6.43,6.45,3804119.0,24769023.36
2025-11-20,6.47,6.55,6.32,6.35,3904834.0,25115730.15
2025-11-21,6.35,6.36,6.15,6.21,4275002.0,26607582.52
2025-11-24,6.21,6.35,6.01,6.07,3743488.0,23197008.25
2025-11-25,6.07,6.25,6.07,6.14,3111116.0,19166489.12
2025-11-26,6.15,6.27,6.12,6.15,2088337.0,12905683.78
2025-11-27,6.19,6.42,6.14,6.32,4401870.0,27571844.76
2025-11-28,6.38,6.38,6.11,6.18,2555423.0,15841911.9
2025-12-01,6.11,6.34,6.11,6.16,2247358.0,13947255.4
2025-12-02,6.19,6.21,6.05,6.07,3231046.0,19702370.1
2025-12-03,6.07,6.1,5.89,5.95,4115274.0,24505984.91
2025-12-04,5.95,6.06,5.95,5.98,2113204.0,12690055.75
2025-12-05,6.06,6.38,5.96,6.23,7156408.0,44588088.93
2025-12-08,6.23,6.26,5.89,5.99,4315166.0,25913297.23
2025-12-09,5.99,6.04,5.8,5.96,3779884.0,22424923.12
2025-12-10,6.0,6.07,5.87,5.9,2535970.0,15160182.82
2025-12-11,5.98,6.0,5.9,5.93,2070261.0,12305063.71
2025-12-12,5.93,6.04,5.91,6.0,2671700.0,15985384.35
2025-12-15,6.0,6.05,5.91,5.98,2128754.0,12692545.57
2025-12-16,5.99,6.03,5.85,5.92,4244528.0,25223701.66
2025-12-17,5.91,5.95,5.84,5.87,1960589.0,11531416.29
2025-12-18,5.88,5.93,5.65,5.84,3060777.0,17784738.77
2025-12-19,5.83,5.95,5.69,5.8,4936278.0,28611216.26
2025-12-22,5.8,5.85,5.68,5.72,6560813.0,37772552.1
2025-12-23,5.74,5.9,5.69,5.73,4716064.0,27315226.91
2025-12-24,5.95,6.3,5.82,5.89,39224183.0,243114823.29
2025-12-26,5.98,6.0,5.79,5.85,5989730.0,35079980.87
2025-12-29,5.85,5.88,5.65,5.73,5109959.0,29517925.25
2025-12-30,5.74,5.8,5.68,5.72,3187829.0,18299393.14
2025-12-31,5.74,5.77,5.7,5.72,2217432.0,12713201.93
2026-01-01,5.85,6.23,5.76,6.05,10889956.0,65692879.66
2026-01-02,5.99,6.04,5.86,5.95,3613796.0,21470116.99
2026-01-05,5.96,5.99,5.85,5.86,2286890.0,13473506.75
2026-01-06,5.9,5.9,5.8,5.83,2488486.0,14515262.89
2026-01-07,5.85,6.0,5.76,5.78,3039606.0,17716201.7
2026-01-08,5.82,5.83,5.7,5.72,2753655.0,15876205.51
2026-01-09,5.72,5.76,5.4,5.48,6738683.0,37572637.05
2026-01-12,5.5,5.5,5.19,5.35,6350494.0,33770273.92
2026-01-13,5.36,5.45,5.12,5.16,7399916.0,39188614.6
2026-01-14,5.16,5.34,5.16,5.26,5040269.0,26539796.64
2026-01-16,5.29,5.33,5.2,5.23,2718914.0,14277319.23
2026-01-19,5.22,5.24,4.91,5.01,6711384.0,33766891.07
2026-01-20,4.97,5.26,4.76,4.81,11560345.0,57421838.99
2026-01-21,4.85,4.95,4.6,4.81,8765314.0,42050579.51
2026-01-22,4.86,5.04,4.82,4.95,3695715.0,18188364.92
2026-01-23,4.9,5.05,4.9,4.96,3263834.0,16213662.37
2026-01-27,5.05,5.05,4.65,4.74,5835430.0,28064545.85
2026-01-28,4.61,4.82,4.5,4.54,10781984.0,49691939.05
2026-01-29,4.57,4.64,4.28,4.4,9741074.0,42920714.21
2026-01-30,4.37,4.59,4.2,4.29,15794851.0,68500202.31
2026-02-01,4.33,4.39,4.2,4.31,3272668.0,14083749.98
2026-02-02,4.32,4.33,4.12,4.25,6883543.0,29058223.14
2026-02-03,4.39,4.45,4.25,4.29,5840162.0,25275731.31
2026-02-04,4.3,4.71,4.25,4.69,11407068.0,52068289.72
2026-02-05,4.84,5.19,4.77,5.03,16847587.0,83899746.2
2026-02-06,5.13,5.15,4.83,5.12,8260938.0,41636944.68
2026-02-09,5.24,5.72,5.11,5.55,10816150.0,58398373.46
2026-02-10,5.71,6.44,5.7,6.29,32058656.0,196112889.14
2026-02-11,6.59,6.59,5.96,6.23,20464078.0,128370377.54
2026-02-12,6.23,6.38,5.38,5.55,15657901.0,90931860.39
2026-02-13,5.4,5.68,5.27,5.46,7411995.0,40787878.66
2026-02-16,5.39,5.5,5.32,5.42,3021358.0,16369782.86
2026-02-17,5.45,5.46,5.15,5.19,4319089.0,22872881.95
2026-02-18,5.24,5.32,5.06,5.1,4749606.0,24485075.72
2026-02-19,5.1,5.2,4.95,5.0,5657107.0,28488406.04
2026-02-20,5.02,5.12,4.99,5.02,3248168.0,16406414.03
2026-02-23,5.05,5.11,4.92,4.97,4127946.0,20607351.43
2026-02-24,4.98,4.99,4.87,4.93,3820854.0,18847442.9
2026-02-25,4.93,5.01,4.9,4.94,2576513.0,12723612.63
2026-02-26,4.94,5.14,4.93,4.96,3067881.0,15388529.73
2026-02-27,5.0,5.29,4.89,5.12,7562359.0,38404517.24
2026-03-02,5.0,5.22,4.84,4.98,5057042.0,25461394.83
2026-03-04,4.87,4.99,4.8,4.83,3746191.0,18257553.57
2026-03-05,4.83,4.94,4.78,4.82,6143489.0,29879015.91
2026-03-06,4.83,4.89,4.81,4.84,2078881.0,10085685.23
2026-03-09,4.83,4.84,4.6,4.67,4926718.0,22995624.51
2026-03-10,4.69,4.75,4.64,4.66,4414054.0,20670925.38
2026-03-11,4.71,4.73,4.63,4.65,3834596.0,17904592.05
2026-03-12,4.65,4.65,4.4,4.49,6899323.0,30943834.11
2026-03-13,4.49,4.59,4.42,4.45,5689414.0,25523442.03
2026-03-16,4.4,4.45,4.16,4.33,7629149.0,32661646.73
2026-03-17,4.34,4.36,4.27,4.31,4104580.0,17683391.9
2026-03-18,4.35,4.63,4.32,4.49,10055578.0,45174917.96
2026-03-19,4.48,4.5,4.19,4.22,5652180.0,24462523.28
2026-03-20,4.3,4.33,4.19,4.22,5216984.0,22210199.24
2026-03-23,4.22,4.22,3.9,3.95,9748481.0,39070846.27
2026-03-24,4.02,4.1,3.88,3.94,11896752.0,47136011.79
2026-03-25,3.95,4.07,3.88,3.9,11576368.0,46083069.81
2026-03-27,3.9,3.94,3.4,3.47,20667851.0,74962424.84
2026-03-30,3.4,3.53,3.1,3.16,22449675.0,73105599.83
2026-04-01,3.35,3.79,3.35,3.79,16644359.0,61224040.03
2026-04-02,3.7,4.38,3.68,4.29,30076807.0,122744122.48
2026-04-06,4.5,4.86,4.3,4.78,25249396.0,116222338.78
2026-04-07,4.85,4.96,4.63,4.68,12125670.0,57778401.81
2026-04-08,4.78,5.06,4.78,4.91,12687078.0,62905063.3
2026-04-09,5.07,5.08,4.82,4.87,7029029.0,34691489.27
2026-04-10,4.93,5.04,4.88,4.96,6045799.0,30008353.65
2026-04-13,4.97,4.97,4.61,4.81,8435665.0,40474463.11
2026-04-15,4.91,5.2,4.89,5.07,10201065.0,51572513.25
2026-04-16,5.17,5.18,5.02,5.04,7114978.0,36126076.29
2026-04-17,5.09,5.12,5.03,5.05,4663533.0,23622292.09
2026-04-20,5.18,5.18,4.87,4.9,6391423.0,31733636.2
2026-04-21,4.92,4.99,4.87,4.93,2993594.0,14746385.74
2026-04-22,4.9,5.03,4.9,4.98,3417581.0,17010939.92
2026-04-23,4.98,5.01,4.91,4.92,2587502.0,12811714.63
2026-04-24,4.93,4.95,4.71,4.76,3799928.0,18208687.48
2026-04-27,4.75,4.91,4.75,4.81,3533705.0,17093507.87
2026-04-28,4.8,4.86,4.76,4.81,2209487.0,10633256.26
2026-04-29,4.84,4.99,4.79,4.85,3434790.0,16752610.37
2026-04-30,4.92,4.92,4.8,4.86,2424595.0,11755542.25
2026-05-04,4.87,4.94,4.75,4.82,3324278.0,16043365.68
2026-05-05,4.8,4.95,4.79,4.84,2757683.0,13411197.34
2026-05-06,4.95,5.01,4.81,4.91,4331889.0,21407157.87
2026-05-07,4.97,5.09,4.93,4.96,5289964.0,26420746.56
2026-05-08,4.98,4.99,4.86,4.89,3783515.0,18552432.28
2026-05-11,4.86,4.9,4.74,4.77,4019475.0,19233034.56
2026-05-12,4.73,4.82,4.38,4.52,5428239.0,24913284.92
2026-05-13,4.6,4.7,4.46,4.6,2365305.0,10873271.47
2026-05-14,4.63,4.79,4.43,4.6,4548051.0,20781687.44
2026-05-15,4.62,4.62,4.45,4.47,2995198.0,13457341.64
2026-05-18,4.46,4.46,4.16,4.21,6428044.0,27488317.35
2026-05-19,4.24,4.31,4.17,4.2,5114305.0,21582316.06
2026-05-20,4.19,4.62,4.14,4.54,10317098.0,46110237.18
2026-05-21,4.58,4.77,4.54,4.67,7145451.0,33374616.87
2026-05-22,4.68,5.13,4.66,5.13,15479409.0,77746214.58
2026-05-25,5.31,5.61,5.22,5.41,15863604.0,86371951.12
2026-05-26,5.36,5.68,5.29,5.31,16186518.0,89653563.53
2026-05-27,5.31,5.31,5.05,5.18,12148855.0,62405117.67
2026-05-29,5.14,5.17,4.93,4.93,13961062.0,69304874.66
2026-06-01,4.9,4.96,4.72,4.81,9260752.0,44719800.54
2026-06-02,4.83,4.87,4.72,4.77,4790891.0,22923542.04
2026-06-03,4.79,4.88,4.73,4.84,3880139.0,18574299.2
2026-06-04,4.83,5.08,4.78,5.06,7933078.0,39493996.12
2026-06-05,5.1,5.18,4.94,4.96,4918312.0,24876464.17
2026-06-08,4.98,5.0,4.82,4.84,3429160.0,16868001.15
2026-06-09,4.89,4.99,4.84,4.94,2472054.0,12165993.65
2026-06-10,4.87,4.95,4.8,4.81,1864560.0,9031274.12
2026-06-11,4.81,4.85,4.63,4.66,2860354.0,13536367.67
2026-06-12,4.66,4.85,4.66,4.78,3461803.0,16509844.5
2026-06-15,4.9,4.91,4.77,4.81,5531767.0,26694660.81
2026-06-16,4.77,4.98,4.77,4.85,5117574.0,25011880.63
2026-06-17,4.89,5.09,4.85,5.09,11318008.0,57386670.44
2026-06-18,5.28,5.34,5.08,5.18,27070605.0,142829833.29
2026-06-19,5.21,5.22,4.98,5.01,8983514.0,45497478.24
2026-06-22,5.11,5.12,4.78,4.83,14158054.0,69119064.33
2026-06-23,4.83,4.9,4.73,4.83,6139888.0,29576909.18
2026-06-24,4.86,4.87,4.65,4.71,9963891.0,47309164.75
2026-06-25,4.73,4.85,4.64,4.77,4850240.0,22874058.46
2026-06-29,4.78,4.85,4.69,4.72,4083850.0,19334246.68
2026-06-30,4.78,4.78,4.64,4.72,5233429.0,24621995.73
2026-07-01,4.74,4.79,4.65,4.69,4264832.0,20138954.61
2026-07-02,4.76,4.76,4.68,4.7,2938767.0,13863451.0
2026-07-03,4.74,4.85,4.7,4.76,3498137.0,16565754.35
2026-07-06,4.8,4.85,4.7,4.72,3911121.0,18636304.5
2026-07-07,4.78,4.78,4.63,4.66,2796173.0,13082470.53
2026-07-08,4.66,4.69,4.53,4.65,3808908.0,17578295.61
2026-07-09,4.6,4.66,4.57,4.6,2211955.0,10204794.73
2026-07-10,4.64,4.68,4.6,4.62,1648007.0,7621960.7
2026-07-13,4.59,4.67,4.54,4.59,4480177.0,20536760.54
2026-07-14,4.55,4.61,4.55,4.55,1640408.0,7485065.27
2026-07-15,4.57,4.63,4.55,4.56,1753957.0,8036070.23
2026-07-16,4.64,4.64,4.5,4.53,2687145.0,12241968.25
2026-07-17,4.53,4.63,4.5,4.58,4160222.0,18898217.88
2026-07-20,4.56,4.65,4.52,4.6,1946555.0,8898154.53
2026-07-21,4.6,4.62,4.54,4.57,1691295.0,7730216.5
2026-07-22,4.59,4.59,4.44,4.48,1994914.0,8988449.25
2026-07-23,4.52,4.55,4.45,4.48,1600793.0,7203681.19
2026-07-24,4.4,4.47,4.34,4.38,4870402.0,21376549.23
2026-07-27,4.4,4.44,4.29,4.3,4565887.0,19831337.35
2026-07-28,4.25,4.34,4.18,4.21,5034934.0,21423108.89
2026-07-29,4.2,4.31,4.18,4.28,3255901.0,13813384.86
2026-07-30,4.28,4.33,4.18,4.19,3178446.0,13468621.26
2026-07-31,4.19,4.34,4.19,4.28,3182151.0,13590197.1
2026-08-03,4.38,4.39,4.23,4.26,3574683.0,15365022.35
2026-08-04,4.26,4.31,4.22,4.23,1453800.0,6194506.8
2026-08-05,4.27,4.29,4.12,4.15,4860952.0,20372354.03
2026-08-06,4.18,4.25,4.13,4.14,3996457.0,16678831.99
2026-08-07,4.17,4.27,4.11,4.15,4499677.0,18765046.66
2026-08-10,4.15,4.15,4.05,4.08,3386442.0,13872268.42
2026-08-11,4.05,4.13,4.01,4.06,4050102.0,16497677.35
2026-08-12,4.1,4.11,4.03,4.06,2081925.0,8445328.94
2026-08-13,4.09,4.09,3.98,3.99,3639437.0,14663667.74
2026-08-14,3.99,4.03,3.94,3.96,3338593.0,13319662.96
2026-08-17,4.0,4.01,3.92,3.95,3549409.0,14047478.92
2026-08-18,3.98,4.15,3.94,4.01,7059952.0,28293843.08
2026-08-19,3.99,4.02,3.95,3.95,2624328.0,10411910.37
2026-08-20,3.99,3.99,3.92,3.97,4419593.0,17440711.31
2026-08-21,3.98,4.08,3.94,4.03,4737526.0,18985939.35
2026-08-24,4.04,4.04,3.94,3.94,2364775.0,9393605.17
2026-08-25,3.93,4.2,3.92,4.01,7056842.0,28608049.59
2026-08-26,4.06,4.06,3.95,3.96,4256949.0,16936859.47
2026-08-27,4.0,4.02,3.9,3.92,4084051.0,16070220.29
2026-08-28,3.95,3.97,3.88,3.9,3787223.0,14888796.13
2026-08-31,3.9,3.95,3.8,3.81,3510786.0,13505096.16
2026-09-01,3.81,3.83,3.75,3.78,3375328.0,12807770.84
2026-09-02,3.8,3.8,3.72,3.74,3663595.0,13768493.44
2026-09-03,3.77,3.78,3.67,3.71,4719384.0,17478638.85
2026-09-04,3.71,4.08,3.71,4.08,14406516.0,57902067.46
2026-09-07,4.24,4.44,4.16,4.22,17838014.0,76863361.71
2026-09-08,4.25,4.25,4.01,4.04,8195532.0,33632512.1
2026-09-09,4.1,4.1,3.88,3.92,6591605.0,25951687.15
2026-09-10,3.92,4.31,3.92,4.22,17405158.0,73943071.57
2026-09-11,4.22,4.22,4.06,4.17,3308451.0,13640264.77
2026-09-15,4.2,4.4,4.02,4.21,10640815.0,44993907.47
2026-09-16,4.21,4.55,4.15,4.46,14237019.0,62604949.8
2026-09-17,4.44,4.52,4.26,4.27,3568646.0,15543324.3
2026-09-18,4.27,4.36,4.19,4.31,4618701.0,19735746.9
2026-09-21,4.31,4.34,4.11,4.13,3203657.0,13430472.75
2026-09-22,4.17,4.17,4.08,4.09,2193592.0,9025748.96
2026-09-23,4.1,4.23,4.09,4.17,2708184.0,11293913.6
2026-09-24,4.11,4.16,4.03,4.05,4096221.0,16726034.74
2026-09-25,4.05,4.13,4.0,4.09,2798979.0,11341194.98
2026-09-28,4.1,4.11,3.91,3.95,4125053.0,16393311.87
2026-09-29,3.95,4.0,3.81,3.92,3452169.0,13455508.66
2026-09-30,3.95,3.99,3.9,3.96,3132347.0,12388709.07
2026-10-01,3.95,3.99,3.85,3.93,3179973.0,12453432.18
2026-10-05,3.95,3.99,3.88,3.9,1338911.0,5260103.93
2026-10-06,3.91,4.05,3.91,4.0,2291434.0,9103510.17
2026-10-07,3.98,4.21,3.95,4.1,5044354.0,20757719.85
2026-10-08,4.16,4.16,3.99,4.01,3426526.0,13948390.83
2026-10-09,4.02,4.22,4.01,4.06,7649788.0,31378256.39
