date,open,high,low,close,volume,value
2011-01-03,73.7087,74.0145,72.529,72.7912,2575.0,189104.5
2011-01-04,74.6262,74.6262,72.529,74.1019,490.0,36097.2
2011-01-05,72.7038,73.8398,72.6164,72.7038,521.0,37894.5
2011-01-06,74.2767,74.2767,71.8299,71.8736,6323.0,456374.6
2011-01-07,69.2958,72.529,69.0336,70.9124,4440.0,318517.45
2011-01-10,68.4656,73.3155,67.417,71.393,2719.0,190720.5
2011-01-11,70.0822,71.0872,69.6453,69.6453,2757.0,193458.55
2011-01-12,69.5143,69.9075,69.4706,69.9075,1091.0,75791.25
2011-01-13,69.4706,69.4706,68.5967,68.5967,481.0,33190.0
2011-01-14,68.7278,71.393,68.1598,68.6841,2104.0,144495.0
2011-01-17,67.8103,69.9075,63.0478,68.9463,8963.0,618516.05
2011-01-18,65.8004,69.9075,65.8004,69.5143,4648.0,318559.65
2011-01-19,66.0626,73.2281,66.0626,70.4318,15901.0,1136441.2
2011-01-20,69.9075,70.6502,69.0336,69.2958,4587.0,320046.75
2011-01-21,70.7813,73.4029,68.7715,69.6453,1529.0,106285.65
2011-01-24,68.6404,72.529,68.6404,70.8687,18187.0,1287817.5
2011-01-25,70.1696,72.529,70.1259,70.4755,2039.0,143685.65
2011-01-27,72.9222,72.9222,72.9222,72.9222,114.0,8345.0
2011-01-28,67.6355,69.9075,65.6256,68.5967,29283.0,1972640.0
2011-01-31,64.6644,68.1598,64.6644,66.4121,167.0,10998.0
2011-02-01,65.713,67.2859,62.2177,62.5672,3527.0,227901.85
2011-02-02,61.606,64.6644,61.606,63.31,657.0,41746.2
2011-02-03,64.2275,65.9752,63.441,64.1838,4208.0,271728.45
2011-02-04,63.7906,64.6644,61.4749,62.5235,1421.0,88849.65
2011-02-07,60.8632,61.606,60.7321,61.606,1387.0,84862.25
2011-02-08,63.7906,63.7906,59.4214,59.5087,3669.0,219333.25
2011-02-09,60.2952,62.1303,56.7998,58.8097,76962.0,4705498.6
2011-02-10,61.0817,61.0817,53.5666,55.4891,4914.0,274123.0
2011-02-11,56.5377,56.5377,52.9986,55.0521,5312.0,287054.15
2011-02-14,55.6201,60.47,55.3143,60.2515,14468.0,863927.5
2011-02-15,60.8195,60.8195,56.1444,56.7561,34870.0,1979787.85
2011-02-16,56.7998,60.1204,56.7998,57.2367,27173.0,1557649.25
2011-02-17,57.2804,57.6737,56.6688,56.7561,17805.0,1011395.9
2011-02-18,57.062,58.0669,55.926,55.926,3978.0,226069.6
2011-02-21,55.6638,56.7998,53.9598,55.926,7649.0,431329.95
2011-02-22,57.4115,57.4115,55.5328,56.6688,2529.0,142919.25
2011-02-23,56.7998,57.2367,55.1832,56.8435,3292.0,186875.5
2011-02-24,55.0958,55.8823,54.8774,54.9211,1826.0,100544.6
2011-02-25,55.2706,56.7124,55.2706,56.7124,1190.0,67139.25
2011-02-28,56.6251,57.6737,55.0521,55.6201,3950.0,220950.25
2011-03-01,55.0521,57.63,55.0521,56.1881,1020.0,57056.5
2011-03-03,56.7998,61.8244,56.7998,57.5426,21852.0,1286220.15
2011-03-04,59.4214,59.4214,56.7561,56.8435,26161.0,1507193.45
2011-03-07,56.7998,57.6737,56.7998,57.63,88471.0,5085159.75
2011-03-08,68.7715,68.7715,56.1444,56.5377,33785.0,1963880.6
2011-03-09,56.7998,58.0669,55.926,56.5814,13041.0,739969.5
2011-03-10,56.5814,58.5038,55.926,56.7998,39010.0,2216507.8
2011-03-11,56.7998,58.1106,56.0571,56.7998,33615.0,1921976.4
2011-03-14,56.7998,58.0669,56.3629,56.7998,36664.0,2083566.75
2011-03-15,55.926,56.5377,54.8774,56.3192,2751.0,154133.35
2011-03-16,55.7075,56.7998,55.4454,56.7998,13472.0,753267.15
2011-03-17,57.5863,57.5863,54.7026,54.8337,2042.0,112964.45
2011-03-18,56.494,56.494,53.9598,54.8774,15765.0,863768.85
2011-03-21,53.9598,55.926,53.9161,54.1783,1488.0,80816.55
2011-03-22,54.1783,56.1881,54.1783,54.3531,12272.0,679960.05
2011-03-23,56.3629,56.5377,54.1783,55.6638,10829.0,591119.1
2011-03-24,55.3143,55.3143,54.7463,54.7463,4400.0,241323.0
2011-03-25,55.926,56.2755,54.79,54.79,6716.0,369984.65
2011-03-28,54.6152,55.0521,54.1783,54.5278,2934.0,159935.25
2011-03-29,54.1783,65.014,54.1783,62.174,94763.0,5846893.8
2011-03-30,61.169,65.3198,61.169,64.6644,127493.0,8217861.05
2011-03-31,62.9167,66.5869,62.0429,64.3149,20702.0,1338714.7
2011-04-01,62.3487,65.014,62.3487,64.6644,30241.0,1955576.85
2011-04-04,63.3973,65.4072,63.3537,64.7955,849.0,54870.1
2011-04-05,64.1401,67.2859,63.2663,64.5333,3756.0,241288.85
2011-04-06,65.5383,65.9315,63.7906,64.6644,2346.0,152203.75
2011-04-07,63.7906,64.3149,62.9167,63.7906,3549.0,226415.45
2011-04-08,62.9167,64.2275,61.2127,63.1352,19113.0,1202011.6
2011-04-11,63.7906,64.6207,63.7906,63.878,1974.0,126015.55
2011-04-13,63.7469,63.7906,62.6546,63.2226,1579.0,99309.0
2011-04-15,59.4214,65.5383,59.4214,63.9217,2226.0,140657.5
2011-04-18,62.3487,64.4023,62.3487,63.3973,498.0,31436.5
2011-04-19,62.9167,62.9167,61.606,62.9167,1800.0,112652.5
2011-04-20,64.577,64.577,62.2613,62.3924,761.0,47693.4
2011-04-21,62.1303,64.2275,59.5961,62.5672,2226.0,135540.3
2011-04-25,64.4023,64.446,62.5672,62.6546,373.0,23965.1
2011-04-26,63.0915,63.3537,61.6497,62.6109,405.0,25427.6
2011-04-27,62.5235,63.3973,62.4798,63.3537,1038.0,65652.3
2011-04-28,62.4798,62.5235,62.2177,62.3487,3667.0,229022.15
2011-04-29,64.2275,64.2275,62.8293,62.873,621.0,39083.3
2011-05-02,61.2564,65.3635,61.2127,61.9118,512.0,32118.55
2011-05-03,61.9555,62.0429,60.4263,61.169,57794.0,3535746.0
2011-05-04,61.606,61.606,59.0281,59.0281,189.0,11278.25
2011-05-05,57.7611,61.169,57.7611,61.1254,1330.0,80363.45
2011-05-06,61.169,61.169,59.0718,60.8632,506.0,30717.6
2011-05-09,61.1254,61.169,58.8534,60.601,1060.0,64537.1
2011-05-10,58.766,61.5186,58.766,58.8097,292.0,17203.0
2011-05-11,58.198,62.9167,58.198,60.0767,1697.0,101957.4
2011-05-12,59.6835,59.6835,59.6835,59.6835,11.0,683.0
2011-05-13,59.8146,59.9457,59.8146,59.9457,269.0,16091.65
2011-05-16,61.169,65.5383,61.169,61.9992,2806.0,174766.95
2011-05-17,62.4798,62.4798,59.7709,60.0767,5397.0,328284.9
2011-05-18,61.9555,61.9555,57.7611,58.3291,1680.0,98387.2
2011-05-19,58.198,58.4601,58.1106,58.1106,696.0,40464.55
2011-05-20,60.2515,60.2515,57.5426,58.3727,179.0,10514.65
2011-05-23,58.1106,59.8583,51.5568,55.5328,12959.0,711831.55
2011-05-24,55.7075,56.7561,55.4891,56.7561,342.0,19150.05
2011-05-25,56.7998,56.7998,55.926,55.926,15.0,837.0
2011-05-26,57.2367,61.169,55.9697,56.0134,650.0,36854.45
2011-05-27,56.8872,56.8872,55.4891,55.7075,590.0,33242.75
2011-05-30,57.2367,58.5475,55.926,57.1931,647.0,36911.0
2011-05-31,58.5475,58.5475,56.4503,56.7998,674.0,38392.6
2011-06-01,56.5377,57.6737,55.2706,56.5377,7302.0,410765.3
2011-06-02,56.0134,56.0134,55.2269,55.2269,446.0,24876.7
2011-06-03,58.3291,58.5038,55.0521,57.1057,2101.0,118939.7
2011-06-06,58.1106,60.1204,56.1008,56.1008,823.0,47226.55
2011-06-07,55.926,56.6251,55.1395,55.1395,1557.0,86381.2
2011-06-08,55.1395,55.926,55.0521,55.2269,629.0,34886.25
2011-06-09,56.2318,56.2318,55.2269,55.2269,1854.0,102461.75
2011-06-10,54.79,56.6688,54.5278,54.8774,2963.0,163854.1
2011-06-13,54.2657,55.926,54.0472,54.222,418.0,22796.5
2011-06-14,55.4891,57.4552,54.6152,54.8337,1226.0,66979.25
2011-06-15,56.3629,57.0183,54.6152,54.7463,141.0,7723.5
2011-06-16,55.0521,55.4891,55.0521,55.4454,239.0,13225.55
2011-06-17,52.9549,56.7998,51.6005,52.3869,3560.0,189115.9
2011-06-20,51.6442,51.6442,48.9789,50.7703,2178.0,110919.7
2011-06-21,49.8528,56.6688,49.8528,51.5131,1575.0,82857.2
2011-06-22,52.4306,52.4306,50.6829,50.6829,2197.0,112521.8
2011-06-23,49.9838,50.5955,49.3722,49.8091,3377.0,168343.2
2011-06-24,51.1198,53.3045,50.7703,53.0423,1227.0,64263.0
2011-06-27,53.2171,53.3045,52.2995,52.3869,1023.0,54123.1
2011-06-28,52.4306,54.1783,51.5568,51.95,2909.0,153354.2
2011-06-29,51.95,54.6152,51.95,54.0035,1807.0,97379.6
2011-06-30,53.3045,53.3045,51.8626,52.8675,3792.0,201304.15
2011-07-01,53.7414,53.7414,52.1685,53.086,4396.0,232621.25
2011-07-04,54.1783,54.1783,52.0374,52.4306,3353.0,175762.75
2011-07-05,53.7414,55.0521,52.1685,54.222,291.0,15572.65
2011-07-06,51.5568,55.8823,51.5568,52.6054,576.0,30734.1
2011-07-07,52.6491,54.1346,52.6054,53.3045,434.0,23094.9
2011-07-08,53.3481,53.3481,52.0811,52.4306,3348.0,176063.3
2011-07-11,53.7414,55.8386,51.9937,52.6054,1910.0,101441.1
2011-07-12,53.3045,53.3045,52.0374,53.2171,2584.0,135884.65
2011-07-13,52.4306,54.1346,52.2995,53.3045,615.0,32530.2
2011-07-14,52.4306,53.9598,51.5568,53.3045,4155.0,219734.75
2011-07-15,55.7949,55.7949,53.086,54.3094,2894.0,156243.65
2011-07-18,54.3968,55.926,54.1783,54.5715,2868.0,158243.4
2011-07-19,55.4017,59.2466,55.4017,55.926,5089.0,288481.9
2011-07-20,61.9992,61.9992,55.0521,55.1395,1975.0,109618.55
2011-07-21,56.7124,56.7124,52.8675,54.1346,3768.0,204348.5
2011-07-22,55.4891,55.4891,53.3045,53.6977,2505.0,134765.15
2011-07-25,55.0977,55.5042,53.7428,55.2784,8880.0,486136.9
2011-07-26,56.4526,56.9042,54.6461,54.6461,962.0,53051.3
2011-07-27,53.1106,56.6332,53.1106,56.3171,710.0,38949.25
2011-07-28,55.0977,56.5881,52.8396,53.1106,1932.0,102923.2
2011-07-29,54.6461,55.5493,52.0267,53.1106,87.0,4650.6
2011-08-01,52.388,56.0009,51.0331,51.5299,3206.0,166783.65
2011-08-02,52.7944,52.7944,50.1299,50.5363,807.0,41027.25
2011-08-03,49.4525,53.2461,48.0524,50.3557,903.0,44441.2
2011-08-04,51.4396,51.4396,49.6783,50.2202,911.0,46335.45
2011-08-05,47.8718,49.6783,47.2395,48.8653,1575.0,75039.7
2011-08-08,46.9685,46.9685,43.3556,46.1556,5579.0,251358.0
2011-08-09,43.7169,49.1815,43.7169,46.3363,732.0,34819.9
2011-08-10,46.4266,49.6783,46.4266,49.317,2533.0,123944.4
2011-08-11,47.8718,50.0847,46.9685,47.104,763.0,36036.7
2011-08-12,45.2975,49.6783,45.2975,49.317,886.0,43217.0
2011-08-16,55.0977,55.0977,47.4653,48.2331,1363.0,67501.8
2011-08-17,46.0653,48.7299,45.3427,46.0653,5828.0,269964.15
2011-08-18,45.1621,45.7492,44.2588,44.6201,580.0,25978.05
2011-08-19,43.3556,45.1621,43.3556,44.1685,679.0,30027.75
2011-08-22,45.1621,47.8266,42.1362,47.0589,8326.0,375795.6
2011-08-23,48.3234,49.6783,42.0459,43.3556,6483.0,285701.45
2011-08-24,42.5427,46.9234,42.5427,45.704,3582.0,163836.35
2011-08-25,48.5944,48.775,44.304,45.0717,872.0,40162.4
2011-08-26,44.6201,45.1621,43.4459,44.9814,1043.0,46742.6
2011-08-29,45.1621,45.2072,45.1621,45.1621,248.0,11210.0
2011-08-30,46.1556,46.1556,43.7169,43.9427,1492.0,66964.2
2011-09-02,44.304,45.5685,43.8975,44.4395,523.0,23265.25
2011-09-05,44.0782,44.0782,41.5491,43.0394,3517.0,149721.4
2011-09-06,44.7104,46.5169,42.4523,43.4007,2094.0,90747.15
2011-09-07,44.1685,45.8395,43.0394,45.6137,6349.0,281279.0
2011-09-08,45.2524,47.3298,44.4395,46.9685,10441.0,482253.45
2011-09-09,45.1621,52.2073,44.2588,45.6588,5287.0,247372.45
2011-09-12,48.775,49.0008,43.3556,44.2588,1634.0,73386.9
2011-09-13,44.4846,46.4266,44.4846,46.2008,3140.0,141180.8
2011-09-14,45.1621,46.8782,44.7556,46.5169,669.0,30477.5
2011-09-15,45.1621,47.8718,45.1621,46.9685,1591.0,74696.55
2011-09-16,46.2459,46.6072,46.2459,46.6072,280.0,13010.8
2011-09-19,48.3234,48.3234,46.5169,46.6072,144.0,6707.95
2011-09-20,45.1621,48.2782,43.8072,46.5621,1580.0,73823.9
2011-09-21,48.6847,50.5363,48.3234,48.5492,3561.0,175944.7
2011-09-22,48.4137,48.4137,47.104,47.3298,4.0,210.75
2011-09-23,47.4202,47.4202,45.6137,45.6588,51.0,2330.0
2011-09-26,45.1621,46.8331,43.8072,45.1621,1615.0,72751.8
2011-09-27,47.375,52.7041,45.6588,45.8846,18485.0,943950.2
2011-09-28,46.0653,46.5169,46.0653,46.2459,2471.0,114658.4
2011-09-29,45.2072,45.2072,43.8072,44.304,9237.0,411467.95
2011-09-30,43.762,44.2588,43.6717,43.762,1243.0,54739.95
2011-10-03,43.5362,45.1169,43.5362,44.8911,178.0,7780.6
2011-10-04,44.2588,46.4718,42.4523,42.8588,3378.0,144498.95
2011-10-05,42.8588,42.8588,39.3813,39.8329,19719.0,807605.85
2011-10-07,43.3556,43.3556,39.8329,42.7685,957.0,41191.3
2011-10-10,42.0007,42.1814,42.0007,42.0459,391.0,16419.5
2011-10-11,41.5943,45.0717,41.5943,43.4007,1006.0,44254.7
2011-10-12,45.2975,46.0653,43.8072,45.5685,2483.0,112039.65
2011-10-13,46.0201,46.0201,44.2588,44.8459,28.0,1246.3
2011-10-14,44.2588,44.2588,42.4523,44.2137,2972.0,130408.4
2011-10-17,44.2588,44.2588,42.2265,43.9878,238.0,10322.7
2011-10-18,42.904,42.904,41.7749,42.633,1611.0,67890.45
2011-10-19,42.4523,46.8782,41.7297,45.975,8444.0,380566.35
2011-10-20,44.7104,45.8395,42.5427,42.9943,2485.0,106959.35
2011-10-21,45.6137,47.6008,43.3556,45.2975,1443.0,64805.95
2011-10-24,44.2588,44.2588,43.5814,43.5814,254.0,11051.75
2011-10-25,42.633,43.3556,41.9104,43.0394,4602.0,196272.9
2011-10-26,42.2265,42.2265,42.2265,42.2265,55.0,2337.5
2011-10-28,43.8072,46.0201,43.8072,45.6137,1434.0,64602.75
2011-10-31,45.6137,47.7363,45.6137,47.1943,5178.0,241029.8
2011-11-01,45.6137,46.6524,44.7104,45.6588,343.0,15669.35
2011-11-02,46.0653,46.1556,46.0653,46.0653,2223.0,102408.1
2011-11-03,44.7104,46.7427,43.8524,46.4266,136.0,6124.35
2011-11-04,45.3879,46.0653,43.6717,44.2137,1064.0,46741.6
2011-11-08,43.5362,45.1621,42.0459,44.4395,3055.0,133180.25
2011-11-09,43.8524,44.1685,43.3556,43.4007,1094.0,47601.05
2011-11-11,43.3556,43.3556,41.0975,41.9104,1250.0,52530.35
2011-11-14,40.7362,41.5491,40.6458,40.8717,2495.0,101995.9
2011-11-15,40.6458,40.6458,38.4329,38.6136,3202.0,125340.6
2011-11-16,37.0329,40.5555,36.4006,38.5684,879.0,33873.35
2011-11-17,40.1942,42.0007,37.5297,37.9361,415.0,16654.0
2011-11-18,36.5813,36.5813,34.4135,34.9554,2608.0,92187.95
2011-11-21,34.3232,34.549,33.4651,34.549,554.0,18890.45
2011-11-22,34.3232,34.3232,32.5618,32.7425,2691.0,89690.75
2011-11-23,33.4199,33.4199,33.4199,33.4199,112.0,3737.0
2011-11-24,32.0651,34.3232,30.5295,32.4264,383.0,12161.6
2011-11-25,36.0393,36.0393,31.6586,33.8715,722.0,23832.05
2011-11-28,34.7748,36.0845,32.5618,34.007,392.0,13496.45
2011-11-29,33.0586,33.4199,33.0586,33.1489,338.0,11203.5
2011-11-30,33.1489,34.7296,31.8392,32.4264,1060.0,34440.85
2011-12-01,35.9942,38.2974,31.7941,32.0651,9991.0,329167.35
2011-12-02,31.6134,32.5167,31.3876,32.4715,5595.0,177206.5
2011-12-05,32.4264,32.5167,31.7038,32.5167,3834.0,123589.1
2011-12-07,31.6134,32.0651,30.8457,32.0651,325.0,10285.65
2011-12-08,31.6134,33.3748,30.8908,30.8908,4114.0,130474.8
2011-12-09,31.5683,32.6522,30.8457,32.2909,2324.0,73463.75
2011-12-12,30.8908,31.6134,30.2586,30.3489,421.0,13025.15
2011-12-13,30.7102,31.5231,30.7102,30.7554,742.0,23223.85
2011-12-14,31.6134,31.6134,29.3553,30.0779,1265.0,38459.85
2011-12-15,29.807,31.1167,29.807,30.7554,937.0,28579.05
2011-12-16,31.6134,31.6134,29.807,30.0779,836.0,25444.7
2011-12-19,29.8521,30.9812,29.4005,30.9812,463.0,13836.7
2011-12-20,29.807,29.807,27.594,27.9553,5091.0,143373.5
2011-12-21,28.9037,28.9037,26.6456,27.3682,1464.0,39873.5
2011-12-22,27.7747,29.807,25.9682,28.6779,886.0,24196.9
2011-12-23,28.9037,29.7166,26.4198,27.323,453.0,12697.25
2011-12-26,28.0005,31.6586,27.5489,30.7102,8855.0,274664.85
2011-12-27,31.4328,31.4328,28.9037,29.0844,201.0,5948.55
2011-12-28,31.1167,31.1167,28.4973,29.3553,224.0,6779.3
2011-12-29,28.0005,28.2714,28.0005,28.2714,19.0,527.55
2011-12-30,31.3876,31.4328,27.323,27.5037,3264.0,91210.15
2012-01-02,27.1424,30.0328,27.1424,27.6392,446.0,12324.3
2012-01-03,30.4844,30.5295,28.9037,28.994,1233.0,36435.65
2012-01-05,28.136,31.0263,28.136,29.3102,317.0,9313.7
2012-01-06,31.2521,31.2521,28.7682,31.0715,838.0,26051.6
2012-01-07,29.807,35.1361,28.0005,28.994,1445.0,40918.55
2012-01-09,30.665,31.5683,28.9489,31.2521,803.0,24706.65
2012-01-10,31.6134,32.4264,31.6134,32.336,4885.0,154988.7
2012-01-11,32.5167,33.8715,31.6134,33.0135,4142.0,137028.35
2012-01-12,33.4199,35.2264,31.207,33.5554,2896.0,96445.75
2012-01-13,37.9361,37.9361,31.9296,34.6393,4177.0,145187.0
2012-01-16,38.4781,38.4781,32.2909,34.3232,11945.0,403321.15
2012-01-17,34.1877,36.1748,34.007,34.2328,555.0,19101.5
2012-01-18,36.0845,36.0845,33.6457,33.8264,1017.0,35192.4
2012-01-19,33.4199,35.0458,33.0586,33.0586,537.0,18198.5
2012-01-20,31.6134,33.4199,31.6134,33.1941,347.0,11332.3
2012-01-24,33.4199,34.3232,32.0651,34.3232,676.0,21933.5
2012-01-25,35.2264,36.0393,33.4199,33.9619,4241.0,147712.9
2012-01-27,33.0586,35.5877,33.0586,33.7812,6014.0,209514.3
2012-01-30,32.5618,33.4199,32.5618,33.4199,147.0,4911.5
2012-01-31,33.0586,35.0458,32.9683,35.0458,7616.0,265649.8
2012-02-01,33.4199,36.7619,33.4199,36.7619,3440.0,125505.25
2012-02-02,36.1296,38.5684,35.3167,38.5684,1120.0,41382.4
2012-02-03,37.9361,40.4652,37.9361,40.4652,1002.0,40530.0
2012-02-06,42.4523,42.4523,38.6136,38.6136,1457.0,59996.6
2012-02-07,37.2587,38.3877,37.2587,37.4845,199.0,7450.0
2012-02-08,36.3103,38.8394,36.3103,37.2587,362.0,14018.0
2012-02-09,38.8394,39.1103,36.8071,38.8394,469.0,18217.8
2012-02-10,38.8394,40.5555,38.3877,38.3877,537.0,20873.75
2012-02-13,37.0329,40.1942,37.0329,38.1619,723.0,28423.5
2012-02-14,38.1619,40.0587,37.62,40.0587,1573.0,62349.5
2012-02-15,38.4781,42.0459,38.4781,42.0459,3971.0,165254.75
2012-02-16,42.0459,42.4523,40.0136,40.5104,5962.0,249659.5
2012-02-17,42.4523,42.4975,40.7362,42.4523,6721.0,285327.5
2012-02-21,40.3749,44.2137,40.3749,40.5104,631.0,27160.5
2012-02-22,42.4523,42.4523,40.0136,40.1491,1688.0,68210.7
2012-02-23,39.291,40.6007,38.4329,39.3813,1337.0,52778.65
2012-02-24,39.0652,39.291,38.6136,38.6136,3648.0,141929.0
2012-02-27,38.8394,38.8394,38.8394,38.8394,2214.0,86000.0
2012-02-28,37.1232,40.3297,37.1232,38.3877,2102.0,82851.1
2012-02-29,40.1942,40.1942,37.4845,38.5684,2562.0,99506.05
2012-03-01,39.6071,39.6071,36.8071,37.5297,783.0,29251.4
2012-03-02,39.3813,39.3813,38.3877,38.3877,155.0,6007.25
2012-03-03,37.9361,39.7426,37.9361,38.2071,66.0,2539.5
2012-03-05,37.9361,38.1619,37.9361,38.1168,3215.0,122538.8
2012-03-06,38.0716,40.6007,38.0716,40.4652,474.0,19037.75
2012-03-07,38.4781,38.4781,37.349,37.349,947.0,36038.1
2012-03-09,40.6458,40.6458,38.3877,38.3877,917.0,35462.5
2012-03-12,37.9361,39.7426,37.5748,37.891,5253.0,199475.35
2012-03-13,37.7555,37.9361,37.5748,37.9361,161.0,6050.2
2012-03-14,37.9361,40.6458,37.9361,38.5684,61282.0,2380382.75
2012-03-15,38.8394,38.9297,35.3167,37.078,641.0,24148.8
2012-03-16,36.22,38.749,35.3167,36.2651,4941.0,181354.1
2012-03-19,34.3232,36.8522,34.3232,35.9942,1983.0,71519.5
2012-03-20,34.7748,36.2651,34.7748,36.22,68.0,2442.5
2012-03-21,34.3232,37.8458,34.3232,37.8458,1041.0,38429.55
2012-03-22,38.1168,39.6974,38.1168,38.6136,386.0,14926.6
2012-03-23,36.1748,38.6587,36.1748,36.7619,111.0,4040.85
2012-03-27,37.4845,37.4845,34.7296,36.0393,169.0,5912.25
2012-03-28,33.1489,34.7748,33.1489,33.8715,2250.0,77027.9
2012-03-29,33.4199,36.9426,32.5167,36.1748,6652.0,223789.75
2012-03-30,35.0006,35.0006,34.8651,34.8651,362.0,12659.7
2012-04-02,34.5038,37.7103,34.5038,36.4458,1588.0,58301.55
2012-04-04,36.1296,36.1296,35.7232,35.7232,387.0,13922.6
2012-04-09,36.1296,36.1296,36.1296,36.1296,96.0,3480.0
2012-04-10,35.8587,39.6523,34.3232,35.7232,358.0,13106.4
2012-04-11,34.3232,39.291,34.3232,35.1812,308.0,11101.7
2012-04-12,37.4845,37.7103,37.4845,37.7103,136.0,5109.4
2012-04-13,36.5361,36.5361,36.5361,36.5361,55.0,2022.5
2012-04-16,38.8394,39.6523,34.4586,38.1168,1799.0,66662.8
2012-04-17,38.1619,39.7426,37.4845,38.1168,3730.0,145044.0
2012-04-18,36.6264,40.42,36.6264,37.9361,478.0,18032.9
2012-04-19,39.6974,39.6974,36.3555,39.291,391.0,15175.85
2012-04-20,37.3942,37.4393,37.3942,37.4393,416.0,15571.4
2012-04-23,36.2651,36.5813,36.2651,36.3555,314.0,11429.9
2012-04-24,36.5813,36.5813,36.5813,36.5813,146.0,5346.0
2012-04-25,36.1748,36.3555,34.6393,34.6393,1144.0,41364.95
2012-04-26,36.0845,36.1296,35.0458,36.0845,280.0,10046.5
2012-04-27,34.4586,34.4586,34.3232,34.3683,528.0,18164.9
2012-04-30,34.4586,35.7683,34.3232,35.7683,415.0,14450.5
2012-05-02,34.3232,36.3103,34.1877,36.3103,614.0,21100.0
2012-05-03,36.3555,36.3555,36.0393,36.0393,178.0,6462.75
2012-05-04,34.4135,35.7683,33.0586,33.1038,540.0,18283.25
2012-05-07,35.2264,35.8135,35.2264,35.4974,2.0,78.65
2012-05-08,34.9554,36.3555,33.4199,35.9038,1490.0,53444.0
2012-05-09,38.8394,38.8394,36.1296,36.1296,3.0,124.0
2012-05-10,34.3232,35.2264,33.6457,34.4135,875.0,30017.4
2012-05-11,35.2264,36.0845,33.0586,33.1489,941.0,32321.3
2012-05-14,35.2264,35.2264,33.0135,35.2264,225.0,7426.55
2012-05-15,32.5167,32.5167,32.336,32.4264,224.0,7242.1
2012-05-16,32.336,34.3232,31.0715,33.7361,313.0,10251.0
2012-05-17,36.1296,38.7942,31.7941,31.9747,722.0,23930.1
2012-05-18,30.7102,31.6134,29.8973,30.5747,1261.0,38715.1
2012-05-22,29.9876,32.1554,29.9876,30.4392,807.0,24585.9
2012-05-23,30.4392,30.4392,29.7618,29.807,950.0,28518.85
2012-05-24,28.9037,30.2586,28.5424,29.6715,1893.0,55637.8
2012-05-25,28.0005,29.3102,28.0005,29.3102,348.0,10153.5
2012-05-28,28.2263,30.7102,28.1811,29.807,771.0,22585.3
2012-05-29,31.6134,32.336,30.2586,31.6134,1982.0,60891.2
2012-05-30,29.807,31.478,29.807,31.4328,783.0,24398.75
2012-05-31,29.4457,31.4328,29.3553,29.9424,697.0,21065.65
2012-06-01,31.6134,32.2909,30.7554,30.7554,849.0,26185.75
2012-06-04,28.994,30.1683,28.0908,28.9037,817.0,23683.8
2012-06-05,28.0005,32.8328,28.0005,28.4521,1859.0,53603.1
2012-06-06,27.323,30.7102,27.323,29.7618,1789.0,50897.75
2012-06-07,31.6134,31.6134,29.0392,29.0844,299.0,8839.75
2012-06-08,30.665,31.0263,29.0392,30.7102,936.0,28265.85
2012-06-11,30.0779,30.0779,30.0779,30.0779,1.0,33.3
2012-06-12,28.8586,33.3748,28.8134,31.478,2646.0,81867.95
2012-06-13,30.2586,31.6134,30.2586,31.6134,223.0,7031.0
2012-06-15,30.7102,30.7102,30.7102,30.7102,55.0,1700.0
2012-06-18,29.536,30.3037,29.4005,30.3037,213.0,6423.6
2012-06-20,31.6134,31.6134,31.5231,31.6134,221.0,6990.0
2012-06-21,30.3489,30.3489,30.1231,30.1231,369.0,11156.15
2012-06-22,30.7102,32.6973,30.7102,31.6134,4706.0,151935.0
2012-06-25,33.2844,33.3296,31.3425,31.9296,1600.0,51080.4
2012-06-26,32.4264,34.0522,30.7102,30.7102,2105.0,66078.6
2012-06-27,32.5167,32.5167,30.5295,30.5295,2002.0,62530.8
2012-06-28,29.6263,33.1489,29.6263,32.4715,223.0,6982.25
2012-06-29,34.3232,36.9877,31.7941,32.9683,12218.0,408512.05
2012-07-02,33.8715,33.8715,31.6134,31.6134,213.0,6745.7
2012-07-03,32.9231,32.9231,31.3876,31.6134,80.0,2531.75
2012-07-04,33.4199,37.891,32.5167,37.3942,22135.0,803492.35
2012-07-05,37.0329,38.3426,34.7748,35.5425,6467.0,231880.05
2012-07-06,42.633,42.633,34.3232,37.3039,1924.0,69960.6
2012-07-09,38.8394,40.4652,37.9361,38.5232,11359.0,444653.15
2012-07-10,38.749,40.5555,38.4329,38.4329,2597.0,102085.35
2012-07-11,38.5232,39.4716,34.3683,36.3555,16316.0,604765.25
2012-07-12,36.22,37.7555,34.9554,36.5361,923.0,33540.1
2012-07-13,34.9103,37.4845,32.878,36.7168,3348.0,117511.6
2012-07-16,35.4974,35.4974,34.3232,34.3232,928.0,32175.85
2012-07-17,34.3232,36.0393,33.9619,35.0458,823.0,28634.95
2012-07-18,33.5102,35.9038,33.5102,35.9038,747.0,25847.3
2012-07-19,35.2716,35.4974,35.2264,35.2716,1418.0,50009.95
2012-07-20,35.2264,36.1296,35.2264,35.7232,2005.0,71094.85
2012-07-23,33.4199,37.349,33.4199,35.2264,1116.0,39648.5
2012-07-24,33.9619,36.0393,33.9619,35.678,1790.0,63643.95
2012-07-25,34.7748,34.7748,34.3232,34.7748,887.0,30538.5
2012-07-26,33.8264,36.0845,32.7425,32.9231,4745.0,160339.5
2012-07-27,35.2264,35.949,32.9683,34.278,2481.0,85103.0
2012-07-30,33.3296,34.3232,32.5618,33.0135,1112.0,37070.3
2012-07-31,32.9683,34.6845,32.9231,33.4199,2638.0,88001.7
2012-08-01,32.7877,33.3748,32.7425,32.7877,744.0,24455.0
2012-08-02,31.478,32.9683,31.478,32.9231,457.0,14874.4
2012-08-03,30.7102,31.7941,30.5295,31.6134,2536.0,79859.35
2012-08-06,33.4199,34.4586,30.8457,32.1102,1621.0,51663.55
2012-08-07,31.6134,32.5167,31.6134,32.4715,1729.0,55682.9
2012-08-08,32.5167,36.1296,31.6586,32.7425,263.0,8439.6
2012-08-09,30.7102,33.4199,30.2586,31.9296,551.0,17899.05
2012-08-10,34.3232,34.3232,31.5231,31.5231,291.0,9216.9
2012-08-13,25.4262,33.4199,25.4262,32.8328,247.0,7738.6
2012-08-14,32.0651,33.2844,30.8005,31.7038,798.0,25336.1
2012-08-16,32.9231,33.2393,31.6134,32.7425,753.0,24648.5
2012-08-17,32.6973,34.7748,31.7038,33.4199,2844.0,94182.35
2012-08-21,36.1296,36.1296,32.0651,32.6522,503.0,16796.25
2012-08-22,32.5167,33.8715,32.1102,32.2909,2135.0,69372.1
2012-08-23,31.7941,32.9683,30.4844,32.9683,517.0,16602.1
2012-08-24,31.5231,33.0586,31.5231,32.607,282.0,9261.25
2012-08-27,32.0651,32.5167,31.2521,32.4264,1611.0,52167.65
2012-08-28,32.0199,34.278,30.8005,32.5167,1001.0,31820.2
2012-08-29,32.0651,32.0651,28.9037,30.7102,1289.0,39286.2
2012-08-30,30.7102,30.7554,30.7102,30.7554,135.0,4149.1
2012-08-31,32.5167,33.2393,30.9812,32.7425,1207.0,39357.15
2012-09-03,30.7102,33.8715,30.7102,33.4199,225.0,7605.0
2012-09-04,31.6134,31.6586,31.6134,31.6586,133.0,4205.0
2012-09-05,34.3232,34.3232,31.6134,32.0199,20351.0,651150.65
2012-09-06,31.7941,33.3296,31.7941,33.2844,1191.0,38757.5
2012-09-07,33.1941,33.4199,32.5167,32.5167,1387.0,45670.35
2012-09-10,31.5231,36.0393,31.5231,32.2457,7376.0,241102.85
2012-09-11,31.9747,32.5167,31.3425,31.6586,12977.0,415706.85
2012-09-12,35.2264,35.2264,31.7941,33.7361,6474.0,216327.15
2012-09-13,33.0586,33.5102,32.5167,32.8328,195.0,6408.15
2012-09-14,34.1877,34.2328,32.0651,32.8328,1441.0,48033.15
2012-09-17,31.6134,33.1941,31.6134,32.0651,1592.0,51673.75
2012-09-18,34.2328,34.3232,33.0586,33.9619,1375.0,46924.3
2012-09-20,32.5167,34.2328,31.6134,34.2328,2013.0,66389.1
2012-09-21,34.2328,36.1296,32.5167,35.2716,5404.0,188027.15
2012-09-24,32.2005,37.891,32.2005,34.3232,4652.0,158950.55
2012-09-25,31.4328,36.6716,31.4328,33.9167,2634.0,89597.45
2012-09-26,32.0651,35.678,32.0651,35.2264,2212.0,76441.4
2012-09-27,33.1489,36.6716,33.1489,35.2716,3288.0,118621.3
2012-09-28,34.549,36.9426,34.549,34.8651,1437.0,50182.7
2012-10-01,32.8328,37.0329,32.8328,36.0845,8146.0,294382.75
2012-10-03,36.1296,37.3039,35.3619,36.7619,3117.0,112445.0
2012-10-04,36.22,37.0329,36.0845,36.1296,3123.0,112876.2
2012-10-05,36.1296,37.0329,35.678,36.3103,10895.0,396207.95
2012-10-08,34.6393,38.7942,34.3232,38.0716,12664.0,468216.55
2012-10-09,36.6264,38.3877,36.5813,37.8458,2803.0,104421.25
2012-10-10,36.7619,37.0329,36.22,36.5813,1103.0,40538.2
2012-10-11,36.4458,37.0329,36.22,37.0329,432.0,15960.25
2012-10-12,36.1296,38.2071,36.1296,37.0329,4853.0,179717.8
2012-10-15,39.3813,39.3813,36.3555,37.1684,455.0,16969.7
2012-10-16,36.22,38.2523,36.22,36.5813,2132.0,78397.2
2012-10-17,36.3103,36.9426,36.22,36.22,6644.0,244720.7
2012-10-18,36.1748,37.7103,36.0845,36.6716,9957.0,361837.2
2012-10-19,36.5813,36.5813,36.1296,36.5361,11619.0,422796.25
2012-10-22,34.9103,36.1748,34.9103,36.1296,4922.0,177904.05
2012-10-23,36.1296,36.1748,35.7683,36.1748,5761.0,208367.55
2012-10-25,36.0845,36.1296,35.3167,36.1296,1118.0,40371.55
2012-10-26,34.9103,35.2716,34.4586,35.2264,344.0,12126.6
2012-10-29,34.7748,34.7748,34.7748,34.7748,1.0,38.5
2012-10-30,34.7748,35.3619,34.1425,34.3232,3769.0,129552.75
2012-10-31,34.3232,39.5168,34.3232,37.62,6855.0,253642.6
2012-11-01,40.1942,40.1942,36.5813,37.3039,5635.0,212386.4
2012-11-02,37.3039,37.8006,36.2651,36.3103,8082.0,299673.85
2012-11-05,36.1296,39.02,36.1296,37.7555,7815.0,298573.15
2012-11-06,38.8394,39.6523,37.0329,37.2135,12781.0,474192.3
2012-11-07,37.2135,39.291,37.2135,38.1168,1683.0,63620.15
2012-11-08,36.3555,41.9104,36.3555,39.9684,15799.0,623746.4
2012-11-09,41.4588,41.4588,38.3877,38.749,2709.0,107574.5
2012-11-12,40.6458,40.6458,38.6136,38.6587,4109.0,160447.15
2012-11-13,40.0136,41.9104,40.0136,41.0071,12690.0,516716.6
2012-11-15,39.0652,41.9555,39.0652,40.7362,15386.0,629169.95
2012-11-16,42.362,42.362,38.8394,39.2458,12124.0,488635.6
2012-11-19,39.2007,39.5168,37.0329,38.3877,3786.0,146279.85
2012-11-20,37.0329,41.2781,37.0329,39.8781,7753.0,304982.0
2012-11-21,38.9297,41.233,38.8394,40.6458,6239.0,250728.55
2012-11-22,40.6458,41.0975,39.7878,40.8717,5745.0,233004.05
2012-11-23,40.8717,40.8717,40.1942,40.2394,6989.0,283210.8
2012-11-26,39.562,41.5491,39.4265,39.8329,6762.0,272688.35
2012-11-27,37.9813,40.6458,37.9813,39.291,2278.0,89456.0
2012-11-29,38.3426,41.4588,38.1619,40.6458,17424.0,703222.95
2012-11-30,42.0007,42.9943,40.2846,40.8265,9063.0,380944.1
2012-12-03,41.0975,41.0975,40.6458,40.6458,15437.0,627991.5
2012-12-04,40.6458,40.7813,40.6458,40.6458,8282.0,336725.45
2012-12-05,40.8265,42.1362,40.6458,40.7362,719.0,29372.95
2012-12-06,38.8394,41.5491,38.8394,41.2781,2119.0,86649.15
2012-12-07,40.0587,41.5491,40.0587,40.6007,2632.0,107404.25
2012-12-10,40.42,40.6458,40.1942,40.6458,2214.0,89725.0
2012-12-11,40.6458,40.6458,40.1942,40.42,1995.0,80839.5
2012-12-12,40.0587,40.0587,39.8329,39.8329,384.0,15344.25
2012-12-13,41.5491,41.5491,39.7426,40.6458,14063.0,576189.0
2012-12-14,40.7362,41.4588,40.1942,40.6458,28524.0,1159598.9
2012-12-17,48.7299,48.7299,40.691,41.1426,11465.0,479551.95
2012-12-18,41.3233,41.5491,40.7362,41.5491,2290.0,94729.3
2012-12-19,41.0523,42.091,41.0523,41.0975,3015.0,125028.5
2012-12-20,40.4652,42.1814,40.4652,42.0459,468.0,19556.55
2012-12-21,40.691,40.7813,40.0136,40.6458,5510.0,223984.4
2012-12-24,40.1942,40.5104,38.8845,39.1103,2811.0,111501.25
2012-12-26,39.02,41.8652,39.02,39.7426,2529.0,100757.05
2012-12-27,40.962,40.962,38.3877,38.5684,2225.0,87117.65
2012-12-28,38.8845,40.0587,38.5684,39.1555,1999.0,78093.45
2012-12-31,40.6458,41.1426,38.2974,38.4781,3107.0,119808.35
2013-01-01,38.3426,39.7878,38.3426,39.6974,510.0,20215.45
2013-01-02,39.8781,41.0975,39.8781,40.6007,1605.0,64451.95
2013-01-03,39.7426,40.3749,39.7426,39.7878,1170.0,46666.7
2013-01-04,38.8394,40.6458,37.9813,39.562,5704.0,226276.95
2013-01-07,38.8394,39.7426,38.3426,39.6071,2350.0,92465.65
2013-01-08,38.1619,39.1103,38.1619,38.8394,133.0,5122.9
2013-01-09,38.6587,38.8394,38.3877,38.8394,1510.0,58507.6
2013-01-10,38.749,38.8394,38.4329,38.4781,808.0,31287.3
2013-01-11,38.6587,39.1103,38.0716,38.2523,1490.0,57183.55
2013-01-14,38.1168,38.1168,37.5297,38.0265,50.0,1896.0
2013-01-15,39.3361,39.3361,39.3361,39.3361,166.0,6532.5
2013-01-16,38.3877,39.3361,37.9361,39.3361,318.0,12247.25
2013-01-17,38.3877,40.6458,37.9361,38.0265,544.0,21060.25
2013-01-18,37.9361,38.6587,36.5813,36.8522,2212.0,82628.65
2013-01-21,37.2587,37.5748,36.1748,36.3103,2023.0,74524.75
2013-01-22,36.1748,36.1748,36.1748,36.1748,1.0,40.05
2013-01-23,37.0329,39.1555,35.5425,36.3555,221.0,8237.6
2013-01-24,35.949,35.9942,34.007,35.4974,792.0,28010.75
2013-01-25,35.0458,36.1296,34.3232,36.0845,299.0,10631.75
2013-01-28,28.9037,39.2007,28.9037,35.2264,4107.0,143484.3
2013-01-29,35.2716,37.078,35.2716,35.4071,541.0,19728.7
2013-01-30,35.678,35.678,34.549,34.7296,700.0,24355.1
2013-01-31,36.8974,36.8974,35.2264,35.7232,542.0,19746.0
2013-02-01,35.3167,35.3167,34.3232,34.5038,1474.0,51269.3
2013-02-04,36.1296,36.1296,34.3232,34.4135,463.0,15991.7
2013-02-05,35.2264,35.2264,33.8715,35.1361,556.0,19119.3
2013-02-06,34.3232,37.3039,33.1941,35.7683,5047.0,182293.7
2013-02-07,35.3619,35.678,34.5941,34.6393,339.0,12024.35
2013-02-08,36.1296,36.8071,35.949,35.949,833.0,30248.15
2013-02-11,35.2264,36.1296,34.7748,34.8651,548.0,19291.55
2013-02-12,35.2264,35.8587,34.549,35.1812,3318.0,115915.0
2013-02-13,34.4135,34.5941,33.6909,33.7361,1251.0,42432.3
2013-02-14,33.4199,33.5102,31.9296,32.5167,12155.0,391053.55
2013-02-15,32.2457,34.4586,30.936,33.9619,9646.0,312262.7
2013-02-18,35.0909,35.0909,32.5618,33.8715,513.0,17609.9
2013-02-19,34.9103,34.9103,33.1941,33.4651,633.0,21325.5
2013-02-20,32.5167,34.7748,31.7941,33.6909,1898.0,64538.6
2013-02-21,33.5102,33.5102,32.6522,32.6973,7822.0,255484.0
2013-02-22,32.878,34.7296,32.5618,34.7296,824.0,27335.25
2013-02-25,34.3232,34.549,32.336,34.3232,486.0,16577.1
2013-02-26,33.4199,33.4199,32.0651,32.0651,3518.0,113460.25
2013-02-27,33.4199,33.4199,30.0328,31.9747,28310.0,871736.7
2013-02-28,37.0329,37.0329,30.9812,31.1167,24876.0,874962.65
2013-03-01,29.807,32.5167,29.7166,31.9747,3900.0,123892.2
2013-03-04,30.0328,32.2457,28.7231,30.1231,15087.0,448248.2
2013-03-05,32.5167,32.5167,29.3102,30.7102,1092.0,33834.2
2013-03-06,30.8908,33.4199,30.7554,31.7038,840.0,27243.8
2013-03-07,33.0586,33.0586,30.8908,30.8908,1446.0,44869.95
2013-03-08,30.5295,31.6134,29.1747,29.8521,19857.0,607492.0
2013-03-11,31.1618,31.1618,29.807,29.807,4745.0,142475.65
2013-03-12,29.807,29.807,29.0392,29.3553,3297.0,97596.1
2013-03-13,28.8134,29.7166,25.923,29.7166,225.0,6150.75
2013-03-14,28.994,30.6199,28.9037,30.2134,57128.0,1651257.15
2013-03-15,29.2198,30.7102,28.9037,28.9037,2407.0,70735.95
2013-03-18,28.9037,31.1618,27.6392,28.5424,3433.0,97944.55
2013-03-19,28.136,29.4005,28.0908,28.7682,173.0,4858.75
2013-03-20,27.9553,28.6327,26.7811,27.4134,1809.0,49932.9
2013-03-21,27.0972,29.0844,27.0972,29.0844,200.0,5432.2
2013-03-22,28.9037,28.9037,27.0972,27.0972,802.0,22520.0
2013-03-25,26.194,27.0972,24.8391,24.9295,2809.0,72554.45
2013-03-26,26.194,28.0005,24.794,26.1037,2797.0,73031.55
2013-03-28,25.2908,28.9037,25.2908,28.4069,5789.0,158467.45
2013-04-01,28.9037,29.3553,28.9037,29.3553,11.0,322.5
2013-04-02,28.0005,29.7166,25.8779,28.4521,1656.0,46298.15
2013-04-03,29.3553,29.3553,27.5489,28.136,209.0,5996.5
2013-04-04,28.0005,28.0005,27.2327,28.0005,1415.0,39551.7
2013-04-05,29.3553,29.807,29.3553,29.7166,2181.0,64822.5
2013-04-10,28.9037,28.9037,28.9037,28.9037,332.0,9600.0
2013-04-12,28.9037,28.9037,28.9037,28.9037,11.0,320.0
2013-04-15,29.807,29.807,29.807,29.807,11.0,330.0
2013-04-16,31.6134,31.6134,31.6134,31.6134,55.0,1750.0
2013-04-17,30.8005,30.8005,29.807,29.807,2879.0,87395.0
2013-04-18,29.807,31.5683,29.807,31.5683,382.0,11404.5
2013-04-22,27.1876,28.9037,27.1876,28.9037,221.0,6210.0
2013-04-23,28.4973,28.9037,28.4973,28.9037,133.0,3813.0
2013-04-25,28.0456,28.0456,28.0456,28.0456,221.0,6210.0
2013-04-26,29.3102,29.3102,27.1424,27.1424,277.0,7632.5
2013-04-29,27.7747,27.7747,27.0972,27.0972,112.0,3105.0
2013-04-30,27.0972,27.323,27.0972,27.1424,3543.0,96297.5
2013-05-02,27.0972,27.0972,27.0972,27.0972,213.0,5760.0
2013-05-03,27.7295,28.0005,27.323,28.0005,1661.0,46065.0
2013-05-06,28.0005,28.0005,27.0972,27.0972,498.0,13900.0
2013-05-07,28.1811,28.1811,27.3682,28.0005,1107.0,30985.0
2013-05-08,26.3746,28.0456,26.3746,28.0456,224.0,6263.4
2013-05-09,28.0005,28.0005,28.0005,28.0005,111.0,3100.0
2013-05-13,28.0005,28.0005,27.5489,28.0005,1162.0,32425.0
2013-05-15,27.2327,27.2327,27.2327,27.2327,33.0,904.5
2013-05-16,27.3682,27.3682,27.2327,27.2327,221.0,6045.0
2013-05-17,28.5876,30.7102,27.0972,27.0972,2591.0,71182.0
2013-05-20,28.0005,28.0005,28.0005,28.0005,89.0,2480.0
2013-05-22,27.0972,27.0972,26.2843,26.2843,3600.0,97333.2
2013-05-27,26.2843,26.2843,26.2843,26.2843,6.0,145.5
2013-05-30,25.652,25.652,25.652,25.652,221.0,5680.0
2013-05-31,27.0972,27.0972,27.0972,27.0972,11.0,300.0
2013-06-03,27.4585,27.4585,27.4585,27.4585,111.0,3040.0
2013-06-05,22.581,22.581,22.581,22.581,7.0,150.0
2013-06-07,27.0521,27.0521,19.0132,19.0132,122.0,2404.5
2013-06-12,20.91,20.91,20.91,20.91,139.0,2916.9
2013-06-14,22.9875,22.9875,22.8068,22.8068,2814.0,64205.5
2013-06-18,21.6778,21.6778,21.1358,21.1358,166.0,3570.0
2013-06-20,23.2133,23.2133,23.2133,23.2133,11.0,257.0
2013-06-27,25.1553,25.1553,25.1553,25.1553,55.0,1392.5
2013-06-28,24.3423,26.9166,23.3939,26.9166,39.0,1009.25
2013-07-05,25.6069,25.6069,25.6069,25.6069,371.0,9497.25
2013-07-08,24.3423,24.3423,24.3423,24.3423,39.0,943.25
2013-07-09,23.1681,23.1681,23.1681,23.1681,128.0,2975.4
2013-07-15,22.0391,22.0391,22.0391,22.0391,28.0,610.0
2013-07-16,20.9552,20.9552,20.9552,20.9552,45.0,951.2
2013-07-17,19.9616,20.0971,19.9165,20.0971,317.0,6320.7
2013-07-18,20.5036,21.0907,20.5036,21.0907,555.0,11495.85
2013-07-22,21.0004,21.0004,21.0004,21.0004,1453.0,30504.0
2013-07-23,20.8197,21.6778,20.8197,21.6778,664.0,14010.5
2013-07-24,20.8197,22.7617,20.8197,22.7617,299.0,6751.0
2013-07-25,22.581,22.7165,22.581,22.581,1286.0,29155.0
2013-07-26,23.6649,23.6649,22.3101,22.3101,277.0,6250.0
2013-07-30,22.581,22.581,22.581,22.581,111.0,2500.0
2013-08-01,23.3939,23.3939,21.4971,21.4971,10075.0,216790.0
2013-08-07,22.4907,22.4907,22.4907,22.4907,28.0,622.5
2013-08-08,21.4068,21.4068,21.4068,21.4068,210.0,4503.0
2013-08-12,21.6778,21.6778,21.6778,21.6778,6.0,120.0
2013-08-13,20.5939,20.5939,20.5939,20.5939,28.0,570.0
2013-08-20,19.6455,19.6455,19.6455,19.6455,33.0,652.5
2013-08-28,20.5939,20.5939,19.0584,19.0584,443.0,8780.0
2013-08-30,18.9681,18.9681,18.9681,18.9681,11.0,210.0
2013-09-02,18.2906,18.2906,18.2906,18.2906,111.0,2025.0
2013-09-03,18.2455,18.2455,18.2455,18.2455,443.0,8080.0
2013-09-04,19.1487,19.1487,18.4261,19.1487,371.0,7022.0
2013-09-06,18.6519,18.7423,18.6519,18.7423,255.0,4759.5
2013-09-10,18.0648,18.6519,18.0648,18.6519,365.0,6749.5
2013-09-11,19.0584,19.0584,19.0584,19.0584,1.0,21.1
2013-09-12,18.4713,18.4713,18.4713,18.4713,498.0,9202.5
2013-09-13,19.0584,19.0584,18.0648,18.0648,2237.0,40663.1
2013-09-16,18.5164,18.9681,18.0648,18.9681,745.0,13947.0
2013-09-18,19.9165,19.9165,18.6068,19.8713,900.0,17834.15
2013-09-19,20.7745,20.7745,20.3681,20.7294,138.0,2850.0
2013-09-20,20.6842,20.6842,20.6842,20.6842,28.0,572.5
2013-09-23,19.6907,21.6778,19.6907,21.6778,39.0,785.0
2013-09-24,20.5939,20.5939,20.5939,20.5939,28.0,570.0
2013-09-25,21.5875,21.5875,21.5875,21.5875,6.0,119.5
2013-09-26,22.4004,22.4004,21.6778,21.6778,21.0,467.75
2013-09-27,22.3101,22.3101,21.1358,21.1358,44.0,963.0
2013-09-30,21.6326,21.6326,21.6326,21.6326,6.0,119.75
2013-10-08,22.5359,22.5359,22.5359,22.5359,6.0,124.75
2013-10-09,21.452,21.4971,21.452,21.4971,554.0,11887.5
2013-10-11,21.5423,22.5359,21.5423,22.5359,2730.0,59552.05
2013-10-14,21.6778,21.6778,21.452,21.4971,554.0,11955.0
2013-10-15,21.6778,21.6778,21.6778,21.6778,166.0,3600.0
2013-10-18,20.5939,20.5939,20.5939,20.5939,720.0,14820.0
2013-10-21,20.5939,20.5939,20.5939,20.5939,68.0,1390.8
2013-10-22,21.5423,21.5423,21.5423,21.5423,6.0,119.25
2013-10-23,20.8649,20.8649,20.8649,20.8649,111.0,2310.0
2013-10-24,21.4068,21.452,20.91,21.452,1113.0,23543.75
2013-10-25,20.4132,20.4132,20.4132,20.4132,1519.0,31007.2
2013-10-28,19.5552,20.3229,19.5552,19.8713,471.0,9427.5
2013-10-29,19.8713,19.8713,19.8713,19.8713,221.0,4400.0
2013-10-30,20.7745,20.7745,20.7745,20.7745,732.0,15203.0
2013-10-31,21.5875,21.8133,21.5875,21.8133,2400.0,52047.05
2013-11-01,22.2197,22.8972,22.2197,22.8972,2768.0,63000.0
2013-11-03,24.0262,24.0262,24.0262,24.0262,221.0,5320.0
2013-11-06,24.0262,24.0262,24.0262,24.0262,11.0,266.0
2013-11-07,24.3875,24.3875,24.3875,24.3875,1866.0,45495.0
2013-11-08,24.3875,24.3875,24.3875,24.3875,453.0,11043.0
2013-11-18,24.0262,24.0262,24.0262,24.0262,64.0,1542.8
2013-11-19,23.6198,24.252,23.6198,24.252,221.0,5295.0
2013-11-22,25.2908,25.2908,24.3423,24.3423,37024.0,924379.45
2013-11-25,23.4843,23.4843,23.4843,23.4843,111.0,2600.0
2013-11-26,23.4843,23.4843,23.4843,23.4843,221.0,5200.0
2013-11-27,24.0262,24.0262,23.9359,23.9359,11403.0,272970.0
2013-11-28,23.9359,23.9359,23.4843,23.4843,542.0,12815.0
2013-11-29,23.8456,23.9359,23.8456,23.9359,161.0,3837.5
2013-12-02,23.9359,23.9359,22.8972,23.9359,1050.0,24174.4
2013-12-03,23.9359,23.9359,23.9359,23.9359,55.0,1325.0
2013-12-04,23.9359,23.9359,23.9359,23.9359,775.0,18550.0
2013-12-05,24.3875,24.3875,23.9359,23.9359,1218.0,29262.5
2013-12-06,24.3875,24.3875,24.3875,24.3875,55.0,1350.0
2013-12-09,24.1617,24.1617,24.1617,24.1617,382.0,9228.75
2013-12-10,25.1101,25.1101,25.1101,25.1101,1107.0,27800.0
2013-12-11,23.9811,23.9811,23.9811,23.9811,111.0,2655.0
2013-12-12,24.3875,24.3875,24.3875,24.3875,1.0,27.0
2013-12-13,23.8456,23.8456,23.8456,23.8456,721.0,17186.4
2013-12-18,23.1681,23.4843,23.1681,23.4843,221.0,5165.0
2013-12-19,24.1617,24.1617,24.1617,24.1617,221.0,5350.0
2013-12-20,24.1617,24.1617,24.1617,24.1617,111.0,2675.0
2013-12-24,23.6649,24.1617,23.0778,24.1617,418.0,9876.5
2013-12-30,23.5294,24.3875,23.5294,24.3875,338.0,7950.0
2013-12-31,24.3875,24.3875,23.6198,23.6198,1484.0,36062.7
2014-01-02,23.9359,23.9359,23.9359,23.9359,771.0,18444.0
2014-01-06,23.9359,23.9359,23.9359,23.9359,60.0,1431.0
2014-01-07,22.8068,25.1101,22.8068,25.1101,22497.0,544576.5
2014-01-08,24.0262,24.0262,24.0262,24.0262,221.0,5320.0
2014-01-10,24.3875,25.2004,24.3875,25.2004,861.0,21680.1
2014-01-13,26.194,26.194,24.1165,25.2908,781.0,19983.5
2014-01-14,24.0262,24.0262,24.0262,24.0262,55.0,1330.0
2014-01-15,25.1553,25.2004,23.9811,24.3875,435.0,10842.9
2014-01-16,24.3875,24.3875,23.5294,23.9359,332.0,7928.0
2014-01-17,22.7617,25.0649,22.7617,25.0649,210.0,5043.0
2014-01-20,23.9359,25.0649,23.8456,25.0649,547.0,13448.5
2014-01-21,23.9811,24.8391,23.9811,24.8391,554.0,13540.0
2014-01-22,25.7424,26.0585,24.8843,24.9295,1034.0,26755.05
2014-01-23,26.0133,26.1488,26.0133,26.1037,443.0,11560.0
2014-01-24,24.8391,24.8843,24.8391,24.8843,56.0,1402.55
2014-01-28,24.0262,24.0262,23.6649,23.6649,332.0,7950.0
2014-01-29,23.9359,23.9359,23.8456,23.8456,1833.0,43868.4
2014-01-30,24.8391,24.8391,24.8391,24.8391,266.0,6600.0
2014-01-31,23.9359,23.9359,23.9359,23.9359,111.0,2650.0
2014-02-03,23.9359,23.9359,23.9359,23.9359,55.0,1325.0
2014-02-04,23.0778,24.3875,23.0778,24.3875,283.0,6542.25
2014-02-05,23.2133,23.2133,23.1681,23.1681,83.0,1926.25
2014-02-06,22.0842,24.2069,22.0842,24.2069,1164.0,25751.8
2014-02-10,25.0649,25.0649,23.0326,23.0326,498.0,11700.0
2014-02-11,24.1617,24.1617,22.8068,24.1165,662.0,15582.5
2014-02-12,23.4843,23.4843,23.4843,23.4843,55.0,1300.0
2014-02-14,22.581,22.581,22.581,22.581,221.0,5000.0
2014-02-17,22.581,22.6262,22.581,22.581,499.0,11275.55
2014-02-18,21.4971,23.7101,21.4971,23.4843,232.0,5451.5
2014-02-19,22.6714,23.0326,22.581,22.581,1832.0,41440.2
2014-02-20,22.581,22.581,21.6778,22.581,900.0,20229.0
2014-02-21,23.6649,23.6649,21.8133,21.8133,1162.0,25855.0
2014-02-25,21.8584,21.8584,21.8584,21.8584,55.0,1210.0
2014-02-26,21.1358,21.1358,21.1358,21.1358,28.0,585.0
2014-03-03,21.6778,21.6778,21.6778,21.6778,332.0,7200.0
2014-03-04,21.8584,22.581,21.6778,22.581,2325.0,50605.0
2014-03-05,21.4971,22.581,21.452,21.5423,1488.0,33181.9
2014-03-07,22.581,22.581,21.0004,22.5359,83.0,1839.75
2014-03-10,21.6778,21.6778,21.452,21.6778,428.0,9287.75
2014-03-11,22.6714,22.7617,20.9552,22.581,1329.0,29818.0
2014-03-12,22.4455,23.0326,22.4455,23.0326,385.0,8652.8
2014-03-13,23.9811,23.9811,22.581,22.581,882.0,20177.5
2014-03-14,22.9875,22.9875,21.452,21.4971,201.0,4413.8
2014-03-18,21.1358,22.5359,21.1358,22.5359,503.0,10932.7
2014-03-19,21.6778,22.581,21.6778,21.6778,89.0,1968.55
2014-03-20,22.581,22.7617,21.0907,22.1294,1966.0,43628.8
2014-03-21,22.4907,23.0326,22.1294,23.0326,332.0,7453.0
2014-03-24,22.0391,22.3552,22.0391,22.3552,609.0,13545.0
2014-03-25,21.4068,21.452,21.4068,21.452,437.0,9376.5
2014-03-26,20.5036,22.4907,20.5036,21.5423,2704.0,57507.95
2014-03-27,22.4455,22.4455,21.0004,21.2262,641.0,13816.0
2014-03-28,20.91,22.2649,20.91,22.2649,478.0,10582.0
2014-03-31,23.3036,23.3036,23.3036,23.3036,30.0,696.6
2014-04-01,22.852,24.2069,22.852,24.0262,280.0,6563.4
2014-04-02,24.8391,25.2004,24.8391,25.2004,1013.0,25320.3
2014-04-03,25.2908,26.0133,25.2908,26.0133,775.0,19685.0
2014-04-04,26.1488,27.0521,25.2908,25.4262,617.0,15916.65
2014-04-07,25.2908,26.6908,24.9295,26.6908,11822.0,303570.5
2014-04-09,26.6908,28.0005,26.6908,28.0005,3380.0,94355.5
2014-04-10,29.4005,29.4005,28.0908,29.4005,1890.0,54271.2
2014-04-11,30.7554,30.8457,29.3553,29.4457,2009.0,60008.5
2014-04-15,28.0456,28.0456,28.0456,28.0456,55.0,1552.5
2014-04-16,27.0972,29.4457,27.0972,27.1424,1085.0,29595.5
2014-04-17,26.3295,27.5037,26.3295,26.6456,2159.0,57522.5
2014-04-21,27.5489,27.5489,25.9682,26.2843,337.0,8990.0
2014-04-22,25.3359,27.0972,25.3359,27.0972,1243.0,32358.15
2014-04-23,25.923,26.194,25.923,26.194,113.0,2928.0
2014-04-25,26.194,27.0972,25.1101,25.3359,8305.0,212083.6
2014-04-28,26.6005,26.6005,26.6005,26.6005,11.0,294.5
2014-04-29,27.0972,27.8198,27.0972,27.4134,13.0,364.5
2014-04-30,28.7231,28.7231,26.194,26.194,204.0,5344.6
2014-05-02,25.2908,26.194,25.2908,26.1037,4.0,114.7
2014-05-05,25.7424,27.0972,25.3811,25.7875,1209.0,31364.3
2014-05-06,24.523,26.8714,24.523,26.8714,720.0,18365.0
2014-05-07,25.7424,26.7359,25.5617,25.923,91.0,2343.0
2014-05-08,24.8843,27.1424,24.8843,27.1424,775.0,19785.0
2014-05-09,25.7875,27.2779,25.7875,27.0972,311.0,8344.5
2014-05-12,27.0972,27.0972,25.7875,26.6456,1223.0,32302.5
2014-05-13,25.5166,27.0069,25.5166,25.7424,29392.0,781719.55
2014-05-14,24.4778,25.9682,24.4778,25.6972,27960.0,725910.0
2014-05-15,25.3359,26.1037,25.2908,25.2908,28066.0,732288.65
2014-05-16,24.3875,26.5553,24.3875,26.5101,34301.0,908809.1
2014-05-19,25.2004,26.194,25.2004,26.194,886.0,22830.75
2014-05-20,27.4585,27.5037,27.0972,27.5037,3152.0,86183.65
2014-05-21,28.8586,28.8586,27.323,28.8586,3589.0,102501.05
2014-05-22,28.7231,30.2586,28.0005,30.2586,7930.0,236942.3
2014-05-23,28.8134,31.7489,28.8134,30.7554,2474.0,76653.4
2014-05-26,32.2909,32.2909,32.2909,32.2909,2214.0,71500.0
2014-05-27,30.8005,32.0651,30.8005,32.0651,322.0,9953.5
2014-05-28,30.7102,32.4715,30.7102,32.4715,9497.0,292310.45
2014-05-29,32.878,32.878,32.878,32.878,332.0,10920.0
2014-05-30,32.8328,32.8328,31.2521,31.2521,1280.0,40189.25
2014-06-02,29.807,32.4715,29.807,32.2457,577.0,17821.9
2014-06-03,30.665,32.2457,30.665,31.7038,391.0,12368.9
2014-06-04,33.1038,33.2844,31.207,31.3425,1031.0,32892.6
2014-06-05,32.7877,32.878,32.7877,32.878,897.0,29483.0
2014-06-06,32.9231,34.5038,32.9231,34.5038,2151.0,74185.85
2014-06-09,36.1296,36.22,36.1296,36.22,2557.0,92621.0
2014-06-10,38.0265,38.0265,37.1684,38.0265,2378.0,90335.8
2014-06-11,39.9233,39.9233,37.9361,39.2007,14925.0,583553.15
2014-06-12,41.0975,41.0975,38.2071,38.2974,13030.0,503060.0
2014-06-13,40.1942,40.1942,37.62,39.6523,8640.0,331238.95
2014-06-16,39.3361,39.3361,37.7103,37.7103,2857.0,107758.55
2014-06-17,37.7103,37.7103,37.7103,37.7103,111.0,4175.0
2014-06-18,36.6716,39.1103,36.2651,39.1103,2763.0,101013.0
2014-06-19,37.2135,37.891,37.1684,37.2587,775.0,28887.2
2014-06-20,36.1296,38.7942,35.8587,38.5684,444.0,17012.7
2014-06-23,36.6716,36.6716,36.6716,36.6716,111.0,4060.0
2014-06-24,34.9103,36.6716,34.8651,36.0393,3487.0,124557.5
2014-06-25,37.0329,37.2587,37.0329,37.2587,137.0,5086.25
2014-06-26,36.2651,36.2651,36.2651,36.2651,1.0,40.15
2014-06-27,36.1296,36.1296,35.4071,35.5877,3583.0,127462.4
2014-06-30,33.9619,37.349,33.9619,37.349,566.0,19702.7
2014-07-01,35.678,38.3877,35.678,37.9361,1581.0,59175.15
2014-07-02,37.9361,39.5168,37.7103,39.5168,1467.0,55875.0
2014-07-03,39.6071,41.4588,38.4329,40.42,13096.0,532775.3
2014-07-04,39.5168,41.0975,39.5168,40.2394,4609.0,187576.1
2014-07-07,40.4652,42.2265,40.4652,42.2265,7667.0,321430.9
2014-07-08,40.2394,43.8072,40.2394,43.3556,63391.0,2745855.6
2014-07-09,42.4523,44.2588,41.233,44.2588,27065.0,1154233.25
2014-07-10,42.4523,45.1621,42.4523,44.9362,11855.0,525713.4
2014-07-11,42.8136,44.9362,42.8136,43.1298,4042.0,179895.4
2014-07-14,44.4846,45.0717,44.4846,44.8459,16359.0,731517.1
2014-07-15,45.1621,46.0653,45.1621,45.975,4286.0,196354.45
2014-07-16,46.0653,46.9685,45.2072,45.8395,2287.0,105217.75
2014-07-17,43.6717,46.8782,43.6265,46.0653,1736.0,79615.2
2014-07-18,46.0653,47.375,46.0653,46.1105,1633.0,75538.75
2014-07-21,46.1105,47.4202,46.1105,47.375,4204.0,198090.85
2014-07-22,45.1621,48.7299,45.1621,46.9685,1615.0,76023.3
2014-07-23,45.433,46.9685,45.433,46.9685,608.0,27942.55
2014-07-24,46.1556,47.6008,46.0653,46.6072,2659.0,123597.5
2014-07-25,46.1105,46.1105,44.304,44.304,6481.0,291831.0
2014-07-28,42.091,42.4975,42.091,42.4975,354.0,15044.3
2014-07-30,41.5491,42.4523,41.5491,41.5491,1993.0,83125.0
2014-07-31,39.6974,41.5491,39.6974,40.6458,4396.0,177516.0
2014-08-01,39.7426,40.6458,39.0652,39.1555,578.0,22640.0
2014-08-04,39.6974,41.0975,39.6974,41.0975,2183.0,88462.85
2014-08-05,42.4523,43.1298,39.7426,42.9943,30665.0,1312133.6
2014-08-06,41.0975,42.4523,40.8717,42.4072,12292.0,514281.7
2014-08-08,40.42,41.5039,40.3749,40.3749,415.0,16828.75
2014-08-11,40.3297,41.5491,40.3297,41.5491,2049.0,84874.65
2014-08-12,39.562,40.3749,39.562,40.3749,172.0,6869.0
2014-08-13,39.0652,39.3361,39.0652,39.3361,310.0,12170.0
2014-08-14,38.8845,41.1878,38.8845,41.1878,376.0,15372.0
2014-08-18,40.691,43.2201,40.6458,42.4523,3675.0,157364.3
2014-08-19,44.2137,44.5749,43.5814,44.2588,4376.0,193663.1
2014-08-20,42.3168,45.1621,42.3168,44.5749,934.0,41315.4
2014-08-21,46.0201,46.0653,44.304,46.0201,2381.0,108526.55
2014-08-22,48.2331,48.2331,45.1621,46.7427,2815.0,131052.4
2014-08-25,46.9685,48.5492,45.3427,46.6072,8043.0,375987.2
2014-08-26,46.2008,46.2008,46.0653,46.0653,166.0,7657.5
2014-08-27,45.2072,46.9685,45.1621,46.2008,1561.0,71922.5
2014-09-01,46.9685,48.3234,45.6137,45.9298,8654.0,407279.15
2014-09-02,47.4202,47.7815,46.0653,46.0653,5393.0,256109.6
2014-09-03,46.2008,48.3686,46.2008,48.3234,20356.0,972472.75
2014-09-04,49.6783,50.717,49.2266,50.717,22378.0,1130682.2
2014-09-05,50.5815,53.2461,50.5815,53.2461,16321.0,865870.85
2014-09-08,55.8655,55.8655,55.5493,55.8655,20358.0,1137116.7
2014-09-09,58.4849,58.6203,55.0977,55.0977,19663.0,1137292.8
2014-09-10,55.0977,55.0977,52.3428,53.7428,2348.0,124682.95
2014-09-11,51.0783,53.2912,51.0783,52.9751,1094.0,56325.9
2014-09-12,55.5945,55.5945,51.7557,53.2912,432.0,23084.2
2014-09-15,51.9364,54.5558,51.4847,52.8396,4400.0,228446.6
2014-09-16,55.4138,55.4138,50.2202,50.446,3291.0,168480.95
2014-09-17,49.6783,50.446,47.9621,49.0912,418.0,20698.95
2014-09-18,47.0589,50.8525,47.0589,49.5879,3444.0,173008.3
2014-09-19,49.1363,51.6654,49.1363,49.3621,1600.0,79256.95
2014-09-22,51.6202,51.6202,49.7686,51.4847,1827.0,93185.15
2014-09-23,49.2266,52.9299,49.1815,49.6331,992.0,49513.1
2014-09-24,47.4202,49.6783,47.3298,47.4653,1115.0,54101.6
2014-09-25,45.4782,48.2782,45.433,46.8782,458.0,21172.35
2014-09-26,46.2008,49.0912,45.1621,49.0912,3771.0,174377.4
2014-09-29,46.7879,48.775,46.7427,47.4653,1273.0,61652.55
2014-09-30,47.3298,49.8137,47.3298,49.6783,4406.0,218765.15
2014-10-01,48.0073,48.0073,47.8718,47.8718,1107.0,53087.5
2014-10-07,45.7492,46.9685,45.7492,46.3814,410.0,18899.25
2014-10-08,45.704,45.704,45.2524,45.2524,354.0,16107.5
2014-10-09,45.1621,45.2975,45.1621,45.2975,837.0,37823.4
2014-10-10,43.2201,47.5105,43.2201,47.5105,1695.0,80181.3
2014-10-13,46.5169,49.8589,46.5169,47.646,1491.0,72393.9
2014-10-14,48.775,48.775,48.775,48.775,55.0,2700.0
2014-10-16,46.6524,49.5428,46.5169,46.9685,9619.0,447796.9
2014-10-17,47.1492,47.1492,47.104,47.104,185.0,8712.6
2014-10-20,47.104,48.775,47.104,48.775,55.0,2609.35
2014-10-21,47.104,48.775,47.104,47.1492,338.0,15907.6
2014-10-22,47.1492,48.9557,46.5169,48.1428,3774.0,176560.95
2014-10-27,46.0653,50.5363,46.0653,50.5363,820.0,40428.35
2014-10-28,50.4912,53.0203,49.5879,52.5235,1203.0,62642.8
2014-10-29,50.1299,54.8719,50.1299,54.2848,3206.0,169598.2
2014-10-30,52.0267,56.9945,51.9364,56.9945,12648.0,708126.45
2014-10-31,59.0268,59.8397,56.9494,58.9816,29247.0,1729037.35
2014-11-03,59.072,59.072,56.9042,57.8978,6450.0,371882.0
2014-11-05,56.0461,57.8074,55.0074,55.2784,13521.0,764189.1
2014-11-07,55.5493,58.0332,52.8396,58.0332,8974.0,495045.4
2014-11-10,57.8074,60.2913,55.1429,55.2332,19678.0,1121729.85
2014-11-11,54.1945,56.859,52.4783,52.4783,29985.0,1613657.35
2014-11-12,49.8589,50.5815,49.8589,49.8589,6522.0,325598.2
2014-11-13,49.6783,50.1299,47.375,47.646,3437.0,164959.3
2014-11-14,47.4653,47.4653,46.1556,46.2459,1763.0,82912.85
2014-11-17,46.2459,47.7815,44.2588,45.6137,1581.0,71064.8
2014-11-18,44.3491,47.8718,44.3491,46.0653,4248.0,197583.75
2014-11-19,45.3427,48.0976,45.2975,47.7363,1274.0,59253.25
2014-11-20,49.0912,49.1363,45.3879,45.3879,1360.0,63877.75
2014-11-21,45.1621,46.9685,45.1621,45.3879,1334.0,60502.7
2014-11-24,45.3879,47.375,43.4459,45.704,269.0,11854.75
2014-11-25,44.2588,44.2588,44.2588,44.2588,111.0,4900.0
2014-11-26,45.1621,45.9298,44.2588,44.2588,813.0,36072.05
2014-11-27,43.3556,45.1169,43.3556,44.2588,610.0,26799.95
2014-11-28,44.2588,45.1621,43.0394,43.0394,10470.0,463330.5
2014-12-01,41.5491,45.1621,41.5491,45.1621,361.0,15698.5
2014-12-02,45.8395,45.8395,43.7169,45.0717,2330.0,104477.35
2014-12-03,45.433,47.2847,45.1621,47.2847,1899.0,86621.15
2014-12-04,46.5169,47.8718,45.8395,47.7815,1196.0,56296.0
2014-12-05,45.6588,48.6395,45.4782,45.6588,1788.0,81704.4
2014-12-08,45.704,45.704,43.6717,45.6137,157.0,6973.0
2014-12-09,46.5169,46.5169,44.033,44.0782,61.0,2689.3
2014-12-10,42.362,44.2588,42.362,43.6265,1193.0,52674.2
2014-12-11,45.704,45.704,44.2588,44.2588,332.0,15020.0
2014-12-12,42.904,45.1621,42.091,43.1298,2881.0,123872.5
2014-12-15,43.3556,43.3556,42.0007,42.0007,897.0,37966.35
2014-12-16,42.0007,42.0007,40.2394,40.2394,5780.0,240935.0
2014-12-17,40.2394,42.2265,40.2394,42.2265,126522.0,5285945.0
2014-12-18,44.033,44.2588,40.1491,41.5491,694.0,29507.4
2014-12-22,41.3233,41.3233,41.3233,41.3233,1.0,45.75
2014-12-23,40.42,40.4652,40.42,40.4652,693.0,28014.8
2014-12-24,39.1103,40.4652,39.1103,40.4652,224.0,9028.1
2014-12-26,39.9684,39.9684,39.9684,39.9684,332.0,13275.0
2014-12-29,38.8845,41.4588,38.8845,41.4588,139.0,5498.4
2014-12-30,41.0523,41.8201,41.0523,41.1426,835.0,34283.7
2014-12-31,42.0459,42.0459,42.0459,42.0459,55.0,2327.5
2015-01-01,43.2652,43.2652,41.0975,42.1362,3112.0,130893.65
2015-01-02,42.1814,44.2137,41.6394,43.2201,9372.0,403689.25
2015-01-05,44.2137,44.2137,42.2717,42.2717,830.0,35143.0
2015-01-06,44.2588,44.2588,41.233,41.2781,1601.0,67046.5
2015-01-07,41.7749,41.7749,41.7749,41.7749,7.0,277.5
2015-01-08,41.1426,41.1426,41.1426,41.1426,55.0,2277.5
2015-01-09,41.0975,42.4523,39.8329,42.4523,537.0,22205.0
2015-01-12,40.8265,41.5491,40.8265,41.5491,292.0,12036.45
2015-01-13,40.7813,41.5943,40.7813,41.4588,3045.0,126407.5
2015-01-14,41.0975,42.904,41.0975,42.8588,74.0,3060.25
2015-01-15,41.233,43.3104,41.233,41.5491,2915.0,121809.8
2015-01-16,42.8136,42.8136,40.1942,40.4652,5605.0,227640.45
2015-01-19,39.7426,42.362,39.7426,41.5491,736.0,29620.3
2015-01-20,43.4911,43.6265,40.7362,43.6265,4396.0,189909.6
2015-01-21,45.7943,45.7943,45.7943,45.7943,1354.0,62006.1
2015-01-22,48.0524,48.0524,43.5814,47.0137,10316.0,493865.9
2015-01-23,47.0137,47.0137,45.6137,45.8395,2842.0,131171.75
2015-01-27,45.1621,45.1621,45.1621,45.1621,554.0,25000.0
2015-01-28,42.904,44.9814,42.904,43.5814,1219.0,54598.25
2015-01-29,41.7749,41.7749,41.7749,41.7749,1.0,46.25
2015-01-30,43.8524,43.8524,42.4523,42.4523,58.0,2521.55
2015-02-02,43.762,43.762,41.6394,41.6846,581.0,24661.8
2015-02-03,43.3556,43.3556,41.3233,41.3684,329.0,13602.25
2015-02-06,42.4072,42.4072,39.7878,41.8201,1981.0,83589.15
2015-02-09,40.6458,40.6458,39.7426,39.7426,582.0,23544.95
2015-02-10,38.2071,40.1039,38.2071,40.1039,796.0,30439.2
2015-02-11,40.6007,40.6007,38.4781,40.1942,1441.0,57819.0
2015-02-12,38.2071,39.7426,38.2071,38.4781,513.0,19618.1
2015-02-13,37.3039,40.2846,37.3039,39.291,2224.0,82979.4
2015-02-16,37.5297,40.1942,37.5297,39.291,787.0,29574.25
2015-02-18,37.349,40.1942,37.349,37.349,2828.0,105611.05
2015-02-19,36.1748,37.9361,35.4974,37.7555,10794.0,387905.1
2015-02-20,37.4845,39.3361,36.1748,37.9361,36272.0,1338110.9
2015-02-23,36.1296,39.562,36.1296,38.1619,281.0,10472.95
2015-02-24,38.749,38.749,37.9361,38.5684,24.0,925.6
2015-02-25,39.4716,39.4716,36.7168,38.2071,1748.0,64901.95
2015-02-26,39.5168,39.5168,36.3103,38.0265,4252.0,154532.4
2015-02-27,39.7426,39.7426,36.1296,38.2974,6648.0,240213.6
2015-02-28,39.6523,39.6523,37.891,37.891,124.0,4701.7
2015-03-02,39.3813,39.3813,36.0393,37.5297,197.0,7324.7
2015-03-03,35.678,39.3813,35.678,37.9361,29161.0,1080911.95
2015-03-04,39.4716,39.4716,36.0845,37.8458,2164.0,78397.35
2015-03-05,37.891,37.891,35.9942,36.0393,11159.0,402170.35
2015-03-09,36.0393,37.0329,34.3683,37.0329,204.0,7345.8
2015-03-10,35.2716,37.3942,35.2264,36.5361,340.0,12392.3
2015-03-11,34.7296,34.7296,34.7296,34.7296,2595.0,90126.8
2015-03-12,34.7296,36.1296,33.7361,34.5941,5148.0,181685.0
2015-03-13,36.1296,36.1296,35.2264,35.2264,56.0,1990.0
2015-03-16,33.4651,34.7748,33.4651,33.5554,2498.0,83944.45
2015-03-17,35.2264,35.2264,32.7877,33.0135,30589.0,1010176.25
2015-03-18,33.0135,34.5941,33.0135,34.1877,600.0,20460.25
2015-03-19,35.8587,35.8587,32.9683,33.3296,1354.0,46883.45
2015-03-20,34.9554,34.9554,31.9747,34.7748,1176.0,40396.2
2015-03-23,34.3232,36.4458,34.3232,34.3232,2772.0,95160.65
2015-03-24,32.607,33.4199,32.607,32.607,362.0,11894.8
2015-03-25,32.5167,33.8715,31.6134,31.9296,3072.0,99704.5
2015-03-26,31.9296,33.5102,30.665,33.5102,518.0,16135.0
2015-03-27,35.1812,35.1812,31.9296,32.4715,1777.0,61259.75
2015-03-30,34.0522,34.0522,34.0522,34.0522,55.0,1885.0
2015-03-31,35.7232,35.7232,32.9683,35.0909,3904.0,134557.35
2015-04-01,33.3748,35.2264,33.3748,33.6006,1943.0,65066.75
2015-04-06,34.9554,34.9554,33.4199,33.6909,578.0,19506.8
2015-04-07,35.0458,35.2264,33.2393,33.2393,754.0,26178.0
2015-04-08,31.7941,34.8651,31.7941,34.007,1168.0,40052.5
2015-04-09,32.336,35.678,32.336,35.678,80.0,2834.65
2015-04-10,35.678,36.9877,35.678,36.9877,205.0,7373.75
2015-04-13,35.2264,37.8006,35.2264,36.7619,122.0,4307.25
2015-04-15,36.1296,36.1296,36.1296,36.1296,111.0,4000.0
2015-04-16,34.3232,35.2264,34.3232,35.2264,161.0,5608.0
2015-04-17,36.8974,36.8974,36.8974,36.8974,6.0,204.25
2015-04-20,37.7555,37.7555,37.7555,37.7555,116.0,4389.0
2015-04-21,35.949,38.2974,35.949,38.2974,1108.0,39842.4
2015-04-22,39.562,39.562,36.4006,36.4006,555.0,20193.8
2015-04-23,37.9361,37.9361,37.9361,37.9361,1107.0,42000.0
2015-04-24,37.8006,37.8006,36.9877,36.9877,34.0,1270.35
2015-04-27,38.2974,38.2974,38.2974,38.2974,6.0,212.0
2015-04-28,36.4006,37.9361,36.4006,36.4006,1345.0,48990.25
2015-04-29,35.2264,37.5748,34.7748,35.1812,174.0,6074.0
2015-04-30,36.5813,36.5813,33.7812,33.7812,498.0,16871.0
2015-05-04,33.0586,33.2844,33.0586,33.2844,296.0,9826.45
2015-05-05,32.3812,34.9103,32.3812,34.9103,440.0,14400.15
2015-05-06,33.4651,36.5813,33.4651,36.5813,40.0,1371.75
2015-05-07,37.4845,37.4845,34.7748,34.9103,2564.0,89786.5
2015-05-08,33.9619,36.4006,33.6909,36.4006,6146.0,208785.3
2015-05-11,34.5941,38.2071,34.5941,37.9361,2305.0,81814.8
2015-05-12,36.0393,37.4845,36.0393,36.0845,116.0,4197.5
2015-05-13,34.6393,37.62,34.3232,36.1748,5091.0,181503.8
2015-05-14,34.4135,37.891,34.3683,35.2264,1747.0,60689.85
2015-05-15,36.1296,36.1296,36.1296,36.1296,554.0,20000.0
2015-05-18,36.1748,37.0329,36.1748,36.4006,1076.0,39058.35
2015-05-19,37.4393,38.2071,36.1748,37.4845,3036.0,112762.15
2015-05-20,36.2651,38.749,36.22,38.749,1250.0,46278.45
2015-05-21,36.8974,38.6587,36.8974,36.8974,59.0,2180.65
2015-05-22,36.9877,36.9877,35.9038,35.9038,2299.0,83282.25
2015-05-25,34.1877,37.5748,34.1877,37.5748,604.0,22654.15
2015-05-26,36.4006,37.0329,36.1296,37.0329,2220.0,80630.05
2015-05-27,38.4329,38.4329,35.5425,36.5361,552.0,20233.4
2015-05-28,34.7748,36.5361,34.7748,36.5361,141.0,4893.4
2015-05-29,35.678,35.678,35.5877,35.5877,112.0,3979.5
2015-06-01,35.4071,35.4071,34.0522,34.0522,1898.0,65628.4
2015-06-03,34.1425,34.1425,32.3812,32.3812,53.0,1769.55
2015-06-04,32.7877,32.7877,32.5618,32.607,360.0,11744.25
2015-06-05,34.2328,34.2328,34.2328,34.2328,221.0,7580.0
2015-06-08,33.5554,33.9167,33.0135,33.6909,1676.0,56352.9
2015-06-09,33.4199,35.0909,33.4199,35.0909,381.0,13179.4
2015-06-10,33.3748,34.3232,33.3748,34.3232,940.0,31908.0
2015-06-11,34.3232,34.3232,33.8715,34.0522,881.0,30034.2
2015-06-12,35.2264,35.2264,32.3812,32.3812,1212.0,39670.75
2015-06-15,33.9619,33.9619,33.9619,33.9619,792.0,26884.0
2015-06-16,32.7877,32.7877,32.607,32.7425,1045.0,34212.5
2015-06-17,33.2844,33.2844,32.5167,32.5167,1230.0,40421.0
2015-06-22,31.6134,34.1425,31.6134,34.1425,1052.0,35770.0
2015-06-23,34.3232,35.8135,33.8715,35.8135,4291.0,152973.35
2015-06-24,37.2587,37.2587,36.1296,36.5813,73.0,2655.5
2015-06-25,37.0329,37.9361,34.7748,35.7232,2159.0,76162.5
2015-06-26,36.9426,37.4845,36.1296,37.349,1079.0,40162.5
2015-06-29,38.6587,38.6587,38.6587,38.6587,602.0,23283.2
2015-06-30,37.2587,40.5555,37.2587,40.4652,1013.0,40207.45
2015-07-01,42.4072,42.4523,38.6136,42.4523,3671.0,154818.5
2015-07-02,44.5749,44.5749,44.5749,44.5749,3262.0,145385.1
2015-07-03,46.7879,46.7879,45.1621,46.7879,6794.0,316160.6
2015-07-06,46.9685,49.0912,46.9685,49.0912,3755.0,181868.95
2015-07-07,50.5815,51.4847,47.1943,47.8266,3495.0,170905.0
2015-07-08,50.175,50.175,46.9685,48.7299,630.0,29811.5
2015-07-09,46.5169,48.6395,46.5169,48.6395,223.0,10413.85
2015-07-10,47.8718,49.9944,46.3363,48.3234,1320.0,65699.65
2015-07-13,45.9298,50.717,45.9298,50.717,11728.0,593743.8
2015-07-14,53.2461,53.2461,48.5492,53.2461,24244.0,1282560.65
2015-07-15,54.1945,54.1945,52.4783,53.6977,924.0,49793.05
2015-07-16,53.1106,53.1106,51.4847,51.5299,833.0,43119.2
2015-07-17,50.5815,53.2912,50.5815,51.4847,4642.0,239638.85
2015-07-20,52.388,53.9235,49.0008,51.0331,5178.0,270819.25
2015-07-21,51.0331,52.1622,50.5815,51.0331,9977.0,506628.0
2015-07-22,49.6783,49.6783,49.6783,49.6783,55.0,2750.0
2015-07-23,51.5751,51.7106,51.0331,51.2589,609.0,31186.4
2015-07-24,48.8202,51.4396,48.8202,50.8525,830.0,41686.0
2015-07-27,48.4589,50.8976,48.4137,48.8653,1513.0,73403.7
2015-07-28,48.775,48.775,47.4202,48.0976,1441.0,69707.5
2015-07-29,46.1556,48.775,46.1556,48.7299,609.0,29545.0
2015-07-30,47.2395,50.6718,47.2395,48.3234,1993.0,97544.75
2015-07-31,49.4976,49.4976,47.8718,48.0524,332.0,16022.5
2015-08-03,47.3298,50.446,47.3298,50.446,6934.0,347651.65
2015-08-04,50.5815,52.6138,50.5815,52.388,1546.0,80630.4
2015-08-05,52.388,53.2912,52.388,52.4783,3011.0,158841.15
2015-08-06,52.659,55.0977,51.4847,55.0977,12048.0,656931.4
2015-08-07,52.388,57.8526,52.388,57.8526,114835.0,6642150.45
2015-08-10,57.8526,60.743,56.6332,60.6526,59250.0,3585443.45
2015-08-11,57.6268,60.5172,57.6268,57.6268,16095.0,939980.1
2015-08-12,54.7816,54.7816,54.7816,54.7816,402.0,22015.95
2015-08-13,55.0977,55.0977,52.0718,52.0718,4396.0,233068.15
2015-08-14,49.4976,54.1493,49.4976,54.1041,11645.0,590442.3
2015-08-17,51.4847,55.8203,51.4847,54.1945,3689.0,198999.4
2015-08-18,53.2912,53.2912,52.4331,52.8848,570.0,30022.5
2015-08-19,54.1493,54.1945,54.1493,54.1945,554.0,29987.5
2015-08-20,52.388,54.1493,51.4847,52.7493,2262.0,117412.5
2015-08-21,53.2912,53.2912,50.5815,50.717,3207.0,162840.4
2015-08-24,48.9105,51.6654,48.1879,48.1879,4775.0,231249.15
2015-08-25,48.2782,48.2782,45.7943,45.7943,1083.0,50072.6
2015-08-26,47.8266,48.0524,47.8266,48.0524,176.0,8433.8
2015-08-27,47.104,47.4202,46.0653,46.9685,1151.0,54091.0
2015-08-28,45.1621,47.8718,45.1621,47.8718,720.0,33350.0
2015-08-31,45.5234,48.0976,45.5234,45.5234,420.0,19106.95
2015-09-01,43.3104,43.3104,43.2652,43.3104,293.0,12703.5
2015-09-02,42.4523,44.2588,42.4523,44.2588,238.0,10135.0
2015-09-03,46.0201,46.4718,44.304,45.975,1964.0,89992.45
2015-09-04,46.4718,46.4718,44.2588,44.2588,15.0,707.7
2015-09-07,43.3556,43.3556,42.0459,42.0459,402.0,17236.45
2015-09-08,44.0782,44.1233,39.9684,43.1298,13287.0,563531.5
2015-09-09,45.1621,45.2524,42.633,44.7104,10062.0,445905.55
2015-09-10,45.7943,46.1556,43.5362,46.0653,3428.0,155750.55
2015-09-11,47.4202,47.4202,44.2588,45.975,6147.0,279958.3
2015-09-14,46.6976,46.9685,45.1621,45.1621,1038.0,48248.8
2015-09-15,45.2524,47.4202,45.2072,45.704,1336.0,60904.4
2015-09-16,46.1076,47.5048,45.8748,47.272,2051.0,96025.0
2015-09-18,46.7131,47.924,46.7131,46.9925,730.0,34292.5
2015-09-21,46.6199,48.3432,46.4336,46.8062,4397.0,206769.55
2015-09-22,46.8062,47.6446,46.8062,47.598,947.0,44446.05
2015-09-23,46.6665,47.5048,46.5734,47.272,6869.0,325356.2
2015-09-24,49.1349,49.1349,46.946,47.0391,837.0,39792.85
2015-09-28,47.5048,47.5048,45.9213,46.2474,31829.0,1483508.75
2015-09-29,46.5734,46.6665,46.5734,46.6665,2170.0,101204.0
2015-09-30,47.5048,47.5048,46.1076,46.2474,13108.0,606088.25
2015-10-01,46.1076,47.3185,45.2693,47.1788,1953.0,90278.1
2015-10-05,46.5734,47.5048,46.5734,47.1322,1504.0,70540.6
2015-10-06,47.0857,48.2034,47.0391,47.5048,704.0,33244.75
2015-10-07,48.3432,49.8335,48.2034,48.4829,8255.0,401494.25
2015-10-08,47.6446,48.6226,47.6446,48.4363,10788.0,522503.15
2015-10-09,47.6911,49.3678,47.6446,49.1815,2379.0,116070.9
2015-10-12,47.9706,48.3897,47.5514,48.2966,9313.0,443808.25
2015-10-13,47.5514,48.576,47.5048,47.8774,8436.0,403959.9
2015-10-14,48.4363,48.8555,48.4363,48.4363,3997.0,193873.4
2015-10-15,48.4363,48.4363,48.4363,48.4363,3350.0,162240.0
2015-10-16,48.4363,50.8581,48.4363,50.765,6446.0,326646.4
2015-10-19,52.395,52.395,48.5295,50.765,2842.0,143583.85
2015-10-20,52.1622,52.1622,49.3678,49.8335,12516.0,635140.5
2015-10-21,47.3651,51.6033,47.3651,50.8581,11065.0,559254.25
2015-10-23,52.3485,53.3731,50.765,52.9073,3583.0,187116.2
2015-10-26,53.5594,55.4223,52.1622,54.4908,10176.0,553006.2
2015-10-27,54.7237,55.8415,53.1868,54.0251,1055.0,57232.85
2015-10-28,55.4223,55.4223,53.0936,53.0936,930.0,50368.5
2015-10-29,51.3239,52.1622,51.3239,52.1622,336.0,17353.0
2015-10-30,51.2307,51.7896,51.2307,51.2307,1723.0,88277.9
2015-11-02,51.2307,51.2307,50.2992,50.2992,2201.0,111700.0
2015-11-03,51.2307,51.2307,51.2307,51.2307,1288.0,66000.0
2015-11-04,51.2307,51.9293,51.2307,51.9293,215.0,11075.0
2015-11-05,51.9293,53.0005,51.9293,52.7211,2193.0,115599.7
2015-11-06,55.3292,55.3292,54.9566,55.3292,20842.0,1152694.8
2015-11-09,53.0936,58.077,53.0936,58.077,5137.0,290731.35
2015-11-10,60.4522,60.4522,56.8195,57.6578,3591.0,209429.7
2015-11-11,57.751,57.751,55.9346,57.0524,1718.0,97652.0
2015-11-13,54.3511,54.9566,54.3045,54.9566,2711.0,147975.0
2015-11-16,52.2087,57.6578,52.2087,57.3784,7313.0,406432.35
2015-11-17,55.888,55.888,55.1894,55.888,8395.0,468960.0
2015-11-18,56.4469,56.4469,54.9566,55.4223,6590.0,364716.6
2015-11-19,54.1183,55.888,54.1183,55.888,2688.0,149649.9
2015-11-23,58.5893,58.5893,54.0251,55.7949,8236.0,455691.9
2015-11-24,56.3538,57.7044,56.0743,56.3538,1027.0,58727.7
2015-11-27,56.3538,57.7044,55.888,57.7044,3457.0,195699.0
2015-11-30,56.8195,59.3345,55.888,57.425,516.0,29613.0
2015-12-01,56.2606,58.5893,56.2606,56.5401,887.0,51015.1
2015-12-02,56.1209,58.6359,56.1209,56.1209,440.0,25500.0
2015-12-03,55.3292,58.2167,55.3292,58.2167,860.0,48254.05
2015-12-04,55.4689,59.1016,55.4689,58.6824,11500.0,674671.1
2015-12-07,59.1482,61.6166,58.7756,60.7317,27285.0,1643948.55
2015-12-08,60.592,63.7589,58.6824,63.5726,67553.0,4276860.95
2015-12-09,64.2712,64.2712,60.5454,63.2001,16837.0,1055035.35
2015-12-10,61.6166,61.6166,60.7782,61.4768,10763.0,661781.25
2015-12-11,63.3398,64.5507,62.1289,62.222,8345.0,532890.25
2015-12-14,65.2959,65.2959,64.9233,65.2493,26529.0,1730465.1
2015-12-15,68.4163,68.5094,63.4795,68.5094,13015.0,887568.75
2015-12-16,71.9093,71.9093,69.8601,71.9093,12978.0,925361.05
2015-12-17,75.1694,75.4954,68.3231,75.4954,19347.0,1439991.15
2015-12-18,79.2679,79.2679,71.723,76.1009,26774.0,2044608.15
2015-12-21,72.8407,77.4981,72.3284,72.3284,5343.0,387132.65
2015-12-22,68.9286,75.216,68.9286,71.2573,18920.0,1335825.9
2015-12-23,70.8381,73.5393,70.7915,72.4682,8681.0,627619.5
2015-12-24,71.8627,74.0051,68.882,70.5587,7406.0,515955.4
2015-12-28,72.375,72.375,67.6711,70.8381,11069.0,785889.95
2015-12-29,68.3697,72.6545,68.3697,72.4682,24402.0,1752143.4
2015-12-30,72.6545,76.0543,72.6545,76.0543,6833.0,515956.0
2015-12-31,79.8268,79.8268,77.5912,78.5227,24721.0,1967609.25
2016-01-01,75.8214,77.4049,74.6105,74.89,13043.0,993311.2
2016-01-04,75.0763,77.3118,74.6105,76.3803,21725.0,1638090.95
2016-01-05,78.709,80.1993,78.2433,80.1993,8655.0,687033.35
2016-01-06,82.7609,84.2047,81.5034,84.2047,25064.0,2101325.0
2016-01-07,80.6651,82.7143,80.013,80.013,6635.0,533363.05
2016-01-08,81.876,83.9718,78.2433,83.8321,6293.0,519117.5
2016-01-11,81.5034,88.0237,81.1774,84.9498,6696.0,571650.2
2016-01-12,88.9551,88.9551,80.7116,80.7582,9202.0,753634.6
2016-01-13,84.6704,84.717,76.7529,76.7995,5485.0,426485.2
2016-01-14,78.2433,78.2433,72.9805,74.4708,3993.0,297718.25
2016-01-15,74.5174,76.3338,70.7915,70.8381,6411.0,458638.95
2016-01-18,67.2985,72.6079,67.2985,70.0929,2280.0,154516.65
2016-01-19,67.0657,71.5833,66.5999,68.9752,1111.0,75912.2
2016-01-20,66.1342,66.2273,65.5287,65.5287,1706.0,112177.6
2016-01-21,63.3398,63.4329,62.2686,62.6878,4911.0,309109.4
2016-01-22,65.2027,65.8082,65.2027,65.8082,23964.0,1573799.3
2016-01-25,69.0683,69.0683,69.0683,69.0683,1047.0,72296.25
2016-01-27,72.5147,72.5147,72.5147,72.5147,1091.0,79095.6
2016-01-28,72.5147,75.1694,71.397,71.8161,2893.0,214086.75
2016-01-29,68.23,70.7915,68.23,69.0217,549.0,37681.6
2016-02-01,71.6298,72.4682,71.6298,72.4682,4985.0,359010.4
2016-02-02,72.4216,74.3311,72.4216,72.4682,4378.0,317431.15
2016-02-03,72.1887,72.2819,69.4875,69.4875,5254.0,379238.2
2016-02-04,67.3451,71.6764,67.0657,67.2054,742.0,49990.75
2016-02-05,65.7616,67.5314,65.6685,67.5314,509.0,33718.5
2016-02-08,70.7915,70.8847,65.6685,70.6052,14335.0,1014595.7
2016-02-09,70.6052,70.6052,67.1122,69.208,5405.0,372776.8
2016-02-10,72.6545,72.6545,65.7616,65.8082,27837.0,1869382.65
2016-02-11,66.041,66.041,62.548,62.548,5852.0,368026.35
2016-02-12,59.6139,65.6685,59.4276,64.9698,2850.0,176351.0
2016-02-15,68.1834,68.1834,63.4329,63.6658,6926.0,465032.4
2016-02-16,64.0384,64.0384,60.4988,63.1069,3810.0,233364.3
2016-02-17,59.9865,65.1096,59.9865,59.9865,3204.0,192558.8
2016-02-18,58.9153,62.9672,58.9153,62.874,660.0,40846.25
2016-02-19,63.1069,65.2027,63.1069,65.2027,3266.0,212401.25
2016-02-22,62.0357,68.4629,62.0357,66.1342,586.0,39037.15
2016-02-23,67.4382,69.4409,62.8275,66.041,10370.0,695894.15
2016-02-24,64.737,65.9013,64.2712,64.7836,2496.0,161479.85
2016-02-25,64.1781,64.1781,61.7563,62.5946,1646.0,103181.5
2016-02-26,60.6851,64.2712,60.5454,62.548,6275.0,391694.05
2016-02-29,62.4083,63.5261,62.4083,62.874,218.0,13655.4
2016-03-01,62.4083,65.9945,62.4083,65.9945,15210.0,992642.1
2016-03-02,69.2546,69.2546,67.0657,67.0657,10910.0,738942.35
2016-03-03,67.0657,69.7669,67.0657,69.4409,4333.0,297058.85
2016-03-04,69.8601,69.8601,65.8547,66.5533,1859.0,124090.85
2016-03-08,65.2027,68.4629,60.918,68.4163,1336.0,89598.35
2016-03-09,64.2712,65.7616,63.6658,65.6219,403.0,25960.45
2016-03-10,64.737,65.2027,64.2712,64.737,568.0,36727.0
2016-03-11,65.2027,70.7915,65.2027,69.7669,10811.0,744073.95
2016-03-14,76.7063,76.7063,71.3038,71.7696,16370.0,1239005.6
2016-03-15,75.4489,78.709,72.701,72.9805,37307.0,2810328.4
2016-03-16,76.2872,76.2872,70.9312,72.8873,8207.0,594600.2
2016-03-17,72.6545,80.1528,71.723,72.6079,50571.0,3681079.55
2016-03-18,72.4216,72.4216,70.7915,70.9778,819.0,58580.5
2016-03-21,70.9312,72.6545,67.4382,70.6518,1085.0,77008.75
2016-03-22,69.8601,71.1641,68.9286,69.2546,7442.0,522588.25
2016-03-23,68.9286,69.8601,67.5314,68.2766,18471.0,1259314.55
2016-03-28,67.2054,69.8135,67.2054,67.2054,443.0,29804.95
2016-03-29,67.1588,69.8135,67.1588,67.578,374.0,25719.2
2016-03-30,68.4629,69.8135,68.4629,68.9286,110031.0,7583628.9
2016-03-31,67.9971,69.8601,66.7396,67.4382,7194.0,493840.75
2016-04-01,67.3917,70.1395,67.3917,68.6491,1354.0,93802.1
2016-04-04,65.5287,70.3258,65.5287,68.7423,3243.0,222205.05
2016-04-05,65.6685,68.9286,65.6685,66.4602,5705.0,387860.95
2016-04-06,65.715,74.5174,65.715,69.9066,5088.0,358518.8
2016-04-07,69.8601,70.7915,67.578,68.6491,2329.0,160521.55
2016-04-08,68.6026,70.2792,68.6026,69.1615,315.0,21802.55
2016-04-11,69.1149,69.1149,67.9971,68.6957,933.0,63630.5
2016-04-12,68.6491,73.1202,68.6491,72.6545,10147.0,728868.7
2016-04-13,72.6079,77.7775,72.6079,75.9612,77016.0,5846585.6
2016-04-18,75.9146,78.1501,74.7037,75.3557,7562.0,571768.1
2016-04-20,75.3091,76.2872,72.0024,73.0736,1718.0,126547.4
2016-04-21,70.7915,74.5174,70.7915,73.5859,524.0,38327.9
2016-04-22,71.3038,75.4489,71.3038,75.4489,1869.0,139007.1
2016-04-25,75.216,89.0483,75.216,78.4296,19078.0,1505779.95
2016-04-26,78.2433,81.9691,74.5174,78.2433,3198.0,250296.45
2016-04-27,77.5912,78.5693,76.5666,76.6132,818.0,63120.1
2016-04-28,74.564,76.3803,74.5174,76.3803,1389.0,105788.6
2016-04-29,76.1475,76.1475,72.8873,74.2845,9120.0,678749.9
2016-05-02,72.6545,73.5859,72.6545,72.7476,462.0,33619.0
2016-05-03,72.6545,75.4489,70.8381,73.6325,9822.0,719917.8
2016-05-04,69.9532,74.4708,69.9532,73.7256,254.0,18658.9
2016-05-05,73.4462,74.5174,73.4462,74.0517,1995.0,147597.7
2016-05-06,74.0517,74.5174,74.0517,74.0517,672.0,49767.75
2016-05-09,74.9831,74.9831,73.6325,74.4708,2661.0,197689.25
2016-05-10,72.6545,74.5174,71.397,71.723,6055.0,437337.1
2016-05-11,71.723,72.6545,71.6298,71.7696,2282.0,164062.7
2016-05-12,70.7915,74.5174,70.7915,72.6545,2860.0,209709.55
2016-05-13,71.3504,75.6352,71.3504,74.5174,5924.0,441764.7
2016-05-16,74.5174,76.7995,71.1641,75.9146,5819.0,441917.5
2016-05-17,75.868,76.8461,75.0763,76.3803,3629.0,276973.5
2016-05-18,76.8461,81.9691,73.6325,80.3391,28379.0,2251286.2
2016-05-19,93.1467,94.0782,85.2758,87.2319,522588.0,47051389.25
2016-05-20,88.9086,88.9086,79.1282,79.7802,87695.0,7318804.6
2016-05-23,80.1993,82.3417,75.4954,76.6132,26318.0,2040973.7
2016-05-24,74.5174,78.1501,74.5174,76.3338,8906.0,682348.9
2016-05-25,75.4954,79.7336,74.9366,76.4269,48906.0,3776537.15
2016-05-26,77.1255,77.9172,75.4954,76.1009,10716.0,820066.0
2016-05-27,77.0324,78.8953,75.542,78.383,7919.0,612448.1
2016-05-30,80.1993,80.1993,75.4489,75.868,36679.0,2787010.5
2016-05-31,80.1062,80.1062,76.4269,78.6624,124949.0,9751257.15
2016-06-01,78.8953,80.1062,77.3118,77.7775,20139.0,1583699.55
2016-06-02,76.52,78.1967,76.3803,77.2186,19125.0,1471346.55
2016-06-03,77.3118,79.2679,76.3803,76.9858,17192.0,1338192.2
2016-06-06,77.7775,78.0104,75.4489,76.0543,6859.0,525217.6
2016-06-07,75.542,76.3803,74.7037,75.542,9950.0,750188.65
2016-06-08,75.9146,78.709,75.7749,76.3338,6485.0,500393.5
2016-06-09,76.8461,79.1282,76.4735,78.057,25214.0,1971757.6
2016-06-10,77.3118,78.8021,76.6598,77.2652,3861.0,298968.15
2016-06-13,77.0789,77.9638,75.4954,75.7283,5648.0,429463.75
2016-06-14,75.7283,77.7775,72.9805,77.6378,8402.0,647825.15
2016-06-15,79.0816,79.0816,77.0324,77.8241,4800.0,374663.15
2016-06-16,77.7775,80.6185,76.8926,76.9858,3580.0,277247.2
2016-06-17,75.4489,78.8953,75.4489,76.3338,8445.0,646677.3
2016-06-20,76.1475,77.7775,75.9146,76.2406,1958.0,149924.85
2016-06-21,76.2406,77.9638,75.4489,76.1009,13836.0,1053684.5
2016-06-22,76.0543,78.1501,74.8434,75.7749,2425.0,185431.2
2016-06-23,75.0297,76.1475,74.7503,74.7503,2806.0,211102.3
2016-06-24,74.4242,74.4242,70.7915,73.3065,4345.0,313223.5
2016-06-27,73.1202,76.0077,73.1202,75.4023,5614.0,423374.05
2016-06-28,73.5859,77.3118,73.5859,76.8461,39163.0,2941841.55
2016-06-29,76.3338,80.013,76.3338,79.0816,17250.0,1348053.6
2016-06-30,81.9691,82.6212,79.1747,79.3144,16519.0,1335564.55
2016-07-01,81.876,81.876,77.4981,78.5227,18315.0,1444088.15
2016-07-04,76.9392,78.2433,76.8461,77.2186,20547.0,1588393.45
2016-07-05,78.9419,78.9884,75.868,76.2872,9282.0,714541.95
2016-07-07,77.8707,77.8707,75.6352,76.1009,20939.0,1595089.3
2016-07-08,76.194,76.3803,75.4489,75.4954,5336.0,404705.9
2016-07-11,75.9146,77.0789,74.9831,76.1009,12765.0,967276.8
2016-07-12,76.8461,82.202,74.1914,77.1255,137915.0,10651923.5
2016-07-13,77.9638,79.0816,75.6352,76.2406,16710.0,1285709.95
2016-07-14,76.2872,78.1967,75.4489,77.2652,8532.0,652766.25
2016-07-15,76.8461,76.8461,73.5859,75.4954,18008.0,1360207.05
2016-07-18,73.9585,78.1967,61.9426,76.52,29457.0,2217637.0
2016-07-19,76.3803,78.0104,74.1448,75.3557,7555.0,571269.25
2016-07-20,75.4489,76.3803,74.7037,75.9146,2311.0,174996.65
2016-07-21,75.4489,76.8461,75.4489,75.5886,14177.0,1077298.45
2016-07-22,75.0297,84.9033,74.9366,82.8075,80732.0,6474942.35
2016-07-25,85.5553,87.4648,81.1774,85.1827,100760.0,8629294.75
2016-07-26,85.2293,86.3936,81.0842,81.9226,13547.0,1135205.35
2016-07-27,84.6704,85.695,80.3856,81.8294,29002.0,2406563.8
2016-07-28,84.6704,84.6704,80.5719,82.2486,8264.0,680784.35
2016-07-29,79.4542,85.0895,79.4542,82.6212,33556.0,2786504.4
2016-08-01,78.8953,84.6704,77.5912,84.0184,38126.0,3190140.8
2016-08-02,84.0184,86.021,82.9006,85.043,115520.0,9803886.25
2016-08-03,86.6265,86.6265,80.1528,81.876,25244.0,2117573.35
2016-08-04,84.7635,84.7635,79.4542,80.7116,80537.0,6512793.3
2016-08-05,82.4349,83.3663,80.8048,81.3171,48328.0,3962883.0
2016-08-08,83.3198,83.7389,81.9691,82.7143,42093.0,3457996.7
2016-08-09,83.8321,83.8321,80.8979,81.6897,5934.0,487566.45
2016-08-10,83.7855,83.8321,80.5254,81.3637,13786.0,1124412.65
2016-08-11,80.5719,88.21,79.2679,84.0649,89470.0,7459133.3
2016-08-12,83.8321,83.8321,74.7037,76.6132,118085.0,9160246.1
2016-08-16,80.013,80.013,73.2133,76.1009,25863.0,1965901.65
2016-08-17,73.6791,76.3803,73.6791,75.4489,12175.0,919729.85
2016-08-18,75.216,76.8461,75.216,76.194,31060.0,2359554.05
2016-08-19,74.6571,77.3118,74.6571,76.6598,23818.0,1822349.4
2016-08-22,76.2872,81.7828,76.2872,80.7116,80565.0,6382909.05
2016-08-23,87.5579,91.8427,84.3444,86.1607,381139.0,33303969.25
2016-08-24,85.695,92.2153,85.695,89.2811,152815.0,13694250.8
2016-08-25,89.2811,90.7715,86.1607,87.5114,32188.0,2857352.75
2016-08-26,86.3936,87.5579,86.1607,86.1607,24475.0,2111943.8
2016-08-29,86.1607,90.166,86.1607,88.536,64360.0,5705034.75
2016-08-30,86.7196,88.4894,86.7196,87.6977,19695.0,1737273.55
2016-08-31,86.673,89.0949,84.8101,85.8813,17724.0,1543939.15
2016-09-01,82.9472,88.3963,81.9691,82.202,21993.0,1864884.2
2016-09-02,82.1554,87.5579,82.1554,86.4867,44181.0,3799674.55
2016-09-06,86.8128,86.8128,82.4814,82.854,40339.0,3386082.9
2016-09-07,82.9006,84.7635,82.6212,82.9937,13806.0,1148748.5
2016-09-08,82.1554,84.4375,80.7116,80.9445,76185.0,6231618.05
2016-09-09,80.8979,82.0623,78.8021,79.8733,21781.0,1752745.35
2016-09-12,78.383,80.9445,76.3803,79.2213,14740.0,1163836.85
2016-09-14,79.1747,81.0377,78.8953,79.1747,20434.0,1634158.4
2016-09-15,79.5007,81.6431,78.9419,79.1747,12679.0,1006347.65
2016-09-16,79.1282,79.6405,78.2433,78.9884,11434.0,906772.7
2016-09-19,78.9419,80.1062,77.5447,78.5693,4548.0,358930.5
2016-09-20,78.4296,80.1062,78.4296,79.5939,5488.0,435438.35
2016-09-21,78.2433,80.1062,78.2433,79.8733,3354.0,267052.0
2016-09-22,79.6405,81.4568,77.6844,78.1035,27632.0,2168418.35
2016-09-23,78.0104,81.9226,77.5912,79.0816,37818.0,3026034.2
2016-09-26,78.2433,79.361,77.7775,78.0104,6711.0,524247.5
2016-09-27,77.731,80.7116,77.3118,77.4515,9611.0,749757.35
2016-09-28,77.8707,78.8953,76.9392,77.3584,27981.0,2169014.1
2016-09-29,77.8707,78.8487,72.7476,74.0982,19581.0,1466576.95
2016-09-30,66.5999,78.1967,66.5999,77.0789,13353.0,1016413.05
2016-10-03,77.0324,78.5227,75.6352,76.3338,14393.0,1100345.5
2016-10-04,76.2872,78.1035,76.2872,76.4269,19498.0,1498720.05
2016-10-05,76.3338,81.5965,75.4489,79.9199,72564.0,5696446.7
2016-10-06,80.1062,82.4349,77.5912,78.5227,28440.0,2277264.45
2016-10-07,78.383,79.1747,77.4515,77.731,20502.0,1603332.0
2016-10-10,76.7063,80.0596,76.7063,78.3364,12006.0,943581.5
2016-10-13,78.2433,78.2433,74.9831,76.5666,24088.0,1845767.75
2016-10-14,76.3803,78.2433,76.1475,77.8241,5066.0,391267.6
2016-10-17,77.7775,80.013,76.7529,77.8707,19615.0,1546717.9
2016-10-18,78.4296,80.8514,78.2433,80.1993,24366.0,1948760.15
2016-10-19,79.8268,80.7582,79.2679,79.6405,6883.0,548768.05
2016-10-20,79.6405,81.3171,78.4296,79.2679,10986.0,879385.15
2016-10-21,78.9419,80.9445,78.5693,79.6405,6423.0,512828.75
2016-10-24,79.1747,81.7828,79.1747,80.013,51055.0,4113322.75
2016-10-25,79.361,81.0377,79.361,79.9665,29422.0,2362076.35
2016-10-26,79.687,80.2925,76.7995,78.9884,11596.0,926021.8
2016-10-27,78.8021,80.1062,77.6844,78.8953,10305.0,812624.45
2016-10-28,78.2433,79.9665,78.2433,78.8953,33467.0,2644925.3
2016-10-30,80.8979,81.0377,79.6405,80.4788,12365.0,997295.3
2016-11-01,80.1062,80.1062,78.0104,78.2433,52037.0,4102336.3
2016-11-02,76.4269,78.709,76.4269,78.2433,13046.0,1017644.1
2016-11-03,77.3118,78.0104,76.4735,76.7529,19966.0,1540933.9
2016-11-04,76.6132,76.8461,74.0051,75.3091,15982.0,1196079.3
2016-11-07,77.7775,78.6624,76.9392,77.3584,9077.0,706308.45
2016-11-08,76.3803,78.2433,75.9612,76.3338,11318.0,873139.8
2016-11-09,74.6105,74.6105,67.3451,71.7696,17542.0,1239321.65
2016-11-10,76.3338,85.1827,75.4489,75.6352,17705.0,1356827.4
2016-11-11,77.3118,79.1747,68.9286,70.1861,71530.0,5270969.3
2016-11-15,70.3258,70.9778,65.715,66.6465,14151.0,949237.2
2016-11-16,66.3205,69.5806,66.1808,66.2273,11459.0,766902.6
2016-11-17,66.5068,66.5068,65.2027,65.3424,8912.0,584364.2
2016-11-18,65.2027,66.8794,61.4768,64.411,4152.0,271175.8
2016-11-21,65.2027,65.2027,60.5454,61.6166,13082.0,810953.9
2016-11-22,62.4083,64.9698,61.6631,63.0603,11737.0,729537.25
2016-11-23,62.4549,67.3451,62.4083,65.5287,9106.0,598609.75
2016-11-24,64.3644,66.041,64.3644,65.2027,16403.0,1063758.6
2016-11-25,65.2493,68.4629,64.8767,67.6245,7669.0,510580.8
2016-11-28,65.2493,68.7889,64.8767,67.5314,13907.0,944037.35
2016-11-29,69.2546,69.2546,66.3205,67.6711,29566.0,1999910.75
2016-11-30,67.1588,68.882,66.8794,67.5314,9009.0,607569.5
2016-12-01,68.8354,68.8354,67.6711,68.3697,272.0,18628.7
2016-12-02,66.1342,67.0191,65.7616,66.0876,8884.0,586819.7
2016-12-05,62.4083,67.0657,62.4083,66.4136,3392.0,225316.5
2016-12-06,67.0657,68.6957,67.0657,68.1834,15357.0,1037942.95
2016-12-07,68.8354,69.3477,68.4629,69.0217,3490.0,240661.4
2016-12-08,69.3012,70.6052,67.9971,69.534,9795.0,676868.55
2016-12-09,70.1395,70.5121,68.23,69.5806,3056.0,213966.0
2016-12-12,76.3803,76.3803,67.1588,68.7889,13645.0,940766.25
2016-12-13,69.3943,70.3724,68.556,69.0217,3817.0,263409.35
2016-12-14,70.2326,70.6052,68.6026,68.6957,3579.0,247372.25
2016-12-15,69.3943,69.3943,68.3697,68.9286,1546.0,106235.05
2016-12-16,69.3012,70.2326,67.9971,68.4163,5338.0,367056.4
2016-12-19,73.5859,73.5859,66.3671,67.1122,10554.0,713611.6
2016-12-20,67.9505,67.9505,64.9698,65.7616,21936.0,1458321.4
2016-12-21,67.4848,67.4848,65.2027,65.6219,1648.0,108187.85
2016-12-22,65.6685,65.6685,63.3398,63.8987,8471.0,540072.9
2016-12-23,65.0164,65.0164,64.2712,64.3644,4847.0,313514.05
2016-12-26,62.874,65.1561,62.2686,63.0138,35354.0,2225954.15
2016-12-27,64.2712,65.1096,62.9672,64.5507,6474.0,414414.3
2016-12-28,64.8767,65.6685,63.8987,64.1781,14713.0,952927.3
2016-12-29,65.389,65.5287,63.8521,64.2247,5249.0,337606.05
2016-12-30,65.1561,65.2027,63.7589,64.1781,15485.0,1000681.35
2017-01-02,64.3178,66.8328,64.2712,66.5533,3681.0,243209.6
2017-01-03,68.9286,68.9286,66.3671,66.5533,10028.0,669196.95
2017-01-04,67.9971,68.4629,67.0657,67.7177,14815.0,1003431.2
2017-01-05,68.6491,69.6738,66.6931,68.6491,12671.0,869813.3
2017-01-06,71.3504,71.3504,68.4629,69.7203,11877.0,831906.1
2017-01-09,71.723,71.723,69.1615,69.9066,19533.0,1366923.05
2017-01-10,70.7915,73.3065,70.5121,72.5613,25943.0,1874812.15
2017-01-11,73.0736,76.2872,72.6545,75.4489,42654.0,3182844.0
2017-01-12,77.3118,77.3118,73.7256,75.4954,36298.0,2747869.45
2017-01-13,76.194,76.6132,74.5174,76.0077,35271.0,2678681.65
2017-01-16,78.2433,91.1907,77.2652,91.0975,1718631.0,154545516.35
2017-01-17,92.9604,102.9271,91.0975,94.2179,1329206.0,129908309.25
2017-01-18,93.1467,100.5053,91.7961,96.0809,511958.0,49672488.2
2017-01-19,97.6644,99.1081,94.1248,94.9165,64099.0,6147372.6
2017-01-20,95.0097,95.5686,89.3743,91.5167,107530.0,9915735.3
2017-01-23,94.4508,98.6424,90.3523,97.2918,466050.0,44841799.2
2017-01-24,98.7355,112.009,96.8726,107.6776,1636257.0,173471047.7
2017-01-25,110.2857,113.5924,108.5625,112.009,824756.0,91724211.6
2017-01-27,112.987,114.9431,100.8779,108.7488,557119.0,61990110.85
2017-01-30,108.9817,111.2172,106.1873,107.0256,139111.0,15127699.5
2017-01-31,104.3243,106.8859,102.4148,103.6723,151080.0,15695359.6
2017-02-01,102.7874,105.9544,99.667,100.9245,221358.0,22625981.2
2017-02-02,100.6451,105.9078,100.0396,104.9764,205493.0,21211715.4
2017-02-03,104.6038,106.001,101.9957,103.3463,63940.0,6624297.75
2017-02-06,104.8367,105.2558,100.8779,101.856,67535.0,6963381.25
2017-02-07,103.2532,103.3463,100.5985,100.9711,49718.0,5047654.85
2017-02-08,102.2285,109.6337,100.9711,107.7242,253212.0,27128251.95
2017-02-09,108.6091,108.9817,97.9904,100.9245,217497.0,22584312.95
2017-02-10,100.2725,100.2725,90.9112,91.703,307042.0,29117430.9
2017-02-13,94.4974,95.2891,88.9551,91.0509,110956.0,10209239.95
2017-02-14,91.0509,95.2891,90.3523,91.377,157394.0,14619747.95
2017-02-15,92.8673,92.9604,89.188,90.0263,65726.0,5959414.5
2017-02-16,89.4674,93.8919,88.5825,92.1221,87857.0,8045586.05
2017-02-17,92.2618,93.7056,87.5114,89.1414,274682.0,24870770.75
2017-02-20,89.7469,90.0729,88.5825,88.6757,46156.0,4109870.75
2017-02-21,89.4209,90.2592,86.347,86.8128,51725.0,4535297.85
2017-02-22,86.9991,88.21,85.4156,85.5087,51412.0,4451274.5
2017-02-23,87.9771,87.9771,83.5061,83.8321,52383.0,4449084.6
2017-02-27,83.9252,86.0676,82.6212,84.6704,56440.0,4755390.85
2017-02-28,85.9279,86.9991,85.3224,86.347,78053.0,6737095.2
2017-03-01,86.6265,87.8374,85.7881,86.3936,63699.0,5537964.8
2017-03-02,87.3251,88.1168,85.5087,86.347,50979.0,4437742.4
2017-03-03,86.4867,86.9525,82.9472,84.5307,30656.0,2600336.75
2017-03-06,84.7635,86.673,82.7143,83.0403,48786.0,4105930.15
2017-03-07,83.8786,84.9964,83.3198,83.7855,42740.0,3590805.7
2017-03-08,83.3198,84.1115,82.1554,82.3883,48154.0,3989903.3
2017-03-09,83.2732,84.2978,81.9691,82.3417,50416.0,4191064.65
2017-03-10,82.202,83.2732,80.8514,81.6431,80004.0,6547153.8
2017-03-14,82.2951,83.8321,81.5034,81.9691,28614.0,2362355.55
2017-03-15,82.2486,82.4349,80.8514,80.9911,26028.0,2116540.1
2017-03-16,81.876,89.0483,80.6185,89.0483,241580.0,20741469.9
2017-03-17,89.514,91.2838,85.695,87.2319,95381.0,8407811.8
2017-03-20,87.2319,90.6318,85.9279,88.3497,70538.0,6259176.95
2017-03-21,88.5825,89.1414,86.3005,86.673,36082.0,3166672.7
2017-03-22,85.7416,85.9744,83.8786,84.1115,43820.0,3719422.05
2017-03-23,85.6484,85.6484,83.8321,84.3444,27158.0,2299353.2
2017-03-24,84.717,86.7196,83.8321,84.4841,75148.0,6386396.2
2017-03-27,84.3909,85.2293,82.528,82.7143,59708.0,4989537.4
2017-03-28,82.6677,88.0702,82.6677,85.8813,82172.0,7082317.55
2017-03-29,85.9279,87.5579,84.8567,85.8813,72584.0,6239049.25
2017-03-30,84.8567,92.2153,84.8567,89.84,114897.0,10334669.95
2017-03-31,92.2153,95.6617,91.6098,94.0316,177776.0,16742464.5
2017-04-03,95.0097,101.3437,94.9631,97.3849,139132.0,13648968.55
2017-04-05,99.4807,100.5053,96.174,96.7795,95482.0,9424416.65
2017-04-06,94.1248,98.1767,94.1248,96.1274,56290.0,5379139.55
2017-04-07,95.0097,99.5739,94.1714,94.7302,81581.0,7869459.8
2017-04-10,96.8726,100.4588,95.0097,98.0369,159230.0,15652777.5
2017-04-11,97.8506,107.0256,97.8041,102.2751,500858.0,51711604.8
2017-04-12,103.2066,103.7655,94.3111,98.5027,246826.0,24336381.05
2017-04-13,99.1081,104.6969,98.7355,99.993,201981.0,20477739.15
2017-04-17,100.4122,103.0203,94.9165,100.1327,123793.0,12333670.75
2017-04-18,100.4588,102.4614,96.0809,96.6397,132769.0,13253022.2
2017-04-19,96.9192,98.5027,95.2891,97.4315,49739.0,4832684.55
2017-04-20,99.5273,99.5273,96.4069,97.4781,55077.0,5385888.6
2017-04-21,97.0123,97.8972,95.522,96.4534,70497.0,6814324.8
2017-04-24,97.9438,98.2698,96.4069,96.7795,61392.0,5984221.7
2017-04-25,98.0369,102.834,96.9658,100.2259,153356.0,15404056.1
2017-04-26,100.6916,101.0176,97.2452,98.2698,68709.0,6792419.2
2017-04-27,97.8506,99.5739,96.9658,97.2918,25813.0,2533110.2
2017-04-28,97.0123,99.8533,97.0123,98.0835,27436.0,2708491.45
2017-05-02,98.0835,100.4588,95.2891,96.8726,60538.0,5874204.65
2017-05-03,96.8726,98.5027,95.6617,96.7795,27881.0,2714362.3
2017-05-04,97.7575,102.4614,97.7109,101.2505,140755.0,14223896.55
2017-05-05,103.3929,103.3929,82.8075,86.6265,906224.0,81796147.1
2017-05-08,86.5333,88.9551,82.4814,86.2539,658621.0,55926770.75
2017-05-09,87.5579,88.3963,86.2539,87.2785,58478.0,5094153.6
2017-05-10,88.21,88.862,86.673,87.8839,105543.0,9305302.55
2017-05-11,88.4894,88.7223,86.6265,87.4648,59671.0,5216978.2
2017-05-12,88.4894,89.1414,84.6704,85.0895,40148.0,3449035.35
2017-05-15,85.4621,87.2319,85.4621,86.5333,31735.0,2738171.6
2017-05-16,88.4894,96.8726,88.4428,95.0097,737637.0,69597517.1
2017-05-17,95.0097,97.0123,91.4235,94.1248,234821.0,22206400.7
2017-05-18,92.5413,93.333,88.9551,89.9332,87088.0,7933849.65
2017-05-19,91.0044,93.6125,88.4894,89.7469,81090.0,7350828.8
2017-05-22,90.166,93.3796,86.8128,87.2319,46488.0,4117525.65
2017-05-23,88.0237,88.1168,84.0184,86.2539,67992.0,5867838.6
2017-05-24,87.1853,87.1853,82.6677,82.9472,70130.0,5882212.7
2017-05-25,83.8321,86.347,82.9937,85.695,55927.0,4736007.8
2017-05-26,86.5333,87.9771,84.0649,86.9525,65841.0,5688700.2
2017-05-29,88.3963,88.3963,84.7635,85.1827,15738.0,1352813.3
2017-05-30,84.9964,85.7416,84.2978,85.4156,15560.0,1324553.7
2017-05-31,85.9279,87.3251,84.5307,86.1607,23029.0,1976053.8
2017-06-01,86.6265,88.7688,85.8347,87.6045,47686.0,4188446.55
2017-06-02,86.9059,89.188,85.5553,85.7416,72426.0,6287606.45
2017-06-05,87.1388,92.4481,86.1142,89.3743,207342.0,18690135.55
2017-06-06,91.0975,91.1441,86.8593,88.21,43291.0,3825638.55
2017-06-07,89.0483,89.9332,87.2785,87.5579,23473.0,2074423.15
2017-06-08,88.4894,89.2346,86.9525,87.8374,65139.0,5747173.8
2017-06-09,88.862,88.862,86.9525,87.5114,20316.0,1775295.65
2017-06-12,87.5579,89.3277,86.1607,87.4648,39963.0,3515290.9
2017-06-13,87.9771,88.9551,86.2539,86.7662,52006.0,4537340.2
2017-06-14,88.2565,88.2565,86.2539,86.8128,14665.0,1279193.8
2017-06-15,86.6265,88.1634,86.6265,87.7442,9635.0,843376.35
2017-06-16,88.4428,88.4428,86.6265,87.3716,8280.0,724074.85
2017-06-19,88.0702,88.0702,87.0456,87.5579,10635.0,931552.25
2017-06-20,88.21,89.8866,86.7196,88.3031,55895.0,4952005.3
2017-06-21,87.5579,91.703,87.5114,90.9112,123923.0,11217137.05
2017-06-22,90.4455,92.9604,88.6757,89.4209,63996.0,5844306.6
2017-06-23,90.3523,90.5852,87.1853,87.5114,21737.0,1913449.35
2017-06-27,88.4894,88.4894,86.1607,86.3936,14078.0,1221748.95
2017-06-28,86.1607,87.2785,85.695,85.9744,11612.0,1001329.75
2017-06-29,87.1853,88.3031,86.8128,87.3251,7539.0,659786.6
2017-06-30,87.0456,88.0237,85.695,87.1853,12049.0,1046808.45
2017-07-03,88.4894,97.152,85.8813,95.0562,403883.0,38175822.3
2017-07-04,94.9165,100.1793,91.5167,96.7329,465760.0,45632876.0
2017-07-05,97.4315,101.3437,96.826,98.5027,233017.0,23104767.75
2017-07-06,99.1547,100.5053,95.2891,95.9877,78791.0,7710030.0
2017-07-07,96.3603,105.2558,95.7548,100.2725,433737.0,44214105.0
2017-07-10,101.0642,101.3437,97.8972,98.7821,36613.0,3639856.6
2017-07-11,99.9465,101.3902,97.3383,98.5027,82272.0,8213504.85
2017-07-12,98.7355,101.0176,98.7355,100.1793,87591.0,8756184.15
2017-07-13,100.2259,106.0476,98.9684,104.6969,381949.0,39801545.8
2017-07-14,106.7462,106.7462,97.9438,100.9711,219341.0,22405076.25
2017-07-17,100.6916,100.6916,97.9438,98.4095,50353.0,4985376.1
2017-07-18,97.8041,101.0642,97.1055,98.689,74151.0,7384813.25
2017-07-19,98.1301,100.4588,98.1301,98.7355,60539.0,6003461.4
2017-07-20,99.5739,107.8173,99.341,106.6996,378555.0,39615295.1
2017-07-21,107.3982,109.3543,102.7409,104.6504,219109.0,23358366.75
2017-07-24,102.6011,109.82,102.6011,105.4887,305372.0,32844258.25
2017-07-25,106.4667,107.9571,103.6723,104.0915,105367.0,11076871.75
2017-07-26,104.1381,115.8745,103.9518,114.8965,976172.0,109251399.0
2017-07-27,115.7348,116.7594,108.516,109.494,463729.0,51871463.1
2017-07-28,108.0502,114.291,107.5379,113.1733,286120.0,32065901.9
2017-07-31,111.7761,113.4062,110.3789,110.798,101537.0,11318834.1
2017-08-01,111.0309,113.639,107.2119,108.3297,108908.0,12048908.35
2017-08-02,108.4694,110.146,105.5353,106.2339,89580.0,9633671.45
2017-08-03,106.5133,108.842,102.6011,104.3243,72553.0,7670857.15
2017-08-04,104.3243,104.6038,101.7628,103.3929,44407.0,4583481.7
2017-08-07,103.5792,104.9298,101.6231,103.3929,37947.0,3917533.2
2017-08-08,103.8586,104.0915,98.7355,99.8999,62016.0,6258531.85
2017-08-09,98.7355,103.3463,95.1028,101.7162,95085.0,9592440.0
2017-08-10,101.4834,101.4834,94.4508,95.3357,70716.0,6914790.85
2017-08-11,94.1714,97.4315,91.2838,94.2179,70904.0,6685778.8
2017-08-14,95.1028,99.4807,95.1028,98.4095,42346.0,4151778.35
2017-08-16,98.5492,101.2505,97.8506,100.6916,37762.0,3784887.0
2017-08-17,99.2013,102.2751,98.9684,99.7136,30437.0,3051310.8
2017-08-18,99.3876,100.3656,97.4315,98.689,17344.0,1709106.85
2017-08-21,98.689,99.4341,94.3111,95.3823,24616.0,2384696.7
2017-08-22,96.0343,98.1767,95.0097,95.9877,27509.0,2644150.3
2017-08-23,97.7575,101.9957,97.7575,100.9245,63455.0,6365800.2
2017-08-24,99.667,102.834,99.667,101.4834,35795.0,3638242.6
2017-08-28,100.6916,102.0888,99.6204,100.8779,22670.0,2294161.85
2017-08-29,100.2725,101.9957,97.1055,97.8506,32728.0,3226399.85
2017-08-30,101.4834,102.3683,99.0616,101.7162,24840.0,2502822.5
2017-08-31,101.4834,102.3217,99.667,100.1327,39927.0,4019807.7
2017-09-01,99.8067,102.834,99.8067,101.6231,56195.0,5710490.85
2017-09-04,101.6231,104.1381,100.5985,102.2285,34755.0,3560735.45
2017-09-05,102.6011,104.3243,101.9957,103.812,43158.0,4459483.55
2017-09-06,103.16,114.0116,102.5546,112.1021,440771.0,48826081.0
2017-09-07,114.5239,116.1074,112.2418,113.4527,267060.0,30410771.3
2017-09-08,113.5924,126.6796,113.5924,122.5345,954674.0,116046031.3
2017-09-11,124.118,136.2271,123.8852,133.1067,1038251.0,135697776.95
2017-09-12,133.4793,139.6735,127.3782,132.0821,724458.0,97328118.3
2017-09-13,133.1533,137.3449,126.2138,126.8659,243157.0,32046603.95
2017-09-14,130.6849,134.8299,129.8931,131.5232,171687.0,22679529.85
2017-09-15,130.4054,131.6163,125.1892,127.0987,99904.0,12807998.55
2017-09-18,129.0082,132.0821,126.6796,129.5671,137891.0,17899105.8
2017-09-19,130.4054,135.0628,128.2165,131.9889,157978.0,20860874.55
2017-09-20,139.7201,148.8485,135.9942,141.1173,1634338.0,233490339.35
2017-09-21,146.2404,150.6183,141.583,144.098,718909.0,104734262.45
2017-09-22,144.3774,144.3774,132.0821,134.1313,378971.0,52527676.05
2017-09-25,135.3888,135.7148,120.9045,127.4713,199748.0,25377853.5
2017-09-26,127.5645,133.5724,126.7727,131.6629,149322.0,19463090.3
2017-09-27,132.9204,134.5039,123.8852,124.8632,84271.0,10777416.35
2017-09-28,123.9783,129.3342,122.9071,127.3782,80401.0,10207550.15
2017-09-29,129.9397,134.1313,127.1453,128.3096,115958.0,15241482.55
2017-10-03,131.6629,137.1586,130.4054,136.0408,205140.0,27489766.9
2017-10-04,136.5997,142.5145,132.967,136.6463,275116.0,37745372.05
2017-10-05,137.2051,144.098,135.9942,137.8106,206641.0,28982610.35
2017-10-06,138.6955,141.3967,137.3914,138.1366,86685.0,12085071.3
2017-10-09,137.8106,141.3502,132.2218,134.9231,100559.0,13802671.2
2017-10-10,135.0628,136.2737,130.778,131.8492,110534.0,14738571.85
2017-10-11,133.0135,138.7886,128.5425,130.4054,129644.0,17355726.65
2017-10-12,130.4054,145.3089,130.3589,141.9091,483320.0,67968829.15
2017-10-13,142.5145,155.5551,142.5145,147.7307,934235.0,139791670.3
2017-10-16,149.4074,154.903,147.6842,148.5225,309377.0,46711989.35
2017-10-17,149.2211,152.2949,145.4486,148.0102,133935.0,19961142.6
2017-10-18,148.4759,156.4865,146.3801,150.9443,295491.0,45187468.3
2017-10-19,151.7826,152.2018,147.4979,149.5937,57254.0,8610118.65
2017-10-23,150.7114,151.5963,146.7527,149.4074,68681.0,10250607.25
2017-10-24,150.8046,157.3248,148.8485,150.1525,258853.0,39716805.95
2017-10-25,152.2018,153.5524,149.4074,150.6183,70666.0,10694963.15
2017-10-26,150.6183,151.9223,145.5884,146.8924,94285.0,14059757.05
2017-10-27,149.0348,150.6648,142.1419,143.3063,125449.0,18386019.75
2017-10-30,144.3774,165.6615,141.583,162.2616,983415.0,154401932.75
2017-10-31,162.1685,163.6588,155.5551,160.7713,314112.0,50321057.25
2017-11-01,161.9822,164.8697,156.9988,158.1632,200464.0,32397977.15
2017-11-02,158.3029,163.752,151.5963,160.6316,261590.0,41394673.8
2017-11-03,161.1439,161.9822,155.6016,156.766,99263.0,15796099.45
2017-11-06,157.7906,159.9329,153.6921,154.251,94958.0,14926117.05
2017-11-07,156.5331,174.557,152.3415,163.7054,945613.0,157189624.85
2017-11-08,163.6588,176.9788,162.9136,166.6861,471414.0,80325426.4
2017-11-09,167.8504,176.9322,163.2397,166.1272,255280.0,43252694.45
2017-11-10,164.8697,170.4585,164.404,165.9875,105462.0,17638289.7
2017-11-13,167.571,189.7399,166.7792,182.4279,1254580.0,229762842.7
2017-11-14,183.4991,195.515,176.0473,177.3514,781648.0,145528745.35
2017-11-15,176.8857,179.028,161.1439,164.5903,437684.0,73463890.95
2017-11-16,166.6395,171.8557,163.1465,165.4752,219011.0,36569770.35
2017-11-17,167.2915,173.905,166.0341,167.1518,287234.0,48773219.1
2017-11-20,170.9243,182.1019,169.5736,176.8391,609462.0,108217779.95
2017-11-21,176.9788,185.2223,172.5078,173.6255,396217.0,71329854.1
2017-11-22,174.7899,180.1458,172.7872,173.3927,160118.0,28182287.35
2017-11-23,174.557,178.376,171.8557,174.6501,106916.0,18692662.25
2017-11-24,174.883,181.543,172.5543,176.3268,345835.0,61646649.6
2017-11-27,177.4445,181.1704,174.3707,177.4445,285718.0,50727206.5
2017-11-28,177.9103,179.7732,171.3434,172.9269,152838.0,26871040.0
2017-11-29,174.3707,175.535,168.875,170.5983,142294.0,24412034.5
2017-11-30,169.8065,170.3188,165.056,166.0806,106046.0,17744079.75
2017-12-01,167.6176,178.376,165.8012,173.2995,493105.0,85593718.95
2017-12-04,176.0473,179.4938,173.7187,174.5104,449569.0,79216464.85
2017-12-05,173.1598,174.0447,169.1079,170.2257,94872.0,16211918.9
2017-12-06,168.8285,171.2037,165.0094,165.708,102004.0,17042312.5
2017-12-07,166.3135,170.8311,165.3355,168.7353,112066.0,18898074.05
2017-12-08,170.3188,171.2969,166.0806,166.6395,89847.0,15125997.35
2017-12-11,169.1545,169.7134,166.7792,167.9901,81811.0,13760642.8
2017-12-12,169.1545,169.1545,161.6562,162.7739,106430.0,17502876.7
2017-12-13,163.2397,169.6668,161.1439,163.2397,119926.0,19817621.2
2017-12-14,163.6588,165.708,155.9276,159.6069,119463.0,19005047.05
2017-12-15,162.0753,164.3108,159.4672,161.3302,80051.0,12954681.9
2017-12-18,163.9383,174.9761,155.4153,171.4366,351440.0,59752721.45
2017-12-19,172.4146,179.5869,171.39,176.4665,282908.0,49894526.1
2017-12-20,177.0719,177.7706,173.5324,173.905,97699.0,17140375.1
2017-12-21,174.1844,179.1212,173.5324,174.8364,148863.0,26200735.8
2017-12-22,175.9542,177.9103,172.368,172.9735,89099.0,15594272.9
2017-12-26,173.8118,178.8417,173.3461,174.6967,101166.0,17814593.65
2017-12-27,175.535,176.0473,169.6202,171.8557,61025.0,10588167.15
2017-12-28,172.2749,175.1159,167.2915,167.9436,78155.0,13267072.6
2017-12-29,168.4093,169.4805,166.2669,166.5929,50687.0,8504294.25
2018-01-01,167.4778,173.9515,167.4778,169.2011,72147.0,12306338.6
2018-01-02,170.2722,170.2722,163.7985,166.5464,71478.0,11888148.7
2018-01-03,167.571,169.4339,165.9875,166.7327,50412.0,8451438.55
2018-01-04,168.223,172.3215,166.7327,171.2037,100192.0,17012468.6
2018-01-05,171.9955,176.7925,170.5051,173.2064,173641.0,30239016.95
2018-01-08,173.2529,174.1844,169.7134,170.4585,53993.0,9277670.85
2018-01-09,170.9243,174.3241,167.9901,169.2942,92797.0,15921627.15
2018-01-10,172.2283,172.2283,167.5244,168.0833,67954.0,11480402.45
2018-01-11,169.5271,170.3188,166.7792,167.1984,47303.0,7942258.85
2018-01-12,167.1984,171.2037,164.1246,166.0341,91692.0,15323661.4
2018-01-15,166.3601,169.9928,164.2643,165.2423,76564.0,12780873.7
2018-01-16,166.3601,166.7327,156.0208,156.9057,117779.0,18926975.9
2018-01-17,155.6948,160.6781,151.8758,159.4206,65299.0,10268713.35
2018-01-18,160.4918,162.1685,149.2676,151.41,79299.0,12271686.35
2018-01-19,158.2563,161.4699,153.6921,158.5357,125638.0,19811115.85
2018-01-22,158.3495,171.3434,155.9276,165.1957,386615.0,64711282.65
2018-01-23,165.6615,165.6615,159.5138,160.3055,46461.0,7526982.9
2018-01-24,160.3055,160.5384,153.7853,154.6702,54832.0,8569930.4
2018-01-25,154.6702,157.9769,149.4539,152.6675,44516.0,6803597.95
2018-01-29,153.5524,156.9523,150.1991,152.0621,37747.0,5798085.2
2018-01-30,150.6648,153.2264,147.591,148.5225,52276.0,7813556.2
2018-01-31,147.2184,151.8292,145.6815,147.3581,30836.0,4573928.85
2018-02-01,145.4952,160.2124,144.6103,152.6209,123651.0,18868470.75
2018-02-02,147.1718,149.0348,142.4214,143.3063,72550.0,10568252.8
2018-02-05,139.8133,141.583,135.1559,139.2078,74510.0,10308209.1
2018-02-06,133.7121,136.9257,125.981,134.2244,70794.0,9390418.9
2018-02-07,136.9257,145.8678,136.9257,142.2816,70023.0,9914653.95
2018-02-08,149.7334,153.6921,143.3528,144.3774,155461.0,23149154.55
2018-02-09,144.3774,148.8485,139.7201,145.5884,54725.0,7972789.85
2018-02-12,145.7281,153.6921,145.7281,151.9223,92358.0,13957213.0
2018-02-14,152.9935,155.5551,144.6103,147.591,121391.0,18036836.75
2018-02-15,148.1965,152.2949,144.9363,147.4979,103963.0,15503942.85
2018-02-16,149.9662,153.6921,145.3089,145.9144,180602.0,26776125.2
2018-02-19,145.8212,147.2184,141.583,142.1419,36181.0,5191860.75
2018-02-20,141.8625,143.7254,139.7201,140.2324,66217.0,9305164.15
2018-02-21,141.583,142.2351,138.9284,140.6516,76182.0,10665540.35
2018-02-22,139.627,141.3502,138.5558,139.2078,19321.0,2701412.85
2018-02-23,139.627,142.8871,139.627,141.5365,83999.0,11767078.2
2018-02-26,141.8159,144.8432,137.3449,137.9037,67321.0,9403544.25
2018-02-27,138.7421,139.7201,135.9942,137.438,98579.0,13478602.5
2018-02-28,137.1586,137.5312,134.597,136.2737,32698.0,4451123.2
2018-03-01,135.9011,138.09,133.1998,134.0847,38386.0,5195599.65
2018-03-05,133.1533,133.1998,127.7973,129.5205,40668.0,5322665.35
2018-03-06,128.5891,132.1752,128.1699,129.0082,38419.0,4992502.85
2018-03-07,127.7973,129.474,121.1839,121.6031,65446.0,8120741.55
2018-03-08,122.3017,125.6549,114.0116,118.3429,91193.0,10801456.95
2018-03-09,119.2278,132.9204,118.9018,124.3509,301488.0,38704253.2
2018-03-12,125.2358,130.8712,124.3509,127.937,92431.0,11744424.95
2018-03-13,127.4247,130.2657,125.0495,127.9836,41781.0,5348315.75
2018-03-14,127.3316,127.937,125.2824,125.7947,35135.0,4444381.7
2018-03-15,125.2358,129.474,124.5372,126.4001,58507.0,7386310.4
2018-03-16,125.9344,128.6356,125.2824,125.6084,45477.0,5776638.3
2018-03-19,124.5838,127.5179,119.4607,120.3922,39804.0,4879399.95
2018-03-20,119.4607,121.8359,118.7155,119.5538,37122.0,4460308.3
2018-03-21,119.973,125.5618,117.5046,118.8087,109076.0,13234919.9
2018-03-22,118.995,119.973,113.9185,115.6882,34340.0,4039792.65
2018-03-23,112.8007,115.502,111.5432,112.6144,52511.0,5948315.4
2018-03-26,110.2392,120.9045,110.146,116.5266,87253.0,10046083.8
2018-03-27,117.6909,124.8166,117.6909,123.1866,73854.0,8991106.0
2018-03-28,121.0908,123.7454,118.4361,121.6496,36259.0,4387717.2
2018-04-02,126.633,131.8958,124.3043,129.1014,67600.0,8678288.1
2018-04-03,126.6796,133.945,126.6796,132.9204,41517.0,5446089.85
2018-04-04,132.3615,136.9257,129.1945,131.0575,44391.0,5903329.3
2018-04-05,132.641,134.3176,131.3369,131.8958,21397.0,2838270.95
2018-04-06,131.2903,133.4327,129.2411,130.4054,32228.0,4195207.1
2018-04-09,129.474,133.7121,127.9836,129.2877,39821.0,5170299.5
2018-04-10,130.0328,134.9696,129.7068,131.8026,30020.0,3974888.7
2018-04-11,132.1752,133.9916,129.7068,132.7341,21030.0,2771175.05
2018-04-12,133.1533,135.8545,130.452,131.1972,52161.0,6912845.8
2018-04-13,130.778,131.5232,128.6356,129.148,25288.0,3289682.2
2018-04-16,128.5425,130.5452,128.5425,128.8685,19835.0,2558824.05
2018-04-17,128.5425,133.6656,128.5425,132.2684,30501.0,4030967.6
2018-04-18,132.967,153.4127,131.43,144.75,566079.0,82090353.75
2018-04-19,144.3774,150.8977,142.1419,143.5391,133675.0,19516923.25
2018-04-20,145.3089,145.3089,138.4161,140.279,57813.0,8229298.35
2018-04-23,139.3475,150.6648,139.3009,146.0075,173170.0,25442120.05
2018-04-24,145.7746,151.2703,145.3089,146.287,64258.0,9519368.2
2018-04-25,144.3774,150.6183,144.3774,145.5884,118822.0,17465146.4
2018-04-26,145.9144,147.265,143.9583,145.0295,51344.0,7479612.25
2018-04-27,147.4979,157.418,146.7061,153.925,435986.0,66929287.7
2018-04-30,156.4865,169.4339,155.5551,162.0288,856304.0,139947988.0
2018-05-02,162.1685,162.3082,153.6921,157.9769,144877.0,22892982.45
2018-05-03,157.1385,158.9083,146.8458,147.2184,113548.0,17069877.15
2018-05-04,146.7993,150.3388,145.5418,146.4732,35885.0,5286501.9
2018-05-07,147.1253,148.2896,142.5145,144.0049,39305.0,5689871.15
2018-05-08,143.5391,147.3116,142.1419,143.4926,39847.0,5733687.45
2018-05-09,143.3994,148.5225,142.6542,143.4926,47402.0,6899903.15
2018-05-10,144.0049,144.3774,140.4187,140.7913,19477.0,2771892.0
2018-05-11,140.4187,142.5145,138.2763,139.8133,24105.0,3373110.4
2018-05-14,139.7201,141.4433,134.5039,136.5065,32379.0,4454454.15
2018-05-15,135.7148,140.9776,134.1779,134.7833,32939.0,4533309.25
2018-05-16,134.1313,136.8326,131.3369,131.7561,33355.0,4433049.0
2018-05-17,132.3615,139.5804,131.8026,137.2983,37264.0,5037958.1
2018-05-18,136.9257,138.7421,133.1998,133.945,22424.0,3048031.95
2018-05-21,134.1313,143.446,133.8053,140.1858,89353.0,12392869.25
2018-05-22,140.1858,147.1718,138.7886,145.7281,99649.0,14311018.35
2018-05-23,145.3089,148.569,142.5145,144.2377,89260.0,13070391.3
2018-05-24,149.0348,161.3767,148.569,155.1359,793198.0,123441510.1
2018-05-25,154.6236,155.9276,151.9223,152.6209,63009.0,9679087.35
2018-05-28,152.6209,157.9769,152.6209,157.5111,61932.0,9660876.55
2018-05-29,157.5111,160.7247,153.9716,155.1359,62085.0,9801804.45
2018-05-30,154.6236,156.5331,153.5058,154.1579,22272.0,3440571.2
2018-05-31,155.5085,155.7413,150.8977,151.6429,31460.0,4801419.2
2018-06-01,153.1332,155.9276,145.2158,146.1007,58290.0,8703230.4
2018-06-04,147.1718,148.569,138.4626,139.4872,34402.0,4901943.55
2018-06-05,138.1832,138.8818,127.611,130.0794,85919.0,11311399.75
2018-06-06,129.474,136.3203,126.959,134.2244,42059.0,5614595.9
2018-06-07,132.5012,141.5365,132.5012,139.0681,55665.0,7712741.25
2018-06-08,138.7886,141.1639,136.8791,137.764,30014.0,4160169.75
2018-06-11,139.627,144.8432,139.627,142.0488,51542.0,7362657.7
2018-06-12,142.0022,149.0348,140.3721,146.3801,79297.0,11575804.5
2018-06-13,145.9144,146.613,142.9802,143.6323,21193.0,3075026.05
2018-06-14,144.3309,145.7746,142.5611,144.3774,27411.0,3955192.3
2018-06-15,144.1446,147.2184,143.446,146.0075,26207.0,3813346.95
2018-06-18,145.0295,145.0295,140.8379,141.8159,13707.0,1957429.95
2018-06-19,140.279,142.5145,136.9723,138.3229,17973.0,2504839.6
2018-06-20,138.3229,139.2078,136.1805,137.3449,17460.0,2399736.15
2018-06-21,137.6709,139.2078,135.5751,136.5531,7896.0,1085553.1
2018-06-22,136.3668,137.764,133.4327,136.134,14691.0,1986519.8
2018-06-25,135.9942,138.2298,132.7341,134.3642,13028.0,1767049.9
2018-06-26,133.293,134.9696,132.6875,134.1313,9308.0,1243768.95
2018-06-27,133.5258,133.9916,125.7481,128.0768,27595.0,3552692.65
2018-06-28,126.959,130.452,124.8166,127.8439,35083.0,4464795.75
2018-06-29,130.3123,132.1752,127.7973,131.7095,23074.0,3017285.35
2018-07-02,130.5452,133.1067,130.452,132.6875,19839.0,2614140.6
2018-07-03,131.3369,143.446,131.3369,138.5092,77483.0,10783856.55
2018-07-04,139.5338,143.446,136.0874,137.9969,36770.0,5123239.35
2018-07-05,136.8791,138.2298,134.1313,134.9231,10315.0,1402751.85
2018-07-06,134.6436,141.583,133.619,137.9503,27871.0,3841704.05
2018-07-09,138.7421,145.2158,138.2763,144.3774,57199.0,8184190.4
2018-07-10,143.0268,148.1033,143.0268,144.6569,32322.0,4725565.3
2018-07-11,145.8212,145.8212,138.8818,139.3009,23621.0,3327713.65
2018-07-12,139.8598,141.4899,133.4327,134.271,45098.0,6165245.2
2018-07-13,136.9257,136.9257,130.4986,131.6163,22991.0,3059410.65
2018-07-16,130.4986,131.6629,125.7481,126.633,32628.0,4182096.1
2018-07-17,126.9124,131.6629,126.307,128.9617,23940.0,3093969.3
2018-07-18,129.1014,130.1726,126.5398,128.5891,17287.0,2227102.1
2018-07-19,129.1014,129.1014,122.9537,123.792,22330.0,2796449.2
2018-07-20,124.6769,129.0082,122.4414,125.0029,26391.0,3315509.55
2018-07-23,125.2855,129.0535,125.2855,128.0173,17546.0,2238503.4
2018-07-24,128.0644,134.7055,125.2855,132.0208,59808.0,7827445.95
2018-07-25,132.2092,133.7164,131.0317,131.7382,14260.0,1883334.25
2018-07-26,131.644,134.5171,131.644,133.2454,10743.0,1428284.55
2018-07-27,134.7055,137.5315,133.2925,135.5533,24892.0,3385411.45
2018-07-30,135.2236,139.18,135.2236,136.4953,10730.0,1467120.6
2018-07-31,135.2236,139.18,135.2236,137.3431,15041.0,2066931.3
2018-08-01,137.0605,141.8647,135.9301,137.4844,32700.0,4513870.3
2018-08-02,137.0605,142.2415,135.0823,140.4046,37165.0,5214144.6
2018-08-03,140.3104,145.821,140.3104,144.7377,34703.0,4995661.8
2018-08-06,145.6797,148.5528,142.8067,145.4442,36628.0,5371738.65
2018-08-07,145.0674,153.0744,145.0674,151.9911,88846.0,13325303.95
2018-08-08,152.6034,177.7547,152.6034,170.5955,1025610.0,173321272.1
2018-08-09,171.9143,177.8489,162.2589,163.4364,337071.0,57337435.2
2018-08-10,164.0016,174.2222,159.1974,161.5995,544982.0,91310744.7
2018-08-13,163.0125,169.6065,161.5995,165.4146,192501.0,31948887.75
2018-08-14,165.6972,174.9758,162.5886,171.5375,253910.0,43364662.85
2018-08-16,169.842,178.0373,169.6536,177.5663,221326.0,38970858.7
2018-08-17,177.0953,192.1202,177.0953,187.5986,718199.0,134610648.6
2018-08-20,187.5986,191.8847,179.9213,186.5624,229384.0,43020664.2
2018-08-21,187.3631,197.1127,186.9392,195.1817,503560.0,97967020.35
2018-08-23,194.9933,200.3626,189.3413,190.2362,301975.0,58562156.9
2018-08-24,191.6963,192.3557,180.2981,183.7364,133753.0,24754608.85
2018-08-27,185.9501,186.9863,180.3923,182.5589,96125.0,17647859.0
2018-08-28,184.1132,209.029,180.1097,202.8118,1012265.0,201685064.45
2018-08-29,207.2392,211.9021,197.9605,200.2684,379512.0,77574180.05
2018-08-30,201.493,202.7647,194.6636,196.3121,161461.0,32067680.75
2018-08-31,197.9134,213.3622,194.3339,204.9784,438134.0,91139375.8
2018-09-03,206.6269,215.6701,204.4132,206.3443,425582.0,89746780.55
2018-09-04,207.4276,210.8188,200.9278,202.4821,177083.0,36443966.6
2018-09-05,202.4821,203.3299,190.5659,196.7359,155786.0,30616428.6
2018-09-06,198.1489,206.9566,194.7107,204.3661,222769.0,45070502.05
2018-09-07,204.6487,211.855,200.9278,204.0835,181725.0,37639342.55
2018-09-10,201.5872,206.2972,196.8301,197.4895,67854.0,13564437.05
2018-09-11,197.5837,201.3046,184.1603,187.787,103645.0,19951481.5
2018-09-12,187.0334,203.4712,184.1603,199.138,282269.0,55464017.3
2018-09-14,199.4206,229.3761,196.8772,225.1371,944160.0,207037894.45
2018-09-17,225.9378,242.8467,224.2893,236.2527,759972.0,178458070.35
2018-09-18,237.6657,256.0346,236.0643,244.8249,710205.0,176355142.4
2018-09-19,249.3935,249.3935,230.7891,234.6513,290670.0,69367021.4
2018-09-21,243.8358,243.8358,189.3413,213.7861,320737.0,69334398.7
2018-09-24,213.5977,218.5432,200.1271,204.8842,208256.0,43200498.9
2018-09-25,201.8227,208.4638,186.6095,195.3701,218712.0,43329983.6
2018-09-26,197.0656,214.681,195.9353,208.7464,295018.0,61311174.2
2018-09-27,207.2392,208.6993,195.1817,198.7141,99315.0,20049971.45
2018-09-28,198.2902,201.3517,179.0735,185.1023,209324.0,39546177.35
2018-10-01,184.6313,185.8088,165.3204,179.6858,258731.0,45145288.3
2018-10-03,180.722,193.9571,177.0953,183.2183,255868.0,47292227.25
2018-10-04,179.0264,183.077,173.3744,174.599,217782.0,38344896.65
2018-10-05,173.7983,181.9937,168.6174,170.9723,221086.0,38195765.0
2018-10-08,174.2693,177.8489,166.8276,172.0085,220049.0,37727400.35
2018-10-09,173.3273,180.2981,171.7259,179.0264,108379.0,19158917.65
2018-10-10,181.6169,214.8223,179.9684,214.8223,510751.0,105789450.3
2018-10-11,202.5292,224.4306,194.7107,210.8659,526125.0,111859958.7
2018-10-12,216.6592,239.2671,216.6592,230.3181,363485.0,84143396.95
2018-10-15,230.7891,244.9191,226.5501,235.452,311118.0,73826247.2
2018-10-16,237.336,239.22,223.2531,227.7276,152065.0,34932573.7
2018-10-17,231.7311,239.2671,215.7643,217.2715,271737.0,62003830.35
2018-10-19,217.3186,230.6949,212.1376,222.4525,289287.0,64688872.6
2018-10-22,224.6661,228.6696,212.0434,218.5432,154057.0,33665092.55
2018-10-23,215.0578,222.6409,207.616,213.1738,143505.0,30672830.95
2018-10-24,215.623,221.0866,209.4058,212.6086,163431.0,34700949.75
2018-10-25,209.5942,213.1738,205.732,209.5,134162.0,27927664.65
2018-10-26,209.1232,223.1589,205.3552,217.7896,127459.0,27524948.7
2018-10-29,219.9091,229.6587,219.3439,227.9631,121670.0,27434954.9
2018-10-30,227.9631,246.7089,226.3617,242.1402,278679.0,66975202.7
2018-10-31,244.2126,259.8497,244.2126,253.4912,413342.0,104515954.7
2018-11-01,255.5636,276.0049,255.281,272.3783,540851.0,144179735.0
2018-11-02,275.2984,289.1458,274.121,285.2365,410083.0,115412035.1
2018-11-05,284.2474,294.6565,279.7729,291.6892,268396.0,77940462.6
2018-11-06,292.2073,314.5797,288.5806,310.953,688902.0,209280039.1
2018-11-07,315.4746,329.5103,315.4746,325.5069,392236.0,127218256.0
2018-11-09,325.9779,328.1444,277.8889,280.762,664757.0,199612377.3
2018-11-12,274.3094,292.8667,264.9365,275.5339,531059.0,147070864.95
2018-11-13,271.295,278.6896,257.165,263.9003,574515.0,152596520.4
2018-11-14,266.3024,298.3303,258.3425,286.6024,841845.0,240919321.6
2018-11-15,286.6024,296.7289,279.9613,281.4214,267823.0,77143616.55
2018-11-16,283.5409,286.7437,268.469,269.9291,143944.0,39613346.1
2018-11-19,272.0957,277.465,267.998,270.353,91962.0,25050348.0
2018-11-20,271.7189,283.5409,266.5379,270.1646,330741.0,90769462.8
2018-11-21,270.353,279.0193,268.7987,270.824,157070.0,42861145.75
2018-11-22,271.7189,283.3996,270.824,273.2261,219706.0,60969863.35
2018-11-26,274.121,277.8889,261.9221,263.4293,167906.0,44748129.45
2018-11-27,263.759,270.3059,261.5453,264.701,168399.0,44749487.65
2018-11-28,267.056,272.9906,263.759,264.1358,125557.0,33677838.85
2018-11-29,266.2082,270.7298,263.1467,266.8205,96151.0,25632885.3
2018-11-30,266.4908,269.7407,264.7952,266.7734,72686.0,19444040.7
2018-12-03,268.6103,269.5523,261.875,267.2444,76782.0,20457776.8
2018-12-04,266.3495,271.295,261.0272,262.0163,105717.0,28112817.2
2018-12-05,261.5453,261.5453,251.7014,255.281,105951.0,27102642.4
2018-12-06,251.513,253.397,245.7198,249.8174,121680.0,30269142.45
2018-12-07,250.8536,258.107,248.4045,249.5819,81850.0,20684833.25
2018-12-10,244.8249,246.8031,236.4411,238.7019,79922.0,19424372.15
2018-12-11,237.4302,250.5239,236.2998,247.4625,119823.0,29151954.25
2018-12-12,250.7594,266.114,249.6761,263.0054,136995.0,35614440.1
2018-12-13,265.2191,268.2806,259.9439,261.4511,122815.0,32445095.2
2018-12-14,260.3207,263.5235,256.7882,257.6831,28380.0,7363321.95
2018-12-17,258.3425,268.2806,257.7302,264.5597,117610.0,31051972.85
2018-12-18,261.404,273.0848,260.933,262.7228,176151.0,46993814.75
2018-12-19,264.4655,270.9182,259.049,267.2444,127181.0,33813166.15
2018-12-20,265.5017,285.4249,264.0887,275.2513,597818.0,165757470.1
2018-12-21,276.2875,277.5592,263.1467,264.701,135088.0,36417581.95
2018-12-24,264.701,267.0089,255.4694,256.2701,63371.0,16487910.9
2018-12-26,253.7738,270.2117,250.6181,266.8676,216255.0,55976509.95
2018-12-27,269.5994,272.0957,262.2047,264.1358,94006.0,25160183.85
2018-12-28,265.0778,272.0957,263.0525,264.2771,60458.0,16213659.35
2018-12-31,264.7952,270.353,262.9112,263.6648,68614.0,18211167.1
2019-01-01,265.2191,267.1502,259.3316,261.0272,60501.0,15903881.9
2019-01-02,258.3425,263.5235,256.5998,258.7193,41553.0,10808651.9
2019-01-03,258.107,263.288,254.339,256.223,63770.0,16525078.8
2019-01-04,256.223,258.8606,252.9731,255.6107,48807.0,12465071.75
2019-01-07,257.4476,258.5309,245.9553,249.0638,51232.0,12949697.1
2019-01-08,247.7451,258.7664,247.7451,257.2592,67217.0,17078404.15
2019-01-09,258.8135,260.0381,249.2993,251.1362,90422.0,22935337.0
2019-01-10,249.629,252.7847,244.9191,245.814,71727.0,17797304.65
2019-01-11,246.8031,250.4297,237.6186,246.285,134074.0,32547103.1
2019-01-14,243.9771,249.5819,243.2235,246.4734,35584.0,8765761.95
2019-01-15,245.4843,256.3643,245.4843,254.5274,77385.0,19537285.35
2019-01-16,258.9548,259.991,250.3355,255.6107,84018.0,21357402.9
2019-01-17,255.2339,257.6831,252.455,254.7629,29129.0,7417804.45
2019-01-18,253.9151,254.4803,246.6147,248.3103,20569.0,5144152.1
2019-01-21,247.3683,249.9116,241.8105,244.8249,50241.0,12298995.95
2019-01-22,243.5532,244.401,236.6295,238.3722,51866.0,12425838.6
2019-01-23,237.9012,244.7307,237.7128,240.4446,38727.0,9361750.1
2019-01-24,240.2091,242.988,235.5462,236.6766,58253.0,13831980.4
2019-01-25,236.7237,242.5641,227.1624,228.5754,87102.0,20551899.0
2019-01-28,227.9631,233.9448,200.8336,217.9309,118292.0,25222694.3
2019-01-29,212.8912,221.3692,212.8912,219.6736,34911.0,7654657.55
2019-01-30,220.0504,229.329,218.8258,227.2566,35085.0,7896419.7
2019-01-31,224.7132,243.8358,224.7132,238.0425,52080.0,12263343.7
2019-02-01,238.8903,240.8685,233.6151,235.5933,51383.0,12145665.25
2019-02-04,233.6151,234.4629,223.5828,225.7023,39314.0,9001244.85
2019-02-05,222.5938,232.2021,222.5938,227.916,41723.0,9585783.6
2019-02-06,228.5754,234.3687,223.7241,231.7311,69871.0,15967500.4
2019-02-07,231.684,242.7525,228.0573,240.0678,109628.0,26115349.15
2019-02-08,240.9627,250.571,240.9627,245.5314,143428.0,35288427.55
2019-02-11,247.5567,252.2666,212.9854,218.9671,186482.0,42850351.75
2019-02-12,218.5432,221.8402,203.5654,207.2863,149644.0,31477633.15
2019-02-13,210.0652,210.4891,181.4285,184.019,196129.0,37483750.1
2019-02-14,185.5262,196.5946,179.9213,194.2868,108491.0,20782636.1
2019-02-15,194.0513,197.725,183.1241,185.6675,85335.0,16152329.1
2019-02-18,184.5371,184.5371,173.3744,175.6352,65058.0,11601159.0
2019-02-19,174.9287,185.5733,174.8816,182.7944,120538.0,22027458.75
2019-02-20,184.2074,186.4682,180.9575,184.961,46887.0,8637869.05
2019-02-21,182.135,195.7469,181.3343,190.613,156444.0,29890395.3
2019-02-22,189.7181,209.1232,187.9754,203.2357,244530.0,49568595.85
2019-02-25,203.8951,212.5615,201.8227,204.2719,179068.0,37213707.8
2019-02-26,198.7612,203.4712,191.8847,196.0766,103715.0,20652082.95
2019-02-27,198.667,204.79,190.4246,194.3339,82293.0,16204281.7
2019-02-28,196.6888,199.7032,194.9933,197.6308,33016.0,6522064.8
2019-03-01,199.3735,211.6666,199.3264,207.145,129889.0,26752440.7
2019-03-05,205.9204,221.3692,205.3552,218.92,242372.0,52357127.0
2019-03-06,218.5432,232.4847,213.9745,222.3112,193518.0,43163504.45
2019-03-07,222.3112,222.3112,212.8912,215.5288,74016.0,16089921.45
2019-03-08,214.3042,219.0142,209.3587,210.8188,47399.0,10140853.45
2019-03-11,210.3007,221.9815,210.2536,217.4599,73001.0,15935207.6
2019-03-12,218.6374,225.1371,212.1847,216.2824,114334.0,25218763.35
2019-03-13,216.2824,218.5432,209.3587,211.5253,64689.0,13787966.85
2019-03-14,211.9492,216.4708,206.2501,208.087,121227.0,25428274.9
2019-03-15,208.1812,211.9492,199.2793,202.6234,77474.0,15977215.15
2019-03-18,202.5292,204.5545,191.9318,200.2213,82627.0,16404844.85
2019-03-19,200.3155,207.2392,197.0656,206.4385,94074.0,19134704.0
2019-03-20,206.2972,214.681,203.9893,212.5615,112046.0,23541195.55
2019-03-22,212.4202,215.6701,208.3696,210.0652,96225.0,20320833.0
2019-03-25,207.4747,208.6051,202.5292,203.5183,31118.0,6397958.4
2019-03-26,205.3081,206.7682,201.5872,203.2828,35135.0,7153108.3
2019-03-27,204.8371,212.4673,202.5292,208.7935,81241.0,16925673.65
2019-03-28,210.9601,211.6195,205.1668,206.9095,16441.0,3434637.2
2019-03-29,207.616,209.2174,205.3552,207.3805,30220.0,6258136.0
2019-04-01,207.4747,217.4599,207.4747,214.1629,72050.0,15430832.8
2019-04-02,216.1411,216.6592,211.0543,213.3622,38405.0,8179946.2
2019-04-03,213.3622,222.0286,208.1812,209.0761,84408.0,18074128.2
2019-04-04,208.2754,213.5506,206.9095,210.4891,30615.0,6414739.6
2019-04-05,212.1847,217.036,210.9601,214.1158,31787.0,6796153.75
2019-04-08,213.9274,215.7172,209.8297,211.6666,22655.0,4815407.05
2019-04-09,209.3587,216.094,209.3587,213.5977,28118.0,6007185.6
2019-04-10,212.6086,216.094,211.1485,212.1376,30804.0,6575723.7
2019-04-11,214.21,220.4272,212.8912,215.3875,60945.0,13198627.55
2019-04-12,214.8694,220.2388,212.9383,218.4961,35736.0,7755191.95
2019-04-15,216.8476,221.1808,213.3151,215.9527,49215.0,10686609.15
2019-04-16,216.9889,220.7098,214.7752,216.0469,29868.0,6522063.65
2019-04-18,216.094,216.2824,209.1232,209.8768,22722.0,4815676.05
2019-04-22,208.4167,209.1232,200.6452,201.0691,27589.0,5640001.9
2019-04-23,199.7032,204.4132,198.9496,200.0329,20402.0,4118695.9
2019-04-24,204.4132,204.4132,199.9858,200.8336,11719.0,2354489.95
2019-04-25,203.2357,204.4132,200.0329,200.7865,6326.0,1282187.05
2019-04-26,201.5872,202.5292,196.5004,198.1018,19307.0,3830267.8
2019-04-30,197.8192,197.8192,190.2833,190.6601,12136.0,2338433.9
2019-05-02,192.1673,198.4786,188.3993,189.4826,27545.0,5304855.55
2019-05-03,191.2724,192.6383,188.3993,189.2,10441.0,1985046.75
2019-05-06,193.0151,193.0151,182.3705,183.4067,31103.0,5804621.8
2019-05-07,183.6893,188.258,182.3705,186.374,21406.0,3971869.25
2019-05-08,186.7037,191.8847,182.7002,189.2942,22184.0,4187751.65
2019-05-09,190.3304,191.1782,186.5624,187.8341,11650.0,2195365.8
2019-05-10,188.6819,193.1093,187.3631,191.7905,10454.0,1989577.0
2019-05-13,188.5406,190.8014,186.5153,188.0225,23572.0,4443095.95
2019-05-14,185.5733,188.3993,182.7473,186.2327,26079.0,4864844.4
2019-05-15,186.2327,189.8123,185.1023,185.903,11181.0,2091661.15
2019-05-16,186.0443,194.0513,183.6893,191.084,27267.0,5142424.7
2019-05-17,197.8192,202.5292,194.5694,197.725,145657.0,28854542.25
2019-05-20,202.2466,211.9021,197.8192,205.5907,97276.0,19953392.1
2019-05-21,206.0146,206.6269,196.9243,197.9605,32343.0,6488875.15
2019-05-22,197.725,198.7141,192.1673,193.439,21015.0,4104877.8
2019-05-23,195.1346,201.8227,194.0984,195.5585,49929.0,9882531.65
2019-05-24,194.0513,211.0072,194.0513,208.4638,89871.0,18433443.8
2019-05-27,208.0399,227.916,207.9457,222.735,195656.0,43370996.1
2019-05-28,224.4306,229.7058,220.0504,227.1624,78784.0,17772223.95
2019-05-29,226.2204,232.0137,220.9924,224.619,68723.0,15630742.25
2019-05-30,224.148,226.032,215.7172,218.5903,55234.0,12250508.0
2019-05-31,219.5794,222.3112,211.1956,212.1376,38723.0,8335329.05
2019-06-03,212.4202,213.4564,207.8986,209.1703,19551.0,4103935.1
2019-06-04,208.1812,213.8332,207.2863,210.1123,15362.0,3243497.1
2019-06-06,215.2462,215.2462,204.3661,206.1559,23702.0,4952234.5
2019-06-07,203.0473,206.3443,198.7612,200.3626,45517.0,9191768.2
2019-06-10,198.8554,202.6234,196.4063,198.2902,24936.0,4960501.3
2019-06-11,199.3735,202.906,195.2759,198.7612,26342.0,5248427.5
2019-06-12,198.6199,199.6561,195.9353,198.2902,14576.0,2881702.1
2019-06-13,197.8192,202.1053,196.0295,198.3373,15455.0,3057580.4
2019-06-14,197.8192,198.3373,194.0513,195.6056,28753.0,5647965.1
2019-06-17,194.0984,200.7394,188.3993,188.8232,13966.0,2671001.35
2019-06-18,194.2868,194.2868,187.8341,191.3666,15738.0,3008006.8
2019-06-19,194.4281,194.4281,179.2148,182.1821,40494.0,7437928.8
2019-06-20,179.78,188.8703,174.3164,187.9283,31355.0,5715364.85
2019-06-21,194.8991,194.8991,182.7473,188.4464,25367.0,4788941.1
2019-06-24,185.5733,194.1926,185.1494,188.2109,2541.0,478477.3
2019-06-25,183.6893,191.3195,182.3705,188.3993,7482.0,1410760.4
2019-06-26,185.5733,194.0513,185.5733,192.2615,9243.0,1767769.7
2019-06-27,192.2615,199.7032,190.7543,193.6274,11185.0,2182274.7
2019-06-28,190.2833,195.1817,190.2833,192.4028,4404.0,849546.2
2019-07-01,190.3775,194.0513,189.4355,191.5079,12477.0,2397629.5
2019-07-02,189.4355,191.9318,187.5515,189.4355,4999.0,950356.45
2019-07-03,189.3413,190.9898,187.5515,190.6601,10833.0,2059007.5
2019-07-04,184.6313,192.1202,184.6313,189.2471,7676.0,1455963.65
2019-07-05,188.3993,190.3304,186.7037,188.5406,9978.0,1882178.5
2019-07-08,188.5406,188.5406,181.8053,183.4067,16440.0,3021349.85
2019-07-09,181.1459,183.8777,179.9213,182.7002,16977.0,3088740.4
2019-07-10,180.8633,188.2109,180.4865,182.0408,26790.0,4942461.9
2019-07-11,179.2619,185.5733,178.5083,180.7691,21321.0,3887161.0
2019-07-12,181.3343,181.4285,175.2113,177.5663,36546.0,6502954.8
2019-07-15,176.1533,180.6749,176.1533,178.0844,27741.0,4955745.65
2019-07-16,176.1533,178.4141,174.3635,175.7765,18617.0,3274623.1
2019-07-17,174.3635,177.5663,174.3635,175.2584,14927.0,2633436.85
2019-07-18,174.3635,175.3997,171.9143,172.9976,8175.0,1421739.1
2019-07-19,172.8563,174.1751,160.6104,163.2009,34230.0,5659276.9
2019-07-22,160.1394,162.0234,153.7809,161.1756,40674.0,6423676.9
2019-07-23,158.2554,162.9654,158.2554,159.3858,9103.0,1462013.8
2019-07-24,158.2554,162.0234,149.4006,150.4368,73655.0,11262540.6
2019-07-25,149.0709,150.7194,142.4299,148.7412,46931.0,6957556.6
2019-07-26,147.8826,152.7007,147.8826,150.3632,41270.0,6271334.0
2019-07-29,144.5433,152.0805,144.5433,148.5981,14986.0,2235938.95
2019-07-30,147.1193,152.1282,138.3895,141.2517,20040.0,2923691.8
2019-07-31,142.1104,151.5081,139.3912,148.3119,46083.0,6596377.95
2019-08-01,147.8826,150.8879,140.2976,141.2517,15476.0,2222260.3
2019-08-02,138.5803,143.1122,138.5803,141.2517,22172.0,3134836.1
2019-08-05,139.2958,140.727,134.8116,136.2905,12009.0,1659205.55
2019-08-06,137.3877,145.6882,134.5731,144.6387,21686.0,3066280.25
2019-08-07,146.9285,148.8366,144.1139,145.068,13996.0,2053806.95
2019-08-08,142.1581,149.6953,142.1581,148.6935,10193.0,1503231.95
2019-08-09,151.5081,171.6392,150.5063,152.4144,113429.0,17947414.75
2019-08-13,152.6053,156.3262,144.591,146.2129,26917.0,4002876.9
2019-08-14,146.2129,147.8349,143.1122,143.6846,18554.0,2684088.75
2019-08-16,140.4884,146.5468,137.34,142.5397,16139.0,2293258.7
2019-08-19,142.5397,146.9285,141.204,143.4938,6688.0,964739.75
2019-08-20,144.0662,145.2111,136.529,137.4354,17710.0,2470819.15
2019-08-21,136.529,138.8188,133.5713,134.5731,13956.0,1889461.85
2019-08-22,133.5713,133.5713,125.2708,127.8469,19443.0,2536991.0
2019-08-23,124.9846,138.2463,121.9793,131.1384,30084.0,3960157.2
2019-08-26,132.6173,142.6351,132.6173,139.8683,18354.0,2521007.6
2019-08-27,141.9673,151.3173,140.2976,147.7394,21012.0,3082783.9
2019-08-28,150.4586,150.6494,140.5361,143.6846,18715.0,2728742.2
2019-08-29,147.2624,147.2624,133.619,135.3841,26196.0,3589715.9
2019-08-30,136.4813,146.356,136.4813,139.6298,39483.0,5485265.4
2019-09-03,138.3417,139.3912,134.5731,135.3364,9813.0,1332813.25
2019-09-04,134.5731,137.817,134.5731,136.529,13405.0,1824211.75
2019-09-05,138.3417,139.2958,136.529,137.1491,6761.0,930231.15
2019-09-06,136.4813,143.303,136.4813,140.3453,12292.0,1722069.15
2019-09-09,139.2958,148.4073,139.2958,143.6846,33759.0,4878417.05
2019-09-11,145.1157,170.4466,144.0662,166.2009,136456.0,21850179.8
2019-09-12,166.2009,166.9165,154.5611,160.4764,68515.0,10990828.65
2019-09-13,160.3333,168.6338,157.7096,165.1037,46339.0,7603217.8
2019-09-16,164.0065,170.4943,158.6637,164.5313,56408.0,9347081.6
2019-09-17,165.5808,167.7274,155.5152,156.8509,34679.0,5585559.0
2019-09-18,156.4693,161.8598,155.229,160.0471,37103.0,5906016.3
2019-09-19,158.3775,160.1902,150.0769,152.2236,22076.0,3415935.85
2019-09-20,153.607,167.9183,147.1193,165.1991,50952.0,8183047.6
2019-09-23,169.8264,181.18,168.0137,176.0279,64118.0,11227757.65
2019-09-24,179.558,181.0369,168.92,170.8759,36207.0,6267354.45
2019-09-25,168.92,171.7346,165.1037,166.344,12303.0,2071575.1
2019-09-26,168.5861,171.7346,166.4871,170.2558,8619.0,1462094.4
2019-09-27,171.4007,171.4007,165.1514,166.2009,6998.0,1175255.95
2019-09-30,165.7716,166.1532,154.5611,160.4764,22883.0,3642521.3
2019-10-01,167.9183,167.9183,148.0257,150.7448,27961.0,4303755.0
2019-10-03,148.8843,152.653,144.3525,147.2147,17698.0,2631097.15
2019-10-04,151.1741,157.3757,142.3966,143.2076,19200.0,2817265.95
2019-10-07,143.1122,145.6405,132.1879,135.6226,32132.0,4443875.8
2019-10-09,135.4318,141.1086,130.9476,137.817,31838.0,4288367.65
2019-10-10,136.4336,139.2481,131.9494,135.5749,11265.0,1529570.6
2019-10-11,138.0555,139.9637,136.4336,137.5785,11156.0,1540314.0
2019-10-14,140.6315,141.3471,134.7162,139.0573,5223.0,724142.0
2019-10-15,138.3417,140.6792,137.3877,138.7711,5831.0,810076.95
2019-10-16,139.6775,158.9499,139.1527,150.0292,134263.0,20428806.6
2019-10-17,149.5999,155.8014,146.9285,150.5063,37111.0,5637494.65
2019-10-18,149.4568,160.9535,149.4091,152.2236,27783.0,4295206.4
2019-10-22,152.0328,159.1407,152.0328,154.1318,17410.0,2697936.8
2019-10-23,155.229,155.5152,150.0292,150.9833,19788.0,3021625.7
2019-10-24,152.9869,153.607,146.1175,146.4514,14878.0,2206924.3
2019-10-25,147.5009,149.4568,145.4974,146.4037,7206.0,1062611.65
2019-10-27,145.9744,149.5045,145.9744,148.8843,2652.0,391872.0
2019-10-29,148.8843,154.5611,146.2606,153.6547,19214.0,2926422.35
2019-10-30,156.4693,159.1407,153.7025,155.1813,17904.0,2806463.7
2019-10-31,154.5611,158.3775,152.7007,157.4711,15751.0,2472021.3
2019-11-01,157.1371,167.7274,155.6106,161.5736,76927.0,12571596.15
2019-11-04,162.5277,185.4734,161.9553,182.5157,217390.0,38667081.95
2019-11-05,183.5175,191.3887,178.3654,180.6552,164200.0,30374243.85
2019-11-06,181.1323,182.0864,171.83,174.5491,43372.0,7667041.25
2019-11-07,174.406,180.5598,172.9749,177.5545,35731.0,6349610.5
2019-11-08,177.4114,187.7154,173.595,175.0739,121223.0,22017818.4
2019-11-11,171.7346,175.217,166.4871,167.7274,62477.0,10657322.7
2019-11-13,167.7274,170.542,154.7519,156.3739,67720.0,10933235.45
2019-11-14,156.4693,164.1019,155.7537,159.4269,26824.0,4259316.8
2019-11-15,157.6142,163.3387,157.4234,159.6178,22832.0,3652554.3
2019-11-18,159.904,159.904,153.607,154.6088,24988.0,3900657.7
2019-11-19,150.8402,160.2379,150.8402,154.7519,36981.0,5828347.1
2019-11-20,156.4216,158.3775,154.5611,156.7555,10489.0,1643033.2
2019-11-21,155.5152,160.2856,154.5611,157.6619,14910.0,2348518.6
2019-11-22,159.2838,159.2838,155.5629,157.1848,12956.0,2036463.85
2019-11-25,159.2838,162.1938,158.7591,160.5718,18053.0,2899098.3
2019-11-26,162.5754,169.8264,158.1866,163.1956,28848.0,4735764.1
2019-11-27,165.3899,165.3899,159.9994,161.5259,9141.0,1488033.9
2019-11-28,162.0984,165.056,161.2397,164.1973,16579.0,2711631.15
2019-11-29,162.1938,165.5331,157.1371,159.5223,19893.0,3208624.95
2019-12-02,161.5259,161.5259,155.5629,156.3739,15536.0,2449051.15
2019-12-03,156.4216,156.4216,153.9887,154.3703,7149.0,1105379.3
2019-12-04,154.9905,157.1371,153.2254,154.4657,6514.0,1010301.7
2019-12-05,156.4693,157.6142,154.0364,154.5134,2647.0,412076.55
2019-12-06,157.0417,157.0417,149.266,151.031,15945.0,2421858.5
2019-12-09,149.1229,157.4234,149.1229,149.9338,7815.0,1181028.7
2019-12-10,151.365,151.8897,145.5451,147.0239,14784.0,2188961.6
2019-12-11,149.2183,151.5081,146.2129,147.9303,6808.0,1008591.3
2019-12-12,150.5063,150.5063,146.8808,148.5504,4644.0,687576.3
2019-12-13,149.6953,151.7466,148.2642,150.6017,12629.0,1891786.4
2019-12-16,148.8366,150.8879,146.4514,147.3578,7198.0,1066875.2
2019-12-17,147.3578,150.2678,145.0203,148.1688,9541.0,1421805.9
2019-12-18,152.1282,161.0489,149.743,156.7078,47423.0,7366138.9
2019-12-19,156.4216,161.2397,154.1318,157.2326,33714.0,5330672.1
2019-12-20,158.3297,159.0453,152.3667,153.2254,6616.0,1025087.0
2019-12-23,152.9392,157.7096,152.653,156.7078,10886.0,1696766.75
2019-12-24,154.6565,156.5647,148.5027,150.1246,18630.0,2825529.05
2019-12-26,151.1741,152.8438,149.1706,150.8402,9647.0,1457996.15
2019-12-27,156.4693,156.4693,148.2642,151.4127,7214.0,1093734.1
2019-12-30,151.6989,156.4693,150.7925,151.6512,16751.0,2566361.2
2019-12-31,153.5593,155.8968,151.2695,152.8915,15784.0,2427946.3
2020-01-01,155.2767,155.3721,152.653,153.2254,8383.0,1283551.15
2020-01-02,152.9392,170.7805,152.9392,168.1091,98142.0,16227162.6
2020-01-03,168.8723,168.8723,158.4729,159.9517,30142.0,4906294.95
2020-01-06,158.282,158.282,151.7466,153.0823,29006.0,4469513.9
2020-01-07,157.1848,157.9958,152.7007,153.4162,10689.0,1652193.7
2020-01-08,151.6989,155.7537,149.8384,154.3703,12058.0,1856958.6
2020-01-09,157.1848,161.2397,154.7519,157.1371,18927.0,2992340.45
2020-01-10,161.0489,171.5438,157.6142,163.6249,112137.0,18680203.1
2020-01-13,162.48,175.5032,160.7627,173.6427,64801.0,11099105.0
2020-01-14,171.7346,179.3672,170.3989,174.3106,24268.0,4236344.55
2020-01-15,173.6427,173.6427,169.0632,170.4466,13460.0,2296415.35
2020-01-16,168.92,180.1782,168.92,175.6463,42976.0,7571801.0
2020-01-17,176.505,179.3672,174.2152,176.505,17590.0,3115041.0
2020-01-20,178.7948,178.7948,171.7346,172.1639,7933.0,1379235.3
2020-01-21,172.1639,173.3565,167.9183,168.2999,12865.0,2184306.0
2020-01-22,171.0667,173.1657,168.8723,170.7328,10147.0,1737866.55
2020-01-23,170.7805,179.7489,170.0172,175.9325,47545.0,8406761.65
2020-01-24,175.4555,183.1836,175.4555,177.5545,58137.0,10498536.1
2020-01-27,176.505,176.5527,171.7346,172.307,12118.0,2114396.5
2020-01-28,175.217,175.7417,164.1019,165.2945,27489.0,4611683.7
2020-01-29,165.3422,173.3565,165.3422,167.632,9211.0,1554499.55
2020-01-30,164.8175,167.9183,160.0471,163.0524,20340.0,3309284.35
2020-01-31,163.6726,165.4854,158.1866,158.9022,14524.0,2327278.25
2020-02-01,158.3775,164.579,153.607,155.4198,11103.0,1756340.5
2020-02-03,155.4675,158.3775,155.0382,155.8491,7977.0,1251410.1
2020-02-04,163.0047,163.0047,158.5206,160.9058,5400.0,866661.55
2020-02-05,160.9058,164.1019,157.4711,162.1461,7756.0,1250299.65
2020-02-06,161.2874,166.2009,160.5241,161.4782,9435.0,1537226.2
2020-02-07,161.2397,163.1479,156.6601,158.7114,21603.0,3465394.55
2020-02-10,158.3775,158.3775,154.3226,156.0877,13256.0,2071112.2
2020-02-11,156.4693,159.2838,152.653,155.2767,29014.0,4503802.2
2020-02-12,153.607,158.3775,151.7943,152.4621,20512.0,3161778.9
2020-02-13,152.8438,153.607,148.8366,149.5522,14294.0,2147246.85
2020-02-14,150.7448,150.7448,144.2571,145.1634,17001.0,2493283.4
2020-02-17,147.5009,147.5009,141.9673,142.8736,7948.0,1142602.0
2020-02-18,143.1122,143.8754,138.5803,141.2517,16696.0,2360153.75
2020-02-19,140.393,147.8826,140.393,144.2571,11805.0,1709466.7
2020-02-20,148.8366,148.8366,144.0662,145.3065,8933.0,1303306.25
2020-02-24,144.5433,144.5433,139.2958,139.4389,11392.0,1598120.55
2020-02-25,139.4389,142.8259,137.006,138.3895,7527.0,1048740.65
2020-02-26,142.2535,142.969,131.6155,134.4777,11783.0,1599574.35
2020-02-27,133.5236,133.7145,131.1384,132.9035,5803.0,767800.2
2020-02-28,131.6632,131.6632,124.0305,125.7479,13947.0,1775189.5
2020-03-02,126.1772,141.9673,124.2691,126.7974,15603.0,2051799.4
2020-03-03,128.8963,131.8063,120.739,126.368,16516.0,2069605.1
2020-03-04,124.9846,126.8451,121.216,123.1242,12066.0,1490476.25
2020-03-05,123.1242,128.8009,123.1242,124.603,4567.0,575610.35
2020-03-06,123.0287,124.603,118.306,121.3591,16272.0,1977715.75
2020-03-09,119.2601,119.2601,106.1415,112.5816,31683.0,3544129.25
2020-03-11,114.442,118.9739,113.154,114.7759,8002.0,930194.75
2020-03-12,108.7652,109.7193,96.3622,100.751,34893.0,3592995.3
2020-03-13,83.9114,119.2601,80.7153,109.3854,63808.0,6637353.25
2020-03-16,108.7652,122.1224,93.0229,95.4081,123885.0,12303372.8
2020-03-17,96.4576,102.039,91.7349,93.7862,24692.0,2379185.8
2020-03-18,99.94,99.94,90.6377,91.2579,26868.0,2539693.5
2020-03-19,84.0068,95.4081,83.3867,92.4982,41482.0,3690215.85
2020-03-20,95.3127,96.9346,87.3938,89.3974,55197.0,5116146.0
2020-03-23,90.0652,90.0652,71.5561,71.5561,40007.0,2924494.15
2020-03-24,71.3653,75.3247,63.9234,69.9818,21909.0,1529895.8
2020-03-25,67.7398,74.6568,64.8775,72.8918,15544.0,1096723.6
2020-03-26,74.5614,80.1428,74.4183,80.1428,18337.0,1437267.1
2020-03-27,81.5739,87.7755,73.5596,77.376,54986.0,4436840.95
2020-03-30,70.6497,77.1852,70.6497,73.8936,10626.0,791337.25
2020-03-31,75.9448,81.24,75.9448,80.2859,24939.0,1993461.85
2020-04-01,81.2877,83.9591,75.8494,76.3742,53421.0,4124072.9
2020-04-03,81.0969,81.0969,76.6127,80.1428,12674.0,1009540.3
2020-04-07,84.627,85.6765,76.9466,79.4272,42766.0,3420940.25
2020-04-08,81.0969,84.9132,79.141,81.6216,19169.0,1568354.9
2020-04-09,83.4821,89.6836,83.1482,89.4928,33822.0,2938131.0
2020-04-13,89.6836,90.7808,84.4362,86.9168,18779.0,1628020.85
2020-04-15,86.9168,91.5918,86.8214,88.5387,18168.0,1627949.05
2020-04-16,87.7278,97.2209,86.2012,96.2191,49792.0,4689345.3
2020-04-17,101.9913,103.5178,95.2173,101.8959,48007.0,4760036.3
2020-04-20,101.8959,108.7652,101.3234,106.4277,48537.0,5129897.0
2020-04-21,103.0408,104.9489,101.1326,101.1326,12267.0,1246583.25
2020-04-22,99.2244,99.2721,96.076,97.4594,17549.0,1704237.35
2020-04-23,100.5601,102.3252,96.3145,99.8446,14394.0,1451659.7
2020-04-24,98.2703,100.1785,96.3622,98.1749,7987.0,783487.85
2020-04-27,101.8004,101.8004,96.4099,97.2209,6514.0,637915.4
2020-04-28,93.0706,101.0372,92.5459,96.9823,6668.0,645311.3
2020-04-29,99.2244,99.2244,95.3127,97.841,7664.0,750250.85
2020-04-30,99.3675,101.6096,93.0229,99.0813,47415.0,4619345.3
2020-05-04,94.1678,94.1678,94.1678,94.1678,6606.0,622106.1
2020-05-05,94.1678,94.2155,89.4928,91.2101,34243.0,3089856.7
2020-05-06,91.5918,91.5918,87.7755,89.2066,6053.0,539349.6
2020-05-07,89.0635,92.4505,88.6818,89.7313,7117.0,637280.65
2020-05-08,93.4522,93.4522,87.8232,88.6341,8977.0,812218.9
2020-05-11,90.59,91.5918,85.0086,85.7719,11693.0,1021899.15
2020-05-12,86.5829,87.8232,83.9591,86.9645,10575.0,904286.2
2020-05-13,90.3038,91.3056,87.7755,89.8267,14195.0,1276305.5
2020-05-14,90.5423,91.9734,88.014,90.7331,10971.0,993942.05
2020-05-15,91.5918,91.5918,89.7313,89.8267,5813.0,524910.05
2020-05-18,91.9734,91.9734,85.3425,85.3425,18552.0,1594755.1
2020-05-19,87.1553,87.1553,81.0969,81.6216,15380.0,1280466.5
2020-05-20,82.0033,83.4821,81.0492,82.2418,7904.0,649330.35
2020-05-21,84.5793,84.9132,83.1482,84.8178,4437.0,374461.8
2020-05-22,84.9132,84.9132,81.1446,83.1959,6824.0,564046.0
2020-05-26,85.5334,87.3461,84.1499,87.2507,10402.0,895829.95
2020-05-27,90.5423,91.5918,88.7295,91.5918,15849.0,1440597.5
2020-05-28,93.3568,95.4081,93.3568,94.3586,17358.0,1635243.55
2020-05-29,92.6413,95.4081,90.9716,94.454,13878.0,1305468.65
2020-06-01,99.0813,99.0813,94.5494,97.9841,42258.0,4144177.1
2020-06-02,93.4999,95.3127,93.1183,93.3568,84706.0,7908763.95
2020-06-03,92.6413,97.9841,92.5459,97.9841,50337.0,4811133.65
2020-06-04,101.9913,101.9913,94.7402,97.5548,24311.0,2377309.7
2020-06-05,100.0831,106.7617,96.5053,105.092,61179.0,6332647.9
2020-06-08,105.903,112.3907,105.903,107.8112,44036.0,4823238.7
2020-06-09,114.4897,114.4897,106.0938,107.4772,29306.0,3245680.55
2020-06-10,111.5798,111.5798,104.9966,109.0992,20890.0,2251150.85
2020-06-11,112.5339,112.5339,105.903,107.2387,17763.0,1936331.15
2020-06-12,103.9948,107.3341,100.3693,105.7122,18160.0,1890387.2
2020-06-15,103.327,107.0479,103.1839,106.6186,11669.0,1237652.4
2020-06-16,109.4331,111.4367,101.4665,103.3747,23976.0,2534745.85
2020-06-17,99.2244,105.903,99.2244,103.9948,11057.0,1150294.6
2020-06-18,106.8571,114.3943,106.8571,114.3943,62406.0,7001920.0
2020-06-19,118.306,120.2142,113.154,115.8731,56999.0,6655313.7
2020-06-22,115.9208,120.9775,114.4897,117.8767,34187.0,4067399.65
2020-06-23,121.1683,123.0287,119.1647,121.0252,17306.0,2085812.0
2020-06-24,121.6453,123.9828,117.352,117.9721,24468.0,2952618.6
2020-06-25,117.352,122.0747,117.352,118.5923,11064.0,1316266.0
2020-06-26,122.5994,122.5994,117.1612,118.0198,12190.0,1458023.8
2020-06-29,118.3538,119.117,112.3907,113.3925,22685.0,2573533.7
2020-06-30,115.4438,116.3979,111.866,112.677,7051.0,806530.6
2020-07-01,112.4384,113.5356,106.8094,111.055,12670.0,1412612.25
2020-07-02,111.9614,114.2035,110.3395,112.0568,9018.0,1017576.3
2020-07-03,112.1045,114.2035,110.7688,111.866,5992.0,674809.3
2020-07-06,112.6293,118.306,112.4862,117.3043,21304.0,2443759.35
2020-07-07,118.0198,120.8344,115.4915,116.541,19844.0,2337344.7
2020-07-08,120.2142,122.1224,113.5356,114.7282,51489.0,6055483.2
2020-07-09,116.3979,121.7407,114.9191,117.4951,30167.0,3567767.6
2020-07-10,118.0675,119.6418,113.9173,114.8237,14066.0,1632427.7
2020-07-13,115.0145,117.9244,113.6311,114.0127,11252.0,1299492.85
2020-07-14,112.343,116.3025,105.8553,111.866,22867.0,2526468.45
2020-07-15,113.2494,115.7777,110.7688,111.9137,14236.0,1619946.85
2020-07-16,112.6293,113.0109,109.1469,110.0532,9713.0,1073384.9
2020-07-17,112.1522,115.4438,110.101,114.5374,8694.0,984612.5
2020-07-20,120.1188,120.1188,111.1504,112.6293,11823.0,1338288.55
2020-07-21,114.6805,114.6805,111.7229,113.4879,16332.0,1846108.7
2020-07-22,116.3979,116.3979,111.7706,113.2017,13569.0,1529590.55
2020-07-23,112.9155,114.442,109.0992,110.5303,23633.0,2624721.0
2020-07-24,113.3448,113.3448,107.7635,108.7175,23089.0,2513445.25
2020-07-27,111.6275,112.1045,103.4701,106.6186,52127.0,5652848.15
2020-07-28,107.2864,107.4772,105.426,105.6168,6446.0,685071.15
2020-07-29,108.7652,108.7652,100.3216,105.7122,29391.0,3086522.15
2020-07-30,105.7122,109.5762,104.9489,105.5214,19332.0,2079247.9
2020-07-31,109.4808,109.4808,102.0867,102.6114,20757.0,2164639.3
2020-08-03,103.804,104.9966,101.4188,103.5655,3719.0,384042.15
2020-08-04,106.8571,108.5744,104.3765,108.0974,7670.0,820370.15
2020-08-05,107.9066,108.7652,105.2351,105.9984,14062.0,1512859.05
2020-08-06,108.7652,116.5887,105.1874,116.5887,88115.0,10073598.5
2020-08-07,117.3043,131.6632,116.5887,122.4563,213444.0,26407022.7
2020-08-10,125.7031,128.8044,115.3328,122.6501,64195.0,7930509.1
2020-08-11,124.0555,124.0555,116.302,119.2095,53681.0,6403582.5
2020-08-12,116.6412,135.6857,116.2051,129.5798,304413.0,39172815.55
2020-08-13,132.5358,133.3112,121.7779,131.4212,75419.0,9763864.3
2020-08-14,128.5137,139.2716,128.5137,136.994,196005.0,26607382.75
2020-08-17,139.2232,148.7696,134.7165,138.3509,278517.0,39039771.4
2020-08-18,138.5932,146.3467,133.6988,142.1307,172436.0,24490922.8
2020-08-19,143.1484,145.0383,138.1086,139.9016,64911.0,9142259.05
2020-08-20,138.5932,141.6461,135.6857,136.5579,48222.0,6630463.55
2020-08-21,140.3377,141.84,137.1394,138.787,37740.0,5261735.4
2020-08-24,137.2363,166.5057,137.2363,166.5057,601947.0,95334920.2
2020-08-25,168.6379,170.5762,150.0296,152.9856,350277.0,54980183.75
2020-08-26,155.3116,161.8051,153.664,156.1354,136395.0,21431472.45
2020-08-27,157.783,158.7522,152.4525,153.5671,50663.0,7855325.6
2020-08-28,156.1354,156.7169,148.8181,151.3864,54437.0,8300745.95
2020-08-31,152.1618,154.7786,140.0954,140.8708,67682.0,9907419.2
2020-09-01,145.3775,145.3775,135.2011,139.7562,25888.0,3595673.75
2020-09-02,144.4083,146.8313,138.6417,144.7475,21270.0,3055052.15
2020-09-03,148.1881,150.2234,144.6021,149.2058,31626.0,4671590.1
2020-09-04,144.4083,147.5581,141.1615,143.2453,17630.0,2548711.05
2020-09-07,147.3158,147.5097,139.9985,141.1615,43157.0,6179388.2
2020-09-08,138.5932,143.7299,135.7826,136.8971,19923.0,2787622.55
2020-09-09,133.2627,135.6857,130.9367,134.2319,15650.0,2083453.45
2020-09-10,135.5887,143.3422,135.5887,141.1615,31651.0,4417817.7
2020-09-11,143.8752,143.8752,137.0425,139.9016,8663.0,1223461.75
2020-09-14,141.5008,145.329,139.2232,141.743,15724.0,2241199.45
2020-09-15,145.3775,147.3158,140.6285,143.6814,34768.0,5017468.2
2020-09-16,140.58,145.9105,140.58,142.7122,16580.0,2382796.8
2020-09-17,142.5669,144.1175,140.5316,140.9192,10042.0,1427696.05
2020-09-18,140.9192,142.4215,138.5932,139.5139,10089.0,1414876.95
2020-09-21,143.003,143.003,127.9322,130.1613,40826.0,5450498.7
2020-09-22,128.5137,130.2098,123.1347,127.8353,34104.0,4310631.0
2020-09-23,133.5534,136.6548,128.9014,133.4565,19886.0,2639274.2
2020-09-24,130.8397,130.8397,123.7162,124.8793,23385.0,2962968.35
2020-09-25,125.9938,131.2274,124.0555,127.4476,32482.0,4112611.0
2020-09-28,126.963,131.8089,126.963,130.1128,15155.0,1968984.65
2020-09-29,130.9851,131.3728,127.9322,128.9983,10715.0,1387091.05
2020-09-30,128.3683,130.3067,125.9938,126.6722,10920.0,1392361.1
2020-10-01,130.3067,130.549,127.0115,128.2229,10925.0,1408611.2
2020-10-05,131.8089,132.7781,125.8969,130.5974,17698.0,2302629.75
2020-10-06,129.919,132.9719,128.9014,130.6459,9800.0,1286039.5
2020-10-07,130.6459,134.038,124.1524,132.7296,51268.0,6730777.9
2020-10-08,138.5932,138.5932,129.289,132.1966,58266.0,7893590.95
2020-10-09,128.6106,134.5226,128.6106,131.7605,21307.0,2809871.05
2020-10-12,129.8706,132.5358,127.6899,128.3683,10125.0,1317775.3
2020-10-13,128.4652,130.6944,128.126,129.9675,20901.0,2709842.35
2020-10-14,131.0336,131.3243,127.7383,128.3683,12567.0,1625106.95
2020-10-15,128.3683,130.5005,126.9145,127.8837,21114.0,2719046.55
2020-10-16,129.8706,129.8706,127.1084,128.756,13486.0,1733871.7
2020-10-19,129.8221,131.4697,128.4168,129.5313,20545.0,2660491.3
2020-10-20,128.8529,139.2716,126.6238,133.8442,57361.0,7736814.55
2020-10-21,134.7165,137.3817,132.342,134.3773,22765.0,3061868.65
2020-10-22,135.6372,138.5932,131.082,133.0689,19036.0,2569983.5
2020-10-23,135.5887,136.7518,130.1128,131.5182,26789.0,3573749.05
2020-10-26,131.8089,133.0689,129.7252,131.082,9296.0,1220491.2
2020-10-27,131.5182,132.0028,129.919,131.0336,6127.0,804350.6
2020-10-28,134.9588,134.9588,127.8353,129.0467,17147.0,2203080.3
2020-10-29,129.4344,129.6283,126.963,127.2538,7672.0,979194.35
2020-10-30,128.9498,129.8221,126.963,127.4476,3574.0,456750.45
2020-11-02,127.9322,128.6106,126.2361,126.9145,3412.0,434851.55
2020-11-03,126.9145,128.9983,125.5092,126.0907,3656.0,463724.25
2020-11-04,127.1084,127.1084,123.6193,124.54,5745.0,719899.7
2020-11-05,125.17,132.342,125.17,129.0467,15850.0,2044335.35
2020-11-06,129.1437,130.4036,127.4961,127.9322,13064.0,1677128.7
2020-11-09,129.8706,131.5666,128.4168,129.8706,9756.0,1267836.75
2020-11-10,128.0291,128.1745,123.9101,124.4916,36390.0,4548134.5
2020-11-11,128.8044,128.8044,122.1171,124.54,11616.0,1454455.45
2020-11-12,126.4784,128.8529,123.1832,125.4123,7805.0,976164.55
2020-11-13,124.637,128.1745,124.637,125.2669,11435.0,1441179.85
2020-11-14,125.2669,129.386,123.0863,125.5577,5391.0,680591.6
2020-11-17,128.9014,128.9014,124.5885,126.43,13043.0,1643668.3
2020-11-18,126.43,134.7165,124.0555,128.6106,42076.0,5429952.35
2020-11-19,130.4036,130.8397,126.963,127.2053,16451.0,2121395.1
2020-11-20,130.8397,130.8397,127.8837,128.756,17501.0,2262342.8
2020-11-23,132.7781,134.7165,131.0336,133.505,36708.0,4872924.8
2020-11-24,137.624,138.0117,131.4212,135.4918,57694.0,7848198.55
2020-11-25,137.3333,143.4391,131.3243,137.5271,146619.0,20406193.45
2020-11-26,137.624,140.4346,133.7473,137.7209,29144.0,4005637.5
2020-11-27,137.7209,139.5624,135.6857,136.8487,17464.0,2392339.85
2020-12-01,139.3685,141.1615,135.7826,139.6108,42735.0,5939725.15
2020-12-02,140.8223,144.2145,137.8663,138.884,31215.0,4384999.5
2020-12-03,140.1439,143.9237,134.5226,139.417,47362.0,6623365.9
2020-12-04,140.9192,143.2937,136.6548,140.4346,46702.0,6621837.8
2020-12-07,140.8223,144.0691,138.2055,139.6108,22998.0,3231602.7
2020-12-08,141.3069,143.1968,134.8618,135.9764,63000.0,8669470.95
2020-12-09,136.7033,143.8752,136.7033,140.2893,102993.0,14559636.9
2020-12-10,139.5139,147.8974,135.7341,145.2321,126868.0,18163832.0
2020-12-11,146.3467,150.5142,143.9237,145.5713,140721.0,20793652.3
2020-12-14,146.9766,148.285,141.0646,141.9369,48677.0,6978396.65
2020-12-15,143.1484,143.7299,140.6285,141.5492,26586.0,3774683.7
2020-12-16,142.9545,143.9237,140.1439,141.7915,25681.0,3661987.75
2020-12-17,142.8576,143.1968,137.3817,137.9148,29751.0,4158186.25
2020-12-18,141.1615,141.5008,135.2011,139.9501,22124.0,3066403.05
2020-12-21,138.6901,140.5316,127.3507,130.7913,29672.0,4002849.9
2020-12-22,128.9014,132.5843,121.3902,129.386,30542.0,3881731.5
2020-12-23,132.7781,135.4918,129.1437,133.8442,12342.0,1643845.05
2020-12-24,135.6857,138.3509,131.8089,133.6504,14605.0,1957542.35
2020-12-28,136.6548,137.4786,125.9938,133.4565,22305.0,2985301.1
2020-12-29,137.624,137.7694,131.9543,135.1526,28470.0,3845573.3
2020-12-30,137.5756,137.5756,132.4389,134.4742,16119.0,2164324.0
2020-12-31,137.624,151.5318,133.7957,143.2937,309172.0,44794190.9
2021-01-01,143.4391,149.0604,140.7739,142.7122,95558.0,13845232.95
2021-01-04,144.5537,147.7035,140.1439,143.7299,73005.0,10503571.2
2021-01-05,142.4699,153.5186,139.7562,149.3996,310413.0,46523374.55
2021-01-06,150.078,160.206,146.0559,153.4217,519556.0,80221202.1
2021-01-07,156.1839,159.2368,153.1309,154.1486,111431.0,17370150.8
2021-01-08,155.6993,157.0077,148.382,150.4657,57984.0,8886939.4
2021-01-11,151.9679,154.0517,145.5229,147.6551,37336.0,5537171.2
2021-01-12,152.3556,152.3556,144.6021,145.8621,45642.0,6727131.35
2021-01-13,147.9458,148.0912,142.9061,144.3114,32184.0,4681469.25
2021-01-14,144.4568,145.1836,137.2363,138.787,73989.0,10452133.2
2021-01-15,139.7078,141.5492,133.1658,133.8442,144346.0,19602744.1
2021-01-18,133.7473,135.6372,125.6546,128.4168,66685.0,8650882.1
2021-01-19,132.1966,138.3024,129.4829,135.7826,54236.0,7319987.65
2021-01-20,137.2363,138.1086,133.0689,134.4742,30244.0,4095226.1
2021-01-21,136.3641,136.9456,130.8397,131.8574,44397.0,5973076.5
2021-01-22,133.6019,134.6195,127.9322,129.7252,35398.0,4621271.85
2021-01-25,133.1658,134.2319,127.9322,129.6767,16363.0,2130539.5
2021-01-27,133.9411,133.9411,125.5092,126.5269,22410.0,2893491.05
2021-01-28,129.0952,130.8397,126.5269,128.4168,15338.0,1971813.2
2021-01-29,129.8706,130.7913,127.0115,128.756,17340.0,2239766.85
2021-02-01,129.8221,132.1481,128.9014,129.289,31180.0,4050860.7
2021-02-02,130.8397,134.5711,130.8397,134.2803,29724.0,3956140.4
2021-02-03,135.3464,138.4963,133.2627,135.6372,37940.0,5175757.55
2021-02-04,137.5271,138.3509,134.7165,135.298,26505.0,3613479.65
2021-02-05,136.2187,137.3817,133.5534,134.3288,38490.0,5212912.6
2021-02-08,135.5887,135.5887,130.9851,131.4212,39217.0,5191754.2
2021-02-09,131.082,133.7473,130.8397,131.2759,15725.0,2073629.95
2021-02-10,132.2935,135.4918,130.8397,134.3288,16615.0,2206525.15
2021-02-11,135.1041,136.6064,131.8089,133.9411,24391.0,3269368.3
2021-02-12,135.1526,136.1702,133.3112,134.3773,30586.0,4119003.65
2021-02-15,134.6195,135.1526,130.4521,130.9367,32043.0,4225463.8
2021-02-16,132.6327,132.6327,128.7075,129.3375,32322.0,4203658.95
2021-02-17,132.5358,138.0601,128.2714,135.7826,82466.0,11052565.5
2021-02-18,136.6548,143.7783,135.6857,138.0117,155285.0,21641361.6
2021-02-19,138.9809,143.3422,136.7033,138.6901,76647.0,10717161.05
2021-02-22,138.6417,144.4083,134.7649,138.0601,117401.0,16485610.9
2021-02-23,138.254,139.5139,132.6327,133.8927,52045.0,7047307.15
2021-02-24,137.0425,138.5932,133.7473,134.5226,21180.0,2881249.7
2021-02-25,137.4786,137.4786,133.7957,134.135,21461.0,2905349.0
2021-02-26,136.6548,137.5271,130.6459,131.8089,27074.0,3623273.5
2021-03-01,135.4434,135.6857,131.3728,132.1481,15606.0,2070358.0
2021-03-02,132.2935,134.1834,130.7428,133.1173,56365.0,7425398.2
2021-03-03,135.298,136.8002,129.386,136.0249,57200.0,7697867.45
2021-03-04,137.2848,137.7694,132.8266,135.5403,54872.0,7487447.8
2021-03-05,136.6064,136.6548,131.3243,132.6812,51633.0,6960196.35
2021-03-08,134.7165,159.1883,132.6812,154.7301,1895079.0,286696953.0
2021-03-09,155.7477,157.783,138.9809,143.8752,364808.0,53625596.05
2021-03-10,144.4083,146.7828,139.6593,140.58,78927.0,11209017.5
2021-03-12,143.4391,149.0604,141.1131,142.2761,127100.0,18526717.1
2021-03-15,143.633,147.7035,139.9501,143.003,87378.0,12553886.25
2021-03-16,144.9414,147.8004,140.5316,142.0823,74965.0,10790238.35
2021-03-17,140.7739,145.1836,139.2232,141.3554,59558.0,8466751.8
2021-03-18,142.4699,143.8752,136.0733,137.1879,59131.0,8286483.65
2021-03-19,138.787,138.787,132.9235,136.0249,36307.0,4898382.75
2021-03-22,138.4478,144.9414,135.6857,139.7078,45856.0,6440497.3
2021-03-23,141.9853,143.4391,139.9016,142.4215,30316.0,4312422.65
2021-03-24,143.4391,143.4391,136.8487,137.8179,13499.0,1887419.55
2021-03-25,137.624,137.624,132.7781,134.5226,64053.0,8636834.1
2021-03-26,132.8266,136.2672,132.8266,134.2319,30059.0,4056184.5
2021-03-30,134.7165,138.1086,130.8397,133.8442,24257.0,3267454.0
2021-03-31,133.6504,137.0425,131.6635,132.1966,31871.0,4251675.4
2021-04-01,132.7781,136.6548,132.7781,134.7165,16101.0,2174137.8
2021-04-05,137.624,137.624,130.4036,131.9058,19714.0,2603260.35
2021-04-06,133.2142,135.6857,131.9058,133.6504,10544.0,1415173.35
2021-04-07,131.8574,136.994,131.8574,134.7649,25168.0,3397721.6
2021-04-08,136.994,140.5316,134.7165,139.1747,36035.0,4991915.95
2021-04-09,141.1131,142.373,134.4257,136.994,13467.0,1849856.65
2021-04-12,140.3377,140.3377,131.2274,132.0028,31327.0,4140264.95
2021-04-13,131.3243,135.6857,131.3243,133.4565,5357.0,716453.4
2021-04-15,135.6372,135.6372,130.8397,132.7781,13547.0,1784049.3
2021-04-16,133.3112,133.3596,131.8089,132.7781,7103.0,941024.85
2021-04-19,132.5358,132.5358,124.6854,130.3067,11768.0,1518844.4
2021-04-20,127.4961,131.0336,127.0115,127.3991,33719.0,4334105.95
2021-04-22,128.9498,130.5974,127.9806,130.0159,26017.0,3365047.1
2021-04-23,131.712,135.5887,128.0291,132.4389,25138.0,3336890.9
2021-04-26,130.8882,134.668,129.9675,131.8574,10005.0,1325909.0
2021-04-27,131.9058,135.2011,131.8574,132.875,35450.0,4709880.1
2021-04-28,132.8266,139.1747,132.8266,136.8487,51132.0,6963612.95
2021-04-29,137.5756,138.5932,136.2672,137.5271,20182.0,2770883.6
2021-04-30,136.1218,140.6285,134.7165,139.6108,39803.0,5519521.25
2021-05-03,139.5624,147.6551,136.7033,145.329,119544.0,17265333.8
2021-05-04,146.3467,149.5934,141.4038,143.1484,92968.0,13569245.15
2021-05-05,144.4083,149.9326,142.4699,148.7212,105003.0,15472782.35
2021-05-06,146.6374,162.3382,145.0383,160.3998,966946.0,152585712.7
2021-05-07,162.3382,163.5497,152.1618,153.0825,168520.0,26474476.0
2021-05-10,154.294,157.6861,150.2234,151.4349,84869.0,13015285.7
2021-05-11,151.1926,153.3248,144.2145,146.8313,77207.0,11491384.5
2021-05-12,148.285,151.4833,145.8621,146.6859,44381.0,6615861.9
2021-05-14,149.7388,150.6595,140.5316,142.8091,47937.0,6949943.7
2021-05-17,145.329,154.4878,142.7607,149.545,111438.0,16626200.5
2021-05-18,152.5494,161.369,149.545,154.8755,295336.0,46386165.6
2021-05-19,155.8447,173.7746,154.1001,170.5278,1484927.0,249231686.6
2021-05-20,169.5586,178.1359,163.4043,171.1578,910198.0,157315337.95
2021-05-21,173.3869,183.1756,170.1886,177.2152,605294.0,107793096.05
2021-05-24,181.7703,187.44,180.2681,181.7703,474590.0,87062243.4
2021-05-25,181.7703,183.3695,175.5191,176.5852,123992.0,22211377.75
2021-05-26,177.3605,189.4753,176.8759,178.6689,310968.0,56917140.35
2021-05-27,181.2373,182.8849,170.6732,172.8538,94530.0,16691476.45
2021-05-28,175.1314,193.1582,172.9507,185.5986,657666.0,123092663.5
2021-05-31,189.9599,210.9912,188.9907,204.9823,1447750.0,292914850.45
2021-06-01,206.8237,207.2114,191.8983,194.1759,293742.0,57829815.2
2021-06-02,194.8058,197.1319,189.9115,192.3344,129024.0,24919045.1
2021-06-03,193.7882,199.0702,191.8983,192.6252,89087.0,17453850.6
2021-06-04,200.5725,200.5725,193.0128,193.7397,118764.0,23272423.05
2021-06-07,194.612,196.4534,188.07,189.6207,108054.0,20758389.05
2021-06-08,190.4445,196.7442,186.3739,193.0128,174639.0,33728080.45
2021-06-09,194.5635,195.4843,180.7527,184.2902,129613.0,24576346.65
2021-06-10,185.647,191.8014,184.6779,185.9378,86567.0,16272591.45
2021-06-11,187.7308,195.775,187.0524,189.1846,142283.0,27330541.35
2021-06-14,186.277,191.2198,182.691,185.5501,91369.0,17036460.4
2021-06-15,187.0039,192.5767,185.3078,185.9863,64853.0,12228081.15
2021-06-16,187.0524,188.2154,181.6734,182.4972,89716.0,16538903.4
2021-06-17,181.6734,187.0039,177.409,178.7658,80937.0,14781726.25
2021-06-18,181.2373,182.3518,167.7172,175.2768,72993.0,12776974.2
2021-06-21,169.1709,195.775,169.1709,187.537,315747.0,59440374.5
2021-06-22,189.9599,200.0394,188.9907,190.4445,450883.0,88022760.65
2021-06-23,192.819,198.0041,182.2549,186.5678,193136.0,36998007.65
2021-06-24,187.537,190.9291,186.7616,187.9731,52487.0,9892924.75
2021-06-25,189.3784,196.2596,185.0655,193.1098,172158.0,33102748.1
2021-06-28,195.6296,198.1011,191.1714,192.819,141147.0,27435314.05
2021-06-29,194.5151,202.4139,189.2815,196.4534,360766.0,71343612.5
2021-06-30,208.3744,208.3744,189.9599,193.5459,800837.0,159691358.8
2021-07-01,193.8366,195.4843,184.1448,185.5986,167282.0,31590954.25
2021-07-02,187.6823,188.8938,185.0171,185.5501,110499.0,20658487.45
2021-07-05,186.277,197.2288,186.277,191.3652,241289.0,46634974.0
2021-07-06,192.7705,199.7002,188.0215,188.7969,161321.0,31238703.65
2021-07-07,190.2507,191.3652,186.5678,187.3431,63325.0,11957874.75
2021-07-08,188.7,193.3521,187.44,187.8277,92698.0,17643693.9
2021-07-09,189.6692,189.7176,185.114,186.0832,62156.0,11632336.95
2021-07-12,187.9246,189.9599,184.3871,185.5017,59793.0,11213562.25
2021-07-13,188.3608,191.8983,186.277,187.3916,116784.0,22051619.35
2021-07-14,187.3916,190.1537,186.9554,188.07,48267.0,9095716.25
2021-07-15,189.9599,193.2067,186.0832,192.0437,200426.0,38276302.05
2021-07-16,191.3652,193.2551,188.07,188.8454,72698.0,13880932.5
2021-07-19,185.647,191.8983,185.647,187.8277,68598.0,12954155.25
2021-07-20,190.4445,191.8983,180.365,182.9818,93885.0,17330441.3
2021-07-22,185.7924,188.2154,184.1448,184.9686,48383.0,9003804.3
2021-07-23,186.7616,187.4885,181.2373,182.0126,56139.0,10293048.75
2021-07-26,183.5633,184.6779,176.4883,178.4751,52472.0,9490275.75
2021-07-27,180.8496,182.158,175.0829,176.8759,57433.0,10305654.45
2021-07-28,178.2328,178.3297,172.8054,173.9199,53239.0,9321951.6
2021-07-29,175.3252,181.0434,174.8407,176.6336,58909.0,10536703.9
2021-07-30,176.9729,181.9157,176.8759,177.6997,44026.0,7879839.45
2021-08-02,179.7835,183.6602,178.4751,181.4796,47148.0,8579280.25
2021-08-03,183.5633,185.114,177.6997,179.2504,67926.0,12351288.15
2021-08-04,184.0479,184.0479,175.0345,176.3913,55007.0,9830972.4
2021-08-05,178.1843,179.2504,174.2107,176.8275,22146.0,3898763.3
2021-08-06,179.1051,179.2989,174.453,175.7129,24390.0,4298707.2
2021-08-09,176.1006,180.2196,174.5984,175.2283,51836.0,9195882.35
2021-08-10,174.453,177.3605,170.5762,171.2547,37059.0,6437457.95
2021-08-11,171.2547,172.9992,159.9152,166.2149,55388.0,9120011.95
2021-08-12,170.5278,172.03,166.6511,169.8009,34978.0,5923961.8
2021-08-13,171.5454,174.4045,168.1048,168.9771,35992.0,6158950.9
2021-08-16,168.1533,170.8185,160.2544,164.8096,67434.0,11040833.65
2021-08-17,166.4088,166.4088,157.9769,159.2853,42073.0,6784494.9
2021-08-18,159.4306,161.5628,155.0693,156.4746,33446.0,5260736.6
2021-08-20,156.4746,160.836,146.2013,149.5934,55769.0,8531854.55
2021-08-23,153.2279,154.3424,142.4699,144.796,48956.0,7142410.0
2021-08-24,144.8929,153.0825,144.8929,151.9195,29107.0,4352853.9
2021-08-25,154.1001,166.6995,152.9371,158.946,149068.0,23986672.85
2021-08-26,164.0343,164.0343,155.4085,159.043,21068.0,3351442.8
2021-08-27,161.2721,161.5144,157.0561,159.4306,13433.0,2146362.25
2021-08-30,159.4306,162.1928,158.946,160.6421,22805.0,3673094.5
2021-08-31,160.8844,162.3382,159.0914,161.1752,27006.0,4345405.45
2021-09-01,162.7743,164.4704,160.8844,162.4351,40905.0,6632144.8
2021-09-02,163.3074,172.7084,162.0959,169.8978,74953.0,12698792.25
2021-09-03,170.6732,171.2547,164.0343,165.2942,32256.0,5378423.8
2021-09-06,167.5233,168.7348,163.3558,164.2281,12407.0,2048142.0
2021-09-07,171.1578,171.1578,163.2105,164.7127,15147.0,2496773.35
2021-09-08,162.3382,176.3913,162.3382,173.7261,168542.0,29095422.45
2021-09-09,173.4838,174.986,169.6071,170.4309,17209.0,2960202.35
2021-09-13,172.5146,172.5146,165.6819,166.4088,33322.0,5593982.1
2021-09-14,168.6379,169.3648,166.748,167.2326,13631.0,2284341.45
2021-09-15,168.6461,172.3017,168.1587,169.4747,26148.0,4443210.5
2021-09-16,170.4983,171.0832,168.6461,168.8898,23861.0,4048801.55
2021-09-17,171.1806,171.1806,163.7719,164.9904,32618.0,5403982.7
2021-09-20,164.9904,164.9904,159.9213,161.2861,30632.0,4993117.4
2021-09-21,160.7499,162.2122,151.0991,160.6037,20240.0,3221432.4
2021-09-22,160.9449,171.0832,160.4575,168.1099,49418.0,8274741.0
2021-09-23,168.2074,170.0596,163.3332,166.1602,27773.0,4648093.0
2021-09-24,168.7923,169.5234,160.8474,163.382,106406.0,17190473.5
2021-09-27,165.6728,165.7216,159.3852,162.992,15466.0,2527892.15
2021-09-28,164.4543,164.698,159.0927,160.9449,21500.0,3465372.9
2021-09-29,162.4559,163.7232,158.4103,160.3113,43064.0,6893225.2
2021-09-30,161.2373,164.5518,159.3364,160.8474,49240.0,8001535.15
2021-10-01,159.8726,163.2845,159.8726,162.1634,17860.0,2891851.75
2021-10-04,164.1618,169.6209,163.0408,166.5989,49218.0,8235329.85
2021-10-05,164.4543,170.0108,164.4543,167.1838,30134.0,5047059.2
2021-10-06,167.6712,178.3944,167.3788,173.9589,212589.0,37044250.85
2021-10-07,177.4196,184.0484,171.2294,179.5155,183102.0,32543561.65
2021-10-08,180.0516,183.1223,177.8095,178.5406,79267.0,14255410.9
2021-10-11,179.7592,180.3441,173.0328,173.569,43567.0,7692884.0
2021-10-12,175.08,177.2733,171.2781,172.058,28197.0,4883705.4
2021-10-13,173.7152,176.4447,170.742,171.5706,33544.0,5817610.75
2021-10-14,171.7655,175.5186,169.8646,171.2294,67069.0,11499420.65
2021-10-18,173.9102,174.5926,170.6932,171.1319,26292.0,4534819.7
2021-10-19,170.5957,174.0077,157.2893,165.8191,33459.0,5640809.65
2021-10-20,168.5973,168.5973,162.3584,162.9433,24279.0,3988311.75
2021-10-21,166.3552,169.9621,160.8474,162.0172,29855.0,4888684.3
2021-10-22,160.0188,164.7467,157.9229,162.0172,23597.0,3802623.1
2021-10-25,165.6241,165.6241,155.9732,157.7767,25528.0,4067929.55
2021-10-26,157.1918,164.698,157.1918,160.6037,30613.0,4941377.9
2021-10-27,162.2609,165.7216,161.0424,161.9685,31820.0,5174944.9
2021-10-28,161.8222,165.7216,159.3852,160.2625,20283.0,3279930.65
2021-10-29,160.6524,163.0408,157.9229,161.4323,12988.0,2089502.25
2021-11-01,160.1163,165.6241,160.0675,160.7987,15386.0,2494518.55
2021-11-02,161.4811,163.2358,160.4087,161.0911,12623.0,2045248.7
2021-11-03,161.8222,164.2106,159.9701,161.0911,9890.0,1597310.65
2021-11-04,161.0911,164.4055,161.0911,163.5769,6518.0,1066623.6
2021-11-08,161.871,166.6964,161.8222,165.8678,9474.0,1557840.75
2021-11-09,168.5973,173.4228,163.8206,169.1822,24807.0,4201934.6
2021-11-10,165.7216,171.3756,165.7216,168.5486,17069.0,2894698.5
2021-11-11,170.2545,171.2294,160.8962,166.1115,25094.0,4194003.4
2021-11-12,161.8222,163.6744,158.4591,159.1902,33835.0,5428550.95
2021-11-15,159.3852,159.8238,155.6808,156.8019,15944.0,2504570.7
2021-11-16,159.6776,164.3568,155.9245,161.1399,68627.0,11009961.35
2021-11-17,161.1399,169.6209,158.8977,167.2813,154043.0,25659763.65
2021-11-18,169.2797,169.9621,161.9685,162.6509,25586.0,4208245.05
2021-11-22,167.525,167.525,154.4135,155.2421,33492.0,5289570.4
2021-11-23,155.5833,159.3364,153.1462,156.3632,19200.0,3021641.8
2021-11-24,159.9701,160.8474,155.1934,156.2657,17717.0,2789762.55
2021-11-25,156.4607,159.6289,154.9497,156.217,19479.0,3040576.6
2021-11-26,154.0236,158.849,151.1966,153.2437,20675.0,3198496.45
2021-11-29,151.6352,154.4623,146.2737,147.9309,20699.0,3093571.65
2021-11-30,149.1494,154.4135,148.1746,149.7343,17561.0,2654253.7
2021-12-01,150.5629,153.5362,144.9089,145.4938,22804.0,3358684.95
2021-12-02,147.151,149.5881,140.4247,148.3208,34504.0,5051583.15
2021-12-03,148.9544,152.7076,145.4451,146.03,36983.0,5449608.05
2021-12-06,149.978,149.978,143.9828,144.519,40924.0,6024025.65
2021-12-07,147.0535,149.0032,145.2501,146.3224,29726.0,4354665.75
2021-12-08,149.0032,149.4419,146.8586,148.857,14599.0,2168679.65
2021-12-09,148.857,153.2925,147.2485,150.3192,27823.0,4206924.25
2021-12-10,151.0016,153.9748,149.7343,152.2201,21225.0,3239589.25
2021-12-13,153.9261,156.9481,150.1242,151.7815,30330.0,4665854.4
2021-12-14,151.489,152.9025,147.7359,150.2217,12906.0,1939645.3
2021-12-15,152.0252,152.8538,146.5174,147.9796,17520.0,2623971.9
2021-12-16,149.5393,150.1242,146.2249,146.6636,14462.0,2132259.0
2021-12-17,146.6636,148.0284,143.3004,143.5441,16640.0,2412246.85
2021-12-20,144.129,144.129,136.5253,138.0851,24024.0,3342299.4
2021-12-21,141.6432,148.0771,137.4027,144.129,26425.0,3777946.7
2021-12-22,144.129,147.1998,139.2061,141.8382,19606.0,2796272.9
2021-12-23,143.2517,147.0535,142.3256,142.5206,14025.0,2011003.7
2021-12-24,145.2501,145.2501,141.3995,142.3743,11791.0,1683268.5
2021-12-27,142.5206,151.1966,140.4247,149.8318,45294.0,6736011.25
2021-12-28,152.6101,154.9984,149.1494,151.9764,35769.0,5414012.2
2021-12-29,154.511,154.511,152.3664,154.1211,18626.0,2857385.85
2021-12-30,150.1242,165.2342,149.1982,164.0156,97070.0,15582873.35
2021-12-31,164.7467,170.5957,159.9213,169.036,112088.0,18762450.15
2022-01-03,170.5957,182.6837,169.3772,172.4479,526938.0,93217533.05
2022-01-04,174.3488,174.3488,165.2342,167.6712,74259.0,12503562.35
2022-01-05,165.7216,170.4983,165.7216,166.7451,25106.0,4208503.6
2022-01-06,166.6964,170.1083,164.2106,167.8175,37444.0,6247771.5
2022-01-07,167.9149,170.8394,166.2577,168.7923,51283.0,8655978.7
2022-01-10,171.0832,172.1067,166.5502,170.8882,40006.0,6803911.0
2022-01-11,173.5202,173.9102,168.6948,169.6696,28368.0,4847096.2
2022-01-12,170.5957,174.4951,166.1602,170.8882,70490.0,12121856.7
2022-01-13,172.6429,173.4715,167.5738,168.6461,35121.0,5940599.7
2022-01-14,168.2074,175.3724,166.1602,172.9841,51541.0,8821490.75
2022-01-17,175.3724,180.3441,171.6681,174.9337,117065.0,20731219.7
2022-01-18,174.9337,179.7592,170.4008,172.6916,48000.0,8429575.7
2022-01-19,171.1806,173.4228,168.1099,170.2058,14955.0,2563524.3
2022-01-20,167.8662,172.6429,167.8662,168.9873,32870.0,5570671.05
2022-01-21,170.4983,170.4983,161.8222,164.1618,21308.0,3531019.25
2022-01-24,162.7971,167.5738,155.9732,156.4607,28574.0,4539083.6
2022-01-25,156.4607,160.6037,152.2689,157.338,21956.0,3435988.3
2022-01-27,156.4607,166.6477,155.5346,160.555,22983.0,3728168.95
2022-01-28,161.3348,166.5989,161.3348,162.5046,12881.0,2108236.25
2022-01-31,166.5989,166.5989,156.4607,158.5566,18704.0,2996527.65
2022-02-01,164.6493,164.6493,156.3144,158.7515,8270.0,1321112.2
2022-02-02,162.992,165.7703,159.3852,161.8222,27517.0,4470063.55
2022-02-03,165.2342,165.8678,161.871,162.5046,14679.0,2405713.8
2022-02-04,162.7971,169.6209,161.8222,163.8206,34782.0,5749190.8
2022-02-07,168.5973,168.5973,158.3616,160.7987,13224.0,2153650.8
2022-02-08,164.7467,173.5202,158.4103,166.9889,83524.0,13972696.3
2022-02-09,170.5957,173.0328,165.6241,166.8426,48828.0,8246538.4
2022-02-10,167.6712,176.3473,163.8694,170.4983,145555.0,25075431.7
2022-02-11,170.1083,170.5957,160.8474,161.4323,93997.0,15493395.7
2022-02-14,159.8238,159.8238,151.1966,153.5362,36046.0,5590514.5
2022-02-15,155.7783,155.7783,150.0755,154.4623,19991.0,3057932.95
2022-02-16,158.8977,160.0675,154.7547,158.3128,22616.0,3567740.45
2022-02-17,159.5801,159.8726,151.684,152.8538,20697.0,3198656.1
2022-02-18,152.7076,157.9229,149.7831,151.6352,44074.0,6773633.9
2022-02-21,154.8522,154.8522,138.2313,142.8617,36258.0,5229704.55
2022-02-22,142.813,142.813,138.5237,140.6196,37245.0,5214881.35
2022-02-23,140.6196,146.1274,140.6196,142.2281,18608.0,2673727.25
2022-02-24,139.4011,141.497,127.4594,128.3367,43153.0,5765745.75
2022-02-25,132.0411,152.7563,132.0411,138.5237,39532.0,5447325.65
2022-02-28,138.5237,143.5929,134.9169,139.5961,36667.0,5123568.95
2022-03-02,139.2061,140.0347,135.0631,137.6951,17119.0,2366605.9
2022-03-03,141.7894,144.2753,139.5961,140.6684,42622.0,6015035.15
2022-03-04,139.4011,140.3272,136.964,139.0112,21707.0,3017050.15
2022-03-07,138.3288,143.2029,133.5521,135.0631,33068.0,4527543.35
2022-03-08,136.9153,138.8162,134.332,137.2077,11969.0,1629707.4
2022-03-09,137.5489,142.3256,134.5269,138.1825,22975.0,3177020.5
2022-03-10,139.8885,143.7878,136.1841,139.5473,38017.0,5336994.75
2022-03-11,139.7423,144.2753,138.7187,139.4498,32474.0,4583557.4
2022-03-14,139.6935,141.3508,136.964,137.5976,20527.0,2854708.7
2022-03-15,140.3272,141.2045,132.5773,134.2345,58069.0,7842926.25
2022-03-16,137.3052,138.0363,133.4059,135.1118,25185.0,3406847.8
2022-03-17,136.5741,138.4263,136.4766,137.5976,29283.0,4030022.15
2022-03-21,138.5237,141.7894,136.4766,137.159,27829.0,3835764.6
2022-03-22,137.2077,139.7423,135.8429,136.3304,6292.0,862181.4
2022-03-23,135.5505,146.0787,135.5505,144.6164,72534.0,10291203.65
2022-03-24,145.2501,146.956,140.7171,142.4231,34025.0,4903988.25
2022-03-25,146.6636,146.6636,134.0395,136.5741,65920.0,9105506.9
2022-03-28,137.4514,139.6935,133.0159,134.6731,49892.0,6748422.5
2022-03-29,135.5018,138.2313,133.5521,134.0882,48443.0,6517209.95
2022-03-30,138.7187,138.7187,135.5018,136.2329,23556.0,3222676.25
2022-03-31,136.5253,140.3759,133.5521,134.7706,35195.0,4809566.9
2022-04-01,137.4514,145.2501,135.3068,144.2265,44823.0,6364775.75
2022-04-04,145.7375,151.9277,144.9089,149.3931,46955.0,6993552.9
2022-04-05,151.294,154.9984,148.9057,153.9261,41020.0,6268001.1
2022-04-06,154.0236,156.9481,152.0739,154.6085,32235.0,4996079.15
2022-04-07,156.3632,159.8726,149.4906,152.9513,35896.0,5585906.95
2022-04-08,154.9984,156.9481,153.0487,153.8286,12178.0,1881716.3
2022-04-11,155.1934,158.9465,154.0236,156.5581,27644.0,4326595.9
2022-04-12,156.1682,156.3632,150.5142,151.9277,31570.0,4824385.05
2022-04-13,152.1714,156.7531,152.0739,155.3396,25683.0,3970744.7
2022-04-18,155.9732,164.3081,155.0472,157.7767,55759.0,8865106.2
2022-04-19,161.8222,161.8222,154.0236,158.0691,30613.0,4849790.8
2022-04-20,160.6524,161.8222,156.8993,159.7751,24365.0,3874610.25
2022-04-21,161.676,164.7467,159.7264,161.676,28122.0,4559578.55
2022-04-22,161.3836,168.6461,159.8726,165.4291,84581.0,13984886.7
2022-04-25,163.7719,164.7467,158.8977,160.9449,23131.0,3721916.05
2022-04-26,161.7735,164.0644,159.4826,160.4087,15088.0,2445304.0
2022-04-27,160.4087,160.6037,156.022,158.6053,11855.0,1870872.1
2022-04-28,159.2389,161.8222,156.0707,161.1399,18744.0,2980866.4
2022-04-29,162.6509,163.2845,154.9984,156.3632,13661.0,2174158.35
2022-05-02,157.9229,158.5078,151.3428,152.8538,16981.0,2613144.7
2022-05-04,154.9497,154.9497,149.4906,149.8805,11118.0,1681777.6
2022-05-05,152.805,152.805,146.2249,146.6636,13452.0,2011337.95
2022-05-06,145.1526,147.2972,139.7423,142.6668,25821.0,3704772.45
2022-05-09,142.6668,146.5661,140.3759,141.5457,22104.0,3170218.55
2022-05-10,141.4482,142.3743,134.8194,135.8429,25457.0,3505825.1
2022-05-11,138.475,139.4986,129.9452,132.821,25293.0,3389172.2
2022-05-12,129.0191,134.7706,129.0191,130.8713,12698.0,1670963.75
2022-05-13,133.4059,137.4514,133.4059,134.0395,10906.0,1481294.2
2022-05-16,134.5269,139.2549,134.5269,137.3052,11520.0,1572769.4
2022-05-17,140.0347,143.1542,136.4766,141.6919,11402.0,1594078.95
2022-05-18,141.6919,145.2501,139.5473,141.6432,9374.0,1327679.8
2022-05-19,136.3791,140.1322,136.3791,137.9388,6887.0,948771.7
2022-05-20,140.6196,145.0064,138.6212,143.3492,13465.0,1909798.1
2022-05-23,139.4011,145.1039,137.2565,142.3743,11556.0,1636541.65
2022-05-24,153.0,157.9717,142.5206,145.2988,123190.0,18677269.95
2022-05-25,148.0771,148.0771,138.475,140.3759,14549.0,2068075.25
2022-05-26,140.5221,140.5221,133.0647,138.9624,23811.0,3263626.4
2022-05-27,142.3256,142.3256,139.2061,141.0583,6756.0,949175.3
2022-05-30,141.9357,146.0787,140.7659,141.5457,11959.0,1703098.45
2022-05-31,143.1542,143.2517,139.5961,141.0096,7919.0,1121330.85
2022-06-01,143.5929,143.5929,139.4498,141.7407,12999.0,1835794.75
2022-06-02,142.7155,144.0803,140.3759,143.3979,8385.0,1188882.45
2022-06-03,145.2501,145.2501,137.0127,138.7674,58685.0,8260198.8
2022-06-06,137.7926,141.302,134.9169,135.8429,25677.0,3506657.25
2022-06-07,136.9153,137.9876,134.5757,134.9169,13771.0,1866254.2
2022-06-08,137.5976,138.1338,134.6244,135.7942,9949.0,1351294.4
2022-06-09,134.5269,137.4514,134.2832,136.6228,8423.0,1141764.55
2022-06-10,133.7958,136.4278,133.7958,135.7455,4805.0,649458.55
2022-06-13,133.5521,135.4043,129.7015,130.9688,10179.0,1336022.75
2022-06-14,128.8242,131.8461,128.8242,130.92,5155.0,673005.3
2022-06-15,133.4546,133.4546,130.1889,131.2612,5545.0,726628.2
2022-06-16,135.3068,135.3068,127.4594,128.483,5539.0,721298.7
2022-06-17,131.0663,136.4766,125.7534,135.5018,36867.0,4905008.85
2022-06-20,139.2061,139.2061,121.9516,124.145,64193.0,8331906.65
2022-06-21,125.7534,133.3571,125.7534,132.0411,8178.0,1070059.3
2022-06-22,130.6276,131.6024,127.8006,128.1905,5370.0,696092.8
2022-06-23,134.5269,134.5269,128.6779,130.3839,3899.0,507517.2
2022-06-24,135.1118,135.1118,130.4326,133.0159,6204.0,821225.7
2022-06-27,135.453,138.7187,132.5773,137.2077,16201.0,2202459.2
2022-06-28,136.5741,144.2265,134.5269,143.1542,17913.0,2527348.75
2022-06-29,139.5961,143.8853,139.4986,143.3492,11358.0,1623078.8
2022-06-30,143.3004,144.4215,137.6464,139.986,6749.0,950763.35
2022-07-01,139.986,140.2784,136.9153,137.4027,4894.0,675019.85
2022-07-04,140.1322,140.1322,135.8917,136.8178,4840.0,664850.8
2022-07-05,139.3036,146.2249,136.4766,144.519,27894.0,4011538.65
2022-07-06,146.1762,146.2249,140.4247,145.0064,15939.0,2309625.15
2022-07-07,144.7139,148.5645,142.618,144.8602,20617.0,3012839.25
2022-07-08,144.8602,146.4199,142.7643,143.3492,6621.0,953105.85
2022-07-11,144.5677,144.5677,140.7659,142.4718,4151.0,593357.6
2022-07-12,144.1778,147.1023,142.9105,145.0551,12305.0,1782088.05
2022-07-13,145.0551,147.1998,143.3492,143.9341,5005.0,729815.6
2022-07-14,144.7139,150.0755,141.6432,142.9592,8608.0,1242298.75
2022-07-15,140.3759,145.5913,140.0835,143.8853,5006.0,714714.85
2022-07-18,144.7139,151.0991,142.1794,145.835,29493.0,4352136.4
2022-07-19,144.3727,147.6872,142.813,143.3492,11682.0,1682842.25
2022-07-20,146.1762,147.7847,141.5457,143.0567,25590.0,3693074.3
2022-07-21,144.129,144.9576,141.8869,142.7643,14209.0,2030235.9
2022-07-22,141.7407,154.9497,141.7407,152.805,97931.0,14852735.35
2022-07-25,153.4387,167.6712,149.6856,164.9904,152181.0,24590419.2
2022-07-26,165.1367,167.4763,160.4087,166.1115,75690.0,12480465.3
2022-07-27,162.7971,167.2326,161.871,165.2829,45322.0,7468019.55
2022-07-28,164.7467,171.5706,163.2358,168.5973,59118.0,9976515.25
2022-07-29,170.5957,170.5957,163.7719,167.1838,31690.0,5282111.45
2022-08-01,170.1083,180.3441,168.2074,176.2498,166534.0,29245229.95
2022-08-02,174.69,179.9541,172.8866,178.2482,73803.0,13054382.65
2022-08-03,176.4447,178.8818,170.5957,172.3504,48561.0,8409893.3
2022-08-04,176.3473,176.3473,168.0612,173.6665,32330.0,5597997.95
2022-08-05,173.4715,187.1679,171.6681,177.9557,160120.0,29078813.75
2022-08-08,179.0768,180.3441,174.4951,178.2482,33910.0,6025042.45
2022-08-10,177.3221,180.1491,174.5438,178.2969,53480.0,9486318.75
2022-08-11,181.8551,194.7716,179.028,189.1176,222777.0,41988763.5
2022-08-12,186.9729,199.6458,186.9729,190.0924,190690.0,36936424.3
2022-08-16,191.0672,191.0672,183.1711,186.4368,47005.0,8741721.55
2022-08-17,187.8503,199.8407,187.8503,194.2842,180743.0,35290841.25
2022-08-18,196.1364,198.8659,190.3361,192.3345,76710.0,14863749.0
2022-08-19,193.3093,213.4884,192.0421,210.3689,396672.0,81264070.1
2022-08-22,210.6614,222.2619,205.9822,212.9035,368600.0,79327116.8
2022-08-23,211.5387,218.8012,208.6142,209.8328,121108.0,25806248.75
2022-08-24,210.4664,211.3437,199.8895,203.8863,112901.0,23063463.2
2022-08-25,205.4948,207.2495,197.5499,199.4995,57054.0,11524042.25
2022-08-26,200.6206,209.1016,199.8895,201.4005,86231.0,17589178.05
2022-08-29,198.3785,216.4129,193.0656,213.5859,193380.0,40793624.25
2022-08-30,216.0229,217.4852,206.1771,212.1724,92562.0,19593942.75
2022-09-01,209.1016,214.7069,206.6646,208.1268,62225.0,13024436.85
2022-09-02,208.1755,209.589,200.9618,205.6897,57532.0,11827692.65
2022-09-05,206.6646,233.8624,206.6646,222.4568,496854.0,111559800.85
2022-09-06,224.4065,224.4065,215.1456,219.7761,99649.0,21905283.8
2022-09-07,219.1424,235.5196,218.2651,227.0386,153749.0,35319307.9
2022-09-08,228.8907,236.8844,223.2854,225.4788,115381.0,26574728.2
2022-09-09,227.2335,228.4033,215.633,220.2635,70920.0,15618892.0
2022-09-12,219.3374,224.1628,213.4884,219.8735,90762.0,19748603.45
2022-09-13,220.3122,226.1612,215.9255,217.5339,96049.0,21094113.75
2022-09-14,210.5639,221.1896,210.5639,218.3625,80587.0,17582040.8
2022-09-15,219.4421,224.7417,215.2711,222.4844,80776.0,17798247.9
2022-09-16,221.6993,222.0919,206.1931,209.5299,78226.0,16620459.0
2022-09-19,212.8667,214.6332,206.3403,210.9039,46768.0,9886084.6
2022-09-20,212.9648,219.5893,208.7448,211.689,113959.0,24188227.8
2022-09-21,212.8667,218.0681,204.3775,205.9968,69664.0,14814947.55
2022-09-22,202.4147,211.8362,202.4147,209.8243,34864.0,7221093.35
2022-09-23,207.5671,212.9648,200.0593,203.1508,106369.0,22168367.2
2022-09-26,203.1508,211.002,194.0728,205.408,109163.0,22275281.55
2022-09-27,209.9225,209.9225,201.188,203.0036,34921.0,7144323.8
2022-09-28,201.7768,209.7753,196.3791,198.9798,64993.0,13232414.85
2022-09-29,201.9731,211.002,201.188,205.3589,83478.0,17287525.7
2022-09-30,206.095,212.9648,204.2303,209.1864,22561.0,4702765.85
2022-10-03,210.0206,210.0206,204.1322,204.3775,25367.0,5230846.5
2022-10-04,208.4013,212.3269,204.1812,209.7753,28785.0,5999685.7
2022-10-06,209.0392,231.3662,209.0392,222.8279,340094.0,75454544.85
2022-10-07,223.7603,251.2396,219.2949,247.1177,440357.0,104518874.2
2022-10-10,245.1549,255.1162,241.9653,246.7742,275197.0,68691411.4
2022-10-11,250.2582,250.2582,228.6673,231.1208,85301.0,20250981.4
2022-10-12,231.6115,245.8419,225.7721,243.0449,115973.0,27504875.75
2022-10-13,244.3698,258.1094,235.0955,256.1466,255297.0,64252340.3
2022-10-14,263.0165,263.0165,247.5593,248.6389,110710.0,28243586.8
2022-10-17,248.5407,254.1347,242.8977,250.6508,61015.0,15193566.3
2022-10-18,248.5407,259.9741,248.5407,251.2396,86221.0,21989314.45
2022-10-19,250.3073,254.1838,241.4256,243.7319,42639.0,10528524.2
2022-10-20,241.4256,246.7251,228.9126,232.3966,81702.0,19429405.7
2022-10-21,234.5067,238.8248,228.1766,229.2561,36828.0,8561835.6
2022-10-24,225.7231,256.6373,225.7231,243.1921,39349.0,9486082.25
2022-10-25,240.7386,244.0263,230.9245,232.6911,38705.0,9167749.35
2022-10-27,236.3223,236.3223,230.6301,233.4762,19864.0,4629075.75
2022-10-28,233.4762,243.9772,232.5929,236.862,48743.0,11615770.95
2022-10-31,237.9906,241.5237,228.9126,237.549,57248.0,13535603.9
2022-11-01,241.4256,242.8486,236.0278,236.862,27247.0,6487968.25
2022-11-02,236.4695,237.4999,232.1513,233.7706,30783.0,7231494.0
2022-11-03,230.8755,243.143,230.2375,240.8858,37772.0,8946543.9
2022-11-04,243.143,250.2582,234.065,244.3207,126947.0,31136116.0
2022-11-07,244.3207,250.0619,236.0769,245.3021,63717.0,15459196.55
2022-11-09,245.3512,269.2974,245.253,263.0655,232138.0,60830254.0
2022-11-10,264.9793,268.9049,256.1466,258.1094,96634.0,25358689.95
2022-11-11,263.8507,271.3584,253.3987,267.8253,133930.0,35600306.05
2022-11-14,269.7882,270.8186,255.2143,265.9607,82940.0,21896772.0
2022-11-15,269.8863,278.6699,261.1518,266.893,124662.0,33453398.45
2022-11-16,269.8863,269.8863,261.1027,265.8135,48405.0,12817412.9
2022-11-17,265.2737,282.6446,261.6916,280.9762,202469.0,56189086.05
2022-11-18,283.0862,288.3858,274.8424,276.9033,192599.0,54250545.75
2022-11-21,271.9472,289.5144,270.3279,279.1115,118909.0,33388992.3
2022-11-22,280.5345,280.5836,259.4834,268.316,59443.0,15995990.8
2022-11-23,269.7882,274.2535,263.2618,264.5867,39348.0,10529560.35
2022-11-24,264.5867,271.8982,263.2127,264.783,82888.0,22188817.55
2022-11-25,268.7577,284.6074,266.9421,278.3264,154899.0,43166742.45
2022-11-28,278.3264,296.3842,276.3636,292.8021,152570.0,43991990.25
2022-11-29,310.1239,310.1239,282.3011,286.3739,144713.0,42335999.6
2022-11-30,292.5567,294.3233,286.5702,287.7969,41504.0,12024748.7
2022-12-01,288.533,290.9865,283.626,285.4906,32298.0,9242658.25
2022-12-02,285.6869,287.4044,279.7494,286.5702,75372.0,21484691.35
2022-12-05,287.2572,293.1456,281.8594,282.6936,34886.0,10012581.0
2022-12-06,282.1538,291.4281,275.7747,285.736,99507.0,28289728.0
2022-12-07,285.8341,291.33,280.6817,289.0728,41911.0,12016384.85
2022-12-08,289.4653,299.2303,284.8036,295.4519,121521.0,35655608.1
2022-12-09,298.3961,301.1931,285.6869,288.4348,65193.0,19061754.4
2022-12-12,285.1471,297.3656,280.6327,294.6177,68805.0,20118951.7
2022-12-13,299.2794,309.0934,289.5144,297.3656,74934.0,22682076.7
2022-12-14,300.6533,303.2541,296.3842,298.1017,29425.0,8803816.15
2022-12-15,298.1507,302.9596,283.675,287.5516,27416.0,8093690.5
2022-12-16,283.626,289.5144,280.6327,282.7427,37311.0,10630036.05
2022-12-19,284.4111,287.4534,277.394,279.7003,26652.0,7529306.05
2022-12-20,278.4736,281.4669,269.9354,277.0505,36526.0,10098082.1
2022-12-21,282.6446,288.1404,263.2127,266.2551,69652.0,19192537.25
2022-12-22,270.8677,271.1621,247.0196,253.2515,120276.0,30689666.6
2022-12-23,247.314,270.2789,247.314,261.3481,152919.0,39889251.9
2022-12-26,261.0046,275.7747,259.0908,274.8424,55254.0,14869754.5
2022-12-27,276.7561,285.5888,274.3026,280.7308,40563.0,11337116.95
2022-12-28,280.7308,293.7344,279.0624,291.3791,55133.0,15911349.5
2022-12-29,290.2014,292.4586,285.049,290.9374,17077.0,4931282.15
2022-12-30,292.3605,294.2742,286.5702,292.017,50266.0,14665572.8
2023-01-02,292.017,350.4105,289.6125,349.0366,1316785.0,438515296.6
2023-01-03,362.9725,364.1011,330.3408,333.6285,969815.0,333601189.15
2023-01-04,333.6776,337.7504,313.2644,315.8651,131617.0,42288205.55
2023-01-05,317.6807,348.3987,304.3827,308.8481,121332.0,38086464.55
2023-01-06,307.2778,323.7163,306.738,315.4725,118135.0,37355910.45
2023-01-09,317.9261,333.0888,309.3878,311.0071,60434.0,19207974.55
2023-01-10,307.2778,310.0748,299.1322,302.4199,47220.0,14391869.1
2023-01-11,302.4199,318.2205,300.3098,317.19,75127.0,23360906.85
2023-01-12,321.9989,321.9989,305.9038,314.0004,57638.0,18064166.8
2023-01-13,317.7788,319.9379,309.486,311.9395,45456.0,14342335.1
2023-01-16,314.8346,316.9937,308.2101,313.6079,27073.0,8467725.8
2023-01-17,313.6079,321.9007,304.4808,306.9343,55852.0,17450994.45
2023-01-18,308.8971,313.8532,302.6652,308.3083,30162.0,9307400.4
2023-01-19,305.2169,313.1172,303.5485,309.4369,26565.0,8189348.6
2023-01-20,312.4302,313.0681,303.2541,305.2169,33578.0,10338897.1
2023-01-23,308.2592,308.2592,293.6363,296.924,53391.0,16035088.9
2023-01-24,296.9731,302.2236,288.0423,289.5144,42513.0,12490307.0
2023-01-25,286.1776,305.2169,286.1776,299.9663,81584.0,24213538.65
2023-01-27,299.9663,304.0882,281.4669,298.5924,114722.0,33369179.8
2023-01-30,303.0578,303.0578,286.5702,290.2995,38272.0,11179957.7
2023-01-31,291.4772,331.6166,290.6921,324.2561,206358.0,66121978.75
2023-02-01,320.4777,342.0195,316.9937,322.9803,174305.0,57373774.0
2023-02-02,318.9565,347.1228,318.5149,334.8553,76489.0,25553804.2
2023-02-03,339.566,339.566,318.6621,328.9178,123746.0,40948088.0
2023-02-06,332.549,332.549,319.1037,324.894,23606.0,7679792.7
2023-02-07,329.752,349.3801,324.6977,343.4916,158459.0,54020554.2
2023-02-08,345.4545,360.1755,334.8553,337.8486,231887.0,81305979.65
2023-02-09,338.2411,341.3326,320.2324,324.894,64804.0,21388025.65
2023-02-10,321.8517,333.1869,320.2814,324.9431,39939.0,13101213.65
2023-02-13,313.0681,313.0681,294.4705,296.6786,143573.0,43431530.6
2023-02-14,303.1068,309.0443,291.3791,293.0965,55229.0,16432301.2
2023-02-15,297.5128,338.5846,293.2437,327.7892,302196.0,98100815.0
2023-02-16,333.3832,345.9452,320.4286,339.1244,165886.0,55313429.15
2023-02-17,334.1683,360.1755,332.0092,338.7809,206360.0,71601907.1
2023-02-20,339.4679,361.9421,334.7081,356.5443,131652.0,46011654.65
2023-02-21,360.1265,378.8222,353.4038,374.2587,338436.0,124995736.35
2023-02-22,378.3806,381.5211,362.2365,367.1435,179179.0,66546668.35
2023-02-23,369.9896,380.785,353.8945,367.4379,111442.0,40718522.0
2023-02-24,374.8966,374.8966,359.1941,362.1383,40835.0,14987313.85
2023-02-27,362.1383,363.8558,321.4591,329.6538,135592.0,45840324.9
2023-02-28,332.9415,341.5288,320.2814,322.8821,96911.0,31949816.6
2023-03-01,327.0531,341.9214,322.9312,336.6218,47586.0,16063940.5
2023-03-02,336.3765,337.3088,326.3661,335.4932,46495.0,15421300.1
2023-03-03,336.6218,350.754,333.972,341.4798,112278.0,38412453.2
2023-03-06,342.363,351.6373,338.0939,341.3816,46578.0,16078302.75
2023-03-08,340.8909,353.3057,335.6895,349.9198,60508.0,20983138.35
2023-03-09,350.2633,360.1755,346.1414,357.9183,86796.0,30835573.3
2023-03-10,355.7592,362.3837,350.4105,354.6306,69794.0,24748732.8
2023-03-13,359.8811,359.8811,339.6642,348.8403,80414.0,28233896.6
2023-03-14,347.4173,349.4291,333.6776,336.6218,59253.0,20177595.95
2023-03-15,337.456,354.2871,337.456,349.331,78136.0,27164878.15
2023-03-16,347.5154,350.0671,335.5913,348.4968,36388.0,12500148.6
2023-03-17,352.2261,364.5428,345.7979,351.5392,43990.0,15605727.75
2023-03-20,352.2261,356.2008,336.8181,341.8723,27254.0,9336988.4
2023-03-21,347.0247,360.4209,341.676,353.2566,89256.0,31254964.4
2023-03-22,353.3057,355.0722,345.5526,349.1838,17016.0,5962749.9
2023-03-23,348.1042,380.785,346.0433,365.9658,253898.0,93585020.55
2023-03-24,368.91,374.8966,344.5712,347.908,133479.0,47797297.4
2023-03-27,349.2819,349.2819,336.4255,339.4188,62837.0,21501086.15
2023-03-28,343.3935,346.3377,327.1513,332.4508,47254.0,15749646.6
2023-03-29,334.7571,341.0381,331.1259,333.972,45555.0,15299034.6
2023-03-31,334.659,362.0402,334.659,351.9317,99429.0,35086108.2
2023-04-03,354.7287,366.3584,348.0061,363.316,84820.0,30415234.55
2023-04-05,363.316,390.5991,363.316,380.049,354678.0,135570638.95
2023-04-06,382.5515,393.347,379.8036,390.4519,184602.0,71471960.95
2023-04-10,394.3284,407.2829,387.8511,401.9834,205562.0,81833130.55
2023-04-11,402.7685,404.0443,386.6734,390.8935,109103.0,42712852.8
2023-04-12,391.1879,391.1879,382.7969,386.5753,32881.0,12702940.4
2023-04-13,388.44,399.3336,387.6549,393.4451,49241.0,19405899.35
2023-04-17,392.4147,392.4147,385.2504,387.9002,28142.0,10921808.1
2023-04-18,396.1931,396.3403,385.692,387.8511,21279.0,8308908.6
2023-04-19,387.9493,397.4689,386.2318,387.7039,26317.0,10321125.85
2023-04-20,387.6549,391.3351,383.8274,385.643,18185.0,7048585.05
2023-04-21,385.8393,388.5381,368.5175,379.7545,34533.0,13047080.55
2023-04-24,385.4467,388.7835,367.0944,371.5598,27504.0,10319603.3
2023-04-25,372.8356,383.7292,372.8356,377.6936,26036.0,9866280.2
2023-04-26,382.7478,382.7478,366.064,367.1926,36049.0,13294275.55
2023-04-27,367.5361,379.0676,362.3346,375.3382,32017.0,11891026.0
2023-04-28,381.7664,385.1523,375.3873,376.9085,27124.0,10318597.3
2023-05-02,372.9338,379.8036,370.5293,373.4245,32979.0,12321398.75
2023-05-03,369.9896,384.6125,369.9896,377.3501,23836.0,9023422.55
2023-05-04,377.3501,390.6972,370.8728,385.8393,36040.0,13770541.7
2023-05-05,388.44,397.4689,380.785,385.5939,48546.0,18863773.45
2023-05-08,393.5433,395.3589,382.2081,384.4653,23419.0,9050537.85
2023-05-09,390.4519,391.973,369.5479,374.9947,35114.0,13357734.45
2023-05-10,377.252,397.2726,377.252,391.4823,43862.0,16978705.8
2023-05-11,387.6549,400.4131,387.6549,390.1084,21630.0,8522054.05
2023-05-12,391.973,409.0985,390.1574,401.8852,89211.0,35881543.25
2023-05-15,397.4689,412.5335,397.4689,405.1239,47651.0,19375526.55
2023-05-16,413.9565,414.7416,400.9038,402.6213,46700.0,19114115.4
2023-05-17,400.9038,410.3744,400.0206,408.8532,25858.0,10509010.95
2023-05-18,409.3439,416.9989,386.33,394.5247,41518.0,16863592.4
2023-05-19,412.1409,412.1409,362.2365,370.8238,137339.0,52116706.75
2023-05-22,381.5701,382.7478,358.4581,361.4023,58245.0,21394260.25
2023-05-23,364.69,364.69,344.5712,347.3682,67624.0,23881144.5
2023-05-24,350.2633,365.0825,348.4477,362.1383,45242.0,16222838.85
2023-05-25,365.0825,369.2044,362.1874,367.2907,21232.0,7784955.65
2023-05-26,369.9896,382.3553,368.0758,370.7256,11148.0,4150396.35
2023-05-29,368.0758,370.6275,353.3057,360.4699,34573.0,12485164.25
2023-05-30,358.2127,366.7509,343.5898,348.5949,54341.0,19073043.7
2023-05-31,348.1042,367.0454,346.4359,363.1197,134616.0,48512635.05
2023-06-01,370.971,370.971,359.5867,364.0521,27549.0,10046105.55
2023-06-02,370.1859,370.3331,359.1941,360.1755,12661.0,4590261.15
2023-06-05,362.7272,367.2907,362.7272,364.8863,19560.0,7128726.75
2023-06-06,366.9963,367.0454,363.2179,365.8677,10212.0,3729180.95
2023-06-07,367.0454,370.9219,356.2499,358.8016,29888.0,10857966.4
2023-06-08,359.9792,367.0454,359.9792,365.4751,19038.0,6915525.35
2023-06-09,367.0454,367.0454,357.2313,360.7644,17726.0,6397057.85
2023-06-12,364.3465,370.0386,364.1011,365.1316,28497.0,10420010.15
2023-06-13,365.1316,369.0082,357.2804,359.8811,18862.0,6842089.1
2023-06-14,361.6476,375.878,360.4209,374.2587,39383.0,14585348.7
2023-06-15,377.7917,409.6383,376.1724,388.5872,180636.0,71245907.15
2023-06-16,392.5619,402.3759,387.6549,389.3723,42051.0,16574777.5
2023-06-19,390.3046,393.0035,373.768,375.9271,30938.0,11788498.45
2023-06-20,375.3873,406.4978,374.455,401.3454,66104.0,26124414.6
2023-06-21,403.3573,411.6993,392.8072,395.457,40998.0,16499305.55
2023-06-22,397.4689,397.4689,371.6089,376.2706,58148.0,22158256.55
2023-06-23,376.565,376.565,360.6662,362.629,44775.0,16466517.4
2023-06-26,364.003,368.0268,361.3041,365.8186,20452.0,7463055.7
2023-06-27,365.9658,392.5619,365.9658,389.863,61527.0,23726835.4
2023-06-28,390.1084,396.4875,379.9999,386.9188,33106.0,12863995.9
2023-06-30,389.9612,389.9612,378.8222,380.1962,16325.0,6240700.65
2023-07-03,389.6177,389.6177,379.362,380.049,18158.0,6940728.1
2023-07-04,380.1471,387.1151,374.0624,375.5345,24076.0,9114798.2
2023-07-05,376.8594,387.1151,375.5345,381.2267,13512.0,5120707.85
2023-07-06,379.1166,388.3418,377.1048,378.1843,20435.0,7813120.85
2023-07-07,378.1843,384.5634,378.1843,379.7055,17638.0,6722015.3
2023-07-10,381.6683,389.6177,380.785,384.7106,20111.0,7742035.35
2023-07-11,384.7106,388.0474,377.8408,380.6378,21104.0,8066589.6
2023-07-12,382.7478,387.5076,377.9389,383.1404,10012.0,3847316.3
2023-07-13,382.846,387.5567,372.4431,376.7613,33704.0,12748579.95
2023-07-14,375.9761,381.5701,375.5345,376.6141,8512.0,3212191.25
2023-07-17,376.9575,383.7292,367.2416,368.6156,46235.0,17239187.0
2023-07-18,370.971,371.4617,364.5918,365.9167,32107.0,11804501.8
2023-07-19,368.91,416.1156,367.0454,405.4183,443937.0,177543586.65
2023-07-20,408.0681,409.7365,396.6838,402.8176,132351.0,53182706.45
2023-07-21,398.4012,444.5763,393.5433,439.6693,563523.0,243112186.7
2023-07-24,448.2075,448.3547,433.7809,442.1719,156017.0,69076769.85
2023-07-25,436.7251,447.5205,425.0954,432.6523,92726.0,40384226.6
2023-07-26,432.6523,439.6693,407.1357,413.8093,83147.0,35186555.25
2023-07-27,411.1595,446.1956,409.2458,439.5221,190153.0,82912209.45
2023-07-28,441.0433,447.3243,432.456,435.0567,63360.0,27831716.1
2023-07-31,446.3429,446.3429,422.2003,431.769,63704.0,27385953.75
2023-08-01,431.8181,456.3041,426.911,450.3175,84216.0,37310595.35
2023-08-02,452.1331,477.2571,437.1177,446.441,304471.0,140059594.3
2023-08-03,448.5019,465.1368,438.6879,443.3005,132654.0,59780001.25
2023-08-04,447.4715,465.2349,430.1006,437.0195,89137.0,39863861.8
2023-08-07,465.1858,524.4136,457.2364,523.8248,1628659.0,833136285.95
2023-08-08,534.2767,534.2767,482.4095,489.2302,649850.0,324049103.45
2023-08-09,488.7886,510.3304,477.5025,485.2065,264385.0,130980421.45
2023-08-10,485.6972,500.7127,480.8883,484.7158,71074.0,34860161.55
2023-08-11,485.3046,491.9291,437.0686,456.206,118825.0,54923294.75
2023-08-14,433.7809,433.879,388.489,392.7091,426422.0,171782096.65
2023-08-16,390.5991,411.6502,372.2959,382.7478,341327.0,132840811.4
2023-08-17,383.6802,405.7127,383.6802,390.6481,139478.0,55196950.35
2023-08-18,392.4637,399.2354,384.3671,391.5314,49310.0,19358201.4
2023-08-21,394.6228,400.364,383.1404,391.0407,71457.0,28008371.5
2023-08-22,393.9358,420.8754,393.347,408.6569,207964.0,85286605.45
2023-08-23,408.6569,426.911,408.6569,417.5386,109202.0,45927717.3
2023-08-24,420.0412,428.8739,410.0309,411.7483,81259.0,34234908.25
2023-08-25,411.9937,428.8739,404.535,422.4457,98176.0,41027309.0
2023-08-28,422.004,426.911,417.2933,422.5929,50566.0,21337941.35
2023-08-29,422.9854,439.3749,422.9854,436.7742,90338.0,39070894.75
2023-08-30,439.3749,467.4431,438.6879,455.0283,170082.0,77405608.75
2023-08-31,456.3532,466.1672,447.864,459.1502,56451.0,25891208.2
2023-09-01,461.1621,502.4301,461.1621,479.269,311501.0,151020575.35
2023-09-04,484.3051,487.5144,469.6411,476.3066,96067.0,45743701.5
2023-09-05,476.9484,504.8939,470.5792,497.9322,274929.0,136223078.25
2023-09-06,501.3883,505.5357,483.8607,492.353,74822.0,36935061.35
2023-09-07,491.6617,497.6359,480.1083,488.9462,97096.0,47300785.9
2023-09-08,492.5505,500.5984,484.2557,496.9941,122148.0,60272253.45
2023-09-11,503.6101,504.1532,470.8755,483.8113,142572.0,69019717.3
2023-09-12,484.8482,489.7855,471.0236,478.874,169574.0,81156922.05
2023-09-13,481.8364,485.7863,464.1607,469.7893,70235.0,33050611.25
2023-09-14,472.7023,478.9234,462.3339,466.3331,46767.0,22100561.5
2023-09-15,469.5918,471.6161,459.174,461.7414,47557.0,22055765.55
2023-09-18,466.0862,485.4407,454.286,457.2978,96200.0,45007889.1
2023-09-20,454.2366,475.4672,449.3486,469.6411,74318.0,34599796.75
2023-09-21,468.5549,474.6279,455.2241,471.2705,55055.0,25631268.2
2023-09-22,471.2705,477.9359,464.9507,470.678,31998.0,15036443.05
2023-09-25,468.4068,479.2196,467.3206,469.3449,23680.0,11166657.6
2023-09-26,470.7274,483.8607,469.3943,475.2204,42625.0,20261313.3
2023-09-27,476.9484,485.8357,474.7266,480.7008,32019.0,15362232.05
2023-09-28,482.8239,486.8231,470.0361,471.2211,34470.0,16447797.55
2023-09-29,473.6898,483.4657,470.3324,475.1216,49692.0,23683744.95
2023-10-03,474.9241,488.7981,471.5667,482.2314,45459.0,21880521.2
2023-10-04,477.4422,493.1429,467.6662,481.9845,62304.0,30000956.55
2023-10-05,484.3545,496.6978,481.9352,489.2918,53585.0,26277245.3
2023-10-06,489.7855,517.8297,487.9094,501.6846,159942.0,80815130.45
2023-10-09,498.5247,500.154,470.2336,497.6359,78338.0,38636162.0
2023-10-10,498.6728,517.6322,493.7354,496.846,74229.0,37648207.55
2023-10-11,497.6853,504.9432,491.1186,501.5365,73312.0,36557718.9
2023-10-12,502.5239,509.7818,498.6728,502.1289,35948.0,18131257.6
2023-10-13,497.6853,510.2262,479.0715,487.5144,71746.0,35359595.75
2023-10-16,490.5755,495.7104,482.0833,488.6006,27943.0,13610121.5
2023-10-17,492.6986,497.6359,484.8976,486.5269,19037.0,9342967.2
2023-10-18,484.3545,501.8327,484.157,496.451,36010.0,17708072.15
2023-10-19,495.7104,507.955,488.0575,505.5851,46320.0,23168993.2
2023-10-20,503.067,524.5939,486.9219,489.983,95224.0,48264292.95
2023-10-23,490.6743,498.7715,475.1216,480.4046,75650.0,36595722.15
2023-10-25,484.8482,493.5873,471.0236,488.8968,74114.0,36047399.95
2023-10-26,486.8231,495.7104,462.482,482.4289,68244.0,32501106.25
2023-10-27,480.5033,507.7081,480.5033,496.1547,41861.0,20831069.75
2023-10-30,498.6728,512.9417,490.6249,492.5998,49232.0,24599586.65
2023-10-31,491.8592,517.4347,485.7369,506.1776,87638.0,44043127.15
2023-11-01,508.5475,526.717,502.0796,514.0773,121857.0,62947399.55
2023-11-02,524.347,524.347,506.6219,508.7944,37993.0,19476303.95
2023-11-03,511.7568,547.0589,505.1901,514.1761,227328.0,119940307.75
2023-11-06,516.2498,522.0758,504.1039,510.5718,59718.0,30618089.95
2023-11-07,505.5851,542.5659,505.5851,537.826,103669.0,54729649.35
2023-11-08,546.0714,546.0714,523.7052,533.6293,75057.0,40181647.5
2023-11-09,530.9631,537.1841,523.3596,533.1849,36110.0,19189467.65
2023-11-10,500.6477,515.4598,462.5807,504.9432,427754.0,209151771.95
2023-11-12,504.647,511.5099,495.3154,498.4259,20934.0,10499535.9
2023-11-13,495.9079,506.2269,486.8231,489.0943,45110.0,22370201.9
2023-11-15,491.4149,502.3264,488.1068,493.8342,32128.0,15891808.9
2023-11-16,501.0921,506.5726,490.8224,503.8076,45799.0,22942991.1
2023-11-17,507.7575,507.955,498.6234,503.6595,33731.0,16986026.15
2023-11-20,503.2645,511.7568,495.4141,499.0678,29563.0,14886786.8
2023-11-21,499.7096,512.4974,497.8828,503.6595,61619.0,31164145.95
2023-11-22,505.5357,529.8769,499.2159,506.3257,98383.0,50730599.55
2023-11-23,504.2026,514.2748,504.2026,509.6831,20980.0,10692418.75
2023-11-24,512.843,513.4848,498.7222,501.4377,26080.0,13167850.75
2023-11-28,503.6101,508.5475,493.7848,495.3154,16312.0,8130664.95
2023-11-29,495.3154,505.5357,489.8349,494.1304,29442.0,14546067.2
2023-11-30,496.5497,500.3515,485.885,496.7472,67095.0,33132610.95
2023-12-01,499.9071,507.0169,495.8585,500.6477,29636.0,14847666.05
2023-12-04,508.5475,518.3728,499.759,505.5357,47876.0,24374566.5
2023-12-05,499.6603,507.0663,498.6728,504.5482,24931.0,12561774.0
2023-12-06,508.4981,508.5475,498.6728,504.4001,80151.0,40406764.0
2023-12-07,503.462,523.0633,500.6477,503.6101,63529.0,32468979.65
2023-12-08,504.6964,511.7074,500.7465,505.5357,79439.0,40284295.55
2023-12-11,511.8061,535.1105,503.6595,510.3249,129701.0,67637577.2
2023-12-12,510.1274,515.3117,495.7104,504.0545,66008.0,33272890.1
2023-12-13,504.3014,511.0655,492.353,500.7958,35789.0,17843479.85
2023-12-14,501.6352,513.3367,497.7347,508.4981,51362.0,25976585.1
2023-12-15,513.2874,517.4347,505.5357,508.8931,77065.0,39339449.9
2023-12-18,514.4723,523.1127,508.35,514.9661,80567.0,41345016.65
2023-12-19,518.2741,526.1738,502.2277,505.1407,68274.0,34989038.85
2023-12-20,508.4487,508.4487,479.9108,487.6625,89463.0,44523841.75
2023-12-21,492.6492,500.7958,478.3803,499.3146,38560.0,19003247.9
2023-12-22,501.1415,509.535,493.7354,496.7966,21834.0,10949506.65
2023-12-26,502.5733,502.5733,494.7229,498.5247,14573.0,7252820.35
2023-12-27,504.4989,505.7826,490.8718,496.5003,47870.0,23831753.4
2023-12-28,491.7605,507.2144,490.8718,501.2896,48510.0,24277446.7
2023-12-29,502.6227,513.4848,496.0066,511.1149,40992.0,20848295.8
2024-01-01,511.1149,520.3971,505.1407,513.3367,19536.0,10019613.5
2024-01-02,506.7207,520.3971,503.7583,514.2255,37141.0,19068975.65
2024-01-03,513.4848,518.6197,510.1274,515.361,11041.0,5685885.9
2024-01-04,515.361,527.8032,511.5099,517.1879,35339.0,18343118.9
2024-01-05,517.2372,520.3478,506.9182,518.5703,23679.0,12187735.3
2024-01-08,514.5711,520.3478,508.6462,512.843,20424.0,10485794.15
2024-01-09,513.0405,515.4598,503.7089,511.7074,62098.0,31664355.6
2024-01-10,511.0655,511.5099,505.1407,508.8931,32286.0,16405973.15
2024-01-11,508.5475,556.9336,508.3994,527.6551,229009.0,121500522.5
2024-01-12,538.1716,541.924,525.3345,525.8282,64876.0,34323292.55
2024-01-15,530.5681,530.5681,516.7929,525.1864,24963.0,13070048.05
2024-01-16,525.3839,528.7906,508.8931,517.4347,18576.0,9608347.05
2024-01-17,516.4473,516.4473,494.7723,497.5866,34880.0,17551885.3
2024-01-18,497.5866,503.2152,482.7745,499.1665,34407.0,17038617.5
2024-01-19,499.1171,504.8445,490.773,493.7354,29112.0,14421634.7
2024-01-20,498.0803,515.4598,493.7848,506.7207,21389.0,10821941.95
2024-01-23,512.4974,512.4974,486.675,489.9337,29323.0,14454399.9
2024-01-24,493.7354,496.1547,478.9234,483.0707,21061.0,10187285.7
2024-01-25,483.8607,492.748,479.9602,484.4038,14022.0,6822370.45
2024-01-29,476.9484,497.6853,476.9484,484.552,35636.0,17366994.35
2024-01-30,485.9838,501.6352,484.8482,499.2159,30273.0,14944944.1
2024-01-31,488.7981,506.5726,486.0332,503.2645,34153.0,17111013.15
2024-02-01,506.0294,506.3751,489.5881,493.5873,25768.0,12779305.4
2024-02-02,498.8703,501.6352,487.0206,494.6242,57340.0,28336086.85
2024-02-05,495.266,504.0545,469.9868,474.5291,59620.0,28881739.95
2024-02-06,470.1843,489.7855,470.1843,487.9094,22905.0,11000643.15
2024-02-07,493.4392,499.2653,483.9595,488.1562,37556.0,18484967.85
2024-02-08,491.0693,491.0693,480.5033,485.8357,30672.0,14886570.15
2024-02-09,489.6868,489.6868,472.9985,478.8246,19565.0,9361360.8
2024-02-12,487.4156,492.2542,464.1607,475.0229,53277.0,25316949.9
2024-02-13,481.5895,481.5895,459.1246,466.975,22099.0,10284121.9
2024-02-14,457.5446,473.8873,457.5446,465.3456,35679.0,16628502.6
2024-02-15,468.4562,481.6389,461.1489,463.7657,25129.0,11750668.4
2024-02-16,468.4562,478.9727,460.2108,469.3449,14538.0,6800209.2
2024-02-19,470.0361,473.9366,466.0862,466.4812,8106.0,3800287.45
2024-02-20,466.1356,473.9366,464.2101,465.6913,9569.0,4484956.65
2024-02-21,462.1857,469.2462,459.5689,461.4945,11761.0,5457181.45
2024-02-22,462.6795,469.0487,454.2366,464.6544,11718.0,5399886.15
2024-02-23,462.8276,468.9993,461.1983,463.0745,9064.0,4211054.6
2024-02-26,463.0745,469.0487,457.6927,460.9514,18242.0,8442450.5
2024-02-27,468.4562,468.4562,451.2742,456.8534,17114.0,7843730.05
2024-02-28,457.2484,463.0745,438.5358,444.8556,64705.0,28764260.75
2024-02-29,445.695,449.7436,429.5498,432.7097,42782.0,18660657.0
2024-03-01,434.5366,445.7937,430.3892,431.7716,18521.0,8081066.75
2024-03-02,438.7827,443.2757,429.5498,439.8689,3464.0,1509803.6
2024-03-04,439.9183,443.3744,427.2293,431.6729,16948.0,7312725.3
2024-03-05,431.7716,434.3884,421.4526,424.6618,13929.0,5944379.9
2024-03-06,427.328,429.5498,412.7134,420.317,65536.0,27324159.75
2024-03-07,424.4643,429.4511,417.7989,420.317,13240.0,5599235.2
2024-03-11,420.317,420.317,401.8513,409.7017,48102.0,19695805.15
2024-03-12,409.8004,412.6147,399.5801,402.9869,27932.0,11325263.85
2024-03-13,397.1608,408.7636,380.1763,390.0016,51975.0,20319628.5
2024-03-14,390.0016,407.1342,386.0517,400.9132,49515.0,19735939.75
2024-03-15,404.8631,405.0112,389.0635,394.7909,27365.0,10849563.8
2024-03-18,394.9883,400.3701,389.1623,390.8903,13260.0,5210847.4
2024-03-19,390.8903,395.6302,385.1136,387.0886,11762.0,4596085.2
2024-03-20,392.9147,396.9633,385.1136,395.5315,14400.0,5629397.0
2024-03-21,395.5808,413.7503,395.5808,408.2698,22099.0,8944238.05
2024-03-22,410.0966,431.3273,403.9743,414.7871,31742.0,13239195.3
2024-03-26,417.7002,452.5579,406.048,439.3752,135649.0,58967416.85
2024-03-27,441.7945,453.3479,440.412,447.1762,36536.0,16343524.3
2024-03-28,447.3243,456.1622,442.9794,449.6942,21694.0,9752498.45
2024-04-01,449.7436,469.5424,449.3486,467.37,106001.0,48035809.0
2024-04-02,472.0111,486.8231,460.1614,484.2557,34527.0,16482405.85
2024-04-03,484.2557,486.8231,470.1843,472.5542,16313.0,7805573.45
2024-04-04,473.5417,480.8489,464.1113,476.9978,25023.0,11882121.7
2024-04-05,469.8386,486.8231,469.8386,484.4038,21586.0,10399540.25
2024-04-08,484.4038,502.9683,480.9477,499.2653,34153.0,16905317.7
2024-04-09,500.0552,527.3094,492.7973,514.4229,82094.0,42322416.55
2024-04-10,519.5578,525.3345,496.2041,506.6219,67575.0,34466339.95
2024-04-12,501.0427,510.5224,497.6853,500.6477,20640.0,10389372.05
2024-04-15,493.7848,504.0545,478.479,487.6131,32201.0,15810137.1
2024-04-16,487.6131,506.5726,487.4156,495.5623,41363.0,20529207.7
2024-04-18,498.6728,515.4598,488.1562,499.364,72598.0,36198777.2
2024-04-19,489.5881,531.2099,489.5881,528.0994,108659.0,56480125.9
2024-04-22,538.0729,596.6793,533.1849,568.487,539645.0,310048206.25
2024-04-23,568.487,604.2828,552.5887,562.0684,219151.0,126481078.95
2024-04-24,563.8459,585.0765,560.4391,582.3609,97611.0,56375758.5
2024-04-25,582.6078,585.5702,575.7943,581.0772,33471.0,19474465.2
2024-04-26,578.4604,581.3735,566.7589,573.1281,43103.0,24746528.9
2024-04-29,571.6469,574.708,560.9328,569.1782,43591.0,24744529.8
2024-04-30,568.7338,589.4214,563.8459,576.7817,63682.0,36785286.7
2024-05-02,578.4111,582.0647,568.6845,573.5231,19097.0,10971483.6
2024-05-03,573.5231,576.288,553.5268,562.809,27096.0,15257870.95
2024-05-06,569.7707,569.7707,543.2077,545.627,27586.0,15218773.8
2024-05-07,548.7376,548.7376,488.7981,536.9373,86032.0,44883834.7
2024-05-08,533.1355,551.9962,533.1355,539.1097,24814.0,13414168.45
2024-05-09,542.9115,552.9837,537.3816,540.6403,56126.0,30536254.35
2024-05-10,536.8879,586.5577,536.8879,574.8562,167465.0,95773291.4
2024-05-13,574.1649,574.8562,541.529,559.6491,69895.0,39126315.55
2024-05-14,561.8709,615.1943,558.0198,593.2231,289220.0,172662702.8
2024-05-15,597.4199,611.2445,585.5702,589.372,77594.0,46137500.4
2024-05-16,588.1376,607.2946,576.683,578.7567,40265.0,23552397.65
2024-05-17,580.4354,583.0522,574.708,579.3985,33758.0,19545579.05
2024-05-18,608.3314,608.3314,608.2821,608.3314,26920.0,16376421.55
2024-05-21,631.9814,646.744,597.963,608.0352,178607.0,110580662.3
2024-05-22,608.0352,611.1951,596.4324,608.2327,31760.0,19183836.4
2024-05-23,608.1339,609.7139,588.3351,602.9497,31894.0,19172857.3
2024-05-24,602.4066,620.0823,596.4818,601.1229,45807.0,27762121.9
2024-05-27,610.4545,664.4691,599.3948,629.957,249025.0,158989547.25
2024-05-28,629.957,641.3623,598.4073,604.2334,77338.0,47194072.0
2024-05-29,604.9246,623.4891,595.4449,613.6638,35660.0,21752177.0
2024-05-30,613.6638,621.6129,604.3322,614.8981,28896.0,17660778.1
2024-05-31,612.7257,619.4405,600.3823,604.184,30826.0,18715195.0
2024-06-03,626.0565,657.6556,610.5039,636.6718,80365.0,51054152.2
2024-06-04,638.2518,638.2518,579.6454,603.7397,107611.0,65525502.35
2024-06-05,617.1693,632.1788,587.4958,622.0079,48136.0,29254566.95
2024-06-06,623.6372,699.9193,623.6372,652.5701,250863.0,167521563.75
2024-06-07,655.6313,734.3821,653.0639,723.7668,221214.0,155679148.8
2024-06-10,730.7284,749.836,715.9164,722.9768,85453.0,62416231.5
2024-06-11,723.8161,740.6031,714.4845,729.4941,63187.0,46097704.15
2024-06-12,728.8522,784.8418,728.8522,761.34,163810.0,125647963.1
2024-06-13,765.833,788.9892,765.833,768.8942,87481.0,67848608.2
2024-06-14,788.7917,788.7917,725.7911,739.5169,142945.0,107790591.7
2024-06-18,741.9362,762.3275,727.371,750.8235,46232.0,34617601.15
2024-06-19,750.9716,757.2914,733.6415,737.7889,41214.0,30633661.3
2024-06-20,741.1956,746.2317,711.3246,715.2745,57207.0,41443561.0
2024-06-21,722.4337,730.7284,684.6629,688.4153,95290.0,66547624.8
2024-06-24,699.475,770.2273,690.3409,716.7557,153815.0,112340759.9
2024-06-25,724.8036,774.1772,717.6444,721.15,152574.0,113325885.35
2024-06-26,722.9274,732.1603,694.4389,701.6474,88327.0,62387825.9
2024-06-27,708.6091,719.175,698.2406,704.8073,30060.0,21338871.7
2024-06-28,704.8073,712.9046,684.3173,688.4153,66311.0,46122619.3
2024-07-01,688.4647,726.4823,688.4153,701.2524,68030.0,48008784.85
2024-07-02,710.3865,720.8044,692.7108,717.4963,33411.0,23607704.75
2024-07-03,724.6555,763.6606,710.979,738.4307,111174.0,82287963.2
2024-07-04,744.158,753.7859,731.2715,745.8861,39407.0,29126677.0
2024-07-05,745.4418,832.4379,726.1367,764.8456,335754.0,262402823.3
2024-07-08,771.906,780.3982,757.4395,765.9811,63456.0,48793204.3
2024-07-09,771.4122,771.7579,738.0851,740.9981,37173.0,27859712.0
2024-07-10,745.343,809.6767,710.584,783.8544,177057.0,137395290.4
2024-07-11,790.1742,824.5382,778.6701,809.4299,125219.0,100464597.7
2024-07-12,809.4299,819.6008,798.4196,807.0599,69173.0,55944421.5
2024-07-15,807.0599,898.4997,797.8765,850.7555,328672.0,282297761.9
2024-07-16,851.9899,893.513,851.1999,878.2072,103815.0,90583463.6
2024-07-18,878.2072,892.6737,829.5249,874.8992,109226.0,93947721.6
2024-07-19,874.8992,877.7135,840.5846,848.9287,62447.0,53397275.1
2024-07-22,839.3502,863.9876,828.3893,837.079,42142.0,35634335.4
2024-07-23,837.4247,856.9272,756.4027,842.1645,100279.0,82710982.6
2024-07-24,830.6111,893.6611,830.6111,874.6523,52595.0,45317753.15
2024-07-25,874.8992,898.5985,859.8403,872.4305,47853.0,42172964.8
2024-07-26,872.381,881.6453,860.0451,867.3772,26177.0,22751488.65
2024-07-29,875.1553,877.3351,852.4652,856.6267,21570.0,18604752.55
2024-07-30,856.6267,875.7993,849.7899,867.3277,52662.0,45401574.6
2024-07-31,877.781,896.706,845.7275,862.0267,115859.0,100747808.3
2024-08-01,865.9901,929.4035,842.3091,850.7808,231693.0,202812885.3
2024-08-02,852.1184,863.9093,806.54,811.6923,95249.0,79239780.75
2024-08-05,802.5766,807.9767,756.0074,761.4569,153795.0,118464652.15
2024-08-06,764.7762,792.6683,721.3777,732.3759,312906.0,234930947.65
2024-08-07,740.9467,774.3873,706.8124,740.154,205457.0,151021677.05
2024-08-08,743.1265,781.0755,719.3464,731.4842,184739.0,136380278.7
2024-08-09,740.9962,754.0752,730.4933,746.099,136956.0,101080559.85
2024-08-12,733.4163,774.8332,730.3447,760.7634,112959.0,85958405.0
2024-08-13,707.4564,722.319,664.2065,700.6692,867380.0,605333445.35
2024-08-14,700.8178,701.4123,659.2027,668.4175,199096.0,133327368.15
2024-08-16,673.6689,687.6893,658.1128,662.522,57188.0,38182597.6
2024-08-19,665.7918,679.8617,662.5716,674.1148,37092.0,24965987.95
2024-08-20,675.8488,716.4235,675.7497,688.6306,81787.0,56784407.05
2024-08-21,688.6306,702.1059,677.5827,690.6618,64010.0,44086062.1
2024-08-22,708.4473,708.4473,678.7222,682.1406,27265.0,18770763.5
2024-08-23,675.7002,695.5664,675.7002,681.3975,30917.0,21168324.4
2024-08-26,681.447,688.4324,665.8413,672.3809,39189.0,26487114.4
2024-08-27,679.1185,722.2199,671.4891,703.6912,266267.0,187068619.35
2024-08-28,710.7262,733.2181,698.5389,705.0289,180424.0,128863535.8
2024-08-29,710.3298,718.3556,683.6764,693.9315,86062.0,60253670.35
2024-08-30,700.1242,722.319,691.1076,707.605,60677.0,42650186.75
2024-09-02,709.3886,712.262,689.5718,703.4931,69171.0,48253965.85
2024-09-03,701.6105,702.4527,687.2929,695.2691,40731.0,28278762.5
2024-09-04,693.5847,702.5022,680.1094,684.7663,82114.0,56343365.5
2024-09-05,690.4141,692.5939,676.2451,680.3571,61742.0,42106692.6
2024-09-06,680.7039,686.1039,652.0687,659.9459,173925.0,115342390.45
2024-09-09,669.7551,669.7551,641.2686,657.1715,176948.0,115755419.85
2024-09-10,663.7606,670.3001,657.1715,663.7606,40042.0,26619031.7
2024-09-11,668.6157,683.6764,655.1403,669.0616,307305.0,205661017.75
2024-09-12,677.6323,712.2124,671.4891,702.849,112575.0,78405820.3
2024-09-13,706.961,725.2915,700.9169,716.5226,81516.0,58343726.8
2024-09-16,718.3556,722.963,694.8728,712.0638,51056.0,36104470.6
2024-09-17,707.3078,708.4473,689.6709,699.4307,36430.0,25429492.3
2024-09-18,698.8362,709.4381,683.7755,689.4232,26998.0,18821937.0
2024-09-19,698.5389,703.939,658.2119,665.5441,52933.0,35679862.4
2024-09-20,673.6689,696.9536,654.9422,693.0398,45599.0,31106195.25
2024-09-23,698.5389,701.0655,672.3313,681.8929,33054.0,22611693.05
2024-09-24,685.658,685.658,666.8322,683.6268,48798.0,32983353.2
2024-09-25,690.4636,690.4636,663.8597,666.9808,34370.0,23127141.45
2024-09-26,670.9937,792.6683,662.3734,672.8763,99857.0,69005181.75
2024-09-27,672.8763,690.6122,670.5973,673.4212,27838.0,18826975.0
2024-09-30,676.146,688.5315,663.9588,674.8084,51224.0,34511897.1
2024-10-01,681.6947,681.6947,659.8963,665.0982,28984.0,19338435.25
2024-10-03,659.8963,665.0487,636.364,643.6962,44592.0,29038201.45
2024-10-04,651.8706,672.7772,627.8428,634.6796,42179.0,27384553.3
2024-10-07,643.8943,644.8356,592.5691,612.5839,40491.0,24820810.4
2024-10-08,612.5839,628.8832,601.6352,627.2978,23211.0,14361211.0
2024-10-09,636.7108,658.7073,629.8245,648.4522,33435.0,21610313.8
2024-10-10,652.7623,658.311,639.0888,654.2486,15601.0,10143478.7
2024-10-11,654.8431,656.8247,646.5696,649.7898,7672.0,4985616.05
2024-10-14,645.8265,659.5495,640.8723,644.4888,10037.0,6462907.7
2024-10-15,661.3826,661.4321,624.2758,639.9805,32633.0,20859010.05
2024-10-16,643.9439,670.7955,642.8044,664.6028,46717.0,30829677.75
2024-10-17,663.4138,665.2964,639.6833,642.0117,17855.0,11587860.05
2024-10-18,641.0705,657.9147,627.1988,649.988,21024.0,13521451.25
2024-10-21,656.4779,656.4779,628.4373,645.4797,25844.0,16596453.25
2024-10-22,635.819,674.6598,624.474,627.9419,39873.0,25848667.25
2024-10-23,618.529,635.8686,609.3637,617.9345,39931.0,24754611.05
2024-10-24,621.0556,642.0117,611.3454,637.2557,22816.0,14345104.35
2024-10-25,639.8815,648.0063,616.3491,626.8024,17067.0,10710845.8
2024-10-28,648.5017,683.6764,642.0613,647.8081,115065.0,76395826.7
2024-10-29,652.9605,657.0724,638.3457,646.5696,20757.0,13435663.2
2024-10-30,639.0888,675.3038,639.0888,665.2964,35424.0,23577347.4
2024-10-31,676.4433,676.4433,654.9917,659.9459,18753.0,12397357.55
2024-11-01,669.8047,669.8047,644.687,659.4505,8055.0,5305664.8
2024-11-04,659.4505,659.4505,640.4264,646.2723,17733.0,11487172.15
2024-11-05,639.0888,658.9055,639.0888,653.3568,20723.0,13466091.9
2024-11-06,663.1661,663.1661,653.7531,658.6082,13808.0,9094594.05
2024-11-07,660.5404,687.0452,660.5404,664.256,38805.0,26152486.1
2024-11-08,663.8597,665.2964,642.1108,644.6375,14034.0,9159633.75
2024-11-11,647.1146,654.8431,626.2079,629.2795,25777.0,16500725.95
2024-11-12,632.6484,640.1787,613.4262,619.3712,18051.0,11319561.75
2024-11-13,609.3637,617.2409,595.6902,598.8113,33162.0,20217379.45
2024-11-14,600.793,616.6959,595.492,606.8866,16709.0,10104864.75
2024-11-18,608.5711,608.5711,588.5066,591.5287,13758.0,8198175.9
2024-11-19,593.3122,617.34,589.547,592.8663,16397.0,9885866.55
2024-11-21,593.3122,599.4554,584.5928,586.8718,15292.0,9030611.35
2024-11-22,587.8626,599.4554,582.6112,585.6828,9703.0,5730551.35
2024-11-25,594.4517,623.0373,594.4517,607.6793,16323.0,9905384.9
2024-11-26,607.6793,616.795,601.6848,605.0536,9678.0,5896511.85
2024-11-27,612.2867,612.2867,598.5636,602.2793,26130.0,15843655.15
2024-11-28,611.3454,639.0888,604.4591,608.1747,11975.0,7324325.25
2024-11-29,604.4591,613.3271,600.5453,606.3417,14527.0,8819004.7
2024-12-02,611.2463,611.2463,600.248,601.0903,15077.0,9115975.05
2024-12-03,610.1069,613.1289,600.5453,611.2463,11275.0,6873808.75
2024-12-04,614.3179,625.2171,609.9582,618.628,32637.0,20175720.2
2024-12-05,624.1272,626.2079,612.3362,616.25,13777.0,8505926.3
2024-12-06,615.3087,620.2629,609.3637,610.7014,14981.0,9196199.4
2024-12-09,612.2371,622.2446,599.4554,602.0811,26640.0,16266989.95
2024-12-10,608.1252,722.4676,601.1398,722.4676,730964.0,505897042.3
2024-12-11,753.9761,755.0165,679.069,693.8324,469852.0,332744560.95
2024-12-12,683.6764,698.3407,671.5882,678.7717,60525.0,41439476.55
2024-12-13,680.6048,680.7039,650.4834,662.423,73909.0,49207432.35
2024-12-16,693.5847,722.319,674.8579,699.3316,208997.0,147079868.0
2024-12-17,712.4106,730.7411,693.5847,718.0584,148261.0,105669980.6
2024-12-18,718.0584,789.6958,714.5904,762.5964,450584.0,345909355.1
2024-12-19,753.0844,776.8149,743.2256,761.0606,137439.0,104537736.75
2024-12-20,763.934,782.7599,727.3722,732.9704,122099.0,92419742.6
2024-12-23,732.9704,754.5706,710.0326,749.1706,76938.0,56522229.9
2024-12-24,755.0165,779.7874,736.2897,777.1617,67047.0,51474924.2
2024-12-26,758.0386,792.5692,756.6514,778.5984,100475.0,78030534.7
2024-12-27,789.9435,807.5308,776.9635,787.2187,109100.0,86358529.8
2024-12-30,800.6445,848.155,787.6645,832.7476,244649.0,201498921.75
2024-12-31,852.0193,853.1092,804.5583,810.7015,168710.0,141252588.6
2025-01-01,807.3326,840.1788,799.505,825.6631,47709.0,39052601.8
2025-01-02,822.3933,829.1805,803.7656,807.0849,34545.0,28175840.35
2025-01-03,804.6574,817.4391,798.4646,802.5766,34879.0,28070377.15
2025-01-06,794.6499,820.6594,785.237,813.129,119205.0,95968313.5
2025-01-07,812.485,850.6817,800.6445,830.8154,79067.0,65677810.6
2025-01-08,834.9274,843.7954,808.5712,833.9861,31326.0,25985329.45
2025-01-09,842.21,858.3111,822.2447,825.6135,117701.0,99205716.8
2025-01-10,822.8887,828.487,754.4716,762.0514,133424.0,104616669.0
2025-01-13,745.7027,761.6056,708.9427,719.5446,75474.0,55147240.45
2025-01-14,743.1265,743.1265,712.7574,721.229,32698.0,23676247.9
2025-01-15,737.8751,747.833,712.2124,741.0457,33072.0,24226321.6
2025-01-16,756.0074,766.857,737.3797,759.0294,20667.0,15469686.8
2025-01-17,759.6734,759.6734,735.4971,741.2439,10831.0,8071087.55
2025-01-20,748.6256,782.2645,748.5761,764.3799,45576.0,34755173.7
2025-01-21,781.7691,781.7691,699.7279,711.073,51870.0,37616261.25
2025-01-22,712.4106,713.6491,660.4413,687.2434,57842.0,39148725.35
2025-01-23,683.0323,706.9115,678.4249,686.0544,18780.0,13020090.35
2025-01-24,697.5481,699.7774,649.7898,654.1495,20090.0,13388434.65
2025-01-27,637.7512,641.0705,607.2334,613.6243,35674.0,22057558.95
2025-01-28,624.0776,624.0776,560.3669,598.96,69415.0,40674373.45
2025-01-29,607.8775,644.043,599.1581,621.551,35261.0,22134141.9
2025-01-30,633.1438,641.4172,614.3179,626.2575,20803.0,13062970.6
2025-01-31,616.2996,638.197,604.4095,631.8061,12004.0,7520763.75
2025-02-01,633.8374,658.6578,627.3474,651.4742,11089.0,7137478.05
2025-02-03,657.3202,657.3202,608.3729,631.7566,37341.0,23210579.35
2025-02-04,631.7566,641.5163,624.2758,631.0135,11776.0,7442370.45
2025-02-05,631.1621,662.9184,631.1621,659.1037,18526.0,12007917.75
2025-02-06,663.711,667.7735,634.1346,636.9585,16475.0,10686263.15
2025-02-07,633.2429,647.8081,615.9032,623.7308,23591.0,14686995.8
2025-02-10,634.9273,635.4227,599.5049,612.9803,26118.0,15962369.85
2025-02-11,592.5195,599.4058,540.5998,578.3506,120955.0,68717922.55
2025-02-12,578.7965,583.602,547.6842,562.9926,19327.0,10911059.7
2025-02-13,559.822,574.1891,535.1502,543.4236,57727.0,31784934.65
2025-02-14,544.0677,550.7558,518.6528,526.9758,23308.0,12394020.5
2025-02-17,519.0491,534.0602,483.6267,508.7939,77141.0,38845799.85
2025-02-18,502.1553,515.8784,487.5901,491.0084,17352.0,8631016.7
2025-02-19,494.4268,514.1445,485.5093,493.7332,28159.0,13949520.4
2025-02-20,493.1387,503.6416,487.5901,493.8819,27620.0,13703621.35
2025-02-21,495.1204,552.8861,490.4635,541.2438,75686.0,39462517.0
2025-02-24,535.1006,584.3451,520.3372,526.7281,91020.0,49630947.8
2025-02-25,521.1794,542.4328,521.1794,524.3501,27767.0,14726396.45
2025-02-27,525.1427,543.4236,480.5551,489.2745,63453.0,31709685.8
2025-02-28,481.546,504.5333,473.3716,494.9718,155285.0,75680573.5
2025-03-03,497.4489,504.9792,472.1826,481.001,40080.0,19330229.15
2025-03-04,476.5918,511.7169,474.0156,496.6562,26409.0,13109680.0
2025-03-05,499.5792,516.2252,487.7387,498.192,61389.0,30694723.25
2025-03-06,498.3902,512.5591,496.5571,506.8618,19577.0,9895931.95
2025-03-07,512.2619,514.2435,497.3993,499.0838,10998.0,5558591.1
2025-03-10,497.4984,500.2728,484.5185,490.5626,43141.0,21083484.95
2025-03-11,483.2304,492.4452,466.2376,487.8378,35663.0,17212144.75
2025-03-12,492.7424,495.8635,472.7771,475.1551,20729.0,9985133.45
2025-03-13,475.601,490.4635,454.3475,460.5898,45189.0,21188778.15
2025-03-17,470.6468,470.6468,453.5053,455.8833,26972.0,12432684.6
2025-03-18,456.8742,466.4853,456.8742,464.0577,29771.0,13776372.8
2025-03-19,466.3862,476.9881,462.6706,471.5385,69289.0,32520313.35
2025-03-20,477.5826,495.4177,473.7184,477.6817,79550.0,38272143.3
2025-03-21,463.9091,510.1811,463.9091,505.1774,132569.0,66003666.75
2025-03-24,505.326,520.0895,489.5717,495.5167,86200.0,43418491.85
2025-03-25,498.3406,504.2361,476.5918,479.168,76834.0,37249947.9
2025-03-26,476.79,490.3149,469.6559,471.9349,153428.0,73153575.85
2025-03-27,471.6376,518.1573,469.6559,506.9114,98959.0,48619302.15
2025-03-28,496.8048,505.7224,478.9698,491.0084,59690.0,29317506.35
2025-04-01,491.9002,503.8398,488.9772,494.5755,19968.0,9908758.75
2025-04-02,495.5167,506.3169,485.5093,494.08,22216.0,11019599.7
2025-04-03,495.3186,505.4746,489.6213,492.891,17020.0,8418936.6
2025-04-04,495.1204,495.1204,454.5952,459.4008,67331.0,31386407.75
2025-04-07,433.9859,453.0099,418.0334,432.5492,40423.0,17427795.3
2025-04-08,435.9675,455.7843,432.0537,433.54,23563.0,10303612.75
2025-04-09,436.9584,438.8905,403.5177,407.3819,200412.0,82596479.45
2025-04-11,420.1142,422.5913,408.4223,411.4444,81619.0,33838898.35
2025-04-15,419.1233,439.2373,416.6958,428.9326,74679.0,32194143.1
2025-04-16,430.9638,443.7951,424.2261,435.7198,114805.0,49915600.8
2025-04-17,433.9859,455.7843,433.9363,444.9346,122677.0,54244407.55
2025-04-21,444.8355,471.6376,439.485,466.8321,74673.0,34484991.3
2025-04-22,466.7825,487.3919,458.6577,477.3845,100261.0,47884912.05
2025-04-23,477.434,487.0946,463.7109,468.7147,64523.0,30328159.55
2025-04-24,468.7147,482.5368,468.7147,476.6909,23882.0,11409224.45
2025-04-25,476.6909,498.3902,461.2338,477.0872,162055.0,77996422.75
2025-04-28,469.9532,475.3532,462.5219,465.8908,28440.0,13325729.25
2025-04-29,466.6834,474.9074,455.7843,456.9733,31903.0,14741317.05
2025-04-30,452.8613,459.2026,435.373,442.2098,20557.0,9203035.85
2025-05-02,437.107,447.5603,418.6279,426.4555,49533.0,21351571.35
2025-05-05,434.9767,505.0288,434.9767,497.3003,632815.0,307104827.95
2025-05-06,495.4177,495.4177,458.7568,463.8596,137652.0,65612283.2
2025-05-07,463.8596,474.1147,447.3622,460.1935,91322.0,42510738.25
2025-05-08,463.0669,515.2344,462.8192,474.5606,341082.0,168600315.65
2025-05-09,470.5477,490.2653,457.865,486.5992,67355.0,32187162.65
2025-05-12,493.4855,502.3535,487.1442,494.1791,154948.0,76587136.15
2025-05-13,497.2012,532.0786,493.436,524.251,394155.0,203269674.45
2025-05-14,525.5391,550.5576,525.5391,547.8329,175684.0,94770479.9
2025-05-15,549.22,561.1596,535.2988,540.0548,87837.0,48183601.5
2025-05-16,537.3795,565.767,532.6731,552.5889,155990.0,86663369.7
2025-05-19,558.8311,618.2812,556.255,574.5854,257194.0,149956403.0
2025-05-20,579.0937,592.6186,562.0513,570.2753,99871.0,57926221.9
2025-05-21,573.6441,586.4259,565.222,575.279,64398.0,37077734.65
2025-05-22,576.6662,592.5195,566.7578,584.0479,122599.0,71049765.05
2025-05-23,585.5837,618.529,562.7945,608.7197,389415.0,230290323.95
2025-05-26,611.2463,635.3236,610.4041,619.4702,121833.0,75674069.1
2025-05-27,621.2537,621.2537,604.5582,612.7326,51366.0,31353225.1
2025-05-28,613.3271,619.817,586.5745,593.9562,52824.0,31540987.1
2025-05-29,595.2939,603.4683,584.8901,587.6644,28208.0,16740820.2
2025-05-30,593.9067,604.1618,584.5928,591.6773,34952.0,20725738.5
2025-06-02,582.7103,610.1564,582.7103,597.771,41041.0,24523172.45
2025-06-03,590.6369,628.1401,590.6369,610.0573,90518.0,55740804.9
2025-06-04,614.6647,622.2446,606.1435,614.1197,51498.0,31619747.7
2025-06-05,614.3179,623.929,577.2111,591.8259,39233.0,23371960.7
2025-06-06,594.7489,613.5252,594.7489,606.5398,31002.0,18765182.4
2025-06-09,607.3821,620.2629,602.4279,616.1014,32287.0,19751336.05
2025-06-10,613.3271,648.9476,613.3271,646.1733,80041.0,51034634.75
2025-06-11,650.1861,662.8688,644.043,656.9238,64989.0,42514625.5
2025-06-12,658.8064,663.8597,629.2795,633.6392,40474.0,25916330.6
2025-06-13,604.4095,650.9788,604.4095,641.6154,78330.0,49296677.45
2025-06-16,641.665,658.856,624.474,654.5954,44121.0,28310197.4
2025-06-17,649.4926,704.3353,643.7457,673.768,126501.0,86266309.0
2025-06-18,678.7222,702.3536,665.0487,670.5973,78938.0,53814548.85
2025-06-19,673.1735,681.1497,644.7861,649.3439,63865.0,41990109.65
2025-06-20,654.5458,695.5169,648.9971,679.0194,87260.0,59139520.9
2025-06-23,670.5973,692.9407,666.4358,689.2251,44013.0,29993173.8
2025-06-24,699.5297,708.1995,683.7259,689.0269,43487.0,30195379.55
2025-06-25,693.0398,743.1265,692.8911,731.5833,113865.0,81932838.4
2025-06-26,736.6861,764.9249,732.2768,761.6056,72947.0,55000028.1
2025-06-27,764.9249,787.1196,734.209,736.8347,83814.0,63386068.35
2025-06-30,733.2181,777.7066,713.4014,767.6992,63550.0,48101590.35
2025-07-01,756.2055,785.6829,756.2055,777.5085,57640.0,44680667.45
2025-07-02,778.7966,782.7104,754.5706,766.9561,41578.0,31810055.6
2025-07-03,766.9561,780.7782,761.0606,768.8387,29306.0,22609690.0
2025-07-04,767.9965,784.7416,760.9615,779.5397,40705.0,31450455.95
2025-07-07,787.1691,805.6482,771.5139,798.2665,47801.0,37653808.25
2025-07-08,798.2665,816.8942,780.8773,787.1196,41459.0,33131480.2
2025-07-09,779.2424,802.5766,778.7966,782.4627,27063.0,21325460.5
2025-07-10,788.3581,789.1508,767.501,777.558,16057.0,12458965.75
2025-07-11,778.4993,787.5159,771.4644,777.4094,44342.0,34533883.3
2025-07-14,769.6313,782.7599,754.2239,762.5469,30827.0,23496024.55
2025-07-15,754.9174,783.1562,754.9174,773.7433,44923.0,34997249.85
2025-07-16,775.2791,778.9947,762.9432,765.668,17222.0,13288520.55
2025-07-17,773.347,773.347,758.5835,769.879,12345.0,9448795.75
2025-07-18,770.969,778.0039,758.3358,763.7854,85695.0,65896474.65
2025-07-21,771.1671,771.8607,748.0807,750.211,16218.0,12241916.4
2025-07-22,757.6918,757.989,730.097,756.2551,37085.0,27697136.9
2025-07-23,753.2826,761.7047,746.099,752.3413,13141.0,9895960.95
2025-07-24,758.8312,758.8312,740.0549,741.888,7074.0,5289177.35
2025-07-25,749.3192,755.7101,728.8585,738.8659,56889.0,42403838.5
2025-07-28,738.8659,756.9486,703.4931,729.9484,54257.0,39141449.35
2025-07-29,728.6108,735.5961,709.8344,724.4492,17533.0,12609337.75
2025-07-30,728.264,733.6145,711.1721,719.0492,13313.0,9570226.3
2025-07-31,708.8436,750.0623,704.9793,741.0457,38387.0,28205078.5
2025-08-01,737.2806,737.2806,705.6234,711.8656,11700.0,8416116.3
2025-08-04,713.3024,722.1208,706.4656,711.9647,36059.0,25852654.05
2025-08-05,713.9464,726.5795,707.2583,715.3831,19127.0,13661102.3
2025-08-06,721.3281,721.3281,695.071,703.5922,15027.0,10607068.25
2025-08-07,696.5572,707.1592,683.7259,700.9665,15916.0,11063939.15
2025-08-08,709.0418,719.2474,684.7663,694.2288,20098.0,14043055.05
2025-08-11,742.1357,761.3579,695.071,733.0695,414568.0,304422659.35
2025-08-12,730.2456,758.0386,716.9189,727.5704,53614.0,39555453.1
2025-08-13,727.5704,741.6898,721.0309,733.4659,56443.0,41406877.8
2025-08-14,727.6695,735.1998,709.5372,724.9447,37769.0,27287296.25
2025-08-18,735.1998,738.4696,702.5022,705.9702,31945.0,22762502.05
2025-08-19,706.4656,713.451,700.9169,703.0472,14506.0,10239556.05
2025-08-20,710.0821,710.0821,699.5297,703.1463,62493.0,44066795.05
2025-08-21,709.4381,762.9432,707.3078,721.9722,239099.0,176899066.0
2025-08-22,720.3373,725.4896,708.4473,710.0821,17483.0,12497613.25
2025-08-25,706.5647,747.0898,705.0289,732.0291,95602.0,70019202.25
2025-08-26,732.0291,735.8934,711.6179,725.5887,39382.0,28452354.05
2025-08-28,725.1924,725.1924,704.4839,711.5684,18506.0,13179450.25
2025-08-29,714.3923,719.2969,699.6288,705.4252,8034.0,5690165.25
2025-09-01,707.8032,718.3061,700.6197,704.1371,14450.0,10231201.85
2025-09-02,706.961,735.8439,703.0472,720.5354,35616.0,25692361.5
2025-09-03,723.3098,734.8035,711.9152,715.3336,14255.0,10282777.75
2025-09-04,718.3724,752.2485,704.4235,709.206,13666.0,9796802.3
2025-09-05,709.1063,722.2084,701.4344,705.2704,18302.0,12987885.65
2025-09-08,708.11,735.6094,706.0176,728.884,40087.0,29025872.05
2025-09-09,717.9739,733.9156,717.3761,718.3226,9655.0,6958817.85
2025-09-10,720.1659,733.3178,713.0419,717.4757,17994.0,12957722.9
2025-09-11,715.3834,723.9022,715.3834,717.4259,19169.0,13775466.45
2025-09-12,722.1088,723.8524,712.5438,715.7819,10868.0,7799224.35
2025-09-15,718.6215,726.2437,714.2376,720.6641,31836.0,22901090.3
2025-09-16,722.1088,729.2327,705.5195,708.7576,26233.0,18737501.4
2025-09-17,715.0845,742.285,706.3664,738.2996,52663.0,38364114.2
2025-09-18,747.2668,796.0882,747.2668,791.3057,281504.0,218076889.4
2025-09-19,796.6362,802.0663,783.1356,798.4296,143161.0,113623076.8
2025-09-22,801.07,820.8476,767.2437,771.3786,156805.0,124161858.25
2025-09-23,767.1939,772.5742,751.6507,758.7747,48279.0,36731019.75
2025-09-24,767.1939,781.5414,738.3992,749.0602,47706.0,36248330.7
2025-09-25,749.0602,753.6434,731.9229,746.669,117703.0,87668905.15
2025-09-26,739.1963,746.4199,712.9921,715.2837,48974.0,35596651.6
2025-09-29,715.3834,744.2279,701.2849,705.5195,27114.0,19380006.05
2025-09-30,708.3591,716.7285,702.4308,704.274,13042.0,9205046.95
2025-10-01,708.2594,728.336,703.4271,721.5608,17166.0,12295953.25
2025-10-03,721.5608,727.9375,708.4089,712.3943,44653.0,31824094.1
2025-10-06,712.3943,727.3397,709.5547,715.483,65362.0,46831898.0
2025-10-07,722.059,722.059,701.4344,706.7649,78798.0,55862628.2
2025-10-08,706.7649,711.1489,695.9544,698.6944,19966.0,14075118.75
2025-10-09,698.6944,710.0031,691.421,699.4417,21018.0,14702887.15
2025-10-10,690.7734,706.8645,690.3749,699.4417,15626.0,10913571.9
2025-10-13,695.4563,701.3348,674.3833,683.0516,127376.0,88036603.7
2025-10-14,683.4004,689.1792,657.1962,684.6956,34646.0,23359056.05
2025-10-15,677.4222,690.4247,674.1343,684.7454,12808.0,8765685.05
2025-10-16,687.5851,706.4162,684.4964,695.5559,17883.0,12492250.65
2025-10-17,699.2922,699.2922,672.5401,676.2266,18860.0,12857503.45
2025-10-20,676.2266,709.9034,673.6859,702.4308,45938.0,32015316.75
2025-10-21,707.1136,718.5717,693.2643,706.7151,8823.0,6238750.8
2025-10-23,716.6786,716.6786,696.4028,700.2886,9723.0,6804449.35
2025-10-24,701.0857,705.7685,698.4453,701.6835,5503.0,3859452.75
2025-10-27,701.4344,723.8524,698.545,701.9326,44257.0,31517666.35
2025-10-28,701.4344,707.9107,695.0079,699.1926,31936.0,22297396.8
2025-10-29,699.6908,715.3336,699.6908,708.1598,13502.0,9564501.55
2025-10-30,709.3056,730.8269,704.3737,725.4964,26654.0,19232868.3
2025-10-31,725.4964,737.3032,725.4964,731.1756,47704.0,35006551.65
2025-11-03,736.3069,736.3069,717.3761,724.6993,10313.0,7473920.35
2025-11-04,724.6993,736.7552,719.0201,726.0942,39916.0,28997099.6
2025-11-06,726.8415,732.5705,714.387,723.2546,54978.0,39824975.35
2025-11-07,720.3652,727.5887,713.3907,717.3761,46813.0,33621623.05
2025-11-10,718.0735,736.4563,700.438,706.6155,52463.0,37609562.85
2025-11-11,702.4308,733.3178,685.5425,714.8354,48230.0,34519735.3
2025-11-12,720.2157,732.3214,715.2339,722.4575,9932.0,7168282.9
2025-11-13,787.0712,842.1696,767.2437,775.7127,1422496.0,1138287168.5
2025-11-14,797.0845,876.793,778.1538,857.3641,1863811.0,1582669330.05
2025-11-17,886.6569,905.6873,872.0105,890.6423,828754.0,736776642.8
2025-11-18,891.7383,919.9352,887.8526,896.2718,331564.0,298712792.55
2025-11-19,902.6983,921.3301,881.7748,915.0032,251068.0,228378562.1
2025-11-20,915.0032,1004.3265,905.3884,974.0373,1421124.0,1383409012.95
2025-11-21,963.8745,985.1965,944.3459,955.1066,182203.0,175370333.05
2025-11-24,954.5586,954.9571,913.7578,921.1806,190900.0,177909342.75
2025-11-25,928.4042,936.4747,899.1114,904.4419,88815.0,81571550.5
2025-11-26,906.8331,959.4905,895.7238,931.0944,260041.0,242978254.6
2025-11-27,926.3617,945.5415,912.6618,926.4115,73422.0,68353601.25
2025-11-28,926.4115,966.465,911.8149,952.8149,135875.0,127651244.9
2025-12-01,971.5464,986.3921,936.5743,957.448,160439.0,153958173.75
2025-12-02,953.5124,968.1588,939.5136,964.2232,112944.0,107463060.75
2025-12-03,961.4832,1004.3265,945.143,954.708,230768.0,224056759.55
2025-12-04,955.7044,958.2949,916.448,921.2305,148135.0,137732246.8
2025-12-05,921.2305,926.7602,898.7128,903.9437,86822.0,78882542.1
2025-12-08,901.7019,921.2803,876.5937,886.2584,119036.0,106647621.2
2025-12-09,872.957,910.0215,863.392,889.0482,137927.0,123071623.5
2025-12-10,887.7529,935.2791,885.3617,893.2827,100117.0,90818222.75
2025-12-11,890.0944,906.6837,872.8076,903.5452,62465.0,55589789.35
2025-12-12,903.5452,934.5816,888.1016,891.9874,66610.0,60046620.3
2025-12-15,881.8744,905.3386,873.9036,892.0871,57727.0,51472067.9
2025-12-16,894.7274,904.9401,879.7821,893.3823,45090.0,40141554.75
2025-12-17,893.3823,893.3823,828.3701,839.0809,111455.0,95028724.4
2025-12-18,839.0809,849.3434,822.0931,827.025,68301.0,57071818.3
2025-12-19,828.8683,867.8756,823.9862,853.0299,129032.0,110088042.6
2025-12-22,866.4807,899.759,858.8586,889.9947,138569.0,122817825.95
2025-12-23,900.6059,901.7019,878.7857,888.2013,38098.0,33790899.75
2025-12-24,888.2013,898.7626,875.7966,885.9595,71663.0,63633431.2
2025-12-26,890.742,895.923,867.4273,878.3374,58566.0,51571964.9
2025-12-29,871.8112,890.9911,852.8805,856.1186,74655.0,64725707.95
2025-12-30,854.8732,894.7274,846.2049,887.2547,65581.0,57294314.45
2025-12-31,883.7177,899.6594,880.9777,885.262,36031.0,31953095.9
2026-01-01,886.6569,965.4687,886.6569,954.4091,376751.0,354477683.45
2026-01-02,943.1503,960.188,926.7602,953.4128,113413.0,106714425.6
2026-01-05,957.4978,977.5246,931.5926,936.7238,84440.0,80016095.75
2026-01-06,938.0689,945.4917,912.9607,929.5002,48760.0,45187292.85
2026-01-07,936.4747,958.4942,902.7979,926.1624,119908.0,111211785.35
2026-01-08,921.629,925.1163,851.9837,861.9473,132554.0,116291593.5
2026-01-09,856.8659,885.0129,831.957,838.0348,117367.0,100055062.45
2026-01-12,836.9388,836.9388,804.6569,822.3422,106774.0,87572652.55
2026-01-13,823.0894,828.4199,792.3519,802.8136,73847.0,59940673.85
2026-01-14,797.1842,797.1842,747.5159,752.6969,203194.0,155789428.35
2026-01-16,761.5147,773.172,729.4818,735.4599,169534.0,127304799.75
2026-01-19,727.3397,758.6252,718.8706,734.4138,72249.0,53542999.9
2026-01-20,732.3214,732.3214,682.5036,686.788,102603.0,72632181.25
2026-01-21,688.432,726.692,667.5583,693.7126,122579.0,85405798.4
2026-01-22,702.4308,711.5972,685.0942,699.4417,61145.0,42602098.65
2026-01-23,699.4417,699.4417,661.5802,663.7722,50953.0,34540359.8
2026-01-27,663.5729,681.5073,639.3614,666.7114,62252.0,41500722.9
2026-01-28,672.5401,707.4125,672.3408,700.8864,67364.0,46249433.1
2026-01-29,707.4125,739.2959,696.9508,732.172,80002.0,57288134.95
2026-01-30,731.2753,741.8864,702.9289,724.2011,47716.0,34713766.05
2026-02-01,733.9156,733.9156,702.5304,709.6543,26298.0,18809730.8
2026-02-02,700.438,707.4125,677.9204,695.0577,39902.0,27555635.35
2026-02-03,731.3251,761.0165,719.0699,730.8767,128594.0,94236920.05
2026-02-04,740.7905,769.1866,729.8305,765.3008,91495.0,68567218.5
2026-02-05,770.7808,775.1647,751.85,757.1307,63957.0,48660275.1
2026-02-06,749.5584,767.1939,722.3081,755.3871,64186.0,47811895.2
2026-02-09,739.8937,752.1489,697.3493,732.4709,192937.0,139625524.05
2026-02-10,735.3105,741.2388,723.0055,731.3251,58855.0,43043253.7
2026-02-11,734.3141,734.3141,709.206,712.2449,39853.0,28536102.45
2026-02-12,703.4271,716.8779,696.4526,697.5486,38191.0,26813754.0
2026-02-13,687.5352,702.9788,677.4222,687.6847,40522.0,27932509.6
2026-02-16,687.5352,702.4308,676.8742,681.4077,49928.0,34293896.8
2026-02-17,690.0261,701.3348,678.319,691.7199,30479.0,21083233.05
2026-02-18,689.777,709.9532,689.777,704.274,32195.0,22600406.65
2026-02-19,704.274,707.014,688.6312,695.805,46841.0,32590716.05
2026-02-20,695.805,695.805,672.5899,680.212,22347.0,15261011.8
2026-02-23,682.5036,698.8937,661.8791,671.1452,31633.0,21324859.6
2026-02-24,667.5583,688.3323,657.794,674.6324,36082.0,24229881.4
2026-02-25,672.6397,692.4174,670.5474,674.1343,30809.0,20994166.4
2026-02-26,673.0881,694.5097,673.0881,682.8026,50634.0,34781991.05
2026-02-27,687.4356,708.3591,667.5583,692.3177,143051.0,98683346.35
2026-03-02,659.0893,691.4708,657.5948,682.5535,64829.0,43954925.55
2026-03-04,667.5583,678.8669,662.1282,665.9641,49093.0,32881310.25
2026-03-05,674.5328,678.02,664.8183,673.1877,35327.0,23712620.1
2026-03-06,680.0128,682.2047,667.907,675.8779,22902.0,15470328.3
2026-03-09,671.743,672.0917,644.6421,647.2825,31434.0,20461725.2
2026-03-10,661.5304,667.5583,640.7065,645.1901,81227.0,52629335.3
2026-03-11,647.4319,657.5948,618.8365,621.0285,83176.0,52943976.7
2026-03-12,614.7515,653.5595,602.845,632.088,69541.0,43927940.5
2026-03-13,627.7041,629.3979,597.8134,600.9021,42746.0,26056285.85
2026-03-16,597.8134,603.941,573.9009,582.4197,81015.0,47454183.7
2026-03-17,581.6724,599.8061,580.427,586.9531,37627.0,22033527.4
2026-03-18,590.4902,663.5231,587.8997,650.7697,401141.0,258734617.55
2026-03-19,636.6713,663.3736,624.3165,636.7211,96868.0,62212901.55
2026-03-20,638.7138,697.449,638.7138,673.4866,167920.0,113763481.95
2026-03-23,663.1245,696.8512,612.7587,622.0747,191305.0,119461537.05
2026-03-24,639.5109,667.907,632.7855,661.7296,89241.0,58235216.45
2026-03-25,663.5729,707.4125,662.5267,673.8852,100944.0,69680989.5
2026-03-27,673.8852,673.8852,637.4684,640.1087,57877.0,37688439.9
2026-03-30,631.4902,651.3675,621.7758,647.2327,84642.0,54210277.85
2026-04-01,649.6239,693.3639,649.6239,682.0055,40284.0,27357724.7
2026-04-02,679.5146,679.5146,644.7916,668.6045,61188.0,40395028.8
2026-04-06,672.5899,710.8998,654.2071,689.7272,129603.0,89729256.05
2026-04-07,683.1015,696.353,677.5717,694.161,30922.0,21331694.8
2026-04-08,715.3834,781.1429,705.1209,757.9278,273263.0,205999027.1
2026-04-09,758.2267,771.6775,739.7941,744.2777,74118.0,55911214.55
2026-04-10,749.3093,781.8901,749.3093,765.1015,44001.0,33763301.8
2026-04-13,735.3105,784.1319,727.3397,770.5815,58960.0,45263146.0
2026-04-15,787.121,819.2036,773.2218,797.3336,109433.0,87317060.2
2026-04-16,803.9594,812.9764,786.0748,797.0845,41882.0,33429823.0
2026-04-17,805.1052,866.3313,789.3628,838.1344,226571.0,189393935.2
2026-04-20,844.8598,882.2231,820.2996,827.6727,123741.0,104801684.05
2026-04-21,830.861,860.7517,830.861,845.7067,57977.0,48955337.75
2026-04-22,831.4588,854.8732,808.9412,823.3385,92607.0,76963083.3
2026-04-23,822.0931,841.2729,801.1198,808.0445,57917.0,47483130.15
2026-04-24,814.471,821.8938,797.3336,816.4637,58957.0,47658578.3
2026-04-27,820.8974,881.6751,798.0809,855.7201,115825.0,99784747.1
2026-04-28,862.5451,879.3337,855.0226,863.7906,54488.0,47169307.05
2026-04-29,867.8258,874.8999,823.2887,827.4236,95823.0,80776067.0
2026-04-30,826.9752,846.8525,813.0262,834.3981,125266.0,104194482.85
2026-05-04,847.5998,989.9292,838.5828,964.7214,985384.0,939224897.15
2026-05-05,981.4103,1074.0714,962.4796,1059.2257,1343122.0,1376758310.8
2026-05-06,1068.0933,1104.7592,1044.0811,1056.9839,432550.0,464248182.4
2026-05-07,1054.1443,1091.0095,1039.5975,1072.1784,240465.0,256677439.25
2026-05-08,1061.1188,1229.5029,1052.3011,1135.2975,1395716.0,1621159746.7
2026-05-11,1135.2975,1138.6851,1067.5453,1102.7167,201365.0,222683891.7
2026-05-12,1102.7167,1130.8637,1028.2391,1036.4092,244555.0,263940660.45
2026-05-13,1044.1808,1058.1796,989.6303,995.8575,206065.0,209961248.0
2026-05-14,1016.781,1062.713,990.3776,1012.7457,177357.0,179818876.75
2026-05-15,1020.3679,1035.8114,995.3593,1000.092,48713.0,49267061.15
2026-05-18,981.9583,984.1005,924.6181,972.2439,191439.0,183322843.55
2026-05-19,976.9267,1021.6631,976.9267,991.8223,93342.0,93421385.4
2026-05-20,993.6157,1011.301,960.4869,998.6971,93674.0,93042958.0
2026-05-21,1021.2646,1047.1698,991.5234,995.4091,226463.0,231720387.65
2026-05-22,1006.3192,1024.9511,985.4954,1008.3618,108916.0,110221357.2
2026-05-25,1095.9913,1195.5272,1067.0969,1161.6511,2497204.0,2862594451.8
2026-05-26,1161.6511,1234.4847,1155.7726,1174.7532,666866.0,802067622.65
2026-05-27,1166.0849,1202.0533,1158.7617,1165.1383,169286.0,199663121.35
2026-05-29,1166.7325,1205.9889,1113.4275,1131.9099,374484.0,435246472.35
2026-06-01,1145.809,1179.3862,1080.3485,1089.7142,304248.0,343761333.9
2026-06-02,1092.1055,1276.1324,1081.1456,1234.684,1125736.0,1352159966.1
2026-06-03,1295.1628,1297.7533,1148.6985,1185.5636,733361.0,880859753.6
2026-06-04,1178.091,1280.1178,1174.7034,1238.1712,444908.0,554798653.6
2026-06-05,1240.4628,1259.1943,1189.9476,1223.0266,279241.0,342422512.0
2026-06-08,1185.6633,1256.4045,1143.8163,1154.0788,226500.0,271363489.2
2026-06-09,1169.2234,1243.4519,1164.2416,1218.9415,392065.0,476149278.4
2026-06-10,1223.5248,1250.6257,1174.803,1186.56,176256.0,211378945.2
2026-06-11,1185.6633,1215.5539,1117.2136,1130.1663,271706.0,315448149.9
2026-06-12,1150.9901,1194.5308,1150.9901,1172.3121,146213.0,171740132.4
2026-06-15,1225.6171,1225.6171,1147.8017,1198.6159,286073.0,341417572.2
2026-06-16,1215.5539,1269.1579,1165.9354,1187.3571,464550.0,565344037.8
2026-06-17,1189.2501,1245.4446,1186.2611,1235.8796,206624.0,252168592.8
2026-06-18,1231.5953,1267.3644,1218.6426,1231.4956,224166.0,278292808.2
2026-06-19,1230.4993,1323.4593,1222.6281,1268.859,499772.0,643115673.6
2026-06-22,1280.3171,1385.9308,1279.0218,1343.9842,488814.0,657833706.0
2026-06-23,1365.0073,1366.6015,1245.4446,1256.1056,353343.0,454536031.0
2026-06-24,1255.4082,1301.2405,1218.543,1288.4872,281674.0,357233915.9
2026-06-25,1275.4349,1296.1591,1196.6232,1211.6681,199027.0,248107644.9
2026-06-29,1222.2295,1227.6098,1149.7945,1219.1408,154610.0,184319704.9
2026-06-30,1218.543,1258.995,1198.6159,1249.0315,134873.0,166772592.3
2026-07-01,1252.6184,1273.0437,1212.4652,1233.3887,130466.0,162194576.1
2026-07-02,1236.9756,1239.2672,1181.2793,1217.7459,125603.0,152979729.4
2026-07-03,1217.5466,1217.5466,1128.3728,1166.6329,188259.0,220857295.3
2026-07-06,1170.0205,1183.6706,1118.0107,1137.0411,127352.0,146246544.2
2026-07-07,1140.3291,1145.809,1096.0909,1105.9548,103719.0,115307081.7
2026-07-08,1095.9913,1135.7458,1073.0751,1077.3594,117425.0,129157257.3
2026-07-09,1086.0277,1120.9001,1086.0277,1099.9767,69147.0,76516186.8
2026-07-10,1101.2719,1133.8528,1096.0909,1126.1808,80756.0,89948502.7
2026-07-13,1114.922,1181.3789,1114.922,1159.9573,109735.0,127577532.1
2026-07-14,1170.2198,1219.3401,1125.8819,1207.5831,157998.0,186925831.1
2026-07-15,1220.4361,1238.4701,1170.7179,1197.9184,114525.0,138288849.5
2026-07-16,1190.7447,1219.5394,1179.7848,1192.6378,84087.0,100660861.6
2026-07-17,1192.6378,1192.6378,1151.8868,1162.4482,45209.0,52787800.7
2026-07-20,1165.7362,1202.8006,1126.3801,1196.4239,74705.0,87076991.6
2026-07-21,1194.8297,1212.9634,1170.5187,1195.7265,79310.0,94471544.0
2026-07-22,1195.7265,1235.3814,1186.3607,1199.1141,100148.0,120989306.7
2026-07-23,1199.6122,1225.5175,1185.7629,1199.9112,86678.0,104454826.9
2026-07-24,1185.6633,1240.4628,1167.7289,1230.3,123295.0,149311916.9
2026-07-27,1238.0,1268.9,1210.1,1256.2,126439.0,156975543.3
2026-07-28,1251.0,1338.0,1240.1,1316.2,417557.0,545804276.7
2026-07-29,1316.2,1363.0,1307.8,1347.3,175736.0,234769458.0
2026-07-30,1344.1,1350.3,1303.0,1331.3,92410.0,122251164.6
2026-07-31,1342.0,1389.8,1328.3,1358.4,139920.0,190931344.5
2026-08-03,1368.9,1435.0,1362.1,1431.8,252927.0,355484011.9
2026-08-04,1441.0,1475.0,1415.0,1427.7,186532.0,269602085.7
2026-08-05,1427.9,1446.9,1401.0,1427.6,111768.0,159531992.1
2026-08-06,1411.0,1438.4,1358.7,1416.3,137452.0,193012809.5
2026-08-07,1415.0,1436.2,1263.3,1411.2,163471.0,232733516.5
2026-08-10,1635.4,1693.4,1501.7,1693.4,1907323.0,3121895672.5
2026-08-11,1715.0,1774.9,1650.0,1669.4,600029.0,1024634660.2
2026-08-12,1680.1,1730.0,1664.5,1708.9,173152.0,294208822.0
2026-08-13,1700.3,1725.0,1700.0,1702.2,107062.0,182520357.4
2026-08-14,1707.0,1739.2,1635.0,1644.4,132271.0,220793253.8
2026-08-17,1658.9,1735.0,1632.0,1724.6,302829.0,512205283.3
2026-08-18,1725.9,1771.2,1701.0,1745.0,125726.0,218831951.2
2026-08-19,1744.8,1748.6,1645.0,1662.0,185311.0,309854440.4
2026-08-20,1662.0,1687.0,1635.0,1644.2,68034.0,112800844.7
2026-08-21,1652.7,1665.3,1580.0,1592.5,135815.0,218775827.8
2026-08-24,1641.8,1704.8,1602.5,1631.7,187856.0,313212704.9
2026-08-25,1633.0,1634.0,1549.5,1589.9,109117.0,172921942.4
2026-08-26,1619.0,1619.0,1569.0,1578.7,68950.0,109619134.0
2026-08-27,1576.0,1624.6,1564.8,1607.3,91786.0,146405878.4
2026-08-28,1610.0,1700.0,1605.8,1693.2,333702.0,557253294.3
2026-08-31,1735.0,1735.0,1636.1,1648.2,167932.0,282428314.3
2026-09-01,1640.0,1695.0,1615.0,1644.6,123506.0,204551231.0
2026-09-02,1625.0,1682.0,1618.4,1628.0,87261.0,143375020.5
2026-09-03,1645.0,1655.2,1608.3,1626.8,74008.0,120535641.4
2026-09-04,1631.0,1649.9,1540.0,1576.3,278353.0,439649790.3
2026-09-07,1560.8,1586.2,1477.0,1487.6,287909.0,436898286.7
2026-09-08,1480.4,1556.8,1480.4,1524.7,181704.0,277507583.5
2026-09-09,1536.9,1564.0,1528.5,1543.6,91480.0,141690019.4
2026-09-10,1545.5,1577.2,1522.8,1556.9,65126.0,100771263.2
2026-09-11,1540.0,1540.1,1485.0,1492.5,129409.0,194373276.0
2026-09-15,1492.5,1501.6,1387.0,1417.3,235116.0,334293268.5
2026-09-16,1417.9,1450.0,1338.4,1405.2,131254.0,182808097.2
2026-09-17,1400.0,1472.5,1383.0,1438.8,73570.0,106231357.1
2026-09-18,1450.9,1494.9,1437.4,1477.0,96755.0,141840065.9
2026-09-21,1476.5,1487.9,1434.1,1477.5,85373.0,124791665.2
2026-09-22,1488.0,1548.6,1462.0,1478.2,145762.0,219257356.4
2026-09-23,1482.0,1519.9,1470.4,1508.8,62316.0,93282636.3
2026-09-24,1508.8,1539.8,1490.0,1517.0,128146.0,194321867.0
2026-09-25,1510.3,1549.0,1480.5,1494.0,69934.0,105739048.7
2026-09-28,1497.6,1504.7,1420.0,1427.1,85584.0,123626010.9
2026-09-29,1427.1,1479.9,1404.4,1468.4,81266.0,117712090.9
2026-09-30,1470.0,1484.0,1433.3,1443.0,41248.0,60130232.4
2026-10-01,1447.8,1462.0,1400.0,1451.3,81588.0,116741314.8
2026-10-05,1459.9,1536.8,1456.0,1520.2,214759.0,324255324.5
2026-10-06,1523.1,1665.0,1501.8,1649.2,374840.0,604482858.7
2026-10-07,1667.0,1669.5,1597.7,1633.1,99488.0,162120029.2
2026-10-08,1626.7,1626.7,1546.6,1549.9,103063.0,161093820.5
2026-10-09,1568.0,1571.0,1505.0,1518.8,64028.0,97991839.0
