,open,high,low,close,volume
2011-09-26,101.89,101.89,93.42,95.37,21146
2011-09-27,93.46,99.55,93.46,96.56,16338
2011-09-28,95.54,97.83,93.65,94.99,27626
2011-09-29,91.55,95.41,91.55,93.63,13392
2011-09-30,93.42,97.66,93.42,96.14,27826
2011-10-03,96.39,96.79,93.27,93.52,5842
2011-10-04,95.5,95.92,93.42,94.46,7364
2011-10-05,93.48,96.6,92.63,95.73,20248
2011-10-07,102.7,102.7,93.67,94.18,10556
2011-10-10,93.63,94.69,90.87,92.8,31346
2011-10-11,93.82,93.82,91.44,92.48,21262
2011-10-12,92.25,94.25,92.25,93.25,7336
2011-10-13,93.44,107.9,84.93,97.88,2546686
2011-10-14,98.09,103.99,94.78,96.58,89200
2011-10-17,96.82,99.79,93.44,93.95,61358
2011-10-18,93.46,93.95,92.31,92.82,24146
2011-10-19,93.59,95.12,93.06,93.74,27700
2011-10-20,94.67,94.67,91.29,92.93,11682
2011-10-21,92.14,94.56,91.34,91.66,28540
2011-10-24,87.05,91.76,83.23,83.86,105122
2011-10-25,84.93,84.93,82.04,83.97,51454
2011-10-28,86.62,91.72,85.35,90.51,48798
2011-10-31,90.45,90.66,86.71,88.11,14594
2011-11-01,88.13,88.75,85.46,86.41,215948
2011-11-02,87.01,87.01,85.35,85.63,15182
2011-11-03,87.45,87.45,84.08,86.33,26706
2011-11-04,86.6,87.47,85.37,85.84,26580
2011-11-08,85.52,86.48,84.39,84.82,18034
2011-11-09,85.56,85.67,83.23,83.84,12140
2011-11-11,81.57,83.65,81.57,83.06,24662
2011-11-14,84.93,84.93,78.56,80.08,19558
2011-11-15,80.25,80.25,77.37,77.98,17668
2011-11-16,78.56,78.56,76.43,76.77,143834
2011-11-17,76.98,77.92,75.18,75.97,30150
2011-11-18,75.18,76.41,74.44,74.95,64250
2011-11-21,75.16,76.43,72.19,72.27,119434
2011-11-22,74.42,74.42,71.15,71.53,49256
2011-11-23,70.06,71.53,69.43,70.17,29870
2011-11-24,72.19,72.19,70.06,70.81,32160
2011-11-25,71.1,75.84,69.66,73.16,53104
2011-11-28,74.73,75.16,72.27,73.5,19250
2011-11-29,74.31,75.58,72.63,74.93,14234
2011-11-30,74.93,77.13,74.93,75.65,30788
2011-12-01,76.43,77.28,75.16,75.73,30066
2011-12-02,75.16,76.01,74.31,74.82,47628
2011-12-05,75.77,75.77,74.03,74.82,43316
2011-12-07,76.01,76.39,72.74,73.44,19222
2011-12-08,73.27,74.14,71.55,72.29,8146
2011-12-09,71.34,73.55,69.64,72.76,21644
2011-12-12,73.46,73.89,71.78,72.76,14412
2011-12-13,71.78,72.78,70.91,72.12,23066
2011-12-14,72.19,72.97,68.39,72.67,229368
2011-12-15,71.34,80.57,70.49,72.76,841560
2011-12-16,72.19,72.72,67.94,68.58,21528
2011-12-19,67.94,71.34,67.94,69.75,22368
2011-12-20,70.91,72.17,67.62,68.24,620834
2011-12-21,67.98,69.34,66.77,67.39,23638
2011-12-22,68.36,69.21,65.82,67.81,211764
2011-12-23,68.36,71.76,65.92,66.65,35168
2011-12-26,67.09,67.92,64.16,64.9,25446
2011-12-27,65.18,66.62,64.01,65.9,27906
2011-12-28,66.03,66.2,64.78,65.39,75902
2011-12-29,64.99,66.39,64.99,66.07,7008
2011-12-30,65.88,74.1,64.12,72.55,126484
2012-01-02,72.63,73.46,69.64,70.53,66842
2012-01-03,70.96,73.04,69.85,70.59,43556
2012-01-04,70.98,73.25,69.66,70.87,34386
2012-01-05,74.69,76.84,69.13,69.7,47728
2012-01-06,70.06,71.23,68.79,69.6,49034
2012-01-09,70.06,72.19,67.94,68.94,73320
2012-01-10,70.04,71.23,69.34,70.0,24800
2012-01-11,70.06,73.04,70.06,71.89,79912
2012-01-12,71.97,76.14,71.83,74.12,74396
2012-01-13,75.58,75.97,73.12,73.72,82338
2012-01-16,74.31,74.82,71.38,72.48,22576
2012-01-17,72.61,75.65,71.13,73.46,244854
2012-01-18,73.89,75.12,71.7,72.04,37028
2012-01-19,74.73,74.73,72.4,73.31,27076
2012-01-20,73.29,74.03,72.23,72.34,16980
2012-01-23,73.8,76.31,71.42,73.67,100324
2012-01-24,73.67,74.73,72.23,74.39,48834
2012-01-25,74.73,74.84,73.46,73.91,117340
2012-01-27,75.58,79.41,74.1,75.8,195554
2012-01-30,73.5,74.29,70.13,72.97,84526
2012-01-31,72.97,74.27,71.78,72.06,35434
2012-02-01,72.21,72.78,71.23,72.23,48106
2012-02-02,72.23,73.46,70.57,72.19,202668
2012-02-03,72.21,73.25,71.32,71.97,86708
2012-02-06,72.23,82.06,71.76,77.75,187016
2012-02-07,77.81,80.25,75.31,76.16,85864
2012-02-08,76.84,78.45,76.73,77.6,45730
2012-02-09,77.92,85.35,76.52,82.67,293712
2012-02-10,83.65,86.6,81.1,82.44,218186
2012-02-13,82.29,83.95,80.72,81.25,46186
2012-02-14,82.38,83.57,81.1,82.78,71950
2012-02-15,81.61,86.01,81.61,84.42,227180
2012-02-16,84.08,87.47,83.29,85.88,174652
2012-02-17,86.2,88.75,84.12,85.18,134964
2012-02-21,85.1,86.62,82.55,83.95,96620
2012-02-22,84.01,85.82,80.93,81.32,115594
2012-02-23,81.1,82.36,78.64,80.7,72386
2012-02-24,80.81,82.99,77.71,79.85,46100
2012-02-27,79.83,82.12,76.43,77.66,25728
2012-02-28,78.13,81.08,76.94,80.04,51986
2012-02-29,80.04,81.87,77.79,80.04,38324
2012-03-01,79.83,80.36,77.79,78.58,20456
2012-03-02,78.56,79.83,76.82,77.28,29862
2012-03-05,76.48,78.56,76.48,77.88,15388
2012-03-06,81.91,81.91,75.69,76.69,24630
2012-03-07,75.37,77.26,75.31,75.99,23810
2012-03-09,75.8,78.34,75.8,77.01,28170
2012-03-12,77.71,78.98,76.86,77.73,138636
2012-03-13,79.17,79.17,77.73,78.0,33094
2012-03-14,78.9,79.41,77.83,78.6,31836
2012-03-15,78.98,79.66,78.13,79.26,25552
2012-03-16,78.98,81.95,78.98,80.81,101792
2012-03-19,81.1,82.38,80.68,80.79,43220
2012-03-20,80.79,82.48,80.25,81.72,115690
2012-03-21,80.98,81.95,80.28,81.44,818260
2012-03-22,81.53,86.96,81.53,82.7,218224
2012-03-23,82.8,85.94,82.57,84.97,74556
2012-03-26,84.93,85.22,83.23,84.08,90356
2012-03-27,84.2,84.8,81.68,82.7,177326
2012-03-28,81.95,83.52,80.79,82.02,155374
2012-03-29,81.4,83.65,80.96,82.34,52598
2012-03-30,83.21,84.08,78.13,79.19,130078
2012-04-02,80.64,81.06,78.56,80.42,68472
2012-04-03,80.96,84.29,79.83,83.18,128200
2012-04-04,84.71,84.88,82.0,82.7,87186
2012-04-09,82.59,85.94,82.38,83.27,232736
2012-04-10,83.01,87.64,81.21,82.93,209484
2012-04-11,82.8,83.91,81.44,81.85,32488
2012-04-12,82.72,87.64,82.4,83.99,217972
2012-04-13,84.84,85.73,81.63,82.34,72992
2012-04-16,82.17,83.67,81.59,82.29,63162
2012-04-17,82.48,82.8,80.17,80.64,111274
2012-04-18,80.81,82.17,80.81,81.23,35216
2012-04-19,81.1,82.17,79.28,79.77,49972
2012-04-20,80.68,80.68,78.64,79.3,46318
2012-04-23,79.3,79.66,78.39,78.56,44158
2012-04-24,78.62,79.7,78.36,78.62,96156
2012-04-25,77.79,79.3,77.79,78.56,158316
2012-04-26,80.25,80.25,78.17,78.68,27630
2012-04-27,78.58,79.28,78.17,78.6,49188
2012-04-30,78.13,78.9,78.13,78.62,25044
2012-05-02,78.58,80.47,78.56,78.58,29930
2012-05-03,78.56,79.98,78.56,78.87,28682
2012-05-04,78.58,78.73,78.34,78.56,74862
2012-05-07,78.53,78.98,78.34,78.87,42886
2012-05-08,79.66,81.4,78.56,79.26,17444
2012-05-09,78.58,79.6,78.56,78.77,12314
2012-05-10,78.77,79.83,78.34,78.73,30608
2012-05-11,78.56,80.47,77.49,78.43,262094
2012-05-14,78.56,79.32,78.56,78.58,27652
2012-05-15,78.56,79.15,78.56,78.56,26536
2012-05-16,76.43,79.41,76.43,78.56,91714
2012-05-17,76.43,76.43,72.82,75.6,2697858
2012-05-18,75.18,76.22,72.82,73.23,30576
2012-05-21,72.63,73.86,70.49,70.76,27584
2012-05-22,70.49,71.55,70.08,70.85,63058
2012-05-23,70.51,70.74,67.94,69.24,36644
2012-05-24,68.58,69.45,68.58,69.15,54430
2012-05-25,69.13,69.13,67.9,68.15,36464
2012-05-28,68.79,69.0,67.52,68.0,17684
2012-05-29,68.03,68.7,67.52,68.62,17966
2012-05-30,68.0,70.04,68.0,68.87,12164
2012-05-31,68.36,70.21,68.05,69.83,34996
2012-06-01,68.79,70.38,68.58,69.6,26900
2012-06-04,68.36,68.77,67.52,67.88,7330
2012-06-05,68.36,69.0,67.64,67.98,18106
2012-06-06,68.15,69.43,68.15,68.79,16054
2012-06-07,71.74,71.74,68.79,69.36,12262
2012-06-08,70.06,70.06,68.81,68.98,9400
2012-06-11,70.04,70.47,68.79,69.19,48502
2012-06-12,68.39,70.85,67.96,68.94,37146
2012-06-13,70.06,74.14,69.41,69.66,40774
2012-06-14,69.66,70.79,67.71,67.96,15958
2012-06-15,68.36,69.17,68.05,68.45,8010
2012-06-18,68.79,69.32,68.15,68.6,61942
2012-06-19,68.79,68.79,67.35,67.92,55010
2012-06-20,68.39,70.81,67.09,70.25,86136
2012-06-21,69.34,70.11,69.24,69.77,16894
2012-06-22,68.62,70.87,68.62,70.36,21828
2012-06-25,70.7,70.91,70.28,70.45,33934
2012-06-26,70.49,71.29,69.0,69.04,16838
2012-06-27,69.21,69.75,68.58,69.41,13894
2012-06-28,69.21,69.64,68.79,69.11,11156
2012-06-29,68.47,69.64,68.41,69.41,111532
2012-07-02,68.79,70.06,68.79,69.62,52846
2012-07-03,69.43,70.06,69.24,69.58,15858
2012-07-04,70.06,82.17,69.72,77.96,1084196
2012-07-05,74.31,78.73,74.31,77.11,267606
2012-07-06,77.28,80.13,77.28,78.53,284704
2012-07-09,79.58,80.0,77.92,78.22,105928
2012-07-10,79.83,80.72,78.17,78.83,70280
2012-07-11,79.19,82.36,78.58,79.43,199460
2012-07-12,79.7,79.83,77.01,77.73,79028
2012-07-13,78.56,82.4,77.92,81.27,2305026
2012-07-16,82.38,83.45,81.1,81.15,296320
2012-07-17,82.13,82.13,80.25,81.38,155416
2012-07-18,80.42,81.53,79.95,81.17,59258
2012-07-19,81.96,81.96,81.1,81.1,59282
2012-07-20,81.15,81.7,80.36,81.12,50388
2012-07-23,81.12,81.12,77.18,79.82,50788
2012-07-24,78.33,79.59,78.33,78.99,10708
2012-07-25,79.5,81.83,78.97,79.42,76952
2012-07-26,79.2,79.8,78.95,78.97,32164
2012-07-27,79.08,79.8,77.71,78.97,34978
2012-07-30,79.4,79.4,77.09,79.01,64818
2012-07-31,79.4,82.87,78.78,81.38,196312
2012-08-01,82.81,85.37,81.79,83.15,509830
2012-08-02,83.02,83.77,81.55,82.0,40418
2012-08-03,81.68,81.74,79.82,81.29,26408
2012-08-06,81.96,84.77,81.59,82.21,79658
2012-08-07,81.96,83.22,81.96,82.32,37924
2012-08-08,82.0,84.6,82.0,82.62,112690
2012-08-09,83.24,84.01,80.93,81.19,31594
2012-08-10,81.74,82.19,79.08,80.01,25456
2012-08-13,82.28,83.98,79.82,80.8,26356
2012-08-14,82.81,83.02,81.21,82.17,24188
2012-08-16,82.81,82.81,81.32,82.17,73886
2012-08-17,82.11,83.62,81.53,81.87,38218
2012-08-21,81.87,83.0,78.54,79.14,109956
2012-08-22,81.1,81.42,78.11,78.46,179242
2012-08-23,78.8,79.08,78.2,78.41,67300
2012-08-24,78.97,78.97,78.41,78.56,129100
2012-08-27,78.93,78.95,77.26,77.94,32716
2012-08-28,77.9,77.9,75.64,76.04,44804
2012-08-29,75.17,76.83,74.7,74.79,22882
2012-08-30,75.13,76.83,73.89,75.23,37712
2012-08-31,74.74,76.39,74.49,75.62,30374
2012-09-03,75.19,77.24,74.87,75.25,15538
2012-09-04,74.96,75.92,73.21,73.36,41054
2012-09-05,72.99,73.72,70.56,72.54,48324
2012-09-06,71.78,73.42,71.71,73.06,14252
2012-09-07,73.42,75.3,73.29,74.17,40708
2012-09-10,75.0,75.02,72.74,72.93,47046
2012-09-11,72.99,74.1,72.18,72.46,74968
2012-09-12,73.42,73.42,72.14,72.52,54598
2012-09-13,72.16,72.57,70.64,70.9,41006
2012-09-14,71.75,71.75,70.0,70.79,123008
2012-09-17,72.42,72.74,71.29,71.86,89654
2012-09-18,72.14,73.36,72.07,72.86,125964
2012-09-20,72.57,73.72,72.42,73.06,205170
2012-09-21,78.54,78.71,72.65,75.94,73796
2012-09-24,76.36,78.97,76.36,77.2,96438
2012-09-25,77.28,78.01,76.04,76.96,26514
2012-09-26,75.98,77.9,75.7,76.83,40896
2012-09-27,76.83,77.43,76.41,76.94,13942
2012-09-28,77.26,77.69,76.41,76.79,120326
2012-10-01,77.07,82.81,76.02,81.17,135152
2012-10-03,79.08,82.79,78.97,81.21,114204
2012-10-04,81.15,86.65,80.76,85.48,265126
2012-10-05,86.74,98.6,84.56,92.95,1645464
2012-10-08,93.82,96.3,90.77,92.18,414032
2012-10-09,92.18,95.96,89.85,90.75,135598
2012-10-10,90.58,93.4,87.55,88.23,269304
2012-10-11,88.42,91.92,88.42,91.18,381956
2012-10-12,88.21,92.14,88.19,90.52,332570
2012-10-15,90.05,91.35,89.45,90.05,99088
2012-10-16,91.24,91.24,87.76,88.79,78228
2012-10-17,90.81,90.81,87.93,89.17,96876
2012-10-18,89.83,90.49,87.89,88.32,70788
2012-10-19,89.21,92.88,87.34,91.09,431460
2012-10-22,90.92,90.92,84.94,86.08,193440
2012-10-23,86.35,86.4,82.96,85.07,158310
2012-10-25,87.08,87.4,83.75,86.97,76188
2012-10-29,84.52,86.4,83.66,84.35,205758
2012-10-30,85.37,85.37,83.66,84.2,31266
2012-10-31,84.43,85.58,84.11,84.84,58032
2012-11-01,84.18,86.14,84.09,85.56,49728
2012-11-02,86.65,87.93,85.8,85.8,84506
2012-11-05,85.84,87.08,83.32,84.07,84998
2012-11-06,84.39,85.71,82.49,82.77,74688
2012-11-07,82.83,84.26,81.36,81.81,51074
2012-11-08,81.51,82.66,79.91,80.76,67148
2012-11-09,81.32,82.4,80.25,81.85,41888
2012-11-12,82.53,83.05,80.87,81.12,27388
2012-11-15,81.96,82.23,80.29,81.94,29700
2012-11-16,81.94,82.7,81.0,81.17,25400
2012-11-19,80.72,81.87,78.82,79.05,24548
2012-11-20,81.1,81.1,78.97,79.99,30458
2012-11-21,79.63,80.68,79.08,79.82,14914
2012-11-22,80.55,81.23,78.54,80.63,39504
2012-11-23,81.08,81.51,79.03,79.35,19802
2012-11-26,79.35,80.25,78.11,79.01,20170
2012-11-27,79.2,81.21,78.54,80.72,35760
2012-11-29,81.53,82.34,80.38,81.12,21732
2012-11-30,81.32,83.66,81.32,83.17,51752
2012-12-03,83.66,87.12,83.66,84.69,80886
2012-12-04,84.35,86.23,83.66,84.62,27516
2012-12-05,84.94,86.23,83.24,83.6,34374
2012-12-06,85.33,85.8,83.66,84.41,25962
2012-12-07,84.94,85.31,83.56,84.11,26158
2012-12-10,84.54,87.08,84.54,85.91,164770
2012-12-11,86.23,87.04,83.73,84.52,69474
2012-12-12,86.14,86.14,82.51,82.81,49186
2012-12-13,83.39,83.92,81.1,82.06,33040
2012-12-14,81.72,82.7,81.19,82.11,22390
2012-12-17,81.66,83.24,81.64,82.08,36140
2012-12-18,82.19,82.38,80.7,81.76,21996
2012-12-19,82.58,82.58,80.8,82.06,50326
2012-12-20,81.98,82.38,80.33,80.83,84022
2012-12-21,80.46,80.55,77.5,78.84,87884
2012-12-24,80.83,80.83,77.73,78.93,42718
2012-12-26,78.97,80.68,77.69,77.94,83906
2012-12-27,79.76,79.76,77.39,77.67,39054
2012-12-28,77.3,78.46,76.77,76.88,62486
2012-12-31,77.79,77.79,76.36,76.64,38304
2013-01-01,76.86,77.86,76.02,76.79,74354
2013-01-02,77.03,79.63,76.45,77.05,147922
2013-01-03,77.26,79.4,76.45,76.75,237260
2013-01-04,76.88,78.01,75.3,75.72,71804
2013-01-07,75.72,77.62,75.3,75.51,80950
2013-01-08,76.04,76.64,75.13,75.58,41936
2013-01-09,75.13,77.26,74.85,75.15,104588
2013-01-10,76.02,76.02,74.34,74.55,57972
2013-01-11,75.77,75.9,72.78,73.85,71140
2013-01-14,73.85,74.59,73.42,74.25,25616
2013-01-15,75.55,75.55,73.85,74.21,41244
2013-01-16,73.97,74.55,73.42,73.55,26034
2013-01-17,73.65,75.11,73.42,74.44,26068
2013-01-18,75.28,77.39,73.53,76.17,360624
2013-01-21,77.18,77.18,71.22,72.03,198442
2013-01-22,72.59,73.85,71.71,73.16,96684
2013-01-23,73.42,73.85,71.37,72.25,82420
2013-01-24,71.73,72.99,71.33,72.27,46406
2013-01-25,71.73,72.72,71.67,71.84,16928
2013-01-28,72.78,73.21,69.15,69.43,86960
2013-01-29,69.68,71.16,68.94,70.73,73226
2013-01-30,70.0,71.97,69.96,70.52,30436
2013-01-31,70.43,72.4,70.43,71.24,92828
2013-02-01,71.29,72.29,70.0,70.73,35406
2013-02-04,71.71,74.04,70.52,73.42,151410
2013-02-05,72.57,74.4,72.54,73.76,37938
2013-02-06,73.08,75.06,73.08,74.32,64138
2013-02-07,74.29,74.68,73.91,74.27,29016
2013-02-08,74.1,74.7,72.99,74.38,25636
2013-02-11,75.02,75.02,73.01,73.42,129326
2013-02-12,73.65,73.85,72.65,73.33,25500
2013-02-13,73.31,74.7,73.21,73.53,14986
2013-02-14,72.57,74.49,72.57,73.01,24892
2013-02-15,72.99,73.14,71.26,72.27,30198
2013-02-18,72.89,74.23,70.43,72.84,39718
2013-02-19,73.18,73.61,72.74,73.42,412646
2013-02-20,73.63,73.89,73.42,73.63,15902
2013-02-21,73.65,73.8,73.42,73.44,26364
2013-02-22,73.36,74.89,73.36,73.44,27362
2013-02-25,73.65,74.49,73.42,73.46,30120
2013-02-26,73.72,73.85,72.01,73.44,67002
2013-02-27,73.76,73.76,72.57,73.46,15152
2013-02-28,73.01,73.72,72.82,73.36,48826
2013-03-01,73.01,73.21,71.33,71.99,23782
2013-03-04,71.71,71.95,70.43,71.2,29388
2013-03-05,72.12,72.57,70.92,71.26,10754
2013-03-06,71.71,72.48,70.6,71.07,9288
2013-03-07,70.92,71.69,70.0,70.82,19988
2013-03-08,71.61,77.5,70.45,76.17,120482
2013-03-11,79.57,80.46,76.45,77.15,597406
2013-03-12,76.75,76.75,73.82,74.47,58850
2013-03-13,74.34,74.34,71.97,72.57,49216
2013-03-14,73.48,74.34,72.01,72.35,46524
2013-03-15,72.33,73.21,72.16,72.5,34926
2013-03-18,71.71,71.78,70.35,71.41,18726
2013-03-19,71.75,71.78,70.22,70.58,28560
2013-03-20,69.21,70.84,69.21,70.07,33596
2013-03-21,70.05,70.6,68.34,68.85,33778
2013-03-22,69.3,69.56,67.96,68.25,75712
2013-03-25,69.15,70.54,64.8,65.84,61178
2013-03-26,65.91,66.97,65.91,66.59,26990
2013-03-28,66.16,67.87,64.93,67.55,21476
2013-04-01,66.63,69.13,66.63,68.66,16294
2013-04-02,68.72,70.75,68.25,70.22,29406
2013-04-03,70.47,71.69,70.0,70.43,12188
2013-04-04,70.13,70.41,68.85,69.54,29518
2013-04-05,69.19,70.43,68.38,68.68,14494
2013-04-08,69.15,69.98,68.3,68.87,25356
2013-04-09,68.3,69.43,68.28,68.3,52422
2013-04-10,67.44,68.7,67.02,68.23,13146
2013-04-11,67.57,68.72,67.57,68.34,6540
2013-04-12,68.7,68.7,67.19,67.89,14356
2013-04-15,68.68,68.72,68.08,68.17,5474
2013-04-16,67.44,69.58,66.38,68.6,12384
2013-04-17,69.43,69.45,68.02,68.19,13862
2013-04-18,67.66,70.86,67.66,68.81,83074
2013-04-22,69.58,70.86,68.92,70.11,16444
2013-04-23,69.58,71.54,69.0,69.56,13016
2013-04-25,68.94,70.41,68.43,69.09,31720
2013-04-26,68.3,69.41,68.3,68.98,27048
2013-04-29,68.32,69.64,68.3,68.43,8430
2013-04-30,68.72,70.0,68.51,69.24,16526
2013-05-02,69.58,70.84,68.79,70.0,20256
2013-05-03,69.19,70.56,69.15,69.32,15638
2013-05-06,68.72,70.86,68.72,70.73,28750
2013-05-07,70.05,73.42,70.05,72.1,60402
2013-05-08,71.75,73.04,70.15,70.99,29912
2013-05-09,71.93,73.27,71.01,71.88,87628
2013-05-10,71.41,73.72,71.14,73.4,83290
2013-05-13,73.89,75.94,72.67,73.27,115636
2013-05-14,75.02,75.34,70.18,71.01,135228
2013-05-15,71.65,72.48,70.6,71.05,38754
2013-05-16,71.41,71.93,70.09,70.39,31472
2013-05-17,70.43,74.25,70.05,73.27,73576
2013-05-20,74.04,74.7,72.61,72.99,55236
2013-05-21,73.04,73.06,70.88,71.58,30592
2013-05-22,70.86,73.29,70.86,71.75,33500
2013-05-23,70.94,71.37,70.13,71.22,44502
2013-05-24,70.43,72.42,70.43,71.46,12944
2013-05-27,71.29,72.14,71.05,71.24,12876
2013-05-28,70.86,71.31,70.15,70.97,64116
2013-05-29,70.13,71.61,70.13,71.33,11634
2013-05-30,71.37,71.5,70.47,70.64,23576
2013-05-31,70.09,72.14,69.58,71.26,39202
2013-06-03,70.28,72.1,70.28,71.14,10592
2013-06-04,70.13,71.9,70.13,71.31,31450
2013-06-05,70.88,71.63,70.86,71.29,15206
2013-06-06,70.86,71.67,70.13,70.97,24788
2013-06-07,70.24,71.29,70.24,70.88,10782
2013-06-10,70.64,70.79,68.3,69.15,31206
2013-06-11,69.77,69.79,68.85,69.62,12622
2013-06-12,69.13,69.73,68.04,68.68,12068
2013-06-13,68.32,68.72,68.3,68.32,10296
2013-06-14,68.32,68.72,67.87,68.11,28462
2013-06-17,69.66,69.66,67.74,69.02,20052
2013-06-18,68.3,69.56,68.17,68.72,12982
2013-06-19,69.04,69.71,68.11,69.56,10854
2013-06-20,68.87,69.58,68.34,68.75,26592
2013-06-21,68.49,69.79,68.0,68.3,29956
2013-06-24,67.46,68.57,67.23,67.46,19122
2013-06-25,66.7,67.53,66.55,66.63,13914
2013-06-26,67.23,67.87,66.57,66.61,8398
2013-06-27,66.57,67.02,66.38,66.76,13080
2013-06-28,65.76,70.43,65.76,69.45,25762
2013-07-01,69.58,70.43,69.36,69.86,16856
2013-07-02,70.03,70.22,67.66,68.75,8316
2013-07-03,67.87,69.75,67.66,67.98,10662
2013-07-04,67.44,69.15,67.04,67.93,4394
2013-07-05,67.89,71.07,67.87,69.28,19418
2013-07-08,67.96,69.09,67.5,68.28,11380
2013-07-09,68.0,69.15,68.0,68.65,3860
2013-07-10,68.74,70.24,68.22,68.61,6602
2013-07-11,68.02,69.57,68.0,68.11,9162
2013-07-12,66.65,69.13,66.65,67.91,7838
2013-07-15,67.85,69.13,67.43,68.83,22854
2013-07-16,68.33,68.37,67.54,68.09,8554
2013-07-17,67.91,68.74,67.48,67.56,9338
2013-07-18,69.17,69.17,67.06,67.19,108020
2013-07-19,67.19,67.98,67.0,67.61,8444
2013-07-22,67.0,69.48,66.26,69.0,81644
2013-07-23,70.04,70.17,68.74,69.11,75704
2013-07-24,67.87,69.11,67.46,67.78,86484
2013-07-25,67.0,67.83,67.0,67.02,7470
2013-07-26,67.43,69.02,66.67,67.59,42604
2013-07-29,68.06,68.26,66.69,68.02,14606
2013-07-30,67.0,68.74,66.56,67.48,34766
2013-07-31,67.0,67.0,64.41,66.67,101254
2013-08-01,66.56,66.56,64.82,65.32,236010
2013-08-02,64.82,67.06,64.61,65.54,769442
2013-08-05,64.82,66.89,60.91,61.65,25634
2013-08-06,61.02,61.78,57.88,59.3,25408
2013-08-07,58.73,62.21,58.02,61.71,136084
2013-08-08,62.63,63.08,59.47,60.86,17126
2013-08-12,61.34,61.34,60.15,60.76,9076
2013-08-13,60.15,63.08,59.45,62.5,37876
2013-08-14,61.89,63.8,60.47,62.89,26860
2013-08-16,61.8,62.69,60.95,62.21,366142
2013-08-19,61.34,62.34,60.47,60.47,13072
2013-08-20,61.34,61.34,58.38,59.62,18390
2013-08-21,61.34,61.78,58.56,58.99,10000
2013-08-22,60.04,61.67,57.95,59.02,37630
2013-08-23,58.86,59.99,58.3,58.56,6272
2013-08-26,58.99,59.6,58.54,59.19,19928
2013-08-27,59.36,59.78,58.38,59.21,17658
2013-08-28,58.73,58.73,56.69,58.04,17348
2013-08-29,57.43,59.69,56.73,57.47,12422
2013-08-30,56.99,59.1,56.69,58.78,20366
2013-09-02,59.86,60.04,58.71,59.19,9098
2013-09-03,58.97,59.56,57.86,58.34,4826
2013-09-04,59.1,59.6,56.73,58.08,7326
2013-09-05,59.52,59.6,57.51,57.71,15030
2013-09-06,58.73,59.17,57.6,59.06,8872
2013-09-10,59.62,67.87,59.17,65.28,113122
2013-09-11,65.13,66.13,62.06,65.48,266834
2013-09-12,66.09,66.43,62.69,65.48,37764
2013-09-13,66.32,66.35,64.65,65.48,8930
2013-09-16,65.26,66.56,63.52,65.0,25228
2013-09-17,65.24,66.56,63.56,65.43,15204
2013-09-18,65.26,65.48,63.54,64.39,7542
2013-09-19,65.43,65.43,63.74,64.85,26990
2013-09-20,64.63,65.0,63.74,64.71,37766
2013-09-23,64.39,64.39,62.65,63.56,15608
2013-09-24,63.76,64.56,63.76,63.78,1370
2013-09-25,63.58,63.91,62.69,62.97,3802
2013-09-26,63.74,63.74,60.78,61.47,11854
2013-09-27,61.78,62.6,61.78,62.41,6100
2013-09-30,61.78,63.52,61.78,63.34,10872
2013-10-01,63.08,63.3,61.78,62.45,7326
2013-10-03,63.08,63.08,61.91,62.39,8248
2013-10-04,63.41,64.69,62.69,63.3,15878
2013-10-07,63.15,63.32,62.34,62.82,4048
2013-10-08,63.39,63.54,61.95,62.02,10068
2013-10-09,62.19,63.04,62.17,62.39,8436
2013-10-10,62.95,63.08,62.21,62.28,9598
2013-10-11,62.63,63.58,62.0,62.08,24374
2013-10-14,62.21,63.52,62.21,62.95,6140
2013-10-15,63.08,63.84,61.34,62.0,25836
2013-10-17,62.3,63.02,61.36,61.8,3564
2013-10-18,61.78,63.08,61.45,62.93,15268
2013-10-21,63.08,64.21,61.45,63.69,29802
2013-10-22,64.76,64.78,63.74,64.08,19540
2013-10-23,63.95,64.19,62.89,63.61,14072
2013-10-24,63.61,66.13,63.61,65.37,132598
2013-10-25,66.06,66.06,64.82,64.93,15184
2013-10-28,64.78,66.13,63.21,65.08,95716
2013-10-29,65.28,66.06,64.35,65.3,33374
2013-10-30,65.87,66.13,64.85,65.52,38882
2013-10-31,65.52,66.13,64.65,65.76,22336
2013-11-01,66.98,68.3,65.37,67.48,719452
2013-11-05,67.28,69.17,66.3,68.06,564656
2013-11-06,68.06,68.74,67.02,68.11,71432
2013-11-07,67.89,68.46,66.13,66.41,6134
2013-11-08,65.26,66.5,65.08,65.56,20730
2013-11-11,65.43,65.85,63.95,64.89,8784
2013-11-12,63.3,64.74,63.21,63.43,29776
2013-11-13,62.82,63.91,61.47,63.08,17820
2013-11-14,62.69,64.37,62.69,63.74,2216
2013-11-18,63.82,65.41,63.08,63.98,279766
2013-11-19,63.52,64.74,62.69,62.87,12060
2013-11-20,63.17,64.13,62.02,62.47,25368
2013-11-21,62.47,62.82,61.34,61.56,9772
2013-11-22,61.89,62.47,60.52,60.63,56678
2013-11-25,62.17,63.04,58.97,62.32,25436
2013-11-26,61.65,65.69,61.63,63.11,233578
2013-11-27,63.08,66.41,63.08,65.93,81400
2013-11-28,67.39,71.09,65.85,70.11,287584
2013-11-29,69.2,73.96,68.76,70.87,201994
2013-12-02,70.91,72.65,70.48,71.07,119610
2013-12-03,70.5,72.09,69.33,69.89,47054
2013-12-04,69.2,73.52,68.11,70.72,186106
2013-12-05,72.42,72.59,70.17,70.46,39146
2013-12-06,70.52,73.24,69.0,71.7,201444
2013-12-09,72.31,74.48,70.91,71.98,145214
2013-12-10,72.18,73.07,71.35,72.18,76648
2013-12-11,72.22,72.65,71.0,71.92,111450
2013-12-12,72.46,73.09,70.2,71.2,25438
2013-12-13,70.91,71.7,67.8,68.35,27738
2013-12-16,71.52,72.18,67.54,68.11,214368
2013-12-17,69.59,70.24,67.87,68.04,358972
2013-12-18,68.52,68.8,66.91,67.56,31264
2013-12-19,68.74,68.74,66.87,67.19,20354
2013-12-20,67.04,68.0,66.78,67.26,26484
2013-12-23,68.96,68.96,65.78,67.09,100268
2013-12-24,67.63,69.59,66.56,68.87,105284
2013-12-26,68.74,72.39,68.74,69.33,174336
2013-12-27,70.0,70.65,68.2,68.78,301712
2013-12-30,69.11,70.91,68.8,69.61,73736
2013-12-31,69.81,70.46,68.35,68.85,51644
2014-01-01,69.33,72.33,69.17,71.52,136138
2014-01-02,71.78,75.11,68.96,69.44,534854
2014-01-03,70.37,70.39,67.7,68.54,56698
2014-01-06,69.59,70.48,68.74,69.63,74516
2014-01-07,69.17,74.35,69.17,73.87,720346
2014-01-08,77.22,78.31,72.22,73.02,1779820
2014-01-09,73.39,76.14,71.57,72.02,319788
2014-01-10,72.65,73.63,69.61,69.96,153496
2014-01-13,69.39,71.76,68.5,69.0,147900
2014-01-14,68.96,70.31,68.54,68.8,99254
2014-01-15,69.26,70.15,68.39,68.63,73748
2014-01-16,69.11,69.37,67.22,67.54,56340
2014-01-17,67.0,67.76,64.45,65.24,95236
2014-01-20,64.91,66.13,64.43,65.08,66142
2014-01-21,65.26,67.87,65.26,66.72,152994
2014-01-22,66.72,71.33,65.78,70.81,494300
2014-01-23,70.87,70.91,68.39,69.28,232522
2014-01-24,67.67,68.7,65.82,66.19,76000
2014-01-27,65.69,65.69,63.19,64.0,79650
2014-01-28,64.91,66.04,63.19,63.43,74718
2014-01-29,64.76,66.54,61.3,61.76,129598
2014-01-30,60.91,61.6,60.23,60.86,56992
2014-01-31,62.63,62.63,60.04,60.69,67876
2014-02-03,60.47,61.34,58.99,59.65,64368
2014-02-04,59.04,61.6,58.36,60.08,92508
2014-02-05,59.65,62.04,59.65,60.8,33602
2014-02-06,61.32,62.43,60.43,60.97,39970
2014-02-07,62.5,62.5,60.21,60.6,40372
2014-02-10,61.13,61.26,59.65,59.89,26930
2014-02-11,60.04,60.65,59.6,59.84,30868
2014-02-12,60.6,61.58,59.89,61.04,52738
2014-02-13,61.78,61.95,60.49,61.0,456538
2014-02-14,61.02,62.63,60.63,61.26,42282
2014-02-17,60.82,61.65,60.52,61.15,19424
2014-02-18,60.56,61.82,60.56,61.0,23694
2014-02-19,61.41,61.95,60.95,61.8,19774
2014-02-20,61.36,62.0,60.95,61.76,31644
2014-02-21,61.78,62.6,61.26,62.37,37324
2014-02-24,61.97,63.32,61.95,62.5,19308
2014-02-25,62.3,66.87,62.3,63.98,122430
2014-02-26,63.95,65.5,63.95,64.52,87432
2014-02-28,64.85,65.69,63.63,65.32,55748
2014-03-03,65.26,67.33,64.26,64.85,262746
2014-03-04,64.91,66.93,64.69,66.15,54414
2014-03-05,66.56,68.57,66.37,67.39,133316
2014-03-06,67.43,70.04,67.28,69.11,160798
2014-03-07,68.8,71.83,68.8,70.96,322630
2014-03-10,69.61,74.39,69.61,73.63,234080
2014-03-11,72.28,73.52,71.35,71.78,60184
2014-03-12,71.48,75.79,71.48,73.33,180778
2014-03-13,72.72,75.13,72.65,73.02,127824
2014-03-14,72.68,73.96,70.76,72.94,59502
2014-03-18,73.46,74.61,71.65,74.2,86612
2014-03-19,74.26,76.57,71.78,75.16,187914
2014-03-20,75.05,82.18,74.2,79.25,910424
2014-03-21,80.05,82.14,79.62,81.23,237816
2014-03-24,80.51,85.27,77.72,81.7,211392
2014-03-25,80.99,84.31,80.99,83.16,242058
2014-03-26,84.27,88.75,83.53,86.05,675774
2014-03-27,86.73,88.71,85.53,88.3,250752
2014-03-28,87.88,89.19,86.47,88.4,276080
2014-03-31,88.56,90.06,86.66,87.56,100222
2014-04-01,88.27,90.82,85.49,87.23,853546
2014-04-02,89.23,92.88,87.93,91.6,768990
2014-04-03,91.8,97.37,90.58,91.73,929248
2014-04-04,92.23,93.91,89.32,89.77,97892
2014-04-07,90.49,91.97,88.62,91.12,97824
2014-04-09,91.36,93.1,89.86,92.34,135068
2014-04-10,92.67,94.32,91.19,92.28,274282
2014-04-11,92.1,94.32,90.49,91.3,270364
2014-04-15,89.8,92.19,89.17,89.23,79814
2014-04-16,88.32,91.8,87.93,89.49,189106
2014-04-17,89.99,92.45,87.88,91.41,434130
2014-04-21,92.17,93.54,91.8,92.86,536030
2014-04-22,92.86,94.8,92.23,93.6,1491256
2014-04-23,94.32,95.5,94.19,94.93,144456
2014-04-24,94.93,94.93,94.93,94.93,0
2014-04-25,93.21,96.58,93.21,95.63,513770
2014-04-28,95.63,96.82,93.06,95.06,67646
2014-04-29,95.71,95.71,91.36,93.08,506844
2014-04-30,93.12,94.08,87.95,91.12,59542
2014-05-02,91.36,92.58,90.08,91.38,110392
2014-05-05,90.56,94.1,90.06,92.6,41310
2014-05-06,91.6,92.71,89.3,89.64,18124
2014-05-07,90.23,92.23,89.9,91.32,76304
2014-05-08,91.32,92.95,90.08,92.38,41684
2014-05-09,91.73,93.76,90.95,93.39,65686
2014-05-12,91.58,95.1,91.58,94.69,284638
2014-05-13,94.8,95.41,91.88,94.45,80682
2014-05-14,93.54,103.98,93.54,101.15,375076
2014-05-15,101.8,102.02,97.11,99.11,120790
2014-05-16,99.19,103.46,98.39,102.76,218470
2014-05-19,102.76,113.66,102.2,112.14,188274
2014-05-20,113.12,118.73,109.63,110.55,189436
2014-05-21,109.81,116.16,109.31,115.62,308346
2014-05-22,116.86,116.86,111.83,114.64,104304
2014-05-23,116.12,119.55,114.68,118.44,141760
2014-05-26,117.92,120.86,116.03,118.92,212592
2014-05-27,115.29,121.38,114.44,119.38,118650
2014-05-28,118.77,123.06,118.34,121.49,200314
2014-05-29,121.82,122.19,118.9,120.38,26534
2014-05-30,119.64,120.4,116.2,117.16,50402
2014-06-02,119.34,128.34,118.55,126.04,227386
2014-06-03,128.6,128.6,122.56,126.23,303940
2014-06-04,124.95,127.89,123.99,124.69,40202
2014-06-05,126.08,127.69,124.47,126.19,233082
2014-06-06,127.25,131.39,126.15,130.21,177850
2014-06-09,132.69,139.63,130.3,135.89,237508
2014-06-10,139.22,143.53,135.3,136.3,445290
2014-06-11,137.04,138.7,131.39,133.04,122536
2014-06-12,130.54,135.74,127.89,134.89,125816
2014-06-13,136.61,139.22,128.78,132.34,238092
2014-06-16,134.41,134.41,126.17,128.69,107292
2014-06-17,128.89,133.98,128.73,130.08,193574
2014-06-18,131.26,132.69,127.69,129.04,75012
2014-06-19,130.04,133.13,126.69,127.47,68048
2014-06-20,127.04,129.08,122.69,123.9,325192
2014-06-23,125.21,126.12,119.64,122.32,75170
2014-06-24,123.43,124.38,120.95,121.64,87082
2014-06-25,121.82,126.17,121.6,124.58,118992
2014-06-26,124.43,129.97,124.4,125.49,121380
2014-06-27,126.82,126.82,123.99,125.71,390536
2014-06-30,125.38,128.71,124.71,127.04,47596
2014-07-01,128.21,130.45,127.45,129.76,79234
2014-07-02,130.95,133.13,128.34,128.67,295842
2014-07-03,129.6,136.91,128.34,134.56,361558
2014-07-04,136.09,137.87,131.41,132.58,201812
2014-07-07,132.69,133.54,129.21,130.71,181844
2014-07-08,130.52,131.56,123.21,125.73,132422
2014-07-09,123.14,128.3,119.77,127.12,109424
2014-07-10,128.8,132.33,123.95,130.72,105542
2014-07-11,131.34,131.45,124.39,126.64,92744
2014-07-14,127.48,127.48,122.62,125.45,38928
2014-07-15,125.27,128.16,125.25,126.42,33088
2014-07-16,127.43,131.36,126.86,129.79,46934
2014-07-17,128.62,136.56,128.49,135.92,91988
2014-07-18,135.81,138.06,133.21,134.78,170168
2014-07-21,133.67,137.62,133.65,134.25,110108
2014-07-22,135.39,136.72,133.26,134.91,78848
2014-07-23,134.91,135.86,131.01,133.03,58954
2014-07-24,133.96,134.09,131.01,132.11,25584
2014-07-25,132.11,133.81,128.03,129.24,148040
2014-07-28,130.08,134.31,125.82,129.99,313066
2014-07-30,130.12,130.48,125.27,126.82,109128
2014-07-31,128.2,129.66,126.82,127.28,405080
2014-08-01,126.4,127.92,124.54,127.21,63358
2014-08-04,126.15,131.89,126.15,131.2,68230
2014-08-05,132.33,132.33,128.36,130.32,515456
2014-08-06,130.32,134.03,127.92,129.02,44078
2014-08-07,129.26,136.65,127.92,133.87,409196
2014-08-08,132.99,132.99,128.4,130.65,63866
2014-08-11,132.35,136.74,132.33,135.37,200350
2014-08-12,136.7,139.83,130.15,132.26,517408
2014-08-13,130.56,134.49,129.24,132.31,97380
2014-08-14,132.4,137.62,129.33,136.72,144734
2014-08-18,133.34,143.67,133.34,140.22,437944
2014-08-19,141.15,143.31,140.27,141.37,160678
2014-08-20,142.25,145.52,141.2,143.38,624336
2014-08-21,144.66,148.96,144.24,145.52,213048
2014-08-22,145.56,149.44,145.56,148.34,118170
2014-08-25,147.77,152.18,147.77,150.37,170696
2014-08-26,151.65,152.07,146.44,149.38,135268
2014-08-27,150.39,162.24,149.84,158.04,770810
2014-08-28,156.66,158.79,151.65,152.64,107150
2014-09-01,152.64,158.79,152.62,155.55,71204
2014-09-02,155.71,159.79,153.57,154.38,186328
2014-09-03,154.34,160.91,151.69,158.22,853282
2014-09-04,159.24,160.45,153.81,158.16,239020
2014-09-05,159.02,159.68,153.9,157.47,78628
2014-09-08,157.47,164.09,157.47,160.69,175964
2014-09-09,159.48,164.26,158.82,162.26,119684
2014-09-10,158.97,164.02,158.97,160.25,129830
2014-09-11,160.25,162.85,158.35,159.04,37900
2014-09-12,158.79,162.54,157.12,158.4,108650
2014-09-15,157.32,159.46,153.94,155.75,101094
2014-09-16,154.38,160.1,149.53,152.47,106428
2014-09-17,152.77,155.13,150.28,151.52,54720
2014-09-18,150.41,153.15,149.53,150.57,86550
2014-09-19,150.86,154.38,150.83,150.97,53512
2014-09-22,149.97,157.71,149.97,152.62,118830
2014-09-23,153.06,155.93,151.3,153.74,118538
2014-09-24,154.38,154.38,149.13,150.94,28458
2014-09-25,149.97,151.98,148.61,150.04,52070
2014-09-26,148.25,152.16,146.2,150.17,93662
2014-09-29,146.0,155.53,146.0,153.04,339984
2014-09-30,153.06,166.54,152.24,159.85,792206
2014-10-01,161.42,165.85,159.96,160.49,211144
2014-10-07,160.32,161.9,148.91,151.36,104932
2014-10-08,151.74,153.94,149.95,150.79,29666
2014-10-09,151.34,156.59,151.34,152.58,34524
2014-10-10,151.76,153.06,150.41,150.74,23750
2014-10-13,149.8,152.18,147.77,151.27,30056
2014-10-14,150.88,156.81,149.8,155.09,65362
2014-10-15,155.09,155.09,155.09,155.09,0
2014-10-16,153.13,157.69,146.86,149.55,36326
2014-10-17,147.13,149.97,146.18,146.84,29182
2014-10-20,149.99,152.07,146.44,150.55,77708
2014-10-21,153.37,158.35,146.91,150.19,285678
2014-10-22,150.41,153.5,147.37,149.53,62540
2014-10-27,149.8,152.95,149.09,151.52,30826
2014-10-28,151.85,152.77,149.58,150.28,20758
2014-10-29,152.18,152.18,149.09,149.58,23874
2014-10-30,150.83,151.54,149.09,149.84,671244
2014-10-31,150.5,152.2,146.0,149.11,206936
2014-11-03,149.18,155.22,149.18,151.25,261170
2014-11-05,152.16,153.24,149.55,152.24,53518
2014-11-07,152.18,162.94,152.18,156.28,346346
2014-11-10,153.5,156.1,152.4,155.16,142640
2014-11-11,155.95,161.44,155.46,157.21,513340
2014-11-12,157.85,159.35,153.72,154.85,64884
2014-11-13,155.69,160.56,154.01,156.77,69308
2014-11-14,158.33,158.79,155.35,156.3,39336
2014-11-17,156.3,167.13,155.31,161.75,437074
2014-11-18,162.74,165.41,161.84,163.76,163100
2014-11-19,164.88,170.92,162.74,164.18,233750
2014-11-20,165.35,167.93,157.47,160.78,55596
2014-11-21,159.68,160.56,154.34,155.8,50390
2014-11-24,155.71,156.08,150.97,152.55,79020
2014-11-25,153.19,155.49,148.34,153.9,338392
2014-11-26,154.16,154.16,150.48,151.94,20648
2014-11-27,151.08,154.85,151.08,153.24,52376
2014-11-28,152.62,157.01,150.77,151.6,90216
2014-12-01,152.4,154.38,152.0,152.4,51248
2014-12-02,150.9,154.38,150.9,154.03,388328
2014-12-03,153.5,155.2,151.34,151.96,42368
2014-12-04,153.9,153.9,149.97,151.01,56912
2014-12-05,152.62,153.04,150.86,151.43,44640
2014-12-08,153.81,153.81,149.51,149.73,33626
2014-12-09,148.32,149.53,146.71,147.28,132984
2014-12-10,146.0,148.63,145.12,146.49,65516
2014-12-11,146.49,146.84,144.24,144.5,30522
2014-12-12,144.72,146.89,141.88,142.81,23136
2014-12-15,141.15,141.44,138.99,140.2,23174
2014-12-16,139.43,139.72,134.53,134.8,34948
2014-12-17,132.55,134.05,127.92,132.66,47870
2014-12-18,133.21,144.68,132.31,140.91,73192
2014-12-19,139.83,143.38,137.27,139.78,34198
2014-12-22,139.83,141.88,137.4,140.16,40010
2014-12-23,144.68,145.58,136.3,137.89,82050
2014-12-24,138.5,140.4,136.96,138.53,42154
2014-12-26,137.62,139.36,136.74,137.29,36676
2014-12-29,136.74,138.46,136.74,136.74,843916
2014-12-30,139.17,144.24,137.4,139.5,284008
2014-12-31,141.22,149.86,141.22,145.94,441182
2015-01-01,147.66,149.44,144.68,146.53,79622
2015-01-02,145.56,148.21,145.56,145.94,74842
2015-01-05,145.56,146.89,144.35,144.68,49498
2015-01-06,143.36,143.95,140.8,141.9,33816
2015-01-07,141.15,143.36,139.17,141.97,59324
2015-01-08,143.78,145.34,142.78,143.91,44286
2015-01-09,146.86,146.86,143.03,143.55,22154
2015-01-12,143.14,144.66,140.38,143.84,35800
2015-01-13,142.1,144.24,141.9,142.76,24754
2015-01-14,141.59,144.24,140.27,143.42,32202
2015-01-15,143.36,150.86,143.36,150.24,129178
2015-01-16,152.18,158.16,148.21,156.35,215596
2015-01-19,157.47,163.16,155.71,158.42,586822
2015-01-20,157.93,162.19,157.76,158.55,110824
2015-01-21,159.46,162.85,148.19,152.42,541634
2015-01-22,156.15,161.42,149.09,150.55,738488
2015-01-23,153.37,153.88,148.21,148.98,87766
2015-01-27,150.41,150.41,142.96,145.91,90266
2015-01-28,146.0,149.93,145.43,148.05,141088
2015-01-29,149.97,150.52,144.02,145.89,139848
2015-01-30,144.19,148.87,144.19,148.16,101474
2015-02-02,147.33,149.53,146.89,148.27,153254
2015-02-03,148.43,153.04,140.69,151.72,200460
2015-02-04,151.1,151.85,149.51,150.9,44828
2015-02-05,148.47,152.13,148.47,150.22,79516
2015-02-06,152.18,154.82,146.91,147.77,700604
2015-02-09,146.86,146.89,137.62,138.64,68102
2015-02-10,138.61,142.92,135.42,142.1,42596
2015-02-11,144.99,144.99,140.4,141.15,29220
2015-02-12,142.47,145.94,138.95,141.46,103460
2015-02-13,142.45,144.59,140.53,143.18,60330
2015-02-16,142.06,146.0,142.06,145.47,56676
2015-02-18,147.61,149.53,144.24,145.28,183532
2015-02-19,147.28,147.77,139.43,143.78,160672
2015-02-20,143.36,143.58,139.85,140.56,102680
2015-02-23,141.99,142.89,136.74,137.69,40084
2015-02-24,138.5,140.51,129.68,134.25,171132
2015-02-25,135.59,136.32,133.74,135.86,370920
2015-02-26,137.29,137.84,132.33,136.56,108608
2015-02-27,137.95,142.25,134.64,141.24,80328
2015-03-02,138.11,141.44,136.37,137.93,138642
2015-03-03,139.17,139.78,135.86,136.19,69994
2015-03-04,138.48,145.56,134.71,138.35,368330
2015-03-05,137.18,140.07,137.18,138.95,59782
2015-03-09,136.12,139.83,136.12,138.7,70172
2015-03-10,139.39,145.08,139.39,143.73,171054
2015-03-11,144.02,145.56,140.25,141.64,86118
2015-03-12,142.78,146.86,139.83,145.16,76662
2015-03-13,142.1,145.96,141.22,143.11,33952
2015-03-16,144.53,144.53,141.15,141.94,34206
2015-03-17,142.47,143.25,140.27,140.62,26410
2015-03-18,142.21,142.21,136.54,137.25,157018
2015-03-19,137.62,138.95,134.98,135.33,345334
2015-03-20,134.98,134.98,132.33,132.64,26828
2015-03-23,134.38,135.86,129.55,131.93,43754
2015-03-24,135.68,135.68,131.05,132.04,43030
2015-03-25,136.65,139.39,134.31,137.2,195064
2015-03-26,136.74,140.67,133.06,134.95,109252
2015-03-27,136.65,138.42,135.39,136.87,56348
2015-03-30,138.17,138.17,135.17,136.52,20258
2015-03-31,137.18,138.02,135.06,135.73,92126
2015-04-01,136.19,138.95,133.21,137.34,38092
2015-04-06,137.34,140.27,136.28,138.9,151816
2015-04-07,140.11,140.45,136.74,137.2,95140
2015-04-08,138.2,147.59,138.2,142.14,497748
2015-04-09,140.27,147.77,138.95,141.15,263536
2015-04-10,142.34,144.04,137.29,139.83,341740
2015-04-13,140.89,142.43,139.83,141.13,266644
2015-04-15,141.59,143.93,138.53,142.83,299084
2015-04-16,144.17,150.86,142.47,145.69,371206
2015-04-17,146.8,147.77,143.42,147.13,467680
2015-04-20,147.77,149.8,141.83,142.94,68076
2015-04-21,144.19,144.19,141.15,141.53,40874
2015-04-22,141.59,144.06,140.84,142.89,267534
2015-04-23,143.8,144.66,140.71,141.2,65696
2015-04-24,141.2,142.56,126.02,137.18,192482
2015-04-27,137.2,138.46,131.71,133.83,46938
2015-04-28,133.65,135.42,132.35,133.72,35170
2015-04-29,133.65,136.74,132.77,135.59,32746
2015-04-30,135.68,140.27,133.63,135.17,66586
2015-05-04,137.58,137.58,134.56,135.17,35078
2015-05-05,136.25,136.25,134.67,135.55,25892
2015-05-06,134.56,135.42,132.33,132.88,31626
2015-05-07,132.88,138.95,132.88,137.64,88138
2015-05-08,138.64,149.09,137.75,139.32,625270
2015-05-11,140.69,143.82,139.87,141.92,142726
2015-05-12,141.13,146.44,140.31,141.2,329584
2015-05-13,142.43,146.0,141.46,143.0,203942
2015-05-14,143.33,147.77,141.13,142.41,356120
2015-05-15,142.74,143.36,140.27,142.39,132024
2015-05-18,142.39,147.64,142.03,146.38,174766
2015-05-19,145.94,149.53,143.97,146.93,129622
2015-05-20,148.21,150.81,147.77,149.99,174640
2015-05-21,150.86,150.86,148.65,149.64,51594
2015-05-22,150.83,153.94,150.02,152.4,134244
2015-05-25,152.4,157.32,152.18,155.75,160306
2015-05-26,156.02,157.03,152.18,154.03,148920
2015-05-27,153.99,154.6,146.07,147.94,63126
2015-05-28,147.77,153.46,147.75,152.47,59438
2015-05-29,150.88,160.98,149.97,158.42,516168
2015-06-01,160.34,160.96,152.84,153.92,267804
2015-06-02,154.58,154.74,148.65,150.48,283228
2015-06-03,150.37,150.37,139.21,145.39,165332
2015-06-04,146.82,148.38,142.47,143.64,665090
2015-06-05,143.64,145.05,139.06,141.46,72868
2015-06-08,141.81,143.31,139.39,141.31,34496
2015-06-09,139.52,143.42,139.47,141.92,25998
2015-06-10,141.7,146.2,141.15,145.47,136992
2015-06-11,145.58,149.25,144.02,145.32,59100
2015-06-12,147.77,147.77,142.47,144.61,66954
2015-06-15,143.47,146.36,142.81,143.55,24202
2015-06-16,143.97,147.77,141.44,146.82,54168
2015-06-17,148.21,151.6,146.0,150.74,89422
2015-06-18,150.74,156.5,149.97,155.33,91836
2015-06-19,155.49,157.38,152.22,152.73,36580
2015-06-22,152.84,155.71,150.86,154.6,108774
2015-06-23,152.66,157.03,150.63,156.43,81726
2015-06-24,157.38,157.38,152.62,153.44,36110
2015-06-25,153.44,154.6,151.38,152.22,19050
2015-06-26,152.13,153.28,150.46,151.89,26240
2015-06-29,150.46,151.67,140.69,147.88,26052
2015-06-30,145.8,149.97,144.37,145.98,70166
2015-07-01,147.72,148.65,144.24,146.16,72100
2015-07-02,147.33,149.07,146.44,147.3,53350
2015-07-03,148.12,149.97,147.59,149.64,35092
2015-07-06,146.89,149.49,143.8,147.9,34096
2015-07-07,148.61,148.65,145.78,146.53,21202
2015-07-08,145.12,148.16,144.68,145.65,29626
2015-07-09,145.61,146.89,144.81,145.47,26226
2015-07-10,147.35,148.27,144.49,145.09,45374
2015-07-13,146.01,146.91,143.37,146.06,38858
2015-07-14,147.18,148.21,145.61,146.01,27616
2015-07-15,146.91,147.74,144.67,145.0,36008
2015-07-16,146.01,149.95,145.59,147.85,536298
2015-07-17,148.7,149.59,146.46,146.95,49302
2015-07-20,147.8,148.47,147.13,148.07,31982
2015-07-21,148.92,154.52,147.8,148.5,190408
2015-07-22,149.82,150.47,148.47,149.62,95056
2015-07-23,149.66,151.79,149.15,149.89,30744
2015-07-24,149.84,150.49,148.88,149.66,103742
2015-07-27,148.7,149.46,147.33,148.43,37378
2015-07-28,146.93,152.28,145.56,150.2,436156
2015-07-29,150.87,154.52,148.97,152.93,127766
2015-07-30,154.66,176.65,154.07,166.61,558814
2015-07-31,167.94,171.09,161.24,168.16,171636
2015-08-03,164.37,176.02,164.37,167.04,152606
2015-08-04,167.04,168.67,165.02,166.37,67836
2015-08-05,166.21,174.21,166.19,167.6,147060
2015-08-06,167.51,168.61,163.61,165.52,33894
2015-08-07,163.75,171.88,163.75,169.05,54750
2015-08-10,170.2,171.54,165.72,167.42,73216
2015-08-11,168.41,170.2,164.82,166.68,59930
2015-08-12,165.72,169.3,163.03,164.51,53620
2015-08-13,164.4,168.85,164.37,166.21,65400
2015-08-14,166.21,167.71,164.44,166.73,43964
2015-08-17,165.72,167.91,159.99,161.91,72576
2015-08-18,162.54,165.72,157.7,158.98,56732
2015-08-19,158.57,167.06,158.53,165.76,124558
2015-08-20,165.72,165.72,158.1,161.44,47944
2015-08-21,159.0,162.14,154.52,159.87,45740
2015-08-24,154.97,155.42,147.85,154.21,133218
2015-08-25,152.33,163.03,149.57,156.83,146936
2015-08-26,156.72,159.0,154.41,156.89,45904
2015-08-27,156.78,164.82,156.09,157.79,133940
2015-08-28,158.8,161.02,156.31,156.72,36906
2015-08-31,160.34,160.34,154.3,157.66,36530
2015-09-01,157.19,157.19,151.95,152.86,34474
2015-09-02,152.84,155.62,152.06,153.15,40648
2015-09-03,154.07,156.76,152.73,155.46,16514
2015-09-04,155.46,155.46,144.67,153.71,57976
2015-09-07,152.28,153.63,151.83,152.55,33040
2015-09-08,152.73,154.07,148.32,151.25,30804
2015-09-09,151.5,155.73,151.48,154.43,24284
2015-09-10,152.73,152.95,150.09,151.25,32904
2015-09-11,150.96,154.52,150.96,152.28,32768
2015-09-14,154.34,154.34,152.28,152.75,13604
2015-09-15,152.28,154.97,152.28,152.48,5048
2015-09-16,152.73,152.77,150.27,151.32,35962
2015-09-18,152.28,152.73,148.81,152.15,31074
2015-09-21,150.89,152.28,149.59,151.36,4126
2015-09-22,151.39,151.39,148.7,149.3,10422
2015-09-23,147.8,150.02,146.93,148.92,12862
2015-09-24,149.17,150.06,148.36,148.86,13678
2015-09-28,147.94,150.89,147.94,149.01,511082
2015-09-29,147.85,149.86,147.85,148.99,21450
2015-09-30,151.39,159.45,150.51,158.15,180672
2015-10-01,160.79,161.22,151.63,152.73,50772
2015-10-05,153.27,157.32,150.8,152.55,55276
2015-10-06,153.15,156.31,151.39,153.87,60514
2015-10-07,153.22,157.21,152.28,153.15,40506
2015-10-08,154.32,156.31,152.3,154.25,34090
2015-10-09,156.18,156.2,152.89,153.63,10696
2015-10-12,154.25,154.52,150.6,151.9,22220
2015-10-13,154.74,160.75,153.71,159.54,190042
2015-10-14,161.1,162.31,153.63,161.58,124004
2015-10-15,160.84,163.17,158.1,162.22,51308
2015-10-16,161.28,163.23,157.66,158.98,19810
2015-10-19,158.1,160.79,154.97,156.36,26854
2015-10-20,156.78,161.46,155.64,160.72,71166
2015-10-21,159.56,161.91,156.6,159.51,41700
2015-10-23,158.1,160.52,157.32,159.25,64908
2015-10-26,159.0,162.65,157.03,161.78,112864
2015-10-27,150.04,167.91,148.34,166.03,473162
2015-10-28,165.05,170.85,161.28,168.58,195916
2015-10-29,166.17,173.29,163.59,170.2,186062
2015-10-30,173.78,177.36,165.45,174.43,133096
2015-11-02,174.23,174.23,168.34,170.89,39560
2015-11-03,172.44,172.46,165.27,166.19,230932
2015-11-04,166.19,169.3,162.14,163.86,134020
2015-11-05,161.91,163.93,159.47,160.61,15466
2015-11-06,160.79,163.46,156.89,158.33,26778
2015-11-09,157.21,158.1,153.45,157.75,11072
2015-11-10,158.1,158.1,156.76,157.5,21004
2015-11-13,156.78,158.08,156.38,157.01,12626
2015-11-16,155.89,162.58,155.08,158.46,37562
2015-11-17,160.43,161.42,156.74,157.3,22768
2015-11-18,156.81,159.9,156.81,159.04,18198
2015-11-19,158.62,163.03,158.6,161.42,47238
2015-11-20,163.86,165.27,160.39,162.27,61950
2015-11-23,162.58,163.77,157.43,159.92,15704
2015-11-24,160.21,161.1,158.15,159.54,11078
2015-11-26,160.32,161.19,157.52,160.34,13836
2015-11-27,160.19,162.99,158.71,161.06,35858
2015-11-30,161.15,163.48,157.68,159.36,229420
2015-12-01,161.22,163.48,158.26,159.99,373534
2015-12-02,162.45,162.45,157.81,158.66,158358
2015-12-03,157.84,161.19,157.84,159.34,15216
2015-12-04,157.5,160.01,156.89,158.87,22430
2015-12-07,161.24,161.24,156.76,158.98,13318
2015-12-08,159.0,161.08,158.55,159.04,11870
2015-12-09,160.77,161.26,156.74,159.04,26436
2015-12-10,159.0,160.25,157.88,159.29,13012
2015-12-11,160.19,160.19,157.21,159.16,12798
2015-12-14,157.25,159.45,157.23,159.07,10694
2015-12-15,159.02,167.73,159.0,167.31,73986
2015-12-16,167.73,170.09,165.36,167.17,40478
2015-12-17,167.06,168.0,165.74,166.57,25238
2015-12-18,167.44,167.44,165.72,165.81,11072
2015-12-21,164.37,173.69,162.43,170.69,85182
2015-12-22,168.63,171.18,166.68,166.99,34752
2015-12-23,168.18,172.35,167.17,168.58,57478
2015-12-24,168.81,178.55,168.41,170.4,163936
2015-12-28,172.12,175.57,171.99,174.77,147254
2015-12-29,174.63,175.57,168.45,169.84,28694
2015-12-30,171.9,174.63,167.08,172.5,51954
2015-12-31,171.12,179.15,167.96,176.38,171924
2016-01-01,178.71,178.93,171.63,172.57,37990
2016-01-04,172.44,172.46,168.23,169.77,33640
2016-01-05,172.41,172.41,167.96,168.83,13128
2016-01-06,170.2,170.2,168.5,168.94,30820
2016-01-07,166.7,168.76,165.76,166.61,44952
2016-01-08,166.61,170.15,164.82,167.08,22166
2016-01-11,167.08,167.46,163.59,166.19,15736
2016-01-12,165.27,167.26,164.15,165.72,59146
2016-01-13,165.27,166.35,159.9,163.73,639580
2016-01-14,159.0,163.9,156.94,162.25,630584
2016-01-15,163.48,163.48,148.7,151.36,707876
2016-01-18,150.04,154.52,143.35,152.8,30150
2016-01-19,153.47,155.8,144.31,153.24,28714
2016-01-20,152.17,161.24,148.34,152.86,21782
2016-01-21,156.25,156.65,149.15,154.5,10392
2016-01-22,152.3,158.01,152.3,157.66,23810
2016-01-25,159.81,160.34,154.07,159.76,14742
2016-01-27,161.19,162.11,153.71,160.93,36468
2016-01-28,160.75,160.75,154.52,159.04,22284
2016-01-29,159.04,165.23,157.25,162.0,56032
2016-02-01,163.93,164.82,157.7,161.15,457190
2016-02-02,161.66,162.14,158.26,159.22,18036
2016-02-03,159.22,161.66,154.99,157.86,1063530
2016-02-04,158.55,161.19,154.97,157.99,18672
2016-02-05,158.55,160.23,156.2,158.75,11862
2016-02-08,158.1,161.19,155.44,156.33,33108
2016-02-09,153.18,155.86,149.77,152.98,35952
2016-02-10,153.63,153.63,147.35,147.87,425282
2016-02-11,148.25,153.98,136.87,147.09,69332
2016-02-12,143.55,151.39,137.95,148.97,40646
2016-02-15,149.62,152.28,148.74,149.86,99794
2016-02-16,149.44,153.54,146.06,148.12,50870
2016-02-17,148.25,151.72,146.08,151.39,18632
2016-02-18,150.06,151.81,147.8,149.08,22720
2016-02-19,146.95,150.8,144.67,146.03,17308
2016-02-22,145.59,147.8,144.71,145.59,9474
2016-02-23,151.79,151.79,142.47,145.38,146660
2016-02-24,144.22,146.15,139.74,142.61,18430
2016-02-25,146.46,146.46,140.64,142.58,195690
2016-02-26,143.35,145.99,140.64,141.53,84708
2016-02-29,141.22,142.58,138.84,140.12,11908
2016-03-01,144.67,147.29,140.99,146.41,14944
2016-03-02,143.44,152.24,143.44,149.57,28152
2016-03-03,149.57,152.28,148.7,151.59,16860
2016-03-04,152.24,156.54,144.89,152.89,72738
2016-03-08,152.89,152.89,149.15,149.95,11060
2016-03-09,149.64,152.26,148.68,150.2,17492
2016-03-10,149.62,151.5,146.48,147.2,23048
2016-03-11,148.88,154.39,144.26,148.61,118556
2016-03-14,148.68,155.86,148.68,154.43,691454
2016-03-15,154.97,157.19,154.52,155.04,32650
2016-03-16,155.71,162.4,155.42,160.16,80230
2016-03-17,160.34,164.24,159.0,161.62,85250
2016-03-18,163.48,164.04,160.79,163.14,119558
2016-03-21,163.43,169.97,161.69,168.36,98532
2016-03-22,169.55,170.91,168.63,170.41,70698
2016-03-23,169.09,177.61,167.27,174.08,97122
2016-03-28,171.92,175.47,170.05,171.82,63928
2016-03-29,169.57,172.51,168.61,170.02,210756
2016-03-30,170.46,171.82,169.64,170.84,63766
2016-03-31,169.64,196.48,169.64,177.89,240850
2016-04-01,180.73,187.73,178.32,180.53,223698
2016-04-04,181.28,183.06,178.46,179.28,120020
2016-04-05,179.57,180.71,176.84,178.43,59270
2016-04-06,178.43,181.35,177.29,179.62,61706
2016-04-07,181.28,182.31,178.73,179.94,238188
2016-04-08,180.8,184.36,178.21,180.94,186532
2016-04-11,182.76,182.76,178.8,180.1,165940
2016-04-12,180.48,182.31,178.02,182.08,115204
2016-04-13,184.49,185.5,181.03,184.43,191820
2016-04-18,186.86,188.67,183.56,185.75,99084
2016-04-20,186.41,189.14,184.13,188.87,300050
2016-04-21,188.92,192.2,185.04,190.31,258432
2016-04-22,191.33,195.98,190.51,195.27,306290
2016-04-25,195.52,198.26,193.82,196.87,297456
2016-04-26,195.87,203.09,195.87,197.99,230088
2016-04-27,198.28,199.74,196.94,197.76,59296
2016-04-28,198.58,198.58,191.92,193.06,57644
2016-04-29,193.06,199.13,189.71,195.09,82854
2016-05-02,194.61,194.64,189.87,191.67,125688
2016-05-03,188.87,194.59,186.86,192.97,261978
2016-05-04,190.06,193.61,190.06,192.33,205462
2016-05-05,190.78,194.52,187.32,190.33,69360
2016-05-06,188.8,190.65,187.84,189.26,36506
2016-05-09,187.46,194.61,187.46,193.52,89188
2016-05-10,195.3,196.89,193.59,196.41,117340
2016-05-11,198.26,198.26,191.99,193.88,25378
2016-05-12,195.96,197.12,192.81,193.72,34576
2016-05-13,195.84,197.12,192.9,194.66,46260
2016-05-16,195.98,196.89,194.18,194.77,29208
2016-05-17,196.78,198.62,195.11,197.42,63292
2016-05-18,198.19,201.56,196.03,199.6,188320
2016-05-19,197.85,199.26,194.34,195.11,58002
2016-05-20,195.52,195.64,191.67,194.07,76272
2016-05-23,193.7,198.19,193.36,195.21,46208
2016-05-24,192.36,196.66,192.36,195.23,56468
2016-05-25,194.23,197.58,194.23,195.96,35850
2016-05-26,194.64,197.8,194.64,196.98,48170
2016-05-27,197.35,200.97,195.52,198.28,74962
2016-05-30,199.56,200.54,193.7,194.84,60222
2016-05-31,193.7,194.84,182.99,190.03,259066
2016-06-01,187.82,195.52,187.82,193.93,29522
2016-06-02,193.7,197.35,192.68,193.29,48344
2016-06-03,191.88,194.61,188.6,189.3,28010
2016-06-06,193.15,195.82,189.14,193.97,70966
2016-06-07,197.46,199.56,191.42,198.15,56864
2016-06-08,198.71,201.88,194.61,200.83,91792
2016-06-09,202.34,202.34,198.71,201.36,45436
2016-06-10,201.36,201.45,199.85,200.7,29480
2016-06-13,196.85,200.08,196.23,196.94,19360
2016-06-14,199.17,199.17,192.88,194.64,22448
2016-06-15,199.13,199.13,193.34,197.32,36510
2016-06-16,200.97,200.99,194.84,198.3,26212
2016-06-17,196.23,199.31,195.09,196.44,34242
2016-06-20,195.75,197.3,192.56,193.47,39682
2016-06-21,195.32,195.96,192.4,193.61,9986
2016-06-22,195.02,196.44,193.95,195.71,42492
2016-06-23,196.78,197.28,193.02,194.11,22910
2016-06-24,191.56,191.56,183.77,190.97,29718
2016-06-27,186.93,193.25,186.93,189.92,30856
2016-06-28,191.67,192.31,189.19,190.78,35440
2016-06-29,191.88,199.65,191.88,197.89,57844
2016-06-30,198.71,201.45,197.39,199.44,109418
2016-07-01,198.26,201.36,197.35,199.13,44620
2016-07-04,202.32,202.32,197.48,199.72,59912
2016-07-05,198.94,200.95,198.94,199.35,19916
2016-07-07,200.54,200.54,196.44,198.85,16574
2016-07-08,197.39,199.49,195.98,197.21,24760
2016-07-11,196.44,207.58,196.25,205.92,116298
2016-07-12,207.88,211.7,203.45,205.73,93110
2016-07-13,205.78,207.26,202.82,203.55,13294
2016-07-14,206.08,207.15,201.91,206.8,13682
2016-07-15,207.58,210.61,200.99,202.79,138412
2016-07-18,202.79,202.79,196.03,196.85,35538
2016-07-19,196.03,198.26,190.78,192.4,36724
2016-07-20,191.88,206.01,189.17,204.3,171748
2016-07-21,206.23,211.25,202.09,209.06,369662
2016-07-22,211.48,213.03,204.64,210.54,172634
2016-07-25,213.21,216.49,206.99,213.96,252120
2016-07-26,214.62,216.95,209.9,216.4,442982
2016-07-27,214.21,220.59,212.25,213.41,61588
2016-07-28,217.86,229.43,212.55,221.02,210188
2016-07-29,222.37,224.56,218.77,221.48,52398
2016-08-01,221.64,231.26,209.65,221.85,879456
2016-08-02,221.96,221.96,212.96,215.58,230620
2016-08-03,211.98,215.99,211.98,212.41,148148
2016-08-04,215.58,250.63,215.56,220.07,86242
2016-08-05,220.0,227.77,219.68,225.7,102488
2016-08-08,225.17,227.43,218.77,219.73,75548
2016-08-09,221.71,223.33,218.29,219.2,57162
2016-08-10,220.57,220.59,217.93,218.77,16910
2016-08-11,218.77,219.79,217.86,219.11,19452
2016-08-12,216.63,220.14,216.63,218.77,32118
2016-08-16,218.75,227.2,217.4,225.99,359230
2016-08-17,229.66,230.28,220.36,222.76,432466
2016-08-18,225.58,226.97,221.96,222.44,16164
2016-08-19,222.41,227.88,221.28,226.49,103860
2016-08-22,222.0,225.9,221.96,223.9,13132
2016-08-23,222.0,223.33,220.25,221.32,16522
2016-08-24,221.05,222.87,219.77,221.37,33142
2016-08-25,218.31,224.01,218.31,223.14,22816
2016-08-26,219.25,223.33,219.25,222.26,17706
2016-08-29,226.47,227.43,222.39,224.81,42996
2016-08-30,224.72,227.79,224.69,226.47,33786
2016-08-31,226.47,229.68,225.22,228.41,109420
2016-09-01,224.24,229.62,223.9,228.86,39206
2016-09-02,224.33,228.34,224.33,227.34,32750
2016-09-06,227.88,233.35,225.83,232.15,139244
2016-09-07,229.27,235.63,229.27,234.17,113928
2016-09-08,235.18,239.23,232.51,237.25,100478
2016-09-09,237.46,239.28,232.15,232.49,33392
2016-09-12,227.88,232.85,222.19,231.92,58662
2016-09-14,234.72,238.73,232.99,234.77,30198
2016-09-15,236.93,237.82,234.72,235.61,37936
2016-09-16,235.18,237.91,233.47,236.59,36518
2016-09-19,237.89,238.82,234.31,237.02,77378
2016-09-20,233.6,241.56,233.6,239.44,113466
2016-09-21,239.73,241.56,237.2,239.35,50190
2016-09-22,237.68,241.53,237.68,239.41,51844
2016-09-23,241.56,247.87,238.85,244.93,95192
2016-09-26,242.01,250.4,242.01,245.32,46620
2016-09-27,243.84,247.48,239.28,241.06,24166
2016-09-28,238.82,250.67,238.82,248.92,170092
2016-09-29,249.31,253.41,240.65,248.42,713220
2016-09-30,248.39,252.79,239.28,249.78,70672
2016-10-03,250.67,264.12,249.78,262.0,160432
2016-10-04,262.07,262.07,254.8,256.44,90678
2016-10-05,258.42,262.07,255.69,259.22,76598
2016-10-06,261.88,262.98,257.53,260.86,87616
2016-10-07,259.88,262.07,258.56,260.08,60544
2016-10-10,256.71,262.43,250.95,256.1,134886
2016-10-13,255.69,261.52,252.93,259.35,71154
2016-10-14,258.76,262.43,256.6,261.0,49204
2016-10-17,264.3,266.12,260.04,261.68,133600
2016-10-18,263.43,263.43,255.69,256.55,37578
2016-10-19,258.47,262.07,255.91,256.67,30752
2016-10-20,259.79,261.61,252.04,253.73,67666
2016-10-21,257.03,257.03,244.36,246.09,82372
2016-10-24,247.87,250.06,242.92,244.18,37212
2016-10-25,245.16,248.3,244.29,246.84,45884
2016-10-26,246.11,254.32,246.11,251.88,24094
2016-10-27,246.18,253.86,246.18,251.56,38030
2016-10-28,252.04,254.27,250.42,252.11,177810
2016-11-01,255.39,259.79,253.86,257.39,60922
2016-11-02,259.33,259.33,251.36,254.27,30874
2016-11-03,253.57,255.18,245.52,251.29,48996
2016-11-04,250.7,252.79,238.39,245.16,123098
2016-11-07,244.43,250.1,244.43,246.91,47618
2016-11-08,249.31,250.67,245.27,248.3,45902
2016-11-09,198.71,249.76,198.71,246.41,86170
2016-11-10,252.04,255.23,239.35,241.49,88072
2016-11-11,241.65,243.84,224.33,232.4,182216
2016-11-15,229.48,231.99,209.9,214.71,121098
2016-11-16,214.21,224.1,206.92,209.22,123562
2016-11-17,209.74,211.07,203.27,208.04,165302
2016-11-18,206.01,214.17,206.01,211.66,25686
2016-11-21,210.61,216.03,208.83,210.47,74204
2016-11-22,208.88,223.33,207.83,211.02,26188
2016-11-23,210.13,215.24,210.13,214.21,22424
2016-11-24,216.08,216.1,209.65,210.86,21416
2016-11-25,210.79,214.67,208.74,210.09,16022
2016-11-28,210.13,214.67,209.65,211.23,28844
2016-11-29,212.37,217.4,208.88,216.33,74046
2016-11-30,216.33,225.61,214.21,224.47,81438
2016-12-01,223.33,223.33,219.22,221.82,167438
2016-12-02,221.91,221.91,211.98,216.83,39610
2016-12-05,216.49,222.14,212.52,218.24,10936
2016-12-06,214.69,226.29,214.69,219.7,85268
2016-12-07,220.23,220.64,208.81,214.03,51466
2016-12-08,216.49,218.88,213.21,213.76,22358
2016-12-09,213.3,214.21,211.48,213.12,40552
2016-12-12,212.87,216.44,212.39,213.37,6482
2016-12-13,214.53,218.31,209.72,215.03,24264
2016-12-14,214.67,214.67,211.02,211.59,17600
2016-12-15,211.02,216.44,209.72,212.07,8736
2016-12-16,214.14,216.49,212.62,214.03,15574
2016-12-19,213.66,214.21,206.96,208.65,55310
2016-12-20,209.22,213.05,207.37,209.02,320428
2016-12-21,208.72,209.88,207.44,209.65,84620
2016-12-22,209.65,210.18,202.93,203.86,28462
2016-12-23,207.17,207.35,203.36,205.16,35278
2016-12-26,203.82,206.44,201.59,203.2,23866
2016-12-27,203.27,207.1,201.04,205.12,68128
2016-12-28,205.51,208.1,201.15,205.51,36718
2016-12-29,207.63,212.8,203.55,212.23,258344
2016-12-30,210.5,224.6,210.25,217.11,35418
2017-01-02,218.95,223.8,217.01,219.54,13780
2017-01-03,221.39,228.66,219.48,223.28,85390
2017-01-04,222.87,225.61,220.57,223.44,26278
2017-01-05,222.44,225.61,220.68,224.28,28602
2017-01-06,223.33,230.12,223.33,224.24,35372
2017-01-09,230.12,230.12,223.8,226.38,14334
2017-01-10,229.37,229.39,224.24,224.99,16984
2017-01-11,224.83,227.88,224.83,225.92,11528
2017-01-12,226.52,230.07,226.52,228.18,39580
2017-01-13,229.71,229.71,227.88,228.91,13270
2017-01-16,230.16,249.53,227.88,236.16,35146
2017-01-17,239.26,242.7,234.72,237.48,26006
2017-01-18,237.0,243.56,236.09,239.8,77184
2017-01-19,239.26,243.84,235.65,243.18,87780
2017-01-20,239.28,243.84,232.67,234.97,34158
2017-01-23,236.98,238.28,229.93,232.44,40328
2017-01-24,230.23,235.59,227.0,229.32,45262
2017-01-25,231.03,234.72,227.93,232.58,65346
2017-01-27,239.28,247.94,238.5,244.11,330444
2017-01-30,240.71,245.86,235.93,240.19,70706
2017-01-31,240.19,243.79,237.0,241.06,276766
2017-02-01,241.15,243.36,237.0,240.71,53514
2017-02-02,241.56,251.13,239.87,246.18,120016
2017-02-03,248.3,248.39,241.31,244.86,53672
2017-02-06,245.2,250.4,242.29,247.71,34214
2017-02-07,250.19,252.31,246.75,248.28,46700
2017-02-08,249.53,250.67,246.18,248.8,170906
2017-02-09,247.85,255.85,247.53,253.57,75354
2017-02-10,255.69,255.69,248.39,253.13,54470
2017-02-13,253.82,268.31,253.18,255.12,375570
2017-02-14,253.63,254.77,250.9,251.72,135836
2017-02-15,253.54,257.51,251.17,255.28,81686
2017-02-16,253.36,266.35,251.15,259.88,174814
2017-02-17,261.82,261.82,255.8,258.12,23466
2017-02-20,257.94,264.32,251.63,253.45,31832
2017-02-21,254.2,259.67,251.13,252.81,34074
2017-02-22,257.44,257.81,251.58,254.43,41062
2017-02-23,257.51,258.42,252.95,253.79,35288
2017-02-27,253.41,257.42,252.34,253.18,78472
2017-02-28,253.41,258.65,253.41,257.55,214604
2017-03-01,258.88,259.51,253.07,256.64,27396
2017-03-02,259.31,259.79,256.6,258.85,83212
2017-03-03,258.85,259.79,253.95,258.72,77472
2017-03-06,260.24,260.24,248.39,254.23,98298
2017-03-07,255.69,256.14,250.95,251.68,25128
2017-03-08,255.21,255.23,246.55,251.42,109182
2017-03-09,253.57,254.59,248.85,251.74,20112
2017-03-10,255.18,255.23,247.3,250.24,40706
2017-03-14,255.23,255.66,248.44,251.72,85640
2017-03-15,253.82,256.51,252.5,255.53,74512
2017-03-16,256.14,266.05,255.25,260.95,122506
2017-03-17,261.13,271.64,254.82,266.94,327712
2017-03-20,268.9,283.33,266.62,278.43,1119116
2017-03-21,281.16,292.92,274.58,286.79,313662
2017-03-22,284.4,284.4,275.74,276.86,178454
2017-03-23,280.73,283.03,272.98,274.21,71408
2017-03-24,273.48,281.66,273.48,277.63,564188
2017-03-27,278.02,285.72,277.81,282.83,188286
2017-03-28,284.85,288.91,278.06,280.71,129034
2017-03-29,282.67,299.96,279.39,296.75,590612
2017-03-30,297.62,311.75,297.62,304.59,596020
2017-03-31,307.19,318.58,305.36,315.57,611562
2017-04-03,318.13,329.06,318.1,326.33,563084
2017-04-05,327.2,330.43,314.48,316.39,243788
2017-04-06,317.21,322.46,310.83,312.06,143994
2017-04-07,311.29,313.57,300.24,301.06,265230
2017-04-10,301.26,308.99,301.26,305.32,120204
2017-04-11,306.28,309.92,301.79,305.82,115174
2017-04-12,309.47,309.81,298.53,303.86,128074
2017-04-13,304.45,306.73,303.29,305.41,136924
2017-04-17,307.19,318.58,303.29,313.41,278306
2017-04-18,316.76,319.49,311.49,314.12,141552
2017-04-19,316.28,318.13,309.92,312.04,240494
2017-04-20,314.87,314.89,310.58,311.97,80358
2017-04-21,310.83,315.85,310.83,312.82,42990
2017-04-24,314.18,316.76,310.49,311.63,72732
2017-04-25,314.41,314.41,307.64,307.89,57172
2017-04-26,310.83,312.0,306.25,307.44,60604
2017-04-27,308.33,310.83,306.3,308.26,26262
2017-04-28,308.55,320.4,305.41,316.51,320042
2017-05-02,319.04,319.49,303.54,306.75,271308
2017-05-03,307.46,314.02,306.73,311.84,92718
2017-05-04,313.77,314.96,309.99,310.99,57458
2017-05-05,313.93,313.93,307.64,309.47,162968
2017-05-08,313.8,319.04,309.94,317.15,89426
2017-05-09,319.49,328.38,316.76,320.93,425602
2017-05-10,325.69,329.06,310.88,315.71,318240
2017-05-11,317.62,319.95,304.91,307.48,139420
2017-05-12,308.4,310.83,297.25,303.11,188652
2017-05-15,304.89,306.73,300.4,301.49,68800
2017-05-16,303.54,311.24,302.47,309.03,166260
2017-05-17,309.92,310.13,303.09,305.75,290238
2017-05-18,303.52,305.27,289.46,295.98,387962
2017-05-19,298.41,303.09,289.53,294.68,103110
2017-05-22,295.34,298.25,291.24,293.79,1039874
2017-05-23,297.34,298.6,284.86,290.28,64504
2017-05-24,289.41,293.74,286.22,289.03,71042
2017-05-25,291.65,297.37,290.78,293.1,57466
2017-05-26,294.7,298.48,293.08,294.38,34640
2017-05-29,292.35,295.79,288.96,290.26,26604
2017-05-30,292.38,292.38,287.13,287.64,23666
2017-05-31,287.27,291.69,287.13,289.48,57954
2017-06-01,288.11,297.16,288.11,290.94,45586
2017-06-02,290.78,293.06,287.36,290.44,25948
2017-06-05,290.44,298.41,288.96,292.81,86064
2017-06-06,291.69,294.22,288.07,289.03,29748
2017-06-07,289.87,289.87,283.9,287.59,246482
2017-06-08,288.09,290.32,288.05,288.48,65570
2017-06-09,290.51,291.14,285.36,286.75,175358
2017-06-12,288.2,292.53,283.94,288.96,1035352
2017-06-13,290.76,296.7,289.41,294.65,93404
2017-06-14,296.2,296.25,289.44,294.86,41354
2017-06-15,298.94,302.06,292.26,299.35,92486
2017-06-16,305.36,307.87,300.88,304.18,125256
2017-06-19,307.64,309.92,301.72,302.97,64500
2017-06-20,302.97,304.34,295.13,296.45,141984
2017-06-21,291.69,296.23,289.41,290.32,37654
2017-06-22,291.65,293.97,287.27,288.25,40288
2017-06-23,288.25,291.37,270.73,280.62,85386
2017-06-27,280.3,282.6,271.5,277.81,54482
2017-06-28,276.38,278.47,264.35,274.53,30510
2017-06-29,277.93,278.86,268.08,270.66,29540
2017-06-30,274.53,274.53,270.79,273.23,55688
2017-07-03,275.6,275.6,267.56,273.73,38716
2017-07-04,274.37,282.8,273.46,280.64,69574
2017-07-05,277.61,282.58,273.96,278.63,42384
2017-07-06,282.48,282.48,278.27,280.23,121776
2017-07-07,280.3,281.6,273.96,274.81,304410
2017-07-10,276.2,305.05,273.46,275.69,8148
2017-07-11,275.72,275.74,271.32,273.8,314848
2017-07-12,277.06,281.62,272.73,280.64,174106
2017-07-13,281.66,295.79,278.02,291.62,879084
2017-07-14,293.97,298.07,288.3,296.48,179124
2017-07-17,290.78,298.51,289.41,296.16,405880
2017-07-18,292.15,303.77,290.78,298.87,317210
2017-07-19,298.87,306.28,296.11,302.49,123528
2017-07-20,300.78,304.86,294.7,299.17,142714
2017-07-21,299.19,321.32,299.17,309.12,2261494
2017-07-24,307.37,307.37,302.27,305.27,66968
2017-07-25,306.28,324.71,305.77,321.41,365354
2017-07-26,324.77,327.07,319.7,322.9,138300
2017-07-27,322.93,323.41,313.25,319.1,108706
2017-07-28,320.12,323.39,314.64,322.19,80300
2017-07-31,322.47,324.77,317.08,322.77,104668
2017-08-01,322.93,322.93,307.36,316.71,111494
2017-08-02,315.63,319.77,307.77,313.18,83590
2017-08-03,313.94,319.17,309.57,312.1,56088
2017-08-04,317.86,317.86,307.29,311.6,73950
2017-08-07,312.79,322.1,309.04,320.35,77316
2017-08-08,320.35,322.93,311.0,314.24,65804
2017-08-09,313.25,316.66,308.46,313.39,47624
2017-08-10,310.51,312.77,299.43,302.43,75712
2017-08-11,299.43,314.87,285.61,309.94,172090
2017-08-14,308.65,326.15,308.65,325.05,157520
2017-08-16,322.47,327.07,316.94,323.48,60406
2017-08-17,324.68,343.22,319.75,340.5,251206
2017-08-18,339.97,347.8,325.23,328.34,279404
2017-08-21,331.54,346.42,330.3,336.36,434092
2017-08-22,338.08,341.82,334.03,337.02,74448
2017-08-23,337.67,345.5,336.08,337.46,128746
2017-08-24,338.13,345.5,337.67,342.69,117174
2017-08-28,343.2,345.5,336.54,344.97,313816
2017-08-29,347.3,347.67,341.84,345.57,844222
2017-08-30,347.69,350.94,343.2,347.87,302454
2017-08-31,350.52,353.26,343.66,352.09,138800
2017-09-01,352.09,354.71,349.65,353.22,78098
2017-09-04,355.64,355.64,343.24,350.22,53772
2017-09-05,350.89,351.9,344.12,349.55,297460
2017-09-06,346.42,351.95,344.51,349.53,94244
2017-09-07,349.19,357.02,349.19,355.52,150030
2017-09-08,354.25,368.53,353.03,366.16,139516
2017-09-11,366.69,375.4,345.94,364.13,144052
2017-09-12,367.13,367.15,359.32,362.89,176320
2017-09-13,363.01,367.61,357.48,367.15,71762
2017-09-14,364.85,366.44,357.5,359.21,63132
2017-09-15,359.21,366.67,355.06,363.03,113550
2017-09-18,365.31,366.23,359.87,363.65,50230
2017-09-19,360.26,363.12,358.4,360.93,52894
2017-09-20,360.22,363.93,360.22,361.83,65518
2017-09-21,363.9,367.61,355.31,361.95,38660
2017-09-22,359.67,360.31,342.39,345.71,78718
2017-09-25,347.8,357.02,328.0,352.53,156922
2017-09-26,352.87,355.84,333.2,344.99,136924
2017-09-27,347.3,352.39,343.73,346.49,117490
2017-09-28,344.12,356.1,337.46,349.05,111040
2017-09-29,347.83,359.78,343.2,356.92,76954
2017-10-03,363.47,363.47,354.32,358.31,60442
2017-10-04,357.89,361.39,353.38,356.53,90460
2017-10-05,359.27,362.57,355.29,359.69,43622
2017-10-06,363.47,370.56,359.39,369.04,563600
2017-10-09,369.02,374.52,353.38,355.82,132610
2017-10-10,354.71,380.6,350.71,373.51,610040
2017-10-11,377.24,378.67,364.53,369.73,513162
2017-10-12,372.68,372.68,360.7,363.42,51280
2017-10-13,364.57,369.89,359.32,362.29,54116
2017-10-16,360.2,369.29,355.4,365.75,77934
2017-10-17,365.31,370.84,362.11,367.77,43864
2017-10-18,368.53,375.44,362.11,368.1,57188
2017-10-19,368.07,373.14,367.15,370.1,15966
2017-10-23,365.82,374.75,362.68,372.22,79896
2017-10-24,370.38,374.38,369.46,371.57,28840
2017-10-25,369.46,372.08,359.32,361.76,59718
2017-10-26,368.4,369.85,361.92,364.78,44952
2017-10-27,367.15,368.97,361.42,366.69,44366
2017-10-30,368.53,374.06,361.35,372.36,75470
2017-10-31,375.44,380.47,364.92,373.81,80052
2017-11-01,361.62,368.3,345.5,352.85,188140
2017-11-02,352.85,354.71,329.38,331.54,199622
2017-11-03,331.54,334.44,317.86,319.4,301878
2017-11-06,322.47,322.47,309.57,311.11,114678
2017-11-07,311.0,323.39,308.19,310.74,894552
2017-11-08,311.5,315.56,306.8,308.74,234792
2017-11-09,310.93,315.28,308.42,310.6,84968
2017-11-10,310.95,321.43,308.67,319.56,244782
2017-11-13,320.16,328.92,320.16,324.54,193020
2017-11-14,324.86,329.1,322.51,324.08,57018
2017-11-15,320.16,326.61,318.71,321.75,57658
2017-11-16,322.88,328.36,317.05,321.06,59380
2017-11-17,322.88,325.46,318.78,321.52,49072
2017-11-20,316.99,325.99,316.99,323.02,128738
2017-11-21,324.72,326.68,317.91,320.97,46774
2017-11-22,318.78,321.73,311.41,314.29,62004
2017-11-23,316.66,321.09,309.61,315.19,48866
2017-11-24,313.28,329.31,302.57,322.93,177602
2017-11-27,325.23,336.19,322.93,334.54,99044
2017-11-28,336.29,339.51,334.12,336.96,64728
2017-11-29,338.59,339.51,328.0,332.53,46218
2017-11-30,329.38,349.65,328.0,340.71,96696
2017-12-01,340.94,355.61,340.94,343.47,163946
2017-12-04,338.13,353.33,334.81,342.02,284760
2017-12-05,341.84,349.65,336.29,345.85,87536
2017-12-06,348.26,354.71,341.82,352.2,80336
2017-12-07,351.95,368.56,346.91,363.93,660492
2017-12-08,363.01,375.44,356.67,371.76,1501852
2017-12-11,371.3,379.59,368.99,375.12,213124
2017-12-12,374.89,375.44,363.93,370.35,42260
2017-12-13,369.27,370.54,364.18,367.64,80152
2017-12-14,361.62,367.15,351.26,353.65,43868
2017-12-15,354.71,370.84,354.35,369.98,150702
2017-12-18,371.76,374.52,354.28,371.62,87652
2017-12-19,374.06,377.38,367.41,370.88,86536
2017-12-20,373.0,373.65,368.53,369.69,37632
2017-12-21,367.15,373.14,364.53,369.46,22520
2017-12-22,371.76,371.76,366.23,368.79,25130
2017-12-26,369.71,374.06,366.48,371.85,70132
2017-12-27,371.76,375.44,364.87,370.58,46964
2017-12-28,361.39,386.04,361.39,378.78,210910
2017-12-29,377.29,382.35,374.29,376.78,113878
2018-01-01,374.52,382.35,374.52,378.44,83834
2018-01-02,379.94,380.03,374.18,376.73,97774
2018-01-03,376.71,379.47,374.98,376.92,135832
2018-01-04,373.67,377.95,372.68,375.44,91726
2018-01-05,378.21,379.13,370.22,377.63,44900
2018-01-08,376.83,378.67,372.68,376.13,35342
2018-01-09,378.48,379.2,368.95,370.54,67618
2018-01-10,371.57,374.06,367.91,371.53,49068
2018-01-11,370.4,373.14,366.41,368.9,46370
2018-01-12,376.73,376.73,359.78,363.65,186874
2018-01-15,363.65,365.77,357.52,358.38,66154
2018-01-16,365.54,365.54,348.43,349.37,68944
2018-01-17,341.42,351.03,338.59,342.48,94368
2018-01-18,344.58,358.38,343.11,353.29,69792
2018-01-19,350.64,368.53,343.66,356.49,121692
2018-01-22,363.93,367.61,353.12,359.07,37110
2018-01-23,359.07,362.5,347.37,350.04,71394
2018-01-24,350.11,354.69,346.49,352.3,34884
2018-01-25,352.5,354.25,345.96,351.03,27600
2018-01-29,351.14,354.62,343.2,346.12,43812
2018-01-30,345.5,345.5,333.57,342.87,86590
2018-01-31,342.74,353.15,336.89,346.05,42702
2018-02-01,351.03,351.95,333.98,337.0,150806
2018-02-02,333.98,339.05,317.79,330.83,323892
2018-02-05,324.24,348.26,315.93,331.54,90476
2018-02-06,327.07,338.13,311.92,333.43,272922
2018-02-07,340.09,345.5,329.4,334.93,90840
2018-02-08,340.43,344.58,327.07,333.98,54706
2018-02-09,333.02,345.04,319.38,342.99,51994
2018-02-12,347.83,349.99,338.59,342.25,31820
2018-02-14,345.96,350.11,333.52,336.79,45976
2018-02-15,338.13,343.2,337.67,342.41,34902
2018-02-16,342.74,344.58,332.6,334.93,31736
2018-02-19,340.43,341.58,329.38,332.79,17954
2018-02-20,336.29,342.0,329.84,333.78,26856
2018-02-21,333.98,338.13,330.85,335.62,21046
2018-02-22,335.69,344.58,330.87,337.16,73890
2018-02-23,339.51,342.51,333.98,340.48,44540
2018-02-26,342.71,345.04,338.64,341.75,72716
2018-02-27,339.88,345.04,334.91,337.76,28562
2018-02-28,334.01,344.58,330.3,342.69,107498
2018-03-01,343.43,351.3,342.69,349.74,105110
2018-03-05,352.41,366.23,351.05,362.48,305586
2018-03-06,365.77,373.6,360.26,364.64,255996
2018-03-07,366.18,377.65,354.9,366.71,364582
2018-03-08,371.25,373.6,354.55,360.17,304480
2018-03-09,366.18,369.92,359.32,367.43,165216
2018-03-12,368.53,368.53,359.32,363.9,189726
2018-03-13,363.93,368.79,363.03,364.94,188790
2018-03-14,366.21,370.38,364.39,368.97,226322
2018-03-15,368.49,371.69,366.28,369.98,143418
2018-03-16,371.76,371.76,357.29,362.36,76780
2018-03-19,367.61,367.61,357.94,361.85,136034
2018-03-20,360.43,360.43,343.2,353.77,113708
2018-03-21,355.45,359.74,351.03,354.64,54174
2018-03-22,354.76,358.26,347.37,349.83,40176
2018-03-23,347.85,349.65,339.51,342.62,148584
2018-03-26,345.04,354.71,345.04,351.49,457876
2018-03-27,354.23,356.46,346.28,351.33,104112
2018-03-28,350.11,354.71,345.52,348.01,83868
2018-04-02,352.41,366.99,349.16,362.18,64714
2018-04-03,360.24,366.76,354.99,366.05,96644
2018-04-04,368.53,377.29,355.64,356.99,297728
2018-04-05,360.5,368.9,360.5,367.66,88894
2018-04-06,368.07,370.01,361.05,364.18,62940
2018-04-09,366.25,368.99,363.01,364.71,65702
2018-04-10,367.52,372.63,360.66,367.61,344480
2018-04-11,370.38,372.68,361.72,365.63,666340
2018-04-12,366.69,368.95,361.42,362.78,61854
2018-04-13,362.8,367.15,356.1,359.71,111598
2018-04-16,359.3,366.69,357.13,365.24,62690
2018-04-17,370.98,372.22,357.5,359.34,175348
2018-04-18,362.08,362.55,357.06,359.3,143778
2018-04-19,362.08,363.51,357.96,361.72,35280
2018-04-20,362.73,367.61,358.4,366.16,275028
2018-04-23,367.34,370.79,363.93,366.14,87466
2018-04-24,368.07,368.3,361.74,363.03,1008306
2018-04-25,363.42,388.94,361.62,366.35,943340
2018-04-26,367.8,375.42,363.03,365.38,170954
2018-04-27,366.14,374.06,366.14,371.76,129350
2018-04-30,375.86,375.86,367.29,369.27,81176
2018-05-02,371.85,372.31,365.77,369.34,117230
2018-05-03,370.79,370.79,351.51,363.42,199092
2018-05-04,362.61,383.28,360.24,368.42,235822
2018-05-07,370.98,371.71,365.22,366.44,39168
2018-05-08,365.98,369.59,362.27,365.29,32342
2018-05-09,364.48,366.88,359.32,361.35,39596
2018-05-10,361.35,364.23,357.11,359.3,36432
2018-05-11,358.42,363.77,357.11,359.87,35280
2018-05-14,359.78,363.26,345.5,354.41,323836
2018-05-15,356.76,357.59,344.3,348.03,128952
2018-05-16,346.42,354.71,342.76,351.74,92872
2018-05-17,350.54,355.01,347.8,351.49,72420
2018-05-18,351.49,351.51,337.02,339.53,198854
2018-05-21,341.38,346.38,322.47,323.83,160142
2018-05-22,324.77,330.07,322.47,323.96,164484
2018-05-23,325.9,331.38,321.68,328.64,639656
2018-05-24,328.99,330.76,322.37,323.8,111932
2018-05-25,325.42,327.07,314.66,323.14,149202
2018-05-28,324.52,326.18,315.95,323.41,126558
2018-05-29,324.79,325.23,322.47,324.38,98214
2018-05-30,323.73,324.68,322.03,322.51,134452
2018-05-31,322.88,324.26,322.47,322.81,92194
2018-06-01,324.77,324.79,316.06,318.57,172748
2018-06-04,319.24,320.62,310.97,313.16,383026
2018-06-05,315.1,317.12,308.92,314.43,132868
2018-06-06,313.05,313.25,305.42,307.59,46318
2018-06-07,308.62,312.93,305.88,309.45,47846
2018-06-08,309.11,313.25,304.75,310.65,30440
2018-06-11,309.87,322.37,309.87,317.88,78890
2018-06-12,318.8,319.7,314.64,316.85,54090
2018-06-13,317.12,317.86,307.63,308.46,68156
2018-06-14,308.65,310.58,299.48,300.61,93124
2018-06-15,301.53,321.98,293.08,297.82,662740
2018-06-18,299.43,309.11,298.28,302.8,225906
2018-06-19,301.74,305.28,295.77,301.92,52326
2018-06-20,302.84,304.89,297.18,298.97,48120
2018-06-21,299.85,303.53,297.13,301.78,246468
2018-06-22,302.66,302.7,292.75,297.43,60656
2018-06-25,297.02,299.43,291.37,294.64,56184
2018-06-26,294.83,296.92,291.58,294.99,1048606
2018-06-27,294.09,298.81,291.14,296.16,91406
2018-06-28,297.64,297.64,292.22,293.49,40798
2018-06-29,293.49,298.4,293.49,295.86,32342
2018-07-02,296.58,305.88,292.98,298.65,87558
2018-07-03,296.21,301.25,294.37,295.24,26046
2018-07-04,295.77,299.32,295.43,297.8,34676
2018-07-05,297.8,299.43,296.3,297.68,19040
2018-07-06,298.74,302.13,297.59,299.66,20860
2018-07-09,303.03,310.86,298.51,309.2,40140
2018-07-10,309.18,309.18,300.22,302.29,50554
2018-07-11,298.58,335.78,297.43,316.23,333788
2018-07-12,316.23,327.07,309.25,314.68,241026
2018-07-13,316.25,321.04,311.0,312.24,39776
2018-07-16,310.95,312.61,304.02,304.36,61912
2018-07-17,305.86,308.16,301.74,304.66,105354
2018-07-18,307.54,310.4,303.63,305.4,159454
2018-07-19,305.88,308.32,302.22,304.2,72430
2018-07-20,301.85,306.23,301.85,304.09,43522
2018-07-23,306.8,315.05,304.27,305.58,68022
2018-07-24,306.25,312.7,305.88,309.8,65216
2018-07-25,313.23,313.3,308.69,310.95,43050
2018-07-26,314.18,324.51,311.04,315.86,95750
2018-07-27,313.31,324.98,312.8,320.0,52362
2018-07-30,320.3,320.77,311.96,314.01,32198
2018-07-31,315.56,316.0,312.82,314.13,472992
2018-08-01,316.98,318.85,312.42,316.14,30440
2018-08-02,317.03,317.5,312.35,312.87,14382
2018-08-03,314.25,322.94,313.01,319.79,36774
2018-08-06,321.66,335.73,321.66,325.35,283812
2018-08-07,325.05,326.24,316.09,320.96,45340
2018-08-08,324.88,329.65,318.92,322.48,72380
2018-08-09,326.38,335.9,319.65,326.94,128460
2018-08-10,328.7,331.52,323.55,326.05,97152
2018-08-13,325.02,327.32,319.83,326.94,30168
2018-08-14,328.25,328.25,309.76,321.28,78882
2018-08-16,324.51,328.18,322.66,326.43,41674
2018-08-17,326.15,330.57,319.39,324.74,128354
2018-08-20,324.98,327.29,320.3,321.85,128162
2018-08-21,322.17,324.49,318.9,319.97,32952
2018-08-23,320.3,324.02,318.03,319.32,251930
2018-08-24,321.24,321.66,314.74,319.53,49814
2018-08-27,322.62,323.08,317.96,320.82,40122
2018-08-28,322.17,323.6,316.49,319.58,33700
2018-08-29,318.46,321.24,313.76,316.14,28712
2018-08-30,316.09,317.87,314.2,315.02,19360
2018-08-31,313.76,322.15,313.76,315.95,107984
2018-09-03,317.82,321.28,316.09,319.39,24152
2018-09-04,320.79,321.31,316.09,317.08,67628
2018-09-05,317.03,322.41,313.29,321.28,51810
2018-09-06,320.3,322.64,312.96,313.92,31152
2018-09-07,316.44,323.11,315.65,319.51,303668
2018-09-10,317.99,319.81,309.55,310.32,39940
2018-09-11,311.32,317.94,303.94,305.25,215338
2018-09-12,306.74,308.94,302.07,306.81,1016566
2018-09-14,308.33,316.0,308.33,313.69,51076
2018-09-17,315.16,315.16,306.27,307.77,22390
2018-09-18,308.64,309.08,303.33,305.78,254510
2018-09-19,304.57,308.57,304.54,306.39,50544
2018-09-21,310.46,310.46,297.62,304.19,148404
2018-09-24,300.76,301.72,286.45,292.53,23878
2018-09-25,295.05,295.05,278.22,285.93,62936
2018-09-26,289.91,290.35,282.89,285.12,24002
2018-09-27,290.38,294.54,266.53,271.65,203948
2018-09-28,277.05,277.84,262.79,265.69,132622
2018-10-01,265.62,267.88,252.5,259.91,578470
2018-10-03,259.52,275.27,258.58,271.74,64360
2018-10-04,271.74,271.74,255.21,264.05,64738
2018-10-05,265.13,271.67,262.51,268.38,55558
2018-10-08,268.87,270.25,256.97,258.07,48394
2018-10-09,258.6,265.06,254.0,257.13,58416
2018-10-10,259.28,270.74,257.2,267.44,226662
2018-10-11,265.55,265.55,259.02,260.75,659840
2018-10-12,262.06,268.77,260.8,264.94,56918
2018-10-15,267.91,267.98,259.51,265.9,21232
2018-10-16,269.29,271.2,262.44,269.59,45082
2018-10-17,272.14,278.13,260.24,263.91,53532
2018-10-19,266.34,266.34,254.84,258.18,46122
2018-10-22,258.91,260.89,246.17,248.25,46732
2018-10-23,247.83,247.83,237.56,239.08,226862
2018-10-24,241.79,244.55,238.5,242.99,44028
2018-10-25,240.16,243.57,239.41,242.26,14848
2018-10-26,242.45,249.81,240.13,247.08,20648
2018-10-29,243.78,254.77,243.78,251.66,19840
2018-10-30,253.25,264.19,252.95,260.75,38662
2018-10-31,257.18,270.18,251.43,261.85,351714
2018-11-01,266.48,272.28,261.9,269.1,37424
2018-11-02,272.12,273.96,261.88,266.3,137902
2018-11-05,266.32,268.87,259.59,266.51,80746
2018-11-06,266.55,270.04,264.82,269.1,20916
2018-11-07,271.11,271.2,267.02,270.46,4870
2018-11-09,270.46,273.54,266.55,271.44,10846
2018-11-12,273.54,273.54,261.85,263.75,12076
2018-11-13,263.26,268.35,259.51,267.09,17350
2018-11-14,266.65,272.3,266.37,269.52,17922
2018-11-15,270.46,279.55,268.84,276.61,97416
2018-11-16,276.37,287.57,276.35,285.84,86128
2018-11-19,288.97,315.58,285.72,310.44,1684626
2018-11-20,303.94,305.29,292.25,293.35,75532
2018-11-21,296.6,301.55,289.93,291.94,65592
2018-11-22,293.51,294.12,288.51,289.86,122978
2018-11-26,289.04,299.17,287.13,293.65,53206
2018-11-27,291.31,300.01,288.97,298.3,61820
2018-11-28,301.6,303.89,295.8,300.99,65930
2018-11-29,302.09,310.48,300.5,307.19,106128
2018-11-30,312.47,318.74,307.54,316.87,183730
2018-12-03,317.89,322.87,310.83,315.21,198878
2018-12-04,315.6,318.22,310.95,312.38,102256
2018-12-05,306.32,315.56,306.3,309.9,117290
2018-12-06,307.65,309.87,298.33,299.12,119920
2018-12-07,300.83,307.77,299.7,301.43,90396
2018-12-10,295.45,299.26,293.56,297.02,23312
2018-12-11,292.25,303.84,291.12,299.7,26848
2018-12-12,299.68,309.48,299.54,303.54,44984
2018-12-13,304.85,305.81,297.53,301.97,101342
2018-12-14,303.68,305.11,295.31,297.09,28034
2018-12-17,298.47,301.11,297.53,299.35,26526
2018-12-18,299.26,302.49,297.79,298.84,23000
2018-12-19,298.89,305.04,298.79,300.59,56490
2018-12-20,301.6,303.94,298.58,300.1,111698
2018-12-21,301.53,301.55,292.27,293.44,33942
2018-12-24,291.1,294.49,286.17,290.17,32816
2018-12-26,289.44,295.26,283.41,285.42,27494
2018-12-27,289.42,293.51,283.99,285.58,31972
2018-12-28,287.29,291.78,285.23,289.0,61200
2018-12-31,287.57,292.25,287.57,291.26,184032
2019-01-01,293.63,294.07,290.61,292.5,14168
2019-01-02,292.5,292.5,289.91,291.03,16684
2019-01-03,290.38,294.07,289.18,291.69,15590
2019-01-04,293.65,294.54,288.06,290.63,80998
2019-01-07,292.22,292.83,285.7,287.69,13978
2019-01-08,288.32,290.35,285.26,286.71,24216
2019-01-09,286.54,289.16,285.33,286.14,149462
2019-01-10,285.33,288.04,283.83,287.41,75892
2019-01-11,285.84,287.01,282.89,285.19,16238
2019-01-14,285.19,285.21,282.89,284.09,54154
2019-01-15,284.25,288.95,283.85,286.14,113820
2019-01-16,285.98,288.18,284.77,286.28,272270
2019-01-17,288.04,288.04,282.89,284.46,12772
2019-01-18,287.57,287.76,282.92,285.35,93266
2019-01-21,283.88,289.91,281.26,287.48,312910
2019-01-22,287.52,288.55,281.28,287.48,114668
2019-01-23,285.26,286.85,282.82,284.41,17998
2019-01-24,284.77,287.78,283.64,284.02,15198
2019-01-25,283.9,288.97,282.92,284.02,422460
2019-01-28,285.21,285.68,282.66,283.01,215278
2019-01-29,284.74,285.23,280.53,281.28,23482
2019-01-30,282.22,285.09,276.82,280.39,267898
2019-01-31,281.05,283.11,276.82,278.41,18846
2019-02-01,275.65,286.87,275.65,280.72,33484
2019-02-04,280.81,284.27,272.14,277.26,28126
2019-02-05,281.02,281.96,274.22,277.84,69878
2019-02-06,273.57,275.58,266.81,272.07,102170
2019-02-07,272.86,277.35,272.14,274.97,822458
2019-02-08,274.95,276.79,271.7,274.06,49096
2019-02-11,276.58,279.67,273.17,275.76,307574
2019-02-12,272.93,277.98,269.33,271.09,140566
2019-02-14,279.06,279.06,272.14,272.79,30372
2019-02-15,270.32,273.94,262.86,270.08,24664
2019-02-18,270.5,272.14,265.36,267.46,86234
2019-02-19,263.72,269.8,261.85,263.0,15792
2019-02-20,266.39,278.22,263.72,274.29,18702
2019-02-21,279.13,288.04,272.96,281.07,64266
2019-02-22,284.27,286.43,279.62,284.34,36192
2019-02-25,284.39,286.17,280.58,285.09,395260
2019-02-26,281.02,292.25,279.55,287.43,104642
2019-02-27,288.18,292.69,281.54,285.16,78686
2019-02-28,283.03,292.48,282.92,290.28,32258
2019-03-01,289.91,294.56,289.35,292.22,33498
2019-03-05,294.56,306.27,291.73,303.59,52240
2019-03-06,308.61,317.5,304.92,306.13,89826
2019-03-07,308.57,310.95,305.32,309.57,76520
2019-03-08,307.7,308.59,302.53,303.98,29524
2019-03-11,308.1,310.93,306.91,309.06,55548
2019-03-12,309.2,315.63,308.61,310.86,74750
2019-03-13,310.95,312.49,308.61,310.72,80178
2019-03-14,310.74,321.71,307.68,316.4,264048
2019-03-15,318.43,319.09,311.89,313.59,73214
2019-03-18,314.46,316.82,311.44,315.04,70548
2019-03-19,313.34,319.79,310.95,318.13,86670
2019-03-20,320.19,320.19,314.25,317.1,39114
2019-03-22,317.96,317.96,310.55,315.39,64416
2019-03-25,314.29,316.56,311.89,313.48,45650
2019-03-26,313.29,314.22,305.04,310.65,102862
2019-03-27,310.74,315.63,309.59,311.23,70718
2019-03-28,311.89,314.04,310.02,312.66,29206
2019-04-01,318.9,329.65,317.24,326.38,138546
2019-04-02,327.78,337.28,324.16,331.95,99212
2019-04-03,333.35,336.67,322.01,324.09,108250
2019-04-04,325.87,328.95,315.11,326.66,104202
2019-04-05,327.78,329.65,321.71,325.54,154886
2019-04-08,330.36,331.29,321.24,324.07,511860
2019-04-09,324.04,324.84,318.95,321.33,46296
2019-04-10,322.45,324.98,319.37,320.98,169294
2019-04-11,324.02,324.02,320.3,320.89,49184
2019-04-12,322.55,322.78,318.78,319.86,59610
2019-04-15,322.64,322.64,314.69,317.1,107220
2019-04-16,315.86,321.21,313.76,314.55,67972
2019-04-18,316.56,316.58,307.68,308.1,89242
2019-04-22,307.68,307.68,303.0,304.71,22948
2019-04-23,304.71,314.04,304.71,307.79,74562
2019-04-24,312.31,312.31,302.14,303.45,81392
2019-04-25,303.45,307.68,303.45,304.92,25124
2019-04-26,303.0,315.63,303.0,308.17,192436
2019-04-30,310.81,331.52,310.81,316.37,414784
2019-05-02,319.27,325.31,317.08,319.18,414566
2019-05-03,325.91,331.78,319.18,326.59,2217602
2019-05-06,321.24,333.82,318.9,332.44,226902
2019-05-07,334.33,352.05,332.93,346.84,650402
2019-05-08,345.9,370.31,345.53,358.6,1102068
2019-05-09,358.97,367.53,347.89,353.85,989636
2019-05-10,347.42,353.83,346.77,351.3,118594
2019-05-13,351.63,357.24,334.91,337.7,128734
2019-05-14,336.71,350.23,330.31,348.17,213320
2019-05-15,348.36,354.67,347.91,350.7,138714
2019-05-16,353.01,353.01,338.19,342.91,5766940
2019-05-17,338.35,345.08,335.73,339.99,196020
2019-05-20,350.65,353.95,338.07,341.46,123058
2019-05-21,342.75,357.13,342.02,353.38,240008
2019-05-22,350.74,356.26,347.56,349.41,84220
2019-05-23,353.03,355.91,341.46,353.31,215986
2019-05-24,355.33,363.32,353.74,360.98,156986
2019-05-27,360.98,368.0,359.16,364.07,133794
2019-05-28,360.23,374.08,360.23,369.98,369570
2019-05-29,370.8,379.85,370.8,372.79,290068
2019-05-30,372.79,378.49,365.64,367.13,120586
2019-05-31,369.54,381.02,367.53,377.14,355484
2019-06-03,380.15,380.15,372.98,374.24,214102
2019-06-04,371.76,378.7,369.0,373.98,99680
2019-06-06,373.98,386.61,372.81,375.95,805794
2019-06-07,377.3,379.9,369.4,377.7,120508
2019-06-10,377.7,379.69,371.85,375.99,53102
2019-06-11,376.41,378.31,369.42,371.88,78644
2019-06-12,374.08,377.79,369.98,372.63,70914
2019-06-13,370.33,376.27,369.4,370.36,50096
2019-06-14,369.8,375.01,369.4,370.76,74782
2019-06-17,370.76,377.79,359.11,364.7,140594
2019-06-18,363.27,363.79,351.63,353.08,69844
2019-06-19,357.71,373.61,353.99,363.95,278936
2019-06-20,365.68,373.61,364.16,370.05,110366
2019-06-21,370.05,372.04,368.18,368.91,38852
2019-06-24,370.76,371.95,349.6,352.03,131062
2019-06-25,352.08,354.44,346.04,349.46,81308
2019-06-26,350.67,356.12,347.89,351.02,77870
2019-06-27,348.36,357.03,348.36,355.7,56948
2019-06-28,356.31,371.53,355.25,362.71,164172
2019-07-01,364.19,367.01,357.76,359.35,42546
2019-07-02,359.11,363.79,356.03,358.93,40416
2019-07-03,360.7,363.79,356.59,359.39,46548
2019-07-04,356.0,361.71,353.03,358.04,41976
2019-07-05,357.73,360.0,348.36,350.46,36926
2019-07-08,352.01,358.18,344.36,352.38,37292
2019-07-09,352.57,355.37,341.93,343.12,46774
2019-07-10,344.62,351.61,341.39,342.72,31938
2019-07-11,346.81,354.9,342.58,352.82,79678
2019-07-12,353.92,357.24,347.89,351.7,50298
2019-07-15,352.36,354.44,346.02,350.16,331782
2019-07-16,347.54,352.36,344.64,346.96,63742
2019-07-17,349.69,351.35,344.64,345.95,91212
2019-07-18,345.95,347.28,342.75,343.38,72708
2019-07-19,342.47,344.62,331.06,340.34,94490
2019-07-22,341.3,351.16,335.27,349.55,41896
2019-07-23,346.49,351.16,344.15,350.37,89056
2019-07-24,350.37,354.46,346.02,347.28,34088
2019-07-25,352.57,352.57,345.11,346.07,31936
2019-07-26,346.07,351.86,346.0,350.18,36016
2019-07-29,349.76,350.7,328.44,331.64,59884
2019-07-30,333.86,335.5,315.67,319.72,50662
2019-07-31,315.63,323.58,311.86,316.47,51656
2019-08-01,318.51,324.39,316.37,318.94,73066
2019-08-02,316.56,330.78,308.64,320.72,37268
2019-08-05,313.74,317.96,303.8,313.26,62110
2019-08-06,308.64,337.4,308.64,331.13,70904
2019-08-07,335.45,339.82,323.54,331.61,51874
2019-08-08,331.61,354.53,331.61,351.4,81990
2019-08-09,355.91,360.7,341.88,345.92,108844
2019-08-13,344.09,346.42,332.13,339.3,184734
2019-08-14,332.87,339.18,328.43,336.92,64460
2019-08-16,333.22,342.55,331.04,332.06,90020
2019-08-19,334.6,340.77,325.18,336.69,69850
2019-08-20,334.12,341.31,332.87,336.95,41602
2019-08-21,336.5,341.31,333.17,339.91,38014
2019-08-22,340.77,345.75,335.1,337.02,39684
2019-08-23,336.05,340.77,328.97,335.17,70702
2019-08-26,339.34,348.01,333.65,345.06,35960
2019-08-27,345.06,370.62,340.91,367.01,171116
2019-08-28,365.45,367.39,340.03,350.45,91884
2019-08-29,347.89,353.25,341.74,343.97,33446
2019-08-30,343.66,348.5,338.06,342.5,103578
2019-09-03,340.27,347.13,332.49,336.76,58262
2019-09-04,336.97,338.82,331.58,335.59,528674
2019-09-05,337.9,341.24,334.15,339.15,26840
2019-09-06,336.97,353.08,335.07,351.28,53240
2019-09-09,351.68,356.9,346.23,351.21,224920
2019-09-11,353.08,353.08,340.77,343.66,31842
2019-09-12,346.39,350.19,337.23,342.05,281388
2019-09-13,345.99,345.99,339.65,343.92,44188
2019-09-16,343.97,348.84,339.61,347.79,37800
2019-09-17,347.79,354.93,338.18,340.96,64990
2019-09-18,342.81,349.74,338.21,342.05,50672
2019-09-19,342.05,346.44,338.13,342.69,45104
2019-09-20,344.26,396.3,341.55,374.7,247168
2019-09-23,370.26,382.06,370.26,379.09,166424
2019-09-24,375.89,380.78,373.06,377.64,85084
2019-09-25,374.92,376.79,361.67,365.61,48786
2019-09-26,367.82,386.69,364.52,377.38,220020
2019-09-27,374.94,379.69,371.0,377.27,69964
2019-09-30,379.45,382.06,371.19,380.28,58374
2019-10-01,382.01,383.46,372.09,379.07,47880
2019-10-03,375.49,382.06,373.33,378.43,29854
2019-10-04,377.48,380.92,376.86,379.12,34300
2019-10-07,380.61,384.43,376.34,383.22,89332
2019-10-09,389.13,393.45,383.77,385.62,206370
2019-10-10,386.8,390.13,384.03,386.64,58326
2019-10-11,382.63,391.53,381.11,383.46,49418
2019-10-14,386.47,386.9,379.69,383.22,67804
2019-10-15,385.38,387.97,369.01,374.96,64158
2019-10-16,377.69,387.23,376.84,382.79,130578
2019-10-17,384.38,395.82,383.62,392.88,306796
2019-10-18,393.88,402.87,386.8,395.11,228416
2019-10-22,395.82,413.86,392.45,411.34,240518
2019-10-23,414.74,418.82,405.31,407.64,192500
2019-10-24,410.54,415.28,389.3,395.61,145828
2019-10-25,396.77,405.31,387.52,399.98,93018
2019-10-27,403.34,405.17,396.34,400.24,24544
2019-10-29,403.16,408.16,396.58,401.59,78462
2019-10-30,404.08,404.84,396.56,402.49,67708
2019-10-31,402.44,403.3,398.15,399.55,76552
2019-11-01,402.44,404.37,387.4,389.87,68788
2019-11-04,388.92,391.55,377.34,378.86,93364
2019-11-05,379.26,383.51,367.87,373.18,97656
2019-11-06,379.66,381.94,370.43,376.86,73720
2019-11-07,378.26,383.96,373.54,380.07,40376
2019-11-08,382.01,388.7,376.36,378.33,158372
2019-11-11,380.97,381.37,371.64,377.36,236008
2019-11-13,379.12,383.96,371.64,378.21,70168
2019-11-14,383.93,389.68,376.36,378.81,191988
2019-11-15,380.63,391.55,374.94,384.79,683888
2019-11-18,386.76,389.18,375.89,378.78,104000
2019-11-19,376.84,379.69,375.89,376.81,55034
2019-11-20,378.74,382.3,373.04,375.51,111944
2019-11-21,378.26,379.54,374.49,375.13,63238
2019-11-22,373.99,394.4,371.97,389.04,124554
2019-11-25,388.7,389.18,380.63,388.09,54054
2019-11-26,393.78,393.78,374.94,376.2,142470
2019-11-27,375.89,380.8,369.96,371.1,149038
2019-11-28,374.35,374.35,366.49,368.44,89212
2019-11-29,370.17,375.18,367.58,373.16,81496
2019-12-02,374.46,379.66,370.36,378.43,77428
2019-12-03,377.98,387.75,371.38,377.43,188466
2019-12-04,379.21,383.48,375.08,381.61,53688
2019-12-05,379.71,389.01,378.02,387.07,72602
2019-12-06,384.48,386.33,379.69,380.97,75238
2019-12-09,382.06,386.5,379.54,379.88,43898
2019-12-10,384.0,384.0,373.99,379.31,86852
2019-12-11,377.34,378.86,374.68,375.75,46786
2019-12-12,377.31,383.2,374.96,376.1,53818
2019-12-13,377.69,379.16,373.18,377.86,169614
2019-12-16,378.62,383.36,374.94,377.55,52412
2019-12-17,379.69,381.51,375.89,377.48,189668
2019-12-18,377.74,380.85,371.38,378.14,155578
2019-12-19,378.17,384.43,375.18,382.22,69238
2019-12-20,382.25,384.48,377.62,382.79,72334
2019-12-23,379.69,382.13,372.59,374.77,67588
2019-12-24,375.89,377.53,371.62,372.54,49748
2019-12-26,372.57,376.36,370.67,375.56,84574
2019-12-27,377.31,382.3,374.13,380.4,87510
2019-12-30,382.01,384.19,377.57,382.44,47024
2019-12-31,382.01,408.09,378.45,399.07,206870
2020-01-01,400.95,401.99,390.6,393.4,106592
2020-01-02,391.55,395.56,383.01,384.38,69970
2020-01-03,386.31,389.18,379.73,387.66,58578
2020-01-06,382.72,392.5,378.02,388.37,97884
2020-01-07,389.18,391.76,382.63,386.54,48380
2020-01-08,384.41,389.18,379.69,386.47,47600
2020-01-09,386.8,393.45,386.8,391.88,70118
2020-01-10,393.92,395.58,388.7,390.41,65192
2020-01-13,392.03,396.91,387.9,396.27,69494
2020-01-14,396.82,401.04,393.92,400.33,61252
2020-01-15,400.09,405.55,395.11,403.94,65408
2020-01-16,402.56,412.43,401.04,404.84,120102
2020-01-17,408.11,410.04,403.13,407.33,50008
2020-01-20,408.16,410.49,403.89,408.09,48350
2020-01-21,407.24,412.41,396.3,398.79,56868
2020-01-22,398.74,401.04,391.55,396.32,45646
2020-01-23,399.62,408.16,394.71,398.55,49392
2020-01-24,400.54,408.16,396.3,398.6,498458
2020-01-27,398.2,404.79,393.83,399.74,82430
2020-01-28,403.34,410.54,397.89,403.37,132984
2020-01-29,405.31,421.24,394.9,399.93,472194
2020-01-30,404.84,404.84,394.45,396.91,224070
2020-01-31,401.99,402.42,389.18,398.55,332196
2020-02-03,395.35,395.35,377.03,381.47,351136
2020-02-04,382.91,386.78,379.26,381.01,535264
2020-02-05,380.23,390.6,380.23,387.47,83958
2020-02-06,389.18,390.74,381.68,383.41,876442
2020-02-07,385.59,386.76,380.63,384.74,68942
2020-02-10,384.48,386.66,378.43,379.99,61616
2020-02-11,380.02,383.41,375.11,377.95,526314
2020-02-12,380.49,381.11,377.79,378.36,36936
2020-02-13,379.69,384.43,374.94,380.21,110660
2020-02-14,383.7,400.33,382.53,397.72,193268
2020-02-17,397.72,410.01,396.06,405.36,266064
2020-02-18,403.42,405.31,387.78,396.06,104602
2020-02-19,398.01,401.04,392.5,394.71,263932
2020-02-20,393.97,407.55,393.97,401.28,128752
2020-02-24,401.38,404.37,389.91,391.86,111010
2020-02-25,392.5,404.37,389.6,394.78,163920
2020-02-26,394.26,402.94,390.29,401.52,108848
2020-02-27,402.94,403.87,393.92,400.47,98262
2020-02-28,393.9,393.92,374.94,380.9,247076
2020-03-02,382.3,390.34,381.25,384.95,279214
2020-03-03,386.85,391.43,375.89,380.18,399372
2020-03-04,383.01,383.29,370.36,375.13,261918
2020-03-05,377.31,379.59,374.23,376.84,104212
2020-03-06,369.24,376.36,363.07,371.12,86454
2020-03-09,367.8,369.24,356.07,365.66,121232
2020-03-11,361.27,374.94,361.27,369.91,38148
2020-03-12,356.24,365.35,332.94,352.13,153860
2020-03-13,301.47,374.84,290.72,355.12,134618
2020-03-16,332.22,346.44,314.66,330.78,234726
2020-03-17,328.43,346.42,324.63,330.33,361792
2020-03-18,331.94,339.18,296.63,301.92,129242
2020-03-19,301.85,301.85,256.62,280.92,292244
2020-03-20,292.18,292.18,265.2,272.22,1139062
2020-03-23,264.72,268.58,238.68,246.45,130412
2020-03-24,197.17,250.66,197.17,241.5,150230
2020-03-25,241.5,260.86,240.13,255.2,44798
2020-03-26,255.2,258.04,246.52,248.01,148186
2020-03-27,260.38,260.38,233.84,235.31,92874
2020-03-30,233.86,235.31,224.55,226.68,56344
2020-03-31,229.04,233.74,203.48,221.54,199760
2020-04-01,221.81,221.88,210.23,213.46,143202
2020-04-03,215.13,221.13,209.51,212.4,76762
2020-04-07,224.22,233.38,217.97,221.9,116050
2020-04-08,225.66,241.09,221.81,226.65,164796
2020-04-09,233.81,247.7,231.59,243.31,143248
2020-04-13,243.31,250.23,229.04,231.47,97326
2020-04-15,236.08,243.31,227.11,229.76,161284
2020-04-16,231.93,242.49,229.09,238.08,220828
2020-04-17,246.88,261.88,241.07,261.85,398878
2020-04-20,269.54,279.69,265.2,272.27,207656
2020-04-21,269.33,269.33,257.97,259.15,131452
2020-04-22,254.84,281.6,251.22,272.44,173694
2020-04-23,273.4,280.63,262.82,267.69,134370
2020-04-24,262.89,274.85,262.82,270.05,114200
2020-04-27,277.21,277.21,260.79,263.49,154528
2020-04-28,269.04,272.44,241.58,258.77,305594
2020-04-29,261.59,262.72,256.31,257.78,116118
2020-04-30,263.73,265.2,252.96,257.03,122386
2020-05-04,252.96,256.31,238.9,245.0,153362
2020-05-05,245.19,249.72,242.54,243.7,92716
2020-05-06,242.25,250.23,234.08,245.63,152594
2020-05-07,245.6,248.33,236.46,239.5,137876
2020-05-08,244.28,244.28,228.94,230.63,203154
2020-05-11,233.38,238.13,224.22,226.82,629102
2020-05-12,228.36,233.84,220.36,228.77,127126
2020-05-13,235.31,235.31,226.7,228.58,442806
2020-05-14,226.63,229.01,224.22,226.6,650274
2020-05-15,225.69,230.0,224.75,226.6,158916
2020-05-18,226.53,227.59,222.14,225.78,215916
2020-05-19,226.63,230.97,221.08,222.26,129090
2020-05-20,224.22,225.9,221.81,224.84,61958
2020-05-21,225.9,229.5,223.88,224.24,182080
2020-05-22,225.3,225.3,217.8,221.3,90568
2020-05-26,222.1,228.56,221.81,223.73,101394
2020-05-27,224.75,243.46,222.29,234.44,304056
2020-05-28,235.77,240.08,231.11,234.58,209040
2020-05-29,234.17,238.2,232.17,236.63,164062
2020-06-01,239.45,255.56,239.45,248.9,303914
2020-06-02,248.9,262.79,248.9,259.71,211558
2020-06-03,266.46,271.37,255.56,259.18,243394
2020-06-04,258.45,262.79,251.32,253.73,80476
2020-06-05,254.59,265.2,253.15,256.43,864624
2020-06-08,262.7,262.7,254.11,254.91,96026
2020-06-09,254.91,257.15,246.88,249.05,301690
2020-06-10,249.72,255.32,249.58,252.04,48310
2020-06-11,252.18,254.14,246.4,247.51,49344
2020-06-12,240.61,243.5,236.3,242.18,272164
2020-06-15,242.18,250.25,236.61,238.2,192308
2020-06-16,241.65,242.81,238.2,238.8,75292
2020-06-17,238.66,245.92,238.63,240.3,65832
2020-06-18,238.95,243.41,238.95,241.79,66250
2020-06-19,241.62,248.33,240.44,243.67,164928
2020-06-22,243.67,248.33,243.67,245.48,57000
2020-06-23,246.71,247.82,244.01,245.02,58506
2020-06-24,247.17,252.18,241.36,244.32,186718
2020-06-25,242.15,248.28,241.38,243.41,486616
2020-06-26,245.72,248.33,242.68,243.89,138624
2020-06-29,243.31,245.19,238.32,239.62,250040
2020-06-30,241.07,242.49,239.16,240.92,121132
2020-07-01,239.16,242.54,239.16,239.6,41698
2020-07-02,239.89,242.54,239.41,240.95,1014168
2020-07-03,242.44,248.28,239.43,241.17,156322
2020-07-06,242.37,244.49,239.16,239.96,186100
2020-07-07,241.09,241.09,238.68,240.51,67208
2020-07-08,240.51,240.92,234.22,235.93,86242
2020-07-09,237.24,237.36,233.93,236.32,86430
2020-07-10,236.27,239.45,234.7,236.51,67910
2020-07-13,238.2,238.2,230.97,231.55,122434
2020-07-14,231.45,232.39,224.22,225.98,897600
2020-07-15,226.68,236.27,226.68,230.77,122198
2020-07-16,230.77,235.26,227.57,233.91,59356
2020-07-17,234.83,237.48,233.14,235.57,62958
2020-07-20,236.03,240.37,233.62,237.79,124726
2020-07-21,237.96,240.51,233.98,237.86,107248
2020-07-22,237.86,241.05,235.79,236.68,132394
2020-07-23,237.72,240.61,235.5,236.08,68886
2020-07-24,236.27,239.07,232.66,237.65,48714
2020-07-27,237.72,238.08,233.14,234.95,40172
2020-07-28,237.19,238.2,233.14,234.46,81126
2020-07-29,235.64,239.04,230.56,237.07,154580
2020-07-30,237.07,237.72,233.93,235.77,67536
2020-07-31,234.58,236.22,228.8,234.54,66392
2020-08-03,234.54,236.92,230.99,231.96,63084
2020-08-04,231.98,234.8,229.95,232.2,53970
2020-08-05,234.25,236.27,231.33,233.23,46846
2020-08-06,235.77,246.4,232.66,244.13,526178
2020-08-07,245.89,245.89,237.24,240.23,1021592
2020-08-10,241.09,251.7,241.09,248.04,392486
2020-08-11,249.77,252.38,246.52,248.3,166764
2020-08-12,248.3,257.97,248.3,253.12,401196
2020-08-13,254.11,257.87,247.43,249.72,229192
2020-08-14,250.98,270.99,249.92,260.98,786904
2020-08-17,263.23,266.67,260.41,265.35,208836
2020-08-18,273.4,277.19,267.85,269.4,658326
2020-08-19,269.4,270.99,261.9,264.77,273320
2020-08-20,262.84,268.39,260.38,266.58,1456418
2020-08-21,268.14,270.02,265.2,267.57,331804
2020-08-24,271.95,284.49,267.08,278.15,1262680
2020-08-25,281.6,286.9,280.63,282.3,289700
2020-08-26,283.04,302.77,283.04,299.75,818216
2020-08-27,304.26,348.96,300.6,330.37,1915702
2020-08-28,329.55,344.11,322.58,332.68,764412
2020-08-31,335.53,342.23,293.84,306.57,468684
2020-09-01,305.3,305.3,290.76,299.39,305358
2020-09-02,298.96,309.15,289.36,294.42,289732
2020-09-03,295.58,311.44,295.58,305.37,195072
2020-09-04,303.27,307.06,295.05,300.23,157758
2020-09-07,298.96,301.68,294.35,298.28,145650
2020-09-08,295.58,300.11,290.28,293.27,152542
2020-09-09,286.95,292.69,284.49,289.17,189932
2020-09-10,290.28,294.62,285.79,291.77,153174
2020-09-11,292.69,293.24,289.48,292.33,109942
2020-09-14,295.53,342.35,295.53,320.39,1528764
2020-09-15,324.99,342.83,323.07,336.61,609188
2020-09-16,336.49,336.52,321.14,326.63,296118
2020-09-17,324.51,325.5,314.68,315.57,211062
2020-09-18,316.8,330.3,302.81,305.03,1794400
2020-09-21,306.57,313.13,297.44,305.22,193518
2020-09-22,308.6,317.04,290.28,313.25,263008
2020-09-23,320.15,320.15,304.33,310.99,169100
2020-09-24,302.81,311.01,295.17,304.89,141852
2020-09-25,305.56,310.5,299.2,307.85,377820
2020-09-28,315.33,318.24,311.49,313.71,88628
2020-09-29,314.99,319.67,309.56,311.78,143010
2020-09-30,313.42,313.52,306.67,309.15,84282
2020-10-01,310.53,312.94,307.15,308.33,67914
2020-10-05,310.07,312.46,301.37,302.74,47416
2020-10-06,304.26,306.19,295.73,298.96,138588
2020-10-07,302.33,315.08,297.32,310.43,482526
2020-10-08,312.46,313.23,304.16,307.35,96536
2020-10-09,309.56,313.42,302.67,305.13,77332
2020-10-12,304.74,306.04,296.67,299.7,76964
2020-10-13,302.33,302.89,291.87,293.34,94274
2020-10-14,292.25,303.78,292.25,300.86,233412
2020-10-15,300.86,304.98,291.02,295.41,143416
2020-10-16,302.81,311.01,301.37,307.66,473086
2020-10-19,313.42,313.42,298.96,300.35,180604
2020-10-20,299.92,303.32,296.64,301.54,76428
2020-10-21,303.78,305.68,293.17,297.49,165792
2020-10-22,296.52,316.22,294.88,313.86,335488
2020-10-23,313.9,315.83,306.96,311.2,79276
2020-10-26,308.65,313.88,303.83,310.02,85570
2020-10-27,309.08,320.65,307.32,309.71,258570
2020-10-28,311.01,317.71,307.71,311.64,264268
2020-10-29,298.98,311.64,292.49,304.16,202310
2020-10-30,302.81,307.64,296.01,302.64,103098
2020-11-02,304.16,307.15,295.94,300.76,304872
2020-11-03,306.14,309.56,301.37,304.21,107332
2020-11-04,304.21,313.42,299.82,305.3,44500
2020-11-05,305.3,312.0,305.3,310.87,73916
2020-11-06,311.97,318.24,308.48,317.35,134832
2020-11-09,319.06,326.92,319.06,321.91,247568
2020-11-10,321.91,325.48,313.66,320.46,187412
2020-11-11,320.65,326.01,309.56,315.45,134336
2020-11-12,317.04,323.35,315.74,321.96,279132
2020-11-13,323.07,333.05,318.85,327.26,259026
2020-11-14,328.37,331.94,327.4,328.92,17604
2020-11-17,331.6,337.53,327.89,335.43,211288
2020-11-18,337.12,347.17,334.4,343.51,257784
2020-11-19,343.32,356.24,342.35,351.8,196832
2020-11-20,353.93,364.29,351.8,359.35,333470
2020-11-23,357.76,368.39,357.76,366.92,288282
2020-11-24,369.79,380.45,367.31,378.16,282630
2020-11-25,376.76,379.94,368.41,371.48,425982
2020-11-26,371.28,373.12,361.88,366.1,94656
2020-11-27,367.14,396.36,364.73,391.46,960804
2020-12-01,391.66,393.44,375.62,377.62,304982
2020-12-02,379.19,383.29,366.53,371.81,212326
2020-12-03,376.08,411.79,366.46,391.51,1442252
2020-12-04,397.78,414.2,394.81,397.85,622058
2020-12-07,402.63,403.76,392.04,395.95,199960
2020-12-08,397.8,399.66,385.75,388.84,573058
2020-12-09,391.05,392.98,380.35,383.6,115198
2020-12-10,382.35,386.71,373.69,384.09,183866
2020-12-11,385.68,386.5,375.53,381.14,162086
2020-12-14,376.18,385.12,375.62,382.04,132770
2020-12-15,377.07,382.66,373.21,374.08,160858
2020-12-16,379.96,380.35,373.69,377.36,103568
2020-12-17,376.11,380.93,371.28,373.67,155122
2020-12-18,375.55,380.13,372.63,374.49,236730
2020-12-21,375.58,378.52,371.28,375.12,219626
2020-12-22,365.57,381.41,365.57,377.02,173254
2020-12-23,384.76,392.93,377.67,380.23,181872
2020-12-24,385.7,392.98,377.07,380.42,232770
2020-12-28,380.37,383.34,373.69,375.31,140058
2020-12-29,377.19,382.62,375.94,381.94,127160
2020-12-30,384.64,388.16,380.93,386.5,171980
2020-12-31,378.61,390.33,378.61,386.28,153596
2021-01-01,390.33,390.33,384.33,388.96,162202
2021-01-04,390.19,391.51,383.94,389.34,129174
2021-01-05,388.16,399.64,383.36,394.07,555906
2021-01-06,395.39,396.84,381.68,389.58,268896
2021-01-07,389.17,395.34,380.93,384.79,123522
2021-01-08,385.75,396.36,382.93,391.56,192902
2021-01-11,394.89,394.89,385.75,388.62,146180
2021-01-12,386.86,388.86,382.37,385.34,117178
2021-01-13,386.76,388.04,372.42,381.55,219398
2021-01-14,380.93,385.73,376.85,379.58,49482
2021-01-15,379.72,382.86,376.11,377.29,50686
2021-01-18,377.29,381.89,366.82,375.65,97052
2021-01-19,377.53,383.19,369.36,370.97,148968
2021-01-20,372.78,375.14,368.08,371.38,104506
2021-01-21,374.13,374.85,366.94,372.08,202984
2021-01-22,373.69,373.69,360.68,365.3,172140
2021-01-25,365.98,368.05,352.65,364.12,192546
2021-01-27,367.28,375.14,357.08,360.75,331334
2021-01-28,361.64,371.24,349.85,354.87,90796
2021-01-29,356.65,359.11,338.5,354.0,563340
2021-02-01,352.26,380.45,351.35,375.48,170326
2021-02-02,379.14,388.16,374.49,386.86,210402
2021-02-03,388.16,390.57,379.24,384.64,235876
2021-02-04,386.52,392.5,384.13,386.71,124948
2021-02-05,388.59,396.07,384.69,392.98,154124
2021-02-08,394.91,397.23,389.61,391.1,93672
2021-02-09,393.08,394.77,383.63,388.18,299932
2021-02-10,391.97,394.48,384.21,392.67,587824
2021-02-11,392.67,402.63,385.75,398.58,758546
2021-02-12,402.14,402.14,391.54,392.96,213708
2021-02-15,392.02,397.71,392.02,395.13,143934
2021-02-16,395.3,397.71,392.04,393.73,179068
2021-02-17,395.37,397.2,386.67,388.96,423320
2021-02-18,390.91,413.52,384.81,409.93,658986
2021-02-19,412.03,418.92,390.57,392.74,425824
2021-02-22,390.14,392.02,380.04,388.33,362276
2021-02-23,389.63,405.88,388.81,401.57,230662
2021-02-24,405.57,411.31,383.82,394.48,231688
2021-02-25,397.32,407.01,396.84,405.06,265846
2021-02-26,403.42,421.91,401.2,419.62,664558
2021-03-01,431.56,457.6,410.63,415.14,2441054
2021-03-02,427.7,448.34,422.66,437.37,634858
2021-03-03,438.67,455.67,435.9,446.17,593088
2021-03-04,442.89,446.82,434.93,443.9,375564
2021-03-05,442.65,459.91,442.65,452.15,453738
2021-03-08,457.11,469.65,453.28,456.97,569644
2021-03-09,459.19,467.62,433.97,449.83,240910
2021-03-10,452.19,458.32,447.47,450.02,148860
2021-03-12,453.23,462.9,448.92,455.67,231218
2021-03-15,458.08,462.73,441.2,446.58,166046
2021-03-16,447.95,452.0,429.65,431.82,155746
2021-03-17,433.46,437.34,419.09,422.25,266890
2021-03-18,428.18,436.86,409.69,416.15,199714
2021-03-19,409.38,443.56,390.55,433.29,282716
2021-03-22,438.31,443.47,425.17,431.75,199512
2021-03-23,435.41,438.07,426.23,433.58,138230
2021-03-24,436.23,436.86,425.75,427.75,152974
2021-03-25,427.77,436.38,414.68,416.73,392708
2021-03-26,419.48,470.9,415.65,428.86,159982
2021-03-30,441.2,446.02,433.49,438.74,287260
2021-03-31,439.75,460.97,433.97,450.46,835758
2021-04-01,455.67,462.42,442.17,444.99,313864
2021-04-05,448.39,458.08,439.56,445.73,543852
2021-04-06,450.84,452.07,438.79,440.41,232440
2021-04-07,442.6,447.52,437.83,439.06,407018
2021-04-08,441.2,445.03,437.95,440.57,211292
2021-04-09,440.57,444.99,437.83,439.83,199570
2021-04-12,439.83,439.83,408.44,418.49,306568
2021-04-13,421.91,429.15,414.68,418.35,272006
2021-04-15,418.54,419.5,409.98,417.77,148442
2021-04-16,420.95,422.93,410.39,413.55,318528
2021-04-19,409.86,410.51,396.09,398.86,336872
2021-04-20,399.54,405.74,399.54,402.65,142848
2021-04-22,402.65,412.15,391.22,403.83,302660
2021-04-23,400.7,405.95,399.35,403.04,161028
2021-04-26,405.04,409.21,398.77,403.16,88936
2021-04-27,405.18,420.95,400.48,416.8,245934
2021-04-28,419.31,426.74,413.93,422.52,195984
2021-04-29,422.4,426.74,414.68,418.03,134800
2021-04-30,417.81,417.81,405.04,407.69,68106
2021-05-03,402.14,407.28,399.32,402.7,162762
2021-05-04,404.8,417.09,397.97,402.34,294852
2021-05-05,408.89,410.32,400.24,403.42,164976
2021-05-06,405.52,407.45,394.96,399.61,179286
2021-05-07,412.75,421.82,402.07,406.34,602760
2021-05-10,409.28,409.28,400.22,402.02,249008
2021-05-11,400.22,401.35,393.71,395.78,251416
2021-05-12,393.46,398.77,391.05,395.88,211358
2021-05-14,394.91,398.29,387.68,389.44,209788
2021-05-17,394.91,403.42,380.98,393.97,982432
2021-05-18,394.04,397.49,390.57,391.97,138850
2021-05-19,392.55,397.32,388.64,390.31,173772
2021-05-20,392.98,393.87,385.29,387.34,970192
2021-05-21,388.21,395.06,388.21,389.46,152660
2021-05-24,394.33,396.33,390.69,392.67,153464
2021-05-25,395.39,399.4,389.97,391.39,143334
2021-05-26,393.22,393.22,388.4,389.7,119436
2021-05-27,392.93,407.45,390.84,402.96,497068
2021-05-28,405.09,406.48,397.37,398.86,149636
2021-05-31,405.04,405.04,395.88,397.37,130042
2021-06-01,400.22,400.22,390.96,393.42,84030
2021-06-02,393.54,397.8,393.15,394.69,102644
2021-06-03,397.47,407.93,394.02,404.0,302020
2021-06-04,406.97,410.34,397.03,398.89,222362
2021-06-07,399.25,402.87,397.32,399.01,95836
2021-06-08,399.25,406.46,398.19,404.05,185556
2021-06-09,404.05,406.48,396.36,399.13,180868
2021-06-10,399.13,403.57,398.07,398.79,165560
2021-06-11,401.18,407.45,395.44,397.23,294892
2021-06-14,399.3,402.12,390.26,395.63,194628
2021-06-15,397.71,399.37,391.29,392.72,191734
2021-06-16,394.74,394.74,389.66,392.09,200258
2021-06-17,390.57,394.33,387.2,392.07,225096
2021-06-18,394.43,397.8,386.23,395.68,217244
2021-06-21,393.99,402.43,388.81,396.65,176818
2021-06-22,398.82,398.82,391.05,393.73,135328
2021-06-23,392.98,394.43,389.75,393.03,102236
2021-06-24,393.03,394.69,389.75,393.01,134872
2021-06-25,393.01,397.51,390.57,393.22,196680
2021-06-28,393.25,395.3,388.43,392.62,170460
2021-06-29,394.43,395.01,390.04,393.13,173320
2021-06-30,394.77,394.77,390.21,393.49,109784
2021-07-01,394.43,399.35,391.56,395.75,107890
2021-07-02,395.39,403.9,391.51,400.43,163380
2021-07-05,402.36,422.71,397.8,420.73,1081302
2021-07-06,424.18,427.75,407.93,413.76,498184
2021-07-07,414.68,416.87,406.6,413.35,141368
2021-07-08,415.43,418.51,410.37,414.66,162966
2021-07-09,414.68,416.15,408.05,414.92,101372
2021-07-12,417.09,419.98,409.91,415.04,159344
2021-07-13,419.5,423.84,410.41,418.88,254626
2021-07-14,419.02,421.89,413.26,417.16,122710
2021-07-15,417.16,419.21,408.41,410.82,78046
2021-07-16,412.46,420.95,409.11,417.26,149200
2021-07-19,414.2,419.5,410.94,417.12,206470
2021-07-20,419.5,419.5,402.67,407.47,120538
2021-07-22,413.41,418.66,406.96,413.7,70152
2021-07-23,415.64,415.64,408.73,412.12,88636
2021-07-26,406.99,411.81,406.99,409.43,68404
2021-07-27,409.43,415.85,404.81,407.01,104782
2021-07-28,405.05,407.42,400.47,404.27,78694
2021-07-29,404.54,408.93,401.15,407.33,73752
2021-07-30,403.57,411.76,403.35,408.39,81634
2021-08-02,408.42,412.58,405.9,410.06,88674
2021-08-03,411.81,411.81,403.67,406.45,202254
2021-08-04,408.9,410.98,397.47,407.62,652120
2021-08-05,407.45,422.47,399.7,415.81,342436
2021-08-06,418.59,422.47,406.96,410.72,233418
2021-08-09,410.69,410.72,399.21,405.12,165558
2021-08-10,402.6,407.93,386.13,396.43,334926
2021-08-11,396.43,396.43,386.13,391.0,345764
2021-08-12,391.46,397.27,383.01,392.86,95412
2021-08-13,392.86,401.39,390.71,397.37,72372
2021-08-16,397.37,399.57,386.71,394.46,100008
2021-08-17,394.37,395.92,387.61,393.23,63108
2021-08-18,394.85,398.24,389.28,395.7,73544
2021-08-20,390.1,397.93,388.77,393.28,80878
2021-08-23,390.81,393.45,377.92,387.71,94888
2021-08-24,385.65,391.63,377.89,378.96,250752
2021-08-25,399.21,400.62,375.47,379.35,390520
2021-08-26,379.35,382.06,371.6,375.57,73058
2021-08-27,374.99,377.56,370.14,372.32,135124
2021-08-30,372.08,376.83,367.24,372.93,392070
2021-08-31,374.79,379.35,372.98,375.45,178592
2021-09-01,374.02,379.81,373.05,373.99,101240
2021-09-02,374.31,384.92,374.31,383.51,650740
2021-09-03,387.54,389.91,378.16,380.58,107356
2021-09-06,382.59,394.37,381.75,391.56,379858
2021-09-07,394.85,405.44,390.15,397.32,338168
2021-09-08,401.15,407.4,398.95,405.7,313368
2021-09-09,409.39,411.81,399.7,403.28,148346
2021-09-13,401.63,412.75,400.86,409.92,205982
2021-09-14,410.84,416.39,407.74,412.8,140376
2021-09-15,415.68,431.11,412.29,414.86,428714
2021-09-16,417.62,422.95,411.93,416.19,136492
2021-09-17,417.14,425.86,405.03,412.17,266590
2021-09-20,416.65,418.74,405.51,407.13,124648
2021-09-21,407.93,412.9,395.77,403.6,203782
2021-09-22,405.51,414.23,403.45,411.78,130712
2021-09-23,415.15,422.47,408.73,412.0,4902364
2021-09-24,420.46,444.75,413.75,434.99,973104
2021-09-27,438.36,444.27,428.76,437.03,360972
2021-09-28,439.42,439.42,428.76,433.08,188752
2021-09-29,441.36,455.02,424.89,430.36,844250
2021-09-30,429.98,443.78,424.94,441.0,284816
2021-10-01,441.0,446.69,436.3,440.59,204708
2021-10-04,438.94,442.31,427.31,429.61,117956
2021-10-05,428.67,433.27,424.19,426.88,75428
2021-10-06,426.88,428.67,417.38,421.84,81634
2021-10-07,421.86,431.67,420.04,430.17,136452
2021-10-08,432.45,439.42,426.34,428.72,104186
2021-10-11,428.72,452.99,425.33,437.27,291390
2021-10-12,436.03,443.44,434.46,438.48,116684
2021-10-13,443.25,446.69,436.06,442.96,172994
2021-10-14,445.21,445.26,438.94,443.23,92306
2021-10-18,445.72,448.14,440.39,445.77,133636
2021-10-19,446.21,449.26,430.73,438.84,81392
2021-10-20,437.0,441.17,430.85,434.05,111446
2021-10-21,431.28,440.56,422.56,430.63,410158
2021-10-22,430.73,438.43,430.73,435.79,89146
2021-10-25,442.33,448.14,431.41,446.98,550700
2021-10-26,449.6,460.64,443.3,450.06,318828
2021-10-27,450.06,461.88,446.13,456.86,476586
2021-10-28,460.26,465.1,443.54,453.79,294604
2021-10-29,455.61,472.37,447.18,465.15,499066
2021-11-01,475.27,508.7,471.01,479.8,1666234
2021-11-02,484.96,503.06,484.5,500.03,374324
2021-11-03,503.37,508.22,481.43,488.79,295194
2021-11-04,491.26,499.01,484.26,496.06,47450
2021-11-08,501.68,508.7,487.39,498.99,207358
2021-11-09,502.6,520.11,501.46,508.92,401460
2021-11-10,508.92,511.59,499.01,504.46,315530
2021-11-11,510.16,525.15,507.47,522.58,316250
2021-11-12,525.66,528.81,507.25,509.92,151522
2021-11-15,512.58,515.83,500.3,505.02,248342
2021-11-16,505.02,517.11,499.06,500.49,92378
2021-11-17,501.97,504.27,483.66,485.79,88022
2021-11-18,489.23,515.03,482.86,503.59,221456
2021-11-22,511.1,511.1,494.65,506.06,165536
2021-11-23,506.28,506.86,491.75,498.02,148916
2021-11-24,498.51,498.51,486.2,489.66,63144
2021-11-25,486.9,492.13,474.79,477.43,60112
2021-11-26,477.43,483.97,450.11,454.22,91692
2021-11-29,445.72,460.23,436.03,448.36,89048
2021-11-30,445.72,476.73,444.75,459.67,408186
2021-12-01,453.91,466.24,451.08,457.86,132916
2021-12-02,459.72,486.95,453.72,478.06,321222
2021-12-03,477.21,483.51,472.42,480.63,79580
2021-12-06,480.63,484.96,467.28,477.55,86360
2021-12-07,480.07,491.75,476.49,488.84,107354
2021-12-08,491.41,494.24,476.68,477.7,91600
2021-12-09,477.7,492.23,471.45,476.58,73504
2021-12-10,475.28,484.0,475.28,480.75,55410
2021-12-13,482.54,485.45,469.99,477.21,61932
2021-12-14,479.15,498.99,478.16,491.0,191458
2021-12-15,492.72,492.72,474.31,482.47,168322
2021-12-16,482.06,496.59,474.79,477.36,59662
2021-12-17,476.24,494.17,476.24,491.87,139606
2021-12-20,488.84,491.87,467.67,487.8,178040
2021-12-21,487.8,488.91,470.24,474.23,85606
2021-12-22,476.58,476.58,465.13,473.8,174188
2021-12-23,472.37,488.84,472.37,487.31,76826
2021-12-24,489.71,490.88,470.84,473.43,53798
2021-12-27,473.43,496.59,473.43,490.56,115708
2021-12-28,491.26,498.05,471.4,490.88,139564
2021-12-29,495.57,501.44,487.87,489.64,59048
2021-12-30,491.75,504.34,487.87,500.64,100840
2021-12-31,505.8,519.85,487.87,490.22,147262
2022-01-03,495.14,498.05,489.4,491.89,48442
2022-01-04,495.96,498.53,489.81,497.8,51092
2022-01-05,500.42,507.49,479.73,483.66,174984
2022-01-06,479.64,499.5,479.64,492.62,86428
2022-01-07,488.6,492.47,477.21,484.17,131746
2022-01-10,486.59,489.52,475.76,478.98,143388
2022-01-11,474.79,484.0,467.86,474.45,121586
2022-01-12,476.7,490.58,471.4,487.29,180824
2022-01-13,489.71,499.01,484.04,497.03,125500
2022-01-14,497.03,503.33,491.67,501.29,199914
2022-01-17,501.44,510.33,500.08,508.66,106058
2022-01-18,511.32,512.58,486.9,494.12,99540
2022-01-19,494.17,499.74,482.13,488.33,83430
2022-01-20,488.33,488.33,479.15,486.2,44326
2022-01-21,482.98,484.43,476.9,480.1,42228
2022-01-24,480.1,482.52,443.3,449.4,111466
2022-01-25,450.61,460.26,441.63,446.23,221362
2022-01-27,445.24,445.24,422.01,426.29,119852
2022-01-28,426.97,434.41,419.34,421.57,181450
2022-01-31,412.46,425.35,405.19,418.83,387498
2022-02-01,421.06,424.79,418.03,421.64,108180
2022-02-02,422.95,447.9,414.52,441.82,344734
2022-02-03,453.47,496.18,447.54,484.5,3671444
2022-02-04,484.5,496.47,469.95,489.76,631360
2022-02-07,486.9,519.36,484.53,510.25,757472
2022-02-08,511.13,515.97,494.65,502.07,146400
2022-02-09,503.69,507.71,494.29,498.65,98466
2022-02-10,501.44,507.49,496.59,505.99,92482
2022-02-11,511.08,511.08,494.17,504.49,68962
2022-02-14,503.13,503.13,482.06,486.3,188332
2022-02-15,488.36,515.49,486.51,507.15,194018
2022-02-16,508.7,542.59,499.26,536.34,545828
2022-02-17,546.49,549.4,514.76,522.46,720426
2022-02-18,527.07,527.07,504.73,508.07,143854
2022-02-21,496.59,519.36,496.59,513.79,538486
2022-02-22,503.86,528.59,489.18,517.81,310798
2022-02-23,521.79,545.28,503.84,511.17,251378
2022-02-24,501.44,506.45,484.48,492.01,155294
2022-02-25,501.44,516.46,501.44,512.12,196924
2022-02-28,513.55,524.45,502.89,518.44,133576
2022-03-02,513.74,526.56,502.02,508.41,159408
2022-03-03,515.97,519.75,501.82,510.4,108306
2022-03-04,501.92,508.7,493.98,498.0,122652
2022-03-07,494.17,496.57,474.57,488.43,206956
2022-03-08,490.88,502.89,476.46,495.04,106658
2022-03-09,497.54,497.54,474.31,477.75,180464
2022-03-10,491.75,491.75,467.98,475.27,194010
2022-03-11,477.21,483.56,470.96,476.22,101842
2022-03-14,481.19,486.85,470.43,474.74,105152
2022-03-15,479.59,479.59,471.4,476.07,110586
2022-03-16,479.64,484.48,468.83,474.98,564062
2022-03-17,484.0,486.76,473.94,476.12,478252
2022-03-21,481.52,481.57,467.67,474.18,325012
2022-03-22,476.22,480.6,470.04,477.09,208202
2022-03-23,480.31,486.42,476.2,482.08,429540
2022-03-24,484.46,486.42,475.76,484.53,80910
2022-03-25,488.99,489.23,477.89,479.8,210472
2022-03-28,486.9,486.9,472.85,480.27,83822
2022-03-29,481.96,507.23,480.6,502.99,345150
2022-03-30,507.74,517.33,501.92,509.5,168856
2022-03-31,509.5,515.97,506.52,509.7,170084
2022-04-01,509.7,532.81,509.67,528.93,412466
2022-04-04,532.93,542.62,528.28,532.3,273796
2022-04-05,535.35,554.73,531.47,548.58,476598
2022-04-06,548.43,574.11,548.41,556.23,508686
2022-04-07,555.67,565.65,546.98,563.45,172704
2022-04-08,569.24,571.57,553.3,558.68,844058
2022-04-11,562.72,564.78,553.93,561.97,611380
2022-04-12,563.91,573.12,555.29,558.51,376790
2022-04-13,561.29,564.15,552.14,557.71,187192
2022-04-18,556.13,556.96,542.64,551.51,197222
2022-04-19,546.49,569.26,546.49,554.17,327800
2022-04-20,552.65,565.46,552.65,563.35,127312
2022-04-21,565.39,593.49,558.12,564.08,574560
2022-04-22,558.12,566.33,547.46,551.6,214622
2022-04-25,551.31,556.89,535.37,545.86,81696
2022-04-26,549.88,581.86,549.88,558.44,291564
2022-04-27,555.7,561.71,545.04,549.59,54884
2022-04-28,551.99,562.0,547.97,550.18,76986
2022-04-29,553.28,568.34,547.46,550.54,270122
2022-05-02,547.95,554.34,537.77,552.26,77104
2022-05-04,557.15,557.32,540.95,545.86,108884
2022-05-05,552.31,552.31,520.14,529.0,149762
2022-05-06,532.93,564.98,504.83,519.34,1248068
2022-05-09,520.33,538.6,499.01,507.06,545116
2022-05-10,503.98,519.34,489.37,497.39,242722
2022-05-11,500.98,501.44,475.86,485.16,515576
2022-05-12,483.95,504.3,462.65,497.78,215048
2022-05-13,508.7,509.58,476.24,479.56,105858
2022-05-16,485.93,498.53,472.37,488.79,135418
2022-05-17,491.17,498.77,483.0,492.76,281776
2022-05-18,497.56,507.49,484.96,496.47,274552
2022-05-19,484.0,512.1,484.0,500.32,164088
2022-05-20,503.76,505.77,487.65,491.58,104270
2022-05-23,495.82,501.44,489.37,500.35,93468
2022-05-24,500.35,509.67,483.92,487.75,131236
2022-05-25,488.86,496.11,467.69,473.99,73452
2022-05-26,474.79,486.37,474.35,481.91,87458
2022-05-27,491.41,492.62,484.0,486.18,44444
2022-05-30,494.17,494.17,476.37,486.25,85818
2022-05-31,486.85,499.98,482.06,496.3,109060
2022-06-01,498.8,500.78,490.12,495.65,45988
2022-06-02,494.73,502.41,483.0,487.8,126950
2022-06-03,486.9,490.66,482.11,485.76,59532
2022-06-06,486.42,488.02,474.79,476.41,40384
2022-06-07,475.76,477.19,460.26,464.04,82192
2022-06-08,464.13,469.46,455.58,465.88,61716
2022-06-09,465.1,472.66,458.05,467.01,201268
2022-06-10,468.98,471.84,458.05,464.04,50508
2022-06-13,457.83,462.68,449.86,459.19,86876
2022-06-14,456.5,462.68,448.14,453.45,261544
2022-06-15,453.26,474.31,452.04,467.55,70428
2022-06-16,473.53,476.24,446.84,452.09,89314
2022-06-17,448.63,468.4,431.24,438.41,163256
2022-06-20,440.61,449.45,428.76,444.66,254406
2022-06-21,445.5,460.26,445.5,457.42,122012
2022-06-22,455.41,463.82,451.66,458.1,53874
2022-06-23,455.41,468.1,455.41,461.59,35086
2022-06-24,461.59,471.04,457.71,469.29,34418
2022-06-27,474.28,474.6,459.29,461.56,65882
2022-06-28,466.94,466.94,448.31,455.02,65586
2022-06-29,450.57,454.93,444.75,447.56,24370
2022-06-30,443.49,446.21,433.68,437.85,223698
2022-07-01,432.2,437.85,428.93,434.17,84892
2022-07-04,426.34,435.06,416.19,428.18,621100
2022-07-05,422.95,433.61,421.76,428.64,121918
2022-07-06,428.64,431.67,421.52,423.92,739304
2022-07-07,424.77,427.87,422.59,424.43,1589082
2022-07-08,429.49,433.92,425.86,429.56,149452
2022-07-11,428.96,471.84,426.46,465.0,403066
2022-07-12,459.38,466.75,452.5,456.02,134386
2022-07-13,457.74,464.62,442.26,457.03,438912
2022-07-14,459.34,476.73,453.26,472.59,120848
2022-07-15,472.59,482.98,467.11,480.56,375048
2022-07-18,476.41,495.36,476.41,486.9,132496
2022-07-19,485.23,502.89,484.5,496.57,112548
2022-07-20,498.53,501.44,475.76,482.13,142162
2022-07-21,487.78,493.8,481.25,489.3,112754
2022-07-22,489.3,501.07,487.61,489.25,78416
2022-07-25,491.65,494.32,479.61,487.71,60162
2022-07-26,490.16,501.63,480.86,486.88,124324
2022-07-27,490.57,498.7,479.39,483.89,76490
2022-07-28,485.48,494.05,478.61,488.88,182262
2022-07-29,488.88,505.06,479.66,482.18,127436
2022-08-01,486.76,486.76,467.89,470.19,392006
2022-08-02,467.38,479.9,467.38,478.41,84148
2022-08-03,475.21,489.4,469.7,474.32,134502
2022-08-04,475.5,508.48,469.33,494.46,206042
2022-08-05,504.08,517.78,482.55,484.97,1205808
2022-08-08,484.97,496.23,478.66,494.15,1050570
2022-08-10,496.54,497.72,485.56,493.44,132270
2022-08-11,494.29,497.69,484.99,487.44,150514
2022-08-12,485.48,492.46,483.04,487.76,64892
2022-08-16,489.4,501.9,488.81,494.81,111862
2022-08-17,492.33,514.8,490.55,512.94,283360
2022-08-18,518.27,526.1,513.87,523.78,234976
2022-08-19,527.08,530.61,509.44,523.46,176088
2022-08-22,525.61,527.03,510.12,521.16,100716
2022-08-23,515.19,528.01,504.23,522.82,172848
2022-08-24,520.23,543.7,515.19,536.04,299392
2022-08-25,547.64,547.64,519.74,526.96,183078
2022-08-26,532.46,536.87,521.7,531.58,84096
2022-08-29,511.79,536.92,510.37,530.34,548546
2022-08-30,529.72,543.72,529.72,538.36,147148
2022-09-01,533.44,542.77,527.64,538.83,164572
2022-09-02,535.89,538.19,531.24,534.32,604504
2022-09-05,531.63,558.79,531.63,543.92,103374
2022-09-06,546.66,547.42,533.74,543.57,371914
2022-09-07,540.78,558.89,532.12,552.7,238440
2022-09-08,562.76,562.81,544.53,556.45,127206
2022-09-09,556.45,573.08,551.06,568.0,246460
2022-09-12,543.72,566.23,543.72,559.48,117554
2022-09-13,561.58,564.91,545.92,547.42,80042
2022-09-14,547.42,559.38,538.83,555.61,209164
2022-09-15,562.76,562.76,551.97,555.2,83440
2022-09-16,554.83,554.95,529.63,532.46,79002
2022-09-19,535.13,541.3,509.95,514.36,116226
2022-09-20,520.67,543.18,520.67,533.98,260338
2022-09-21,535.89,538.29,522.24,529.11,66258
2022-09-22,527.57,542.25,523.63,534.62,371984
2022-09-23,531.0,537.31,520.72,534.4,105762
2022-09-26,529.06,547.07,518.71,533.59,188200
2022-09-27,536.82,542.47,519.52,523.44,125222
2022-09-28,521.7,537.36,520.01,534.23,84262
2022-09-29,535.92,543.21,532.49,536.89,197210
2022-09-30,538.34,540.78,532.66,538.66,174306
2022-10-03,540.78,560.56,538.34,550.94,256402
2022-10-04,555.47,558.18,547.61,549.4,79736
2022-10-06,552.16,553.07,545.16,552.04,112044
2022-10-07,553.51,569.37,551.09,565.55,235554
2022-10-10,564.72,568.19,555.54,565.99,711810
2022-10-11,566.21,580.33,562.56,570.15,937304
2022-10-12,573.01,577.98,557.91,575.14,280430
2022-10-13,577.49,577.49,555.83,558.87,113656
2022-10-14,561.68,576.02,558.87,570.71,96820
2022-10-17,565.82,588.75,564.25,584.93,243966
2022-10-18,587.86,597.55,582.38,592.91,344310
2022-10-19,592.91,599.05,576.61,595.47,355898
2022-10-20,595.47,598.19,583.36,589.21,192106
2022-10-21,588.75,598.04,584.63,593.3,91412
2022-10-24,597.55,599.51,582.46,594.55,30434
2022-10-25,594.91,596.31,587.77,592.37,79962
2022-10-27,593.91,606.85,578.08,599.0,149646
2022-10-28,601.94,604.36,594.62,597.78,968358
2022-10-31,598.04,611.75,597.55,604.97,112374
2022-11-01,609.25,623.25,592.93,599.05,372436
2022-11-02,599.34,604.41,597.58,599.07,103278
2022-11-03,597.68,601.47,587.28,597.82,159014
2022-11-04,603.87,607.81,587.69,598.53,176782
2022-11-07,598.53,601.96,588.18,592.37,63952
2022-11-09,594.45,597.82,579.99,588.09,130306
2022-11-10,579.28,599.63,579.28,594.72,132280
2022-11-11,599.51,609.77,589.7,596.65,70866
2022-11-14,597.07,601.89,587.4,590.68,71852
2022-11-15,590.63,596.09,580.84,586.03,35998
2022-11-16,586.96,588.23,568.09,571.76,161926
2022-11-17,571.76,571.76,544.9,555.59,335720
2022-11-18,558.38,584.34,540.83,574.36,150356
2022-11-21,577.24,583.19,565.89,581.72,100856
2022-11-22,584.63,594.84,577.76,584.22,277052
2022-11-23,584.29,591.83,583.36,590.34,91122
2022-11-24,591.05,592.24,580.87,588.72,238310
2022-11-25,587.18,594.62,584.49,592.51,55346
2022-11-28,592.15,604.41,591.41,597.48,112160
2022-11-29,597.07,607.83,591.66,599.34,114556
2022-11-30,599.34,606.34,589.72,599.78,96492
2022-12-01,600.47,601.84,591.61,599.63,44224
2022-12-02,599.63,605.39,596.99,602.25,62384
2022-12-05,606.71,606.83,595.01,600.3,35016
2022-12-06,600.3,607.83,595.47,605.58,122458
2022-12-07,611.75,625.45,608.1,614.27,226964
2022-12-08,614.19,628.95,602.94,614.02,140012
2022-12-09,617.28,625.79,613.22,622.93,217946
2022-12-12,623.98,626.92,615.37,622.64,66042
2022-12-13,623.25,626.43,607.37,621.34,70072
2022-12-14,625.45,630.2,616.01,624.79,89486
2022-12-15,620.56,621.0,602.96,613.26,158596
2022-12-16,611.75,625.43,607.61,616.98,111442
2022-12-19,616.98,622.02,606.36,616.25,56784
2022-12-20,607.34,612.68,596.72,608.76,234634
2022-12-21,611.82,616.03,584.34,594.96,443868
2022-12-22,598.09,603.48,582.38,589.77,152056
2022-12-23,589.72,589.72,575.04,585.74,117798
2022-12-26,584.83,588.79,571.13,583.19,102098
2022-12-27,579.45,591.51,577.93,583.46,433020
2022-12-28,583.51,592.17,576.98,583.0,156458
2022-12-29,577.54,589.11,577.54,586.59,120612
2022-12-30,587.25,589.53,582.55,587.06,82380
2023-01-02,586.54,587.6,577.69,584.32,68494
2023-01-03,587.18,596.11,581.92,589.58,552912
2023-01-04,589.28,591.14,577.49,579.32,42146
2023-01-05,587.28,591.66,578.49,587.42,177574
2023-01-06,582.38,590.7,582.38,588.57,52626
2023-01-09,590.7,593.15,583.56,590.09,65972
2023-01-10,588.75,596.92,585.52,595.72,319976
2023-01-11,595.6,622.02,590.36,611.4,456876
2023-01-12,611.4,618.99,599.29,610.79,159340
2023-01-13,610.79,621.17,603.48,608.25,81882
2023-01-16,608.25,610.28,597.55,606.22,56522
2023-01-17,606.19,610.52,601.01,606.41,45764
2023-01-18,604.41,615.61,595.52,613.46,123226
2023-01-19,605.39,616.54,602.72,606.73,86092
2023-01-20,602.99,613.8,592.66,595.35,64382
2023-01-23,595.35,609.3,587.01,606.66,62040
2023-01-24,606.66,612.78,603.77,609.81,37848
2023-01-25,605.21,614.88,601.96,611.31,47690
2023-01-27,610.35,611.23,595.11,604.43,64650
2023-01-30,603.92,607.47,592.66,596.55,61018
2023-01-31,591.14,605.51,589.75,601.45,281748
2023-02-01,605.68,627.6,605.68,620.04,421122
2023-02-02,619.09,655.3,614.68,650.83,502744
2023-02-03,652.42,681.71,652.39,664.72,478424
2023-02-06,674.68,678.28,666.07,668.57,141478
2023-02-07,663.13,682.1,662.52,671.21,100984
2023-02-08,665.58,680.73,665.58,672.53,62754
2023-02-09,665.58,675.71,665.58,669.74,31726
2023-02-10,665.61,679.28,665.61,673.73,55914
2023-02-13,673.73,694.38,666.19,670.4,113168
2023-02-14,671.41,677.62,663.79,665.46,43812
2023-02-15,665.46,691.13,655.62,677.62,92456
2023-02-16,679.77,711.29,672.43,694.77,318646
2023-02-17,693.5,699.84,690.0,693.99,68178
2023-02-20,696.9,701.97,692.16,694.58,63290
2023-02-21,699.91,702.29,685.65,691.91,96240
2023-02-22,690.54,723.33,687.09,710.34,671004
2023-02-23,718.53,731.14,692.5,696.12,315294
2023-02-24,700.57,716.97,699.74,713.49,485056
2023-02-27,715.57,721.37,695.43,699.18,98954
2023-02-28,714.52,716.97,700.74,702.92,223920
2023-03-01,705.88,709.63,701.09,703.14,118046
2023-03-02,706.52,708.04,692.5,698.84,78508
2023-03-03,702.07,713.62,699.81,704.59,103724
2023-03-06,708.01,726.27,702.29,725.07,163532
2023-03-08,728.22,745.03,718.07,734.66,347020
2023-03-09,740.56,747.8,730.96,740.8,292358
2023-03-10,741.19,751.23,737.52,742.66,222816
2023-03-13,743.86,744.42,724.53,733.24,243600
2023-03-14,731.67,740.97,731.65,734.54,116282
2023-03-15,743.15,743.15,726.34,728.13,158016
2023-03-16,725.04,730.5,690.17,695.24,180812
2023-03-17,698.71,709.58,687.33,704.51,169900
2023-03-20,790.38,790.38,665.61,707.94,407508
2023-03-21,711.58,726.27,702.43,712.39,348694
2023-03-22,717.9,721.86,695.43,700.55,87662
2023-03-23,702.29,716.85,702.29,711.56,209696
2023-03-24,711.56,723.82,695.95,699.2,217790
2023-03-27,697.86,707.16,685.16,688.02,78520
2023-03-28,692.5,693.97,673.71,676.96,62572
2023-03-29,676.96,677.94,661.67,672.07,216368
2023-03-31,675.44,680.26,664.6,674.95,145262
2023-04-03,673.22,684.67,658.26,679.21,196456
2023-04-05,682.61,705.69,679.48,701.43,203204
2023-04-06,705.03,709.5,689.12,705.86,158646
2023-04-10,709.14,712.17,676.27,695.26,146542
2023-04-11,700.77,703.61,690.66,695.75,74980
2023-04-12,695.75,706.18,692.03,704.59,88650
2023-04-13,704.59,723.33,701.14,721.3,215190
2023-04-17,721.37,736.03,721.37,733.04,136520
2023-04-18,733.34,733.49,711.39,716.55,173402
2023-04-19,716.48,720.83,708.28,718.75,126060
2023-04-20,719.05,733.51,711.1,727.76,144368
2023-04-21,727.73,735.1,718.71,724.53,51288
2023-04-24,728.71,745.28,716.23,741.8,156876
2023-04-25,727.25,737.62,722.84,724.68,140472
2023-04-26,722.96,731.14,721.91,723.33,112830
2023-04-27,723.33,726.71,716.97,718.49,118770
2023-04-28,720.37,730.92,694.48,724.41,333510
2023-05-02,758.57,758.57,710.73,716.97,640090
2023-05-03,719.41,719.73,698.57,703.88,471362
2023-05-04,709.63,714.37,698.37,703.17,312632
2023-05-05,733.09,733.09,700.33,703.48,943762
2023-05-08,709.04,709.04,695.43,698.08,305592
2023-05-09,697.42,704.73,678.79,688.39,655050
2023-05-10,680.78,707.62,680.78,690.08,855786
2023-05-11,694.95,703.49,693.31,701.38,149788
2023-05-12,701.38,703.31,689.19,693.35,399518
2023-05-15,692.67,700.48,688.78,698.84,142490
2023-05-16,698.86,702.53,690.54,696.46,208114
2023-05-17,696.41,700.79,686.38,689.24,189750
2023-05-18,692.89,709.14,690.52,700.35,159888
2023-05-19,699.84,699.84,684.42,686.77,188190
2023-05-22,687.6,694.68,684.57,690.96,75008
2023-05-23,690.96,694.6,677.82,679.7,101190
2023-05-24,681.73,708.31,680.75,702.78,642980
2023-05-25,703.26,713.54,697.29,712.64,353380
2023-05-26,713.54,718.39,708.04,715.11,312720
2023-05-29,719.41,723.23,709.14,720.03,247466
2023-05-30,720.03,722.82,706.86,714.45,782070
2023-05-31,716.97,718.83,703.26,705.66,105862
2023-06-01,704.98,710.61,695.56,706.69,157980
2023-06-02,709.48,714.3,701.82,705.47,231260
2023-06-05,705.49,709.02,698.37,705.37,120134
2023-06-06,700.92,712.2,700.92,710.14,71424
2023-06-07,710.75,721.2,709.72,718.22,101486
2023-06-08,720.88,720.93,708.35,714.52,142506
2023-06-09,719.42,723.82,709.53,713.62,98332
2023-06-12,714.99,730.67,710.19,728.64,221216
2023-06-13,730.6,744.15,727.25,743.1,419338
2023-06-14,747.31,760.96,741.41,752.79,371568
2023-06-15,758.52,758.57,732.63,746.8,387306
2023-06-16,748.78,757.47,734.1,748.61,386576
2023-06-19,763.46,763.46,743.42,746.43,249116
2023-06-20,763.46,787.34,753.82,773.44,521875
2023-06-21,778.14,791.8,766.45,783.33,168405
2023-06-22,783.33,786.95,768.6,777.21,425801
2023-06-23,781.37,802.61,754.8,769.19,331722
2023-06-26,763.46,777.26,762.63,769.82,245359
2023-06-27,767.87,780.79,756.9,762.92,241129
2023-06-28,763.46,764.93,748.78,752.01,122331
2023-06-30,752.01,768.31,741.93,750.83,152483
2023-07-03,753.72,765.42,748.78,751.08,106669
2023-07-04,753.13,760.48,745.89,758.37,187308
2023-07-05,760.52,775.84,756.95,771.68,177966
2023-07-06,775.99,776.09,766.79,773.44,121605
2023-07-07,773.25,782.74,750.44,773.54,155467
2023-07-10,776.09,776.09,760.92,773.64,98641
2023-07-11,773.25,777.16,765.22,773.98,114338
2023-07-12,775.16,782.06,764.0,767.72,88623
2023-07-13,768.84,782.06,766.05,778.34,129549
2023-07-14,783.04,792.24,770.85,776.92,112305
2023-07-17,776.97,784.26,773.25,775.35,50623
2023-07-18,779.27,782.06,767.42,772.81,44328
2023-07-19,778.14,782.06,769.33,777.02,67961
2023-07-20,773.3,782.06,770.31,774.57,39297
2023-07-21,775.31,781.92,764.41,779.5,84567
2023-07-24,771.81,779.06,768.65,774.52,73064
2023-07-25,772.25,778.32,761.45,765.0,101355
2023-07-26,759.53,776.69,759.53,769.05,207633
2023-07-27,770.28,772.2,754.5,756.97,184554
2023-07-28,756.97,763.47,750.75,753.76,68774
2023-07-31,757.56,779.01,755.58,772.84,139327
2023-08-01,778.91,793.95,770.28,773.39,161872
2023-08-02,776.69,778.56,760.42,764.31,87357
2023-08-03,757.46,774.13,753.22,758.49,110161
2023-08-04,754.5,758.84,748.78,751.98,280046
2023-08-07,753.91,755.78,708.14,725.7,397489
2023-08-08,725.95,730.29,717.91,726.09,475677
2023-08-09,725.9,739.61,718.99,735.22,214289
2023-08-10,733.79,746.07,732.51,739.21,71465
2023-08-11,739.9,741.68,729.84,731.96,49047
2023-08-14,731.96,737.24,721.95,731.17,69521
2023-08-16,729.35,734.77,726.88,733.0,31133
2023-08-17,733.59,739.61,727.43,734.13,73340
2023-08-18,732.16,743.9,730.39,737.39,75137
2023-08-21,741.04,743.65,731.08,736.06,84952
2023-08-22,736.01,737.19,723.38,726.93,62514
2023-08-23,730.73,733.94,724.91,727.48,40408
2023-08-24,727.52,731.32,715.94,719.44,99862
2023-08-25,719.44,720.47,692.07,695.03,300510
2023-08-28,700.25,720.97,700.25,717.02,124357
2023-08-29,722.89,727.18,717.02,725.16,72095
2023-08-30,728.12,733.54,727.87,730.58,44800
2023-08-31,732.8,733.54,723.73,730.29,109769
2023-09-01,729.6,737.63,718.06,735.02,68636
2023-09-04,734.77,740.35,725.5,731.32,71083
2023-09-05,731.77,735.76,728.81,731.82,41123
2023-09-06,732.06,746.41,731.37,740.94,92118
2023-09-07,744.59,789.02,739.71,782.16,339199
2023-09-08,789.02,798.39,771.56,796.02,282990
2023-09-11,802.83,805.29,780.39,796.37,152650
2023-09-12,796.37,799.33,769.29,771.41,127967
2023-09-13,771.41,792.42,761.8,784.93,115511
2023-09-14,786.55,796.56,772.84,776.25,179832
2023-09-15,780.29,793.9,773.49,783.79,198070
2023-09-18,793.46,814.61,779.4,789.07,574526
2023-09-20,804.8,933.8,791.19,894.85,10950814
2023-09-21,890.56,891.44,871.47,878.38,1076803
2023-09-22,880.64,895.93,867.97,882.02,914115
2023-09-25,889.52,936.96,881.98,899.19,1526289
2023-09-26,903.87,907.37,877.83,883.85,325524
2023-09-27,891.05,897.71,871.42,876.01,158102
2023-09-28,883.41,888.04,869.89,882.37,94332
2023-09-29,877.78,891.79,856.33,863.19,164969
2023-10-03,864.22,886.66,863.19,873.25,359351
2023-10-04,872.31,884.64,862.05,870.68,109461
2023-10-05,870.68,879.51,860.52,864.72,72735
2023-10-06,867.77,871.47,853.67,860.43,51568
2023-10-09,859.04,884.84,848.24,856.38,210654
2023-10-10,858.3,862.79,851.84,853.67,341769
2023-10-11,855.05,876.6,855.05,870.14,605985
2023-10-12,876.5,877.78,862.2,866.59,98243
2023-10-13,865.7,876.16,860.03,861.46,85637
2023-10-16,861.46,879.76,860.92,877.19,93470
2023-10-17,877.44,907.08,877.44,898.74,214389
2023-10-18,898.74,936.96,898.45,931.39,249291
2023-10-19,931.39,936.96,915.56,931.29,276769
2023-10-20,926.11,933.75,897.11,906.68,138547
2023-10-23,906.73,914.03,841.29,870.88,306427
2023-10-25,865.95,887.65,843.95,877.64,186637
2023-10-26,871.92,877.54,845.04,850.41,160222
2023-10-27,849.23,865.95,846.27,851.5,122276
2023-10-30,854.85,866.93,852.49,860.23,108127
2023-10-31,916.25,941.89,802.83,872.51,3041130
2023-11-01,876.26,935.97,876.26,921.48,1079905
2023-11-02,922.41,923.6,907.37,914.42,259981
2023-11-03,914.42,964.58,908.9,958.36,816377
2023-11-06,968.52,977.4,939.03,953.73,278402
2023-11-07,960.38,960.38,942.19,944.6,169367
2023-11-08,949.29,959.45,922.22,930.94,272349
2023-11-09,936.96,961.62,899.68,909.15,379281
2023-11-10,909.34,946.33,903.38,936.96,223767
2023-11-13,945.74,952.64,923.2,946.53,135748
2023-11-15,946.53,968.03,943.91,953.83,255675
2023-11-16,951.06,975.38,947.32,954.57,161974
2023-11-17,946.97,974.78,946.97,956.34,129467
2023-11-20,956.39,985.34,956.39,967.19,186682
2023-11-21,975.42,982.38,968.57,973.5,113535
2023-11-22,973.45,980.36,947.71,961.91,168860
2023-11-23,966.55,972.07,958.86,963.44,83538
2023-11-24,971.23,1010.93,970.39,996.04,349192
2023-11-28,996.14,1009.94,975.28,985.24,117046
2023-11-29,990.02,996.53,966.7,972.56,95162
2023-11-30,972.07,1011.42,961.22,988.1,958653
2023-12-01,992.19,995.99,973.45,975.42,109354
2023-12-04,983.32,988.69,964.03,978.33,185430
2023-12-05,984.1,1015.81,978.33,1010.63,373349
2023-12-06,1013.69,1023.75,983.22,991.94,324638
2023-12-07,993.13,1004.42,981.98,998.31,177905
2023-12-08,998.11,1002.55,982.33,991.45,43793
2023-12-11,994.16,994.16,977.4,983.96,47696
2023-12-12,976.41,1000.28,976.41,982.33,52808
2023-12-13,983.61,993.52,979.37,990.51,229004
2023-12-14,991.21,994.41,975.42,980.45,213513
2023-12-15,984.15,987.31,939.82,955.26,131233
2023-12-18,955.26,976.51,948.84,950.87,204957
2023-12-19,950.08,961.07,932.28,935.33,97893
2023-12-20,939.92,941.79,896.52,911.42,110318
2023-12-21,904.36,939.08,889.18,916.1,253059
2023-12-22,922.17,941.5,914.13,938.19,254983
2023-12-26,946.43,946.43,913.29,933.95,174442
2023-12-27,935.78,942.78,925.22,937.01,175024
2023-12-28,939.92,945.84,931.54,934.54,195838
2023-12-29,934.99,940.71,924.73,934.0,241591
2024-01-01,934.3,943.37,925.62,935.78,108660
2024-01-02,940.91,941.89,923.69,938.05,125731
2024-01-03,938.05,941.4,926.36,928.82,93822
2024-01-04,929.96,934.45,917.23,922.81,118801
2024-01-05,926.11,936.96,917.14,931.04,133623
2024-01-08,935.97,946.82,931.04,939.52,222620
2024-01-09,943.86,972.47,932.28,953.63,233630
2024-01-10,958.66,964.33,938.93,956.64,132410
2024-01-11,962.6,987.46,954.71,982.33,443996
2024-01-12,985.29,1018.33,984.5,1008.22,221183
2024-01-15,1011.28,1060.34,1011.28,1047.77,299562
2024-01-16,1050.38,1082.93,1031.25,1036.77,375774
2024-01-17,1030.66,1055.31,1020.79,1047.18,129537
2024-01-18,1045.45,1058.47,1018.92,1034.85,128520
2024-01-19,1040.03,1099.5,1039.98,1058.81,338185
2024-01-23,1082.88,1082.88,1042.0,1053.44,137025
2024-01-24,1052.35,1105.02,1032.92,1071.69,370667
2024-01-25,1060.24,1070.06,1032.63,1045.84,302945
2024-01-29,1045.84,1090.77,1036.28,1064.09,476632
2024-01-30,1076.52,1102.6,1045.94,1085.1,1334225
2024-01-31,1089.83,1134.21,1077.01,1123.86,1115747
2024-02-01,1124.35,1183.53,1111.97,1168.59,550966
2024-02-02,1173.67,1198.32,1160.06,1172.19,388072
2024-02-05,1178.65,1184.42,1129.14,1151.97,222852
2024-02-06,1146.94,1181.46,1136.58,1144.52,357107
2024-02-07,1153.84,1156.95,1129.28,1152.66,215545
2024-02-08,1161.83,1169.28,1135.2,1137.91,101895
2024-02-09,1143.63,1158.53,1125.49,1149.95,73003
2024-02-12,1165.78,1173.52,1130.02,1135.74,91886
2024-02-13,1135.74,1196.3,1124.6,1188.81,375987
2024-02-14,1158.87,1184.51,1154.48,1175.69,156492
2024-02-15,1175.69,1225.89,1172.68,1216.72,250756
2024-02-16,1222.98,1237.77,1209.22,1219.28,158885
2024-02-19,1222.98,1274.17,1219.28,1252.22,294270
2024-02-20,1262.33,1276.93,1251.68,1268.94,250734
2024-02-21,1272.29,1281.17,1242.95,1254.1,121808
2024-02-22,1263.02,1274.71,1238.32,1260.06,143144
2024-02-23,1261.3,1281.66,1260.11,1275.99,196899
2024-02-26,1282.4,1314.7,1234.81,1239.11,451667
2024-02-27,1252.67,1284.13,1247.74,1274.96,212170
2024-02-28,1284.92,1297.2,1258.73,1274.27,129839
2024-02-29,1274.27,1292.91,1245.81,1252.81,245439
2024-03-01,1259.13,1294.73,1247.64,1290.1,176332
2024-03-04,1298.13,1306.52,1279.2,1298.18,319651
2024-03-05,1301.93,1318.35,1267.81,1272.84,298730
2024-03-06,1280.82,1282.6,1232.94,1241.42,162795
2024-03-07,1239.75,1316.68,1228.85,1305.73,329291
2024-03-11,1312.78,1340.35,1298.23,1307.65,221774
2024-03-12,1321.11,1323.38,1277.22,1291.28,185513
2024-03-13,1303.85,1307.55,1205.62,1249.41,347260
2024-03-14,1248.08,1282.95,1225.84,1243.44,111433
2024-03-15,1252.57,1272.29,1236.89,1262.43,292412
2024-03-18,1247.69,1277.22,1247.69,1267.9,76763
2024-03-19,1270.47,1277.22,1240.88,1259.13,50157
2024-03-20,1257.5,1264.4,1205.77,1214.69,170606
2024-03-21,1223.32,1244.87,1220.46,1230.13,262805
2024-03-22,1229.88,1237.58,1208.19,1224.26,222397
2024-03-26,1221.7,1255.43,1211.29,1248.08,180115
2024-03-27,1255.43,1292.61,1244.78,1283.14,320622
2024-03-28,1300.9,1313.67,1232.84,1256.22,479647
2024-04-01,1260.46,1283.14,1247.93,1259.37,204280
2024-04-02,1272.29,1299.27,1265.09,1292.81,1158734
2024-04-03,1293.4,1346.86,1280.53,1329.74,1198119
2024-04-04,1346.86,1361.06,1322.59,1329.79,553902
2024-04-05,1330.48,1351.2,1303.21,1344.64,430660
2024-04-08,1390.6,1464.96,1362.04,1387.93,2433964
2024-04-09,1402.48,1407.56,1376.35,1380.64,302092
2024-04-10,1392.62,1405.44,1359.58,1400.11,697101
2024-04-12,1400.11,1417.97,1355.58,1364.76,393368
2024-04-15,1355.04,1363.77,1327.57,1348.24,296982
2024-04-16,1348.63,1387.98,1340.79,1374.77,508467
2024-04-18,1400.51,1424.18,1377.13,1385.62,530399
2024-04-19,1365.99,1409.88,1355.53,1402.93,290949
2024-04-22,1415.4,1441.88,1413.58,1436.31,1014933
2024-04-23,1447.85,1469.5,1417.47,1437.54,372060
2024-04-24,1448.89,1451.01,1420.23,1424.97,188411
2024-04-25,1427.73,1452.78,1398.63,1444.55,227597
2024-04-26,1447.8,1459.64,1428.17,1435.52,195025
2024-04-29,1449.82,1474.48,1440.01,1452.88,237759
2024-04-30,1464.57,1478.42,1446.03,1475.61,302582
2024-05-02,1479.76,1493.22,1434.04,1450.41,919071
2024-05-03,1470.14,1473.49,1402.19,1428.03,907077
2024-05-06,1439.42,1445.63,1410.32,1426.99,282937
2024-05-07,1434.44,1456.73,1415.4,1424.52,491222
2024-05-08,1427.14,1431.63,1401.54,1415.2,355286
2024-05-09,1414.32,1429.65,1363.28,1368.45,409761
2024-05-10,1375.7,1400.56,1357.51,1396.02,188646
2024-05-13,1397.11,1420.23,1375.41,1401.69,497039
2024-05-14,1411.36,1489.27,1409.34,1473.74,617762
2024-05-15,1476.35,1513.93,1450.51,1466.98,816465
2024-05-16,1482.86,1611.97,1475.37,1548.2,648712
2024-05-17,1553.38,1597.71,1543.27,1561.37,407703
2024-05-21,1570.35,1576.95,1531.88,1555.99,363939
2024-05-22,1552.0,1567.88,1499.14,1508.51,262005
2024-05-23,1508.46,1533.21,1495.29,1504.66,565685
2024-05-24,1502.05,1502.05,1452.29,1464.76,221058
2024-05-27,1464.76,1513.49,1457.76,1466.49,347510
2024-05-28,1472.01,1502.09,1464.62,1495.93,375291
2024-05-29,1497.21,1531.68,1484.54,1494.99,368425
2024-05-30,1469.55,1488.09,1462.64,1479.76,353567
2024-05-31,1479.46,1626.22,1469.55,1554.81,1810755
2024-06-03,1602.69,1612.56,1563.24,1577.89,196396
2024-06-04,1558.31,1666.36,1468.61,1579.67,1098138
2024-06-05,1587.9,1590.27,1493.22,1512.65,383187
2024-06-06,1528.72,1558.02,1499.14,1504.26,375476
2024-06-07,1528.72,1564.97,1501.16,1544.41,284657
2024-06-10,1553.38,1591.85,1552.0,1573.99,245868
2024-06-11,1582.77,1628.39,1581.0,1620.69,450052
2024-06-12,1639.88,1663.55,1627.3,1658.07,556101
2024-06-13,1671.59,1675.09,1619.56,1664.63,348579
2024-06-14,1667.79,1735.64,1667.79,1712.52,592090
2024-06-18,1718.09,1773.27,1701.32,1706.85,351318
2024-06-19,1715.13,1729.58,1669.32,1682.53,166698
2024-06-20,1682.98,1686.04,1632.28,1645.5,233370
2024-06-21,1652.01,1674.3,1638.74,1664.73,146496
2024-06-24,1664.63,1701.32,1630.61,1670.6,187257
2024-06-25,1671.73,1701.03,1643.23,1651.47,153029
2024-06-26,1658.62,1672.67,1623.51,1629.62,198854
2024-06-27,1632.18,1676.67,1612.51,1618.13,204398
2024-06-28,1630.8,1641.11,1602.69,1612.11,143283
2024-07-01,1621.34,1647.08,1585.93,1600.62,211017
2024-07-02,1606.69,1630.06,1563.79,1583.12,355652
2024-07-03,1595.79,1619.76,1575.18,1586.22,162834
2024-07-04,1594.41,1603.19,1569.36,1583.66,314594
2024-07-05,1581.98,1780.22,1574.09,1681.84,3452736
2024-07-08,1687.12,1714.14,1625.38,1632.92,230422
2024-07-09,1640.32,1871.75,1624.39,1819.87,2339150
2024-07-10,1846.3,1846.8,1677.85,1687.56,1118108
2024-07-11,1704.28,1752.31,1682.44,1734.76,519127
2024-07-12,1727.11,1727.11,1673.11,1685.25,262051
2024-07-15,1695.36,1704.53,1656.94,1661.08,188703
2024-07-16,1663.35,1725.98,1660.89,1713.8,433520
2024-07-18,1716.12,1727.61,1638.2,1672.33,407094
2024-07-19,1665.89,1679.51,1586.26,1624.24,368542
2024-07-22,1595.47,1631.47,1577.65,1623.85,179659
2024-07-23,1623.8,1683.62,1539.52,1665.15,465206
2024-07-24,1667.52,1684.41,1634.15,1643.65,204858
2024-07-25,1633.11,1661.33,1609.24,1647.72,112038
2024-07-26,1658.86,1703.42,1634.35,1696.99,241109
2024-07-29,1698.47,1743.04,1668.76,1725.16,250121
2024-07-30,1728.18,1747.99,1698.52,1706.94,200143
2024-07-31,1704.02,1736.9,1699.12,1707.09,247262
2024-08-01,1721.2,1746.95,1710.7,1739.32,299348
2024-08-02,1728.18,1730.41,1688.62,1698.62,136180
2024-08-05,1640.04,1652.77,1588.1,1611.27,473647
2024-08-06,1640.98,1640.98,1533.23,1574.03,765159
2024-08-07,1590.52,1613.3,1524.27,1606.42,705684
2024-08-08,1605.28,1632.12,1579.58,1603.45,288203
2024-08-09,1624.19,1634.1,1580.62,1589.33,206295
2024-08-12,1585.57,1614.29,1549.97,1602.01,363911
2024-08-13,1624.69,1712.34,1614.88,1697.18,1343852
2024-08-14,1713.33,1718.82,1658.36,1707.14,439338
2024-08-16,1711.69,1732.14,1683.67,1702.09,582461
2024-08-19,1706.64,1730.26,1686.44,1715.21,290352
2024-08-20,1724.22,1740.96,1655.39,1691.09,506173
2024-08-21,1693.92,1703.08,1668.27,1689.71,293187
2024-08-22,1708.23,1761.85,1694.91,1729.67,752669
2024-08-23,1742.74,1742.74,1694.61,1706.99,228930
2024-08-26,1706.99,1719.86,1654.9,1672.67,434665
2024-08-27,1683.62,1733.08,1674.01,1710.16,387300
2024-08-28,1710.16,1734.67,1702.63,1729.82,322096
2024-08-29,1744.52,1747.79,1675.69,1679.56,293096
2024-08-30,1687.48,1707.24,1664.35,1687.48,622412
2024-09-02,1687.48,1687.48,1635.73,1644.6,383618
2024-09-03,1651.92,1671.73,1634.1,1667.52,226680
2024-09-04,1668.07,1715.6,1655.39,1683.12,423084
2024-09-05,1693.52,1707.19,1669.75,1678.37,265097
2024-09-06,1688.57,1726.7,1675.5,1707.83,686477
2024-09-09,1720.95,1778.29,1706.05,1772.06,1059285
2024-09-10,1793.89,1793.89,1766.86,1782.6,301275
2024-09-11,1775.72,1802.46,1744.33,1771.02,338330
2024-09-12,1762.85,1807.41,1760.12,1799.14,484008
2024-09-13,1827.17,1880.7,1803.95,1869.8,390577
2024-09-16,1869.8,1969.24,1869.8,1916.25,948303
2024-09-17,1932.25,1932.25,1842.87,1872.97,521741
2024-09-18,1883.67,1888.97,1848.02,1861.34,146696
2024-09-19,1875.75,1892.04,1825.29,1848.66,473219
2024-09-20,1861.58,1925.61,1838.26,1911.5,565268
2024-09-23,1925.31,2020.29,1889.46,1993.45,866490
2024-09-24,1985.68,2030.24,1965.87,2006.47,422372
2024-09-25,2023.26,2040.15,2001.08,2031.63,422615
2024-09-26,2040.74,2175.97,2013.06,2114.23,1790106
2024-09-27,2108.18,2144.04,2080.75,2099.07,672692
2024-09-30,2099.57,2178.35,2021.68,2043.81,727588
2024-10-01,2054.06,2119.18,2010.44,2075.65,394845
2024-10-03,2053.07,2154.93,2020.83,2126.46,447763
2024-10-04,2102.14,2132.2,2030.24,2036.33,374539
2024-10-07,2025.29,2043.91,1892.58,1916.95,683901
2024-10-08,1928.24,1928.24,1872.03,1892.48,712737
2024-10-09,1891.39,2020.34,1886.79,1989.64,764585
2024-10-10,2010.14,2026.23,1967.45,1998.2,354407
2024-10-11,2030.24,2059.41,1981.76,1999.84,412634
2024-10-14,2005.88,2022.42,1987.36,2003.35,196032
2024-10-15,2024.3,2076.74,1998.55,2028.96,196325
2024-10-16,2030.24,2054.41,1975.77,1992.81,498151
2024-10-17,2009.45,2028.21,1965.97,1999.74,215696
2024-10-18,2000.53,2040.15,1952.99,2002.91,373752
2024-10-21,2005.48,2034.25,1978.79,1998.4,320957
2024-10-22,1980.72,2014.1,1873.77,1891.64,299065
2024-10-23,1892.58,1906.65,1842.12,1881.84,433303
2024-10-24,1881.84,1894.07,1830.68,1851.53,325577
2024-10-25,1851.98,1884.41,1808.55,1831.33,182120
2024-10-28,1832.22,1851.98,1792.56,1810.58,191744
2024-10-29,1814.2,1840.49,1778.49,1831.82,225832
2024-10-30,1833.46,1852.27,1785.43,1791.47,175229
2024-10-31,1791.47,1861.88,1779.38,1853.02,339541
2024-11-01,1862.82,1906.45,1861.88,1898.62,61888
2024-11-04,1881.69,1890.6,1798.55,1822.27,283061
2024-11-05,1815.43,1855.59,1788.59,1839.1,453208
2024-11-06,1846.04,1886.64,1833.8,1862.92,329427
2024-11-07,1897.58,1912.49,1716.2,1761.41,1974593
2024-11-08,1763.79,1828.21,1738.19,1770.32,523985
2024-11-11,1772.75,1796.86,1743.04,1777.75,567433
2024-11-12,1780.28,1800.08,1734.22,1744.23,122952
2024-11-13,1738.09,1757.35,1713.43,1743.48,430043
2024-11-14,1735.11,1802.46,1735.11,1791.02,402442
2024-11-18,1782.65,1816.47,1764.13,1792.11,198215
2024-11-19,1798.45,1817.31,1775.22,1796.07,166974
2024-11-21,1797.26,1851.93,1781.22,1818.11,487976
2024-11-22,1825.68,1838.06,1797.56,1820.24,155528
2024-11-25,1846.04,1861.88,1824.05,1830.44,196849
2024-11-26,1817.31,1839.15,1763.34,1797.06,213194
2024-11-27,1807.11,1837.86,1802.11,1831.63,191448
2024-11-28,1850.0,1850.0,1803.5,1815.38,75008
2024-11-29,1817.81,1846.04,1802.46,1835.24,333233
2024-12-02,1832.17,1853.76,1796.52,1824.59,189554
2024-12-03,1828.21,1869.8,1825.24,1856.09,283319
2024-12-04,1858.91,1913.63,1842.17,1897.53,415532
2024-12-05,1910.21,1958.94,1891.59,1947.0,493392
2024-12-06,1960.72,2083.23,1959.93,2061.98,1618159
2024-12-09,2062.43,2117.79,1995.58,2086.0,530463
2024-12-10,2074.81,2118.98,2054.11,2062.73,252454
2024-12-11,2062.73,2147.25,2040.15,2110.41,377646
2024-12-12,2110.41,2125.32,2022.67,2032.67,186535
2024-12-13,2030.29,2082.19,1997.81,2068.57,205504
2024-12-16,2068.97,2144.13,2064.51,2135.86,335812
2024-12-17,2135.86,2141.16,2030.24,2041.48,258555
2024-12-18,2044.11,2066.64,2010.68,2018.95,178481
2024-12-19,1990.63,2035.24,1967.45,2024.2,174978
2024-12-20,2027.32,2034.8,1947.7,1958.44,166495
2024-12-23,1973.4,1998.55,1945.07,1986.47,100136
2024-12-24,1986.87,1995.78,1947.35,1964.09,101048
2024-12-26,1977.65,2032.22,1958.99,2019.55,170059
2024-12-27,2035.29,2093.63,1986.42,2052.97,300779
2024-12-30,2064.46,2176.12,2051.93,2109.82,1061502
2024-12-31,2113.43,2148.99,2065.45,2118.53,327247
2025-01-01,2109.32,2364.69,2066.39,2238.02,2764672
2025-01-02,2238.22,2282.69,2178.45,2270.6,845019
2025-01-03,2270.6,2329.83,2270.6,2315.02,866444
2025-01-06,2354.54,2393.71,2190.53,2202.96,903986
2025-01-07,2198.6,2198.6,2089.66,2132.65,648118
2025-01-08,2134.23,2141.06,2031.23,2085.36,609088
2025-01-09,2059.95,2088.58,1985.92,1993.7,495725
2025-01-10,2005.48,2005.48,1941.8,1958.39,281057
2025-01-13,1906.5,1936.01,1755.27,1835.54,1414634
2025-01-14,1832.17,1877.63,1808.35,1851.98,395477
2025-01-15,1866.78,1929.23,1847.82,1899.32,419353
2025-01-16,1914.17,1936.11,1901.74,1915.71,527641
2025-01-17,1925.91,1930.76,1891.99,1904.81,169498
2025-01-20,1920.11,1928.24,1873.77,1912.74,167418
2025-01-21,1917.44,1919.87,1842.07,1847.82,255323
2025-01-22,1861.88,1893.82,1822.27,1861.34,269032
2025-01-23,1861.34,1916.3,1824.89,1900.46,297169
2025-01-24,1885.06,1891.59,1817.76,1825.09,450609
2025-01-27,1778.74,1798.5,1694.56,1776.51,660690
2025-01-28,1786.61,1786.61,1701.59,1746.21,510536
2025-01-29,1746.21,1841.08,1741.06,1809.89,250546
2025-01-30,1869.8,1877.97,1755.42,1780.67,687394
2025-01-31,1768.74,1824.74,1726.6,1800.03,859443
2025-02-01,1820.68,2069.86,1812.71,2036.83,2426406
2025-02-03,1980.72,2035.19,1864.46,2028.61,1353584
2025-02-04,2097.29,2097.88,1950.27,1997.66,648531
2025-02-05,1975.77,2006.97,1942.1,1950.17,598088
2025-02-06,1955.97,1985.68,1940.27,1962.16,269306
2025-02-07,1965.87,2055.99,1945.81,2018.9,608756
2025-02-10,2021.08,2032.17,1939.18,1957.7,229604
2025-02-11,1963.84,1965.28,1836.18,1870.6,435509
2025-02-12,1865.84,1986.67,1796.22,1975.82,923104
2025-02-13,1958.94,1984.09,1913.43,1975.57,499928
2025-02-14,1991.42,1995.18,1912.93,1944.68,738076
2025-02-17,1916.35,1939.82,1840.59,1930.32,578341
2025-02-18,1928.73,1931.45,1839.15,1854.5,472942
2025-02-19,1841.48,1920.31,1827.37,1879.61,585530
2025-02-20,1877.83,1908.58,1842.12,1897.19,521041
2025-02-21,1893.52,1915.86,1863.66,1895.31,318911
2025-02-24,1871.78,1913.63,1844.45,1860.69,237480
2025-02-25,1863.86,1890.45,1833.75,1861.19,368401
2025-02-27,1869.85,1911.94,1848.36,1907.88,783893
2025-02-28,1898.52,1932.54,1860.25,1899.17,1272178
2025-03-03,1918.73,2058.96,1891.15,2012.91,3822987
2025-03-04,1980.72,2195.34,1964.38,2080.4,3758035
2025-03-05,2101.25,2137.1,2033.66,2110.66,1225509
2025-03-06,2127.74,2146.81,2060.55,2123.49,1334284
2025-03-07,2138.14,2181.12,2068.52,2080.5,926367
2025-03-10,2080.75,2118.88,2045.1,2062.48,644563
2025-03-11,2035.19,2045.4,1968.84,2001.92,902903
2025-03-12,2010.09,2124.33,2007.22,2026.93,2073678
2025-03-13,2039.7,2046.24,1995.73,2006.13,520624
2025-03-17,2006.28,2049.85,1983.15,1994.39,742096
2025-03-18,1994.39,1994.39,1994.39,1994.39,0
2025-03-19,2136.06,2218.41,2128.88,2188.75,963321
2025-03-20,2217.42,2233.02,2134.43,2187.36,799916
2025-03-21,2187.61,2209.65,2077.04,2131.95,3002387
2025-03-24,2160.43,2228.32,2158.54,2189.59,741065
2025-03-25,2218.41,2247.92,2155.18,2177.31,464589
2025-03-26,2188.7,2197.42,2153.54,2177.31,263274
2025-03-27,2179.74,2214.5,2141.66,2171.02,1473060
2025-03-28,2187.76,2213.46,2100.56,2115.81,1027627
2025-04-01,2112.69,2128.04,2035.19,2065.25,585532
2025-04-02,2068.07,2118.83,2048.96,2091.4,358738
2025-04-03,2059.95,2104.52,2057.97,2073.08,271312
2025-04-04,2079.02,2091.6,1969.88,1996.67,453071
2025-04-07,1640.09,1957.95,1640.09,1943.29,897349
2025-04-08,2012.76,2012.76,1933.24,1958.39,664065
2025-04-09,1954.08,1963.15,1901.5,1920.61,460710
2025-04-11,1980.72,1985.58,1905.46,1948.24,742973
2025-04-15,1972.7,2008.85,1952.1,2004.1,764428
2025-04-16,2005.48,2042.13,1982.71,2033.51,332614
2025-04-17,2032.12,2059.95,1986.17,1995.98,322346
2025-04-21,2023.61,2038.17,1973.89,2010.53,532538
2025-04-22,2021.33,2072.23,2010.83,2022.62,574885
2025-04-23,2046.09,2084.22,1898.03,1906.84,1306494
2025-04-24,1926.25,1938.14,1821.87,1831.77,1331275
2025-04-25,1840.09,1842.07,1711.54,1722.44,1530943
2025-04-28,1752.94,1797.51,1712.34,1729.57,1478167
2025-04-29,1746.5,1755.91,1696.59,1729.07,879950
2025-04-30,1730.16,1733.13,1666.88,1689.86,1198310
2025-05-02,1686.59,1688.57,1621.22,1663.41,1281215
2025-05-05,1660.44,1701.34,1635.39,1665.79,1076691
2025-05-06,1672.52,1727.89,1660.54,1674.01,1193491
2025-05-07,1653.91,1675.99,1621.03,1661.53,1019049
2025-05-08,1661.53,1688.57,1575.77,1592.7,2718584
2025-05-09,1525.16,1599.44,1525.16,1578.64,896283
2025-05-12,1626.18,1644.79,1602.41,1608.55,884428
2025-05-13,1621.42,1635.58,1561.8,1565.86,706027
2025-05-14,1576.56,1577.35,1535.06,1543.88,777058
2025-05-15,1547.54,1567.74,1536.05,1556.26,471666
2025-05-16,1556.85,1564.77,1533.08,1548.13,600896
2025-05-19,1547.94,1629.15,1545.16,1602.41,1137207
2025-05-20,1622.21,1626.08,1579.63,1594.68,769576
2025-05-21,1614.29,1634.1,1559.92,1564.08,959026
2025-05-22,1564.77,1590.32,1540.71,1543.88,1066305
2025-05-23,1545.96,1571.71,1533.18,1542.39,1148751
2025-05-26,1541.0,1557.54,1527.14,1536.94,758592
2025-05-27,1548.53,1553.19,1533.18,1536.35,294419
2025-05-28,1542.98,1548.83,1534.27,1540.51,281014
2025-05-29,1545.96,1568.73,1535.06,1536.15,475862
2025-05-30,1506.34,1549.82,1506.34,1517.53,608133
2025-06-02,1517.53,1559.82,1507.33,1530.9,713447
2025-06-03,1542.98,1542.98,1519.71,1528.33,600521
2025-06-04,1527.93,1544.87,1517.24,1536.55,406596
2025-06-05,1544.97,1574.38,1530.61,1569.72,731506
2025-06-06,1569.72,1607.36,1562.49,1573.88,1563716
2025-06-09,1578.44,1587.25,1545.56,1554.27,1193534
2025-06-10,1556.85,1618.95,1550.41,1608.84,1882252
2025-06-11,1620.23,1626.47,1584.78,1617.26,1619097
2025-06-12,1617.26,1638.46,1602.41,1606.47,980690
2025-06-13,1559.92,1632.41,1559.92,1629.05,936552
2025-06-16,1629.05,1663.61,1595.77,1659.05,1057668
2025-06-17,1659.06,1659.75,1632.32,1653.81,751866
2025-06-18,1636.08,1657.77,1609.54,1615.88,788540
2025-06-19,1616.57,1622.91,1551.4,1576.36,1134919
2025-06-20,1575.67,1604.39,1568.83,1594.48,524993
2025-06-23,1579.63,1608.74,1577.25,1596.17,311114
2025-06-24,1594.48,1627.76,1593.99,1615.28,353848
2025-06-25,1615.28,1634.4,1605.08,1629.64,537976
2025-06-26,1629.64,1658.66,1624.99,1644.89,653059
2025-06-27,1651.92,1666.78,1601.32,1608.35,914421
2025-06-30,1624.1,1637.17,1610.82,1619.84,481994
2025-07-01,1619.84,1698.57,1615.88,1688.47,1194162
2025-07-02,1693.52,1745.02,1672.03,1739.18,1857196
2025-07-03,1747.69,1830.39,1720.46,1824.54,3061466
2025-07-04,1817.32,1859.7,1800.08,1823.46,1505974
2025-07-07,1818.31,1824.25,1783.74,1809.09,694681
2025-07-08,1799.69,1812.26,1783.74,1792.65,508614
2025-07-09,1792.65,1816.32,1782.45,1792.16,435762
2025-07-10,1792.16,1797.41,1772.95,1779.38,504138
2025-07-11,1772.75,1792.56,1756.9,1782.45,684795
2025-07-14,1771.86,1817.31,1760.77,1810.88,766662
2025-07-15,1817.31,1883.97,1816.82,1864.16,755234
2025-07-16,1861.88,1865.15,1834.84,1842.67,302880
2025-07-17,1850.0,1903.87,1839.7,1864.46,745629
2025-07-18,1872.72,1881.57,1821.07,1836.29,548049
2025-07-21,1817.19,1824.95,1786.24,1810.72,479965
2025-07-22,1806.14,1807.14,1749.82,1755.59,923889
2025-07-23,1721.56,1759.67,1721.56,1740.66,684327
2025-07-24,1746.44,1764.35,1728.72,1755.69,338581
2025-07-25,1756.49,1785.54,1731.51,1738.67,352865
2025-07-28,1731.61,1751.31,1717.48,1730.21,372752
2025-07-29,1721.56,1739.47,1711.61,1736.38,110963
2025-07-30,1739.37,1756.39,1730.91,1746.14,175310
2025-07-31,1726.53,1750.32,1719.17,1729.62,379166
2025-08-01,1731.11,1737.68,1678.77,1688.72,150047
2025-08-04,1687.72,1741.46,1682.75,1730.91,291097
2025-08-05,1731.51,1765.44,1730.31,1742.16,386793
2025-08-06,1746.53,1816.09,1713.8,1761.76,491528
2025-08-07,1726.73,1830.03,1726.73,1818.58,1574061
2025-08-08,1821.07,1821.37,1754.4,1791.51,631672
2025-08-11,1786.14,1786.14,1731.51,1753.3,716175
2025-08-12,1753.3,1766.34,1701.16,1737.08,407025
2025-08-13,1742.36,1766.14,1736.48,1747.23,152116
2025-08-14,1749.02,1792.21,1737.38,1776.49,288357
2025-08-18,1840.97,1930.13,1840.97,1906.35,1751520
2025-08-19,1906.35,1925.46,1892.72,1919.39,440159
2025-08-20,1918.59,1973.92,1912.72,1917.99,741947
2025-08-21,1925.66,1925.66,1876.5,1892.02,274009
2025-08-22,1887.74,1927.55,1885.65,1910.63,259210
2025-08-25,1910.63,1926.75,1892.02,1895.11,332685
2025-08-26,1885.75,1892.92,1850.13,1855.9,373925
2025-08-28,1840.97,1899.19,1840.97,1870.92,462099
2025-08-29,1881.77,1892.12,1861.87,1872.52,157873
2025-09-01,1870.83,1943.07,1865.85,1938.79,295241
2025-09-02,1942.37,1955.71,1925.56,1930.83,238189
2025-09-03,1946.35,1959.69,1928.54,1951.03,453742
2025-09-04,2028.05,2030.04,1924.86,1934.51,664247
2025-09-05,1934.51,1947.75,1911.62,1934.02,270112
2025-09-08,1935.61,1941.78,1872.22,1875.0,476415
2025-09-09,1889.73,1890.63,1860.18,1877.79,319720
2025-09-10,1885.25,1901.87,1867.84,1880.48,261297
2025-09-11,1876.8,1886.75,1868.83,1877.59,171992
2025-09-12,1877.79,1887.15,1862.07,1875.7,132536
2025-09-15,1879.18,1884.26,1869.43,1879.88,217780
2025-09-16,1893.71,1930.53,1883.06,1914.71,309578
2025-09-17,1915.61,1939.49,1899.78,1930.73,439015
2025-09-18,1929.54,1970.34,1925.56,1951.43,382455
2025-09-19,1946.45,1959.39,1926.45,1954.22,433161
2025-09-22,1954.22,1990.24,1940.58,1987.06,936294
2025-09-23,1986.26,1988.45,1941.58,1954.42,548671
2025-09-24,1950.43,1950.43,1914.81,1934.71,384989
2025-09-25,1937.6,1967.25,1910.53,1917.89,362163
2025-09-26,1899.68,1922.37,1868.14,1880.88,486116
2025-09-29,1875.9,1911.62,1852.32,1886.35,879094
2025-09-30,1891.32,1898.69,1860.87,1871.82,799938
2025-10-01,1863.46,1875.8,1827.34,1868.64,432865
2025-10-03,1868.64,1890.83,1853.01,1889.93,338348
2025-10-06,1885.85,1949.64,1872.62,1883.56,320954
2025-10-07,1885.75,1918.19,1871.22,1902.87,602419
2025-10-08,1910.63,1910.63,1854.9,1883.16,453385
2025-10-09,1881.77,1889.73,1852.91,1883.07,294578
2025-10-10,1930.53,1956.31,1892.92,1939.59,1126480
2025-10-13,1929.54,1929.54,1884.06,1902.37,444585
2025-10-14,1902.47,1914.11,1864.36,1871.42,409374
2025-10-15,1866.84,1914.21,1861.17,1903.96,391384
2025-10-16,1903.96,1958.99,1903.66,1948.05,228414
2025-10-17,1945.36,1975.31,1931.53,1961.78,134668
2025-10-20,1970.24,1974.02,1939.89,1961.68,222762
2025-10-21,1977.3,1977.3,1941.58,1953.42,35674
2025-10-23,1954.32,1972.03,1941.48,1962.57,145698
2025-10-24,1965.26,2022.98,1963.37,1996.21,732438
2025-10-27,2015.12,2020.49,1965.36,1969.94,265523
2025-10-28,1997.7,1997.7,1933.22,1942.08,198251
2025-10-29,1943.27,1963.17,1929.54,1955.51,121878
2025-10-30,1955.41,1957.4,1927.55,1952.23,256389
2025-10-31,1955.41,1978.3,1922.57,1927.94,127593
2025-11-03,1927.94,1945.46,1892.02,1924.96,175025
2025-11-04,1903.27,1922.47,1876.9,1908.24,396298
2025-11-06,1924.56,2011.54,1767.33,1776.79,2860574
2025-11-07,1781.26,1781.26,1703.74,1744.15,917742
2025-11-10,1749.02,1772.31,1698.17,1762.95,315959
2025-11-11,1761.36,1775.29,1731.51,1771.41,240014
2025-11-12,1771.31,1794.1,1763.35,1789.23,225467
2025-11-13,1788.23,1798.18,1771.51,1778.98,317336
2025-11-14,1776.29,1793.5,1753.9,1759.77,401542
2025-11-17,1759.67,1789.13,1756.39,1780.17,143839
2025-11-18,1780.27,1780.27,1740.96,1768.83,361223
2025-11-19,1766.34,1789.23,1751.91,1786.24,186454
2025-11-20,1776.59,1800.17,1769.32,1785.84,229864
2025-11-21,1785.84,1785.84,1755.39,1767.63,313227
2025-11-24,1771.31,1781.26,1757.38,1776.59,196437
2025-11-25,1786.04,1786.04,1714.59,1738.18,535031
2025-11-26,1751.91,1771.31,1741.46,1767.23,299463
2025-11-27,1767.33,1771.21,1732.11,1749.62,553260
2025-11-28,1751.41,1760.47,1742.65,1756.78,150617
2025-12-01,1757.38,1769.32,1743.45,1760.76,207241
2025-12-02,1769.42,1784.05,1732.6,1736.88,292489
2025-12-03,1736.98,1752.01,1717.58,1745.94,245153
2025-12-04,1739.47,1752.41,1726.53,1743.85,219135
2025-12-05,1731.51,1744.84,1714.79,1725.94,290940
2025-12-08,1726.04,1734.79,1693.59,1714.79,208595
2025-12-09,1714.89,1743.45,1696.68,1730.12,225965
2025-12-10,1718.67,1732.11,1707.33,1720.96,198789
2025-12-11,1715.09,1749.22,1715.09,1737.68,92083
2025-12-12,1738.47,1796.09,1738.47,1787.93,201435
2025-12-15,1781.26,1809.13,1776.29,1797.39,147119
2025-12-16,1781.26,1813.61,1781.26,1806.74,145718
2025-12-17,1799.18,1822.06,1796.19,1817.88,138651
2025-12-18,1811.12,1852.91,1806.64,1845.55,255235
2025-12-19,1848.73,1851.82,1747.63,1772.71,850041
2025-12-22,1777.18,1794.9,1750.42,1757.58,594908
2025-12-23,1759.87,1762.85,1740.07,1757.78,151531
2025-12-24,1760.37,1784.05,1746.44,1768.73,165843
2025-12-26,1768.43,1788.43,1750.91,1755.29,64530
2025-12-29,1754.5,1770.02,1719.87,1723.15,111998
2025-12-30,1722.55,1725.24,1693.69,1699.66,207504
2025-12-31,1699.66,1735.99,1679.76,1722.25,184871
2026-01-01,1729.52,1781.46,1724.54,1763.55,197014
2026-01-02,1774.9,1820.57,1742.45,1807.24,590199
2026-01-05,1801.17,1867.74,1759.97,1839.88,602390
2026-01-06,1840.97,1845.45,1797.19,1814.7,266141
2026-01-07,1814.5,1842.96,1781.86,1833.71,630307
2026-01-08,1824.05,1851.92,1802.16,1810.32,240598
2026-01-09,1805.05,1834.11,1773.9,1792.51,168386
2026-01-12,1781.26,1807.93,1770.02,1784.55,154279
2026-01-13,1781.26,1800.07,1752.01,1784.45,159533
2026-01-14,1792.01,1809.03,1757.48,1803.26,109184
2026-01-15,1803.26,1803.26,1803.26,1803.26,0
2026-01-16,1806.04,1819.48,1786.84,1797.29,138252
2026-01-19,1786.34,1810.12,1753.5,1759.17,254576
2026-01-20,1756.39,1770.52,1718.97,1739.37,432160
2026-01-21,1724.54,1725.54,1681.75,1705.34,660566
2026-01-22,1711.61,1735.19,1693.79,1700.96,245339
2026-01-23,1700.96,1736.48,1682.35,1689.81,346663
2026-01-27,1694.09,1701.65,1643.34,1659.36,604560
2026-01-28,1649.61,1720.76,1636.97,1693.2,536357
2026-01-29,1707.53,1763.05,1668.32,1724.04,591021
2026-01-30,1691.7,1813.11,1690.81,1808.03,1269386
2026-02-02,1783.25,1839.88,1757.28,1829.23,433710
2026-02-03,1858.88,1910.93,1796.79,1808.93,706706
2026-02-04,1808.93,1885.85,1794.8,1871.02,941831
2026-02-05,1883.96,1883.96,1832.21,1852.91,345561
2026-02-06,1854.8,1876.7,1825.55,1871.72,336840
2026-02-09,1880.08,1937.0,1880.08,1927.55,1382090
2026-02-10,1941.48,1985.76,1920.08,1938.79,729715
2026-02-11,1949.44,1956.11,1924.76,1952.62,387390
2026-02-12,1952.62,1978.99,1935.71,1964.37,685935
2026-02-13,1950.43,2005.17,1942.77,1987.45,618695
2026-02-16,1990.24,1996.71,1946.85,1965.76,451670
2026-02-17,1966.75,1996.91,1966.36,1992.63,371368
2026-02-18,2009.54,2019.69,1961.68,2006.86,495144
2026-02-19,2006.86,2007.85,1947.55,1959.49,243797
2026-02-20,1950.43,1970.34,1942.57,1958.79,247143
2026-02-23,1969.14,1981.08,1945.46,1952.23,221246
2026-02-24,1950.43,1958.4,1923.96,1949.94,315256
2026-02-25,1955.51,1970.74,1918.59,1932.72,302374
2026-02-26,1935.51,1965.36,1921.28,1955.31,239179
2026-02-27,1958.4,1958.4,1922.57,1931.73,256347
2026-03-02,1853.71,1925.56,1853.71,1893.22,268981
2026-03-04,1868.54,1872.72,1823.36,1834.6,453584
2026-03-05,1836.79,1946.45,1812.11,1937.2,811414
2026-03-06,1929.54,1966.56,1899.38,1938.99,957837
2026-03-09,1899.68,1908.94,1847.74,1865.95,683868
2026-03-10,1890.73,1934.51,1862.67,1878.59,440437
2026-03-11,1895.7,1974.32,1885.65,1931.63,906158
2026-03-12,1931.53,1959.89,1882.77,1943.97,638482
2026-03-13,1928.54,1930.43,1811.12,1824.25,979856
2026-03-16,1811.12,1824.25,1762.85,1795.3,599040
2026-03-17,1800.17,1822.76,1771.31,1806.44,386880
2026-03-18,1822.66,1843.16,1793.9,1810.72,326171
2026-03-19,1791.22,1791.22,1718.77,1725.04,464044
2026-03-20,1729.62,1744.25,1691.8,1700.26,401052
2026-03-23,1680.46,1684.74,1594.18,1613.19,687659
2026-03-24,1632.0,1670.71,1617.07,1657.77,710170
2026-03-25,1661.95,1746.34,1659.86,1736.09,902460
2026-03-27,1730.51,1730.51,1659.96,1667.02,366704
2026-03-30,1633.99,1656.77,1597.17,1602.84,832954
2026-04-01,1671.8,1671.8,1512.58,1548.7,1494091
2026-04-02,1520.44,1529.5,1442.92,1520.84,2032026
2026-04-06,1519.55,1565.02,1481.63,1557.76,731043
2026-04-07,1545.22,1545.22,1503.92,1532.98,1393726
2026-04-08,1582.74,1622.14,1573.78,1611.5,1505962
2026-04-09,1611.5,1659.26,1586.82,1647.52,820689
2026-04-10,1647.52,1688.02,1630.3,1681.75,642000
2026-04-13,1628.41,1727.63,1623.44,1721.56,803685
2026-04-15,1765.14,1801.17,1733.8,1796.09,879409
2026-04-16,1802.16,1867.84,1786.54,1840.27,1412659
2026-04-17,1834.01,1862.86,1819.58,1856.99,441787
2026-04-20,1865.65,1911.62,1843.76,1879.78,782344
2026-04-21,1889.14,1904.86,1851.92,1860.67,422078
2026-04-22,1870.83,1893.81,1858.29,1879.38,504021
2026-04-23,1888.74,1888.74,1811.42,1820.87,777802
2026-04-24,1820.87,1837.29,1777.08,1809.53,304562
2026-04-27,1831.02,1910.63,1831.02,1906.95,939773
2026-04-28,1917.6,1919.49,1863.76,1882.37,575101
2026-04-29,1890.73,1890.73,1819.48,1828.33,683145
2026-04-30,1834.11,1836.0,1749.02,1772.31,575535
2026-05-01,1772.31,1772.31,1772.31,1772.31,0
2026-05-04,1799.18,1810.62,1769.32,1793.4,305152
2026-05-05,1793.4,1815.99,1772.31,1793.5,465048
2026-05-06,1811.12,1812.11,1752.31,1797.78,476947
2026-05-07,1814.7,1816.89,1732.2,1740.07,1769507
2026-05-08,1719.57,1728.32,1681.75,1684.54,1025677
2026-05-11,1671.8,1684.74,1639.96,1652.99,668476
2026-05-12,1643.34,1690.71,1618.26,1622.64,949693
2026-05-13,1622.64,1654.78,1615.08,1622.64,415498
2026-05-14,1641.95,1668.82,1593.29,1659.06,817538
2026-05-15,1664.93,1679.76,1641.95,1649.91,411996
2026-05-18,1629.01,1629.41,1574.28,1625.83,690436
2026-05-19,1625.83,1686.23,1625.73,1673.79,409067
2026-05-20,1666.83,1678.17,1652.89,1669.91,316316
2026-05-21,1681.85,1702.25,1644.24,1654.39,231969
2026-05-22,1658.77,1667.62,1645.93,1649.11,146278
2026-05-25,1666.83,1673.59,1633.99,1644.24,241058
2026-05-26,1646.82,1646.82,1602.84,1632.89,529628
2026-05-27,1632.89,1656.77,1622.44,1649.01,225572
2026-05-28,1649.01,1649.01,1649.01,1649.01,0
2026-05-29,1646.92,1647.02,1573.28,1581.25,685025
2026-06-01,1582.34,1587.02,1532.48,1537.26,480289
2026-06-02,1525.62,1578.86,1500.74,1571.89,428890
2026-06-03,1564.83,1579.06,1538.75,1573.09,308002
2026-06-04,1572.49,1644.73,1561.94,1599.75,1336959
2026-06-05,1617.97,1617.97,1564.43,1574.08,479288
2026-06-08,1559.25,1584.73,1534.67,1544.62,468770
2026-06-09,1548.21,1567.11,1543.23,1563.13,248363
2026-06-10,1563.23,1604.53,1558.85,1573.98,470394
2026-06-11,1552.49,1569.01,1543.93,1549.2,218476
2026-06-12,1562.24,1580.15,1548.61,1576.07,141096
2026-06-15,1610.1,1632.0,1579.85,1603.34,301662
2026-06-16,1618.06,1632.2,1605.23,1613.49,375165
2026-06-17,1626.03,1700.66,1624.13,1687.32,1266953
2026-06-18,1688.62,1705.54,1678.97,1697.97,498732
2026-06-19,1696.68,1696.68,1645.13,1660.16,502331
2026-06-22,1666.92,1709.32,1624.63,1656.58,939642
2026-06-23,1670.81,1671.7,1634.98,1653.79,407064
2026-06-24,1648.52,1661.45,1639.06,1644.73,140717
2026-06-25,1644.93,1664.34,1624.63,1629.21,113015
2026-06-26,1629.21,1629.21,1629.21,1629.21,0
2026-06-29,1629.21,1645.73,1618.06,1627.52,256970
2026-06-30,1631.1,1643.24,1612.09,1620.35,319805
2026-07-01,1620.05,1631.0,1591.59,1598.56,188067
2026-07-02,1602.04,1616.67,1584.23,1591.3,269798
2026-07-03,1607.12,1616.57,1569.3,1575.47,262053
2026-07-06,1577.56,1607.12,1572.69,1590.0,557277
2026-07-07,1597.17,1607.91,1574.78,1597.57,285842
2026-07-08,1596.97,1605.03,1554.38,1567.11,303195
2026-07-09,1580.25,1612.99,1576.27,1607.72,254119
2026-07-10,1611.0,1661.95,1607.81,1653.89,383021
2026-07-13,1646.92,1713.89,1623.54,1707.72,680248
2026-07-14,1707.72,1745.24,1692.8,1737.68,866904
2026-07-15,1744.44,1754.59,1729.82,1745.34,247095
2026-07-16,1746.44,1753.6,1725.44,1733.2,194828
2026-07-17,1741.7,1741.8,1675.0,1686.9,359288
2026-07-20,1674.9,1718.4,1660.0,1714.3,239639
2026-07-21,1721.9,1727.0,1692.2,1702.8,144786
2026-07-22,1711.4,1711.4,1651.0,1660.7,135607
2026-07-23,1659.0,1664.2,1621.9,1633.9,175294
2026-07-24,1630.0,1654.4,1601.3,1637.2,253186
2026-07-27,1642.5,1669.1,1638.3,1643.2,135209
2026-07-28,1650.0,1656.1,1612.2,1645.2,266593
2026-07-29,1640.0,1687.0,1639.8,1680.8,156603
2026-07-30,1688.0,1704.0,1665.5,1691.4,230182
2026-07-31,1695.5,1721.1,1672.0,1681.2,187632
2026-08-03,1683.4,1730.0,1678.6,1729.2,374036
2026-08-04,1736.1,1737.6,1677.4,1685.0,866482
2026-08-05,1688.1,1719.9,1640.0,1665.0,379954
2026-08-06,1658.1,1671.6,1549.4,1571.0,2327347
2026-08-07,1563.8,1595.0,1497.0,1514.0,2392270
2026-08-10,1514.0,1514.8,1484.1,1508.0,856403
2026-08-11,1516.3,1541.2,1487.0,1497.9,756778
2026-08-12,1497.9,1507.7,1471.3,1490.0,603509
2026-08-13,1496.0,1515.0,1486.1,1514.0,239701
2026-08-14,1514.0,1527.5,1497.1,1508.0,322229
2026-08-17,1502.0,1517.7,1476.2,1508.1,599656
2026-08-18,1520.5,1535.4,1490.0,1493.0,576843
2026-08-19,1498.8,1501.1,1478.0,1493.2,292749
2026-08-20,1495.1,1526.0,1490.5,1510.0,642269
2026-08-21,1525.2,1525.2,1504.1,1511.9,199161
2026-08-24,1511.9,1517.5,1499.8,1504.0,203945
2026-08-25,1504.0,1516.0,1493.7,1515.0,337829
2026-08-26,1512.0,1514.9,1485.0,1485.0,259007
2026-08-27,1488.0,1509.9,1487.2,1497.0,128386
2026-08-28,1494.0,1494.0,1472.9,1480.0,292190
2026-08-31,1480.0,1490.9,1460.0,1463.8,383556
2026-09-01,1471.0,1499.0,1457.0,1490.9,259707
2026-09-02,1491.0,1491.0,1432.5,1445.3,657972
2026-09-03,1458.8,1508.9,1455.3,1485.7,480553
2026-09-04,1485.7,1514.7,1475.0,1484.0,419549
2026-09-07,1477.3,1503.3,1476.4,1496.0,503988
2026-09-08,1490.0,1492.7,1442.1,1460.9,1169742
2026-09-09,1462.0,1470.5,1432.3,1456.9,714546
2026-09-10,1450.0,1518.5,1450.0,1514.0,997496
2026-09-11,1500.0,1565.1,1489.0,1558.0,1336366
2026-09-15,1559.5,1562.8,1475.3,1483.0,509083
2026-09-16,1483.3,1515.0,1472.0,1504.0,525657
2026-09-17,1499.9,1558.0,1492.0,1553.0,517440
2026-09-18,1551.2,1571.5,1531.8,1531.8,798646
2026-09-21,1536.8,1580.0,1535.5,1565.0,624210
2026-09-22,1572.0,1572.2,1519.5,1525.0,739436
2026-09-23,1533.0,1547.9,1526.2,1532.6,110416
2026-09-24,1522.6,1545.6,1514.1,1525.0,204703
2026-09-25,1523.8,1570.6,1503.0,1565.0,570933
2026-09-28,1585.7,1593.5,1562.3,1575.4,1477339
2026-09-29,1572.9,1578.5,1526.9,1529.5,1003421
2026-09-30,1525.0,1541.1,1502.1,1518.0,615606
2026-10-01,1513.0,1517.0,1444.0,1459.6,962569
2026-10-05,1476.0,1517.0,1460.4,1510.0,367830
2026-10-06,1508.4,1578.6,1501.3,1571.5,867322
2026-10-07,1562.9,1575.0,1530.1,1530.1,436486
2026-10-08,1532.8,1543.5,1514.6,1519.0,232039
2026-10-09,1539.9,1589.0,1534.6,1574.0,545511
