date,open,high,low,close,volume
2011-09-26,975.78,980.03,941.31,951.74,413800
2011-09-27,957.13,981.88,957.13,977.68,290896
2011-09-28,981.09,981.66,943.08,953.02,282421
2011-09-29,943.39,987.19,934.24,976.76,662381
2011-09-30,972.25,979.23,951.12,957.22,216286
2011-10-03,958.02,972.25,948.65,952.58,421513
2011-10-04,956.34,986.39,956.29,979.19,1755670
2011-10-05,987.27,997.88,951.92,959.48,710373
2011-10-07,985.51,994.34,969.42,983.91,449114
2011-10-10,954.66,965.04,941.31,946.57,709266
2011-10-11,941.31,961.02,939.72,948.56,704061
2011-10-12,943.83,963.41,941.89,959.74,337688
2011-10-13,950.2,957.89,928.05,935.35,816403
2011-10-14,928.05,928.94,902.95,907.95,879193
2011-10-17,910.86,942.11,892.7,929.47,1683826
2011-10-18,925.4,941.22,918.6,930.09,597663
2011-10-19,941.31,949.27,930.09,942.02,585164
2011-10-20,940.25,954.48,928.05,952.32,522623
2011-10-21,981.09,987.72,961.64,967.43,1422468
2011-10-24,982.85,993.95,977.82,983.21,550386
2011-10-25,991.69,1025.28,987.45,1017.55,946337
2011-10-28,1031.47,1047.38,982.1,995.23,1538204
2011-10-31,947.5,1001.5,936.89,994.61,2206582
2011-11-01,991.69,1007.6,983.43,1001.86,860761
2011-11-02,986.39,1004.07,986.39,993.46,359122
2011-11-03,989.93,1002.3,989.93,998.32,360567
2011-11-04,1003.18,1018.92,987.63,991.91,738188
2011-11-08,998.76,1002.25,988.16,993.59,228195
2011-11-09,997.88,997.88,947.1,951.48,667891
2011-11-11,958.11,965.0,916.56,936.67,739345
2011-11-14,944.27,948.21,902.51,907.73,464462
2011-11-15,911.48,920.9,875.91,886.96,598891
2011-11-16,891.82,891.82,867.51,876.26,606285
2011-11-17,873.26,882.93,831.71,837.15,1312556
2011-11-18,835.25,838.78,801.71,831.36,1641351
2011-11-21,829.95,854.96,822.88,833.53,1261673
2011-11-22,842.32,852.93,834.06,848.11,844169
2011-11-23,843.78,858.67,834.45,842.85,574204
2011-11-24,842.94,882.98,841.17,874.1,656104
2011-11-25,876.79,876.88,836.09,839.62,916133
2011-11-28,854.65,872.46,846.74,853.28,927553
2011-11-29,853.72,866.89,841.88,847.53,423512
2011-11-30,845.81,862.78,841.52,859.25,473470
2011-12-01,876.79,890.93,846.74,850.5,1036648
2011-12-02,851.6,881.21,851.16,877.1,846065
2011-12-05,868.0,888.28,866.23,883.46,520465
2011-12-07,883.46,897.03,875.91,882.71,533511
2011-12-08,886.51,888.15,853.68,862.56,537059
2011-12-09,851.6,879.0,845.28,871.31,634649
2011-12-12,871.31,875.07,840.55,846.92,546170
2011-12-13,841.52,856.82,839.67,845.41,519127
2011-12-14,839.67,851.64,828.18,837.59,616851
2011-12-15,830.83,830.83,805.6,823.49,539248
2011-12-16,823.49,839.58,803.17,823.36,848872
2011-12-19,817.57,823.05,795.48,810.19,620878
2011-12-20,816.69,819.25,803.17,809.75,366360
2011-12-21,818.54,856.46,818.54,850.19,702708
2011-12-22,831.71,865.26,831.71,853.68,648188
2011-12-23,861.77,873.7,855.8,862.21,372589
2011-12-26,869.72,875.91,852.97,856.9,351164
2011-12-27,858.23,865.65,840.82,851.29,230303
2011-12-28,852.84,859.29,839.89,847.89,232279
2011-12-29,843.2,848.07,809.18,814.7,544045
2011-12-30,826.41,830.74,805.2,811.65,390624
2012-01-02,815.8,834.67,810.5,829.86,531425
2012-01-03,837.02,852.66,832.02,842.14,363198
2012-01-04,842.32,856.46,833.61,838.12,296634
2012-01-05,837.9,837.9,818.1,825.04,458779
2012-01-06,820.84,844.79,819.34,839.45,349108
2012-01-09,839.58,861.77,837.9,858.27,430392
2012-01-10,867.07,877.67,863.75,871.8,356547
2012-01-11,873.74,879.44,859.29,873.17,433994
2012-01-12,870.43,891.82,868.0,879.0,522575
2012-01-13,881.21,891.99,860.88,863.58,516919
2012-01-16,857.35,901.41,857.35,890.98,781570
2012-01-17,901.54,989.93,900.74,979.63,3155235
2012-01-18,982.85,1011.89,965.62,973.84,2781735
2012-01-19,986.83,1003.18,978.43,998.72,857884
2012-01-20,999.65,1003.18,958.99,975.34,729324
2012-01-23,958.11,1036.28,945.78,1025.85,2590616
2012-01-24,1031.82,1036.02,997.0,1023.47,2008468
2012-01-25,1022.63,1058.87,1009.37,1043.62,1776429
2012-01-27,1032.17,1077.43,1025.01,1070.05,951880
2012-01-30,1064.17,1083.61,1047.38,1054.71,656597
2012-01-31,1058.87,1069.38,1032.04,1048.88,1045424
2012-02-01,1051.8,1084.5,1045.61,1073.72,1040215
2012-02-02,1082.73,1090.2,1064.35,1076.23,619866
2012-02-03,1078.31,1108.36,1065.05,1096.74,647744
2012-02-06,1104.83,1118.09,1092.01,1107.26,560045
2012-02-07,1105.71,1115.43,1095.99,1102.13,443305
2012-02-08,1103.06,1131.34,1100.81,1119.41,517183
2012-02-09,1113.44,1130.37,1109.38,1122.5,541872
2012-02-10,1115.48,1126.0,1090.02,1100.05,631791
2012-02-13,1097.93,1112.25,1074.11,1082.77,639454
2012-02-14,1078.49,1126.48,1078.49,1120.47,899801
2012-02-15,1127.81,1171.03,1127.19,1151.5,1011521
2012-02-16,1149.02,1215.31,1130.64,1201.7,1510728
2012-02-17,1201.17,1207.44,1164.97,1168.07,650578
2012-02-21,1164.09,1181.77,1144.78,1157.64,665602
2012-02-22,1155.21,1174.92,1132.27,1154.63,510787
2012-02-23,1141.07,1155.52,1123.96,1130.81,845227
2012-02-24,1140.18,1145.97,1129.4,1135.98,375094
2012-02-27,1135.85,1140.18,1091.79,1111.01,345310
2012-02-28,1116.76,1130.46,1098.68,1122.15,741718
2012-02-29,1127.1,1141.77,1095.1,1109.07,736509
2012-03-01,1120.65,1168.47,1102.84,1162.32,1543242
2012-03-02,1179.07,1181.46,1154.9,1176.02,924123
2012-03-05,1167.32,1178.98,1157.06,1162.45,547959
2012-03-06,1150.79,1193.21,1149.33,1176.95,662053
2012-03-07,1167.67,1175.45,1132.23,1156.58,438170
2012-03-09,1166.7,1201.17,1166.7,1185.57,625544
2012-03-12,1194.1,1198.52,1174.39,1181.94,434638
2012-03-13,1188.79,1223.26,1188.79,1209.34,863892
2012-03-14,1219.73,1237.14,1207.84,1212.57,688965
2012-03-15,1206.47,1219.42,1197.72,1207.71,575251
2012-03-16,1195.2,1262.99,1183.49,1214.74,1604822
2012-03-19,1217.52,1218.67,1196.0,1203.91,323100
2012-03-20,1203.91,1204.7,1174.21,1200.46,471359
2012-03-21,1206.47,1213.45,1178.19,1204.88,841209
2012-03-22,1198.12,1200.02,1167.67,1175.8,437399
2012-03-23,1166.74,1167.14,1136.82,1154.81,806817
2012-03-26,1162.28,1168.73,1140.54,1146.77,696029
2012-03-27,1157.86,1158.08,1112.16,1125.77,1138231
2012-03-28,1126.79,1144.56,1108.36,1138.68,584546
2012-03-29,1131.17,1166.65,1117.38,1154.19,918118
2012-03-30,1156.97,1198.96,1142.88,1193.66,650438
2012-04-02,1202.94,1205.76,1177.3,1183.09,486296
2012-04-03,1188.79,1192.86,1152.47,1157.46,475271
2012-04-04,1157.46,1182.43,1155.07,1162.9,543772
2012-04-09,1153.44,1167.93,1126.92,1134.3,420584
2012-04-10,1133.11,1144.78,1114.24,1127.63,534399
2012-04-11,1116.45,1135.85,1115.48,1124.67,401175
2012-04-12,1131.08,1162.9,1128.07,1159.98,671623
2012-04-13,1162.5,1193.21,1159.98,1169.13,943900
2012-04-16,1160.11,1195.73,1157.77,1186.41,526324
2012-04-17,1232.81,1232.81,1172.35,1186.32,583176
2012-04-18,1193.21,1207.97,1188.84,1195.42,642609
2012-04-19,1205.94,1238.64,1199.75,1229.67,922582
2012-04-20,1230.56,1252.48,1219.73,1229.19,816656
2012-04-23,1229.54,1244.48,1212.75,1217.56,518905
2012-04-24,1215.31,1216.72,1192.99,1205.37,270412
2012-04-25,1203.91,1227.68,1203.91,1221.59,593484
2012-04-26,1219.73,1236.52,1207.44,1221.45,762098
2012-04-27,1220.66,1227.15,1214.56,1221.94,429216
2012-04-30,1236.52,1236.52,1200.51,1212.53,956055
2012-05-02,1223.71,1223.71,1170.23,1178.1,666676
2012-05-03,1175.36,1175.36,1134.97,1140.18,662791
2012-05-04,1137.8,1141.51,1114.51,1132.49,644798
2012-05-07,1118.04,1174.65,1108.36,1158.61,680698
2012-05-08,1170.23,1177.04,1148.18,1154.32,632978
2012-05-09,1142.17,1159.63,1136.25,1150.13,330149
2012-05-10,1140.31,1153.79,1104.96,1115.3,415223
2012-05-11,1103.02,1105.84,1075.75,1091.79,486137
2012-05-14,1091.57,1111.9,1088.79,1103.94,491946
2012-05-15,1094.22,1095.9,1065.14,1075.92,567302
2012-05-16,1062.62,1062.62,1031.78,1053.65,673604
2012-05-17,1060.63,1076.54,1050.03,1065.32,599674
2012-05-18,1038.76,1054.45,1021.74,1031.16,612497
2012-05-21,1036.99,1074.73,1034.6,1068.41,413870
2012-05-22,1077.29,1082.38,1010.56,1019.93,950870
2012-05-23,1008.49,1028.73,986.39,1019.18,782054
2012-05-24,997.79,1015.42,985.9,1011.54,955704
2012-05-25,1001.42,1016.44,980.2,989.04,921129
2012-05-28,993.55,998.76,970.66,975.39,874095
2012-05-29,981.97,1004.24,976.67,997.31,817104
2012-05-30,982.9,1022.94,981.09,1017.37,1151146
2012-05-31,997.88,1002.61,966.19,972.47,3301123
2012-06-01,978.39,988.69,946.62,950.02,879733
2012-06-04,945.47,952.8,928.94,943.52,548592
2012-06-05,952.36,963.32,935.39,953.69,605028
2012-06-06,954.48,986.21,951.34,979.27,925831
2012-06-07,989.93,1013.26,981.62,1010.47,984712
2012-06-08,1004.95,1004.95,982.1,993.5,456053
2012-06-11,1000.53,1010.61,974.02,981.53,724281
2012-06-12,975.78,1018.92,975.21,1011.62,534252
2012-06-13,1005.83,1011.14,974.46,979.1,1333440
2012-06-14,981.22,994.61,948.52,954.66,882665
2012-06-15,966.94,981.09,952.18,978.26,685861
2012-06-18,985.51,996.51,957.66,965.0,610175
2012-06-19,963.41,975.52,951.39,964.25,430252
2012-06-20,962.53,965.66,948.38,951.39,616008
2012-06-21,954.57,966.94,938.75,962.39,844982
2012-06-22,952.8,984.0,949.71,974.1,904652
2012-06-25,978.08,1002.21,978.08,984.53,910242
2012-06-26,985.51,990.76,976.71,983.91,302263
2012-06-27,990.81,993.46,980.2,991.43,532527
2012-06-28,996.07,1000.53,981.4,990.68,516495
2012-06-29,1007.6,1039.42,1007.6,1033.9,1346720
2012-07-02,1042.96,1064.88,1020.86,1041.63,1141219
2012-07-03,1050.03,1061.69,1047.77,1053.25,973813
2012-07-04,1058.2,1082.29,1058.2,1079.33,1044761
2012-07-05,1074.38,1104.83,1072.57,1096.25,1278118
2012-07-06,1096.3,1097.76,1070.8,1074.33,611047
2012-07-09,1071.24,1072.12,1046.27,1049.81,403988
2012-07-10,1054.45,1086.09,1043.84,1078.8,794615
2012-07-11,1073.01,1076.54,1060.68,1063.64,407383
2012-07-12,1060.46,1074.78,1051.04,1056.74,559552
2012-07-13,1060.86,1067.62,1039.11,1046.45,592804
2012-07-16,1051.8,1072.08,1041.54,1063.55,599666
2012-07-17,1069.91,1074.55,1052.33,1057.28,273112
2012-07-18,1058.29,1086.27,1048.97,1084.14,508727
2012-07-19,1038.54,1038.54,981.09,987.54,8345304
2012-07-20,968.05,1017.94,967.61,1014.23,4553438
2012-07-23,977.55,978.43,949.53,954.53,4040249
2012-07-24,959.87,989.04,959.21,978.35,2373402
2012-07-25,967.83,979.14,959.83,974.86,1202467
2012-07-26,981.09,994.87,971.01,979.8,2109342
2012-07-27,994.12,994.3,977.6,983.69,884839
2012-07-30,959.08,993.9,956.91,989.84,1353345
2012-07-31,985.51,1005.48,983.52,1003.05,708501
2012-08-01,1002.3,1011.14,988.6,994.87,704104
2012-08-02,998.59,1002.3,986.39,994.65,429857
2012-08-03,989.75,994.21,980.16,990.68,297511
2012-08-06,1002.3,1008.49,994.34,1005.53,425446
2012-08-07,1007.56,1015.51,998.76,1013.75,556437
2012-08-08,1008.13,1017.55,1004.07,1007.69,568514
2012-08-09,1009.37,1030.58,1004.95,1011.85,895054
2012-08-10,1011.14,1039.29,1008.18,1030.41,638608
2012-08-13,1042.34,1056.21,1040.48,1047.33,838204
2012-08-14,1053.16,1059.38,1031.81,1053.96,418219
2012-08-16,1060.1,1065.61,1040.71,1043.02,396861
2012-08-17,1058.5,1062.76,1041.73,1047.42,1988327
2012-08-21,1058.5,1064.72,1046.13,1056.63,1186236
2012-08-22,1054.05,1072.73,1049.64,1052.4,700024
2012-08-23,1055.16,1060.32,1046.93,1050.49,304311
2012-08-24,1050.67,1061.16,1032.7,1058.76,470889
2012-08-27,1062.9,1066.06,1035.41,1038.75,355903
2012-08-28,1036.44,1052.54,1028.25,1035.77,432474
2012-08-29,1038.26,1043.37,1026.7,1038.75,630103
2012-08-30,1031.85,1035.37,1007.88,1017.22,896906
2012-08-31,1012.6,1021.58,1005.13,1016.96,392594
2012-09-03,1005.3,1040.75,1005.3,1034.03,445403
2012-09-04,1034.03,1048.71,1020.69,1044.84,417884
2012-09-05,1040.71,1048.71,1033.63,1044.71,421800
2012-09-06,1040.71,1063.83,1040.71,1052.67,767955
2012-09-07,1063.83,1074.51,1059.65,1071.84,1285056
2012-09-10,1078.06,1085.85,1065.26,1072.82,474322
2012-09-11,1066.06,1086.02,1060.01,1079.71,498747
2012-09-12,1081.62,1089.85,1078.33,1085.36,482824
2012-09-13,1087.23,1093.94,1070.95,1076.82,347562
2012-09-14,1090.52,1127.7,1090.52,1121.74,1197005
2012-09-17,1139.44,1178.13,1134.15,1137.93,1338378
2012-09-18,1147.36,1149.76,1128.01,1134.95,640871
2012-09-20,1112.75,1157.94,1112.75,1141.13,940325
2012-09-21,1151.0,1171.73,1144.91,1166.79,800094
2012-09-24,1169.68,1218.43,1165.37,1204.95,994282
2012-09-25,1210.42,1217.18,1171.51,1175.64,693537
2012-09-26,1163.5,1182.67,1154.07,1167.1,909320
2012-09-27,1172.26,1193.7,1171.86,1183.96,1272235
2012-09-28,1196.37,1218.6,1192.81,1201.35,1241053
2012-10-01,1208.82,1229.99,1198.68,1207.93,865209
2012-10-03,1207.93,1222.43,1204.77,1212.78,639206
2012-10-04,1219.72,1254.05,1212.02,1236.84,1104971
2012-10-05,1244.84,1253.29,1121.83,1234.35,987181
2012-10-08,1229.28,1254.09,1223.18,1232.35,1099782
2012-10-09,1245.29,1249.74,1234.17,1238.71,755966
2012-10-10,1231.95,1240.4,1223.94,1226.56,450007
2012-10-11,1231.95,1237.28,1198.59,1217.89,1280918
2012-10-12,1205.71,1234.17,1205.71,1220.43,792185
2012-10-15,1222.43,1231.32,1186.58,1190.36,710035
2012-10-16,1194.14,1221.01,1189.78,1215.98,860593
2012-10-17,1226.48,1235.5,1212.33,1216.96,896249
2012-10-18,1221.49,1235.06,1219.58,1226.39,559121
2012-10-19,1221.67,1229.28,1212.11,1217.94,243014
2012-10-22,1211.49,1225.63,1203.97,1218.47,278367
2012-10-23,1214.16,1225.63,1210.6,1215.85,351522
2012-10-25,1217.71,1224.79,1199.03,1217.58,540856
2012-10-29,1218.6,1221.27,1204.02,1211.67,665083
2012-10-30,1201.7,1262.19,1190.14,1237.11,1697578
2012-10-31,1231.95,1284.25,1228.65,1279.0,2341085
2012-11-01,1279.98,1304.88,1279.18,1298.44,1719118
2012-11-02,1303.99,1314.09,1293.41,1303.91,1151250
2012-11-05,1300.44,1323.52,1297.55,1314.89,741504
2012-11-06,1305.82,1311.96,1283.63,1291.19,915224
2012-11-07,1288.56,1314.89,1288.03,1305.02,486738
2012-11-08,1290.83,1310.35,1290.74,1298.44,459052
2012-11-09,1298.44,1312.0,1296.43,1301.68,578089
2012-11-12,1311.11,1311.11,1284.34,1293.41,290527
2012-11-15,1286.47,1313.78,1281.54,1304.04,788772
2012-11-16,1299.55,1313.78,1275.71,1279.18,376344
2012-11-19,1286.12,1340.2,1286.12,1329.12,1688460
2012-11-20,1338.68,1342.33,1322.63,1333.61,1032949
2012-11-21,1334.46,1337.75,1316.54,1327.57,421427
2012-11-22,1334.24,1347.14,1324.68,1328.41,427099
2012-11-23,1335.13,1336.91,1320.9,1328.28,223808
2012-11-26,1335.22,1335.35,1320.9,1326.99,381166
2012-11-27,1332.46,1342.6,1328.06,1332.15,531466
2012-11-29,1334.24,1338.2,1311.24,1324.54,639078
2012-11-30,1327.34,1333.35,1307.73,1310.98,432369
2012-12-03,1316.45,1338.02,1315.96,1325.25,710972
2012-12-04,1336.02,1336.02,1312.58,1316.94,326134
2012-12-05,1322.67,1325.34,1309.33,1314.09,368330
2012-12-06,1317.16,1322.63,1298.17,1318.72,340106
2012-12-07,1325.34,1369.73,1325.34,1343.09,1272135
2012-12-10,1338.69,1355.14,1325.57,1328.37,314521
2012-12-11,1325.25,1334.24,1304.53,1314.58,309880
2012-12-12,1320.89,1327.08,1301.37,1312.89,652425
2012-12-13,1318.23,1330.68,1307.55,1311.24,536596
2012-12-14,1314.89,1323.56,1290.65,1314.0,464608
2012-12-17,1325.34,1343.84,1316.94,1333.93,879034
2012-12-18,1334.24,1338.64,1309.2,1312.31,579109
2012-12-19,1322.99,1349.31,1320.81,1342.91,960012
2012-12-20,1346.42,1361.06,1343.13,1352.16,626581
2012-12-21,1345.8,1353.72,1334.33,1338.6,505267
2012-12-24,1331.79,1334.99,1312.31,1315.47,338405
2012-12-26,1315.11,1328.81,1314.67,1316.54,260198
2012-12-27,1325.34,1335.13,1312.31,1318.23,588291
2012-12-28,1325.34,1349.36,1320.09,1334.59,453955
2012-12-31,1336.46,1346.69,1322.45,1325.39,187038
2013-01-01,1331.57,1355.59,1320.85,1347.05,446063
2013-01-02,1350.96,1392.94,1350.96,1385.29,801361
2013-01-03,1393.83,1393.83,1370.08,1372.75,584243
2013-01-04,1371.6,1386.63,1369.37,1374.66,361754
2013-01-07,1381.83,1424.74,1381.83,1409.49,951298
2013-01-08,1417.76,1417.85,1397.39,1400.82,640368
2013-01-09,1396.5,1419.1,1389.03,1396.15,671715
2013-01-10,1401.93,1413.4,1391.3,1398.55,911264
2013-01-11,1398.28,1416.92,1385.56,1392.28,812488
2013-01-14,1396.5,1403.62,1361.81,1369.02,1491642
2013-01-15,1374.26,1391.97,1372.66,1375.15,693345
2013-01-16,1369.82,1387.61,1318.49,1328.19,1202364
2013-01-17,1321.87,1353.54,1321.87,1328.99,986779
2013-01-18,1341.18,1391.34,1336.46,1376.44,1741932
2013-01-21,1383.16,1407.89,1379.38,1400.59,1538191
2013-01-22,1406.29,1418.65,1393.88,1396.59,930310
2013-01-23,1408.95,1411.05,1392.23,1399.79,841493
2013-01-24,1401.84,1403.62,1359.77,1368.75,575646
2013-01-25,1377.82,1428.52,1371.82,1422.7,2993882
2013-01-28,1441.87,1453.34,1423.63,1430.44,1157319
2013-01-29,1430.3,1448.09,1412.51,1417.0,703176
2013-01-30,1426.7,1443.42,1419.63,1424.88,649445
2013-01-31,1417.85,1437.42,1403.66,1406.82,933230
2013-02-01,1410.02,1442.58,1405.4,1431.81,895967
2013-02-04,1433.86,1438.13,1415.18,1422.65,416405
2013-02-05,1416.96,1432.53,1414.29,1423.5,491977
2013-02-06,1432.08,1457.88,1432.08,1447.96,1082611
2013-02-07,1447.16,1448.89,1436.0,1443.07,480018
2013-02-08,1445.42,1451.56,1402.86,1412.25,659412
2013-02-11,1417.58,1418.65,1383.92,1386.54,361453
2013-02-12,1388.99,1408.95,1377.07,1386.67,442763
2013-02-13,1387.34,1396.5,1360.92,1363.1,598533
2013-02-14,1347.67,1350.65,1313.2,1321.12,1655638
2013-02-15,1314.0,1320.89,1301.77,1312.04,688998
2013-02-18,1312.89,1320.9,1304.44,1316.27,457163
2013-02-19,1308.66,1356.3,1301.59,1344.24,814306
2013-02-20,1337.13,1344.24,1318.54,1341.62,639004
2013-02-21,1328.9,1341.26,1289.9,1305.33,957074
2013-02-22,1301.68,1304.88,1272.06,1279.44,648683
2013-02-25,1282.65,1298.57,1279.31,1284.51,399084
2013-02-26,1280.87,1280.87,1237.37,1249.11,686212
2013-02-27,1245.29,1271.84,1225.01,1252.89,504783
2013-02-28,1258.9,1262.01,1192.19,1204.68,2957853
2013-03-01,1213.27,1277.67,1211.71,1266.99,935306
2013-03-04,1252.49,1260.23,1237.19,1244.18,277745
2013-03-05,1240.84,1285.14,1240.84,1272.64,620394
2013-03-06,1275.93,1282.82,1255.34,1267.04,436690
2013-03-07,1262.63,1294.03,1254.05,1289.18,425637
2013-03-08,1298.66,1311.07,1259.43,1271.04,756489
2013-03-11,1279.89,1287.98,1257.74,1261.25,372123
2013-03-12,1254.76,1271.97,1246.8,1260.41,423192
2013-03-13,1248.85,1257.47,1219.49,1222.38,328461
2013-03-14,1220.38,1267.44,1210.38,1262.01,627771
2013-03-15,1266.64,1270.02,1234.26,1251.25,444509
2013-03-18,1236.39,1239.86,1205.84,1210.64,369621
2013-03-19,1215.05,1229.99,1187.52,1213.84,677734
2013-03-20,1205.26,1222.16,1184.8,1194.23,454199
2013-03-21,1194.59,1207.66,1145.67,1162.52,707612
2013-03-22,1168.61,1176.8,1152.34,1161.28,719856
2013-03-25,1175.02,1183.02,1135.35,1143.17,336083
2013-03-26,1134.28,1154.47,1126.19,1150.33,303740
2013-03-28,1144.78,1170.39,1131.17,1139.62,840376
2013-04-01,1138.55,1146.02,1122.54,1141.93,280418
2013-04-02,1134.1,1170.44,1120.76,1163.28,798827
2013-04-03,1151.89,1181.6,1151.89,1159.45,361668
2013-04-04,1149.22,1182.58,1140.33,1166.21,385661
2013-04-05,1180.36,1266.64,1180.36,1250.89,1681662
2013-04-08,1247.25,1266.64,1228.61,1263.21,781175
2013-04-09,1268.41,1282.65,1246.18,1251.87,682014
2013-04-10,1256.94,1260.99,1231.28,1256.5,479132
2013-04-11,1257.74,1273.75,1243.33,1270.24,506487
2013-04-12,1263.08,1271.97,1247.2,1252.8,245123
2013-04-15,1245.29,1285.23,1242.04,1265.66,358385
2013-04-16,1258.63,1323.47,1258.63,1318.27,620229
2013-04-17,1321.87,1338.51,1304.97,1329.35,422625
2013-04-18,1321.16,1363.99,1321.16,1356.12,540860
2013-04-22,1359.14,1382.14,1357.28,1370.22,352370
2013-04-23,1370.71,1373.55,1347.71,1366.57,288841
2013-04-25,1371.51,1422.52,1371.51,1415.14,775649
2013-04-26,1415.14,1505.91,1394.28,1488.25,3505606
2013-04-29,1490.65,1516.0,1490.65,1497.46,897487
2013-04-30,1503.24,1509.47,1472.86,1485.1,400577
2013-05-02,1460.55,1520.76,1460.55,1494.17,877894
2013-05-03,1496.79,1511.69,1477.98,1481.36,575722
2013-05-06,1484.56,1511.25,1474.24,1505.38,414868
2013-05-07,1512.14,1518.5,1497.73,1505.73,462187
2013-05-08,1509.47,1509.47,1489.01,1495.1,306652
2013-05-09,1496.35,1497.9,1472.91,1476.69,344448
2013-05-10,1489.9,1543.18,1488.12,1537.0,1228156
2013-05-13,1547.72,1547.72,1511.11,1516.58,347596
2013-05-14,1517.47,1526.28,1504.57,1515.6,300610
2013-05-15,1529.7,1563.73,1522.63,1546.87,653485
2013-05-16,1538.91,1556.43,1531.97,1537.22,289810
2013-05-17,1538.82,1548.83,1512.76,1519.87,288440
2013-05-20,1525.48,1578.31,1525.48,1549.72,549253
2013-05-21,1549.81,1551.76,1504.66,1509.82,559417
2013-05-22,1516.58,1525.17,1496.12,1501.11,419210
2013-05-23,1494.35,1500.97,1410.82,1465.44,1072941
2013-05-24,1468.02,1580.63,1435.64,1489.81,743669
2013-05-27,1485.45,1485.45,1453.16,1466.55,584287
2013-05-28,1467.71,1484.56,1467.71,1472.2,333797
2013-05-29,1467.66,1478.16,1441.55,1453.56,457835
2013-05-30,1443.64,1464.1,1426.17,1456.54,593474
2013-05-31,1445.51,1470.24,1421.54,1428.17,410598
2013-06-03,1423.14,1423.14,1377.24,1395.21,432366
2013-06-04,1383.74,1413.18,1369.19,1375.87,431388
2013-06-05,1378.8,1402.11,1363.81,1394.95,621196
2013-06-06,1386.54,1422.12,1378.71,1411.71,498248
2013-06-07,1392.05,1408.51,1374.26,1383.07,780953
2013-06-10,1400.95,1406.24,1343.27,1353.67,503982
2013-06-11,1344.91,1352.92,1317.34,1325.74,675122
2013-06-12,1321.78,1325.34,1300.35,1316.14,469660
2013-06-13,1297.77,1299.99,1271.97,1295.63,690959
2013-06-14,1318.23,1352.03,1309.02,1346.82,383703
2013-06-17,1365.46,1379.96,1338.77,1365.59,533292
2013-06-18,1365.37,1376.04,1352.92,1368.53,529919
2013-06-19,1360.21,1378.27,1355.59,1373.15,389004
2013-06-20,1352.03,1370.62,1328.23,1356.61,505078
2013-06-21,1352.03,1387.52,1344.69,1382.85,433570
2013-06-24,1375.15,1398.28,1362.52,1373.78,707604
2013-06-25,1369.82,1385.12,1336.24,1374.44,484805
2013-06-26,1375.33,1385.74,1346.33,1374.04,408512
2013-06-27,1387.61,1392.05,1344.2,1353.09,493875
2013-06-28,1369.82,1378.0,1349.45,1367.82,444718
2013-07-01,1369.82,1443.11,1347.58,1428.03,856025
2013-07-02,1414.74,1440.09,1398.73,1404.2,589430
2013-07-03,1388.5,1406.29,1383.74,1388.45,173724
2013-07-04,1396.5,1402.73,1363.64,1385.25,278194
2013-07-05,1397.39,1400.95,1377.82,1382.76,273858
2013-07-08,1374.26,1390.28,1360.92,1379.65,311166
2013-07-09,1373.38,1377.82,1352.92,1373.24,467745
2013-07-10,1367.19,1378.4,1360.92,1372.93,344394
2013-07-11,1387.61,1404.6,1331.79,1339.17,543696
2013-07-12,1329.79,1338.73,1279.53,1287.94,945429
2013-07-15,1288.87,1303.11,1274.77,1286.74,522612
2013-07-16,1271.08,1271.88,1246.18,1255.3,817379
2013-07-17,1256.18,1274.46,1246.62,1264.1,1141103
2013-07-18,1258.63,1295.1,1251.69,1285.8,714436
2013-07-19,1289.99,1300.44,1273.84,1291.1,403857
2013-07-22,1278.2,1304.44,1276.42,1288.38,324022
2013-07-23,1282.91,1302.22,1280.6,1288.61,451305
2013-07-24,1278.2,1284.25,1247.16,1259.56,405613
2013-07-25,1263.43,1291.68,1247.29,1257.74,1896090
2013-07-26,1287.98,1287.98,1203.22,1223.41,1226137
2013-07-29,1223.05,1225.81,1188.18,1199.21,710715
2013-07-30,1200.72,1212.2,1192.36,1194.05,459744
2013-07-31,1188.36,1188.36,1149.22,1179.73,500776
2013-08-01,1179.47,1209.35,1176.13,1192.19,797570
2013-08-02,1207.93,1213.13,1180.93,1189.87,360939
2013-08-05,1196.59,1211.31,1184.85,1195.39,178344
2013-08-06,1183.02,1208.6,1164.57,1184.76,301434
2013-08-07,1196.37,1200.72,1158.12,1183.78,456603
2013-08-08,1184.0,1238.53,1184.0,1231.99,1398921
2013-08-12,1238.39,1253.29,1220.56,1227.68,700028
2013-08-13,1212.29,1264.04,1212.29,1249.82,1031827
2013-08-14,1250.76,1274.02,1239.13,1244.68,530381
2013-08-16,1242.84,1242.89,1178.42,1185.54,1464791
2013-08-19,1180.97,1196.01,1163.08,1170.64,429786
2013-08-20,1163.08,1169.08,1134.99,1161.2,916913
2013-08-21,1174.71,1185.31,1140.71,1149.17,926580
2013-08-22,1148.94,1162.19,1102.78,1150.29,1030562
2013-08-23,1162.99,1184.55,1132.71,1156.82,621224
2013-08-26,1163.08,1179.45,1158.12,1170.37,438706
2013-08-27,1162.99,1169.3,1109.4,1127.52,929746
2013-08-28,1107.61,1117.45,1087.03,1106.13,1150637
2013-08-29,1109.85,1130.69,1094.46,1118.88,573972
2013-08-30,1114.77,1117.45,1095.98,1112.58,758972
2013-09-02,1109.62,1169.88,1103.14,1163.08,537411
2013-09-03,1176.5,1180.62,1122.37,1141.65,627614
2013-09-04,1135.35,1147.69,1111.19,1142.06,656723
2013-09-05,1154.13,1175.92,1154.13,1162.72,531076
2013-09-06,1172.92,1173.77,1142.5,1152.7,473918
2013-09-10,1167.55,1207.77,1163.08,1195.87,857196
2013-09-11,1208.71,1242.53,1204.5,1217.48,1255303
2013-09-12,1223.87,1231.08,1176.99,1181.78,523296
2013-09-13,1176.5,1194.39,1163.98,1177.31,534719
2013-09-16,1201.86,1234.03,1193.9,1216.67,707004
2013-09-17,1218.55,1242.53,1216.76,1230.9,478211
2013-09-18,1239.13,1257.02,1231.97,1254.2,413270
2013-09-19,1289.23,1345.06,1289.23,1324.12,1132596
2013-09-20,1324.03,1325.91,1253.44,1312.72,751243
2013-09-23,1297.28,1301.22,1241.81,1253.67,500010
2013-09-24,1243.6,1290.12,1240.92,1262.21,517200
2013-09-25,1265.88,1273.13,1231.21,1246.46,326342
2013-09-26,1265.97,1273.13,1234.74,1241.41,537625
2013-09-27,1245.3,1259.44,1218.15,1222.98,599199
2013-09-30,1222.13,1228.97,1198.87,1215.46,406918
2013-10-01,1220.38,1261.49,1220.34,1234.83,931358
2013-10-03,1248.03,1270.44,1230.36,1263.6,650153
2013-10-04,1261.94,1283.82,1257.96,1278.05,666373
2013-10-07,1274.92,1281.8,1254.38,1261.67,329756
2013-10-08,1270.44,1273.89,1252.55,1258.45,411447
2013-10-09,1258.81,1258.81,1240.2,1251.21,481828
2013-10-10,1251.65,1275.09,1250.98,1271.43,617290
2013-10-11,1284.85,1315.18,1264.27,1309.81,762748
2013-10-14,1310.93,1323.23,1290.48,1294.51,697237
2013-10-15,1299.07,1318.04,1280.28,1288.25,413066
2013-10-17,1288.38,1298.89,1268.65,1276.75,316070
2013-10-18,1281.18,1317.41,1277.69,1314.06,490221
2013-10-21,1315.49,1380.26,1315.27,1359.86,877353
2013-10-22,1362.59,1374.22,1346.76,1355.08,351924
2013-10-23,1357.05,1382.28,1326.36,1367.83,534863
2013-10-24,1367.07,1386.53,1341.97,1354.45,580715
2013-10-25,1343.0,1371.63,1333.07,1349.8,432129
2013-10-28,1351.28,1367.96,1344.7,1353.96,919522
2013-10-29,1423.34,1473.09,1400.84,1463.02,4085346
2013-10-30,1468.17,1485.08,1453.85,1464.27,951167
2013-10-31,1454.83,1473.27,1446.92,1463.87,760636
2013-11-01,1469.06,1481.45,1454.97,1463.83,733492
2013-11-05,1471.74,1471.74,1446.87,1452.28,491093
2013-11-06,1451.17,1470.85,1440.43,1444.5,526949
2013-11-07,1440.7,1471.65,1433.63,1441.15,496581
2013-11-08,1436.05,1440.43,1393.46,1414.08,740937
2013-11-11,1413.59,1435.06,1396.86,1415.87,509621
2013-11-12,1423.88,1451.17,1415.47,1419.94,720325
2013-11-13,1413.59,1426.12,1407.33,1413.14,446748
2013-11-14,1428.53,1453.85,1423.83,1442.76,633129
2013-11-18,1456.27,1462.93,1442.26,1457.74,642611
2013-11-19,1458.32,1512.99,1454.25,1505.34,1253144
2013-11-20,1512.0,1520.95,1470.04,1476.08,612988
2013-11-21,1480.6,1492.05,1466.24,1473.53,591465
2013-11-22,1486.95,1500.15,1463.92,1467.41,822901
2013-11-25,1478.9,1511.83,1472.91,1502.07,730897
2013-11-26,1503.06,1510.22,1480.29,1488.12,395917
2013-11-27,1492.37,1494.11,1468.17,1485.12,571218
2013-11-28,1493.22,1498.58,1474.56,1491.11,888680
2013-11-29,1494.11,1514.38,1491.56,1499.61,502124
2013-12-02,1494.11,1505.12,1482.12,1486.42,495575
2013-12-03,1485.16,1509.19,1478.23,1488.07,572128
2013-12-04,1478.28,1493.93,1461.86,1467.05,428767
2013-12-05,1491.56,1528.74,1491.56,1521.09,1947489
2013-12-06,1526.1,1536.74,1515.58,1522.29,834899
2013-12-09,1555.75,1583.58,1529.45,1577.99,1184977
2013-12-10,1577.32,1593.06,1562.11,1567.3,1048021
2013-12-11,1559.69,1588.86,1552.27,1568.37,668007
2013-12-12,1563.9,1563.9,1530.26,1534.19,478485
2013-12-13,1529.9,1538.8,1505.38,1511.65,577334
2013-12-16,1509.32,1534.28,1499.48,1522.38,428119
2013-12-17,1530.08,1549.31,1516.43,1522.65,552326
2013-12-18,1524.31,1557.5,1516.84,1547.75,791839
2013-12-19,1557.63,1608.63,1543.54,1593.02,1469454
2013-12-20,1605.95,1637.26,1588.01,1619.05,1493300
2013-12-23,1618.47,1628.22,1606.48,1612.57,681383
2013-12-24,1605.95,1612.7,1588.28,1600.4,409326
2013-12-26,1597.0,1613.77,1591.14,1604.69,362435
2013-12-27,1601.7,1611.05,1577.32,1588.1,503568
2013-12-30,1597.0,1605.81,1581.79,1590.02,358010
2013-12-31,1592.62,1596.95,1572.44,1578.12,303542
2014-01-01,1583.58,1589.75,1571.55,1578.21,214453
2014-01-02,1573.74,1623.66,1573.74,1582.15,1565710
2014-01-03,1580.0,1618.16,1567.7,1609.17,583504
2014-01-06,1614.89,1627.78,1603.75,1617.31,549379
2014-01-07,1644.42,1658.96,1628.4,1651.35,1614578
2014-01-08,1655.15,1664.1,1634.62,1643.97,1398622
2014-01-09,1663.03,1663.21,1611.4,1620.98,947521
2014-01-10,1620.35,1623.44,1581.79,1605.14,670378
2014-01-13,1610.42,1623.62,1579.11,1594.99,559984
2014-01-14,1595.21,1603.08,1573.83,1586.58,530939
2014-01-15,1601.47,1616.68,1580.98,1610.51,612338
2014-01-16,1613.19,1620.08,1597.0,1601.34,429527
2014-01-17,1590.92,1618.29,1580.27,1588.23,310359
2014-01-20,1587.16,1608.05,1576.42,1590.92,340046
2014-01-21,1594.32,1621.78,1594.32,1612.12,541958
2014-01-22,1615.34,1627.42,1605.95,1617.44,424767
2014-01-23,1606.93,1628.22,1600.09,1604.87,493794
2014-01-24,1596.91,1614.8,1582.91,1587.38,377713
2014-01-27,1570.16,1570.16,1512.0,1523.01,923081
2014-01-28,1534.37,1567.03,1378.16,1401.06,6599087
2014-01-29,1445.08,1518.98,1445.08,1497.56,6737926
2014-01-30,1492.32,1497.69,1454.39,1463.6,1651215
2014-01-31,1480.69,1480.69,1450.14,1463.92,729347
2014-02-03,1449.38,1485.16,1443.16,1448.04,957497
2014-02-04,1432.38,1458.32,1422.54,1449.06,703285
2014-02-05,1448.48,1452.15,1433.36,1437.48,627278
2014-02-06,1440.61,1471.7,1425.22,1467.0,1237835
2014-02-07,1480.65,1494.47,1474.88,1489.59,921283
2014-02-10,1489.64,1522.38,1489.64,1510.98,896683
2014-02-11,1512.23,1519.16,1492.41,1501.4,294694
2014-02-12,1507.53,1511.83,1470.04,1474.16,442825
2014-02-13,1472.64,1484.09,1460.56,1468.39,439092
2014-02-14,1469.06,1479.39,1445.49,1470.31,451950
2014-02-17,1462.8,1498.5,1462.8,1490.26,617227
2014-02-18,1498.58,1551.06,1490.62,1528.51,954637
2014-02-19,1533.48,1539.74,1513.79,1519.25,341015
2014-02-20,1518.27,1526.32,1497.87,1506.01,344996
2014-02-21,1508.52,1523.1,1495.5,1499.12,340948
2014-02-24,1498.58,1516.48,1472.46,1506.99,326898
2014-02-25,1512.09,1515.49,1496.26,1501.27,245384
2014-02-26,1492.32,1506.73,1477.11,1488.79,584837
2014-02-28,1467.27,1484.31,1407.33,1421.64,1768632
2014-03-03,1415.38,1446.6,1409.12,1415.56,1060385
2014-03-04,1410.91,1434.17,1386.75,1429.16,797764
2014-03-05,1444.64,1464.54,1425.71,1454.21,728060
2014-03-06,1458.06,1482.48,1447.59,1476.62,422906
2014-03-07,1480.69,1563.0,1467.45,1552.31,944177
2014-03-10,1547.79,1625.85,1535.85,1611.4,1324717
2014-03-11,1614.0,1620.89,1561.03,1569.4,703249
2014-03-12,1543.32,1602.37,1503.06,1578.26,1443683
2014-03-13,1580.0,1602.28,1550.48,1563.31,641720
2014-03-14,1534.37,1571.37,1529.9,1555.35,588996
2014-03-18,1699.89,1707.94,1657.17,1671.44,1795672
2014-03-19,1675.73,1690.05,1655.82,1672.82,621508
2014-03-20,1672.15,1677.34,1653.41,1661.01,310199
2014-03-21,1661.01,1681.32,1661.01,1671.75,284182
2014-03-24,1679.89,1702.57,1675.95,1687.63,329812
2014-03-25,1682.89,1710.62,1678.28,1701.41,395158
2014-03-26,1709.73,1743.73,1709.73,1733.08,634815
2014-03-27,1736.57,1761.08,1717.92,1731.69,825829
2014-03-28,1732.01,1750.48,1717.87,1727.98,326409
2014-03-31,1733.84,1771.46,1722.25,1764.08,437613
2014-04-01,1767.88,1771.46,1719.66,1727.49,288560
2014-04-02,1731.2,1743.46,1720.33,1729.59,268932
2014-04-03,1735.67,1757.5,1724.04,1735.41,307539
2014-04-04,1735.67,1744.62,1715.23,1724.22,195927
2014-04-07,1722.25,1732.1,1674.84,1704.32,319401
2014-04-09,1690.94,1735.67,1678.41,1728.96,698363
2014-04-10,1729.41,1765.65,1714.29,1753.52,486855
2014-04-11,1736.57,1743.46,1720.6,1731.83,504763
2014-04-15,1721.63,1743.37,1703.47,1724.22,228758
2014-04-16,1726.06,1757.86,1723.55,1731.42,371554
2014-04-17,1733.44,1754.91,1714.11,1745.83,337629
2014-04-21,1747.71,1790.25,1747.71,1778.89,481905
2014-04-22,1788.42,1795.48,1759.83,1767.52,323792
2014-04-23,1775.85,1783.99,1761.62,1773.3,398691
2014-04-24,1773.3,1773.3,1773.3,1773.3,0
2014-04-25,1780.41,1783.99,1715.1,1750.17,1064921
2014-04-28,1744.62,1759.65,1732.95,1745.02,258675
2014-04-29,1749.09,1754.46,1709.1,1714.65,335612
2014-04-30,1718.76,1736.39,1709.73,1720.46,243902
2014-05-02,1695.41,1707.67,1682.04,1685.04,324650
2014-05-05,1684.68,1714.56,1669.47,1697.96,352889
2014-05-06,1698.99,1714.25,1684.68,1709.06,239206
2014-05-07,1704.54,1706.33,1680.29,1683.11,246112
2014-05-08,1689.15,1699.89,1678.59,1696.85,180796
2014-05-09,1681.99,1774.82,1681.99,1766.85,457287
2014-05-12,1766.99,1847.37,1758.09,1834.0,555623
2014-05-13,1860.93,1896.72,1827.42,1870.19,528807
2014-05-14,1871.67,1896.72,1842.59,1865.58,329237
2014-05-15,1862.72,1902.98,1859.14,1894.79,441637
2014-05-16,1968.29,2074.31,1914.7,1925.48,808438
2014-05-19,1959.34,2013.02,1959.34,1981.4,490566
2014-05-20,1987.97,2001.21,1952.68,1962.92,225127
2014-05-21,1969.18,1977.19,1937.87,1940.73,186665
2014-05-22,1972.72,2046.13,1972.72,2026.27,679922
2014-05-23,2038.7,2149.91,2026.76,2134.57,397790
2014-05-26,2153.94,2241.17,2070.33,2094.71,778712
2014-05-27,2098.87,2118.6,2047.92,2059.59,241821
2014-05-28,2048.81,2111.71,2044.56,2066.66,352579
2014-05-29,2060.53,2091.49,2017.54,2062.99,352983
2014-05-30,2070.42,2093.5,2016.6,2032.53,189180
2014-06-02,2030.92,2093.86,2030.92,2079.5,246577
2014-06-03,2097.75,2108.58,2066.7,2090.73,372134
2014-06-04,2092.92,2141.01,2091.76,2122.22,296026
2014-06-05,2156.17,2171.38,2117.84,2130.41,553410
2014-06-06,2149.01,2158.77,2129.33,2140.11,252012
2014-06-09,2160.65,2191.06,2135.64,2178.67,315081
2014-06-10,2214.33,2222.38,2157.07,2204.75,559445
2014-06-11,2209.85,2221.04,2176.75,2190.66,395488
2014-06-12,2165.12,2226.27,2153.27,2219.56,446513
2014-06-13,2223.27,2233.11,2141.46,2150.22,328108
2014-06-16,2146.33,2155.28,2111.89,2130.36,225806
2014-06-17,2136.49,2167.36,2130.23,2160.15,190284
2014-06-18,2160.65,2191.07,2147.23,2178.54,501190
2014-06-19,2183.91,2191.07,2121.28,2129.38,305893
2014-06-20,2114.35,2144.86,2113.23,2117.17,135952
2014-06-23,2140.07,2142.71,2103.43,2129.6,158501
2014-06-24,2138.28,2166.91,2137.56,2160.29,217974
2014-06-25,2160.6,2261.74,2139.26,2210.75,430866
2014-06-26,2223.27,2240.23,2180.78,2224.97,539042
2014-06-27,2218.85,2218.85,2183.01,2196.17,151990
2014-06-30,2196.39,2209.41,2172.46,2182.43,240672
2014-07-01,2195.36,2330.99,2188.92,2311.67,1505073
2014-07-02,2320.61,2384.32,2297.76,2363.69,775548
2014-07-03,2370.89,2381.63,2339.58,2352.91,395691
2014-07-04,2350.32,2374.74,2341.06,2364.19,346996
2014-07-07,2370.0,2379.84,2342.8,2360.92,252391
2014-07-08,2379.84,2380.87,2306.48,2316.9,325370
2014-07-09,2332.42,2332.42,2229.71,2251.41,406355
2014-07-10,2251.9,2353.0,2227.75,2265.05,349298
2014-07-11,2259.06,2291.22,2211.64,2240.85,273178
2014-07-14,2220.59,2259.55,2220.59,2245.33,142260
2014-07-15,2259.96,2280.85,2242.96,2253.2,171337
2014-07-16,2259.02,2312.56,2238.48,2301.24,255637
2014-07-17,2303.79,2308.04,2261.07,2290.69,214428
2014-07-18,2281.43,2284.29,2241.17,2258.7,260815
2014-07-21,2258.7,2302.01,2258.7,2273.69,238243
2014-07-22,2277.67,2291.27,2231.01,2248.68,236100
2014-07-23,2259.19,2263.04,2217.91,2227.79,253475
2014-07-24,2236.69,2246.54,2223.27,2235.53,288868
2014-07-25,2234.01,2269.8,2233.92,2245.01,230984
2014-07-28,2245.64,2259.06,2230.07,2241.61,182179
2014-07-30,2245.6,2290.37,2223.27,2283.62,189655
2014-07-31,2294.62,2317.21,2246.89,2258.21,958095
2014-08-01,2245.64,2349.91,2244.75,2313.64,943610
2014-08-04,2317.21,2379.84,2300.57,2367.05,480503
2014-08-05,2374.21,2393.26,2351.75,2385.08,412319
2014-08-06,2374.47,2388.79,2353.31,2359.26,238191
2014-08-07,2352.55,2386.11,2352.55,2370.36,286075
2014-08-08,2352.11,2357.47,2320.35,2346.38,266242
2014-08-11,2361.05,2390.58,2357.52,2383.91,226565
2014-08-12,2390.58,2402.16,2368.39,2383.64,223239
2014-08-13,2373.85,2393.22,2364.63,2371.75,186796
2014-08-14,2366.42,2409.37,2366.42,2385.7,311544
2014-08-18,2371.92,2435.76,2371.92,2418.81,359547
2014-08-19,2429.05,2469.31,2426.54,2459.74,404906
2014-08-20,2459.47,2464.84,2437.95,2449.49,212477
2014-08-21,2454.95,2479.15,2449.72,2460.86,206504
2014-08-22,2465.73,2476.38,2441.57,2464.7,192631
2014-08-25,2488.1,2527.42,2486.49,2510.33,390940
2014-08-26,2491.68,2505.01,2464.84,2480.4,295099
2014-08-27,2502.51,2514.77,2480.72,2488.36,308090
2014-08-28,2493.52,2519.31,2481.57,2502.06,444326
2014-09-01,2519.58,2632.8,2508.8,2617.35,640846
2014-09-02,2631.9,2665.15,2612.85,2619.37,431825
2014-09-03,2641.79,2643.58,2603.15,2613.53,423897
2014-09-04,2614.83,2627.01,2590.66,2603.82,254066
2014-09-05,2580.68,2607.6,2569.81,2588.55,262632
2014-09-08,2583.38,2627.77,2566.31,2619.91,393871
2014-09-09,2632.8,2634.6,2608.54,2614.83,194446
2014-09-10,2597.8,2623.77,2592.37,2612.09,185112
2014-09-11,2610.34,2627.41,2584.5,2621.21,280993
2014-09-12,2624.71,2676.83,2624.71,2670.36,453657
2014-09-15,2669.55,2672.7,2632.8,2662.09,287604
2014-09-16,2655.26,2678.0,2633.7,2651.09,360771
2014-09-17,2650.77,2682.22,2620.44,2666.23,313982
2014-09-18,2675.93,2749.61,2659.76,2734.07,369872
2014-09-19,2736.32,2780.17,2722.66,2769.74,276972
2014-09-22,2762.46,2772.08,2732.99,2755.19,228956
2014-09-23,2766.69,2796.34,2744.31,2751.23,331237
2014-09-24,2763.09,2776.57,2723.56,2760.22,211358
2014-09-25,2763.09,2785.56,2734.34,2747.14,318285
2014-09-26,2731.91,2773.88,2661.46,2729.85,290099
2014-09-29,2728.05,2728.95,2697.36,2703.02,217945
2014-09-30,2711.87,2765.79,2708.1,2752.18,293390
2014-10-01,2738.83,2769.29,2660.79,2669.6,513843
2014-10-07,2669.64,2690.31,2636.39,2640.57,295318
2014-10-08,2640.89,2666.95,2627.45,2651.76,283872
2014-10-09,2660.66,2707.88,2660.66,2701.27,292837
2014-10-10,2686.8,2691.21,2643.58,2665.33,249861
2014-10-13,2642.69,2677.73,2628.35,2671.3,158747
2014-10-14,2677.82,2689.14,2657.15,2661.64,176342
2014-10-15,2661.64,2661.64,2661.64,2661.64,0
2014-10-16,2656.25,2677.73,2616.63,2638.96,168761
2014-10-17,2641.79,2660.39,2607.64,2642.77,283917
2014-10-20,2675.93,2709.0,2675.93,2699.02,196994
2014-10-21,2709.18,2771.85,2704.69,2763.72,220013
2014-10-22,2778.37,2865.53,2772.44,2854.93,398874
2014-10-27,2849.35,2866.43,2790.5,2848.19,160160
2014-10-28,2848.19,2848.19,2812.56,2831.7,220379
2014-10-29,2844.86,2892.49,2826.35,2880.27,228343
2014-10-30,2895.05,2964.37,2849.35,2911.58,1274329
2014-10-31,2933.82,3010.2,2916.97,2998.74,902391
2014-11-03,2992.23,2995.82,2943.7,2953.45,452092
2014-11-05,2960.78,2990.3,2947.3,2955.34,267172
2014-11-07,2952.69,2982.07,2919.58,2954.8,302843
2014-11-10,2951.79,2978.75,2936.56,2972.28,207284
2014-11-11,2963.47,2996.63,2957.32,2991.33,213365
2014-11-12,2991.33,3029.34,2974.26,3018.96,261098
2014-11-13,3028.17,3051.53,2984.77,2990.92,235947
2014-11-14,2991.42,3004.81,2983.51,2991.82,115687
2014-11-17,2984.99,3028.17,2977.04,3002.29,186565
2014-11-18,3002.11,3034.24,2987.33,3023.32,276896
2014-11-19,3035.36,3050.63,2986.48,3004.27,213795
2014-11-20,3003.91,3023.5,2976.05,2997.17,164288
2014-11-21,2994.97,3022.78,2970.26,3014.74,261401
2014-11-24,3010.51,3021.97,2995.82,3012.98,156584
2014-11-25,3017.39,3044.34,2948.78,2955.25,343894
2014-11-26,2947.3,2971.47,2919.17,2950.89,223306
2014-11-27,2953.32,2970.12,2926.81,2932.43,244311
2014-11-28,2946.4,3018.91,2943.7,3006.78,275680
2014-12-01,3002.11,3083.88,2996.72,3045.38,510490
2014-12-02,3050.63,3050.63,3012.04,3016.35,165773
2014-12-03,3024.44,3068.34,3024.44,3047.49,286735
2014-12-04,3047.94,3068.61,3040.93,3061.28,199285
2014-12-05,3065.01,3070.4,3046.14,3064.2,140056
2014-12-08,3082.08,3091.07,3024.67,3037.02,203336
2014-12-09,3046.14,3046.14,2983.06,2998.11,221590
2014-12-10,2985.98,3005.71,2968.15,2986.3,236136
2014-12-11,2987.73,3012.0,2953.36,3002.2,156314
2014-12-12,3012.0,3050.09,3003.28,3036.53,241538
2014-12-15,3031.76,3037.07,3006.87,3027.05,135240
2014-12-16,3005.71,3040.48,2966.62,2974.12,217196
2014-12-17,2956.28,2978.75,2921.02,2931.08,267012
2014-12-18,2965.27,3054.45,2938.36,3041.92,283235
2014-12-19,3056.03,3110.84,3010.42,3018.65,473560
2014-12-22,3038.91,3066.36,3017.48,3049.29,194933
2014-12-23,3050.63,3076.69,3041.74,3053.96,202035
2014-12-24,3055.13,3073.1,2994.74,3024.13,403056
2014-12-26,3025.47,3044.97,2988.63,2995.01,210882
2014-12-29,2996.76,3037.16,2996.76,3007.68,211257
2014-12-30,3010.2,3026.96,3000.72,3007.73,109577
2014-12-31,2969.76,3002.92,2965.05,2992.05,281626
2015-01-01,2983.47,3019.18,2983.47,3001.89,299232
2015-01-02,3019.18,3039.85,3010.65,3018.83,233924
2015-01-05,3038.95,3117.44,3033.61,3098.08,536747
2015-01-06,3090.17,3090.17,3039.4,3050.86,422743
2015-01-07,3055.13,3108.1,3039.0,3089.05,369241
2015-01-08,3113.53,3153.56,3094.66,3122.97,422022
2015-01-09,3144.98,3151.9,3082.04,3116.41,194054
2015-01-12,3118.03,3130.29,3095.7,3111.65,152803
2015-01-13,3130.43,3158.46,3110.93,3116.45,237771
2015-01-14,3119.69,3172.84,3110.21,3159.36,429069
2015-01-15,3190.23,3269.57,3180.93,3258.02,670686
2015-01-16,3248.54,3257.3,3227.7,3249.76,379075
2015-01-19,3259.73,3273.03,3248.5,3258.43,192537
2015-01-20,3251.01,3267.19,3220.91,3239.83,333315
2015-01-21,3255.51,3315.71,3227.65,3266.02,402419
2015-01-22,3277.97,3277.97,3227.74,3232.37,318883
2015-01-23,3265.39,3270.56,3212.38,3240.86,337571
2015-01-27,3275.23,3328.92,3221.5,3313.82,1278436
2015-01-28,3317.51,3377.26,3317.51,3347.88,672705
2015-01-29,3365.13,3365.13,3304.03,3314.63,603103
2015-01-30,3324.7,3361.54,3258.7,3277.39,284786
2015-02-02,3277.39,3347.16,3252.81,3297.25,319679
2015-02-03,3331.89,3331.89,3234.84,3241.89,220676
2015-02-04,3252.81,3265.39,3190.36,3196.7,203545
2015-02-05,3215.97,3232.14,3152.17,3165.38,379633
2015-02-06,3171.72,3175.09,3136.0,3147.32,198214
2015-02-09,3136.0,3142.47,3055.13,3065.28,286868
2015-02-10,3048.84,3125.22,3019.18,3049.6,547537
2015-02-11,3060.52,3118.75,3060.52,3104.32,341769
2015-02-12,3116.23,3198.67,3116.23,3191.62,436882
2015-02-13,3203.39,3259.1,3173.11,3250.07,321186
2015-02-16,3252.81,3279.77,3200.25,3209.77,260901
2015-02-18,3212.38,3220.46,3187.26,3203.35,161803
2015-02-19,3212.38,3248.32,3200.83,3230.48,214789
2015-02-20,3243.83,3247.42,3182.72,3187.53,240749
2015-02-23,3199.8,3212.38,3174.5,3186.23,163132
2015-02-24,3211.34,3234.84,3192.79,3224.33,143983
2015-02-25,3230.35,3248.32,3202.58,3216.78,173339
2015-02-26,3205.46,3218.58,3129.84,3142.15,429598
2015-02-27,3142.29,3251.78,3142.15,3238.79,378654
2015-03-02,3278.06,3351.65,3263.82,3334.99,386182
2015-03-03,3340.87,3355.56,3315.31,3332.47,206296
2015-03-04,3369.63,3405.3,3277.3,3305.29,340907
2015-03-05,3304.03,3334.81,3272.0,3305.6,152837
2015-03-09,3263.86,3316.52,3255.51,3298.91,218786
2015-03-10,3314.81,3314.81,3271.01,3276.85,182667
2015-03-11,3272.62,3299.54,3248.63,3285.56,198508
2015-03-12,3295.4,3342.62,3290.64,3311.4,308505
2015-03-13,3329.19,3340.15,3257.39,3280.4,363024
2015-03-16,3280.67,3304.03,3268.81,3277.12,182829
2015-03-17,3293.25,3314.77,3256.0,3290.15,185250
2015-03-18,3291.45,3304.93,3272.85,3293.16,177261
2015-03-19,3298.64,3320.2,3277.97,3284.26,252139
2015-03-20,3270.78,3300.26,3243.83,3256.27,206403
2015-03-23,3257.35,3270.06,3219.61,3229.81,192986
2015-03-24,3257.3,3266.29,3205.23,3223.43,227226
2015-03-25,3225.85,3260.81,3210.85,3248.09,201854
2015-03-26,3239.33,3255.46,3179.08,3200.2,489101
2015-03-27,3207.88,3252.59,3185.96,3243.87,204071
2015-03-30,3260.9,3301.33,3235.24,3289.61,152167
2015-03-31,3288.62,3349.59,3288.62,3322.32,294635
2015-04-01,3324.65,3376.41,3234.84,3275.01,694487
2015-04-06,3276.17,3298.55,3251.91,3260.85,262771
2015-04-07,3270.78,3279.77,3215.07,3234.75,306684
2015-04-08,3248.32,3293.16,3240.23,3260.63,256031
2015-04-09,3269.88,3295.04,3257.3,3288.04,238584
2015-04-10,3288.75,3314.23,3264.85,3294.68,201302
2015-04-13,3289.65,3306.73,3273.25,3293.43,218690
2015-04-15,3284.26,3350.76,3280.13,3306.95,232802
2015-04-16,3303.36,3341.5,3290.78,3304.84,206305
2015-04-17,3294.28,3309.33,3267.5,3276.89,99056
2015-04-20,3259.1,3278.33,3221.0,3242.07,175033
2015-04-21,3239.33,3241.35,3118.03,3136.13,482786
2015-04-22,3136.94,3152.26,3042.64,3111.69,422446
2015-04-23,3136.0,3176.93,3127.01,3140.0,234616
2015-04-24,3132.4,3203.39,3085.77,3182.18,332449
2015-04-27,3201.77,3310.32,3163.13,3278.33,1804129
2015-04-28,3292.35,3449.42,3288.75,3434.86,1129937
2015-04-29,3449.6,3480.15,3366.62,3384.18,703698
2015-04-30,3378.61,3408.26,3333.64,3347.93,592304
2015-05-04,3411.86,3450.5,3348.73,3376.59,478823
2015-05-05,3372.32,3419.05,3357.54,3408.31,458196
2015-05-06,3403.77,3403.77,3256.0,3265.89,430929
2015-05-07,3258.2,3258.2,3162.96,3184.16,469950
2015-05-08,3200.2,3252.81,3200.2,3244.32,495595
2015-05-11,3265.3,3301.69,3249.35,3281.3,288810
2015-05-12,3279.77,3282.42,3194.41,3214.58,332314
2015-05-13,3252.81,3263.59,3184.88,3238.52,337505
2015-05-14,3239.29,3282.91,3191.71,3276.62,287801
2015-05-15,3270.78,3310.32,3258.2,3298.82,208258
2015-05-18,3302.23,3330.45,3281.57,3322.54,183483
2015-05-19,3320.2,3351.56,3311.22,3330.76,175567
2015-05-20,3331.08,3369.58,3330.99,3335.39,218115
2015-05-21,3335.39,3351.56,3317.01,3322.99,198709
2015-05-22,3327.39,3350.58,3319.84,3326.99,135158
2015-05-25,3321.28,3339.97,3307.62,3318.18,81113
2015-05-26,3321.1,3351.65,3299.54,3348.46,252919
2015-05-27,3324.7,3369.63,3323.8,3344.38,283565
2015-05-28,3348.06,3359.7,3321.15,3332.69,317937
2015-05-29,3342.67,3404.62,3318.45,3401.7,432656
2015-06-01,3401.88,3503.47,3391.55,3489.0,571376
2015-06-02,3486.44,3493.0,3428.08,3442.77,329350
2015-06-03,3419.05,3432.53,3371.42,3394.07,277700
2015-06-04,3413.65,3426.23,3366.93,3389.44,193996
2015-06-05,3386.7,3414.46,3370.52,3378.12,253728
2015-06-08,3401.97,3418.64,3339.07,3345.81,303682
2015-06-09,3333.68,3348.91,3302.95,3317.78,209963
2015-06-10,3327.35,3368.64,3319.44,3362.93,239272
2015-06-11,3371.47,3395.64,3316.92,3325.95,226654
2015-06-12,3325.69,3374.12,3320.65,3357.76,173412
2015-06-15,3358.39,3405.48,3352.55,3385.26,175936
2015-06-16,3385.26,3424.03,3364.86,3405.21,228783
2015-06-17,3419.05,3436.93,3408.26,3422.42,291820
2015-06-18,3426.24,3497.18,3425.34,3469.46,232645
2015-06-19,3485.54,3548.89,3470.26,3537.97,309290
2015-06-22,3553.88,3589.68,3553.88,3576.88,230791
2015-06-23,3578.09,3619.88,3554.1,3609.68,330957
2015-06-24,3615.83,3626.3,3582.63,3602.62,306048
2015-06-25,3579.89,3633.53,3579.53,3622.57,240888
2015-06-26,3617.63,3663.82,3599.79,3657.12,291925
2015-06-29,3612.24,3617.41,3559.31,3588.25,344044
2015-06-30,3581.01,3648.18,3581.01,3615.25,340789
2015-07-01,3625.63,3675.0,3617.63,3622.75,380963
2015-07-02,3622.57,3638.3,3577.33,3588.34,322025
2015-07-03,3588.34,3612.24,3573.69,3593.28,279389
2015-07-06,3580.7,3598.76,3571.85,3583.44,332811
2015-07-07,3584.38,3597.68,3554.46,3569.24,287981
2015-07-08,3549.34,3566.41,3510.7,3548.44,252360
2015-07-09,3549.34,3565.42,3530.02,3536.44,128065
2015-07-10,3549.07,3560.12,3521.39,3535.32,184572
2015-07-13,3557.16,3630.21,3540.35,3625.94,335198
2015-07-14,3638.93,3647.24,3612.37,3639.78,251002
2015-07-15,3658.07,3755.96,3658.07,3730.98,551469
2015-07-16,3743.43,3764.99,3734.44,3754.35,321651
2015-07-17,3761.4,3799.99,3741.72,3767.69,241023
2015-07-20,3781.17,3791.05,3739.03,3752.46,207897
2015-07-21,3753.27,3769.44,3721.37,3731.61,146004
2015-07-22,3719.89,3773.08,3714.67,3766.03,305466
2015-07-23,3772.99,3814.87,3767.74,3804.58,229845
2015-07-24,3808.08,3829.6,3778.83,3804.71,226189
2015-07-27,3811.32,3811.32,3743.97,3754.3,220316
2015-07-28,3781.08,3811.72,3730.49,3771.24,940179
2015-07-29,3796.35,3872.37,3748.1,3840.2,819323
2015-07-30,3872.82,3880.01,3846.81,3860.65,294361
2015-07-31,3861.14,3916.85,3849.64,3892.1,297226
2015-08-03,3935.72,3988.74,3935.72,3978.0,341893
2015-08-04,3997.72,4002.17,3963.98,3988.56,313075
2015-08-05,4004.91,4029.17,3973.69,4018.08,198485
2015-08-06,4008.51,4024.1,3980.7,4000.51,184121
2015-08-07,3999.25,4014.98,3980.74,4001.27,144268
2015-08-10,4016.59,4050.69,3995.03,4040.99,241899
2015-08-11,4052.54,4074.1,4012.15,4047.41,216773
2015-08-12,4047.41,4047.41,4047.41,4047.41,0
2015-08-13,4022.88,4063.95,3980.78,4037.13,261773
2015-08-14,4052.09,4123.52,4035.01,4108.7,181419
2015-08-17,4119.88,4121.73,4075.45,4088.3,157066
2015-08-18,4092.97,4176.54,4075.9,4163.96,172443
2015-08-19,4157.67,4211.58,4138.53,4197.97,255128
2015-08-20,4160.36,4216.43,4134.53,4164.09,279387
2015-08-21,4143.29,4145.85,4069.61,4104.07,310480
2015-08-24,3908.77,4000.91,3780.76,3811.54,930804
2015-08-25,3862.94,3925.84,3650.07,3773.08,915511
2015-08-26,3793.87,3847.57,3716.49,3802.96,612412
2015-08-27,3846.3,3862.48,3783.93,3799.97,795947
2015-08-28,3841.78,3879.75,3773.99,3801.87,372560
2015-08-31,3795.68,3826.41,3744.47,3766.93,298281
2015-09-01,3769.47,3796.09,3657.56,3671.34,605386
2015-09-02,3690.82,3697.1,3624.83,3642.91,392078
2015-09-03,3669.13,3762.5,3652.0,3745.28,514445
2015-09-04,3739.64,3742.08,3662.08,3673.01,316141
2015-09-07,3677.17,3731.95,3656.47,3678.71,300049
2015-09-08,3711.61,3756.68,3685.4,3741.71,292997
2015-09-09,3805.62,3904.15,3785.42,3891.63,589734
2015-09-10,3846.3,3903.21,3819.32,3888.29,321362
2015-09-11,3913.19,3941.22,3894.75,3903.02,281728
2015-09-14,3914.1,3929.46,3873.42,3904.61,207396
2015-09-15,3955.23,3994.64,3905.06,3909.58,734807
2015-09-16,3956.58,3956.58,3914.19,3937.24,418079
2015-09-18,3958.66,4048.15,3937.24,3978.14,621252
2015-09-21,3975.52,4075.9,3965.71,4058.96,642858
2015-09-22,4075.0,4085.76,4013.98,4043.41,924289
2015-09-23,4030.71,4088.56,3989.35,4065.65,880695
2015-09-24,4067.32,4161.78,4053.98,4128.02,1098076
2015-09-28,4131.04,4171.72,4082.91,4100.54,684352
2015-09-29,4076.76,4284.72,4037.94,4232.56,1222175
2015-09-30,4257.6,4305.91,4210.19,4235.54,835777
2015-10-01,4266.64,4268.36,4131.05,4140.4,1087189
2015-10-05,4131.05,4131.05,3967.43,3990.07,1949365
2015-10-06,4021.67,4021.67,3921.37,3935.79,1159174
2015-10-07,3934.21,4011.63,3927.7,3945.28,801302
2015-10-08,3959.29,3983.7,3916.09,3935.57,726218
2015-10-09,3968.33,3974.84,3853.31,3865.6,816648
2015-10-12,3896.83,3907.45,3811.5,3825.38,837794
2015-10-13,3824.61,3876.13,3822.93,3863.34,605082
2015-10-14,3860.67,3883.0,3834.55,3841.56,656029
2015-10-15,3859.77,3967.57,3851.73,3956.94,982419
2015-10-16,3986.41,4032.51,3960.24,4019.86,929525
2015-10-19,4036.13,4047.88,3984.7,4030.66,594941
2015-10-20,4038.75,4082.87,4015.02,4075.68,675597
2015-10-21,4057.83,4090.1,4022.57,4044.9,316565
2015-10-23,4068.49,4075.0,3951.25,3960.11,621558
2015-10-26,3977.37,4024.38,3955.5,3963.95,535165
2015-10-27,3985.51,4084.04,3956.22,4065.06,1290318
2015-10-28,4094.89,4121.1,4042.46,4063.43,989227
2015-10-29,4069.12,4079.11,3994.77,4013.12,907407
2015-10-30,4018.96,4038.75,3977.46,4021.67,738321
2015-11-02,4040.65,4090.41,4000.15,4063.93,603730
2015-11-03,4085.76,4086.93,4036.18,4051.99,320901
2015-11-04,4056.7,4100.81,4027.18,4086.35,660804
2015-11-05,4084.9,4117.49,4064.52,4091.81,406256
2015-11-06,4097.55,4099.72,4050.64,4088.38,361975
2015-11-09,4013.53,4193.42,4013.53,4183.66,729714
2015-11-10,4202.91,4275.63,4185.06,4260.04,909977
2015-11-13,4279.7,4282.23,4160.33,4176.06,983107
2015-11-16,4158.16,4216.02,4133.67,4200.56,644299
2015-11-17,4199.2,4227.0,4174.44,4187.32,638262
2015-11-18,4189.35,4205.17,4090.37,4097.83,725994
2015-11-19,4140.9,4213.76,4131.99,4203.68,1030684
2015-11-20,4217.82,4308.22,4186.19,4282.82,917455
2015-11-23,4275.68,4329.91,4250.68,4281.33,1034126
2015-11-24,4270.3,4270.3,4177.15,4194.23,1287988
2015-11-26,4212.36,4212.36,4138.23,4164.08,1436728
2015-11-27,4230.48,4230.48,4118.75,4140.13,1231876
2015-11-30,4145.51,4248.56,4060.63,4117.49,10567769
2015-12-01,4166.3,4172.63,4096.11,4118.57,1506622
2015-12-02,4158.16,4182.89,4118.57,4175.16,1123497
2015-12-03,4166.3,4198.57,4158.62,4182.62,567288
2015-12-04,4167.2,4188.9,4139.32,4158.48,581041
2015-12-07,4178.05,4194.32,4120.2,4125.8,493623
2015-12-08,4103.93,4139.9,4085.85,4106.23,577670
2015-12-09,4102.84,4105.74,4040.65,4048.88,607147
2015-12-10,4063.25,4085.67,3982.84,4066.05,506406
2015-12-11,4085.62,4093.08,3988.22,4050.37,532721
2015-12-14,4048.7,4149.12,4042.01,4137.19,484617
2015-12-15,4162.68,4188.9,4124.81,4176.24,581111
2015-12-16,4207.88,4209.82,4161.78,4175.7,357572
2015-12-17,4203.36,4229.58,4134.53,4218.5,443534
2015-12-18,4234.73,4250.37,4168.56,4176.65,682206
2015-12-21,4182.48,4212.4,4172.85,4193.51,274072
2015-12-22,4185.28,4198.8,4160.02,4173.71,207127
2015-12-23,4189.8,4208.79,4176.24,4189.76,227939
2015-12-24,4188.22,4189.21,4145.64,4156.72,162732
2015-12-28,4156.72,4199.7,4147.32,4194.32,272134
2015-12-29,4196.08,4208.69,4169.73,4191.52,253128
2015-12-30,4191.61,4196.94,4135.57,4146.59,265170
2015-12-31,4146.41,4191.61,4127.7,4178.01,422019
2016-01-01,4177.15,4219.63,4160.29,4192.97,243597
2016-01-04,4189.8,4209.69,4132.63,4140.67,405501
2016-01-05,4158.12,4158.84,4119.52,4128.29,509285
2016-01-06,4150.93,4151.84,4038.84,4050.41,593742
2016-01-07,4022.3,4022.3,3843.45,3857.96,1200069
2016-01-08,3874.59,3909.58,3792.79,3809.92,994652
2016-01-11,3787.54,3886.98,3721.56,3862.03,865799
2016-01-12,3896.02,3909.4,3850.82,3858.96,481142
2016-01-13,3885.17,3896.02,3815.88,3879.07,431206
2016-01-14,3831.84,3877.04,3808.06,3840.2,402026
2016-01-15,3855.34,3923.14,3845.4,3862.89,592183
2016-01-18,3868.0,3877.26,3772.04,3829.31,396124
2016-01-19,3833.65,3837.22,3764.95,3794.91,499001
2016-01-20,3769.33,3787.5,3641.56,3669.08,679992
2016-01-21,3692.58,3692.58,3498.28,3517.9,1212801
2016-01-22,3564.22,3724.18,3552.65,3710.66,1063413
2016-01-25,3729.65,3771.27,3682.6,3689.33,608634
2016-01-27,3734.21,3777.6,3698.96,3716.99,886550
2016-01-28,3688.11,3742.26,3643.82,3709.17,1677354
2016-01-29,3548.0,3727.88,3546.19,3702.44,2147231
2016-02-01,3707.0,3723.36,3555.82,3569.02,1904034
2016-02-02,3572.95,3602.24,3481.6,3502.76,902619
2016-02-03,3498.28,3498.28,3421.13,3460.63,1101308
2016-02-04,3492.86,3509.04,3411.5,3430.17,597800
2016-02-05,3421.17,3425.97,3338.55,3365.76,1245857
2016-02-08,3388.9,3425.06,3358.21,3374.03,559505
2016-02-09,3331.05,3334.67,3272.29,3305.83,657011
2016-02-10,3290.24,3360.88,3254.22,3325.22,795377
2016-02-11,3300.41,3312.34,3180.54,3201.29,1066224
2016-02-12,3227.1,3243.37,3128.57,3208.7,1211696
2016-02-15,3259.59,3367.12,3258.19,3354.78,1182286
2016-02-16,3367.43,3388.86,3300.5,3349.31,753873
2016-02-17,3326.44,3394.33,3309.81,3389.04,652019
2016-02-18,3418.06,3432.16,3274.19,3302.35,1243826
2016-02-19,3290.37,3290.37,3217.15,3235.37,718677
2016-02-22,3199.07,3204.5,3156.18,3182.62,1291463
2016-02-23,3190.94,3225.7,3145.74,3152.43,796836
2016-02-24,3163.77,3190.94,3145.74,3154.51,605914
2016-02-25,3172.54,3172.86,3074.33,3086.22,840542
2016-02-26,3120.43,3126.85,3050.92,3081.74,831491
2016-02-29,3096.02,3105.02,2886.53,2925.63,2218323
2016-03-01,2893.45,3172.86,2893.45,3158.76,1924803
2016-03-02,3202.64,3279.25,3200.02,3265.65,1236996
2016-03-03,3277.54,3296.7,3234.33,3262.03,742263
2016-03-04,3271.39,3271.39,3187.32,3213.63,610234
2016-03-08,3211.68,3253.27,3119.16,3130.06,1100041
2016-03-09,3123.01,3254.22,3110.58,3232.88,752948
2016-03-10,3254.21,3285.58,3230.17,3278.8,1016572
2016-03-11,3284.68,3335.57,3268.72,3291.46,1002559
2016-03-14,3308.45,3330.15,3278.67,3297.74,483295
2016-03-15,3317.49,3326.44,3268.23,3303.53,688839
2016-03-16,3299.41,3322.01,3288.11,3315.1,459188
2016-03-17,3332.27,3389.81,3272.29,3286.26,710449
2016-03-18,3290.37,3299.14,3215.39,3273.56,1073782
2016-03-21,3281.42,3325.45,3258.74,3317.08,474712
2016-03-22,3316.59,3377.11,3301.22,3344.2,713115
2016-03-23,3355.32,3384.38,3314.28,3377.15,586282
2016-03-28,3397.94,3414.94,3281.29,3289.42,743468
2016-03-29,3298.51,3406.98,3294.89,3371.68,686482
2016-03-30,3385.29,3389.72,3330.15,3369.42,872340
2016-03-31,3380.32,3388.68,3312.07,3359.34,1223191
2016-04-01,3345.02,3403.32,3328.34,3365.58,769731
2016-04-04,3376.25,3391.16,3322.92,3329.47,299849
2016-04-05,3322.92,3341.81,3196.81,3213.4,826024
2016-04-06,3225.29,3260.81,3205.4,3229.85,664480
2016-04-07,3214.89,3214.89,3118.62,3137.61,1221608
2016-04-08,3127.66,3140.32,3090.15,3101.13,1631533
2016-04-11,3106.87,3152.97,3094.22,3144.52,970375
2016-04-12,3136.88,3263.12,3132.23,3230.44,1404427
2016-04-13,3265.97,3385.6,3260.18,3373.17,1107727
2016-04-18,3363.41,3389.81,3326.53,3361.74,999621
2016-04-20,3366.62,3366.62,3300.32,3317.54,1830988
2016-04-21,3340.09,3378.28,3321.11,3349.4,1928958
2016-04-22,3347.32,3464.83,3326.62,3449.51,1165761
2016-04-25,3440.52,3472.97,3358.3,3369.88,838216
2016-04-26,3348.27,3519.98,3337.29,3499.68,2782566
2016-04-27,3472.16,3555.0,3462.35,3488.7,1388262
2016-04-28,3452.18,3483.82,3376.34,3387.95,1821236
2016-04-29,3382.58,3453.08,3367.21,3430.17,962848
2016-05-02,3434.91,3471.16,3391.25,3462.89,762337
2016-05-03,3471.89,3506.42,3431.12,3453.04,795697
2016-05-04,3435.0,3474.78,3431.43,3445.45,557609
2016-05-05,3457.6,3480.2,3436.81,3468.32,485772
2016-05-06,3462.08,3466.64,3436.81,3452.13,411877
2016-05-09,3462.12,3505.51,3457.6,3477.04,771389
2016-05-10,3480.65,3522.73,3466.73,3475.5,1094666
2016-05-11,3435.0,3523.59,3425.97,3516.41,679706
2016-05-12,3511.71,3534.26,3472.52,3484.0,857976
2016-05-13,3485.63,3505.42,3460.32,3476.81,435056
2016-05-16,3498.28,3520.88,3471.16,3508.77,878812
2016-05-17,3517.31,3587.77,3512.97,3571.23,865028
2016-05-18,3551.43,3560.65,3439.57,3538.87,1921044
2016-05-19,3525.4,3561.56,3508.22,3549.44,679821
2016-05-20,3510.76,3578.73,3508.31,3566.03,485214
2016-05-23,3583.25,3587.14,3525.4,3537.92,348354
2016-05-24,3537.87,3559.7,3519.21,3547.27,283533
2016-05-25,3568.79,3680.88,3561.56,3670.89,842663
2016-05-26,3673.65,3728.79,3640.38,3722.46,1074664
2016-05-27,3719.48,3762.23,3698.1,3748.31,880888
2016-05-30,3735.12,3756.09,3664.61,3680.65,555311
2016-05-31,3670.03,3778.51,3665.56,3761.87,775477
2016-06-01,3770.1,3796.54,3751.39,3765.26,647041
2016-06-02,3751.39,3792.02,3727.88,3784.52,411143
2016-06-03,3789.49,3828.22,3778.51,3812.81,591630
2016-06-06,3811.05,3811.95,3722.46,3744.16,443085
2016-06-07,3773.99,3786.6,3722.46,3738.42,471388
2016-06-08,3734.21,3769.28,3728.52,3760.52,417715
2016-06-09,3753.24,3787.32,3742.35,3768.7,305434
2016-06-10,3765.04,3793.87,3706.19,3716.58,464892
2016-06-13,3682.69,3751.39,3671.84,3737.6,385639
2016-06-14,3746.87,3756.72,3702.57,3710.26,403193
2016-06-15,3728.79,3810.14,3717.13,3805.26,510807
2016-06-16,3760.43,3764.04,3671.84,3691.82,1118517
2016-06-17,3719.75,3758.62,3700.27,3719.3,951658
2016-06-20,3684.99,3746.69,3675.18,3736.2,667114
2016-06-21,3747.77,3767.75,3714.33,3758.08,512383
2016-06-22,3746.87,3778.96,3728.83,3752.61,417540
2016-06-23,3753.1,3773.99,3724.68,3768.2,341093
2016-06-24,3663.7,3699.05,3495.21,3679.12,1559787
2016-06-27,3670.94,3670.94,3619.5,3638.48,836629
2016-06-28,3652.95,3689.87,3651.95,3686.94,626447
2016-06-29,3706.19,3743.25,3696.43,3734.44,646945
2016-06-30,3778.41,3796.58,3747.36,3785.01,770542
2016-07-01,3786.28,3809.42,3735.12,3765.31,804652
2016-07-04,3770.37,3788.0,3756.58,3772.9,343648
2016-07-05,3778.51,3798.39,3751.39,3772.49,282439
2016-07-07,3779.5,3787.45,3728.79,3743.34,325843
2016-07-08,3744.16,3774.57,3729.69,3762.05,261295
2016-07-11,3787.54,3874.23,3787.5,3861.71,518428
2016-07-12,3886.98,3961.1,3878.84,3950.62,688921
2016-07-13,3932.18,3941.22,3887.88,3906.32,416940
2016-07-14,3910.48,4012.63,3910.48,4002.96,637580
2016-07-15,4022.57,4061.94,3981.44,4042.5,654076
2016-07-18,4046.98,4125.98,4006.66,4026.87,684924
2016-07-19,4027.27,4066.87,4013.53,4054.84,378788
2016-07-20,4042.32,4076.81,4024.42,4039.88,357560
2016-07-21,4057.83,4061.49,3982.12,3989.76,252227
2016-07-22,3996.36,4021.67,3981.89,3990.66,339886
2016-07-25,4001.78,4126.53,3996.36,4113.46,499616
2016-07-26,4135.7,4143.7,4023.61,4041.82,1828186
2016-07-27,4077.08,4183.47,4076.81,4120.33,1212744
2016-07-28,4139.18,4324.49,4131.54,4305.96,1879461
2016-07-29,4294.66,4360.65,4267.13,4300.63,799265
2016-08-01,4338.0,4415.79,4313.87,4398.84,1206974
2016-08-02,4429.35,4555.0,4411.27,4507.13,1611134
2016-08-03,4533.21,4537.82,4387.0,4405.71,1019631
2016-08-04,4470.03,4470.03,4401.64,4419.99,727097
2016-08-05,4446.52,4488.1,4429.35,4467.0,598288
2016-08-08,4501.66,4528.78,4483.63,4512.29,474502
2016-08-09,4528.69,4539.4,4443.27,4484.35,508711
2016-08-10,4497.15,4501.67,4384.15,4394.64,512317
2016-08-11,4395.09,4450.59,4343.47,4410.05,623156
2016-08-12,4413.08,4465.51,4381.53,4428.08,686072
2016-08-16,4472.74,4472.74,4385.96,4396.99,793106
2016-08-17,4393.19,4439.56,4383.34,4420.17,498247
2016-08-18,4448.2,4474.55,4430.25,4443.68,479572
2016-08-19,4443.81,4459.36,4419.45,4429.44,426426
2016-08-22,4425.73,4426.64,4364.26,4373.08,292890
2016-08-23,4370.64,4388.85,4338.95,4369.51,270869
2016-08-24,4420.31,4505.1,4417.1,4473.23,952400
2016-08-25,4496.06,4504.2,4435.0,4459.81,914319
2016-08-26,4460.81,4488.01,4438.48,4448.24,337715
2016-08-29,4451.95,4479.07,4448.24,4454.12,299611
2016-08-30,4479.07,4613.66,4475.45,4580.9,996156
2016-08-31,4609.34,4645.7,4584.22,4600.01,804288
2016-09-01,4618.53,4642.2,4568.74,4606.47,870402
2016-09-02,4622.18,4722.89,4619.44,4697.22,956049
2016-09-06,4734.13,4856.11,4734.13,4842.18,970024
2016-09-07,4841.54,4880.68,4815.24,4857.06,734051
2016-09-08,4843.36,5005.38,4841.54,4996.65,942300
2016-09-09,4996.92,4997.15,4894.38,4918.0,547599
2016-09-12,4828.8,4869.76,4779.65,4850.64,795632
2016-09-14,4851.6,4901.39,4851.6,4882.41,539702
2016-09-15,4875.22,4970.79,4869.35,4962.97,704384
2016-09-16,4981.72,5115.43,4981.72,5073.01,1669960
2016-09-19,5069.1,5069.1,4992.64,4998.92,632835
2016-09-20,5029.05,5060.91,5004.79,5019.81,423083
2016-09-21,5029.96,5044.98,4971.8,5007.43,549370
2016-09-22,5065.78,5128.36,5065.41,5094.68,526494
2016-09-23,5124.62,5124.62,5066.01,5098.96,559592
2016-09-26,5084.57,5120.07,5056.86,5069.01,418297
2016-09-27,5096.36,5097.27,5006.29,5016.67,427991
2016-09-28,5015.94,5056.36,5011.76,5026.14,449876
2016-09-29,5074.56,5076.38,4910.72,4950.41,693217
2016-09-30,4933.47,5004.02,4899.43,4985.63,646631
2016-10-03,5152.84,5206.55,5126.26,5171.05,840940
2016-10-04,5202.13,5204.68,5142.83,5170.14,464913
2016-10-05,5194.71,5249.33,5163.76,5178.51,644731
2016-10-06,5188.34,5229.85,5188.34,5197.85,416860
2016-10-07,5196.94,5204.04,5158.58,5173.6,309473
2016-10-10,5211.01,5219.65,5184.65,5199.58,205840
2016-10-13,5179.24,5236.4,5145.2,5205.23,441169
2016-10-14,5243.14,5249.28,5160.21,5179.65,352350
2016-10-17,5187.43,5187.43,5074.2,5096.5,400595
2016-10-18,5116.43,5138.6,5079.2,5121.62,487798
2016-10-19,5127.99,5140.92,5090.99,5101.5,384608
2016-10-20,5110.97,5173.32,5110.97,5137.82,311728
2016-10-21,5143.28,5161.03,5111.88,5143.01,224567
2016-10-24,5157.39,5232.03,5157.39,5200.99,412403
2016-10-25,5219.29,5278.45,5211.69,5262.48,339506
2016-10-26,5276.27,5368.57,5265.71,5342.26,590811
2016-10-27,5367.66,5414.08,5269.44,5334.12,1864862
2016-10-28,5390.41,5396.37,5339.21,5348.68,935542
2016-11-01,5387.68,5437.75,5329.61,5350.45,1163831
2016-11-02,5283.92,5338.44,5265.71,5274.45,522312
2016-11-03,5279.27,5333.89,5261.16,5284.42,585730
2016-11-04,5269.35,5269.35,5158.58,5192.76,679821
2016-11-07,5245.69,5265.58,5195.62,5202.86,532212
2016-11-08,5213.65,5216.56,5080.48,5160.12,684050
2016-11-09,4828.8,5054.54,4828.8,4908.85,1299603
2016-11-10,5011.3,5021.99,4828.8,4850.19,942971
2016-11-11,4815.14,4817.83,4644.93,4673.38,1058491
2016-11-15,4643.93,4659.54,4374.95,4411.55,2793900
2016-11-16,4482.0,4559.73,4461.56,4542.8,1952224
2016-11-17,4578.48,4594.87,4474.99,4483.41,668715
2016-11-18,4492.01,4541.98,4449.14,4506.48,699355
2016-11-21,4542.07,4542.07,4337.54,4357.71,864696
2016-11-22,4396.44,4511.13,4392.39,4491.6,845997
2016-11-23,4501.11,4501.11,4423.74,4442.72,757744
2016-11-24,4425.56,4445.5,4372.77,4396.57,550368
2016-11-25,4413.73,4464.7,4362.26,4436.12,669501
2016-11-28,4429.2,4471.99,4399.17,4454.46,1387068
2016-11-29,4458.33,4659.49,4456.51,4631.41,874897
2016-11-30,4651.8,4807.86,4642.29,4793.3,1270618
2016-12-01,4793.3,4831.07,4737.09,4780.65,1221883
2016-12-02,4751.43,4766.18,4593.05,4613.16,772281
2016-12-05,4609.34,4751.34,4601.24,4735.91,578935
2016-12-06,4751.43,4788.75,4658.63,4674.24,646660
2016-12-07,4688.58,4742.1,4583.08,4657.36,590462
2016-12-08,4707.74,4796.85,4705.92,4764.72,845955
2016-12-09,4815.14,4835.63,4734.32,4765.08,562518
2016-12-12,4758.71,4758.71,4660.45,4682.61,357439
2016-12-13,4713.88,4739.6,4673.19,4699.68,484291
2016-12-14,4714.97,4746.65,4669.69,4679.56,371699
2016-12-15,4642.15,4730.49,4623.99,4689.58,457317
2016-12-16,4710.01,4739.59,4688.8,4722.89,1170505
2016-12-19,4710.47,4729.08,4645.89,4655.9,369118
2016-12-20,4674.88,4685.44,4616.71,4649.48,377676
2016-12-21,4659.86,4696.81,4618.12,4676.65,413072
2016-12-22,4682.25,4682.25,4599.42,4628.0,399573
2016-12-23,4596.69,4745.97,4588.5,4730.63,589006
2016-12-26,4714.11,4785.83,4688.71,4703.5,510998
2016-12-27,4719.57,4767.27,4657.86,4755.07,486703
2016-12-28,4778.74,4804.22,4750.93,4761.67,595514
2016-12-29,4748.88,4868.85,4748.88,4837.72,655325
2016-12-30,4867.03,4895.15,4826.98,4842.04,559886
2017-01-02,4842.5,4982.81,4794.94,4975.35,651321
2017-01-03,4975.35,5028.32,4944.94,5013.94,631753
2017-01-04,5033.6,5056.08,5000.83,5008.25,679443
2017-01-05,5029.14,5142.74,5029.14,5129.13,744210
2017-01-06,5142.83,5149.47,5094.59,5111.47,544695
2017-01-09,5138.1,5170.14,5106.97,5150.57,345094
2017-01-10,5170.14,5182.61,5134.64,5165.45,410444
2017-01-11,5180.15,5254.7,5180.15,5245.09,539326
2017-01-12,5252.06,5274.81,5226.57,5258.75,421634
2017-01-13,5272.08,5273.9,5173.46,5187.89,1086873
2017-01-16,5186.48,5211.28,5152.84,5167.31,290142
2017-01-17,5179.24,5205.55,5149.25,5160.49,343048
2017-01-18,5174.69,5205.63,5156.48,5174.19,308483
2017-01-19,5165.59,5213.83,5165.59,5205.04,239027
2017-01-20,5203.82,5232.94,5135.55,5160.08,444280
2017-01-23,5160.08,5199.95,5137.19,5188.34,297515
2017-01-24,5191.98,5229.98,5178.28,5222.2,301613
2017-01-25,5246.51,5310.31,5195.67,5281.69,1148793
2017-01-27,5317.59,5395.6,5302.17,5384.86,576906
2017-01-30,5384.95,5405.89,5356.73,5365.79,323448
2017-01-31,5360.38,5402.16,5348.09,5365.15,374637
2017-02-01,5370.39,5646.64,5357.64,5624.53,1212008
2017-02-02,5616.15,5660.16,5579.74,5592.8,745214
2017-02-03,5596.03,5604.0,5549.29,5566.5,304078
2017-02-06,5604.32,5631.63,5575.19,5597.67,322223
2017-02-07,5612.51,5672.13,5592.49,5655.47,456427
2017-02-08,5661.39,5674.32,5611.74,5638.59,410369
2017-02-09,5639.36,5647.1,5562.99,5604.41,511610
2017-02-10,5616.15,5619.56,5549.16,5563.58,284471
2017-02-13,5545.15,5588.75,5463.23,5481.44,404675
2017-02-14,5502.37,5502.37,5395.97,5406.66,439745
2017-02-15,5415.9,5426.64,5317.78,5336.44,609791
2017-02-16,5333.98,5495.95,5333.98,5483.76,576390
2017-02-17,5496.0,5512.25,5420.5,5452.08,326378
2017-02-20,5452.08,5571.32,5381.58,5546.2,504439
2017-02-21,5526.13,5543.92,5500.55,5518.89,287864
2017-02-22,5527.86,5567.14,5497.82,5533.91,431264
2017-02-23,5543.33,5545.24,5475.11,5489.63,461009
2017-02-27,5465.96,5507.79,5406.8,5417.26,394395
2017-02-28,5412.53,5461.41,5383.86,5390.87,558820
2017-03-01,5425.0,5460.32,5356.87,5388.23,559896
2017-03-02,5416.81,5460.32,5370.62,5387.45,473769
2017-03-03,5392.23,5396.74,5347.63,5359.24,362057
2017-03-06,5393.6,5438.47,5381.31,5402.11,361209
2017-03-07,5398.6,5419.54,5353.09,5359.92,373103
2017-03-08,5365.84,5374.85,5279.36,5337.76,639968
2017-03-09,5355.82,5438.66,5337.76,5429.01,598391
2017-03-10,5458.68,5469.06,5403.2,5421.0,443986
2017-03-14,5516.03,5592.85,5470.51,5581.93,875005
2017-03-15,5566.09,5615.06,5545.61,5586.43,384040
2017-03-16,5606.69,5630.99,5581.29,5602.91,252721
2017-03-17,5611.6,5667.85,5597.95,5636.72,1048024
2017-03-20,5661.66,5661.66,5598.95,5606.05,207710
2017-03-21,5611.37,5643.96,5508.61,5530.86,532134
2017-03-22,5503.65,5510.02,5440.84,5466.69,462793
2017-03-23,5475.88,5524.22,5475.88,5493.09,447530
2017-03-24,5504.19,5504.19,5454.22,5465.64,573292
2017-03-27,5440.48,5479.62,5430.15,5448.49,340512
2017-03-28,5435.2,5506.01,5427.32,5437.97,505962
2017-03-29,5469.51,5469.51,5397.1,5410.57,494597
2017-03-30,5429.55,5462.23,5402.29,5421.91,898999
2017-03-31,5417.72,5498.73,5406.89,5475.7,501939
2017-04-03,5547.88,5547.88,5488.72,5526.95,378716
2017-04-05,5561.54,5788.19,5526.08,5773.08,1076674
2017-04-06,5766.34,5767.25,5698.07,5726.88,505863
2017-04-07,5688.97,5767.25,5676.27,5697.48,467235
2017-04-10,5718.1,5741.58,5684.46,5706.13,318486
2017-04-11,5711.54,5739.03,5670.77,5686.97,373105
2017-04-12,5701.62,5701.62,5576.74,5602.04,415372
2017-04-13,5602.5,5620.7,5522.31,5532.36,386820
2017-04-17,5525.67,5586.57,5480.53,5566.59,342286
2017-04-18,5570.64,5674.73,5570.64,5586.25,453391
2017-04-19,5581.47,5663.8,5565.0,5640.68,366504
2017-04-20,5643.46,5737.35,5632.54,5710.36,466934
2017-04-21,5719.83,5729.98,5622.52,5630.53,294827
2017-04-24,5664.58,5766.34,5643.46,5751.18,426893
2017-04-25,5759.7,5779.99,5718.55,5768.34,384281
2017-04-26,5766.34,5848.03,5744.49,5831.24,540500
2017-04-27,5861.01,5871.02,5753.01,5801.89,1087684
2017-04-28,5834.61,5998.27,5816.9,5939.15,949573
2017-05-02,6076.73,6125.88,6023.94,6103.58,888539
2017-05-03,6112.05,6112.18,6035.86,6047.6,370021
2017-05-04,6063.99,6086.7,6031.22,6043.78,372533
2017-05-05,6030.81,6077.09,6009.37,6056.84,337498
2017-05-08,6087.65,6101.9,6018.98,6035.36,208481
2017-05-09,6067.63,6067.63,6021.21,6034.22,215203
2017-05-10,6048.51,6147.73,6040.23,6132.94,295859
2017-05-11,6143.18,6179.95,6108.68,6155.47,259056
2017-05-12,6187.78,6187.78,6090.38,6126.07,256491
2017-05-15,6152.64,6225.19,6129.02,6211.35,336356
2017-05-16,6235.11,6351.21,6216.91,6329.73,707624
2017-05-17,6326.14,6352.53,6267.74,6333.6,445461
2017-05-18,6297.28,6324.31,6202.75,6217.86,406814
2017-05-19,6239.48,6275.07,6090.88,6181.0,552223
2017-05-22,6193.2,6229.61,6088.79,6100.12,327493
2017-05-23,6157.74,6289.73,6138.31,6261.37,956457
2017-05-24,6283.35,6292.05,6201.43,6253.0,433647
2017-05-25,6262.37,6388.03,6221.46,6358.63,435721
2017-05-26,6345.39,6449.06,6313.57,6430.63,373937
2017-05-29,6417.16,6551.69,6394.9,6494.03,427378
2017-05-30,6494.03,6559.7,6448.24,6505.91,403698
2017-05-31,6497.26,6597.38,6494.48,6563.71,650259
2017-06-01,6591.92,6594.65,6471.86,6505.09,649217
2017-06-02,6537.31,6542.5,6462.67,6476.05,310268
2017-06-05,6498.9,6519.01,6454.57,6486.06,296147
2017-06-06,6493.62,6512.1,6449.06,6473.68,324579
2017-06-07,6494.53,6576.45,6469.59,6558.88,518152
2017-06-08,6552.78,6621.92,6551.87,6598.75,426525
2017-06-09,6618.32,6809.38,6581.0,6794.77,1122640
2017-06-12,6776.7,6781.25,6695.24,6711.76,454342
2017-06-13,6730.83,6785.8,6676.58,6689.27,607567
2017-06-14,6683.86,6728.87,6673.71,6691.18,277472
2017-06-15,6688.73,6729.37,6619.37,6655.91,388150
2017-06-16,6673.85,6699.38,6599.21,6611.86,547028
2017-06-19,6657.46,6664.88,6585.55,6598.52,372747
2017-06-20,6612.86,6629.83,6544.86,6560.29,757716
2017-06-21,6571.9,6630.61,6511.19,6615.77,460423
2017-06-22,6636.53,6692.05,6633.79,6659.37,436033
2017-06-23,6664.06,6673.53,6558.24,6571.12,355854
2017-06-27,6589.65,6614.86,6512.82,6538.54,365667
2017-06-28,6566.39,6666.56,6558.25,6576.5,637214
2017-06-29,6603.66,6635.61,6558.24,6575.86,543979
2017-06-30,6567.17,6584.28,6514.69,6569.71,367886
2017-07-03,6589.1,6703.88,6563.89,6693.87,556846
2017-07-04,6723.0,6749.44,6681.13,6714.03,428293
2017-07-05,6712.76,6730.28,6673.85,6715.4,273869
2017-07-06,6715.4,6824.94,6714.08,6803.14,416512
2017-07-07,6799.46,6803.14,6753.95,6765.6,339803
2017-07-10,6789.26,6826.76,6098.58,6763.46,47033
2017-07-11,6803.01,6822.21,6735.74,6787.62,423681
2017-07-12,6813.11,6813.11,6767.69,6805.51,233096
2017-07-13,6817.66,6894.58,6795.04,6888.25,472029
2017-07-14,6894.99,6907.73,6844.97,6878.88,267450
2017-07-17,6892.26,6897.76,6830.68,6847.06,289180
2017-07-18,6849.52,6910.05,6840.42,6871.68,387214
2017-07-19,6885.25,6903.22,6858.62,6882.74,223986
2017-07-20,6899.58,6903.68,6808.6,6818.53,290547
2017-07-21,6826.77,6872.19,6776.7,6865.91,434483
2017-07-24,6875.92,6889.57,6822.21,6876.42,357195
2017-07-25,6893.21,6893.21,6820.89,6831.18,323585
2017-07-26,6862.26,6913.24,6830.41,6886.16,377790
2017-07-27,6931.44,6993.7,6859.53,6917.42,1148259
2017-07-28,6933.26,6984.78,6903.22,6945.51,459181
2017-07-31,6976.04,7067.98,6964.21,7054.37,505371
2017-08-01,7063.33,7209.06,7031.57,7150.9,1096934
2017-08-02,7171.65,7172.65,7077.08,7095.74,414448
2017-08-03,7094.37,7126.23,7018.82,7042.85,287116
2017-08-04,7054.32,7104.3,7045.22,7072.8,325021
2017-08-07,7081.18,7183.9,7073.44,7135.02,327318
2017-08-08,7144.44,7177.21,7042.4,7059.69,319951
2017-08-09,7062.52,7095.28,6953.38,6973.86,285089
2017-08-10,6951.79,6954.2,6862.17,6898.45,385730
2017-08-11,6828.49,6857.53,6717.54,6787.99,676390
2017-08-14,6841.33,6960.57,6840.42,6925.48,328598
2017-08-16,6962.48,7027.11,6904.18,7009.86,488766
2017-08-17,7009.72,7016.87,6885.93,6901.81,321296
2017-08-18,6873.19,6939.63,6855.3,6916.7,332924
2017-08-21,6944.19,6970.63,6817.66,6828.49,277519
2017-08-22,6863.17,6888.21,6804.1,6823.21,278131
2017-08-23,6870.46,6908.69,6827.68,6893.26,258051
2017-08-24,6928.15,7019.16,6879.97,6998.8,436912
2017-08-28,7032.03,7032.03,6957.61,6967.68,391028
2017-08-29,6954.81,6964.51,6890.5,6914.82,368309
2017-08-30,6989.74,7023.16,6924.93,6947.87,471048
2017-08-31,6954.72,7097.67,6924.47,7079.19,586954
2017-09-01,7122.59,7202.94,7106.5,7182.16,627407
2017-09-04,7207.63,7240.72,7131.09,7190.62,362724
2017-09-05,7210.38,7222.29,7171.77,7186.67,182518
2017-09-06,7170.85,7266.46,7143.27,7213.74,340420
2017-09-07,7251.75,7307.83,7224.63,7280.44,389478
2017-09-08,7299.97,7336.1,7255.43,7327.83,341309
2017-09-11,7354.72,7509.17,7354.72,7485.63,547463
2017-09-12,7531.23,7531.23,7461.36,7496.76,387447
2017-09-13,7503.56,7538.59,7446.79,7467.43,371832
2017-09-14,7483.38,7506.37,7393.38,7419.3,293890
2017-09-15,7425.46,7464.21,7394.71,7446.42,400099
2017-09-18,7474.88,7524.8,7474.88,7499.84,219992
2017-09-19,7518.36,7524.75,7469.13,7475.8,245577
2017-09-20,7505.86,7505.86,7455.02,7465.18,185837
2017-09-21,7447.57,7511.83,7423.76,7487.98,258168
2017-09-22,7488.02,7516.06,7400.69,7417.42,366359
2017-09-25,7422.75,7436.54,7221.46,7322.5,626129
2017-09-26,7336.33,7336.38,7234.38,7253.5,440508
2017-09-27,7307.83,7334.49,7092.71,7115.65,564788
2017-09-28,7111.19,7281.17,7033.87,7260.35,768225
2017-09-29,7317.95,7361.89,7285.77,7334.68,486217
2017-10-03,7405.61,7418.2,7221.42,7252.03,516298
2017-10-04,7257.27,7293.95,7198.98,7214.25,301347
2017-10-05,7203.95,7263.7,7177.47,7199.4,272177
2017-10-06,7230.56,7280.25,7212.27,7265.73,440453
2017-10-09,7271.06,7315.19,7232.17,7259.75,261839
2017-10-10,7254.05,7294.87,7249.27,7256.99,224485
2017-10-11,7255.43,7261.73,7171.77,7193.97,644166
2017-10-12,7212.22,7279.33,7198.43,7266.69,396436
2017-10-13,7262.79,7299.56,7226.06,7239.02,328108
2017-10-16,7262.79,7294.96,7183.72,7209.46,502632
2017-10-17,7217.74,7264.9,7199.26,7206.61,304861
2017-10-18,7225.09,7238.01,7123.23,7156.19,489207
2017-10-19,7173.61,7173.61,7069.72,7107.51,115449
2017-10-23,7123.78,7226.01,7091.79,7187.86,471496
2017-10-24,7230.88,7292.39,7209.1,7239.8,354257
2017-10-25,7290.37,7304.16,7180.32,7235.39,254379
2017-10-26,7262.79,7433.78,7231.71,7417.28,684763
2017-10-27,7468.67,7575.36,7412.27,7459.94,1201080
2017-10-30,7538.59,7611.22,7504.85,7534.22,726605
2017-10-31,7533.99,7562.95,7508.43,7548.93,318652
2017-11-01,7585.47,7590.49,7501.81,7573.89,631375
2017-11-02,7584.55,7606.57,7539.51,7562.31,247753
2017-11-03,7570.76,7578.03,7515.6,7556.42,288916
2017-11-06,7547.32,7695.38,7537.99,7639.9,392588
2017-11-07,7674.65,7674.65,7547.78,7557.25,348296
2017-11-08,7555.14,7616.78,7543.09,7568.01,199176
2017-11-09,7606.34,7606.34,7491.43,7543.0,442672
2017-11-10,7537.48,7570.67,7456.81,7523.42,351694
2017-11-13,7524.8,7556.1,7428.27,7455.11,181361
2017-11-14,7473.32,7525.72,7454.93,7467.75,237427
2017-11-15,7446.65,7520.2,7434.7,7471.71,275441
2017-11-16,7474.23,7570.63,7473.54,7505.22,321844
2017-11-17,7555.14,7687.93,7555.14,7674.97,419255
2017-11-20,7701.31,7767.5,7676.49,7746.04,372037
2017-11-21,7764.75,7767.92,7723.38,7745.26,255180
2017-11-22,7766.58,7837.37,7762.91,7826.48,383442
2017-11-23,7825.42,7831.86,7762.45,7780.74,289808
2017-11-24,7780.74,7851.16,7780.74,7803.31,343432
2017-11-27,7801.52,7836.64,7763.83,7822.3,172254
2017-11-28,7805.75,7959.65,7792.37,7928.53,456041
2017-11-29,7951.37,7994.58,7884.26,7971.92,382984
2017-11-30,7952.29,7976.19,7883.34,7905.5,582023
2017-12-01,7961.48,7993.66,7899.89,7914.6,436589
2017-12-04,7961.25,7961.44,7796.51,7815.12,242191
2017-12-05,7832.73,7864.91,7792.79,7814.76,213998
2017-12-06,7808.87,7941.95,7768.47,7917.72,420876
2017-12-07,7920.94,8263.26,7919.7,8165.95,834850
2017-12-08,8209.52,8383.46,8181.21,8312.9,1006694
2017-12-11,8373.35,8427.59,8356.57,8397.07,564023
2017-12-12,8411.96,8474.94,8365.99,8394.82,491488
2017-12-13,8357.72,8435.87,8343.01,8384.98,446829
2017-12-14,8390.82,8409.02,8316.35,8377.72,655484
2017-12-15,8430.35,8491.3,8409.48,8426.58,620495
2017-12-18,8375.19,8590.31,8265.0,8558.23,658668
2017-12-19,8591.23,9062.85,8573.76,9010.91,1275759
2017-12-20,9162.14,9190.09,8917.83,8948.76,1216280
2017-12-21,8998.5,9025.53,8834.9,8854.21,849633
2017-12-22,8885.42,9032.33,8830.26,8917.6,814330
2017-12-26,8955.29,8977.36,8840.56,8898.29,542587
2017-12-27,8912.08,8964.21,8852.42,8866.21,402886
2017-12-28,8911.62,8911.62,8840.19,8852.51,659995
2017-12-29,8879.9,8981.03,8871.63,8944.76,471554
2018-01-01,8962.65,8999.42,8853.06,8873.38,426354
2018-01-02,8916.68,8934.7,8756.71,8783.42,451227
2018-01-03,8822.9,8823.82,8643.63,8657.05,658281
2018-01-04,8687.76,8722.7,8611.64,8629.16,562919
2018-01-05,8695.12,8763.15,8653.33,8672.91,732512
2018-01-08,8722.7,8729.13,8664.78,8686.8,294549
2018-01-09,8701.37,8725.87,8605.94,8626.67,427590
2018-01-10,8630.58,8692.22,8564.48,8619.59,394826
2018-01-11,8650.99,8669.38,8573.76,8586.45,368996
2018-01-12,8629.85,8728.9,8600.52,8696.18,685141
2018-01-15,8733.68,8741.59,8586.64,8603.6,385462
2018-01-16,8615.13,8649.75,8549.86,8570.13,364816
2018-01-17,8564.57,8613.11,8509.41,8562.64,390461
2018-01-18,8595.83,8751.11,8579.28,8613.02,686971
2018-01-19,8572.84,8638.12,8533.31,8571.88,542339
2018-01-22,8594.91,8602.03,8523.75,8559.15,454188
2018-01-23,8593.07,8668.73,8540.67,8635.73,561948
2018-01-24,8659.26,8752.07,8587.05,8673.93,568489
2018-01-25,8719.94,8719.94,8503.9,8529.82,705224
2018-01-29,8716.26,8930.47,8697.88,8853.89,1546624
2018-01-30,8844.05,8895.07,8779.7,8799.51,573988
2018-01-31,8787.1,8811.87,8695.95,8742.65,462650
2018-02-01,8775.1,8792.29,8560.89,8643.5,550971
2018-02-02,8604.1,8604.1,8218.9,8265.42,984189
2018-02-05,8136.3,8384.38,7987.23,8348.16,651062
2018-02-06,7998.26,8378.41,7962.96,8259.9,840339
2018-02-07,8430.35,8430.35,8157.3,8202.17,509440
2018-02-08,8263.85,8329.22,8195.92,8302.28,465683
2018-02-09,8187.64,8261.69,8154.54,8215.31,364892
2018-02-12,8237.29,8411.96,8237.29,8382.4,408523
2018-02-14,8411.87,8418.85,8261.19,8275.53,357737
2018-02-15,8319.11,8356.8,8274.98,8292.68,250781
2018-02-16,8310.74,8338.41,8096.49,8124.16,632659
2018-02-19,8141.67,8150.73,7990.58,8021.1,436138
2018-02-20,8039.63,8061.65,7952.29,8019.08,517802
2018-02-21,8063.53,8085.59,8005.8,8074.33,471756
2018-02-22,8061.69,8061.69,7907.7,7937.63,638857
2018-02-23,7966.08,8034.07,7956.93,7997.15,567960
2018-02-26,8051.58,8324.62,8044.27,8278.98,869374
2018-02-27,8359.56,8379.74,8156.94,8174.04,684609
2018-02-28,8154.55,8213.38,8064.45,8137.03,680125
2018-03-01,8158.22,8215.27,8100.63,8157.72,609369
2018-03-05,8151.79,8151.79,8067.21,8085.69,388180
2018-03-06,8141.26,8168.34,7906.32,7921.49,543686
2018-03-07,7926.37,8010.99,7862.2,7979.04,598715
2018-03-08,7998.44,8067.21,7953.21,8025.24,533856
2018-03-09,8053.42,8066.29,7952.29,7962.03,323450
2018-03-12,8015.73,8114.83,7980.88,8099.66,438339
2018-03-13,8099.38,8134.32,7989.98,8049.79,521943
2018-03-14,8030.43,8158.22,8021.29,8132.76,411769
2018-03-15,8126.88,8159.14,8091.07,8124.71,313431
2018-03-16,8153.63,8153.63,7951.74,7976.7,622932
2018-03-19,8008.83,8090.19,8001.52,8065.83,571830
2018-03-20,8057.51,8132.02,8030.43,8092.4,408924
2018-03-21,8126.88,8223.5,8113.22,8158.82,516020
2018-03-22,8154.55,8191.78,7983.92,7995.09,471749
2018-03-23,7917.86,7943.56,7853.09,7912.99,644482
2018-03-26,7912.76,8088.35,7910.92,8058.29,447858
2018-03-27,8103.98,8170.18,8059.99,8138.27,423455
2018-03-28,8101.22,8351.28,8091.11,8146.36,1194227
2018-04-02,8264.87,8354.96,8231.08,8281.6,552649
2018-04-03,8282.29,8329.22,8232.69,8298.38,339709
2018-04-04,8345.77,8411.41,8256.23,8286.47,488280
2018-04-05,8320.03,8419.0,8320.03,8395.96,236956
2018-04-06,8425.75,8485.51,8313.18,8463.63,429514
2018-04-09,8476.32,8557.36,8443.86,8543.11,426170
2018-04-10,8540.67,8564.07,8493.78,8525.45,299119
2018-04-11,8540.67,8595.83,8465.79,8552.16,318010
2018-04-12,8540.67,8540.67,8440.55,8462.02,300797
2018-04-13,8519.52,8519.52,8371.74,8388.01,366224
2018-04-16,8365.99,8499.3,8333.82,8487.35,271057
2018-04-17,8495.62,8496.54,8400.51,8421.48,342578
2018-04-18,8437.7,8483.16,8362.22,8385.76,452854
2018-04-19,8406.44,8442.99,8336.57,8345.45,256088
2018-04-20,8349.45,8373.49,8285.97,8297.04,303913
2018-04-23,8310.74,8388.98,8279.53,8333.68,302205
2018-04-24,8361.4,8405.11,8302.56,8333.5,312103
2018-04-25,8328.3,8337.31,8189.48,8213.93,488641
2018-04-26,8227.17,8256.59,8172.93,8224.83,614321
2018-04-27,8287.85,8400.01,8012.14,8074.88,1873816
2018-04-30,8081.0,8185.99,8053.69,8103.94,497504
2018-05-02,8195.91,8272.22,8021.24,8039.17,806846
2018-05-03,8058.02,8089.27,7998.26,8049.7,406825
2018-05-04,8075.48,8081.0,7966.08,7978.22,490244
2018-05-07,7991.82,8062.61,7961.48,8038.43,342702
2018-05-08,8076.4,8095.89,7989.06,8067.39,404969
2018-05-09,8085.59,8085.59,8002.85,8015.13,314057
2018-05-10,8051.58,8051.58,7989.06,8002.81,298598
2018-05-11,8033.19,8058.01,8000.14,8044.5,264405
2018-05-14,8045.14,8053.42,7987.32,8004.69,276620
2018-05-15,8021.24,8044.55,7942.18,8022.71,506107
2018-05-16,7975.27,8029.01,7975.27,7994.21,288597
2018-05-17,8021.24,8059.35,7962.59,7995.96,379606
2018-05-18,7998.99,8021.24,7810.71,7824.46,603507
2018-05-21,7830.94,7837.19,7589.61,7748.66,872463
2018-05-22,7737.17,7893.82,7696.02,7870.15,410467
2018-05-23,7869.55,7873.96,7775.96,7812.0,399631
2018-05-24,7814.48,7831.21,7722.46,7732.34,292331
2018-05-25,7733.49,7882.42,7718.0,7858.66,519151
2018-05-28,7869.55,8076.4,7865.04,8006.81,446264
2018-05-29,8014.81,8126.97,7979.87,8011.96,665121
2018-05-30,7969.76,7969.76,7881.36,7895.48,508262
2018-05-31,7942.18,7942.27,7829.01,7848.59,679959
2018-06-01,7915.52,8134.69,7897.18,8098.33,1002010
2018-06-04,8126.96,8126.96,8022.21,8044.09,380690
2018-06-05,8044.23,8117.77,7979.87,8099.75,400886
2018-06-06,8116.85,8154.55,8099.38,8129.12,328784
2018-06-07,8158.22,8214.12,8149.95,8192.47,267961
2018-06-08,8176.61,8228.09,8155.47,8211.96,287823
2018-06-11,8237.29,8316.35,8201.89,8294.88,337828
2018-06-12,8309.91,8333.82,8232.69,8289.46,343452
2018-06-13,8301.64,8361.35,8221.66,8244.04,369407
2018-06-14,8211.59,8292.4,8189.48,8235.45,269078
2018-06-15,8269.46,8269.46,8183.05,8229.56,496572
2018-06-18,8225.79,8320.39,8217.01,8249.65,305144
2018-06-19,8246.48,8260.09,8108.62,8147.74,350407
2018-06-20,8157.3,8246.48,8148.11,8226.53,325981
2018-06-21,8253.83,8261.19,8138.87,8148.16,313349
2018-06-22,8149.95,8170.17,8099.38,8159.05,319027
2018-06-25,8153.63,8153.63,8071.81,8083.76,254954
2018-06-26,8083.76,8260.59,8044.23,8210.95,387769
2018-06-27,8215.18,8285.09,8157.3,8180.56,501622
2018-06-28,8174.77,8176.66,8030.48,8063.81,376404
2018-06-29,8044.5,8182.13,8044.5,8113.73,458807
2018-07-02,8161.9,8214.3,8090.24,8109.54,298529
2018-07-03,8113.18,8269.46,8044.23,8251.22,375718
2018-07-04,8286.93,8503.2,8230.39,8477.05,656141
2018-07-05,8483.67,8637.2,8481.6,8593.12,887919
2018-07-06,8563.65,8654.62,8513.09,8565.95,508241
2018-07-09,8637.2,8660.04,8595.83,8618.72,331872
2018-07-10,8623.41,8775.93,8623.41,8762.23,485745
2018-07-11,8760.39,8760.71,8605.94,8627.73,328446
2018-07-12,8685.92,8741.09,8573.08,8593.07,336960
2018-07-13,8649.15,8729.13,8607.09,8670.34,511150
2018-07-16,8668.46,8732.72,8600.43,8628.28,216426
2018-07-17,8596.89,8715.07,8593.07,8683.53,457123
2018-07-18,8717.46,8764.99,8547.01,8611.27,430624
2018-07-19,8649.15,8673.05,8595.83,8631.77,199983
2018-07-20,8634.44,8700.63,8582.04,8640.83,272916
2018-07-23,8685.92,8963.57,8616.05,8918.52,607813
2018-07-24,8989.31,9128.13,8940.58,9039.37,749626
2018-07-25,9058.26,9079.26,8918.52,8971.79,384750
2018-07-26,9027.73,9038.68,8605.94,8638.35,1261317
2018-07-27,8643.64,8680.59,8540.67,8559.42,672141
2018-07-30,8568.25,8645.93,8488.27,8625.16,539464
2018-07-31,8641.8,8778.64,8600.43,8752.62,426388
2018-08-01,8765.91,8814.4,8549.86,8588.11,700719
2018-08-02,8574.68,8574.68,8384.38,8404.97,875157
2018-08-03,8411.96,8485.51,8411.96,8445.98,470958
2018-08-06,8501.6,8549.86,8457.93,8537.36,237693
2018-08-07,8564.57,8660.18,8523.2,8652.37,381947
2018-08-08,8686.84,8686.84,8442.34,8464.73,638498
2018-08-09,8493.78,8493.78,8329.22,8408.33,651728
2018-08-10,8411.96,8467.12,8370.59,8410.35,427827
2018-08-13,8383.87,8444.14,8285.28,8348.39,348201
2018-08-14,8420.87,8494.89,8390.5,8470.59,344056
2018-08-16,8462.61,8566.45,8426.44,8533.61,465479
2018-08-17,8572.98,8613.33,8468.18,8488.67,477538
2018-08-20,8505.93,8549.61,8405.11,8416.56,449317
2018-08-21,8449.63,8468.18,8394.35,8452.69,380824
2018-08-23,8482.09,8585.04,8440.44,8554.71,751705
2018-08-24,8570.2,8607.21,8479.4,8499.53,401110
2018-08-27,8541.45,8601.74,8533.1,8575.07,326945
2018-08-28,8605.03,8761.73,8547.01,8744.53,684054
2018-08-29,8738.08,8781.95,8662.63,8689.02,433440
2018-08-30,8690.78,8690.78,8517.01,8538.48,674292
2018-08-31,8540.52,8584.11,8422.08,8437.01,634522
2018-09-03,8440.35,8457.93,8231.66,8256.84,992161
2018-09-04,8265.98,8346.67,8194.98,8225.63,530967
2018-09-05,8227.95,8301.22,8153.38,8251.23,491163
2018-09-06,8317.64,8317.64,8107.38,8124.86,687535
2018-09-07,8138.91,8151.9,8008.36,8087.16,636918
2018-09-10,8069.35,8115.72,7999.78,8013.14,577299
2018-09-11,8039.67,8069.26,7864.92,7899.66,552622
2018-09-12,7920.02,7920.02,7792.02,7878.23,634678
2018-09-14,7970.1,8069.35,7958.37,8001.36,754169
2018-09-17,7964.54,8031.97,7899.61,7918.9,422191
2018-09-18,7918.81,7973.35,7772.73,7790.31,507455
2018-09-19,7814.74,7835.99,7597.29,7615.19,959340
2018-09-21,7661.24,7721.53,7048.76,7457.33,1646047
2018-09-24,7485.02,7485.02,7040.46,7228.14,1801469
2018-09-25,7188.21,7437.02,7123.29,7419.58,1159438
2018-09-26,7489.65,7503.47,7255.5,7274.05,754963
2018-09-27,7280.96,7306.93,6965.79,7005.54,1594739
2018-09-28,7067.63,7093.79,6764.01,6815.31,1413254
2018-10-01,6820.92,6942.42,6683.64,6922.9,1034603
2018-10-03,6863.58,6873.51,6688.28,6720.75,1148091
2018-10-04,6631.7,6759.7,6512.06,6676.92,1104174
2018-10-05,6543.41,6696.63,6308.79,6403.86,1481376
2018-10-08,6413.74,6482.38,6283.19,6390.32,1393849
2018-10-09,6325.39,6436.93,6178.15,6213.82,1079041
2018-10-10,6258.85,6538.95,6235.89,6479.45,1162309
2018-10-11,6307.08,6446.2,6219.15,6377.1,869569
2018-10-12,6446.2,6794.95,6446.2,6758.96,1053651
2018-10-15,6789.38,6807.93,6609.49,6661.38,682234
2018-10-16,6691.07,6750.43,6607.4,6632.54,637012
2018-10-17,6713.0,6719.82,6356.65,6386.47,1021019
2018-10-19,6334.9,6460.11,6228.7,6266.68,903940
2018-10-22,6323.77,6404.46,6234.78,6318.39,774016
2018-10-23,6287.6,6359.94,6182.79,6280.46,734440
2018-10-24,6353.45,6385.91,6205.05,6277.67,681526
2018-10-25,6214.32,6356.88,6140.31,6235.84,2101936
2018-10-26,6260.7,6302.44,6028.82,6230.37,874526
2018-10-29,6234.73,6316.35,6206.02,6305.87,505428
2018-10-30,6305.22,6371.03,6191.32,6211.54,771389
2018-10-31,6269.98,6269.98,6028.82,6136.78,1315746
2018-11-01,6166.97,6251.38,6121.57,6225.22,842039
2018-11-02,6279.06,6640.05,6260.75,6618.21,1834118
2018-11-05,6620.57,6728.82,6548.28,6656.98,1040315
2018-11-06,6673.44,6713.33,6538.95,6562.14,667413
2018-11-07,6622.43,6625.21,6576.05,6611.21,127507
2018-11-09,6613.15,6784.74,6530.47,6755.53,986090
2018-11-12,6770.83,6819.53,6540.81,6574.01,687443
2018-11-13,6538.91,6649.1,6512.06,6632.12,572295
2018-11-14,6659.62,6871.93,6659.62,6834.88,1112945
2018-11-15,6844.01,6970.34,6801.95,6936.21,1048278
2018-11-16,6956.33,6997.19,6773.2,6809.04,806420
2018-11-19,6826.48,6909.03,6761.56,6874.39,577408
2018-11-20,6874.39,6904.86,6781.64,6802.32,637243
2018-11-21,6807.93,6924.8,6800.05,6886.31,701156
2018-11-22,6857.97,6937.78,6827.59,6873.88,668352
2018-11-26,6886.77,7028.45,6851.8,7007.07,899481
2018-11-27,7021.26,7102.69,6957.03,7093.23,783389
2018-11-28,7102.88,7123.75,7002.34,7025.15,686734
2018-11-29,7061.14,7088.04,6985.09,6999.69,725583
2018-11-30,7024.97,7166.88,7021.31,7106.22,869715
2018-12-03,7131.17,7234.59,7077.0,7215.99,772869
2018-12-04,7216.04,7220.63,7142.76,7161.92,551195
2018-12-05,7138.77,7178.84,6974.88,7006.46,704296
2018-12-06,6910.0,6943.63,6659.53,6687.08,1339030
2018-12-07,6718.89,6817.16,6679.01,6783.77,688881
2018-12-10,6678.08,6858.94,6650.25,6817.67,785024
2018-12-11,6715.64,6813.5,6692.5,6775.79,843166
2018-12-12,6807.93,6963.1,6766.19,6930.22,643037
2018-12-13,6935.46,7141.84,6935.46,7114.47,881204
2018-12-14,7126.99,7132.56,6998.95,7106.73,676653
2018-12-17,7134.32,7234.59,7095.46,7173.42,712296
2018-12-18,7151.11,7220.67,7100.1,7208.94,658919
2018-12-19,7216.96,7373.48,7216.96,7360.73,856358
2018-12-20,7280.96,7344.96,7200.87,7241.13,824303
2018-12-21,7262.41,7267.05,6970.25,6990.0,1257227
2018-12-24,7011.98,7045.05,6928.51,6983.37,611297
2018-12-26,6945.2,7049.08,6865.44,7020.42,594156
2018-12-27,7094.53,7112.94,6937.13,6956.29,704523
2018-12-28,7000.85,7030.53,6947.06,6961.48,616845
2018-12-31,7002.71,7023.81,6903.56,6924.33,547975
2019-01-01,6909.73,6950.77,6858.94,6934.81,625360
2019-01-02,6905.32,6919.23,6718.89,6741.01,891844
2019-01-03,6752.28,6817.21,6664.72,6681.74,715168
2019-01-04,6714.25,6779.18,6642.09,6710.08,774445
2019-01-07,6780.11,6870.08,6770.83,6828.38,687845
2019-01-08,6845.03,6914.41,6791.33,6900.22,516841
2019-01-09,6919.7,6983.23,6876.57,6949.75,740580
2019-01-10,6956.33,6966.54,6826.62,6855.79,452699
2019-01-11,6847.54,6863.58,6754.14,6789.85,488399
2019-01-14,6798.66,6894.51,6730.95,6871.65,424152
2019-01-15,6891.41,6928.51,6786.6,6821.98,491196
2019-01-16,6816.74,6848.74,6762.58,6780.34,424769
2019-01-17,6807.0,6862.61,6777.79,6804.45,462725
2019-01-18,6812.57,6844.99,6787.53,6824.58,334555
2019-01-21,6824.63,6845.03,6641.91,6685.87,654537
2019-01-22,6659.53,6659.53,6543.13,6556.44,896521
2019-01-23,6538.95,6615.24,6515.77,6534.69,702474
2019-01-24,6548.14,6583.47,6505.93,6530.23,520703
2019-01-25,6542.66,6615.94,5945.35,6041.25,3062762
2019-01-28,6040.42,6130.85,5859.74,6039.07,2398091
2019-01-29,6010.27,6139.34,5980.04,6053.82,1101399
2019-01-30,6083.55,6110.44,6036.24,6073.58,583773
2019-01-31,6098.39,6177.27,5991.77,6159.74,926270
2019-02-01,6194.85,6681.79,6170.31,6457.61,2545419
2019-02-04,6469.39,6528.75,6354.98,6481.63,658776
2019-02-05,6487.94,6608.52,6479.04,6579.39,681498
2019-02-06,6603.88,6696.63,6554.72,6662.68,567827
2019-02-07,6679.01,6789.38,6664.26,6773.2,690174
2019-02-08,6743.01,6770.83,6585.33,6617.1,576159
2019-02-11,6631.7,6687.31,6539.97,6657.58,502244
2019-02-12,6671.59,6705.91,6611.25,6643.3,494592
2019-02-14,6526.62,6595.72,6483.3,6508.81,622311
2019-02-15,6517.99,6547.02,6399.83,6427.7,768798
2019-02-18,6459.84,6490.54,6322.84,6346.68,509963
2019-02-19,6358.09,6414.57,6280.18,6311.3,493861
2019-02-20,6346.03,6388.7,6311.16,6353.36,534284
2019-02-21,6371.03,6380.95,6228.24,6308.51,722938
2019-02-22,6332.12,6436.0,6324.74,6411.33,764535
2019-02-25,6444.35,6478.57,6372.05,6422.92,495728
2019-02-26,6385.91,6469.39,6318.76,6403.81,673415
2019-02-27,6439.71,6537.1,6356.42,6463.36,961829
2019-02-28,6501.85,6529.68,6308.0,6334.62,1031563
2019-03-01,6378.31,6446.2,6332.35,6432.43,768822
2019-03-05,6446.2,6639.26,6394.68,6601.79,838538
2019-03-06,6620.44,6626.97,6501.85,6545.35,557197
2019-03-07,6564.92,6578.37,6494.43,6519.52,396771
2019-03-08,6469.39,6515.77,6447.13,6462.62,486432
2019-03-11,6474.03,6605.36,6469.39,6568.54,720905
2019-03-12,6582.55,6707.76,6581.62,6638.38,828847
2019-03-13,6656.75,6680.82,6538.95,6577.03,534982
2019-03-14,6588.11,6629.85,6536.4,6572.62,584482
2019-03-15,6593.68,6638.2,6548.23,6570.49,861945
2019-03-18,6564.41,6564.41,6285.37,6394.26,1336134
2019-03-19,6399.83,6401.64,6315.65,6330.45,816763
2019-03-20,6362.73,6362.73,6167.95,6189.79,1017560
2019-03-22,6090.97,6229.44,6058.83,6077.7,1715983
2019-03-25,6042.74,6141.05,6020.66,6049.78,1093184
2019-03-26,6082.62,6121.57,6010.27,6108.31,909087
2019-03-27,6147.54,6158.67,6028.82,6045.52,887601
2019-03-28,6061.29,6144.76,6029.94,6118.1,949713
2019-04-01,6242.89,6372.0,6214.32,6344.83,1142386
2019-04-02,6362.22,6400.48,6293.63,6390.27,866805
2019-04-03,6396.12,6583.47,6396.12,6560.19,1491021
2019-04-04,6603.88,6650.25,6549.76,6597.48,1388375
2019-04-05,6580.69,6626.09,6538.95,6592.47,729603
2019-04-08,6591.82,6631.7,6534.04,6612.64,498374
2019-04-09,6616.86,6710.54,6566.78,6693.43,741669
2019-04-10,6695.66,6695.66,6626.7,6665.42,590107
2019-04-11,6665.98,6696.63,6631.7,6666.81,609539
2019-04-12,6667.78,6823.7,6641.95,6810.57,929935
2019-04-15,6818.18,6854.26,6766.19,6819.52,585205
2019-04-16,6835.66,6933.14,6817.21,6917.89,707823
2019-04-18,6987.03,6992.83,6895.16,6907.59,713163
2019-04-22,6883.99,6886.68,6770.83,6790.54,479609
2019-04-23,6795.87,6853.29,6498.14,6537.93,952628
2019-04-24,6552.87,6587.14,6409.1,6508.07,1063510
2019-04-25,6506.26,6627.02,6367.36,6404.7,3075510
2019-04-26,6311.71,6387.63,6260.7,6346.82,1999920
2019-04-30,6214.32,6260.7,6149.4,6183.16,1640025
2019-05-02,6075.2,6223.55,6052.01,6198.79,1337101
2019-05-03,6191.14,6288.53,6191.14,6223.6,795679
2019-05-06,6176.3,6244.0,6158.02,6223.27,480317
2019-05-07,6255.97,6293.39,6195.77,6216.18,586684
2019-05-08,6194.85,6207.83,6136.41,6168.09,552749
2019-05-09,6155.89,6193.92,6121.57,6144.72,570000
2019-05-10,6142.91,6181.77,6098.39,6150.88,608669
2019-05-13,6145.69,6176.57,6028.82,6069.4,555672
2019-05-14,6039.03,6132.7,5982.45,6099.5,843313
2019-05-15,6112.3,6158.67,5994.78,6023.02,612357
2019-05-16,6034.39,6054.14,5974.47,6009.95,555991
2019-05-17,6026.04,6297.8,6014.91,6220.68,782196
2019-05-20,6376.64,6631.71,6362.73,6571.05,1286198
2019-05-21,6589.97,6620.34,6323.77,6376.96,973836
2019-05-22,6378.68,6428.16,6345.1,6399.64,645280
2019-05-23,6488.87,6538.12,6334.9,6426.96,1364516
2019-05-24,6460.07,6603.88,6387.54,6578.98,1002742
2019-05-27,6580.69,6672.42,6399.87,6556.07,1022289
2019-05-28,6554.72,6613.15,6521.79,6543.27,915732
2019-05-29,6493.51,6500.93,6372.0,6391.9,768022
2019-05-30,6390.55,6419.3,6330.26,6369.87,850456
2019-05-31,6391.48,6456.68,6330.26,6371.86,1084204
2019-06-03,6269.98,6543.59,6269.98,6513.82,1157809
2019-06-04,6492.58,6584.4,6466.38,6540.62,575281
2019-06-06,6548.41,6584.4,6425.8,6482.1,720856
2019-06-07,6483.3,6483.3,6365.18,6444.58,470376
2019-06-10,6474.03,6532.74,6420.23,6464.71,395116
2019-06-11,6483.26,6509.46,6427.65,6472.45,387309
2019-06-12,6459.0,6462.85,6330.31,6355.31,494886
2019-06-13,6346.96,6366.16,6275.82,6292.89,561159
2019-06-14,6283.89,6343.25,6239.69,6258.29,449930
2019-06-17,6260.14,6277.44,6084.94,6104.55,567397
2019-06-18,6125.75,6167.02,5926.8,5972.24,1048826
2019-06-19,6014.91,6085.08,5917.52,5958.93,715496
2019-06-20,5926.8,6167.02,5880.65,6137.11,992450
2019-06-21,6074.27,6074.27,5908.43,5952.07,1345890
2019-06-24,5946.27,6026.13,5864.51,5991.63,911826
2019-06-25,5990.79,6065.92,5961.44,6049.69,580392
2019-06-26,6046.45,6082.43,5991.81,6010.55,572239
2019-06-27,6025.3,6098.39,6005.64,6016.49,1022011
2019-06-28,6028.82,6075.2,6005.63,6060.96,618701
2019-07-01,6121.57,6138.27,6019.55,6036.1,754667
2019-07-02,6038.14,6111.19,6012.13,6084.47,518084
2019-07-03,6104.88,6112.3,6042.78,6060.17,517709
2019-07-04,6065.92,6110.44,6038.28,6070.05,576449
2019-07-05,6072.6,6102.1,5843.32,5898.97,866460
2019-07-08,5824.86,5827.69,5551.76,5600.96,1927495
2019-07-09,5620.72,5629.99,5481.59,5514.47,1337999
2019-07-10,5527.04,5560.43,5472.32,5498.19,809385
2019-07-11,5540.95,5611.44,5500.14,5594.01,779113
2019-07-12,5581.48,5648.54,5520.5,5538.59,719883
2019-07-15,5546.52,5654.11,5523.33,5638.99,675004
2019-07-16,5639.22,5724.6,5617.01,5711.66,627259
2019-07-17,5720.89,5726.45,5611.44,5635.28,598778
2019-07-18,5615.52,5616.73,5432.9,5455.95,1097857
2019-07-19,5458.4,5482.47,5296.18,5350.9,1228672
2019-07-22,5361.01,5509.42,5328.6,5483.91,897510
2019-07-23,5481.59,5539.47,5398.3,5447.97,841517
2019-07-24,5439.85,5439.85,5310.28,5349.88,800687
2019-07-25,5369.45,5421.26,5287.79,5339.45,990461
2019-07-26,5312.78,5523.33,5271.88,5384.81,2346714
2019-07-29,5351.74,5351.74,5138.41,5158.12,1548125
2019-07-30,5158.82,5235.66,5093.89,5107.94,1189163
2019-07-31,5125.24,5177.64,5051.27,5073.21,1053202
2019-08-01,5073.21,5207.98,5054.94,5168.65,1134178
2019-08-02,5138.04,5309.07,5087.4,5276.94,1391678
2019-08-05,5194.06,5282.18,5056.79,5259.31,1122496
2019-08-06,5231.16,5425.01,5231.16,5410.45,1125521
2019-08-07,5411.05,5441.71,5319.93,5356.38,955090
2019-08-08,5310.0,5515.91,5310.0,5474.4,831725
2019-08-09,5507.24,5708.83,5497.54,5657.73,1445079
2019-08-13,5657.54,5679.15,5371.73,5393.9,909354
2019-08-14,5447.08,5580.06,5369.96,5469.65,1030939
2019-08-16,5459.3,5637.99,5257.11,5619.23,1207075
2019-08-19,5641.75,5665.64,5559.55,5626.28,902389
2019-08-20,5645.51,5861.81,5604.18,5822.27,2198337
2019-08-21,5852.41,5902.25,5775.29,5857.96,2128640
2019-08-22,5830.78,5923.41,5800.69,5838.82,1551394
2019-08-23,5793.16,5905.64,5680.31,5881.89,1232405
2019-08-26,6075.3,6081.6,5751.92,5883.02,1552155
2019-08-27,5922.47,5962.44,5883.44,5903.9,1078065
2019-08-28,5875.92,5875.92,5708.52,5739.93,1242304
2019-08-29,5739.93,5828.9,5703.82,5746.33,1006756
2019-08-30,5778.11,5792.46,5692.44,5759.07,794518
2019-09-03,5675.61,5764.95,5644.81,5689.43,1173373
2019-09-04,5701.0,5714.35,5454.6,5483.52,1964992
2019-09-05,5459.3,5640.81,5446.37,5613.21,1149196
2019-09-06,5640.53,5849.59,5607.05,5818.51,1524051
2019-09-09,5722.63,5987.79,5680.31,5958.21,2061193
2019-09-11,5953.04,6235.17,5910.81,6204.42,2492039
2019-09-12,6174.04,6244.58,5990.66,6011.39,1892862
2019-09-13,6050.85,6124.95,5962.44,6066.17,1929801
2019-09-16,5971.75,6102.57,5962.54,6030.86,1377371
2019-09-17,6028.27,6061.99,5746.14,5765.32,1706567
2019-09-18,5797.86,5841.88,5630.09,5732.08,1955137
2019-09-19,5773.41,5807.27,5588.52,5616.12,1721431
2019-09-20,5656.8,6535.93,5626.19,6199.39,4892962
2019-09-23,6278.53,6583.14,6278.53,6487.07,3140286
2019-09-24,6522.01,6750.44,6446.77,6591.7,2354230
2019-09-25,6583.14,6583.14,6208.84,6243.17,2296343
2019-09-26,6301.0,6489.0,6283.18,6449.08,1893865
2019-09-27,6451.48,6503.2,6333.92,6370.32,1457894
2019-09-30,6369.66,6404.08,6244.58,6315.86,1264165
2019-10-01,6319.81,6442.07,6253.98,6378.12,1473158
2019-10-03,6382.45,6390.3,6282.19,6351.83,850852
2019-10-04,6388.47,6438.22,6224.26,6253.61,1065056
2019-10-07,6277.21,6300.06,6167.6,6235.03,696713
2019-10-09,6233.29,6342.2,6197.55,6319.39,1017731
2019-10-10,6301.0,6340.6,6167.69,6212.08,985523
2019-10-11,6231.69,6319.81,6231.69,6299.97,835065
2019-10-14,6299.08,6465.16,6297.29,6414.89,963217
2019-10-15,6405.39,6601.01,6403.51,6569.74,1276061
2019-10-16,6586.38,6596.21,6484.39,6559.63,876844
2019-10-17,6561.51,6729.42,6526.71,6699.66,1248295
2019-10-18,6659.6,7006.34,6641.12,6867.44,1463126
2019-10-22,6896.31,6951.79,6801.32,6824.13,959552
2019-10-23,6772.22,7027.03,6771.23,6997.17,1278695
2019-10-24,7015.74,7029.85,6838.0,6951.23,1658859
2019-10-25,6956.03,7061.83,6915.92,7026.23,1353615
2019-10-27,7031.73,7053.36,6951.84,6980.1,128351
2019-10-29,6974.37,7296.66,6942.25,7261.48,1396732
2019-10-30,7282.83,7291.91,7090.7,7106.92,1243366
2019-10-31,7159.54,7189.73,7055.24,7109.23,1067275
2019-11-01,7147.36,7193.49,7095.78,7164.95,1151035
2019-11-04,7100.39,7170.92,6966.32,6981.89,824953
2019-11-05,6987.48,7092.81,6888.78,6948.97,1207089
2019-11-06,6954.62,6973.42,6860.57,6875.76,923041
2019-11-07,6918.88,6918.88,6809.79,6853.19,877885
2019-11-08,6852.53,6931.1,6750.59,6771.75,983936
2019-11-11,6733.61,6806.45,6652.73,6712.26,864507
2019-11-13,6705.4,6742.87,6672.48,6728.53,687017
2019-11-14,6733.61,6837.06,6733.61,6815.57,802462
2019-11-15,6865.27,6920.76,6692.42,6721.57,1049492
2019-11-18,6724.21,6749.6,6653.67,6675.73,537228
2019-11-19,6720.44,6728.91,6613.23,6625.88,755114
2019-11-20,6695.99,6788.16,6624.52,6726.79,1289948
2019-11-21,6724.21,6771.23,6587.65,6601.05,763454
2019-11-22,6615.11,6655.98,6583.14,6639.99,685503
2019-11-25,6653.86,6830.95,6621.04,6805.18,952419
2019-11-26,6806.96,6840.82,6662.14,6700.69,1249810
2019-11-27,6739.82,6865.27,6739.82,6860.01,1070680
2019-11-28,6865.08,6885.12,6790.93,6828.83,602077
2019-11-29,6822.01,6859.49,6707.28,6814.35,792083
2019-12-02,6856.81,6860.43,6683.53,6714.19,703838
2019-12-03,6717.29,6808.85,6639.57,6713.67,668269
2019-12-04,6705.21,6743.01,6632.04,6654.71,737723
2019-12-05,6667.78,6700.84,6574.25,6595.22,602894
2019-12-06,6595.22,6630.16,6455.33,6476.59,770911
2019-12-09,6589.72,6684.71,6538.33,6578.2,1479832
2019-12-10,6601.01,6629.17,6493.8,6548.95,790378
2019-12-11,6583.14,6616.05,6541.01,6576.74,603048
2019-12-12,6611.73,6626.35,6560.1,6582.95,932863
2019-12-13,6624.47,6817.31,6611.49,6785.29,1199360
2019-12-16,6808.85,6825.49,6700.7,6714.85,727854
2019-12-17,6780.54,6843.17,6739.25,6766.67,939918
2019-12-18,6790.04,6822.91,6737.37,6809.46,841740
2019-12-19,6817.26,6874.68,6739.25,6809.46,1001697
2019-12-20,6809.46,6869.36,6797.09,6829.07,679779
2019-12-23,6841.76,6939.19,6818.34,6922.55,914067
2019-12-24,6956.5,6981.61,6867.15,6891.42,850537
2019-12-26,6897.25,6906.14,6791.92,6809.69,556360
2019-12-27,6835.18,6929.69,6819.57,6907.5,665383
2019-12-30,6938.63,6989.37,6904.4,6974.6,739631
2019-12-31,6971.07,6971.07,6917.23,6929.79,560622
2020-01-01,6937.69,6968.68,6848.39,6876.28,634725
2020-01-02,6891.23,6929.22,6876.56,6893.35,616838
2020-01-03,6892.5,6895.37,6795.68,6822.25,571967
2020-01-06,6771.23,6780.63,6608.06,6623.01,748516
2020-01-07,6677.18,6738.88,6607.97,6652.35,590500
2020-01-08,6639.57,6692.84,6564.75,6616.24,793313
2020-01-09,6714.8,6808.85,6679.06,6797.47,798184
2020-01-10,6828.97,6912.2,6803.58,6893.96,747847
2020-01-13,6895.37,6931.1,6846.28,6914.83,537399
2020-01-14,6917.0,6970.98,6889.35,6946.9,548522
2020-01-15,6948.93,7058.07,6915.12,7037.33,692726
2020-01-16,7012.45,7073.11,6979.26,7018.24,640207
2020-01-17,7024.21,7119.1,6989.93,7072.31,750738
2020-01-20,7073.35,7081.11,6979.11,7005.96,407828
2020-01-21,6970.13,6991.9,6853.8,6867.77,442561
2020-01-22,6902.89,6935.76,6684.66,6710.66,1048435
2020-01-23,6719.88,6790.04,6698.96,6721.48,589326
2020-01-24,6723.08,6780.63,6687.76,6703.94,645723
2020-01-27,6678.59,6794.74,6640.51,6723.08,573149
2020-01-28,6752.37,6789.99,6548.34,6580.36,1614448
2020-01-29,6592.54,6692.47,6559.63,6592.83,1001252
2020-01-30,6601.95,6629.22,6565.27,6602.37,579174
2020-01-31,6616.06,6643.33,6484.91,6501.79,868935
2020-02-03,6376.24,6625.32,6376.24,6593.77,1010531
2020-02-04,6601.95,6785.33,6584.08,6770.85,973311
2020-02-05,6785.33,6800.95,6607.21,6621.6,718489
2020-02-06,6653.67,6696.32,6561.32,6603.45,875714
2020-02-07,6619.82,6630.16,6522.01,6556.57,645814
2020-02-10,6559.63,6572.89,6443.11,6482.42,593773
2020-02-11,6536.12,6666.84,6500.66,6614.88,743160
2020-02-12,6635.9,6686.59,6590.62,6623.86,599364
2020-02-13,6630.16,6635.8,6512.6,6587.89,723169
2020-02-14,6583.18,6666.79,6490.03,6502.07,614859
2020-02-17,6507.9,6564.33,6470.28,6495.44,463548
2020-02-18,6512.6,6517.31,6334.67,6377.27,830678
2020-02-19,6442.07,6446.73,6230.09,6354.23,1033939
2020-02-20,6358.37,6402.15,6319.81,6355.17,682513
2020-02-24,6310.41,6310.41,6056.3,6085.08,1091346
2020-02-25,6117.99,6122.32,5996.82,6032.55,964897
2020-02-26,5971.85,5989.57,5817.66,5863.55,1580738
2020-02-27,5858.99,5960.61,5799.56,5915.23,1492657
2020-02-28,5796.03,5988.16,5739.75,5908.93,1468843
2020-03-02,6019.76,6056.06,5877.8,5910.86,1219764
2020-03-03,5941.75,6039.7,5906.49,6005.75,849199
2020-03-04,6009.46,6041.44,5839.24,6004.15,904360
2020-03-05,6030.06,6079.06,5953.23,5986.85,645853
2020-03-06,5827.39,6094.11,5736.88,6062.08,1140899
2020-03-09,5925.77,5994.42,5717.36,5831.81,1082030
2020-03-11,5793.16,5935.12,5741.44,5780.28,937029
2020-03-12,5585.6,5585.6,5224.71,5307.09,1345964
2020-03-13,5008.08,5702.41,4517.02,5490.9,1480205
2020-03-16,5302.81,5349.27,5078.42,5153.89,933412
2020-03-17,5174.35,5404.71,5174.35,5270.23,1238640
2020-03-18,5333.28,5350.02,4996.18,5033.89,973395
2020-03-19,4579.98,4793.09,4375.48,4532.54,2554559
2020-03-20,4579.04,4913.84,4526.0,4776.73,1614552
2020-03-23,4302.55,4504.75,3894.4,3969.02,1531965
2020-03-24,4082.49,4297.85,3790.01,4219.27,1746431
2020-03-25,4174.65,4852.15,4053.43,4707.84,1728819
2020-03-26,4725.24,4815.1,4467.13,4587.51,1338787
2020-03-27,4796.29,4830.61,4283.74,4369.42,1339426
2020-03-30,4314.26,4363.63,4015.71,4070.68,1528082
2020-03-31,4185.0,4201.97,3959.29,4032.92,2140261
2020-04-01,4034.52,4161.34,3940.57,3993.47,1323842
2020-04-03,3996.91,4012.89,3762.83,3772.61,1724808
2020-04-07,3902.86,4338.2,3874.65,4282.47,2688172
2020-04-08,4144.09,4631.71,4144.09,4418.32,2798833
2020-04-09,4508.93,5077.48,4454.15,5009.44,3786650
2020-04-13,4970.27,5025.19,4703.18,4968.53,2192268
2020-04-15,4991.43,5031.4,4740.8,4790.93,2094519
2020-04-16,4718.23,4916.66,4674.03,4825.25,1752169
2020-04-17,5007.89,5269.29,4901.34,5177.17,2192902
2020-04-20,5183.75,5242.01,4965.57,5013.86,1555307
2020-04-21,4825.72,4825.72,4593.62,4703.28,1843169
2020-04-22,4710.71,4935.71,4693.78,4872.32,1991584
2020-04-23,4861.18,4932.28,4744.56,4849.28,1454061
2020-04-24,4796.29,4833.9,4730.46,4745.17,1070808
2020-04-27,4843.4,4913.84,4694.29,4755.24,1432313
2020-04-28,4786.88,4815.1,4693.07,4751.8,1172062
2020-04-29,4796.29,4796.29,4712.63,4766.62,1038094
2020-04-30,4816.98,5101.93,4816.98,5039.67,2341081
2020-05-04,4792.52,4824.74,4551.77,4595.31,1742771
2020-05-05,4697.54,4730.03,4514.15,4542.23,1570620
2020-05-06,4552.9,4702.24,4429.51,4554.83,2214528
2020-05-07,4607.73,4641.44,4453.02,4466.47,1530808
2020-05-08,4583.74,4588.45,4361.33,4376.99,1828141
2020-05-11,4467.13,4715.97,4448.46,4643.75,3176473
2020-05-12,4621.36,4688.13,4410.75,4656.44,3124672
2020-05-13,4937.35,5000.79,4689.31,4736.19,3304845
2020-05-14,4612.9,4838.61,4563.2,4809.5,2590674
2020-05-15,4805.69,4818.1,4665.7,4796.66,2182462
2020-05-18,4777.85,4791.58,4401.82,4439.81,3164086
2020-05-19,4553.65,4608.2,4472.54,4519.14,2108177
2020-05-20,4470.89,4627.01,4462.9,4600.63,1518296
2020-05-21,4598.79,4771.65,4562.16,4749.36,1868166
2020-05-22,4711.65,4843.31,4637.12,4828.54,1935875
2020-05-26,4890.33,4971.02,4853.32,4933.73,1508751
2020-05-27,4956.16,4975.91,4829.58,4932.09,1534655
2020-05-28,4953.34,5167.76,4909.14,5142.7,2325084
2020-05-29,5054.91,5329.29,5054.91,5276.67,3386733
2020-06-01,5351.15,5515.4,5329.43,5448.58,2340994
2020-06-02,5452.48,5500.68,5290.12,5351.25,2110719
2020-06-03,5388.77,5484.69,5272.15,5289.08,1652859
2020-06-04,5321.06,5379.32,5240.18,5351.34,1642049
2020-06-05,5387.17,5440.49,5333.38,5404.0,1236658
2020-06-08,5501.62,5501.62,5361.97,5393.28,1176769
2020-06-09,5411.34,5442.37,5285.32,5325.1,1336806
2020-06-10,5318.24,5398.17,5280.62,5337.61,1432292
2020-06-11,5301.31,5350.21,5078.7,5103.01,1766481
2020-06-12,4891.27,5274.32,4891.27,5230.54,2064628
2020-06-15,5191.27,5252.4,5070.0,5149.66,1530562
2020-06-16,5257.11,5278.31,5078.42,5174.54,1184933
2020-06-17,5120.74,5467.25,5120.74,5385.2,3454833
2020-06-18,5355.85,5415.1,5305.07,5374.1,1580214
2020-06-19,5408.52,5581.56,5367.14,5546.15,1854589
2020-06-22,5548.65,5619.18,5460.57,5544.88,1497563
2020-06-23,5548.65,5649.46,5513.43,5535.95,1398070
2020-06-24,5584.38,5584.38,5388.77,5412.61,1268449
2020-06-25,5338.93,5498.61,5314.47,5419.15,1266203
2020-06-26,5454.6,5464.0,5355.85,5412.19,1063057
2020-06-29,5388.77,5454.6,5313.53,5340.52,1102655
2020-06-30,5407.58,5524.66,5343.11,5490.62,2015814
2020-07-01,5490.62,5534.54,5431.09,5457.52,1284965
2020-07-02,5501.62,5605.07,5419.62,5594.21,1470941
2020-07-03,5594.21,5631.97,5532.7,5578.83,1059779
2020-07-06,5608.32,5781.59,5572.16,5758.93,1385081
2020-07-07,5774.35,5877.8,5729.82,5855.94,1799721
2020-07-08,5855.94,5863.7,5663.94,5684.45,1204072
2020-07-09,5717.93,5732.97,5578.13,5644.9,1043427
2020-07-10,5623.88,5722.72,5568.39,5600.98,1168821
2020-07-13,5642.69,5698.41,5574.79,5632.2,1035069
2020-07-14,5596.61,5603.9,5407.58,5428.03,1602929
2020-07-15,5464.0,5529.65,5412.28,5455.82,1246705
2020-07-16,5463.06,5567.45,5409.46,5525.46,1018658
2020-07-17,5546.76,5601.31,5502.56,5566.98,810152
2020-07-20,5581.56,5582.5,5465.89,5518.08,912610
2020-07-21,5566.98,5783.76,5548.64,5765.75,1854694
2020-07-22,5752.72,5764.01,5585.98,5645.89,1140092
2020-07-23,5654.92,5727.33,5612.55,5704.71,701651
2020-07-24,5652.1,5687.22,5578.83,5643.35,793324
2020-07-27,5650.21,5701.8,5575.02,5683.41,902597
2020-07-28,5689.71,5943.96,5671.98,5908.65,1774828
2020-07-29,5896.56,5920.12,5754.56,5816.81,2057197
2020-07-30,5815.78,6012.9,5802.61,5892.29,2217867
2020-07-31,5891.91,5999.92,5839.24,5889.79,1613555
2020-08-03,6000.06,6054.09,5760.29,5798.05,1836582
2020-08-04,5829.84,5997.1,5816.67,5980.26,1223516
2020-08-05,6008.43,6204.8,6000.06,6137.6,2278663
2020-08-06,6145.78,6193.65,6051.22,6165.34,1233252
2020-08-07,6111.03,6347.56,6095.85,6281.25,1567980
2020-08-10,6291.6,6328.0,6184.39,6215.33,1601750
2020-08-11,6268.09,6313.7,6217.3,6253.23,880808
2020-08-12,6216.32,6374.41,6199.53,6329.5,1114981
2020-08-13,6386.1,6426.0,6314.98,6387.72,1087096
2020-08-14,6395.64,6400.52,6217.29,6251.59,905793
2020-08-17,6319.72,6443.04,6251.59,6422.59,1028536
2020-08-18,6422.59,6571.09,6415.47,6540.92,1322527
2020-08-19,6570.24,6656.3,6533.28,6633.15,1326450
2020-08-20,6539.02,6641.41,6528.53,6618.35,958157
2020-08-21,6687.9,6704.03,6595.86,6616.73,971836
2020-08-24,6628.12,6737.25,6599.65,6720.64,961177
2020-08-25,6737.25,6809.08,6714.14,6746.69,1047620
2020-08-26,6746.73,6792.28,6615.79,6650.56,992395
2020-08-27,6683.16,6763.53,6605.16,6735.35,1158891
2020-08-28,6760.97,6790.38,6669.35,6741.14,1019984
2020-08-31,6773.3,6794.18,6443.51,6490.48,1580774
2020-09-01,6509.93,6660.1,6454.47,6552.82,1117127
2020-09-02,6552.68,6623.38,6502.3,6567.15,776392
2020-09-03,6571.19,6753.28,6567.15,6711.25,947751
2020-09-04,6628.12,6949.8,6609.19,6822.74,2185292
2020-09-07,6855.86,6927.03,6765.0,6840.82,1348919
2020-09-08,6851.11,6906.15,6772.97,6854.91,1145062
2020-09-09,6832.14,6885.61,6757.36,6846.61,1273303
2020-09-10,6892.87,6926.46,6801.77,6862.17,978701
2020-09-11,6908.0,6974.38,6808.41,6826.06,1383019
2020-09-14,6850.17,6869.71,6723.01,6764.62,1003491
2020-09-15,6797.97,6808.41,6647.1,6692.46,894418
2020-09-16,6712.57,6802.72,6681.26,6697.34,920570
2020-09-17,6689.32,6749.49,6586.37,6723.82,1133411
2020-09-18,6782.79,6783.74,6577.45,6608.91,1143550
2020-09-21,6608.91,6629.92,6253.3,6288.36,1290480
2020-09-22,6333.96,6344.35,5989.84,6111.49,2665724
2020-09-23,6131.84,6215.3,6054.03,6169.13,1456226
2020-09-24,6106.22,6155.37,5949.79,5975.94,1237674
2020-09-25,6068.26,6185.5,6007.53,6165.72,1316468
2020-09-28,6242.86,6376.66,6208.04,6360.53,1099583
2020-09-29,6404.18,6465.19,6330.16,6398.25,1199391
2020-09-30,6367.17,6433.55,6330.16,6398.91,812841
2020-10-01,6488.82,6556.0,6429.23,6449.06,1255993
2020-10-05,6514.25,6526.21,6400.38,6470.46,833476
2020-10-06,6507.61,6585.23,6481.04,6540.25,756192
2020-10-07,6566.44,6708.78,6514.77,6686.86,1101957
2020-10-08,6727.76,6775.2,6662.28,6718.12,851205
2020-10-09,6699.29,6793.23,6643.3,6701.57,839682
2020-10-12,6746.73,6789.43,6647.1,6772.02,799712
2020-10-13,6770.46,6817.9,6663.23,6673.57,819414
2020-10-14,6680.31,6713.52,6573.51,6644.58,779630
2020-10-15,6669.87,6689.7,6507.33,6540.44,681316
2020-10-16,6542.72,6623.38,6512.35,6542.62,657914
2020-10-19,6618.63,6623.38,6476.29,6501.87,548457
2020-10-20,6468.7,6593.96,6462.06,6494.89,659864
2020-10-21,6551.26,6592.63,6419.03,6511.26,911967
2020-10-22,6479.14,6509.51,6429.04,6463.53,584523
2020-10-23,6507.61,6760.68,6482.94,6740.33,1758998
2020-10-26,6737.25,6795.41,6580.72,6694.35,1559351
2020-10-27,6705.93,6841.39,6692.65,6792.66,1461819
2020-10-28,6827.34,6957.39,6746.73,6818.9,1645177
2020-10-29,6750.53,6831.19,6629.73,6754.04,1434852
2020-10-30,6717.37,6746.73,6529.43,6609.28,1360249
2020-11-02,6684.96,6693.03,6500.02,6517.43,1059351
2020-11-03,6585.42,6607.48,6502.34,6560.13,926491
2020-11-04,6560.13,6693.59,6556.48,6598.75,901404
2020-11-05,6661.33,6741.89,6623.04,6730.41,843221
2020-11-06,6729.65,6770.46,6537.97,6554.68,1378439
2020-11-09,6632.82,6673.29,6466.81,6521.04,1479540
2020-11-10,6616.83,6617.68,6415.99,6446.36,1695413
2020-11-11,6508.56,6551.26,6408.07,6506.99,1481918
2020-11-12,6506.66,6575.93,6444.98,6487.54,1418041
2020-11-13,6528.48,6528.48,6439.29,6461.35,970632
2020-11-14,6500.02,6509.41,6485.78,6502.15,128193
2020-11-17,6514.25,6639.41,6512.35,6624.75,1243068
2020-11-18,6623.33,6708.78,6593.01,6693.88,1400300
2020-11-19,6671.77,6765.71,6561.89,6607.53,1305695
2020-11-20,6603.97,6661.33,6551.26,6609.95,923474
2020-11-23,6680.31,6684.11,6578.4,6630.73,735755
2020-11-24,6689.8,6840.68,6689.8,6792.66,1910670
2020-11-25,6879.58,6881.81,6658.49,6695.21,947742
2020-11-26,6718.27,6735.35,6550.31,6636.9,1068945
2020-11-27,6680.59,6747.68,6575.93,6676.32,2123905
2020-12-01,6776.91,6776.91,6618.82,6738.86,1076695
2020-12-02,6746.73,6851.11,6741.99,6838.3,1106734
2020-12-03,6879.58,7385.21,6879.2,7343.69,3846792
2020-12-04,7399.58,7479.91,7250.84,7404.47,2393536
2020-12-07,7428.81,7434.69,7297.1,7347.77,1037296
2020-12-08,7352.14,7603.74,7306.59,7366.09,1885285
2020-12-09,7377.76,7401.43,7299.0,7315.37,822760
2020-12-10,7363.52,7448.93,7316.08,7340.75,1186739
2020-12-11,7382.45,7397.4,7306.59,7338.43,706875
2020-12-14,7410.97,7425.2,7263.89,7303.55,1038032
2020-12-15,7303.55,7391.99,7250.18,7368.51,891801
2020-12-16,7420.46,7495.42,7373.01,7398.02,963504
2020-12-17,7401.39,7431.75,7235.42,7300.9,734075
2020-12-18,7319.87,7332.21,7156.43,7173.51,1078328
2020-12-21,7173.74,7210.75,6906.25,6999.24,970306
2020-12-22,7002.94,7057.98,6836.98,7017.55,1138240
2020-12-23,7022.3,7169.57,7016.22,7069.32,951805
2020-12-24,7123.69,7147.89,7035.39,7065.62,589281
2020-12-28,7083.6,7157.61,7073.16,7100.68,521320
2020-12-29,7135.79,7159.51,7039.28,7071.59,538719
2020-12-30,7113.96,7244.91,7050.38,7223.94,1029800
2020-12-31,7225.6,7303.74,7192.72,7258.77,908515
2021-01-01,7262.94,7352.61,7259.14,7298.33,767574
2021-01-04,7343.6,7358.97,7252.12,7308.77,598645
2021-01-05,7268.63,7280.97,7198.41,7264.32,562668
2021-01-06,7262.94,7353.09,7169.47,7238.84,840678
2021-01-07,7283.82,7310.77,7166.25,7179.48,642968
2021-01-08,7211.7,7648.2,7211.7,7605.4,2557157
2021-01-11,7685.2,7864.55,7479.67,7812.12,2182019
2021-01-12,7744.04,7903.45,7724.11,7769.7,1514072
2021-01-13,7769.66,7828.49,7696.59,7723.97,877225
2021-01-14,7747.64,7762.07,7613.51,7733.08,718274
2021-01-15,7740.38,7799.55,7591.31,7614.75,751177
2021-01-18,7601.7,7613.99,7349.29,7430.56,771183
2021-01-19,7496.37,7582.06,7434.69,7517.82,779892
2021-01-20,7479.29,7752.58,7458.65,7728.81,999226
2021-01-21,7785.79,7844.62,7611.62,7664.09,769494
2021-01-22,7671.92,7883.53,7591.26,7637.62,1172914
2021-01-25,7702.28,7747.55,7543.91,7573.71,753043
2021-01-27,7584.57,7676.66,7420.93,7468.76,1080785
2021-01-28,7439.44,7576.6,7175.64,7200.79,2085637
2021-01-29,7292.36,7292.36,6803.67,6838.45,3069968
2021-02-01,6894.01,7093.09,6786.59,7021.73,1611478
2021-02-02,7149.93,7372.78,7107.46,7263.6,1700845
2021-02-03,7287.61,7322.2,7093.89,7201.45,1491567
2021-02-04,7211.7,7368.27,7144.37,7249.66,1198036
2021-02-05,7287.61,7340.75,7079.8,7111.26,1128089
2021-02-08,7131.04,7247.76,7092.61,7187.6,912372
2021-02-09,7193.67,7287.61,7187.03,7237.37,925127
2021-02-10,7216.63,7282.77,7122.55,7232.29,1015600
2021-02-11,7211.7,7348.34,7181.0,7275.61,818869
2021-02-12,7230.77,7282.87,7141.38,7181.81,756833
2021-02-15,7211.7,7258.29,7192.72,7208.52,470093
2021-02-16,7248.71,7400.53,7235.66,7303.79,1321126
2021-02-17,7287.56,7298.52,7089.57,7119.84,1023548
2021-02-18,7187.83,7191.82,7078.85,7114.48,821462
2021-02-19,7067.47,7103.9,6912.79,6948.85,1013887
2021-02-22,6948.85,6950.75,6695.49,6724.39,1502068
2021-02-23,6755.08,6758.45,6583.52,6614.36,1589884
2021-02-24,6552.21,6676.52,6526.11,6597.71,1225254
2021-02-25,6704.03,6707.83,6561.7,6576.26,1740066
2021-02-26,6547.46,6713.52,6473.64,6515.34,2687534
2021-03-01,6620.53,6673.53,6563.64,6656.59,1417600
2021-03-02,6699.29,6865.35,6670.82,6845.52,1395296
2021-03-03,6875.41,6891.25,6738.38,6760.68,796258
2021-03-04,6718.27,6808.6,6652.79,6767.23,906310
2021-03-05,6765.71,6941.26,6708.78,6878.63,1821165
2021-03-08,6893.72,6963.84,6847.32,6888.6,977572
2021-03-09,6954.92,6954.92,6885.27,6928.5,678485
2021-03-10,6946.01,7009.58,6880.53,6900.55,659270
2021-03-12,6927.03,6939.36,6700.62,6733.64,946720
2021-03-15,6779.95,6796.98,6652.79,6727.09,700250
2021-03-16,6737.25,6832.14,6737.25,6784.98,796357
2021-03-17,6794.18,6803.62,6683.63,6703.7,688581
2021-03-18,6760.97,6871.99,6699.29,6750.29,984545
2021-03-19,6699.24,6784.64,6552.68,6750.1,838756
2021-03-22,6741.04,6777.57,6689.99,6738.43,533767
2021-03-23,6773.3,6855.86,6765.71,6819.09,757590
2021-03-24,6771.41,6792.66,6689.75,6705.17,457147
2021-03-25,6689.8,6698.34,6410.11,6440.1,1338767
2021-03-26,6537.03,6546.47,6425.05,6437.82,911299
2021-03-30,6463.01,6523.74,6395.64,6501.73,1088817
2021-03-31,6502.2,6585.33,6448.02,6508.75,735382
2021-04-01,6594.91,6634.29,6504.76,6570.14,660759
2021-04-05,6555.53,6555.53,6381.03,6422.73,668129
2021-04-06,6469.89,6497.12,6376.66,6406.36,628262
2021-04-07,6443.08,6533.23,6428.9,6514.25,598115
2021-04-08,6529.43,6584.76,6459.07,6478.05,604553
2021-04-09,6500.02,6523.98,6431.7,6478.29,641327
2021-04-12,6395.5,6395.5,6169.94,6187.45,1020746
2021-04-13,6186.88,6495.65,6138.29,6467.57,995718
2021-04-15,6496.79,6497.03,6216.3,6304.78,1267365
2021-04-16,6333.96,6438.2,6268.53,6308.43,1000325
2021-04-19,6168.23,6196.37,6087.24,6179.05,772219
2021-04-20,6277.02,6337.47,6223.46,6307.06,914142
2021-04-22,6287.42,6333.86,6210.6,6310.33,667911
2021-04-23,6224.84,6371.63,6224.84,6335.0,709306
2021-04-26,6348.38,6442.13,6262.79,6299.7,937344
2021-04-27,6329.17,6366.22,6207.76,6233.14,1610651
2021-04-28,6233.14,6310.24,6210.6,6237.93,1406270
2021-04-29,6296.0,6307.82,6217.24,6230.2,757075
2021-04-30,6203.1,6224.46,6092.94,6125.82,849997
2021-05-03,6101.48,6283.67,6073.01,6260.75,834923
2021-05-04,6300.7,6308.81,6150.82,6175.73,507170
2021-05-05,6222.65,6261.84,6151.77,6253.4,499160
2021-05-06,6253.3,6366.22,6239.73,6326.04,520125
2021-05-07,6337.76,6409.44,6300.75,6360.58,605050
2021-05-10,6334.15,6427.09,6319.82,6418.41,541534
2021-05-11,6338.85,6404.18,6319.96,6392.46,406046
2021-05-12,6386.15,6490.53,6343.45,6469.23,770204
2021-05-14,6490.53,6492.57,6357.87,6392.22,647029
2021-05-17,6373.34,6489.01,6355.36,6374.62,995827
2021-05-18,6441.19,6513.3,6372.34,6463.11,805827
2021-05-19,6451.62,6504.72,6414.62,6429.7,432774
2021-05-20,6434.35,6466.52,6385.68,6393.6,470476
2021-05-21,6433.59,6486.26,6399.67,6466.47,434363
2021-05-24,6454.47,6609.14,6454.47,6520.51,1027484
2021-05-25,6585.37,6593.01,6536.08,6558.66,438736
2021-05-26,6572.14,6690.75,6558.85,6674.9,691574
2021-05-27,6663.23,6707.83,6596.0,6612.84,922091
2021-05-28,6631.54,6686.95,6585.89,6613.89,393809
2021-05-31,6599.65,6737.24,6570.28,6724.24,718277
2021-06-01,6744.41,6778.05,6687.0,6728.85,642841
2021-06-02,6702.56,6829.95,6702.56,6817.62,598862
2021-06-03,6832.14,6860.6,6798.97,6841.15,401590
2021-06-04,6832.14,6900.46,6785.73,6846.09,575591
2021-06-07,6852.06,6954.4,6842.67,6903.92,520482
2021-06-08,6943.63,6990.08,6922.47,6961.9,538816
2021-06-09,6936.71,6964.22,6832.14,6869.14,443778
2021-06-10,6887.17,6907.53,6807.51,6832.04,278027
2021-06-11,6873.89,6873.89,6819.23,6854.72,253689
2021-06-14,6827.39,6844.42,6732.55,6811.12,322353
2021-06-15,6814.25,6859.51,6790.67,6800.11,207625
2021-06-16,6799.87,6826.21,6708.78,6750.77,283007
2021-06-17,6699.29,6736.39,6576.97,6613.27,595255
2021-06-18,6632.72,6632.72,6472.5,6603.78,797389
2021-06-21,6519.0,6571.19,6492.43,6547.37,443795
2021-06-22,6585.42,6926.98,6575.93,6894.19,1757310
2021-06-23,6894.86,7096.88,6870.14,7052.95,2227399
2021-06-24,7068.22,7164.25,7031.5,7142.86,1041762
2021-06-25,7154.76,7273.38,7154.76,7258.2,1216123
2021-06-28,7304.69,7304.69,7184.56,7208.14,433364
2021-06-29,7207.9,7212.65,7071.78,7104.95,480219
2021-06-30,7122.03,7255.92,7109.79,7131.9,729267
2021-07-01,7116.81,7216.44,7112.11,7196.9,584331
2021-07-02,7235.42,7244.44,7160.98,7186.88,434905
2021-07-05,7208.19,7297.1,7195.57,7211.18,484183
2021-07-06,7211.7,7266.69,7104.9,7131.0,425103
2021-07-07,7143.38,7193.67,7053.85,7068.79,395336
2021-07-08,7074.11,7114.91,7007.68,7023.06,391940
2021-07-09,7003.89,7067.37,6968.21,7046.31,400686
2021-07-12,7116.81,7202.02,7070.36,7088.44,496478
2021-07-13,7135.79,7144.52,7025.71,7050.72,350032
2021-07-14,7056.08,7068.41,6936.52,6952.41,460178
2021-07-15,6981.11,6982.06,6896.66,6933.67,430055
2021-07-16,6958.34,6958.34,6901.22,6930.4,281552
2021-07-19,6881.19,6924.18,6785.73,6799.45,386598
2021-07-20,6813.16,6893.82,6779.42,6863.17,413816
2021-07-22,6928.92,6950.75,6876.07,6926.6,439934
2021-07-23,6927.03,6998.19,6905.2,6921.19,436330
2021-07-26,6933.67,6983.96,6813.16,6866.11,431758
2021-07-27,6871.33,6946.0,6794.99,6870.33,417171
2021-07-28,6908.05,6938.41,6702.14,6798.97,739427
2021-07-29,6765.71,6765.71,6581.62,6636.19,1519226
2021-07-30,6642.35,6732.5,6609.05,6621.19,715546
2021-08-02,6737.25,6744.31,6671.77,6715.37,433760
2021-08-03,6760.92,6852.06,6724.05,6831.57,470570
2021-08-04,6851.11,6878.25,6645.68,6740.0,484122
2021-08-05,6753.46,6761.05,6690.44,6711.01,495133
2021-08-06,6737.04,6845.62,6725.34,6780.96,517575
2021-08-09,6813.62,6842.27,6720.99,6762.77,264983
2021-08-10,6727.87,6784.88,6679.93,6686.57,356726
2021-08-11,6686.62,6775.43,6613.23,6705.24,414311
2021-08-12,6705.71,6765.69,6670.38,6696.16,330283
2021-08-13,6713.35,6732.36,6659.73,6686.81,431784
2021-08-16,6667.99,6701.89,6503.26,6519.35,750966
2021-08-17,6493.71,6630.27,6442.53,6575.27,752517
2021-08-18,6630.99,6630.99,6512.81,6532.01,434144
2021-08-20,6508.04,6603.2,6474.61,6542.32,657982
2021-08-23,6593.98,6606.4,6494.67,6518.45,537302
2021-08-24,6483.69,6543.37,6436.99,6496.77,646993
2021-08-25,6530.0,6530.0,6398.22,6409.15,722194
2021-08-26,6398.22,6399.51,6294.13,6310.93,1199429
2021-08-27,6331.13,6393.06,6302.72,6326.45,1428388
2021-08-30,6388.67,6503.26,6354.15,6490.75,819447
2021-08-31,6512.81,6562.47,6458.9,6537.74,938326
2021-09-01,6493.67,6512.81,6400.46,6479.29,1108476
2021-09-02,6544.04,6550.01,6406.05,6486.93,741052
2021-09-03,6465.06,6644.6,6447.49,6553.97,1196077
2021-09-06,6613.08,6640.78,6530.0,6538.5,897444
2021-09-07,6570.01,6617.76,6544.99,6567.39,743783
2021-09-08,6543.47,6549.43,6451.69,6475.81,847767
2021-09-09,6445.97,6511.33,6436.42,6495.86,515702
2021-09-13,6527.61,6584.86,6506.41,6564.09,508397
2021-09-14,6598.76,6641.73,6542.51,6583.91,817280
2021-09-15,6625.5,6625.5,6570.11,6597.8,310138
2021-09-16,6601.91,6636.0,6560.56,6618.77,556648
2021-09-17,6641.73,6746.54,6636.96,6698.5,980793
2021-09-20,6665.51,6699.46,6595.13,6637.34,550405
2021-09-21,6601.15,6627.12,6437.37,6471.75,1085249
2021-09-22,6512.81,6537.64,6479.39,6523.32,548623
2021-09-23,6558.65,6570.01,6513.77,6538.31,432740
2021-09-24,6541.46,6720.8,6539.55,6639.11,1649962
2021-09-27,6659.88,7112.53,6659.88,7069.98,2646138
2021-09-28,7112.53,7182.76,7003.18,7089.46,1346961
2021-09-29,7057.62,7128.76,6962.6,7051.46,643556
2021-09-30,7052.13,7074.38,6972.19,7007.53,625717
2021-10-01,6894.8,6894.8,6770.65,6839.69,901588
2021-10-04,6856.6,6889.97,6810.57,6847.33,466994
2021-10-05,6842.08,6971.19,6833.34,6931.32,546004
2021-10-06,6943.4,6953.53,6841.56,6874.98,726695
2021-10-07,6909.07,7214.71,6899.81,7155.02,1646727
2021-10-08,7208.69,7230.89,7067.79,7095.34,630622
2021-10-11,7085.98,7462.8,7085.6,7353.94,1069536
2021-10-12,7341.62,7400.92,7286.38,7347.25,406814
2021-10-13,7391.37,7400.88,7101.59,7145.14,1084436
2021-10-14,7200.38,7219.48,7109.66,7159.22,831546
2021-10-18,7071.46,7358.24,7071.46,7312.11,913963
2021-10-19,7324.72,7418.69,7243.36,7310.82,658869
2021-10-20,7272.0,7322.0,7176.51,7248.85,488082
2021-10-21,7305.43,7305.43,7147.86,7234.04,563128
2021-10-22,7257.68,7281.55,7053.84,7075.19,224520
2021-10-25,7023.71,7062.92,6894.46,6933.57,248058
2021-10-26,6937.77,7007.43,6885.44,6968.66,292203
2021-10-27,6956.87,7125.18,6917.71,7024.91,1218064
2021-10-28,6923.44,7190.55,6909.17,7037.75,961511
2021-10-29,7018.94,7209.93,6966.27,7145.38,819875
2021-11-01,7067.64,7320.71,7067.64,7272.53,1005690
2021-11-02,7303.47,7553.72,7287.09,7440.79,1302733
2021-11-03,7440.79,7489.02,7364.25,7385.88,656492
2021-11-04,7424.51,7467.72,7387.08,7398.44,53365
2021-11-08,7410.43,7527.55,7326.44,7338.47,428433
2021-11-09,7361.77,7414.77,7199.14,7236.24,632879
2021-11-10,7229.03,7238.58,7123.99,7173.31,562432
2021-11-11,7173.64,7226.64,7106.8,7117.73,486991
2021-11-12,7190.83,7204.2,7106.8,7142.94,349666
2021-11-15,7116.35,7238.44,7116.35,7165.14,314414
2021-11-16,7205.16,7762.61,7195.65,7687.74,2619355
2021-11-17,7673.09,7973.9,7654.03,7902.04,2377268
2021-11-18,7863.12,7991.09,7640.71,7751.54,1337493
2021-11-22,7790.55,7819.05,7454.93,7510.17,672298
2021-11-23,7495.56,7595.69,7453.45,7500.24,567198
2021-11-24,7511.22,7542.21,7292.63,7324.0,571078
2021-11-25,7295.88,7371.7,7100.11,7231.42,1007618
2021-11-26,7181.28,7181.28,6808.85,6847.52,1154876
2021-11-29,6843.23,6885.25,6675.82,6827.47,733010
2021-11-30,6827.47,6923.44,6699.55,6749.45,1287938
2021-12-01,6867.1,7047.59,6808.9,6945.65,1669583
2021-12-02,6956.87,7024.14,6919.29,6995.02,618573
2021-12-03,6975.97,6998.89,6826.75,6884.0,603798
2021-12-06,6869.01,6875.7,6704.76,6725.62,609507
2021-12-07,6807.89,6934.71,6771.8,6862.9,637151
2021-12-08,6899.57,7160.13,6829.0,7100.02,930339
2021-12-09,7132.58,7132.58,6995.07,7087.46,615037
2021-12-10,7047.59,7138.31,7026.53,7091.18,431682
2021-12-13,7147.86,7234.67,7090.56,7177.85,883009
2021-12-14,7178.23,7215.95,7121.88,7155.64,749704
2021-12-15,7139.27,7295.88,7117.35,7227.07,529018
2021-12-16,7249.56,7277.73,7072.42,7115.2,595582
2021-12-17,7143.08,7143.08,6914.85,6967.95,1081907
2021-12-20,6875.7,6991.77,6718.94,6958.4,867425
2021-12-21,6977.4,7071.42,6955.91,6985.66,415744
2021-12-22,6976.44,7118.26,6976.44,7089.37,368978
2021-12-23,7144.04,7162.18,7023.72,7054.42,249919
2021-12-24,7105.84,7114.29,6925.5,6987.52,357447
2021-12-27,6949.32,6999.84,6862.52,6961.17,190180
2021-12-28,6990.29,7027.53,6928.31,6968.76,214533
2021-12-29,6969.0,7033.26,6914.32,7018.99,287776
2021-12-30,7018.94,7062.06,6928.6,6954.24,296041
2021-12-31,6961.69,7113.96,6961.69,7091.95,313398
2022-01-03,7085.79,7263.36,7085.79,7185.01,456599
2022-01-04,7257.68,7304.47,7181.28,7286.42,495182
2022-01-05,7281.41,7456.31,7263.03,7425.13,710043
2022-01-06,7431.48,7543.64,7337.85,7527.07,739981
2022-01-07,7527.07,7586.95,7482.57,7549.9,523116
2022-01-10,7591.92,7861.21,7567.23,7759.61,827930
2022-01-11,7735.16,7794.8,7705.84,7777.03,688923
2022-01-12,7830.65,7830.65,7749.48,7802.72,288174
2022-01-13,7806.78,7887.95,7593.82,7713.24,684931
2022-01-14,7592.87,7778.13,7592.87,7720.07,299536
2022-01-17,7758.84,7991.95,7735.25,7893.2,862249
2022-01-18,7877.4,7877.4,7536.05,7558.63,785199
2022-01-19,7571.86,7696.96,7505.97,7654.66,681632
2022-01-20,7639.66,7773.36,7637.32,7674.38,522850
2022-01-21,7611.01,7872.67,7502.2,7820.72,1041476
2022-01-24,7820.15,7957.47,7594.59,7689.61,1153538
2022-01-25,7630.11,8273.75,7532.61,8215.12,2162832
2022-01-27,8266.11,8567.55,8021.69,8422.92,2899559
2022-01-28,8398.85,8527.77,8138.49,8165.8,1045088
2022-01-31,8236.51,8327.23,8167.56,8210.06,561419
2022-02-01,8301.45,8394.84,7974.85,8173.87,819689
2022-02-02,8193.25,8291.9,8060.08,8131.7,580433
2022-02-03,8164.89,8401.72,8138.82,8206.57,810019
2022-02-04,8250.74,8289.03,8109.6,8165.42,404421
2022-02-07,8160.11,8226.96,8021.65,8128.27,446099
2022-02-08,8228.59,8393.22,8056.07,8212.11,998182
2022-02-09,8233.65,8584.88,8233.65,8546.35,1403525
2022-02-10,8642.37,8642.37,8393.98,8408.83,811887
2022-02-11,8344.42,8465.7,8282.64,8343.61,671572
2022-02-14,8117.14,8227.01,7950.02,7989.56,995540
2022-02-15,8031.19,8273.99,7980.1,8234.31,682766
2022-02-16,8327.23,8342.89,8159.16,8196.36,422704
2022-02-17,8188.76,8268.31,8141.02,8167.23,305313
2022-02-18,8164.89,8256.52,8136.29,8183.13,385273
2022-02-21,8159.21,8331.29,8063.28,8224.77,626049
2022-02-22,8112.37,8269.74,8007.18,8234.41,620828
2022-02-23,8298.58,8394.03,8265.35,8307.04,557954
2022-02-24,8023.55,8200.46,7787.68,7840.35,947351
2022-02-25,7887.95,8084.67,7839.77,7979.72,1344343
2022-02-28,7926.15,7964.3,7748.62,7939.66,961303
2022-03-02,7828.46,7829.7,7414.29,7462.23,1783011
2022-03-03,7567.09,7582.32,7218.05,7253.43,1050154
2022-03-04,7144.99,7180.52,6808.85,6920.87,2511658
2022-03-07,6677.06,6713.21,6426.87,6464.16,2469925
2022-03-08,6402.99,6546.24,6242.13,6499.73,2840376
2022-03-09,6564.38,6759.29,6471.75,6710.35,1827539
2022-03-10,6928.22,7066.54,6854.02,6886.96,1535070
2022-03-11,6875.7,6875.7,6761.1,6782.64,1024452
2022-03-14,6732.45,7004.62,6696.16,6987.19,1023874
2022-03-15,6991.25,7276.78,6988.38,7085.88,1586111
2022-03-16,7229.03,7253.62,7104.89,7148.62,584457
2022-03-17,7232.85,7393.24,7190.83,7346.49,1133271
2022-03-21,7490.69,7582.37,7305.43,7358.48,1354525
2022-03-22,7367.45,7457.27,7197.18,7416.82,1093502
2022-03-23,7448.67,7508.64,7268.18,7300.51,808597
2022-03-24,7257.01,7310.2,7187.35,7216.57,565485
2022-03-25,7176.51,7202.58,7052.36,7081.44,686637
2022-03-28,7090.56,7199.43,7079.1,7140.55,599515
2022-03-29,7195.61,7222.44,7067.64,7104.07,446257
2022-03-30,7182.24,7286.28,7152.63,7256.34,589206
2022-03-31,7256.29,7308.05,7188.92,7220.72,434317
2022-04-01,7232.85,7380.87,7178.75,7353.22,449386
2022-04-04,7305.43,7442.94,7287.9,7424.61,491029
2022-04-05,7430.53,7544.17,7381.82,7412.24,488132
2022-04-06,7390.42,7495.46,7329.3,7395.38,393628
2022-04-07,7314.74,7399.01,7277.78,7296.36,458566
2022-04-08,7361.58,7382.3,7176.89,7217.52,849846
2022-04-11,7271.86,7273.48,7147.86,7224.64,496254
2022-04-12,7200.38,7364.16,7162.18,7275.2,598047
2022-04-13,7275.2,7357.9,7104.89,7133.06,527991
2022-04-18,7042.34,7256.72,7023.71,7232.37,551783
2022-04-19,7238.58,7332.17,7018.94,7100.21,425990
2022-04-20,7161.23,7352.22,7136.02,7321.38,542622
2022-04-21,7362.53,7543.98,7339.85,7524.3,772708
2022-04-22,7438.17,7655.56,7382.78,7548.46,960818
2022-04-25,7458.22,7637.75,7458.22,7555.96,701521
2022-04-26,7639.66,7704.12,7477.32,7550.61,801963
2022-04-27,7497.37,7510.74,7372.28,7437.59,570519
2022-04-28,7490.69,7582.37,7416.87,7532.85,561932
2022-04-29,7561.36,7588.57,7282.51,7370.17,1162749
2022-05-02,7319.75,7400.92,7204.49,7290.86,544053
2022-05-04,7305.43,7398.06,7025.15,7064.68,599211
2022-05-05,7114.44,7198.47,7047.73,7073.99,524174
2022-05-06,6984.56,7028.39,6834.3,6951.38,650559
2022-05-09,6877.13,7090.08,6808.85,7028.78,570578
2022-05-10,7019.08,7233.81,7019.08,7177.37,663616
2022-05-11,7180.33,7219.05,7015.69,7063.3,605312
2022-05-12,6896.23,6994.06,6886.01,6926.93,571754
2022-05-13,7009.39,7009.39,6744.25,6782.06,703097
2022-05-16,6834.63,6976.3,6827.95,6921.15,369545
2022-05-17,6952.09,7243.02,6928.27,7193.51,811448
2022-05-18,7225.21,7296.02,7171.35,7225.74,576970
2022-05-19,7114.44,7186.06,7052.41,7071.03,363255
2022-05-20,7181.81,7304.38,7114.44,7244.88,742204
2022-05-23,7448.77,7596.55,7425.85,7541.73,1161175
2022-05-24,7562.31,7584.23,7440.36,7451.2,581609
2022-05-25,7486.87,7505.49,7349.4,7436.5,454335
2022-05-26,7448.67,7486.82,7276.78,7453.45,476799
2022-05-27,7568.04,7607.1,7480.18,7585.18,431411
2022-05-30,7620.75,7696.96,7592.87,7652.94,389517
2022-05-31,7652.94,7735.16,7544.17,7607.53,2494005
2022-06-01,7615.84,7705.46,7525.16,7581.79,522004
2022-06-02,7568.04,7612.92,7501.77,7568.42,352848
2022-06-03,7591.92,7634.89,7335.03,7358.0,591905
2022-06-06,7343.63,7426.61,7249.51,7363.25,606990
2022-06-07,7272.05,7467.77,7214.71,7457.65,991192
2022-06-08,7471.59,7564.22,7372.94,7536.96,813596
2022-06-09,7494.51,7649.21,7477.42,7572.67,687937
2022-06-10,7473.5,7628.39,7473.5,7577.69,442921
2022-06-13,7496.37,7608.48,7442.7,7545.7,565826
2022-06-14,7453.45,7545.5,7400.92,7459.8,553462
2022-06-15,7463.95,7571.86,7463.95,7499.71,604566
2022-06-16,7580.46,7663.54,7453.45,7480.76,1319566
2022-06-17,7453.45,7496.13,7301.75,7341.86,1317656
2022-06-20,7352.98,7433.49,7282.51,7315.88,1043423
2022-06-21,7367.45,7486.87,7281.7,7430.15,954884
2022-06-22,7400.92,7514.56,7369.03,7432.2,796824
2022-06-23,7458.22,7943.15,7451.54,7898.46,1676430
2022-06-24,7935.7,8012.1,7867.23,7986.5,1156788
2022-06-27,8063.66,8161.74,8013.29,8068.2,921090
2022-06-28,8036.21,8155.24,8003.55,8107.3,691242
2022-06-29,8012.05,8145.79,7993.0,8125.64,655413
2022-06-30,8117.14,8245.68,8055.64,8089.21,1130302
2022-07-01,8059.84,8069.39,7931.5,8024.13,530569
2022-07-04,8024.13,8086.2,7945.25,8063.04,625431
2022-07-05,8115.71,8125.31,7959.57,7972.66,610290
2022-07-06,7999.68,8262.73,7993.0,8241.33,976098
2022-07-07,8303.36,8308.13,8189.91,8218.75,547662
2022-07-08,8231.74,8267.02,8064.62,8094.18,686327
2022-07-11,8071.02,8141.02,8037.02,8124.45,536114
2022-07-12,8112.37,8114.71,7998.97,8040.46,424358
2022-07-13,8073.21,8105.83,8003.5,8060.04,413855
2022-07-14,8083.67,8200.56,8069.39,8181.84,606496
2022-07-15,8208.82,8402.67,8189.91,8382.67,631246
2022-07-18,8405.54,8444.69,8292.85,8312.72,478682
2022-07-19,8308.09,8402.58,8277.05,8323.27,478458
2022-07-20,8380.23,8466.13,8327.42,8354.97,398132
2022-07-21,8396.94,8434.09,8329.19,8400.76,421090
2022-07-22,8451.38,8488.62,8395.03,8433.19,415294
2022-07-25,8430.84,8459.59,8107.59,8233.26,623462
2022-07-26,8233.65,8236.89,8089.78,8141.83,429454
2022-07-27,8170.19,8315.25,8078.94,8268.12,1298855
2022-07-28,8308.13,8375.12,8240.14,8328.23,725196
2022-07-29,8369.92,8540.19,8336.78,8378.37,821432
2022-08-01,8451.38,8675.79,8425.21,8597.87,1009408
2022-08-02,8580.3,8782.6,8550.69,8759.88,848311
2022-08-03,8790.35,8790.35,8512.4,8612.23,753729
2022-08-04,8674.28,8697.35,8487.79,8619.2,643264
2022-08-05,8619.29,8636.98,8468.57,8498.56,558385
2022-08-08,8498.56,8649.28,8498.37,8576.18,520993
2022-08-10,8592.19,8650.73,8483.95,8535.57,445375
2022-08-11,8608.62,8649.28,8385.9,8472.27,508318
2022-08-12,8473.38,8473.38,8338.8,8362.06,712782
2022-08-16,8398.54,8689.66,8367.69,8654.76,963726
2022-08-17,8660.82,8718.49,8574.31,8597.71,623749
2022-08-18,8579.11,8663.13,8532.97,8600.93,442229
2022-08-19,8608.38,8620.45,8377.25,8438.72,572597
2022-08-22,8411.86,8427.67,8268.82,8293.62,488485
2022-08-23,8273.44,8417.62,8232.1,8382.54,558231
2022-08-24,8324.38,8432.04,8260.94,8366.68,442582
2022-08-25,8383.02,8492.6,8343.61,8397.34,525721
2022-08-26,8458.96,8490.44,8368.79,8382.63,398063
2022-08-29,8269.21,8516.54,8257.1,8491.83,459057
2022-08-30,8540.47,8808.85,8526.25,8730.27,1016312
2022-09-01,8603.1,8875.8,8594.49,8674.76,888864
2022-09-02,8676.68,8795.3,8557.1,8573.92,632909
2022-09-05,8555.08,8667.36,8531.05,8603.19,386455
2022-09-06,8636.11,8673.07,8526.24,8544.27,397902
2022-09-07,8520.48,8529.66,8420.51,8444.44,496785
2022-09-08,8486.83,8540.76,8439.73,8449.97,428924
2022-09-09,8492.27,8640.63,8391.67,8599.3,632296
2022-09-12,8622.27,8663.03,8558.93,8581.66,383641
2022-09-13,8624.58,8640.68,8565.56,8580.56,405093
2022-09-14,8516.49,8651.21,8483.66,8619.68,509547
2022-09-15,8680.09,8963.61,8680.04,8852.83,1392132
2022-09-16,8852.59,8954.87,8670.48,8833.51,1056382
2022-09-19,8819.71,8981.35,8718.49,8921.17,727024
2022-09-20,8977.07,9064.54,8891.52,8940.4,747257
2022-09-21,8939.58,9033.78,8854.46,8889.5,440725
2022-09-22,8842.5,9069.35,8830.0,9037.48,511112
2022-09-23,9033.74,9084.73,8917.81,8981.35,574213
2022-09-26,8911.03,8911.03,8458.96,8492.55,865432
2022-09-27,8545.47,8563.69,8334.48,8434.01,686285
2022-09-28,8382.06,8507.02,8324.43,8388.55,663740
2022-09-29,8430.5,8458.96,8270.65,8290.59,817007
2022-09-30,8332.07,8528.17,8226.53,8486.02,658982
2022-10-03,8622.37,8622.37,8180.2,8215.76,1123076
2022-10-04,8361.87,8419.11,8295.55,8353.7,503140
2022-10-06,8395.52,8482.99,8353.7,8365.72,474445
2022-10-07,8410.9,8502.79,8373.41,8438.87,428616
2022-10-10,8338.8,8532.45,8322.46,8518.94,411218
2022-10-11,8469.53,8507.02,8329.19,8347.6,422610
2022-10-12,8360.91,8382.06,8257.67,8349.95,380365
2022-10-13,8329.19,8444.97,8259.02,8314.34,355605
2022-10-14,8420.51,8426.85,8272.77,8283.34,274160
2022-10-17,8276.32,8410.61,8235.04,8385.71,304671
2022-10-18,8425.36,8543.79,8412.87,8466.02,369973
2022-10-19,8508.37,8511.83,8358.03,8381.43,385416
2022-10-20,8362.83,8400.51,8277.28,8369.95,328270
2022-10-21,8391.67,8453.19,8306.12,8366.01,356203
2022-10-24,8448.19,8448.19,8406.91,8425.75,30052
2022-10-25,8478.18,8667.55,8456.46,8656.01,727441
2022-10-27,8699.27,8725.17,8557.0,8691.53,849108
2022-10-28,8742.53,9179.84,8700.23,9124.67,1873029
2022-10-31,9276.02,9390.41,9084.83,9158.36,1932020
2022-11-01,9261.6,9263.42,9011.67,9088.19,805517
2022-11-02,9078.96,9088.19,8853.07,8871.72,788679
2022-11-03,8853.07,8949.19,8809.24,8881.04,616860
2022-11-04,8899.11,8962.65,8834.85,8871.81,465775
2022-11-07,8917.47,8990.34,8895.65,8971.59,469017
2022-11-09,9112.94,9113.42,8862.68,8894.88,617256
2022-11-10,8844.42,8892.24,8719.45,8744.69,445700
2022-11-11,8843.46,8881.91,8699.27,8735.36,461074
2022-11-14,8747.33,8807.94,8644.05,8797.65,282822
2022-11-15,8833.84,8846.87,8776.17,8807.12,359888
2022-11-16,8805.01,8893.92,8747.19,8780.93,350737
2022-11-17,8748.29,8814.23,8622.37,8638.18,409572
2022-11-18,8660.82,8674.23,8493.56,8505.15,515615
2022-11-21,8482.99,8583.15,8445.5,8521.63,520644
2022-11-22,8531.05,8588.68,8515.72,8529.85,455948
2022-11-23,8593.53,8640.63,8557.0,8588.25,621006
2022-11-24,8621.31,8646.31,8575.27,8619.58,455343
2022-11-25,8651.21,8728.11,8600.74,8669.95,545439
2022-11-28,8678.12,8751.27,8603.14,8637.17,439956
2022-11-29,8636.79,8675.0,8543.55,8564.89,606692
2022-11-30,8578.15,8670.43,8526.25,8626.36,1087650
2022-12-01,8669.52,8675.24,8583.92,8610.98,694489
2022-12-02,8478.18,8582.86,8415.46,8474.19,971612
2022-12-05,8501.25,8510.1,8425.31,8451.32,519621
2022-12-06,8437.04,8458.96,8357.98,8379.51,551379
2022-12-07,8382.06,8408.83,8306.12,8323.57,546450
2022-12-08,8329.19,8373.41,8272.52,8346.2,476001
2022-12-09,8369.56,8424.11,8214.27,8279.54,790406
2022-12-12,8275.36,8356.39,8185.29,8324.14,445039
2022-12-13,8326.31,8360.29,8276.32,8286.61,330236
2022-12-14,8314.77,8341.4,8262.91,8306.7,343670
2022-12-15,8306.12,8337.46,8242.68,8251.47,472176
2022-12-16,8227.78,8255.17,8118.68,8156.93,624222
2022-12-19,8169.43,8287.33,8123.48,8270.41,464106
2022-12-20,8251.71,8251.71,8105.27,8193.99,694906
2022-12-21,8193.99,8234.94,7967.09,8026.78,800720
2022-12-22,8032.79,8059.08,7966.8,8011.35,580858
2022-12-23,7978.05,8007.12,7808.05,7826.07,503012
2022-12-26,7831.27,8022.55,7763.06,7936.81,315102
2022-12-27,7977.33,7992.75,7911.82,7983.57,423308
2022-12-28,7992.75,8125.89,7966.42,8094.69,538632
2022-12-29,8045.62,8121.56,8010.06,8108.87,452134
2022-12-30,8141.75,8160.97,8038.17,8069.27,433976
2023-01-02,8040.82,8126.37,8014.48,8077.63,398159
2023-01-03,8055.23,8076.38,7982.32,8057.88,493207
2023-01-04,8051.39,8206.2,7988.96,8096.38,566744
2023-01-05,8117.67,8146.55,8064.9,8133.19,417716
2023-01-06,8132.13,8155.16,8026.4,8058.17,368978
2023-01-09,8098.35,8119.59,8002.46,8052.35,613406
2023-01-10,8055.24,8084.07,7942.67,7971.75,493677
2023-01-11,8011.64,8011.64,7929.46,7963.39,327536
2023-01-12,7992.75,8052.35,7939.88,8044.85,283772
2023-01-13,8071.58,8170.63,8027.36,8125.79,705220
2023-01-16,8151.36,8184.33,8020.25,8055.33,500575
2023-01-17,8083.93,8164.14,8018.85,8150.73,409248
2023-01-18,8144.63,8206.54,8136.27,8164.86,402883
2023-01-19,8150.4,8188.85,8128.77,8172.17,184776
2023-01-20,8134.1,8170.58,8085.99,8112.72,346337
2023-01-23,8151.36,8153.28,8053.22,8090.9,410827
2023-01-24,8122.52,8380.14,8090.8,8361.68,1039571
2023-01-25,8408.88,8490.68,8343.9,8443.67,1131883
2023-01-27,8486.31,8544.51,8286.03,8398.88,743546
2023-01-30,8438.77,8521.44,8380.14,8475.3,1036998
2023-01-31,8513.65,8597.23,8487.99,8550.57,643670
2023-02-01,8590.65,8680.48,8337.75,8429.01,707460
2023-02-02,8425.31,8593.53,8411.95,8526.39,456995
2023-02-03,8593.53,8615.64,8502.36,8595.74,351157
2023-02-06,8580.99,8589.69,8478.18,8562.77,205161
2023-02-07,8562.77,8574.31,8413.35,8422.86,318669
2023-02-08,8433.01,8511.35,8336.93,8492.31,391645
2023-02-09,8461.17,8490.68,8362.83,8460.11,392186
2023-02-10,8456.84,8531.05,8432.96,8469.87,276298
2023-02-13,8446.46,8520.86,8416.38,8468.04,253037
2023-02-14,8473.38,8504.14,8425.31,8434.4,227030
2023-02-15,8434.4,8550.95,8403.21,8502.55,452568
2023-02-16,8535.86,8535.86,8449.34,8463.86,247514
2023-02-17,8446.46,8530.09,8410.66,8466.41,214587
2023-02-20,8466.41,8506.06,8339.04,8356.73,298434
2023-02-21,8357.07,8382.06,8303.67,8333.85,323478
2023-02-22,8339.28,8381.1,8252.29,8323.38,363931
2023-02-23,8356.54,8408.45,8282.09,8359.23,317544
2023-02-24,8373.41,8401.28,8275.65,8324.86,242982
2023-02-27,8295.55,8308.09,8199.42,8297.66,220225
2023-02-28,8314.77,8371.49,8271.8,8290.12,370998
2023-03-01,8285.93,8436.13,8285.93,8424.5,333441
2023-03-02,8431.08,8431.08,8179.33,8217.45,603893
2023-03-03,8259.07,8294.59,8218.65,8267.91,437977
2023-03-06,8305.16,8327.27,8258.01,8296.94,275417
2023-03-08,8290.74,8374.42,8276.37,8356.97,348171
2023-03-09,8386.86,8398.4,8203.31,8210.91,431466
2023-03-10,8199.42,8293.62,8151.46,8268.2,516128
2023-03-13,8268.2,8302.56,8152.42,8188.27,479314
2023-03-14,8213.79,8213.79,8117.72,8182.26,349510
2023-03-15,8314.77,8367.59,8112.91,8146.51,509229
2023-03-16,8132.23,8202.69,8085.03,8110.46,340261
2023-03-17,8173.47,8181.11,7972.13,7994.53,471602
2023-03-20,7994.53,7994.53,7814.92,7901.05,488199
2023-03-21,7925.47,7954.3,7896.63,7909.51,287497
2023-03-22,7916.82,7968.34,7898.55,7932.58,218120
2023-03-23,7943.73,8050.43,7913.55,8029.47,540553
2023-03-24,8029.47,8061.48,7892.78,7923.45,391840
2023-03-27,7930.27,7994.48,7910.62,7957.52,364326
2023-03-28,7984.01,8031.78,7824.54,7890.67,360349
2023-03-29,7930.13,7996.7,7870.2,7973.82,339851
2023-03-31,8003.28,8045.62,7937.05,7970.79,478757
2023-04-03,8086.81,8246.52,8065.18,8173.52,627265
2023-04-05,8191.68,8216.72,8103.3,8119.69,272888
2023-04-06,8135.98,8204.23,8052.45,8186.59,309551
2023-04-10,8128.87,8224.22,8077.39,8204.37,308275
2023-04-11,8247.48,8334.91,8213.84,8323.95,409240
2023-04-12,8335.92,8372.4,8258.06,8286.94,408458
2023-04-13,8293.67,8366.68,8285.93,8334.76,480202
2023-04-17,8507.02,8507.02,8314.77,8338.47,489356
2023-04-18,8356.06,8409.74,8353.22,8394.22,276111
2023-04-19,8353.27,8403.01,8326.74,8343.56,280819
2023-04-20,8334.0,8401.19,8329.33,8376.92,369060
2023-04-21,8343.03,8366.68,8218.65,8226.77,424157
2023-04-24,8244.6,8244.6,8117.48,8138.05,543745
2023-04-25,8180.2,8194.62,8093.68,8140.69,906406
2023-04-26,8196.54,8218.65,8108.01,8177.22,959058
2023-04-27,8237.87,8237.87,8142.95,8211.87,536521
2023-04-28,8259.98,8278.68,8204.32,8256.66,387567
2023-05-02,8288.53,8484.91,8272.48,8436.71,865562
2023-05-03,8430.12,8485.87,8377.3,8456.36,537008
2023-05-04,8455.74,8481.02,8404.17,8459.53,271926
2023-05-05,8459.53,8639.67,8449.35,8601.85,951591
2023-05-08,8695.42,8767.47,8612.76,8724.5,678780
2023-05-09,8730.99,8785.78,8701.05,8758.43,415394
2023-05-10,8775.02,8824.23,8708.88,8812.84,366827
2023-05-11,8884.74,8954.0,8787.75,8902.0,644550
2023-05-12,8902.04,8968.23,8874.84,8935.16,403028
2023-05-15,8883.83,8946.79,8829.42,8850.47,259316
2023-05-16,8861.82,8871.62,8706.09,8719.79,448981
2023-05-17,8728.44,8778.09,8682.02,8765.98,290482
2023-05-18,8790.54,8795.39,8693.6,8702.44,272497
2023-05-19,8708.88,8764.83,8613.29,8753.05,543472
2023-05-22,8737.72,8814.33,8722.2,8801.79,182115
2023-05-23,8813.66,8877.1,8801.88,8844.13,269008
2023-05-24,8812.7,8957.08,8804.04,8911.46,470365
2023-05-25,8863.4,8933.24,8858.88,8922.13,218979
2023-05-26,8971.3,9050.12,8950.39,9035.66,346760
2023-05-29,9069.35,9121.06,8951.16,8971.78,236834
2023-05-30,9016.48,9038.49,8939.58,9019.7,372004
2023-05-31,9083.72,9083.72,8908.44,9004.66,1614766
2023-06-01,8975.63,9014.13,8864.6,8966.78,378706
2023-06-02,9025.13,9156.01,8951.79,9117.75,445105
2023-06-05,9182.3,9266.4,9120.82,9210.75,434649
2023-06-06,9255.83,9391.37,9238.53,9358.88,542318
2023-06-07,9408.67,9420.2,9276.5,9331.29,453747
2023-06-08,9355.8,9386.56,9252.47,9284.28,273746
2023-06-09,9300.53,9337.44,9238.62,9254.68,161389
2023-06-12,9251.99,9324.08,9168.02,9180.33,316879
2023-06-13,9216.42,9245.3,9137.26,9148.65,561014
2023-06-14,9151.05,9226.99,9122.7,9163.07,328167
2023-06-15,9184.7,9321.96,9173.16,9223.0,459978
2023-06-16,9223.2,9269.67,9181.82,9231.51,682099
2023-06-19,9264.48,9268.47,9141.44,9162.59,395006
2023-06-20,9160.67,9169.22,9054.93,9124.24,612713
2023-06-21,9133.75,9167.4,9031.91,9074.97,356331
2023-06-22,9073.24,9126.4,9010.52,9038.64,288487
2023-06-23,9054.93,9061.66,8944.39,8965.82,309138
2023-06-26,8965.82,9151.06,8939.58,9103.19,405168
2023-06-27,9122.22,9131.83,9030.95,9094.34,339375
2023-06-28,9108.23,9203.92,9066.99,9170.91,482586
2023-06-30,9198.16,9471.63,9171.24,9409.68,845006
2023-07-03,9364.5,9406.6,9282.31,9298.12,398066
2023-07-04,9324.08,9339.94,9247.23,9273.52,247673
2023-07-05,9321.19,9647.97,9300.05,9605.05,815044
2023-07-06,9612.4,9628.12,9434.81,9477.3,652120
2023-07-07,9472.11,9559.58,9434.62,9468.51,457050
2023-07-10,9472.11,9548.39,9343.06,9358.97,272008
2023-07-11,9416.36,9570.97,9358.97,9516.47,568772
2023-07-12,9511.52,9564.39,9425.01,9454.62,552967
2023-07-13,9471.1,9515.32,9239.49,9273.66,519564
2023-07-14,9325.95,9350.32,9219.3,9231.46,498441
2023-07-17,9273.13,9323.12,9184.7,9314.03,444583
2023-07-18,9333.88,9387.81,9229.59,9291.06,320985
2023-07-19,9276.98,9291.4,9156.49,9235.21,450254
2023-07-20,9247.18,9405.78,9204.36,9393.77,466813
2023-07-21,9343.3,9463.46,9326.96,9391.41,328483
2023-07-24,9391.41,9434.62,9304.85,9319.08,358506
2023-07-25,9251.02,9396.12,9244.1,9380.41,240998
2023-07-26,9383.2,9429.82,9348.35,9378.25,209861
2023-07-27,9391.37,9446.3,9316.05,9375.6,256672
2023-07-28,9361.57,9372.14,9176.43,9295.53,381151
2023-07-31,9295.53,9456.44,9233.72,9440.15,600060
2023-08-01,9381.75,9508.64,9276.06,9340.18,1394528
2023-08-02,9338.5,9413.91,9151.39,9279.67,672815
2023-08-03,9313.68,9372.96,9232.9,9260.17,614897
2023-08-04,9275.98,9330.32,9146.93,9189.04,540470
2023-08-07,9208.06,9256.38,9142.08,9240.86,366329
2023-08-08,9256.53,9337.11,9222.62,9259.05,430636
2023-08-09,9256.58,9256.62,9137.72,9181.96,404602
2023-08-10,9181.96,9217.76,9064.51,9118.41,523490
2023-08-11,9118.41,9187.69,9066.4,9078.87,498504
2023-08-14,9081.92,9085.81,8982.86,9044.71,336864
2023-08-16,9056.7,9157.36,8979.22,9139.71,336363
2023-08-17,9135.19,9193.26,9072.22,9096.77,402798
2023-08-18,9072.22,9188.66,9059.27,9175.12,400745
2023-08-21,9174.64,9187.69,9133.59,9158.38,375347
2023-08-22,9140.34,9225.57,9130.15,9209.91,435930
2023-08-23,9236.2,9353.61,9165.37,9315.72,546842
2023-08-24,9374.61,9374.61,9271.13,9289.28,385559
2023-08-25,9270.16,9338.81,9203.21,9223.3,346449
2023-08-28,9232.27,9382.71,9227.47,9312.56,325938
2023-08-29,9314.79,9397.03,9223.59,9335.41,317224
2023-08-30,9373.01,9526.27,9324.5,9505.36,543634
2023-08-31,9479.84,9765.98,9479.84,9706.6,1581818
2023-09-01,9701.94,10089.04,9655.71,10024.32,1193178
2023-09-04,10092.0,10156.96,9980.7,10054.59,819552
2023-09-05,10042.51,10103.35,9941.41,9957.22,507107
2023-09-06,9955.19,9955.19,9829.19,9876.45,663758
2023-09-07,9848.45,9994.87,9848.45,9975.32,445805
2023-09-08,10090.06,10091.03,9994.0,10025.05,439721
2023-09-11,10037.66,10236.57,10036.69,10220.9,598050
2023-09-12,10230.75,10254.42,10095.88,10191.55,568773
2023-09-13,10188.06,10223.37,10129.84,10162.25,301707
2023-09-14,10154.15,10265.68,10121.16,10176.56,501196
2023-09-15,10177.67,10236.57,10166.13,10212.56,544616
2023-09-18,10188.11,10308.03,10182.28,10209.5,430213
2023-09-20,10182.28,10182.28,10030.43,10039.36,545106
2023-09-21,10035.77,10037.66,9903.28,9978.76,577252
2023-09-22,10069.68,10252.82,10002.2,10222.16,986206
2023-09-25,10222.16,10401.52,10217.16,10273.64,756801
2023-09-26,10316.04,10318.03,10213.82,10243.02,452503
2023-09-27,10236.57,10387.94,10212.31,10363.44,458359
2023-09-28,10334.08,10386.96,10219.15,10251.46,598144
2023-09-29,10227.84,10387.45,10198.29,10295.37,481725
2023-10-03,10391.62,10391.62,9997.2,10039.5,623006
2023-10-04,9978.38,9978.38,9790.24,9828.9,407793
2023-10-05,9879.45,9965.81,9808.67,9906.82,377196
2023-10-06,9977.5,10025.97,9955.19,9995.99,335700
2023-10-09,9945.48,10027.38,9881.4,9940.44,230083
2023-10-10,9984.29,10107.52,9964.99,10066.77,348342
2023-10-11,10042.46,10129.84,10032.86,10102.77,193526
2023-10-12,10149.24,10308.91,10110.63,10266.55,569237
2023-10-13,10221.09,10425.83,10216.97,10408.85,625954
2023-10-16,10411.17,10489.67,10348.15,10386.48,304196
2023-10-17,10411.22,10477.06,10251.42,10431.4,474718
2023-10-18,10435.48,10488.7,10392.84,10467.94,267435
2023-10-19,10382.11,10477.88,10382.11,10451.68,286284
2023-10-20,10443.34,10478.17,10377.94,10407.0,232512
2023-10-23,10363.68,10406.03,10217.6,10240.11,227925
2023-10-25,10207.46,10331.13,10189.61,10274.27,401105
2023-10-26,10225.9,10279.26,10083.75,10114.46,506129
2023-10-27,10129.89,10522.81,10129.84,10246.95,1116713
2023-10-30,10382.11,10382.11,9940.63,10088.79,991168
2023-10-31,10178.35,10178.35,10014.37,10083.55,439996
2023-11-01,10081.42,10112.57,9885.96,9923.89,699116
2023-11-02,9984.59,10037.66,9897.94,9997.49,569194
2023-11-03,10011.46,10061.92,9936.75,9971.0,517582
2023-11-06,10031.79,10031.79,9947.42,9979.3,490459
2023-11-07,9994.0,10019.22,9931.75,9948.68,264935
2023-11-08,10013.4,10033.25,9955.77,10015.63,287006
2023-11-09,10042.46,10139.15,10010.25,10091.37,310536
2023-11-10,10066.77,10106.94,10013.4,10080.16,206395
2023-11-13,10119.17,10119.17,10055.76,10089.47,261891
2023-11-15,10185.14,10185.14,10066.82,10145.41,436538
2023-11-16,10168.65,10230.46,10099.95,10173.02,488715
2023-11-17,10188.06,10291.68,10187.23,10210.86,403772
2023-11-20,10188.06,10278.63,10188.06,10252.34,234246
2023-11-21,10303.52,10303.52,10188.06,10222.16,312242
2023-11-22,10236.57,10237.78,10110.43,10182.77,378891
2023-11-23,10176.22,10212.31,10085.25,10176.9,453820
2023-11-24,10193.83,10252.58,10151.19,10203.24,380306
2023-11-28,10226.82,10242.78,10193.88,10224.49,268026
2023-11-29,10255.98,10318.61,10212.99,10284.36,343341
2023-11-30,10266.65,10332.63,10232.79,10293.53,665660
2023-12-01,10292.85,10439.36,10220.12,10271.21,591519
2023-12-04,10377.26,10377.36,10115.28,10284.55,625235
2023-12-05,10334.47,10450.03,10249.57,10403.36,580996
2023-12-06,10403.36,10429.61,10275.38,10310.07,464163
2023-12-07,10469.44,10608.05,10319.05,10378.86,704413
2023-12-08,10411.22,10428.69,10237.54,10303.08,548373
2023-12-11,10314.19,10321.96,10188.1,10228.57,579749
2023-12-12,10304.49,10308.37,9995.06,10031.26,1088687
2023-12-13,10052.21,10103.54,9955.19,10071.67,603469
2023-12-14,10129.84,10183.21,10005.93,10045.62,635475
2023-12-15,10148.27,10165.5,9540.48,9980.8,1244681
2023-12-18,9989.15,10043.39,9922.39,10013.01,652498
2023-12-19,10013.01,10068.71,9902.98,9929.57,585734
2023-12-20,9935.78,10002.78,9693.21,9781.75,964051
2023-12-21,9702.91,9799.21,9605.88,9715.38,739806
2023-12-22,9751.42,10011.75,9732.02,9913.61,652545
2023-12-26,9964.89,9975.76,9814.2,9965.52,395273
2023-12-27,9980.41,9999.19,9926.08,9982.84,397675
2023-12-28,10004.62,10004.62,9884.35,9966.44,584234
2023-12-29,9975.03,10087.78,9967.8,9996.28,705227
2024-01-01,10037.66,10037.66,9911.18,9977.79,411724
2024-01-02,9977.79,9988.86,9849.47,9894.79,776837
2024-01-03,9896.97,9906.67,9765.98,9778.25,521046
2024-01-04,9799.94,9819.35,9688.89,9717.76,711733
2024-01-05,9713.24,9775.68,9673.8,9719.41,673131
2024-01-08,9707.76,9828.03,9617.43,9651.19,600153
2024-01-09,9678.65,9744.29,9596.18,9726.29,666469
2024-01-10,9751.38,9752.15,9654.4,9712.81,481699
2024-01-11,9727.26,9823.32,9702.91,9713.68,1024815
2024-01-12,9727.17,9746.53,9640.76,9669.58,850190
2024-01-15,9688.45,9798.78,9652.46,9787.23,463380
2024-01-16,9787.18,9935.78,9761.13,9881.01,536823
2024-01-17,9823.23,9859.9,9699.47,9753.07,610250
2024-01-18,9650.56,9751.42,9448.35,9629.65,614860
2024-01-19,9664.1,9753.03,9653.47,9739.49,377018
2024-01-23,9569.01,9676.71,9540.0,9567.51,956269
2024-01-24,9567.07,9702.91,9465.19,9691.46,459092
2024-01-25,9691.46,9702.72,9524.91,9587.45,718817
2024-01-29,9636.11,9736.87,9581.67,9694.57,446516
2024-01-30,9713.44,9735.42,9636.45,9656.0,399869
2024-01-31,9663.42,9931.51,9618.49,9884.26,997024
2024-02-01,9906.67,10381.92,9900.85,10321.91,1869594
2024-02-02,10283.15,10393.37,10227.26,10338.89,814940
2024-02-05,10287.03,10440.28,10091.03,10118.73,365105
2024-02-06,10188.01,10534.21,10147.3,10522.66,829040
2024-02-07,10537.36,10647.49,10466.34,10610.81,560808
2024-02-08,10625.66,10625.66,10372.36,10424.71,557082
2024-02-09,10393.03,10450.03,10295.85,10413.99,645489
2024-02-12,10382.11,10429.61,10333.65,10391.53,190655
2024-02-13,10411.22,10508.25,10324.04,10473.81,397979
2024-02-14,10386.97,10721.72,10385.41,10700.32,354676
2024-02-15,10712.01,10802.25,10653.8,10760.77,447248
2024-02-16,10789.64,11138.94,10768.29,11042.3,716486
2024-02-19,11042.3,11268.04,10996.36,11142.19,581383
2024-02-20,11100.13,11138.89,10979.67,11106.39,355044
2024-02-21,11115.65,11178.72,11032.21,11125.21,348461
2024-02-22,11158.35,11347.55,11052.83,11311.46,584406
2024-02-23,11357.21,11371.81,11134.28,11192.89,472884
2024-02-26,11163.2,11191.29,11077.28,11126.33,277700
2024-02-27,11075.87,11219.38,11046.04,11158.98,307585
2024-02-28,11130.21,11157.33,10799.34,10821.46,358812
2024-02-29,10823.6,11011.83,10798.85,10952.98,943841
2024-03-01,10959.44,11328.15,10959.44,11275.71,487355
2024-03-04,11255.38,11330.38,11201.19,11249.7,369936
2024-03-05,11251.54,11381.51,11218.31,11323.88,320702
2024-03-06,11323.88,11332.03,11176.2,11223.4,639542
2024-03-07,11227.29,11287.88,11081.84,11168.1,255325
2024-03-11,11173.05,11212.59,11012.85,11057.0,525344
2024-03-12,11061.32,11231.99,11042.88,11167.95,283816
2024-03-13,11168.05,11211.57,10932.85,11051.76,385204
2024-03-14,11063.02,11119.53,10966.28,11065.78,523058
2024-03-15,11041.91,11178.77,10977.92,11135.69,972333
2024-03-18,11096.88,11318.83,11028.62,11290.6,311049
2024-03-19,11199.2,11332.95,11115.8,11252.51,409259
2024-03-20,11305.01,11667.75,11305.01,11586.39,1031037
2024-03-21,11642.52,11643.49,11474.03,11554.37,544311
2024-03-22,11536.81,12058.1,11536.81,11971.16,1062263
2024-03-26,11920.56,11955.83,11780.5,11886.6,507568
2024-03-27,11924.88,12344.72,11920.7,12138.68,878986
2024-03-28,12196.51,12348.7,12017.54,12226.01,860324
2024-04-01,12238.62,12312.02,12134.61,12196.17,314676
2024-04-02,12249.88,12272.24,12092.01,12179.53,333508
2024-04-03,12080.12,12153.38,12043.79,12058.63,271935
2024-04-04,12118.93,12273.21,11952.09,12193.89,491166
2024-04-05,12120.88,12184.82,12016.57,12052.57,231600
2024-04-08,12080.12,12543.58,12080.12,12482.89,570422
2024-04-09,12482.89,12599.91,12400.32,12505.11,314466
2024-04-10,12548.77,12573.03,12226.54,12305.96,464239
2024-04-12,12283.88,12283.88,11861.81,11902.12,973366
2024-04-15,11837.07,12138.34,11675.46,12053.78,831257
2024-04-16,11942.34,12177.06,11910.66,12131.26,579183
2024-04-18,12196.56,12227.61,11954.03,12036.46,679117
2024-04-19,12031.51,12380.33,11861.81,12333.32,635535
2024-04-22,12403.38,12496.52,12282.91,12405.66,342212
2024-04-23,12463.39,12637.56,12396.73,12610.14,397281
2024-04-24,12613.78,12685.54,12516.75,12559.5,296364
2024-04-25,12578.85,12595.06,12361.85,12538.59,640725
2024-04-26,12538.1,12657.45,12283.89,12325.95,704626
2024-04-29,12419.77,12608.74,12228.58,12312.85,613937
2024-04-30,12406.14,12609.9,12361.7,12436.71,528776
2024-05-02,12371.21,12462.56,12143.0,12424.92,814923
2024-05-03,12437.14,12448.83,12042.67,12121.02,834990
2024-05-06,12177.15,12270.69,12004.92,12069.74,342231
2024-05-07,12101.86,12136.88,11875.39,11996.73,604375
2024-05-08,12023.85,12186.81,11958.84,12170.89,399669
2024-05-09,12167.45,12361.31,12067.27,12133.15,504590
2024-05-10,12133.49,12319.74,12129.61,12298.92,328670
2024-05-13,12283.88,12330.85,12106.85,12297.32,281421
2024-05-14,12297.32,12458.54,12275.54,12433.5,331037
2024-05-15,12439.13,12489.98,12322.7,12388.0,232030
2024-05-16,12466.3,12466.3,11934.58,12126.36,914201
2024-05-17,12143.34,12289.61,11956.22,12265.93,809226
2024-05-21,12225.81,12302.22,12072.17,12102.73,443136
2024-05-22,12058.58,12189.77,11995.8,12159.06,280015
2024-05-23,12192.73,12589.62,12102.49,12550.62,768732
2024-05-24,12482.79,12646.77,12430.4,12614.22,624801
2024-05-27,12636.54,12670.54,12397.41,12522.67,464953
2024-05-28,12507.05,12600.15,12419.97,12437.77,333806
2024-05-29,12437.19,12468.29,12371.21,12408.71,353706
2024-05-30,12343.07,12429.43,12177.15,12223.73,524559
2024-05-31,12223.73,12258.03,11963.69,12030.93,908304
2024-06-03,12443.98,12443.98,12034.08,12105.5,485936
2024-06-04,12222.37,12222.95,11217.97,11814.31,825928
2024-06-05,11818.15,12239.35,11764.88,12131.16,447581
2024-06-06,12139.85,12312.99,12097.59,12296.98,447536
2024-06-07,12208.54,12446.89,12208.54,12430.3,532480
2024-06-10,12385.91,12536.16,12252.74,12339.72,293471
2024-06-11,12364.9,12555.13,12279.23,12481.49,358807
2024-06-12,12481.49,12566.82,12421.67,12467.61,302719
2024-06-13,12555.57,12555.57,12361.12,12465.18,297240
2024-06-14,12450.29,12511.9,12399.15,12463.58,216967
2024-06-18,12495.8,12497.35,12169.44,12187.78,823306
2024-06-19,12235.37,12249.92,11837.55,11878.4,694871
2024-06-20,11882.18,11939.92,11774.48,11788.55,907751
2024-06-21,11856.96,11998.86,11724.51,11839.01,947800
2024-06-24,11819.12,11923.91,11683.27,11821.44,550862
2024-06-25,11838.91,11874.23,11713.4,11756.63,594272
2024-06-26,11757.02,11957.72,11709.18,11835.85,447931
2024-06-27,11837.55,11864.04,11653.2,11816.93,1230852
2024-06-28,11822.95,11839.01,11647.52,11676.34,1160395
2024-07-01,11687.16,11895.77,11648.88,11748.92,1134926
2024-07-02,11788.99,11788.99,11638.64,11684.83,687181
2024-07-03,11755.08,11789.04,11604.68,11763.47,467532
2024-07-04,11774.48,11847.25,11713.16,11730.43,299684
2024-07-05,11710.59,11776.86,11664.74,11744.45,406926
2024-07-08,11744.4,11752.17,11610.5,11666.39,496933
2024-07-09,11958.84,12574.92,11899.7,12446.6,2114130
2024-07-10,12565.32,12904.87,12354.38,12393.33,2070520
2024-07-11,12419.72,12539.85,12317.89,12337.44,608983
2024-07-12,12245.07,12293.49,12104.38,12189.28,674746
2024-07-15,12225.67,12389.16,12215.96,12268.31,697186
2024-07-16,12267.39,12417.78,12207.96,12264.04,347810
2024-07-18,12257.69,12303.29,12092.74,12268.41,391216
2024-07-19,12274.18,12332.4,12125.19,12152.22,351955
2024-07-22,12128.64,12282.87,12031.66,12265.69,249631
2024-07-23,12342.1,12356.61,11992.8,12253.85,332258
2024-07-24,12258.66,12286.99,12088.08,12116.27,285860
2024-07-25,12020.01,12152.9,12020.01,12137.57,396789
2024-07-26,12099.53,12364.52,12021.13,12287.47,537693
2024-07-29,12331.43,12394.21,12228.58,12372.71,388263
2024-07-30,12380.91,12583.51,12332.3,12491.19,526539
2024-07-31,12594.38,12977.64,12512.05,12726.14,836405
2024-08-01,12995.11,13273.58,12722.46,12962.17,2040384
2024-08-02,12856.34,12904.23,12412.69,12464.95,1333355
2024-08-05,12233.4,12233.4,11780.55,11950.19,1131415
2024-08-06,12135.46,12296.97,11861.21,11881.88,623565
2024-08-07,12144.27,12194.23,12013.91,12117.34,433514
2024-08-08,12116.85,12138.1,11902.49,11967.82,358577
2024-08-09,12135.46,12135.46,11944.56,11973.06,320211
2024-08-12,11949.36,12115.87,11851.41,12021.11,291212
2024-08-13,12083.55,12086.53,11872.96,11926.1,464483
2024-08-14,11987.56,11987.56,11880.8,11954.89,449827
2024-08-16,12061.95,12090.35,11862.19,11962.39,552732
2024-08-19,11944.46,11992.51,11877.66,11900.19,277319
2024-08-20,11910.67,12057.1,11900.49,11964.0,471927
2024-08-21,11964.0,11997.3,11926.88,11969.88,295984
2024-08-22,12027.72,12071.79,11930.75,12024.14,501316
2024-08-23,12047.31,12120.81,12002.64,12049.56,440809
2024-08-26,12071.79,12081.1,11970.91,11992.26,232805
2024-08-27,11993.44,12272.58,11973.94,12240.16,477609
2024-08-28,12243.2,12262.74,12076.69,12103.62,313227
2024-08-29,12089.42,12223.61,11998.33,12197.95,608598
2024-08-30,12204.02,12311.76,12063.17,12148.19,2271179
2024-09-02,12118.81,12267.68,12096.67,12172.09,331514
2024-09-03,12217.73,12218.03,12105.98,12142.41,445514
2024-09-04,12071.84,12143.29,11982.76,12082.81,735076
2024-09-05,12083.55,12115.87,11978.74,12045.93,595865
2024-09-06,11998.33,12052.06,11846.22,11935.8,733354
2024-09-09,11946.91,11968.8,11853.37,11896.22,415790
2024-09-10,11900.48,12035.6,11849.46,12011.46,285122
2024-09-11,12008.13,12080.61,11915.08,11991.08,349799
2024-09-12,12010.18,12171.7,11901.71,12146.08,547830
2024-09-13,12110.97,12140.35,12038.54,12063.03,361093
2024-09-16,12068.81,12109.99,12004.21,12036.53,170114
2024-09-17,12032.61,12032.61,11902.0,11994.17,568161
2024-09-18,11988.59,12084.48,11919.98,11953.38,182282
2024-09-19,12008.08,12155.05,11955.63,12097.75,465608
2024-09-20,12106.47,12444.13,12106.12,12355.34,875654
2024-09-23,12365.63,12487.08,12365.63,12422.54,235586
2024-09-24,12324.59,12516.42,12324.59,12476.9,425916
2024-09-25,12465.78,12552.9,12351.92,12522.64,341172
2024-09-26,12571.32,13135.48,12566.42,13108.84,1471069
2024-09-27,13108.06,13263.45,13001.74,13218.34,865698
2024-09-30,13069.42,13222.65,12937.34,12966.04,415743
2024-10-01,12966.04,13027.2,12732.97,12895.51,388888
2024-10-03,12675.19,12877.88,12333.6,12387.52,863520
2024-10-04,12429.2,12613.28,12255.44,12346.77,679362
2024-10-07,12366.66,12388.16,12123.7,12270.13,465500
2024-10-08,12245.4,12370.62,12206.03,12274.49,387060
2024-10-09,12297.02,12586.01,12282.87,12498.54,465231
2024-10-10,12535.96,12698.64,12450.35,12678.17,492698
2024-10-11,12678.17,12713.34,12463.57,12514.16,274243
2024-10-14,12512.55,12536.05,12206.27,12280.27,488067
2024-10-15,12447.9,12447.9,12101.18,12191.04,532135
2024-10-16,12159.01,12199.07,11979.72,12129.48,418138
2024-10-17,12145.25,12164.94,11822.03,11894.27,875937
2024-10-18,11822.03,11891.82,11601.12,11856.41,506871
2024-10-21,11896.03,11998.33,11699.16,11925.76,375275
2024-10-22,11964.98,12037.32,11596.76,11678.34,904901
2024-10-23,11678.34,11870.91,11511.98,11710.57,412638
2024-10-24,11752.44,11752.44,11397.83,11522.02,552495
2024-10-25,11521.93,11551.99,11204.97,11266.53,624582
2024-10-28,11268.44,11393.67,11204.97,11247.34,613830
2024-10-29,11214.77,11247.09,10521.76,10819.07,2268683
2024-10-30,10753.45,11283.33,10720.14,11025.2,1672966
2024-10-31,10994.39,11016.48,10822.99,10848.89,838211
2024-11-01,10920.93,10979.26,10852.37,10881.75,65670
2024-11-04,11062.95,11062.95,10636.89,10825.39,444462
2024-11-05,10815.15,11043.36,10785.67,10940.62,321159
2024-11-06,10988.51,11195.18,10943.07,11120.99,416027
2024-11-07,11072.9,11151.1,10956.78,11068.0,530194
2024-11-08,11029.16,11110.95,10897.03,11070.79,269993
2024-11-11,11098.7,11281.52,11077.64,11165.5,450681
2024-11-12,11158.01,11280.3,10879.06,10914.17,549747
2024-11-13,10911.14,10913.93,10641.1,10822.59,507710
2024-11-14,10827.88,10889.3,10668.33,10779.94,431348
2024-11-18,10725.04,10953.2,10690.76,10866.03,333440
2024-11-19,10862.16,10965.25,10672.54,10734.15,864067
2024-11-21,10696.78,10733.07,10548.74,10638.31,540201
2024-11-22,10680.97,10878.47,10604.81,10836.31,493678
2024-11-25,10971.86,11016.87,10764.27,10798.65,635726
2024-11-26,10798.65,10850.36,10667.69,10719.12,406586
2024-11-27,10711.33,10888.51,10646.68,10831.17,343332
2024-11-28,10833.17,10852.96,10664.31,10724.89,607669
2024-11-29,10724.99,10901.44,10695.66,10846.69,338207
2024-12-02,10921.91,11097.23,10921.91,11008.4,446880
2024-12-03,11018.88,11076.67,10972.84,11047.53,258644
2024-12-04,11049.24,11067.85,10877.84,10901.2,554674
2024-12-05,10906.19,11038.47,10804.38,10952.52,545501
2024-12-06,10969.9,11142.24,10892.53,11085.43,417214
2024-12-09,11089.4,11135.34,11021.38,11048.07,254485
2024-12-10,11043.36,11081.9,10940.52,10968.14,410569
2024-12-11,10999.19,11088.27,10990.08,11046.06,226584
2024-12-12,11067.21,11067.21,10850.66,10937.97,396561
2024-12-13,10908.59,11058.06,10806.92,11040.96,263579
2024-12-16,11024.31,11096.7,10974.8,11045.32,223389
2024-12-17,11031.61,11040.87,10832.49,10880.33,295445
2024-12-18,10857.27,10870.05,10744.73,10776.41,497103
2024-12-19,10664.32,10808.69,10629.5,10730.28,435360
2024-12-20,10715.25,10849.43,10642.72,10677.1,404608
2024-12-23,10703.49,10764.02,10534.44,10599.67,237165
2024-12-24,10599.67,10663.78,10504.66,10516.02,151149
2024-12-26,10549.23,10749.33,10548.74,10672.15,349811
2024-12-27,10704.96,10904.28,10688.41,10716.27,257973
2024-12-30,10716.27,10725.04,10529.25,10577.09,335481
2024-12-31,10543.84,10669.9,10529.74,10635.32,198997
2025-01-01,10634.93,11042.34,10578.32,10978.03,383202
2025-01-02,11053.16,11615.51,10995.37,11598.03,1417042
2025-01-03,11606.5,11802.25,11545.78,11689.07,701315
2025-01-06,11683.93,11733.78,11450.52,11514.14,383268
2025-01-07,11514.14,11583.0,11433.87,11480.5,308104
2025-01-08,11485.1,11616.3,11484.41,11579.13,303100
2025-01-09,11579.13,11606.55,11420.11,11499.35,266413
2025-01-10,11449.84,11518.4,11332.3,11392.15,218246
2025-01-13,11232.89,11415.02,11232.4,11261.49,253524
2025-01-14,11296.99,11543.42,11294.1,11499.94,627463
2025-01-15,11646.27,11941.92,11617.33,11701.95,692822
2025-01-16,11735.3,11884.72,11710.57,11843.87,551211
2025-01-17,11853.28,11939.47,11757.68,11887.02,285370
2025-01-20,11897.5,11897.5,11737.85,11773.11,251731
2025-01-21,11770.17,11890.4,11618.35,11639.56,300038
2025-01-22,11655.57,11830.7,11655.57,11773.4,396590
2025-01-23,11758.37,11857.59,11715.56,11798.28,480876
2025-01-24,11684.91,11844.56,11669.33,11722.03,310343
2025-01-27,11657.39,11799.41,11568.4,11747.45,251783
2025-01-28,11771.44,11914.79,11640.78,11874.68,533451
2025-01-29,11871.0,12067.58,11640.88,11731.82,817549
2025-01-30,11774.04,11862.04,11678.15,11753.47,418442
2025-01-31,11753.47,12135.46,11753.47,12057.74,709009
2025-02-01,12066.9,12879.84,11977.42,12651.14,1101170
2025-02-03,12723.13,13184.65,12656.18,12870.0,926127
2025-02-04,12977.79,12987.54,12705.01,12840.62,530749
2025-02-05,12840.67,12879.84,12736.35,12817.94,271633
2025-02-06,12791.69,12860.25,12739.59,12805.41,414134
2025-02-07,12791.69,12839.2,12744.68,12781.41,355223
2025-02-10,12781.9,12791.69,12621.9,12635.71,294142
2025-02-11,12634.93,12749.82,12438.55,12462.94,354195
2025-02-12,12439.09,12503.09,12349.03,12395.55,425735
2025-02-13,12414.6,12483.11,12355.59,12410.98,186742
2025-02-14,12439.09,12517.44,12325.57,12419.74,233454
2025-02-17,12342.71,12511.57,12319.69,12500.7,192210
2025-02-18,12502.7,12620.24,12473.52,12523.52,267936
2025-02-19,12465.53,12506.82,12391.1,12425.52,288694
2025-02-20,12390.12,12390.12,12125.66,12185.07,423739
2025-02-21,12164.84,12183.06,11993.44,12070.27,477013
2025-02-24,11996.72,12177.08,11969.05,12091.58,399571
2025-02-25,12134.23,12250.45,12096.28,12220.03,363355
2025-02-27,12274.25,12292.17,12059.06,12126.25,236805
2025-02-28,12085.01,12085.01,11569.04,11700.43,605149
2025-03-03,11641.81,11811.7,11516.2,11533.68,186884
2025-03-04,11449.84,11483.38,11352.87,11377.6,255726
2025-03-05,11366.58,11586.96,11330.69,11378.68,349730
2025-03-06,11460.61,11488.53,11244.15,11426.72,315309
2025-03-07,11410.66,11501.06,11362.67,11424.52,259055
2025-03-10,11361.69,11457.58,11296.7,11348.02,153894
2025-03-11,11341.61,11451.8,11273.54,11407.67,245822
2025-03-12,11382.06,11483.09,11285.29,11400.96,249361
2025-03-13,11395.77,11444.94,11253.7,11277.26,260736
2025-03-17,11277.26,11511.49,11220.99,11316.34,275569
2025-03-18,11316.34,11316.34,11316.34,11316.34,0
2025-03-19,11459.63,11473.79,11309.78,11376.92,476555
2025-03-20,11459.53,11523.3,11349.93,11489.21,379421
2025-03-21,11537.99,11676.78,11465.31,11491.76,560565
2025-03-24,11537.94,11743.68,11500.82,11677.32,359033
2025-03-25,11705.87,11827.17,11557.58,11625.06,514283
2025-03-26,11564.43,11625.06,11469.43,11493.23,478517
2025-03-27,11531.28,11653.56,11398.91,11481.13,645787
2025-03-28,11458.7,11504.64,11165.89,11285.44,541795
2025-04-01,11244.15,11308.6,11058.05,11245.23,498244
2025-04-02,11245.23,11490.98,11175.64,11475.4,452994
2025-04-03,11391.56,11560.47,11372.51,11447.98,326624
2025-04-04,11361.69,11391.07,11097.23,11246.11,355785
2025-04-07,10877.44,11125.15,10832.24,11096.99,602353
2025-04-08,11293.12,11313.06,11058.1,11223.49,629968
2025-04-09,11224.66,11301.65,11190.28,11222.02,255114
2025-04-11,11244.5,11438.82,11244.15,11360.76,231420
2025-04-15,11547.78,11694.7,11440.04,11611.45,458593
2025-04-16,11526.24,11526.24,11376.38,11424.37,470494
2025-04-17,11424.37,11487.06,11288.23,11454.74,302146
2025-04-21,11454.74,11527.21,11349.93,11503.71,318493
2025-04-22,11528.19,11545.82,11376.38,11492.93,516753
2025-04-23,11556.6,11725.07,11488.04,11662.38,493839
2025-04-24,11694.7,11792.65,11614.39,11649.65,387863
2025-04-25,11657.48,11798.52,11359.73,11457.67,906266
2025-04-28,11193.22,11651.61,11057.08,11602.63,457303
2025-04-29,11569.33,11694.7,11499.79,11597.74,455596
2025-04-30,11582.06,12071.79,11557.58,12005.19,967250
2025-05-02,12005.19,12465.53,11998.33,12150.15,707908
2025-05-05,12233.4,12233.4,12108.03,12202.06,270014
2025-05-06,12182.47,12340.16,12116.85,12322.53,414921
2025-05-07,12101.18,12408.73,12101.18,12373.46,303619
2025-05-08,12301.96,12338.2,12076.69,12137.42,485326
2025-05-09,11885.7,12106.07,11866.11,11998.33,278112
2025-05-12,12170.72,12370.53,12170.72,12356.81,185165
2025-05-13,12341.14,12439.09,12174.63,12225.57,378269
2025-05-14,12228.5,12456.72,12156.03,12409.7,306050
2025-05-15,12341.14,12755.45,12290.21,12685.91,561496
2025-05-16,12683.95,12817.16,12646.73,12728.03,425275
2025-05-19,12723.13,12777.98,12664.36,12722.15,244277
2025-05-20,12737.82,12742.72,12350.94,12378.36,361111
2025-05-21,12414.6,12544.87,12335.27,12355.83,209104
2025-05-22,12351.92,12351.92,12140.35,12189.33,434848
2025-05-23,12194.22,12238.3,12167.78,12197.16,169465
2025-05-26,12199.12,12281.4,12136.44,12165.82,214703
2025-05-27,12165.82,12222.63,12037.51,12158.96,344679
2025-05-28,12158.96,12159.94,12052.2,12077.67,178181
2025-05-29,12086.48,12172.68,12014.0,12137.42,191097
2025-05-30,12137.42,12233.4,11999.31,12065.92,351353
2025-06-02,11911.16,12065.91,11882.76,12037.51,264972
2025-06-03,12020.86,12096.28,11812.24,11878.84,369114
2025-06-04,11878.84,11993.44,11878.84,11913.12,205846
2025-06-05,11949.36,12005.19,11769.14,11876.88,319783
2025-06-06,11889.61,12277.48,11851.41,12205.98,456129
2025-06-09,12248.09,12399.91,12209.9,12377.38,323443
2025-06-10,12399.91,12482.19,12205.0,12262.79,325292
2025-06-11,12213.81,12301.96,12171.7,12196.18,306061
2025-06-12,12203.04,12233.4,12054.16,12135.46,347339
2025-06-13,11949.36,12169.74,11925.85,12153.09,385493
2025-06-16,12149.17,12308.82,12082.57,12272.58,184242
2025-06-17,12271.6,12355.84,12213.81,12336.25,226597
2025-06-18,12360.73,12615.39,12292.17,12486.1,467738
2025-06-19,12488.06,12561.52,12452.8,12542.91,339117
2025-06-20,12545.85,12625.18,12466.51,12528.22,652128
2025-06-23,12508.63,12523.32,12405.79,12438.11,192037
2025-06-24,12566.42,12590.9,12295.11,12351.92,332717
2025-06-25,12423.42,12543.89,12357.79,12504.71,316536
2025-06-26,12517.44,12584.05,12428.31,12453.78,354735
2025-06-27,12488.06,12536.05,12361.71,12382.28,346403
2025-06-30,12406.77,12414.6,12078.65,12145.25,448956
2025-07-01,12194.22,12203.04,12066.9,12186.39,283481
2025-07-02,12125.66,12383.26,12105.09,12362.69,609735
2025-07-03,12370.53,12556.62,12331.35,12490.02,606221
2025-07-04,12453.78,12486.1,12348.98,12386.2,225607
2025-07-07,12387.18,12409.71,12214.79,12262.79,220116
2025-07-08,12267.68,12297.07,12105.09,12158.96,241050
2025-07-09,12179.53,12282.38,12174.64,12213.81,174203
2025-07-10,12243.2,12409.7,12146.23,12390.12,277325
2025-07-11,12380.32,12424.4,12263.77,12315.68,194420
2025-07-14,12331.35,12356.81,12175.62,12256.91,246737
2025-07-15,12224.59,12339.18,12224.59,12278.46,147377
2025-07-16,12278.46,12312.74,12183.45,12305.88,204480
2025-07-17,12310.78,12367.59,12206.96,12219.69,189207
2025-07-18,12267.68,12269.64,12115.87,12163.86,124068
2025-07-21,12175.61,12221.65,12088.44,12150.15,232066
2025-07-22,12193.25,12272.58,12065.92,12235.36,169006
2025-07-23,12282.38,12457.7,12282.38,12367.59,342005
2025-07-24,12388.16,12400.89,12261.81,12299.03,157163
2025-07-25,12287.27,12299.03,12103.14,12149.17,260700
2025-07-28,12116.85,12277.48,12049.27,12086.48,292879
2025-07-29,12086.48,12250.05,12015.96,12212.83,285115
2025-07-30,12175.62,12383.26,12164.84,12358.77,203847
2025-07-31,12249.07,12497.86,12207.94,12348.98,709783
2025-08-01,12396.5,12651.94,12150.97,12179.68,346024
2025-08-04,12203.44,12301.46,12103.44,12242.05,255693
2025-08-05,12276.7,12451.94,12247.0,12412.34,233560
2025-08-06,12445.01,12493.53,12358.88,12399.47,151608
2025-08-07,12400.46,12528.18,12305.42,12506.4,173393
2025-08-08,12504.42,12598.47,12439.07,12464.82,247048
2025-08-11,12459.87,12607.38,12357.89,12471.75,187230
2025-08-12,12494.52,12830.15,12480.66,12712.33,504476
2025-08-13,12712.33,12796.48,12625.2,12706.39,252065
2025-08-14,12736.09,12827.18,12697.48,12807.38,318580
2025-08-18,13566.75,13984.55,13528.14,13928.12,2154781
2025-08-19,13930.1,14128.11,13840.0,14108.31,906623
2025-08-20,14219.2,14219.2,14058.81,14079.6,391425
2025-08-21,14077.62,14257.81,14015.24,14138.01,513460
2025-08-22,14206.33,14227.12,14088.51,14206.33,458935
2025-08-25,14257.81,14334.04,14138.01,14308.3,357110
2025-08-26,14308.3,14677.59,14247.91,14567.7,962974
2025-08-28,14746.9,14746.9,14479.58,14605.32,666635
2025-08-29,14603.34,14702.34,14545.92,14643.93,621560
2025-09-01,14642.94,14789.47,14508.29,14738.98,572927
2025-09-02,14711.25,14785.51,14636.01,14694.42,379167
2025-09-03,14727.1,14841.94,14603.34,14778.58,561656
2025-09-04,15088.47,15088.47,14484.53,14516.21,784369
2025-09-05,14593.44,14808.28,14554.83,14746.9,473806
2025-09-08,14772.64,15166.68,14702.34,15106.29,691077
2025-09-09,15097.38,15231.03,15049.85,15212.22,605860
2025-09-10,15213.21,15231.03,14922.14,14957.78,489062
2025-09-11,14960.75,15039.95,14888.47,14944.91,657161
2025-09-12,15009.26,15220.14,15002.33,15172.62,420101
2025-09-15,15197.37,15225.09,15097.38,15113.22,170587
2025-09-16,15147.87,15438.95,15132.03,15418.15,381944
2025-09-17,15436.97,15660.72,15415.18,15643.89,624986
2025-09-18,15757.74,15780.52,15546.86,15659.73,642175
2025-09-19,15840.91,15900.31,15653.79,15706.26,652443
2025-09-22,15721.11,15840.91,15622.11,15658.74,302234
2025-09-23,15959.72,16162.68,15871.6,15936.94,873114
2025-09-24,16027.04,16212.18,15903.28,16087.43,663647
2025-09-25,16087.43,16207.23,15907.24,16107.23,490262
2025-09-26,16073.57,16271.58,16040.9,16124.07,490957
2025-09-29,16137.93,16177.53,15791.41,15825.07,627326
2025-09-30,15826.06,15894.37,15762.69,15869.62,390006
2025-10-01,15866.65,15948.83,15692.4,15806.26,426075
2025-10-03,15790.42,15865.66,15579.53,15648.84,470216
2025-10-06,15682.5,15897.34,15551.81,15838.93,268497
2025-10-07,15854.77,15998.33,15818.14,15947.83,330326
2025-10-08,15947.84,16074.56,15820.12,15852.79,306518
2025-10-09,15910.21,15915.16,15695.37,15826.06,300499
2025-10-10,15821.11,16152.78,15752.79,16103.27,423031
2025-10-13,16102.28,16268.61,16056.74,16160.7,337617
2025-10-14,16187.43,16187.43,15960.71,16099.31,307925
2025-10-15,16137.93,16217.13,16038.92,16050.8,266435
2025-10-16,16084.46,16169.61,16038.92,16135.95,265727
2025-10-17,16135.95,16384.45,16135.95,16237.92,411608
2025-10-20,16335.94,16353.76,16217.13,16260.69,374246
2025-10-21,16289.4,16312.18,16167.63,16232.97,28990
2025-10-23,16494.35,16494.35,16177.53,16230.0,481753
2025-10-24,16229.01,16259.7,16038.92,16112.18,208520
2025-10-27,16187.43,16246.83,16113.17,16225.05,209829
2025-10-28,16235.94,16330.99,16099.31,16148.82,383383
2025-10-29,16197.33,16264.65,15886.45,15977.54,232815
2025-10-30,16029.02,16113.17,15917.14,16044.86,230383
2025-10-31,16042.88,16351.78,15790.42,16025.06,719402
2025-11-03,15856.75,15939.91,15375.58,15495.38,942850
2025-11-04,15451.82,15477.56,15202.32,15221.13,748848
2025-11-06,15379.54,15379.54,15156.78,15298.36,429800
2025-11-07,15305.29,15344.89,15108.27,15325.09,227247
2025-11-10,15227.07,15491.42,15227.07,15428.06,274191
2025-11-11,15484.49,15524.09,15357.76,15489.44,181524
2025-11-12,15518.15,15574.58,15400.33,15539.93,244015
2025-11-13,15505.28,15642.9,15504.29,15592.4,250711
2025-11-14,15568.64,15578.54,15417.16,15528.05,253698
2025-11-17,15533.0,15733.98,15499.34,15720.12,301069
2025-11-18,15720.12,15839.92,15593.4,15771.61,392903
2025-11-19,15791.41,15791.41,15558.74,15611.22,286434
2025-11-20,15652.8,15665.67,15462.71,15643.89,249492
2025-11-21,15633.0,15989.42,15580.52,15818.14,586351
2025-11-24,15845.86,15925.06,15752.79,15799.33,525788
2025-11-25,15799.33,15890.41,15684.48,15731.01,214525
2025-11-26,15791.41,16048.82,15791.41,15995.36,314946
2025-11-27,16005.26,16010.21,15717.15,15744.87,339986
2025-11-28,15747.84,15889.42,15692.4,15741.9,352340
2025-12-01,15816.16,16016.15,15693.39,15936.94,434052
2025-12-02,15966.65,16099.31,15934.96,16077.53,383165
2025-12-03,16057.73,16086.44,15850.81,15922.09,264397
2025-12-04,15898.33,15974.57,15729.03,15834.97,248812
2025-12-05,15840.91,16175.55,15820.12,16120.11,332032
2025-12-08,16038.92,16094.36,15933.97,16026.05,220513
2025-12-09,15891.4,16064.66,15826.06,15860.71,276388
2025-12-10,15930.01,15964.67,15766.65,15859.72,293374
2025-12-11,15889.42,16133.97,15824.08,16086.44,268701
2025-12-12,16086.44,16371.58,16085.45,16357.72,404711
2025-12-15,16335.94,16335.94,16197.33,16251.78,225221
2025-12-16,16236.93,16287.42,16157.73,16191.39,156134
2025-12-17,16226.04,16326.04,16194.36,16234.95,257406
2025-12-18,16276.53,16322.08,16059.71,16166.64,213981
2025-12-19,16166.64,16311.19,16166.64,16250.79,360190
2025-12-22,16300.29,16527.02,16250.79,16483.46,271590
2025-12-23,16542.86,16553.75,16393.36,16420.09,215650
2025-12-24,16474.54,16553.75,16377.52,16536.92,258486
2025-12-26,16536.92,16536.92,16351.78,16430.98,212925
2025-12-29,16434.94,16516.13,16334.95,16377.52,251796
2025-12-30,16410.19,16650.78,16318.12,16481.48,1055843
2025-12-31,16416.13,16609.19,16416.13,16530.98,314427
2026-01-01,16533.95,16630.97,16436.92,16541.87,171293
2026-01-02,16583.45,16829.98,16556.72,16791.36,388562
2026-01-05,16855.72,17197.29,16811.16,16984.42,305668
2026-01-06,16999.28,17133.92,16971.55,17120.06,192182
2026-01-07,17058.68,17077.49,16359.7,16641.87,427979
2026-01-08,16640.87,16640.87,16376.53,16498.31,238421
2026-01-09,16497.32,16537.91,16253.76,16336.93,286302
2026-01-12,16292.37,16449.79,16109.21,16417.12,288686
2026-01-13,16496.33,16559.69,16131.0,16262.67,312205
2026-01-14,16227.03,16248.81,15930.01,15991.4,240043
2026-01-15,15991.4,15991.4,15991.4,15991.4,0
2026-01-16,15840.91,16035.95,15613.2,15701.31,703056
2026-01-19,15701.31,16080.5,15655.77,16015.16,385141
2026-01-20,16038.92,16071.59,15692.4,15721.11,289609
2026-01-21,15519.14,15814.18,15519.14,15613.2,345738
2026-01-22,15791.41,15812.2,15557.75,15608.25,352320
2026-01-23,15661.71,15688.44,15285.49,15315.19,338669
2026-01-27,15147.87,15234.0,14863.72,15093.42,565768
2026-01-28,15010.25,15141.93,14287.51,14729.08,1584483
2026-01-29,14722.14,14722.14,14210.29,14357.8,716545
2026-01-30,14357.8,14533.04,14157.81,14453.84,946509
2026-02-02,14109.3,14302.36,13918.22,14240.98,621514
2026-02-03,15048.86,15129.06,14338.0,14635.02,638870
2026-02-04,14652.84,15019.16,14576.61,14921.15,451065
2026-02-05,14939.96,14999.36,14751.85,14909.27,374759
2026-02-06,14934.02,14967.68,14723.13,14847.88,276529
2026-02-09,14974.61,14975.6,14756.8,14829.07,200034
2026-02-10,14849.86,15196.38,14834.02,14995.4,360240
2026-02-11,15029.06,15278.56,15023.12,15258.76,360742
2026-02-12,15305.29,15305.29,15113.22,15173.61,201895
2026-02-13,15156.78,15280.54,15038.96,15085.5,208645
2026-02-16,15085.5,15146.88,14811.25,14901.34,210175
2026-02-17,14881.54,15059.75,14811.25,15028.07,166765
2026-02-18,15056.78,15087.48,14924.12,15013.22,280772
2026-02-19,15012.23,15127.08,14705.31,14754.82,152788
2026-02-20,14754.82,14927.09,14700.36,14828.08,515847
2026-02-23,14900.36,14967.68,14835.01,14922.14,242968
2026-02-24,14851.84,14912.24,14755.81,14777.59,300991
2026-02-25,14712.24,14982.53,14689.47,14920.16,356495
2026-02-26,14994.41,15072.62,14896.39,15061.73,308213
2026-02-27,14959.76,15040.94,14656.8,14709.27,478164
2026-03-02,14263.75,14537.99,14062.77,14244.94,603744
2026-03-04,14009.3,14042.97,13656.84,14017.22,710366
2026-03-05,14157.81,14425.13,13940.99,14271.67,448650
2026-03-06,14196.43,14322.16,13974.65,14018.21,390629
2026-03-09,13662.78,13662.78,13232.11,13373.69,676224
2026-03-10,13584.57,13770.7,13370.72,13729.12,353715
2026-03-11,13712.29,13809.31,13307.35,13362.8,392182
2026-03-12,13296.46,13296.46,12837.08,12881.63,544683
2026-03-13,12770.74,12833.12,12358.88,12465.81,939594
2026-03-16,12407.39,12745.99,12276.7,12630.15,1416170
2026-03-17,12662.83,12969.74,12559.86,12843.02,1178941
2026-03-18,12969.74,13044.99,12885.59,12918.26,458827
2026-03-19,12641.05,12710.35,12380.66,12473.73,569346
2026-03-20,12479.67,12629.16,12431.15,12475.71,725481
2026-03-23,12376.7,12376.7,12155.92,12232.15,517985
2026-03-24,12474.72,12524.22,12209.38,12340.07,583568
2026-03-25,12424.22,12652.93,12381.65,12584.61,540649
2026-03-27,12500.46,12520.26,12219.28,12265.81,775339
2026-03-30,12177.7,12300.47,12079.68,12183.64,635675
2026-04-01,12771.73,12771.73,12210.37,12384.62,501882
2026-04-02,12265.81,12546.99,12117.3,12505.41,438227
2026-04-06,12505.41,12593.52,12296.51,12561.84,382650
2026-04-07,12514.32,12707.38,12371.75,12670.75,359542
2026-04-08,13217.26,13608.33,13078.65,13466.75,1026292
2026-04-09,13435.07,13636.05,13197.46,13453.88,549914
2026-04-10,13514.28,13659.81,13454.87,13572.69,471921
2026-04-13,13268.74,13286.56,12837.08,12945.98,1347910
2026-04-15,13118.25,13339.04,13068.75,13156.87,699458
2026-04-16,13246.96,13301.41,13105.38,13202.41,527309
2026-04-17,13167.76,13511.31,13124.19,13319.23,549308
2026-04-20,13340.03,13398.44,13196.47,13316.26,348629
2026-04-21,13322.2,13408.34,13287.55,13327.15,292879
2026-04-22,13318.24,13395.47,13167.76,13204.39,434640
2026-04-23,13118.25,13225.18,12994.5,13029.15,541086
2026-04-24,13068.75,13121.22,12848.96,12918.26,464098
2026-04-27,13022.22,13138.05,12913.31,13090.53,312786
2026-04-28,13090.53,13174.69,12700.45,12763.81,836679
2026-04-29,12959.84,13413.29,12959.84,13125.18,754798
2026-04-30,13003.41,13227.16,12841.04,13181.62,612975
2026-05-01,13181.62,13181.62,13181.62,13181.62,0
2026-05-04,13424.18,13837.03,13301.41,13444.97,722127
2026-05-05,13425.17,13433.09,13227.16,13292.5,419490
2026-05-06,13420.22,13625.16,13245.97,13585.56,435208
2026-05-07,13585.56,13732.09,13536.06,13633.08,726199
2026-05-08,13536.06,13651.89,13490.51,13589.52,270505
2026-05-11,13412.3,13521.21,13099.44,13348.94,634354
2026-05-12,13308.34,13321.21,13019.25,13041.03,302512
2026-05-13,13055.88,13152.91,12856.88,12972.71,307027
2026-05-14,13102.41,13102.41,12797.47,12944.99,286648
2026-05-15,12948.95,13192.51,12948.95,13089.54,268206
2026-05-18,12996.48,13008.36,12722.23,12886.58,373184
2026-05-19,12904.4,12973.7,12771.73,12827.18,342737
2026-05-20,12722.23,12942.02,12626.19,12873.71,300695
2026-05-21,12972.71,13019.25,12804.4,12880.64,213095
2026-05-22,12969.74,13021.23,12845.0,12857.87,387975
2026-05-25,13014.3,13104.39,12970.73,13039.05,276553
2026-05-26,13056.87,13196.47,13003.41,13076.67,256901
2026-05-27,13076.67,13283.59,12971.72,13231.12,322020
2026-05-28,13231.12,13231.12,13231.12,13231.12,0
2026-05-29,13322.2,13373.69,12920.24,12996.48,963291
2026-06-01,13068.75,13135.08,12784.6,12817.28,295359
2026-06-02,12573.72,12921.23,12573.72,12892.52,586599
2026-06-03,12884.6,13074.69,12782.62,12914.3,607808
2026-06-04,12860.84,13132.11,12820.25,12934.1,465070
2026-06-05,13020.24,13044.0,12786.58,12920.24,295703
2026-06-08,12771.73,12899.45,12713.32,12783.61,372902
2026-06-09,12948.95,13026.18,12723.22,12989.54,428323
2026-06-10,12987.57,13073.7,12920.24,12943.01,203885
2026-06-11,12940.04,13085.58,12839.06,12967.76,308710
2026-06-12,13100.43,13284.58,12999.45,13233.1,559038
2026-06-15,13415.27,13822.18,13385.57,13667.73,613280
2026-06-16,13723.18,13736.05,13525.17,13554.87,280511
2026-06-17,13563.78,13603.38,13425.17,13494.47,241534
2026-06-18,13510.31,13577.64,13299.43,13349.93,373512
2026-06-19,13349.93,13372.7,13220.23,13261.81,719756
2026-06-22,13316.26,13360.82,13246.96,13287.55,254533
2026-06-23,13286.56,13414.28,13104.39,13317.25,398558
2026-06-24,13306.36,13306.36,13069.74,13116.27,327495
2026-06-25,13225.18,13778.62,13193.5,13608.33,981556
2026-06-26,13608.33,13608.33,13608.33,13608.33,0
2026-06-29,13603.38,13702.39,13238.05,13278.64,1358592
2026-06-30,13607.34,14059.8,13375.67,13974.65,1511415
2026-07-01,14010.29,14404.34,13930.1,14251.87,1397790
2026-07-02,14287.51,14345.92,14133.06,14205.33,327088
2026-07-03,14306.32,14375.62,14190.48,14223.16,384188
2026-07-06,14205.34,14381.57,14148.9,14312.26,214686
2026-07-07,14319.19,14452.85,14270.68,14393.45,524759
2026-07-08,14331.07,14355.82,13741.99,13812.28,481076
2026-07-09,13860.8,13897.43,13563.78,13591.5,576451
2026-07-10,13662.78,13847.92,13639.02,13716.25,430154
2026-07-13,13545.96,13703.38,13401.41,13558.83,458633
2026-07-14,13483.58,13553.88,13336.06,13354.88,368645
2026-07-15,13368.74,13470.71,13301.41,13447.94,456369
2026-07-16,13469.72,13707.34,13448.93,13645.95,356847
2026-07-17,13613.28,13746.94,13563.78,13665.75,237330
2026-07-20,13686.55,13694.47,13243.99,13379.63,517730
2026-07-21,13385.57,13519.23,13215.28,13461.8,341101
2026-07-22,13460.81,13582.59,13356.86,13410.32,299404
2026-07-23,13406.36,13433.09,13239.04,13269.73,327912
2026-07-24,13207.36,13360.82,13065.78,13308.34,223369
2026-07-27,13443.98,13623.18,13366.76,13593.48,333477
2026-07-28,13592.49,13710.31,13533.09,13664.76,481068
2026-07-29,13642.98,13840.99,13583.58,13809.31,515674
2026-07-30,13800.4,14108.31,13687.54,14046.93,626000
2026-07-31,14108.31,14205.34,13983.56,14092.47,535417
2026-08-03,14157.81,14296.42,13762.78,14009.3,961183
2026-08-04,13983.56,14112.27,13875.65,14027.12,619717
2026-08-05,14098.41,14107.32,13948.91,14048.91,312540
2026-08-06,14040.0,14040.0,13845.94,13940.0,333510
2026-08-07,13811.0,14038.0,13811.0,14037.0,324104
2026-08-10,14039.0,14119.0,13954.0,14097.0,299446
2026-08-11,14120.0,14175.0,13980.0,13990.0,334931
2026-08-12,13990.0,14067.0,13875.0,13875.0,354408
2026-08-13,13884.0,13938.0,13825.0,13905.0,220061
2026-08-14,13905.0,13943.0,13760.0,13834.0,216810
2026-08-17,13834.0,13920.0,13760.0,13760.0,177071
2026-08-18,13762.0,13890.0,13691.0,13691.0,267433
2026-08-19,13744.0,13745.0,13628.0,13690.0,175646
2026-08-20,13758.0,13826.0,13681.0,13809.0,186272
2026-08-21,13809.0,13809.0,13565.0,13565.0,224951
2026-08-24,13623.0,13694.0,13505.0,13620.0,230499
2026-08-25,13609.0,13678.0,13450.0,13678.0,296429
2026-08-26,13750.0,13750.0,13514.0,13520.0,197113
2026-08-27,13520.0,13580.0,13404.0,13440.0,315555
2026-08-28,13500.0,13525.0,13318.0,13376.0,277509
2026-08-31,13375.0,13547.0,13268.0,13547.0,443131
2026-09-01,13540.0,13540.0,12851.0,12950.0,915975
2026-09-02,12763.0,12888.0,12640.0,12849.0,614156
2026-09-03,12853.0,12927.0,12780.0,12857.0,362982
2026-09-04,12880.0,12880.0,12656.0,12694.0,322752
2026-09-07,12691.0,12833.0,12618.0,12760.0,413778
2026-09-08,12758.0,12758.0,12582.0,12641.0,356860
2026-09-09,12609.0,12692.0,12537.0,12618.0,534832
2026-09-10,12679.0,12693.0,12517.0,12590.0,338613
2026-09-11,12520.0,12541.0,12381.0,12400.0,514868
2026-09-14,12400.0,12400.0,12400.0,12400.0,0
2026-09-15,12470.0,12470.0,12231.0,12231.0,286167
2026-09-16,12231.0,12367.0,12159.0,12166.0,312876
2026-09-17,12165.0,12409.0,12127.0,12338.0,249064
2026-09-18,12350.0,12458.0,12103.0,12103.0,659773
2026-09-21,12129.0,12229.0,12129.0,12153.0,339171
2026-09-22,12155.0,12275.0,12142.0,12190.0,246724
2026-09-23,12240.0,12255.0,12106.0,12230.0,220483
2026-09-24,12180.0,12184.0,11975.0,11990.0,393665
2026-09-25,11997.0,12098.0,11975.0,12065.0,283642
2026-09-28,12065.0,12116.0,11944.0,12008.0,301830
2026-09-29,12046.0,12046.0,11831.0,11877.0,519770
2026-09-30,11901.0,12065.0,11879.0,11967.0,430286
2026-10-01,11900.0,11907.0,11305.0,11386.0,885527
