date,open,high,low,close,volume
2016-01-06,285.43,339.04,285.43,330.5,41383689
2016-01-07,330.55,353.11,319.08,324.37,11693085
2016-01-08,326.14,333.99,317.9,321.14,3781532
2016-01-11,316.72,326.53,300.19,321.23,3393607
2016-01-12,324.67,329.57,317.9,325.45,1686299
2016-01-13,325.5,327.9,311.33,318.73,1181491
2016-01-14,310.94,318.78,304.56,313.98,608372
2016-01-15,315.69,318.34,295.24,300.73,530956
2016-01-18,302.11,302.11,288.38,293.57,812523
2016-01-19,296.86,302.01,289.7,298.77,530489
2016-01-20,294.26,303.04,289.36,295.44,376656
2016-01-21,296.96,307.7,296.96,305.83,328864
2016-01-22,308.92,315.35,307.99,310.89,246903
2016-01-25,310.94,332.51,304.46,323.88,427034
2016-01-27,319.76,332.51,318.88,327.56,376817
2016-01-28,325.45,330.21,321.43,324.28,146200
2016-01-29,322.26,331.53,322.26,327.27,218252
2016-02-01,327.61,330.06,321.92,324.37,405909
2016-02-02,323.64,328.59,322.31,325.4,700751
2016-02-03,323.69,323.78,312.9,314.56,205863
2016-02-04,315.55,318.73,311.92,315.74,349485
2016-02-05,315.84,318.29,311.92,314.61,63123
2016-02-08,317.8,345.27,315.79,322.12,1156009
2016-02-09,326.19,332.32,319.76,326.87,715021
2016-02-10,320.74,327.61,313.88,314.96,415901
2016-02-11,315.84,315.84,277.0,288.87,700722
2016-02-12,289.36,294.06,278.22,281.02,396915
2016-02-15,286.12,292.79,284.65,289.11,290784
2016-02-16,293.28,294.11,282.54,284.94,119220
2016-02-17,289.06,289.06,281.12,284.55,127189
2016-02-18,289.26,292.3,284.4,284.89,52218
2016-02-19,287.0,287.39,284.4,284.65,36470
2016-02-22,288.38,288.38,281.51,284.21,334572
2016-02-23,283.96,286.71,280.63,282.78,63567
2016-02-24,280.72,281.8,279.06,279.79,105402
2016-02-25,283.42,283.72,278.08,282.59,36604
2016-02-26,281.56,283.32,269.4,279.01,1067007
2016-02-29,278.57,280.38,271.7,274.55,50969
2016-03-01,271.75,296.22,269.4,289.75,114425
2016-03-02,292.3,304.02,290.78,293.03,128958
2016-03-03,293.92,300.59,289.36,294.02,104961
2016-03-04,294.21,299.17,289.36,291.17,64527
2016-03-08,293.28,296.17,292.3,293.13,42958
2016-03-09,294.21,300.15,288.38,291.42,56295
2016-03-10,291.56,293.67,286.41,287.98,55978
2016-03-11,289.36,290.24,280.53,283.42,530108
2016-03-14,283.72,289.36,283.72,288.23,34325
2016-03-15,288.87,290.14,285.24,288.13,25950
2016-03-16,292.3,293.87,285.48,289.8,45187
2016-03-17,288.38,297.6,286.41,290.19,68949
2016-03-18,286.66,292.99,286.66,288.03,24859
2016-03-21,288.91,295.09,287.1,292.0,38722
2016-03-22,293.23,293.28,286.61,288.57,16841
2016-03-23,288.38,290.09,285.53,287.35,24221
2016-03-28,291.32,291.32,278.08,279.55,19278
2016-03-29,279.6,284.94,263.66,278.57,89423
2016-03-30,279.45,284.45,279.45,281.56,31030
2016-03-31,281.61,282.49,277.49,280.82,32904
2016-04-01,280.87,290.34,279.55,284.55,39530
2016-04-04,288.38,288.38,280.53,284.11,26662
2016-04-05,282.64,294.41,282.49,290.53,187188
2016-04-06,290.73,298.18,287.35,295.83,86156
2016-04-07,287.39,296.86,287.39,293.72,29351
2016-04-08,288.91,298.18,288.38,290.09,25793
2016-04-11,294.02,296.27,290.58,294.11,24156
2016-04-12,294.06,297.2,292.3,293.82,17870
2016-04-13,294.26,296.17,288.38,289.85,28858
2016-04-18,294.26,294.26,288.87,290.48,19989
2016-04-20,287.49,293.43,287.49,290.39,61063
2016-04-21,294.26,298.18,290.34,296.57,750118
2016-04-22,295.19,297.2,291.96,294.36,27241
2016-04-25,297.55,302.06,289.36,293.57,35626
2016-04-26,290.34,295.24,290.34,294.26,16944
2016-04-27,292.79,296.12,292.69,294.36,13939
2016-04-28,292.84,294.26,289.45,292.1,27225
2016-04-29,289.41,292.99,288.47,291.27,41260
2016-05-02,296.22,296.22,287.39,288.62,8620
2016-05-03,287.49,292.74,287.44,290.88,16259
2016-05-04,293.28,293.28,282.69,283.91,16714
2016-05-05,281.51,288.18,281.51,283.27,10483
2016-05-06,283.47,288.28,283.42,284.55,11778
2016-05-09,285.48,291.76,285.48,289.36,24294
2016-05-10,287.39,298.87,287.39,293.08,48915
2016-05-11,291.32,298.38,290.53,295.0,33223
2016-05-12,292.35,302.6,292.3,301.18,72926
2016-05-13,301.08,314.66,300.34,311.67,101056
2016-05-16,314.86,318.19,311.13,313.19,40236
2016-05-17,307.26,317.8,307.26,312.85,30496
2016-05-18,312.9,320.74,305.64,318.83,40467
2016-05-19,320.65,325.65,316.72,322.61,61708
2016-05-20,325.45,325.45,314.86,318.1,28988
2016-05-23,322.02,322.02,313.88,317.7,45792
2016-05-24,321.53,321.53,310.98,316.13,24801
2016-05-25,315.89,319.67,312.01,317.75,27935
2016-05-26,318.78,318.78,313.88,316.18,34503
2016-05-27,315.79,315.79,295.24,299.7,43540
2016-05-30,298.18,305.05,296.17,300.88,14433
2016-05-31,305.15,311.97,297.2,309.12,636255
2016-06-01,304.17,311.28,303.09,304.76,14321
2016-06-02,303.19,308.92,302.11,306.86,19836
2016-06-03,303.87,324.08,301.37,304.17,67928
2016-06-06,304.31,311.43,304.31,306.62,18832
2016-06-07,306.91,308.97,304.27,305.74,12957
2016-06-08,306.03,312.65,305.05,308.97,97431
2016-06-09,313.73,313.73,305.15,306.52,12816
2016-06-10,307.06,312.9,307.06,311.03,84036
2016-06-13,299.66,313.78,299.66,310.84,16009
2016-06-14,307.16,318.78,307.11,312.46,24518
2016-06-15,308.97,315.84,308.97,312.65,17871
2016-06-16,312.65,315.79,308.97,312.01,16681
2016-06-17,312.01,315.35,309.95,312.65,18554
2016-06-20,312.31,316.82,304.36,316.04,31628
2016-06-21,315.2,318.19,312.16,315.99,14464
2016-06-22,313.44,316.53,311.28,313.34,14841
2016-06-23,312.75,315.84,312.46,314.52,60700
2016-06-24,311.92,323.2,296.42,307.85,30717
2016-06-27,307.01,311.92,305.79,307.6,7861
2016-06-28,308.97,313.88,308.04,308.97,12271
2016-06-29,310.25,315.3,308.97,310.0,10011
2016-06-30,313.88,313.88,305.15,307.6,14854
2016-07-01,309.02,311.67,306.03,307.21,385899
2016-07-04,308.04,309.91,306.03,307.89,11201
2016-07-05,309.02,309.71,304.22,306.52,9639
2016-07-07,310.3,310.4,303.58,304.61,18976
2016-07-08,305.15,306.52,298.14,300.49,13517
2016-07-11,300.54,306.03,300.54,304.46,15937
2016-07-12,303.14,306.72,301.27,304.27,26739
2016-07-13,304.07,307.45,289.45,293.97,38761
2016-07-14,293.87,293.87,285.14,286.32,59005
2016-07-15,286.32,293.28,282.49,284.89,151885
2016-07-18,287.25,293.18,284.94,291.51,161960
2016-07-19,287.93,291.91,286.41,288.03,295012
2016-07-20,288.03,288.82,285.43,286.51,150576
2016-07-21,286.76,288.38,279.65,280.68,62490
2016-07-22,281.61,284.45,281.51,284.11,18902
2016-07-25,284.45,287.25,284.45,285.68,13070
2016-07-26,286.56,287.84,282.74,283.57,19329
2016-07-27,285.43,286.41,281.17,281.9,22730
2016-07-28,282.59,289.26,282.2,284.26,88517
2016-07-29,287.84,295.24,282.59,285.48,136431
2016-08-01,294.26,323.1,294.06,312.5,797637
2016-08-02,313.88,331.73,310.05,327.71,390149
2016-08-03,330.55,333.4,309.37,317.61,92706
2016-08-04,321.58,321.58,311.97,313.34,27813
2016-08-05,315.64,318.68,310.94,312.8,26374
2016-08-08,313.98,321.14,311.08,312.6,30094
2016-08-09,310.84,318.19,310.84,314.27,27192
2016-08-10,313.29,314.96,308.97,312.75,14549
2016-08-11,313.88,313.88,301.62,304.07,35050
2016-08-12,304.07,306.42,298.18,300.05,74629
2016-08-16,296.03,300.69,296.03,298.09,34188
2016-08-17,296.91,305.2,294.75,298.82,99768
2016-08-18,299.51,303.58,297.84,298.77,27875
2016-08-19,301.03,303.73,298.43,301.86,29799
2016-08-22,300.73,309.86,299.46,308.24,91545
2016-08-23,309.07,314.76,308.97,313.09,60299
2016-08-24,313.83,318.14,310.25,314.66,28808
2016-08-25,314.56,315.79,305.59,308.24,24265
2016-08-26,307.99,313.83,304.07,305.54,15956
2016-08-29,299.56,318.73,299.56,309.71,21559
2016-08-30,310.94,312.31,304.27,304.95,32760
2016-08-31,306.08,309.95,299.36,303.82,37567
2016-09-01,304.12,307.36,301.47,303.09,11560
2016-09-02,304.07,312.9,301.18,305.74,39250
2016-09-06,305.79,308.83,303.09,305.88,14254
2016-09-07,306.08,309.61,302.6,304.61,24714
2016-09-08,306.03,306.03,303.09,304.31,21150
2016-09-09,303.33,308.48,300.64,306.28,160301
2016-09-12,300.24,306.33,300.15,305.54,19917
2016-09-14,301.72,323.05,301.72,318.44,45403
2016-09-15,323.39,323.39,309.95,314.03,24934
2016-09-16,312.95,318.64,309.91,314.17,28025
2016-09-19,309.95,318.93,309.95,313.93,20140
2016-09-20,313.88,316.33,311.38,313.53,11468
2016-09-21,313.93,317.31,312.11,313.44,10058
2016-09-22,321.23,321.23,303.09,304.46,32936
2016-09-23,306.91,312.31,303.78,307.36,17017
2016-09-26,314.71,322.61,310.69,319.08,107692
2016-09-27,322.17,366.85,318.78,327.07,3316438
2016-09-28,328.49,333.5,325.65,329.62,229891
2016-09-29,329.57,331.48,304.46,317.31,230089
2016-09-30,310.94,330.26,310.94,327.17,92914
2016-10-03,327.12,341.2,327.12,337.03,88155
2016-10-04,340.31,341.34,328.84,331.29,59143
2016-10-05,333.84,338.3,327.61,333.54,43548
2016-10-06,336.44,336.44,329.57,331.39,33220
2016-10-07,332.71,332.71,324.91,329.13,16781
2016-10-10,331.48,331.48,324.37,329.23,23292
2016-10-13,327.86,349.24,325.65,332.42,89297
2016-10-14,333.3,339.38,330.6,338.15,59030
2016-10-17,338.4,341.34,328.59,333.25,63460
2016-10-18,332.51,351.64,332.47,349.04,173297
2016-10-19,351.15,351.15,341.54,346.05,40489
2016-10-20,347.42,351.15,345.36,347.03,38114
2016-10-21,347.03,348.26,337.42,343.5,49798
2016-10-24,340.95,350.17,339.58,349.14,30603
2016-10-25,344.53,357.04,343.99,355.07,58412
2016-10-26,355.07,355.12,344.29,349.97,32749
2016-10-27,351.89,351.89,336.93,338.15,21023
2016-10-28,341.34,345.07,334.48,338.4,24901
2016-11-01,346.59,348.16,336.44,338.35,48436
2016-11-02,338.35,341.34,333.5,335.65,14215
2016-11-03,337.32,338.25,331.53,334.53,14182
2016-11-04,331.53,338.4,325.16,331.63,21091
2016-11-07,333.5,336.44,331.53,335.16,11174
2016-11-08,335.46,338.3,332.66,335.11,6756
2016-11-09,275.62,353.11,275.62,336.34,55262
2016-11-10,371.75,371.75,336.44,347.33,157828
2016-11-11,334.77,347.67,332.51,335.56,43036
2016-11-15,340.36,340.36,317.8,323.39,38171
2016-11-16,328.59,332.22,323.69,326.63,18067
2016-11-17,316.04,326.63,313.88,315.94,26293
2016-11-18,322.71,330.55,316.33,324.67,26676
2016-11-21,328.59,330.55,305.3,324.52,37006
2016-11-22,325.4,335.26,319.27,334.38,20241
2016-11-23,334.08,353.11,327.61,344.68,35720
2016-11-24,338.4,344.28,329.67,338.84,35786
2016-11-25,343.35,348.21,340.7,342.42,22159
2016-11-28,348.21,348.21,335.11,336.44,22745
2016-11-29,340.31,341.34,334.77,337.81,16245
2016-11-30,337.47,343.11,328.1,338.6,37781
2016-12-01,343.26,343.26,334.48,337.71,12190
2016-12-02,338.35,339.38,327.71,333.05,520147
2016-12-05,329.57,336.88,329.57,333.64,12836
2016-12-06,336.44,336.44,326.92,328.89,533651
2016-12-07,331.48,333.99,325.16,333.4,39567
2016-12-08,333.01,335.41,329.67,332.61,26919
2016-12-09,336.44,336.44,330.65,332.17,16408
2016-12-12,328.89,334.38,328.89,332.07,10353
2016-12-13,331.53,333.5,328.59,330.6,9323
2016-12-14,332.47,336.39,328.84,331.39,26743
2016-12-15,333.45,334.48,325.65,331.58,16497
2016-12-16,327.71,333.5,327.71,331.53,33156
2016-12-19,328.74,334.48,328.64,330.8,922982
2016-12-20,329.13,332.51,325.65,326.87,39296
2016-12-21,330.99,332.56,323.69,326.83,14338
2016-12-22,329.23,332.51,323.0,328.84,12742
2016-12-23,327.27,334.38,325.84,333.15,9762
2016-12-26,327.61,340.85,325.26,337.62,16751
2016-12-27,340.36,340.36,331.53,332.37,154131
2016-12-28,336.39,336.39,325.84,327.41,17173
2016-12-29,328.1,332.51,327.41,328.64,12251
2016-12-30,330.36,337.42,328.89,336.34,26602
2017-01-02,337.91,338.4,333.25,337.76,14985
2017-01-03,334.87,335.21,331.53,332.96,25917
2017-01-04,331.58,335.46,327.71,328.49,33502
2017-01-05,331.53,334.28,329.08,333.15,83406
2017-01-06,331.04,335.36,330.21,333.15,27507
2017-01-09,333.5,335.95,331.53,333.3,11911
2017-01-10,333.99,333.99,330.65,333.45,18805
2017-01-11,338.2,338.2,330.7,333.5,62715
2017-01-12,336.24,336.24,331.68,332.81,18119
2017-01-13,334.97,334.97,331.83,332.61,12091
2017-01-16,335.46,335.46,331.09,333.3,14438
2017-01-17,333.74,335.26,326.73,328.0,23474
2017-01-18,333.3,333.5,329.57,332.76,29171
2017-01-19,334.28,334.28,331.48,332.07,4628
2017-01-20,335.46,335.46,330.6,331.24,79625
2017-01-23,326.78,335.41,326.78,333.54,11002
2017-01-24,331.53,334.33,330.99,332.51,7103
2017-01-25,328.59,335.46,328.59,332.91,19027
2017-01-27,333.5,335.46,328.59,331.04,221677
2017-01-30,326.83,334.48,326.83,330.6,42662
2017-01-31,328.69,334.62,328.69,333.25,47739
2017-02-01,338.89,343.3,325.8,328.39,96682
2017-02-02,329.92,334.38,318.78,328.2,159807
2017-02-03,328.3,331.98,323.69,327.66,216719
2017-02-06,327.66,330.55,321.04,322.36,241279
2017-02-07,322.36,323.49,318.29,318.98,26183
2017-02-08,317.11,328.1,317.11,322.66,38171
2017-02-09,323.93,326.63,321.73,324.13,11763
2017-02-10,321.82,326.63,321.82,325.26,22616
2017-02-13,324.96,328.93,321.23,323.05,75552
2017-02-14,321.87,325.65,319.81,321.04,20153
2017-02-15,322.66,323.49,314.86,315.79,15005
2017-02-16,316.87,321.63,315.84,317.41,7958
2017-02-17,317.95,323.69,317.95,323.05,16205
2017-02-20,318.78,325.5,318.0,319.08,17780
2017-02-21,318.88,322.22,318.88,320.89,11147
2017-02-22,319.32,321.19,315.55,317.16,9533
2017-02-23,316.33,318.68,314.03,315.06,14392
2017-02-27,314.96,321.14,311.08,315.3,55154
2017-02-28,318.73,323.2,314.17,318.78,49220
2017-03-01,315.4,320.65,312.01,313.93,56391
2017-03-02,315.89,321.14,314.91,319.32,34140
2017-03-03,317.07,323.59,314.12,317.8,61895
2017-03-06,318.88,323.05,313.53,314.47,18339
2017-03-07,314.52,318.68,314.03,317.16,8330
2017-03-08,316.72,316.82,310.89,311.67,43999
2017-03-09,312.16,314.86,308.53,309.22,16115
2017-03-10,308.78,312.31,304.07,305.39,23713
2017-03-14,308.97,311.62,305.05,308.24,42498
2017-03-15,309.12,310.0,299.07,303.58,39751
2017-03-16,301.62,312.8,301.62,309.22,25449
2017-03-17,310.0,312.36,306.13,308.19,31789
2017-03-20,309.02,309.02,304.31,305.54,144379
2017-03-21,305.1,309.66,304.9,308.92,26603
2017-03-22,306.91,310.94,305.54,309.76,14986
2017-03-23,311.87,311.87,307.21,310.54,17540
2017-03-24,311.33,317.8,308.48,314.96,34383
2017-03-27,314.42,314.42,301.08,303.24,71140
2017-03-28,304.56,304.95,299.17,301.08,53090
2017-03-29,301.13,301.13,298.18,299.75,18353
2017-03-30,300.15,311.92,299.12,309.76,41637
2017-03-31,306.72,313.78,305.15,307.85,28089
2017-04-03,308.92,316.82,307.26,309.86,246023
2017-04-05,309.12,329.28,305.15,315.3,149655
2017-04-06,311.13,318.24,311.13,313.73,18388
2017-04-07,312.55,320.35,312.55,317.85,65941
2017-04-10,315.01,321.73,315.01,317.46,29429
2017-04-11,317.8,320.55,311.52,315.99,29397
2017-04-12,317.7,317.8,313.0,315.64,29573
2017-04-13,316.67,318.83,314.96,317.26,85327
2017-04-17,314.66,318.29,313.83,315.79,17306
2017-04-18,315.79,317.41,312.01,313.09,21713
2017-04-19,313.09,316.62,310.2,313.73,19693
2017-04-20,314.91,315.79,311.97,313.14,14884
2017-04-21,313.88,315.89,309.91,310.74,23895
2017-04-24,313.73,317.7,310.74,312.26,156643
2017-04-25,312.65,316.87,310.05,310.89,131923
2017-04-26,313.78,315.3,309.07,311.23,91538
2017-04-27,318.73,320.79,313.98,316.48,88296
2017-04-28,317.8,317.95,312.9,315.84,29068
2017-05-02,316.82,317.26,311.03,311.92,24747
2017-05-03,312.26,314.42,308.97,309.95,44085
2017-05-04,310.94,316.09,305.3,307.8,34801
2017-05-05,307.55,311.43,302.11,304.36,61877
2017-05-08,303.14,308.24,286.9,291.27,110529
2017-05-09,297.01,303.87,294.26,301.67,52848
2017-05-10,301.72,307.5,299.9,306.08,32914
2017-05-11,308.97,308.97,299.26,303.68,29249
2017-05-12,307.01,310.35,297.35,298.97,99102
2017-05-15,299.17,308.24,297.25,298.18,407882
2017-05-16,301.96,301.96,295.24,296.03,48327
2017-05-17,297.2,298.87,293.38,293.92,35635
2017-05-18,293.23,303.09,293.03,294.02,44593
2017-05-19,301.13,301.13,289.36,294.41,129390
2017-05-22,298.63,298.63,291.32,291.71,147022
2017-05-23,290.39,292.3,284.6,285.48,29849
2017-05-24,289.26,298.18,286.71,289.85,34070
2017-05-25,290.83,296.22,287.54,288.77,38903
2017-05-26,288.96,291.32,287.89,289.16,178534
2017-05-29,287.39,293.77,284.65,290.09,174121
2017-05-30,296.22,313.58,291.37,311.57,359435
2017-05-31,313.88,329.57,310.49,324.52,197276
2017-06-01,324.52,338.4,322.9,333.45,766517
2017-06-02,333.5,336.83,324.67,327.22,36686
2017-06-05,330.16,330.55,321.73,328.84,41017
2017-06-06,331.24,331.24,315.5,318.34,23537
2017-06-07,317.11,326.43,307.55,309.71,51253
2017-06-08,311.92,318.24,309.42,316.62,37362
2017-06-09,315.2,327.95,314.32,326.63,82978
2017-06-12,329.38,333.84,328.84,330.99,238916
2017-06-13,333.99,335.46,326.63,328.39,105003
2017-06-14,332.47,332.96,318.88,322.22,108616
2017-06-15,322.71,325.65,309.95,314.03,174654
2017-06-16,315.84,315.89,312.41,313.98,218717
2017-06-19,322.71,323.39,311.92,312.5,86661
2017-06-20,315.59,315.69,309.17,311.77,50230
2017-06-21,312.41,312.75,307.01,308.48,47654
2017-06-22,310.05,316.33,293.82,302.4,938256
2017-06-23,302.5,306.37,299.66,301.67,49639
2017-06-27,303.97,313.88,301.62,307.85,132665
2017-06-28,310.69,311.87,306.42,306.91,77229
2017-06-29,307.06,311.28,306.42,308.68,26705
2017-06-30,307.4,309.71,306.08,308.24,45708
2017-07-03,312.7,312.7,307.99,309.07,46819
2017-07-04,306.72,314.03,306.72,309.37,70148
2017-07-05,311.52,312.46,304.71,310.3,58935
2017-07-06,311.52,311.72,280.63,292.79,4192238
2017-07-07,293.67,302.94,291.61,299.12,339613
2017-07-10,302.06,304.07,298.48,300.73,28779
2017-07-11,301.27,304.07,298.67,299.26,70403
2017-07-12,300.34,303.04,296.52,298.63,69085
2017-07-13,298.38,301.13,297.15,299.02,76532
2017-07-14,300.15,300.15,294.75,298.18,66728
2017-07-17,296.22,301.72,296.22,300.54,48180
2017-07-18,300.34,303.09,299.31,300.78,55310
2017-07-19,301.18,303.14,297.2,297.94,54598
2017-07-20,296.86,300.24,295.73,296.22,63447
2017-07-21,296.96,300.15,293.08,294.31,95167
2017-07-24,295.24,297.74,292.5,293.87,44191
2017-07-25,296.22,296.27,292.3,292.84,94102
2017-07-26,293.38,296.22,292.15,292.69,90706
2017-07-27,294.36,294.75,290.78,293.13,35818
2017-07-28,290.83,299.17,290.44,298.33,254449
2017-07-31,298.92,302.6,284.45,301.13,76525
2017-08-01,302.11,302.6,298.23,299.8,34511
2017-08-02,298.67,305.05,298.67,303.24,54653
2017-08-03,297.69,297.89,292.4,293.33,63216
2017-08-04,291.47,298.87,291.47,294.11,32239
2017-08-07,295.63,299.07,294.26,297.84,127033
2017-08-08,298.18,299.51,293.38,294.31,189461
2017-08-09,296.91,296.91,292.3,293.77,46963
2017-08-10,292.15,294.21,288.87,290.24,24884
2017-08-11,287.15,299.12,280.63,294.7,82668
2017-08-14,294.21,296.22,290.48,294.21,10856
2017-08-16,298.09,298.09,291.71,293.23,28762
2017-08-17,291.42,293.28,289.36,292.0,66806
2017-08-18,293.97,293.97,288.87,289.45,61871
2017-08-21,289.45,293.28,284.55,285.87,74037
2017-08-22,285.87,302.45,285.87,297.64,73896
2017-08-23,297.64,302.45,295.54,298.67,22091
2017-08-24,299.17,301.62,296.71,299.46,18739
2017-08-28,299.17,301.13,295.58,300.24,36173
2017-08-29,297.25,303.09,296.22,299.41,41756
2017-08-30,299.17,303.09,296.17,298.87,40879
2017-08-31,297.3,301.13,289.06,292.15,1000937
2017-09-01,292.35,295.05,289.6,291.91,34678
2017-09-04,291.81,291.81,287.0,287.93,77923
2017-09-05,286.56,296.61,286.56,294.41,41737
2017-09-06,294.26,295.98,291.37,294.75,19082
2017-09-07,294.26,296.22,291.56,292.79,41847
2017-09-08,294.16,294.75,285.63,291.32,29907
2017-09-11,297.2,297.2,291.02,293.33,345874
2017-09-12,295.24,297.15,293.33,295.24,18541
2017-09-13,294.26,296.22,292.3,294.26,702164
2017-09-14,292.5,297.2,291.81,296.17,24423
2017-09-15,294.6,296.17,291.42,293.38,17306
2017-09-18,292.4,296.12,292.4,294.26,293174
2017-09-19,294.8,298.43,292.4,297.4,418795
2017-09-20,294.41,299.07,293.77,295.73,15302
2017-09-21,298.04,298.04,293.92,295.05,15274
2017-09-22,294.41,296.71,292.3,293.43,32744
2017-09-25,293.38,298.67,288.38,294.6,37155
2017-09-26,294.26,297.01,291.32,294.46,37446
2017-09-27,293.33,295.93,290.44,291.56,22593
2017-09-28,294.02,295.05,289.45,292.64,30653
2017-09-29,292.35,299.07,291.37,297.3,32610
2017-10-03,297.3,297.3,292.54,296.17,23907
2017-10-04,293.28,295.93,292.79,293.13,11117
2017-10-05,292.4,295.24,291.42,294.7,18091
2017-10-06,295.29,297.2,293.33,295.88,15150
2017-10-09,294.51,295.73,294.51,295.14,16691
2017-10-10,297.2,297.2,294.21,295.44,20793
2017-10-11,295.34,297.69,295.34,296.61,30267
2017-10-12,295.73,299.07,293.43,296.32,43746
2017-10-13,296.32,297.2,293.43,295.34,23101
2017-10-16,296.37,301.62,295.68,300.15,23035
2017-10-17,299.12,300.98,296.22,297.64,18804
2017-10-18,300.1,303.82,297.2,300.98,23893
2017-10-19,302.11,304.56,297.69,300.64,15619
2017-10-23,298.18,303.92,298.18,300.39,11360
2017-10-24,300.59,303.04,296.57,297.06,6392
2017-10-25,298.18,302.99,297.69,301.62,143396
2017-10-26,304.07,304.07,298.23,299.51,49819
2017-10-27,299.17,300.15,292.54,294.46,22188
2017-10-30,294.46,303.19,294.46,297.15,57886
2017-10-31,298.18,302.6,297.2,301.13,71262
2017-11-01,303.97,303.97,297.3,300.59,16645
2017-11-02,301.13,301.13,297.2,299.07,35286
2017-11-03,299.07,301.62,293.28,294.21,91008
2017-11-06,295.24,299.07,294.06,298.18,64074
2017-11-07,297.99,297.99,289.55,290.19,64505
2017-11-08,291.32,293.08,288.28,288.77,20216
2017-11-09,292.1,293.77,289.94,292.64,17984
2017-11-10,294.06,294.26,290.73,293.92,34229
2017-11-13,291.32,291.91,287.39,288.91,16543
2017-11-14,286.56,292.05,286.56,289.65,15872
2017-11-15,289.36,291.07,284.45,286.27,14806
2017-11-16,289.36,294.31,285.43,293.92,35487
2017-11-17,292.3,295.24,289.41,291.61,29539
2017-11-20,294.26,295.19,286.76,288.23,17103
2017-11-21,289.85,292.2,288.08,291.27,10662
2017-11-22,291.56,295.24,288.28,289.16,43972
2017-11-23,291.81,294.31,284.94,291.51,45514
2017-11-24,291.32,291.37,288.47,289.5,23441
2017-11-27,291.07,293.28,286.66,288.28,21197
2017-11-28,292.79,293.77,287.54,290.48,36618
2017-11-29,292.3,296.22,291.37,295.58,240253
2017-11-30,297.15,297.55,288.57,293.23,136759
2017-12-01,292.5,294.26,288.87,289.55,34984
2017-12-04,289.36,291.96,287.54,290.48,10569
2017-12-05,293.92,293.92,288.77,289.26,17560
2017-12-06,288.57,291.32,281.07,282.49,46470
2017-12-07,283.47,285.43,277.59,280.38,41918
2017-12-08,284.4,289.31,279.89,282.78,196288
2017-12-11,293.28,294.26,288.42,289.45,74017
2017-12-12,292.1,292.1,285.43,286.46,28671
2017-12-13,287.39,290.14,282.98,283.52,32593
2017-12-14,283.23,286.41,279.55,283.03,68437
2017-12-15,288.38,288.72,278.17,279.99,98691
2017-12-18,283.42,284.94,278.17,279.74,35593
2017-12-19,281.51,283.08,276.07,277.59,56335
2017-12-20,277.59,280.09,276.61,277.73,53083
2017-12-21,280.72,285.43,278.13,283.67,843584
2017-12-22,284.7,292.79,284.7,291.51,86627
2017-12-26,294.26,294.26,291.32,293.03,37762
2017-12-27,293.18,296.22,291.32,292.74,57777
2017-12-28,292.74,295.24,291.96,293.23,31440
2017-12-29,296.03,296.03,290.53,292.54,15959
2018-01-01,293.28,295.24,290.34,292.35,18796
2018-01-02,294.21,294.75,291.47,292.84,55896
2018-01-03,294.26,294.26,291.32,292.1,67705
2018-01-04,294.85,294.85,288.38,289.21,220240
2018-01-05,293.18,293.18,289.36,291.17,35475
2018-01-08,293.28,294.26,289.36,291.02,90241
2018-01-09,293.08,293.08,288.38,289.01,50174
2018-01-10,292.1,292.1,285.68,287.15,57225
2018-01-11,287.15,290.24,286.51,287.1,71818
2018-01-12,287.1,289.36,286.66,287.25,50404
2018-01-15,290.14,290.14,283.96,286.07,150045
2018-01-16,286.9,286.9,282.49,283.67,33162
2018-01-17,287.1,287.1,283.42,284.4,169150
2018-01-18,284.6,285.53,282.49,283.81,57744
2018-01-19,284.84,285.33,281.56,284.06,38963
2018-01-22,284.45,284.65,282.78,283.47,21651
2018-01-23,284.45,291.32,282.25,283.13,43631
2018-01-24,283.13,284.45,281.51,281.8,20901
2018-01-25,283.47,284.45,281.02,284.06,21624
2018-01-29,285.24,285.24,281.51,282.88,26889
2018-01-30,281.51,283.91,279.84,280.63,56529
2018-01-31,280.09,282.49,279.55,279.94,19753
2018-02-01,279.55,294.26,278.66,287.35,1014805
2018-02-02,288.72,295.05,285.53,290.68,298186
2018-02-05,290.68,295.19,281.51,287.2,378896
2018-02-06,278.57,290.34,278.57,287.93,144509
2018-02-07,289.36,301.47,284.5,296.27,215033
2018-02-08,299.17,301.13,292.3,295.68,88405
2018-02-09,296.22,298.67,291.96,297.64,32197
2018-02-12,298.18,314.76,294.26,308.83,267228
2018-02-14,304.07,307.99,299.51,300.19,73957
2018-02-15,307.01,308.97,299.31,300.98,70399
2018-02-16,306.03,306.03,296.08,300.83,48328
2018-02-19,300.15,303.09,295.24,300.59,38588
2018-02-20,300.59,308.78,298.82,306.18,79042
2018-02-21,304.12,306.03,299.21,302.21,31656
2018-02-22,302.21,307.8,299.17,301.62,29548
2018-02-23,302.16,307.01,299.46,305.79,27264
2018-02-26,301.32,307.11,292.4,303.87,170316
2018-02-27,304.07,307.45,292.59,294.26,1171501
2018-02-28,294.16,299.17,291.32,294.51,90446
2018-03-01,294.26,297.89,292.3,293.87,204685
2018-03-05,293.28,296.17,292.3,294.16,35994
2018-03-06,296.03,296.03,287.69,289.85,40297
2018-03-07,288.38,290.14,279.55,288.91,41117
2018-03-08,287.93,291.32,282.15,289.45,32468
2018-03-09,286.41,291.51,286.41,289.5,324960
2018-03-12,291.32,292.3,286.41,287.93,38136
2018-03-13,291.81,293.33,287.35,292.99,46106
2018-03-14,293.77,293.77,288.47,292.1,14305
2018-03-15,289.36,292.1,289.26,290.34,207185
2018-03-16,289.45,292.35,286.66,289.94,20053
2018-03-19,287.39,289.94,285.97,287.44,12309
2018-03-20,284.55,289.36,283.57,286.41,641456
2018-03-21,286.41,291.32,286.41,290.09,68718
2018-03-22,289.45,291.27,285.43,286.36,37723
2018-03-23,283.47,288.38,279.5,279.94,85381
2018-03-26,284.35,284.35,276.61,277.49,56553
2018-03-27,277.78,281.51,276.7,278.66,60476
2018-03-28,278.57,279.55,271.8,273.91,54433
2018-04-02,278.57,278.57,273.71,275.62,37758
2018-04-03,274.64,286.22,274.5,284.89,93068
2018-04-04,288.38,288.38,280.77,283.86,66486
2018-04-05,288.77,288.77,282.0,283.23,26142
2018-04-06,286.02,286.02,278.22,279.84,46361
2018-04-09,282.1,282.49,277.83,278.91,43105
2018-04-10,277.78,280.58,272.98,273.37,55208
2018-04-11,277.49,279.4,272.68,274.3,37751
2018-04-12,275.67,277.05,269.25,269.74,51198
2018-04-13,269.74,270.47,267.78,268.91,31681
2018-04-16,270.72,270.72,265.33,267.09,45776
2018-04-17,268.86,270.13,267.19,268.22,22247
2018-04-18,269.69,269.74,265.33,266.16,76569
2018-04-19,268.66,269.98,265.77,267.09,56727
2018-04-20,266.89,269.79,266.89,269.59,16971
2018-04-23,269.74,269.79,266.8,267.63,30840
2018-04-24,269.69,271.5,266.8,267.58,47871
2018-04-25,269.44,269.44,263.85,264.49,65204
2018-04-26,264.88,269.79,264.88,268.32,35510
2018-04-27,269.69,269.89,268.66,269.25,15951
2018-04-30,270.67,272.68,269.05,269.94,31774
2018-05-02,272.49,272.49,255.57,265.37,119299
2018-05-03,265.96,265.96,259.24,264.44,17958
2018-05-04,264.98,264.98,261.89,262.63,65639
2018-05-07,263.02,269.84,261.01,268.51,43118
2018-05-08,268.76,271.31,263.02,269.44,21811
2018-05-09,271.21,271.7,263.36,265.52,28803
2018-05-10,265.82,267.63,260.42,262.43,1019157
2018-05-11,262.97,263.8,257.72,259.83,58064
2018-05-14,260.13,261.4,251.3,254.68,89816
2018-05-15,255.03,256.01,252.57,253.06,67678
2018-05-16,253.02,261.65,248.26,252.38,63130
2018-05-17,254.58,254.58,245.22,246.0,50864
2018-05-18,248.45,252.08,241.98,246.74,225458
2018-05-21,245.22,246.64,230.06,234.67,111139
2018-05-22,237.62,237.62,227.56,228.89,60369
2018-05-23,229.52,230.55,224.86,225.94,98849
2018-05-24,228.35,235.41,226.04,228.89,644501
2018-05-25,229.67,232.27,228.4,230.21,268659
2018-05-28,234.77,234.77,222.71,229.82,85772
2018-05-29,230.5,243.55,230.5,238.45,184489
2018-05-30,235.41,240.31,211.18,234.92,80964
2018-05-31,234.87,235.46,220.7,228.49,491430
2018-06-01,232.47,232.47,225.8,229.43,35882
2018-06-04,232.27,234.08,219.96,223.64,18919
2018-06-05,223.64,230.5,216.13,223.83,74537
2018-06-06,220.7,230.99,220.7,230.26,176803
2018-06-07,229.52,236.24,227.51,228.89,36281
2018-06-08,228.89,232.91,227.12,229.08,36363
2018-06-11,230.95,232.47,228.54,229.57,12893
2018-06-12,227.61,230.95,223.64,225.6,168647
2018-06-13,223.98,225.6,220.74,221.77,13202
2018-06-14,221.48,225.65,221.43,223.74,28572
2018-06-15,222.66,227.27,221.48,226.34,32445
2018-06-18,226.58,235.36,226.34,227.71,17542
2018-06-19,227.71,230.16,221.68,222.95,25546
2018-06-20,223.93,229.33,222.8,225.75,53674
2018-06-21,226.04,229.43,223.74,225.4,8564
2018-06-22,225.55,229.52,223.64,228.35,18450
2018-06-25,225.6,230.31,225.6,228.69,13309
2018-06-26,229.18,229.33,225.65,227.56,18454
2018-06-27,225.89,228.89,224.62,226.73,37354
2018-06-28,225.7,229.47,224.62,227.41,19158
2018-06-29,227.41,231.44,220.84,229.38,11801
2018-07-02,229.13,236.39,226.04,227.71,7076
2018-07-03,225.65,230.5,224.57,229.96,12023
2018-07-04,229.18,231.39,226.04,229.47,12653
2018-07-05,226.09,234.43,226.09,231.44,11838
2018-07-06,231.49,239.82,230.16,237.08,19810
2018-07-09,234.97,244.24,234.97,240.66,11561
2018-07-10,239.72,244.24,237.37,241.74,22121
2018-07-11,239.72,246.2,236.44,244.53,10545
2018-07-12,242.27,245.17,240.31,240.95,14797
2018-07-13,239.33,243.84,237.96,240.41,7896
2018-07-16,239.33,250.02,239.33,247.47,102420
2018-07-17,246.0,248.8,245.27,247.77,9701
2018-07-18,248.16,250.51,237.66,244.48,33190
2018-07-19,240.51,243.79,240.31,243.55,82279
2018-07-20,242.27,248.11,241.0,245.32,7540
2018-07-23,245.22,246.2,241.98,244.78,4739
2018-07-24,245.22,248.31,241.54,246.64,11307
2018-07-25,246.79,250.61,241.69,246.88,11148
2018-07-26,244.24,249.14,243.99,246.49,8861
2018-07-27,245.22,247.33,245.22,247.03,8208
2018-07-30,249.48,254.05,248.21,250.71,220501
2018-07-31,250.12,256.01,250.12,254.83,108454
2018-08-01,254.78,256.94,251.0,254.83,15976
2018-08-02,254.54,256.99,250.61,256.45,20169
2018-08-03,246.25,249.14,240.46,247.96,112548
2018-08-06,250.12,250.12,242.86,245.27,110484
2018-08-07,247.18,250.66,244.29,245.95,49972
2018-08-08,245.76,250.17,245.76,247.23,51777
2018-08-09,246.3,250.61,243.45,245.9,294476
2018-08-10,247.33,250.32,237.81,242.08,175065
2018-08-13,242.03,250.12,238.3,245.66,14655
2018-08-14,243.26,247.67,239.82,241.1,17158
2018-08-16,241.1,245.22,239.63,244.33,8292
2018-08-17,241.83,242.47,239.82,240.51,14295
2018-08-20,242.27,242.27,236.0,237.86,12198
2018-08-21,241.29,245.22,238.4,240.51,13936
2018-08-23,240.51,245.41,240.17,240.56,18423
2018-08-24,241.29,249.88,241.1,244.53,20271
2018-08-27,259.83,259.83,246.74,247.62,35014
2018-08-28,249.63,249.73,244.58,246.79,11753
2018-08-29,243.94,248.41,243.94,247.57,10289
2018-08-30,246.25,251.1,245.71,246.93,8498
2018-08-31,247.52,249.14,245.32,247.47,9855
2018-09-03,245.85,253.6,245.32,250.22,15697
2018-09-04,246.64,251.35,246.64,250.22,20087
2018-09-05,252.97,252.97,245.32,246.49,6634
2018-09-06,251.4,251.4,245.85,246.59,21396
2018-09-07,247.87,250.42,246.2,249.43,27154
2018-09-10,252.08,252.08,247.62,249.09,31382
2018-09-11,249.14,251.1,244.29,245.71,85731
2018-09-12,250.07,252.97,247.33,251.0,34780
2018-09-14,251.1,251.94,246.3,246.93,32312
2018-09-17,248.94,250.56,247.18,248.6,21899
2018-09-18,246.93,251.0,246.93,247.23,21726
2018-09-19,246.35,250.12,245.17,245.61,99054
2018-09-21,246.93,250.12,234.43,243.55,109922
2018-09-24,237.37,243.21,234.92,236.39,23774
2018-09-25,238.35,244.63,236.39,238.45,74202
2018-09-26,238.35,246.44,238.35,242.08,69513
2018-09-27,238.15,248.01,237.96,243.26,70236
2018-09-28,238.4,245.32,232.56,240.26,273880
2018-10-01,243.55,243.55,226.38,228.79,13303
2018-10-03,226.63,235.26,225.21,231.19,12062
2018-10-04,225.65,237.52,224.13,227.07,28839
2018-10-05,236.19,236.19,224.32,228.54,10464
2018-10-08,224.13,230.41,224.13,225.6,14513
2018-10-09,224.67,231.39,219.86,229.77,217606
2018-10-10,226.38,237.66,223.39,233.35,25850
2018-10-11,235.21,235.21,226.04,227.86,11590
2018-10-12,229.96,231.49,216.04,219.91,40528
2018-10-15,216.77,229.47,216.09,217.7,297751
2018-10-16,218.73,222.66,216.77,219.13,7492
2018-10-17,220.55,220.55,209.91,212.06,14644
2018-10-19,210.89,216.82,203.92,204.85,20867
2018-10-22,209.91,210.89,202.06,204.12,8961
2018-10-23,205.0,208.73,204.02,206.13,11054
2018-10-24,205.84,213.54,204.41,209.81,7310
2018-10-25,208.58,214.81,206.96,213.0,132178
2018-10-26,214.07,217.41,210.1,216.04,5520
2018-10-29,218.44,218.88,215.59,218.1,7689
2018-10-30,217.75,220.84,217.02,219.96,11744
2018-10-31,223.64,223.64,220.45,223.0,8535
2018-11-01,221.68,258.41,221.63,235.41,39373
2018-11-02,235.31,241.98,235.31,239.48,32405
2018-11-05,235.41,245.22,234.53,243.7,17163
2018-11-06,243.75,245.95,240.31,242.37,13898
2018-11-07,245.07,245.07,237.47,239.63,2268
2018-11-09,241.15,242.27,234.57,237.81,18375
2018-11-12,238.35,242.27,236.54,241.1,8585
2018-11-13,240.31,242.13,238.15,239.48,8221
2018-11-14,238.84,249.14,238.84,245.12,16766
2018-11-15,244.53,245.17,236.49,237.32,5523
2018-11-16,233.59,238.74,228.64,232.12,7389
2018-11-19,237.32,237.32,225.7,227.9,13562
2018-11-20,225.6,227.56,223.59,223.98,6278
2018-11-21,226.14,233.45,223.88,227.81,10927
2018-11-22,228.59,233.45,228.54,232.27,5586
2018-11-26,229.92,234.57,222.76,224.96,44096
2018-11-27,223.88,228.3,220.74,224.32,4997
2018-11-28,223.93,225.6,217.41,218.83,3509
2018-11-29,218.1,250.02,214.32,223.49,33623
2018-11-30,225.31,225.31,215.5,217.61,21914
2018-12-03,217.65,219.71,212.85,214.47,12332
2018-12-04,213.98,214.57,210.1,210.4,24261
2018-12-05,210.4,212.16,204.02,205.88,25108
2018-12-06,205.98,229.23,202.06,204.12,36434
2018-12-07,205.93,205.98,202.55,204.12,6302
2018-12-10,204.02,228.64,200.15,202.7,54715
2018-12-11,202.55,207.99,200.54,206.47,10063
2018-12-12,204.51,206.96,200.59,203.38,655174
2018-12-13,204.02,205.84,201.03,201.32,600649
2018-12-14,200.1,201.81,195.05,195.34,55862
2018-12-17,197.01,203.38,196.22,201.81,25177
2018-12-18,202.06,202.06,195.19,195.63,27444
2018-12-19,196.17,200.0,195.98,197.74,16472
2018-12-20,197.15,198.92,196.27,198.18,15835
2018-12-21,198.97,200.93,196.91,200.0,40382
2018-12-24,201.86,201.86,195.39,197.65,7831
2018-12-26,198.23,198.58,194.7,197.25,11214
2018-12-27,199.17,199.17,193.28,194.26,23223
2018-12-28,193.92,195.34,191.32,191.71,20188
2018-12-31,194.21,194.21,189.31,191.37,14386
2019-01-01,191.37,193.43,186.51,187.49,28432
2019-01-02,189.7,190.73,187.69,189.7,41484
2019-01-03,190.29,190.48,187.2,187.69,10965
2019-01-04,187.79,187.84,182.93,183.72,15735
2019-01-07,184.4,205.88,184.4,192.54,33043
2019-01-08,194.11,201.03,192.89,196.32,32602
2019-01-09,199.66,206.91,196.37,205.0,56842
2019-01-10,204.02,204.07,196.86,202.21,17937
2019-01-11,200.1,203.04,197.65,199.75,16574
2019-01-14,200.1,202.79,191.51,196.42,32901
2019-01-15,198.14,201.76,197.35,199.95,18973
2019-01-16,199.66,199.9,194.85,195.98,19153
2019-01-17,197.69,199.85,193.28,194.21,18792
2019-01-18,195.09,196.12,191.71,193.82,9857
2019-01-21,197.15,197.15,180.63,183.47,105860
2019-01-22,184.4,185.24,182.44,183.47,44824
2019-01-23,182.44,183.91,180.63,182.44,24340
2019-01-24,180.73,187.3,180.73,186.37,8791
2019-01-25,186.41,189.11,185.43,187.2,6601
2019-01-28,184.45,188.23,183.42,186.41,9069
2019-01-29,186.37,186.37,183.47,184.31,4873
2019-01-30,186.27,187.69,179.3,182.39,11941
2019-01-31,181.51,188.33,181.51,185.83,11688
2019-02-01,195.19,201.67,185.38,187.1,35897
2019-02-04,187.1,193.18,186.02,188.52,14124
2019-02-05,191.22,195.98,189.75,193.18,25385
2019-02-06,194.11,201.08,192.25,194.65,18399
2019-02-07,196.52,196.52,189.21,190.39,21722
2019-02-08,190.29,192.15,188.13,190.34,7803
2019-02-11,189.21,192.25,187.35,190.04,13856
2019-02-12,190.14,195.19,189.31,193.48,10991
2019-02-14,193.43,196.12,188.52,190.04,18959
2019-02-15,188.33,197.84,186.95,193.92,42241
2019-02-18,187.74,200.78,187.74,191.71,36991
2019-02-19,191.71,197.01,191.61,195.39,449641
2019-02-20,197.35,200.93,193.67,195.54,5560
2019-02-21,195.98,203.04,194.02,198.92,7932
2019-02-22,196.17,199.17,195.14,196.22,3966
2019-02-25,196.12,200.59,190.39,197.55,10769
2019-02-26,196.22,205.0,195.98,201.27,853023
2019-02-27,200.59,207.4,193.23,203.97,24945
2019-02-28,202.3,203.04,197.5,202.01,6425
2019-03-01,203.97,216.77,203.19,215.99,72932
2019-03-05,220.11,223.54,212.8,220.55,24670
2019-03-06,224.62,225.6,216.77,222.46,25978
2019-03-07,224.72,225.06,216.33,218.59,10407
2019-03-08,220.79,220.94,212.85,214.86,27332
2019-03-11,221.09,224.03,215.79,218.19,24067
2019-03-12,220.4,223.64,214.81,216.77,379133
2019-03-13,219.71,220.55,214.81,217.46,19114
2019-03-14,221.53,227.56,215.79,219.42,44302
2019-03-15,217.8,220.94,215.15,219.57,95477
2019-03-18,221.77,221.82,216.04,216.77,9365
2019-03-19,210.89,215.3,210.89,214.52,33836
2019-03-20,213.83,213.83,208.93,210.54,6939
2019-03-22,205.98,215.74,205.98,213.58,13664
2019-03-25,210.89,219.47,210.89,213.49,342329
2019-03-26,210.35,213.49,205.0,208.83,21722
2019-03-27,212.75,217.75,207.06,209.51,55382
2019-03-28,210.84,212.65,209.71,211.13,37862
2019-04-01,213.34,214.81,209.22,212.41,12029
2019-04-02,212.46,215.2,209.27,212.21,26584
2019-04-03,212.85,214.81,209.91,213.44,13886
2019-04-04,215.59,215.59,210.59,213.88,9846
2019-04-05,211.67,214.32,211.62,213.93,4210
2019-04-08,213.93,213.93,211.33,211.67,4088
2019-04-09,210.45,215.74,209.02,214.47,6622
2019-04-10,215.79,215.79,210.89,212.85,3870
2019-04-11,212.9,215.3,210.89,212.21,9796
2019-04-12,214.32,217.8,210.94,212.65,9257
2019-04-15,214.57,214.57,209.91,210.35,9674
2019-04-16,212.21,212.85,209.76,211.08,8875
2019-04-18,216.28,216.28,205.98,210.45,12957
2019-04-22,210.89,210.89,205.98,206.82,10329
2019-04-23,208.93,208.93,203.24,205.44,26967
2019-04-24,204.02,205.88,203.04,204.56,5261
2019-04-25,204.56,205.98,201.27,203.58,8848
2019-04-26,203.04,205.98,202.16,204.02,579169
2019-04-30,204.9,206.08,196.27,198.53,486580
2019-05-02,201.08,204.56,196.91,198.87,11835
2019-05-03,196.17,196.17,194.21,194.31,68969
2019-05-06,196.08,196.17,191.27,191.61,9987
2019-05-07,191.27,195.83,186.37,190.78,941619
2019-05-08,187.15,191.27,185.09,190.93,8319
2019-05-09,191.27,191.27,183.32,191.27,22405
2019-05-10,189.36,191.27,187.4,190.98,15000
2019-05-13,189.36,191.17,186.46,187.49,5690
2019-05-14,189.41,189.41,181.46,183.91,12365
2019-05-15,184.4,189.01,182.88,185.24,7094
2019-05-16,183.42,185.09,181.46,182.64,4910
2019-05-17,182.05,186.37,180.77,182.88,11627
2019-05-20,191.27,191.27,184.45,188.18,18038
2019-05-21,188.18,191.27,182.44,184.5,16026
2019-05-22,182.93,190.29,182.83,186.86,11216
2019-05-23,191.22,191.22,182.78,184.16,6498
2019-05-24,184.16,198.14,184.16,195.24,56658
2019-05-27,217.75,234.28,208.29,222.8,791888
2019-05-28,222.66,232.86,220.3,229.67,175255
2019-05-29,228.54,229.38,225.11,226.63,37236
2019-05-30,221.23,226.58,221.23,225.85,40658
2019-05-31,228.54,235.41,224.62,233.3,1101542
2019-06-03,235.26,235.26,228.35,230.5,178768
2019-06-04,230.5,231.39,225.6,226.38,15481
2019-06-06,227.56,227.56,221.19,224.42,11317
2019-06-07,225.6,230.5,219.91,220.99,14339
2019-06-10,225.6,225.6,219.71,221.92,6393
2019-06-11,218.78,224.18,215.94,220.06,14200
2019-06-12,221.68,223.64,217.02,218.15,11492
2019-06-13,210.98,230.41,210.98,227.07,31953
2019-06-14,228.05,228.05,219.76,222.12,11249
2019-06-17,221.48,225.6,220.7,221.97,18035
2019-06-18,225.6,225.6,219.91,224.72,20787
2019-06-19,224.52,227.56,219.08,222.76,361607
2019-06-20,224.03,226.09,221.68,224.57,34491
2019-06-21,224.13,231.49,221.43,229.33,25433
2019-06-24,229.33,233.94,227.56,232.76,20122
2019-06-25,233.45,246.98,231.49,242.57,44624
2019-06-26,241.39,245.22,236.39,240.56,177160
2019-06-27,240.12,245.95,237.96,240.31,24548
2019-06-28,239.72,247.18,235.46,238.11,25234
2019-07-01,236.88,239.38,233.94,235.51,13857
2019-07-02,238.35,239.09,231.68,235.95,14867
2019-07-03,233.89,239.87,227.56,228.35,51563
2019-07-04,230.16,238.35,228.59,233.74,23149
2019-07-05,233.45,234.57,224.62,226.63,14151
2019-07-08,225.6,231.14,223.39,226.34,31408
2019-07-09,225.6,227.46,220.79,222.8,8427
2019-07-10,223.64,225.6,220.7,220.74,243137
2019-07-11,220.7,230.41,219.71,228.4,1068474
2019-07-12,227.02,238.3,225.7,227.07,56990
2019-07-15,226.63,226.63,217.31,218.83,77864
2019-07-16,220.74,225.5,216.82,220.89,13789
2019-07-17,223.1,228.4,219.71,221.53,27881
2019-07-18,225.11,225.11,218.73,220.11,8870
2019-07-19,218.73,220.79,206.23,211.48,14438
2019-07-22,213.93,218.73,210.89,213.63,19492
2019-07-23,211.87,219.71,211.87,217.51,81269
2019-07-24,218.78,219.52,216.62,218.15,10088
2019-07-25,218.15,220.55,216.77,216.87,34926
2019-07-26,216.38,221.09,216.38,219.62,10647
2019-07-29,216.09,222.56,216.09,220.4,27384
2019-07-30,219.32,222.51,216.77,217.56,10677
2019-07-31,216.77,218.88,215.94,218.05,8621
2019-08-01,218.24,222.68,218.24,220.12,6931
2019-08-02,219.38,221.69,212.14,214.7,24968
2019-08-05,216.27,218.24,199.23,201.64,71093
2019-08-06,197.11,211.59,197.11,204.89,229731
2019-08-07,203.96,210.41,203.96,208.19,9823
2019-08-08,208.49,213.81,207.26,210.16,81429
2019-08-09,211.05,216.03,206.91,211.54,43816
2019-08-13,225.63,235.09,223.07,227.9,802555
2019-08-14,229.58,232.48,223.71,230.12,53746
2019-08-16,228.59,243.17,225.58,236.57,686915
2019-08-19,236.57,245.34,235.19,240.41,349798
2019-08-20,239.43,245.24,234.5,238.3,654399
2019-08-21,237.36,241.0,222.92,226.32,21860
2019-08-22,221.89,226.96,219.53,225.24,26101
2019-08-23,224.85,229.03,220.71,225.39,30297
2019-08-26,223.71,230.56,222.09,224.3,422719
2019-08-27,226.62,236.13,224.65,230.46,329737
2019-08-28,231.55,234.4,227.7,230.51,15694
2019-08-29,227.16,231.55,227.16,229.97,7210
2019-08-30,227.6,232.83,227.6,232.28,8359
2019-09-03,232.33,237.41,226.62,232.93,11734
2019-09-04,236.42,236.42,229.58,231.89,6098
2019-09-05,229.08,238.39,229.08,236.28,16669
2019-09-06,229.58,245.34,229.58,242.68,17791
2019-09-09,241.15,245.34,236.67,243.12,8564
2019-09-11,243.37,243.37,240.07,241.2,118355
2019-09-12,243.02,249.28,239.48,245.04,146827
2019-09-13,245.88,245.88,238.44,239.13,16351
2019-09-16,237.46,238.89,233.61,235.78,10023
2019-09-17,235.49,236.87,228.69,230.51,11865
2019-09-18,230.51,236.42,228.59,233.76,11586
2019-09-19,235.93,235.93,228.59,229.48,109811
2019-09-20,229.23,236.47,223.86,231.2,97251
2019-09-23,231.64,240.91,228.54,232.14,65677
2019-09-24,229.58,240.41,228.69,235.14,31976
2019-09-25,236.42,236.42,230.61,232.14,126543
2019-09-26,234.85,236.37,231.64,231.99,11199
2019-09-27,230.81,237.9,230.81,233.02,9548
2019-09-30,233.02,233.02,216.91,220.81,154215
2019-10-01,220.81,235.19,218.0,231.45,60551
2019-10-03,229.97,236.47,227.65,232.33,17017
2019-10-04,231.55,233.42,228.39,230.07,104131
2019-10-07,231.55,235.39,229.87,231.55,7824
2019-10-09,234.45,240.41,230.56,231.69,14533
2019-10-10,231.4,235.09,230.56,231.55,4686
2019-10-11,231.99,234.5,228.59,231.74,107515
2019-10-14,232.97,236.47,231.45,234.55,6890
2019-10-15,232.88,234.06,228.93,231.69,8757
2019-10-16,235.39,235.39,222.58,226.18,19238
2019-10-17,225.24,230.56,225.19,228.49,9460
2019-10-18,225.88,234.5,225.88,231.45,111143
2019-10-22,231.55,240.27,231.55,237.21,22066
2019-10-23,238.05,240.41,234.55,238.44,57603
2019-10-24,238.39,243.22,235.14,241.15,185870
2019-10-25,241.15,269.82,241.15,250.56,186458
2019-10-27,253.32,265.93,253.27,260.56,25537
2019-10-29,255.29,268.99,255.14,262.98,75509
2019-10-30,268.1,276.23,262.48,269.78,168689
2019-10-31,270.96,274.85,259.08,261.94,44084
2019-11-01,261.7,268.4,256.18,260.27,22761
2019-11-04,258.3,273.91,258.15,271.65,448739
2019-11-05,274.11,284.55,272.19,281.94,141484
2019-11-06,284.46,285.69,273.57,276.08,71453
2019-11-07,276.87,280.76,261.1,268.64,284776
2019-11-08,270.81,285.74,265.0,270.96,121192
2019-11-11,282.98,301.45,276.87,284.8,1093564
2019-11-13,287.12,312.24,285.74,299.24,630708
2019-11-14,301.31,304.46,275.88,300.62,1994553
2019-11-15,302.49,303.03,285.74,288.89,325390
2019-11-18,290.57,295.59,289.73,292.09,241055
2019-11-19,290.91,302.49,288.69,295.84,256960
2019-11-20,295.59,298.84,288.69,291.75,72495
2019-11-21,290.66,299.97,290.66,295.64,87071
2019-11-22,298.5,303.42,292.78,294.75,109347
2019-11-25,296.53,299.19,292.49,293.92,54523
2019-11-26,292.68,298.55,292.68,297.56,87669
2019-11-27,298.45,298.5,291.8,292.63,85218
2019-11-28,294.01,296.48,286.87,290.17,60111
2019-11-29,291.06,295.15,290.07,291.85,40596
2019-12-02,291.85,300.52,291.85,294.8,159477
2019-12-03,296.43,296.48,288.69,292.78,44672
2019-12-04,294.56,296.62,290.17,293.82,42148
2019-12-05,295.49,296.97,290.71,292.49,43030
2019-12-06,295.1,314.11,294.36,301.01,759358
2019-12-09,301.9,301.9,294.61,295.98,112305
2019-12-10,294.65,314.02,293.87,303.67,346150
2019-12-11,306.72,306.72,297.41,299.43,243706
2019-12-12,297.56,304.95,297.56,301.7,85290
2019-12-13,299.78,310.03,299.78,305.54,155166
2019-12-16,306.43,314.8,303.62,305.3,142317
2019-12-17,304.01,307.12,300.52,301.9,591186
2019-12-18,303.37,310.32,295.84,301.31,144213
2019-12-19,299.09,304.56,298.0,303.28,497067
2019-12-20,303.28,303.82,298.35,300.47,41690
2019-12-23,300.47,304.46,300.02,301.6,51907
2019-12-24,303.03,303.97,297.66,300.76,49334
2019-12-26,301.5,305.44,297.56,299.38,56173
2019-12-27,300.37,303.77,294.65,296.23,57145
2019-12-30,298.0,304.01,296.28,302.49,105095
2019-12-31,302.49,306.38,302.14,302.78,491617
2020-01-01,305.05,326.92,301.8,321.21,775112
2020-01-02,324.16,328.11,316.58,324.9,226542
2020-01-03,328.11,335.25,320.47,323.52,418178
2020-01-06,320.22,336.97,315.35,332.69,253734
2020-01-07,337.96,340.72,326.38,334.66,291647
2020-01-08,332.05,346.83,327.22,340.37,168545
2020-01-09,352.25,356.53,338.94,341.26,476077
2020-01-10,340.13,343.08,335.25,338.25,133984
2020-01-13,339.83,343.72,330.62,336.87,66222
2020-01-14,338.35,339.93,332.15,336.83,67993
2020-01-15,338.06,346.83,334.95,339.19,343768
2020-01-16,338.6,348.25,338.6,344.07,730546
2020-01-17,344.51,356.58,344.51,354.12,515872
2020-01-20,356.19,366.09,354.71,358.85,388408
2020-01-21,357.57,362.3,349.78,351.9,107497
2020-01-22,355.6,357.42,347.02,350.08,65780
2020-01-23,350.77,356.93,343.97,349.34,224047
2020-01-24,354.61,356.53,347.96,351.41,186507
2020-01-27,351.46,355.69,348.25,349.24,170798
2020-01-28,351.36,361.61,335.25,354.71,249415
2020-01-29,362.0,383.28,361.41,371.41,1146294
2020-01-30,373.92,374.37,359.63,370.52,216932
2020-01-31,372.89,380.33,369.49,372.3,488376
2020-02-03,348.85,365.79,337.17,355.45,458739
2020-02-04,363.28,367.32,348.99,356.68,571663
2020-02-05,354.71,365.3,349.88,355.35,271139
2020-02-06,351.75,356.04,347.81,350.72,564068
2020-02-07,350.96,353.28,341.9,344.02,431691
2020-02-10,343.87,352.54,337.86,349.14,117130
2020-02-11,348.8,359.63,345.05,348.35,440855
2020-02-12,352.25,354.12,344.95,346.92,118025
2020-02-13,348.8,349.78,341.01,342.93,238174
2020-02-14,344.36,349.78,338.65,340.77,409237
2020-02-17,339.53,344.31,330.08,335.1,82376
2020-02-18,334.81,346.83,330.08,342.29,113129
2020-02-19,346.68,352.69,339.98,345.4,308427
2020-02-20,344.61,348.8,335.3,342.44,112945
2020-02-24,340.13,345.84,332.05,334.56,71209
2020-02-25,334.56,336.97,320.32,325.3,72112
2020-02-26,321.21,338.94,317.07,333.28,339825
2020-02-27,331.06,339.98,326.53,339.29,208039
2020-02-28,327.12,335.3,324.02,328.8,231773
2020-03-02,335.45,339.63,320.22,325.1,220975
2020-03-03,332.93,334.02,311.4,315.54,11209626
2020-03-04,315.44,318.15,300.12,315.2,1936111
2020-03-05,316.28,320.12,311.36,316.97,238156
2020-03-06,306.33,318.15,300.81,315.25,404813
2020-03-09,313.62,313.77,299.53,310.27,550192
2020-03-11,311.16,315.21,302.96,303.99,194390
2020-03-12,297.42,306.12,261.05,300.24,519503
2020-03-13,263.91,302.22,252.05,291.44,159065
2020-03-16,290.26,294.31,273.9,286.4,305242
2020-03-17,286.45,293.07,267.87,273.4,1142761
2020-03-18,276.91,283.68,218.74,229.52,539008
2020-03-19,213.5,274.79,212.51,262.53,369572
2020-03-20,264.16,280.42,238.31,243.5,484691
2020-03-23,222.4,229.32,201.64,223.04,313870
2020-03-24,224.38,234.21,221.11,232.38,227991
2020-03-25,225.36,243.11,213.8,224.92,334023
2020-03-26,225.46,239.0,225.46,232.83,162259
2020-03-27,234.26,240.73,222.4,234.85,857463
2020-03-30,234.85,236.24,219.43,222.99,112931
2020-03-31,232.23,252.05,224.72,244.64,193261
2020-04-01,244.64,251.46,235.45,246.91,76590
2020-04-03,246.91,272.76,237.62,261.2,136330
2020-04-07,276.76,277.75,264.9,272.12,148373
2020-04-08,267.97,286.65,267.32,273.85,200995
2020-04-09,278.74,296.43,276.22,282.35,156688
2020-04-13,283.68,288.48,269.0,286.6,460604
2020-04-15,295.4,295.4,275.33,276.91,177885
2020-04-16,272.36,281.26,269.05,271.77,73626
2020-04-17,274.34,287.14,271.13,281.01,571909
2020-04-20,286.45,292.48,266.88,286.6,247788
2020-04-21,282.69,285.36,274.79,280.96,96569
2020-04-22,280.96,294.56,275.58,282.69,198584
2020-04-23,287.83,291.05,275.97,277.7,155572
2020-04-24,277.75,282.64,265.89,269.55,83937
2020-04-27,271.82,275.68,262.83,266.63,260653
2020-04-28,266.63,273.8,265.3,271.33,123938
2020-04-29,273.8,276.76,267.97,274.19,76801
2020-04-30,275.77,280.67,268.51,276.37,208489
2020-05-04,275.77,275.77,261.94,267.18,96153
2020-05-05,266.88,271.82,257.24,260.4,116986
2020-05-06,262.33,268.66,258.33,267.32,119319
2020-05-07,261.94,280.47,261.94,274.39,172689
2020-05-08,275.48,276.57,266.88,273.06,52208
2020-05-11,276.66,276.66,262.93,266.78,176792
2020-05-12,268.86,269.75,260.01,263.02,30749
2020-05-13,268.16,269.84,257.98,262.53,164607
2020-05-14,261.24,265.35,256.01,259.76,94180
2020-05-15,257.98,263.91,257.98,262.18,48136
2020-05-18,262.18,264.95,258.03,262.13,86844
2020-05-19,264.9,264.9,245.38,255.76,139958
2020-05-20,254.67,264.7,254.67,262.28,44043
2020-05-21,262.97,266.78,260.75,264.51,17632
2020-05-22,266.78,266.78,257.59,262.18,28688
2020-05-26,262.18,262.18,255.46,257.49,48451
2020-05-27,261.34,261.34,250.08,256.95,272863
2020-05-28,257.59,265.89,256.85,261.39,71412
2020-05-29,256.99,273.8,256.99,269.65,66919
2020-06-01,273.2,300.54,269.35,292.13,243123
2020-06-02,308.74,313.14,290.3,292.13,1124440
2020-06-03,293.57,300.39,277.65,283.48,155316
2020-06-04,281.71,288.48,277.75,281.36,270661
2020-06-05,281.36,284.57,279.38,282.74,88159
2020-06-08,286.65,288.58,280.72,286.1,134076
2020-06-09,288.62,304.44,282.89,297.17,279534
2020-06-10,295.44,295.44,289.37,291.74,77411
2020-06-11,291.74,297.52,286.85,289.91,139018
2020-06-12,281.71,284.67,279.23,283.04,56613
2020-06-15,283.09,295.44,281.71,286.7,102825
2020-06-16,285.16,285.16,272.86,279.63,278724
2020-06-17,284.67,284.67,273.45,275.53,411805
2020-06-18,274.59,274.59,262.04,271.82,339490
2020-06-19,270.34,275.73,266.88,269.35,639705
2020-06-22,271.77,273.95,266.88,270.09,133305
2020-06-23,271.33,272.76,264.9,266.98,159544
2020-06-24,270.83,273.8,266.88,267.77,103217
2020-06-25,262.13,267.52,262.13,265.1,74747
2020-06-26,269.79,275.68,267.67,271.33,217448
2020-06-29,273.3,273.3,260.95,261.49,213448
2020-06-30,261.94,266.73,261.94,264.9,255386
2020-07-01,266.88,266.88,259.66,260.8,270819
2020-07-02,261.94,265.84,261.94,265.3,57701
2020-07-03,264.8,273.8,261.74,272.56,712750
2020-07-06,271.92,278.49,264.61,274.05,104695
2020-07-07,275.73,279.73,270.88,278.0,161340
2020-07-08,281.71,281.71,274.89,278.25,91606
2020-07-09,277.95,279.23,274.34,278.79,104227
2020-07-10,276.96,290.65,276.96,284.62,156139
2020-07-13,286.65,288.77,277.36,279.18,85397
2020-07-14,276.76,280.72,266.88,279.33,80734
2020-07-15,279.33,281.06,274.89,278.79,73633
2020-07-16,277.75,280.72,269.35,271.67,507471
2020-07-17,271.82,276.76,269.89,275.77,60684
2020-07-20,276.76,285.66,270.59,277.8,846098
2020-07-21,278.84,282.35,276.91,278.69,192785
2020-07-22,281.51,281.51,274.34,278.3,82495
2020-07-23,278.74,296.53,274.93,293.27,257574
2020-07-24,292.08,296.53,286.65,289.46,184097
2020-07-27,288.62,300.04,279.58,298.71,322317
2020-07-28,297.42,313.19,290.4,294.51,437791
2020-07-29,292.53,296.04,287.54,289.81,101562
2020-07-30,281.95,295.54,281.75,291.1,193541
2020-07-31,291.59,293.57,284.82,286.6,167764
2020-08-03,286.5,294.56,282.1,291.59,198183
2020-08-04,292.58,294.51,285.71,286.65,58677
2020-08-05,281.71,290.06,262.53,286.89,399300
2020-08-06,289.61,306.42,286.65,299.74,503309
2020-08-07,300.78,305.33,294.85,300.68,309042
2020-08-10,302.96,329.45,299.2,319.56,1102192
2020-08-11,325.94,328.16,320.75,324.65,317686
2020-08-12,325.99,332.02,320.25,326.43,156316
2020-08-13,329.4,343.33,327.17,337.6,323774
2020-08-14,341.21,349.46,319.07,328.71,280995
2020-08-17,335.08,345.71,323.62,342.0,253148
2020-08-18,342.0,345.76,333.55,340.07,236889
2020-08-19,341.51,345.86,338.74,343.73,424313
2020-08-20,343.98,345.71,337.11,342.1,262457
2020-08-21,345.86,346.94,332.76,334.78,289416
2020-08-24,338.64,354.95,331.13,342.49,673491
2020-08-25,347.73,351.98,339.03,340.07,243337
2020-08-26,342.99,343.98,331.13,333.85,115849
2020-08-27,336.96,336.96,324.21,325.84,128838
2020-08-28,326.68,333.6,325.84,329.74,112406
2020-08-31,331.42,333.05,316.3,319.76,294390
2020-09-01,321.39,323.22,304.83,308.34,153405
2020-09-02,314.32,324.6,310.91,319.61,70862
2020-09-03,316.5,330.04,311.7,316.84,66942
2020-09-04,314.82,321.24,308.89,315.95,49048
2020-09-07,315.41,318.23,311.36,313.34,51402
2020-09-08,309.43,315.31,300.49,303.55,106125
2020-09-09,300.58,306.32,289.07,304.59,67141
2020-09-10,306.12,312.35,303.6,309.38,55882
2020-09-11,310.96,321.54,305.43,316.6,72260
2020-09-14,319.27,353.86,319.27,342.1,701069
2020-09-15,340.07,345.9,331.28,341.11,154830
2020-09-16,342.0,344.17,332.71,336.02,45972
2020-09-17,336.07,345.76,334.93,337.06,303466
2020-09-18,334.09,345.31,331.13,332.46,290047
2020-09-21,337.06,337.06,324.36,328.16,61616
2020-09-22,330.19,332.07,309.04,322.87,53397
2020-09-23,326.19,331.28,316.3,323.47,232086
2020-09-24,321.49,330.53,299.79,305.68,102892
2020-09-25,309.68,316.2,294.36,313.14,114325
2020-09-28,321.05,329.15,309.13,324.36,312873
2020-09-29,325.99,346.94,317.59,342.3,162603
2020-09-30,339.28,358.56,333.8,353.86,270750
2020-10-01,357.82,359.0,342.0,343.58,106200
2020-10-05,345.31,365.72,337.35,351.74,203686
2020-10-06,355.84,358.8,339.04,340.96,255674
2020-10-07,340.96,370.02,329.3,361.03,468983
2020-10-08,350.65,363.35,348.57,355.69,215079
2020-10-09,355.69,360.09,339.18,343.68,232991
2020-10-12,342.94,364.73,341.21,350.65,138241
2020-10-13,353.47,363.75,353.12,359.79,260292
2020-10-14,355.84,361.13,345.95,351.24,67195
2020-10-15,354.85,354.85,342.0,344.32,34588
2020-10-16,344.32,350.8,328.16,334.49,101578
2020-10-19,335.62,339.53,330.68,332.96,46610
2020-10-20,329.2,335.33,326.38,328.46,34880
2020-10-21,331.13,334.39,324.21,330.93,97008
2020-10-22,330.88,331.97,326.98,328.01,23293
2020-10-23,329.69,333.25,325.0,329.89,295003
2020-10-26,331.13,340.72,329.2,332.81,93562
2020-10-27,333.6,333.6,326.43,328.71,51926
2020-10-28,330.34,340.96,326.83,334.69,341350
2020-10-29,333.1,333.1,326.28,327.32,31131
2020-10-30,327.32,339.88,324.46,338.0,58541
2020-11-02,338.0,339.73,307.6,325.39,97790
2020-11-03,316.55,330.14,311.85,328.41,295446
2020-11-04,326.19,334.09,324.75,332.07,131723
2020-11-05,333.75,344.52,330.53,341.41,533179
2020-11-06,343.09,343.09,331.13,338.0,93789
2020-11-09,339.03,341.01,333.4,337.95,78267
2020-11-10,337.95,339.48,325.05,327.37,105070
2020-11-11,328.95,342.69,326.58,338.0,642136
2020-11-12,335.08,356.58,335.08,352.82,230263
2020-11-13,350.9,359.79,348.43,357.96,374893
2020-11-14,356.23,358.8,353.61,356.58,22535
2020-11-17,356.38,366.71,348.92,359.84,288856
2020-11-18,359.69,365.72,354.5,357.47,151660
2020-11-19,355.84,360.78,349.91,354.9,169724
2020-11-20,350.9,387.47,350.9,363.4,754925
2020-11-23,363.8,373.88,360.53,365.48,182392
2020-11-24,365.48,380.35,365.48,378.52,284404
2020-11-25,380.45,380.45,371.16,372.64,201211
2020-11-26,372.64,375.61,365.72,370.22,38916
2020-11-27,373.63,394.88,365.62,381.98,1473086
2020-12-01,387.96,387.96,363.45,379.26,370169
2020-12-02,377.39,386.48,375.71,376.89,59420
2020-12-03,380.55,386.33,378.57,379.96,573986
2020-12-04,381.83,381.83,370.47,371.6,98361
2020-12-07,372.44,379.91,366.66,377.19,120649
2020-12-08,380.25,380.25,371.31,375.46,225067
2020-12-09,379.56,379.56,368.24,376.1,95059
2020-12-10,379.51,384.7,373.43,381.64,100871
2020-12-11,383.51,389.15,377.34,381.64,124907
2020-12-14,387.12,392.16,381.04,390.33,84926
2020-12-15,389.94,414.65,383.76,400.22,673018
2020-12-16,402.3,410.85,401.06,407.83,206407
2020-12-17,405.51,415.14,402.34,409.71,352054
2020-12-18,415.14,421.03,404.96,413.37,168013
2020-12-21,408.87,444.7,394.68,410.0,491761
2020-12-22,408.28,418.36,390.24,410.05,197911
2020-12-23,410.05,424.93,407.68,422.11,100378
2020-12-24,424.14,428.98,416.33,426.17,217503
2020-12-28,444.3,444.3,427.75,440.4,467110
2020-12-29,442.52,444.25,429.63,435.85,158278
2020-12-30,439.76,448.26,419.05,443.76,463222
2020-12-31,445.29,446.58,432.34,442.97,140324
2021-01-01,443.32,451.72,435.16,444.35,118292
2021-01-04,449.54,449.74,432.94,440.45,194964
2021-01-05,440.45,446.77,436.54,444.8,266238
2021-01-06,446.77,449.74,440.65,447.12,121080
2021-01-07,452.71,453.69,437.68,441.88,254405
2021-01-08,441.88,449.74,438.67,445.98,187663
2021-01-11,437.68,471.19,437.68,464.81,890891
2021-01-12,469.41,473.46,461.85,468.37,642970
2021-01-13,472.38,472.38,460.91,469.31,388308
2021-01-14,473.46,474.45,463.03,468.47,359652
2021-01-15,464.57,469.51,459.43,462.05,32254
2021-01-18,459.62,461.85,436.64,445.59,1086393
2021-01-19,447.86,483.35,447.86,474.2,391492
2021-01-20,469.36,477.71,466.49,470.05,123408
2021-01-21,470.5,474.11,455.67,462.1,49200
2021-01-22,457.6,471.49,444.8,453.94,91374
2021-01-25,453.94,462.94,445.39,454.78,161036
2021-01-27,451.72,459.62,444.9,448.85,210519
2021-01-28,444.8,449.2,429.87,432.49,254374
2021-01-29,434.81,443.86,420.73,440.45,73548
2021-02-01,440.84,478.9,440.84,462.64,385096
2021-02-02,472.38,472.38,446.97,451.96,280092
2021-02-03,451.96,469.95,447.76,464.47,1068933
2021-02-04,464.37,491.25,461.55,481.86,327500
2021-02-05,494.22,512.01,486.76,499.56,301919
2021-02-08,513.99,518.59,479.39,484.09,329256
2021-02-09,498.17,498.17,477.22,481.02,130158
2021-02-10,482.36,484.24,455.67,463.28,982991
2021-02-11,461.31,467.04,450.73,454.29,150262
2021-02-12,458.54,469.06,453.5,454.58,115568
2021-02-15,456.86,470.25,456.86,459.97,150930
2021-02-16,464.42,470.5,456.12,459.53,199358
2021-02-17,459.53,465.01,456.12,457.01,62535
2021-02-18,461.6,461.6,451.87,456.31,44652
2021-02-19,456.07,463.78,451.72,452.95,131363
2021-02-22,468.52,468.52,450.28,455.57,912134
2021-02-23,459.53,463.48,438.67,440.1,323676
2021-02-24,446.38,459.08,420.09,444.95,153019
2021-02-25,451.72,458.34,429.97,434.22,373161
2021-02-26,430.96,441.39,420.33,426.36,294560
2021-03-01,432.94,436.05,425.13,428.93,384388
2021-03-02,433.43,433.88,424.04,425.77,150453
2021-03-03,429.63,431.36,419.35,421.77,177247
2021-03-04,424.04,428.24,421.92,426.81,351669
2021-03-05,426.81,426.81,410.75,415.05,417099
2021-03-08,417.12,422.31,405.26,409.31,256050
2021-03-09,413.76,415.05,404.07,405.36,163902
2021-03-10,409.21,421.97,406.45,413.96,438764
2021-03-12,417.12,428.98,413.42,419.94,215088
2021-03-15,414.35,420.68,414.35,416.97,109629
2021-03-16,419.79,429.97,417.52,424.98,203494
2021-03-17,430.96,433.73,405.51,409.41,163966
2021-03-18,410.2,413.37,391.37,395.13,277960
2021-03-19,391.52,392.81,375.66,380.8,1811114
2021-03-22,382.33,398.14,379.17,386.63,440082
2021-03-23,389.3,400.32,381.54,395.18,231111
2021-03-24,394.24,403.63,392.06,394.59,1144605
2021-03-25,394.78,399.08,375.61,378.77,123922
2021-03-26,380.75,390.93,377.58,381.04,275676
2021-03-30,382.53,402.79,380.75,399.03,222574
2021-03-31,399.33,408.28,390.29,401.16,669298
2021-04-01,406.25,416.92,406.25,413.22,196432
2021-04-05,415.14,419.99,405.26,407.78,165003
2021-04-06,412.57,420.09,410.65,418.31,114418
2021-04-07,420.09,426.22,417.62,419.89,112021
2021-04-08,422.95,428.49,419.2,425.42,239105
2021-04-09,427.4,429.92,423.3,424.54,69403
2021-04-12,424.54,426.66,405.26,407.19,115252
2021-04-13,413.86,413.86,402.89,405.51,61048
2021-04-15,405.26,421.08,402.79,419.0,198048
2021-04-16,418.65,418.65,394.19,396.86,323084
2021-04-19,395.08,396.32,383.51,386.04,307046
2021-04-20,386.48,395.97,382.13,386.08,204019
2021-04-22,388.06,403.68,386.97,396.07,218659
2021-04-23,388.75,398.93,388.75,394.09,66160
2021-04-26,394.39,400.32,390.43,391.82,64620
2021-04-27,393.6,397.01,388.51,393.55,67926
2021-04-28,395.57,413.56,393.4,411.83,248447
2021-04-29,413.56,420.09,395.38,412.57,420174
2021-04-30,403.09,422.06,400.32,402.25,109261
2021-05-03,404.22,409.16,401.31,405.51,55281
2021-05-04,407.63,410.5,390.93,393.05,102724
2021-05-05,392.46,416.13,390.58,404.37,434279
2021-05-06,406.4,409.16,393.4,400.42,266783
2021-05-07,402.44,409.21,400.42,407.24,118634
2021-05-10,412.18,412.18,398.89,400.76,134055
2021-05-11,399.33,407.53,399.33,402.54,161512
2021-05-12,404.57,410.65,402.59,406.79,167986
2021-05-14,408.23,443.81,405.41,428.74,1101454
2021-05-17,434.86,459.62,434.77,441.24,564258
2021-05-18,445.29,445.29,419.15,422.81,299319
2021-05-19,424.83,437.88,422.61,434.17,182088
2021-05-20,434.17,456.86,421.22,435.01,416281
2021-05-21,439.36,439.36,430.02,431.36,193096
2021-05-24,427.5,433.83,424.04,430.17,360808
2021-05-25,432.44,433.93,425.52,426.71,602626
2021-05-26,431.95,432.89,425.08,425.77,66790
2021-05-27,427.01,429.82,421.27,424.73,247177
2021-05-28,425.52,430.61,423.74,425.42,691718
2021-05-31,429.87,445.19,429.87,433.33,790277
2021-06-01,464.57,517.6,447.76,487.2,8746451
2021-06-02,484.34,560.15,468.37,499.06,8131155
2021-06-03,505.09,508.06,479.39,482.21,1414747
2021-06-04,484.34,503.12,484.34,489.08,856286
2021-06-07,484.34,492.19,474.45,475.59,469806
2021-06-08,478.01,490.17,471.19,476.68,700932
2021-06-09,479.1,482.26,462.29,471.78,365752
2021-06-10,474.15,478.11,464.96,465.85,259500
2021-06-11,468.47,488.29,460.86,484.98,897937
2021-06-14,487.05,487.05,474.45,479.59,320800
2021-06-15,482.16,485.32,475.44,477.17,113986
2021-06-16,478.01,478.95,464.57,468.92,268785
2021-06-17,463.58,468.87,454.24,459.23,553939
2021-06-18,463.73,463.73,439.07,453.4,280825
2021-06-21,449.74,464.27,444.8,454.78,173625
2021-06-22,460.96,483.84,460.61,479.54,651259
2021-06-23,482.36,483.1,467.53,472.47,345781
2021-06-24,474.95,480.04,466.79,471.78,110488
2021-06-25,476.23,480.58,469.51,470.7,366009
2021-06-28,476.13,481.37,470.99,478.9,374325
2021-06-29,479.39,493.23,467.78,476.58,560007
2021-06-30,479.2,489.28,473.02,486.56,248169
2021-07-01,487.3,488.29,469.56,471.39,163585
2021-07-02,475.34,477.37,469.61,471.73,83182
2021-07-05,474.45,476.77,466.0,467.63,223644
2021-07-06,468.82,476.82,468.03,474.11,86431
2021-07-07,477.42,478.9,470.5,473.76,71387
2021-07-08,470.5,477.22,470.4,472.18,373626
2021-07-09,476.43,492.24,471.09,477.86,420727
2021-07-12,482.36,502.23,481.37,498.67,529678
2021-07-13,501.14,526.05,498.82,516.9,1242952
2021-07-14,515.97,525.85,512.11,522.14,526917
2021-07-15,520.91,523.87,506.08,509.74,496246
2021-07-16,511.47,513.49,495.21,498.47,263500
2021-07-19,498.17,498.17,484.34,485.32,209520
2021-07-20,487.3,500.94,479.39,490.46,472975
2021-07-22,493.92,497.19,484.53,489.18,280976
2021-07-23,491.65,501.14,486.41,494.42,432938
2021-07-26,490.27,498.42,484.39,486.51,176779
2021-07-27,488.39,495.31,485.32,487.65,845131
2021-07-28,491.8,506.08,480.73,502.87,608238
2021-07-29,504.99,507.71,495.21,498.67,109444
2021-07-30,501.04,501.93,481.37,484.19,192230
2021-08-02,492.14,494.12,487.5,491.9,86915
2021-08-03,493.73,500.64,487.3,494.96,122842
2021-08-04,497.19,505.09,489.33,492.34,115349
2021-08-05,498.12,503.12,490.27,497.43,177955
2021-08-06,517.94,542.46,499.61,534.05,3203037
2021-08-09,537.02,540.68,516.16,522.54,429203
2021-08-10,527.68,527.83,506.58,509.05,347199
2021-08-11,509.05,512.65,490.46,504.4,490796
2021-08-12,505.09,513.89,496.2,497.93,285286
2021-08-13,502.13,504.01,489.28,492.69,235552
2021-08-16,494.22,501.49,486.81,489.92,171975
2021-08-17,489.28,511.27,488.29,502.08,674540
2021-08-18,503.91,503.91,491.16,493.53,422118
2021-08-20,493.13,499.21,485.42,498.03,141480
2021-08-23,499.16,505.09,462.89,470.45,159367
2021-08-24,470.45,482.36,462.99,468.52,361488
2021-08-25,474.35,493.63,474.35,490.22,161001
2021-08-26,488.78,495.7,479.44,492.34,93089
2021-08-27,494.22,509.15,489.82,505.83,202296
2021-08-30,513.99,526.34,506.13,524.02,226639
2021-08-31,522.88,548.58,517.4,534.3,297885
2021-09-01,538.6,538.6,511.27,514.78,116298
2021-09-02,510.04,531.34,505.09,513.2,223935
2021-09-03,515.47,521.9,506.38,508.8,69021
2021-09-06,511.37,526.54,511.37,520.31,102770
2021-09-07,520.31,520.31,508.75,512.75,30147
2021-09-08,517.94,523.87,510.28,519.77,53582
2021-09-09,521.4,537.07,516.26,532.47,226714
2021-09-13,535.73,536.97,518.93,520.41,90091
2021-09-14,527.73,555.5,525.85,538.75,1475861
2021-09-15,542.65,542.65,533.26,538.85,117489
2021-09-16,538.85,551.55,528.96,532.72,295868
2021-09-17,528.86,537.02,524.42,526.64,143573
2021-09-20,521.9,548.34,514.48,520.86,270746
2021-09-21,516.11,531.09,511.76,525.06,85488
2021-09-22,526.84,536.67,520.27,524.66,70351
2021-09-23,521.5,553.23,521.5,546.9,670016
2021-09-24,548.58,550.56,508.55,514.78,283760
2021-09-27,521.9,522.34,504.3,506.82,110345
2021-09-28,509.39,510.04,499.66,501.63,79145
2021-09-29,496.69,503.12,492.29,499.31,133114
2021-09-30,502.13,508.55,494.22,496.49,184081
2021-10-01,502.13,506.43,494.71,501.98,83328
2021-10-04,504.1,511.52,499.31,504.55,110123
2021-10-05,507.07,510.92,504.6,505.93,34559
2021-10-06,509.05,513.4,501.14,505.39,61845
2021-10-07,506.18,510.04,496.3,498.87,69899
2021-10-08,496.69,503.31,495.7,499.06,50350
2021-10-11,503.12,503.96,486.31,489.62,84449
2021-10-12,493.18,503.12,491.3,496.0,52151
2021-10-13,495.7,506.58,495.21,501.78,92315
2021-10-14,506.77,512.01,502.37,508.85,102533
2021-10-18,511.42,521.8,507.22,519.13,140325
2021-10-19,523.77,527.83,517.25,519.23,110426
2021-10-20,521.75,523.58,498.57,515.32,227480
2021-10-21,518.44,518.44,486.21,494.42,433309
2021-10-22,501.09,506.77,494.22,502.52,79547
2021-10-25,508.06,508.06,496.0,505.29,50713
2021-10-26,509.05,539.69,497.68,522.74,236042
2021-10-27,526.64,528.47,507.17,512.85,53379
2021-10-28,512.95,520.41,507.12,513.4,136381
2021-10-29,522.88,522.88,508.6,515.32,96760
2021-11-01,519.52,522.84,503.96,508.5,64411
2021-11-02,516.11,550.02,511.22,544.04,765343
2021-11-03,546.61,547.6,530.0,543.25,244703
2021-11-04,546.21,548.49,533.96,537.81,18563
2021-11-08,537.56,541.67,529.16,538.4,238439
2021-11-09,537.71,546.46,534.45,543.54,305179
2021-11-10,541.67,571.27,534.94,540.87,553338
2021-11-11,568.35,615.95,555.5,564.84,5969919
2021-11-12,562.32,563.41,535.14,541.27,524060
2021-11-15,545.22,589.26,542.85,555.45,1725571
2021-11-16,556.94,578.04,552.44,562.82,908968
2021-11-17,562.42,601.71,551.95,578.68,924039
2021-11-18,586.89,619.46,573.3,583.13,2092346
2021-11-22,583.18,593.06,537.81,585.65,671259
2021-11-23,583.77,583.77,544.63,564.7,274511
2021-11-24,564.35,578.04,564.3,568.9,184376
2021-11-25,567.36,572.26,550.26,562.57,166551
2021-11-26,560.45,581.2,537.71,543.25,435784
2021-11-29,542.75,576.06,523.87,560.99,703954
2021-11-30,555.7,604.93,546.71,589.41,1036156
2021-12-01,602.75,602.75,575.27,578.63,280422
2021-12-02,583.18,583.18,568.75,573.05,110476
2021-12-03,576.75,579.28,559.46,563.91,225948
2021-12-06,565.83,571.81,551.5,554.07,125379
2021-12-07,560.0,567.36,554.81,563.66,88932
2021-12-08,569.34,578.24,564.4,569.64,187662
2021-12-09,567.36,573.3,563.91,567.02,162378
2021-12-10,567.36,583.18,565.59,569.49,175997
2021-12-13,571.22,579.87,563.36,565.63,112271
2021-12-14,565.63,600.97,562.03,594.79,631693
2021-12-15,599.98,611.84,576.95,594.89,513952
2021-12-16,594.89,598.95,574.48,588.67,119303
2021-12-17,588.02,588.02,557.23,561.43,402126
2021-12-20,554.51,558.27,538.65,550.66,164555
2021-12-21,551.55,571.02,548.29,566.82,120484
2021-12-22,568.25,578.63,556.0,557.93,102310
2021-12-23,563.31,571.12,556.34,565.98,107965
2021-12-24,569.19,569.98,558.72,565.34,45707
2021-12-27,577.64,602.95,567.86,594.3,499410
2021-12-28,602.95,602.95,585.16,587.03,205912
2021-12-29,592.57,606.9,578.48,582.54,234397
2021-12-30,585.16,609.27,583.82,602.55,935405
2021-12-31,598.7,644.46,595.54,632.11,952872
2022-01-03,640.51,667.2,624.74,633.34,915189
2022-01-04,638.09,647.13,625.68,628.15,340625
2022-01-05,625.68,654.35,623.61,646.14,356455
2022-01-06,641.2,641.99,622.07,629.14,258768
2022-01-07,626.67,649.41,626.67,639.52,464808
2022-01-10,644.66,654.84,636.6,647.68,281159
2022-01-11,646.44,659.24,639.22,648.37,239613
2022-01-12,652.22,667.2,617.78,624.79,683215
2022-01-13,626.87,633.64,606.01,620.94,536619
2022-01-14,623.71,630.18,607.25,618.07,306797
2022-01-17,623.61,630.62,616.05,624.99,200484
2022-01-18,630.58,639.52,623.61,624.79,214518
2022-01-19,628.4,636.01,620.44,631.32,190039
2022-01-20,634.58,637.54,627.76,634.88,162186
2022-01-21,635.12,635.12,625.24,630.08,89067
2022-01-24,629.64,633.69,615.7,622.07,202292
2022-01-25,622.62,646.44,600.68,642.58,244341
2022-01-27,625.68,637.1,623.71,629.04,96753
2022-01-28,634.58,647.38,627.66,633.79,174972
2022-01-31,635.81,645.4,628.8,637.94,121151
2022-02-01,644.46,655.24,635.57,637.89,266522
2022-02-02,644.91,645.15,622.72,626.57,313902
2022-02-03,632.6,642.49,627.41,635.22,125507
2022-02-04,635.22,652.27,627.66,638.04,123614
2022-02-07,651.38,671.15,636.56,653.21,360183
2022-02-08,666.11,667.2,633.59,649.36,165725
2022-02-09,658.25,659.19,630.18,633.34,99086
2022-02-10,637.99,645.35,633.59,641.7,78899
2022-02-11,637.54,654.35,630.62,639.37,232853
2022-02-14,651.23,651.23,622.72,637.05,245173
2022-02-15,637.05,649.6,636.65,642.44,183243
2022-02-16,649.41,657.31,644.66,647.82,112361
2022-02-17,654.35,656.13,638.83,646.64,112972
2022-02-18,652.37,657.26,644.02,649.01,122009
2022-02-21,652.27,652.37,625.73,630.48,284970
2022-02-22,593.06,642.09,593.06,630.92,186751
2022-02-23,634.08,646.44,630.62,639.87,69277
2022-02-24,630.62,632.6,617.78,624.05,130359
2022-02-25,624.69,649.41,624.69,646.79,132254
2022-02-28,648.42,690.82,636.6,677.48,254009
2022-03-02,677.38,677.38,658.4,663.98,345719
2022-03-03,677.03,677.03,658.35,666.16,172998
2022-03-04,652.37,669.52,642.49,647.33,211035
2022-03-07,631.61,655.39,624.79,638.14,124369
2022-03-08,647.43,651.43,629.64,633.39,81844
2022-03-09,640.51,652.37,634.28,647.87,330364
2022-03-10,653.36,674.21,647.72,663.84,158175
2022-03-11,672.14,716.62,666.6,694.23,347319
2022-03-14,694.73,712.62,685.98,690.43,157369
2022-03-15,687.95,701.84,668.19,677.67,86115
2022-03-16,682.32,690.92,669.67,682.76,102096
2022-03-17,683.21,694.28,669.17,678.42,447394
2022-03-21,680.05,691.91,675.2,679.95,252989
2022-03-22,678.07,687.86,666.21,673.97,79802
2022-03-23,676.98,699.82,666.21,682.37,486515
2022-03-24,682.02,706.29,678.47,697.74,234539
2022-03-25,697.74,729.47,693.44,697.25,263238
2022-03-28,701.79,718.74,684.15,715.04,149309
2022-03-29,716.87,747.06,716.87,740.49,209529
2022-03-30,744.2,768.02,696.36,721.51,226630
2022-03-31,721.51,741.33,710.99,736.73,247264
2022-04-01,742.57,753.14,729.67,741.43,102910
2022-04-04,743.8,759.27,743.31,750.72,107909
2022-04-05,758.13,759.12,729.91,738.07,86504
2022-04-06,737.38,745.68,725.86,729.96,218218
2022-04-07,731.25,747.26,717.51,724.63,141830
2022-04-08,732.43,739.35,726.5,731.35,619194
2022-04-11,737.38,745.43,733.97,740.49,91876
2022-04-12,744.2,749.24,722.55,730.75,113344
2022-04-13,736.19,740.34,718.94,722.7,243984
2022-04-18,727.49,736.34,714.4,717.85,106463
2022-04-19,718.5,734.86,706.98,719.78,113382
2022-04-20,723.24,730.06,701.79,705.99,109481
2022-04-21,712.32,719.44,696.75,699.91,127567
2022-04-22,699.91,708.66,688.1,698.09,169000
2022-04-25,696.85,696.85,679.16,690.57,111309
2022-04-26,699.82,705.0,690.82,695.81,119444
2022-04-27,699.77,708.22,692.01,701.84,398093
2022-04-28,707.72,717.85,691.91,694.28,221564
2022-04-29,694.38,712.67,686.37,692.06,120426
2022-05-02,690.87,707.67,681.08,686.47,167105
2022-05-04,688.05,695.17,663.54,674.66,249331
2022-05-05,677.08,709.7,677.08,701.74,135760
2022-05-06,695.86,695.86,677.08,686.87,155156
2022-05-09,683.01,685.24,667.2,669.77,197148
2022-05-10,670.95,687.66,660.13,672.09,126887
2022-05-11,670.16,674.61,653.9,660.28,91926
2022-05-12,661.96,664.23,642.78,649.65,115425
2022-05-13,652.91,676.09,649.41,668.48,94988
2022-05-16,667.2,691.46,664.23,668.68,88694
2022-05-17,668.63,675.01,662.25,668.78,58687
2022-05-18,672.14,672.14,658.3,660.43,120950
2022-05-19,656.13,678.27,649.11,652.17,120491
2022-05-20,657.41,680.05,648.61,655.19,110105
2022-05-23,667.2,672.14,622.72,626.28,139381
2022-05-24,624.69,626.08,603.94,610.11,165149
2022-05-25,620.64,636.9,611.84,628.94,231710
2022-05-26,632.4,661.27,627.66,648.42,106136
2022-05-27,654.05,657.31,639.52,646.88,108547
2022-05-30,652.17,665.71,646.19,661.81,69283
2022-05-31,656.87,665.47,633.69,647.13,153372
2022-06-01,640.31,647.03,631.32,634.83,65869
2022-06-02,638.43,654.3,633.1,639.72,221255
2022-06-03,642.93,648.86,635.42,639.57,90610
2022-06-06,642.44,657.31,635.67,644.02,120111
2022-06-07,646.93,657.31,639.57,649.45,110394
2022-06-08,652.37,661.27,643.38,646.44,146087
2022-06-09,649.7,649.7,626.08,632.26,192139
2022-06-10,627.66,638.19,623.31,630.87,151197
2022-06-13,622.72,631.56,621.19,627.91,115840
2022-06-14,624.94,635.76,624.45,632.35,84233
2022-06-15,627.17,633.59,618.12,624.15,114917
2022-06-16,627.31,633.1,618.37,626.47,126318
2022-06-17,617.78,633.24,617.78,627.26,95511
2022-06-20,626.67,633.59,623.16,630.13,124989
2022-06-21,642.44,642.44,624.69,628.45,105674
2022-06-22,631.42,634.18,623.16,627.12,92810
2022-06-23,626.13,631.42,617.78,620.79,269916
2022-06-24,625.68,639.22,621.14,629.14,91553
2022-06-27,629.64,638.58,624.69,627.41,83943
2022-06-28,630.58,635.67,623.21,632.75,66684
2022-06-29,624.69,640.46,621.14,625.48,73191
2022-06-30,627.07,631.17,622.72,625.24,78793
2022-07-01,626.77,636.9,624.2,631.47,50400
2022-07-04,630.62,635.76,628.99,633.29,34017
2022-07-05,635.67,635.67,627.66,632.65,46970
2022-07-06,632.6,635.12,628.7,632.4,68853
2022-07-07,634.43,635.52,628.01,632.8,52507
2022-07-08,637.54,644.96,630.82,634.28,120759
2022-07-11,634.03,638.48,627.61,630.58,83654
2022-07-12,627.66,636.65,625.68,629.59,114198
2022-07-13,629.59,632.4,626.67,630.67,54044
2022-07-14,624.69,632.55,620.79,622.77,123852
2022-07-15,623.31,678.47,623.16,659.19,567652
2022-07-18,669.17,702.68,655.78,667.99,305858
2022-07-19,672.09,691.17,659.29,666.85,241809
2022-07-20,676.59,677.08,658.2,674.71,126719
2022-07-21,675.6,684.0,663.49,666.11,76881
2022-07-22,669.92,672.04,652.96,661.12,90338
2022-07-25,652.37,661.27,641.99,645.45,76839
2022-07-26,648.47,648.71,618.76,621.33,217316
2022-07-27,607.89,629.74,581.65,620.99,296580
2022-07-28,620.94,652.37,614.46,651.13,210627
2022-07-29,650.89,658.89,638.73,651.33,194248
2022-08-01,651.28,660.28,637.89,656.27,353539
2022-08-02,657.31,659.14,646.34,655.24,327162
2022-08-03,655.29,655.29,628.75,632.21,261793
2022-08-04,633.19,649.41,625.78,632.5,246828
2022-08-05,638.04,644.81,622.72,626.87,249055
2022-08-08,626.87,660.08,599.64,652.02,254334
2022-08-10,667.2,686.42,649.75,673.23,1834115
2022-08-11,673.23,684.99,672.14,678.22,363025
2022-08-12,679.31,681.73,671.74,674.12,363256
2022-08-16,679.26,700.8,674.12,683.01,428965
2022-08-17,686.97,699.27,680.89,687.9,292300
2022-08-18,691.91,726.45,690.08,711.83,580023
2022-08-19,717.46,722.55,705.15,710.74,299113
2022-08-22,711.68,713.36,692.87,697.77,86063
2022-08-23,698.12,713.06,696.88,706.28,95422
2022-08-24,709.7,723.56,707.72,710.49,182496
2022-08-25,721.58,721.58,702.77,707.17,91135
2022-08-26,710.74,719.6,676.34,679.31,358347
2022-08-29,668.13,701.58,668.13,693.32,233690
2022-08-30,693.42,701.73,684.71,692.43,242351
2022-09-01,695.89,720.59,690.89,713.91,194852
2022-09-02,719.35,721.58,702.87,706.43,132458
2022-09-05,715.64,715.64,694.36,699.55,98560
2022-09-06,719.6,736.42,694.41,707.62,749404
2022-09-07,711.78,714.55,699.85,705.29,128655
2022-09-08,710.69,711.23,693.96,698.32,200616
2022-09-09,703.76,703.76,694.11,698.41,167116
2022-09-12,701.78,708.31,690.94,701.48,133113
2022-09-13,706.83,706.83,690.99,697.03,289487
2022-09-14,691.88,699.8,687.13,697.92,189610
2022-09-15,699.8,703.76,687.92,700.59,379452
2022-09-16,698.02,706.28,688.91,691.34,546235
2022-09-19,693.56,701.33,683.52,688.17,323204
2022-09-20,691.63,704.6,691.58,698.27,358767
2022-09-21,702.72,709.5,692.77,698.41,181103
2022-09-22,696.14,702.37,682.53,687.38,584027
2022-09-23,686.93,697.82,685.65,693.66,104488
2022-09-26,693.66,702.77,676.39,689.21,212315
2022-09-27,687.92,707.72,683.17,701.98,306968
2022-09-28,702.52,719.15,699.8,705.89,460747
2022-09-29,708.56,722.57,703.76,710.19,298975
2022-09-30,710.94,717.62,704.75,712.62,98960
2022-10-03,716.63,728.95,705.15,714.99,150025
2022-10-04,721.58,725.68,702.92,705.19,124715
2022-10-06,711.68,719.25,692.03,696.14,462180
2022-10-07,700.1,721.23,693.86,702.37,626940
2022-10-10,701.78,708.02,697.82,704.4,194511
2022-10-11,702.77,710.39,698.37,702.72,175626
2022-10-12,701.78,702.32,685.65,689.16,453683
2022-10-13,688.96,711.68,684.01,707.13,630382
2022-10-14,709.7,741.37,703.81,722.27,881826
2022-10-17,725.24,728.51,708.71,714.25,121452
2022-10-18,717.86,732.37,711.28,723.46,125610
2022-10-19,727.12,727.12,708.02,714.5,139117
2022-10-20,712.37,719.6,710.05,715.04,167244
2022-10-21,717.91,728.01,707.72,718.76,106009
2022-10-24,722.57,726.57,718.95,723.51,18134
2022-10-25,720.44,721.33,692.18,701.14,75682
2022-10-27,702.57,727.32,697.82,723.7,173952
2022-10-28,727.37,789.87,726.57,755.03,2304063
2022-10-31,760.18,786.9,759.09,783.39,425624
2022-11-01,786.81,786.81,761.66,763.1,195774
2022-11-02,763.15,772.06,753.45,762.16,142545
2022-11-03,757.21,765.77,732.46,739.44,130558
2022-11-04,742.41,755.23,725.09,731.18,464522
2022-11-07,734.84,746.77,723.56,730.44,214009
2022-11-09,734.44,758.15,730.48,732.27,199830
2022-11-10,786.9,811.65,750.13,759.59,1978294
2022-11-11,766.27,766.27,728.75,732.27,359005
2022-11-14,735.43,758.2,732.91,755.63,261556
2022-11-15,760.77,761.86,747.31,750.48,140451
2022-11-16,745.18,749.19,737.51,741.92,86842
2022-11-17,745.33,749.09,738.6,741.57,93575
2022-11-18,741.37,752.26,736.47,744.89,129245
2022-11-21,772.06,780.97,748.3,756.86,272947
2022-11-22,760.67,760.67,737.41,742.41,135047
2022-11-23,746.17,751.47,738.6,747.21,171947
2022-11-24,750.28,760.18,743.4,755.53,135309
2022-11-25,756.07,756.12,745.23,746.07,147409
2022-11-28,749.84,752.06,734.0,738.8,145720
2022-11-29,743.35,752.26,740.88,750.38,85988
2022-11-30,752.26,755.97,729.4,735.14,299665
2022-12-01,742.36,751.07,739.39,745.43,100621
2022-12-02,745.43,751.27,737.41,749.89,111087
2022-12-05,762.11,762.11,743.8,747.71,130093
2022-12-06,744.34,756.22,740.98,744.39,888694
2022-12-07,748.0,752.9,744.14,745.78,129332
2022-12-08,745.78,752.9,734.99,750.63,487422
2022-12-09,752.66,752.66,741.37,749.34,377609
2022-12-12,751.27,756.22,739.39,749.69,198496
2022-12-13,750.78,752.51,742.76,747.41,327901
2022-12-14,752.21,769.09,740.43,760.82,330308
2022-12-15,761.32,761.32,740.68,744.74,503608
2022-12-16,744.39,767.11,738.4,744.99,454142
2022-12-19,748.2,751.67,741.57,748.6,73700
2022-12-20,742.36,751.62,736.82,742.26,252503
2022-12-21,745.98,758.94,742.56,754.59,190826
2022-12-22,759.19,763.54,744.34,746.07,352630
2022-12-23,739.39,751.62,725.04,732.07,402577
2022-12-26,735.73,751.27,726.97,749.59,53803
2022-12-27,749.59,769.98,742.46,752.21,512952
2022-12-28,753.75,757.7,743.9,748.65,65026
2022-12-29,749.24,755.23,744.34,752.06,86361
2022-12-30,752.06,761.27,748.3,752.71,56098
2023-01-02,756.91,759.78,739.44,741.22,126976
2023-01-03,744.94,749.69,739.39,742.02,64813
2023-01-04,742.12,745.68,719.2,722.37,121470
2023-01-05,723.7,729.49,709.25,716.92,158561
2023-01-06,718.71,722.27,697.92,705.44,88602
2023-01-09,705.44,715.64,700.89,712.52,157951
2023-01-10,715.64,736.82,710.49,726.82,73607
2023-01-11,723.51,729.3,713.31,717.02,88193
2023-01-12,718.26,734.44,716.13,726.43,82750
2023-01-13,727.52,744.19,723.41,730.34,57724
2023-01-16,732.46,733.11,703.76,720.19,145826
2023-01-17,720.44,731.87,714.7,720.04,52023
2023-01-18,720.74,750.87,720.74,740.88,184123
2023-01-19,745.33,751.42,732.86,737.17,92744
2023-01-20,739.0,740.48,718.11,720.88,97262
2023-01-23,723.11,732.22,717.62,722.27,41523
2023-01-24,721.48,725.54,715.64,719.55,40570
2023-01-25,719.55,721.58,709.7,716.78,25378
2023-01-27,714.65,726.18,709.7,714.45,99785
2023-01-30,716.53,728.41,708.56,715.93,76164
2023-01-31,717.91,727.52,713.91,719.0,75140
2023-02-01,725.63,735.43,702.97,704.9,102922
2023-02-02,704.9,737.02,703.07,714.25,152540
2023-02-03,714.25,722.12,705.19,707.52,92576
2023-02-06,705.19,721.43,704.6,716.92,61558
2023-02-07,718.21,725.88,717.37,723.7,138711
2023-02-08,724.05,725.93,713.16,719.45,95526
2023-02-09,726.67,731.47,712.82,716.68,432463
2023-02-10,723.85,723.85,704.75,711.78,81400
2023-02-13,714.0,722.07,704.01,712.57,88484
2023-02-14,707.82,721.58,707.82,717.57,84451
2023-02-15,717.32,719.3,707.97,711.43,57594
2023-02-16,716.23,724.55,712.52,722.07,174269
2023-02-17,719.6,729.84,717.77,720.59,101202
2023-02-20,723.31,729.74,717.62,722.52,194167
2023-02-21,724.55,732.86,722.32,731.33,382930
2023-02-22,730.48,739.34,714.05,733.9,613221
2023-02-23,733.9,737.07,728.7,734.1,350403
2023-02-24,737.41,751.27,734.35,742.51,114292
2023-02-27,742.51,749.44,737.36,742.07,119183
2023-02-28,742.07,758.35,725.49,741.47,419268
2023-03-01,741.32,741.32,729.49,735.33,92443
2023-03-02,735.43,763.64,732.51,760.87,166315
2023-03-03,762.06,775.52,753.35,769.19,240784
2023-03-06,779.98,787.99,775.72,781.56,420572
2023-03-08,781.56,801.75,764.14,773.39,250809
2023-03-09,777.3,785.02,763.5,778.19,102871
2023-03-10,775.03,791.8,761.56,781.81,129044
2023-03-13,781.46,781.81,764.14,773.94,89687
2023-03-14,790.86,791.85,776.26,784.63,345758
2023-03-15,792.0,799.72,785.91,793.59,141609
2023-03-16,800.76,801.75,786.9,797.69,253085
2023-03-17,803.63,807.89,797.79,799.08,128172
2023-03-20,778.99,813.23,778.99,787.84,123809
2023-03-21,791.75,791.85,762.21,765.92,217178
2023-03-22,774.23,780.12,759.68,770.28,158888
2023-03-23,766.12,767.55,756.47,763.4,56549
2023-03-24,767.01,767.01,735.43,737.96,177366
2023-03-27,737.96,744.64,715.74,736.72,107577
2023-03-28,736.37,757.8,730.14,756.12,212724
2023-03-29,756.12,768.69,743.8,760.82,69652
2023-03-31,760.13,770.08,749.59,766.27,84136
2023-04-03,772.01,778.0,757.16,761.47,113424
2023-04-05,765.18,767.11,749.54,751.96,135083
2023-04-06,749.39,757.21,744.64,751.22,253760
2023-04-10,758.2,791.85,754.24,764.24,169330
2023-04-11,764.14,791.75,758.55,786.46,152793
2023-04-12,786.21,792.84,773.0,785.82,121402
2023-04-13,785.82,787.3,762.8,766.86,139173
2023-04-17,766.12,768.2,743.35,746.47,293885
2023-04-18,749.84,766.12,738.7,752.21,365052
2023-04-19,757.8,760.08,747.31,752.41,188327
2023-04-20,752.26,758.65,745.28,746.87,374618
2023-04-21,748.35,765.13,748.35,763.0,138346
2023-04-24,766.91,769.53,756.22,764.93,63726
2023-04-25,764.93,768.74,750.28,753.65,86187
2023-04-26,757.46,766.02,744.34,745.53,139079
2023-04-27,745.53,755.87,743.45,752.06,95671
2023-04-28,753.2,755.53,744.44,754.09,421295
2023-05-02,758.1,760.18,744.24,747.21,313241
2023-05-03,748.75,755.97,744.34,750.13,125408
2023-05-04,750.28,763.1,750.28,757.8,64294
2023-05-05,759.29,759.29,750.83,752.9,96288
2023-05-08,754.39,767.11,753.0,760.08,80170
2023-05-09,761.57,768.54,744.54,748.45,265862
2023-05-10,749.93,758.74,744.34,745.53,243212
2023-05-11,745.58,768.1,745.58,755.68,254206
2023-05-12,750.33,761.42,747.31,753.2,249608
2023-05-15,754.88,764.14,752.26,761.37,102335
2023-05-16,762.85,764.14,745.33,747.06,227854
2023-05-17,750.08,756.17,741.27,745.04,188212
2023-05-18,748.8,771.81,746.92,760.03,121603
2023-05-19,760.87,769.34,753.25,765.28,93283
2023-05-22,791.85,847.28,789.92,822.88,2563198
2023-05-23,822.54,847.18,806.7,812.1,748932
2023-05-24,816.6,871.83,810.71,831.35,1766095
2023-05-25,839.66,858.32,834.76,850.65,468530
2023-05-26,855.25,870.44,828.08,835.45,394293
2023-05-29,844.31,853.96,837.98,850.75,231845
2023-05-30,851.24,865.94,843.42,855.15,285434
2023-05-31,856.19,890.84,851.79,884.35,463829
2023-06-01,884.4,918.5,882.37,901.33,551169
2023-06-02,906.72,937.7,901.57,923.3,607535
2023-06-05,936.37,936.37,897.62,900.63,259430
2023-06-06,900.63,900.63,885.89,891.28,197716
2023-06-07,898.61,933.4,893.61,914.89,423508
2023-06-08,916.08,938.35,915.58,918.15,249819
2023-06-09,920.88,928.3,909.25,917.61,153286
2023-06-12,918.5,950.22,918.5,925.18,351918
2023-06-13,920.53,950.13,920.53,945.87,583348
2023-06-14,945.27,986.55,927.01,976.21,807888
2023-06-15,979.92,1047.13,977.94,1025.99,703207
2023-06-16,1049.21,1053.51,1008.23,1024.66,508159
2023-06-19,1026.04,1028.42,988.98,995.85,270427
2023-06-20,997.74,1026.44,984.92,1015.4,235851
2023-06-21,1015.4,1065.98,1015.4,1038.86,564499
2023-06-22,1041.29,1043.91,1001.69,1004.42,228238
2023-06-23,1005.36,1006.69,958.14,967.74,605029
2023-06-26,971.55,1009.61,970.02,1000.41,677229
2023-06-27,1004.42,1037.33,1000.75,1012.04,500847
2023-06-28,1012.24,1015.55,972.99,974.52,537667
2023-06-30,981.45,997.74,976.8,983.14,297113
2023-07-03,983.88,994.77,971.21,974.38,180720
2023-07-04,980.41,991.5,976.45,980.31,146155
2023-07-05,981.85,987.69,974.03,979.72,95466
2023-07-06,985.86,1009.61,979.92,1002.63,264542
2023-07-07,1007.1,1017.07,992.96,1001.1,190178
2023-07-10,1007.15,1014.29,988.4,1009.88,215824
2023-07-11,1012.11,1030.47,1009.28,1018.26,143586
2023-07-12,1027.14,1036.12,1014.1,1020.84,97762
2023-07-13,1023.17,1023.17,1009.04,1011.52,91387
2023-07-14,1021.64,1045.55,1012.11,1032.06,313697
2023-07-17,1039.7,1053.69,1026.7,1027.89,207273
2023-07-18,1037.41,1047.83,1021.98,1027.74,86450
2023-07-19,1036.12,1051.6,1026.15,1030.12,142743
2023-07-20,1035.28,1041.88,1017.07,1021.49,170928
2023-07-21,1028.48,1029.03,1013.4,1022.08,93783
2023-07-24,1027.24,1035.93,1008.14,1028.29,109389
2023-07-25,1038.16,1060.24,1032.35,1042.13,383742
2023-07-26,1057.95,1059.49,1026.2,1030.12,116924
2023-07-27,1022.08,1044.76,1022.08,1041.28,76798
2023-07-28,1046.49,1053.24,1031.96,1039.0,129358
2023-07-31,1046.84,1051.8,999.21,1002.68,516566
2023-08-01,1002.68,1024.66,994.6,1007.05,159523
2023-08-02,1016.08,1020.74,998.22,1006.41,157828
2023-08-03,1041.88,1041.88,1006.41,1013.05,450301
2023-08-04,1022.03,1026.9,1005.61,1016.23,208295
2023-08-07,1025.7,1026.99,996.23,1001.89,168182
2023-08-08,1006.21,1010.87,989.19,993.11,174767
2023-08-09,993.36,1001.0,975.2,978.82,186168
2023-08-10,983.34,990.88,977.68,981.45,518723
2023-08-11,988.1,989.54,975.94,978.27,134973
2023-08-14,982.19,988.2,965.87,982.29,117713
2023-08-16,987.55,1000.2,979.37,981.5,192030
2023-08-17,978.37,987.3,978.37,983.24,70660
2023-08-18,987.3,994.2,979.22,982.29,185639
2023-08-21,992.27,992.27,977.43,986.61,120949
2023-08-22,989.93,994.55,978.37,983.48,169527
2023-08-23,988.99,999.31,982.84,990.83,108138
2023-08-24,992.27,1027.79,991.37,1010.08,425594
2023-08-25,1015.34,1036.92,1002.54,1029.67,458191
2023-08-28,1041.13,1041.88,1016.48,1019.3,195533
2023-08-29,1027.94,1037.17,1018.71,1022.18,119095
2023-08-30,1023.03,1032.2,1010.18,1016.03,129521
2023-08-31,1017.12,1038.31,1007.25,1031.46,227183
2023-09-01,1041.78,1041.78,1008.14,1016.33,195628
2023-09-04,1021.98,1035.68,1014.1,1018.71,189814
2023-09-05,1023.03,1030.96,1010.13,1014.49,184463
2023-09-06,1014.59,1020.74,999.01,1005.12,171712
2023-09-07,1000.15,1017.07,991.52,1004.02,304821
2023-09-08,1006.16,1009.33,994.25,1000.35,199150
2023-09-11,1005.36,1024.02,1005.36,1020.35,198319
2023-09-12,1024.02,1039.89,1009.88,1031.76,289547
2023-09-13,1040.54,1040.89,1010.32,1027.19,359503
2023-09-14,1029.97,1097.2,1027.54,1083.55,1779419
2023-09-15,1105.38,1112.33,1084.94,1102.66,820808
2023-09-18,1110.35,1110.35,1081.62,1090.75,557876
2023-09-20,1090.75,1090.75,1043.17,1066.09,381728
2023-09-21,1071.45,1089.51,1046.44,1062.17,339014
2023-09-22,1062.72,1087.77,1046.59,1053.24,262744
2023-09-25,1058.65,1066.54,1051.6,1053.84,322326
2023-09-26,1053.84,1077.3,1050.46,1059.54,198471
2023-09-27,1064.85,1078.54,1049.27,1073.53,360905
2023-09-28,1083.11,1086.08,1067.48,1070.06,158242
2023-09-29,1078.59,1094.47,1057.95,1077.1,314021
2023-10-03,1082.51,1107.32,1075.62,1093.18,296182
2023-10-04,1096.45,1124.04,1071.65,1077.1,377750
2023-10-05,1089.51,1095.66,1070.8,1079.39,185285
2023-10-06,1081.57,1092.58,1076.61,1083.8,76707
2023-10-09,1071.65,1074.62,1042.87,1045.5,210595
2023-10-10,1047.58,1060.29,1035.93,1053.98,198202
2023-10-11,1056.71,1059.29,1043.02,1046.54,368453
2023-10-12,1051.8,1068.57,1046.59,1058.45,153195
2023-10-13,1058.45,1091.29,1058.45,1075.57,296029
2023-10-16,1081.27,1096.85,1068.67,1078.99,137993
2023-10-17,1081.57,1084.2,1063.71,1067.13,206117
2023-10-18,1067.13,1079.98,1063.71,1073.78,186748
2023-10-19,1066.69,1066.69,1047.68,1051.6,170574
2023-10-20,1058.0,1058.7,1037.91,1045.4,117205
2023-10-23,1048.73,1048.73,992.27,1009.13,213433
2023-10-25,1024.07,1026.0,982.34,1001.44,207714
2023-10-26,992.32,1001.34,972.37,978.67,373776
2023-10-27,988.4,1026.95,984.28,1010.23,173655
2023-10-30,1002.29,1010.23,984.33,1004.52,172046
2023-10-31,1008.99,1012.56,985.62,988.3,109357
2023-11-01,996.53,996.53,981.35,989.93,181885
2023-11-02,995.14,1005.12,985.57,994.6,109913
2023-11-03,1002.68,1033.74,1002.68,1026.4,241705
2023-11-06,1041.88,1046.69,1018.56,1029.28,345326
2023-11-07,1031.96,1079.59,1028.24,1070.95,330084
2023-11-08,1067.78,1075.37,1048.92,1051.9,128278
2023-11-09,1057.41,1088.12,1046.84,1051.85,219281
2023-11-10,1057.26,1077.8,1035.93,1064.06,184729
2023-11-13,1080.68,1090.6,1067.68,1076.26,236658
2023-11-15,1151.03,1172.86,1117.99,1124.68,1431974
2023-11-16,1131.98,1179.9,1125.23,1135.85,706292
2023-11-17,1141.11,1233.93,1138.13,1216.42,1550152
2023-11-20,1210.61,1248.27,1205.65,1211.01,506470
2023-11-21,1214.93,1303.94,1211.61,1250.55,1644643
2023-11-22,1250.55,1259.98,1196.67,1235.27,862376
2023-11-23,1254.22,1273.97,1222.47,1229.17,430993
2023-11-24,1235.32,1257.2,1213.64,1228.72,307628
2023-11-28,1240.78,1274.12,1222.42,1240.08,521668
2023-11-29,1250.06,1259.19,1232.49,1243.36,264776
2023-11-30,1246.73,1249.26,1210.56,1216.12,354430
2023-12-01,1220.98,1238.35,1201.63,1215.82,392970
2023-12-04,1235.22,1238.3,1194.39,1207.44,433835
2023-12-05,1217.51,1225.89,1194.74,1200.19,467546
2023-12-06,1205.5,1210.71,1172.86,1179.01,305755
2023-12-07,1187.84,1200.59,1176.13,1194.29,222517
2023-12-08,1195.68,1200.19,1157.97,1163.43,222991
2023-12-11,1174.84,1175.83,1146.07,1161.2,658164
2023-12-12,1169.78,1181.04,1143.39,1157.03,623963
2023-12-13,1167.1,1167.1,1149.09,1159.26,221245
2023-12-14,1165.22,1187.74,1163.58,1175.14,408360
2023-12-15,1187.64,1194.69,1177.12,1183.67,227498
2023-12-18,1183.67,1187.69,1164.92,1168.09,210191
2023-12-19,1173.21,1187.2,1171.42,1184.02,178453
2023-12-20,1188.73,1192.7,1151.03,1159.61,198212
2023-12-21,1161.89,1173.75,1143.29,1146.91,335295
2023-12-22,1156.88,1171.37,1151.72,1166.41,139471
2023-12-26,1174.84,1178.81,1158.47,1175.69,107996
2023-12-27,1187.64,1187.74,1174.64,1177.42,115977
2023-12-28,1180.3,1204.02,1177.42,1188.88,428029
2023-12-29,1194.84,1199.6,1182.73,1192.65,233307
2024-01-01,1195.68,1205.6,1189.73,1194.09,160775
2024-01-02,1203.47,1203.52,1180.8,1183.57,153930
2024-01-03,1190.57,1190.57,1138.18,1161.15,251566
2024-01-04,1169.78,1179.51,1153.66,1170.77,785274
2024-01-05,1180.7,1215.43,1174.59,1208.03,492949
2024-01-08,1242.17,1256.01,1211.95,1224.11,779509
2024-01-09,1234.38,1249.26,1227.48,1239.14,353764
2024-01-10,1241.42,1245.29,1217.66,1230.31,497198
2024-01-11,1240.33,1267.62,1231.55,1261.22,414766
2024-01-12,1279.03,1289.15,1262.91,1270.2,315337
2024-01-15,1287.41,1287.41,1255.32,1278.39,228483
2024-01-16,1287.37,1303.79,1241.32,1250.55,303181
2024-01-17,1250.25,1257.2,1237.95,1249.01,180267
2024-01-18,1240.53,1251.1,1198.71,1242.61,268408
2024-01-19,1248.57,1255.86,1235.37,1244.45,168776
2024-01-23,1238.35,1260.18,1211.06,1221.58,313867
2024-01-24,1221.58,1249.51,1213.34,1230.96,229517
2024-01-25,1234.23,1260.08,1232.44,1251.94,186905
2024-01-29,1258.19,1260.18,1222.57,1237.26,141533
2024-01-30,1240.33,1275.66,1221.38,1240.83,639277
2024-01-31,1242.52,1327.65,1242.52,1306.67,1170894
2024-02-01,1319.71,1364.66,1302.35,1352.71,348377
2024-02-02,1369.33,1369.33,1316.74,1331.72,331116
2024-02-05,1334.4,1386.2,1313.36,1365.9,352743
2024-02-06,1365.9,1394.08,1350.47,1355.14,321201
2024-02-07,1364.32,1376.82,1347.5,1353.95,138320
2024-02-08,1360.74,1378.95,1342.39,1355.68,411064
2024-02-09,1362.48,1376.72,1332.22,1364.22,321695
2024-02-12,1374.29,1384.21,1356.53,1366.25,268170
2024-02-13,1367.34,1374.04,1321.7,1362.08,291083
2024-02-14,1354.74,1433.72,1341.79,1405.99,561542
2024-02-15,1399.0,1399.0,1329.44,1342.34,1044150
2024-02-16,1342.49,1373.3,1338.91,1354.54,817045
2024-02-19,1375.28,1375.28,1331.17,1340.25,265058
2024-02-20,1336.88,1356.43,1334.05,1348.49,219181
2024-02-21,1348.44,1358.21,1334.6,1341.89,231839
2024-02-22,1341.89,1367.84,1323.63,1359.75,334354
2024-02-23,1367.14,1384.11,1353.5,1372.65,858820
2024-02-26,1384.01,1399.49,1365.41,1390.31,500110
2024-02-27,1389.67,1398.05,1354.99,1370.96,387209
2024-02-28,1365.61,1377.86,1336.58,1353.75,411040
2024-02-29,1356.48,1368.43,1293.77,1331.57,508715
2024-03-01,1328.69,1329.83,1280.52,1286.22,731073
2024-03-04,1312.77,1317.68,1280.02,1297.54,393367
2024-03-05,1297.83,1303.79,1228.97,1236.76,502130
2024-03-06,1235.37,1238.79,1175.83,1195.38,690468
2024-03-07,1201.24,1207.44,1166.9,1170.63,526411
2024-03-11,1180.85,1277.05,1174.54,1266.23,1671629
2024-03-12,1258.29,1275.06,1232.99,1235.72,566134
2024-03-13,1236.36,1239.29,1170.87,1178.46,458484
2024-03-14,1178.41,1235.22,1165.91,1225.7,314262
2024-03-15,1231.85,1252.79,1213.0,1232.69,371880
2024-03-18,1243.46,1255.51,1230.51,1250.9,200756
2024-03-19,1259.19,1259.19,1208.43,1213.84,285083
2024-03-20,1202.38,1221.38,1179.16,1188.34,341872
2024-03-21,1202.58,1224.46,1199.05,1216.72,122608
2024-03-22,1220.44,1230.66,1215.33,1222.97,103177
2024-03-26,1222.97,1258.19,1207.39,1241.97,205914
2024-03-27,1250.45,1270.0,1232.39,1260.28,225955
2024-03-28,1260.38,1283.99,1236.36,1273.87,248425
2024-04-01,1282.5,1309.69,1270.15,1286.27,158508
2024-04-02,1296.94,1302.89,1273.42,1282.45,329431
2024-04-03,1291.73,1302.84,1274.52,1280.52,222076
2024-04-04,1282.5,1293.22,1270.1,1279.33,421308
2024-04-05,1283.0,1296.79,1266.63,1276.3,223415
2024-04-08,1277.05,1364.37,1277.05,1315.0,764616
2024-04-09,1330.63,1334.6,1296.89,1307.51,548353
2024-04-10,1306.81,1319.17,1298.33,1302.89,139550
2024-04-12,1310.88,1325.42,1270.15,1278.44,211032
2024-04-15,1270.05,1289.85,1243.31,1259.33,339068
2024-04-16,1253.23,1286.97,1253.23,1267.62,269772
2024-04-18,1273.03,1278.19,1225.5,1228.92,340999
2024-04-19,1228.87,1251.25,1201.98,1232.84,174736
2024-04-22,1234.68,1252.93,1232.89,1245.84,242623
2024-04-23,1245.84,1252.04,1232.59,1241.62,273737
2024-04-24,1252.19,1271.09,1246.68,1252.83,176087
2024-04-25,1263.25,1275.9,1247.33,1256.75,166628
2024-04-26,1260.18,1278.04,1253.83,1265.63,138631
2024-04-29,1271.09,1275.06,1245.89,1256.61,373170
2024-04-30,1265.04,1288.26,1265.04,1277.15,232626
2024-05-02,1280.02,1282.01,1244.75,1249.01,184282
2024-05-03,1254.17,1254.57,1226.54,1239.94,152117
2024-05-06,1247.87,1274.07,1220.49,1255.91,663821
2024-05-07,1256.21,1272.03,1241.23,1268.91,320330
2024-05-08,1269.01,1291.93,1242.32,1261.32,296327
2024-05-09,1250.3,1274.27,1225.8,1232.99,142929
2024-05-10,1235.37,1260.18,1233.04,1252.44,187194
2024-05-13,1255.22,1262.91,1243.01,1247.43,97114
2024-05-14,1253.28,1257.05,1236.76,1239.44,105747
2024-05-15,1249.61,1259.43,1238.35,1242.56,118174
2024-05-16,1249.21,1262.16,1231.7,1251.59,122960
2024-05-17,1262.36,1299.87,1257.4,1283.1,275119
2024-05-21,1284.93,1300.86,1260.67,1273.92,541543
2024-05-22,1268.66,1277.89,1252.29,1257.4,179332
2024-05-23,1267.62,1267.62,1242.32,1245.39,135978
2024-05-24,1248.62,1258.99,1231.4,1243.06,302079
2024-05-27,1240.33,1260.92,1223.71,1227.13,251835
2024-05-28,1227.43,1231.85,1176.93,1181.64,478623
2024-05-29,1176.03,1180.9,1137.19,1139.22,539822
2024-05-30,1145.07,1172.11,1112.33,1158.47,718991
2024-05-31,1158.17,1188.68,1137.48,1180.05,636124
2024-06-03,1210.56,1210.56,1165.91,1173.4,889815
2024-06-04,1179.16,1180.15,1071.65,1156.49,506380
2024-06-05,1173.8,1195.68,1113.72,1175.54,551976
2024-06-06,1240.33,1272.08,1225.45,1233.83,823335
2024-06-07,1246.68,1302.84,1238.65,1253.88,494184
2024-06-10,1273.92,1309.59,1265.14,1294.86,491609
2024-06-11,1290.0,1294.86,1240.33,1244.75,717578
2024-06-12,1255.02,1261.17,1237.36,1239.74,514883
2024-06-13,1239.74,1243.9,1214.63,1217.06,442363
2024-06-14,1224.95,1242.96,1217.71,1227.73,309375
2024-06-18,1240.33,1249.26,1220.04,1227.98,422492
2024-06-19,1231.4,1233.14,1205.6,1225.84,428951
2024-06-20,1230.31,1236.56,1214.53,1223.36,230423
2024-06-21,1220.49,1226.44,1187.74,1191.02,772149
2024-06-24,1191.02,1197.02,1172.01,1178.12,387600
2024-06-25,1188.73,1193.65,1175.83,1179.95,197028
2024-06-26,1175.83,1190.72,1175.83,1186.75,226485
2024-06-27,1199.65,1225.99,1187.3,1191.96,485433
2024-06-28,1208.98,1213.19,1180.99,1195.43,1393980
2024-07-01,1205.01,1216.52,1193.1,1206.69,398155
2024-07-02,1219.15,1220.49,1199.9,1213.24,1327745
2024-07-03,1227.98,1227.98,1208.58,1214.53,267882
2024-07-04,1226.14,1241.27,1218.5,1232.1,345625
2024-07-05,1235.27,1245.39,1223.86,1239.98,310533
2024-07-08,1246.63,1248.22,1210.56,1232.2,282776
2024-07-09,1239.34,1239.34,1208.58,1219.35,284266
2024-07-10,1219.49,1239.89,1209.57,1215.67,273548
2024-07-11,1231.0,1238.1,1218.5,1225.15,928998
2024-07-12,1234.28,1234.38,1203.62,1206.25,337909
2024-07-15,1200.94,1248.62,1195.18,1237.4,1607736
2024-07-16,1230.46,1241.47,1227.43,1234.53,192602
2024-07-18,1235.37,1254.22,1229.02,1232.79,352833
2024-07-19,1234.58,1259.68,1227.43,1232.84,568202
2024-07-22,1230.41,1254.22,1213.54,1244.4,252363
2024-07-23,1245.64,1260.77,1220.49,1245.79,364007
2024-07-24,1245.79,1259.19,1242.02,1245.49,168360
2024-07-25,1238.35,1244.3,1224.36,1233.19,214356
2024-07-26,1230.56,1249.86,1225.94,1237.11,259064
2024-07-29,1242.12,1276.05,1237.36,1268.17,343375
2024-07-30,1275.51,1284.49,1258.09,1263.85,154762
2024-07-31,1270.2,1273.82,1237.6,1246.53,192254
2024-08-01,1255.02,1264.1,1230.46,1243.06,169893
2024-08-02,1247.04,1247.04,1221.61,1225.19,222713
2024-08-05,1217.43,1242.21,1201.25,1216.43,468478
2024-08-06,1233.5,1248.29,1206.53,1212.9,248463
2024-08-07,1225.14,1234.3,1205.48,1219.37,211849
2024-08-08,1218.92,1231.56,1212.45,1221.26,134795
2024-08-09,1227.38,1243.31,1219.47,1226.29,196980
2024-08-12,1202.6,1222.21,1199.91,1204.49,243249
2024-08-13,1204.49,1212.4,1183.58,1193.89,222819
2024-08-14,1194.58,1198.27,1170.64,1172.78,275293
2024-08-16,1191.55,1191.55,1171.74,1178.01,194335
2024-08-19,1192.29,1192.34,1165.66,1181.99,354726
2024-08-20,1189.36,1189.36,1171.99,1175.02,213373
2024-08-21,1184.58,1264.21,1181.79,1250.88,782820
2024-08-22,1259.24,1274.22,1232.41,1263.17,593482
2024-08-23,1265.01,1273.02,1254.26,1258.64,218702
2024-08-26,1268.99,1283.13,1255.5,1274.42,384779
2024-08-27,1275.21,1282.08,1258.24,1262.17,240527
2024-08-28,1268.0,1289.1,1264.66,1268.3,332938
2024-08-29,1277.45,1283.87,1254.31,1260.73,185827
2024-08-30,1265.51,1305.03,1259.29,1263.17,635369
2024-09-02,1273.17,1280.84,1260.63,1266.65,149455
2024-09-03,1268.2,1277.25,1258.09,1268.69,149350
2024-09-04,1246.35,1283.63,1246.35,1279.25,218490
2024-09-05,1282.13,1315.23,1279.44,1291.59,379609
2024-09-06,1292.09,1345.34,1289.25,1339.67,1063273
2024-09-09,1351.71,1386.6,1326.43,1370.73,1229198
2024-09-10,1366.35,1379.09,1336.88,1339.87,400049
2024-09-11,1348.63,1356.84,1316.47,1321.55,276293
2024-09-12,1326.93,1373.71,1326.93,1364.21,381371
2024-09-13,1360.77,1361.02,1298.06,1301.24,846957
2024-09-16,1308.16,1311.1,1284.37,1287.76,242342
2024-09-17,1293.08,1293.08,1269.19,1278.0,188732
2024-09-18,1284.02,1288.45,1257.74,1268.05,186275
2024-09-19,1264.21,1269.19,1224.5,1244.5,335418
2024-09-20,1253.07,1264.21,1233.9,1239.23,329435
2024-09-23,1256.8,1256.85,1213.99,1223.9,350677
2024-09-24,1236.04,1242.66,1208.87,1220.02,277446
2024-09-25,1223.65,1264.21,1220.41,1248.73,402868
2024-09-26,1249.18,1259.24,1214.54,1228.93,395840
2024-09-27,1235.35,1235.35,1195.98,1198.76,606121
2024-09-30,1219.42,1251.27,1202.5,1245.35,1222660
2024-10-01,1245.35,1250.48,1223.1,1231.26,210944
2024-10-03,1225.39,1234.0,1211.36,1225.44,230650
2024-10-04,1225.44,1226.39,1195.33,1213.15,210698
2024-10-07,1223.2,1238.33,1183.88,1225.54,395811
2024-10-08,1214.54,1228.38,1205.88,1222.6,231127
2024-10-09,1228.93,1233.16,1209.46,1216.68,141846
2024-10-10,1217.88,1231.36,1214.44,1218.17,91767
2024-10-11,1227.58,1230.37,1212.85,1215.64,107973
2024-10-14,1231.56,1270.19,1224.6,1263.02,499894
2024-10-15,1267.95,1272.13,1247.29,1264.01,161671
2024-10-16,1264.21,1291.59,1255.25,1282.48,331853
2024-10-17,1285.42,1289.65,1265.21,1277.15,160391
2024-10-18,1269.19,1285.07,1244.31,1271.08,178772
2024-10-21,1259.24,1280.34,1256.45,1269.09,180301
2024-10-22,1279.15,1283.97,1244.5,1254.01,433648
2024-10-23,1259.14,1260.53,1216.38,1230.22,164095
2024-10-24,1241.92,1247.64,1226.69,1229.82,127857
2024-10-25,1230.37,1240.27,1214.44,1231.07,194209
2024-10-28,1239.18,1254.26,1222.41,1236.39,216712
2024-10-29,1244.06,1248.24,1207.87,1225.99,116147
2024-10-30,1230.27,1248.29,1214.19,1216.98,168456
2024-10-31,1225.39,1278.7,1219.42,1267.0,353155
2024-11-01,1254.26,1254.26,1214.54,1242.51,252624
2024-11-04,1221.41,1229.42,1195.68,1205.68,352562
2024-11-05,1205.53,1205.53,1179.6,1190.05,276560
2024-11-06,1190.05,1247.24,1182.69,1243.91,400947
2024-11-07,1243.91,1271.13,1239.78,1265.26,188175
2024-11-08,1265.26,1292.09,1252.27,1285.07,281386
2024-11-11,1294.08,1312.99,1278.55,1287.66,575716
2024-11-12,1289.1,1313.69,1266.01,1277.01,291351
2024-11-13,1266.45,1270.98,1244.01,1253.07,234460
2024-11-14,1257.89,1279.94,1254.26,1270.63,559369
2024-11-18,1270.63,1292.09,1249.28,1255.4,231041
2024-11-19,1259.24,1269.79,1250.28,1256.25,406237
2024-11-21,1256.25,1260.78,1241.57,1253.21,261224
2024-11-22,1250.28,1283.63,1250.28,1266.4,168064
2024-11-25,1289.1,1289.1,1242.31,1249.98,340905
2024-11-26,1254.01,1271.08,1244.85,1258.34,173172
2024-11-27,1258.24,1263.42,1248.34,1256.9,125175
2024-11-28,1264.11,1266.11,1232.46,1244.75,120426
2024-11-29,1249.28,1268.99,1235.74,1260.93,291556
2024-12-02,1264.21,1268.39,1242.31,1249.98,211637
2024-12-03,1254.21,1277.06,1249.38,1265.51,681394
2024-12-04,1268.69,1318.86,1264.01,1310.5,1122731
2024-12-05,1310.5,1323.84,1294.08,1304.63,253820
2024-12-06,1309.01,1338.82,1299.15,1333.7,318417
2024-12-09,1337.88,1341.01,1314.78,1320.66,254611
2024-12-10,1323.44,1328.92,1275.36,1281.88,527959
2024-12-11,1281.63,1295.47,1265.21,1274.22,244916
2024-12-12,1269.29,1293.08,1269.29,1288.8,226574
2024-12-13,1288.8,1289.0,1265.56,1281.73,265707
2024-12-16,1289.65,1298.31,1282.13,1288.65,207302
2024-12-17,1294.08,1307.07,1279.25,1289.6,405438
2024-12-18,1283.33,1294.08,1270.58,1274.67,228436
2024-12-19,1256.45,1286.16,1256.45,1281.83,105076
2024-12-20,1284.12,1296.07,1269.69,1282.23,327093
2024-12-23,1294.08,1313.79,1263.07,1303.68,466760
2024-12-24,1308.86,1309.51,1285.32,1298.36,128312
2024-12-26,1308.01,1311.7,1293.08,1305.28,201685
2024-12-27,1309.01,1310.85,1280.89,1291.59,165791
2024-12-30,1301.05,1302.04,1259.24,1268.1,209844
2024-12-31,1269.14,1276.56,1257.25,1267.0,174868
2025-01-01,1264.21,1314.43,1261.33,1306.52,195346
2025-01-02,1311.95,1312.0,1292.09,1294.33,144659
2025-01-03,1303.04,1306.97,1292.29,1304.43,140283
2025-01-06,1309.01,1348.83,1298.61,1305.57,778395
2025-01-07,1312.0,1361.32,1303.04,1345.14,703099
2025-01-08,1373.71,1391.63,1328.97,1359.18,860204
2025-01-09,1343.85,1359.98,1319.76,1324.24,245833
2025-01-10,1333.4,1337.78,1295.47,1306.17,266928
2025-01-13,1291.14,1296.42,1250.83,1265.61,327624
2025-01-14,1269.19,1295.37,1258.09,1286.16,184526
2025-01-15,1299.05,1299.6,1269.19,1282.13,121005
2025-01-16,1284.12,1317.97,1279.15,1304.18,152949
2025-01-17,1304.18,1304.18,1283.58,1293.73,140473
2025-01-20,1303.93,1338.87,1286.76,1323.49,186833
2025-01-21,1324.49,1332.7,1299.7,1313.29,167742
2025-01-22,1318.91,1328.07,1287.66,1319.66,168365
2025-01-23,1319.01,1332.05,1299.1,1321.1,146338
2025-01-24,1324.89,1324.89,1290.34,1299.4,226782
2025-01-27,1300.05,1302.04,1254.76,1286.61,219595
2025-01-28,1291.44,1295.52,1254.26,1263.32,317282
2025-01-29,1269.19,1312.74,1259.44,1297.26,109382
2025-01-30,1309.01,1320.41,1284.92,1298.26,173124
2025-01-31,1297.06,1395.46,1294.13,1380.83,422712
2025-02-01,1372.72,1384.12,1334.89,1346.04,245968
2025-02-03,1349.23,1368.34,1336.09,1348.78,500896
2025-02-04,1353.85,1370.73,1324.99,1340.66,184487
2025-02-05,1328.92,1359.63,1328.92,1349.92,98827
2025-02-06,1358.78,1403.53,1351.61,1367.44,409065
2025-02-07,1389.64,1402.58,1356.34,1398.6,414783
2025-02-10,1409.25,1411.04,1383.67,1387.8,288828
2025-02-11,1363.76,1377.35,1315.13,1344.45,238658
2025-02-12,1355.3,1381.28,1306.22,1374.86,229812
2025-02-13,1387.65,1387.65,1316.97,1322.95,182193
2025-02-14,1322.95,1356.74,1295.02,1322.2,451066
2025-02-17,1328.92,1337.08,1298.81,1320.71,281704
2025-02-18,1313.99,1367.74,1309.01,1361.57,487048
2025-02-19,1361.57,1370.93,1346.24,1368.09,173327
2025-02-20,1373.71,1413.43,1363.76,1398.15,499339
2025-02-21,1411.54,1423.49,1349.22,1390.44,416914
2025-02-24,1389.64,1403.48,1365.75,1386.9,280014
2025-02-25,1386.9,1507.8,1381.18,1458.87,5068157
2025-02-27,1456.33,1497.15,1438.42,1484.21,1171245
2025-02-28,1473.26,1498.14,1418.56,1437.92,575304
2025-03-03,1443.39,1651.44,1443.39,1608.24,11891291
2025-03-04,1532.98,1684.79,1528.75,1552.74,11510013
2025-03-05,1546.97,1621.58,1505.71,1597.24,4514283
2025-03-06,1602.81,1612.57,1558.87,1572.01,1447626
2025-03-07,1566.83,1595.7,1549.46,1559.06,923681
2025-03-10,1567.92,1621.48,1565.68,1575.89,1591042
2025-03-11,1573.8,1588.43,1538.11,1575.39,853047
2025-03-12,1587.73,1609.63,1532.54,1566.03,952942
2025-03-13,1584.95,1586.34,1526.02,1535.12,444105
2025-03-17,1514.07,1589.57,1514.07,1570.96,634761
2025-03-18,1570.96,1570.96,1570.96,1570.96,0
2025-03-19,1609.68,1646.46,1606.1,1637.46,609382
2025-03-20,1647.46,1711.17,1633.08,1678.07,1022717
2025-03-21,1677.12,1686.78,1645.77,1656.22,558062
2025-03-24,1657.41,1716.49,1654.63,1664.43,733198
2025-03-25,1671.35,1684.19,1627.55,1639.7,452221
2025-03-26,1637.75,1659.85,1617.0,1622.42,252881
2025-03-27,1630.34,1702.21,1620.23,1665.78,1290413
2025-03-28,1665.93,1692.25,1651.59,1684.34,402440
2025-04-01,1686.13,1707.19,1663.49,1669.16,372462
2025-04-02,1669.36,1689.27,1645.27,1679.56,264558
2025-04-03,1660.15,1684.59,1630.54,1655.87,356561
2025-04-04,1663.93,1678.77,1633.52,1669.81,616718
2025-04-07,1473.26,1647.46,1444.44,1636.01,872344
2025-04-08,1651.54,1702.21,1640.74,1673.79,625789
2025-04-09,1667.37,1749.99,1650.6,1681.8,1709318
2025-04-11,1722.12,1730.48,1658.41,1692.21,650989
2025-04-15,1710.47,1776.27,1700.22,1727.69,914908
2025-04-16,1733.27,1824.65,1728.19,1785.13,1471435
2025-04-17,1801.75,1852.52,1791.8,1845.95,1248178
2025-04-21,1854.11,1863.07,1804.04,1815.29,582098
2025-04-22,1821.66,1844.36,1803.45,1827.04,430369
2025-04-23,1831.82,1842.57,1784.63,1792.4,367621
2025-04-24,1800.76,1806.73,1775.87,1788.61,264170
2025-04-25,1788.71,1797.37,1742.03,1779.85,344206
2025-04-28,1771.89,1825.84,1771.29,1790.01,372475
2025-04-29,1803.74,1806.83,1762.53,1767.71,294111
2025-04-30,1757.76,1791.8,1736.65,1752.48,314492
2025-05-02,1761.94,1785.33,1720.23,1751.19,211867
2025-05-05,1761.94,1789.41,1752.88,1771.29,252388
2025-05-06,1776.87,1849.54,1768.71,1787.32,1541634
2025-05-07,1767.91,1826.44,1756.96,1813.5,355712
2025-05-08,1816.69,1839.28,1762.93,1781.55,355571
2025-05-09,1744.22,1780.75,1732.07,1770.99,238345
2025-05-12,1820.67,1826.94,1765.02,1772.79,315516
2025-05-13,1781.84,1786.82,1745.01,1767.11,195295
2025-05-14,1785.63,1802.35,1768.01,1771.19,225082
2025-05-15,1771.89,1796.78,1757.06,1782.54,184775
2025-05-16,1796.78,1814.99,1754.97,1766.52,258767
2025-05-19,1763.23,1766.22,1710.17,1744.42,377578
2025-05-20,1751.98,1761.84,1713.26,1719.63,183126
2025-05-21,1724.31,1751.98,1722.22,1733.76,246070
2025-05-22,1734.56,1752.38,1694.25,1714.85,246130
2025-05-23,1704.2,1741.33,1701.21,1716.54,196219
2025-05-26,1732.07,1861.38,1732.07,1768.8,3025773
2025-05-27,1773.48,1787.22,1727.1,1734.66,554284
2025-05-28,1737.05,1741.43,1703.2,1716.44,303976
2025-05-29,1716.44,1779.85,1707.78,1756.76,516501
2025-05-30,1756.66,1766.71,1727.0,1735.95,276768
2025-06-02,1737.05,1751.48,1722.91,1738.14,195596
2025-06-03,1748.5,1791.8,1735.66,1744.81,440134
2025-06-04,1748.0,1767.91,1714.45,1731.97,180287
2025-06-05,1735.95,1747.0,1726.1,1735.46,174083
2025-06-06,1741.83,1750.89,1722.52,1742.72,187771
2025-06-09,1758.95,1786.82,1744.91,1783.34,245607
2025-06-10,1792.2,1813.7,1783.34,1805.64,268613
2025-06-11,1818.18,1836.59,1805.74,1826.94,246027
2025-06-12,1827.14,1858.1,1795.78,1816.09,254600
2025-06-13,1788.02,1922.2,1780.15,1904.28,1673692
2025-06-16,1915.23,1948.08,1865.56,1925.29,807616
2025-06-17,1931.06,1942.21,1886.37,1894.43,442302
2025-06-18,1888.46,1937.13,1873.43,1895.23,315843
2025-06-19,1896.02,1919.22,1854.61,1865.26,254987
2025-06-20,1873.43,1916.23,1848.24,1894.73,422945
2025-06-23,1896.22,1987.6,1893.43,1976.26,914330
2025-06-24,1978.94,1987.4,1940.52,1980.04,372184
2025-06-25,1980.93,2089.14,1976.16,2049.32,666043
2025-06-26,2078.98,2136.12,2036.08,2063.85,1143820
2025-06-27,2069.53,2359.4,2012.99,2252.89,1922178
2025-06-30,2214.86,2214.86,2103.17,2160.51,1210580
2025-07-01,2170.07,2191.27,2066.74,2084.46,766832
2025-07-02,2085.36,2086.45,1964.41,1972.37,895485
2025-07-03,1980.14,2074.51,1980.14,1996.76,2212509
2025-07-04,2008.11,2010.8,1973.97,2002.24,427579
2025-07-07,2003.43,2008.71,1974.07,1981.23,212180
2025-07-08,1980.93,1985.91,1952.07,1955.95,243075
2025-07-09,1966.0,1984.82,1948.08,1960.23,300295
2025-07-10,1972.97,1975.86,1947.98,1961.12,209535
2025-07-11,1970.58,2018.76,1961.12,1997.86,462829
2025-07-14,2011.29,2035.68,1992.88,2010.6,406980
2025-07-15,2017.67,2022.74,1963.51,1975.46,315268
2025-07-16,1975.96,1981.73,1936.14,1942.41,309312
2025-07-17,1942.41,1979.94,1942.41,1952.36,272551
2025-07-18,1956.25,1960.83,1921.51,1942.91,231671
2025-07-21,1942.91,1959.73,1901.6,1907.07,367874
2025-07-22,1916.13,1982.92,1915.63,1976.45,567165
2025-07-23,1986.11,1995.87,1974.86,1984.82,223181
2025-07-24,1988.9,2005.62,1961.62,1971.58,296144
2025-07-25,1961.22,1992.38,1953.76,1982.53,220427
2025-07-28,1966.0,2004.63,1962.72,1982.23,282263
2025-07-29,1967.4,1991.88,1956.15,1973.57,208843
2025-07-30,1975.36,1985.91,1926.18,1928.97,180947
2025-07-31,1915.23,1973.97,1901.1,1906.47,408346
2025-08-01,1910.96,1959.36,1906.97,1941.2,272815
2025-08-04,1911.26,1920.24,1786.14,1825.65,1255491
2025-08-05,1838.82,1846.21,1797.52,1803.5,339817
2025-08-06,1804.4,1825.95,1758.4,1764.69,490147
2025-08-07,1746.13,1784.15,1732.76,1773.87,559734
2025-08-08,1775.07,1775.46,1722.18,1733.36,390580
2025-08-11,1723.18,1769.08,1696.24,1761.7,461022
2025-08-12,1770.38,1828.45,1769.88,1807.79,316793
2025-08-13,1815.98,1835.93,1795.42,1826.85,273295
2025-08-14,1834.93,1835.93,1797.42,1807.99,202572
2025-08-18,1807.99,1843.02,1799.11,1830.04,288049
2025-08-19,1838.92,1849.9,1818.47,1843.02,242090
2025-08-20,1842.92,1848.9,1825.95,1835.03,172817
2025-08-21,1843.91,1850.9,1819.97,1843.81,153041
2025-08-22,1843.81,1844.81,1806.0,1809.69,137698
2025-08-25,1818.67,1848.9,1816.97,1841.72,194397
2025-08-26,1840.92,1844.91,1768.08,1773.27,312063
2025-08-28,1780.95,1783.75,1744.43,1750.12,216906
2025-08-29,1745.13,1775.17,1737.35,1749.92,185646
2025-09-01,1750.12,1791.23,1736.75,1781.25,202102
2025-09-02,1781.45,1789.93,1758.9,1762.39,153094
2025-09-03,1770.88,1815.98,1753.11,1805.2,284953
2025-09-04,1815.58,1839.92,1786.34,1833.44,274481
2025-09-05,1824.96,1833.04,1777.16,1781.65,353412
2025-09-08,1791.23,1794.92,1753.11,1780.75,282442
2025-09-09,1780.75,1788.14,1735.15,1741.44,259623
2025-09-10,1756.11,1785.24,1750.12,1778.46,223887
2025-09-11,1776.06,1780.15,1722.28,1734.56,415354
2025-09-12,1746.03,1771.77,1737.15,1760.4,219410
2025-09-15,1751.62,1782.85,1748.23,1768.88,180914
2025-09-16,1768.88,1794.92,1767.28,1781.55,208138
2025-09-17,1789.03,1830.74,1779.46,1803.1,352317
2025-09-18,1806.0,1809.99,1775.76,1783.85,141857
2025-09-19,1790.53,1794.22,1748.13,1768.88,1192184
2025-09-22,1773.97,1774.07,1727.17,1735.45,220456
2025-09-23,1743.64,1754.91,1722.28,1729.37,181344
2025-09-24,1737.95,1738.65,1711.11,1717.39,241402
2025-09-25,1725.68,1732.16,1711.21,1716.6,156942
2025-09-26,1723.98,1727.07,1688.76,1721.19,234625
2025-09-29,1736.15,1781.05,1717.49,1768.88,401359
2025-09-30,1776.06,1785.94,1728.97,1733.76,246775
2025-10-01,1726.17,1756.81,1711.21,1727.67,271139
2025-10-03,1738.05,1799.01,1734.06,1749.12,477609
2025-10-06,1755.31,1847.9,1727.17,1785.44,1659235
2025-10-07,1786.34,1820.96,1761.1,1777.46,492281
2025-10-08,1786.34,1789.03,1761.3,1775.96,422084
2025-10-09,1789.03,1789.03,1747.23,1770.48,242113
2025-10-10,1778.96,1786.04,1758.4,1765.99,209660
2025-10-13,1765.89,1774.07,1741.24,1755.11,196429
2025-10-14,1751.32,1760.1,1728.97,1739.94,275902
2025-10-15,1748.62,1763.99,1739.15,1744.73,209890
2025-10-16,1751.12,1771.07,1747.23,1760.8,173114
2025-10-17,1768.08,1783.15,1746.33,1751.52,296678
2025-10-20,1760.2,1776.06,1752.12,1758.0,218113
2025-10-21,1771.07,1782.05,1770.18,1776.26,42705
2025-10-23,1777.06,1782.05,1746.23,1755.91,210665
2025-10-24,1764.09,1764.09,1723.28,1731.06,212763
2025-10-27,1730.96,1751.12,1721.58,1745.43,203819
2025-10-28,1746.23,1779.06,1746.23,1772.07,202256
2025-10-29,1771.27,1803.7,1767.28,1795.92,193285
2025-10-30,1795.92,1801.41,1774.47,1790.93,148237
2025-10-31,1805.0,1812.08,1728.17,1753.51,621379
2025-11-03,1764.09,1793.03,1742.54,1781.05,301933
2025-11-04,1788.04,1858.78,1779.06,1826.25,925703
2025-11-06,1839.62,1839.62,1805.6,1815.88,318645
2025-11-07,1815.98,1819.37,1773.87,1806.4,190620
2025-11-10,1813.88,1829.94,1790.63,1808.29,206573
2025-11-11,1811.98,1811.98,1742.74,1754.91,441446
2025-11-12,1764.09,1783.35,1731.16,1755.31,539086
2025-11-13,1760.0,1795.02,1753.01,1773.17,329567
2025-11-14,1775.07,1779.06,1741.34,1749.62,172634
2025-11-17,1830.94,2088.67,1825.25,2003.76,13331752
2025-11-18,2003.56,2044.17,1931.52,1947.38,4611999
2025-11-19,1945.69,2025.51,1918.45,1986.8,2948398
2025-11-20,1990.59,2039.48,1990.59,2012.54,1192447
2025-11-21,2002.56,2063.43,1978.32,2038.68,1140449
2025-11-24,2038.98,2057.34,1962.65,1971.43,846322
2025-11-25,1976.42,1990.59,1930.32,1952.97,1897297
2025-11-26,1956.76,1983.1,1942.0,1962.75,372667
2025-11-27,1982.11,2001.56,1938.7,1946.88,394214
2025-11-28,1953.87,1961.95,1927.53,1941.2,292348
2025-12-01,1961.35,1970.63,1900.79,1906.37,421845
2025-12-02,1915.75,1930.72,1893.9,1906.08,340189
2025-12-03,1911.76,1961.05,1888.81,1950.88,766632
2025-12-04,1950.88,1955.86,1922.84,1933.31,347289
2025-12-05,1933.31,1956.66,1905.78,1912.66,270066
2025-12-08,1910.77,1943.89,1875.84,1920.34,424265
2025-12-09,1920.74,1924.73,1871.15,1885.12,458431
2025-12-10,1885.82,1893.4,1845.91,1853.49,243536
2025-12-11,1862.57,1900.59,1849.4,1880.73,246976
2025-12-12,1890.71,1890.71,1861.67,1866.06,168262
2025-12-15,1858.88,1903.78,1841.32,1896.0,253852
2025-12-16,1894.2,1927.73,1876.64,1888.71,311367
2025-12-17,1888.02,1889.71,1850.0,1870.45,203584
2025-12-18,1871.35,1878.74,1819.67,1832.94,260271
2025-12-19,1842.02,1941.7,1835.63,1894.4,646192
2025-12-22,1896.0,1910.57,1878.34,1892.41,150198
2025-12-23,1883.82,1895.7,1864.67,1872.45,113243
2025-12-24,1865.86,1880.53,1861.47,1872.05,118927
2025-12-26,1880.83,1882.63,1851.0,1855.39,130093
2025-12-29,1855.39,1872.35,1843.11,1854.59,116005
2025-12-30,1861.87,1870.75,1799.01,1825.85,692196
2025-12-31,1835.63,1897.79,1821.36,1887.82,404432
2026-01-01,1875.84,1935.71,1850.9,1930.12,555904
2026-01-02,1930.52,1934.01,1906.37,1916.85,257083
2026-01-05,1925.73,1934.41,1883.92,1897.0,975191
2026-01-06,1910.76,1940.5,1897.79,1932.12,584369
2026-01-07,1936.71,1948.88,1909.77,1916.25,192372
2026-01-08,1916.25,1937.11,1885.92,1906.67,291028
2026-01-09,1914.76,1926.43,1878.64,1892.9,255446
2026-01-12,1890.81,1892.9,1846.21,1868.56,276975
2026-01-13,1872.75,1897.79,1862.57,1883.53,146804
2026-01-14,1870.85,1945.69,1868.76,1941.8,417229
2026-01-15,1941.8,1941.8,1941.8,1941.8,0
2026-01-16,1941.7,1944.19,1904.08,1912.56,170366
2026-01-19,1898.09,1909.27,1850.9,1857.98,201529
2026-01-20,1855.89,1857.88,1803.0,1815.38,231650
2026-01-21,1806.3,1818.27,1753.11,1809.99,287311
2026-01-22,1825.85,1829.54,1753.11,1771.37,313984
2026-01-23,1779.46,1812.98,1732.76,1742.84,342904
2026-01-27,1751.42,1773.57,1701.33,1722.08,267296
2026-01-28,1729.87,1775.46,1720.19,1757.7,222376
2026-01-29,1756.11,1756.11,1715.3,1738.35,349754
2026-01-30,1735.55,1773.77,1726.17,1763.99,217003
2026-02-02,1788.94,1788.94,1718.39,1760.4,303235
2026-02-03,1796.02,1805.9,1734.16,1750.52,403177
2026-02-04,1759.2,1763.39,1743.34,1756.91,175656
2026-02-05,1755.21,1761.0,1721.19,1729.17,215772
2026-02-06,1716.2,1722.48,1684.57,1711.51,376494
2026-02-09,1721.19,1756.11,1711.11,1741.74,259062
2026-02-10,1751.12,1822.76,1739.54,1790.03,468522
2026-02-11,1786.54,1870.85,1786.54,1860.48,517163
2026-02-12,1863.87,1895.8,1836.33,1860.78,403724
2026-02-13,1852.49,1867.86,1809.59,1815.78,250560
2026-02-16,1783.05,1838.82,1768.88,1832.84,361518
2026-02-17,1832.84,1843.91,1814.08,1825.05,154897
2026-02-18,1829.94,1852.29,1813.58,1840.02,153454
2026-02-19,1839.72,1853.89,1827.35,1833.54,253266
2026-02-20,1833.54,1842.32,1807.99,1822.96,212578
2026-02-23,1845.91,1875.74,1832.54,1865.47,354084
2026-02-24,1865.47,1865.47,1807.39,1816.97,268737
2026-02-25,1823.96,1872.85,1809.99,1860.08,346453
2026-02-26,1867.86,1873.85,1837.53,1847.31,213861
2026-02-27,1848.9,1853.69,1801.01,1826.85,336426
2026-03-02,1785.84,1819.87,1771.07,1783.05,199676
2026-03-04,1774.17,1774.17,1716.3,1740.14,274166
2026-03-05,1747.33,1766.09,1726.17,1763.39,245011
2026-03-06,1754.71,1763.39,1731.16,1751.42,270851
2026-03-09,1734.06,1763.49,1701.73,1754.31,282204
2026-03-10,1765.99,1775.86,1735.25,1746.63,315877
2026-03-11,1746.13,1753.01,1718.99,1732.36,422181
2026-03-12,1746.13,1747.13,1691.25,1701.73,340895
2026-03-13,1706.22,1706.22,1656.33,1665.11,445574
2026-03-16,1656.33,1668.6,1609.43,1636.47,375623
2026-03-17,1647.95,1662.52,1629.59,1653.34,296827
2026-03-18,1656.33,1704.22,1645.05,1686.26,179741
2026-03-19,1651.34,1683.97,1634.38,1644.65,247209
2026-03-20,1649.44,1679.18,1640.26,1648.55,291013
2026-03-23,1640.36,1647.35,1596.76,1621.01,258931
2026-03-24,1650.34,1669.7,1626.4,1651.84,266200
2026-03-25,1651.84,1717.99,1644.16,1697.84,317722
2026-03-27,1689.26,1694.84,1611.53,1631.88,1063249
2026-03-30,1601.45,1632.78,1596.06,1601.75,315645
2026-04-01,1644.95,1648.35,1600.15,1631.58,389423
2026-04-02,1625.4,1630.39,1585.49,1621.41,273270
2026-04-06,1621.41,1690.05,1605.44,1682.17,278879
2026-04-07,1674.29,1706.22,1651.44,1696.24,162003
2026-04-08,1756.11,1764.89,1706.22,1714.3,301334
2026-04-09,1722.18,1745.93,1707.42,1724.38,224665
2026-04-10,1724.38,1761.6,1723.98,1751.02,156341
2026-04-13,1721.19,1778.06,1699.23,1764.39,194050
2026-04-15,1775.96,1814.68,1769.98,1793.62,246688
2026-04-16,1795.52,1811.88,1766.19,1777.76,333265
2026-04-17,1777.76,1825.75,1764.99,1822.06,331917
2026-04-20,1823.26,1833.94,1787.04,1796.22,245262
2026-04-21,1797.22,1818.67,1794.52,1800.01,144350
2026-04-22,1800.91,1821.86,1788.24,1807.29,178421
2026-04-23,1798.31,1811.88,1780.05,1794.02,123691
2026-04-24,1794.02,1803.0,1758.1,1764.39,143611
2026-04-27,1766.58,1807.99,1766.09,1786.44,219363
2026-04-28,1795.02,1806.5,1748.62,1753.11,253236
2026-04-29,1761.5,1776.06,1755.11,1766.48,166613
2026-04-30,1757.7,1774.07,1743.14,1762.69,173382
2026-05-01,1762.69,1762.69,1762.69,1762.69,0
2026-05-04,1764.09,1809.19,1762.09,1790.23,263914
2026-05-05,1763.09,1786.04,1737.35,1759.9,576577
2026-05-06,1768.68,1859.38,1752.91,1836.33,749527
2026-05-07,1847.9,1870.25,1840.92,1852.09,324353
2026-05-08,1837.13,1879.83,1809.99,1816.27,365040
2026-05-11,1815.98,1900.19,1797.72,1882.23,548123
2026-05-12,1883.82,1890.21,1831.04,1842.52,307391
2026-05-13,1826.05,1860.68,1813.98,1820.07,236639
2026-05-14,1833.44,1852.29,1800.21,1815.38,281926
2026-05-15,1823.36,1849.9,1807.99,1837.03,319184
2026-05-18,1834.93,1869.86,1804.2,1862.07,273327
2026-05-19,1870.75,1897.59,1859.38,1879.93,346115
2026-05-20,1874.84,1914.16,1861.77,1898.19,370212
2026-05-21,1917.55,1934.51,1888.41,1926.63,394613
2026-05-22,1930.72,1930.72,1839.62,1851.5,508668
2026-05-25,1925.73,1963.65,1891.91,1935.71,1592052
2026-05-26,1934.81,1942.1,1880.83,1887.22,445589
2026-05-27,1895.8,1923.54,1870.25,1915.95,278363
2026-05-28,1915.95,1915.95,1915.95,1915.95,0
2026-05-29,1922.74,1940.2,1863.87,1889.81,537699
2026-06-01,1908.27,1934.71,1885.82,1900.29,262266
2026-06-02,1902.38,1934.41,1870.85,1929.92,246722
2026-06-03,1928.73,1984.6,1916.25,1976.22,428361
2026-06-04,1976.62,1997.87,1936.71,1944.89,366512
2026-06-05,1930.02,1974.62,1930.02,1964.85,224931
2026-06-08,1940.7,1978.51,1906.77,1917.15,268635
2026-06-09,1918.95,1950.48,1904.18,1930.02,294870
2026-06-10,1922.04,1946.69,1893.0,1902.58,253997
2026-06-11,1881.93,1902.88,1845.91,1854.39,407695
2026-06-12,1865.37,1903.78,1865.37,1889.71,264296
2026-06-15,1905.78,1913.96,1863.87,1868.26,355399
2026-06-16,1872.25,1885.62,1840.92,1858.28,260733
2026-06-17,1861.27,1868.76,1829.54,1839.02,279615
2026-06-18,1832.24,1875.64,1830.94,1864.87,254576
2026-06-19,1864.87,1884.82,1852.99,1874.55,265396
2026-06-22,1877.54,1905.78,1859.38,1900.79,279080
2026-06-23,1905.78,1947.68,1905.68,1923.14,269082
2026-06-24,1922.74,1966.64,1900.89,1954.17,267959
2026-06-25,1954.17,1983.6,1931.92,1952.47,258281
2026-06-26,1952.47,1952.47,1952.47,1952.47,0
2026-06-29,1958.56,1967.24,1883.82,1898.69,922012
2026-06-30,1905.68,1975.22,1905.68,1967.34,310036
2026-07-01,1975.32,1990.59,1949.68,1955.27,216981
2026-07-02,1955.27,1985.6,1949.18,1981.81,203345
2026-07-03,1981.81,2044.97,1981.81,1998.37,700460
2026-07-06,1999.47,2019.52,1966.44,1994.68,285269
2026-07-07,2014.53,2015.53,1985.8,1998.07,195048
2026-07-08,1989.59,2021.52,1952.67,1974.22,221747
2026-07-09,1974.62,2009.55,1963.65,1988.79,192019
2026-07-10,2005.46,2028.2,1986.7,2022.82,158548
2026-07-13,2020.52,2038.48,2000.77,2033.29,170207
2026-07-14,2032.5,2034.99,1990.59,2002.76,185540
2026-07-15,2012.54,2040.38,1997.07,2032.89,120756
2026-07-16,2040.48,2040.48,2011.54,2030.3,140773
2026-07-17,2038.0,2043.0,2004.0,2029.5,167206
2026-07-20,2020.0,2047.5,2010.0,2025.9,163839
2026-07-21,2025.9,2030.0,1990.0,1997.7,191207
2026-07-22,2010.3,2010.4,1952.0,1968.0,289372
2026-07-23,1971.5,1992.5,1959.3,1982.5,145986
2026-07-24,1980.1,1982.9,1953.1,1961.5,160451
2026-07-27,1970.7,2064.0,1965.1,2054.0,398068
2026-07-28,2065.0,2091.7,2050.6,2072.8,365357
2026-07-29,2075.1,2092.9,2059.4,2070.6,152505
2026-07-30,2070.6,2088.8,2058.4,2080.3,110198
2026-07-31,2080.3,2088.5,2012.0,2029.2,268301
2026-08-03,1999.0,1999.0,1914.0,1919.7,1188916
2026-08-04,1919.7,1925.1,1891.4,1919.4,866179
2026-08-05,1919.4,1930.8,1900.0,1903.1,267772
2026-08-06,1912.5,1913.4,1877.1,1885.0,703113
2026-08-07,1885.0,1900.0,1865.7,1885.1,233480
2026-08-10,1893.8,1898.9,1830.0,1834.6,564971
2026-08-11,1848.0,1863.0,1825.9,1848.8,631597
2026-08-12,1848.8,1858.8,1819.4,1831.3,368370
2026-08-13,1831.4,1852.7,1822.3,1831.0,212265
2026-08-14,1840.0,1843.3,1815.0,1832.6,222945
2026-08-17,1841.0,1842.2,1813.0,1828.5,196058
2026-08-18,1823.9,1834.9,1799.1,1803.0,233127
2026-08-19,1803.0,1815.6,1781.0,1785.7,267386
2026-08-20,1790.0,1812.4,1790.0,1799.3,197588
2026-08-21,1809.0,1825.0,1803.4,1815.8,218852
2026-08-24,1840.0,1876.0,1824.8,1859.8,633649
2026-08-25,1865.1,1896.0,1860.1,1890.1,237647
2026-08-26,1899.0,1909.6,1880.0,1882.7,181443
2026-08-27,1891.3,1922.0,1880.6,1903.8,314326
2026-08-28,1908.0,1940.0,1905.9,1932.1,209531
2026-08-31,1932.1,1938.4,1896.9,1907.2,240562
2026-09-01,1919.8,1949.6,1910.0,1938.7,247059
2026-09-02,1929.1,1940.8,1911.4,1922.7,302703
2026-09-03,1928.2,1929.4,1877.0,1882.2,120292
2026-09-04,1881.0,1898.8,1850.5,1858.5,210266
2026-09-07,1867.8,1920.0,1867.8,1911.8,329018
2026-09-08,1910.0,1924.0,1887.0,1897.4,126279
2026-09-09,1899.9,1920.6,1872.0,1890.6,179466
2026-09-10,1900.0,1920.0,1881.0,1909.7,140237
2026-09-11,1903.0,1908.3,1864.6,1869.2,183488
2026-09-14,1869.2,1869.2,1869.2,1869.2,0
2026-09-15,1899.0,1914.9,1878.9,1894.9,249620
2026-09-16,1887.3,1887.3,1811.0,1851.6,401015
2026-09-17,1860.9,1884.4,1848.3,1868.6,127928
2026-09-18,1859.0,1940.0,1859.0,1928.5,271767
2026-09-21,1918.9,1932.9,1896.0,1896.9,78926
2026-09-22,1896.9,1913.8,1878.0,1883.3,86014
2026-09-23,1892.8,1927.2,1872.0,1919.3,104223
2026-09-24,1908.9,1909.9,1870.0,1877.7,68468
2026-09-25,1884.5,1884.5,1849.6,1861.4,88949
2026-09-28,1861.2,1861.4,1814.0,1820.1,142536
2026-09-29,1820.1,1863.0,1761.0,1789.9,966399
2026-09-30,1776.0,1813.7,1730.1,1791.4,341005
2026-10-01,1774.9,1774.9,1714.1,1741.4,258740
