,open,high,low,close,volume
2011-09-26,162.23,163.81,159.72,162.18,24401740
2011-09-27,164.98,166.78,164.36,166.0,17630570
2011-09-28,167.05,167.28,162.98,163.67,22320190
2011-09-29,162.56,163.04,158.88,162.26,25805020
2011-09-30,160.79,161.12,158.35,158.83,23917760
2011-10-03,156.43,156.66,153.84,154.72,20078410
2011-10-04,153.75,155.65,145.44,148.53,50595240
2011-10-05,149.61,150.61,142.12,142.82,62754520
2011-10-07,146.52,147.76,144.82,145.63,29985040
2011-10-10,146.27,146.68,143.13,145.94,32689920
2011-10-11,147.67,150.1,145.73,146.65,39354610
2011-10-12,147.96,156.25,146.04,155.59,53725530
2011-10-13,156.33,160.73,155.83,156.86,41069620
2011-10-14,155.5,158.45,155.36,156.68,23597460
2011-10-17,158.24,160.65,156.51,157.22,24612620
2011-10-18,155.41,156.71,152.76,155.13,18018620
2011-10-19,156.91,159.86,156.75,159.43,15555360
2011-10-20,157.24,161.23,156.8,160.82,21594800
2011-10-21,161.35,163.51,160.91,161.92,21746120
2011-10-24,164.14,165.31,156.72,158.64,25165530
2011-10-25,159.55,162.9,151.84,152.91,66183590
2011-10-28,159.99,160.33,157.1,158.72,28314390
2011-10-31,159.48,159.72,156.08,158.43,29915310
2011-11-01,157.29,159.65,156.75,158.02,20925820
2011-11-02,156.83,159.97,156.66,158.69,16533380
2011-11-03,158.32,161.23,158.2,160.8,28629820
2011-11-04,163.27,164.63,162.32,163.41,25322200
2011-11-08,164.31,166.55,162.9,166.0,24294080
2011-11-09,167.3,167.67,153.94,154.75,94152450
2011-11-11,154.73,154.99,148.04,149.46,54231820
2011-11-14,151.76,151.84,144.64,145.7,28123030
2011-11-15,145.03,146.58,142.81,143.75,34040170
2011-11-16,143.61,147.94,142.79,146.77,31890660
2011-11-17,146.58,149.5,145.15,146.06,28578790
2011-11-18,145.45,146.77,141.56,143.5,35137650
2011-11-21,143.2,143.32,137.51,138.98,28185380
2011-11-22,139.74,142.03,138.4,140.41,28518380
2011-11-23,139.13,139.13,135.24,137.56,29181030
2011-11-24,137.63,138.66,135.39,137.46,31828920
2011-11-25,137.05,141.2,135.88,140.51,41738460
2011-11-28,143.03,148.6,142.21,147.9,25489820
2011-11-29,148.6,149.35,145.21,146.37,30152190
2011-11-30,145.42,149.18,143.61,146.48,80068770
2011-12-01,150.93,153.98,150.43,151.6,24461390
2011-12-02,151.63,157.83,149.75,156.82,32783180
2011-12-05,156.64,159.32,155.42,158.83,29149520
2011-12-07,159.13,162.88,159.07,161.68,33426470
2011-12-08,160.4,160.72,154.58,155.24,32063030
2011-12-09,152.11,156.65,151.26,155.05,37919700
2011-12-12,156.47,157.63,146.52,147.33,41127410
2011-12-13,146.11,150.25,145.16,148.59,31436850
2011-12-14,148.27,152.92,147.19,148.36,43558460
2011-12-15,145.98,147.27,143.49,144.35,44368240
2011-12-16,145.61,148.13,138.39,139.55,50521620
2011-12-19,138.38,138.38,132.71,135.31,41792820
2011-12-20,135.64,137.05,130.57,131.19,33988040
2011-12-21,134.21,135.88,132.59,134.93,29947570
2011-12-22,133.81,139.55,131.99,138.88,34376160
2011-12-23,139.21,140.61,136.13,136.92,26774370
2011-12-26,136.56,139.21,136.48,138.43,16405640
2011-12-27,138.38,138.71,135.75,136.6,15426610
2011-12-28,135.39,135.88,133.18,133.82,17801920
2011-12-29,132.98,136.05,132.14,135.37,36163040
2011-12-30,136.13,137.13,133.44,134.56,20779220
2012-01-02,135.39,135.97,133.92,135.27,14464990
2012-01-03,136.63,142.12,136.55,141.76,21341020
2012-01-04,142.28,142.44,139.23,140.96,22241630
2012-01-05,140.95,142.83,139.63,140.66,21344840
2012-01-06,139.21,141.92,137.8,139.02,21137420
2012-01-09,138.1,138.1,135.06,136.07,26127920
2012-01-10,137.11,142.01,137.05,141.5,28087310
2012-01-11,141.79,144.09,140.73,143.53,24529370
2012-01-12,143.84,147.64,142.97,146.64,25162480
2012-01-13,147.67,149.59,147.1,147.61,20468290
2012-01-16,145.96,152.5,145.31,150.96,21265790
2012-01-17,152.76,155.61,152.51,153.25,22716470
2012-01-18,153.75,155.5,151.26,155.03,21712160
2012-01-19,156.25,158.94,155.84,156.6,17022890
2012-01-20,157.74,161.57,157.51,160.64,26377250
2012-01-23,160.56,163.49,159.65,161.27,16830570
2012-01-24,160.57,171.04,160.13,169.61,51131380
2012-01-25,170.81,173.36,169.54,171.04,33818960
2012-01-27,171.57,172.04,167.71,169.59,21060520
2012-01-30,167.47,171.1,163.74,164.99,20774550
2012-01-31,167.87,172.29,167.22,171.34,29751020
2012-02-01,170.46,173.57,169.75,172.67,27568480
2012-02-02,174.11,175.64,164.75,172.25,55330560
2012-02-03,172.04,175.99,169.25,174.79,24481860
2012-02-06,177.19,181.8,177.19,179.74,31648070
2012-02-07,181.34,181.87,178.3,178.94,21732080
2012-02-08,179.64,181.84,178.29,180.99,24978160
2012-02-09,179.87,182.18,179.32,181.51,18499690
2012-02-10,181.84,183.59,178.7,180.51,22965380
2012-02-13,180.68,181.22,174.2,176.96,56126600
2012-02-14,176.9,184.33,176.9,182.85,36543090
2012-02-15,185.09,187.62,184.71,187.05,26676630
2012-02-16,186.35,197.59,185.26,195.34,42827580
2012-02-17,197.55,205.41,197.55,200.88,50345570
2012-02-21,201.13,205.7,200.71,203.82,27876680
2012-02-22,204.12,205.21,185.91,187.41,63344440
2012-02-23,187.36,193.07,186.75,187.87,44543300
2012-02-24,189.49,191.4,182.43,183.31,36297520
2012-02-27,184.08,184.5,175.45,176.43,29408220
2012-02-28,177.77,187.41,177.08,185.44,44586320
2012-02-29,188.24,190.07,184.75,186.79,35696060
2012-03-01,185.65,185.98,181.72,184.4,22623660
2012-03-02,185.04,189.66,181.68,186.72,31101180
2012-03-05,185.73,185.73,179.91,180.85,19686120
2012-03-06,178.77,188.08,175.77,178.51,44398420
2012-03-07,177.44,179.83,175.03,177.98,35286120
2012-03-09,182.01,186.42,181.85,185.04,22974790
2012-03-12,191.6,193.19,189.58,192.05,36567100
2012-03-13,194.58,195.31,192.52,193.44,18007900
2012-03-14,197.0,197.34,193.83,195.71,22802380
2012-03-15,195.97,196.8,189.99,191.09,27417960
2012-03-16,191.15,195.72,184.09,185.16,40578470
2012-03-19,185.33,185.92,178.69,179.31,22683990
2012-03-20,179.52,183.08,177.7,181.79,26379790
2012-03-21,181.5,186.08,180.88,185.57,23060820
2012-03-22,185.09,187.46,178.69,179.57,30745480
2012-03-23,180.85,183.24,176.79,180.08,30728320
2012-03-26,179.41,179.43,175.36,175.98,20093020
2012-03-27,179.1,180.51,174.34,176.95,38470940
2012-03-28,176.19,176.31,171.49,172.81,24367160
2012-03-29,170.38,172.86,170.14,171.32,25090990
2012-03-30,171.85,175.35,171.85,174.23,25032100
2012-04-02,174.53,177.77,174.53,177.06,20297730
2012-04-03,178.02,181.45,178.01,180.56,21628480
2012-04-04,178.69,181.1,177.57,179.73,15237090
2012-04-09,178.52,178.59,173.7,174.57,13896030
2012-04-10,175.36,179.27,174.12,178.79,19318620
2012-04-11,176.62,181.14,175.95,179.4,25933200
2012-04-12,180.77,185.67,180.77,185.13,33620420
2012-04-13,187.0,189.79,182.45,183.86,27182620
2012-04-16,183.84,188.9,182.92,188.25,20681450
2012-04-17,190.9,195.28,184.6,191.51,55740650
2012-04-18,193.07,194.46,189.1,190.47,18500350
2012-04-19,190.9,191.05,187.34,188.58,19747410
2012-04-20,188.24,190.11,186.02,187.87,19024070
2012-04-23,188.24,189.45,181.35,182.28,21607120
2012-04-24,182.43,184.14,180.77,182.07,17626560
2012-04-25,181.94,183.42,177.08,180.49,24860580
2012-04-26,181.84,181.84,177.61,179.71,19133070
2012-04-27,178.85,180.24,174.61,176.65,25322120
2012-04-30,177.11,180.34,176.77,177.7,17221600
2012-05-02,178.27,180.26,176.64,177.9,13934080
2012-05-03,176.28,176.84,172.49,173.21,22939970
2012-05-04,171.81,171.95,165.06,165.91,24320340
2012-05-07,161.73,169.54,155.91,168.56,38693170
2012-05-08,169.21,170.28,159.81,162.51,30371610
2012-05-09,160.9,162.48,155.92,156.5,34001410
2012-05-10,157.08,160.63,152.28,153.18,41622790
2012-05-11,152.84,156.65,151.34,154.05,36830270
2012-05-14,154.67,157.54,150.72,152.9,29719730
2012-05-15,151.76,155.56,151.68,154.62,26559600
2012-05-16,152.42,153.32,149.79,151.9,28987000
2012-05-17,152.52,154.75,151.48,153.62,28710190
2012-05-18,151.26,162.65,151.26,161.28,88722070
2012-05-21,162.9,168.71,162.9,167.01,38849830
2012-05-22,169.13,169.54,160.49,161.13,41395000
2012-05-23,160.67,164.05,159.61,162.48,34534760
2012-05-24,165.7,167.05,162.94,166.39,32104050
2012-05-25,166.07,170.77,165.38,169.83,29159720
2012-05-28,170.86,178.3,170.68,177.82,35316050
2012-05-29,178.98,181.93,178.11,179.42,48415290
2012-05-30,177.84,179.24,176.19,177.56,32384070
2012-05-31,176.02,176.78,172.42,173.99,40737620
2012-06-01,174.32,176.06,170.69,171.64,26260160
2012-06-04,168.59,173.82,167.05,173.13,29318990
2012-06-05,174.67,178.56,174.41,176.25,32970970
2012-06-06,177.71,183.47,177.37,182.64,33459450
2012-06-07,184.74,185.24,182.5,183.46,35579490
2012-06-08,182.07,185.46,180.38,184.44,29803650
2012-06-11,186.17,187.69,182.41,183.2,28149690
2012-06-12,182.37,187.18,180.47,186.7,38566440
2012-06-13,187.02,189.9,184.99,188.38,31091980
2012-06-14,187.19,187.76,181.44,181.96,33236270
2012-06-15,183.5,185.32,181.69,184.74,28244050
2012-06-18,187.53,188.87,176.16,176.69,53583960
2012-06-19,176.69,179.09,173.99,177.77,37168690
2012-06-20,178.87,179.99,177.42,179.15,25115340
2012-06-21,177.73,184.91,176.44,184.34,34033180
2012-06-22,181.69,184.86,180.12,182.6,35627920
2012-06-25,182.88,186.17,177.85,178.98,43573040
2012-06-26,178.81,180.4,177.38,178.82,26383570
2012-06-27,180.09,180.96,177.99,178.85,19443200
2012-06-28,179.24,179.78,175.52,177.57,27841960
2012-06-29,180.25,183.64,180.0,182.7,25872690
2012-07-02,183.62,185.95,182.79,184.65,23629020
2012-07-03,185.75,186.51,184.24,185.1,23044680
2012-07-04,185.34,188.7,185.34,188.27,33471910
2012-07-05,187.86,189.53,187.2,189.01,18782280
2012-07-06,189.2,189.2,186.66,188.09,21904250
2012-07-09,186.01,187.78,185.55,186.97,21137340
2012-07-10,187.34,189.12,187.19,188.63,17667680
2012-07-11,187.44,190.62,187.03,187.76,24675290
2012-07-12,185.74,189.45,185.67,187.97,19749170
2012-07-13,188.03,189.01,183.73,184.35,17027690
2012-07-16,184.91,187.52,184.33,186.13,18541930
2012-07-17,187.44,188.15,184.66,186.1,13473830
2012-07-18,185.75,186.39,182.98,184.95,20777200
2012-07-19,187.37,187.64,182.28,182.63,20951570
2012-07-20,182.03,183.93,180.0,180.42,19267410
2012-07-23,178.73,179.73,176.59,177.13,15895700
2012-07-24,177.29,178.96,176.05,177.29,16448600
2012-07-25,176.55,177.27,174.41,175.2,17127660
2012-07-26,175.6,176.34,170.01,170.72,24636420
2012-07-27,173.57,174.94,163.45,164.26,42134890
2012-07-30,165.12,172.63,164.26,171.94,34443090
2012-07-31,172.47,173.05,166.56,169.68,48379270
2012-08-01,170.1,173.04,169.69,172.08,19820020
2012-08-02,171.79,171.79,169.04,170.21,21311770
2012-08-03,168.49,170.47,167.13,169.7,20063360
2012-08-06,172.19,172.39,170.16,170.79,16064040
2012-08-07,171.04,175.33,170.2,174.43,25271900
2012-08-08,175.43,176.78,173.75,174.39,22909420
2012-08-09,174.94,176.06,166.15,166.61,42898490
2012-08-10,166.12,168.74,158.76,159.75,108902910
2012-08-13,160.11,161.72,157.28,161.34,53428630
2012-08-14,161.72,163.32,160.62,161.66,36635290
2012-08-16,162.31,162.8,159.94,160.32,27216820
2012-08-17,160.36,162.24,159.29,160.54,28632600
2012-08-21,161.02,162.31,159.87,162.06,19716500
2012-08-22,160.79,163.58,160.53,161.82,25303710
2012-08-23,161.98,163.32,160.8,161.79,21831520
2012-08-24,160.79,161.12,159.4,160.27,18012150
2012-08-27,159.96,160.74,155.56,156.09,20736720
2012-08-28,155.9,157.36,154.88,156.07,24599940
2012-08-29,156.47,157.13,154.4,154.85,18804350
2012-08-30,154.19,156.3,153.61,155.68,21627450
2012-08-31,155.62,157.81,154.75,155.49,27903670
2012-09-03,156.56,157.83,155.92,156.62,15997080
2012-09-04,157.4,159.24,156.64,158.67,17181080
2012-09-05,157.41,157.99,154.62,154.88,19033670
2012-09-06,154.61,157.82,154.61,156.89,19561570
2012-09-07,159.77,160.96,159.32,160.11,24267990
2012-09-10,160.7,161.21,157.09,157.5,19432850
2012-09-11,156.14,158.4,156.13,157.21,18557340
2012-09-12,158.25,158.84,156.14,157.35,19625090
2012-09-13,156.89,159.52,156.89,158.05,16407420
2012-09-14,162.39,167.13,161.72,166.84,37985040
2012-09-17,169.76,176.77,169.76,175.98,53902050
2012-09-18,176.02,182.53,174.38,181.9,44354080
2012-09-20,178.47,182.78,177.71,179.69,31870400
2012-09-21,180.75,189.77,180.68,187.29,42035570
2012-09-24,187.44,190.64,184.83,186.03,29149940
2012-09-25,187.29,189.98,183.81,185.88,30847570
2012-09-26,185.16,189.56,183.76,188.63,28369700
2012-09-27,189.56,191.67,188.73,190.17,27464560
2012-09-28,192.05,192.78,188.36,189.61,22346820
2012-10-01,189.76,192.83,189.58,192.11,15900770
2012-10-03,193.02,194.84,190.66,194.37,25948710
2012-10-04,195.48,198.78,195.0,198.5,24480430
2012-10-05,198.87,199.93,170.12,197.98,39747760
2012-10-08,198.06,198.06,191.36,192.05,18144560
2012-10-09,194.12,195.14,191.02,193.16,19485380
2012-10-10,191.08,191.58,187.74,188.17,21841000
2012-10-11,188.46,193.26,185.45,191.86,29460140
2012-10-12,192.07,194.17,189.99,190.55,17758970
2012-10-15,190.24,192.07,188.78,191.63,14254380
2012-10-16,192.14,193.37,188.2,188.62,15137550
2012-10-17,190.08,190.91,186.35,187.42,21075700
2012-10-18,188.57,193.26,186.77,192.79,24274450
2012-10-19,192.1,192.93,189.05,191.06,19700000
2012-10-22,188.46,191.24,188.31,189.64,13785660
2012-10-23,189.56,191.92,188.76,189.11,14004630
2012-10-25,189.54,190.44,185.75,186.12,28767350
2012-10-29,183.88,186.55,182.52,183.44,21364870
2012-10-30,183.55,186.16,174.8,175.54,45981440
2012-10-31,175.34,178.95,174.12,178.58,25377620
2012-11-01,178.73,179.79,177.58,179.02,14382330
2012-11-02,181.1,182.7,179.84,182.15,17604300
2012-11-05,181.34,182.26,180.1,181.5,12145950
2012-11-06,180.33,184.27,180.33,183.9,15070250
2012-11-07,183.5,188.69,183.17,187.61,28982660
2012-11-08,185.24,191.84,184.67,189.75,27559100
2012-11-09,189.27,192.04,181.77,182.37,62456180
2012-11-12,183.22,185.74,179.75,185.35,31728480
2012-11-15,182.11,184.65,180.96,182.26,17207000
2012-11-16,182.26,183.63,177.81,178.43,18348140
2012-11-19,179.74,179.74,176.39,177.2,18300990
2012-11-20,178.56,179.3,173.73,174.88,18897210
2012-11-21,175.26,175.55,172.72,174.41,23015420
2012-11-22,174.97,178.94,174.97,177.58,18180930
2012-11-23,178.56,178.68,175.62,176.82,13757250
2012-11-26,177.42,178.53,176.02,177.03,13539140
2012-11-27,177.86,179.66,177.29,178.99,15647840
2012-11-29,180.09,181.27,178.19,180.41,20991170
2012-11-30,181.86,185.07,181.57,183.66,21590680
2012-12-03,184.48,187.02,183.93,186.52,18628530
2012-12-04,186.85,190.34,186.38,189.52,22339070
2012-12-05,190.24,193.2,190.0,192.25,23558250
2012-12-06,193.03,196.16,189.56,195.25,23499050
2012-12-07,196.02,197.99,194.64,196.01,25831160
2012-12-10,196.53,196.9,194.73,196.35,13614690
2012-12-11,197.15,197.9,193.17,195.38,20557710
2012-12-12,195.48,196.16,193.49,194.21,18423190
2012-12-13,194.85,196.75,190.84,191.47,18254110
2012-12-14,191.77,196.92,190.73,196.35,20181840
2012-12-17,196.22,198.78,195.65,198.39,18967760
2012-12-18,198.87,201.58,192.86,200.79,41036170
2012-12-19,201.83,203.79,199.95,200.76,21278390
2012-12-20,200.43,203.0,198.24,201.51,18314370
2012-12-21,199.3,201.12,196.96,197.55,15685940
2012-12-24,198.02,199.63,196.75,197.29,10549750
2012-12-26,197.74,201.41,196.58,200.63,15353080
2012-12-27,200.63,202.89,199.94,202.11,19723060
2012-12-28,202.59,202.88,200.48,201.36,11036230
2012-12-31,200.56,202.82,200.45,201.87,10006870
2013-01-01,203.51,205.98,202.89,205.34,17202300
2013-01-02,207.33,208.52,206.33,207.38,14660120
2013-01-03,208.18,210.07,206.16,209.16,20103090
2013-01-04,208.18,210.97,207.39,210.44,13705950
2013-01-07,210.72,211.48,208.33,208.82,10264490
2013-01-08,208.85,211.56,208.43,211.0,16123870
2013-01-09,211.05,214.95,211.05,213.49,22474110
2013-01-10,214.94,215.94,213.47,214.87,21504650
2013-01-11,215.71,215.79,210.14,210.8,14156720
2013-01-14,210.8,213.25,209.46,211.54,17721580
2013-01-15,211.99,213.03,209.04,210.7,12219330
2013-01-16,209.87,211.01,205.13,205.84,14390080
2013-01-17,205.26,210.08,205.05,209.01,14091240
2013-01-18,210.29,213.06,209.71,210.89,16073730
2013-01-21,211.14,212.53,210.72,211.52,11849060
2013-01-22,210.72,212.32,207.7,208.55,12954000
2013-01-23,209.11,210.89,207.51,209.9,15042750
2013-01-24,209.87,210.24,206.53,208.11,17650270
2013-01-25,208.15,213.66,207.16,212.72,12460930
2013-01-28,213.68,214.42,210.12,210.85,18349860
2013-01-29,210.76,214.52,207.76,208.38,46331240
2013-01-30,209.62,210.46,205.35,206.15,23715290
2013-01-31,206.15,207.89,204.47,206.32,25528120
2013-02-01,205.72,207.51,203.18,204.14,14516810
2013-02-04,204.58,205.57,198.45,199.09,18596650
2013-02-05,198.87,201.46,197.02,200.69,22375350
2013-02-06,201.83,202.08,198.19,198.76,13866580
2013-02-07,197.51,200.05,196.34,196.89,13760530
2013-02-08,196.33,198.27,192.61,193.47,17646650
2013-02-11,193.78,195.64,192.72,194.16,14811360
2013-02-12,194.72,195.28,192.84,194.33,13296820
2013-02-13,194.81,196.6,189.77,190.8,27599120
2013-02-14,190.41,192.01,184.06,187.51,60922460
2013-02-15,186.77,190.21,186.61,189.01,21127420
2013-02-18,189.14,192.0,189.14,191.48,18380120
2013-02-19,192.0,192.94,189.31,192.39,13692360
2013-02-20,193.37,193.55,190.12,190.58,16094270
2013-02-21,189.51,189.81,186.19,187.07,19310510
2013-02-22,187.11,188.33,185.33,185.84,18284310
2013-02-25,187.02,189.47,186.26,187.94,16887440
2013-02-26,186.85,187.53,185.21,186.04,16446360
2013-02-27,187.23,188.94,185.92,187.31,14100300
2013-02-28,189.05,189.28,173.57,176.1,58729590
2013-03-01,176.61,178.47,174.83,176.67,21676800
2013-03-04,176.65,178.44,175.72,177.67,18279980
2013-03-05,178.73,181.01,176.14,180.13,19059400
2013-03-06,181.18,184.05,180.8,183.52,21540750
2013-03-07,182.98,183.81,181.53,183.31,11774640
2013-03-08,184.25,187.78,184.15,186.98,19462340
2013-03-11,186.97,187.95,185.64,186.57,14154810
2013-03-12,186.77,188.54,184.74,186.75,21840370
2013-03-13,185.92,187.7,183.74,184.43,21052580
2013-03-14,184.4,191.38,183.23,190.83,33666130
2013-03-15,191.59,192.42,189.35,191.42,22161680
2013-03-18,189.36,191.18,189.0,190.39,11219240
2013-03-19,191.76,192.07,183.65,186.47,40393960
2013-03-20,186.13,186.99,178.58,179.44,23048180
2013-03-21,179.91,182.7,176.04,179.36,32310360
2013-03-22,179.68,180.25,175.68,176.35,20894740
2013-03-25,179.82,179.83,173.73,174.18,22640640
2013-03-26,173.48,175.0,171.54,173.51,16268370
2013-03-28,173.38,176.02,171.87,175.41,18801120
2013-04-01,176.44,177.54,174.87,176.92,11155370
2013-04-02,176.21,181.77,175.65,181.14,15282510
2013-04-03,180.78,182.53,176.92,178.1,23043560
2013-04-04,176.9,177.46,174.11,174.97,15062340
2013-04-05,174.97,176.36,172.8,174.05,16152430
2013-04-08,174.11,175.29,171.68,172.1,10811270
2013-04-09,173.08,174.83,167.56,168.26,18252900
2013-04-10,169.16,171.67,167.23,171.21,18994350
2013-04-11,172.19,173.48,169.93,172.83,18848870
2013-04-12,172.63,177.46,170.94,176.17,20632180
2013-04-15,174.58,182.65,174.55,181.63,18089020
2013-04-16,181.77,185.66,181.1,184.74,14838250
2013-04-17,185.75,192.09,185.75,190.0,24644810
2013-04-18,190.69,195.7,189.14,194.61,21382190
2013-04-22,195.18,199.71,195.18,196.93,14450260
2013-04-23,198.02,198.3,191.76,193.58,18770200
2013-04-25,195.4,198.28,194.13,197.56,20535590
2013-04-26,196.75,197.56,192.7,193.62,11550470
2013-04-29,194.81,195.44,191.43,192.4,13964420
2013-04-30,193.11,194.0,188.32,191.62,14814500
2013-05-02,192.52,196.91,191.69,194.59,20143690
2013-05-03,193.37,194.08,186.68,187.34,36583570
2013-05-06,186.64,188.93,184.74,188.38,19604120
2013-05-07,187.87,191.59,187.74,190.98,12903980
2013-05-08,191.25,192.35,188.84,190.8,14795230
2013-05-09,191.25,196.9,189.9,193.87,22585460
2013-05-10,193.78,196.58,193.26,194.1,18603240
2013-05-13,195.06,196.22,191.94,192.75,12807580
2013-05-14,192.37,196.21,191.79,194.05,19822490
2013-05-15,195.49,202.49,195.08,201.64,27233960
2013-05-16,201.01,206.41,200.73,204.74,22683930
2013-05-17,204.83,206.04,202.08,205.2,16893270
2013-05-20,205.64,209.19,203.31,204.1,18149490
2013-05-21,204.79,205.55,199.2,199.77,19350270
2013-05-22,201.41,203.29,198.49,199.97,15125760
2013-05-23,199.29,199.29,182.2,184.28,63821860
2013-05-24,185.5,186.01,180.03,182.04,34747060
2013-05-27,182.28,184.76,181.67,182.97,22382280
2013-05-28,184.24,186.52,183.13,183.76,21430960
2013-05-29,184.22,184.58,181.02,181.73,16838910
2013-05-30,181.19,182.91,179.38,180.2,24345150
2013-05-31,179.63,180.24,176.19,176.6,20767490
2013-06-03,176.71,179.63,176.02,178.59,21804450
2013-06-04,178.6,179.81,174.37,174.99,18890680
2013-06-05,174.81,176.39,173.6,175.3,19682800
2013-06-06,174.57,178.34,173.12,176.77,24860940
2013-06-07,175.58,179.03,173.86,174.65,18938650
2013-06-10,176.01,176.62,172.66,173.56,14601870
2013-06-11,172.99,174.81,171.01,172.35,27831190
2013-06-12,175.06,175.06,170.03,173.08,31892330
2013-06-13,171.69,175.65,171.28,174.18,21107870
2013-06-14,175.67,177.65,175.23,176.52,18141370
2013-06-17,177.1,178.95,171.89,178.24,25618850
2013-06-18,178.0,179.03,175.78,176.32,15409980
2013-06-19,176.36,177.06,175.04,176.51,15403450
2013-06-20,173.34,174.27,171.47,172.35,26521840
2013-06-21,172.04,173.33,169.65,171.62,26461690
2013-06-24,171.1,171.45,166.52,168.11,21810540
2013-06-25,168.08,168.2,164.04,164.61,30781170
2013-06-26,165.14,166.15,163.25,163.94,20557680
2013-06-27,165.79,166.52,164.02,165.01,19891950
2013-06-28,167.21,168.88,166.52,168.58,15660360
2013-07-01,169.37,174.37,168.68,173.91,15135150
2013-07-02,173.52,175.06,171.03,171.69,16265170
2013-07-03,170.49,170.49,163.31,163.83,25313640
2013-07-04,164.1,165.96,161.57,163.93,28494530
2013-07-05,165.75,166.32,162.92,163.45,17580390
2013-07-08,162.12,162.37,159.63,161.62,15419820
2013-07-09,162.81,165.01,162.26,163.47,22886230
2013-07-10,164.54,165.99,160.94,161.89,19184670
2013-07-11,164.88,166.35,163.93,164.91,15679190
2013-07-12,165.31,165.66,162.32,163.36,14990890
2013-07-15,163.22,165.41,161.17,164.99,23207480
2013-07-16,160.48,160.48,155.09,157.69,30413700
2013-07-17,158.41,158.67,154.45,155.88,24112260
2013-07-18,156.43,157.97,154.53,157.4,20494950
2013-07-19,157.81,157.81,155.19,156.28,14077470
2013-07-22,155.91,158.31,155.82,157.44,9686870
2013-07-23,158.58,161.32,158.13,160.56,14172240
2013-07-24,157.03,157.64,154.13,155.41,26278990
2013-07-25,154.79,156.69,154.37,155.15,29959130
2013-07-26,156.25,157.31,151.14,152.31,26165140
2013-07-29,152.48,152.72,149.51,150.13,16545080
2013-07-30,150.5,153.06,148.26,148.69,27908980
2013-07-31,148.21,148.39,145.81,147.4,30356230
2013-08-01,148.23,148.66,143.66,145.23,23616550
2013-08-02,145.64,147.45,143.66,145.0,25310950
2013-08-05,145.64,146.16,142.85,145.15,17653750
2013-08-06,143.66,144.64,140.9,141.62,25454280
2013-08-07,141.93,149.18,141.16,148.07,30640510
2013-08-08,147.39,148.23,142.36,143.58,22000410
2013-08-12,143.58,144.06,135.89,138.51,54399680
2013-08-13,137.59,140.38,135.89,139.77,40050290
2013-08-14,140.12,141.79,138.74,140.15,22630340
2013-08-16,138.99,139.26,133.99,135.51,33161930
2013-08-19,135.29,135.29,131.23,132.05,27358320
2013-08-20,129.42,134.74,128.44,134.08,24469990
2013-08-21,141.5,142.44,131.41,133.56,32616310
2013-08-22,132.24,135.62,130.48,135.01,39523490
2013-08-23,135.16,136.91,133.05,134.52,22294020
2013-08-26,135.56,136.74,133.32,134.36,17001610
2013-08-27,133.05,133.07,129.55,131.15,23246040
2013-08-28,129.42,130.46,125.34,129.24,25272130
2013-08-29,130.54,131.54,127.05,128.37,20084810
2013-08-30,128.25,131.66,126.86,131.06,21562390
2013-09-02,131.15,132.87,130.31,130.83,13421710
2013-09-03,131.57,132.41,126.07,127.32,21050700
2013-09-04,127.35,130.41,125.6,128.92,23858020
2013-09-05,132.53,141.89,132.3,141.34,41009330
2013-09-06,141.33,142.19,137.78,141.03,24826830
2013-09-10,143.23,146.25,139.86,140.94,21510870
2013-09-11,140.03,146.48,138.25,145.82,28928540
2013-09-12,146.68,147.34,142.02,143.09,19021980
2013-09-13,141.33,145.47,140.73,143.32,17630960
2013-09-16,146.42,147.11,141.1,142.05,22536660
2013-09-17,142.54,143.23,140.4,140.95,16469200
2013-09-18,141.93,144.8,141.23,144.4,13959810
2013-09-19,150.47,156.86,150.4,155.97,33437450
2013-09-20,156.5,159.15,146.02,150.78,50467260
2013-09-23,147.47,147.89,141.79,142.76,24899540
2013-09-24,139.78,142.72,137.73,141.93,27959960
2013-09-25,141.52,146.87,141.52,146.04,31710460
2013-09-26,145.4,146.47,143.6,144.62,16402440
2013-09-27,145.0,145.69,140.41,141.56,16454000
2013-09-30,139.24,140.47,137.76,139.34,16838130
2013-10-01,139.98,142.22,139.26,141.79,12547570
2013-10-03,141.76,143.66,140.22,143.24,17636560
2013-10-04,142.36,144.78,140.64,142.42,20201430
2013-10-07,141.61,141.93,139.78,140.9,11363520
2013-10-08,144.54,144.91,137.83,138.7,26710340
2013-10-09,137.26,139.59,135.79,138.83,34175100
2013-10-10,138.93,141.46,138.74,140.89,17336910
2013-10-11,142.36,144.25,140.72,142.61,15976780
2013-10-14,142.04,144.0,141.82,142.98,10581410
2013-10-15,143.57,146.12,139.01,140.02,23221460
2013-10-17,140.26,141.05,138.05,139.89,19848640
2013-10-18,140.55,144.25,140.38,143.62,16838070
2013-10-21,143.84,146.25,143.4,144.22,14555250
2013-10-22,144.09,145.98,143.23,144.54,13665340
2013-10-23,145.99,149.69,145.38,148.11,32879400
2013-10-24,148.23,150.55,147.34,148.26,21267920
2013-10-25,147.97,150.1,146.68,148.49,14223140
2013-10-28,148.83,150.03,144.21,144.56,13060010
2013-10-29,144.18,150.56,141.98,150.17,30146060
2013-10-30,150.82,151.72,147.95,148.49,14466420
2013-10-31,148.23,155.6,147.17,155.03,33459510
2013-11-01,154.7,163.07,154.38,162.12,34197760
2013-11-05,161.54,164.62,158.77,161.86,21888850
2013-11-06,160.66,162.67,155.65,156.13,23159300
2013-11-07,156.24,157.72,150.73,151.22,31283760
2013-11-08,150.91,152.54,149.27,150.5,17637190
2013-11-11,149.24,151.25,146.27,147.05,18516020
2013-11-12,147.1,148.14,144.0,144.34,24334250
2013-11-13,143.06,149.9,142.59,146.42,60408150
2013-11-14,148.67,150.2,147.17,148.67,18331450
2013-11-18,150.59,152.72,149.45,152.51,18948610
2013-11-19,152.2,157.89,152.11,157.32,28702840
2013-11-20,156.94,158.3,153.75,154.93,23355560
2013-11-21,153.79,154.32,151.42,152.11,23675930
2013-11-22,152.51,153.66,149.7,149.95,17754460
2013-11-25,150.26,156.31,150.13,155.88,22735900
2013-11-26,155.31,156.99,153.67,154.03,16048660
2013-11-27,154.1,155.19,151.59,152.17,13691010
2013-11-28,153.32,154.5,151.92,152.16,18432410
2013-11-29,151.94,157.64,151.94,156.98,23401810
2013-12-02,157.64,159.92,156.38,157.22,17459790
2013-12-03,156.6,157.88,155.76,156.47,14806910
2013-12-04,155.91,158.3,155.05,156.8,15426920
2013-12-05,160.48,162.44,159.29,160.13,23662450
2013-12-06,159.79,161.1,159.19,160.44,14500680
2013-12-09,164.88,166.0,162.64,163.14,18775040
2013-12-10,163.48,163.81,158.44,159.04,18864240
2013-12-11,158.76,159.01,153.71,155.01,20710400
2013-12-12,154.44,155.13,152.85,153.32,15817310
2013-12-13,151.68,152.72,150.14,150.44,16462210
2013-12-16,149.27,152.02,149.04,149.45,13021320
2013-12-17,151.01,151.42,147.77,148.26,17632770
2013-12-18,147.97,153.49,147.97,152.15,23581260
2013-12-19,152.92,153.44,147.76,149.36,18373200
2013-12-20,148.83,151.68,148.41,151.1,15023660
2013-12-23,150.56,152.96,150.56,151.72,13320010
2013-12-24,151.78,152.89,151.16,151.79,13339310
2013-12-26,151.25,152.86,150.73,151.29,16332130
2013-12-27,151.42,153.7,151.42,152.73,10695570
2013-12-30,153.65,154.33,151.43,152.25,10861570
2013-12-31,151.81,152.98,150.97,152.42,10753080
2014-01-01,152.89,153.14,151.96,152.29,5904780
2014-01-02,152.36,155.82,149.46,150.35,19451900
2014-01-03,149.01,149.78,147.63,148.37,13759590
2014-01-06,148.57,148.75,145.12,145.66,13907830
2014-01-07,146.06,146.85,142.79,143.35,17352910
2014-01-08,143.59,144.78,142.45,142.98,14248790
2014-01-09,142.62,143.46,140.64,141.48,14791100
2014-01-10,141.46,142.88,138.05,138.75,20473070
2014-01-13,138.93,141.94,138.93,141.61,15564850
2014-01-14,141.07,142.28,140.06,140.42,10197000
2014-01-15,140.81,143.05,140.81,141.56,13624980
2014-01-16,141.86,142.51,140.85,141.17,7241970
2014-01-17,141.03,141.89,139.52,139.91,11207380
2014-01-20,139.91,142.01,139.49,141.66,9468650
2014-01-21,142.7,144.32,142.04,143.18,12351890
2014-01-22,142.71,143.05,141.09,142.09,9821920
2014-01-23,141.41,143.49,141.17,143.08,9241310
2014-01-24,142.28,143.65,139.6,139.88,16616560
2014-01-27,137.87,138.39,136.59,137.57,15688040
2014-01-28,138.31,140.47,136.17,137.73,18296910
2014-01-29,139.17,139.93,135.46,135.78,17594550
2014-01-30,134.17,134.43,130.29,130.85,20955320
2014-01-31,132.05,132.79,130.54,131.48,13174950
2014-02-03,131.58,131.92,128.13,128.42,14150230
2014-02-04,127.18,131.32,126.56,130.75,18002040
2014-02-05,131.05,132.0,129.52,131.29,13227190
2014-02-06,131.33,132.69,128.86,129.84,16116300
2014-02-07,131.15,132.42,129.72,131.8,18203400
2014-02-10,132.04,132.26,130.05,130.64,10494640
2014-02-11,130.71,131.79,130.67,131.12,7118720
2014-02-12,131.76,132.87,130.98,132.23,15539930
2014-02-13,132.27,132.51,129.08,129.47,13251910
2014-02-14,129.62,130.7,125.55,127.27,45823350
2014-02-17,126.83,128.12,126.25,127.14,16601150
2014-02-18,127.44,130.27,126.93,129.5,13981720
2014-02-19,129.41,130.72,129.25,130.12,9753850
2014-02-20,129.16,129.51,127.38,127.75,10363320
2014-02-21,128.13,129.85,128.13,129.6,9430050
2014-02-24,129.49,130.92,128.49,130.33,10295950
2014-02-25,130.89,131.23,129.34,129.94,9445490
2014-02-26,130.28,132.42,129.88,131.18,31769610
2014-02-28,131.94,132.82,130.97,132.29,13109410
2014-03-03,132.01,134.48,130.72,131.0,16179310
2014-03-04,130.97,134.15,130.72,133.77,17249460
2014-03-05,134.6,136.5,132.87,136.03,25001030
2014-03-06,136.63,136.63,134.77,136.1,22604310
2014-03-07,136.67,143.61,136.52,142.33,51525570
2014-03-10,141.85,147.63,141.5,146.0,44180640
2014-03-11,147.12,149.91,145.03,145.8,25625230
2014-03-12,144.45,145.73,142.55,143.21,17206710
2014-03-13,143.64,147.64,143.02,143.82,29306490
2014-03-14,142.42,145.27,142.24,144.0,17043720
2014-03-18,144.07,148.77,144.07,148.1,29193580
2014-03-19,148.86,149.69,147.69,148.76,17798490
2014-03-20,148.51,148.51,145.6,146.07,14052620
2014-03-21,147.82,149.02,147.03,148.18,16902930
2014-03-24,148.94,151.46,148.94,150.22,16494770
2014-03-25,150.84,152.14,150.44,151.77,16789650
2014-03-26,152.7,154.43,151.61,153.87,20279380
2014-03-27,154.95,161.38,154.95,159.92,48585150
2014-03-28,161.61,166.79,161.61,165.57,33298740
2014-03-31,166.71,168.78,164.11,166.94,25924470
2014-04-01,167.84,168.32,162.57,164.85,22272160
2014-04-02,167.14,168.88,164.34,168.44,19202730
2014-04-03,168.36,168.71,163.97,165.07,20425470
2014-04-04,165.31,166.47,162.8,165.64,20800500
2014-04-07,166.24,167.64,165.26,167.35,22630300
2014-04-09,168.02,173.41,168.02,172.8,26631730
2014-04-10,173.67,177.59,173.25,176.55,28796540
2014-04-11,175.41,176.69,172.75,173.6,20895560
2014-04-15,173.67,174.52,169.55,170.98,16863520
2014-04-16,171.15,173.64,169.76,170.57,19376260
2014-04-17,171.25,176.02,170.86,175.61,21513800
2014-04-21,176.02,180.96,176.02,180.38,18872420
2014-04-22,180.55,180.81,177.6,178.33,18364100
2014-04-23,178.02,180.9,177.66,179.78,23265390
2014-04-24,179.78,179.78,179.78,179.78,0
2014-04-25,179.33,183.82,177.84,181.53,22655730
2014-04-28,181.07,184.46,180.33,183.35,16889200
2014-04-29,184.53,184.98,179.33,179.83,16514320
2014-04-30,180.19,183.49,178.8,180.95,22114870
2014-05-02,182.38,183.23,177.6,178.3,15446470
2014-05-05,178.85,180.19,177.15,177.98,13172760
2014-05-06,179.31,179.65,177.65,178.65,9841880
2014-05-07,178.61,181.5,177.94,180.7,19519520
2014-05-08,181.64,183.16,180.31,182.09,19363440
2014-05-09,181.07,190.23,181.07,189.19,27635400
2014-05-12,190.47,197.16,190.47,195.23,26436870
2014-05-13,198.48,202.31,196.77,198.14,32756640
2014-05-14,198.65,201.6,197.37,198.7,28870930
2014-05-15,199.35,200.48,197.81,198.41,21093980
2014-05-16,204.57,218.24,200.31,210.42,79653680
2014-05-19,213.19,225.88,213.19,223.56,36044700
2014-05-20,227.27,227.64,218.54,219.95,23419880
2014-05-21,220.07,220.24,213.45,214.09,23542300
2014-05-22,215.46,220.94,215.11,218.65,20116860
2014-05-23,219.37,241.75,217.39,239.7,89947940
2014-05-26,246.71,246.79,228.86,235.21,43472930
2014-05-27,234.8,235.04,227.79,228.89,21141040
2014-05-28,229.56,230.33,225.48,227.22,22103120
2014-05-29,227.9,231.37,225.89,227.77,38177620
2014-05-30,227.9,229.4,221.6,222.59,23614930
2014-06-02,223.18,232.17,221.23,231.56,22338560
2014-06-03,233.44,235.35,229.51,231.6,31312470
2014-06-04,229.6,235.85,229.6,234.88,19581210
2014-06-05,235.04,238.41,233.86,236.22,21508380
2014-06-06,239.46,241.19,237.74,239.89,23003760
2014-06-09,241.22,241.79,236.15,237.09,16762200
2014-06-10,237.63,238.01,232.12,233.41,15604840
2014-06-11,234.91,239.36,233.25,236.17,20880260
2014-06-12,236.15,237.28,233.78,236.51,17608610
2014-06-13,237.1,237.28,226.42,228.34,18537170
2014-06-16,228.6,228.95,223.01,225.95,17379420
2014-06-17,224.5,233.98,223.57,232.31,22808210
2014-06-18,231.15,235.03,228.23,231.28,25021300
2014-06-19,231.76,233.63,227.24,228.12,21446630
2014-06-20,228.26,229.72,224.81,226.17,15397210
2014-06-23,226.24,229.79,224.76,227.66,17948990
2014-06-24,227.66,234.11,227.66,233.18,17354830
2014-06-25,233.25,236.78,231.78,235.69,23118070
2014-06-26,236.4,237.94,231.1,232.25,17973090
2014-06-27,232.5,233.77,230.1,231.06,10927310
2014-06-30,232.02,237.01,231.63,235.2,15140470
2014-07-01,236.31,237.19,234.34,234.67,9828620
2014-07-02,236.4,238.94,235.73,236.6,16497960
2014-07-03,236.4,238.2,234.41,236.07,14368590
2014-07-04,236.49,237.69,232.9,236.23,15306300
2014-07-07,236.15,237.6,234.21,235.06,13937420
2014-07-08,234.91,236.14,224.14,225.47,17690110
2014-07-09,226.77,228.95,222.87,226.09,18223190
2014-07-10,226.17,232.19,219.33,222.89,37386490
2014-07-11,221.65,222.72,211.18,212.34,22975720
2014-07-14,211.88,213.71,207.19,211.1,16142970
2014-07-15,212.51,221.07,212.51,220.43,20244400
2014-07-16,222.22,226.45,222.04,225.33,21653240
2014-07-17,223.88,229.65,221.79,227.84,16169410
2014-07-18,226.03,226.33,222.19,224.36,13962750
2014-07-21,224.23,226.07,219.99,220.92,12814270
2014-07-22,221.34,223.18,219.19,221.01,10256470
2014-07-23,222.57,225.28,220.38,222.42,15629540
2014-07-24,223.18,225.1,221.53,223.89,12997790
2014-07-25,222.61,224.76,217.41,218.94,13895680
2014-07-28,219.34,221.69,216.7,217.98,12536680
2014-07-30,218.1,219.48,212.79,216.22,24264520
2014-07-31,215.12,217.31,213.11,213.57,18349440
2014-08-01,211.45,217.58,211.01,213.39,20333530
2014-08-04,214.77,216.18,213.71,215.51,13946260
2014-08-05,216.84,217.49,213.77,216.6,17961890
2014-08-06,214.95,215.8,211.98,212.43,12928410
2014-08-07,211.45,214.42,210.6,213.29,15579810
2014-08-08,211.18,214.11,209.26,211.71,32789900
2014-08-11,212.76,213.63,210.57,211.4,12536370
2014-08-12,211.88,213.54,210.31,212.69,12331020
2014-08-13,212.32,213.31,205.97,207.42,20923880
2014-08-14,208.47,208.69,205.76,206.85,15800260
2014-08-18,206.19,212.69,206.11,211.99,16556210
2014-08-19,213.13,215.56,212.7,213.83,15948060
2014-08-20,214.07,214.36,210.88,211.43,16065950
2014-08-21,211.36,216.87,211.02,216.05,27963970
2014-08-22,217.12,223.18,217.12,221.05,26474960
2014-08-25,221.52,225.67,218.16,219.43,26784130
2014-08-26,218.88,219.68,215.85,218.54,14312180
2014-08-27,219.77,221.98,216.61,219.33,14200130
2014-08-28,219.94,220.97,214.77,215.45,14700480
2014-09-01,216.88,220.37,216.52,219.27,15193550
2014-09-02,220.39,221.87,219.24,220.82,16508080
2014-09-03,220.89,221.45,218.31,219.33,15715840
2014-09-04,219.41,219.68,216.79,217.68,12428860
2014-09-05,218.1,221.52,217.67,220.27,16913550
2014-09-08,222.15,225.19,221.33,224.66,17875080
2014-09-09,224.76,226.76,223.44,224.79,12975200
2014-09-10,223.18,224.4,221.13,223.26,16289770
2014-09-11,224.43,228.42,224.43,227.92,15981320
2014-09-12,228.08,231.23,226.55,230.31,16374410
2014-09-15,228.85,231.49,227.16,229.68,17437540
2014-09-16,230.18,231.5,223.27,224.41,15687360
2014-09-17,226.19,226.6,222.12,224.35,13044950
2014-09-18,223.62,230.1,222.74,229.43,20121200
2014-09-19,229.92,230.44,223.7,224.84,15558510
2014-09-22,223.35,229.83,222.59,227.78,14346980
2014-09-23,228.51,229.81,223.19,223.81,19379150
2014-09-24,223.3,225.3,215.01,217.69,23106290
2014-09-25,218.45,218.88,206.83,208.18,28369080
2014-09-26,206.62,215.4,205.76,214.1,28118450
2014-09-29,214.6,216.96,212.41,214.49,13845560
2014-09-30,213.29,216.79,211.91,214.14,18632180
2014-10-01,214.07,214.86,211.2,212.18,10544750
2014-10-07,210.54,212.19,206.57,207.19,13002440
2014-10-08,205.41,211.87,205.41,211.12,13589310
2014-10-09,212.41,218.76,212.41,217.1,17279230
2014-10-10,214.93,218.29,213.04,214.62,12525220
2014-10-13,213.37,218.4,212.87,217.62,13926640
2014-10-14,219.29,222.74,218.22,220.95,17315970
2014-10-15,220.95,220.95,220.95,220.95,0
2014-10-16,218.91,223.69,214.72,215.95,19073950
2014-10-17,217.84,221.95,216.71,220.81,14633000
2014-10-20,225.63,227.1,223.51,224.97,18824230
2014-10-21,225.89,228.26,224.98,226.26,15022310
2014-10-22,228.43,228.84,224.59,225.48,14511170
2014-10-27,226.94,229.39,225.98,227.45,13429580
2014-10-28,228.35,233.27,228.17,232.61,22963480
2014-10-29,234.39,234.56,230.36,231.48,17372970
2014-10-30,232.01,232.29,229.57,230.97,15544270
2014-10-31,232.2,237.26,231.67,236.65,20770240
2014-11-03,236.93,240.21,235.9,238.45,17780640
2014-11-05,239.29,245.14,238.51,243.57,26605100
2014-11-07,242.97,243.49,239.03,240.12,18163030
2014-11-10,241.57,242.44,239.29,239.86,12068890
2014-11-11,240.59,241.87,236.84,239.93,17405950
2014-11-12,241.04,242.66,239.51,240.43,16233230
2014-11-13,241.31,241.85,235.96,238.09,16859020
2014-11-14,239.03,245.76,238.15,244.09,50846690
2014-11-17,244.63,258.4,244.47,257.47,49164120
2014-11-18,258.9,260.83,256.02,257.92,32898390
2014-11-19,258.2,259.87,254.22,254.83,20735930
2014-11-20,258.07,261.57,255.01,260.13,18099509
2014-11-21,262.58,268.8,260.26,267.48,21009207
2014-11-24,269.5,271.29,267.96,270.42,18631463
2014-11-25,271.34,271.38,263.54,266.56,26776620
2014-11-26,266.96,270.33,265.82,268.14,11131807
2014-11-27,268.8,270.11,266.04,267.79,15378080
2014-11-28,270.02,282.37,269.67,281.4,27760604
2014-12-01,282.63,286.26,278.08,279.83,18449916
2014-12-02,279.22,282.63,272.78,279.04,23776383
2014-12-03,279.87,282.72,276.98,278.38,13699078
2014-12-04,280.05,281.05,274.97,280.44,13809486
2014-12-05,280.18,281.32,276.68,278.03,11391988
2014-12-08,278.95,278.95,273.44,273.96,9814223
2014-12-09,273.79,275.28,267.48,268.4,14926558
2014-12-10,265.73,277.73,265.56,276.63,15381613
2014-12-11,274.57,278.91,271.82,274.97,13151866
2014-12-12,274.62,277.46,270.55,272.6,11727933
2014-12-15,269.93,276.68,269.28,271.9,15117938
2014-12-16,269.76,272.3,256.54,258.81,20951938
2014-12-17,257.76,268.27,251.28,264.2,28290440
2014-12-18,272.12,273.7,266.61,268.88,18921827
2014-12-19,272.78,273.17,265.73,266.3,14130478
2014-12-22,268.18,270.24,265.6,269.41,11565161
2014-12-23,269.32,273.61,268.14,268.97,12836868
2014-12-24,267.92,271.38,267.04,267.7,14866629
2014-12-26,268.66,271.25,267.96,269.37,7373519
2014-12-29,270.98,271.6,268.8,269.28,7699059
2014-12-30,269.85,272.08,267.92,271.2,8113742
2014-12-31,271.47,274.01,271.42,273.04,6305857
2015-01-01,273.57,275.8,272.04,274.93,6138488
2015-01-02,275.23,278.69,275.23,276.02,9935094
2015-01-05,276.9,277.38,273.26,273.83,9136716
2015-01-06,271.42,272.39,261.53,262.58,15329257
2015-01-07,262.67,264.9,258.42,262.8,15046745
2015-01-08,267.05,268.36,264.72,266.91,8939749
2015-01-09,268.53,269.54,264.42,265.47,11953948
2015-01-12,266.3,269.5,263.63,268.88,8536142
2015-01-13,269.8,272.08,266.3,267.13,9484804
2015-01-14,266.17,268.8,264.64,266.78,8855660
2015-01-15,280.09,283.42,274.93,280.44,30729523
2015-01-16,280.18,280.44,274.14,276.19,21598514
2015-01-19,277.16,278.38,273.61,274.18,9975658
2015-01-20,274.93,280.0,274.93,278.56,13104643
2015-01-21,280.09,286.83,279.3,285.61,22617660
2015-01-22,286.22,286.83,281.75,284.25,12232626
2015-01-23,287.4,291.17,284.25,286.7,17127278
2015-01-27,288.41,290.82,282.45,288.98,13734088
2015-01-28,289.28,294.19,287.36,292.96,19428852
2015-01-29,291.39,292.09,284.64,286.31,14911660
2015-01-30,287.8,289.37,268.8,270.5,30252827
2015-02-02,270.99,273.09,267.13,269.23,17639807
2015-02-03,273.17,273.17,261.84,262.93,23743882
2015-02-04,265.03,265.25,255.58,256.58,21477507
2015-02-05,256.67,260.74,253.21,254.61,15722348
2015-02-06,254.79,258.16,250.15,254.17,15985714
2015-02-09,253.47,256.36,243.4,244.72,17088719
2015-02-10,242.97,254.61,241.39,251.55,22589681
2015-02-11,254.61,256.98,248.4,250.37,17366588
2015-02-12,252.95,253.04,243.67,248.92,20957180
2015-02-13,252.16,269.63,249.84,268.75,70540056
2015-02-16,271.95,274.18,266.78,268.53,21372131
2015-02-18,268.62,269.58,264.42,267.66,13472484
2015-02-19,268.01,269.06,259.87,264.72,17762135
2015-02-20,264.33,268.36,260.08,264.68,15792502
2015-02-23,265.47,266.69,257.76,259.65,12440505
2015-02-24,259.95,261.79,255.75,259.38,15046698
2015-02-25,261.79,263.24,258.29,258.77,12845169
2015-02-26,260.04,260.04,252.2,253.39,18707345
2015-02-27,255.01,263.54,254.0,262.58,18316053
2015-03-02,267.83,267.83,259.78,264.42,15085595
2015-03-03,265.73,267.4,262.4,264.94,14387971
2015-03-04,274.93,275.8,255.66,257.28,38674148
2015-03-05,258.07,259.38,253.69,257.24,16803823
2015-03-09,255.66,257.41,252.77,254.48,13199803
2015-03-10,254.57,256.76,249.62,251.81,14064427
2015-03-11,252.64,254.7,248.44,249.67,16329314
2015-03-12,252.29,253.43,250.5,251.15,9969794
2015-03-13,253.91,254.83,245.16,245.81,13414248
2015-03-16,246.47,248.53,245.16,246.6,15132928
2015-03-17,248.57,248.66,244.72,247.87,11350496
2015-03-18,248.75,252.55,246.91,251.55,12394230
2015-03-19,253.91,254.17,245.68,246.56,11046649
2015-03-20,246.73,247.26,242.35,243.62,11482652
2015-03-23,244.63,245.16,239.51,240.56,13058026
2015-03-24,239.73,242.0,235.52,236.88,17585259
2015-03-25,238.06,238.24,232.02,232.37,15824629
2015-03-26,231.58,232.81,223.44,224.71,22253318
2015-03-27,227.51,231.98,224.14,230.8,19423101
2015-03-30,232.11,235.83,230.4,234.56,12303870
2015-03-31,235.44,237.58,232.9,233.82,19482636
2015-04-01,233.47,240.47,230.4,239.42,12383589
2015-04-06,241.17,241.43,237.45,240.47,12925445
2015-04-07,241.04,241.96,236.66,238.2,12933524
2015-04-08,238.06,242.84,238.02,239.82,9913899
2015-04-09,240.78,246.73,238.59,245.9,13471276
2015-04-10,246.03,251.59,245.2,250.19,16880558
2015-04-13,251.99,252.6,248.09,250.67,11985436
2015-04-15,251.64,257.81,250.37,253.91,17289500
2015-04-16,254.13,257.63,250.85,256.01,15043998
2015-04-17,254.79,258.2,253.21,255.44,16819018
2015-04-20,254.79,256.84,249.4,251.85,13788536
2015-04-21,251.64,255.66,246.69,253.21,15487948
2015-04-22,254.39,256.76,241.13,248.53,17741741
2015-04-23,249.53,251.64,241.87,243.1,13874710
2015-04-24,243.71,244.81,240.21,241.26,10049508
2015-04-27,242.14,242.14,232.99,233.82,12394191
2015-04-28,233.77,239.46,232.15,238.59,12693457
2015-04-29,238.37,239.38,236.01,238.06,8217676
2015-04-30,236.49,239.42,233.51,236.18,21635216
2015-05-04,239.9,243.4,237.85,242.66,8012690
2015-05-05,242.53,242.53,237.58,238.2,7102772
2015-05-06,237.67,239.55,230.49,232.37,16335660
2015-05-07,231.15,233.99,227.34,228.48,15962706
2015-05-08,231.15,234.65,227.91,229.35,14044596
2015-05-11,230.62,242.7,229.92,241.7,17198308
2015-05-12,241.04,241.13,233.2,234.12,12792368
2015-05-13,236.31,240.78,234.69,240.17,9245732
2015-05-14,239.9,246.82,238.98,245.99,13101418
2015-05-15,246.91,252.47,246.91,251.68,18247889
2015-05-18,253.82,253.91,249.88,253.69,13266119
2015-05-19,253.21,255.09,250.58,252.55,14541041
2015-05-20,253.47,258.11,253.25,256.19,11807544
2015-05-21,257.41,258.07,252.55,254.13,12118415
2015-05-22,256.54,267.05,245.81,247.3,69490117
2015-05-25,245.33,248.92,241.79,243.1,20356833
2015-05-26,244.28,245.86,241.65,242.66,9675703
2015-05-27,242.53,246.56,240.08,245.81,12176680
2015-05-28,248.07,248.07,244.79,246.12,13024987
2015-05-29,247.05,249.71,245.68,246.61,14809918
2015-06-01,247.05,250.02,246.08,246.65,11567692
2015-06-02,247.19,247.76,235.26,236.06,21653784
2015-06-03,236.72,236.99,226.13,228.21,25967877
2015-06-04,230.43,231.76,224.98,228.39,20210546
2015-06-05,227.86,232.29,226.62,228.57,13539638
2015-06-08,229.41,229.41,223.91,226.04,17384700
2015-06-09,226.09,229.01,225.2,228.39,15275972
2015-06-10,229.63,232.78,229.19,231.05,10910978
2015-06-11,232.51,233.13,224.0,225.2,20857622
2015-06-12,225.24,226.53,223.25,225.15,11440479
2015-06-15,226.09,226.62,220.63,221.87,13545280
2015-06-16,221.87,226.75,220.77,225.73,9896598
2015-06-17,226.97,227.77,224.76,226.17,11241061
2015-06-18,227.37,231.14,226.26,228.83,11598549
2015-06-19,230.43,233.27,228.88,230.65,12216399
2015-06-22,231.32,237.08,231.23,235.84,11051382
2015-06-23,238.85,240.45,236.06,237.39,16180083
2015-06-24,237.35,237.52,230.96,232.6,8361760
2015-06-25,231.63,235.84,229.68,234.77,16506503
2015-06-26,234.15,236.64,231.45,235.13,14588452
2015-06-29,229.41,231.23,226.09,230.21,15040805
2015-06-30,229.85,233.49,228.39,232.96,14181965
2015-07-01,233.27,238.94,232.78,237.39,12072024
2015-07-02,237.52,240.49,235.93,237.48,8741783
2015-07-03,237.04,239.38,236.55,238.85,7238541
2015-07-06,233.36,240.71,232.29,240.09,9458200
2015-07-07,239.74,243.51,239.38,241.96,12523410
2015-07-08,239.3,240.27,235.48,237.04,12669850
2015-07-09,236.72,240.54,236.72,237.39,6469504
2015-07-10,239.61,240.27,236.06,239.87,8788162
2015-07-13,241.16,243.24,237.52,242.67,8423083
2015-07-14,242.58,242.58,236.86,237.79,10337307
2015-07-15,238.28,240.89,236.86,237.66,7483918
2015-07-16,239.16,241.82,237.7,241.34,8354120
2015-07-17,241.51,242.93,239.83,240.36,5571891
2015-07-20,241.16,241.16,235.97,237.12,6418930
2015-07-21,236.72,239.21,233.62,234.33,5638653
2015-07-22,233.8,238.85,232.2,238.1,11322177
2015-07-23,238.05,241.16,236.95,239.43,6376216
2015-07-24,238.23,239.7,232.38,233.4,7796401
2015-07-27,233.36,233.53,228.79,229.14,6788558
2015-07-28,230.74,233.98,229.06,229.81,10788886
2015-07-29,230.52,231.14,223.69,224.84,9997136
2015-07-30,224.84,230.08,224.84,227.68,10536937
2015-07-31,228.75,242.71,228.35,239.43,20534806
2015-08-03,239.38,250.91,239.3,249.18,21901780
2015-08-04,250.47,257.07,245.06,255.88,28858887
2015-08-05,256.32,258.71,252.02,253.04,10169558
2015-08-06,253.22,257.83,250.02,256.27,15372143
2015-08-07,255.79,255.79,248.43,249.4,13845614
2015-08-10,250.07,253.57,248.34,250.69,14694901
2015-08-11,253.39,256.63,237.17,238.32,39233644
2015-08-12,237.12,237.12,226.13,227.28,29724325
2015-08-13,230.3,233.05,228.88,229.9,16360033
2015-08-14,232.2,238.85,229.85,238.05,14852873
2015-08-17,241.16,249.94,240.09,248.03,27500063
2015-08-18,248.96,255.34,244.31,252.51,27728824
2015-08-19,251.71,253.53,244.31,246.48,15452575
2015-08-20,246.17,249.71,237.61,239.87,14577599
2015-08-21,231.85,238.41,227.15,237.17,19030056
2015-08-24,225.82,228.48,214.91,217.57,29561705
2015-08-25,221.65,225.91,212.79,224.62,23492839
2015-08-26,223.87,224.58,217.22,217.84,16325529
2015-08-27,222.67,223.43,219.97,221.16,21076926
2015-08-28,225.64,226.88,219.39,220.72,16644381
2015-08-31,220.77,222.85,217.22,219.3,21645114
2015-09-01,217.09,217.09,210.75,211.99,19689080
2015-09-02,215.14,215.45,204.01,204.41,23655457
2015-09-03,206.27,208.71,204.81,205.92,14680299
2015-09-04,205.6,205.6,198.6,199.62,20466346
2015-09-07,201.35,201.7,195.19,196.03,15424783
2015-09-08,197.71,204.14,196.07,202.46,16189253
2015-09-09,207.42,207.91,203.12,205.38,18237115
2015-09-10,201.57,203.74,198.69,201.66,14195882
2015-09-11,204.72,206.85,202.15,204.01,13650937
2015-09-14,205.29,209.24,203.92,208.58,10671222
2015-09-15,208.53,211.41,206.27,206.49,13193410
2015-09-16,209.59,210.79,208.35,209.95,11272509
2015-09-18,212.79,218.51,212.34,214.56,16049395
2015-09-21,212.39,218.11,210.35,217.44,9602436
2015-09-22,219.84,220.28,209.46,210.97,13667322
2015-09-23,208.35,214.47,207.11,212.65,13614082
2015-09-24,212.3,214.07,211.06,211.94,9299508
2015-09-28,213.67,216.02,211.59,212.3,8588230
2015-09-29,209.24,217.57,205.87,214.47,24488685
2015-09-30,217.09,217.57,208.97,210.26,17011911
2015-10-01,213.85,214.47,207.82,208.49,11590498
2015-10-05,211.1,213.98,210.35,212.79,18307463
2015-10-06,215.18,215.27,210.75,212.88,10087077
2015-10-07,212.92,216.55,211.94,215.93,10608795
2015-10-08,214.96,217.4,213.76,215.71,9230511
2015-10-09,217.66,219.7,213.36,215.85,12171416
2015-10-12,216.42,217.8,213.94,216.82,7566962
2015-10-13,216.33,219.44,214.6,216.16,10200698
2015-10-14,216.07,218.82,215.62,216.55,7895820
2015-10-15,218.11,221.56,217.66,220.72,11582401
2015-10-16,221.52,227.99,220.19,227.68,11738832
2015-10-19,227.55,227.95,224.76,225.64,8969153
2015-10-20,225.64,227.95,224.49,225.95,8811740
2015-10-21,225.2,226.88,220.37,221.48,8606466
2015-10-23,224.31,225.95,223.43,224.67,7544810
2015-10-26,225.86,226.97,221.96,222.76,13085058
2015-10-27,221.74,223.6,219.97,220.59,6565348
2015-10-28,219.88,221.16,213.85,214.6,12310403
2015-10-29,214.12,214.38,209.64,210.08,16114932
2015-10-30,211.63,213.14,208.44,210.17,8669606
2015-11-02,211.01,211.01,206.31,210.04,7611610
2015-11-03,212.21,212.52,208.35,209.2,8323201
2015-11-04,212.08,213.23,210.13,211.9,8418352
2015-11-05,211.01,211.9,206.67,207.38,8906564
2015-11-06,208.89,217.04,206.58,215.45,30821077
2015-11-09,209.24,220.15,208.89,218.19,22806485
2015-11-10,217.13,219.21,212.88,213.85,11767845
2015-11-13,214.12,214.38,210.75,213.01,9082062
2015-11-16,212.34,221.08,211.99,220.15,14051479
2015-11-17,221.65,223.12,218.73,219.75,11273394
2015-11-18,219.52,220.5,212.3,213.67,10397889
2015-11-19,215.49,217.22,214.03,216.24,7325199
2015-11-20,216.29,221.56,214.56,215.4,13718619
2015-11-23,216.24,217.44,213.27,215.18,10552151
2015-11-24,215.0,216.33,213.32,214.03,6651669
2015-11-26,214.52,217.13,213.67,215.0,13629888
2015-11-27,215.45,222.1,215.27,221.39,15149912
2015-11-30,221.34,224.31,217.22,220.46,12865469
2015-12-01,222.41,223.34,221.03,221.83,9501537
2015-12-02,222.14,222.23,216.11,216.86,10881754
2015-12-03,216.47,216.78,213.14,213.76,7155630
2015-12-04,212.79,214.69,211.06,213.76,11115170
2015-12-07,215.4,215.4,211.01,211.59,7531729
2015-12-08,211.1,212.74,208.62,209.2,8254434
2015-12-09,208.71,211.19,207.11,207.82,7408777
2015-12-10,209.24,209.9,204.45,205.65,11713559
2015-12-11,206.49,207.38,199.58,201.53,12872949
2015-12-14,199.4,201.88,198.6,200.33,12464883
2015-12-15,201.26,201.39,198.6,200.73,10404430
2015-12-16,201.93,203.57,199.71,201.53,13030720
2015-12-17,203.92,206.05,202.59,204.72,14539096
2015-12-18,203.88,206.0,200.2,200.82,18871084
2015-12-21,201.17,204.81,200.82,204.32,9557098
2015-12-22,205.38,205.92,201.7,202.46,9155574
2015-12-23,204.14,204.81,202.95,203.61,7914311
2015-12-24,204.67,204.81,201.79,202.41,7257958
2015-12-28,203.08,203.88,202.15,202.95,8756879
2015-12-29,202.9,203.88,201.7,202.32,7263286
2015-12-30,203.03,203.65,199.35,200.2,11702877
2015-12-31,200.33,200.86,198.6,199.0,11558305
2016-01-01,199.49,202.95,199.04,201.97,6449426
2016-01-04,201.22,201.22,195.1,195.67,14092071
2016-01-05,197.54,197.54,192.39,193.06,15074848
2016-01-06,193.19,194.97,191.86,192.26,11921123
2016-01-07,189.73,189.82,185.3,185.79,14342279
2016-01-08,187.96,188.4,184.95,185.26,11745840
2016-01-11,183.35,183.97,179.67,181.13,19287860
2016-01-12,181.62,181.76,176.08,176.79,20318816
2016-01-13,178.52,179.45,172.0,178.12,23788247
2016-01-14,174.66,178.65,172.27,173.82,20256636
2016-01-15,175.37,175.37,160.48,163.4,29090426
2016-01-18,163.93,166.82,158.84,160.48,35653244
2016-01-19,161.5,166.51,160.92,162.21,24501774
2016-01-20,160.17,160.17,152.05,153.96,28655794
2016-01-21,156.93,158.39,152.54,155.69,28697205
2016-01-22,159.5,164.38,158.08,163.67,21432409
2016-01-25,166.59,167.39,161.81,162.21,17534650
2016-01-27,163.49,165.09,160.52,163.49,16569813
2016-01-28,163.31,164.82,161.81,164.24,20241030
2016-01-29,163.31,164.69,157.91,159.5,24259147
2016-02-01,161.32,161.32,152.59,153.16,22915269
2016-02-02,153.47,157.28,149.48,150.19,35957332
2016-02-03,148.77,148.77,144.74,147.22,24132003
2016-02-04,150.1,150.55,142.03,144.38,23811109
2016-02-05,145.14,150.1,143.81,149.13,22732245
2016-02-08,150.24,156.84,149.44,152.63,22289005
2016-02-09,148.95,152.85,147.27,148.11,19008384
2016-02-10,146.29,147.35,140.08,140.97,32294785
2016-02-11,141.41,148.51,134.94,136.76,72749830
2016-02-12,138.44,139.77,131.44,137.25,41187889
2016-02-15,140.97,150.72,140.08,148.82,35956266
2016-02-16,151.39,151.39,138.0,138.67,33816243
2016-02-17,137.42,141.72,134.1,140.93,32447698
2016-02-18,143.59,145.14,138.67,141.68,21024178
2016-02-19,140.0,146.56,139.29,146.02,24592575
2016-02-22,147.13,147.89,145.14,146.25,15815058
2016-02-23,146.29,146.29,140.08,140.53,20200068
2016-02-24,138.31,142.48,137.69,138.58,19440950
2016-02-25,139.73,140.17,133.88,134.59,22713124
2016-02-26,137.87,140.71,135.25,138.22,30051402
2016-02-29,140.26,145.32,135.65,140.75,66981910
2016-03-01,142.3,144.43,140.57,143.68,23588231
2016-03-02,152.94,162.43,152.94,160.61,53333757
2016-03-03,163.14,163.67,158.26,162.03,33507048
2016-03-04,162.6,168.32,158.26,167.04,38860711
2016-03-08,165.75,165.75,160.83,162.56,27928279
2016-03-09,159.59,163.14,158.44,162.6,29453018
2016-03-10,163.8,163.8,159.06,160.03,20472928
2016-03-11,159.59,161.94,157.42,159.68,21869157
2016-03-14,161.76,162.6,160.21,161.14,14369755
2016-03-15,161.05,165.09,161.05,164.29,22369600
2016-03-16,164.02,164.82,161.01,164.2,19237834
2016-03-17,166.68,167.84,164.02,165.22,21560986
2016-03-18,165.66,170.23,164.91,169.56,21144216
2016-03-21,171.12,174.93,171.12,174.48,20678069
2016-03-22,174.48,175.77,172.45,175.11,16728809
2016-03-23,174.57,175.19,173.16,174.31,13362780
2016-03-28,173.6,175.77,166.37,166.95,19760603
2016-03-29,167.13,169.56,165.49,168.01,16804848
2016-03-30,170.45,175.81,168.9,175.15,20709407
2016-03-31,175.42,176.21,170.54,172.22,30132473
2016-04-01,171.74,174.88,170.23,173.47,21752206
2016-04-04,174.93,175.06,170.72,172.62,15732565
2016-04-05,171.91,172.49,162.52,163.45,36635637
2016-04-06,164.02,164.47,161.54,163.0,16350631
2016-04-07,162.96,164.6,160.48,161.32,19430601
2016-04-08,161.05,163.09,159.77,162.34,15805231
2016-04-11,163.0,167.48,161.36,166.9,18990364
2016-04-12,167.13,168.68,165.18,166.51,14563344
2016-04-13,169.83,171.83,169.17,170.14,17573045
2016-04-18,169.74,169.79,164.55,165.57,13985439
2016-04-20,166.99,167.26,163.22,166.06,20163005
2016-04-21,168.9,175.02,168.46,172.31,31008152
2016-04-22,171.65,178.65,169.83,177.46,34049763
2016-04-25,178.16,179.58,173.6,174.71,23835613
2016-04-26,173.73,178.56,172.49,178.16,21809451
2016-04-27,178.12,178.12,173.33,173.91,22801603
2016-04-28,174.44,175.73,169.52,170.27,24555479
2016-04-29,170.14,172.0,165.31,167.57,21021661
2016-05-02,166.33,167.08,164.47,164.91,14469844
2016-05-03,165.8,167.88,162.83,163.18,16247931
2016-05-04,162.69,163.49,158.84,159.55,17826594
2016-05-05,159.81,161.98,158.26,159.9,17742028
2016-05-06,160.43,163.98,159.68,163.45,18336962
2016-05-09,165.35,167.92,164.07,167.3,13863696
2016-05-10,166.33,168.72,165.53,168.01,13845979
2016-05-11,164.38,167.13,163.22,164.02,18128414
2016-05-12,165.88,168.01,164.38,167.13,17398341
2016-05-13,166.64,166.64,163.4,163.89,15546644
2016-05-16,164.02,164.02,155.29,156.75,30937008
2016-05-17,158.26,158.35,155.38,156.8,22183140
2016-05-18,156.84,159.99,153.87,159.55,25345278
2016-05-19,160.48,160.48,152.41,153.12,25480517
2016-05-20,153.83,154.89,151.21,151.92,16720624
2016-05-23,152.76,153.12,149.13,149.31,16193112
2016-05-24,149.66,151.08,147.53,150.28,14816798
2016-05-25,152.05,155.87,152.01,155.25,18900887
2016-05-26,155.25,164.47,153.83,163.27,30700988
2016-05-27,163.14,179.45,160.92,173.69,85585820
2016-05-30,177.5,180.78,172.53,176.3,46075949
2016-05-31,176.26,182.38,173.95,181.71,39457647
2016-06-01,182.6,184.68,174.31,175.77,41868032
2016-06-02,175.42,179.36,173.38,177.81,23499884
2016-06-03,180.55,181.58,175.52,176.6,24568749
2016-06-06,177.36,181.99,177.05,178.66,23623536
2016-06-07,180.06,189.67,179.79,188.77,66063192
2016-06-08,188.77,190.34,186.43,189.26,35163093
2016-06-09,188.63,191.15,187.11,188.59,27858182
2016-06-10,188.05,189.98,184.41,185.0,25598224
2016-06-13,181.0,181.99,179.83,181.27,21192525
2016-06-14,183.56,187.38,183.06,186.57,23918910
2016-06-15,188.41,195.42,187.33,194.07,48362742
2016-06-16,194.02,196.27,191.37,194.02,48122379
2016-06-17,194.7,195.37,190.07,191.73,26486677
2016-06-20,186.84,194.65,186.75,193.93,32633757
2016-06-21,193.12,195.37,191.46,192.23,18960306
2016-06-22,192.23,193.35,189.94,191.24,16395548
2016-06-23,191.33,195.82,191.1,195.42,20666649
2016-06-24,184.95,190.74,181.9,189.76,47224652
2016-06-27,189.35,196.58,189.13,195.06,29021651
2016-06-28,194.7,196.4,193.48,193.93,21784062
2016-06-29,195.73,196.54,194.11,195.1,18019568
2016-06-30,197.62,199.32,195.73,196.54,30600995
2016-07-01,198.33,198.51,196.63,197.26,15346865
2016-07-04,199.73,201.52,199.41,200.31,16534518
2016-07-05,200.54,202.24,199.01,200.76,15357018
2016-07-07,201.12,201.75,197.03,197.66,12917872
2016-07-08,197.75,198.38,194.47,196.09,16017389
2016-07-11,200.85,202.51,199.41,201.84,15831791
2016-07-12,202.11,204.08,201.34,203.63,19374179
2016-07-13,203.9,205.25,201.16,204.53,18377333
2016-07-14,203.9,209.16,203.01,208.4,21208021
2016-07-15,209.2,210.55,207.32,207.95,15068302
2016-07-18,208.75,210.06,204.98,205.48,11816985
2016-07-19,206.6,208.53,203.9,206.24,19767339
2016-07-20,207.18,209.07,205.88,207.63,18051608
2016-07-21,208.08,208.49,201.57,202.69,13306837
2016-07-22,202.47,202.92,199.5,200.76,12341622
2016-07-25,200.31,207.5,200.04,206.51,18427070
2016-07-26,206.6,208.57,202.92,203.63,14162638
2016-07-27,204.58,207.5,203.72,205.93,17626617
2016-07-28,206.73,211.22,205.97,207.5,26838284
2016-07-29,206.6,209.02,205.16,206.06,15577230
2016-08-01,207.32,208.98,202.38,204.17,16071228
2016-08-02,205.97,207.41,204.17,204.85,16145066
2016-08-03,205.25,207.05,202.83,203.59,14838944
2016-08-04,205.21,205.43,200.49,202.69,17810908
2016-08-05,204.22,210.1,203.81,209.07,21264296
2016-08-08,210.15,211.9,208.13,209.52,16972827
2016-08-09,210.42,213.78,208.98,211.22,19854185
2016-08-10,212.66,212.8,207.54,207.95,16279843
2016-08-11,207.95,208.04,203.1,204.04,16673286
2016-08-12,203.9,222.72,201.57,218.55,86616475
2016-08-16,220.3,222.68,217.96,221.64,27709873
2016-08-17,221.38,224.38,219.44,221.2,18294050
2016-08-18,221.78,224.92,221.46,223.13,14314950
2016-08-19,229.06,233.55,227.71,232.2,39822529
2016-08-22,233.37,233.91,228.16,228.88,19769886
2016-08-23,228.97,229.77,225.46,228.83,17583721
2016-08-24,229.01,230.13,227.71,228.52,11560293
2016-08-25,228.97,229.55,223.31,224.7,21230706
2016-08-26,224.83,225.19,220.84,221.51,16531983
2016-08-29,220.84,224.43,219.4,223.71,11786129
2016-08-30,224.7,227.17,224.38,226.58,15323228
2016-08-31,227.48,229.77,225.64,226.81,15601566
2016-09-01,226.32,228.92,225.6,226.36,12175873
2016-09-02,226.36,229.23,226.05,228.7,11380257
2016-09-06,231.03,234.89,229.95,233.64,16620963
2016-09-07,236.15,242.8,233.91,239.65,30862337
2016-09-08,240.73,243.97,239.74,241.05,14339143
2016-09-09,241.09,241.09,236.56,237.23,11455826
2016-09-12,231.3,232.42,226.18,227.03,18989750
2016-09-14,229.06,231.75,227.26,231.35,12754966
2016-09-15,232.06,232.06,228.34,229.95,7783662
2016-09-16,231.71,235.34,227.62,228.43,18013477
2016-09-19,229.95,232.02,229.23,229.64,11433295
2016-09-20,230.31,230.31,227.84,228.56,9914599
2016-09-21,228.61,230.18,225.15,225.6,12817180
2016-09-22,231.66,232.15,229.15,231.66,20797370
2016-09-23,232.47,232.47,227.98,228.65,12730223
2016-09-26,228.11,228.56,225.15,226.05,8800173
2016-09-27,227.39,228.07,223.04,223.67,11345387
2016-09-28,224.56,229.77,222.81,227.93,17277539
2016-09-29,229.06,230.63,218.73,222.09,27870695
2016-09-30,221.73,226.81,220.79,225.69,14826293
2016-10-03,227.26,230.54,226.94,229.32,9314647
2016-10-04,229.77,235.34,227.98,233.32,21532806
2016-10-05,235.34,237.95,233.14,234.31,20868556
2016-10-06,234.76,235.34,229.64,230.67,11081154
2016-10-07,231.08,233.46,229.28,232.38,11934100
2016-10-10,232.96,233.82,230.0,230.49,9399844
2016-10-13,229.01,229.37,220.84,224.25,18050638
2016-10-14,225.46,227.75,223.76,226.45,12133951
2016-10-17,227.93,230.36,226.36,227.44,16865537
2016-10-18,228.97,231.48,227.98,230.76,20218355
2016-10-19,231.75,231.75,228.92,229.41,9546481
2016-10-20,229.68,234.35,229.32,233.73,14179531
2016-10-21,233.32,233.32,230.04,232.2,8833390
2016-10-24,232.92,237.95,232.92,236.2,14483254
2016-10-25,237.14,237.63,234.22,234.85,9079178
2016-10-26,233.91,237.9,230.67,232.42,15020687
2016-10-27,231.75,231.84,228.43,229.41,10938008
2016-10-28,229.86,232.47,228.16,231.75,11430184
2016-11-01,230.85,234.35,230.4,232.6,10000632
2016-11-02,228.25,229.95,225.06,225.51,13716294
2016-11-03,225.6,227.08,219.94,220.66,12902390
2016-11-04,221.2,222.23,215.85,218.14,12657669
2016-11-07,222.77,228.07,220.52,226.99,11224419
2016-11-08,227.89,228.25,223.35,226.94,9367228
2016-11-09,211.09,234.49,211.09,233.55,31761606
2016-11-10,239.83,255.28,238.26,252.68,50227559
2016-11-11,250.39,259.42,242.98,245.22,57937113
2016-11-15,247.16,254.61,243.16,249.89,48658808
2016-11-16,255.1,255.82,248.05,249.0,27532708
2016-11-17,249.72,253.49,247.56,249.22,19500760
2016-11-18,249.85,251.51,246.89,247.74,13389671
2016-11-21,248.95,249.36,229.82,231.17,26002028
2016-11-22,234.27,235.93,225.6,231.17,25631435
2016-11-23,233.37,233.86,228.83,232.33,16190033
2016-11-24,231.57,236.24,228.65,235.12,28927720
2016-11-25,236.69,237.59,232.06,234.4,19303589
2016-11-28,227.66,231.53,222.77,227.75,22315183
2016-11-29,228.38,230.4,226.36,226.99,12656706
2016-11-30,228.16,233.68,226.99,232.06,16501691
2016-12-01,233.23,234.44,228.74,229.64,12986151
2016-12-02,228.11,234.8,227.26,228.25,21139754
2016-12-05,228.52,231.57,227.44,230.76,8406973
2016-12-06,232.2,233.68,230.27,232.74,10048459
2016-12-07,233.86,236.02,226.05,229.59,22193202
2016-12-08,232.15,234.0,231.79,233.46,9047721
2016-12-09,234.27,240.01,232.47,239.52,16004173
2016-12-12,241.54,241.95,235.61,236.83,14296268
2016-12-13,237.95,239.61,234.94,239.07,9084137
2016-12-14,238.94,239.16,235.61,236.15,8672531
2016-12-15,233.46,240.28,232.65,238.4,12274497
2016-12-16,239.25,239.25,236.29,237.81,11017555
2016-12-19,236.56,237.59,234.31,234.76,8371299
2016-12-20,235.21,236.15,227.48,228.65,12765309
2016-12-21,230.04,231.75,228.25,229.37,8778450
2016-12-22,228.38,228.38,223.08,224.38,12981595
2016-12-23,224.34,226.18,222.59,223.8,10557157
2016-12-26,222.77,223.04,218.82,219.35,8592983
2016-12-27,219.71,224.52,218.37,223.44,8756536
2016-12-28,223.89,226.81,222.0,222.54,11747088
2016-12-29,222.45,223.53,220.52,222.45,10658616
2016-12-30,222.54,226.63,222.09,224.74,10538497
2017-01-02,226.81,227.84,217.92,218.82,25988990
2017-01-03,219.17,221.33,216.57,219.98,15963085
2017-01-04,220.79,221.33,217.56,218.19,11225978
2017-01-05,220.07,220.88,218.9,220.39,11970913
2017-01-06,220.97,223.67,220.52,220.88,12354302
2017-01-09,221.33,223.08,220.97,221.91,8329253
2017-01-10,222.5,223.67,221.33,223.04,9352013
2017-01-11,224.25,227.44,223.67,226.5,13415303
2017-01-12,227.17,228.56,225.06,225.69,11282323
2017-01-13,226.36,226.9,223.76,225.37,9333736
2017-01-16,225.51,230.31,225.19,229.73,13234727
2017-01-17,231.26,232.33,228.52,229.95,9480201
2017-01-18,230.94,232.92,230.49,232.06,8048897
2017-01-19,231.03,235.34,230.4,232.11,13029151
2017-01-20,232.2,234.0,224.83,225.51,15341756
2017-01-23,225.46,229.23,224.65,228.29,9339939
2017-01-24,229.15,230.85,228.16,228.97,13540202
2017-01-25,229.55,234.44,228.34,232.83,16343545
2017-01-27,233.82,240.91,233.1,239.34,18039379
2017-01-30,238.8,240.64,236.6,237.09,11884795
2017-01-31,234.58,237.0,233.23,233.86,8899165
2017-02-01,235.34,244.24,234.98,243.16,27253142
2017-02-02,244.19,247.02,241.36,245.49,20139955
2017-02-03,245.22,250.21,244.33,249.31,15366890
2017-02-06,251.51,253.76,247.92,248.86,14725291
2017-02-07,249.58,251.51,248.19,249.63,10981984
2017-02-08,249.8,250.84,244.86,249.0,13622088
2017-02-09,250.43,251.78,243.29,247.78,16080181
2017-02-10,250.39,254.03,247.02,248.23,37580487
2017-02-13,249.54,249.94,242.71,244.01,19853043
2017-02-14,244.33,245.22,240.82,242.71,13306738
2017-02-15,243.38,244.77,239.88,241.59,12201568
2017-02-16,248.82,248.82,242.21,242.98,21794688
2017-02-17,243.56,245.81,240.46,241.95,17830528
2017-02-20,242.44,243.92,240.73,242.21,9229363
2017-02-21,242.53,243.88,241.32,243.16,7754157
2017-02-22,244.24,246.75,242.08,244.59,12617613
2017-02-23,244.06,245.22,242.17,242.93,13146194
2017-02-27,243.25,243.83,240.37,240.96,9645350
2017-02-28,241.54,243.65,240.73,241.81,7941592
2017-03-01,242.53,245.49,242.35,244.1,7656892
2017-03-02,245.22,246.75,239.39,240.1,14220808
2017-03-03,239.16,241.54,237.36,238.08,10120034
2017-03-06,239.47,242.84,239.25,242.39,9515073
2017-03-07,243.25,243.34,239.3,240.55,11599142
2017-03-08,240.55,242.8,238.94,242.44,9122987
2017-03-09,241.63,246.03,241.09,245.45,15594429
2017-03-10,246.57,247.51,242.08,244.37,9557026
2017-03-14,250.07,250.07,245.94,246.71,15734886
2017-03-15,244.91,251.96,244.91,249.13,20055974
2017-03-16,249.72,251.69,247.96,250.88,18005184
2017-03-17,251.02,251.06,245.67,246.26,14265642
2017-03-20,246.8,246.8,244.15,246.03,9678185
2017-03-21,246.48,248.86,242.66,244.64,11898233
2017-03-22,242.8,243.43,239.65,240.28,9887203
2017-03-23,241.63,241.99,239.56,241.18,7998170
2017-03-24,242.08,250.57,241.32,248.37,20133467
2017-03-27,247.92,252.23,247.2,251.02,15966114
2017-03-28,252.1,254.12,250.16,253.4,18673371
2017-03-29,254.34,260.4,254.34,259.1,31008407
2017-03-30,259.6,263.86,259.46,261.44,19683170
2017-03-31,262.29,264.99,259.15,263.55,20185269
2017-04-03,264.81,265.61,262.47,263.32,10509610
2017-04-05,263.46,268.35,260.18,267.1,21936647
2017-04-06,265.39,267.28,261.8,263.05,18413111
2017-04-07,262.02,264.81,258.38,260.0,10765502
2017-04-10,260.31,260.81,257.4,259.91,10307875
2017-04-11,259.87,265.12,259.42,264.54,11682024
2017-04-12,264.09,265.39,259.69,260.63,13251421
2017-04-13,260.72,263.28,260.49,261.89,9944020
2017-04-17,261.48,262.96,259.15,260.4,8146800
2017-04-18,261.44,266.69,259.06,260.76,13457050
2017-04-19,261.89,262.07,254.12,255.15,18149995
2017-04-20,255.01,257.71,253.49,255.82,14514929
2017-04-21,257.8,257.8,250.84,253.49,12042308
2017-04-24,254.43,258.56,252.32,256.95,10077853
2017-04-25,258.25,259.42,256.0,256.95,11531902
2017-04-26,257.89,260.05,254.52,257.31,13836891
2017-04-27,257.31,258.65,252.45,253.35,22622372
2017-04-28,254.21,261.17,253.76,260.27,14152004
2017-05-02,260.72,262.74,257.89,258.97,9754789
2017-05-03,259.96,263.37,256.72,260.31,13950914
2017-05-04,264.09,269.48,263.28,268.62,24534923
2017-05-05,270.37,273.88,262.43,265.88,34756331
2017-05-08,265.97,270.15,264.0,268.94,11560550
2017-05-09,270.29,270.29,265.21,266.33,7843574
2017-05-10,266.78,267.81,263.19,264.49,8699405
2017-05-11,265.79,268.94,264.49,267.77,11934889
2017-05-12,269.48,271.81,265.88,267.59,13376269
2017-05-15,268.04,271.27,267.23,270.73,10383539
2017-05-16,271.27,277.02,268.89,276.21,17533439
2017-05-17,276.66,277.38,274.42,276.35,14120513
2017-05-18,273.83,276.57,271.27,272.13,15471393
2017-05-19,273.47,283.22,271.27,276.66,55250969
2017-05-22,277.52,277.92,263.37,264.36,35771221
2017-05-23,264.99,265.79,258.02,259.46,19846852
2017-05-24,260.54,260.9,252.99,254.34,16435958
2017-05-25,255.24,261.71,254.7,260.58,15018467
2017-05-26,263.3,263.76,258.59,261.45,12304394
2017-05-29,261.85,263.62,256.78,257.41,10619968
2017-05-30,256.87,262.62,254.74,261.81,9643418
2017-05-31,261.94,264.21,260.31,261.31,10697171
2017-06-01,260.99,264.12,257.96,260.54,12186700
2017-06-02,262.76,263.3,259.54,260.18,12004368
2017-06-05,261.08,262.62,259.9,260.36,7917410
2017-06-06,264.66,265.52,259.77,260.4,12346121
2017-06-07,261.22,264.21,260.31,263.35,10864355
2017-06-08,264.66,264.66,260.81,261.58,8370299
2017-06-09,261.31,262.31,259.04,261.54,10804887
2017-06-12,259.9,260.13,257.68,258.27,10326846
2017-06-13,258.68,260.13,256.51,257.28,9171049
2017-06-14,259.13,259.5,256.14,257.59,11566255
2017-06-15,257.28,259.04,255.01,257.41,11925641
2017-06-16,258.05,259.81,256.73,259.18,19246907
2017-06-19,259.77,262.71,258.59,261.81,14848661
2017-06-20,260.67,263.76,258.86,262.94,14927701
2017-06-21,261.26,265.07,261.26,263.67,10537576
2017-06-22,263.98,268.2,263.8,266.93,26110402
2017-06-23,267.16,267.88,260.86,261.9,20648597
2017-06-27,262.17,262.35,250.89,253.47,25523129
2017-06-28,251.61,252.38,248.12,250.52,17241351
2017-06-29,251.2,253.15,246.22,246.94,30457363
2017-06-30,246.54,249.03,244.45,248.03,12235472
2017-07-03,248.44,249.71,247.03,249.12,8951033
2017-07-04,249.25,250.57,246.58,247.44,7856082
2017-07-05,248.26,249.8,246.85,249.16,10048734
2017-07-06,249.3,256.23,248.89,254.69,16115817
2017-07-07,254.33,255.96,253.06,253.88,5914038
2017-07-10,257.5,260.13,256.69,258.82,2095795
2017-07-11,260.58,262.58,256.51,257.0,12400820
2017-07-12,258.05,261.4,256.69,260.72,7524835
2017-07-13,261.85,262.85,259.72,261.72,8434324
2017-07-14,261.76,266.11,260.36,264.3,13750192
2017-07-17,265.39,266.57,262.53,265.57,10549310
2017-07-18,264.53,268.65,262.85,263.76,11913832
2017-07-19,264.21,266.48,264.12,265.84,9006728
2017-07-20,265.57,266.7,262.9,263.71,6256500
2017-07-21,263.8,264.84,261.26,263.44,7266604
2017-07-24,263.58,268.56,263.48,266.97,11195781
2017-07-25,268.29,269.47,267.06,268.38,10846999
2017-07-26,268.51,271.6,267.61,268.11,12527914
2017-07-27,269.19,271.78,268.47,270.42,22286060
2017-07-28,269.19,272.59,267.93,271.1,15766196
2017-07-31,271.37,284.47,270.1,283.24,41547584
2017-08-01,284.6,285.33,279.12,280.07,14888804
2017-08-02,280.98,282.61,276.72,278.89,17005571
2017-08-03,278.26,278.62,271.1,272.41,14459919
2017-08-04,272.19,277.62,269.74,276.67,9615344
2017-08-07,277.17,282.61,276.58,282.07,11420767
2017-08-08,281.88,282.61,273.0,275.22,13578680
2017-08-09,274.41,278.67,272.0,274.0,15852734
2017-08-10,273.0,274.09,264.66,268.92,14519518
2017-08-11,266.93,274.63,251.47,253.92,67652562
2017-08-14,255.1,255.96,250.61,252.15,23773509
2017-08-16,252.93,257.32,248.53,256.6,21074533
2017-08-17,257.23,258.05,253.79,254.56,12134114
2017-08-18,251.97,253.47,250.16,252.61,12653217
2017-08-21,252.88,254.38,247.76,248.94,9247153
2017-08-22,250.16,251.07,245.81,248.26,11814388
2017-08-23,249.03,253.51,248.53,252.88,11317821
2017-08-24,253.51,255.1,251.52,254.06,14138226
2017-08-28,255.69,255.69,252.88,253.2,10505317
2017-08-29,252.38,254.56,250.21,251.07,10335964
2017-08-30,251.97,253.11,250.16,250.7,7648702
2017-08-31,250.93,253.33,248.53,251.75,14222467
2017-09-01,251.66,254.15,250.7,251.84,8255209
2017-09-04,252.83,253.42,250.52,251.75,7168751
2017-09-05,252.06,253.33,250.12,250.66,9565430
2017-09-06,250.12,250.75,248.03,248.57,7306781
2017-09-07,249.62,250.98,247.53,248.53,16102724
2017-09-08,249.16,249.62,245.72,246.35,7077895
2017-09-11,247.08,247.89,244.31,245.58,14489224
2017-09-12,246.54,249.84,245.18,247.85,8375133
2017-09-13,249.21,250.7,246.99,247.8,10150073
2017-09-14,247.8,249.8,246.81,248.53,8015217
2017-09-15,245.4,248.8,244.63,246.08,18404860
2017-09-18,247.44,248.35,244.22,245.08,17538678
2017-09-19,245.13,245.45,241.5,242.73,14331316
2017-09-20,243.05,246.58,242.41,244.77,12355806
2017-09-21,244.5,245.99,242.32,243.36,8509419
2017-09-22,242.23,242.37,236.66,237.34,12860892
2017-09-25,237.02,237.29,230.58,234.53,13937050
2017-09-26,234.3,235.34,232.03,234.07,11728345
2017-09-27,235.57,235.57,226.14,226.96,17080769
2017-09-28,226.82,229.81,226.14,228.91,17776419
2017-09-29,230.85,231.58,229.36,230.08,10073641
2017-10-03,232.4,232.4,227.14,227.77,10547836
2017-10-04,228.09,230.81,227.82,229.5,14063896
2017-10-05,229.95,230.31,225.87,228.04,13476692
2017-10-06,228.54,233.76,228.5,232.71,11932139
2017-10-09,232.76,234.39,230.45,232.8,8009211
2017-10-10,232.8,234.03,231.76,232.89,9742878
2017-10-11,233.08,234.25,227.0,228.18,14192548
2017-10-12,228.41,229.27,225.24,227.68,13404759
2017-10-13,227.59,231.44,226.78,228.5,15697555
2017-10-16,230.76,230.85,226.69,228.45,12171830
2017-10-17,228.45,230.85,227.18,227.64,13505216
2017-10-18,222.97,224.6,219.84,220.93,20677891
2017-10-19,220.98,222.29,218.57,220.02,3458869
2017-10-23,221.16,223.88,219.62,222.92,8901335
2017-10-24,222.97,231.4,222.92,230.63,17197805
2017-10-25,253.65,297.34,253.65,294.48,262677081
2017-10-26,299.11,318.41,287.78,290.49,112804243
2017-10-27,290.27,293.3,281.07,281.93,27580765
2017-10-30,282.79,292.17,281.52,282.79,28530254
2017-10-31,283.7,284.47,275.81,277.17,16455750
2017-11-01,280.43,291.36,280.43,289.91,34907283
2017-11-02,290.04,292.9,284.2,284.92,23110527
2017-11-03,285.92,296.84,283.33,294.57,26898400
2017-11-06,293.3,299.11,291.36,298.2,17143407
2017-11-07,298.15,300.65,285.96,287.5,21883541
2017-11-08,288.23,289.41,277.94,280.57,20242447
2017-11-09,283.83,288.23,279.35,284.33,21846178
2017-11-10,285.51,306.81,280.52,302.32,82984969
2017-11-13,305.22,312.52,298.88,300.06,38777555
2017-11-14,299.42,303.37,296.84,298.29,25647162
2017-11-15,297.29,300.15,292.08,294.53,17389606
2017-11-16,296.75,302.91,293.35,302.19,22506014
2017-11-17,312.7,314.24,304.54,305.9,26518142
2017-11-20,305.54,305.59,300.24,301.82,13507662
2017-11-21,303.64,304.0,299.11,299.69,14189920
2017-11-22,299.88,307.85,296.39,303.91,22861716
2017-11-23,304.09,305.13,300.6,303.59,13338423
2017-11-24,304.54,305.45,300.46,301.28,11716981
2017-11-27,299.01,305.45,297.34,304.23,13114683
2017-11-28,304.54,305.18,300.19,300.92,16054996
2017-11-29,301.24,303.5,296.57,298.11,11264624
2017-11-30,295.3,295.93,288.68,290.36,27276288
2017-12-01,291.4,292.13,282.11,283.47,16425620
2017-12-04,285.24,286.37,282.02,284.24,13887727
2017-12-05,283.24,290.68,279.89,289.23,15130931
2017-12-06,287.05,287.68,282.34,283.15,18658202
2017-12-07,283.24,288.0,283.2,286.78,12278558
2017-12-08,286.96,289.0,282.88,283.79,16418832
2017-12-11,286.37,289.41,285.6,288.59,14014369
2017-12-12,288.0,290.49,285.19,288.64,17658856
2017-12-13,286.55,289.09,282.02,283.97,17540585
2017-12-14,284.87,285.87,280.52,284.6,13894451
2017-12-15,288.59,289.45,282.34,283.02,16050711
2017-12-18,279.16,293.21,272.28,289.04,32119915
2017-12-19,289.54,292.08,288.59,289.86,14741481
2017-12-20,289.13,289.13,286.87,287.78,9895770
2017-12-21,286.96,288.41,285.87,287.1,9916409
2017-12-22,287.41,293.53,286.87,289.91,13821639
2017-12-26,288.77,290.0,286.69,287.46,9329690
2017-12-27,286.87,290.31,283.74,285.37,14276027
2017-12-28,285.78,286.87,278.85,279.53,20353152
2017-12-29,280.98,282.79,280.12,280.89,11939569
2018-01-01,281.52,283.47,277.62,278.35,12182400
2018-01-02,280.07,280.07,273.14,274.86,14797364
2018-01-03,276.72,277.76,273.86,274.5,13857373
2018-01-04,275.99,281.16,274.77,279.62,24517099
2018-01-05,282.25,282.25,276.99,277.67,14580575
2018-01-08,278.44,280.52,276.45,277.17,13557197
2018-01-09,278.71,280.52,274.9,275.81,15574755
2018-01-10,276.13,277.22,271.91,272.91,13064599
2018-01-11,272.73,274.63,271.91,273.91,12298455
2018-01-12,276.13,276.13,272.41,273.95,17594228
2018-01-15,275.49,276.67,273.32,274.27,18189668
2018-01-16,274.09,274.95,267.65,268.42,18040940
2018-01-17,268.29,279.53,265.21,278.35,26277307
2018-01-18,285.51,288.05,272.37,274.86,40000111
2018-01-19,275.49,280.98,274.18,280.3,18461642
2018-01-22,279.48,279.84,275.58,277.81,12622645
2018-01-23,277.71,290.54,277.67,288.32,35252217
2018-01-24,287.96,300.56,286.6,299.01,38070520
2018-01-25,301.6,301.6,282.65,283.83,42466150
2018-01-29,283.83,287.23,281.88,282.88,23600898
2018-01-30,282.84,289.0,281.88,284.2,25810404
2018-01-31,283.7,286.96,279.03,283.92,16409938
2018-02-01,287.23,287.68,276.45,277.4,19515991
2018-02-02,274.54,277.13,267.84,269.51,23274673
2018-02-05,265.25,272.28,262.85,270.15,18940578
2018-02-06,258.32,269.47,256.41,264.44,30577218
2018-02-07,268.83,270.01,262.85,265.39,21463818
2018-02-08,265.48,274.9,265.16,273.18,18932796
2018-02-09,269.19,272.46,267.38,268.65,15750824
2018-02-12,261.26,265.03,258.45,261.72,50839665
2018-02-14,261.67,261.67,249.25,250.34,45641149
2018-02-15,249.07,255.87,248.57,252.61,26058237
2018-02-16,254.24,254.87,244.77,246.22,30338112
2018-02-19,246.08,246.54,232.62,243.36,43847791
2018-02-20,243.82,248.53,240.01,244.41,33458021
2018-02-21,246.72,248.44,242.37,247.71,23714454
2018-02-22,245.08,247.99,244.22,247.08,25584062
2018-02-23,247.85,251.25,246.99,250.21,15482147
2018-02-26,253.79,253.79,248.21,248.76,15306032
2018-02-27,247.44,250.07,241.05,242.55,20824909
2018-02-28,239.51,244.45,236.38,242.91,26810799
2018-03-01,241.37,244.72,236.79,237.61,22859175
2018-03-05,236.07,240.19,234.53,238.83,18484565
2018-03-06,240.96,241.1,231.13,232.53,20778164
2018-03-07,231.17,231.44,223.01,223.56,31262500
2018-03-08,223.88,233.8,221.43,232.76,33133336
2018-03-09,232.94,233.3,228.09,229.54,21536191
2018-03-12,230.31,231.35,224.1,229.18,25332474
2018-03-13,227.77,237.83,226.23,230.85,37647221
2018-03-14,228.86,233.71,226.59,232.98,25471485
2018-03-15,232.94,234.57,228.91,229.95,18339890
2018-03-16,227.18,231.76,226.69,228.68,25728297
2018-03-19,229.22,229.86,223.06,224.74,18167594
2018-03-20,223.74,228.63,222.38,225.78,20556571
2018-03-21,228.18,230.49,223.97,224.78,19533972
2018-03-22,223.88,224.19,218.12,218.94,26828240
2018-03-23,215.54,217.21,210.6,212.82,27150262
2018-03-26,212.77,224.65,212.32,223.42,30373940
2018-03-27,226.59,231.58,224.78,230.54,31205051
2018-03-28,228.41,232.21,225.42,226.5,36673566
2018-04-02,228.23,228.41,221.97,223.11,14993188
2018-04-03,226.19,229.13,225.01,227.05,19883309
2018-04-04,228.14,229.31,222.52,224.15,18824449
2018-04-05,228.95,237.38,226.59,235.02,22880821
2018-04-06,235.34,236.97,230.99,235.39,24868860
2018-04-09,236.25,238.15,233.48,236.25,20208874
2018-04-10,236.66,240.19,234.3,238.65,21201141
2018-04-11,238.38,238.38,232.3,232.98,14885838
2018-04-12,233.39,233.39,228.63,230.04,18660913
2018-04-13,230.22,231.99,226.32,227.46,25654020
2018-04-16,226.01,227.77,223.97,225.69,16408377
2018-04-17,227.86,228.86,223.51,224.92,15922452
2018-04-18,226.14,226.5,222.33,223.38,16142387
2018-04-19,223.97,225.19,222.24,223.11,13166927
2018-04-20,222.83,222.83,217.08,218.62,15546939
2018-04-23,219.25,221.93,216.9,219.75,12111837
2018-04-24,219.34,220.61,217.17,218.07,9486349
2018-04-25,217.26,218.21,214.59,214.99,13124853
2018-04-26,216.08,216.44,210.73,211.37,24495144
2018-04-27,211.41,222.79,211.41,219.89,31401889
2018-04-30,221.88,226.32,221.61,223.33,17263193
2018-05-02,222.88,223.24,217.3,218.44,12887066
2018-05-03,218.39,220.61,216.4,219.25,12939642
2018-05-04,220.7,221.07,217.85,219.3,12777310
2018-05-07,219.75,224.96,219.39,223.42,15122614
2018-05-08,224.78,228.95,221.7,226.64,23293920
2018-05-09,226.41,226.41,223.24,224.78,11429823
2018-05-10,225.01,226.78,223.24,224.74,13160967
2018-05-11,224.42,228.04,223.01,226.91,11958589
2018-05-14,226.55,231.85,224.92,229.86,18673849
2018-05-15,229.31,233.35,222.88,224.78,18026861
2018-05-16,222.52,225.42,218.07,220.34,17222004
2018-05-17,221.34,222.97,218.57,219.98,11721064
2018-05-18,220.25,221.16,215.58,216.49,11873041
2018-05-21,220.75,222.74,217.8,221.56,18780730
2018-05-22,220.84,235.39,218.44,230.13,68713602
2018-05-23,230.81,244.5,230.49,238.56,71202072
2018-05-24,239.15,244.45,236.25,243.36,34679642
2018-05-25,242.73,243.27,237.97,241.96,22317308
2018-05-28,242.37,248.53,241.14,246.58,18959368
2018-05-29,245.18,245.58,238.2,239.56,16107543
2018-05-30,236.11,242.91,235.61,242.14,19320209
2018-05-31,241.87,249.07,238.51,244.31,31935892
2018-06-01,244.04,244.54,239.83,241.73,16574717
2018-06-04,242.91,243.23,236.84,238.38,12933824
2018-06-05,236.47,240.42,236.47,238.88,14102731
2018-06-06,238.38,245.99,237.65,244.86,18315171
2018-06-07,245.67,247.35,243.27,244.41,18773700
2018-06-08,243.77,248.26,242.0,247.44,14096549
2018-06-11,247.71,252.34,247.58,248.35,18219428
2018-06-12,248.35,257.77,248.35,256.37,31358021
2018-06-13,257.41,262.53,257.09,260.77,26748300
2018-06-14,259.72,259.72,254.96,256.14,18513730
2018-06-15,256.28,256.91,250.7,251.47,16949917
2018-06-18,251.97,253.56,249.66,250.93,13542420
2018-06-19,250.16,250.8,244.5,247.08,20726975
2018-06-20,247.62,249.03,245.72,247.71,14002946
2018-06-21,249.03,249.03,243.0,243.5,12954943
2018-06-22,243.82,248.08,240.87,247.49,20784133
2018-06-25,246.4,247.58,242.18,243.32,10934401
2018-06-26,242.23,245.81,240.55,242.37,16867009
2018-06-27,242.32,242.32,236.56,237.2,16277655
2018-06-28,236.02,237.47,231.76,232.94,21349738
2018-06-29,234.07,238.79,234.03,235.07,16244724
2018-07-02,234.71,237.24,230.22,234.62,21896701
2018-07-03,235.3,236.47,232.4,233.39,16099030
2018-07-04,231.81,234.16,230.67,233.35,14206935
2018-07-05,233.76,234.48,231.26,232.44,11215032
2018-07-06,232.12,236.38,231.63,233.12,16174019
2018-07-09,234.03,237.83,233.8,237.06,13220744
2018-07-10,239.15,240.87,237.83,239.06,11487165
2018-07-11,238.06,238.06,233.76,234.84,12857179
2018-07-12,236.93,239.74,236.7,238.15,10642215
2018-07-13,237.56,237.83,232.76,233.62,11976239
2018-07-16,232.94,233.39,227.5,228.04,8965623
2018-07-17,227.23,235.52,227.0,234.8,16067598
2018-07-18,235.75,237.92,232.17,235.25,17641125
2018-07-19,235.11,238.83,232.21,235.84,9958284
2018-07-20,235.57,238.38,234.34,237.02,6120163
2018-07-23,237.47,242.46,236.2,241.41,17013119
2018-07-24,242.18,244.0,240.69,241.87,9320281
2018-07-25,242.91,247.31,240.78,246.4,13099277
2018-07-26,249.34,262.31,248.53,260.77,53496546
2018-07-27,262.4,269.19,258.41,259.9,32175436
2018-07-30,262.12,271.51,262.12,269.56,40949610
2018-07-31,269.19,274.09,264.48,266.02,36510328
2018-08-01,266.93,270.1,261.35,267.47,33885474
2018-08-02,265.57,268.65,263.35,266.38,15665209
2018-08-03,267.02,271.87,266.93,271.23,18254462
2018-08-06,272.46,282.2,272.46,279.62,31576923
2018-08-07,280.84,282.52,274.68,275.58,23928622
2018-08-08,275.58,281.79,274.68,279.8,20498279
2018-08-09,283.65,289.91,281.11,287.68,46464355
2018-08-10,287.91,295.84,272.37,275.95,111510771
2018-08-13,268.29,274.45,263.85,266.61,58127432
2018-08-14,268.92,270.96,265.89,267.29,25294933
2018-08-16,266.02,270.46,263.08,265.3,31083900
2018-08-17,267.38,274.36,266.52,273.82,21931134
2018-08-20,275.63,279.8,275.18,278.85,20240462
2018-08-21,279.44,279.94,274.95,278.26,14139592
2018-08-23,278.21,278.21,270.37,274.13,22721004
2018-08-24,272.46,277.08,271.01,272.32,18869585
2018-08-27,275.54,281.29,274.9,279.16,28111768
2018-08-28,279.21,281.2,275.0,276.76,16890236
2018-08-29,278.08,282.79,277.13,280.71,24320824
2018-08-30,280.34,281.43,277.35,279.71,19935935
2018-08-31,279.07,281.57,276.04,280.61,18100140
2018-09-03,283.24,283.24,276.26,277.67,14708076
2018-09-04,278.08,278.67,267.79,268.65,42859084
2018-09-05,268.74,270.87,263.21,268.79,22922686
2018-09-06,270.1,271.78,266.93,268.7,18001336
2018-09-07,268.2,268.2,262.35,264.35,23716678
2018-09-10,263.44,265.8,257.23,258.18,23354395
2018-09-11,260.45,264.16,255.28,256.14,28361400
2018-09-12,257.41,259.86,253.79,258.59,22717796
2018-09-14,262.94,264.48,261.67,263.44,15149585
2018-09-17,261.49,261.49,257.5,258.59,16089996
2018-09-18,258.32,260.04,246.9,248.17,33901000
2018-09-19,249.62,256.37,245.18,246.08,40759431
2018-09-21,248.53,253.29,229.68,245.27,39308482
2018-09-24,247.17,247.44,238.02,239.6,24633374
2018-09-25,239.28,247.4,236.38,245.54,28948831
2018-09-26,248.35,248.35,238.15,239.15,23951904
2018-09-27,239.74,243.45,239.06,240.51,24829383
2018-09-28,241.46,247.89,237.92,240.64,33803139
2018-10-01,240.64,249.44,239.37,248.21,17711738
2018-10-03,247.76,252.61,245.27,246.26,19714943
2018-10-04,242.86,247.17,240.82,245.95,17754204
2018-10-05,245.63,245.63,232.03,234.16,36628643
2018-10-08,235.43,243.36,234.16,240.87,21100804
2018-10-09,242.91,243.05,235.66,238.33,16010883
2018-10-10,237.11,254.19,236.75,252.56,31772330
2018-10-11,242.91,246.08,236.2,237.61,46291120
2018-10-12,241.1,242.82,237.02,239.06,42967696
2018-10-15,239.65,240.82,236.66,238.56,21965859
2018-10-16,239.83,245.49,238.69,244.99,33597068
2018-10-17,248.12,249.25,235.66,236.7,21631573
2018-10-19,235.39,239.47,233.94,236.66,28474307
2018-10-22,241.1,241.1,235.16,235.98,19933462
2018-10-23,233.85,234.75,231.13,231.72,20206307
2018-10-24,235.89,237.29,229.13,231.76,25636533
2018-10-25,230.67,231.13,225.14,226.19,33066232
2018-10-26,228.41,228.86,224.24,224.87,20543437
2018-10-29,226.59,244.04,225.14,242.82,37768359
2018-10-30,242.46,252.97,241.1,247.58,33401683
2018-10-31,249.25,256.28,243.45,255.06,28137370
2018-11-01,256.51,261.94,252.74,259.13,29144808
2018-11-02,260.95,265.39,256.69,258.64,27760214
2018-11-05,259.63,271.91,256.96,267.34,44619891
2018-11-06,268.38,270.37,257.32,259.63,40688243
2018-11-07,261.85,261.85,259.18,259.72,3312160
2018-11-09,260.13,260.58,256.01,256.73,19201007
2018-11-12,257.14,257.14,250.93,251.93,24044907
2018-11-13,250.43,253.51,247.76,252.02,25633628
2018-11-14,254.15,260.77,251.97,257.05,52674807
2018-11-15,257.28,260.18,254.83,258.68,18445463
2018-11-16,259.13,264.48,256.14,263.67,24805910
2018-11-19,266.02,266.02,259.27,261.17,13799970
2018-11-20,259.13,261.54,256.05,256.91,12900924
2018-11-21,256.91,262.44,256.55,260.18,16167419
2018-11-22,259.18,260.18,255.24,256.23,12066797
2018-11-26,257.5,260.36,253.42,259.59,16846820
2018-11-27,257.96,263.3,257.46,262.31,21242956
2018-11-28,262.31,265.07,256.51,257.91,19837609
2018-11-29,262.22,262.53,257.64,259.59,27919104
2018-11-30,261.76,263.67,256.69,258.0,17583510
2018-12-03,259.86,260.95,256.73,259.95,15772176
2018-12-04,260.99,260.99,255.51,256.1,11897307
2018-12-05,256.01,256.69,251.11,253.92,14893748
2018-12-06,251.97,253.11,249.34,249.84,11083451
2018-12-07,251.07,251.38,246.63,249.62,10165275
2018-12-10,245.63,250.52,244.86,248.53,11947887
2018-12-11,243.23,256.73,243.23,254.92,30927239
2018-12-12,257.19,259.09,255.78,258.54,21765939
2018-12-13,262.85,266.48,259.0,261.94,24097152
2018-12-14,261.49,263.58,260.18,262.12,12156361
2018-12-17,262.22,264.16,260.4,262.4,12728014
2018-12-18,260.9,266.48,260.13,265.34,13606582
2018-12-19,267.11,273.73,267.11,272.55,26124125
2018-12-20,270.42,273.41,265.71,266.52,19222232
2018-12-21,266.16,268.74,263.58,264.57,15777301
2018-12-24,266.02,267.38,262.99,265.61,12048877
2018-12-26,265.43,267.38,260.27,266.61,12684324
2018-12-27,268.92,269.74,264.21,264.8,15304564
2018-12-28,266.11,269.29,266.07,267.2,12876558
2018-12-31,269.38,270.33,267.83,268.2,9526067
2019-01-01,269.65,272.55,266.34,271.55,11837127
2019-01-02,271.1,274.18,265.66,266.38,25559853
2019-01-03,267.38,267.88,262.94,263.85,17548347
2019-01-04,264.75,271.01,264.21,269.78,19514041
2019-01-07,272.87,273.27,267.56,268.56,14579399
2019-01-08,268.11,277.35,267.16,276.72,22949961
2019-01-09,277.35,278.35,272.59,276.72,21109911
2019-01-10,276.54,278.71,275.09,276.94,16295468
2019-01-11,276.81,277.53,272.77,274.41,12702551
2019-01-14,272.82,275.18,271.51,272.28,10372933
2019-01-15,273.73,275.18,272.91,273.41,9444374
2019-01-16,274.63,277.94,273.82,274.77,12111480
2019-01-17,275.45,275.86,267.93,269.56,15974634
2019-01-18,270.78,271.78,266.7,267.34,9082501
2019-01-21,268.2,268.97,264.16,265.07,10188647
2019-01-22,265.57,265.57,261.22,263.08,11297989
2019-01-23,263.26,265.52,258.77,259.81,10304608
2019-01-24,259.81,262.76,258.77,261.08,11532528
2019-01-25,262.49,263.76,256.69,258.68,11121223
2019-01-28,258.91,259.77,251.34,255.24,18905470
2019-01-29,254.69,259.22,250.66,254.33,17435611
2019-01-30,254.87,262.31,254.01,260.54,18908654
2019-01-31,262.85,267.2,261.04,266.16,25546487
2019-02-01,269.1,274.36,255.6,257.77,60015958
2019-02-04,255.96,258.5,251.84,257.37,20642919
2019-02-05,257.59,260.13,256.51,258.0,13291133
2019-02-06,259.09,262.62,256.96,261.99,12149759
2019-02-07,262.31,266.48,259.77,260.49,19733315
2019-02-08,258.86,261.04,255.78,259.22,19781908
2019-02-11,259.18,259.18,253.79,254.24,15420017
2019-02-12,254.38,255.78,248.94,249.62,15326106
2019-02-14,242.91,243.23,238.97,242.09,26372671
2019-02-15,243.68,243.68,236.84,238.33,23366091
2019-02-18,239.65,240.64,234.57,235.61,14781744
2019-02-19,236.47,242.46,235.93,238.29,19064306
2019-02-20,239.74,243.18,239.56,242.64,15514595
2019-02-21,244.99,245.63,242.28,242.91,13760702
2019-02-22,242.82,246.44,242.55,245.58,12536918
2019-02-25,245.9,245.99,242.82,244.86,20793897
2019-02-26,241.82,243.09,238.6,241.41,15274303
2019-02-27,242.91,247.17,241.6,242.59,20571652
2019-02-28,242.64,245.45,242.59,243.86,31636468
2019-03-01,245.22,248.89,244.81,247.4,20024726
2019-03-05,246.26,251.84,245.81,250.57,21533972
2019-03-06,251.34,256.1,250.57,252.06,22161376
2019-03-07,253.29,256.05,251.66,255.37,14899105
2019-03-08,255.46,257.64,253.42,254.87,19943319
2019-03-11,258.59,261.94,256.96,260.45,22931245
2019-03-12,262.12,262.76,259.0,260.04,20828136
2019-03-13,261.13,266.84,258.05,265.71,23725641
2019-03-14,266.93,267.11,263.53,264.57,16164017
2019-03-15,265.21,273.09,265.12,270.46,37928480
2019-03-18,270.92,272.73,267.06,270.96,23782967
2019-03-19,272.05,277.9,271.14,274.68,27218691
2019-03-20,274.45,276.13,271.96,275.36,18820555
2019-03-22,275.81,277.71,269.15,270.15,17865957
2019-03-25,266.48,267.79,264.84,266.48,16895511
2019-03-26,267.16,276.45,267.16,275.09,18303791
2019-03-27,276.67,281.75,275.86,279.89,35956450
2019-03-28,281.07,307.85,280.12,289.13,63244736
2019-04-01,291.67,296.98,290.99,292.53,22372357
2019-04-02,293.35,300.01,291.94,298.2,27897583
2019-04-03,300.01,301.33,289.59,290.49,30552104
2019-04-04,291.4,295.25,288.5,291.67,27832294
2019-04-05,293.39,293.39,285.51,287.37,23117232
2019-04-08,288.46,289.36,281.97,283.52,17394139
2019-04-09,284.56,286.14,279.26,285.28,25556039
2019-04-10,285.37,287.37,280.98,281.79,19237974
2019-04-11,281.88,285.87,279.8,285.42,14897935
2019-04-12,285.15,286.78,282.07,285.74,14751964
2019-04-15,285.96,288.86,284.38,286.05,13864791
2019-04-16,286.96,289.5,285.24,286.19,14940726
2019-04-18,286.23,286.23,279.21,281.7,15691168
2019-04-22,279.89,283.06,277.67,281.02,15665440
2019-04-23,281.02,284.38,276.08,276.67,17324274
2019-04-24,277.22,282.74,275.18,281.66,15228591
2019-04-25,281.88,282.79,276.81,277.53,30842477
2019-04-26,278.17,284.15,277.9,283.24,14987906
2019-04-30,282.79,282.79,276.45,280.93,18178758
2019-05-02,279.21,282.25,277.03,279.3,16640100
2019-05-03,280.07,282.61,279.89,280.98,12452689
2019-05-06,278.08,281.25,277.26,279.84,10639216
2019-05-07,281.61,284.06,275.31,276.85,15219845
2019-05-08,275.49,276.72,268.97,270.33,22103678
2019-05-09,269.74,272.82,268.38,271.28,12654440
2019-05-10,273.55,281.66,265.07,279.21,60739833
2019-05-13,280.98,284.78,276.72,278.17,40101505
2019-05-14,279.03,287.1,276.54,285.19,30521436
2019-05-15,286.6,288.14,281.88,282.88,27932459
2019-05-16,283.24,287.41,280.57,286.19,18147559
2019-05-17,286.1,291.81,284.1,289.36,25838962
2019-05-20,300.92,313.43,300.01,312.43,53207071
2019-05-21,313.52,315.01,304.77,305.95,33457162
2019-05-22,307.17,310.53,302.32,309.17,32002499
2019-05-23,319.95,329.92,307.44,310.16,74413322
2019-05-24,312.66,323.58,311.34,322.08,35703403
2019-05-27,321.81,328.56,320.86,327.84,31374994
2019-05-28,327.16,327.84,323.26,326.34,23501608
2019-05-29,324.48,325.39,314.65,316.01,28370210
2019-05-30,317.01,321.76,314.97,320.45,25712604
2019-05-31,321.18,324.39,312.38,319.5,32588069
2019-06-03,319.36,323.08,316.92,322.17,18380919
2019-06-04,320.86,323.76,318.5,319.41,18130636
2019-06-06,316.33,316.87,304.45,305.36,41941144
2019-06-07,305.45,310.66,304.54,310.03,29739710
2019-06-10,313.61,314.79,308.3,312.07,20500542
2019-06-11,312.75,315.69,310.75,314.6,16281297
2019-06-12,314.47,314.47,310.25,311.79,11564970
2019-06-13,310.89,314.92,307.99,314.06,15509948
2019-06-14,313.15,313.92,310.48,311.61,10347594
2019-06-17,311.57,311.57,305.4,306.22,13779496
2019-06-18,304.09,311.79,302.55,308.21,21957480
2019-06-19,310.98,312.88,304.09,307.13,16416903
2019-06-20,309.08,313.83,304.18,312.84,20626861
2019-06-21,312.52,317.87,311.02,316.69,24749090
2019-06-24,317.23,321.54,316.92,320.13,17919504
2019-06-25,319.68,323.58,318.37,323.17,15922634
2019-06-26,322.44,325.39,321.13,324.62,15835579
2019-06-27,324.57,329.02,323.8,328.25,29658120
2019-06-28,328.29,330.83,325.12,327.43,22708464
2019-07-01,328.83,329.02,324.94,327.7,12348793
2019-07-02,328.25,330.83,326.61,330.38,14482172
2019-07-03,331.05,332.37,329.02,331.87,12626285
2019-07-04,332.87,336.18,331.92,333.0,19252646
2019-07-05,334.86,338.62,331.73,335.95,30019347
2019-07-08,333.55,333.96,320.4,322.04,27247892
2019-07-09,320.4,326.3,319.5,325.84,16579914
2019-07-10,326.79,327.66,318.41,321.04,18681819
2019-07-11,324.94,329.92,323.58,329.2,20048321
2019-07-12,329.02,332.23,327.66,329.56,14661748
2019-07-15,330.01,330.83,324.12,326.34,15665939
2019-07-16,324.94,331.73,324.17,330.24,16251836
2019-07-17,329.97,338.58,329.06,337.54,17545177
2019-07-18,337.13,338.8,328.61,329.6,21691056
2019-07-19,330.92,331.78,321.9,322.67,22213173
2019-07-22,322.67,325.89,316.05,318.0,19682038
2019-07-23,318.32,319.95,309.08,310.16,27956145
2019-07-24,309.85,312.43,304.77,307.81,20823143
2019-07-25,309.71,311.07,305.81,309.35,19857643
2019-07-26,308.89,313.74,308.62,310.53,16139052
2019-07-29,311.75,314.11,305.27,311.61,17060483
2019-07-30,312.16,314.24,295.34,296.88,24437235
2019-07-31,294.66,302.01,293.58,301.1,22741445
2019-08-01,299.83,300.46,282.2,287.46,40853304
2019-08-02,286.01,292.08,278.3,279.57,64472348
2019-08-05,270.51,274.5,264.39,272.14,48815899
2019-08-06,270.83,275.77,269.42,273.18,30442970
2019-08-07,274.09,274.13,261.76,262.76,30820114
2019-08-08,262.85,267.83,258.86,266.79,32929233
2019-08-09,268.56,270.1,262.9,264.07,23377581
2019-08-13,263.67,264.25,256.05,256.82,24231272
2019-08-14,258.36,263.98,257.86,262.62,18523649
2019-08-16,260.99,265.39,257.68,263.67,20047399
2019-08-19,264.66,265.03,259.22,259.99,19831459
2019-08-20,260.4,260.49,254.38,257.14,23204417
2019-08-21,258.77,258.86,250.43,251.43,28226325
2019-08-22,252.25,252.25,242.28,243.41,27728925
2019-08-23,242.09,249.48,238.11,245.72,35212444
2019-08-26,261.04,261.04,244.72,253.97,64066440
2019-08-27,257.41,261.04,256.14,258.95,45164811
2019-08-28,259.81,259.81,255.78,258.23,18979998
2019-08-29,256.69,257.68,247.71,248.8,27083514
2019-08-30,250.12,251.93,241.87,248.21,45702652
2019-09-03,246.54,246.54,241.96,243.27,21241863
2019-09-04,244.45,250.02,242.23,249.34,27309675
2019-09-05,249.25,250.48,245.67,247.71,25085139
2019-09-06,249.3,251.07,246.63,248.3,16675146
2019-09-09,248.3,252.61,245.63,251.97,18616889
2019-09-11,252.43,259.09,252.43,258.54,20999669
2019-09-12,259.9,261.76,257.55,260.18,21964832
2019-09-13,258.32,265.12,255.6,264.39,27303181
2019-09-16,261.22,263.26,257.23,258.05,18267680
2019-09-17,258.32,259.63,247.44,248.3,21533362
2019-09-18,251.25,256.46,248.71,254.15,25478758
2019-09-19,253.74,253.74,247.49,248.39,23387797
2019-09-20,248.8,278.85,243.27,273.45,84481749
2019-09-23,278.76,286.42,272.28,284.38,54178171
2019-09-24,283.83,285.65,272.64,274.27,40096711
2019-09-25,269.19,269.65,252.61,254.01,73063465
2019-09-26,255.15,262.76,251.07,255.46,79005946
2019-09-27,256.23,259.27,253.79,254.87,37851718
2019-09-30,255.06,255.46,244.86,245.45,41094131
2019-10-01,247.21,249.71,222.56,231.99,79350077
2019-10-03,230.22,236.29,226.69,230.36,56207921
2019-10-04,234.3,236.11,225.28,226.55,60029186
2019-10-07,227.95,229.68,223.74,225.78,39160623
2019-10-09,226.69,237.47,221.47,236.52,60328507
2019-10-10,233.85,233.85,228.95,230.36,37577511
2019-10-11,232.21,236.93,227.95,230.72,43272106
2019-10-14,232.89,235.11,230.22,231.53,28265136
2019-10-15,232.44,235.57,230.95,234.25,23444973
2019-10-16,235.02,237.43,231.13,232.08,30892295
2019-10-17,232.4,241.1,231.67,240.6,37061013
2019-10-18,239.65,245.95,238.56,244.41,33203721
2019-10-22,245.08,249.25,243.36,245.18,27574295
2019-10-23,245.4,251.79,243.5,249.66,31789622
2019-10-24,250.16,251.66,225.37,237.92,63943183
2019-10-25,240.92,257.55,238.88,255.19,105518180
2019-10-27,258.27,258.27,254.01,255.42,12183625
2019-10-29,256.64,258.32,252.47,254.38,51033578
2019-10-30,256.51,263.76,253.11,262.76,51469048
2019-10-31,265.89,288.05,265.34,283.15,128449327
2019-11-01,283.15,285.51,279.71,284.2,44894016
2019-11-04,286.42,289.13,283.11,284.87,31535656
2019-11-05,284.51,291.85,283.52,289.32,50080853
2019-11-06,289.09,289.09,284.6,287.82,32157080
2019-11-07,288.46,293.03,287.14,288.36,33926772
2019-11-08,286.6,290.95,285.06,286.42,25423362
2019-11-11,285.24,289.72,283.79,288.46,20491942
2019-11-13,286.46,288.77,277.03,278.08,32675829
2019-11-14,278.21,280.52,271.64,277.35,43617772
2019-11-15,282.79,293.39,281.02,291.76,95199897
2019-11-18,293.67,298.97,293.44,294.66,39009263
2019-11-19,295.3,300.74,291.94,299.47,41372145
2019-11-20,300.92,301.37,294.66,298.02,29972583
2019-11-21,298.43,301.69,295.98,300.33,34116162
2019-11-22,300.42,302.55,297.52,298.47,28974967
2019-11-25,298.2,305.9,297.61,304.63,27561300
2019-11-26,306.36,308.17,301.46,304.09,36464072
2019-11-27,304.5,313.2,302.78,311.39,33971305
2019-11-28,314.38,318.14,312.25,316.6,42538227
2019-11-29,316.19,316.19,308.71,309.85,23081823
2019-12-02,311.7,312.11,304.72,306.81,20648850
2019-12-03,309.08,310.84,302.14,304.77,26482178
2019-12-04,302.82,310.84,300.78,309.85,26789483
2019-12-05,310.89,312.34,303.77,304.72,30429507
2019-12-06,305.18,306.04,288.23,290.04,47027528
2019-12-09,289.09,296.98,285.28,287.05,52435239
2019-12-10,287.5,292.44,283.02,284.06,52155809
2019-12-11,282.07,286.19,279.16,283.52,52557951
2019-12-12,284.6,292.72,284.2,291.72,37804216
2019-12-13,294.75,302.23,294.57,301.42,40955226
2019-12-16,304.5,305.68,299.83,300.78,35027613
2019-12-17,302.05,304.32,299.69,301.73,26734601
2019-12-18,303.64,304.14,295.3,296.34,26449075
2019-12-19,296.7,298.74,294.12,297.43,27516289
2019-12-20,299.42,307.72,299.42,306.22,51839714
2019-12-23,304.27,307.13,299.42,301.28,30150335
2019-12-24,302.01,302.91,298.38,300.42,21747782
2019-12-26,301.82,302.23,297.38,298.97,24616942
2019-12-27,302.19,306.67,301.82,305.68,33477173
2019-12-30,306.13,306.22,301.37,303.09,22775554
2019-12-31,303.09,304.86,301.42,302.5,23801635
2020-01-01,303.37,304.5,301.05,303.14,17379320
2020-01-02,303.18,308.03,302.14,307.53,20324236
2020-01-03,306.31,306.31,300.92,302.46,21853208
2020-01-06,300.65,300.65,287.96,289.13,35645325
2020-01-07,294.07,296.39,285.87,288.59,50966826
2020-01-08,282.88,291.4,281.88,289.86,44527485
2020-01-09,296.3,300.37,294.57,299.29,40348407
2020-01-10,300.01,306.31,297.38,301.14,42377838
2020-01-13,302.73,304.04,298.24,299.78,23615129
2020-01-14,298.92,300.65,295.93,297.29,26296117
2020-01-15,298.2,298.38,292.17,293.89,32625740
2020-01-16,293.67,296.3,292.17,293.03,26653623
2020-01-17,283.7,293.21,281.07,288.23,58396326
2020-01-20,290.95,291.36,284.06,284.6,30682902
2020-01-21,284.42,287.28,282.79,284.33,30591772
2020-01-22,287.32,287.32,284.33,286.55,24994911
2020-01-23,286.42,294.39,284.74,292.94,33293610
2020-01-24,293.21,296.66,291.08,293.71,22706879
2020-01-27,290.86,291.85,286.23,286.6,23309355
2020-01-28,288.18,290.04,281.93,285.6,26488426
2020-01-29,288.09,289.77,286.01,286.82,23914114
2020-01-30,287.1,287.1,277.03,281.61,35802330
2020-01-31,284.33,291.58,279.71,288.64,92656638
2020-02-03,274.63,278.12,267.7,270.19,56060158
2020-02-04,274.54,278.76,269.29,277.58,51141567
2020-02-05,278.17,284.29,276.08,281.88,35014841
2020-02-06,282.07,293.21,281.07,291.81,57757656
2020-02-07,291.4,294.57,288.59,290.54,37126803
2020-02-10,289.86,292.58,286.87,288.68,24816396
2020-02-11,290.99,295.3,290.99,293.98,30188757
2020-02-12,299.01,299.01,289.36,290.22,38930849
2020-02-13,291.85,299.97,291.85,296.79,62516057
2020-02-14,297.38,300.83,288.73,289.5,48205947
2020-02-17,290.9,291.08,282.47,284.78,36950692
2020-02-18,285.87,289.32,280.43,287.82,38588583
2020-02-19,292.13,293.67,287.55,290.36,39846727
2020-02-20,289.45,298.38,288.91,296.98,40150409
2020-02-24,295.25,300.28,291.72,292.72,45273936
2020-02-25,295.39,297.43,292.04,296.2,39050709
2020-02-26,294.44,299.83,293.85,297.47,43915281
2020-02-27,297.29,299.11,288.23,291.81,47010040
2020-02-28,282.79,285.19,272.91,274.63,59705346
2020-03-02,281.88,282.79,257.46,260.49,66711413
2020-03-03,265.57,266.84,258.59,262.71,61949382
2020-03-04,264.48,265.57,249.34,258.59,73675736
2020-03-05,263.67,270.46,244.72,261.49,149245973
2020-03-06,242.91,248.71,230.17,245.18,106043172
2020-03-09,235.7,238.15,227.64,229.72,101286241
2020-03-11,229.31,234.3,220.34,222.15,90845604
2020-03-12,210.19,210.19,189.07,192.7,99767083
2020-03-13,181.28,225.51,167.36,219.34,155701316
2020-03-16,206.56,209.74,199.95,202.44,75583409
2020-03-17,205.93,208.38,192.2,195.01,65403057
2020-03-18,200.31,202.26,181.37,195.05,101356399
2020-03-19,183.95,199.18,179.6,184.58,93533467
2020-03-20,186.31,195.51,181.28,190.2,77391650
2020-03-23,172.21,180.82,163.37,164.6,61750037
2020-03-24,173.07,173.98,157.3,166.05,67491360
2020-03-25,161.34,176.97,159.93,172.12,71567553
2020-03-26,173.62,182.18,167.77,174.7,107260359
2020-03-27,183.09,192.06,176.74,177.6,114740377
2020-03-30,172.21,176.74,168.81,169.4,60081554
2020-03-31,174.02,179.92,170.44,178.42,59543412
2020-04-01,175.84,176.29,167.91,169.09,52954239
2020-04-03,169.99,170.58,158.62,159.07,64448494
2020-04-07,167.14,169.76,160.97,168.95,72130500
2020-04-08,165.78,176.2,163.56,165.87,80435759
2020-04-09,170.4,172.21,166.41,170.17,62416005
2020-04-13,169.31,171.03,165.96,166.32,51847146
2020-04-15,169.49,173.98,163.28,165.28,72190004
2020-04-16,164.96,172.12,163.37,170.85,61165773
2020-04-17,177.65,179.46,168.86,175.16,89851063
2020-04-20,175.84,178.87,172.26,174.48,81958510
2020-04-21,170.4,170.58,165.87,167.45,53042420
2020-04-22,168.13,171.76,164.37,171.03,61503413
2020-04-23,170.17,172.12,167.82,169.22,50955312
2020-04-24,166.77,166.77,162.24,162.92,65137305
2020-04-27,166.32,166.32,163.6,163.96,42996571
2020-04-28,164.96,168.0,164.24,167.05,49590230
2020-04-29,167.68,173.84,166.32,172.3,57470466
2020-04-30,175.38,177.56,171.94,172.67,63063889
2020-05-04,165.37,166.32,161.34,162.11,58118177
2020-05-05,164.05,164.28,153.0,154.45,91050439
2020-05-06,155.13,157.08,150.96,155.08,73156432
2020-05-07,154.85,156.4,153.0,154.76,42942399
2020-05-08,156.31,157.53,150.55,151.05,55932236
2020-05-11,152.23,153.09,149.55,149.96,54591827
2020-05-12,148.83,152.72,145.79,151.27,70752542
2020-05-13,161.83,161.83,154.54,157.8,81720683
2020-05-14,154.95,155.67,151.82,152.23,48136531
2020-05-15,152.23,152.5,149.28,150.82,35495540
2020-05-18,150.82,150.82,140.49,140.76,77349435
2020-05-19,142.75,143.07,138.13,138.49,71522334
2020-05-20,138.68,140.72,137.0,139.04,66168767
2020-05-21,139.27,141.53,137.32,137.72,61147471
2020-05-22,137.77,141.03,135.46,136.73,87064198
2020-05-26,138.13,138.86,136.14,137.23,48275988
2020-05-27,137.72,145.75,136.68,143.75,88195120
2020-05-28,144.52,147.2,142.03,143.39,76968678
2020-05-29,141.49,146.74,140.67,146.2,58363280
2020-06-01,148.65,155.35,148.06,154.13,92740893
2020-06-02,153.99,155.26,151.55,154.31,70419104
2020-06-03,156.35,163.06,155.9,158.53,113168889
2020-06-04,158.53,161.02,155.44,157.76,83494674
2020-06-05,160.02,172.03,159.52,170.22,201321234
2020-06-08,178.56,179.01,168.41,169.31,151741826
2020-06-09,170.13,173.12,166.18,167.18,96654191
2020-06-10,167.27,171.31,166.59,170.13,67333317
2020-06-11,170.4,172.57,159.84,160.57,91726802
2020-06-12,154.08,163.15,153.9,162.38,92758901
2020-06-15,161.2,161.2,155.9,157.44,63613412
2020-06-16,161.34,162.2,153.54,156.71,63925976
2020-06-17,154.99,159.7,153.4,156.76,73866905
2020-06-18,156.26,163.74,155.08,162.83,58261857
2020-06-19,163.42,167.63,162.7,167.23,76895151
2020-06-22,167.68,173.8,167.0,170.13,80023958
2020-06-23,171.85,175.02,170.26,174.43,65487085
2020-06-24,176.56,176.65,166.68,167.32,74668987
2020-06-25,165.14,169.31,163.51,167.91,73620385
2020-06-26,170.4,170.94,166.59,167.32,49176958
2020-06-29,165.87,165.96,161.79,162.47,50966428
2020-06-30,164.15,165.78,160.66,161.74,43613239
2020-07-01,162.65,168.04,161.88,167.5,54012853
2020-07-02,168.27,170.4,166.77,168.09,52127276
2020-07-03,169.18,169.36,166.23,167.41,38048810
2020-07-06,169.13,172.08,168.72,170.44,43773740
2020-07-07,169.49,171.49,166.82,170.94,55124494
2020-07-08,171.22,178.96,170.76,173.93,143063102
2020-07-09,174.75,182.18,174.52,180.46,89539723
2020-07-10,179.46,183.54,176.56,177.29,111406477
2020-07-13,180.19,181.09,173.66,174.66,61949761
2020-07-14,174.3,174.3,167.32,168.63,62239932
2020-07-15,170.35,172.17,165.87,166.59,58527305
2020-07-16,167.68,169.45,164.64,168.81,46546803
2020-07-17,169.31,171.76,167.68,170.58,47035238
2020-07-20,172.21,175.16,171.08,172.89,45672856
2020-07-21,174.43,177.83,173.57,176.2,59281860
2020-07-22,177.38,178.33,172.3,174.02,62276152
2020-07-23,174.39,180.46,173.25,179.69,70801412
2020-07-24,177.38,177.92,172.8,173.98,65265493
2020-07-27,174.93,175.11,169.04,169.63,50697767
2020-07-28,170.4,172.67,168.36,171.71,51488617
2020-07-29,170.04,176.97,169.49,173.3,73763368
2020-07-30,174.48,175.38,168.63,169.09,48472816
2020-07-31,170.4,176.61,169.22,173.53,145892485
2020-08-03,174.02,176.38,172.26,174.25,72454278
2020-08-04,175.25,175.66,172.67,173.66,43866676
2020-08-05,174.7,178.42,173.12,173.53,68888892
2020-08-06,174.3,176.29,172.44,173.07,59740172
2020-08-07,173.53,174.12,171.8,172.8,44822338
2020-08-10,173.89,177.2,173.75,175.66,48784530
2020-08-11,176.74,178.38,175.61,176.79,43890305
2020-08-12,177.65,185.13,176.38,184.27,157818228
2020-08-13,186.26,187.89,181.96,183.0,70443118
2020-08-14,183.99,184.9,176.38,178.1,56169088
2020-08-17,179.87,180.05,173.57,175.02,54787889
2020-08-18,175.66,177.42,173.75,176.83,46294169
2020-08-19,178.01,181.55,177.56,178.6,59296062
2020-08-20,175.84,177.97,175.16,176.52,37504602
2020-08-21,180.37,182.64,179.15,179.83,68041871
2020-08-24,181.28,183.81,180.01,182.59,53850253
2020-08-25,184.9,188.93,183.72,188.48,105394375
2020-08-26,188.98,190.66,186.85,190.2,66749637
2020-08-27,190.79,196.23,190.79,195.46,80997993
2020-08-28,196.68,204.75,196.5,203.8,95974037
2020-08-31,209.87,209.87,190.66,192.15,119986476
2020-09-01,193.15,198.41,191.43,197.68,75048313
2020-09-02,197.82,198.5,192.42,196.0,47608088
2020-09-03,197.14,197.82,192.42,193.19,38594129
2020-09-04,190.34,192.42,186.62,187.26,54435758
2020-09-07,188.07,190.02,186.17,188.44,35687359
2020-09-08,188.44,188.98,183.9,184.95,34146789
2020-09-09,182.27,182.54,174.48,176.61,72715826
2020-09-10,179.19,182.59,176.93,179.6,67789617
2020-09-11,179.96,184.77,178.56,183.72,48487971
2020-09-14,186.62,186.9,178.87,179.92,63605531
2020-09-15,181.19,182.18,178.65,181.41,51761038
2020-09-16,181.14,181.32,177.88,179.64,52404964
2020-09-17,178.56,179.46,176.74,177.15,41223296
2020-09-18,177.65,178.74,171.94,174.57,55286316
2020-09-21,174.98,175.38,167.0,168.41,57611375
2020-09-22,168.72,170.67,164.19,168.77,51210889
2020-09-23,170.54,171.26,164.05,166.59,44320497
2020-09-24,164.15,164.78,159.07,159.84,46114798
2020-09-25,162.24,165.64,159.66,165.14,46550127
2020-09-28,166.77,170.54,166.18,169.72,41921548
2020-09-29,170.85,171.26,166.09,167.73,35688726
2020-09-30,167.73,169.31,165.32,168.04,37641083
2020-10-01,169.49,173.3,169.4,172.48,43588724
2020-10-05,174.02,175.66,169.54,171.08,41694686
2020-10-06,173.21,174.12,170.67,173.66,31098726
2020-10-07,174.52,175.07,171.4,172.85,34578053
2020-10-08,173.44,177.47,172.71,173.57,43351606
2020-10-09,174.02,180.19,172.71,179.73,64907230
2020-10-12,181.0,186.67,178.78,180.1,69122798
2020-10-13,180.05,181.28,176.83,177.38,34948525
2020-10-14,175.88,182.09,174.98,181.32,40548275
2020-10-15,182.18,183.54,174.02,174.8,49184123
2020-10-16,175.84,178.33,173.66,177.6,36893126
2020-10-19,177.83,185.45,177.7,184.9,60220779
2020-10-20,182.18,185.22,181.91,184.04,39316753
2020-10-21,185.54,187.89,180.23,184.67,54515523
2020-10-22,183.0,185.45,182.27,184.27,33721637
2020-10-23,184.9,186.35,182.68,183.81,32707020
2020-10-26,183.72,184.9,177.29,178.28,45470123
2020-10-27,178.78,179.06,174.25,176.43,37794381
2020-10-28,176.74,176.74,171.35,172.62,46458319
2020-10-29,171.62,172.85,168.5,171.03,44822673
2020-10-30,171.62,174.02,168.72,171.53,41519686
2020-11-02,174.21,178.78,172.26,177.7,52600119
2020-11-03,179.46,186.53,179.1,185.58,69890201
2020-11-04,184.45,189.43,179.51,187.62,117577856
2020-11-05,195.78,200.31,194.64,198.18,138023646
2020-11-06,198.5,201.08,196.73,198.68,73147085
2020-11-09,201.67,201.81,196.73,198.95,60359458
2020-11-10,202.21,213.0,202.12,210.01,135294550
2020-11-11,210.96,216.94,206.43,212.27,107094861
2020-11-12,211.37,211.5,204.52,205.57,58859905
2020-11-13,203.94,209.06,199.49,207.97,70676525
2020-11-14,210.28,211.1,206.43,208.15,7753219
2020-11-17,210.14,218.98,209.37,217.71,80501583
2020-11-18,216.99,229.31,215.63,228.41,104514060
2020-11-19,224.78,228.23,216.62,217.3,82284278
2020-11-20,218.89,222.43,212.05,220.02,84411129
2020-11-23,220.7,223.11,215.81,216.35,57538324
2020-11-24,217.98,222.06,217.08,221.02,47636611
2020-11-25,222.47,226.5,218.98,220.25,74767232
2020-11-26,221.16,223.2,217.67,222.47,64248318
2020-11-27,222.47,223.2,219.39,221.38,54355703
2020-12-01,222.06,225.64,221.38,224.83,37003272
2020-12-02,225.1,227.37,221.25,223.83,56723083
2020-12-03,225.96,234.75,224.78,232.3,79266442
2020-12-04,232.94,239.6,229.81,238.83,79252024
2020-12-07,239.1,246.04,238.38,244.36,76053084
2020-12-08,245.58,248.08,240.42,246.44,65617502
2020-12-09,246.63,249.16,244.0,245.04,48495641
2020-12-10,243.82,245.63,240.69,244.31,38676657
2020-12-11,244.77,250.39,244.77,246.94,50255223
2020-12-14,248.35,250.3,246.85,248.53,31946501
2020-12-15,248.39,248.39,243.05,245.31,34890948
2020-12-16,247.26,248.03,243.36,244.18,24844177
2020-12-17,244.72,246.67,241.73,242.64,25904699
2020-12-18,242.64,246.49,240.19,246.04,29816205
2020-12-21,243.32,243.82,227.55,230.85,55160758
2020-12-22,230.95,234.48,225.01,233.35,51189571
2020-12-23,232.89,239.19,231.67,238.38,29056404
2020-12-24,240.19,243.68,239.87,241.87,28585509
2020-12-28,243.59,250.16,242.91,249.44,36870242
2020-12-29,250.43,253.7,248.98,251.88,45032526
2020-12-30,251.97,252.61,246.99,250.98,30971894
2020-12-31,249.25,251.29,247.08,249.21,29467966
2021-01-01,249.16,253.79,248.71,253.24,24531791
2021-01-04,255.46,257.32,251.75,254.74,31450608
2021-01-05,252.02,256.01,251.07,255.37,27393072
2021-01-06,256.51,262.08,255.06,258.36,40765708
2021-01-07,261.94,264.48,260.13,260.77,30546600
2021-01-08,262.94,264.12,258.5,259.22,32543357
2021-01-11,261.04,261.22,253.42,256.05,29703173
2021-01-12,253.79,266.34,251.88,265.12,44307145
2021-01-13,268.29,279.16,266.93,278.08,78042133
2021-01-14,277.99,280.3,275.36,278.48,40123498
2021-01-15,278.08,281.79,273.09,275.4,35307601
2021-01-18,275.09,279.75,264.84,266.88,54969750
2021-01-19,269.78,274.18,268.65,270.64,35803901
2021-01-20,270.83,276.17,269.06,274.23,33759304
2021-01-21,275.54,276.58,264.21,267.25,29995203
2021-01-22,267.84,270.1,255.96,257.14,44440810
2021-01-25,257.86,261.04,251.11,254.65,34034630
2021-01-27,253.97,258.18,247.17,249.84,39211107
2021-01-28,246.44,256.82,244.27,255.92,48717297
2021-01-29,258.86,263.44,252.97,255.69,42300984
2021-02-01,258.41,284.51,256.28,281.61,103414068
2021-02-02,285.51,305.81,285.51,301.91,121434166
2021-02-03,302.5,308.08,295.3,304.5,66420168
2021-02-04,303.09,324.48,300.1,321.86,145203439
2021-02-05,350.77,370.12,349.09,356.3,214955688
2021-02-08,360.74,369.62,357.79,359.88,79389205
2021-02-09,359.61,365.72,352.58,357.84,63869990
2021-02-10,357.16,360.65,351.68,355.53,54163507
2021-02-11,355.12,359.79,351.9,353.62,36392708
2021-02-12,354.39,361.96,349.45,356.34,53589755
2021-02-15,360.29,371.12,358.65,368.85,56608937
2021-02-16,373.43,376.83,362.82,364.68,80365431
2021-02-17,365.27,376.01,362.69,373.2,74161370
2021-02-18,385.26,387.66,374.97,376.33,67154539
2021-02-19,376.15,376.15,358.02,362.14,66155518
2021-02-22,363.1,363.46,349.55,353.03,52535049
2021-02-23,355.3,362.28,352.58,358.56,45462768
2021-02-24,359.83,372.07,358.2,368.22,39632090
2021-02-25,372.52,376.06,368.49,369.12,46988836
2021-02-26,362.1,363.46,350.77,353.62,64450414
2021-03-01,358.11,360.47,354.39,357.97,29677890
2021-03-02,358.02,362.14,353.99,357.29,30534337
2021-03-03,359.38,370.62,358.93,367.13,46268223
2021-03-04,361.37,365.72,357.52,358.61,43603653
2021-03-05,358.02,358.02,342.7,347.73,72179228
2021-03-08,352.08,356.57,349.91,353.13,39147858
2021-03-09,356.61,357.93,346.46,351.31,28054083
2021-03-10,354.48,356.21,349.59,351.4,22677399
2021-03-12,355.03,356.39,342.16,345.42,35336355
2021-03-15,346.69,349.86,334.77,347.96,42722585
2021-03-16,349.5,351.54,340.89,343.11,38196452
2021-03-17,342.79,344.11,331.78,333.68,33143064
2021-03-18,336.72,339.89,327.29,332.73,39405038
2021-03-19,329.88,337.99,323.8,336.4,60309145
2021-03-22,337.17,337.9,329.47,332.64,28461974
2021-03-23,334.18,342.57,332.69,337.81,41032380
2021-03-24,334.0,334.5,325.07,326.16,42318999
2021-03-25,326.3,327.07,312.88,321.95,57495003
2021-03-26,326.3,328.11,321.36,323.76,40718848
2021-03-30,326.39,330.19,322.94,327.02,39405124
2021-03-31,326.57,333.41,324.44,330.19,38651025
2021-04-01,333.28,337.08,329.11,335.95,31883453
2021-04-05,333.09,334.64,316.37,320.45,51743981
2021-04-06,322.4,323.58,316.6,317.73,44147709
2021-04-07,318.37,329.2,315.06,324.98,48023602
2021-04-08,327.2,329.29,321.13,322.31,33370259
2021-04-09,321.22,330.38,318.32,319.95,46473100
2021-04-12,311.79,311.79,292.35,298.06,75501713
2021-04-13,300.92,310.21,299.56,309.08,49773360
2021-04-15,310.07,315.01,304.63,310.62,52992349
2021-04-16,310.89,313.15,306.95,308.08,37766793
2021-04-19,296.52,300.96,291.22,300.15,53304377
2021-04-20,303.73,308.08,296.11,298.65,41296147
2021-04-22,295.48,306.04,293.03,305.13,49105833
2021-04-23,300.6,308.08,300.6,304.95,44223940
2021-04-26,307.49,314.92,307.49,312.07,49234985
2021-04-27,311.79,321.72,310.34,320.0,46003023
2021-04-28,323.58,330.19,322.72,329.38,56696255
2021-04-29,330.83,335.31,322.22,325.75,63692926
2021-04-30,320.36,328.56,317.64,320.4,53832840
2021-05-03,316.87,319.5,309.44,317.78,43691860
2021-05-04,321.76,328.92,317.41,318.59,57749307
2021-05-05,323.12,323.99,315.42,322.13,40872501
2021-05-06,324.48,325.71,317.73,322.26,36294427
2021-05-07,324.03,328.11,319.95,324.71,38357618
2021-05-10,326.75,332.64,325.21,327.84,41739324
2021-05-11,323.44,332.1,321.54,330.51,41892770
2021-05-12,328.83,338.53,328.02,333.28,53436590
2021-05-14,335.36,337.63,325.89,326.7,51722170
2021-05-17,330.28,349.14,329.6,347.23,106555796
2021-05-18,353.49,355.8,344.47,346.46,70917710
2021-05-19,346.24,353.03,345.51,348.41,48189573
2021-05-20,350.77,351.49,346.24,348.55,42898608
2021-05-21,353.49,366.54,342.61,363.64,192810772
2021-05-24,377.96,379.95,367.36,373.47,142964052
2021-05-25,376.24,376.6,370.26,373.75,56048127
2021-05-26,375.06,379.55,372.34,374.83,52357719
2021-05-27,374.97,388.93,373.43,385.39,73392997
2021-05-28,390.2,393.05,380.72,382.54,65137568
2021-05-31,381.59,386.12,378.87,384.62,38291043
2021-06-01,386.16,394.59,385.75,392.05,59299647
2021-06-02,390.47,396.95,388.97,396.31,38657806
2021-06-03,399.74,404.27,396.54,402.17,38909199
2021-06-04,400.2,404.23,394.94,396.63,36898769
2021-06-07,398.01,400.11,394.07,395.4,20201197
2021-06-08,395.4,395.63,387.85,390.78,31113823
2021-06-09,391.05,395.45,382.55,385.52,27784834
2021-06-10,388.68,396.36,386.39,395.4,27397712
2021-06-11,397.78,398.37,389.0,392.98,26831924
2021-06-14,390.6,395.58,381.18,393.66,30106015
2021-06-15,392.61,395.9,391.51,392.88,16413658
2021-06-16,391.51,395.86,388.77,389.64,19701175
2021-06-17,385.11,389.64,381.08,384.42,23048331
2021-06-18,387.76,387.76,368.32,377.7,45748727
2021-06-21,371.71,385.11,366.36,383.97,33128978
2021-06-22,386.94,389.18,381.72,382.96,28442965
2021-06-23,385.2,388.54,379.62,383.14,27564829
2021-06-24,384.51,386.71,380.81,381.63,19214547
2021-06-25,385.11,394.26,383.32,392.24,29886797
2021-06-28,393.98,396.22,388.36,390.37,29370660
2021-06-29,391.05,392.38,384.7,385.57,22275961
2021-06-30,386.94,388.68,382.64,383.46,18337773
2021-07-01,384.47,387.58,381.59,384.56,16161469
2021-07-02,384.47,389.13,383.28,388.22,16423811
2021-07-05,390.14,397.46,388.08,395.77,16483761
2021-07-06,394.9,399.29,391.69,393.11,20195278
2021-07-07,392.75,397.0,391.1,395.95,14473774
2021-07-08,395.9,398.28,386.11,388.26,21433043
2021-07-09,388.77,391.05,385.15,387.62,16844494
2021-07-12,390.14,393.57,388.4,391.01,12886781
2021-07-13,393.34,394.99,391.79,392.52,12831125
2021-07-14,392.43,395.45,390.05,394.3,12767351
2021-07-15,395.81,396.04,393.02,394.9,11030732
2021-07-16,395.17,395.63,391.01,393.34,8713863
2021-07-19,387.3,392.84,383.14,391.42,14426686
2021-07-20,390.6,390.6,383.19,385.02,14623321
2021-07-22,389.27,390.32,385.02,386.07,11799761
2021-07-23,386.85,393.3,383.74,392.34,17704661
2021-07-26,391.33,391.33,386.3,387.21,14037519
2021-07-27,387.99,396.31,387.85,393.3,24119619
2021-07-28,393.34,393.8,385.15,389.22,17636515
2021-07-29,389.68,405.78,389.22,403.91,35263606
2021-07-30,403.86,406.51,393.98,394.99,35196813
2021-08-02,397.69,399.47,394.99,397.82,16926025
2021-08-03,397.87,409.72,396.63,408.43,40922962
2021-08-04,410.4,427.6,403.86,417.99,129761158
2021-08-05,421.7,423.07,401.03,404.18,58595639
2021-08-06,405.87,408.89,397.0,398.51,38236066
2021-08-09,400.57,404.14,394.26,396.45,22196404
2021-08-10,397.37,399.2,385.75,390.09,27794251
2021-08-11,393.16,395.99,387.08,391.56,23827946
2021-08-12,393.34,393.75,388.77,390.73,16847144
2021-08-13,391.15,395.4,388.77,394.44,20908992
2021-08-16,393.34,397.0,387.85,388.63,17608693
2021-08-17,388.63,389.55,379.85,385.57,22957877
2021-08-18,386.16,388.17,382.36,383.92,17668574
2021-08-20,379.62,381.77,370.61,372.03,25541790
2021-08-23,376.05,377.79,367.04,374.59,26559937
2021-08-24,374.59,383.05,373.4,382.0,19012313
2021-08-25,383.28,385.38,378.98,380.76,16410980
2021-08-26,379.16,380.35,375.05,375.73,15897679
2021-08-27,375.37,379.03,372.76,377.29,15090541
2021-08-30,379.07,387.21,378.25,386.66,20308691
2021-08-31,387.72,390.6,383.0,389.73,26262421
2021-09-01,391.05,395.67,388.9,393.25,18776721
2021-09-02,394.62,396.54,391.28,393.11,14372717
2021-09-03,394.48,397.27,391.69,394.62,14233624
2021-09-06,395.17,396.86,393.39,394.3,10694099
2021-09-07,394.3,394.9,388.86,392.52,14928735
2021-09-08,392.43,398.28,390.92,394.58,22817464
2021-09-09,393.57,396.82,393.34,395.45,9662128
2021-09-13,393.43,396.82,392.24,395.95,9567921
2021-09-14,397.92,399.52,395.4,396.09,9981562
2021-09-15,396.09,407.06,394.67,406.01,22181568
2021-09-16,406.93,426.36,405.0,424.17,42637448
2021-09-17,428.1,431.67,411.96,415.39,41529478
2021-09-20,411.09,414.84,398.51,400.16,18376916
2021-09-21,402.63,403.72,395.77,401.39,17279588
2021-09-22,401.48,405.05,398.92,401.44,14321143
2021-09-23,404.68,412.69,404.36,411.45,20516770
2021-09-24,412.64,413.37,402.49,403.17,10731274
2021-09-27,406.97,412.14,404.55,408.53,11746892
2021-09-28,410.9,416.94,402.12,406.97,19241170
2021-09-29,404.18,422.89,401.67,420.78,38635938
2021-09-30,420.74,425.27,412.92,414.38,26530369
2021-10-01,410.26,416.71,405.96,413.15,14777309
2021-10-04,415.11,424.81,413.1,423.67,16246765
2021-10-05,422.61,429.02,419.59,425.08,16487568
2021-10-06,425.36,430.85,414.98,418.22,19056690
2021-10-07,422.7,424.44,418.13,418.86,9984651
2021-10-08,422.52,424.44,415.52,418.95,16521128
2021-10-11,420.78,434.46,419.55,429.25,20686981
2021-10-12,429.93,443.1,428.19,441.82,33763609
2021-10-13,444.7,444.7,437.25,440.63,17638983
2021-10-14,440.91,451.79,440.91,448.77,23431826
2021-10-18,451.89,458.29,449.78,455.5,20084248
2021-10-19,457.69,461.22,442.05,446.58,20645100
2021-10-20,447.13,464.23,441.91,457.28,34080545
2021-10-21,461.86,463.32,449.83,460.07,20808243
2021-10-22,461.58,465.33,457.37,460.07,24080485
2021-10-25,463.32,471.51,455.41,463.32,35619415
2021-10-26,464.33,474.02,464.33,468.85,21107457
2021-10-27,469.91,481.93,469.04,474.89,29463032
2021-10-28,475.3,476.17,455.18,458.61,28140401
2021-10-29,458.75,468.95,446.76,459.34,31355893
2021-11-01,465.15,472.88,458.29,471.74,20679604
2021-11-02,470.91,480.24,468.4,477.22,26797820
2021-11-03,479.33,496.07,471.28,482.67,80775924
2021-11-04,486.19,490.21,483.03,485.23,9796046
2021-11-08,488.89,488.89,472.42,478.64,36802110
2021-11-09,481.39,486.65,477.68,484.04,25451967
2021-11-10,480.75,483.44,477.04,479.69,15805538
2021-11-11,478.28,478.28,463.87,466.16,23086898
2021-11-12,468.35,469.27,459.84,467.76,19836221
2021-11-15,468.72,471.92,462.4,463.37,13328183
2021-11-16,464.14,464.14,451.43,452.89,19553216
2021-11-17,451.75,462.31,449.14,455.68,20488483
2021-11-18,456.55,463.05,450.33,460.85,22471070
2021-11-22,462.86,462.86,436.79,444.93,28800269
2021-11-23,443.88,453.17,439.08,451.02,20000371
2021-11-24,453.53,457.37,447.36,451.11,13963769
2021-11-25,448.23,453.21,444.84,448.73,12894211
2021-11-26,444.8,446.31,427.28,430.39,26305817
2021-11-29,429.93,437.02,415.57,425.45,22407465
2021-11-30,428.1,436.56,418.95,421.29,23026652
2021-12-01,424.85,436.56,424.44,434.78,17156956
2021-12-02,434.05,437.39,430.8,436.33,12962679
2021-12-03,435.19,440.45,429.98,432.81,16653993
2021-12-06,432.81,436.33,424.26,425.63,14353300
2021-12-07,429.2,438.8,429.2,436.06,13644942
2021-12-08,439.9,450.42,439.31,449.64,20397660
2021-12-09,450.33,451.43,444.66,446.99,12560970
2021-12-10,446.85,453.67,443.1,452.53,13261408
2021-12-13,455.32,457.79,444.89,446.21,14047645
2021-12-14,444.57,448.55,440.73,446.9,11642447
2021-12-15,448.23,449.14,442.28,443.47,8639835
2021-12-16,446.72,448.73,437.48,440.13,11107781
2021-12-17,439.12,440.36,426.73,427.92,12648603
2021-12-20,419.87,424.44,405.23,410.9,22336114
2021-12-21,418.09,419.18,406.61,407.98,16617447
2021-12-22,411.64,418.31,410.72,416.99,13102553
2021-12-23,421.7,425.36,418.73,422.43,14471377
2021-12-24,423.16,424.08,413.65,417.99,13221159
2021-12-27,415.02,421.24,412.14,419.0,8856482
2021-12-28,421.88,423.44,419.91,421.88,8832210
2021-12-29,421.7,422.75,412.92,415.66,11757303
2021-12-30,414.15,416.12,410.26,413.19,28879190
2021-12-31,415.52,422.06,414.47,421.2,10005842
2022-01-03,422.61,431.76,420.88,430.66,13124509
2022-01-04,432.22,443.38,430.89,442.28,23296671
2022-01-05,440.82,452.8,438.3,450.42,24694169
2022-01-06,446.12,452.25,444.02,449.78,18190843
2022-01-07,451.38,459.16,447.72,449.37,22746330
2022-01-10,451.29,461.9,450.51,460.71,15832274
2022-01-11,460.12,464.51,456.69,462.82,16107950
2022-01-12,466.43,469.72,465.15,466.75,14489616
2022-01-13,466.52,469.13,463.78,467.76,10450974
2022-01-14,465.61,466.84,462.08,465.01,8724574
2022-01-17,464.69,474.66,464.28,470.18,17422211
2022-01-18,470.18,473.34,461.95,463.59,12592506
2022-01-19,461.95,473.52,457.65,471.83,16079457
2022-01-20,472.01,474.89,464.69,467.8,17724642
2022-01-21,462.22,464.23,455.54,459.84,16947941
2022-01-24,459.57,463.59,446.4,452.02,20233933
2022-01-25,448.23,473.38,447.31,470.77,21791739
2022-01-27,460.62,485.59,460.3,483.86,35409230
2022-01-28,488.48,490.67,476.95,478.82,24715250
2022-01-31,483.9,494.79,482.12,492.41,28674232
2022-02-01,497.58,497.58,475.67,486.92,32245356
2022-02-02,490.9,497.85,486.05,493.78,21661864
2022-02-03,491.36,498.26,491.36,494.05,22717677
2022-02-04,495.93,499.82,482.35,485.09,25332894
2022-02-07,486.55,502.2,480.47,487.79,52289545
2022-02-08,489.85,491.81,474.75,486.05,26567546
2022-02-09,489.34,490.76,482.76,489.62,14856155
2022-02-10,491.31,497.58,488.84,494.47,18659370
2022-02-11,490.53,491.86,482.16,484.45,14607095
2022-02-14,471.09,471.64,457.1,458.65,26153332
2022-02-15,459.2,481.93,454.72,480.06,23842951
2022-02-16,481.61,482.99,470.18,472.65,19773807
2022-02-17,475.67,475.67,467.57,469.22,16408356
2022-02-18,466.61,476.49,466.61,471.37,15111223
2022-02-21,467.94,473.38,461.63,468.21,16866932
2022-02-22,458.2,462.22,453.26,455.91,27108772
2022-02-23,460.12,462.27,454.86,456.18,13899433
2022-02-24,439.08,446.35,428.1,432.36,32356037
2022-02-25,439.08,449.96,438.44,441.78,21792287
2022-02-28,436.24,443.93,432.77,442.01,18069367
2022-03-02,437.25,438.9,427.19,433.82,22003848
2022-03-03,439.08,442.19,424.99,427.55,20358590
2022-03-04,421.06,430.75,418.63,422.57,20684268
2022-03-07,409.35,415.25,396.5,402.76,33720472
2022-03-08,400.66,404.41,388.77,402.76,42510207
2022-03-09,404.32,415.57,401.16,413.19,32331325
2022-03-10,429.84,436.01,422.29,428.74,34553299
2022-03-11,426.64,434.32,422.61,430.25,22091309
2022-03-14,430.85,444.57,430.43,443.79,27750689
2022-03-15,447.31,448.68,439.67,444.43,27204899
2022-03-16,450.97,452.16,447.68,450.74,16211288
2022-03-17,456.46,460.58,455.82,459.11,22947673
2022-03-21,459.2,459.2,447.31,448.77,19064060
2022-03-22,448.78,453.53,436.56,451.61,26157969
2022-03-23,456.0,459.57,447.49,448.82,15800195
2022-03-24,443.65,452.62,442.28,445.57,18174877
2022-03-25,449.83,451.24,445.12,448.87,11541196
2022-03-28,449.1,456.09,440.86,455.09,16738684
2022-03-29,457.37,458.65,449.78,452.8,14301429
2022-03-30,456.73,457.74,450.33,452.16,16461225
2022-03-31,452.16,455.13,450.24,451.47,10240982
2022-04-01,449.14,466.29,449.14,464.87,18527226
2022-04-04,465.88,471.0,462.86,468.72,16257176
2022-04-05,470.55,472.38,464.42,465.97,13602384
2022-04-06,463.78,471.28,462.86,470.13,13738275
2022-04-07,466.57,475.58,466.57,471.05,19620958
2022-04-08,475.21,475.21,468.67,472.1,13572638
2022-04-11,469.72,477.5,469.45,471.0,12370288
2022-04-12,469.04,472.65,461.35,469.13,14460680
2022-04-13,470.45,476.49,469.95,473.56,15440525
2022-04-18,468.35,471.09,461.03,466.06,14492183
2022-04-19,469.49,476.54,462.04,468.17,20362934
2022-04-20,468.35,469.91,463.78,465.88,11881305
2022-04-21,469.63,473.84,468.53,472.28,10035638
2022-04-22,469.17,469.72,456.46,457.92,16760456
2022-04-25,452.8,456.64,448.27,452.57,14057444
2022-04-26,456.46,464.6,455.96,462.4,12137213
2022-04-27,457.37,459.93,449.92,454.86,12367342
2022-04-28,456.6,466.52,454.17,464.23,12154792
2022-04-29,464.78,468.81,451.89,453.99,12894773
2022-05-02,450.65,452.8,440.27,449.14,18590895
2022-05-04,450.06,454.13,436.79,438.76,14645323
2022-05-05,443.65,451.89,437.84,439.08,14130385
2022-05-06,430.85,444.66,430.85,442.69,16710020
2022-05-09,436.43,442.46,433.41,435.33,13544947
2022-05-10,436.33,441.41,433.13,434.69,10884328
2022-05-11,434.73,438.16,424.12,435.92,14771351
2022-05-12,432.68,432.68,417.44,423.21,18947096
2022-05-13,429.43,436.33,402.26,406.74,61403008
2022-05-16,407.06,422.16,401.44,416.21,27940958
2022-05-17,419.23,429.61,417.26,427.46,16880698
2022-05-18,428.01,428.65,418.13,418.95,15644497
2022-05-19,410.77,411.64,406.56,409.35,14201420
2022-05-20,416.07,424.44,415.43,422.98,13596860
2022-05-23,423.62,431.21,420.33,421.61,13499415
2022-05-24,422.98,427.0,420.97,422.66,17175179
2022-05-25,428.28,431.48,419.96,421.87,12728644
2022-05-26,424.42,436.73,420.38,435.62,17055257
2022-05-27,437.94,441.29,434.32,435.67,10977001
2022-05-30,439.43,443.05,437.66,440.91,9365470
2022-05-31,440.36,442.59,432.0,434.88,15441579
2022-06-01,434.78,438.5,431.72,435.06,9424008
2022-06-02,433.76,438.82,433.06,436.5,9370989
2022-06-03,439.66,441.75,430.6,431.53,11306291
2022-06-06,431.25,432.55,424.1,430.79,10661432
2022-06-07,429.07,432.88,427.82,430.51,7672515
2022-06-08,433.48,441.8,430.32,437.85,17168871
2022-06-09,435.67,437.48,429.63,433.81,12635601
2022-06-10,429.21,431.21,426.05,429.07,8621104
2022-06-13,421.78,421.82,410.72,414.2,13426836
2022-06-14,413.42,417.36,411.88,416.3,11351101
2022-06-15,417.08,423.12,416.76,419.31,9920926
2022-06-16,422.84,425.26,408.91,410.26,10780703
2022-06-17,408.77,415.78,406.22,409.7,14326050
2022-06-20,410.16,411.98,400.13,403.85,12368534
2022-06-21,408.31,422.66,406.54,418.76,13801891
2022-06-22,416.9,419.18,413.09,415.88,11066447
2022-06-23,417.13,424.05,414.34,419.36,12229833
2022-06-24,423.45,427.68,421.03,422.01,10833364
2022-06-27,427.3,431.86,425.54,428.47,9509175
2022-06-28,426.33,432.69,425.49,431.3,13261290
2022-06-29,427.35,429.86,425.49,426.51,11800876
2022-06-30,426.42,435.99,426.05,432.83,16926328
2022-07-01,430.46,435.53,427.86,433.71,9405495
2022-07-04,433.71,440.5,433.71,439.85,9186358
2022-07-05,441.43,445.93,437.57,438.64,12003244
2022-07-06,441.43,446.86,440.26,445.88,12059857
2022-07-07,449.65,453.6,447.42,452.2,11497832
2022-07-08,454.29,455.13,450.72,453.87,9057231
2022-07-11,450.58,456.43,450.58,453.55,7704792
2022-07-12,450.58,456.48,448.81,450.53,7364457
2022-07-13,453.13,457.5,450.16,451.97,8208853
2022-07-14,452.06,454.2,442.96,445.33,9385630
2022-07-15,448.3,450.02,441.01,445.09,6945602
2022-07-18,450.16,456.61,447.88,455.5,9934786
2022-07-19,453.36,463.16,453.36,462.61,11724183
2022-07-20,465.44,474.36,464.88,472.5,19280117
2022-07-21,473.62,476.96,470.78,475.71,13814893
2022-07-22,477.01,483.28,474.92,477.24,14699129
2022-07-25,476.96,482.16,473.01,481.05,10229778
2022-07-26,480.96,483.84,476.68,477.7,8862656
2022-07-27,478.73,492.34,475.89,490.71,15101546
2022-07-28,495.36,499.35,491.96,494.66,12160734
2022-07-29,497.07,498.89,489.36,490.85,11921058
2022-08-01,491.5,497.03,489.04,495.87,8295631
2022-08-02,494.15,506.22,493.4,503.62,16845027
2022-08-03,503.44,507.62,496.7,502.46,24262125
2022-08-04,505.06,505.39,486.99,495.4,18072293
2022-08-05,497.54,504.37,491.45,493.36,21110734
2022-08-08,486.81,486.81,477.38,483.46,32566317
2022-08-10,484.53,486.34,476.96,478.17,16904151
2022-08-11,483.09,488.67,480.49,487.5,13862195
2022-08-12,488.39,494.05,487.88,493.03,12154012
2022-08-16,495.45,495.96,487.74,488.62,10721167
2022-08-17,491.31,492.89,487.13,490.66,12054183
2022-08-18,489.46,496.84,488.85,494.57,9013662
2022-08-19,494.24,495.77,481.7,483.42,11087222
2022-08-22,482.16,483.0,473.8,475.01,9676954
2022-08-23,472.18,486.81,472.18,484.86,8597965
2022-08-24,482.16,485.88,475.94,482.44,11930650
2022-08-25,484.9,490.8,481.7,483.46,15473450
2022-08-26,486.62,491.92,485.14,486.62,12855886
2022-08-29,475.01,480.3,472.64,478.31,9421339
2022-08-30,481.42,494.7,481.19,493.54,14835308
2022-09-01,485.18,502.51,485.18,495.45,16670228
2022-09-02,498.89,499.67,493.54,498.61,10017930
2022-09-05,498.89,502.42,498.23,500.65,7819994
2022-09-06,499.81,504.18,496.19,499.63,8657868
2022-09-07,496.47,499.3,493.82,495.03,8445359
2022-09-08,497.96,507.53,497.49,505.99,12240707
2022-09-09,510.64,517.47,509.1,514.07,18587927
2022-09-12,515.51,518.95,512.12,515.51,9677415
2022-09-13,520.25,520.25,514.45,518.39,16707275
2022-09-14,510.96,534.05,510.27,531.17,21632641
2022-09-15,531.91,537.44,527.59,531.54,12749947
2022-09-16,528.71,533.26,520.53,521.92,14739280
2022-09-19,520.9,533.63,519.83,531.63,11194003
2022-09-20,536.93,536.93,532.19,533.31,8484017
2022-09-21,534.19,536.32,525.27,529.26,9392526
2022-09-22,526.52,533.26,522.11,527.03,11869435
2022-09-23,524.71,527.68,510.5,511.52,12563239
2022-09-26,507.06,510.03,495.17,504.74,16158750
2022-09-27,505.9,511.8,495.36,498.42,11066799
2022-09-28,495.08,501.49,483.42,487.6,12233485
2022-09-29,491.45,497.68,482.67,484.72,17310168
2022-09-30,486.81,498.79,479.52,492.94,17466950
2022-10-03,490.15,493.92,481.7,482.86,9351162
2022-10-04,495.17,497.77,490.34,494.89,8745887
2022-10-06,496.66,503.34,496.66,499.16,9507322
2022-10-07,497.49,497.58,489.18,492.57,11065307
2022-10-10,488.39,496.01,485.14,493.08,9649292
2022-10-11,493.08,495.82,488.2,489.97,10825440
2022-10-12,492.38,497.03,488.67,495.91,8522604
2022-10-13,495.17,495.91,483.28,484.44,12972765
2022-10-14,492.57,496.89,488.67,489.78,8545479
2022-10-17,489.04,506.04,486.99,505.06,13485349
2022-10-18,508.27,523.5,507.94,522.53,20440781
2022-10-19,523.04,523.46,512.4,514.12,9540583
2022-10-20,512.82,517.28,506.6,515.98,11225588
2022-10-21,517.7,525.64,517.7,521.04,11767639
2022-10-24,526.76,531.87,525.73,530.01,3692065
2022-10-25,531.87,544.59,527.69,537.49,19899324
2022-10-27,542.5,543.48,536.6,538.51,13613533
2022-10-28,538.79,541.3,526.76,530.24,10043644
2022-10-31,534.14,536.46,528.06,533.07,9894639
2022-11-01,535.44,544.18,533.82,535.95,12069579
2022-11-02,535.02,537.86,529.45,533.12,10241440
2022-11-03,528.61,546.22,527.68,543.39,17557998
2022-11-04,544.41,554.58,539.2,551.79,25759031
2022-11-07,569.49,578.5,564.57,570.56,44265903
2022-11-09,576.92,576.92,567.21,571.86,18939854
2022-11-10,569.58,571.44,559.46,562.76,11618405
2022-11-11,573.44,575.58,556.02,558.62,15525267
2022-11-14,561.08,561.08,549.66,550.49,12957268
2022-11-15,552.12,559.36,550.59,558.2,10286417
2022-11-16,557.37,560.67,553.7,557.18,11555749
2022-11-17,556.58,559.97,553.84,556.53,8167131
2022-11-18,558.34,562.76,554.77,559.92,12933675
2022-11-21,559.36,559.36,553.09,555.65,7412419
2022-11-22,555.7,558.06,553.84,556.58,8048595
2022-11-23,558.85,566.33,558.34,564.52,12435924
2022-11-24,566.47,567.91,562.8,566.1,8960032
2022-11-25,567.21,570.14,563.22,564.29,9994513
2022-11-28,562.62,567.54,559.6,565.4,7934274
2022-11-29,564.01,568.38,564.01,565.36,6942919
2022-11-30,565.31,568.0,555.93,559.69,15606230
2022-12-01,564.71,566.52,558.85,564.94,14209313
2022-12-02,564.38,566.33,561.36,564.43,7533838
2022-12-05,565.31,574.14,564.43,573.49,11585602
2022-12-06,571.12,575.81,564.66,565.73,12996244
2022-12-07,567.49,569.4,561.59,563.96,7613892
2022-12-08,566.47,570.23,564.06,568.24,10020015
2022-12-09,570.79,574.14,565.87,572.74,11202267
2022-12-12,571.16,574.79,567.63,569.54,9285187
2022-12-13,569.96,573.58,569.03,572.97,7455415
2022-12-14,574.6,582.27,573.67,581.1,14010673
2022-12-15,581.15,584.87,570.7,572.23,10622271
2022-12-16,568.56,571.91,559.36,560.53,9435071
2022-12-19,561.13,566.24,560.2,561.55,8322012
2022-12-20,560.2,563.45,557.0,561.55,6753785
2022-12-21,562.9,565.91,547.75,551.28,9217253
2022-12-22,554.63,556.48,545.85,551.28,8740149
2022-12-23,548.12,548.77,530.94,533.26,13047046
2022-12-26,533.26,558.99,530.19,554.72,13201587
2022-12-27,557.79,560.29,551.19,559.18,9638618
2022-12-28,558.25,563.92,556.07,558.39,7988631
2022-12-29,557.41,574.14,554.77,568.38,20130392
2022-12-30,571.58,576.51,567.96,570.14,13052895
2023-01-02,571.3,575.25,567.82,568.75,6726084
2023-01-03,570.88,572.84,566.7,568.93,6818062
2023-01-04,568.42,571.3,561.13,562.24,7011191
2023-01-05,563.92,568.19,559.23,562.15,8241475
2023-01-06,564.29,564.33,554.63,558.02,7972036
2023-01-09,562.06,565.77,557.51,564.57,8878905
2023-01-10,565.26,565.77,548.68,552.91,10622660
2023-01-11,554.12,556.95,550.21,554.35,7419630
2023-01-12,555.46,555.46,548.22,552.68,8183715
2023-01-13,555.46,560.11,551.51,557.51,7877610
2023-01-16,560.2,563.08,557.97,560.2,5483191
2023-01-17,560.2,562.99,544.45,550.86,13461999
2023-01-18,553.6,554.77,545.89,549.47,11538075
2023-01-19,549.05,549.75,545.85,547.98,7475688
2023-01-20,551.65,554.26,548.87,550.17,6750607
2023-01-23,556.02,559.04,550.86,557.83,6604469
2023-01-24,560.67,561.69,550.96,552.16,7609623
2023-01-25,553.56,553.56,527.13,528.34,25686294
2023-01-27,527.68,528.2,494.47,501.63,40163464
2023-01-30,497.96,515.0,487.92,500.0,40797825
2023-01-31,506.32,517.47,499.67,514.21,21911943
2023-02-01,521.55,524.9,463.91,489.92,38218810
2023-02-02,483.28,494.84,466.83,490.62,39287056
2023-02-03,497.96,507.2,482.3,505.57,32317232
2023-02-06,519.14,519.14,498.47,506.69,25338586
2023-02-07,509.1,512.26,502.65,508.27,16195947
2023-02-08,510.96,515.14,506.78,510.73,15502847
2023-02-09,512.82,512.82,504.27,511.71,15061047
2023-02-10,507.71,517.7,507.71,513.8,13824475
2023-02-13,514.68,517.37,495.45,499.35,18488732
2023-02-14,501.63,505.95,493.08,502.46,18559909
2023-02-15,501.67,505.99,498.7,503.76,12796579
2023-02-16,508.04,508.04,500.28,501.77,12767016
2023-02-17,500.28,501.35,490.29,493.31,14192008
2023-02-20,494.24,496.05,485.09,487.88,12570032
2023-02-21,489.69,491.41,485.32,486.3,10223218
2023-02-22,483.79,484.86,476.12,479.7,14763050
2023-02-23,480.26,486.81,475.06,484.02,15535085
2023-02-24,486.99,490.06,480.86,484.07,12253035
2023-02-27,484.11,492.2,482.16,490.25,11048799
2023-02-28,489.83,490.94,484.07,485.69,15768010
2023-03-01,486.11,499.26,485.97,498.61,13510198
2023-03-02,497.91,501.58,494.7,495.87,10376913
2023-03-03,503.53,524.25,503.3,521.37,27656538
2023-03-06,524.81,527.59,519.32,521.83,16162268
2023-03-08,520.25,525.36,516.95,524.71,12637578
2023-03-09,524.67,525.59,518.39,519.23,8993423
2023-03-10,513.84,515.56,506.32,508.5,11522371
2023-03-13,508.18,513.89,490.94,492.38,14373729
2023-03-14,490.2,494.98,483.09,488.11,14750800
2023-03-15,492.2,494.24,478.96,480.82,11282329
2023-03-16,481.61,491.78,477.8,487.27,20040008
2023-03-17,491.13,493.87,483.18,492.2,18787379
2023-03-20,489.22,489.22,478.45,482.35,14275315
2023-03-21,484.95,486.3,479.79,484.81,29485180
2023-03-22,485.14,489.6,483.18,484.53,11619538
2023-03-23,482.53,484.02,475.2,476.36,22097792
2023-03-24,477.98,478.4,467.72,469.48,14416984
2023-03-27,471.01,477.66,465.95,473.94,15674218
2023-03-28,475.15,475.43,468.09,472.04,15833599
2023-03-29,472.87,481.23,470.36,479.84,24203789
2023-03-31,483.7,487.64,482.49,486.58,17356345
2023-04-03,487.5,490.99,485.04,489.36,14210949
2023-04-05,489.6,490.15,482.21,485.88,13574801
2023-04-06,486.81,495.82,484.62,490.2,25125879
2023-04-10,491.69,492.75,487.18,488.94,17335453
2023-04-11,493.17,497.68,489.73,494.33,26414406
2023-04-12,495.35,496.1,488.67,490.71,21292441
2023-04-13,491.73,496.33,489.73,495.12,28597560
2023-04-17,490.52,506.32,490.52,505.39,32476990
2023-04-18,506.64,509.57,502.14,507.11,22283456
2023-04-19,505.39,508.64,500.05,501.95,21156372
2023-04-20,502.79,506.74,498.56,506.13,25588577
2023-04-21,506.32,507.62,501.39,504.6,22599418
2023-04-24,505.2,516.12,504.92,515.24,23335611
2023-04-25,515.61,527.59,515.61,521.92,38142390
2023-04-26,522.11,526.76,516.95,526.15,23143882
2023-04-27,524.9,527.13,521.27,524.67,17845169
2023-04-28,527.5,539.25,525.36,537.25,16183423
2023-05-02,538.83,539.62,532.47,534.47,13667511
2023-05-03,530.15,534.19,528.61,530.01,9699527
2023-05-04,529.73,539.58,528.15,538.83,12533761
2023-05-05,539.02,546.5,534.23,535.58,18163461
2023-05-08,536.65,545.89,536.37,542.18,12990869
2023-05-09,543.48,544.83,531.49,532.79,18959065
2023-05-10,534.19,534.19,523.27,531.59,18561315
2023-05-11,531.59,538.83,531.4,532.75,16016715
2023-05-12,533.91,539.53,530.98,537.11,11319335
2023-05-15,537.67,542.55,533.86,540.6,11410243
2023-05-16,542.55,548.5,540.69,544.69,22178229
2023-05-17,544.41,548.59,538.37,544.69,23739774
2023-05-18,548.4,551.75,530.84,533.44,45656620
2023-05-19,537.9,544.64,529.45,534.33,42293962
2023-05-22,536.51,539.11,532.75,536.19,21484049
2023-05-23,537.81,542.27,535.86,540.32,16120548
2023-05-24,538.65,543.71,537.21,541.34,17616658
2023-05-25,540.69,541.53,536.05,539.99,16479436
2023-05-26,539.99,546.03,539.34,544.41,9788076
2023-05-29,548.12,554.07,546.31,552.77,18432231
2023-05-30,552.77,553.23,549.52,550.72,15031640
2023-05-31,552.9,553.85,546.94,549.16,28797643
2023-06-01,551.01,555.37,550.25,551.91,17820226
2023-06-02,553.76,557.73,552.15,556.12,11323908
2023-06-05,557.35,558.59,554.99,556.12,12920507
2023-06-06,556.88,557.73,552.15,554.37,11199940
2023-06-07,556.88,559.34,554.99,558.02,11113781
2023-06-08,558.73,562.52,555.32,557.35,15971917
2023-06-09,556.88,557.92,546.23,548.07,18870272
2023-06-12,549.3,550.72,547.13,548.03,8786066
2023-06-13,548.78,550.63,543.86,545.89,12612098
2023-06-14,546.46,547.93,544.81,546.04,8948696
2023-06-15,545.52,546.18,535.33,536.52,17934877
2023-06-16,538.65,544.28,537.04,541.02,12660226
2023-06-19,541.02,542.44,535.95,538.74,17903691
2023-06-20,538.74,539.31,532.78,537.37,14549152
2023-06-21,537.37,539.36,535.71,536.38,14946871
2023-06-22,536.38,538.89,531.36,533.16,14979063
2023-06-23,532.26,532.35,524.49,525.25,12215712
2023-06-26,526.57,528.94,525.15,527.57,8360264
2023-06-27,528.71,537.89,526.24,536.14,10694768
2023-06-28,541.96,543.62,538.46,539.64,18028934
2023-06-30,543.62,543.62,540.02,542.53,8718232
2023-07-03,544.1,555.32,543.53,554.47,15421985
2023-07-04,557.07,564.41,551.44,558.06,24799250
2023-07-05,558.59,562.28,557.07,559.34,13598114
2023-07-06,559.15,562.09,557.92,561.14,11323509
2023-07-07,558.77,563.98,554.51,562.18,11707209
2023-07-10,563.18,568.06,559.01,561.24,11417363
2023-07-11,563.51,564.41,556.27,557.4,13221177
2023-07-12,557.83,563.04,557.07,558.06,16029716
2023-07-13,563.42,566.35,552.48,554.66,20024503
2023-07-14,555.7,560.01,549.97,553.47,12190152
2023-07-17,555.93,570.94,553.28,569.29,19378986
2023-07-18,571.13,572.08,557.59,561.0,25757209
2023-07-19,563.18,570.52,560.67,569.62,17556585
2023-07-20,569.57,578.47,567.06,577.76,34038351
2023-07-21,577.72,586.71,576.77,582.55,21040281
2023-07-24,582.5,588.99,581.79,584.96,11756364
2023-07-25,588.89,588.89,572.22,577.34,18503305
2023-07-26,579.61,583.73,576.91,582.59,9999125
2023-07-27,583.78,588.37,580.65,583.92,17444742
2023-07-28,583.78,587.09,581.13,583.45,11930586
2023-07-31,584.01,588.13,581.98,587.38,8605483
2023-08-01,587.38,587.99,578.28,579.47,13493453
2023-08-02,577.57,578.19,562.66,566.78,14977497
2023-08-03,567.01,569.05,554.04,559.25,27774877
2023-08-04,563.32,567.01,541.16,542.96,52725616
2023-08-07,546.46,546.46,536.66,537.84,32736325
2023-08-08,540.78,543.86,538.37,542.77,25038671
2023-08-09,544.57,544.57,538.27,543.38,15769111
2023-08-10,543.38,547.03,539.93,543.29,27325801
2023-08-11,544.99,548.36,541.73,543.76,18221179
2023-08-14,542.63,542.67,529.04,531.12,28084093
2023-08-16,529.23,536.42,524.68,535.43,15725767
2023-08-17,535.81,542.82,534.15,541.87,27910162
2023-08-18,539.83,544.81,537.37,542.63,18253227
2023-08-21,542.63,545.09,540.54,541.44,9380810
2023-08-22,542.2,544.05,537.47,538.41,14073413
2023-08-23,540.78,547.36,536.05,546.37,18579297
2023-08-24,547.55,551.2,545.09,546.42,24131644
2023-08-25,543.43,544.85,537.18,539.79,12271885
2023-08-28,542.49,544.38,539.08,542.53,9711932
2023-08-29,543.29,545.8,541.59,544.43,13144855
2023-08-30,546.18,547.13,536.14,537.37,15281416
2023-08-31,539.17,540.12,529.79,531.64,27898476
2023-09-01,532.92,540.97,532.35,539.41,18121168
2023-09-04,541.73,545.85,538.37,545.09,12108655
2023-09-05,545.14,547.65,541.11,542.67,14444729
2023-09-06,543.86,543.86,537.94,540.31,20609936
2023-09-07,537.94,550.25,537.94,548.4,12390597
2023-09-08,550.25,557.35,549.02,552.57,14032068
2023-09-11,555.93,560.95,554.37,560.38,10946134
2023-09-12,562.23,562.8,553.71,557.21,16093060
2023-09-13,557.26,566.35,552.57,564.88,19377172
2023-09-14,566.78,571.75,563.7,565.69,13178911
2023-09-15,567.63,568.91,563.7,567.11,11756389
2023-09-18,567.11,576.2,565.45,571.99,19305055
2023-09-20,569.05,574.69,567.68,569.29,21314600
2023-09-21,568.25,574.5,553.71,557.02,23453425
2023-09-22,562.09,570.14,560.1,566.49,18784139
2023-09-25,569.67,569.67,559.2,562.61,9712784
2023-09-26,562.56,563.51,559.96,562.94,8327427
2023-09-27,562.04,562.85,557.07,558.54,9865347
2023-09-28,559.96,563.7,557.69,558.73,21960816
2023-09-29,561.47,568.25,560.01,566.87,12189735
2023-10-03,565.03,572.89,558.4,571.04,15322196
2023-10-04,568.25,568.67,553.52,555.22,24914612
2023-10-05,558.77,562.89,556.03,560.81,13248028
2023-10-06,561.99,567.25,560.86,562.8,8216780
2023-10-09,556.88,557.83,550.77,554.13,9189597
2023-10-10,555.93,563.51,554.75,560.34,10373508
2023-10-11,565.31,565.4,556.5,557.21,14220119
2023-10-12,559.53,561.62,554.04,555.03,11983797
2023-10-13,547.17,550.54,544.38,545.66,19064577
2023-10-16,545.52,548.12,541.25,545.18,11290293
2023-10-17,547.13,549.26,544.85,545.94,10765224
2023-10-18,547.17,548.59,539.22,542.34,11777454
2023-10-19,539.64,543.62,536.99,540.97,11441499
2023-10-20,539.74,539.83,532.35,533.3,11110988
2023-10-23,533.3,536.05,521.84,523.69,11875035
2023-10-25,529.04,531.12,524.3,526.76,12134624
2023-10-26,522.27,523.64,514.45,518.05,19424825
2023-10-27,520.89,532.73,520.89,531.45,10415296
2023-10-30,533.2,536.71,527.05,535.29,8593704
2023-10-31,536.99,539.36,533.35,535.62,13039696
2023-11-01,536.28,539.5,534.01,536.42,13575575
2023-11-02,540.88,544.99,537.56,541.82,11148516
2023-11-03,545.52,548.83,543.1,547.55,11371371
2023-11-06,551.2,551.67,542.91,543.95,16499138
2023-11-07,544.38,550.44,542.3,549.07,17923281
2023-11-08,551.1,551.77,548.36,549.59,15434808
2023-11-09,550.25,551.06,545.99,547.74,12434363
2023-11-10,547.22,550.25,544.95,548.83,6773038
2023-11-13,550.25,551.67,544.76,550.58,11282362
2023-11-15,556.17,556.88,551.77,553.76,11397676
2023-11-16,553.76,556.88,552.05,553.71,8622660
2023-11-17,544.1,544.1,532.35,533.25,37173221
2023-11-20,534.15,536.8,530.93,533.91,12714585
2023-11-21,536.05,536.66,531.31,531.78,14280013
2023-11-22,533.16,534.62,525.77,529.37,14909071
2023-11-23,532.02,533.68,528.75,530.32,6376210
2023-11-24,532.21,532.68,529.65,530.69,6529851
2023-11-28,533.77,535.29,531.4,534.58,8153314
2023-11-29,537.94,538.89,535.19,538.51,10299034
2023-11-30,539.6,540.02,533.82,534.86,19758998
2023-12-01,536.99,543.81,536.57,541.49,10614230
2023-12-04,556.88,564.46,553.61,563.23,26077882
2023-12-05,563.56,578.95,563.56,576.06,36430152
2023-12-06,581.5,581.5,572.55,576.25,21439069
2023-12-07,577.72,580.13,572.98,579.33,10725706
2023-12-08,577.72,584.16,573.31,581.65,17722136
2023-12-11,582.45,587.09,580.65,581.74,11706255
2023-12-12,584.35,585.25,578.47,579.99,14494836
2023-12-13,581.93,587.66,579.28,587.05,13977914
2023-12-14,592.87,594.53,589.46,590.64,15813797
2023-12-15,594.76,615.6,587.05,613.94,29813572
2023-12-18,612.43,620.95,608.4,614.18,16221796
2023-12-19,614.18,624.69,606.37,620.71,19964008
2023-12-20,623.84,625.45,600.4,602.77,22542056
2023-12-21,598.69,614.61,594.29,609.68,19915516
2023-12-22,610.63,615.03,601.54,603.05,14998068
2023-12-26,605.04,607.36,602.01,604.28,10153089
2023-12-27,606.84,615.08,605.18,614.23,14417646
2023-12-28,615.84,618.72,612.28,616.93,16982092
2023-12-29,611.34,615.22,605.7,608.07,13221898
2024-01-01,608.21,612.66,604.23,607.41,8295548
2024-01-02,607.41,613.71,600.3,605.61,15164482
2024-01-03,605.51,613.71,602.15,609.4,14571772
2024-01-04,608.5,612.19,604.85,608.73,13883388
2024-01-05,610.86,617.26,604.0,607.98,15984585
2024-01-08,606.13,610.86,591.97,593.82,14739531
2024-01-09,598.55,600.78,591.45,592.3,13400235
2024-01-10,591.73,592.21,585.48,588.84,12742464
2024-01-11,592.87,593.96,585.77,587.38,15533860
2024-01-12,590.79,602.81,588.23,600.07,16620797
2024-01-15,605.09,611.34,602.44,606.22,16844018
2024-01-16,606.13,610.77,599.93,603.19,15025543
2024-01-17,590.98,603.1,590.03,592.87,30016308
2024-01-18,592.68,599.93,586.29,595.05,14695436
2024-01-19,599.5,601.87,591.64,594.53,11675202
2024-01-23,593.82,601.3,568.86,573.08,30954343
2024-01-24,577.67,589.41,571.18,585.58,19221835
2024-01-25,585.77,590.79,574.16,580.32,22684904
2024-01-29,586.24,596.18,583.02,589.98,19572140
2024-01-30,592.35,599.97,591.16,593.58,16966577
2024-01-31,593.25,609.16,589.08,606.6,23270745
2024-02-01,608.73,618.39,599.74,613.37,26587707
2024-02-02,617.49,625.59,612.47,615.27,27471811
2024-02-05,612.85,620.15,604.94,608.92,28339525
2024-02-06,610.34,620.33,603.95,615.84,14079390
2024-02-07,620.38,642.07,620.33,639.51,41696232
2024-02-08,644.39,680.85,642.59,662.53,74222434
2024-02-09,666.41,689.8,657.46,686.87,43235061
2024-02-12,687.58,687.58,667.22,670.44,22873137
2024-02-13,671.05,680.0,664.99,675.69,23351472
2024-02-14,668.21,708.89,668.21,704.06,36782182
2024-02-15,708.13,723.57,702.4,721.39,33941282
2024-02-16,723.05,733.61,713.48,714.76,27365121
2024-02-19,718.55,724.51,710.31,719.07,13979584
2024-02-20,718.88,723.09,714.1,719.87,12528399
2024-02-21,720.39,736.35,719.4,730.67,21465311
2024-02-22,732.09,732.09,716.94,725.37,18799244
2024-02-23,725.37,729.72,715.04,718.88,14143636
2024-02-26,715.04,725.79,712.86,718.74,11355186
2024-02-27,718.74,722.0,702.92,710.17,13969393
2024-02-28,710.17,716.7,701.78,703.2,11263318
2024-02-29,704.53,714.0,698.14,708.51,19217113
2024-03-01,712.2,731.14,712.15,728.44,17348526
2024-03-04,733.42,735.88,728.3,731.19,9789141
2024-03-05,728.78,745.3,728.4,742.46,18088847
2024-03-06,742.18,748.47,732.0,742.41,26710525
2024-03-07,748.19,751.41,741.56,746.34,15497868
2024-03-11,748.19,750.84,729.77,732.75,16778340
2024-03-12,729.25,736.59,717.27,719.49,21529705
2024-03-13,718.5,723.28,703.68,707.7,27950252
2024-03-14,710.21,711.06,695.2,701.83,19730882
2024-03-15,700.13,707.04,684.74,693.17,29792241
2024-03-18,688.62,698.85,683.88,692.27,18145126
2024-03-19,691.37,695.49,682.98,685.49,15205043
2024-03-20,686.77,699.84,681.71,697.28,25405455
2024-03-21,702.73,710.88,701.36,704.91,15161161
2024-03-22,704.48,709.17,702.16,707.18,15535921
2024-03-26,703.72,708.27,699.42,700.88,14678342
2024-03-27,703.68,706.38,691.56,694.49,30088789
2024-03-28,698.71,719.35,697.9,712.53,21705116
2024-04-01,718.88,721.2,712.3,718.17,9949971
2024-04-02,718.07,728.06,713.48,725.84,15713063
2024-04-03,724.42,731.71,719.92,730.24,19136981
2024-04-04,733.98,734.27,717.98,719.11,15889530
2024-04-05,717.84,727.07,712.77,724.28,9939620
2024-04-08,725.51,729.25,721.48,727.64,9797174
2024-04-09,727.78,731.57,720.82,723.76,7465892
2024-04-10,725.93,739.38,723.23,737.82,14530669
2024-04-12,736.11,738.25,724.32,725.74,14408722
2024-04-15,719.59,722.9,709.12,717.41,11356572
2024-04-16,711.49,714.95,705.0,711.92,13338991
2024-04-18,712.25,719.73,702.73,705.38,14589648
2024-04-19,695.63,712.2,693.31,710.73,10886554
2024-04-22,714.24,728.3,710.73,725.56,17452186
2024-04-23,729.58,736.54,725.03,732.09,12292429
2024-04-24,737.3,737.3,729.44,732.18,7842615
2024-04-25,729.86,771.3,728.92,769.69,36732974
2024-04-26,772.72,773.67,756.62,758.89,14964358
2024-04-29,764.29,787.26,756.43,782.76,27302732
2024-04-30,782.76,790.67,776.51,782.52,27449073
2024-05-02,783.14,789.77,781.34,786.12,19943724
2024-05-03,790.62,791.95,776.6,787.45,22667634
2024-05-06,790.81,791.76,760.5,765.05,35283557
2024-05-07,769.03,771.54,751.22,759.46,16725013
2024-05-08,760.12,778.5,757.19,767.89,27908322
2024-05-09,768.93,795.21,761.02,776.41,49290254
2024-05-10,783.23,788.01,772.44,774.09,20543142
2024-05-13,776.46,776.46,756.34,766.0,15398505
2024-05-14,769.97,778.88,765.14,774.9,10912462
2024-05-15,777.55,781.62,774.76,776.89,9755062
2024-05-16,781.62,782.43,755.15,768.98,20536990
2024-05-17,771.39,778.92,768.27,774.57,12492509
2024-05-21,777.55,792.04,776.22,786.69,14037801
2024-05-22,795.93,796.03,783.41,788.42,19239277
2024-05-23,794.15,804.55,791.55,801.28,17497488
2024-05-24,799.26,810.09,796.37,797.91,12252075
2024-05-27,801.76,808.31,792.51,802.82,12295193
2024-05-28,804.74,809.56,792.8,800.36,13818893
2024-05-29,797.71,803.54,788.95,792.18,14518232
2024-05-30,790.97,805.03,788.95,795.26,17818705
2024-05-31,799.93,804.07,786.83,799.59,22267336
2024-06-03,831.56,878.22,825.01,872.1,64269020
2024-06-04,863.77,863.77,704.84,746.49,122381193
2024-06-05,761.46,765.55,716.49,760.5,74256082
2024-06-06,770.37,802.48,766.51,786.69,40555649
2024-06-07,789.53,800.7,780.48,799.21,25061284
2024-06-10,803.25,814.13,798.49,800.99,16725508
2024-06-11,805.03,808.5,798.34,804.6,14754408
2024-06-12,806.0,814.23,802.14,808.02,15071442
2024-06-13,813.7,814.57,805.13,812.64,12523972
2024-06-14,813.7,818.42,804.17,808.11,12903496
2024-06-18,810.38,819.96,809.13,813.6,14929083
2024-06-19,815.43,828.72,809.85,821.02,32925140
2024-06-20,821.4,821.5,811.15,812.5,13985352
2024-06-21,813.6,816.64,797.91,805.32,18990090
2024-06-24,800.7,805.03,790.64,801.86,12715254
2024-06-25,806.0,814.52,803.4,811.05,20917530
2024-06-26,808.74,817.36,805.03,814.04,16281760
2024-06-27,812.64,816.01,807.2,812.74,20378887
2024-06-28,815.53,832.0,812.74,817.5,23636388
2024-07-01,817.89,819.0,808.84,810.76,10967797
2024-07-02,812.74,814.95,792.66,795.55,21142840
2024-07-03,798.29,812.59,794.44,808.84,23598009
2024-07-04,811.77,813.6,803.4,808.21,13372587
2024-07-05,806.96,829.35,806.0,827.9,24873722
2024-07-08,827.9,832.96,821.88,824.53,10359800
2024-07-09,828.05,837.73,824.29,829.4,13585081
2024-07-10,828.24,828.38,812.26,817.55,17343236
2024-07-11,822.75,826.51,818.27,824.97,8501366
2024-07-12,824.97,831.03,823.62,827.86,11446064
2024-07-15,827.86,854.48,827.86,848.7,25392820
2024-07-16,849.62,855.2,841.91,848.08,11893692
2024-07-18,848.03,861.75,845.0,860.45,19435183
2024-07-19,861.85,865.7,850.58,856.41,14562742
2024-07-22,848.8,861.85,835.85,844.32,14614111
2024-07-23,850.29,851.74,817.65,831.9,18279212
2024-07-24,832.19,835.85,815.82,820.44,19624845
2024-07-25,816.11,819.24,810.04,817.07,9522375
2024-07-26,813.36,832.24,812.74,830.5,12081506
2024-07-29,833.97,856.17,831.23,839.31,26582781
2024-07-30,842.3,847.93,836.81,840.47,13528447
2024-07-31,841.48,842.54,835.85,840.08,11636874
2024-08-01,845.28,848.75,827.61,830.7,11787203
2024-08-02,824.97,826.51,814.81,816.44,12609331
2024-08-05,799.26,800.56,770.37,781.59,27676951
2024-08-06,792.18,795.93,766.18,768.15,17900930
2024-08-07,779.03,780.67,770.9,778.7,17692355
2024-08-08,781.92,787.51,773.06,778.12,14769069
2024-08-09,785.77,799.21,779.56,793.77,15320885
2024-08-12,790.2,792.51,781.15,782.5,16120449
2024-08-13,783.37,789.63,765.6,768.01,17585172
2024-08-14,771.28,779.18,770.75,773.26,11788665
2024-08-16,773.26,784.71,773.26,782.02,11427335
2024-08-19,784.81,794.83,782.5,783.56,10151482
2024-08-20,787.65,792.51,783.22,789.91,10347493
2024-08-21,789.91,790.59,781.15,785.34,14607257
2024-08-22,788.66,793.38,786.83,789.91,7832917
2024-08-23,791.07,791.55,784.33,785.15,5537747
2024-08-26,787.7,792.95,783.66,784.86,8523795
2024-08-27,787.51,789.1,781.01,785.68,12833290
2024-08-28,784.57,786.93,776.63,779.42,10371300
2024-08-29,779.56,785.77,777.06,784.33,18247268
2024-08-30,786.88,790.3,784.19,785.39,8911426
2024-09-02,787.03,794.83,782.93,791.7,11813750
2024-09-03,791.7,795.36,786.16,794.25,10548350
2024-09-04,785.24,788.33,783.51,786.26,10789570
2024-09-05,788.04,791.7,784.23,788.42,8395074
2024-09-06,781.44,782.79,748.22,753.51,40220096
2024-09-09,755.92,759.0,742.44,755.2,21322103
2024-09-10,758.81,759.58,748.7,753.66,12824701
2024-09-11,751.16,758.81,737.05,740.13,20060665
2024-09-12,746.29,760.64,744.13,758.57,17578964
2024-09-13,761.7,765.55,756.02,761.56,12950936
2024-09-16,761.56,765.55,755.34,756.45,9553736
2024-09-17,756.5,758.33,751.64,753.9,10665630
2024-09-18,754.77,765.31,753.03,763.39,18324412
2024-09-19,765.6,771.67,755.01,760.69,10645478
2024-09-20,765.41,765.41,750.63,752.74,21372244
2024-09-23,756.89,775.18,755.44,772.15,17309545
2024-09-24,769.64,774.46,767.0,768.68,15180653
2024-09-25,768.34,768.44,759.49,763.72,18465571
2024-09-26,766.51,773.26,762.28,772.15,23198842
2024-09-27,772.15,778.07,768.87,772.92,15193681
2024-09-30,772.2,772.87,757.32,758.71,15484573
2024-10-01,758.81,770.7,758.81,767.43,13280535
2024-10-03,760.64,774.22,755.25,764.69,15944135
2024-10-04,762.66,779.85,756.16,767.14,20097454
2024-10-07,770.37,774.22,737.05,742.1,24267990
2024-10-08,743.64,755.34,743.64,752.5,8560960
2024-10-09,757.56,774.56,753.08,767.86,18758697
2024-10-10,769.4,774.65,765.55,767.57,10241015
2024-10-11,767.67,772.97,763.63,770.13,14322720
2024-10-14,772.29,779.27,771.14,775.33,8967564
2024-10-15,775.66,777.59,771.91,774.84,6252104
2024-10-16,773.06,779.03,772.34,775.61,6494240
2024-10-17,779.51,789.14,776.14,781.01,18580553
2024-10-18,781.06,792.13,773.16,790.01,11704698
2024-10-21,794.15,795.84,779.03,783.8,10359618
2024-10-22,783.85,786.59,758.33,761.12,16645356
2024-10-23,760.74,763.24,750.91,756.89,13866198
2024-10-24,756.93,767.48,755.59,765.12,5607500
2024-10-25,768.44,771.09,743.4,752.02,9717125
2024-10-28,754.77,774.17,754.53,762.71,13757251
2024-10-29,766.51,803.93,761.22,801.86,28274791
2024-10-30,797.33,802.14,790.64,791.99,15977682
2024-10-31,789.63,797.33,783.41,789.82,13402324
2024-11-01,791.94,795.02,788.57,790.78,1637141
2024-11-04,792.23,806.48,777.2,799.11,14498161
2024-11-05,799.11,819.86,795.64,817.74,26254561
2024-11-06,817.74,829.49,814.86,823.14,15002433
2024-11-07,829.11,830.46,815.34,827.76,15283847
2024-11-08,827.76,831.51,803.3,811.92,26139105
2024-11-11,814.66,822.37,810.81,816.25,12621337
2024-11-12,820.92,821.79,793.77,796.08,11350729
2024-11-13,792.85,800.94,774.84,778.7,13756706
2024-11-14,778.7,787.7,771.38,774.46,9461484
2024-11-18,780.96,786.45,769.64,784.14,9322451
2024-11-19,788.66,789.91,770.46,773.26,13677029
2024-11-21,768.92,768.92,733.34,751.83,29486577
2024-11-22,756.89,789.58,755.01,785.82,20665405
2024-11-25,796.37,818.13,795.07,813.17,23434605
2024-11-26,812.74,815.34,804.6,808.31,8893744
2024-11-27,807.44,811.29,801.28,803.2,8375108
2024-11-28,803.2,814.47,799.74,807.78,13505677
2024-11-29,809.94,812.78,800.75,807.87,10822949
2024-12-02,807.87,810.81,801.86,805.42,6651119
2024-12-03,806.96,824.87,805.9,822.32,12186182
2024-12-04,822.32,832.0,818.8,827.86,10749716
2024-12-05,828.14,839.17,823.91,833.39,14716036
2024-12-06,833.2,843.02,825.26,831.66,14520568
2024-12-09,827.18,834.74,825.21,826.27,9630346
2024-12-10,829.88,836.76,826.27,835.37,7379849
2024-12-11,835.37,837.63,829.06,829.68,7006973
2024-12-12,829.59,832.28,819.62,822.08,8845103
2024-12-13,821.02,830.94,804.07,829.64,9379370
2024-12-16,827.95,834.31,826.03,829.06,6432713
2024-12-17,826.75,830.65,815.67,819.04,8791216
2024-12-18,819.48,820.44,806.0,807.1,8295338
2024-12-19,794.06,806.96,789.82,801.95,9453398
2024-12-20,803.97,805.03,780.0,781.92,10244198
2024-12-23,787.03,793.48,782.11,790.73,4933200
2024-12-24,793.72,795.6,779.23,781.97,10602771
2024-12-26,782.89,792.37,778.07,782.36,8318714
2024-12-27,786.06,787.99,767.67,770.03,10649800
2024-12-30,772.29,778.02,755.92,759.1,21515438
2024-12-31,757.8,769.6,756.89,765.5,9086044
2025-01-01,766.08,769.07,760.26,763.82,7273098
2025-01-02,765.55,772.68,757.85,771.52,11398319
2025-01-03,771.52,779.51,762.81,764.01,13336514
2025-01-06,767.86,768.06,744.51,747.64,11419367
2025-01-07,750.96,754.81,746.15,749.9,9669152
2025-01-08,751.97,754.91,731.94,742.59,15641490
2025-01-09,742.59,742.78,699.35,732.28,15351029
2025-01-10,732.19,735.12,714.56,715.72,11779296
2025-01-13,714.03,716.39,695.74,702.48,10414733
2025-01-14,705.8,728.96,705.8,720.44,11960975
2025-01-15,725.25,730.79,722.22,725.78,7792299
2025-01-16,732.23,747.93,732.23,737.91,11816079
2025-01-17,737.91,739.5,731.27,735.8,5766573
2025-01-20,740.51,755.92,739.41,750.39,9198929
2025-01-21,755.73,755.83,728.04,730.93,13751780
2025-01-22,733.77,734.74,710.66,725.54,9908339
2025-01-23,722.22,727.66,715.57,718.27,10986405
2025-01-24,722.12,725.78,711.63,716.59,10579213
2025-01-27,712.59,727.37,708.64,721.45,11433353
2025-01-28,728.96,731.61,717.79,724.53,14140860
2025-01-29,725.11,732.62,722.03,730.36,9251973
2025-01-30,730.45,736.66,726.79,734.35,11085824
2025-01-31,736.57,748.75,731.37,744.27,10083763
2025-02-01,746.1,749.9,724.29,737.63,9363077
2025-02-03,734.54,734.54,725.25,732.76,7862190
2025-02-04,738.59,752.31,737.29,750.34,12020807
2025-02-05,751.11,753.03,736.66,737.67,13419162
2025-02-06,740.51,742.3,722.27,724.39,32745391
2025-02-07,731.66,731.75,704.64,709.89,37240692
2025-02-10,712.59,716.34,706.23,709.51,12667049
2025-02-11,710.13,712.73,699.64,704.02,13017060
2025-02-12,705.99,711.34,690.59,705.99,12697743
2025-02-13,707.2,710.18,699.25,700.7,12370571
2025-02-14,703.87,705.75,689.67,695.4,10417539
2025-02-17,692.42,701.76,685.19,700.74,9093600
2025-02-18,700.74,701.27,690.78,698.92,8562003
2025-02-19,695.3,707.63,695.3,700.36,6766606
2025-02-20,698.05,704.4,696.56,702.67,7423268
2025-02-21,700.36,704.6,693.33,695.26,6571602
2025-02-24,684.18,693.09,684.18,689.86,6912148
2025-02-25,692.32,692.32,683.7,684.57,8599635
2025-02-27,689.48,691.12,675.13,677.83,12033139
2025-02-28,674.94,675.37,657.32,663.29,15780609
2025-03-03,664.59,671.57,654.81,669.54,10598479
2025-03-04,667.33,691.84,666.46,689.53,14386214
2025-03-05,690.97,704.21,690.44,703.3,10409805
2025-03-06,708.74,709.46,700.07,704.93,10928847
2025-03-07,704.93,707.63,701.03,705.61,7246729
2025-03-10,705.61,711.14,699.69,701.9,7400109
2025-03-11,698.05,706.86,695.93,702.82,5538789
2025-03-12,703.54,709.7,692.42,696.27,5547762
2025-03-13,699.01,704.36,697.66,700.89,5908337
2025-03-17,701.9,704.16,695.54,696.36,5149563
2025-03-18,696.36,696.36,696.36,696.36,0
2025-03-19,712.2,721.54,711.72,717.5,7604850
2025-03-20,720.29,724.82,716.63,721.79,6963197
2025-03-21,722.17,727.61,719.33,725.3,9577327
2025-03-24,729.92,753.95,727.13,751.88,12095064
2025-03-25,754.86,756.89,740.71,744.22,15190143
2025-03-26,743.4,747.3,733.24,735.7,7711852
2025-03-27,735.51,747.06,732.33,743.69,15648616
2025-03-28,743.5,749.76,738.59,742.92,7628185
2025-04-01,738.4,753.76,734.93,743.11,7011125
2025-04-02,743.69,748.22,735.99,747.21,5458436
2025-04-03,741.48,755.63,741.43,750.34,7956680
2025-04-04,750.24,753.9,736.66,739.02,8231194
2025-04-07,702.96,725.78,702.96,719.23,14923235
2025-04-08,731.85,745.33,730.07,740.13,12911288
2025-04-09,738.59,739.5,713.55,714.71,11319387
2025-04-11,730.89,731.56,718.37,725.93,9360327
2025-04-15,741.48,742.15,729.06,735.22,7859090
2025-04-16,735.22,746.05,732.33,743.16,12536694
2025-04-17,743.4,771.33,738.73,767.91,27034818
2025-04-21,773.26,793.81,771.71,786.45,16398507
2025-04-22,790.73,804.55,783.85,791.94,25117557
2025-04-23,795.4,800.22,780.09,783.32,12104382
2025-04-24,782.64,788.66,781.1,783.27,12713521
2025-04-25,784.81,788.66,757.85,769.07,13131038
2025-04-28,769.07,792.32,767.86,787.07,11317611
2025-04-29,789.63,798.29,779.03,782.45,11283059
2025-04-30,781.44,781.44,755.44,759.44,25635764
2025-05-02,761.07,773.64,759.77,767.19,14720184
2025-05-05,753.03,769.4,753.03,760.74,23986447
2025-05-06,764.54,769.55,742.54,745.43,18869468
2025-05-07,736.95,753.42,736.23,747.35,15586266
2025-05-08,750.14,757.37,735.7,740.51,14491673
2025-05-09,728.48,752.74,727.51,750.39,13578216
2025-05-12,769.4,774.12,763.63,771.96,15096824
2025-05-13,769.02,777.73,767.67,772.05,13909596
2025-05-14,775.9,777.59,766.8,771.04,9281719
2025-05-15,774.65,779.47,765.07,777.83,17058854
2025-05-16,789.76,789.76,776.99,778.08,14733924
2025-05-19,778.08,787.21,778.08,780.92,10666184
2025-05-20,784.02,785.25,769.92,771.74,11324667
2025-05-21,773.07,776.99,765.31,773.16,8206040
2025-05-22,774.05,774.24,766.48,771.35,7355826
2025-05-23,773.95,780.87,772.28,776.5,5534158
2025-05-26,777.98,783.43,775.23,780.33,4965466
2025-05-27,780.33,787.16,776.06,779.65,11995043
2025-05-28,780.43,784.75,778.62,782.45,6873519
2025-05-29,784.85,786.23,777.34,783.23,14034127
2025-05-30,783.87,800.08,778.57,797.92,22037314
2025-06-02,798.46,807.99,794.87,799.24,26891575
2025-06-03,801.75,803.91,790.89,795.46,14247597
2025-06-04,802.53,802.53,790.99,792.22,9607927
2025-06-05,794.38,797.33,788.63,791.73,13595507
2025-06-06,792.37,801.99,788.88,798.65,17163935
2025-06-09,802.93,809.9,801.26,805.53,12793040
2025-06-10,806.46,807.49,800.18,802.58,6560513
2025-06-11,802.53,806.07,798.65,800.62,7197825
2025-06-12,801.55,802.04,787.01,791.68,13448521
2025-06-13,772.33,782.2,772.33,778.32,11377117
2025-06-16,778.47,781.32,772.23,778.47,8085001
2025-06-17,779.94,784.71,776.55,778.27,7753156
2025-06-18,778.47,781.41,774.39,777.88,5710169
2025-06-19,778.32,779.2,767.86,771.2,11824333
2025-06-20,773.56,785.3,772.18,782.05,11367669
2025-06-23,776.01,780.87,774.54,776.21,5549253
2025-06-24,784.85,792.37,779.6,781.32,11402190
2025-06-25,785.34,789.57,782.0,785.88,6528324
2025-06-26,787.8,789.13,777.39,782.94,24704402
2025-06-27,790.75,795.12,788.44,791.14,19375990
2025-06-30,794.68,806.46,792.76,805.82,19652607
2025-07-01,805.48,810.29,798.85,805.78,11456405
2025-07-02,806.46,809.46,794.68,798.51,6661200
2025-07-03,799.1,800.08,791.53,792.81,7020403
2025-07-04,794.43,799.44,789.86,797.48,4319538
2025-07-07,796.84,798.26,790.89,792.56,4461783
2025-07-08,793.6,799.15,791.09,798.26,5935770
2025-07-09,795.66,798.06,794.68,796.59,4099112
2025-07-10,796.94,801.06,792.61,793.69,12178137
2025-07-11,793.25,798.16,790.3,794.33,6202372
2025-07-14,795.46,801.06,793.69,794.53,6938635
2025-07-15,796.64,806.46,796.15,801.99,9297645
2025-07-16,801.55,819.43,800.86,816.97,16458920
2025-07-17,823.56,827.58,811.72,814.32,23073718
2025-07-18,817.27,817.91,805.73,808.77,15387801
2025-07-21,808.43,812.7,803.47,809.61,8852594
2025-07-22,812.85,813.39,799.59,800.57,7851163
2025-07-23,798.11,810.59,797.13,806.12,15470390
2025-07-24,805.48,807.4,796.3,801.26,10118309
2025-07-25,800.57,804.7,791.24,792.27,6734439
2025-07-28,792.27,794.63,781.91,783.04,7734158
2025-07-29,782.1,785.84,779.06,785.05,7833759
2025-07-30,784.8,789.18,782.1,787.46,8743723
2025-07-31,781.02,789.57,778.52,782.45,11359112
2025-08-01,781.61,786.82,777.98,779.94,15468391
2025-08-04,780.43,783.08,772.62,781.61,8820724
2025-08-05,783.87,789.81,782.2,786.42,7381537
2025-08-06,786.77,795.85,784.85,790.89,7409396
2025-08-07,786.92,792.37,779.35,790.89,7091392
2025-08-08,790.75,793.5,776.01,790.06,15708181
2025-08-11,793.69,810.39,793.69,808.87,15236297
2025-08-12,810.34,810.88,805.48,806.07,7986728
2025-08-13,808.08,810.34,806.12,807.3,4447508
2025-08-14,807.45,813.34,804.6,811.92,7087573
2025-08-18,821.2,823.16,810.54,813.0,6138124
2025-08-19,812.85,816.29,811.18,815.7,5076681
2025-08-20,814.03,817.17,812.75,814.27,4493888
2025-08-21,814.27,818.5,809.46,811.08,4402511
2025-08-22,809.41,811.37,801.26,801.8,5097647
2025-08-25,802.98,805.97,799.78,801.99,5672898
2025-08-26,800.42,801.4,792.47,793.55,6997817
2025-08-28,792.96,796.64,786.47,787.75,7898436
2025-08-29,786.52,792.42,784.36,788.29,6861440
2025-09-01,788.88,793.99,788.44,791.78,5619805
2025-09-02,792.02,796.15,788.44,789.67,5075460
2025-09-03,790.06,798.9,788.78,797.77,4261589
2025-09-04,800.23,802.29,793.69,795.07,4471950
2025-09-05,797.13,798.11,789.42,792.32,5194842
2025-09-08,793.69,799.44,792.51,794.48,4614227
2025-09-09,797.62,797.97,791.34,794.53,4567272
2025-09-10,797.62,810.0,796.05,803.71,7285853
2025-09-11,804.6,811.08,804.5,809.07,7425055
2025-09-12,809.51,811.18,805.28,808.97,5078018
2025-09-15,808.97,813.14,806.56,810.15,3852494
2025-09-16,810.49,818.25,807.1,816.83,9467531
2025-09-17,819.53,842.96,816.29,841.97,17243938
2025-09-18,843.45,845.56,836.03,839.22,10400847
2025-09-19,836.91,849.14,834.26,847.08,15206426
2025-09-22,846.74,852.83,838.88,840.11,6594034
2025-09-23,839.47,858.77,836.13,855.19,14357863
2025-09-24,860.49,864.91,849.14,850.86,12840160
2025-09-25,851.21,854.74,844.72,845.9,8678821
2025-09-26,846.74,849.05,837.9,841.78,6959545
2025-09-29,842.86,858.03,840.84,855.33,22641712
2025-09-30,854.55,862.06,852.24,857.0,12831593
2025-10-01,856.86,860.93,847.52,848.8,10832384
2025-10-03,849.83,857.54,848.51,851.94,8019442
2025-10-06,852.63,859.8,847.52,858.57,7820352
2025-10-07,858.67,861.47,847.72,849.39,9242580
2025-10-08,851.45,852.43,842.07,843.05,7156112
2025-10-09,846.34,850.47,842.91,846.84,7020501
2025-10-10,846.84,868.1,846.05,865.06,13713015
2025-10-13,863.44,872.38,860.49,867.32,11923143
2025-10-14,867.37,868.5,856.66,861.42,7681973
2025-10-15,862.55,871.79,861.52,870.41,8269225
2025-10-16,872.57,876.06,866.83,871.25,8493686
2025-10-17,871.79,878.91,867.37,873.41,8511854
2025-10-20,878.76,897.47,875.27,891.43,13546463
2025-10-21,891.92,893.89,890.35,891.78,1783576
2025-10-23,895.85,901.75,888.78,895.41,13382769
2025-10-24,894.82,897.91,885.0,888.48,5313227
2025-10-27,890.89,911.57,889.96,906.41,9150761
2025-10-28,910.68,919.28,901.45,913.78,22066289
2025-10-29,917.36,925.37,913.78,923.11,12314222
2025-10-30,922.82,928.17,916.53,917.81,13044473
2025-10-31,918.35,929.94,913.78,920.41,12078252
2025-11-03,922.13,936.52,920.9,932.88,11744735
2025-11-04,934.16,942.31,924.83,940.64,19154518
2025-11-06,952.48,954.2,938.39,943.74,23088096
2025-11-07,941.77,947.77,927.29,938.93,13371323
2025-11-10,939.07,946.15,932.3,934.31,7343249
2025-11-11,936.72,938.04,928.32,936.42,8648917
2025-11-12,940.74,944.52,934.55,940.2,7043323
2025-11-13,937.35,946.88,935.59,937.11,8894441
2025-11-14,936.08,951.89,935.14,950.71,11032927
2025-11-17,953.81,958.72,951.35,956.12,7415026
2025-11-18,958.33,959.41,951.7,955.23,6594686
2025-11-19,955.23,967.02,951.65,965.35,8291226
2025-11-20,968.54,969.13,962.01,964.17,6440857
2025-11-21,962.35,963.24,953.86,955.38,5377241
2025-11-24,958.28,960.39,950.91,953.41,9901946
2025-11-25,958.28,971.44,954.15,966.18,9140201
2025-11-26,969.13,981.31,964.76,966.48,13943490
2025-11-27,969.23,971.05,951.74,955.62,11909168
2025-11-28,959.5,965.6,955.82,961.67,8117842
2025-12-01,968.0,973.65,952.68,955.87,8808306
2025-12-02,958.72,963.09,947.82,950.17,13444314
2025-12-03,953.27,955.33,930.77,934.21,14051968
2025-12-04,934.21,935.68,927.73,931.31,13622724
2025-12-05,932.05,956.07,929.94,954.3,17347847
2025-12-08,953.66,955.28,934.85,939.47,15386438
2025-12-09,937.89,946.93,933.62,942.36,9580294
2025-12-10,943.1,946.88,938.34,942.76,6989178
2025-12-11,945.07,949.39,941.48,946.19,5979035
2025-12-12,948.9,949.88,941.04,946.1,5681930
2025-12-15,940.3,951.7,940.3,950.12,4416952
2025-12-16,948.95,951.84,941.09,944.13,4764786
2025-12-17,948.45,961.17,947.23,958.57,8013382
2025-12-18,960.59,964.07,956.26,960.24,4926879
2025-12-19,962.6,964.61,959.75,962.94,5376584
2025-12-22,963.73,965.6,955.33,957.05,5959037
2025-12-23,959.01,960.24,953.51,954.69,5123287
2025-12-24,955.97,960.0,950.37,951.79,4105643
2025-12-26,951.79,953.81,947.67,949.19,3286321
2025-12-29,949.78,951.74,944.43,947.96,5267233
2025-12-30,945.95,958.92,942.51,956.21,15030644
2025-12-31,957.98,968.2,956.26,964.81,5807630
2026-01-01,965.79,970.16,962.99,967.31,4328348
2026-01-02,967.07,991.63,966.53,981.26,7357435
2026-01-05,982.29,997.52,982.29,987.75,11259060
2026-01-06,990.1,1005.87,987.16,1000.86,9575742
2026-01-07,1004.59,1004.59,986.22,989.32,7896720
2026-01-08,988.78,993.69,978.22,980.33,6854268
2026-01-09,978.36,990.15,976.4,982.79,7809460
2026-01-12,990.15,999.24,978.36,997.18,7617922
2026-01-13,1004.69,1011.27,998.01,1010.24,11016895
2026-01-14,1011.76,1012.16,1002.43,1010.14,7370514
2026-01-15,1010.14,1010.14,1010.14,1010.14,0
2026-01-16,1013.73,1028.9,1010.19,1023.85,11051580
2026-01-19,1016.67,1025.12,1015.69,1020.01,5460164
2026-01-20,1021.34,1033.37,1014.76,1018.05,8905718
2026-01-21,1013.73,1022.18,1003.9,1010.44,7408949
2026-01-22,1016.67,1036.81,1015.74,1029.79,12001641
2026-01-23,1033.28,1034.36,1007.44,1011.27,10917698
2026-01-27,1015.79,1036.32,1012.01,1034.5,14420630
2026-01-28,1040.64,1046.73,1025.66,1044.67,12171257
2026-01-29,1044.18,1055.97,1041.53,1047.32,14800724
2026-01-30,1045.16,1063.33,1041.62,1058.08,9480769
2026-02-02,1001.84,1013.04,972.47,1010.49,14434549
2026-02-03,1067.75,1070.5,1021.88,1045.36,16129381
2026-02-04,1045.36,1054.89,1037.6,1049.29,7312276
2026-02-05,1049.29,1061.86,1048.6,1054.49,9551567
2026-02-06,1051.05,1054.59,1032.39,1047.52,7041557
2026-02-09,1100.17,1129.64,1081.01,1125.71,40852966
2026-02-10,1130.62,1133.57,1117.95,1123.84,17280036
2026-02-11,1124.43,1166.47,1122.57,1161.96,29491859
2026-02-12,1162.05,1182.39,1154.0,1171.29,33214985
2026-02-13,1167.95,1179.74,1163.53,1177.38,18141390
2026-02-16,1172.86,1190.84,1164.31,1186.71,14972739
2026-02-17,1184.74,1203.8,1182.78,1191.92,20107196
2026-02-18,1197.22,1202.43,1192.5,1197.32,10417264
2026-02-19,1201.25,1203.21,1177.97,1184.35,9630899
2026-02-20,1184.84,1196.43,1180.52,1194.57,9958162
2026-02-23,1200.36,1209.3,1195.55,1206.06,9733835
2026-02-24,1210.19,1212.84,1198.1,1201.64,15788449
2026-02-25,1206.36,1206.36,1176.3,1178.85,19581100
2026-02-26,1179.74,1193.88,1167.85,1188.08,16196052
2026-02-27,1185.63,1190.34,1177.38,1180.42,10700355
2026-03-02,1164.02,1176.1,1158.52,1168.83,16270835
2026-03-04,1151.35,1161.76,1137.1,1153.7,13855065
2026-03-05,1160.09,1162.25,1130.23,1148.79,22100665
2026-03-06,1147.81,1148.6,1117.85,1122.76,20333328
2026-03-09,1095.26,1095.26,1045.46,1079.05,24631198
2026-03-10,1091.43,1100.07,1084.94,1092.51,17491459
2026-03-11,1093.69,1096.14,1068.74,1071.78,8364878
2026-03-12,1056.06,1078.56,1051.55,1065.99,14614140
2026-03-13,1058.42,1062.15,1023.85,1028.46,15978675
2026-03-16,1030.13,1054.0,1017.75,1047.81,15322269
2026-03-17,1054.89,1054.89,1028.46,1045.85,16427877
2026-03-18,1048.6,1056.36,1042.51,1050.86,10749915
2026-03-19,1030.92,1040.94,1022.57,1030.33,13431191
2026-03-20,1039.66,1065.79,1035.34,1039.27,17748625
2026-03-23,1020.6,1027.09,996.24,1013.63,16039603
2026-03-24,1036.52,1040.25,1001.94,1012.55,30416734
2026-03-25,1024.53,1046.63,1024.53,1041.82,16205333
2026-03-27,1032.69,1036.61,995.06,1001.45,20445349
2026-03-30,987.21,991.53,958.52,962.06,21438137
2026-04-01,990.15,1012.75,980.77,999.78,17424479
2026-04-02,982.29,1007.83,960.59,1000.37,20777629
2026-04-06,1001.94,1017.36,987.25,1014.46,23576634
2026-04-07,1006.85,1015.4,994.08,1012.16,15021291
2026-04-08,1054.98,1058.72,1040.69,1042.66,28533742
2026-04-09,1041.33,1045.5,1019.92,1022.52,24772948
2026-04-10,1030.43,1050.51,1027.63,1047.81,17861336
2026-04-13,1023.55,1048.35,1011.76,1044.72,17763348
2026-04-15,1056.95,1068.74,1049.29,1052.53,16195810
2026-04-16,1058.91,1064.95,1043.2,1048.26,20313165
2026-04-17,1048.11,1062.99,1041.23,1061.12,16823879
2026-04-20,1061.17,1101.1,1056.8,1088.23,31179584
2026-04-21,1093.69,1095.01,1086.37,1092.16,16963734
2026-04-22,1090.35,1098.06,1080.62,1083.77,12412659
2026-04-23,1075.61,1082.39,1063.04,1074.88,13669001
2026-04-24,1072.03,1086.42,1070.75,1081.6,13774745
2026-04-27,1091.28,1095.06,1083.86,1092.16,11624385
2026-04-28,1082.78,1090.84,1069.87,1071.98,10727835
2026-04-29,1074.63,1085.44,1065.05,1067.66,10611104
2026-04-30,1055.97,1058.62,1044.18,1049.53,14269539
2026-05-01,1049.53,1049.53,1049.53,1049.53,0
2026-05-04,1044.77,1069.82,1044.77,1049.48,11693211
2026-05-05,1041.82,1049.58,1030.82,1041.13,12194631
2026-05-06,1053.02,1081.6,1042.41,1076.59,14384779
2026-05-07,1086.42,1088.38,1066.87,1072.67,16105163
2026-05-08,1070.7,1075.61,993.0,1001.25,48065909
2026-05-11,989.17,989.17,953.91,956.36,46927396
2026-05-12,959.6,964.02,945.36,957.34,25787092
2026-05-13,960.68,963.83,944.18,952.92,17584580
2026-05-14,956.26,969.52,946.54,962.55,16487142
2026-05-15,971.2,972.5,957.0,963.2,26972493
2026-05-18,952.0,954.9,933.9,939.4,16554877
2026-05-19,942.0,956.6,939.5,948.8,17280869
2026-05-20,941.1,955.0,935.0,950.9,11928460
2026-05-21,957.0,960.9,946.5,950.9,11756520
2026-05-22,950.9,958.6,947.7,949.2,7807192
2026-05-25,959.9,972.5,957.5,969.6,10934747
2026-05-26,969.9,978.8,962.1,968.5,16269800
2026-05-27,969.8,975.9,966.6,967.8,8111259
2026-05-28,967.8,967.8,967.8,967.8,0
2026-05-29,967.8,973.7,960.3,964.4,22292535
2026-06-01,966.25,970.25,950.1,954.1,11118975
2026-06-02,950.95,961.3,939.9,956.65,15911760
2026-06-03,953.75,974.0,937.2,970.45,27947005
2026-06-04,969.9,985.8,961.1,979.25,18875883
2026-06-05,980.0,992.6,970.6,977.7,20955539
2026-06-08,966.0,988.65,965.15,981.95,12895416
2026-06-09,985.0,1009.0,983.0,1002.7,22142480
2026-06-10,1002.7,1012.4,999.5,1003.25,19122317
2026-06-11,998.1,1009.4,993.0,1000.7,13773978
2026-06-12,1018.0,1018.7,1004.35,1017.15,11081119
2026-06-15,1034.0,1034.0,1018.5,1020.85,12463437
2026-06-16,1023.8,1026.55,1007.4,1015.3,9693677
2026-06-17,1017.0,1028.1,1013.45,1026.5,8190062
2026-06-18,1027.9,1045.7,1024.45,1042.7,11048009
2026-06-19,1042.0,1042.0,1029.3,1035.1,9099878
2026-06-22,1038.0,1043.0,1033.6,1040.75,6209440
2026-06-23,1041.0,1045.5,1022.35,1024.2,10411004
2026-06-24,1024.0,1044.5,1020.5,1034.6,11724076
2026-06-25,1040.0,1055.4,1038.55,1045.4,16002360
2026-06-26,1045.4,1045.4,1045.4,1045.4,0
2026-06-29,1044.45,1046.4,1030.85,1036.1,16818246
2026-06-30,1040.0,1044.0,1025.05,1026.9,11161643
2026-07-01,1031.0,1049.9,1025.5,1047.4,6295315
2026-07-02,1050.9,1059.8,1045.0,1051.6,14682790
2026-07-03,1055.0,1057.0,1034.5,1040.0,10441493
2026-07-06,1041.9,1048.4,1036.5,1037.7,8761017
2026-07-07,1039.3,1049.6,1035.5,1038.1,11053574
2026-07-08,1029.6,1038.3,1011.7,1016.9,14141694
2026-07-09,1019.8,1031.7,1019.3,1022.1,7661699
2026-07-10,1029.5,1047.8,1023.5,1036.0,8792150
2026-07-13,1023.5,1042.9,1022.1,1037.0,8381510
2026-07-14,1033.3,1033.7,1011.4,1015.4,11562326
2026-07-15,1015.5,1036.0,1013.7,1030.1,14275394
2026-07-16,1030.1,1036.0,1027.3,1031.2,7708316
2026-07-17,1030.6,1048.0,1028.3,1044.3,8452780
2026-07-20,1041.6,1065.0,1038.3,1060.0,16540411
2026-07-21,1056.2,1067.0,1042.8,1044.4,10514887
2026-07-22,1044.4,1044.4,1019.2,1025.0,11227214
2026-07-23,1022.0,1023.1,1006.5,1012.6,8910230
2026-07-24,1006.0,1017.8,1000.8,1015.0,13797053
2026-07-27,1020.3,1023.7,1015.9,1020.6,6093002
2026-07-28,1018.0,1022.0,1008.3,1013.2,9873370
2026-07-29,1020.0,1020.2,1012.0,1013.7,4792964
2026-07-30,1013.5,1028.3,1007.6,1025.3,6847458
2026-07-31,1028.1,1034.3,1023.5,1027.4,10921417
2026-08-03,1035.0,1051.5,1031.6,1045.0,10507450
2026-08-04,1047.6,1047.6,1030.9,1042.7,8544184
2026-08-05,1043.0,1055.0,1040.3,1055.0,8707119
2026-08-06,1052.5,1088.1,1052.5,1085.0,13822265
2026-08-07,1080.1,1124.5,1075.7,1097.2,29410622
2026-08-10,1108.0,1113.3,1068.6,1071.0,16623448
2026-08-11,1071.0,1071.0,1060.4,1066.0,9456913
2026-08-12,1066.0,1085.5,1066.0,1082.0,17673922
2026-08-13,1083.0,1086.8,1073.0,1083.0,9502483
2026-08-14,1082.0,1082.0,1065.1,1067.7,6273501
2026-08-17,1064.2,1068.8,1052.4,1061.2,7039473
2026-08-18,1059.6,1067.7,1053.0,1053.0,5583771
2026-08-19,1053.2,1054.8,1041.4,1048.6,7182636
2026-08-20,1052.9,1052.9,1045.7,1048.0,5879949
2026-08-21,1052.7,1054.7,1040.1,1048.7,6534213
2026-08-24,1047.9,1047.9,1032.1,1039.5,8868193
2026-08-25,1036.0,1048.0,1031.3,1048.0,9982723
2026-08-26,1051.4,1062.3,1051.2,1052.0,5858099
2026-08-27,1052.0,1054.4,1042.9,1042.9,4788716
2026-08-28,1046.0,1051.2,1040.5,1047.5,4969272
2026-08-31,1041.2,1060.0,1034.5,1060.0,5138732
2026-09-01,1051.3,1051.3,1027.1,1034.5,7605132
2026-09-02,1026.0,1035.3,1017.3,1020.9,13843678
2026-09-03,1028.9,1036.0,1021.1,1023.4,7371804
2026-09-04,1026.0,1029.2,1016.1,1016.1,6724566
2026-09-07,1020.8,1021.7,1000.6,1005.9,10220001
2026-09-08,1004.9,1011.2,1002.1,1008.0,7084768
2026-09-09,999.0,1012.2,992.4,1000.5,7091386
2026-09-10,1002.0,1011.9,1001.0,1009.7,5504031
2026-09-11,1000.0,1001.9,993.0,995.7,7771109
2026-09-15,994.0,999.8,968.0,968.0,10004115
2026-09-16,976.0,991.4,973.2,991.4,8609956
2026-09-17,991.2,1000.9,985.2,988.7,8624398
2026-09-18,992.0,996.2,985.1,996.2,5699456
2026-09-21,993.6,997.5,989.1,996.0,3590054
2026-09-22,999.1,1000.1,981.3,987.0,6126235
2026-09-23,987.0,996.4,986.4,994.1,4522248
2026-09-24,982.3,992.0,975.8,978.5,13724672
2026-09-25,980.8,985.7,977.0,983.0,3759097
2026-09-28,980.1,982.5,956.1,962.0,9846646
2026-09-29,960.9,968.1,953.0,964.7,26781498
2026-09-30,964.7,972.8,959.5,959.5,8010571
2026-10-01,953.1,965.4,945.8,954.1,7390452
2026-10-05,959.0,969.45,956.0,958.0,8165087
2026-10-06,962.1,963.65,949.85,958.75,8204620
2026-10-07,955.0,966.0,945.6,954.0,12523009
2026-10-08,953.9,953.9,937.5,940.0,7600646
2026-10-09,942.0,959.9,938.1,959.1,6048888
